trip_id,arrival_time,departure_time,stop_id,stop_name,stop_sequence
2400716,07:00:00,07:00:10,stop_point:SP_631,Jeanne d'Arc,1
2400716,07:01:00,07:01:10,stop_point:SP_2833,Concorde,2
2400716,07:02:00,07:02:10,stop_point:SP_127,A. Bernard,3
2400716,07:03:00,07:03:10,stop_point:SP_1313,Compans-Caffarelli,4
2400716,07:04:00,07:04:10,stop_point:SP_2805,Leclerc,5
2400716,07:05:00,07:05:10,stop_point:SP_3157,Héraclès,6
2400716,07:06:00,07:06:10,stop_point:SP_1289,Amidonniers,7
2400716,07:07:00,07:07:10,stop_point:SP_1907,Les Abattoirs,8
2400716,07:08:00,07:08:10,stop_point:SP_1010,St Cyprien - République,9
2400716,07:09:00,07:09:10,stop_point:SP_3339,Roguet,10
2400716,07:10:00,07:10:10,stop_point:SP_1736,Patte d'Oie,11
2400716,07:10:00,07:10:10,stop_point:SP_3876,Barrière de Bayonne,12
2400716,07:11:00,07:11:10,stop_point:SP_1339,Turenne,13
2400716,07:12:00,07:12:10,stop_point:SP_325,Zénith,14
2400716,07:13:00,07:13:10,stop_point:SP_3548,Cartoucherie,15
2400716,07:15:00,07:15:10,stop_point:SP_2242,Chardonnet,16
2400716,07:15:00,07:15:10,stop_point:SP_3732,Hôpital Purpan,17
2400716,07:16:00,07:16:10,stop_point:SP_322,Pelletier Purpan,18
2400717,07:35:00,07:35:10,stop_point:SP_631,Jeanne d'Arc,1
2400717,07:36:00,07:36:10,stop_point:SP_2833,Concorde,2
2400717,07:37:00,07:37:10,stop_point:SP_127,A. Bernard,3
2400717,07:38:00,07:38:10,stop_point:SP_1313,Compans-Caffarelli,4
2400717,07:39:00,07:39:10,stop_point:SP_2805,Leclerc,5
2400717,07:40:00,07:40:10,stop_point:SP_3157,Héraclès,6
2400717,07:41:00,07:41:10,stop_point:SP_1289,Amidonniers,7
2400717,07:42:00,07:42:10,stop_point:SP_1907,Les Abattoirs,8
2400717,07:43:00,07:43:10,stop_point:SP_1010,St Cyprien - République,9
2400717,07:44:00,07:44:10,stop_point:SP_3339,Roguet,10
2400717,07:45:00,07:45:10,stop_point:SP_1736,Patte d'Oie,11
2400717,07:46:00,07:46:10,stop_point:SP_3876,Barrière de Bayonne,12
2400717,07:47:00,07:47:10,stop_point:SP_1339,Turenne,13
2400717,07:48:00,07:48:10,stop_point:SP_325,Zénith,14
2400717,07:49:00,07:49:10,stop_point:SP_3548,Cartoucherie,15
2400717,07:51:00,07:51:10,stop_point:SP_2242,Chardonnet,16
2400717,07:51:00,07:51:10,stop_point:SP_3732,Hôpital Purpan,17
2400717,07:52:00,07:52:10,stop_point:SP_322,Pelletier Purpan,18
2400718,08:10:00,08:10:10,stop_point:SP_631,Jeanne d'Arc,1
2400718,08:11:00,08:11:10,stop_point:SP_2833,Concorde,2
2400718,08:12:00,08:12:10,stop_point:SP_127,A. Bernard,3
2400718,08:13:00,08:13:10,stop_point:SP_1313,Compans-Caffarelli,4
2400718,08:14:00,08:14:10,stop_point:SP_2805,Leclerc,5
2400718,08:15:00,08:15:10,stop_point:SP_3157,Héraclès,6
2400718,08:16:00,08:16:10,stop_point:SP_1289,Amidonniers,7
2400718,08:17:00,08:17:10,stop_point:SP_1907,Les Abattoirs,8
2400718,08:18:00,08:18:10,stop_point:SP_1010,St Cyprien - République,9
2400718,08:19:00,08:19:10,stop_point:SP_3339,Roguet,10
2400718,08:20:00,08:20:10,stop_point:SP_1736,Patte d'Oie,11
2400718,08:21:00,08:21:10,stop_point:SP_3876,Barrière de Bayonne,12
2400718,08:23:00,08:23:10,stop_point:SP_1339,Turenne,13
2400718,08:24:00,08:24:10,stop_point:SP_325,Zénith,14
2400718,08:25:00,08:25:10,stop_point:SP_3548,Cartoucherie,15
2400718,08:27:00,08:27:10,stop_point:SP_2242,Chardonnet,16
2400718,08:27:00,08:27:10,stop_point:SP_3732,Hôpital Purpan,17
2400718,08:28:00,08:28:10,stop_point:SP_322,Pelletier Purpan,18
2400719,08:45:00,08:45:10,stop_point:SP_631,Jeanne d'Arc,1
2400719,08:46:00,08:46:10,stop_point:SP_2833,Concorde,2
2400719,08:47:00,08:47:10,stop_point:SP_127,A. Bernard,3
2400719,08:48:00,08:48:10,stop_point:SP_1313,Compans-Caffarelli,4
2400719,08:50:00,08:50:10,stop_point:SP_2805,Leclerc,5
2400719,08:51:00,08:51:10,stop_point:SP_3157,Héraclès,6
2400719,08:52:00,08:52:10,stop_point:SP_1289,Amidonniers,7
2400719,08:53:00,08:53:10,stop_point:SP_1907,Les Abattoirs,8
2400719,08:54:00,08:54:10,stop_point:SP_1010,St Cyprien - République,9
2400719,08:55:00,08:55:10,stop_point:SP_3339,Roguet,10
2400719,08:56:00,08:56:10,stop_point:SP_1736,Patte d'Oie,11
2400719,08:57:00,08:57:10,stop_point:SP_3876,Barrière de Bayonne,12
2400719,08:58:00,08:58:10,stop_point:SP_1339,Turenne,13
2400719,08:59:00,08:59:10,stop_point:SP_325,Zénith,14
2400719,09:00:00,09:00:10,stop_point:SP_3548,Cartoucherie,15
2400719,09:02:00,09:02:10,stop_point:SP_2242,Chardonnet,16
2400719,09:02:00,09:02:10,stop_point:SP_3732,Hôpital Purpan,17
2400719,09:03:00,09:03:10,stop_point:SP_322,Pelletier Purpan,18
2400720,09:20:00,09:20:10,stop_point:SP_631,Jeanne d'Arc,1
2400720,09:21:00,09:21:10,stop_point:SP_2833,Concorde,2
2400720,09:22:00,09:22:10,stop_point:SP_127,A. Bernard,3
2400720,09:23:00,09:23:10,stop_point:SP_1313,Compans-Caffarelli,4
2400720,09:25:00,09:25:10,stop_point:SP_2805,Leclerc,5
2400720,09:26:00,09:26:10,stop_point:SP_3157,Héraclès,6
2400720,09:27:00,09:27:10,stop_point:SP_1289,Amidonniers,7
2400720,09:29:00,09:29:10,stop_point:SP_1907,Les Abattoirs,8
2400720,09:30:00,09:30:10,stop_point:SP_1010,St Cyprien - République,9
2400720,09:31:00,09:31:10,stop_point:SP_3339,Roguet,10
2400720,09:32:00,09:32:10,stop_point:SP_1736,Patte d'Oie,11
2400720,09:33:00,09:33:10,stop_point:SP_3876,Barrière de Bayonne,12
2400720,09:34:00,09:34:10,stop_point:SP_1339,Turenne,13
2400720,09:35:00,09:35:10,stop_point:SP_325,Zénith,14
2400720,09:36:00,09:36:10,stop_point:SP_3548,Cartoucherie,15
2400720,09:38:00,09:38:10,stop_point:SP_2242,Chardonnet,16
2400720,09:39:00,09:39:10,stop_point:SP_3732,Hôpital Purpan,17
2400720,09:40:00,09:40:10,stop_point:SP_322,Pelletier Purpan,18
2400721,09:55:00,09:55:10,stop_point:SP_631,Jeanne d'Arc,1
2400721,09:56:00,09:56:10,stop_point:SP_2833,Concorde,2
2400721,09:57:00,09:57:10,stop_point:SP_127,A. Bernard,3
2400721,09:58:00,09:58:10,stop_point:SP_1313,Compans-Caffarelli,4
2400721,10:00:00,10:00:10,stop_point:SP_2805,Leclerc,5
2400721,10:01:00,10:01:10,stop_point:SP_3157,Héraclès,6
2400721,10:02:00,10:02:10,stop_point:SP_1289,Amidonniers,7
2400721,10:04:00,10:04:10,stop_point:SP_1907,Les Abattoirs,8
2400721,10:05:00,10:05:10,stop_point:SP_1010,St Cyprien - République,9
2400721,10:06:00,10:06:10,stop_point:SP_3339,Roguet,10
2400721,10:07:00,10:07:10,stop_point:SP_1736,Patte d'Oie,11
2400721,10:08:00,10:08:10,stop_point:SP_3876,Barrière de Bayonne,12
2400721,10:10:00,10:10:10,stop_point:SP_1339,Turenne,13
2400721,10:11:00,10:11:10,stop_point:SP_325,Zénith,14
2400721,10:12:00,10:12:10,stop_point:SP_3548,Cartoucherie,15
2400721,10:14:00,10:14:10,stop_point:SP_2242,Chardonnet,16
2400721,10:15:00,10:15:10,stop_point:SP_3732,Hôpital Purpan,17
2400721,10:16:00,10:16:10,stop_point:SP_322,Pelletier Purpan,18
2400722,10:30:00,10:30:10,stop_point:SP_631,Jeanne d'Arc,1
2400722,10:31:00,10:31:10,stop_point:SP_2833,Concorde,2
2400722,10:32:00,10:32:10,stop_point:SP_127,A. Bernard,3
2400722,10:33:00,10:33:10,stop_point:SP_1313,Compans-Caffarelli,4
2400722,10:35:00,10:35:10,stop_point:SP_2805,Leclerc,5
2400722,10:36:00,10:36:10,stop_point:SP_3157,Héraclès,6
2400722,10:37:00,10:37:10,stop_point:SP_1289,Amidonniers,7
2400722,10:39:00,10:39:10,stop_point:SP_1907,Les Abattoirs,8
2400722,10:40:00,10:40:10,stop_point:SP_1010,St Cyprien - République,9
2400722,10:41:00,10:41:10,stop_point:SP_3339,Roguet,10
2400722,10:42:00,10:42:10,stop_point:SP_1736,Patte d'Oie,11
2400722,10:43:00,10:43:10,stop_point:SP_3876,Barrière de Bayonne,12
2400722,10:45:00,10:45:10,stop_point:SP_1339,Turenne,13
2400722,10:47:00,10:47:10,stop_point:SP_325,Zénith,14
2400722,10:48:00,10:48:10,stop_point:SP_3548,Cartoucherie,15
2400722,10:50:00,10:50:10,stop_point:SP_2242,Chardonnet,16
2400722,10:51:00,10:51:10,stop_point:SP_3732,Hôpital Purpan,17
2400722,10:52:00,10:52:10,stop_point:SP_322,Pelletier Purpan,18
2400723,11:05:00,11:05:10,stop_point:SP_631,Jeanne d'Arc,1
2400723,11:07:00,11:07:10,stop_point:SP_2833,Concorde,2
2400723,11:08:00,11:08:10,stop_point:SP_127,A. Bernard,3
2400723,11:09:00,11:09:10,stop_point:SP_1313,Compans-Caffarelli,4
2400723,11:11:00,11:11:10,stop_point:SP_2805,Leclerc,5
2400723,11:12:00,11:12:10,stop_point:SP_3157,Héraclès,6
2400723,11:13:00,11:13:10,stop_point:SP_1289,Amidonniers,7
2400723,11:15:00,11:15:10,stop_point:SP_1907,Les Abattoirs,8
2400723,11:16:00,11:16:10,stop_point:SP_1010,St Cyprien - République,9
2400723,11:17:00,11:17:10,stop_point:SP_3339,Roguet,10
2400723,11:18:00,11:18:10,stop_point:SP_1736,Patte d'Oie,11
2400723,11:19:00,11:19:10,stop_point:SP_3876,Barrière de Bayonne,12
2400723,11:21:00,11:21:10,stop_point:SP_1339,Turenne,13
2400723,11:23:00,11:23:10,stop_point:SP_325,Zénith,14
2400723,11:24:00,11:24:10,stop_point:SP_3548,Cartoucherie,15
2400723,11:26:00,11:26:10,stop_point:SP_2242,Chardonnet,16
2400723,11:26:00,11:26:10,stop_point:SP_3732,Hôpital Purpan,17
2400723,11:27:00,11:27:10,stop_point:SP_322,Pelletier Purpan,18
2400724,11:40:00,11:40:10,stop_point:SP_631,Jeanne d'Arc,1
2400724,11:42:00,11:42:10,stop_point:SP_2833,Concorde,2
2400724,11:43:00,11:43:10,stop_point:SP_127,A. Bernard,3
2400724,11:44:00,11:44:10,stop_point:SP_1313,Compans-Caffarelli,4
2400724,11:46:00,11:46:10,stop_point:SP_2805,Leclerc,5
2400724,11:47:00,11:47:10,stop_point:SP_3157,Héraclès,6
2400724,11:48:00,11:48:10,stop_point:SP_1289,Amidonniers,7
2400724,11:50:00,11:50:10,stop_point:SP_1907,Les Abattoirs,8
2400724,11:51:00,11:51:10,stop_point:SP_1010,St Cyprien - République,9
2400724,11:53:00,11:53:10,stop_point:SP_3339,Roguet,10
2400724,11:54:00,11:54:10,stop_point:SP_1736,Patte d'Oie,11
2400724,11:55:00,11:55:10,stop_point:SP_3876,Barrière de Bayonne,12
2400724,11:57:00,11:57:10,stop_point:SP_1339,Turenne,13
2400724,11:59:00,11:59:10,stop_point:SP_325,Zénith,14
2400724,12:00:00,12:00:10,stop_point:SP_3548,Cartoucherie,15
2400724,12:02:00,12:02:10,stop_point:SP_2242,Chardonnet,16
2400724,12:03:00,12:03:10,stop_point:SP_3732,Hôpital Purpan,17
2400724,12:04:00,12:04:10,stop_point:SP_322,Pelletier Purpan,18
2400725,12:15:00,12:15:10,stop_point:SP_631,Jeanne d'Arc,1
2400725,12:17:00,12:17:10,stop_point:SP_2833,Concorde,2
2400725,12:18:00,12:18:10,stop_point:SP_127,A. Bernard,3
2400725,12:19:00,12:19:10,stop_point:SP_1313,Compans-Caffarelli,4
2400725,12:21:00,12:21:10,stop_point:SP_2805,Leclerc,5
2400725,12:22:00,12:22:10,stop_point:SP_3157,Héraclès,6
2400725,12:23:00,12:23:10,stop_point:SP_1289,Amidonniers,7
2400725,12:25:00,12:25:10,stop_point:SP_1907,Les Abattoirs,8
2400725,12:26:00,12:26:10,stop_point:SP_1010,St Cyprien - République,9
2400725,12:28:00,12:28:10,stop_point:SP_3339,Roguet,10
2400725,12:29:00,12:29:10,stop_point:SP_1736,Patte d'Oie,11
2400725,12:30:00,12:30:10,stop_point:SP_3876,Barrière de Bayonne,12
2400725,12:32:00,12:32:10,stop_point:SP_1339,Turenne,13
2400725,12:34:00,12:34:10,stop_point:SP_325,Zénith,14
2400725,12:35:00,12:35:10,stop_point:SP_3548,Cartoucherie,15
2400725,12:37:00,12:37:10,stop_point:SP_2242,Chardonnet,16
2400725,12:38:00,12:38:10,stop_point:SP_3732,Hôpital Purpan,17
2400725,12:39:00,12:39:10,stop_point:SP_322,Pelletier Purpan,18
2400726,12:50:00,12:50:10,stop_point:SP_631,Jeanne d'Arc,1
2400726,12:52:00,12:52:10,stop_point:SP_2833,Concorde,2
2400726,12:53:00,12:53:10,stop_point:SP_127,A. Bernard,3
2400726,12:54:00,12:54:10,stop_point:SP_1313,Compans-Caffarelli,4
2400726,12:56:00,12:56:10,stop_point:SP_2805,Leclerc,5
2400726,12:57:00,12:57:10,stop_point:SP_3157,Héraclès,6
2400726,12:58:00,12:58:10,stop_point:SP_1289,Amidonniers,7
2400726,13:00:00,13:00:10,stop_point:SP_1907,Les Abattoirs,8
2400726,13:01:00,13:01:10,stop_point:SP_1010,St Cyprien - République,9
2400726,13:02:00,13:02:10,stop_point:SP_3339,Roguet,10
2400726,13:03:00,13:03:10,stop_point:SP_1736,Patte d'Oie,11
2400726,13:04:00,13:04:10,stop_point:SP_3876,Barrière de Bayonne,12
2400726,13:06:00,13:06:10,stop_point:SP_1339,Turenne,13
2400726,13:07:00,13:07:10,stop_point:SP_325,Zénith,14
2400726,13:08:00,13:08:10,stop_point:SP_3548,Cartoucherie,15
2400726,13:11:00,13:11:10,stop_point:SP_2242,Chardonnet,16
2400726,13:12:00,13:12:10,stop_point:SP_3732,Hôpital Purpan,17
2400726,13:13:00,13:13:10,stop_point:SP_322,Pelletier Purpan,18
2400727,13:25:00,13:25:10,stop_point:SP_631,Jeanne d'Arc,1
2400727,13:27:00,13:27:10,stop_point:SP_2833,Concorde,2
2400727,13:28:00,13:28:10,stop_point:SP_127,A. Bernard,3
2400727,13:29:00,13:29:10,stop_point:SP_1313,Compans-Caffarelli,4
2400727,13:31:00,13:31:10,stop_point:SP_2805,Leclerc,5
2400727,13:32:00,13:32:10,stop_point:SP_3157,Héraclès,6
2400727,13:33:00,13:33:10,stop_point:SP_1289,Amidonniers,7
2400727,13:35:00,13:35:10,stop_point:SP_1907,Les Abattoirs,8
2400727,13:36:00,13:36:10,stop_point:SP_1010,St Cyprien - République,9
2400727,13:37:00,13:37:10,stop_point:SP_3339,Roguet,10
2400727,13:38:00,13:38:10,stop_point:SP_1736,Patte d'Oie,11
2400727,13:39:00,13:39:10,stop_point:SP_3876,Barrière de Bayonne,12
2400727,13:41:00,13:41:10,stop_point:SP_1339,Turenne,13
2400727,13:42:00,13:42:10,stop_point:SP_325,Zénith,14
2400727,13:43:00,13:43:10,stop_point:SP_3548,Cartoucherie,15
2400727,13:45:00,13:45:10,stop_point:SP_2242,Chardonnet,16
2400727,13:46:00,13:46:10,stop_point:SP_3732,Hôpital Purpan,17
2400727,13:47:00,13:47:10,stop_point:SP_322,Pelletier Purpan,18
2400728,14:00:00,14:00:10,stop_point:SP_631,Jeanne d'Arc,1
2400728,14:02:00,14:02:10,stop_point:SP_2833,Concorde,2
2400728,14:03:00,14:03:10,stop_point:SP_127,A. Bernard,3
2400728,14:04:00,14:04:10,stop_point:SP_1313,Compans-Caffarelli,4
2400728,14:06:00,14:06:10,stop_point:SP_2805,Leclerc,5
2400728,14:07:00,14:07:10,stop_point:SP_3157,Héraclès,6
2400728,14:08:00,14:08:10,stop_point:SP_1289,Amidonniers,7
2400728,14:10:00,14:10:10,stop_point:SP_1907,Les Abattoirs,8
2400728,14:11:00,14:11:10,stop_point:SP_1010,St Cyprien - République,9
2400728,14:12:00,14:12:10,stop_point:SP_3339,Roguet,10
2400728,14:13:00,14:13:10,stop_point:SP_1736,Patte d'Oie,11
2400728,14:14:00,14:14:10,stop_point:SP_3876,Barrière de Bayonne,12
2400728,14:16:00,14:16:10,stop_point:SP_1339,Turenne,13
2400728,14:18:00,14:18:10,stop_point:SP_325,Zénith,14
2400728,14:19:00,14:19:10,stop_point:SP_3548,Cartoucherie,15
2400728,14:21:00,14:21:10,stop_point:SP_2242,Chardonnet,16
2400728,14:22:00,14:22:10,stop_point:SP_3732,Hôpital Purpan,17
2400728,14:23:00,14:23:10,stop_point:SP_322,Pelletier Purpan,18
2400729,14:35:00,14:35:10,stop_point:SP_631,Jeanne d'Arc,1
2400729,14:37:00,14:37:10,stop_point:SP_2833,Concorde,2
2400729,14:38:00,14:38:10,stop_point:SP_127,A. Bernard,3
2400729,14:39:00,14:39:10,stop_point:SP_1313,Compans-Caffarelli,4
2400729,14:41:00,14:41:10,stop_point:SP_2805,Leclerc,5
2400729,14:42:00,14:42:10,stop_point:SP_3157,Héraclès,6
2400729,14:43:00,14:43:10,stop_point:SP_1289,Amidonniers,7
2400729,14:45:00,14:45:10,stop_point:SP_1907,Les Abattoirs,8
2400729,14:46:00,14:46:10,stop_point:SP_1010,St Cyprien - République,9
2400729,14:47:00,14:47:10,stop_point:SP_3339,Roguet,10
2400729,14:48:00,14:48:10,stop_point:SP_1736,Patte d'Oie,11
2400729,14:49:00,14:49:10,stop_point:SP_3876,Barrière de Bayonne,12
2400729,14:51:00,14:51:10,stop_point:SP_1339,Turenne,13
2400729,14:53:00,14:53:10,stop_point:SP_325,Zénith,14
2400729,14:54:00,14:54:10,stop_point:SP_3548,Cartoucherie,15
2400729,14:56:00,14:56:10,stop_point:SP_2242,Chardonnet,16
2400729,14:57:00,14:57:10,stop_point:SP_3732,Hôpital Purpan,17
2400729,14:58:00,14:58:10,stop_point:SP_322,Pelletier Purpan,18
2400730,15:10:00,15:10:10,stop_point:SP_631,Jeanne d'Arc,1
2400730,15:12:00,15:12:10,stop_point:SP_2833,Concorde,2
2400730,15:13:00,15:13:10,stop_point:SP_127,A. Bernard,3
2400730,15:14:00,15:14:10,stop_point:SP_1313,Compans-Caffarelli,4
2400730,15:16:00,15:16:10,stop_point:SP_2805,Leclerc,5
2400730,15:17:00,15:17:10,stop_point:SP_3157,Héraclès,6
2400730,15:18:00,15:18:10,stop_point:SP_1289,Amidonniers,7
2400730,15:20:00,15:20:10,stop_point:SP_1907,Les Abattoirs,8
2400730,15:21:00,15:21:10,stop_point:SP_1010,St Cyprien - République,9
2400730,15:22:00,15:22:10,stop_point:SP_3339,Roguet,10
2400730,15:23:00,15:23:10,stop_point:SP_1736,Patte d'Oie,11
2400730,15:24:00,15:24:10,stop_point:SP_3876,Barrière de Bayonne,12
2400730,15:26:00,15:26:10,stop_point:SP_1339,Turenne,13
2400730,15:27:00,15:27:10,stop_point:SP_325,Zénith,14
2400730,15:28:00,15:28:10,stop_point:SP_3548,Cartoucherie,15
2400730,15:30:00,15:30:10,stop_point:SP_2242,Chardonnet,16
2400730,15:31:00,15:31:10,stop_point:SP_3732,Hôpital Purpan,17
2400730,15:32:00,15:32:10,stop_point:SP_322,Pelletier Purpan,18
2400731,15:45:00,15:45:10,stop_point:SP_631,Jeanne d'Arc,1
2400731,15:47:00,15:47:10,stop_point:SP_2833,Concorde,2
2400731,15:48:00,15:48:10,stop_point:SP_127,A. Bernard,3
2400731,15:49:00,15:49:10,stop_point:SP_1313,Compans-Caffarelli,4
2400731,15:51:00,15:51:10,stop_point:SP_2805,Leclerc,5
2400731,15:52:00,15:52:10,stop_point:SP_3157,Héraclès,6
2400731,15:53:00,15:53:10,stop_point:SP_1289,Amidonniers,7
2400731,15:55:00,15:55:10,stop_point:SP_1907,Les Abattoirs,8
2400731,15:56:00,15:56:10,stop_point:SP_1010,St Cyprien - République,9
2400731,15:57:00,15:57:10,stop_point:SP_3339,Roguet,10
2400731,15:58:00,15:58:10,stop_point:SP_1736,Patte d'Oie,11
2400731,15:59:00,15:59:10,stop_point:SP_3876,Barrière de Bayonne,12
2400731,16:01:00,16:01:10,stop_point:SP_1339,Turenne,13
2400731,16:02:00,16:02:10,stop_point:SP_325,Zénith,14
2400731,16:03:00,16:03:10,stop_point:SP_3548,Cartoucherie,15
2400731,16:05:00,16:05:10,stop_point:SP_2242,Chardonnet,16
2400731,16:06:00,16:06:10,stop_point:SP_3732,Hôpital Purpan,17
2400731,16:07:00,16:07:10,stop_point:SP_322,Pelletier Purpan,18
2400732,16:20:00,16:20:10,stop_point:SP_631,Jeanne d'Arc,1
2400732,16:22:00,16:22:10,stop_point:SP_2833,Concorde,2
2400732,16:23:00,16:23:10,stop_point:SP_127,A. Bernard,3
2400732,16:24:00,16:24:10,stop_point:SP_1313,Compans-Caffarelli,4
2400732,16:26:00,16:26:10,stop_point:SP_2805,Leclerc,5
2400732,16:27:00,16:27:10,stop_point:SP_3157,Héraclès,6
2400732,16:28:00,16:28:10,stop_point:SP_1289,Amidonniers,7
2400732,16:30:00,16:30:10,stop_point:SP_1907,Les Abattoirs,8
2400732,16:31:00,16:31:10,stop_point:SP_1010,St Cyprien - République,9
2400732,16:32:00,16:32:10,stop_point:SP_3339,Roguet,10
2400732,16:33:00,16:33:10,stop_point:SP_1736,Patte d'Oie,11
2400732,16:34:00,16:34:10,stop_point:SP_3876,Barrière de Bayonne,12
2400732,16:36:00,16:36:10,stop_point:SP_1339,Turenne,13
2400732,16:38:00,16:38:10,stop_point:SP_325,Zénith,14
2400732,16:39:00,16:39:10,stop_point:SP_3548,Cartoucherie,15
2400732,16:41:00,16:41:10,stop_point:SP_2242,Chardonnet,16
2400732,16:42:00,16:42:10,stop_point:SP_3732,Hôpital Purpan,17
2400732,16:43:00,16:43:10,stop_point:SP_322,Pelletier Purpan,18
2400733,16:55:00,16:55:10,stop_point:SP_631,Jeanne d'Arc,1
2400733,16:57:00,16:57:10,stop_point:SP_2833,Concorde,2
2400733,16:58:00,16:58:10,stop_point:SP_127,A. Bernard,3
2400733,16:59:00,16:59:10,stop_point:SP_1313,Compans-Caffarelli,4
2400733,17:01:00,17:01:10,stop_point:SP_2805,Leclerc,5
2400733,17:02:00,17:02:10,stop_point:SP_3157,Héraclès,6
2400733,17:03:00,17:03:10,stop_point:SP_1289,Amidonniers,7
2400733,17:05:00,17:05:10,stop_point:SP_1907,Les Abattoirs,8
2400733,17:06:00,17:06:10,stop_point:SP_1010,St Cyprien - République,9
2400733,17:07:00,17:07:10,stop_point:SP_3339,Roguet,10
2400733,17:08:00,17:08:10,stop_point:SP_1736,Patte d'Oie,11
2400733,17:09:00,17:09:10,stop_point:SP_3876,Barrière de Bayonne,12
2400733,17:11:00,17:11:10,stop_point:SP_1339,Turenne,13
2400733,17:12:00,17:12:10,stop_point:SP_325,Zénith,14
2400733,17:13:00,17:13:10,stop_point:SP_3548,Cartoucherie,15
2400733,17:16:00,17:16:10,stop_point:SP_2242,Chardonnet,16
2400733,17:17:00,17:17:10,stop_point:SP_3732,Hôpital Purpan,17
2400733,17:18:00,17:18:10,stop_point:SP_322,Pelletier Purpan,18
2400734,17:30:00,17:30:10,stop_point:SP_631,Jeanne d'Arc,1
2400734,17:32:00,17:32:10,stop_point:SP_2833,Concorde,2
2400734,17:33:00,17:33:10,stop_point:SP_127,A. Bernard,3
2400734,17:34:00,17:34:10,stop_point:SP_1313,Compans-Caffarelli,4
2400734,17:36:00,17:36:10,stop_point:SP_2805,Leclerc,5
2400734,17:37:00,17:37:10,stop_point:SP_3157,Héraclès,6
2400734,17:38:00,17:38:10,stop_point:SP_1289,Amidonniers,7
2400734,17:40:00,17:40:10,stop_point:SP_1907,Les Abattoirs,8
2400734,17:41:00,17:41:10,stop_point:SP_1010,St Cyprien - République,9
2400734,17:42:00,17:42:10,stop_point:SP_3339,Roguet,10
2400734,17:43:00,17:43:10,stop_point:SP_1736,Patte d'Oie,11
2400734,17:44:00,17:44:10,stop_point:SP_3876,Barrière de Bayonne,12
2400734,17:46:00,17:46:10,stop_point:SP_1339,Turenne,13
2400734,17:47:00,17:47:10,stop_point:SP_325,Zénith,14
2400734,17:48:00,17:48:10,stop_point:SP_3548,Cartoucherie,15
2400734,17:50:00,17:50:10,stop_point:SP_2242,Chardonnet,16
2400734,17:51:00,17:51:10,stop_point:SP_3732,Hôpital Purpan,17
2400734,17:52:00,17:52:10,stop_point:SP_322,Pelletier Purpan,18
2400735,18:05:00,18:05:10,stop_point:SP_631,Jeanne d'Arc,1
2400735,18:07:00,18:07:10,stop_point:SP_2833,Concorde,2
2400735,18:08:00,18:08:10,stop_point:SP_127,A. Bernard,3
2400735,18:09:00,18:09:10,stop_point:SP_1313,Compans-Caffarelli,4
2400735,18:11:00,18:11:10,stop_point:SP_2805,Leclerc,5
2400735,18:12:00,18:12:10,stop_point:SP_3157,Héraclès,6
2400735,18:13:00,18:13:10,stop_point:SP_1289,Amidonniers,7
2400735,18:15:00,18:15:10,stop_point:SP_1907,Les Abattoirs,8
2400735,18:16:00,18:16:10,stop_point:SP_1010,St Cyprien - République,9
2400735,18:17:00,18:17:10,stop_point:SP_3339,Roguet,10
2400735,18:18:00,18:18:10,stop_point:SP_1736,Patte d'Oie,11
2400735,18:19:00,18:19:10,stop_point:SP_3876,Barrière de Bayonne,12
2400735,18:21:00,18:21:10,stop_point:SP_1339,Turenne,13
2400735,18:22:00,18:22:10,stop_point:SP_325,Zénith,14
2400735,18:23:00,18:23:10,stop_point:SP_3548,Cartoucherie,15
2400735,18:26:00,18:26:10,stop_point:SP_2242,Chardonnet,16
2400735,18:27:00,18:27:10,stop_point:SP_3732,Hôpital Purpan,17
2400735,18:28:00,18:28:10,stop_point:SP_322,Pelletier Purpan,18
2400736,18:40:00,18:40:10,stop_point:SP_631,Jeanne d'Arc,1
2400736,18:42:00,18:42:10,stop_point:SP_2833,Concorde,2
2400736,18:43:00,18:43:10,stop_point:SP_127,A. Bernard,3
2400736,18:44:00,18:44:10,stop_point:SP_1313,Compans-Caffarelli,4
2400736,18:46:00,18:46:10,stop_point:SP_2805,Leclerc,5
2400736,18:47:00,18:47:10,stop_point:SP_3157,Héraclès,6
2400736,18:48:00,18:48:10,stop_point:SP_1289,Amidonniers,7
2400736,18:50:00,18:50:10,stop_point:SP_1907,Les Abattoirs,8
2400736,18:51:00,18:51:10,stop_point:SP_1010,St Cyprien - République,9
2400736,18:52:00,18:52:10,stop_point:SP_3339,Roguet,10
2400736,18:53:00,18:53:10,stop_point:SP_1736,Patte d'Oie,11
2400736,18:54:00,18:54:10,stop_point:SP_3876,Barrière de Bayonne,12
2400736,18:56:00,18:56:10,stop_point:SP_1339,Turenne,13
2400736,18:57:00,18:57:10,stop_point:SP_325,Zénith,14
2400736,18:58:00,18:58:10,stop_point:SP_3548,Cartoucherie,15
2400736,19:00:00,19:00:10,stop_point:SP_2242,Chardonnet,16
2400736,19:01:00,19:01:10,stop_point:SP_3732,Hôpital Purpan,17
2400736,19:02:00,19:02:10,stop_point:SP_322,Pelletier Purpan,18
2400737,19:15:00,19:15:10,stop_point:SP_631,Jeanne d'Arc,1
2400737,19:16:00,19:16:10,stop_point:SP_2833,Concorde,2
2400737,19:17:00,19:17:10,stop_point:SP_127,A. Bernard,3
2400737,19:18:00,19:18:10,stop_point:SP_1313,Compans-Caffarelli,4
2400737,19:20:00,19:20:10,stop_point:SP_2805,Leclerc,5
2400737,19:21:00,19:21:10,stop_point:SP_3157,Héraclès,6
2400737,19:23:00,19:23:10,stop_point:SP_1289,Amidonniers,7
2400737,19:25:00,19:25:10,stop_point:SP_1907,Les Abattoirs,8
2400737,19:26:00,19:26:10,stop_point:SP_1010,St Cyprien - République,9
2400737,19:27:00,19:27:10,stop_point:SP_3339,Roguet,10
2400737,19:28:00,19:28:10,stop_point:SP_1736,Patte d'Oie,11
2400737,19:29:00,19:29:10,stop_point:SP_3876,Barrière de Bayonne,12
2400737,19:31:00,19:31:10,stop_point:SP_1339,Turenne,13
2400737,19:32:00,19:32:10,stop_point:SP_325,Zénith,14
2400737,19:33:00,19:33:10,stop_point:SP_3548,Cartoucherie,15
2400737,19:35:00,19:35:10,stop_point:SP_2242,Chardonnet,16
2400737,19:36:00,19:36:10,stop_point:SP_3732,Hôpital Purpan,17
2400737,19:37:00,19:37:10,stop_point:SP_322,Pelletier Purpan,18
2400738,19:50:00,19:50:10,stop_point:SP_631,Jeanne d'Arc,1
2400738,19:51:00,19:51:10,stop_point:SP_2833,Concorde,2
2400738,19:52:00,19:52:10,stop_point:SP_127,A. Bernard,3
2400738,19:53:00,19:53:10,stop_point:SP_1313,Compans-Caffarelli,4
2400738,19:55:00,19:55:10,stop_point:SP_2805,Leclerc,5
2400738,19:56:00,19:56:10,stop_point:SP_3157,Héraclès,6
2400738,19:57:00,19:57:10,stop_point:SP_1289,Amidonniers,7
2400738,19:59:00,19:59:10,stop_point:SP_1907,Les Abattoirs,8
2400738,20:00:00,20:00:10,stop_point:SP_1010,St Cyprien - République,9
2400738,20:01:00,20:01:10,stop_point:SP_3339,Roguet,10
2400738,20:02:00,20:02:10,stop_point:SP_1736,Patte d'Oie,11
2400738,20:03:00,20:03:10,stop_point:SP_3876,Barrière de Bayonne,12
2400738,20:05:00,20:05:10,stop_point:SP_1339,Turenne,13
2400738,20:06:00,20:06:10,stop_point:SP_325,Zénith,14
2400738,20:07:00,20:07:10,stop_point:SP_3548,Cartoucherie,15
2400738,20:09:00,20:09:10,stop_point:SP_2242,Chardonnet,16
2400738,20:10:00,20:10:10,stop_point:SP_3732,Hôpital Purpan,17
2400738,20:11:00,20:11:10,stop_point:SP_322,Pelletier Purpan,18
2400739,07:00:00,07:00:10,stop_point:SP_322,Pelletier Purpan,1
2400739,07:00:00,07:00:10,stop_point:SP_3273,Hôpital Purpan,2
2400739,07:01:00,07:01:10,stop_point:SP_1837,Chardonnet,3
2400739,07:02:00,07:02:10,stop_point:SP_2084,Cartoucherie,4
2400739,07:03:00,07:03:10,stop_point:SP_2059,Zénith,5
2400739,07:04:00,07:04:10,stop_point:SP_3209,Turenne,6
2400739,07:04:00,07:04:10,stop_point:SP_2631,Barrière de Bayonne,7
2400739,07:05:00,07:05:10,stop_point:SP_682,Patte d'Oie,8
2400739,07:06:00,07:06:10,stop_point:SP_3573,Roguet,9
2400739,07:07:00,07:07:10,stop_point:SP_3188,St Cyprien - République,10
2400739,07:07:00,07:07:10,stop_point:SP_1926,Les Abattoirs,11
2400739,07:09:00,07:09:10,stop_point:SP_786,Amidonniers,12
2400739,07:10:00,07:10:10,stop_point:SP_1493,Héraclès,13
2400739,07:11:00,07:11:10,stop_point:SP_1516,Leclerc,14
2400739,07:12:00,07:12:10,stop_point:SP_386,Compans-Caffarelli,15
2400739,07:13:00,07:13:10,stop_point:SP_2041,A. Bernard,16
2400739,07:14:00,07:14:10,stop_point:SP_1595,Concorde,17
2400739,07:14:00,07:14:10,stop_point:SP_39,Jeanne d'Arc,18
2400739,07:15:00,07:15:10,stop_point:SP_631,Jeanne d'Arc,19
2400740,07:32:00,07:32:10,stop_point:SP_322,Pelletier Purpan,1
2400740,07:32:00,07:32:10,stop_point:SP_3273,Hôpital Purpan,2
2400740,07:33:00,07:33:10,stop_point:SP_1837,Chardonnet,3
2400740,07:34:00,07:34:10,stop_point:SP_2084,Cartoucherie,4
2400740,07:35:00,07:35:10,stop_point:SP_2059,Zénith,5
2400740,07:36:00,07:36:10,stop_point:SP_3209,Turenne,6
2400740,07:37:00,07:37:10,stop_point:SP_2631,Barrière de Bayonne,7
2400740,07:38:00,07:38:10,stop_point:SP_682,Patte d'Oie,8
2400740,07:39:00,07:39:10,stop_point:SP_3573,Roguet,9
2400740,07:40:00,07:40:10,stop_point:SP_3188,St Cyprien - République,10
2400740,07:40:00,07:40:10,stop_point:SP_1926,Les Abattoirs,11
2400740,07:42:00,07:42:10,stop_point:SP_786,Amidonniers,12
2400740,07:43:00,07:43:10,stop_point:SP_1493,Héraclès,13
2400740,07:44:00,07:44:10,stop_point:SP_1516,Leclerc,14
2400740,07:45:00,07:45:10,stop_point:SP_386,Compans-Caffarelli,15
2400740,07:46:00,07:46:10,stop_point:SP_2041,A. Bernard,16
2400740,07:47:00,07:47:10,stop_point:SP_1595,Concorde,17
2400740,07:47:00,07:47:10,stop_point:SP_39,Jeanne d'Arc,18
2400740,07:48:00,07:48:10,stop_point:SP_631,Jeanne d'Arc,19
2400741,09:52:00,09:52:10,stop_point:SP_322,Pelletier Purpan,1
2400741,09:52:00,09:52:10,stop_point:SP_3273,Hôpital Purpan,2
2400741,09:54:00,09:54:10,stop_point:SP_1837,Chardonnet,3
2400741,09:55:00,09:55:10,stop_point:SP_2084,Cartoucherie,4
2400741,09:56:00,09:56:10,stop_point:SP_2059,Zénith,5
2400741,09:57:00,09:57:10,stop_point:SP_3209,Turenne,6
2400741,09:58:00,09:58:10,stop_point:SP_2631,Barrière de Bayonne,7
2400741,10:00:00,10:00:10,stop_point:SP_682,Patte d'Oie,8
2400741,10:01:00,10:01:10,stop_point:SP_3573,Roguet,9
2400741,10:03:00,10:03:10,stop_point:SP_3188,St Cyprien - République,10
2400741,10:03:00,10:03:10,stop_point:SP_1926,Les Abattoirs,11
2400741,10:05:00,10:05:10,stop_point:SP_786,Amidonniers,12
2400741,10:06:00,10:06:10,stop_point:SP_1493,Héraclès,13
2400741,10:07:00,10:07:10,stop_point:SP_1516,Leclerc,14
2400741,10:09:00,10:09:10,stop_point:SP_386,Compans-Caffarelli,15
2400741,10:10:00,10:10:10,stop_point:SP_2041,A. Bernard,16
2400741,10:12:00,10:12:10,stop_point:SP_1595,Concorde,17
2400741,10:12:00,10:12:10,stop_point:SP_39,Jeanne d'Arc,18
2400741,10:13:00,10:13:10,stop_point:SP_631,Jeanne d'Arc,19
2400742,08:07:00,08:07:10,stop_point:SP_322,Pelletier Purpan,1
2400742,08:07:00,08:07:10,stop_point:SP_3273,Hôpital Purpan,2
2400742,08:08:00,08:08:10,stop_point:SP_1837,Chardonnet,3
2400742,08:09:00,08:09:10,stop_point:SP_2084,Cartoucherie,4
2400742,08:10:00,08:10:10,stop_point:SP_2059,Zénith,5
2400742,08:11:00,08:11:10,stop_point:SP_3209,Turenne,6
2400742,08:12:00,08:12:10,stop_point:SP_2631,Barrière de Bayonne,7
2400742,08:13:00,08:13:10,stop_point:SP_682,Patte d'Oie,8
2400742,08:14:00,08:14:10,stop_point:SP_3573,Roguet,9
2400742,08:15:00,08:15:10,stop_point:SP_3188,St Cyprien - République,10
2400742,08:16:00,08:16:10,stop_point:SP_1926,Les Abattoirs,11
2400742,08:18:00,08:18:10,stop_point:SP_786,Amidonniers,12
2400742,08:19:00,08:19:10,stop_point:SP_1493,Héraclès,13
2400742,08:20:00,08:20:10,stop_point:SP_1516,Leclerc,14
2400742,08:21:00,08:21:10,stop_point:SP_386,Compans-Caffarelli,15
2400742,08:22:00,08:22:10,stop_point:SP_2041,A. Bernard,16
2400742,08:23:00,08:23:10,stop_point:SP_1595,Concorde,17
2400742,08:23:00,08:23:10,stop_point:SP_39,Jeanne d'Arc,18
2400742,08:24:00,08:24:10,stop_point:SP_631,Jeanne d'Arc,19
2400743,08:42:00,08:42:10,stop_point:SP_322,Pelletier Purpan,1
2400743,08:42:00,08:42:10,stop_point:SP_3273,Hôpital Purpan,2
2400743,08:44:00,08:44:10,stop_point:SP_1837,Chardonnet,3
2400743,08:45:00,08:45:10,stop_point:SP_2084,Cartoucherie,4
2400743,08:46:00,08:46:10,stop_point:SP_2059,Zénith,5
2400743,08:47:00,08:47:10,stop_point:SP_3209,Turenne,6
2400743,08:48:00,08:48:10,stop_point:SP_2631,Barrière de Bayonne,7
2400743,08:49:00,08:49:10,stop_point:SP_682,Patte d'Oie,8
2400743,08:50:00,08:50:10,stop_point:SP_3573,Roguet,9
2400743,08:51:00,08:51:10,stop_point:SP_3188,St Cyprien - République,10
2400743,08:51:00,08:51:10,stop_point:SP_1926,Les Abattoirs,11
2400743,08:53:00,08:53:10,stop_point:SP_786,Amidonniers,12
2400743,08:54:00,08:54:10,stop_point:SP_1493,Héraclès,13
2400743,08:55:00,08:55:10,stop_point:SP_1516,Leclerc,14
2400743,08:57:00,08:57:10,stop_point:SP_386,Compans-Caffarelli,15
2400743,08:58:00,08:58:10,stop_point:SP_2041,A. Bernard,16
2400743,09:00:00,09:00:10,stop_point:SP_1595,Concorde,17
2400743,09:00:00,09:00:10,stop_point:SP_39,Jeanne d'Arc,18
2400743,09:01:00,09:01:10,stop_point:SP_631,Jeanne d'Arc,19
2400744,09:17:00,09:17:10,stop_point:SP_322,Pelletier Purpan,1
2400744,09:17:00,09:17:10,stop_point:SP_3273,Hôpital Purpan,2
2400744,09:19:00,09:19:10,stop_point:SP_1837,Chardonnet,3
2400744,09:20:00,09:20:10,stop_point:SP_2084,Cartoucherie,4
2400744,09:21:00,09:21:10,stop_point:SP_2059,Zénith,5
2400744,09:22:00,09:22:10,stop_point:SP_3209,Turenne,6
2400744,09:23:00,09:23:10,stop_point:SP_2631,Barrière de Bayonne,7
2400744,09:24:00,09:24:10,stop_point:SP_682,Patte d'Oie,8
2400744,09:25:00,09:25:10,stop_point:SP_3573,Roguet,9
2400744,09:27:00,09:27:10,stop_point:SP_3188,St Cyprien - République,10
2400744,09:27:00,09:27:10,stop_point:SP_1926,Les Abattoirs,11
2400744,09:29:00,09:29:10,stop_point:SP_786,Amidonniers,12
2400744,09:30:00,09:30:10,stop_point:SP_1493,Héraclès,13
2400744,09:31:00,09:31:10,stop_point:SP_1516,Leclerc,14
2400744,09:32:00,09:32:10,stop_point:SP_386,Compans-Caffarelli,15
2400744,09:33:00,09:33:10,stop_point:SP_2041,A. Bernard,16
2400744,09:35:00,09:35:10,stop_point:SP_1595,Concorde,17
2400744,09:35:00,09:35:10,stop_point:SP_39,Jeanne d'Arc,18
2400744,09:36:00,09:36:10,stop_point:SP_631,Jeanne d'Arc,19
2400745,10:27:00,10:27:10,stop_point:SP_322,Pelletier Purpan,1
2400745,10:27:00,10:27:10,stop_point:SP_3273,Hôpital Purpan,2
2400745,10:29:00,10:29:10,stop_point:SP_1837,Chardonnet,3
2400745,10:30:00,10:30:10,stop_point:SP_2084,Cartoucherie,4
2400745,10:31:00,10:31:10,stop_point:SP_2059,Zénith,5
2400745,10:32:00,10:32:10,stop_point:SP_3209,Turenne,6
2400745,10:33:00,10:33:10,stop_point:SP_2631,Barrière de Bayonne,7
2400745,10:35:00,10:35:10,stop_point:SP_682,Patte d'Oie,8
2400745,10:36:00,10:36:10,stop_point:SP_3573,Roguet,9
2400745,10:38:00,10:38:10,stop_point:SP_3188,St Cyprien - République,10
2400745,10:38:00,10:38:10,stop_point:SP_1926,Les Abattoirs,11
2400745,10:40:00,10:40:10,stop_point:SP_786,Amidonniers,12
2400745,10:42:00,10:42:10,stop_point:SP_1493,Héraclès,13
2400745,10:43:00,10:43:10,stop_point:SP_1516,Leclerc,14
2400745,10:45:00,10:45:10,stop_point:SP_386,Compans-Caffarelli,15
2400745,10:46:00,10:46:10,stop_point:SP_2041,A. Bernard,16
2400745,10:48:00,10:48:10,stop_point:SP_1595,Concorde,17
2400745,10:48:00,10:48:10,stop_point:SP_39,Jeanne d'Arc,18
2400745,10:49:00,10:49:10,stop_point:SP_631,Jeanne d'Arc,19
2400746,11:02:00,11:02:10,stop_point:SP_322,Pelletier Purpan,1
2400746,11:02:00,11:02:10,stop_point:SP_3273,Hôpital Purpan,2
2400746,11:04:00,11:04:10,stop_point:SP_1837,Chardonnet,3
2400746,11:05:00,11:05:10,stop_point:SP_2084,Cartoucherie,4
2400746,11:06:00,11:06:10,stop_point:SP_2059,Zénith,5
2400746,11:07:00,11:07:10,stop_point:SP_3209,Turenne,6
2400746,11:08:00,11:08:10,stop_point:SP_2631,Barrière de Bayonne,7
2400746,11:10:00,11:10:10,stop_point:SP_682,Patte d'Oie,8
2400746,11:11:00,11:11:10,stop_point:SP_3573,Roguet,9
2400746,11:13:00,11:13:10,stop_point:SP_3188,St Cyprien - République,10
2400746,11:14:00,11:14:10,stop_point:SP_1926,Les Abattoirs,11
2400746,11:16:00,11:16:10,stop_point:SP_786,Amidonniers,12
2400746,11:17:00,11:17:10,stop_point:SP_1493,Héraclès,13
2400746,11:18:00,11:18:10,stop_point:SP_1516,Leclerc,14
2400746,11:20:00,11:20:10,stop_point:SP_386,Compans-Caffarelli,15
2400746,11:21:00,11:21:10,stop_point:SP_2041,A. Bernard,16
2400746,11:23:00,11:23:10,stop_point:SP_1595,Concorde,17
2400746,11:24:00,11:24:10,stop_point:SP_39,Jeanne d'Arc,18
2400746,11:25:00,11:25:10,stop_point:SP_631,Jeanne d'Arc,19
2400747,11:37:00,11:37:10,stop_point:SP_322,Pelletier Purpan,1
2400747,11:37:00,11:37:10,stop_point:SP_3273,Hôpital Purpan,2
2400747,11:39:00,11:39:10,stop_point:SP_1837,Chardonnet,3
2400747,11:40:00,11:40:10,stop_point:SP_2084,Cartoucherie,4
2400747,11:41:00,11:41:10,stop_point:SP_2059,Zénith,5
2400747,11:42:00,11:42:10,stop_point:SP_3209,Turenne,6
2400747,11:43:00,11:43:10,stop_point:SP_2631,Barrière de Bayonne,7
2400747,11:45:00,11:45:10,stop_point:SP_682,Patte d'Oie,8
2400747,11:46:00,11:46:10,stop_point:SP_3573,Roguet,9
2400747,11:48:00,11:48:10,stop_point:SP_3188,St Cyprien - République,10
2400747,11:49:00,11:49:10,stop_point:SP_1926,Les Abattoirs,11
2400747,11:51:00,11:51:10,stop_point:SP_786,Amidonniers,12
2400747,11:52:00,11:52:10,stop_point:SP_1493,Héraclès,13
2400747,11:53:00,11:53:10,stop_point:SP_1516,Leclerc,14
2400747,11:54:00,11:54:10,stop_point:SP_386,Compans-Caffarelli,15
2400747,11:55:00,11:55:10,stop_point:SP_2041,A. Bernard,16
2400747,11:57:00,11:57:10,stop_point:SP_1595,Concorde,17
2400747,11:58:00,11:58:10,stop_point:SP_39,Jeanne d'Arc,18
2400747,11:59:00,11:59:10,stop_point:SP_631,Jeanne d'Arc,19
2400748,12:12:00,12:12:10,stop_point:SP_322,Pelletier Purpan,1
2400748,12:12:00,12:12:10,stop_point:SP_3273,Hôpital Purpan,2
2400748,12:14:00,12:14:10,stop_point:SP_1837,Chardonnet,3
2400748,12:15:00,12:15:10,stop_point:SP_2084,Cartoucherie,4
2400748,12:16:00,12:16:10,stop_point:SP_2059,Zénith,5
2400748,12:17:00,12:17:10,stop_point:SP_3209,Turenne,6
2400748,12:18:00,12:18:10,stop_point:SP_2631,Barrière de Bayonne,7
2400748,12:20:00,12:20:10,stop_point:SP_682,Patte d'Oie,8
2400748,12:21:00,12:21:10,stop_point:SP_3573,Roguet,9
2400748,12:23:00,12:23:10,stop_point:SP_3188,St Cyprien - République,10
2400748,12:24:00,12:24:10,stop_point:SP_1926,Les Abattoirs,11
2400748,12:26:00,12:26:10,stop_point:SP_786,Amidonniers,12
2400748,12:27:00,12:27:10,stop_point:SP_1493,Héraclès,13
2400748,12:28:00,12:28:10,stop_point:SP_1516,Leclerc,14
2400748,12:29:00,12:29:10,stop_point:SP_386,Compans-Caffarelli,15
2400748,12:30:00,12:30:10,stop_point:SP_2041,A. Bernard,16
2400748,12:32:00,12:32:10,stop_point:SP_1595,Concorde,17
2400748,12:33:00,12:33:10,stop_point:SP_39,Jeanne d'Arc,18
2400748,12:34:00,12:34:10,stop_point:SP_631,Jeanne d'Arc,19
2400749,12:47:00,12:47:10,stop_point:SP_322,Pelletier Purpan,1
2400749,12:47:00,12:47:10,stop_point:SP_3273,Hôpital Purpan,2
2400749,12:49:00,12:49:10,stop_point:SP_1837,Chardonnet,3
2400749,12:50:00,12:50:10,stop_point:SP_2084,Cartoucherie,4
2400749,12:51:00,12:51:10,stop_point:SP_2059,Zénith,5
2400749,12:52:00,12:52:10,stop_point:SP_3209,Turenne,6
2400749,12:53:00,12:53:10,stop_point:SP_2631,Barrière de Bayonne,7
2400749,12:55:00,12:55:10,stop_point:SP_682,Patte d'Oie,8
2400749,12:56:00,12:56:10,stop_point:SP_3573,Roguet,9
2400749,12:58:00,12:58:10,stop_point:SP_3188,St Cyprien - République,10
2400749,12:58:00,12:58:10,stop_point:SP_1926,Les Abattoirs,11
2400749,13:00:00,13:00:10,stop_point:SP_786,Amidonniers,12
2400749,13:01:00,13:01:10,stop_point:SP_1493,Héraclès,13
2400749,13:02:00,13:02:10,stop_point:SP_1516,Leclerc,14
2400749,13:03:00,13:03:10,stop_point:SP_386,Compans-Caffarelli,15
2400749,13:04:00,13:04:10,stop_point:SP_2041,A. Bernard,16
2400749,13:06:00,13:06:10,stop_point:SP_1595,Concorde,17
2400749,13:07:00,13:07:10,stop_point:SP_39,Jeanne d'Arc,18
2400749,13:08:00,13:08:10,stop_point:SP_631,Jeanne d'Arc,19
2400750,13:22:00,13:22:10,stop_point:SP_322,Pelletier Purpan,1
2400750,13:22:00,13:22:10,stop_point:SP_3273,Hôpital Purpan,2
2400750,13:24:00,13:24:10,stop_point:SP_1837,Chardonnet,3
2400750,13:25:00,13:25:10,stop_point:SP_2084,Cartoucherie,4
2400750,13:26:00,13:26:10,stop_point:SP_2059,Zénith,5
2400750,13:27:00,13:27:10,stop_point:SP_3209,Turenne,6
2400750,13:28:00,13:28:10,stop_point:SP_2631,Barrière de Bayonne,7
2400750,13:30:00,13:30:10,stop_point:SP_682,Patte d'Oie,8
2400750,13:31:00,13:31:10,stop_point:SP_3573,Roguet,9
2400750,13:33:00,13:33:10,stop_point:SP_3188,St Cyprien - République,10
2400750,13:33:00,13:33:10,stop_point:SP_1926,Les Abattoirs,11
2400750,13:35:00,13:35:10,stop_point:SP_786,Amidonniers,12
2400750,13:36:00,13:36:10,stop_point:SP_1493,Héraclès,13
2400750,13:37:00,13:37:10,stop_point:SP_1516,Leclerc,14
2400750,13:39:00,13:39:10,stop_point:SP_386,Compans-Caffarelli,15
2400750,13:40:00,13:40:10,stop_point:SP_2041,A. Bernard,16
2400750,13:42:00,13:42:10,stop_point:SP_1595,Concorde,17
2400750,13:43:00,13:43:10,stop_point:SP_39,Jeanne d'Arc,18
2400750,13:44:00,13:44:10,stop_point:SP_631,Jeanne d'Arc,19
2400751,15:42:00,15:42:10,stop_point:SP_322,Pelletier Purpan,1
2400751,15:42:00,15:42:10,stop_point:SP_3273,Hôpital Purpan,2
2400751,15:44:00,15:44:10,stop_point:SP_1837,Chardonnet,3
2400751,15:45:00,15:45:10,stop_point:SP_2084,Cartoucherie,4
2400751,15:46:00,15:46:10,stop_point:SP_2059,Zénith,5
2400751,15:47:00,15:47:10,stop_point:SP_3209,Turenne,6
2400751,15:48:00,15:48:10,stop_point:SP_2631,Barrière de Bayonne,7
2400751,15:50:00,15:50:10,stop_point:SP_682,Patte d'Oie,8
2400751,15:51:00,15:51:10,stop_point:SP_3573,Roguet,9
2400751,15:53:00,15:53:10,stop_point:SP_3188,St Cyprien - République,10
2400751,15:53:00,15:53:10,stop_point:SP_1926,Les Abattoirs,11
2400751,15:55:00,15:55:10,stop_point:SP_786,Amidonniers,12
2400751,15:56:00,15:56:10,stop_point:SP_1493,Héraclès,13
2400751,15:57:00,15:57:10,stop_point:SP_1516,Leclerc,14
2400751,15:59:00,15:59:10,stop_point:SP_386,Compans-Caffarelli,15
2400751,16:00:00,16:00:10,stop_point:SP_2041,A. Bernard,16
2400751,16:02:00,16:02:10,stop_point:SP_1595,Concorde,17
2400751,16:03:00,16:03:10,stop_point:SP_39,Jeanne d'Arc,18
2400751,16:04:00,16:04:10,stop_point:SP_631,Jeanne d'Arc,19
2400752,13:57:00,13:57:10,stop_point:SP_322,Pelletier Purpan,1
2400752,13:57:00,13:57:10,stop_point:SP_3273,Hôpital Purpan,2
2400752,13:59:00,13:59:10,stop_point:SP_1837,Chardonnet,3
2400752,14:00:00,14:00:10,stop_point:SP_2084,Cartoucherie,4
2400752,14:01:00,14:01:10,stop_point:SP_2059,Zénith,5
2400752,14:03:00,14:03:10,stop_point:SP_3209,Turenne,6
2400752,14:04:00,14:04:10,stop_point:SP_2631,Barrière de Bayonne,7
2400752,14:06:00,14:06:10,stop_point:SP_682,Patte d'Oie,8
2400752,14:07:00,14:07:10,stop_point:SP_3573,Roguet,9
2400752,14:09:00,14:09:10,stop_point:SP_3188,St Cyprien - République,10
2400752,14:09:00,14:09:10,stop_point:SP_1926,Les Abattoirs,11
2400752,14:11:00,14:11:10,stop_point:SP_786,Amidonniers,12
2400752,14:12:00,14:12:10,stop_point:SP_1493,Héraclès,13
2400752,14:13:00,14:13:10,stop_point:SP_1516,Leclerc,14
2400752,14:15:00,14:15:10,stop_point:SP_386,Compans-Caffarelli,15
2400752,14:16:00,14:16:10,stop_point:SP_2041,A. Bernard,16
2400752,14:18:00,14:18:10,stop_point:SP_1595,Concorde,17
2400752,14:19:00,14:19:10,stop_point:SP_39,Jeanne d'Arc,18
2400752,14:20:00,14:20:10,stop_point:SP_631,Jeanne d'Arc,19
2400753,14:32:00,14:32:10,stop_point:SP_322,Pelletier Purpan,1
2400753,14:32:00,14:32:10,stop_point:SP_3273,Hôpital Purpan,2
2400753,14:34:00,14:34:10,stop_point:SP_1837,Chardonnet,3
2400753,14:35:00,14:35:10,stop_point:SP_2084,Cartoucherie,4
2400753,14:36:00,14:36:10,stop_point:SP_2059,Zénith,5
2400753,14:37:00,14:37:10,stop_point:SP_3209,Turenne,6
2400753,14:38:00,14:38:10,stop_point:SP_2631,Barrière de Bayonne,7
2400753,14:40:00,14:40:10,stop_point:SP_682,Patte d'Oie,8
2400753,14:41:00,14:41:10,stop_point:SP_3573,Roguet,9
2400753,14:43:00,14:43:10,stop_point:SP_3188,St Cyprien - République,10
2400753,14:43:00,14:43:10,stop_point:SP_1926,Les Abattoirs,11
2400753,14:45:00,14:45:10,stop_point:SP_786,Amidonniers,12
2400753,14:46:00,14:46:10,stop_point:SP_1493,Héraclès,13
2400753,14:47:00,14:47:10,stop_point:SP_1516,Leclerc,14
2400753,14:49:00,14:49:10,stop_point:SP_386,Compans-Caffarelli,15
2400753,14:50:00,14:50:10,stop_point:SP_2041,A. Bernard,16
2400753,14:52:00,14:52:10,stop_point:SP_1595,Concorde,17
2400753,14:53:00,14:53:10,stop_point:SP_39,Jeanne d'Arc,18
2400753,14:54:00,14:54:10,stop_point:SP_631,Jeanne d'Arc,19
2400754,15:07:00,15:07:10,stop_point:SP_322,Pelletier Purpan,1
2400754,15:07:00,15:07:10,stop_point:SP_3273,Hôpital Purpan,2
2400754,15:09:00,15:09:10,stop_point:SP_1837,Chardonnet,3
2400754,15:10:00,15:10:10,stop_point:SP_2084,Cartoucherie,4
2400754,15:11:00,15:11:10,stop_point:SP_2059,Zénith,5
2400754,15:12:00,15:12:10,stop_point:SP_3209,Turenne,6
2400754,15:13:00,15:13:10,stop_point:SP_2631,Barrière de Bayonne,7
2400754,15:15:00,15:15:10,stop_point:SP_682,Patte d'Oie,8
2400754,15:16:00,15:16:10,stop_point:SP_3573,Roguet,9
2400754,15:18:00,15:18:10,stop_point:SP_3188,St Cyprien - République,10
2400754,15:18:00,15:18:10,stop_point:SP_1926,Les Abattoirs,11
2400754,15:20:00,15:20:10,stop_point:SP_786,Amidonniers,12
2400754,15:21:00,15:21:10,stop_point:SP_1493,Héraclès,13
2400754,15:22:00,15:22:10,stop_point:SP_1516,Leclerc,14
2400754,15:24:00,15:24:10,stop_point:SP_386,Compans-Caffarelli,15
2400754,15:25:00,15:25:10,stop_point:SP_2041,A. Bernard,16
2400754,15:27:00,15:27:10,stop_point:SP_1595,Concorde,17
2400754,15:28:00,15:28:10,stop_point:SP_39,Jeanne d'Arc,18
2400754,15:29:00,15:29:10,stop_point:SP_631,Jeanne d'Arc,19
2400755,16:17:00,16:17:10,stop_point:SP_322,Pelletier Purpan,1
2400755,16:17:00,16:17:10,stop_point:SP_3273,Hôpital Purpan,2
2400755,16:19:00,16:19:10,stop_point:SP_1837,Chardonnet,3
2400755,16:20:00,16:20:10,stop_point:SP_2084,Cartoucherie,4
2400755,16:21:00,16:21:10,stop_point:SP_2059,Zénith,5
2400755,16:22:00,16:22:10,stop_point:SP_3209,Turenne,6
2400755,16:23:00,16:23:10,stop_point:SP_2631,Barrière de Bayonne,7
2400755,16:25:00,16:25:10,stop_point:SP_682,Patte d'Oie,8
2400755,16:26:00,16:26:10,stop_point:SP_3573,Roguet,9
2400755,16:28:00,16:28:10,stop_point:SP_3188,St Cyprien - République,10
2400755,16:29:00,16:29:10,stop_point:SP_1926,Les Abattoirs,11
2400755,16:31:00,16:31:10,stop_point:SP_786,Amidonniers,12
2400755,16:32:00,16:32:10,stop_point:SP_1493,Héraclès,13
2400755,16:33:00,16:33:10,stop_point:SP_1516,Leclerc,14
2400755,16:35:00,16:35:10,stop_point:SP_386,Compans-Caffarelli,15
2400755,16:36:00,16:36:10,stop_point:SP_2041,A. Bernard,16
2400755,16:38:00,16:38:10,stop_point:SP_1595,Concorde,17
2400755,16:38:00,16:38:10,stop_point:SP_39,Jeanne d'Arc,18
2400755,16:39:00,16:39:10,stop_point:SP_631,Jeanne d'Arc,19
2400756,16:52:00,16:52:10,stop_point:SP_322,Pelletier Purpan,1
2400756,16:52:00,16:52:10,stop_point:SP_3273,Hôpital Purpan,2
2400756,16:54:00,16:54:10,stop_point:SP_1837,Chardonnet,3
2400756,16:55:00,16:55:10,stop_point:SP_2084,Cartoucherie,4
2400756,16:56:00,16:56:10,stop_point:SP_2059,Zénith,5
2400756,16:58:00,16:58:10,stop_point:SP_3209,Turenne,6
2400756,16:59:00,16:59:10,stop_point:SP_2631,Barrière de Bayonne,7
2400756,17:01:00,17:01:10,stop_point:SP_682,Patte d'Oie,8
2400756,17:02:00,17:02:10,stop_point:SP_3573,Roguet,9
2400756,17:04:00,17:04:10,stop_point:SP_3188,St Cyprien - République,10
2400756,17:05:00,17:05:10,stop_point:SP_1926,Les Abattoirs,11
2400756,17:07:00,17:07:10,stop_point:SP_786,Amidonniers,12
2400756,17:08:00,17:08:10,stop_point:SP_1493,Héraclès,13
2400756,17:09:00,17:09:10,stop_point:SP_1516,Leclerc,14
2400756,17:11:00,17:11:10,stop_point:SP_386,Compans-Caffarelli,15
2400756,17:12:00,17:12:10,stop_point:SP_2041,A. Bernard,16
2400756,17:14:00,17:14:10,stop_point:SP_1595,Concorde,17
2400756,17:14:00,17:14:10,stop_point:SP_39,Jeanne d'Arc,18
2400756,17:15:00,17:15:10,stop_point:SP_631,Jeanne d'Arc,19
2400757,17:27:00,17:27:10,stop_point:SP_322,Pelletier Purpan,1
2400757,17:27:00,17:27:10,stop_point:SP_3273,Hôpital Purpan,2
2400757,17:29:00,17:29:10,stop_point:SP_1837,Chardonnet,3
2400757,17:30:00,17:30:10,stop_point:SP_2084,Cartoucherie,4
2400757,17:31:00,17:31:10,stop_point:SP_2059,Zénith,5
2400757,17:33:00,17:33:10,stop_point:SP_3209,Turenne,6
2400757,17:34:00,17:34:10,stop_point:SP_2631,Barrière de Bayonne,7
2400757,17:36:00,17:36:10,stop_point:SP_682,Patte d'Oie,8
2400757,17:37:00,17:37:10,stop_point:SP_3573,Roguet,9
2400757,17:39:00,17:39:10,stop_point:SP_3188,St Cyprien - République,10
2400757,17:40:00,17:40:10,stop_point:SP_1926,Les Abattoirs,11
2400757,17:42:00,17:42:10,stop_point:SP_786,Amidonniers,12
2400757,17:43:00,17:43:10,stop_point:SP_1493,Héraclès,13
2400757,17:44:00,17:44:10,stop_point:SP_1516,Leclerc,14
2400757,17:46:00,17:46:10,stop_point:SP_386,Compans-Caffarelli,15
2400757,17:47:00,17:47:10,stop_point:SP_2041,A. Bernard,16
2400757,17:49:00,17:49:10,stop_point:SP_1595,Concorde,17
2400757,17:49:00,17:49:10,stop_point:SP_39,Jeanne d'Arc,18
2400757,17:50:00,17:50:10,stop_point:SP_631,Jeanne d'Arc,19
2400758,18:02:00,18:02:10,stop_point:SP_322,Pelletier Purpan,1
2400758,18:02:00,18:02:10,stop_point:SP_3273,Hôpital Purpan,2
2400758,18:04:00,18:04:10,stop_point:SP_1837,Chardonnet,3
2400758,18:05:00,18:05:10,stop_point:SP_2084,Cartoucherie,4
2400758,18:06:00,18:06:10,stop_point:SP_2059,Zénith,5
2400758,18:08:00,18:08:10,stop_point:SP_3209,Turenne,6
2400758,18:09:00,18:09:10,stop_point:SP_2631,Barrière de Bayonne,7
2400758,18:11:00,18:11:10,stop_point:SP_682,Patte d'Oie,8
2400758,18:12:00,18:12:10,stop_point:SP_3573,Roguet,9
2400758,18:14:00,18:14:10,stop_point:SP_3188,St Cyprien - République,10
2400758,18:15:00,18:15:10,stop_point:SP_1926,Les Abattoirs,11
2400758,18:17:00,18:17:10,stop_point:SP_786,Amidonniers,12
2400758,18:18:00,18:18:10,stop_point:SP_1493,Héraclès,13
2400758,18:19:00,18:19:10,stop_point:SP_1516,Leclerc,14
2400758,18:21:00,18:21:10,stop_point:SP_386,Compans-Caffarelli,15
2400758,18:22:00,18:22:10,stop_point:SP_2041,A. Bernard,16
2400758,18:24:00,18:24:10,stop_point:SP_1595,Concorde,17
2400758,18:24:00,18:24:10,stop_point:SP_39,Jeanne d'Arc,18
2400758,18:25:00,18:25:10,stop_point:SP_631,Jeanne d'Arc,19
2400759,18:37:00,18:37:10,stop_point:SP_322,Pelletier Purpan,1
2400759,18:37:00,18:37:10,stop_point:SP_3273,Hôpital Purpan,2
2400759,18:39:00,18:39:10,stop_point:SP_1837,Chardonnet,3
2400759,18:40:00,18:40:10,stop_point:SP_2084,Cartoucherie,4
2400759,18:41:00,18:41:10,stop_point:SP_2059,Zénith,5
2400759,18:43:00,18:43:10,stop_point:SP_3209,Turenne,6
2400759,18:44:00,18:44:10,stop_point:SP_2631,Barrière de Bayonne,7
2400759,18:46:00,18:46:10,stop_point:SP_682,Patte d'Oie,8
2400759,18:47:00,18:47:10,stop_point:SP_3573,Roguet,9
2400759,18:49:00,18:49:10,stop_point:SP_3188,St Cyprien - République,10
2400759,18:49:00,18:49:10,stop_point:SP_1926,Les Abattoirs,11
2400759,18:51:00,18:51:10,stop_point:SP_786,Amidonniers,12
2400759,18:52:00,18:52:10,stop_point:SP_1493,Héraclès,13
2400759,18:53:00,18:53:10,stop_point:SP_1516,Leclerc,14
2400759,18:55:00,18:55:10,stop_point:SP_386,Compans-Caffarelli,15
2400759,18:56:00,18:56:10,stop_point:SP_2041,A. Bernard,16
2400759,18:58:00,18:58:10,stop_point:SP_1595,Concorde,17
2400759,18:58:00,18:58:10,stop_point:SP_39,Jeanne d'Arc,18
2400759,18:59:00,18:59:10,stop_point:SP_631,Jeanne d'Arc,19
2400760,19:12:00,19:12:10,stop_point:SP_322,Pelletier Purpan,1
2400760,19:12:00,19:12:10,stop_point:SP_3273,Hôpital Purpan,2
2400760,19:14:00,19:14:10,stop_point:SP_1837,Chardonnet,3
2400760,19:15:00,19:15:10,stop_point:SP_2084,Cartoucherie,4
2400760,19:16:00,19:16:10,stop_point:SP_2059,Zénith,5
2400760,19:17:00,19:17:10,stop_point:SP_3209,Turenne,6
2400760,19:18:00,19:18:10,stop_point:SP_2631,Barrière de Bayonne,7
2400760,19:20:00,19:20:10,stop_point:SP_682,Patte d'Oie,8
2400760,19:21:00,19:21:10,stop_point:SP_3573,Roguet,9
2400760,19:23:00,19:23:10,stop_point:SP_3188,St Cyprien - République,10
2400760,19:24:00,19:24:10,stop_point:SP_1926,Les Abattoirs,11
2400760,19:26:00,19:26:10,stop_point:SP_786,Amidonniers,12
2400760,19:27:00,19:27:10,stop_point:SP_1493,Héraclès,13
2400760,19:28:00,19:28:10,stop_point:SP_1516,Leclerc,14
2400760,19:30:00,19:30:10,stop_point:SP_386,Compans-Caffarelli,15
2400760,19:31:00,19:31:10,stop_point:SP_2041,A. Bernard,16
2400760,19:33:00,19:33:10,stop_point:SP_1595,Concorde,17
2400760,19:33:00,19:33:10,stop_point:SP_39,Jeanne d'Arc,18
2400760,19:34:00,19:34:10,stop_point:SP_631,Jeanne d'Arc,19
2400761,19:50:00,19:50:10,stop_point:SP_322,Pelletier Purpan,1
2400761,19:50:00,19:50:10,stop_point:SP_3273,Hôpital Purpan,2
2400761,19:52:00,19:52:10,stop_point:SP_1837,Chardonnet,3
2400761,19:53:00,19:53:10,stop_point:SP_2084,Cartoucherie,4
2400761,19:54:00,19:54:10,stop_point:SP_2059,Zénith,5
2400761,19:55:00,19:55:10,stop_point:SP_3209,Turenne,6
2400761,19:56:00,19:56:10,stop_point:SP_2631,Barrière de Bayonne,7
2400761,19:58:00,19:58:10,stop_point:SP_682,Patte d'Oie,8
2400761,19:59:00,19:59:10,stop_point:SP_3573,Roguet,9
2400761,20:01:00,20:01:10,stop_point:SP_3188,St Cyprien - République,10
2400761,20:02:00,20:02:10,stop_point:SP_1926,Les Abattoirs,11
2400761,20:04:00,20:04:10,stop_point:SP_786,Amidonniers,12
2400761,20:05:00,20:05:10,stop_point:SP_1493,Héraclès,13
2400761,20:06:00,20:06:10,stop_point:SP_1516,Leclerc,14
2400761,20:07:00,20:07:10,stop_point:SP_386,Compans-Caffarelli,15
2400761,20:08:00,20:08:10,stop_point:SP_2041,A. Bernard,16
2400761,20:10:00,20:10:10,stop_point:SP_1595,Concorde,17
2400761,20:10:00,20:10:10,stop_point:SP_39,Jeanne d'Arc,18
2400761,20:11:00,20:11:10,stop_point:SP_631,Jeanne d'Arc,19
2400762,05:51:00,05:51:10,stop_point:SP_631,Jeanne d'Arc,1
2400762,05:52:00,05:52:10,stop_point:SP_2833,Concorde,2
2400762,05:53:00,05:53:10,stop_point:SP_127,A. Bernard,3
2400762,05:53:00,05:53:10,stop_point:SP_1313,Compans-Caffarelli,4
2400762,05:54:00,05:54:10,stop_point:SP_2805,Leclerc,5
2400762,05:55:00,05:55:10,stop_point:SP_3157,Héraclès,6
2400762,05:56:00,05:56:10,stop_point:SP_1289,Amidonniers,7
2400762,05:58:00,05:58:10,stop_point:SP_1907,Les Abattoirs,8
2400762,05:59:00,05:59:10,stop_point:SP_1010,St Cyprien - République,9
2400762,06:00:00,06:00:10,stop_point:SP_3339,Roguet,10
2400762,06:01:00,06:01:10,stop_point:SP_1736,Patte d'Oie,11
2400762,06:02:00,06:02:10,stop_point:SP_3876,Barrière de Bayonne,12
2400762,06:03:00,06:03:10,stop_point:SP_1339,Turenne,13
2400762,06:04:00,06:04:10,stop_point:SP_325,Zénith,14
2400762,06:05:00,06:05:10,stop_point:SP_3548,Cartoucherie,15
2400762,06:07:00,06:07:10,stop_point:SP_2242,Chardonnet,16
2400762,06:07:00,06:07:10,stop_point:SP_3732,Hôpital Purpan,17
2400762,06:08:00,06:08:10,stop_point:SP_322,Pelletier Purpan,18
2400763,15:11:00,15:11:10,stop_point:SP_631,Jeanne d'Arc,1
2400763,15:13:00,15:13:10,stop_point:SP_2833,Concorde,2
2400763,15:14:00,15:14:10,stop_point:SP_127,A. Bernard,3
2400763,15:15:00,15:15:10,stop_point:SP_1313,Compans-Caffarelli,4
2400763,15:17:00,15:17:10,stop_point:SP_2805,Leclerc,5
2400763,15:18:00,15:18:10,stop_point:SP_3157,Héraclès,6
2400763,15:20:00,15:20:10,stop_point:SP_1289,Amidonniers,7
2400763,15:23:00,15:23:10,stop_point:SP_1907,Les Abattoirs,8
2400763,15:24:00,15:24:10,stop_point:SP_1010,St Cyprien - République,9
2400763,15:26:00,15:26:10,stop_point:SP_3339,Roguet,10
2400763,15:27:00,15:27:10,stop_point:SP_1736,Patte d'Oie,11
2400763,15:28:00,15:28:10,stop_point:SP_3876,Barrière de Bayonne,12
2400763,15:30:00,15:30:10,stop_point:SP_1339,Turenne,13
2400763,15:31:00,15:31:10,stop_point:SP_325,Zénith,14
2400763,15:32:00,15:32:10,stop_point:SP_3548,Cartoucherie,15
2400763,15:35:00,15:35:10,stop_point:SP_2242,Chardonnet,16
2400763,15:36:00,15:36:10,stop_point:SP_3732,Hôpital Purpan,17
2400763,15:37:00,15:37:10,stop_point:SP_322,Pelletier Purpan,18
2400764,12:11:00,12:11:10,stop_point:SP_631,Jeanne d'Arc,1
2400764,12:13:00,12:13:10,stop_point:SP_2833,Concorde,2
2400764,12:14:00,12:14:10,stop_point:SP_127,A. Bernard,3
2400764,12:15:00,12:15:10,stop_point:SP_1313,Compans-Caffarelli,4
2400764,12:17:00,12:17:10,stop_point:SP_2805,Leclerc,5
2400764,12:18:00,12:18:10,stop_point:SP_3157,Héraclès,6
2400764,12:20:00,12:20:10,stop_point:SP_1289,Amidonniers,7
2400764,12:23:00,12:23:10,stop_point:SP_1907,Les Abattoirs,8
2400764,12:24:00,12:24:10,stop_point:SP_1010,St Cyprien - République,9
2400764,12:26:00,12:26:10,stop_point:SP_3339,Roguet,10
2400764,12:27:00,12:27:10,stop_point:SP_1736,Patte d'Oie,11
2400764,12:28:00,12:28:10,stop_point:SP_3876,Barrière de Bayonne,12
2400764,12:29:00,12:29:10,stop_point:SP_1339,Turenne,13
2400764,12:30:00,12:30:10,stop_point:SP_325,Zénith,14
2400764,12:31:00,12:31:10,stop_point:SP_3548,Cartoucherie,15
2400764,12:34:00,12:34:10,stop_point:SP_2242,Chardonnet,16
2400764,12:35:00,12:35:10,stop_point:SP_3732,Hôpital Purpan,17
2400764,12:36:00,12:36:10,stop_point:SP_322,Pelletier Purpan,18
2400765,07:08:00,07:08:10,stop_point:SP_631,Jeanne d'Arc,1
2400765,07:09:00,07:09:10,stop_point:SP_2833,Concorde,2
2400765,07:10:00,07:10:10,stop_point:SP_127,A. Bernard,3
2400765,07:11:00,07:11:10,stop_point:SP_1313,Compans-Caffarelli,4
2400765,07:13:00,07:13:10,stop_point:SP_2805,Leclerc,5
2400765,07:14:00,07:14:10,stop_point:SP_3157,Héraclès,6
2400765,07:15:00,07:15:10,stop_point:SP_1289,Amidonniers,7
2400765,07:18:00,07:18:10,stop_point:SP_1907,Les Abattoirs,8
2400765,07:19:00,07:19:10,stop_point:SP_1010,St Cyprien - République,9
2400765,07:20:00,07:20:10,stop_point:SP_3339,Roguet,10
2400765,07:21:00,07:21:10,stop_point:SP_1736,Patte d'Oie,11
2400765,07:22:00,07:22:10,stop_point:SP_3876,Barrière de Bayonne,12
2400765,07:23:00,07:23:10,stop_point:SP_1339,Turenne,13
2400765,07:24:00,07:24:10,stop_point:SP_325,Zénith,14
2400765,07:25:00,07:25:10,stop_point:SP_3548,Cartoucherie,15
2400765,07:27:00,07:27:10,stop_point:SP_2242,Chardonnet,16
2400765,07:28:00,07:28:10,stop_point:SP_3732,Hôpital Purpan,17
2400765,07:29:00,07:29:10,stop_point:SP_322,Pelletier Purpan,18
2400766,08:26:00,08:26:10,stop_point:SP_631,Jeanne d'Arc,1
2400766,08:28:00,08:28:10,stop_point:SP_2833,Concorde,2
2400766,08:30:00,08:30:10,stop_point:SP_127,A. Bernard,3
2400766,08:31:00,08:31:10,stop_point:SP_1313,Compans-Caffarelli,4
2400766,08:33:00,08:33:10,stop_point:SP_2805,Leclerc,5
2400766,08:35:00,08:35:10,stop_point:SP_3157,Héraclès,6
2400766,08:37:00,08:37:10,stop_point:SP_1289,Amidonniers,7
2400766,08:40:00,08:40:10,stop_point:SP_1907,Les Abattoirs,8
2400766,08:41:00,08:41:10,stop_point:SP_1010,St Cyprien - République,9
2400766,08:43:00,08:43:10,stop_point:SP_3339,Roguet,10
2400766,08:44:00,08:44:10,stop_point:SP_1736,Patte d'Oie,11
2400766,08:45:00,08:45:10,stop_point:SP_3876,Barrière de Bayonne,12
2400766,08:47:00,08:47:10,stop_point:SP_1339,Turenne,13
2400766,08:48:00,08:48:10,stop_point:SP_325,Zénith,14
2400766,08:49:00,08:49:10,stop_point:SP_3548,Cartoucherie,15
2400766,08:52:00,08:52:10,stop_point:SP_2242,Chardonnet,16
2400766,08:53:00,08:53:10,stop_point:SP_3732,Hôpital Purpan,17
2400766,08:54:00,08:54:10,stop_point:SP_322,Pelletier Purpan,18
2400767,12:51:00,12:51:10,stop_point:SP_631,Jeanne d'Arc,1
2400767,12:53:00,12:53:10,stop_point:SP_2833,Concorde,2
2400767,12:54:00,12:54:10,stop_point:SP_127,A. Bernard,3
2400767,12:55:00,12:55:10,stop_point:SP_1313,Compans-Caffarelli,4
2400767,12:57:00,12:57:10,stop_point:SP_2805,Leclerc,5
2400767,12:58:00,12:58:10,stop_point:SP_3157,Héraclès,6
2400767,13:00:00,13:00:10,stop_point:SP_1289,Amidonniers,7
2400767,13:03:00,13:03:10,stop_point:SP_1907,Les Abattoirs,8
2400767,13:04:00,13:04:10,stop_point:SP_1010,St Cyprien - République,9
2400767,13:06:00,13:06:10,stop_point:SP_3339,Roguet,10
2400767,13:07:00,13:07:10,stop_point:SP_1736,Patte d'Oie,11
2400767,13:08:00,13:08:10,stop_point:SP_3876,Barrière de Bayonne,12
2400767,13:09:00,13:09:10,stop_point:SP_1339,Turenne,13
2400767,13:10:00,13:10:10,stop_point:SP_325,Zénith,14
2400767,13:11:00,13:11:10,stop_point:SP_3548,Cartoucherie,15
2400767,13:14:00,13:14:10,stop_point:SP_2242,Chardonnet,16
2400767,13:15:00,13:15:10,stop_point:SP_3732,Hôpital Purpan,17
2400767,13:16:00,13:16:10,stop_point:SP_322,Pelletier Purpan,18
2400768,08:41:00,08:41:10,stop_point:SP_631,Jeanne d'Arc,1
2400768,08:43:00,08:43:10,stop_point:SP_2833,Concorde,2
2400768,08:44:00,08:44:10,stop_point:SP_127,A. Bernard,3
2400768,08:45:00,08:45:10,stop_point:SP_1313,Compans-Caffarelli,4
2400768,08:47:00,08:47:10,stop_point:SP_2805,Leclerc,5
2400768,08:49:00,08:49:10,stop_point:SP_3157,Héraclès,6
2400768,08:51:00,08:51:10,stop_point:SP_1289,Amidonniers,7
2400768,08:54:00,08:54:10,stop_point:SP_1907,Les Abattoirs,8
2400768,08:55:00,08:55:10,stop_point:SP_1010,St Cyprien - République,9
2400768,08:57:00,08:57:10,stop_point:SP_3339,Roguet,10
2400768,08:58:00,08:58:10,stop_point:SP_1736,Patte d'Oie,11
2400768,08:59:00,08:59:10,stop_point:SP_3876,Barrière de Bayonne,12
2400768,09:01:00,09:01:10,stop_point:SP_1339,Turenne,13
2400768,09:02:00,09:02:10,stop_point:SP_325,Zénith,14
2400768,09:03:00,09:03:10,stop_point:SP_3548,Cartoucherie,15
2400768,09:06:00,09:06:10,stop_point:SP_2242,Chardonnet,16
2400768,09:07:00,09:07:10,stop_point:SP_3732,Hôpital Purpan,17
2400768,09:08:00,09:08:10,stop_point:SP_322,Pelletier Purpan,18
2400769,08:10:00,08:10:10,stop_point:SP_631,Jeanne d'Arc,1
2400769,08:12:00,08:12:10,stop_point:SP_2833,Concorde,2
2400769,08:14:00,08:14:10,stop_point:SP_127,A. Bernard,3
2400769,08:15:00,08:15:10,stop_point:SP_1313,Compans-Caffarelli,4
2400769,08:17:00,08:17:10,stop_point:SP_2805,Leclerc,5
2400769,08:19:00,08:19:10,stop_point:SP_3157,Héraclès,6
2400769,08:21:00,08:21:10,stop_point:SP_1289,Amidonniers,7
2400769,08:24:00,08:24:10,stop_point:SP_1907,Les Abattoirs,8
2400769,08:25:00,08:25:10,stop_point:SP_1010,St Cyprien - République,9
2400769,08:27:00,08:27:10,stop_point:SP_3339,Roguet,10
2400769,08:28:00,08:28:10,stop_point:SP_1736,Patte d'Oie,11
2400769,08:29:00,08:29:10,stop_point:SP_3876,Barrière de Bayonne,12
2400769,08:31:00,08:31:10,stop_point:SP_1339,Turenne,13
2400769,08:32:00,08:32:10,stop_point:SP_325,Zénith,14
2400769,08:33:00,08:33:10,stop_point:SP_3548,Cartoucherie,15
2400769,08:36:00,08:36:10,stop_point:SP_2242,Chardonnet,16
2400769,08:37:00,08:37:10,stop_point:SP_3732,Hôpital Purpan,17
2400769,08:38:00,08:38:10,stop_point:SP_322,Pelletier Purpan,18
2400770,10:51:00,10:51:10,stop_point:SP_631,Jeanne d'Arc,1
2400770,10:53:00,10:53:10,stop_point:SP_2833,Concorde,2
2400770,10:54:00,10:54:10,stop_point:SP_127,A. Bernard,3
2400770,10:55:00,10:55:10,stop_point:SP_1313,Compans-Caffarelli,4
2400770,10:57:00,10:57:10,stop_point:SP_2805,Leclerc,5
2400770,10:58:00,10:58:10,stop_point:SP_3157,Héraclès,6
2400770,11:00:00,11:00:10,stop_point:SP_1289,Amidonniers,7
2400770,11:03:00,11:03:10,stop_point:SP_1907,Les Abattoirs,8
2400770,11:04:00,11:04:10,stop_point:SP_1010,St Cyprien - République,9
2400770,11:06:00,11:06:10,stop_point:SP_3339,Roguet,10
2400770,11:07:00,11:07:10,stop_point:SP_1736,Patte d'Oie,11
2400770,11:08:00,11:08:10,stop_point:SP_3876,Barrière de Bayonne,12
2400770,11:09:00,11:09:10,stop_point:SP_1339,Turenne,13
2400770,11:10:00,11:10:10,stop_point:SP_325,Zénith,14
2400770,11:11:00,11:11:10,stop_point:SP_3548,Cartoucherie,15
2400770,11:14:00,11:14:10,stop_point:SP_2242,Chardonnet,16
2400770,11:15:00,11:15:10,stop_point:SP_3732,Hôpital Purpan,17
2400770,11:16:00,11:16:10,stop_point:SP_322,Pelletier Purpan,18
2400771,16:36:00,16:36:10,stop_point:SP_631,Jeanne d'Arc,1
2400771,16:38:00,16:38:10,stop_point:SP_2833,Concorde,2
2400771,16:40:00,16:40:10,stop_point:SP_127,A. Bernard,3
2400771,16:41:00,16:41:10,stop_point:SP_1313,Compans-Caffarelli,4
2400771,16:43:00,16:43:10,stop_point:SP_2805,Leclerc,5
2400771,16:45:00,16:45:10,stop_point:SP_3157,Héraclès,6
2400771,16:47:00,16:47:10,stop_point:SP_1289,Amidonniers,7
2400771,16:50:00,16:50:10,stop_point:SP_1907,Les Abattoirs,8
2400771,16:51:00,16:51:10,stop_point:SP_1010,St Cyprien - République,9
2400771,16:53:00,16:53:10,stop_point:SP_3339,Roguet,10
2400771,16:54:00,16:54:10,stop_point:SP_1736,Patte d'Oie,11
2400771,16:55:00,16:55:10,stop_point:SP_3876,Barrière de Bayonne,12
2400771,16:57:00,16:57:10,stop_point:SP_1339,Turenne,13
2400771,16:58:00,16:58:10,stop_point:SP_325,Zénith,14
2400771,16:59:00,16:59:10,stop_point:SP_3548,Cartoucherie,15
2400771,17:02:00,17:02:10,stop_point:SP_2242,Chardonnet,16
2400771,17:03:00,17:03:10,stop_point:SP_3732,Hôpital Purpan,17
2400771,17:04:00,17:04:10,stop_point:SP_322,Pelletier Purpan,18
2400772,07:54:00,07:54:10,stop_point:SP_631,Jeanne d'Arc,1
2400772,07:56:00,07:56:10,stop_point:SP_2833,Concorde,2
2400772,07:57:00,07:57:10,stop_point:SP_127,A. Bernard,3
2400772,07:58:00,07:58:10,stop_point:SP_1313,Compans-Caffarelli,4
2400772,08:00:00,08:00:10,stop_point:SP_2805,Leclerc,5
2400772,08:01:00,08:01:10,stop_point:SP_3157,Héraclès,6
2400772,08:03:00,08:03:10,stop_point:SP_1289,Amidonniers,7
2400772,08:06:00,08:06:10,stop_point:SP_1907,Les Abattoirs,8
2400772,08:07:00,08:07:10,stop_point:SP_1010,St Cyprien - République,9
2400772,08:09:00,08:09:10,stop_point:SP_3339,Roguet,10
2400772,08:10:00,08:10:10,stop_point:SP_1736,Patte d'Oie,11
2400772,08:11:00,08:11:10,stop_point:SP_3876,Barrière de Bayonne,12
2400772,08:13:00,08:13:10,stop_point:SP_1339,Turenne,13
2400772,08:14:00,08:14:10,stop_point:SP_325,Zénith,14
2400772,08:15:00,08:15:10,stop_point:SP_3548,Cartoucherie,15
2400772,08:18:00,08:18:10,stop_point:SP_2242,Chardonnet,16
2400772,08:19:00,08:19:10,stop_point:SP_3732,Hôpital Purpan,17
2400772,08:20:00,08:20:10,stop_point:SP_322,Pelletier Purpan,18
2400773,09:51:00,09:51:10,stop_point:SP_631,Jeanne d'Arc,1
2400773,09:53:00,09:53:10,stop_point:SP_2833,Concorde,2
2400773,09:54:00,09:54:10,stop_point:SP_127,A. Bernard,3
2400773,09:55:00,09:55:10,stop_point:SP_1313,Compans-Caffarelli,4
2400773,09:57:00,09:57:10,stop_point:SP_2805,Leclerc,5
2400773,09:58:00,09:58:10,stop_point:SP_3157,Héraclès,6
2400773,10:00:00,10:00:10,stop_point:SP_1289,Amidonniers,7
2400773,10:03:00,10:03:10,stop_point:SP_1907,Les Abattoirs,8
2400773,10:04:00,10:04:10,stop_point:SP_1010,St Cyprien - République,9
2400773,10:06:00,10:06:10,stop_point:SP_3339,Roguet,10
2400773,10:07:00,10:07:10,stop_point:SP_1736,Patte d'Oie,11
2400773,10:08:00,10:08:10,stop_point:SP_3876,Barrière de Bayonne,12
2400773,10:09:00,10:09:10,stop_point:SP_1339,Turenne,13
2400773,10:10:00,10:10:10,stop_point:SP_325,Zénith,14
2400773,10:11:00,10:11:10,stop_point:SP_3548,Cartoucherie,15
2400773,10:14:00,10:14:10,stop_point:SP_2242,Chardonnet,16
2400773,10:15:00,10:15:10,stop_point:SP_3732,Hôpital Purpan,17
2400773,10:16:00,10:16:10,stop_point:SP_322,Pelletier Purpan,18
2400774,09:13:00,09:13:10,stop_point:SP_631,Jeanne d'Arc,1
2400774,09:15:00,09:15:10,stop_point:SP_2833,Concorde,2
2400774,09:16:00,09:16:10,stop_point:SP_127,A. Bernard,3
2400774,09:17:00,09:17:10,stop_point:SP_1313,Compans-Caffarelli,4
2400774,09:19:00,09:19:10,stop_point:SP_2805,Leclerc,5
2400774,09:20:00,09:20:10,stop_point:SP_3157,Héraclès,6
2400774,09:22:00,09:22:10,stop_point:SP_1289,Amidonniers,7
2400774,09:25:00,09:25:10,stop_point:SP_1907,Les Abattoirs,8
2400774,09:26:00,09:26:10,stop_point:SP_1010,St Cyprien - République,9
2400774,09:28:00,09:28:10,stop_point:SP_3339,Roguet,10
2400774,09:29:00,09:29:10,stop_point:SP_1736,Patte d'Oie,11
2400774,09:30:00,09:30:10,stop_point:SP_3876,Barrière de Bayonne,12
2400774,09:31:00,09:31:10,stop_point:SP_1339,Turenne,13
2400774,09:32:00,09:32:10,stop_point:SP_325,Zénith,14
2400774,09:33:00,09:33:10,stop_point:SP_3548,Cartoucherie,15
2400774,09:36:00,09:36:10,stop_point:SP_2242,Chardonnet,16
2400774,09:37:00,09:37:10,stop_point:SP_3732,Hôpital Purpan,17
2400774,09:38:00,09:38:10,stop_point:SP_322,Pelletier Purpan,18
2400775,07:38:00,07:38:10,stop_point:SP_631,Jeanne d'Arc,1
2400775,07:40:00,07:40:10,stop_point:SP_2833,Concorde,2
2400775,07:41:00,07:41:10,stop_point:SP_127,A. Bernard,3
2400775,07:42:00,07:42:10,stop_point:SP_1313,Compans-Caffarelli,4
2400775,07:44:00,07:44:10,stop_point:SP_2805,Leclerc,5
2400775,07:45:00,07:45:10,stop_point:SP_3157,Héraclès,6
2400775,07:47:00,07:47:10,stop_point:SP_1289,Amidonniers,7
2400775,07:50:00,07:50:10,stop_point:SP_1907,Les Abattoirs,8
2400775,07:51:00,07:51:10,stop_point:SP_1010,St Cyprien - République,9
2400775,07:53:00,07:53:10,stop_point:SP_3339,Roguet,10
2400775,07:54:00,07:54:10,stop_point:SP_1736,Patte d'Oie,11
2400775,07:55:00,07:55:10,stop_point:SP_3876,Barrière de Bayonne,12
2400775,07:57:00,07:57:10,stop_point:SP_1339,Turenne,13
2400775,07:58:00,07:58:10,stop_point:SP_325,Zénith,14
2400775,07:59:00,07:59:10,stop_point:SP_3548,Cartoucherie,15
2400775,08:02:00,08:02:10,stop_point:SP_2242,Chardonnet,16
2400775,08:03:00,08:03:10,stop_point:SP_3732,Hôpital Purpan,17
2400775,08:04:00,08:04:10,stop_point:SP_322,Pelletier Purpan,18
2400776,16:06:00,16:06:10,stop_point:SP_631,Jeanne d'Arc,1
2400776,16:08:00,16:08:10,stop_point:SP_2833,Concorde,2
2400776,16:09:00,16:09:10,stop_point:SP_127,A. Bernard,3
2400776,16:10:00,16:10:10,stop_point:SP_1313,Compans-Caffarelli,4
2400776,16:12:00,16:12:10,stop_point:SP_2805,Leclerc,5
2400776,16:14:00,16:14:10,stop_point:SP_3157,Héraclès,6
2400776,16:16:00,16:16:10,stop_point:SP_1289,Amidonniers,7
2400776,16:19:00,16:19:10,stop_point:SP_1907,Les Abattoirs,8
2400776,16:20:00,16:20:10,stop_point:SP_1010,St Cyprien - République,9
2400776,16:22:00,16:22:10,stop_point:SP_3339,Roguet,10
2400776,16:23:00,16:23:10,stop_point:SP_1736,Patte d'Oie,11
2400776,16:24:00,16:24:10,stop_point:SP_3876,Barrière de Bayonne,12
2400776,16:26:00,16:26:10,stop_point:SP_1339,Turenne,13
2400776,16:27:00,16:27:10,stop_point:SP_325,Zénith,14
2400776,16:28:00,16:28:10,stop_point:SP_3548,Cartoucherie,15
2400776,16:31:00,16:31:10,stop_point:SP_2242,Chardonnet,16
2400776,16:32:00,16:32:10,stop_point:SP_3732,Hôpital Purpan,17
2400776,16:33:00,16:33:10,stop_point:SP_322,Pelletier Purpan,18
2400777,10:31:00,10:31:10,stop_point:SP_631,Jeanne d'Arc,1
2400777,10:33:00,10:33:10,stop_point:SP_2833,Concorde,2
2400777,10:34:00,10:34:10,stop_point:SP_127,A. Bernard,3
2400777,10:35:00,10:35:10,stop_point:SP_1313,Compans-Caffarelli,4
2400777,10:37:00,10:37:10,stop_point:SP_2805,Leclerc,5
2400777,10:38:00,10:38:10,stop_point:SP_3157,Héraclès,6
2400777,10:40:00,10:40:10,stop_point:SP_1289,Amidonniers,7
2400777,10:43:00,10:43:10,stop_point:SP_1907,Les Abattoirs,8
2400777,10:44:00,10:44:10,stop_point:SP_1010,St Cyprien - République,9
2400777,10:46:00,10:46:10,stop_point:SP_3339,Roguet,10
2400777,10:47:00,10:47:10,stop_point:SP_1736,Patte d'Oie,11
2400777,10:48:00,10:48:10,stop_point:SP_3876,Barrière de Bayonne,12
2400777,10:49:00,10:49:10,stop_point:SP_1339,Turenne,13
2400777,10:50:00,10:50:10,stop_point:SP_325,Zénith,14
2400777,10:51:00,10:51:10,stop_point:SP_3548,Cartoucherie,15
2400777,10:54:00,10:54:10,stop_point:SP_2242,Chardonnet,16
2400777,10:55:00,10:55:10,stop_point:SP_3732,Hôpital Purpan,17
2400777,10:56:00,10:56:10,stop_point:SP_322,Pelletier Purpan,18
2400778,15:50:00,15:50:10,stop_point:SP_631,Jeanne d'Arc,1
2400778,15:52:00,15:52:10,stop_point:SP_2833,Concorde,2
2400778,15:53:00,15:53:10,stop_point:SP_127,A. Bernard,3
2400778,15:54:00,15:54:10,stop_point:SP_1313,Compans-Caffarelli,4
2400778,15:56:00,15:56:10,stop_point:SP_2805,Leclerc,5
2400778,15:58:00,15:58:10,stop_point:SP_3157,Héraclès,6
2400778,16:00:00,16:00:10,stop_point:SP_1289,Amidonniers,7
2400778,16:03:00,16:03:10,stop_point:SP_1907,Les Abattoirs,8
2400778,16:04:00,16:04:10,stop_point:SP_1010,St Cyprien - République,9
2400778,16:06:00,16:06:10,stop_point:SP_3339,Roguet,10
2400778,16:07:00,16:07:10,stop_point:SP_1736,Patte d'Oie,11
2400778,16:08:00,16:08:10,stop_point:SP_3876,Barrière de Bayonne,12
2400778,16:10:00,16:10:10,stop_point:SP_1339,Turenne,13
2400778,16:11:00,16:11:10,stop_point:SP_325,Zénith,14
2400778,16:12:00,16:12:10,stop_point:SP_3548,Cartoucherie,15
2400778,16:15:00,16:15:10,stop_point:SP_2242,Chardonnet,16
2400778,16:16:00,16:16:10,stop_point:SP_3732,Hôpital Purpan,17
2400778,16:17:00,16:17:10,stop_point:SP_322,Pelletier Purpan,18
2400779,10:11:00,10:11:10,stop_point:SP_631,Jeanne d'Arc,1
2400779,10:13:00,10:13:10,stop_point:SP_2833,Concorde,2
2400779,10:14:00,10:14:10,stop_point:SP_127,A. Bernard,3
2400779,10:15:00,10:15:10,stop_point:SP_1313,Compans-Caffarelli,4
2400779,10:17:00,10:17:10,stop_point:SP_2805,Leclerc,5
2400779,10:18:00,10:18:10,stop_point:SP_3157,Héraclès,6
2400779,10:20:00,10:20:10,stop_point:SP_1289,Amidonniers,7
2400779,10:23:00,10:23:10,stop_point:SP_1907,Les Abattoirs,8
2400779,10:24:00,10:24:10,stop_point:SP_1010,St Cyprien - République,9
2400779,10:26:00,10:26:10,stop_point:SP_3339,Roguet,10
2400779,10:27:00,10:27:10,stop_point:SP_1736,Patte d'Oie,11
2400779,10:28:00,10:28:10,stop_point:SP_3876,Barrière de Bayonne,12
2400779,10:29:00,10:29:10,stop_point:SP_1339,Turenne,13
2400779,10:30:00,10:30:10,stop_point:SP_325,Zénith,14
2400779,10:31:00,10:31:10,stop_point:SP_3548,Cartoucherie,15
2400779,10:34:00,10:34:10,stop_point:SP_2242,Chardonnet,16
2400779,10:35:00,10:35:10,stop_point:SP_3732,Hôpital Purpan,17
2400779,10:36:00,10:36:10,stop_point:SP_322,Pelletier Purpan,18
2400780,13:51:00,13:51:10,stop_point:SP_631,Jeanne d'Arc,1
2400780,13:53:00,13:53:10,stop_point:SP_2833,Concorde,2
2400780,13:54:00,13:54:10,stop_point:SP_127,A. Bernard,3
2400780,13:55:00,13:55:10,stop_point:SP_1313,Compans-Caffarelli,4
2400780,13:57:00,13:57:10,stop_point:SP_2805,Leclerc,5
2400780,13:58:00,13:58:10,stop_point:SP_3157,Héraclès,6
2400780,14:00:00,14:00:10,stop_point:SP_1289,Amidonniers,7
2400780,14:03:00,14:03:10,stop_point:SP_1907,Les Abattoirs,8
2400780,14:04:00,14:04:10,stop_point:SP_1010,St Cyprien - République,9
2400780,14:06:00,14:06:10,stop_point:SP_3339,Roguet,10
2400780,14:07:00,14:07:10,stop_point:SP_1736,Patte d'Oie,11
2400780,14:08:00,14:08:10,stop_point:SP_3876,Barrière de Bayonne,12
2400780,14:09:00,14:09:10,stop_point:SP_1339,Turenne,13
2400780,14:10:00,14:10:10,stop_point:SP_325,Zénith,14
2400780,14:11:00,14:11:10,stop_point:SP_3548,Cartoucherie,15
2400780,14:14:00,14:14:10,stop_point:SP_2242,Chardonnet,16
2400780,14:15:00,14:15:10,stop_point:SP_3732,Hôpital Purpan,17
2400780,14:16:00,14:16:10,stop_point:SP_322,Pelletier Purpan,18
2400781,14:11:00,14:11:10,stop_point:SP_631,Jeanne d'Arc,1
2400781,14:13:00,14:13:10,stop_point:SP_2833,Concorde,2
2400781,14:14:00,14:14:10,stop_point:SP_127,A. Bernard,3
2400781,14:15:00,14:15:10,stop_point:SP_1313,Compans-Caffarelli,4
2400781,14:17:00,14:17:10,stop_point:SP_2805,Leclerc,5
2400781,14:18:00,14:18:10,stop_point:SP_3157,Héraclès,6
2400781,14:20:00,14:20:10,stop_point:SP_1289,Amidonniers,7
2400781,14:23:00,14:23:10,stop_point:SP_1907,Les Abattoirs,8
2400781,14:24:00,14:24:10,stop_point:SP_1010,St Cyprien - République,9
2400781,14:26:00,14:26:10,stop_point:SP_3339,Roguet,10
2400781,14:27:00,14:27:10,stop_point:SP_1736,Patte d'Oie,11
2400781,14:28:00,14:28:10,stop_point:SP_3876,Barrière de Bayonne,12
2400781,14:29:00,14:29:10,stop_point:SP_1339,Turenne,13
2400781,14:30:00,14:30:10,stop_point:SP_325,Zénith,14
2400781,14:31:00,14:31:10,stop_point:SP_3548,Cartoucherie,15
2400781,14:34:00,14:34:10,stop_point:SP_2242,Chardonnet,16
2400781,14:35:00,14:35:10,stop_point:SP_3732,Hôpital Purpan,17
2400781,14:36:00,14:36:10,stop_point:SP_322,Pelletier Purpan,18
2400782,16:21:00,16:21:10,stop_point:SP_631,Jeanne d'Arc,1
2400782,16:23:00,16:23:10,stop_point:SP_2833,Concorde,2
2400782,16:24:00,16:24:10,stop_point:SP_127,A. Bernard,3
2400782,16:25:00,16:25:10,stop_point:SP_1313,Compans-Caffarelli,4
2400782,16:27:00,16:27:10,stop_point:SP_2805,Leclerc,5
2400782,16:29:00,16:29:10,stop_point:SP_3157,Héraclès,6
2400782,16:31:00,16:31:10,stop_point:SP_1289,Amidonniers,7
2400782,16:34:00,16:34:10,stop_point:SP_1907,Les Abattoirs,8
2400782,16:35:00,16:35:10,stop_point:SP_1010,St Cyprien - République,9
2400782,16:37:00,16:37:10,stop_point:SP_3339,Roguet,10
2400782,16:38:00,16:38:10,stop_point:SP_1736,Patte d'Oie,11
2400782,16:39:00,16:39:10,stop_point:SP_3876,Barrière de Bayonne,12
2400782,16:41:00,16:41:10,stop_point:SP_1339,Turenne,13
2400782,16:42:00,16:42:10,stop_point:SP_325,Zénith,14
2400782,16:43:00,16:43:10,stop_point:SP_3548,Cartoucherie,15
2400782,16:46:00,16:46:10,stop_point:SP_2242,Chardonnet,16
2400782,16:47:00,16:47:10,stop_point:SP_3732,Hôpital Purpan,17
2400782,16:48:00,16:48:10,stop_point:SP_322,Pelletier Purpan,18
2400783,07:23:00,07:23:10,stop_point:SP_631,Jeanne d'Arc,1
2400783,07:25:00,07:25:10,stop_point:SP_2833,Concorde,2
2400783,07:26:00,07:26:10,stop_point:SP_127,A. Bernard,3
2400783,07:27:00,07:27:10,stop_point:SP_1313,Compans-Caffarelli,4
2400783,07:29:00,07:29:10,stop_point:SP_2805,Leclerc,5
2400783,07:30:00,07:30:10,stop_point:SP_3157,Héraclès,6
2400783,07:32:00,07:32:10,stop_point:SP_1289,Amidonniers,7
2400783,07:35:00,07:35:10,stop_point:SP_1907,Les Abattoirs,8
2400783,07:36:00,07:36:10,stop_point:SP_1010,St Cyprien - République,9
2400783,07:37:00,07:37:10,stop_point:SP_3339,Roguet,10
2400783,07:38:00,07:38:10,stop_point:SP_1736,Patte d'Oie,11
2400783,07:39:00,07:39:10,stop_point:SP_3876,Barrière de Bayonne,12
2400783,07:41:00,07:41:10,stop_point:SP_1339,Turenne,13
2400783,07:42:00,07:42:10,stop_point:SP_325,Zénith,14
2400783,07:43:00,07:43:10,stop_point:SP_3548,Cartoucherie,15
2400783,07:46:00,07:46:10,stop_point:SP_2242,Chardonnet,16
2400783,07:47:00,07:47:10,stop_point:SP_3732,Hôpital Purpan,17
2400783,07:48:00,07:48:10,stop_point:SP_322,Pelletier Purpan,18
2400784,16:51:00,16:51:10,stop_point:SP_631,Jeanne d'Arc,1
2400784,16:53:00,16:53:10,stop_point:SP_2833,Concorde,2
2400784,16:55:00,16:55:10,stop_point:SP_127,A. Bernard,3
2400784,16:56:00,16:56:10,stop_point:SP_1313,Compans-Caffarelli,4
2400784,16:58:00,16:58:10,stop_point:SP_2805,Leclerc,5
2400784,17:00:00,17:00:10,stop_point:SP_3157,Héraclès,6
2400784,17:02:00,17:02:10,stop_point:SP_1289,Amidonniers,7
2400784,17:05:00,17:05:10,stop_point:SP_1907,Les Abattoirs,8
2400784,17:06:00,17:06:10,stop_point:SP_1010,St Cyprien - République,9
2400784,17:08:00,17:08:10,stop_point:SP_3339,Roguet,10
2400784,17:09:00,17:09:10,stop_point:SP_1736,Patte d'Oie,11
2400784,17:10:00,17:10:10,stop_point:SP_3876,Barrière de Bayonne,12
2400784,17:12:00,17:12:10,stop_point:SP_1339,Turenne,13
2400784,17:13:00,17:13:10,stop_point:SP_325,Zénith,14
2400784,17:14:00,17:14:10,stop_point:SP_3548,Cartoucherie,15
2400784,17:17:00,17:17:10,stop_point:SP_2242,Chardonnet,16
2400784,17:18:00,17:18:10,stop_point:SP_3732,Hôpital Purpan,17
2400784,17:19:00,17:19:10,stop_point:SP_322,Pelletier Purpan,18
2400785,17:36:00,17:36:10,stop_point:SP_631,Jeanne d'Arc,1
2400785,17:38:00,17:38:10,stop_point:SP_2833,Concorde,2
2400785,17:40:00,17:40:10,stop_point:SP_127,A. Bernard,3
2400785,17:41:00,17:41:10,stop_point:SP_1313,Compans-Caffarelli,4
2400785,17:43:00,17:43:10,stop_point:SP_2805,Leclerc,5
2400785,17:45:00,17:45:10,stop_point:SP_3157,Héraclès,6
2400785,17:47:00,17:47:10,stop_point:SP_1289,Amidonniers,7
2400785,17:50:00,17:50:10,stop_point:SP_1907,Les Abattoirs,8
2400785,17:51:00,17:51:10,stop_point:SP_1010,St Cyprien - République,9
2400785,17:53:00,17:53:10,stop_point:SP_3339,Roguet,10
2400785,17:54:00,17:54:10,stop_point:SP_1736,Patte d'Oie,11
2400785,17:55:00,17:55:10,stop_point:SP_3876,Barrière de Bayonne,12
2400785,17:57:00,17:57:10,stop_point:SP_1339,Turenne,13
2400785,17:59:00,17:59:10,stop_point:SP_325,Zénith,14
2400785,18:00:00,18:00:10,stop_point:SP_3548,Cartoucherie,15
2400785,18:03:00,18:03:10,stop_point:SP_2242,Chardonnet,16
2400785,18:04:00,18:04:10,stop_point:SP_3732,Hôpital Purpan,17
2400785,18:05:00,18:05:10,stop_point:SP_322,Pelletier Purpan,18
2400786,19:11:00,19:11:10,stop_point:SP_631,Jeanne d'Arc,1
2400786,19:13:00,19:13:10,stop_point:SP_2833,Concorde,2
2400786,19:14:00,19:14:10,stop_point:SP_127,A. Bernard,3
2400786,19:15:00,19:15:10,stop_point:SP_1313,Compans-Caffarelli,4
2400786,19:17:00,19:17:10,stop_point:SP_2805,Leclerc,5
2400786,19:18:00,19:18:10,stop_point:SP_3157,Héraclès,6
2400786,19:20:00,19:20:10,stop_point:SP_1289,Amidonniers,7
2400786,19:23:00,19:23:10,stop_point:SP_1907,Les Abattoirs,8
2400786,19:24:00,19:24:10,stop_point:SP_1010,St Cyprien - République,9
2400786,19:25:00,19:25:10,stop_point:SP_3339,Roguet,10
2400786,19:26:00,19:26:10,stop_point:SP_1736,Patte d'Oie,11
2400786,19:27:00,19:27:10,stop_point:SP_3876,Barrière de Bayonne,12
2400786,19:29:00,19:29:10,stop_point:SP_1339,Turenne,13
2400786,19:30:00,19:30:10,stop_point:SP_325,Zénith,14
2400786,19:31:00,19:31:10,stop_point:SP_3548,Cartoucherie,15
2400786,19:33:00,19:33:10,stop_point:SP_2242,Chardonnet,16
2400786,19:34:00,19:34:10,stop_point:SP_3732,Hôpital Purpan,17
2400786,19:35:00,19:35:10,stop_point:SP_322,Pelletier Purpan,18
2400787,11:51:00,11:51:10,stop_point:SP_631,Jeanne d'Arc,1
2400787,11:53:00,11:53:10,stop_point:SP_2833,Concorde,2
2400787,11:54:00,11:54:10,stop_point:SP_127,A. Bernard,3
2400787,11:55:00,11:55:10,stop_point:SP_1313,Compans-Caffarelli,4
2400787,11:57:00,11:57:10,stop_point:SP_2805,Leclerc,5
2400787,11:58:00,11:58:10,stop_point:SP_3157,Héraclès,6
2400787,12:00:00,12:00:10,stop_point:SP_1289,Amidonniers,7
2400787,12:03:00,12:03:10,stop_point:SP_1907,Les Abattoirs,8
2400787,12:04:00,12:04:10,stop_point:SP_1010,St Cyprien - République,9
2400787,12:06:00,12:06:10,stop_point:SP_3339,Roguet,10
2400787,12:07:00,12:07:10,stop_point:SP_1736,Patte d'Oie,11
2400787,12:08:00,12:08:10,stop_point:SP_3876,Barrière de Bayonne,12
2400787,12:09:00,12:09:10,stop_point:SP_1339,Turenne,13
2400787,12:10:00,12:10:10,stop_point:SP_325,Zénith,14
2400787,12:11:00,12:11:10,stop_point:SP_3548,Cartoucherie,15
2400787,12:14:00,12:14:10,stop_point:SP_2242,Chardonnet,16
2400787,12:15:00,12:15:10,stop_point:SP_3732,Hôpital Purpan,17
2400787,12:16:00,12:16:10,stop_point:SP_322,Pelletier Purpan,18
2400788,13:11:00,13:11:10,stop_point:SP_631,Jeanne d'Arc,1
2400788,13:13:00,13:13:10,stop_point:SP_2833,Concorde,2
2400788,13:15:00,13:15:10,stop_point:SP_127,A. Bernard,3
2400788,13:16:00,13:16:10,stop_point:SP_1313,Compans-Caffarelli,4
2400788,13:18:00,13:18:10,stop_point:SP_2805,Leclerc,5
2400788,13:19:00,13:19:10,stop_point:SP_3157,Héraclès,6
2400788,13:21:00,13:21:10,stop_point:SP_1289,Amidonniers,7
2400788,13:24:00,13:24:10,stop_point:SP_1907,Les Abattoirs,8
2400788,13:25:00,13:25:10,stop_point:SP_1010,St Cyprien - République,9
2400788,13:27:00,13:27:10,stop_point:SP_3339,Roguet,10
2400788,13:28:00,13:28:10,stop_point:SP_1736,Patte d'Oie,11
2400788,13:29:00,13:29:10,stop_point:SP_3876,Barrière de Bayonne,12
2400788,13:30:00,13:30:10,stop_point:SP_1339,Turenne,13
2400788,13:31:00,13:31:10,stop_point:SP_325,Zénith,14
2400788,13:32:00,13:32:10,stop_point:SP_3548,Cartoucherie,15
2400788,13:35:00,13:35:10,stop_point:SP_2242,Chardonnet,16
2400788,13:36:00,13:36:10,stop_point:SP_3732,Hôpital Purpan,17
2400788,13:37:00,13:37:10,stop_point:SP_322,Pelletier Purpan,18
2400789,20:04:00,20:04:10,stop_point:SP_631,Jeanne d'Arc,1
2400789,20:06:00,20:06:10,stop_point:SP_2833,Concorde,2
2400789,20:07:00,20:07:10,stop_point:SP_127,A. Bernard,3
2400789,20:08:00,20:08:10,stop_point:SP_1313,Compans-Caffarelli,4
2400789,20:10:00,20:10:10,stop_point:SP_2805,Leclerc,5
2400789,20:11:00,20:11:10,stop_point:SP_3157,Héraclès,6
2400789,20:12:00,20:12:10,stop_point:SP_1289,Amidonniers,7
2400789,20:15:00,20:15:10,stop_point:SP_1907,Les Abattoirs,8
2400789,20:16:00,20:16:10,stop_point:SP_1010,St Cyprien - République,9
2400789,20:17:00,20:17:10,stop_point:SP_3339,Roguet,10
2400789,20:18:00,20:18:10,stop_point:SP_1736,Patte d'Oie,11
2400789,20:19:00,20:19:10,stop_point:SP_3876,Barrière de Bayonne,12
2400789,20:20:00,20:20:10,stop_point:SP_1339,Turenne,13
2400789,20:21:00,20:21:10,stop_point:SP_325,Zénith,14
2400789,20:22:00,20:22:10,stop_point:SP_3548,Cartoucherie,15
2400789,20:24:00,20:24:10,stop_point:SP_2242,Chardonnet,16
2400789,20:25:00,20:25:10,stop_point:SP_3732,Hôpital Purpan,17
2400789,20:26:00,20:26:10,stop_point:SP_322,Pelletier Purpan,18
2400790,17:06:00,17:06:10,stop_point:SP_631,Jeanne d'Arc,1
2400790,17:08:00,17:08:10,stop_point:SP_2833,Concorde,2
2400790,17:10:00,17:10:10,stop_point:SP_127,A. Bernard,3
2400790,17:11:00,17:11:10,stop_point:SP_1313,Compans-Caffarelli,4
2400790,17:13:00,17:13:10,stop_point:SP_2805,Leclerc,5
2400790,17:15:00,17:15:10,stop_point:SP_3157,Héraclès,6
2400790,17:17:00,17:17:10,stop_point:SP_1289,Amidonniers,7
2400790,17:20:00,17:20:10,stop_point:SP_1907,Les Abattoirs,8
2400790,17:21:00,17:21:10,stop_point:SP_1010,St Cyprien - République,9
2400790,17:23:00,17:23:10,stop_point:SP_3339,Roguet,10
2400790,17:24:00,17:24:10,stop_point:SP_1736,Patte d'Oie,11
2400790,17:25:00,17:25:10,stop_point:SP_3876,Barrière de Bayonne,12
2400790,17:27:00,17:27:10,stop_point:SP_1339,Turenne,13
2400790,17:29:00,17:29:10,stop_point:SP_325,Zénith,14
2400790,17:30:00,17:30:10,stop_point:SP_3548,Cartoucherie,15
2400790,17:33:00,17:33:10,stop_point:SP_2242,Chardonnet,16
2400790,17:34:00,17:34:10,stop_point:SP_3732,Hôpital Purpan,17
2400790,17:35:00,17:35:10,stop_point:SP_322,Pelletier Purpan,18
2400791,17:21:00,17:21:10,stop_point:SP_631,Jeanne d'Arc,1
2400791,17:23:00,17:23:10,stop_point:SP_2833,Concorde,2
2400791,17:25:00,17:25:10,stop_point:SP_127,A. Bernard,3
2400791,17:26:00,17:26:10,stop_point:SP_1313,Compans-Caffarelli,4
2400791,17:28:00,17:28:10,stop_point:SP_2805,Leclerc,5
2400791,17:30:00,17:30:10,stop_point:SP_3157,Héraclès,6
2400791,17:32:00,17:32:10,stop_point:SP_1289,Amidonniers,7
2400791,17:35:00,17:35:10,stop_point:SP_1907,Les Abattoirs,8
2400791,17:36:00,17:36:10,stop_point:SP_1010,St Cyprien - République,9
2400791,17:38:00,17:38:10,stop_point:SP_3339,Roguet,10
2400791,17:39:00,17:39:10,stop_point:SP_1736,Patte d'Oie,11
2400791,17:40:00,17:40:10,stop_point:SP_3876,Barrière de Bayonne,12
2400791,17:42:00,17:42:10,stop_point:SP_1339,Turenne,13
2400791,17:44:00,17:44:10,stop_point:SP_325,Zénith,14
2400791,17:45:00,17:45:10,stop_point:SP_3548,Cartoucherie,15
2400791,17:48:00,17:48:10,stop_point:SP_2242,Chardonnet,16
2400791,17:49:00,17:49:10,stop_point:SP_3732,Hôpital Purpan,17
2400791,17:50:00,17:50:10,stop_point:SP_322,Pelletier Purpan,18
2400792,20:34:00,20:34:10,stop_point:SP_631,Jeanne d'Arc,1
2400792,20:36:00,20:36:10,stop_point:SP_2833,Concorde,2
2400792,20:37:00,20:37:10,stop_point:SP_127,A. Bernard,3
2400792,20:38:00,20:38:10,stop_point:SP_1313,Compans-Caffarelli,4
2400792,20:40:00,20:40:10,stop_point:SP_2805,Leclerc,5
2400792,20:41:00,20:41:10,stop_point:SP_3157,Héraclès,6
2400792,20:42:00,20:42:10,stop_point:SP_1289,Amidonniers,7
2400792,20:44:00,20:44:10,stop_point:SP_1907,Les Abattoirs,8
2400792,20:45:00,20:45:10,stop_point:SP_1010,St Cyprien - République,9
2400792,20:46:00,20:46:10,stop_point:SP_3339,Roguet,10
2400792,20:47:00,20:47:10,stop_point:SP_1736,Patte d'Oie,11
2400792,20:48:00,20:48:10,stop_point:SP_3876,Barrière de Bayonne,12
2400792,20:49:00,20:49:10,stop_point:SP_1339,Turenne,13
2400792,20:50:00,20:50:10,stop_point:SP_325,Zénith,14
2400792,20:51:00,20:51:10,stop_point:SP_3548,Cartoucherie,15
2400792,20:53:00,20:53:10,stop_point:SP_2242,Chardonnet,16
2400792,20:53:00,20:53:10,stop_point:SP_3732,Hôpital Purpan,17
2400792,20:54:00,20:54:10,stop_point:SP_322,Pelletier Purpan,18
2400793,14:51:00,14:51:10,stop_point:SP_631,Jeanne d'Arc,1
2400793,14:53:00,14:53:10,stop_point:SP_2833,Concorde,2
2400793,14:54:00,14:54:10,stop_point:SP_127,A. Bernard,3
2400793,14:55:00,14:55:10,stop_point:SP_1313,Compans-Caffarelli,4
2400793,14:57:00,14:57:10,stop_point:SP_2805,Leclerc,5
2400793,14:58:00,14:58:10,stop_point:SP_3157,Héraclès,6
2400793,15:00:00,15:00:10,stop_point:SP_1289,Amidonniers,7
2400793,15:03:00,15:03:10,stop_point:SP_1907,Les Abattoirs,8
2400793,15:04:00,15:04:10,stop_point:SP_1010,St Cyprien - République,9
2400793,15:06:00,15:06:10,stop_point:SP_3339,Roguet,10
2400793,15:07:00,15:07:10,stop_point:SP_1736,Patte d'Oie,11
2400793,15:08:00,15:08:10,stop_point:SP_3876,Barrière de Bayonne,12
2400793,15:09:00,15:09:10,stop_point:SP_1339,Turenne,13
2400793,15:10:00,15:10:10,stop_point:SP_325,Zénith,14
2400793,15:11:00,15:11:10,stop_point:SP_3548,Cartoucherie,15
2400793,15:14:00,15:14:10,stop_point:SP_2242,Chardonnet,16
2400793,15:15:00,15:15:10,stop_point:SP_3732,Hôpital Purpan,17
2400793,15:16:00,15:16:10,stop_point:SP_322,Pelletier Purpan,18
2400794,18:06:00,18:06:10,stop_point:SP_631,Jeanne d'Arc,1
2400794,18:08:00,18:08:10,stop_point:SP_2833,Concorde,2
2400794,18:10:00,18:10:10,stop_point:SP_127,A. Bernard,3
2400794,18:11:00,18:11:10,stop_point:SP_1313,Compans-Caffarelli,4
2400794,18:13:00,18:13:10,stop_point:SP_2805,Leclerc,5
2400794,18:15:00,18:15:10,stop_point:SP_3157,Héraclès,6
2400794,18:17:00,18:17:10,stop_point:SP_1289,Amidonniers,7
2400794,18:20:00,18:20:10,stop_point:SP_1907,Les Abattoirs,8
2400794,18:21:00,18:21:10,stop_point:SP_1010,St Cyprien - République,9
2400794,18:23:00,18:23:10,stop_point:SP_3339,Roguet,10
2400794,18:24:00,18:24:10,stop_point:SP_1736,Patte d'Oie,11
2400794,18:25:00,18:25:10,stop_point:SP_3876,Barrière de Bayonne,12
2400794,18:27:00,18:27:10,stop_point:SP_1339,Turenne,13
2400794,18:28:00,18:28:10,stop_point:SP_325,Zénith,14
2400794,18:29:00,18:29:10,stop_point:SP_3548,Cartoucherie,15
2400794,18:32:00,18:32:10,stop_point:SP_2242,Chardonnet,16
2400794,18:33:00,18:33:10,stop_point:SP_3732,Hôpital Purpan,17
2400794,18:34:00,18:34:10,stop_point:SP_322,Pelletier Purpan,18
2400795,21:10:00,21:10:10,stop_point:SP_631,Jeanne d'Arc,1
2400795,21:11:00,21:11:10,stop_point:SP_2833,Concorde,2
2400795,21:12:00,21:12:10,stop_point:SP_127,A. Bernard,3
2400795,21:13:00,21:13:10,stop_point:SP_1313,Compans-Caffarelli,4
2400795,21:14:00,21:14:10,stop_point:SP_2805,Leclerc,5
2400795,21:15:00,21:15:10,stop_point:SP_3157,Héraclès,6
2400795,21:16:00,21:16:10,stop_point:SP_1289,Amidonniers,7
2400795,21:18:00,21:18:10,stop_point:SP_1907,Les Abattoirs,8
2400795,21:19:00,21:19:10,stop_point:SP_1010,St Cyprien - République,9
2400795,21:20:00,21:20:10,stop_point:SP_3339,Roguet,10
2400795,21:21:00,21:21:10,stop_point:SP_1736,Patte d'Oie,11
2400795,21:22:00,21:22:10,stop_point:SP_3876,Barrière de Bayonne,12
2400795,21:23:00,21:23:10,stop_point:SP_1339,Turenne,13
2400795,21:24:00,21:24:10,stop_point:SP_325,Zénith,14
2400795,21:25:00,21:25:10,stop_point:SP_3548,Cartoucherie,15
2400795,21:27:00,21:27:10,stop_point:SP_2242,Chardonnet,16
2400795,21:27:00,21:27:10,stop_point:SP_3732,Hôpital Purpan,17
2400795,21:28:00,21:28:10,stop_point:SP_322,Pelletier Purpan,18
2400796,18:21:00,18:21:10,stop_point:SP_631,Jeanne d'Arc,1
2400796,18:23:00,18:23:10,stop_point:SP_2833,Concorde,2
2400796,18:25:00,18:25:10,stop_point:SP_127,A. Bernard,3
2400796,18:26:00,18:26:10,stop_point:SP_1313,Compans-Caffarelli,4
2400796,18:28:00,18:28:10,stop_point:SP_2805,Leclerc,5
2400796,18:29:00,18:29:10,stop_point:SP_3157,Héraclès,6
2400796,18:31:00,18:31:10,stop_point:SP_1289,Amidonniers,7
2400796,18:34:00,18:34:10,stop_point:SP_1907,Les Abattoirs,8
2400796,18:35:00,18:35:10,stop_point:SP_1010,St Cyprien - République,9
2400796,18:37:00,18:37:10,stop_point:SP_3339,Roguet,10
2400796,18:38:00,18:38:10,stop_point:SP_1736,Patte d'Oie,11
2400796,18:39:00,18:39:10,stop_point:SP_3876,Barrière de Bayonne,12
2400796,18:41:00,18:41:10,stop_point:SP_1339,Turenne,13
2400796,18:42:00,18:42:10,stop_point:SP_325,Zénith,14
2400796,18:43:00,18:43:10,stop_point:SP_3548,Cartoucherie,15
2400796,18:46:00,18:46:10,stop_point:SP_2242,Chardonnet,16
2400796,18:47:00,18:47:10,stop_point:SP_3732,Hôpital Purpan,17
2400796,18:48:00,18:48:10,stop_point:SP_322,Pelletier Purpan,18
2400797,18:36:00,18:36:10,stop_point:SP_631,Jeanne d'Arc,1
2400797,18:38:00,18:38:10,stop_point:SP_2833,Concorde,2
2400797,18:40:00,18:40:10,stop_point:SP_127,A. Bernard,3
2400797,18:41:00,18:41:10,stop_point:SP_1313,Compans-Caffarelli,4
2400797,18:43:00,18:43:10,stop_point:SP_2805,Leclerc,5
2400797,18:44:00,18:44:10,stop_point:SP_3157,Héraclès,6
2400797,18:46:00,18:46:10,stop_point:SP_1289,Amidonniers,7
2400797,18:49:00,18:49:10,stop_point:SP_1907,Les Abattoirs,8
2400797,18:50:00,18:50:10,stop_point:SP_1010,St Cyprien - République,9
2400797,18:52:00,18:52:10,stop_point:SP_3339,Roguet,10
2400797,18:53:00,18:53:10,stop_point:SP_1736,Patte d'Oie,11
2400797,18:54:00,18:54:10,stop_point:SP_3876,Barrière de Bayonne,12
2400797,18:56:00,18:56:10,stop_point:SP_1339,Turenne,13
2400797,18:57:00,18:57:10,stop_point:SP_325,Zénith,14
2400797,18:58:00,18:58:10,stop_point:SP_3548,Cartoucherie,15
2400797,19:01:00,19:01:10,stop_point:SP_2242,Chardonnet,16
2400797,19:02:00,19:02:10,stop_point:SP_3732,Hôpital Purpan,17
2400797,19:03:00,19:03:10,stop_point:SP_322,Pelletier Purpan,18
2400798,17:51:00,17:51:10,stop_point:SP_631,Jeanne d'Arc,1
2400798,17:53:00,17:53:10,stop_point:SP_2833,Concorde,2
2400798,17:55:00,17:55:10,stop_point:SP_127,A. Bernard,3
2400798,17:56:00,17:56:10,stop_point:SP_1313,Compans-Caffarelli,4
2400798,17:58:00,17:58:10,stop_point:SP_2805,Leclerc,5
2400798,18:00:00,18:00:10,stop_point:SP_3157,Héraclès,6
2400798,18:02:00,18:02:10,stop_point:SP_1289,Amidonniers,7
2400798,18:05:00,18:05:10,stop_point:SP_1907,Les Abattoirs,8
2400798,18:06:00,18:06:10,stop_point:SP_1010,St Cyprien - République,9
2400798,18:08:00,18:08:10,stop_point:SP_3339,Roguet,10
2400798,18:09:00,18:09:10,stop_point:SP_1736,Patte d'Oie,11
2400798,18:10:00,18:10:10,stop_point:SP_3876,Barrière de Bayonne,12
2400798,18:12:00,18:12:10,stop_point:SP_1339,Turenne,13
2400798,18:13:00,18:13:10,stop_point:SP_325,Zénith,14
2400798,18:14:00,18:14:10,stop_point:SP_3548,Cartoucherie,15
2400798,18:17:00,18:17:10,stop_point:SP_2242,Chardonnet,16
2400798,18:18:00,18:18:10,stop_point:SP_3732,Hôpital Purpan,17
2400798,18:19:00,18:19:10,stop_point:SP_322,Pelletier Purpan,18
2400799,06:31:00,06:31:10,stop_point:SP_631,Jeanne d'Arc,1
2400799,06:32:00,06:32:10,stop_point:SP_2833,Concorde,2
2400799,06:33:00,06:33:10,stop_point:SP_127,A. Bernard,3
2400799,06:33:00,06:33:10,stop_point:SP_1313,Compans-Caffarelli,4
2400799,06:34:00,06:34:10,stop_point:SP_2805,Leclerc,5
2400799,06:35:00,06:35:10,stop_point:SP_3157,Héraclès,6
2400799,06:36:00,06:36:10,stop_point:SP_1289,Amidonniers,7
2400799,06:38:00,06:38:10,stop_point:SP_1907,Les Abattoirs,8
2400799,06:39:00,06:39:10,stop_point:SP_1010,St Cyprien - République,9
2400799,06:40:00,06:40:10,stop_point:SP_3339,Roguet,10
2400799,06:41:00,06:41:10,stop_point:SP_1736,Patte d'Oie,11
2400799,06:42:00,06:42:10,stop_point:SP_3876,Barrière de Bayonne,12
2400799,06:43:00,06:43:10,stop_point:SP_1339,Turenne,13
2400799,06:44:00,06:44:10,stop_point:SP_325,Zénith,14
2400799,06:45:00,06:45:10,stop_point:SP_3548,Cartoucherie,15
2400799,06:47:00,06:47:10,stop_point:SP_2242,Chardonnet,16
2400799,06:48:00,06:48:10,stop_point:SP_3732,Hôpital Purpan,17
2400799,06:49:00,06:49:10,stop_point:SP_322,Pelletier Purpan,18
2400800,19:36:00,19:36:10,stop_point:SP_631,Jeanne d'Arc,1
2400800,19:38:00,19:38:10,stop_point:SP_2833,Concorde,2
2400800,19:39:00,19:39:10,stop_point:SP_127,A. Bernard,3
2400800,19:40:00,19:40:10,stop_point:SP_1313,Compans-Caffarelli,4
2400800,19:42:00,19:42:10,stop_point:SP_2805,Leclerc,5
2400800,19:43:00,19:43:10,stop_point:SP_3157,Héraclès,6
2400800,19:45:00,19:45:10,stop_point:SP_1289,Amidonniers,7
2400800,19:48:00,19:48:10,stop_point:SP_1907,Les Abattoirs,8
2400800,19:49:00,19:49:10,stop_point:SP_1010,St Cyprien - République,9
2400800,19:50:00,19:50:10,stop_point:SP_3339,Roguet,10
2400800,19:51:00,19:51:10,stop_point:SP_1736,Patte d'Oie,11
2400800,19:52:00,19:52:10,stop_point:SP_3876,Barrière de Bayonne,12
2400800,19:54:00,19:54:10,stop_point:SP_1339,Turenne,13
2400800,19:55:00,19:55:10,stop_point:SP_325,Zénith,14
2400800,19:56:00,19:56:10,stop_point:SP_3548,Cartoucherie,15
2400800,19:58:00,19:58:10,stop_point:SP_2242,Chardonnet,16
2400800,19:59:00,19:59:10,stop_point:SP_3732,Hôpital Purpan,17
2400800,20:00:00,20:00:10,stop_point:SP_322,Pelletier Purpan,18
2400801,06:51:00,06:51:10,stop_point:SP_631,Jeanne d'Arc,1
2400801,06:52:00,06:52:10,stop_point:SP_2833,Concorde,2
2400801,06:53:00,06:53:10,stop_point:SP_127,A. Bernard,3
2400801,06:54:00,06:54:10,stop_point:SP_1313,Compans-Caffarelli,4
2400801,06:56:00,06:56:10,stop_point:SP_2805,Leclerc,5
2400801,06:57:00,06:57:10,stop_point:SP_3157,Héraclès,6
2400801,06:58:00,06:58:10,stop_point:SP_1289,Amidonniers,7
2400801,07:01:00,07:01:10,stop_point:SP_1907,Les Abattoirs,8
2400801,07:02:00,07:02:10,stop_point:SP_1010,St Cyprien - République,9
2400801,07:03:00,07:03:10,stop_point:SP_3339,Roguet,10
2400801,07:04:00,07:04:10,stop_point:SP_1736,Patte d'Oie,11
2400801,07:05:00,07:05:10,stop_point:SP_3876,Barrière de Bayonne,12
2400801,07:06:00,07:06:10,stop_point:SP_1339,Turenne,13
2400801,07:07:00,07:07:10,stop_point:SP_325,Zénith,14
2400801,07:08:00,07:08:10,stop_point:SP_3548,Cartoucherie,15
2400801,07:10:00,07:10:10,stop_point:SP_2242,Chardonnet,16
2400801,07:11:00,07:11:10,stop_point:SP_3732,Hôpital Purpan,17
2400801,07:12:00,07:12:10,stop_point:SP_322,Pelletier Purpan,18
2400802,08:56:00,08:56:10,stop_point:SP_631,Jeanne d'Arc,1
2400802,08:58:00,08:58:10,stop_point:SP_2833,Concorde,2
2400802,08:59:00,08:59:10,stop_point:SP_127,A. Bernard,3
2400802,09:00:00,09:00:10,stop_point:SP_1313,Compans-Caffarelli,4
2400802,09:02:00,09:02:10,stop_point:SP_2805,Leclerc,5
2400802,09:04:00,09:04:10,stop_point:SP_3157,Héraclès,6
2400802,09:06:00,09:06:10,stop_point:SP_1289,Amidonniers,7
2400802,09:09:00,09:09:10,stop_point:SP_1907,Les Abattoirs,8
2400802,09:10:00,09:10:10,stop_point:SP_1010,St Cyprien - République,9
2400802,09:12:00,09:12:10,stop_point:SP_3339,Roguet,10
2400802,09:13:00,09:13:10,stop_point:SP_1736,Patte d'Oie,11
2400802,09:14:00,09:14:10,stop_point:SP_3876,Barrière de Bayonne,12
2400802,09:15:00,09:15:10,stop_point:SP_1339,Turenne,13
2400802,09:16:00,09:16:10,stop_point:SP_325,Zénith,14
2400802,09:17:00,09:17:10,stop_point:SP_3548,Cartoucherie,15
2400802,09:20:00,09:20:10,stop_point:SP_2242,Chardonnet,16
2400802,09:21:00,09:21:10,stop_point:SP_3732,Hôpital Purpan,17
2400802,09:22:00,09:22:10,stop_point:SP_322,Pelletier Purpan,18
2400803,18:51:00,18:51:10,stop_point:SP_631,Jeanne d'Arc,1
2400803,18:53:00,18:53:10,stop_point:SP_2833,Concorde,2
2400803,18:54:00,18:54:10,stop_point:SP_127,A. Bernard,3
2400803,18:55:00,18:55:10,stop_point:SP_1313,Compans-Caffarelli,4
2400803,18:57:00,18:57:10,stop_point:SP_2805,Leclerc,5
2400803,18:58:00,18:58:10,stop_point:SP_3157,Héraclès,6
2400803,19:00:00,19:00:10,stop_point:SP_1289,Amidonniers,7
2400803,19:03:00,19:03:10,stop_point:SP_1907,Les Abattoirs,8
2400803,19:04:00,19:04:10,stop_point:SP_1010,St Cyprien - République,9
2400803,19:06:00,19:06:10,stop_point:SP_3339,Roguet,10
2400803,19:07:00,19:07:10,stop_point:SP_1736,Patte d'Oie,11
2400803,19:08:00,19:08:10,stop_point:SP_3876,Barrière de Bayonne,12
2400803,19:10:00,19:10:10,stop_point:SP_1339,Turenne,13
2400803,19:11:00,19:11:10,stop_point:SP_325,Zénith,14
2400803,19:12:00,19:12:10,stop_point:SP_3548,Cartoucherie,15
2400803,19:14:00,19:14:10,stop_point:SP_2242,Chardonnet,16
2400803,19:15:00,19:15:10,stop_point:SP_3732,Hôpital Purpan,17
2400803,19:16:00,19:16:10,stop_point:SP_322,Pelletier Purpan,18
2400804,13:31:00,13:31:10,stop_point:SP_631,Jeanne d'Arc,1
2400804,13:33:00,13:33:10,stop_point:SP_2833,Concorde,2
2400804,13:35:00,13:35:10,stop_point:SP_127,A. Bernard,3
2400804,13:36:00,13:36:10,stop_point:SP_1313,Compans-Caffarelli,4
2400804,13:38:00,13:38:10,stop_point:SP_2805,Leclerc,5
2400804,13:39:00,13:39:10,stop_point:SP_3157,Héraclès,6
2400804,13:41:00,13:41:10,stop_point:SP_1289,Amidonniers,7
2400804,13:44:00,13:44:10,stop_point:SP_1907,Les Abattoirs,8
2400804,13:45:00,13:45:10,stop_point:SP_1010,St Cyprien - République,9
2400804,13:47:00,13:47:10,stop_point:SP_3339,Roguet,10
2400804,13:48:00,13:48:10,stop_point:SP_1736,Patte d'Oie,11
2400804,13:49:00,13:49:10,stop_point:SP_3876,Barrière de Bayonne,12
2400804,13:50:00,13:50:10,stop_point:SP_1339,Turenne,13
2400804,13:51:00,13:51:10,stop_point:SP_325,Zénith,14
2400804,13:52:00,13:52:10,stop_point:SP_3548,Cartoucherie,15
2400804,13:55:00,13:55:10,stop_point:SP_2242,Chardonnet,16
2400804,13:56:00,13:56:10,stop_point:SP_3732,Hôpital Purpan,17
2400804,13:57:00,13:57:10,stop_point:SP_322,Pelletier Purpan,18
2400805,11:11:00,11:11:10,stop_point:SP_631,Jeanne d'Arc,1
2400805,11:13:00,11:13:10,stop_point:SP_2833,Concorde,2
2400805,11:14:00,11:14:10,stop_point:SP_127,A. Bernard,3
2400805,11:15:00,11:15:10,stop_point:SP_1313,Compans-Caffarelli,4
2400805,11:17:00,11:17:10,stop_point:SP_2805,Leclerc,5
2400805,11:18:00,11:18:10,stop_point:SP_3157,Héraclès,6
2400805,11:20:00,11:20:10,stop_point:SP_1289,Amidonniers,7
2400805,11:23:00,11:23:10,stop_point:SP_1907,Les Abattoirs,8
2400805,11:24:00,11:24:10,stop_point:SP_1010,St Cyprien - République,9
2400805,11:26:00,11:26:10,stop_point:SP_3339,Roguet,10
2400805,11:27:00,11:27:10,stop_point:SP_1736,Patte d'Oie,11
2400805,11:28:00,11:28:10,stop_point:SP_3876,Barrière de Bayonne,12
2400805,11:29:00,11:29:10,stop_point:SP_1339,Turenne,13
2400805,11:30:00,11:30:10,stop_point:SP_325,Zénith,14
2400805,11:31:00,11:31:10,stop_point:SP_3548,Cartoucherie,15
2400805,11:34:00,11:34:10,stop_point:SP_2242,Chardonnet,16
2400805,11:35:00,11:35:10,stop_point:SP_3732,Hôpital Purpan,17
2400805,11:36:00,11:36:10,stop_point:SP_322,Pelletier Purpan,18
2400806,14:31:00,14:31:10,stop_point:SP_631,Jeanne d'Arc,1
2400806,14:33:00,14:33:10,stop_point:SP_2833,Concorde,2
2400806,14:34:00,14:34:10,stop_point:SP_127,A. Bernard,3
2400806,14:35:00,14:35:10,stop_point:SP_1313,Compans-Caffarelli,4
2400806,14:37:00,14:37:10,stop_point:SP_2805,Leclerc,5
2400806,14:38:00,14:38:10,stop_point:SP_3157,Héraclès,6
2400806,14:40:00,14:40:10,stop_point:SP_1289,Amidonniers,7
2400806,14:43:00,14:43:10,stop_point:SP_1907,Les Abattoirs,8
2400806,14:44:00,14:44:10,stop_point:SP_1010,St Cyprien - République,9
2400806,14:46:00,14:46:10,stop_point:SP_3339,Roguet,10
2400806,14:47:00,14:47:10,stop_point:SP_1736,Patte d'Oie,11
2400806,14:48:00,14:48:10,stop_point:SP_3876,Barrière de Bayonne,12
2400806,14:49:00,14:49:10,stop_point:SP_1339,Turenne,13
2400806,14:50:00,14:50:10,stop_point:SP_325,Zénith,14
2400806,14:51:00,14:51:10,stop_point:SP_3548,Cartoucherie,15
2400806,14:54:00,14:54:10,stop_point:SP_2242,Chardonnet,16
2400806,14:55:00,14:55:10,stop_point:SP_3732,Hôpital Purpan,17
2400806,14:56:00,14:56:10,stop_point:SP_322,Pelletier Purpan,18
2400807,09:32:00,09:32:10,stop_point:SP_631,Jeanne d'Arc,1
2400807,09:34:00,09:34:10,stop_point:SP_2833,Concorde,2
2400807,09:35:00,09:35:10,stop_point:SP_127,A. Bernard,3
2400807,09:36:00,09:36:10,stop_point:SP_1313,Compans-Caffarelli,4
2400807,09:38:00,09:38:10,stop_point:SP_2805,Leclerc,5
2400807,09:39:00,09:39:10,stop_point:SP_3157,Héraclès,6
2400807,09:41:00,09:41:10,stop_point:SP_1289,Amidonniers,7
2400807,09:44:00,09:44:10,stop_point:SP_1907,Les Abattoirs,8
2400807,09:45:00,09:45:10,stop_point:SP_1010,St Cyprien - République,9
2400807,09:47:00,09:47:10,stop_point:SP_3339,Roguet,10
2400807,09:48:00,09:48:10,stop_point:SP_1736,Patte d'Oie,11
2400807,09:49:00,09:49:10,stop_point:SP_3876,Barrière de Bayonne,12
2400807,09:50:00,09:50:10,stop_point:SP_1339,Turenne,13
2400807,09:51:00,09:51:10,stop_point:SP_325,Zénith,14
2400807,09:52:00,09:52:10,stop_point:SP_3548,Cartoucherie,15
2400807,09:55:00,09:55:10,stop_point:SP_2242,Chardonnet,16
2400807,09:56:00,09:56:10,stop_point:SP_3732,Hôpital Purpan,17
2400807,09:57:00,09:57:10,stop_point:SP_322,Pelletier Purpan,18
2400808,11:31:00,11:31:10,stop_point:SP_631,Jeanne d'Arc,1
2400808,11:33:00,11:33:10,stop_point:SP_2833,Concorde,2
2400808,11:34:00,11:34:10,stop_point:SP_127,A. Bernard,3
2400808,11:35:00,11:35:10,stop_point:SP_1313,Compans-Caffarelli,4
2400808,11:37:00,11:37:10,stop_point:SP_2805,Leclerc,5
2400808,11:38:00,11:38:10,stop_point:SP_3157,Héraclès,6
2400808,11:40:00,11:40:10,stop_point:SP_1289,Amidonniers,7
2400808,11:43:00,11:43:10,stop_point:SP_1907,Les Abattoirs,8
2400808,11:44:00,11:44:10,stop_point:SP_1010,St Cyprien - République,9
2400808,11:46:00,11:46:10,stop_point:SP_3339,Roguet,10
2400808,11:47:00,11:47:10,stop_point:SP_1736,Patte d'Oie,11
2400808,11:48:00,11:48:10,stop_point:SP_3876,Barrière de Bayonne,12
2400808,11:49:00,11:49:10,stop_point:SP_1339,Turenne,13
2400808,11:50:00,11:50:10,stop_point:SP_325,Zénith,14
2400808,11:51:00,11:51:10,stop_point:SP_3548,Cartoucherie,15
2400808,11:54:00,11:54:10,stop_point:SP_2242,Chardonnet,16
2400808,11:55:00,11:55:10,stop_point:SP_3732,Hôpital Purpan,17
2400808,11:56:00,11:56:10,stop_point:SP_322,Pelletier Purpan,18
2400809,12:31:00,12:31:10,stop_point:SP_631,Jeanne d'Arc,1
2400809,12:33:00,12:33:10,stop_point:SP_2833,Concorde,2
2400809,12:34:00,12:34:10,stop_point:SP_127,A. Bernard,3
2400809,12:35:00,12:35:10,stop_point:SP_1313,Compans-Caffarelli,4
2400809,12:37:00,12:37:10,stop_point:SP_2805,Leclerc,5
2400809,12:38:00,12:38:10,stop_point:SP_3157,Héraclès,6
2400809,12:40:00,12:40:10,stop_point:SP_1289,Amidonniers,7
2400809,12:43:00,12:43:10,stop_point:SP_1907,Les Abattoirs,8
2400809,12:44:00,12:44:10,stop_point:SP_1010,St Cyprien - République,9
2400809,12:46:00,12:46:10,stop_point:SP_3339,Roguet,10
2400809,12:47:00,12:47:10,stop_point:SP_1736,Patte d'Oie,11
2400809,12:48:00,12:48:10,stop_point:SP_3876,Barrière de Bayonne,12
2400809,12:49:00,12:49:10,stop_point:SP_1339,Turenne,13
2400809,12:50:00,12:50:10,stop_point:SP_325,Zénith,14
2400809,12:51:00,12:51:10,stop_point:SP_3548,Cartoucherie,15
2400809,12:54:00,12:54:10,stop_point:SP_2242,Chardonnet,16
2400809,12:55:00,12:55:10,stop_point:SP_3732,Hôpital Purpan,17
2400809,12:56:00,12:56:10,stop_point:SP_322,Pelletier Purpan,18
2400810,15:31:00,15:31:10,stop_point:SP_631,Jeanne d'Arc,1
2400810,15:33:00,15:33:10,stop_point:SP_2833,Concorde,2
2400810,15:34:00,15:34:10,stop_point:SP_127,A. Bernard,3
2400810,15:35:00,15:35:10,stop_point:SP_1313,Compans-Caffarelli,4
2400810,15:37:00,15:37:10,stop_point:SP_2805,Leclerc,5
2400810,15:38:00,15:38:10,stop_point:SP_3157,Héraclès,6
2400810,15:40:00,15:40:10,stop_point:SP_1289,Amidonniers,7
2400810,15:43:00,15:43:10,stop_point:SP_1907,Les Abattoirs,8
2400810,15:44:00,15:44:10,stop_point:SP_1010,St Cyprien - République,9
2400810,15:46:00,15:46:10,stop_point:SP_3339,Roguet,10
2400810,15:47:00,15:47:10,stop_point:SP_1736,Patte d'Oie,11
2400810,15:48:00,15:48:10,stop_point:SP_3876,Barrière de Bayonne,12
2400810,15:50:00,15:50:10,stop_point:SP_1339,Turenne,13
2400810,15:51:00,15:51:10,stop_point:SP_325,Zénith,14
2400810,15:52:00,15:52:10,stop_point:SP_3548,Cartoucherie,15
2400810,15:55:00,15:55:10,stop_point:SP_2242,Chardonnet,16
2400810,15:56:00,15:56:10,stop_point:SP_3732,Hôpital Purpan,17
2400810,15:57:00,15:57:10,stop_point:SP_322,Pelletier Purpan,18
2400811,10:10:00,10:10:10,stop_point:SP_322,Pelletier Purpan,1
2400811,10:11:00,10:11:10,stop_point:SP_3273,Hôpital Purpan,2
2400811,10:12:00,10:12:10,stop_point:SP_1837,Chardonnet,3
2400811,10:14:00,10:14:10,stop_point:SP_2084,Cartoucherie,4
2400811,10:15:00,10:15:10,stop_point:SP_2059,Zénith,5
2400811,10:16:00,10:16:10,stop_point:SP_3209,Turenne,6
2400811,10:17:00,10:17:10,stop_point:SP_2631,Barrière de Bayonne,7
2400811,10:19:00,10:19:10,stop_point:SP_682,Patte d'Oie,8
2400811,10:20:00,10:20:10,stop_point:SP_3573,Roguet,9
2400811,10:23:00,10:23:10,stop_point:SP_3188,St Cyprien - République,10
2400811,10:23:00,10:23:10,stop_point:SP_1926,Les Abattoirs,11
2400811,10:25:00,10:25:10,stop_point:SP_786,Amidonniers,12
2400811,10:26:00,10:26:10,stop_point:SP_1493,Héraclès,13
2400811,10:27:00,10:27:10,stop_point:SP_1516,Leclerc,14
2400811,10:29:00,10:29:10,stop_point:SP_386,Compans-Caffarelli,15
2400811,10:30:00,10:30:10,stop_point:SP_2041,A. Bernard,16
2400811,10:32:00,10:32:10,stop_point:SP_1595,Concorde,17
2400811,10:33:00,10:33:10,stop_point:SP_39,Jeanne d'Arc,18
2400811,10:34:00,10:34:10,stop_point:SP_631,Jeanne d'Arc,19
2400812,11:50:00,11:50:10,stop_point:SP_322,Pelletier Purpan,1
2400812,11:51:00,11:51:10,stop_point:SP_3273,Hôpital Purpan,2
2400812,11:52:00,11:52:10,stop_point:SP_1837,Chardonnet,3
2400812,11:54:00,11:54:10,stop_point:SP_2084,Cartoucherie,4
2400812,11:55:00,11:55:10,stop_point:SP_2059,Zénith,5
2400812,11:56:00,11:56:10,stop_point:SP_3209,Turenne,6
2400812,11:57:00,11:57:10,stop_point:SP_2631,Barrière de Bayonne,7
2400812,11:59:00,11:59:10,stop_point:SP_682,Patte d'Oie,8
2400812,12:00:00,12:00:10,stop_point:SP_3573,Roguet,9
2400812,12:03:00,12:03:10,stop_point:SP_3188,St Cyprien - République,10
2400812,12:03:00,12:03:10,stop_point:SP_1926,Les Abattoirs,11
2400812,12:05:00,12:05:10,stop_point:SP_786,Amidonniers,12
2400812,12:06:00,12:06:10,stop_point:SP_1493,Héraclès,13
2400812,12:07:00,12:07:10,stop_point:SP_1516,Leclerc,14
2400812,12:09:00,12:09:10,stop_point:SP_386,Compans-Caffarelli,15
2400812,12:10:00,12:10:10,stop_point:SP_2041,A. Bernard,16
2400812,12:12:00,12:12:10,stop_point:SP_1595,Concorde,17
2400812,12:13:00,12:13:10,stop_point:SP_39,Jeanne d'Arc,18
2400812,12:14:00,12:14:10,stop_point:SP_631,Jeanne d'Arc,19
2400813,12:50:00,12:50:10,stop_point:SP_322,Pelletier Purpan,1
2400813,12:51:00,12:51:10,stop_point:SP_3273,Hôpital Purpan,2
2400813,12:52:00,12:52:10,stop_point:SP_1837,Chardonnet,3
2400813,12:54:00,12:54:10,stop_point:SP_2084,Cartoucherie,4
2400813,12:55:00,12:55:10,stop_point:SP_2059,Zénith,5
2400813,12:56:00,12:56:10,stop_point:SP_3209,Turenne,6
2400813,12:57:00,12:57:10,stop_point:SP_2631,Barrière de Bayonne,7
2400813,12:59:00,12:59:10,stop_point:SP_682,Patte d'Oie,8
2400813,13:00:00,13:00:10,stop_point:SP_3573,Roguet,9
2400813,13:03:00,13:03:10,stop_point:SP_3188,St Cyprien - République,10
2400813,13:03:00,13:03:10,stop_point:SP_1926,Les Abattoirs,11
2400813,13:05:00,13:05:10,stop_point:SP_786,Amidonniers,12
2400813,13:06:00,13:06:10,stop_point:SP_1493,Héraclès,13
2400813,13:07:00,13:07:10,stop_point:SP_1516,Leclerc,14
2400813,13:09:00,13:09:10,stop_point:SP_386,Compans-Caffarelli,15
2400813,13:10:00,13:10:10,stop_point:SP_2041,A. Bernard,16
2400813,13:12:00,13:12:10,stop_point:SP_1595,Concorde,17
2400813,13:13:00,13:13:10,stop_point:SP_39,Jeanne d'Arc,18
2400813,13:14:00,13:14:10,stop_point:SP_631,Jeanne d'Arc,19
2400814,15:56:00,15:56:10,stop_point:SP_322,Pelletier Purpan,1
2400814,15:57:00,15:57:10,stop_point:SP_3273,Hôpital Purpan,2
2400814,15:58:00,15:58:10,stop_point:SP_1837,Chardonnet,3
2400814,16:00:00,16:00:10,stop_point:SP_2084,Cartoucherie,4
2400814,16:01:00,16:01:10,stop_point:SP_2059,Zénith,5
2400814,16:03:00,16:03:10,stop_point:SP_3209,Turenne,6
2400814,16:04:00,16:04:10,stop_point:SP_2631,Barrière de Bayonne,7
2400814,16:06:00,16:06:10,stop_point:SP_682,Patte d'Oie,8
2400814,16:07:00,16:07:10,stop_point:SP_3573,Roguet,9
2400814,16:10:00,16:10:10,stop_point:SP_3188,St Cyprien - République,10
2400814,16:11:00,16:11:10,stop_point:SP_1926,Les Abattoirs,11
2400814,16:13:00,16:13:10,stop_point:SP_786,Amidonniers,12
2400814,16:14:00,16:14:10,stop_point:SP_1493,Héraclès,13
2400814,16:15:00,16:15:10,stop_point:SP_1516,Leclerc,14
2400814,16:17:00,16:17:10,stop_point:SP_386,Compans-Caffarelli,15
2400814,16:18:00,16:18:10,stop_point:SP_2041,A. Bernard,16
2400814,16:20:00,16:20:10,stop_point:SP_1595,Concorde,17
2400814,16:21:00,16:21:10,stop_point:SP_39,Jeanne d'Arc,18
2400814,16:22:00,16:22:10,stop_point:SP_631,Jeanne d'Arc,19
2400815,08:04:00,08:04:10,stop_point:SP_322,Pelletier Purpan,1
2400815,08:05:00,08:05:10,stop_point:SP_3273,Hôpital Purpan,2
2400815,08:06:00,08:06:10,stop_point:SP_1837,Chardonnet,3
2400815,08:08:00,08:08:10,stop_point:SP_2084,Cartoucherie,4
2400815,08:09:00,08:09:10,stop_point:SP_2059,Zénith,5
2400815,08:11:00,08:11:10,stop_point:SP_3209,Turenne,6
2400815,08:12:00,08:12:10,stop_point:SP_2631,Barrière de Bayonne,7
2400815,08:14:00,08:14:10,stop_point:SP_682,Patte d'Oie,8
2400815,08:15:00,08:15:10,stop_point:SP_3573,Roguet,9
2400815,08:18:00,08:18:10,stop_point:SP_3188,St Cyprien - République,10
2400815,08:19:00,08:19:10,stop_point:SP_1926,Les Abattoirs,11
2400815,08:21:00,08:21:10,stop_point:SP_786,Amidonniers,12
2400815,08:22:00,08:22:10,stop_point:SP_1493,Héraclès,13
2400815,08:23:00,08:23:10,stop_point:SP_1516,Leclerc,14
2400815,08:25:00,08:25:10,stop_point:SP_386,Compans-Caffarelli,15
2400815,08:26:00,08:26:10,stop_point:SP_2041,A. Bernard,16
2400815,08:28:00,08:28:10,stop_point:SP_1595,Concorde,17
2400815,08:29:00,08:29:10,stop_point:SP_39,Jeanne d'Arc,18
2400815,08:30:00,08:30:10,stop_point:SP_631,Jeanne d'Arc,19
2400816,07:34:00,07:34:10,stop_point:SP_322,Pelletier Purpan,1
2400816,07:35:00,07:35:10,stop_point:SP_3273,Hôpital Purpan,2
2400816,07:36:00,07:36:10,stop_point:SP_1837,Chardonnet,3
2400816,07:38:00,07:38:10,stop_point:SP_2084,Cartoucherie,4
2400816,07:39:00,07:39:10,stop_point:SP_2059,Zénith,5
2400816,07:41:00,07:41:10,stop_point:SP_3209,Turenne,6
2400816,07:42:00,07:42:10,stop_point:SP_2631,Barrière de Bayonne,7
2400816,07:44:00,07:44:10,stop_point:SP_682,Patte d'Oie,8
2400816,07:45:00,07:45:10,stop_point:SP_3573,Roguet,9
2400816,07:47:00,07:47:10,stop_point:SP_3188,St Cyprien - République,10
2400816,07:48:00,07:48:10,stop_point:SP_1926,Les Abattoirs,11
2400816,07:50:00,07:50:10,stop_point:SP_786,Amidonniers,12
2400816,07:51:00,07:51:10,stop_point:SP_1493,Héraclès,13
2400816,07:52:00,07:52:10,stop_point:SP_1516,Leclerc,14
2400816,07:54:00,07:54:10,stop_point:SP_386,Compans-Caffarelli,15
2400816,07:55:00,07:55:10,stop_point:SP_2041,A. Bernard,16
2400816,07:57:00,07:57:10,stop_point:SP_1595,Concorde,17
2400816,07:58:00,07:58:10,stop_point:SP_39,Jeanne d'Arc,18
2400816,07:59:00,07:59:10,stop_point:SP_631,Jeanne d'Arc,19
2400817,13:30:00,13:30:10,stop_point:SP_322,Pelletier Purpan,1
2400817,13:31:00,13:31:10,stop_point:SP_3273,Hôpital Purpan,2
2400817,13:32:00,13:32:10,stop_point:SP_1837,Chardonnet,3
2400817,13:34:00,13:34:10,stop_point:SP_2084,Cartoucherie,4
2400817,13:35:00,13:35:10,stop_point:SP_2059,Zénith,5
2400817,13:36:00,13:36:10,stop_point:SP_3209,Turenne,6
2400817,13:37:00,13:37:10,stop_point:SP_2631,Barrière de Bayonne,7
2400817,13:39:00,13:39:10,stop_point:SP_682,Patte d'Oie,8
2400817,13:40:00,13:40:10,stop_point:SP_3573,Roguet,9
2400817,13:43:00,13:43:10,stop_point:SP_3188,St Cyprien - République,10
2400817,13:44:00,13:44:10,stop_point:SP_1926,Les Abattoirs,11
2400817,13:46:00,13:46:10,stop_point:SP_786,Amidonniers,12
2400817,13:47:00,13:47:10,stop_point:SP_1493,Héraclès,13
2400817,13:48:00,13:48:10,stop_point:SP_1516,Leclerc,14
2400817,13:50:00,13:50:10,stop_point:SP_386,Compans-Caffarelli,15
2400817,13:51:00,13:51:10,stop_point:SP_2041,A. Bernard,16
2400817,13:53:00,13:53:10,stop_point:SP_1595,Concorde,17
2400817,13:54:00,13:54:10,stop_point:SP_39,Jeanne d'Arc,18
2400817,13:55:00,13:55:10,stop_point:SP_631,Jeanne d'Arc,19
2400818,18:57:00,18:57:10,stop_point:SP_322,Pelletier Purpan,1
2400818,18:58:00,18:58:10,stop_point:SP_3273,Hôpital Purpan,2
2400818,18:59:00,18:59:10,stop_point:SP_1837,Chardonnet,3
2400818,19:02:00,19:02:10,stop_point:SP_2084,Cartoucherie,4
2400818,19:03:00,19:03:10,stop_point:SP_2059,Zénith,5
2400818,19:04:00,19:04:10,stop_point:SP_3209,Turenne,6
2400818,19:05:00,19:05:10,stop_point:SP_2631,Barrière de Bayonne,7
2400818,19:07:00,19:07:10,stop_point:SP_682,Patte d'Oie,8
2400818,19:08:00,19:08:10,stop_point:SP_3573,Roguet,9
2400818,19:11:00,19:11:10,stop_point:SP_3188,St Cyprien - République,10
2400818,19:12:00,19:12:10,stop_point:SP_1926,Les Abattoirs,11
2400818,19:14:00,19:14:10,stop_point:SP_786,Amidonniers,12
2400818,19:15:00,19:15:10,stop_point:SP_1493,Héraclès,13
2400818,19:16:00,19:16:10,stop_point:SP_1516,Leclerc,14
2400818,19:18:00,19:18:10,stop_point:SP_386,Compans-Caffarelli,15
2400818,19:19:00,19:19:10,stop_point:SP_2041,A. Bernard,16
2400818,19:21:00,19:21:10,stop_point:SP_1595,Concorde,17
2400818,19:22:00,19:22:10,stop_point:SP_39,Jeanne d'Arc,18
2400818,19:23:00,19:23:10,stop_point:SP_631,Jeanne d'Arc,19
2400819,06:00:00,06:00:10,stop_point:SP_322,Pelletier Purpan,1
2400819,06:00:00,06:00:10,stop_point:SP_3273,Hôpital Purpan,2
2400819,06:01:00,06:01:10,stop_point:SP_1837,Chardonnet,3
2400819,06:02:00,06:02:10,stop_point:SP_2084,Cartoucherie,4
2400819,06:03:00,06:03:10,stop_point:SP_2059,Zénith,5
2400819,06:04:00,06:04:10,stop_point:SP_3209,Turenne,6
2400819,06:05:00,06:05:10,stop_point:SP_2631,Barrière de Bayonne,7
2400819,06:06:00,06:06:10,stop_point:SP_682,Patte d'Oie,8
2400819,06:07:00,06:07:10,stop_point:SP_3573,Roguet,9
2400819,06:08:00,06:08:10,stop_point:SP_3188,St Cyprien - République,10
2400819,06:08:00,06:08:10,stop_point:SP_1926,Les Abattoirs,11
2400819,06:10:00,06:10:10,stop_point:SP_786,Amidonniers,12
2400819,06:11:00,06:11:10,stop_point:SP_1493,Héraclès,13
2400819,06:12:00,06:12:10,stop_point:SP_1516,Leclerc,14
2400819,06:13:00,06:13:10,stop_point:SP_386,Compans-Caffarelli,15
2400819,06:14:00,06:14:10,stop_point:SP_2041,A. Bernard,16
2400819,06:15:00,06:15:10,stop_point:SP_1595,Concorde,17
2400819,06:15:00,06:15:10,stop_point:SP_39,Jeanne d'Arc,18
2400819,06:16:00,06:16:10,stop_point:SP_631,Jeanne d'Arc,19
2400820,10:30:00,10:30:10,stop_point:SP_322,Pelletier Purpan,1
2400820,10:31:00,10:31:10,stop_point:SP_3273,Hôpital Purpan,2
2400820,10:32:00,10:32:10,stop_point:SP_1837,Chardonnet,3
2400820,10:34:00,10:34:10,stop_point:SP_2084,Cartoucherie,4
2400820,10:35:00,10:35:10,stop_point:SP_2059,Zénith,5
2400820,10:36:00,10:36:10,stop_point:SP_3209,Turenne,6
2400820,10:37:00,10:37:10,stop_point:SP_2631,Barrière de Bayonne,7
2400820,10:39:00,10:39:10,stop_point:SP_682,Patte d'Oie,8
2400820,10:40:00,10:40:10,stop_point:SP_3573,Roguet,9
2400820,10:43:00,10:43:10,stop_point:SP_3188,St Cyprien - République,10
2400820,10:43:00,10:43:10,stop_point:SP_1926,Les Abattoirs,11
2400820,10:45:00,10:45:10,stop_point:SP_786,Amidonniers,12
2400820,10:46:00,10:46:10,stop_point:SP_1493,Héraclès,13
2400820,10:47:00,10:47:10,stop_point:SP_1516,Leclerc,14
2400820,10:49:00,10:49:10,stop_point:SP_386,Compans-Caffarelli,15
2400820,10:50:00,10:50:10,stop_point:SP_2041,A. Bernard,16
2400820,10:52:00,10:52:10,stop_point:SP_1595,Concorde,17
2400820,10:53:00,10:53:10,stop_point:SP_39,Jeanne d'Arc,18
2400820,10:54:00,10:54:10,stop_point:SP_631,Jeanne d'Arc,19
2400821,07:49:00,07:49:10,stop_point:SP_322,Pelletier Purpan,1
2400821,07:50:00,07:50:10,stop_point:SP_3273,Hôpital Purpan,2
2400821,07:51:00,07:51:10,stop_point:SP_1837,Chardonnet,3
2400821,07:53:00,07:53:10,stop_point:SP_2084,Cartoucherie,4
2400821,07:54:00,07:54:10,stop_point:SP_2059,Zénith,5
2400821,07:56:00,07:56:10,stop_point:SP_3209,Turenne,6
2400821,07:57:00,07:57:10,stop_point:SP_2631,Barrière de Bayonne,7
2400821,07:59:00,07:59:10,stop_point:SP_682,Patte d'Oie,8
2400821,08:00:00,08:00:10,stop_point:SP_3573,Roguet,9
2400821,08:03:00,08:03:10,stop_point:SP_3188,St Cyprien - République,10
2400821,08:04:00,08:04:10,stop_point:SP_1926,Les Abattoirs,11
2400821,08:06:00,08:06:10,stop_point:SP_786,Amidonniers,12
2400821,08:07:00,08:07:10,stop_point:SP_1493,Héraclès,13
2400821,08:08:00,08:08:10,stop_point:SP_1516,Leclerc,14
2400821,08:10:00,08:10:10,stop_point:SP_386,Compans-Caffarelli,15
2400821,08:11:00,08:11:10,stop_point:SP_2041,A. Bernard,16
2400821,08:13:00,08:13:10,stop_point:SP_1595,Concorde,17
2400821,08:14:00,08:14:10,stop_point:SP_39,Jeanne d'Arc,18
2400821,08:15:00,08:15:10,stop_point:SP_631,Jeanne d'Arc,19
2400822,15:10:00,15:10:10,stop_point:SP_322,Pelletier Purpan,1
2400822,15:11:00,15:11:10,stop_point:SP_3273,Hôpital Purpan,2
2400822,15:12:00,15:12:10,stop_point:SP_1837,Chardonnet,3
2400822,15:14:00,15:14:10,stop_point:SP_2084,Cartoucherie,4
2400822,15:15:00,15:15:10,stop_point:SP_2059,Zénith,5
2400822,15:16:00,15:16:10,stop_point:SP_3209,Turenne,6
2400822,15:17:00,15:17:10,stop_point:SP_2631,Barrière de Bayonne,7
2400822,15:19:00,15:19:10,stop_point:SP_682,Patte d'Oie,8
2400822,15:20:00,15:20:10,stop_point:SP_3573,Roguet,9
2400822,15:23:00,15:23:10,stop_point:SP_3188,St Cyprien - République,10
2400822,15:24:00,15:24:10,stop_point:SP_1926,Les Abattoirs,11
2400822,15:26:00,15:26:10,stop_point:SP_786,Amidonniers,12
2400822,15:27:00,15:27:10,stop_point:SP_1493,Héraclès,13
2400822,15:28:00,15:28:10,stop_point:SP_1516,Leclerc,14
2400822,15:30:00,15:30:10,stop_point:SP_386,Compans-Caffarelli,15
2400822,15:31:00,15:31:10,stop_point:SP_2041,A. Bernard,16
2400822,15:33:00,15:33:10,stop_point:SP_1595,Concorde,17
2400822,15:34:00,15:34:10,stop_point:SP_39,Jeanne d'Arc,18
2400822,15:35:00,15:35:10,stop_point:SP_631,Jeanne d'Arc,19
2400823,09:10:00,09:10:10,stop_point:SP_322,Pelletier Purpan,1
2400823,09:11:00,09:11:10,stop_point:SP_3273,Hôpital Purpan,2
2400823,09:12:00,09:12:10,stop_point:SP_1837,Chardonnet,3
2400823,09:14:00,09:14:10,stop_point:SP_2084,Cartoucherie,4
2400823,09:15:00,09:15:10,stop_point:SP_2059,Zénith,5
2400823,09:16:00,09:16:10,stop_point:SP_3209,Turenne,6
2400823,09:17:00,09:17:10,stop_point:SP_2631,Barrière de Bayonne,7
2400823,09:19:00,09:19:10,stop_point:SP_682,Patte d'Oie,8
2400823,09:20:00,09:20:10,stop_point:SP_3573,Roguet,9
2400823,09:23:00,09:23:10,stop_point:SP_3188,St Cyprien - République,10
2400823,09:23:00,09:23:10,stop_point:SP_1926,Les Abattoirs,11
2400823,09:25:00,09:25:10,stop_point:SP_786,Amidonniers,12
2400823,09:26:00,09:26:10,stop_point:SP_1493,Héraclès,13
2400823,09:27:00,09:27:10,stop_point:SP_1516,Leclerc,14
2400823,09:29:00,09:29:10,stop_point:SP_386,Compans-Caffarelli,15
2400823,09:30:00,09:30:10,stop_point:SP_2041,A. Bernard,16
2400823,09:32:00,09:32:10,stop_point:SP_1595,Concorde,17
2400823,09:33:00,09:33:10,stop_point:SP_39,Jeanne d'Arc,18
2400823,09:34:00,09:34:10,stop_point:SP_631,Jeanne d'Arc,19
2400824,07:19:00,07:19:10,stop_point:SP_322,Pelletier Purpan,1
2400824,07:19:00,07:19:10,stop_point:SP_3273,Hôpital Purpan,2
2400824,07:21:00,07:21:10,stop_point:SP_1837,Chardonnet,3
2400824,07:22:00,07:22:10,stop_point:SP_2084,Cartoucherie,4
2400824,07:23:00,07:23:10,stop_point:SP_2059,Zénith,5
2400824,07:24:00,07:24:10,stop_point:SP_3209,Turenne,6
2400824,07:25:00,07:25:10,stop_point:SP_2631,Barrière de Bayonne,7
2400824,07:27:00,07:27:10,stop_point:SP_682,Patte d'Oie,8
2400824,07:28:00,07:28:10,stop_point:SP_3573,Roguet,9
2400824,07:30:00,07:30:10,stop_point:SP_3188,St Cyprien - République,10
2400824,07:31:00,07:31:10,stop_point:SP_1926,Les Abattoirs,11
2400824,07:33:00,07:33:10,stop_point:SP_786,Amidonniers,12
2400824,07:34:00,07:34:10,stop_point:SP_1493,Héraclès,13
2400824,07:35:00,07:35:10,stop_point:SP_1516,Leclerc,14
2400824,07:37:00,07:37:10,stop_point:SP_386,Compans-Caffarelli,15
2400824,07:38:00,07:38:10,stop_point:SP_2041,A. Bernard,16
2400824,07:40:00,07:40:10,stop_point:SP_1595,Concorde,17
2400824,07:40:00,07:40:10,stop_point:SP_39,Jeanne d'Arc,18
2400824,07:41:00,07:41:10,stop_point:SP_631,Jeanne d'Arc,19
2400825,13:10:00,13:10:10,stop_point:SP_322,Pelletier Purpan,1
2400825,13:11:00,13:11:10,stop_point:SP_3273,Hôpital Purpan,2
2400825,13:12:00,13:12:10,stop_point:SP_1837,Chardonnet,3
2400825,13:14:00,13:14:10,stop_point:SP_2084,Cartoucherie,4
2400825,13:15:00,13:15:10,stop_point:SP_2059,Zénith,5
2400825,13:16:00,13:16:10,stop_point:SP_3209,Turenne,6
2400825,13:17:00,13:17:10,stop_point:SP_2631,Barrière de Bayonne,7
2400825,13:19:00,13:19:10,stop_point:SP_682,Patte d'Oie,8
2400825,13:20:00,13:20:10,stop_point:SP_3573,Roguet,9
2400825,13:23:00,13:23:10,stop_point:SP_3188,St Cyprien - République,10
2400825,13:23:00,13:23:10,stop_point:SP_1926,Les Abattoirs,11
2400825,13:25:00,13:25:10,stop_point:SP_786,Amidonniers,12
2400825,13:26:00,13:26:10,stop_point:SP_1493,Héraclès,13
2400825,13:27:00,13:27:10,stop_point:SP_1516,Leclerc,14
2400825,13:29:00,13:29:10,stop_point:SP_386,Compans-Caffarelli,15
2400825,13:30:00,13:30:10,stop_point:SP_2041,A. Bernard,16
2400825,13:32:00,13:32:10,stop_point:SP_1595,Concorde,17
2400825,13:33:00,13:33:10,stop_point:SP_39,Jeanne d'Arc,18
2400825,13:34:00,13:34:10,stop_point:SP_631,Jeanne d'Arc,19
2400826,20:43:00,20:43:10,stop_point:SP_322,Pelletier Purpan,1
2400826,20:43:00,20:43:10,stop_point:SP_3273,Hôpital Purpan,2
2400826,20:45:00,20:45:10,stop_point:SP_1837,Chardonnet,3
2400826,20:46:00,20:46:10,stop_point:SP_2084,Cartoucherie,4
2400826,20:47:00,20:47:10,stop_point:SP_2059,Zénith,5
2400826,20:48:00,20:48:10,stop_point:SP_3209,Turenne,6
2400826,20:49:00,20:49:10,stop_point:SP_2631,Barrière de Bayonne,7
2400826,20:50:00,20:50:10,stop_point:SP_682,Patte d'Oie,8
2400826,20:51:00,20:51:10,stop_point:SP_3573,Roguet,9
2400826,20:52:00,20:52:10,stop_point:SP_3188,St Cyprien - République,10
2400826,20:52:00,20:52:10,stop_point:SP_1926,Les Abattoirs,11
2400826,20:54:00,20:54:10,stop_point:SP_786,Amidonniers,12
2400826,20:55:00,20:55:10,stop_point:SP_1493,Héraclès,13
2400826,20:56:00,20:56:10,stop_point:SP_1516,Leclerc,14
2400826,20:58:00,20:58:10,stop_point:SP_386,Compans-Caffarelli,15
2400826,20:59:00,20:59:10,stop_point:SP_2041,A. Bernard,16
2400826,21:01:00,21:01:10,stop_point:SP_1595,Concorde,17
2400826,21:01:00,21:01:10,stop_point:SP_39,Jeanne d'Arc,18
2400826,21:02:00,21:02:10,stop_point:SP_631,Jeanne d'Arc,19
2400827,08:50:00,08:50:10,stop_point:SP_322,Pelletier Purpan,1
2400827,08:51:00,08:51:10,stop_point:SP_3273,Hôpital Purpan,2
2400827,08:52:00,08:52:10,stop_point:SP_1837,Chardonnet,3
2400827,08:54:00,08:54:10,stop_point:SP_2084,Cartoucherie,4
2400827,08:55:00,08:55:10,stop_point:SP_2059,Zénith,5
2400827,08:56:00,08:56:10,stop_point:SP_3209,Turenne,6
2400827,08:57:00,08:57:10,stop_point:SP_2631,Barrière de Bayonne,7
2400827,08:59:00,08:59:10,stop_point:SP_682,Patte d'Oie,8
2400827,09:00:00,09:00:10,stop_point:SP_3573,Roguet,9
2400827,09:03:00,09:03:10,stop_point:SP_3188,St Cyprien - République,10
2400827,09:04:00,09:04:10,stop_point:SP_1926,Les Abattoirs,11
2400827,09:06:00,09:06:10,stop_point:SP_786,Amidonniers,12
2400827,09:07:00,09:07:10,stop_point:SP_1493,Héraclès,13
2400827,09:08:00,09:08:10,stop_point:SP_1516,Leclerc,14
2400827,09:10:00,09:10:10,stop_point:SP_386,Compans-Caffarelli,15
2400827,09:11:00,09:11:10,stop_point:SP_2041,A. Bernard,16
2400827,09:13:00,09:13:10,stop_point:SP_1595,Concorde,17
2400827,09:14:00,09:14:10,stop_point:SP_39,Jeanne d'Arc,18
2400827,09:15:00,09:15:10,stop_point:SP_631,Jeanne d'Arc,19
2400828,14:50:00,14:50:10,stop_point:SP_322,Pelletier Purpan,1
2400828,14:51:00,14:51:10,stop_point:SP_3273,Hôpital Purpan,2
2400828,14:52:00,14:52:10,stop_point:SP_1837,Chardonnet,3
2400828,14:54:00,14:54:10,stop_point:SP_2084,Cartoucherie,4
2400828,14:55:00,14:55:10,stop_point:SP_2059,Zénith,5
2400828,14:56:00,14:56:10,stop_point:SP_3209,Turenne,6
2400828,14:57:00,14:57:10,stop_point:SP_2631,Barrière de Bayonne,7
2400828,14:59:00,14:59:10,stop_point:SP_682,Patte d'Oie,8
2400828,15:00:00,15:00:10,stop_point:SP_3573,Roguet,9
2400828,15:03:00,15:03:10,stop_point:SP_3188,St Cyprien - République,10
2400828,15:04:00,15:04:10,stop_point:SP_1926,Les Abattoirs,11
2400828,15:06:00,15:06:10,stop_point:SP_786,Amidonniers,12
2400828,15:07:00,15:07:10,stop_point:SP_1493,Héraclès,13
2400828,15:08:00,15:08:10,stop_point:SP_1516,Leclerc,14
2400828,15:10:00,15:10:10,stop_point:SP_386,Compans-Caffarelli,15
2400828,15:11:00,15:11:10,stop_point:SP_2041,A. Bernard,16
2400828,15:13:00,15:13:10,stop_point:SP_1595,Concorde,17
2400828,15:14:00,15:14:10,stop_point:SP_39,Jeanne d'Arc,18
2400828,15:15:00,15:15:10,stop_point:SP_631,Jeanne d'Arc,19
2400829,08:34:00,08:34:10,stop_point:SP_322,Pelletier Purpan,1
2400829,08:35:00,08:35:10,stop_point:SP_3273,Hôpital Purpan,2
2400829,08:36:00,08:36:10,stop_point:SP_1837,Chardonnet,3
2400829,08:38:00,08:38:10,stop_point:SP_2084,Cartoucherie,4
2400829,08:39:00,08:39:10,stop_point:SP_2059,Zénith,5
2400829,08:41:00,08:41:10,stop_point:SP_3209,Turenne,6
2400829,08:42:00,08:42:10,stop_point:SP_2631,Barrière de Bayonne,7
2400829,08:44:00,08:44:10,stop_point:SP_682,Patte d'Oie,8
2400829,08:45:00,08:45:10,stop_point:SP_3573,Roguet,9
2400829,08:48:00,08:48:10,stop_point:SP_3188,St Cyprien - République,10
2400829,08:49:00,08:49:10,stop_point:SP_1926,Les Abattoirs,11
2400829,08:51:00,08:51:10,stop_point:SP_786,Amidonniers,12
2400829,08:52:00,08:52:10,stop_point:SP_1493,Héraclès,13
2400829,08:53:00,08:53:10,stop_point:SP_1516,Leclerc,14
2400829,08:55:00,08:55:10,stop_point:SP_386,Compans-Caffarelli,15
2400829,08:56:00,08:56:10,stop_point:SP_2041,A. Bernard,16
2400829,08:58:00,08:58:10,stop_point:SP_1595,Concorde,17
2400829,08:59:00,08:59:10,stop_point:SP_39,Jeanne d'Arc,18
2400829,09:00:00,09:00:10,stop_point:SP_631,Jeanne d'Arc,19
2400830,14:10:00,14:10:10,stop_point:SP_322,Pelletier Purpan,1
2400830,14:11:00,14:11:10,stop_point:SP_3273,Hôpital Purpan,2
2400830,14:12:00,14:12:10,stop_point:SP_1837,Chardonnet,3
2400830,14:14:00,14:14:10,stop_point:SP_2084,Cartoucherie,4
2400830,14:15:00,14:15:10,stop_point:SP_2059,Zénith,5
2400830,14:16:00,14:16:10,stop_point:SP_3209,Turenne,6
2400830,14:17:00,14:17:10,stop_point:SP_2631,Barrière de Bayonne,7
2400830,14:19:00,14:19:10,stop_point:SP_682,Patte d'Oie,8
2400830,14:20:00,14:20:10,stop_point:SP_3573,Roguet,9
2400830,14:23:00,14:23:10,stop_point:SP_3188,St Cyprien - République,10
2400830,14:24:00,14:24:10,stop_point:SP_1926,Les Abattoirs,11
2400830,14:26:00,14:26:10,stop_point:SP_786,Amidonniers,12
2400830,14:27:00,14:27:10,stop_point:SP_1493,Héraclès,13
2400830,14:28:00,14:28:10,stop_point:SP_1516,Leclerc,14
2400830,14:30:00,14:30:10,stop_point:SP_386,Compans-Caffarelli,15
2400830,14:31:00,14:31:10,stop_point:SP_2041,A. Bernard,16
2400830,14:33:00,14:33:10,stop_point:SP_1595,Concorde,17
2400830,14:34:00,14:34:10,stop_point:SP_39,Jeanne d'Arc,18
2400830,14:35:00,14:35:10,stop_point:SP_631,Jeanne d'Arc,19
2400831,17:40:00,17:40:10,stop_point:SP_322,Pelletier Purpan,1
2400831,17:41:00,17:41:10,stop_point:SP_3273,Hôpital Purpan,2
2400831,17:43:00,17:43:10,stop_point:SP_1837,Chardonnet,3
2400831,17:46:00,17:46:10,stop_point:SP_2084,Cartoucherie,4
2400831,17:47:00,17:47:10,stop_point:SP_2059,Zénith,5
2400831,17:49:00,17:49:10,stop_point:SP_3209,Turenne,6
2400831,17:50:00,17:50:10,stop_point:SP_2631,Barrière de Bayonne,7
2400831,17:52:00,17:52:10,stop_point:SP_682,Patte d'Oie,8
2400831,17:53:00,17:53:10,stop_point:SP_3573,Roguet,9
2400831,17:56:00,17:56:10,stop_point:SP_3188,St Cyprien - République,10
2400831,17:57:00,17:57:10,stop_point:SP_1926,Les Abattoirs,11
2400831,18:00:00,18:00:10,stop_point:SP_786,Amidonniers,12
2400831,18:01:00,18:01:10,stop_point:SP_1493,Héraclès,13
2400831,18:02:00,18:02:10,stop_point:SP_1516,Leclerc,14
2400831,18:04:00,18:04:10,stop_point:SP_386,Compans-Caffarelli,15
2400831,18:05:00,18:05:10,stop_point:SP_2041,A. Bernard,16
2400831,18:07:00,18:07:10,stop_point:SP_1595,Concorde,17
2400831,18:08:00,18:08:10,stop_point:SP_39,Jeanne d'Arc,18
2400831,18:09:00,18:09:10,stop_point:SP_631,Jeanne d'Arc,19
2400832,16:40:00,16:40:10,stop_point:SP_322,Pelletier Purpan,1
2400832,16:41:00,16:41:10,stop_point:SP_3273,Hôpital Purpan,2
2400832,16:42:00,16:42:10,stop_point:SP_1837,Chardonnet,3
2400832,16:45:00,16:45:10,stop_point:SP_2084,Cartoucherie,4
2400832,16:46:00,16:46:10,stop_point:SP_2059,Zénith,5
2400832,16:48:00,16:48:10,stop_point:SP_3209,Turenne,6
2400832,16:49:00,16:49:10,stop_point:SP_2631,Barrière de Bayonne,7
2400832,16:51:00,16:51:10,stop_point:SP_682,Patte d'Oie,8
2400832,16:52:00,16:52:10,stop_point:SP_3573,Roguet,9
2400832,16:55:00,16:55:10,stop_point:SP_3188,St Cyprien - République,10
2400832,16:56:00,16:56:10,stop_point:SP_1926,Les Abattoirs,11
2400832,16:58:00,16:58:10,stop_point:SP_786,Amidonniers,12
2400832,16:59:00,16:59:10,stop_point:SP_1493,Héraclès,13
2400832,17:00:00,17:00:10,stop_point:SP_1516,Leclerc,14
2400832,17:02:00,17:02:10,stop_point:SP_386,Compans-Caffarelli,15
2400832,17:03:00,17:03:10,stop_point:SP_2041,A. Bernard,16
2400832,17:05:00,17:05:10,stop_point:SP_1595,Concorde,17
2400832,17:06:00,17:06:10,stop_point:SP_39,Jeanne d'Arc,18
2400832,17:07:00,17:07:10,stop_point:SP_631,Jeanne d'Arc,19
2400833,17:25:00,17:25:10,stop_point:SP_322,Pelletier Purpan,1
2400833,17:26:00,17:26:10,stop_point:SP_3273,Hôpital Purpan,2
2400833,17:27:00,17:27:10,stop_point:SP_1837,Chardonnet,3
2400833,17:30:00,17:30:10,stop_point:SP_2084,Cartoucherie,4
2400833,17:31:00,17:31:10,stop_point:SP_2059,Zénith,5
2400833,17:33:00,17:33:10,stop_point:SP_3209,Turenne,6
2400833,17:34:00,17:34:10,stop_point:SP_2631,Barrière de Bayonne,7
2400833,17:36:00,17:36:10,stop_point:SP_682,Patte d'Oie,8
2400833,17:37:00,17:37:10,stop_point:SP_3573,Roguet,9
2400833,17:40:00,17:40:10,stop_point:SP_3188,St Cyprien - République,10
2400833,17:41:00,17:41:10,stop_point:SP_1926,Les Abattoirs,11
2400833,17:44:00,17:44:10,stop_point:SP_786,Amidonniers,12
2400833,17:45:00,17:45:10,stop_point:SP_1493,Héraclès,13
2400833,17:46:00,17:46:10,stop_point:SP_1516,Leclerc,14
2400833,17:48:00,17:48:10,stop_point:SP_386,Compans-Caffarelli,15
2400833,17:49:00,17:49:10,stop_point:SP_2041,A. Bernard,16
2400833,17:51:00,17:51:10,stop_point:SP_1595,Concorde,17
2400833,17:52:00,17:52:10,stop_point:SP_39,Jeanne d'Arc,18
2400833,17:53:00,17:53:10,stop_point:SP_631,Jeanne d'Arc,19
2400834,10:50:00,10:50:10,stop_point:SP_322,Pelletier Purpan,1
2400834,10:51:00,10:51:10,stop_point:SP_3273,Hôpital Purpan,2
2400834,10:52:00,10:52:10,stop_point:SP_1837,Chardonnet,3
2400834,10:54:00,10:54:10,stop_point:SP_2084,Cartoucherie,4
2400834,10:55:00,10:55:10,stop_point:SP_2059,Zénith,5
2400834,10:56:00,10:56:10,stop_point:SP_3209,Turenne,6
2400834,10:57:00,10:57:10,stop_point:SP_2631,Barrière de Bayonne,7
2400834,10:59:00,10:59:10,stop_point:SP_682,Patte d'Oie,8
2400834,11:00:00,11:00:10,stop_point:SP_3573,Roguet,9
2400834,11:03:00,11:03:10,stop_point:SP_3188,St Cyprien - République,10
2400834,11:03:00,11:03:10,stop_point:SP_1926,Les Abattoirs,11
2400834,11:05:00,11:05:10,stop_point:SP_786,Amidonniers,12
2400834,11:06:00,11:06:10,stop_point:SP_1493,Héraclès,13
2400834,11:07:00,11:07:10,stop_point:SP_1516,Leclerc,14
2400834,11:09:00,11:09:10,stop_point:SP_386,Compans-Caffarelli,15
2400834,11:10:00,11:10:10,stop_point:SP_2041,A. Bernard,16
2400834,11:12:00,11:12:10,stop_point:SP_1595,Concorde,17
2400834,11:13:00,11:13:10,stop_point:SP_39,Jeanne d'Arc,18
2400834,11:14:00,11:14:10,stop_point:SP_631,Jeanne d'Arc,19
2400835,18:10:00,18:10:10,stop_point:SP_322,Pelletier Purpan,1
2400835,18:11:00,18:11:10,stop_point:SP_3273,Hôpital Purpan,2
2400835,18:13:00,18:13:10,stop_point:SP_1837,Chardonnet,3
2400835,18:16:00,18:16:10,stop_point:SP_2084,Cartoucherie,4
2400835,18:17:00,18:17:10,stop_point:SP_2059,Zénith,5
2400835,18:19:00,18:19:10,stop_point:SP_3209,Turenne,6
2400835,18:20:00,18:20:10,stop_point:SP_2631,Barrière de Bayonne,7
2400835,18:22:00,18:22:10,stop_point:SP_682,Patte d'Oie,8
2400835,18:23:00,18:23:10,stop_point:SP_3573,Roguet,9
2400835,18:26:00,18:26:10,stop_point:SP_3188,St Cyprien - République,10
2400835,18:27:00,18:27:10,stop_point:SP_1926,Les Abattoirs,11
2400835,18:29:00,18:29:10,stop_point:SP_786,Amidonniers,12
2400835,18:30:00,18:30:10,stop_point:SP_1493,Héraclès,13
2400835,18:31:00,18:31:10,stop_point:SP_1516,Leclerc,14
2400835,18:33:00,18:33:10,stop_point:SP_386,Compans-Caffarelli,15
2400835,18:34:00,18:34:10,stop_point:SP_2041,A. Bernard,16
2400835,18:36:00,18:36:10,stop_point:SP_1595,Concorde,17
2400835,18:37:00,18:37:10,stop_point:SP_39,Jeanne d'Arc,18
2400835,18:38:00,18:38:10,stop_point:SP_631,Jeanne d'Arc,19
2400836,17:10:00,17:10:10,stop_point:SP_322,Pelletier Purpan,1
2400836,17:11:00,17:11:10,stop_point:SP_3273,Hôpital Purpan,2
2400836,17:12:00,17:12:10,stop_point:SP_1837,Chardonnet,3
2400836,17:15:00,17:15:10,stop_point:SP_2084,Cartoucherie,4
2400836,17:16:00,17:16:10,stop_point:SP_2059,Zénith,5
2400836,17:18:00,17:18:10,stop_point:SP_3209,Turenne,6
2400836,17:19:00,17:19:10,stop_point:SP_2631,Barrière de Bayonne,7
2400836,17:21:00,17:21:10,stop_point:SP_682,Patte d'Oie,8
2400836,17:22:00,17:22:10,stop_point:SP_3573,Roguet,9
2400836,17:25:00,17:25:10,stop_point:SP_3188,St Cyprien - République,10
2400836,17:26:00,17:26:10,stop_point:SP_1926,Les Abattoirs,11
2400836,17:29:00,17:29:10,stop_point:SP_786,Amidonniers,12
2400836,17:30:00,17:30:10,stop_point:SP_1493,Héraclès,13
2400836,17:31:00,17:31:10,stop_point:SP_1516,Leclerc,14
2400836,17:33:00,17:33:10,stop_point:SP_386,Compans-Caffarelli,15
2400836,17:34:00,17:34:10,stop_point:SP_2041,A. Bernard,16
2400836,17:36:00,17:36:10,stop_point:SP_1595,Concorde,17
2400836,17:37:00,17:37:10,stop_point:SP_39,Jeanne d'Arc,18
2400836,17:38:00,17:38:10,stop_point:SP_631,Jeanne d'Arc,19
2400837,18:41:00,18:41:10,stop_point:SP_322,Pelletier Purpan,1
2400837,18:42:00,18:42:10,stop_point:SP_3273,Hôpital Purpan,2
2400837,18:43:00,18:43:10,stop_point:SP_1837,Chardonnet,3
2400837,18:46:00,18:46:10,stop_point:SP_2084,Cartoucherie,4
2400837,18:47:00,18:47:10,stop_point:SP_2059,Zénith,5
2400837,18:49:00,18:49:10,stop_point:SP_3209,Turenne,6
2400837,18:50:00,18:50:10,stop_point:SP_2631,Barrière de Bayonne,7
2400837,18:52:00,18:52:10,stop_point:SP_682,Patte d'Oie,8
2400837,18:53:00,18:53:10,stop_point:SP_3573,Roguet,9
2400837,18:56:00,18:56:10,stop_point:SP_3188,St Cyprien - République,10
2400837,18:57:00,18:57:10,stop_point:SP_1926,Les Abattoirs,11
2400837,18:59:00,18:59:10,stop_point:SP_786,Amidonniers,12
2400837,19:00:00,19:00:10,stop_point:SP_1493,Héraclès,13
2400837,19:01:00,19:01:10,stop_point:SP_1516,Leclerc,14
2400837,19:03:00,19:03:10,stop_point:SP_386,Compans-Caffarelli,15
2400837,19:04:00,19:04:10,stop_point:SP_2041,A. Bernard,16
2400837,19:06:00,19:06:10,stop_point:SP_1595,Concorde,17
2400837,19:07:00,19:07:10,stop_point:SP_39,Jeanne d'Arc,18
2400837,19:08:00,19:08:10,stop_point:SP_631,Jeanne d'Arc,19
2400838,19:17:00,19:17:10,stop_point:SP_322,Pelletier Purpan,1
2400838,19:18:00,19:18:10,stop_point:SP_3273,Hôpital Purpan,2
2400838,19:19:00,19:19:10,stop_point:SP_1837,Chardonnet,3
2400838,19:21:00,19:21:10,stop_point:SP_2084,Cartoucherie,4
2400838,19:22:00,19:22:10,stop_point:SP_2059,Zénith,5
2400838,19:23:00,19:23:10,stop_point:SP_3209,Turenne,6
2400838,19:24:00,19:24:10,stop_point:SP_2631,Barrière de Bayonne,7
2400838,19:26:00,19:26:10,stop_point:SP_682,Patte d'Oie,8
2400838,19:27:00,19:27:10,stop_point:SP_3573,Roguet,9
2400838,19:29:00,19:29:10,stop_point:SP_3188,St Cyprien - République,10
2400838,19:30:00,19:30:10,stop_point:SP_1926,Les Abattoirs,11
2400838,19:32:00,19:32:10,stop_point:SP_786,Amidonniers,12
2400838,19:33:00,19:33:10,stop_point:SP_1493,Héraclès,13
2400838,19:34:00,19:34:10,stop_point:SP_1516,Leclerc,14
2400838,19:36:00,19:36:10,stop_point:SP_386,Compans-Caffarelli,15
2400838,19:37:00,19:37:10,stop_point:SP_2041,A. Bernard,16
2400838,19:39:00,19:39:10,stop_point:SP_1595,Concorde,17
2400838,19:40:00,19:40:10,stop_point:SP_39,Jeanne d'Arc,18
2400838,19:41:00,19:41:10,stop_point:SP_631,Jeanne d'Arc,19
2400839,16:55:00,16:55:10,stop_point:SP_322,Pelletier Purpan,1
2400839,16:56:00,16:56:10,stop_point:SP_3273,Hôpital Purpan,2
2400839,16:57:00,16:57:10,stop_point:SP_1837,Chardonnet,3
2400839,17:00:00,17:00:10,stop_point:SP_2084,Cartoucherie,4
2400839,17:01:00,17:01:10,stop_point:SP_2059,Zénith,5
2400839,17:03:00,17:03:10,stop_point:SP_3209,Turenne,6
2400839,17:04:00,17:04:10,stop_point:SP_2631,Barrière de Bayonne,7
2400839,17:06:00,17:06:10,stop_point:SP_682,Patte d'Oie,8
2400839,17:07:00,17:07:10,stop_point:SP_3573,Roguet,9
2400839,17:10:00,17:10:10,stop_point:SP_3188,St Cyprien - République,10
2400839,17:11:00,17:11:10,stop_point:SP_1926,Les Abattoirs,11
2400839,17:14:00,17:14:10,stop_point:SP_786,Amidonniers,12
2400839,17:15:00,17:15:10,stop_point:SP_1493,Héraclès,13
2400839,17:16:00,17:16:10,stop_point:SP_1516,Leclerc,14
2400839,17:18:00,17:18:10,stop_point:SP_386,Compans-Caffarelli,15
2400839,17:19:00,17:19:10,stop_point:SP_2041,A. Bernard,16
2400839,17:21:00,17:21:10,stop_point:SP_1595,Concorde,17
2400839,17:22:00,17:22:10,stop_point:SP_39,Jeanne d'Arc,18
2400839,17:23:00,17:23:10,stop_point:SP_631,Jeanne d'Arc,19
2400840,12:10:00,12:10:10,stop_point:SP_322,Pelletier Purpan,1
2400840,12:11:00,12:11:10,stop_point:SP_3273,Hôpital Purpan,2
2400840,12:12:00,12:12:10,stop_point:SP_1837,Chardonnet,3
2400840,12:14:00,12:14:10,stop_point:SP_2084,Cartoucherie,4
2400840,12:15:00,12:15:10,stop_point:SP_2059,Zénith,5
2400840,12:16:00,12:16:10,stop_point:SP_3209,Turenne,6
2400840,12:17:00,12:17:10,stop_point:SP_2631,Barrière de Bayonne,7
2400840,12:19:00,12:19:10,stop_point:SP_682,Patte d'Oie,8
2400840,12:20:00,12:20:10,stop_point:SP_3573,Roguet,9
2400840,12:23:00,12:23:10,stop_point:SP_3188,St Cyprien - République,10
2400840,12:23:00,12:23:10,stop_point:SP_1926,Les Abattoirs,11
2400840,12:25:00,12:25:10,stop_point:SP_786,Amidonniers,12
2400840,12:26:00,12:26:10,stop_point:SP_1493,Héraclès,13
2400840,12:27:00,12:27:10,stop_point:SP_1516,Leclerc,14
2400840,12:29:00,12:29:10,stop_point:SP_386,Compans-Caffarelli,15
2400840,12:30:00,12:30:10,stop_point:SP_2041,A. Bernard,16
2400840,12:32:00,12:32:10,stop_point:SP_1595,Concorde,17
2400840,12:33:00,12:33:10,stop_point:SP_39,Jeanne d'Arc,18
2400840,12:34:00,12:34:10,stop_point:SP_631,Jeanne d'Arc,19
2400841,08:19:00,08:19:10,stop_point:SP_322,Pelletier Purpan,1
2400841,08:20:00,08:20:10,stop_point:SP_3273,Hôpital Purpan,2
2400841,08:21:00,08:21:10,stop_point:SP_1837,Chardonnet,3
2400841,08:23:00,08:23:10,stop_point:SP_2084,Cartoucherie,4
2400841,08:24:00,08:24:10,stop_point:SP_2059,Zénith,5
2400841,08:26:00,08:26:10,stop_point:SP_3209,Turenne,6
2400841,08:27:00,08:27:10,stop_point:SP_2631,Barrière de Bayonne,7
2400841,08:29:00,08:29:10,stop_point:SP_682,Patte d'Oie,8
2400841,08:30:00,08:30:10,stop_point:SP_3573,Roguet,9
2400841,08:33:00,08:33:10,stop_point:SP_3188,St Cyprien - République,10
2400841,08:34:00,08:34:10,stop_point:SP_1926,Les Abattoirs,11
2400841,08:36:00,08:36:10,stop_point:SP_786,Amidonniers,12
2400841,08:37:00,08:37:10,stop_point:SP_1493,Héraclès,13
2400841,08:38:00,08:38:10,stop_point:SP_1516,Leclerc,14
2400841,08:40:00,08:40:10,stop_point:SP_386,Compans-Caffarelli,15
2400841,08:41:00,08:41:10,stop_point:SP_2041,A. Bernard,16
2400841,08:43:00,08:43:10,stop_point:SP_1595,Concorde,17
2400841,08:44:00,08:44:10,stop_point:SP_39,Jeanne d'Arc,18
2400841,08:45:00,08:45:10,stop_point:SP_631,Jeanne d'Arc,19
2400842,18:25:00,18:25:10,stop_point:SP_322,Pelletier Purpan,1
2400842,18:26:00,18:26:10,stop_point:SP_3273,Hôpital Purpan,2
2400842,18:28:00,18:28:10,stop_point:SP_1837,Chardonnet,3
2400842,18:31:00,18:31:10,stop_point:SP_2084,Cartoucherie,4
2400842,18:32:00,18:32:10,stop_point:SP_2059,Zénith,5
2400842,18:34:00,18:34:10,stop_point:SP_3209,Turenne,6
2400842,18:35:00,18:35:10,stop_point:SP_2631,Barrière de Bayonne,7
2400842,18:37:00,18:37:10,stop_point:SP_682,Patte d'Oie,8
2400842,18:38:00,18:38:10,stop_point:SP_3573,Roguet,9
2400842,18:41:00,18:41:10,stop_point:SP_3188,St Cyprien - République,10
2400842,18:42:00,18:42:10,stop_point:SP_1926,Les Abattoirs,11
2400842,18:44:00,18:44:10,stop_point:SP_786,Amidonniers,12
2400842,18:45:00,18:45:10,stop_point:SP_1493,Héraclès,13
2400842,18:46:00,18:46:10,stop_point:SP_1516,Leclerc,14
2400842,18:48:00,18:48:10,stop_point:SP_386,Compans-Caffarelli,15
2400842,18:49:00,18:49:10,stop_point:SP_2041,A. Bernard,16
2400842,18:51:00,18:51:10,stop_point:SP_1595,Concorde,17
2400842,18:52:00,18:52:10,stop_point:SP_39,Jeanne d'Arc,18
2400842,18:53:00,18:53:10,stop_point:SP_631,Jeanne d'Arc,19
2400843,20:13:00,20:13:10,stop_point:SP_322,Pelletier Purpan,1
2400843,20:13:00,20:13:10,stop_point:SP_3273,Hôpital Purpan,2
2400843,20:15:00,20:15:10,stop_point:SP_1837,Chardonnet,3
2400843,20:16:00,20:16:10,stop_point:SP_2084,Cartoucherie,4
2400843,20:17:00,20:17:10,stop_point:SP_2059,Zénith,5
2400843,20:18:00,20:18:10,stop_point:SP_3209,Turenne,6
2400843,20:19:00,20:19:10,stop_point:SP_2631,Barrière de Bayonne,7
2400843,20:21:00,20:21:10,stop_point:SP_682,Patte d'Oie,8
2400843,20:22:00,20:22:10,stop_point:SP_3573,Roguet,9
2400843,20:24:00,20:24:10,stop_point:SP_3188,St Cyprien - République,10
2400843,20:25:00,20:25:10,stop_point:SP_1926,Les Abattoirs,11
2400843,20:27:00,20:27:10,stop_point:SP_786,Amidonniers,12
2400843,20:28:00,20:28:10,stop_point:SP_1493,Héraclès,13
2400843,20:29:00,20:29:10,stop_point:SP_1516,Leclerc,14
2400843,20:31:00,20:31:10,stop_point:SP_386,Compans-Caffarelli,15
2400843,20:32:00,20:32:10,stop_point:SP_2041,A. Bernard,16
2400843,20:34:00,20:34:10,stop_point:SP_1595,Concorde,17
2400843,20:34:00,20:34:10,stop_point:SP_39,Jeanne d'Arc,18
2400843,20:35:00,20:35:10,stop_point:SP_631,Jeanne d'Arc,19
2400844,15:41:00,15:41:10,stop_point:SP_322,Pelletier Purpan,1
2400844,15:42:00,15:42:10,stop_point:SP_3273,Hôpital Purpan,2
2400844,15:43:00,15:43:10,stop_point:SP_1837,Chardonnet,3
2400844,15:45:00,15:45:10,stop_point:SP_2084,Cartoucherie,4
2400844,15:46:00,15:46:10,stop_point:SP_2059,Zénith,5
2400844,15:48:00,15:48:10,stop_point:SP_3209,Turenne,6
2400844,15:49:00,15:49:10,stop_point:SP_2631,Barrière de Bayonne,7
2400844,15:51:00,15:51:10,stop_point:SP_682,Patte d'Oie,8
2400844,15:52:00,15:52:10,stop_point:SP_3573,Roguet,9
2400844,15:55:00,15:55:10,stop_point:SP_3188,St Cyprien - République,10
2400844,15:56:00,15:56:10,stop_point:SP_1926,Les Abattoirs,11
2400844,15:58:00,15:58:10,stop_point:SP_786,Amidonniers,12
2400844,15:59:00,15:59:10,stop_point:SP_1493,Héraclès,13
2400844,16:00:00,16:00:10,stop_point:SP_1516,Leclerc,14
2400844,16:02:00,16:02:10,stop_point:SP_386,Compans-Caffarelli,15
2400844,16:03:00,16:03:10,stop_point:SP_2041,A. Bernard,16
2400844,16:05:00,16:05:10,stop_point:SP_1595,Concorde,17
2400844,16:06:00,16:06:10,stop_point:SP_39,Jeanne d'Arc,18
2400844,16:07:00,16:07:10,stop_point:SP_631,Jeanne d'Arc,19
2400845,16:25:00,16:25:10,stop_point:SP_322,Pelletier Purpan,1
2400845,16:26:00,16:26:10,stop_point:SP_3273,Hôpital Purpan,2
2400845,16:27:00,16:27:10,stop_point:SP_1837,Chardonnet,3
2400845,16:30:00,16:30:10,stop_point:SP_2084,Cartoucherie,4
2400845,16:31:00,16:31:10,stop_point:SP_2059,Zénith,5
2400845,16:33:00,16:33:10,stop_point:SP_3209,Turenne,6
2400845,16:34:00,16:34:10,stop_point:SP_2631,Barrière de Bayonne,7
2400845,16:36:00,16:36:10,stop_point:SP_682,Patte d'Oie,8
2400845,16:37:00,16:37:10,stop_point:SP_3573,Roguet,9
2400845,16:40:00,16:40:10,stop_point:SP_3188,St Cyprien - République,10
2400845,16:41:00,16:41:10,stop_point:SP_1926,Les Abattoirs,11
2400845,16:43:00,16:43:10,stop_point:SP_786,Amidonniers,12
2400845,16:44:00,16:44:10,stop_point:SP_1493,Héraclès,13
2400845,16:45:00,16:45:10,stop_point:SP_1516,Leclerc,14
2400845,16:47:00,16:47:10,stop_point:SP_386,Compans-Caffarelli,15
2400845,16:48:00,16:48:10,stop_point:SP_2041,A. Bernard,16
2400845,16:50:00,16:50:10,stop_point:SP_1595,Concorde,17
2400845,16:51:00,16:51:10,stop_point:SP_39,Jeanne d'Arc,18
2400845,16:52:00,16:52:10,stop_point:SP_631,Jeanne d'Arc,19
2400846,21:15:00,21:15:10,stop_point:SP_322,Pelletier Purpan,1
2400846,21:15:00,21:15:10,stop_point:SP_3273,Hôpital Purpan,2
2400846,21:17:00,21:17:10,stop_point:SP_1837,Chardonnet,3
2400846,21:18:00,21:18:10,stop_point:SP_2084,Cartoucherie,4
2400846,21:19:00,21:19:10,stop_point:SP_2059,Zénith,5
2400846,21:20:00,21:20:10,stop_point:SP_3209,Turenne,6
2400846,21:21:00,21:21:10,stop_point:SP_2631,Barrière de Bayonne,7
2400846,21:22:00,21:22:10,stop_point:SP_682,Patte d'Oie,8
2400846,21:23:00,21:23:10,stop_point:SP_3573,Roguet,9
2400846,21:24:00,21:24:10,stop_point:SP_3188,St Cyprien - République,10
2400846,21:24:00,21:24:10,stop_point:SP_1926,Les Abattoirs,11
2400846,21:26:00,21:26:10,stop_point:SP_786,Amidonniers,12
2400846,21:27:00,21:27:10,stop_point:SP_1493,Héraclès,13
2400846,21:28:00,21:28:10,stop_point:SP_1516,Leclerc,14
2400846,21:30:00,21:30:10,stop_point:SP_386,Compans-Caffarelli,15
2400846,21:31:00,21:31:10,stop_point:SP_2041,A. Bernard,16
2400846,21:32:00,21:32:10,stop_point:SP_1595,Concorde,17
2400846,21:32:00,21:32:10,stop_point:SP_39,Jeanne d'Arc,18
2400846,21:33:00,21:33:10,stop_point:SP_631,Jeanne d'Arc,19
2400847,17:55:00,17:55:10,stop_point:SP_322,Pelletier Purpan,1
2400847,17:56:00,17:56:10,stop_point:SP_3273,Hôpital Purpan,2
2400847,17:58:00,17:58:10,stop_point:SP_1837,Chardonnet,3
2400847,18:01:00,18:01:10,stop_point:SP_2084,Cartoucherie,4
2400847,18:02:00,18:02:10,stop_point:SP_2059,Zénith,5
2400847,18:04:00,18:04:10,stop_point:SP_3209,Turenne,6
2400847,18:05:00,18:05:10,stop_point:SP_2631,Barrière de Bayonne,7
2400847,18:07:00,18:07:10,stop_point:SP_682,Patte d'Oie,8
2400847,18:08:00,18:08:10,stop_point:SP_3573,Roguet,9
2400847,18:11:00,18:11:10,stop_point:SP_3188,St Cyprien - République,10
2400847,18:12:00,18:12:10,stop_point:SP_1926,Les Abattoirs,11
2400847,18:15:00,18:15:10,stop_point:SP_786,Amidonniers,12
2400847,18:16:00,18:16:10,stop_point:SP_1493,Héraclès,13
2400847,18:17:00,18:17:10,stop_point:SP_1516,Leclerc,14
2400847,18:19:00,18:19:10,stop_point:SP_386,Compans-Caffarelli,15
2400847,18:20:00,18:20:10,stop_point:SP_2041,A. Bernard,16
2400847,18:22:00,18:22:10,stop_point:SP_1595,Concorde,17
2400847,18:23:00,18:23:10,stop_point:SP_39,Jeanne d'Arc,18
2400847,18:24:00,18:24:10,stop_point:SP_631,Jeanne d'Arc,19
2400848,19:43:00,19:43:10,stop_point:SP_322,Pelletier Purpan,1
2400848,19:44:00,19:44:10,stop_point:SP_3273,Hôpital Purpan,2
2400848,19:45:00,19:45:10,stop_point:SP_1837,Chardonnet,3
2400848,19:47:00,19:47:10,stop_point:SP_2084,Cartoucherie,4
2400848,19:48:00,19:48:10,stop_point:SP_2059,Zénith,5
2400848,19:49:00,19:49:10,stop_point:SP_3209,Turenne,6
2400848,19:50:00,19:50:10,stop_point:SP_2631,Barrière de Bayonne,7
2400848,19:52:00,19:52:10,stop_point:SP_682,Patte d'Oie,8
2400848,19:53:00,19:53:10,stop_point:SP_3573,Roguet,9
2400848,19:55:00,19:55:10,stop_point:SP_3188,St Cyprien - République,10
2400848,19:56:00,19:56:10,stop_point:SP_1926,Les Abattoirs,11
2400848,19:58:00,19:58:10,stop_point:SP_786,Amidonniers,12
2400848,19:59:00,19:59:10,stop_point:SP_1493,Héraclès,13
2400848,20:00:00,20:00:10,stop_point:SP_1516,Leclerc,14
2400848,20:02:00,20:02:10,stop_point:SP_386,Compans-Caffarelli,15
2400848,20:03:00,20:03:10,stop_point:SP_2041,A. Bernard,16
2400848,20:05:00,20:05:10,stop_point:SP_1595,Concorde,17
2400848,20:05:00,20:05:10,stop_point:SP_39,Jeanne d'Arc,18
2400848,20:06:00,20:06:10,stop_point:SP_631,Jeanne d'Arc,19
2400849,09:30:00,09:30:10,stop_point:SP_322,Pelletier Purpan,1
2400849,09:31:00,09:31:10,stop_point:SP_3273,Hôpital Purpan,2
2400849,09:32:00,09:32:10,stop_point:SP_1837,Chardonnet,3
2400849,09:34:00,09:34:10,stop_point:SP_2084,Cartoucherie,4
2400849,09:35:00,09:35:10,stop_point:SP_2059,Zénith,5
2400849,09:36:00,09:36:10,stop_point:SP_3209,Turenne,6
2400849,09:37:00,09:37:10,stop_point:SP_2631,Barrière de Bayonne,7
2400849,09:39:00,09:39:10,stop_point:SP_682,Patte d'Oie,8
2400849,09:40:00,09:40:10,stop_point:SP_3573,Roguet,9
2400849,09:43:00,09:43:10,stop_point:SP_3188,St Cyprien - République,10
2400849,09:43:00,09:43:10,stop_point:SP_1926,Les Abattoirs,11
2400849,09:45:00,09:45:10,stop_point:SP_786,Amidonniers,12
2400849,09:46:00,09:46:10,stop_point:SP_1493,Héraclès,13
2400849,09:47:00,09:47:10,stop_point:SP_1516,Leclerc,14
2400849,09:49:00,09:49:10,stop_point:SP_386,Compans-Caffarelli,15
2400849,09:50:00,09:50:10,stop_point:SP_2041,A. Bernard,16
2400849,09:52:00,09:52:10,stop_point:SP_1595,Concorde,17
2400849,09:53:00,09:53:10,stop_point:SP_39,Jeanne d'Arc,18
2400849,09:54:00,09:54:10,stop_point:SP_631,Jeanne d'Arc,19
2400850,07:04:00,07:04:10,stop_point:SP_322,Pelletier Purpan,1
2400850,07:04:00,07:04:10,stop_point:SP_3273,Hôpital Purpan,2
2400850,07:06:00,07:06:10,stop_point:SP_1837,Chardonnet,3
2400850,07:07:00,07:07:10,stop_point:SP_2084,Cartoucherie,4
2400850,07:08:00,07:08:10,stop_point:SP_2059,Zénith,5
2400850,07:09:00,07:09:10,stop_point:SP_3209,Turenne,6
2400850,07:10:00,07:10:10,stop_point:SP_2631,Barrière de Bayonne,7
2400850,07:11:00,07:11:10,stop_point:SP_682,Patte d'Oie,8
2400850,07:12:00,07:12:10,stop_point:SP_3573,Roguet,9
2400850,07:14:00,07:14:10,stop_point:SP_3188,St Cyprien - République,10
2400850,07:14:00,07:14:10,stop_point:SP_1926,Les Abattoirs,11
2400850,07:16:00,07:16:10,stop_point:SP_786,Amidonniers,12
2400850,07:17:00,07:17:10,stop_point:SP_1493,Héraclès,13
2400850,07:18:00,07:18:10,stop_point:SP_1516,Leclerc,14
2400850,07:20:00,07:20:10,stop_point:SP_386,Compans-Caffarelli,15
2400850,07:21:00,07:21:10,stop_point:SP_2041,A. Bernard,16
2400850,07:23:00,07:23:10,stop_point:SP_1595,Concorde,17
2400850,07:23:00,07:23:10,stop_point:SP_39,Jeanne d'Arc,18
2400850,07:24:00,07:24:10,stop_point:SP_631,Jeanne d'Arc,19
2400851,14:30:00,14:30:10,stop_point:SP_322,Pelletier Purpan,1
2400851,14:31:00,14:31:10,stop_point:SP_3273,Hôpital Purpan,2
2400851,14:32:00,14:32:10,stop_point:SP_1837,Chardonnet,3
2400851,14:34:00,14:34:10,stop_point:SP_2084,Cartoucherie,4
2400851,14:35:00,14:35:10,stop_point:SP_2059,Zénith,5
2400851,14:36:00,14:36:10,stop_point:SP_3209,Turenne,6
2400851,14:37:00,14:37:10,stop_point:SP_2631,Barrière de Bayonne,7
2400851,14:39:00,14:39:10,stop_point:SP_682,Patte d'Oie,8
2400851,14:40:00,14:40:10,stop_point:SP_3573,Roguet,9
2400851,14:43:00,14:43:10,stop_point:SP_3188,St Cyprien - République,10
2400851,14:44:00,14:44:10,stop_point:SP_1926,Les Abattoirs,11
2400851,14:46:00,14:46:10,stop_point:SP_786,Amidonniers,12
2400851,14:47:00,14:47:10,stop_point:SP_1493,Héraclès,13
2400851,14:48:00,14:48:10,stop_point:SP_1516,Leclerc,14
2400851,14:50:00,14:50:10,stop_point:SP_386,Compans-Caffarelli,15
2400851,14:51:00,14:51:10,stop_point:SP_2041,A. Bernard,16
2400851,14:53:00,14:53:10,stop_point:SP_1595,Concorde,17
2400851,14:54:00,14:54:10,stop_point:SP_39,Jeanne d'Arc,18
2400851,14:55:00,14:55:10,stop_point:SP_631,Jeanne d'Arc,19
2400852,13:50:00,13:50:10,stop_point:SP_322,Pelletier Purpan,1
2400852,13:51:00,13:51:10,stop_point:SP_3273,Hôpital Purpan,2
2400852,13:52:00,13:52:10,stop_point:SP_1837,Chardonnet,3
2400852,13:54:00,13:54:10,stop_point:SP_2084,Cartoucherie,4
2400852,13:55:00,13:55:10,stop_point:SP_2059,Zénith,5
2400852,13:56:00,13:56:10,stop_point:SP_3209,Turenne,6
2400852,13:57:00,13:57:10,stop_point:SP_2631,Barrière de Bayonne,7
2400852,13:59:00,13:59:10,stop_point:SP_682,Patte d'Oie,8
2400852,14:00:00,14:00:10,stop_point:SP_3573,Roguet,9
2400852,14:03:00,14:03:10,stop_point:SP_3188,St Cyprien - République,10
2400852,14:04:00,14:04:10,stop_point:SP_1926,Les Abattoirs,11
2400852,14:06:00,14:06:10,stop_point:SP_786,Amidonniers,12
2400852,14:07:00,14:07:10,stop_point:SP_1493,Héraclès,13
2400852,14:08:00,14:08:10,stop_point:SP_1516,Leclerc,14
2400852,14:10:00,14:10:10,stop_point:SP_386,Compans-Caffarelli,15
2400852,14:11:00,14:11:10,stop_point:SP_2041,A. Bernard,16
2400852,14:13:00,14:13:10,stop_point:SP_1595,Concorde,17
2400852,14:14:00,14:14:10,stop_point:SP_39,Jeanne d'Arc,18
2400852,14:15:00,14:15:10,stop_point:SP_631,Jeanne d'Arc,19
2400853,16:11:00,16:11:10,stop_point:SP_322,Pelletier Purpan,1
2400853,16:12:00,16:12:10,stop_point:SP_3273,Hôpital Purpan,2
2400853,16:13:00,16:13:10,stop_point:SP_1837,Chardonnet,3
2400853,16:15:00,16:15:10,stop_point:SP_2084,Cartoucherie,4
2400853,16:16:00,16:16:10,stop_point:SP_2059,Zénith,5
2400853,16:18:00,16:18:10,stop_point:SP_3209,Turenne,6
2400853,16:19:00,16:19:10,stop_point:SP_2631,Barrière de Bayonne,7
2400853,16:21:00,16:21:10,stop_point:SP_682,Patte d'Oie,8
2400853,16:22:00,16:22:10,stop_point:SP_3573,Roguet,9
2400853,16:25:00,16:25:10,stop_point:SP_3188,St Cyprien - République,10
2400853,16:26:00,16:26:10,stop_point:SP_1926,Les Abattoirs,11
2400853,16:28:00,16:28:10,stop_point:SP_786,Amidonniers,12
2400853,16:29:00,16:29:10,stop_point:SP_1493,Héraclès,13
2400853,16:30:00,16:30:10,stop_point:SP_1516,Leclerc,14
2400853,16:32:00,16:32:10,stop_point:SP_386,Compans-Caffarelli,15
2400853,16:33:00,16:33:10,stop_point:SP_2041,A. Bernard,16
2400853,16:35:00,16:35:10,stop_point:SP_1595,Concorde,17
2400853,16:36:00,16:36:10,stop_point:SP_39,Jeanne d'Arc,18
2400853,16:37:00,16:37:10,stop_point:SP_631,Jeanne d'Arc,19
2400854,12:30:00,12:30:10,stop_point:SP_322,Pelletier Purpan,1
2400854,12:31:00,12:31:10,stop_point:SP_3273,Hôpital Purpan,2
2400854,12:32:00,12:32:10,stop_point:SP_1837,Chardonnet,3
2400854,12:34:00,12:34:10,stop_point:SP_2084,Cartoucherie,4
2400854,12:35:00,12:35:10,stop_point:SP_2059,Zénith,5
2400854,12:36:00,12:36:10,stop_point:SP_3209,Turenne,6
2400854,12:37:00,12:37:10,stop_point:SP_2631,Barrière de Bayonne,7
2400854,12:39:00,12:39:10,stop_point:SP_682,Patte d'Oie,8
2400854,12:40:00,12:40:10,stop_point:SP_3573,Roguet,9
2400854,12:43:00,12:43:10,stop_point:SP_3188,St Cyprien - République,10
2400854,12:43:00,12:43:10,stop_point:SP_1926,Les Abattoirs,11
2400854,12:45:00,12:45:10,stop_point:SP_786,Amidonniers,12
2400854,12:46:00,12:46:10,stop_point:SP_1493,Héraclès,13
2400854,12:47:00,12:47:10,stop_point:SP_1516,Leclerc,14
2400854,12:49:00,12:49:10,stop_point:SP_386,Compans-Caffarelli,15
2400854,12:50:00,12:50:10,stop_point:SP_2041,A. Bernard,16
2400854,12:52:00,12:52:10,stop_point:SP_1595,Concorde,17
2400854,12:53:00,12:53:10,stop_point:SP_39,Jeanne d'Arc,18
2400854,12:54:00,12:54:10,stop_point:SP_631,Jeanne d'Arc,19
2400855,09:50:00,09:50:10,stop_point:SP_322,Pelletier Purpan,1
2400855,09:51:00,09:51:10,stop_point:SP_3273,Hôpital Purpan,2
2400855,09:52:00,09:52:10,stop_point:SP_1837,Chardonnet,3
2400855,09:54:00,09:54:10,stop_point:SP_2084,Cartoucherie,4
2400855,09:55:00,09:55:10,stop_point:SP_2059,Zénith,5
2400855,09:56:00,09:56:10,stop_point:SP_3209,Turenne,6
2400855,09:57:00,09:57:10,stop_point:SP_2631,Barrière de Bayonne,7
2400855,09:59:00,09:59:10,stop_point:SP_682,Patte d'Oie,8
2400855,10:00:00,10:00:10,stop_point:SP_3573,Roguet,9
2400855,10:03:00,10:03:10,stop_point:SP_3188,St Cyprien - République,10
2400855,10:03:00,10:03:10,stop_point:SP_1926,Les Abattoirs,11
2400855,10:05:00,10:05:10,stop_point:SP_786,Amidonniers,12
2400855,10:06:00,10:06:10,stop_point:SP_1493,Héraclès,13
2400855,10:07:00,10:07:10,stop_point:SP_1516,Leclerc,14
2400855,10:09:00,10:09:10,stop_point:SP_386,Compans-Caffarelli,15
2400855,10:10:00,10:10:10,stop_point:SP_2041,A. Bernard,16
2400855,10:12:00,10:12:10,stop_point:SP_1595,Concorde,17
2400855,10:13:00,10:13:10,stop_point:SP_39,Jeanne d'Arc,18
2400855,10:14:00,10:14:10,stop_point:SP_631,Jeanne d'Arc,19
2400856,11:10:00,11:10:10,stop_point:SP_322,Pelletier Purpan,1
2400856,11:11:00,11:11:10,stop_point:SP_3273,Hôpital Purpan,2
2400856,11:12:00,11:12:10,stop_point:SP_1837,Chardonnet,3
2400856,11:14:00,11:14:10,stop_point:SP_2084,Cartoucherie,4
2400856,11:15:00,11:15:10,stop_point:SP_2059,Zénith,5
2400856,11:16:00,11:16:10,stop_point:SP_3209,Turenne,6
2400856,11:17:00,11:17:10,stop_point:SP_2631,Barrière de Bayonne,7
2400856,11:19:00,11:19:10,stop_point:SP_682,Patte d'Oie,8
2400856,11:20:00,11:20:10,stop_point:SP_3573,Roguet,9
2400856,11:23:00,11:23:10,stop_point:SP_3188,St Cyprien - République,10
2400856,11:23:00,11:23:10,stop_point:SP_1926,Les Abattoirs,11
2400856,11:25:00,11:25:10,stop_point:SP_786,Amidonniers,12
2400856,11:26:00,11:26:10,stop_point:SP_1493,Héraclès,13
2400856,11:27:00,11:27:10,stop_point:SP_1516,Leclerc,14
2400856,11:29:00,11:29:10,stop_point:SP_386,Compans-Caffarelli,15
2400856,11:30:00,11:30:10,stop_point:SP_2041,A. Bernard,16
2400856,11:32:00,11:32:10,stop_point:SP_1595,Concorde,17
2400856,11:33:00,11:33:10,stop_point:SP_39,Jeanne d'Arc,18
2400856,11:34:00,11:34:10,stop_point:SP_631,Jeanne d'Arc,19
2400857,06:35:00,06:35:10,stop_point:SP_322,Pelletier Purpan,1
2400857,06:35:00,06:35:10,stop_point:SP_3273,Hôpital Purpan,2
2400857,06:37:00,06:37:10,stop_point:SP_1837,Chardonnet,3
2400857,06:38:00,06:38:10,stop_point:SP_2084,Cartoucherie,4
2400857,06:39:00,06:39:10,stop_point:SP_2059,Zénith,5
2400857,06:40:00,06:40:10,stop_point:SP_3209,Turenne,6
2400857,06:41:00,06:41:10,stop_point:SP_2631,Barrière de Bayonne,7
2400857,06:42:00,06:42:10,stop_point:SP_682,Patte d'Oie,8
2400857,06:43:00,06:43:10,stop_point:SP_3573,Roguet,9
2400857,06:44:00,06:44:10,stop_point:SP_3188,St Cyprien - République,10
2400857,06:44:00,06:44:10,stop_point:SP_1926,Les Abattoirs,11
2400857,06:46:00,06:46:10,stop_point:SP_786,Amidonniers,12
2400857,06:47:00,06:47:10,stop_point:SP_1493,Héraclès,13
2400857,06:48:00,06:48:10,stop_point:SP_1516,Leclerc,14
2400857,06:50:00,06:50:10,stop_point:SP_386,Compans-Caffarelli,15
2400857,06:51:00,06:51:10,stop_point:SP_2041,A. Bernard,16
2400857,06:52:00,06:52:10,stop_point:SP_1595,Concorde,17
2400857,06:52:00,06:52:10,stop_point:SP_39,Jeanne d'Arc,18
2400857,06:53:00,06:53:10,stop_point:SP_631,Jeanne d'Arc,19
2400858,11:30:00,11:30:10,stop_point:SP_322,Pelletier Purpan,1
2400858,11:31:00,11:31:10,stop_point:SP_3273,Hôpital Purpan,2
2400858,11:32:00,11:32:10,stop_point:SP_1837,Chardonnet,3
2400858,11:34:00,11:34:10,stop_point:SP_2084,Cartoucherie,4
2400858,11:35:00,11:35:10,stop_point:SP_2059,Zénith,5
2400858,11:36:00,11:36:10,stop_point:SP_3209,Turenne,6
2400858,11:37:00,11:37:10,stop_point:SP_2631,Barrière de Bayonne,7
2400858,11:39:00,11:39:10,stop_point:SP_682,Patte d'Oie,8
2400858,11:40:00,11:40:10,stop_point:SP_3573,Roguet,9
2400858,11:43:00,11:43:10,stop_point:SP_3188,St Cyprien - République,10
2400858,11:43:00,11:43:10,stop_point:SP_1926,Les Abattoirs,11
2400858,11:45:00,11:45:10,stop_point:SP_786,Amidonniers,12
2400858,11:46:00,11:46:10,stop_point:SP_1493,Héraclès,13
2400858,11:47:00,11:47:10,stop_point:SP_1516,Leclerc,14
2400858,11:49:00,11:49:10,stop_point:SP_386,Compans-Caffarelli,15
2400858,11:50:00,11:50:10,stop_point:SP_2041,A. Bernard,16
2400858,11:52:00,11:52:10,stop_point:SP_1595,Concorde,17
2400858,11:53:00,11:53:10,stop_point:SP_39,Jeanne d'Arc,18
2400858,11:54:00,11:54:10,stop_point:SP_631,Jeanne d'Arc,19
2400859,15:26:00,15:26:10,stop_point:SP_322,Pelletier Purpan,1
2400859,15:27:00,15:27:10,stop_point:SP_3273,Hôpital Purpan,2
2400859,15:28:00,15:28:10,stop_point:SP_1837,Chardonnet,3
2400859,15:30:00,15:30:10,stop_point:SP_2084,Cartoucherie,4
2400859,15:31:00,15:31:10,stop_point:SP_2059,Zénith,5
2400859,15:32:00,15:32:10,stop_point:SP_3209,Turenne,6
2400859,15:33:00,15:33:10,stop_point:SP_2631,Barrière de Bayonne,7
2400859,15:35:00,15:35:10,stop_point:SP_682,Patte d'Oie,8
2400859,15:36:00,15:36:10,stop_point:SP_3573,Roguet,9
2400859,15:39:00,15:39:10,stop_point:SP_3188,St Cyprien - République,10
2400859,15:40:00,15:40:10,stop_point:SP_1926,Les Abattoirs,11
2400859,15:42:00,15:42:10,stop_point:SP_786,Amidonniers,12
2400859,15:43:00,15:43:10,stop_point:SP_1493,Héraclès,13
2400859,15:44:00,15:44:10,stop_point:SP_1516,Leclerc,14
2400859,15:46:00,15:46:10,stop_point:SP_386,Compans-Caffarelli,15
2400859,15:47:00,15:47:10,stop_point:SP_2041,A. Bernard,16
2400859,15:49:00,15:49:10,stop_point:SP_1595,Concorde,17
2400859,15:50:00,15:50:10,stop_point:SP_39,Jeanne d'Arc,18
2400859,15:51:00,15:51:10,stop_point:SP_631,Jeanne d'Arc,19
2400860,05:55:00,05:55:10,stop_point:SP_631,Jeanne d'Arc,1
2400860,05:56:00,05:56:10,stop_point:SP_2833,Concorde,2
2400860,05:57:00,05:57:10,stop_point:SP_127,A. Bernard,3
2400860,05:58:00,05:58:10,stop_point:SP_1313,Compans-Caffarelli,4
2400860,05:59:00,05:59:10,stop_point:SP_2805,Leclerc,5
2400860,06:00:00,06:00:10,stop_point:SP_3157,Héraclès,6
2400860,06:01:00,06:01:10,stop_point:SP_1289,Amidonniers,7
2400860,06:02:00,06:02:10,stop_point:SP_1907,Les Abattoirs,8
2400860,06:03:00,06:03:10,stop_point:SP_1010,St Cyprien - République,9
2400860,06:04:00,06:04:10,stop_point:SP_3339,Roguet,10
2400860,06:05:00,06:05:10,stop_point:SP_1736,Patte d'Oie,11
2400860,06:05:00,06:05:10,stop_point:SP_3876,Barrière de Bayonne,12
2400860,06:06:00,06:06:10,stop_point:SP_1339,Turenne,13
2400860,06:07:00,06:07:10,stop_point:SP_325,Zénith,14
2400860,06:08:00,06:08:10,stop_point:SP_3548,Cartoucherie,15
2400860,06:10:00,06:10:10,stop_point:SP_2242,Chardonnet,16
2400860,06:10:00,06:10:10,stop_point:SP_3732,Hôpital Purpan,17
2400860,06:11:00,06:11:10,stop_point:SP_322,Pelletier Purpan,18
2400861,06:30:00,06:30:10,stop_point:SP_631,Jeanne d'Arc,1
2400861,06:31:00,06:31:10,stop_point:SP_2833,Concorde,2
2400861,06:32:00,06:32:10,stop_point:SP_127,A. Bernard,3
2400861,06:33:00,06:33:10,stop_point:SP_1313,Compans-Caffarelli,4
2400861,06:34:00,06:34:10,stop_point:SP_2805,Leclerc,5
2400861,06:35:00,06:35:10,stop_point:SP_3157,Héraclès,6
2400861,06:36:00,06:36:10,stop_point:SP_1289,Amidonniers,7
2400861,06:37:00,06:37:10,stop_point:SP_1907,Les Abattoirs,8
2400861,06:38:00,06:38:10,stop_point:SP_1010,St Cyprien - République,9
2400861,06:39:00,06:39:10,stop_point:SP_3339,Roguet,10
2400861,06:40:00,06:40:10,stop_point:SP_1736,Patte d'Oie,11
2400861,06:40:00,06:40:10,stop_point:SP_3876,Barrière de Bayonne,12
2400861,06:41:00,06:41:10,stop_point:SP_1339,Turenne,13
2400861,06:42:00,06:42:10,stop_point:SP_325,Zénith,14
2400861,06:43:00,06:43:10,stop_point:SP_3548,Cartoucherie,15
2400861,06:45:00,06:45:10,stop_point:SP_2242,Chardonnet,16
2400861,06:45:00,06:45:10,stop_point:SP_3732,Hôpital Purpan,17
2400861,06:46:00,06:46:10,stop_point:SP_322,Pelletier Purpan,18
2400862,14:50:00,14:50:10,stop_point:SP_631,Jeanne d'Arc,1
2400862,14:52:00,14:52:10,stop_point:SP_2833,Concorde,2
2400862,14:53:00,14:53:10,stop_point:SP_127,A. Bernard,3
2400862,14:54:00,14:54:10,stop_point:SP_1313,Compans-Caffarelli,4
2400862,14:56:00,14:56:10,stop_point:SP_2805,Leclerc,5
2400862,14:57:00,14:57:10,stop_point:SP_3157,Héraclès,6
2400862,14:58:00,14:58:10,stop_point:SP_1289,Amidonniers,7
2400862,15:01:00,15:01:10,stop_point:SP_1907,Les Abattoirs,8
2400862,15:02:00,15:02:10,stop_point:SP_1010,St Cyprien - République,9
2400862,15:04:00,15:04:10,stop_point:SP_3339,Roguet,10
2400862,15:05:00,15:05:10,stop_point:SP_1736,Patte d'Oie,11
2400862,15:06:00,15:06:10,stop_point:SP_3876,Barrière de Bayonne,12
2400862,15:08:00,15:08:10,stop_point:SP_1339,Turenne,13
2400862,15:09:00,15:09:10,stop_point:SP_325,Zénith,14
2400862,15:10:00,15:10:10,stop_point:SP_3548,Cartoucherie,15
2400862,15:12:00,15:12:10,stop_point:SP_2242,Chardonnet,16
2400862,15:13:00,15:13:10,stop_point:SP_3732,Hôpital Purpan,17
2400862,15:14:00,15:14:10,stop_point:SP_322,Pelletier Purpan,18
2400863,15:15:00,15:15:10,stop_point:SP_631,Jeanne d'Arc,1
2400863,15:17:00,15:17:10,stop_point:SP_2833,Concorde,2
2400863,15:18:00,15:18:10,stop_point:SP_127,A. Bernard,3
2400863,15:19:00,15:19:10,stop_point:SP_1313,Compans-Caffarelli,4
2400863,15:21:00,15:21:10,stop_point:SP_2805,Leclerc,5
2400863,15:22:00,15:22:10,stop_point:SP_3157,Héraclès,6
2400863,15:23:00,15:23:10,stop_point:SP_1289,Amidonniers,7
2400863,15:26:00,15:26:10,stop_point:SP_1907,Les Abattoirs,8
2400863,15:27:00,15:27:10,stop_point:SP_1010,St Cyprien - République,9
2400863,15:29:00,15:29:10,stop_point:SP_3339,Roguet,10
2400863,15:30:00,15:30:10,stop_point:SP_1736,Patte d'Oie,11
2400863,15:31:00,15:31:10,stop_point:SP_3876,Barrière de Bayonne,12
2400863,15:33:00,15:33:10,stop_point:SP_1339,Turenne,13
2400863,15:35:00,15:35:10,stop_point:SP_325,Zénith,14
2400863,15:36:00,15:36:10,stop_point:SP_3548,Cartoucherie,15
2400863,15:38:00,15:38:10,stop_point:SP_2242,Chardonnet,16
2400863,15:39:00,15:39:10,stop_point:SP_3732,Hôpital Purpan,17
2400863,15:40:00,15:40:10,stop_point:SP_322,Pelletier Purpan,18
2400864,15:40:00,15:40:10,stop_point:SP_631,Jeanne d'Arc,1
2400864,15:42:00,15:42:10,stop_point:SP_2833,Concorde,2
2400864,15:43:00,15:43:10,stop_point:SP_127,A. Bernard,3
2400864,15:44:00,15:44:10,stop_point:SP_1313,Compans-Caffarelli,4
2400864,15:46:00,15:46:10,stop_point:SP_2805,Leclerc,5
2400864,15:47:00,15:47:10,stop_point:SP_3157,Héraclès,6
2400864,15:48:00,15:48:10,stop_point:SP_1289,Amidonniers,7
2400864,15:51:00,15:51:10,stop_point:SP_1907,Les Abattoirs,8
2400864,15:52:00,15:52:10,stop_point:SP_1010,St Cyprien - République,9
2400864,15:54:00,15:54:10,stop_point:SP_3339,Roguet,10
2400864,15:55:00,15:55:10,stop_point:SP_1736,Patte d'Oie,11
2400864,15:56:00,15:56:10,stop_point:SP_3876,Barrière de Bayonne,12
2400864,15:58:00,15:58:10,stop_point:SP_1339,Turenne,13
2400864,15:59:00,15:59:10,stop_point:SP_325,Zénith,14
2400864,16:00:00,16:00:10,stop_point:SP_3548,Cartoucherie,15
2400864,16:02:00,16:02:10,stop_point:SP_2242,Chardonnet,16
2400864,16:03:00,16:03:10,stop_point:SP_3732,Hôpital Purpan,17
2400864,16:04:00,16:04:10,stop_point:SP_322,Pelletier Purpan,18
2400865,16:05:00,16:05:10,stop_point:SP_631,Jeanne d'Arc,1
2400865,16:07:00,16:07:10,stop_point:SP_2833,Concorde,2
2400865,16:08:00,16:08:10,stop_point:SP_127,A. Bernard,3
2400865,16:09:00,16:09:10,stop_point:SP_1313,Compans-Caffarelli,4
2400865,16:11:00,16:11:10,stop_point:SP_2805,Leclerc,5
2400865,16:12:00,16:12:10,stop_point:SP_3157,Héraclès,6
2400865,16:13:00,16:13:10,stop_point:SP_1289,Amidonniers,7
2400865,16:16:00,16:16:10,stop_point:SP_1907,Les Abattoirs,8
2400865,16:17:00,16:17:10,stop_point:SP_1010,St Cyprien - République,9
2400865,16:19:00,16:19:10,stop_point:SP_3339,Roguet,10
2400865,16:20:00,16:20:10,stop_point:SP_1736,Patte d'Oie,11
2400865,16:21:00,16:21:10,stop_point:SP_3876,Barrière de Bayonne,12
2400865,16:23:00,16:23:10,stop_point:SP_1339,Turenne,13
2400865,16:24:00,16:24:10,stop_point:SP_325,Zénith,14
2400865,16:25:00,16:25:10,stop_point:SP_3548,Cartoucherie,15
2400865,16:27:00,16:27:10,stop_point:SP_2242,Chardonnet,16
2400865,16:28:00,16:28:10,stop_point:SP_3732,Hôpital Purpan,17
2400865,16:29:00,16:29:10,stop_point:SP_322,Pelletier Purpan,18
2400866,16:30:00,16:30:10,stop_point:SP_631,Jeanne d'Arc,1
2400866,16:32:00,16:32:10,stop_point:SP_2833,Concorde,2
2400866,16:33:00,16:33:10,stop_point:SP_127,A. Bernard,3
2400866,16:34:00,16:34:10,stop_point:SP_1313,Compans-Caffarelli,4
2400866,16:36:00,16:36:10,stop_point:SP_2805,Leclerc,5
2400866,16:37:00,16:37:10,stop_point:SP_3157,Héraclès,6
2400866,16:38:00,16:38:10,stop_point:SP_1289,Amidonniers,7
2400866,16:41:00,16:41:10,stop_point:SP_1907,Les Abattoirs,8
2400866,16:42:00,16:42:10,stop_point:SP_1010,St Cyprien - République,9
2400866,16:44:00,16:44:10,stop_point:SP_3339,Roguet,10
2400866,16:45:00,16:45:10,stop_point:SP_1736,Patte d'Oie,11
2400866,16:46:00,16:46:10,stop_point:SP_3876,Barrière de Bayonne,12
2400866,16:48:00,16:48:10,stop_point:SP_1339,Turenne,13
2400866,16:49:00,16:49:10,stop_point:SP_325,Zénith,14
2400866,16:50:00,16:50:10,stop_point:SP_3548,Cartoucherie,15
2400866,16:52:00,16:52:10,stop_point:SP_2242,Chardonnet,16
2400866,16:53:00,16:53:10,stop_point:SP_3732,Hôpital Purpan,17
2400866,16:54:00,16:54:10,stop_point:SP_322,Pelletier Purpan,18
2400867,16:55:00,16:55:10,stop_point:SP_631,Jeanne d'Arc,1
2400867,16:57:00,16:57:10,stop_point:SP_2833,Concorde,2
2400867,16:58:00,16:58:10,stop_point:SP_127,A. Bernard,3
2400867,16:59:00,16:59:10,stop_point:SP_1313,Compans-Caffarelli,4
2400867,17:01:00,17:01:10,stop_point:SP_2805,Leclerc,5
2400867,17:02:00,17:02:10,stop_point:SP_3157,Héraclès,6
2400867,17:03:00,17:03:10,stop_point:SP_1289,Amidonniers,7
2400867,17:06:00,17:06:10,stop_point:SP_1907,Les Abattoirs,8
2400867,17:07:00,17:07:10,stop_point:SP_1010,St Cyprien - République,9
2400867,17:09:00,17:09:10,stop_point:SP_3339,Roguet,10
2400867,17:10:00,17:10:10,stop_point:SP_1736,Patte d'Oie,11
2400867,17:11:00,17:11:10,stop_point:SP_3876,Barrière de Bayonne,12
2400867,17:13:00,17:13:10,stop_point:SP_1339,Turenne,13
2400867,17:14:00,17:14:10,stop_point:SP_325,Zénith,14
2400867,17:15:00,17:15:10,stop_point:SP_3548,Cartoucherie,15
2400867,17:17:00,17:17:10,stop_point:SP_2242,Chardonnet,16
2400867,17:18:00,17:18:10,stop_point:SP_3732,Hôpital Purpan,17
2400867,17:19:00,17:19:10,stop_point:SP_322,Pelletier Purpan,18
2400868,17:20:00,17:20:10,stop_point:SP_631,Jeanne d'Arc,1
2400868,17:22:00,17:22:10,stop_point:SP_2833,Concorde,2
2400868,17:23:00,17:23:10,stop_point:SP_127,A. Bernard,3
2400868,17:24:00,17:24:10,stop_point:SP_1313,Compans-Caffarelli,4
2400868,17:26:00,17:26:10,stop_point:SP_2805,Leclerc,5
2400868,17:27:00,17:27:10,stop_point:SP_3157,Héraclès,6
2400868,17:28:00,17:28:10,stop_point:SP_1289,Amidonniers,7
2400868,17:31:00,17:31:10,stop_point:SP_1907,Les Abattoirs,8
2400868,17:32:00,17:32:10,stop_point:SP_1010,St Cyprien - République,9
2400868,17:34:00,17:34:10,stop_point:SP_3339,Roguet,10
2400868,17:35:00,17:35:10,stop_point:SP_1736,Patte d'Oie,11
2400868,17:36:00,17:36:10,stop_point:SP_3876,Barrière de Bayonne,12
2400868,17:38:00,17:38:10,stop_point:SP_1339,Turenne,13
2400868,17:40:00,17:40:10,stop_point:SP_325,Zénith,14
2400868,17:41:00,17:41:10,stop_point:SP_3548,Cartoucherie,15
2400868,17:43:00,17:43:10,stop_point:SP_2242,Chardonnet,16
2400868,17:44:00,17:44:10,stop_point:SP_3732,Hôpital Purpan,17
2400868,17:45:00,17:45:10,stop_point:SP_322,Pelletier Purpan,18
2400869,17:45:00,17:45:10,stop_point:SP_631,Jeanne d'Arc,1
2400869,17:47:00,17:47:10,stop_point:SP_2833,Concorde,2
2400869,17:48:00,17:48:10,stop_point:SP_127,A. Bernard,3
2400869,17:49:00,17:49:10,stop_point:SP_1313,Compans-Caffarelli,4
2400869,17:51:00,17:51:10,stop_point:SP_2805,Leclerc,5
2400869,17:52:00,17:52:10,stop_point:SP_3157,Héraclès,6
2400869,17:54:00,17:54:10,stop_point:SP_1289,Amidonniers,7
2400869,17:57:00,17:57:10,stop_point:SP_1907,Les Abattoirs,8
2400869,17:58:00,17:58:10,stop_point:SP_1010,St Cyprien - République,9
2400869,18:00:00,18:00:10,stop_point:SP_3339,Roguet,10
2400869,18:01:00,18:01:10,stop_point:SP_1736,Patte d'Oie,11
2400869,18:02:00,18:02:10,stop_point:SP_3876,Barrière de Bayonne,12
2400869,18:04:00,18:04:10,stop_point:SP_1339,Turenne,13
2400869,18:05:00,18:05:10,stop_point:SP_325,Zénith,14
2400869,18:06:00,18:06:10,stop_point:SP_3548,Cartoucherie,15
2400869,18:08:00,18:08:10,stop_point:SP_2242,Chardonnet,16
2400869,18:09:00,18:09:10,stop_point:SP_3732,Hôpital Purpan,17
2400869,18:10:00,18:10:10,stop_point:SP_322,Pelletier Purpan,18
2400870,18:15:00,18:15:10,stop_point:SP_631,Jeanne d'Arc,1
2400870,18:17:00,18:17:10,stop_point:SP_2833,Concorde,2
2400870,18:18:00,18:18:10,stop_point:SP_127,A. Bernard,3
2400870,18:19:00,18:19:10,stop_point:SP_1313,Compans-Caffarelli,4
2400870,18:21:00,18:21:10,stop_point:SP_2805,Leclerc,5
2400870,18:22:00,18:22:10,stop_point:SP_3157,Héraclès,6
2400870,18:24:00,18:24:10,stop_point:SP_1289,Amidonniers,7
2400870,18:27:00,18:27:10,stop_point:SP_1907,Les Abattoirs,8
2400870,18:28:00,18:28:10,stop_point:SP_1010,St Cyprien - République,9
2400870,18:30:00,18:30:10,stop_point:SP_3339,Roguet,10
2400870,18:31:00,18:31:10,stop_point:SP_1736,Patte d'Oie,11
2400870,18:32:00,18:32:10,stop_point:SP_3876,Barrière de Bayonne,12
2400870,18:34:00,18:34:10,stop_point:SP_1339,Turenne,13
2400870,18:35:00,18:35:10,stop_point:SP_325,Zénith,14
2400870,18:36:00,18:36:10,stop_point:SP_3548,Cartoucherie,15
2400870,18:39:00,18:39:10,stop_point:SP_2242,Chardonnet,16
2400870,18:41:00,18:41:10,stop_point:SP_3732,Hôpital Purpan,17
2400870,18:42:00,18:42:10,stop_point:SP_322,Pelletier Purpan,18
2400871,18:45:00,18:45:10,stop_point:SP_631,Jeanne d'Arc,1
2400871,18:47:00,18:47:10,stop_point:SP_2833,Concorde,2
2400871,18:48:00,18:48:10,stop_point:SP_127,A. Bernard,3
2400871,18:49:00,18:49:10,stop_point:SP_1313,Compans-Caffarelli,4
2400871,18:51:00,18:51:10,stop_point:SP_2805,Leclerc,5
2400871,18:52:00,18:52:10,stop_point:SP_3157,Héraclès,6
2400871,18:53:00,18:53:10,stop_point:SP_1289,Amidonniers,7
2400871,18:56:00,18:56:10,stop_point:SP_1907,Les Abattoirs,8
2400871,18:57:00,18:57:10,stop_point:SP_1010,St Cyprien - République,9
2400871,18:59:00,18:59:10,stop_point:SP_3339,Roguet,10
2400871,19:00:00,19:00:10,stop_point:SP_1736,Patte d'Oie,11
2400871,19:01:00,19:01:10,stop_point:SP_3876,Barrière de Bayonne,12
2400871,19:03:00,19:03:10,stop_point:SP_1339,Turenne,13
2400871,19:04:00,19:04:10,stop_point:SP_325,Zénith,14
2400871,19:05:00,19:05:10,stop_point:SP_3548,Cartoucherie,15
2400871,19:09:00,19:09:10,stop_point:SP_2242,Chardonnet,16
2400871,19:11:00,19:11:10,stop_point:SP_3732,Hôpital Purpan,17
2400871,19:12:00,19:12:10,stop_point:SP_322,Pelletier Purpan,18
2400872,20:25:00,20:25:10,stop_point:SP_631,Jeanne d'Arc,1
2400872,20:26:00,20:26:10,stop_point:SP_2833,Concorde,2
2400872,20:27:00,20:27:10,stop_point:SP_127,A. Bernard,3
2400872,20:28:00,20:28:10,stop_point:SP_1313,Compans-Caffarelli,4
2400872,20:30:00,20:30:10,stop_point:SP_2805,Leclerc,5
2400872,20:31:00,20:31:10,stop_point:SP_3157,Héraclès,6
2400872,20:33:00,20:33:10,stop_point:SP_1289,Amidonniers,7
2400872,20:36:00,20:36:10,stop_point:SP_1907,Les Abattoirs,8
2400872,20:37:00,20:37:10,stop_point:SP_1010,St Cyprien - République,9
2400872,20:38:00,20:38:10,stop_point:SP_3339,Roguet,10
2400872,20:39:00,20:39:10,stop_point:SP_1736,Patte d'Oie,11
2400872,20:40:00,20:40:10,stop_point:SP_3876,Barrière de Bayonne,12
2400872,20:41:00,20:41:10,stop_point:SP_1339,Turenne,13
2400872,20:42:00,20:42:10,stop_point:SP_325,Zénith,14
2400872,20:43:00,20:43:10,stop_point:SP_3548,Cartoucherie,15
2400872,20:45:00,20:45:10,stop_point:SP_2242,Chardonnet,16
2400872,20:46:00,20:46:10,stop_point:SP_3732,Hôpital Purpan,17
2400872,20:47:00,20:47:10,stop_point:SP_322,Pelletier Purpan,18
2400873,21:00:00,21:00:10,stop_point:SP_631,Jeanne d'Arc,1
2400873,21:01:00,21:01:10,stop_point:SP_2833,Concorde,2
2400873,21:02:00,21:02:10,stop_point:SP_127,A. Bernard,3
2400873,21:03:00,21:03:10,stop_point:SP_1313,Compans-Caffarelli,4
2400873,21:05:00,21:05:10,stop_point:SP_2805,Leclerc,5
2400873,21:06:00,21:06:10,stop_point:SP_3157,Héraclès,6
2400873,21:07:00,21:07:10,stop_point:SP_1289,Amidonniers,7
2400873,21:09:00,21:09:10,stop_point:SP_1907,Les Abattoirs,8
2400873,21:10:00,21:10:10,stop_point:SP_1010,St Cyprien - République,9
2400873,21:11:00,21:11:10,stop_point:SP_3339,Roguet,10
2400873,21:12:00,21:12:10,stop_point:SP_1736,Patte d'Oie,11
2400873,21:13:00,21:13:10,stop_point:SP_3876,Barrière de Bayonne,12
2400873,21:14:00,21:14:10,stop_point:SP_1339,Turenne,13
2400873,21:15:00,21:15:10,stop_point:SP_325,Zénith,14
2400873,21:16:00,21:16:10,stop_point:SP_3548,Cartoucherie,15
2400873,21:18:00,21:18:10,stop_point:SP_2242,Chardonnet,16
2400873,21:18:00,21:18:10,stop_point:SP_3732,Hôpital Purpan,17
2400873,21:19:00,21:19:10,stop_point:SP_322,Pelletier Purpan,18
2400874,14:25:00,14:25:10,stop_point:SP_631,Jeanne d'Arc,1
2400874,14:27:00,14:27:10,stop_point:SP_2833,Concorde,2
2400874,14:28:00,14:28:10,stop_point:SP_127,A. Bernard,3
2400874,14:29:00,14:29:10,stop_point:SP_1313,Compans-Caffarelli,4
2400874,14:31:00,14:31:10,stop_point:SP_2805,Leclerc,5
2400874,14:32:00,14:32:10,stop_point:SP_3157,Héraclès,6
2400874,14:34:00,14:34:10,stop_point:SP_1289,Amidonniers,7
2400874,14:36:00,14:36:10,stop_point:SP_1907,Les Abattoirs,8
2400874,14:37:00,14:37:10,stop_point:SP_1010,St Cyprien - République,9
2400874,14:39:00,14:39:10,stop_point:SP_3339,Roguet,10
2400874,14:40:00,14:40:10,stop_point:SP_1736,Patte d'Oie,11
2400874,14:41:00,14:41:10,stop_point:SP_3876,Barrière de Bayonne,12
2400874,14:43:00,14:43:10,stop_point:SP_1339,Turenne,13
2400874,14:45:00,14:45:10,stop_point:SP_325,Zénith,14
2400874,14:46:00,14:46:10,stop_point:SP_3548,Cartoucherie,15
2400874,14:48:00,14:48:10,stop_point:SP_2242,Chardonnet,16
2400874,14:49:00,14:49:10,stop_point:SP_3732,Hôpital Purpan,17
2400874,14:50:00,14:50:10,stop_point:SP_322,Pelletier Purpan,18
2400875,07:05:00,07:05:10,stop_point:SP_631,Jeanne d'Arc,1
2400875,07:06:00,07:06:10,stop_point:SP_2833,Concorde,2
2400875,07:07:00,07:07:10,stop_point:SP_127,A. Bernard,3
2400875,07:08:00,07:08:10,stop_point:SP_1313,Compans-Caffarelli,4
2400875,07:09:00,07:09:10,stop_point:SP_2805,Leclerc,5
2400875,07:10:00,07:10:10,stop_point:SP_3157,Héraclès,6
2400875,07:11:00,07:11:10,stop_point:SP_1289,Amidonniers,7
2400875,07:13:00,07:13:10,stop_point:SP_1907,Les Abattoirs,8
2400875,07:14:00,07:14:10,stop_point:SP_1010,St Cyprien - République,9
2400875,07:15:00,07:15:10,stop_point:SP_3339,Roguet,10
2400875,07:16:00,07:16:10,stop_point:SP_1736,Patte d'Oie,11
2400875,07:16:00,07:16:10,stop_point:SP_3876,Barrière de Bayonne,12
2400875,07:17:00,07:17:10,stop_point:SP_1339,Turenne,13
2400875,07:18:00,07:18:10,stop_point:SP_325,Zénith,14
2400875,07:19:00,07:19:10,stop_point:SP_3548,Cartoucherie,15
2400875,07:21:00,07:21:10,stop_point:SP_2242,Chardonnet,16
2400875,07:21:00,07:21:10,stop_point:SP_3732,Hôpital Purpan,17
2400875,07:22:00,07:22:10,stop_point:SP_322,Pelletier Purpan,18
2400876,07:40:00,07:40:10,stop_point:SP_631,Jeanne d'Arc,1
2400876,07:41:00,07:41:10,stop_point:SP_2833,Concorde,2
2400876,07:42:00,07:42:10,stop_point:SP_127,A. Bernard,3
2400876,07:43:00,07:43:10,stop_point:SP_1313,Compans-Caffarelli,4
2400876,07:44:00,07:44:10,stop_point:SP_2805,Leclerc,5
2400876,07:45:00,07:45:10,stop_point:SP_3157,Héraclès,6
2400876,07:46:00,07:46:10,stop_point:SP_1289,Amidonniers,7
2400876,07:48:00,07:48:10,stop_point:SP_1907,Les Abattoirs,8
2400876,07:49:00,07:49:10,stop_point:SP_1010,St Cyprien - République,9
2400876,07:50:00,07:50:10,stop_point:SP_3339,Roguet,10
2400876,07:51:00,07:51:10,stop_point:SP_1736,Patte d'Oie,11
2400876,07:52:00,07:52:10,stop_point:SP_3876,Barrière de Bayonne,12
2400876,07:53:00,07:53:10,stop_point:SP_1339,Turenne,13
2400876,07:54:00,07:54:10,stop_point:SP_325,Zénith,14
2400876,07:55:00,07:55:10,stop_point:SP_3548,Cartoucherie,15
2400876,07:57:00,07:57:10,stop_point:SP_2242,Chardonnet,16
2400876,07:57:00,07:57:10,stop_point:SP_3732,Hôpital Purpan,17
2400876,07:58:00,07:58:10,stop_point:SP_322,Pelletier Purpan,18
2400877,08:15:00,08:15:10,stop_point:SP_631,Jeanne d'Arc,1
2400877,08:16:00,08:16:10,stop_point:SP_2833,Concorde,2
2400877,08:17:00,08:17:10,stop_point:SP_127,A. Bernard,3
2400877,08:18:00,08:18:10,stop_point:SP_1313,Compans-Caffarelli,4
2400877,08:19:00,08:19:10,stop_point:SP_2805,Leclerc,5
2400877,08:20:00,08:20:10,stop_point:SP_3157,Héraclès,6
2400877,08:21:00,08:21:10,stop_point:SP_1289,Amidonniers,7
2400877,08:23:00,08:23:10,stop_point:SP_1907,Les Abattoirs,8
2400877,08:24:00,08:24:10,stop_point:SP_1010,St Cyprien - République,9
2400877,08:25:00,08:25:10,stop_point:SP_3339,Roguet,10
2400877,08:26:00,08:26:10,stop_point:SP_1736,Patte d'Oie,11
2400877,08:27:00,08:27:10,stop_point:SP_3876,Barrière de Bayonne,12
2400877,08:28:00,08:28:10,stop_point:SP_1339,Turenne,13
2400877,08:29:00,08:29:10,stop_point:SP_325,Zénith,14
2400877,08:30:00,08:30:10,stop_point:SP_3548,Cartoucherie,15
2400877,08:32:00,08:32:10,stop_point:SP_2242,Chardonnet,16
2400877,08:33:00,08:33:10,stop_point:SP_3732,Hôpital Purpan,17
2400877,08:34:00,08:34:10,stop_point:SP_322,Pelletier Purpan,18
2400878,08:50:00,08:50:10,stop_point:SP_631,Jeanne d'Arc,1
2400878,08:52:00,08:52:10,stop_point:SP_2833,Concorde,2
2400878,08:53:00,08:53:10,stop_point:SP_127,A. Bernard,3
2400878,08:54:00,08:54:10,stop_point:SP_1313,Compans-Caffarelli,4
2400878,08:55:00,08:55:10,stop_point:SP_2805,Leclerc,5
2400878,08:56:00,08:56:10,stop_point:SP_3157,Héraclès,6
2400878,08:57:00,08:57:10,stop_point:SP_1289,Amidonniers,7
2400878,09:00:00,09:00:10,stop_point:SP_1907,Les Abattoirs,8
2400878,09:01:00,09:01:10,stop_point:SP_1010,St Cyprien - République,9
2400878,09:02:00,09:02:10,stop_point:SP_3339,Roguet,10
2400878,09:03:00,09:03:10,stop_point:SP_1736,Patte d'Oie,11
2400878,09:04:00,09:04:10,stop_point:SP_3876,Barrière de Bayonne,12
2400878,09:06:00,09:06:10,stop_point:SP_1339,Turenne,13
2400878,09:07:00,09:07:10,stop_point:SP_325,Zénith,14
2400878,09:08:00,09:08:10,stop_point:SP_3548,Cartoucherie,15
2400878,09:10:00,09:10:10,stop_point:SP_2242,Chardonnet,16
2400878,09:10:00,09:10:10,stop_point:SP_3732,Hôpital Purpan,17
2400878,09:11:00,09:11:10,stop_point:SP_322,Pelletier Purpan,18
2400879,09:25:00,09:25:10,stop_point:SP_631,Jeanne d'Arc,1
2400879,09:27:00,09:27:10,stop_point:SP_2833,Concorde,2
2400879,09:28:00,09:28:10,stop_point:SP_127,A. Bernard,3
2400879,09:29:00,09:29:10,stop_point:SP_1313,Compans-Caffarelli,4
2400879,09:30:00,09:30:10,stop_point:SP_2805,Leclerc,5
2400879,09:31:00,09:31:10,stop_point:SP_3157,Héraclès,6
2400879,09:32:00,09:32:10,stop_point:SP_1289,Amidonniers,7
2400879,09:35:00,09:35:10,stop_point:SP_1907,Les Abattoirs,8
2400879,09:37:00,09:37:10,stop_point:SP_1010,St Cyprien - République,9
2400879,09:38:00,09:38:10,stop_point:SP_3339,Roguet,10
2400879,09:39:00,09:39:10,stop_point:SP_1736,Patte d'Oie,11
2400879,09:40:00,09:40:10,stop_point:SP_3876,Barrière de Bayonne,12
2400879,09:42:00,09:42:10,stop_point:SP_1339,Turenne,13
2400879,09:43:00,09:43:10,stop_point:SP_325,Zénith,14
2400879,09:44:00,09:44:10,stop_point:SP_3548,Cartoucherie,15
2400879,09:46:00,09:46:10,stop_point:SP_2242,Chardonnet,16
2400879,09:47:00,09:47:10,stop_point:SP_3732,Hôpital Purpan,17
2400879,09:48:00,09:48:10,stop_point:SP_322,Pelletier Purpan,18
2400880,10:00:00,10:00:10,stop_point:SP_631,Jeanne d'Arc,1
2400880,10:02:00,10:02:10,stop_point:SP_2833,Concorde,2
2400880,10:03:00,10:03:10,stop_point:SP_127,A. Bernard,3
2400880,10:04:00,10:04:10,stop_point:SP_1313,Compans-Caffarelli,4
2400880,10:05:00,10:05:10,stop_point:SP_2805,Leclerc,5
2400880,10:06:00,10:06:10,stop_point:SP_3157,Héraclès,6
2400880,10:07:00,10:07:10,stop_point:SP_1289,Amidonniers,7
2400880,10:10:00,10:10:10,stop_point:SP_1907,Les Abattoirs,8
2400880,10:11:00,10:11:10,stop_point:SP_1010,St Cyprien - République,9
2400880,10:13:00,10:13:10,stop_point:SP_3339,Roguet,10
2400880,10:14:00,10:14:10,stop_point:SP_1736,Patte d'Oie,11
2400880,10:15:00,10:15:10,stop_point:SP_3876,Barrière de Bayonne,12
2400880,10:17:00,10:17:10,stop_point:SP_1339,Turenne,13
2400880,10:18:00,10:18:10,stop_point:SP_325,Zénith,14
2400880,10:19:00,10:19:10,stop_point:SP_3548,Cartoucherie,15
2400880,10:21:00,10:21:10,stop_point:SP_2242,Chardonnet,16
2400880,10:22:00,10:22:10,stop_point:SP_3732,Hôpital Purpan,17
2400880,10:23:00,10:23:10,stop_point:SP_322,Pelletier Purpan,18
2400881,10:35:00,10:35:10,stop_point:SP_631,Jeanne d'Arc,1
2400881,10:37:00,10:37:10,stop_point:SP_2833,Concorde,2
2400881,10:38:00,10:38:10,stop_point:SP_127,A. Bernard,3
2400881,10:39:00,10:39:10,stop_point:SP_1313,Compans-Caffarelli,4
2400881,10:40:00,10:40:10,stop_point:SP_2805,Leclerc,5
2400881,10:41:00,10:41:10,stop_point:SP_3157,Héraclès,6
2400881,10:42:00,10:42:10,stop_point:SP_1289,Amidonniers,7
2400881,10:45:00,10:45:10,stop_point:SP_1907,Les Abattoirs,8
2400881,10:46:00,10:46:10,stop_point:SP_1010,St Cyprien - République,9
2400881,10:48:00,10:48:10,stop_point:SP_3339,Roguet,10
2400881,10:49:00,10:49:10,stop_point:SP_1736,Patte d'Oie,11
2400881,10:50:00,10:50:10,stop_point:SP_3876,Barrière de Bayonne,12
2400881,10:52:00,10:52:10,stop_point:SP_1339,Turenne,13
2400881,10:53:00,10:53:10,stop_point:SP_325,Zénith,14
2400881,10:54:00,10:54:10,stop_point:SP_3548,Cartoucherie,15
2400881,10:57:00,10:57:10,stop_point:SP_2242,Chardonnet,16
2400881,10:58:00,10:58:10,stop_point:SP_3732,Hôpital Purpan,17
2400881,10:59:00,10:59:10,stop_point:SP_322,Pelletier Purpan,18
2400882,11:10:00,11:10:10,stop_point:SP_631,Jeanne d'Arc,1
2400882,11:12:00,11:12:10,stop_point:SP_2833,Concorde,2
2400882,11:13:00,11:13:10,stop_point:SP_127,A. Bernard,3
2400882,11:14:00,11:14:10,stop_point:SP_1313,Compans-Caffarelli,4
2400882,11:16:00,11:16:10,stop_point:SP_2805,Leclerc,5
2400882,11:17:00,11:17:10,stop_point:SP_3157,Héraclès,6
2400882,11:19:00,11:19:10,stop_point:SP_1289,Amidonniers,7
2400882,11:21:00,11:21:10,stop_point:SP_1907,Les Abattoirs,8
2400882,11:22:00,11:22:10,stop_point:SP_1010,St Cyprien - République,9
2400882,11:24:00,11:24:10,stop_point:SP_3339,Roguet,10
2400882,11:25:00,11:25:10,stop_point:SP_1736,Patte d'Oie,11
2400882,11:26:00,11:26:10,stop_point:SP_3876,Barrière de Bayonne,12
2400882,11:28:00,11:28:10,stop_point:SP_1339,Turenne,13
2400882,11:29:00,11:29:10,stop_point:SP_325,Zénith,14
2400882,11:30:00,11:30:10,stop_point:SP_3548,Cartoucherie,15
2400882,11:33:00,11:33:10,stop_point:SP_2242,Chardonnet,16
2400882,11:34:00,11:34:10,stop_point:SP_3732,Hôpital Purpan,17
2400882,11:35:00,11:35:10,stop_point:SP_322,Pelletier Purpan,18
2400883,11:45:00,11:45:10,stop_point:SP_631,Jeanne d'Arc,1
2400883,11:47:00,11:47:10,stop_point:SP_2833,Concorde,2
2400883,11:48:00,11:48:10,stop_point:SP_127,A. Bernard,3
2400883,11:49:00,11:49:10,stop_point:SP_1313,Compans-Caffarelli,4
2400883,11:51:00,11:51:10,stop_point:SP_2805,Leclerc,5
2400883,11:52:00,11:52:10,stop_point:SP_3157,Héraclès,6
2400883,11:54:00,11:54:10,stop_point:SP_1289,Amidonniers,7
2400883,11:57:00,11:57:10,stop_point:SP_1907,Les Abattoirs,8
2400883,11:58:00,11:58:10,stop_point:SP_1010,St Cyprien - République,9
2400883,12:00:00,12:00:10,stop_point:SP_3339,Roguet,10
2400883,12:01:00,12:01:10,stop_point:SP_1736,Patte d'Oie,11
2400883,12:02:00,12:02:10,stop_point:SP_3876,Barrière de Bayonne,12
2400883,12:04:00,12:04:10,stop_point:SP_1339,Turenne,13
2400883,12:05:00,12:05:10,stop_point:SP_325,Zénith,14
2400883,12:06:00,12:06:10,stop_point:SP_3548,Cartoucherie,15
2400883,12:09:00,12:09:10,stop_point:SP_2242,Chardonnet,16
2400883,12:10:00,12:10:10,stop_point:SP_3732,Hôpital Purpan,17
2400883,12:11:00,12:11:10,stop_point:SP_322,Pelletier Purpan,18
2400884,12:20:00,12:20:10,stop_point:SP_631,Jeanne d'Arc,1
2400884,12:22:00,12:22:10,stop_point:SP_2833,Concorde,2
2400884,12:23:00,12:23:10,stop_point:SP_127,A. Bernard,3
2400884,12:24:00,12:24:10,stop_point:SP_1313,Compans-Caffarelli,4
2400884,12:26:00,12:26:10,stop_point:SP_2805,Leclerc,5
2400884,12:27:00,12:27:10,stop_point:SP_3157,Héraclès,6
2400884,12:28:00,12:28:10,stop_point:SP_1289,Amidonniers,7
2400884,12:31:00,12:31:10,stop_point:SP_1907,Les Abattoirs,8
2400884,12:32:00,12:32:10,stop_point:SP_1010,St Cyprien - République,9
2400884,12:34:00,12:34:10,stop_point:SP_3339,Roguet,10
2400884,12:35:00,12:35:10,stop_point:SP_1736,Patte d'Oie,11
2400884,12:36:00,12:36:10,stop_point:SP_3876,Barrière de Bayonne,12
2400884,12:38:00,12:38:10,stop_point:SP_1339,Turenne,13
2400884,12:40:00,12:40:10,stop_point:SP_325,Zénith,14
2400884,12:41:00,12:41:10,stop_point:SP_3548,Cartoucherie,15
2400884,12:44:00,12:44:10,stop_point:SP_2242,Chardonnet,16
2400884,12:45:00,12:45:10,stop_point:SP_3732,Hôpital Purpan,17
2400884,12:46:00,12:46:10,stop_point:SP_322,Pelletier Purpan,18
2400885,13:55:00,13:55:10,stop_point:SP_631,Jeanne d'Arc,1
2400885,13:57:00,13:57:10,stop_point:SP_2833,Concorde,2
2400885,13:58:00,13:58:10,stop_point:SP_127,A. Bernard,3
2400885,13:59:00,13:59:10,stop_point:SP_1313,Compans-Caffarelli,4
2400885,14:01:00,14:01:10,stop_point:SP_2805,Leclerc,5
2400885,14:02:00,14:02:10,stop_point:SP_3157,Héraclès,6
2400885,14:03:00,14:03:10,stop_point:SP_1289,Amidonniers,7
2400885,14:05:00,14:05:10,stop_point:SP_1907,Les Abattoirs,8
2400885,14:06:00,14:06:10,stop_point:SP_1010,St Cyprien - République,9
2400885,14:09:00,14:09:10,stop_point:SP_3339,Roguet,10
2400885,14:10:00,14:10:10,stop_point:SP_1736,Patte d'Oie,11
2400885,14:11:00,14:11:10,stop_point:SP_3876,Barrière de Bayonne,12
2400885,14:13:00,14:13:10,stop_point:SP_1339,Turenne,13
2400885,14:14:00,14:14:10,stop_point:SP_325,Zénith,14
2400885,14:15:00,14:15:10,stop_point:SP_3548,Cartoucherie,15
2400885,14:18:00,14:18:10,stop_point:SP_2242,Chardonnet,16
2400885,14:19:00,14:19:10,stop_point:SP_3732,Hôpital Purpan,17
2400885,14:20:00,14:20:10,stop_point:SP_322,Pelletier Purpan,18
2400886,13:25:00,13:25:10,stop_point:SP_631,Jeanne d'Arc,1
2400886,13:27:00,13:27:10,stop_point:SP_2833,Concorde,2
2400886,13:28:00,13:28:10,stop_point:SP_127,A. Bernard,3
2400886,13:29:00,13:29:10,stop_point:SP_1313,Compans-Caffarelli,4
2400886,13:31:00,13:31:10,stop_point:SP_2805,Leclerc,5
2400886,13:32:00,13:32:10,stop_point:SP_3157,Héraclès,6
2400886,13:34:00,13:34:10,stop_point:SP_1289,Amidonniers,7
2400886,13:37:00,13:37:10,stop_point:SP_1907,Les Abattoirs,8
2400886,13:38:00,13:38:10,stop_point:SP_1010,St Cyprien - République,9
2400886,13:39:00,13:39:10,stop_point:SP_3339,Roguet,10
2400886,13:40:00,13:40:10,stop_point:SP_1736,Patte d'Oie,11
2400886,13:41:00,13:41:10,stop_point:SP_3876,Barrière de Bayonne,12
2400886,13:43:00,13:43:10,stop_point:SP_1339,Turenne,13
2400886,13:44:00,13:44:10,stop_point:SP_325,Zénith,14
2400886,13:45:00,13:45:10,stop_point:SP_3548,Cartoucherie,15
2400886,13:48:00,13:48:10,stop_point:SP_2242,Chardonnet,16
2400886,13:49:00,13:49:10,stop_point:SP_3732,Hôpital Purpan,17
2400886,13:50:00,13:50:10,stop_point:SP_322,Pelletier Purpan,18
2400887,12:55:00,12:55:10,stop_point:SP_631,Jeanne d'Arc,1
2400887,12:57:00,12:57:10,stop_point:SP_2833,Concorde,2
2400887,12:58:00,12:58:10,stop_point:SP_127,A. Bernard,3
2400887,12:59:00,12:59:10,stop_point:SP_1313,Compans-Caffarelli,4
2400887,13:01:00,13:01:10,stop_point:SP_2805,Leclerc,5
2400887,13:02:00,13:02:10,stop_point:SP_3157,Héraclès,6
2400887,13:03:00,13:03:10,stop_point:SP_1289,Amidonniers,7
2400887,13:06:00,13:06:10,stop_point:SP_1907,Les Abattoirs,8
2400887,13:07:00,13:07:10,stop_point:SP_1010,St Cyprien - République,9
2400887,13:08:00,13:08:10,stop_point:SP_3339,Roguet,10
2400887,13:09:00,13:09:10,stop_point:SP_1736,Patte d'Oie,11
2400887,13:10:00,13:10:10,stop_point:SP_3876,Barrière de Bayonne,12
2400887,13:12:00,13:12:10,stop_point:SP_1339,Turenne,13
2400887,13:14:00,13:14:10,stop_point:SP_325,Zénith,14
2400887,13:15:00,13:15:10,stop_point:SP_3548,Cartoucherie,15
2400887,13:18:00,13:18:10,stop_point:SP_2242,Chardonnet,16
2400887,13:19:00,13:19:10,stop_point:SP_3732,Hôpital Purpan,17
2400887,13:20:00,13:20:10,stop_point:SP_322,Pelletier Purpan,18
2400888,19:15:00,19:15:10,stop_point:SP_631,Jeanne d'Arc,1
2400888,19:17:00,19:17:10,stop_point:SP_2833,Concorde,2
2400888,19:18:00,19:18:10,stop_point:SP_127,A. Bernard,3
2400888,19:19:00,19:19:10,stop_point:SP_1313,Compans-Caffarelli,4
2400888,19:21:00,19:21:10,stop_point:SP_2805,Leclerc,5
2400888,19:22:00,19:22:10,stop_point:SP_3157,Héraclès,6
2400888,19:23:00,19:23:10,stop_point:SP_1289,Amidonniers,7
2400888,19:26:00,19:26:10,stop_point:SP_1907,Les Abattoirs,8
2400888,19:28:00,19:28:10,stop_point:SP_1010,St Cyprien - République,9
2400888,19:30:00,19:30:10,stop_point:SP_3339,Roguet,10
2400888,19:31:00,19:31:10,stop_point:SP_1736,Patte d'Oie,11
2400888,19:32:00,19:32:10,stop_point:SP_3876,Barrière de Bayonne,12
2400888,19:33:00,19:33:10,stop_point:SP_1339,Turenne,13
2400888,19:34:00,19:34:10,stop_point:SP_325,Zénith,14
2400888,19:35:00,19:35:10,stop_point:SP_3548,Cartoucherie,15
2400888,19:38:00,19:38:10,stop_point:SP_2242,Chardonnet,16
2400888,19:39:00,19:39:10,stop_point:SP_3732,Hôpital Purpan,17
2400888,19:40:00,19:40:10,stop_point:SP_322,Pelletier Purpan,18
2400889,19:50:00,19:50:10,stop_point:SP_631,Jeanne d'Arc,1
2400889,19:51:00,19:51:10,stop_point:SP_2833,Concorde,2
2400889,19:52:00,19:52:10,stop_point:SP_127,A. Bernard,3
2400889,19:53:00,19:53:10,stop_point:SP_1313,Compans-Caffarelli,4
2400889,19:55:00,19:55:10,stop_point:SP_2805,Leclerc,5
2400889,19:56:00,19:56:10,stop_point:SP_3157,Héraclès,6
2400889,19:58:00,19:58:10,stop_point:SP_1289,Amidonniers,7
2400889,20:01:00,20:01:10,stop_point:SP_1907,Les Abattoirs,8
2400889,20:02:00,20:02:10,stop_point:SP_1010,St Cyprien - République,9
2400889,20:03:00,20:03:10,stop_point:SP_3339,Roguet,10
2400889,20:04:00,20:04:10,stop_point:SP_1736,Patte d'Oie,11
2400889,20:05:00,20:05:10,stop_point:SP_3876,Barrière de Bayonne,12
2400889,20:07:00,20:07:10,stop_point:SP_1339,Turenne,13
2400889,20:08:00,20:08:10,stop_point:SP_325,Zénith,14
2400889,20:09:00,20:09:10,stop_point:SP_3548,Cartoucherie,15
2400889,20:11:00,20:11:10,stop_point:SP_2242,Chardonnet,16
2400889,20:12:00,20:12:10,stop_point:SP_3732,Hôpital Purpan,17
2400889,20:13:00,20:13:10,stop_point:SP_322,Pelletier Purpan,18
2400890,11:45:00,11:45:10,stop_point:SP_322,Pelletier Purpan,1
2400890,11:46:00,11:46:10,stop_point:SP_3273,Hôpital Purpan,2
2400890,11:47:00,11:47:10,stop_point:SP_1837,Chardonnet,3
2400890,11:49:00,11:49:10,stop_point:SP_2084,Cartoucherie,4
2400890,11:50:00,11:50:10,stop_point:SP_2059,Zénith,5
2400890,11:51:00,11:51:10,stop_point:SP_3209,Turenne,6
2400890,11:52:00,11:52:10,stop_point:SP_2631,Barrière de Bayonne,7
2400890,11:54:00,11:54:10,stop_point:SP_682,Patte d'Oie,8
2400890,11:55:00,11:55:10,stop_point:SP_3573,Roguet,9
2400890,11:57:00,11:57:10,stop_point:SP_3188,St Cyprien - République,10
2400890,11:58:00,11:58:10,stop_point:SP_1926,Les Abattoirs,11
2400890,12:00:00,12:00:10,stop_point:SP_786,Amidonniers,12
2400890,12:01:00,12:01:10,stop_point:SP_1493,Héraclès,13
2400890,12:02:00,12:02:10,stop_point:SP_1516,Leclerc,14
2400890,12:04:00,12:04:10,stop_point:SP_386,Compans-Caffarelli,15
2400890,12:05:00,12:05:10,stop_point:SP_2041,A. Bernard,16
2400890,12:07:00,12:07:10,stop_point:SP_1595,Concorde,17
2400890,12:08:00,12:08:10,stop_point:SP_39,Jeanne d'Arc,18
2400890,12:09:00,12:09:10,stop_point:SP_631,Jeanne d'Arc,19
2400891,15:25:00,15:25:10,stop_point:SP_322,Pelletier Purpan,1
2400891,15:26:00,15:26:10,stop_point:SP_3273,Hôpital Purpan,2
2400891,15:27:00,15:27:10,stop_point:SP_1837,Chardonnet,3
2400891,15:29:00,15:29:10,stop_point:SP_2084,Cartoucherie,4
2400891,15:30:00,15:30:10,stop_point:SP_2059,Zénith,5
2400891,15:31:00,15:31:10,stop_point:SP_3209,Turenne,6
2400891,15:32:00,15:32:10,stop_point:SP_2631,Barrière de Bayonne,7
2400891,15:34:00,15:34:10,stop_point:SP_682,Patte d'Oie,8
2400891,15:35:00,15:35:10,stop_point:SP_3573,Roguet,9
2400891,15:37:00,15:37:10,stop_point:SP_3188,St Cyprien - République,10
2400891,15:38:00,15:38:10,stop_point:SP_1926,Les Abattoirs,11
2400891,15:40:00,15:40:10,stop_point:SP_786,Amidonniers,12
2400891,15:41:00,15:41:10,stop_point:SP_1493,Héraclès,13
2400891,15:42:00,15:42:10,stop_point:SP_1516,Leclerc,14
2400891,15:44:00,15:44:10,stop_point:SP_386,Compans-Caffarelli,15
2400891,15:46:00,15:46:10,stop_point:SP_2041,A. Bernard,16
2400891,15:48:00,15:48:10,stop_point:SP_1595,Concorde,17
2400891,15:49:00,15:49:10,stop_point:SP_39,Jeanne d'Arc,18
2400891,15:50:00,15:50:10,stop_point:SP_631,Jeanne d'Arc,19
2400892,15:50:00,15:50:10,stop_point:SP_322,Pelletier Purpan,1
2400892,15:51:00,15:51:10,stop_point:SP_3273,Hôpital Purpan,2
2400892,15:52:00,15:52:10,stop_point:SP_1837,Chardonnet,3
2400892,15:54:00,15:54:10,stop_point:SP_2084,Cartoucherie,4
2400892,15:55:00,15:55:10,stop_point:SP_2059,Zénith,5
2400892,15:57:00,15:57:10,stop_point:SP_3209,Turenne,6
2400892,15:58:00,15:58:10,stop_point:SP_2631,Barrière de Bayonne,7
2400892,16:00:00,16:00:10,stop_point:SP_682,Patte d'Oie,8
2400892,16:01:00,16:01:10,stop_point:SP_3573,Roguet,9
2400892,16:03:00,16:03:10,stop_point:SP_3188,St Cyprien - République,10
2400892,16:04:00,16:04:10,stop_point:SP_1926,Les Abattoirs,11
2400892,16:06:00,16:06:10,stop_point:SP_786,Amidonniers,12
2400892,16:07:00,16:07:10,stop_point:SP_1493,Héraclès,13
2400892,16:08:00,16:08:10,stop_point:SP_1516,Leclerc,14
2400892,16:10:00,16:10:10,stop_point:SP_386,Compans-Caffarelli,15
2400892,16:12:00,16:12:10,stop_point:SP_2041,A. Bernard,16
2400892,16:14:00,16:14:10,stop_point:SP_1595,Concorde,17
2400892,16:15:00,16:15:10,stop_point:SP_39,Jeanne d'Arc,18
2400892,16:16:00,16:16:10,stop_point:SP_631,Jeanne d'Arc,19
2400893,16:15:00,16:15:10,stop_point:SP_322,Pelletier Purpan,1
2400893,16:16:00,16:16:10,stop_point:SP_3273,Hôpital Purpan,2
2400893,16:17:00,16:17:10,stop_point:SP_1837,Chardonnet,3
2400893,16:19:00,16:19:10,stop_point:SP_2084,Cartoucherie,4
2400893,16:20:00,16:20:10,stop_point:SP_2059,Zénith,5
2400893,16:21:00,16:21:10,stop_point:SP_3209,Turenne,6
2400893,16:22:00,16:22:10,stop_point:SP_2631,Barrière de Bayonne,7
2400893,16:24:00,16:24:10,stop_point:SP_682,Patte d'Oie,8
2400893,16:25:00,16:25:10,stop_point:SP_3573,Roguet,9
2400893,16:27:00,16:27:10,stop_point:SP_3188,St Cyprien - République,10
2400893,16:27:00,16:27:10,stop_point:SP_1926,Les Abattoirs,11
2400893,16:29:00,16:29:10,stop_point:SP_786,Amidonniers,12
2400893,16:30:00,16:30:10,stop_point:SP_1493,Héraclès,13
2400893,16:31:00,16:31:10,stop_point:SP_1516,Leclerc,14
2400893,16:33:00,16:33:10,stop_point:SP_386,Compans-Caffarelli,15
2400893,16:35:00,16:35:10,stop_point:SP_2041,A. Bernard,16
2400893,16:37:00,16:37:10,stop_point:SP_1595,Concorde,17
2400893,16:39:00,16:39:10,stop_point:SP_39,Jeanne d'Arc,18
2400893,16:40:00,16:40:10,stop_point:SP_631,Jeanne d'Arc,19
2400894,16:40:00,16:40:10,stop_point:SP_322,Pelletier Purpan,1
2400894,16:41:00,16:41:10,stop_point:SP_3273,Hôpital Purpan,2
2400894,16:42:00,16:42:10,stop_point:SP_1837,Chardonnet,3
2400894,16:44:00,16:44:10,stop_point:SP_2084,Cartoucherie,4
2400894,16:45:00,16:45:10,stop_point:SP_2059,Zénith,5
2400894,16:46:00,16:46:10,stop_point:SP_3209,Turenne,6
2400894,16:47:00,16:47:10,stop_point:SP_2631,Barrière de Bayonne,7
2400894,16:49:00,16:49:10,stop_point:SP_682,Patte d'Oie,8
2400894,16:50:00,16:50:10,stop_point:SP_3573,Roguet,9
2400894,16:52:00,16:52:10,stop_point:SP_3188,St Cyprien - République,10
2400894,16:53:00,16:53:10,stop_point:SP_1926,Les Abattoirs,11
2400894,16:55:00,16:55:10,stop_point:SP_786,Amidonniers,12
2400894,16:56:00,16:56:10,stop_point:SP_1493,Héraclès,13
2400894,16:57:00,16:57:10,stop_point:SP_1516,Leclerc,14
2400894,16:59:00,16:59:10,stop_point:SP_386,Compans-Caffarelli,15
2400894,17:01:00,17:01:10,stop_point:SP_2041,A. Bernard,16
2400894,17:03:00,17:03:10,stop_point:SP_1595,Concorde,17
2400894,17:04:00,17:04:10,stop_point:SP_39,Jeanne d'Arc,18
2400894,17:05:00,17:05:10,stop_point:SP_631,Jeanne d'Arc,19
2400895,17:05:00,17:05:10,stop_point:SP_322,Pelletier Purpan,1
2400895,17:06:00,17:06:10,stop_point:SP_3273,Hôpital Purpan,2
2400895,17:07:00,17:07:10,stop_point:SP_1837,Chardonnet,3
2400895,17:09:00,17:09:10,stop_point:SP_2084,Cartoucherie,4
2400895,17:10:00,17:10:10,stop_point:SP_2059,Zénith,5
2400895,17:11:00,17:11:10,stop_point:SP_3209,Turenne,6
2400895,17:12:00,17:12:10,stop_point:SP_2631,Barrière de Bayonne,7
2400895,17:14:00,17:14:10,stop_point:SP_682,Patte d'Oie,8
2400895,17:15:00,17:15:10,stop_point:SP_3573,Roguet,9
2400895,17:17:00,17:17:10,stop_point:SP_3188,St Cyprien - République,10
2400895,17:18:00,17:18:10,stop_point:SP_1926,Les Abattoirs,11
2400895,17:20:00,17:20:10,stop_point:SP_786,Amidonniers,12
2400895,17:21:00,17:21:10,stop_point:SP_1493,Héraclès,13
2400895,17:22:00,17:22:10,stop_point:SP_1516,Leclerc,14
2400895,17:24:00,17:24:10,stop_point:SP_386,Compans-Caffarelli,15
2400895,17:26:00,17:26:10,stop_point:SP_2041,A. Bernard,16
2400895,17:28:00,17:28:10,stop_point:SP_1595,Concorde,17
2400895,17:29:00,17:29:10,stop_point:SP_39,Jeanne d'Arc,18
2400895,17:30:00,17:30:10,stop_point:SP_631,Jeanne d'Arc,19
2400896,17:30:00,17:30:10,stop_point:SP_322,Pelletier Purpan,1
2400896,17:31:00,17:31:10,stop_point:SP_3273,Hôpital Purpan,2
2400896,17:32:00,17:32:10,stop_point:SP_1837,Chardonnet,3
2400896,17:34:00,17:34:10,stop_point:SP_2084,Cartoucherie,4
2400896,17:35:00,17:35:10,stop_point:SP_2059,Zénith,5
2400896,17:36:00,17:36:10,stop_point:SP_3209,Turenne,6
2400896,17:37:00,17:37:10,stop_point:SP_2631,Barrière de Bayonne,7
2400896,17:39:00,17:39:10,stop_point:SP_682,Patte d'Oie,8
2400896,17:40:00,17:40:10,stop_point:SP_3573,Roguet,9
2400896,17:42:00,17:42:10,stop_point:SP_3188,St Cyprien - République,10
2400896,17:42:00,17:42:10,stop_point:SP_1926,Les Abattoirs,11
2400896,17:44:00,17:44:10,stop_point:SP_786,Amidonniers,12
2400896,17:46:00,17:46:10,stop_point:SP_1493,Héraclès,13
2400896,17:47:00,17:47:10,stop_point:SP_1516,Leclerc,14
2400896,17:49:00,17:49:10,stop_point:SP_386,Compans-Caffarelli,15
2400896,17:51:00,17:51:10,stop_point:SP_2041,A. Bernard,16
2400896,17:53:00,17:53:10,stop_point:SP_1595,Concorde,17
2400896,17:54:00,17:54:10,stop_point:SP_39,Jeanne d'Arc,18
2400896,17:55:00,17:55:10,stop_point:SP_631,Jeanne d'Arc,19
2400897,17:55:00,17:55:10,stop_point:SP_322,Pelletier Purpan,1
2400897,17:56:00,17:56:10,stop_point:SP_3273,Hôpital Purpan,2
2400897,17:57:00,17:57:10,stop_point:SP_1837,Chardonnet,3
2400897,17:59:00,17:59:10,stop_point:SP_2084,Cartoucherie,4
2400897,18:00:00,18:00:10,stop_point:SP_2059,Zénith,5
2400897,18:01:00,18:01:10,stop_point:SP_3209,Turenne,6
2400897,18:02:00,18:02:10,stop_point:SP_2631,Barrière de Bayonne,7
2400897,18:04:00,18:04:10,stop_point:SP_682,Patte d'Oie,8
2400897,18:05:00,18:05:10,stop_point:SP_3573,Roguet,9
2400897,18:07:00,18:07:10,stop_point:SP_3188,St Cyprien - République,10
2400897,18:08:00,18:08:10,stop_point:SP_1926,Les Abattoirs,11
2400897,18:10:00,18:10:10,stop_point:SP_786,Amidonniers,12
2400897,18:11:00,18:11:10,stop_point:SP_1493,Héraclès,13
2400897,18:12:00,18:12:10,stop_point:SP_1516,Leclerc,14
2400897,18:14:00,18:14:10,stop_point:SP_386,Compans-Caffarelli,15
2400897,18:16:00,18:16:10,stop_point:SP_2041,A. Bernard,16
2400897,18:18:00,18:18:10,stop_point:SP_1595,Concorde,17
2400897,18:19:00,18:19:10,stop_point:SP_39,Jeanne d'Arc,18
2400897,18:20:00,18:20:10,stop_point:SP_631,Jeanne d'Arc,19
2400898,18:20:00,18:20:10,stop_point:SP_322,Pelletier Purpan,1
2400898,18:21:00,18:21:10,stop_point:SP_3273,Hôpital Purpan,2
2400898,18:22:00,18:22:10,stop_point:SP_1837,Chardonnet,3
2400898,18:24:00,18:24:10,stop_point:SP_2084,Cartoucherie,4
2400898,18:25:00,18:25:10,stop_point:SP_2059,Zénith,5
2400898,18:26:00,18:26:10,stop_point:SP_3209,Turenne,6
2400898,18:27:00,18:27:10,stop_point:SP_2631,Barrière de Bayonne,7
2400898,18:29:00,18:29:10,stop_point:SP_682,Patte d'Oie,8
2400898,18:30:00,18:30:10,stop_point:SP_3573,Roguet,9
2400898,18:32:00,18:32:10,stop_point:SP_3188,St Cyprien - République,10
2400898,18:33:00,18:33:10,stop_point:SP_1926,Les Abattoirs,11
2400898,18:36:00,18:36:10,stop_point:SP_786,Amidonniers,12
2400898,18:37:00,18:37:10,stop_point:SP_1493,Héraclès,13
2400898,18:38:00,18:38:10,stop_point:SP_1516,Leclerc,14
2400898,18:40:00,18:40:10,stop_point:SP_386,Compans-Caffarelli,15
2400898,18:42:00,18:42:10,stop_point:SP_2041,A. Bernard,16
2400898,18:44:00,18:44:10,stop_point:SP_1595,Concorde,17
2400898,18:45:00,18:45:10,stop_point:SP_39,Jeanne d'Arc,18
2400898,18:46:00,18:46:10,stop_point:SP_631,Jeanne d'Arc,19
2400899,18:45:00,18:45:10,stop_point:SP_322,Pelletier Purpan,1
2400899,18:46:00,18:46:10,stop_point:SP_3273,Hôpital Purpan,2
2400899,18:47:00,18:47:10,stop_point:SP_1837,Chardonnet,3
2400899,18:49:00,18:49:10,stop_point:SP_2084,Cartoucherie,4
2400899,18:50:00,18:50:10,stop_point:SP_2059,Zénith,5
2400899,18:51:00,18:51:10,stop_point:SP_3209,Turenne,6
2400899,18:52:00,18:52:10,stop_point:SP_2631,Barrière de Bayonne,7
2400899,18:54:00,18:54:10,stop_point:SP_682,Patte d'Oie,8
2400899,18:55:00,18:55:10,stop_point:SP_3573,Roguet,9
2400899,18:57:00,18:57:10,stop_point:SP_3188,St Cyprien - République,10
2400899,18:58:00,18:58:10,stop_point:SP_1926,Les Abattoirs,11
2400899,19:01:00,19:01:10,stop_point:SP_786,Amidonniers,12
2400899,19:02:00,19:02:10,stop_point:SP_1493,Héraclès,13
2400899,19:03:00,19:03:10,stop_point:SP_1516,Leclerc,14
2400899,19:05:00,19:05:10,stop_point:SP_386,Compans-Caffarelli,15
2400899,19:07:00,19:07:10,stop_point:SP_2041,A. Bernard,16
2400899,19:09:00,19:09:10,stop_point:SP_1595,Concorde,17
2400899,19:10:00,19:10:10,stop_point:SP_39,Jeanne d'Arc,18
2400899,19:11:00,19:11:10,stop_point:SP_631,Jeanne d'Arc,19
2400900,13:25:00,13:25:10,stop_point:SP_322,Pelletier Purpan,1
2400900,13:26:00,13:26:10,stop_point:SP_3273,Hôpital Purpan,2
2400900,13:27:00,13:27:10,stop_point:SP_1837,Chardonnet,3
2400900,13:29:00,13:29:10,stop_point:SP_2084,Cartoucherie,4
2400900,13:30:00,13:30:10,stop_point:SP_2059,Zénith,5
2400900,13:31:00,13:31:10,stop_point:SP_3209,Turenne,6
2400900,13:32:00,13:32:10,stop_point:SP_2631,Barrière de Bayonne,7
2400900,13:34:00,13:34:10,stop_point:SP_682,Patte d'Oie,8
2400900,13:35:00,13:35:10,stop_point:SP_3573,Roguet,9
2400900,13:37:00,13:37:10,stop_point:SP_3188,St Cyprien - République,10
2400900,13:38:00,13:38:10,stop_point:SP_1926,Les Abattoirs,11
2400900,13:40:00,13:40:10,stop_point:SP_786,Amidonniers,12
2400900,13:41:00,13:41:10,stop_point:SP_1493,Héraclès,13
2400900,13:42:00,13:42:10,stop_point:SP_1516,Leclerc,14
2400900,13:44:00,13:44:10,stop_point:SP_386,Compans-Caffarelli,15
2400900,13:46:00,13:46:10,stop_point:SP_2041,A. Bernard,16
2400900,13:48:00,13:48:10,stop_point:SP_1595,Concorde,17
2400900,13:49:00,13:49:10,stop_point:SP_39,Jeanne d'Arc,18
2400900,13:50:00,13:50:10,stop_point:SP_631,Jeanne d'Arc,19
2400901,19:15:00,19:15:10,stop_point:SP_322,Pelletier Purpan,1
2400901,19:16:00,19:16:10,stop_point:SP_3273,Hôpital Purpan,2
2400901,19:17:00,19:17:10,stop_point:SP_1837,Chardonnet,3
2400901,19:19:00,19:19:10,stop_point:SP_2084,Cartoucherie,4
2400901,19:20:00,19:20:10,stop_point:SP_2059,Zénith,5
2400901,19:21:00,19:21:10,stop_point:SP_3209,Turenne,6
2400901,19:22:00,19:22:10,stop_point:SP_2631,Barrière de Bayonne,7
2400901,19:24:00,19:24:10,stop_point:SP_682,Patte d'Oie,8
2400901,19:25:00,19:25:10,stop_point:SP_3573,Roguet,9
2400901,19:27:00,19:27:10,stop_point:SP_3188,St Cyprien - République,10
2400901,19:27:00,19:27:10,stop_point:SP_1926,Les Abattoirs,11
2400901,19:29:00,19:29:10,stop_point:SP_786,Amidonniers,12
2400901,19:30:00,19:30:10,stop_point:SP_1493,Héraclès,13
2400901,19:31:00,19:31:10,stop_point:SP_1516,Leclerc,14
2400901,19:33:00,19:33:10,stop_point:SP_386,Compans-Caffarelli,15
2400901,19:35:00,19:35:10,stop_point:SP_2041,A. Bernard,16
2400901,19:37:00,19:37:10,stop_point:SP_1595,Concorde,17
2400901,19:38:00,19:38:10,stop_point:SP_39,Jeanne d'Arc,18
2400901,19:39:00,19:39:10,stop_point:SP_631,Jeanne d'Arc,19
2400902,20:25:00,20:25:10,stop_point:SP_322,Pelletier Purpan,1
2400902,20:25:00,20:25:10,stop_point:SP_3273,Hôpital Purpan,2
2400902,20:27:00,20:27:10,stop_point:SP_1837,Chardonnet,3
2400902,20:28:00,20:28:10,stop_point:SP_2084,Cartoucherie,4
2400902,20:29:00,20:29:10,stop_point:SP_2059,Zénith,5
2400902,20:30:00,20:30:10,stop_point:SP_3209,Turenne,6
2400902,20:31:00,20:31:10,stop_point:SP_2631,Barrière de Bayonne,7
2400902,20:33:00,20:33:10,stop_point:SP_682,Patte d'Oie,8
2400902,20:34:00,20:34:10,stop_point:SP_3573,Roguet,9
2400902,20:35:00,20:35:10,stop_point:SP_3188,St Cyprien - République,10
2400902,20:35:00,20:35:10,stop_point:SP_1926,Les Abattoirs,11
2400902,20:37:00,20:37:10,stop_point:SP_786,Amidonniers,12
2400902,20:38:00,20:38:10,stop_point:SP_1493,Héraclès,13
2400902,20:39:00,20:39:10,stop_point:SP_1516,Leclerc,14
2400902,20:41:00,20:41:10,stop_point:SP_386,Compans-Caffarelli,15
2400902,20:43:00,20:43:10,stop_point:SP_2041,A. Bernard,16
2400902,20:45:00,20:45:10,stop_point:SP_1595,Concorde,17
2400902,20:46:00,20:46:10,stop_point:SP_39,Jeanne d'Arc,18
2400902,20:47:00,20:47:10,stop_point:SP_631,Jeanne d'Arc,19
2400903,21:15:00,21:15:10,stop_point:SP_322,Pelletier Purpan,1
2400903,21:15:00,21:15:10,stop_point:SP_3273,Hôpital Purpan,2
2400903,21:17:00,21:17:10,stop_point:SP_1837,Chardonnet,3
2400903,21:18:00,21:18:10,stop_point:SP_2084,Cartoucherie,4
2400903,21:19:00,21:19:10,stop_point:SP_2059,Zénith,5
2400903,21:20:00,21:20:10,stop_point:SP_3209,Turenne,6
2400903,21:21:00,21:21:10,stop_point:SP_2631,Barrière de Bayonne,7
2400903,21:23:00,21:23:10,stop_point:SP_682,Patte d'Oie,8
2400903,21:24:00,21:24:10,stop_point:SP_3573,Roguet,9
2400903,21:25:00,21:25:10,stop_point:SP_3188,St Cyprien - République,10
2400903,21:25:00,21:25:10,stop_point:SP_1926,Les Abattoirs,11
2400903,21:27:00,21:27:10,stop_point:SP_786,Amidonniers,12
2400903,21:28:00,21:28:10,stop_point:SP_1493,Héraclès,13
2400903,21:29:00,21:29:10,stop_point:SP_1516,Leclerc,14
2400903,21:31:00,21:31:10,stop_point:SP_386,Compans-Caffarelli,15
2400903,21:32:00,21:32:10,stop_point:SP_2041,A. Bernard,16
2400903,21:34:00,21:34:10,stop_point:SP_1595,Concorde,17
2400903,21:34:00,21:34:10,stop_point:SP_39,Jeanne d'Arc,18
2400903,21:35:00,21:35:10,stop_point:SP_631,Jeanne d'Arc,19
2400904,15:00:00,15:00:10,stop_point:SP_322,Pelletier Purpan,1
2400904,15:01:00,15:01:10,stop_point:SP_3273,Hôpital Purpan,2
2400904,15:02:00,15:02:10,stop_point:SP_1837,Chardonnet,3
2400904,15:04:00,15:04:10,stop_point:SP_2084,Cartoucherie,4
2400904,15:05:00,15:05:10,stop_point:SP_2059,Zénith,5
2400904,15:06:00,15:06:10,stop_point:SP_3209,Turenne,6
2400904,15:07:00,15:07:10,stop_point:SP_2631,Barrière de Bayonne,7
2400904,15:09:00,15:09:10,stop_point:SP_682,Patte d'Oie,8
2400904,15:10:00,15:10:10,stop_point:SP_3573,Roguet,9
2400904,15:12:00,15:12:10,stop_point:SP_3188,St Cyprien - République,10
2400904,15:13:00,15:13:10,stop_point:SP_1926,Les Abattoirs,11
2400904,15:15:00,15:15:10,stop_point:SP_786,Amidonniers,12
2400904,15:16:00,15:16:10,stop_point:SP_1493,Héraclès,13
2400904,15:17:00,15:17:10,stop_point:SP_1516,Leclerc,14
2400904,15:19:00,15:19:10,stop_point:SP_386,Compans-Caffarelli,15
2400904,15:21:00,15:21:10,stop_point:SP_2041,A. Bernard,16
2400904,15:23:00,15:23:10,stop_point:SP_1595,Concorde,17
2400904,15:25:00,15:25:10,stop_point:SP_39,Jeanne d'Arc,18
2400904,15:26:00,15:26:10,stop_point:SP_631,Jeanne d'Arc,19
2400905,14:30:00,14:30:10,stop_point:SP_322,Pelletier Purpan,1
2400905,14:31:00,14:31:10,stop_point:SP_3273,Hôpital Purpan,2
2400905,14:32:00,14:32:10,stop_point:SP_1837,Chardonnet,3
2400905,14:34:00,14:34:10,stop_point:SP_2084,Cartoucherie,4
2400905,14:35:00,14:35:10,stop_point:SP_2059,Zénith,5
2400905,14:36:00,14:36:10,stop_point:SP_3209,Turenne,6
2400905,14:37:00,14:37:10,stop_point:SP_2631,Barrière de Bayonne,7
2400905,14:39:00,14:39:10,stop_point:SP_682,Patte d'Oie,8
2400905,14:40:00,14:40:10,stop_point:SP_3573,Roguet,9
2400905,14:42:00,14:42:10,stop_point:SP_3188,St Cyprien - République,10
2400905,14:43:00,14:43:10,stop_point:SP_1926,Les Abattoirs,11
2400905,14:45:00,14:45:10,stop_point:SP_786,Amidonniers,12
2400905,14:46:00,14:46:10,stop_point:SP_1493,Héraclès,13
2400905,14:47:00,14:47:10,stop_point:SP_1516,Leclerc,14
2400905,14:49:00,14:49:10,stop_point:SP_386,Compans-Caffarelli,15
2400905,14:51:00,14:51:10,stop_point:SP_2041,A. Bernard,16
2400905,14:53:00,14:53:10,stop_point:SP_1595,Concorde,17
2400905,14:55:00,14:55:10,stop_point:SP_39,Jeanne d'Arc,18
2400905,14:56:00,14:56:10,stop_point:SP_631,Jeanne d'Arc,19
2400906,06:30:00,06:30:10,stop_point:SP_322,Pelletier Purpan,1
2400906,06:30:00,06:30:10,stop_point:SP_3273,Hôpital Purpan,2
2400906,06:31:00,06:31:10,stop_point:SP_1837,Chardonnet,3
2400906,06:32:00,06:32:10,stop_point:SP_2084,Cartoucherie,4
2400906,06:33:00,06:33:10,stop_point:SP_2059,Zénith,5
2400906,06:34:00,06:34:10,stop_point:SP_3209,Turenne,6
2400906,06:35:00,06:35:10,stop_point:SP_2631,Barrière de Bayonne,7
2400906,06:36:00,06:36:10,stop_point:SP_682,Patte d'Oie,8
2400906,06:37:00,06:37:10,stop_point:SP_3573,Roguet,9
2400906,06:38:00,06:38:10,stop_point:SP_3188,St Cyprien - République,10
2400906,06:38:00,06:38:10,stop_point:SP_1926,Les Abattoirs,11
2400906,06:40:00,06:40:10,stop_point:SP_786,Amidonniers,12
2400906,06:41:00,06:41:10,stop_point:SP_1493,Héraclès,13
2400906,06:42:00,06:42:10,stop_point:SP_1516,Leclerc,14
2400906,06:43:00,06:43:10,stop_point:SP_386,Compans-Caffarelli,15
2400906,06:44:00,06:44:10,stop_point:SP_2041,A. Bernard,16
2400906,06:45:00,06:45:10,stop_point:SP_1595,Concorde,17
2400906,06:45:00,06:45:10,stop_point:SP_39,Jeanne d'Arc,18
2400906,06:46:00,06:46:10,stop_point:SP_631,Jeanne d'Arc,19
2400907,19:45:00,19:45:10,stop_point:SP_322,Pelletier Purpan,1
2400907,19:46:00,19:46:10,stop_point:SP_3273,Hôpital Purpan,2
2400907,19:47:00,19:47:10,stop_point:SP_1837,Chardonnet,3
2400907,19:49:00,19:49:10,stop_point:SP_2084,Cartoucherie,4
2400907,19:50:00,19:50:10,stop_point:SP_2059,Zénith,5
2400907,19:51:00,19:51:10,stop_point:SP_3209,Turenne,6
2400907,19:52:00,19:52:10,stop_point:SP_2631,Barrière de Bayonne,7
2400907,19:54:00,19:54:10,stop_point:SP_682,Patte d'Oie,8
2400907,19:55:00,19:55:10,stop_point:SP_3573,Roguet,9
2400907,19:56:00,19:56:10,stop_point:SP_3188,St Cyprien - République,10
2400907,19:56:00,19:56:10,stop_point:SP_1926,Les Abattoirs,11
2400907,19:58:00,19:58:10,stop_point:SP_786,Amidonniers,12
2400907,20:00:00,20:00:10,stop_point:SP_1493,Héraclès,13
2400907,20:01:00,20:01:10,stop_point:SP_1516,Leclerc,14
2400907,20:03:00,20:03:10,stop_point:SP_386,Compans-Caffarelli,15
2400907,20:05:00,20:05:10,stop_point:SP_2041,A. Bernard,16
2400907,20:07:00,20:07:10,stop_point:SP_1595,Concorde,17
2400907,20:08:00,20:08:10,stop_point:SP_39,Jeanne d'Arc,18
2400907,20:09:00,20:09:10,stop_point:SP_631,Jeanne d'Arc,19
2400908,08:15:00,08:15:10,stop_point:SP_322,Pelletier Purpan,1
2400908,08:15:00,08:15:10,stop_point:SP_3273,Hôpital Purpan,2
2400908,08:16:00,08:16:10,stop_point:SP_1837,Chardonnet,3
2400908,08:17:00,08:17:10,stop_point:SP_2084,Cartoucherie,4
2400908,08:18:00,08:18:10,stop_point:SP_2059,Zénith,5
2400908,08:19:00,08:19:10,stop_point:SP_3209,Turenne,6
2400908,08:20:00,08:20:10,stop_point:SP_2631,Barrière de Bayonne,7
2400908,08:22:00,08:22:10,stop_point:SP_682,Patte d'Oie,8
2400908,08:23:00,08:23:10,stop_point:SP_3573,Roguet,9
2400908,08:24:00,08:24:10,stop_point:SP_3188,St Cyprien - République,10
2400908,08:24:00,08:24:10,stop_point:SP_1926,Les Abattoirs,11
2400908,08:26:00,08:26:10,stop_point:SP_786,Amidonniers,12
2400908,08:27:00,08:27:10,stop_point:SP_1493,Héraclès,13
2400908,08:28:00,08:28:10,stop_point:SP_1516,Leclerc,14
2400908,08:30:00,08:30:10,stop_point:SP_386,Compans-Caffarelli,15
2400908,08:31:00,08:31:10,stop_point:SP_2041,A. Bernard,16
2400908,08:33:00,08:33:10,stop_point:SP_1595,Concorde,17
2400908,08:33:00,08:33:10,stop_point:SP_39,Jeanne d'Arc,18
2400908,08:34:00,08:34:10,stop_point:SP_631,Jeanne d'Arc,19
2400909,07:05:00,07:05:10,stop_point:SP_322,Pelletier Purpan,1
2400909,07:05:00,07:05:10,stop_point:SP_3273,Hôpital Purpan,2
2400909,07:06:00,07:06:10,stop_point:SP_1837,Chardonnet,3
2400909,07:07:00,07:07:10,stop_point:SP_2084,Cartoucherie,4
2400909,07:08:00,07:08:10,stop_point:SP_2059,Zénith,5
2400909,07:09:00,07:09:10,stop_point:SP_3209,Turenne,6
2400909,07:10:00,07:10:10,stop_point:SP_2631,Barrière de Bayonne,7
2400909,07:11:00,07:11:10,stop_point:SP_682,Patte d'Oie,8
2400909,07:12:00,07:12:10,stop_point:SP_3573,Roguet,9
2400909,07:13:00,07:13:10,stop_point:SP_3188,St Cyprien - République,10
2400909,07:13:00,07:13:10,stop_point:SP_1926,Les Abattoirs,11
2400909,07:15:00,07:15:10,stop_point:SP_786,Amidonniers,12
2400909,07:16:00,07:16:10,stop_point:SP_1493,Héraclès,13
2400909,07:17:00,07:17:10,stop_point:SP_1516,Leclerc,14
2400909,07:18:00,07:18:10,stop_point:SP_386,Compans-Caffarelli,15
2400909,07:19:00,07:19:10,stop_point:SP_2041,A. Bernard,16
2400909,07:20:00,07:20:10,stop_point:SP_1595,Concorde,17
2400909,07:20:00,07:20:10,stop_point:SP_39,Jeanne d'Arc,18
2400909,07:21:00,07:21:10,stop_point:SP_631,Jeanne d'Arc,19
2400910,07:40:00,07:40:10,stop_point:SP_322,Pelletier Purpan,1
2400910,07:40:00,07:40:10,stop_point:SP_3273,Hôpital Purpan,2
2400910,07:41:00,07:41:10,stop_point:SP_1837,Chardonnet,3
2400910,07:42:00,07:42:10,stop_point:SP_2084,Cartoucherie,4
2400910,07:43:00,07:43:10,stop_point:SP_2059,Zénith,5
2400910,07:44:00,07:44:10,stop_point:SP_3209,Turenne,6
2400910,07:45:00,07:45:10,stop_point:SP_2631,Barrière de Bayonne,7
2400910,07:46:00,07:46:10,stop_point:SP_682,Patte d'Oie,8
2400910,07:47:00,07:47:10,stop_point:SP_3573,Roguet,9
2400910,07:48:00,07:48:10,stop_point:SP_3188,St Cyprien - République,10
2400910,07:49:00,07:49:10,stop_point:SP_1926,Les Abattoirs,11
2400910,07:51:00,07:51:10,stop_point:SP_786,Amidonniers,12
2400910,07:52:00,07:52:10,stop_point:SP_1493,Héraclès,13
2400910,07:53:00,07:53:10,stop_point:SP_1516,Leclerc,14
2400910,07:54:00,07:54:10,stop_point:SP_386,Compans-Caffarelli,15
2400910,07:55:00,07:55:10,stop_point:SP_2041,A. Bernard,16
2400910,07:57:00,07:57:10,stop_point:SP_1595,Concorde,17
2400910,07:57:00,07:57:10,stop_point:SP_39,Jeanne d'Arc,18
2400910,07:58:00,07:58:10,stop_point:SP_631,Jeanne d'Arc,19
2400911,10:00:00,10:00:10,stop_point:SP_322,Pelletier Purpan,1
2400911,10:01:00,10:01:10,stop_point:SP_3273,Hôpital Purpan,2
2400911,10:02:00,10:02:10,stop_point:SP_1837,Chardonnet,3
2400911,10:04:00,10:04:10,stop_point:SP_2084,Cartoucherie,4
2400911,10:05:00,10:05:10,stop_point:SP_2059,Zénith,5
2400911,10:06:00,10:06:10,stop_point:SP_3209,Turenne,6
2400911,10:07:00,10:07:10,stop_point:SP_2631,Barrière de Bayonne,7
2400911,10:09:00,10:09:10,stop_point:SP_682,Patte d'Oie,8
2400911,10:10:00,10:10:10,stop_point:SP_3573,Roguet,9
2400911,10:12:00,10:12:10,stop_point:SP_3188,St Cyprien - République,10
2400911,10:13:00,10:13:10,stop_point:SP_1926,Les Abattoirs,11
2400911,10:15:00,10:15:10,stop_point:SP_786,Amidonniers,12
2400911,10:16:00,10:16:10,stop_point:SP_1493,Héraclès,13
2400911,10:17:00,10:17:10,stop_point:SP_1516,Leclerc,14
2400911,10:19:00,10:19:10,stop_point:SP_386,Compans-Caffarelli,15
2400911,10:20:00,10:20:10,stop_point:SP_2041,A. Bernard,16
2400911,10:22:00,10:22:10,stop_point:SP_1595,Concorde,17
2400911,10:22:00,10:22:10,stop_point:SP_39,Jeanne d'Arc,18
2400911,10:23:00,10:23:10,stop_point:SP_631,Jeanne d'Arc,19
2400912,08:50:00,08:50:10,stop_point:SP_322,Pelletier Purpan,1
2400912,08:50:00,08:50:10,stop_point:SP_3273,Hôpital Purpan,2
2400912,08:51:00,08:51:10,stop_point:SP_1837,Chardonnet,3
2400912,08:52:00,08:52:10,stop_point:SP_2084,Cartoucherie,4
2400912,08:53:00,08:53:10,stop_point:SP_2059,Zénith,5
2400912,08:54:00,08:54:10,stop_point:SP_3209,Turenne,6
2400912,08:55:00,08:55:10,stop_point:SP_2631,Barrière de Bayonne,7
2400912,08:57:00,08:57:10,stop_point:SP_682,Patte d'Oie,8
2400912,08:58:00,08:58:10,stop_point:SP_3573,Roguet,9
2400912,08:59:00,08:59:10,stop_point:SP_3188,St Cyprien - République,10
2400912,09:00:00,09:00:10,stop_point:SP_1926,Les Abattoirs,11
2400912,09:02:00,09:02:10,stop_point:SP_786,Amidonniers,12
2400912,09:03:00,09:03:10,stop_point:SP_1493,Héraclès,13
2400912,09:04:00,09:04:10,stop_point:SP_1516,Leclerc,14
2400912,09:06:00,09:06:10,stop_point:SP_386,Compans-Caffarelli,15
2400912,09:07:00,09:07:10,stop_point:SP_2041,A. Bernard,16
2400912,09:09:00,09:09:10,stop_point:SP_1595,Concorde,17
2400912,09:10:00,09:10:10,stop_point:SP_39,Jeanne d'Arc,18
2400912,09:11:00,09:11:10,stop_point:SP_631,Jeanne d'Arc,19
2400913,09:25:00,09:25:10,stop_point:SP_322,Pelletier Purpan,1
2400913,09:25:00,09:25:10,stop_point:SP_3273,Hôpital Purpan,2
2400913,09:27:00,09:27:10,stop_point:SP_1837,Chardonnet,3
2400913,09:28:00,09:28:10,stop_point:SP_2084,Cartoucherie,4
2400913,09:29:00,09:29:10,stop_point:SP_2059,Zénith,5
2400913,09:30:00,09:30:10,stop_point:SP_3209,Turenne,6
2400913,09:31:00,09:31:10,stop_point:SP_2631,Barrière de Bayonne,7
2400913,09:33:00,09:33:10,stop_point:SP_682,Patte d'Oie,8
2400913,09:34:00,09:34:10,stop_point:SP_3573,Roguet,9
2400913,09:35:00,09:35:10,stop_point:SP_3188,St Cyprien - République,10
2400913,09:36:00,09:36:10,stop_point:SP_1926,Les Abattoirs,11
2400913,09:38:00,09:38:10,stop_point:SP_786,Amidonniers,12
2400913,09:40:00,09:40:10,stop_point:SP_1493,Héraclès,13
2400913,09:41:00,09:41:10,stop_point:SP_1516,Leclerc,14
2400913,09:44:00,09:44:10,stop_point:SP_386,Compans-Caffarelli,15
2400913,09:45:00,09:45:10,stop_point:SP_2041,A. Bernard,16
2400913,09:47:00,09:47:10,stop_point:SP_1595,Concorde,17
2400913,09:47:00,09:47:10,stop_point:SP_39,Jeanne d'Arc,18
2400913,09:48:00,09:48:10,stop_point:SP_631,Jeanne d'Arc,19
2400914,10:35:00,10:35:10,stop_point:SP_322,Pelletier Purpan,1
2400914,10:36:00,10:36:10,stop_point:SP_3273,Hôpital Purpan,2
2400914,10:37:00,10:37:10,stop_point:SP_1837,Chardonnet,3
2400914,10:39:00,10:39:10,stop_point:SP_2084,Cartoucherie,4
2400914,10:40:00,10:40:10,stop_point:SP_2059,Zénith,5
2400914,10:41:00,10:41:10,stop_point:SP_3209,Turenne,6
2400914,10:42:00,10:42:10,stop_point:SP_2631,Barrière de Bayonne,7
2400914,10:44:00,10:44:10,stop_point:SP_682,Patte d'Oie,8
2400914,10:45:00,10:45:10,stop_point:SP_3573,Roguet,9
2400914,10:47:00,10:47:10,stop_point:SP_3188,St Cyprien - République,10
2400914,10:48:00,10:48:10,stop_point:SP_1926,Les Abattoirs,11
2400914,10:50:00,10:50:10,stop_point:SP_786,Amidonniers,12
2400914,10:51:00,10:51:10,stop_point:SP_1493,Héraclès,13
2400914,10:52:00,10:52:10,stop_point:SP_1516,Leclerc,14
2400914,10:54:00,10:54:10,stop_point:SP_386,Compans-Caffarelli,15
2400914,10:56:00,10:56:10,stop_point:SP_2041,A. Bernard,16
2400914,10:58:00,10:58:10,stop_point:SP_1595,Concorde,17
2400914,10:59:00,10:59:10,stop_point:SP_39,Jeanne d'Arc,18
2400914,11:00:00,11:00:10,stop_point:SP_631,Jeanne d'Arc,19
2400915,11:10:00,11:10:10,stop_point:SP_322,Pelletier Purpan,1
2400915,11:11:00,11:11:10,stop_point:SP_3273,Hôpital Purpan,2
2400915,11:12:00,11:12:10,stop_point:SP_1837,Chardonnet,3
2400915,11:14:00,11:14:10,stop_point:SP_2084,Cartoucherie,4
2400915,11:15:00,11:15:10,stop_point:SP_2059,Zénith,5
2400915,11:16:00,11:16:10,stop_point:SP_3209,Turenne,6
2400915,11:17:00,11:17:10,stop_point:SP_2631,Barrière de Bayonne,7
2400915,11:19:00,11:19:10,stop_point:SP_682,Patte d'Oie,8
2400915,11:20:00,11:20:10,stop_point:SP_3573,Roguet,9
2400915,11:22:00,11:22:10,stop_point:SP_3188,St Cyprien - République,10
2400915,11:23:00,11:23:10,stop_point:SP_1926,Les Abattoirs,11
2400915,11:25:00,11:25:10,stop_point:SP_786,Amidonniers,12
2400915,11:26:00,11:26:10,stop_point:SP_1493,Héraclès,13
2400915,11:27:00,11:27:10,stop_point:SP_1516,Leclerc,14
2400915,11:29:00,11:29:10,stop_point:SP_386,Compans-Caffarelli,15
2400915,11:31:00,11:31:10,stop_point:SP_2041,A. Bernard,16
2400915,11:33:00,11:33:10,stop_point:SP_1595,Concorde,17
2400915,11:34:00,11:34:10,stop_point:SP_39,Jeanne d'Arc,18
2400915,11:35:00,11:35:10,stop_point:SP_631,Jeanne d'Arc,19
2400916,12:20:00,12:20:10,stop_point:SP_322,Pelletier Purpan,1
2400916,12:21:00,12:21:10,stop_point:SP_3273,Hôpital Purpan,2
2400916,12:22:00,12:22:10,stop_point:SP_1837,Chardonnet,3
2400916,12:24:00,12:24:10,stop_point:SP_2084,Cartoucherie,4
2400916,12:25:00,12:25:10,stop_point:SP_2059,Zénith,5
2400916,12:27:00,12:27:10,stop_point:SP_3209,Turenne,6
2400916,12:28:00,12:28:10,stop_point:SP_2631,Barrière de Bayonne,7
2400916,12:30:00,12:30:10,stop_point:SP_682,Patte d'Oie,8
2400916,12:31:00,12:31:10,stop_point:SP_3573,Roguet,9
2400916,12:33:00,12:33:10,stop_point:SP_3188,St Cyprien - République,10
2400916,12:34:00,12:34:10,stop_point:SP_1926,Les Abattoirs,11
2400916,12:36:00,12:36:10,stop_point:SP_786,Amidonniers,12
2400916,12:37:00,12:37:10,stop_point:SP_1493,Héraclès,13
2400916,12:38:00,12:38:10,stop_point:SP_1516,Leclerc,14
2400916,12:40:00,12:40:10,stop_point:SP_386,Compans-Caffarelli,15
2400916,12:42:00,12:42:10,stop_point:SP_2041,A. Bernard,16
2400916,12:44:00,12:44:10,stop_point:SP_1595,Concorde,17
2400916,12:45:00,12:45:10,stop_point:SP_39,Jeanne d'Arc,18
2400916,12:46:00,12:46:10,stop_point:SP_631,Jeanne d'Arc,19
2400917,13:55:00,13:55:10,stop_point:SP_322,Pelletier Purpan,1
2400917,13:56:00,13:56:10,stop_point:SP_3273,Hôpital Purpan,2
2400917,13:57:00,13:57:10,stop_point:SP_1837,Chardonnet,3
2400917,13:59:00,13:59:10,stop_point:SP_2084,Cartoucherie,4
2400917,14:00:00,14:00:10,stop_point:SP_2059,Zénith,5
2400917,14:01:00,14:01:10,stop_point:SP_3209,Turenne,6
2400917,14:02:00,14:02:10,stop_point:SP_2631,Barrière de Bayonne,7
2400917,14:04:00,14:04:10,stop_point:SP_682,Patte d'Oie,8
2400917,14:05:00,14:05:10,stop_point:SP_3573,Roguet,9
2400917,14:07:00,14:07:10,stop_point:SP_3188,St Cyprien - République,10
2400917,14:08:00,14:08:10,stop_point:SP_1926,Les Abattoirs,11
2400917,14:10:00,14:10:10,stop_point:SP_786,Amidonniers,12
2400917,14:11:00,14:11:10,stop_point:SP_1493,Héraclès,13
2400917,14:12:00,14:12:10,stop_point:SP_1516,Leclerc,14
2400917,14:14:00,14:14:10,stop_point:SP_386,Compans-Caffarelli,15
2400917,14:16:00,14:16:10,stop_point:SP_2041,A. Bernard,16
2400917,14:18:00,14:18:10,stop_point:SP_1595,Concorde,17
2400917,14:19:00,14:19:10,stop_point:SP_39,Jeanne d'Arc,18
2400917,14:20:00,14:20:10,stop_point:SP_631,Jeanne d'Arc,19
2400918,12:55:00,12:55:10,stop_point:SP_322,Pelletier Purpan,1
2400918,12:56:00,12:56:10,stop_point:SP_3273,Hôpital Purpan,2
2400918,12:57:00,12:57:10,stop_point:SP_1837,Chardonnet,3
2400918,12:59:00,12:59:10,stop_point:SP_2084,Cartoucherie,4
2400918,13:00:00,13:00:10,stop_point:SP_2059,Zénith,5
2400918,13:01:00,13:01:10,stop_point:SP_3209,Turenne,6
2400918,13:02:00,13:02:10,stop_point:SP_2631,Barrière de Bayonne,7
2400918,13:04:00,13:04:10,stop_point:SP_682,Patte d'Oie,8
2400918,13:05:00,13:05:10,stop_point:SP_3573,Roguet,9
2400918,13:07:00,13:07:10,stop_point:SP_3188,St Cyprien - République,10
2400918,13:08:00,13:08:10,stop_point:SP_1926,Les Abattoirs,11
2400918,13:10:00,13:10:10,stop_point:SP_786,Amidonniers,12
2400918,13:11:00,13:11:10,stop_point:SP_1493,Héraclès,13
2400918,13:12:00,13:12:10,stop_point:SP_1516,Leclerc,14
2400918,13:14:00,13:14:10,stop_point:SP_386,Compans-Caffarelli,15
2400918,13:15:00,13:15:10,stop_point:SP_2041,A. Bernard,16
2400918,13:17:00,13:17:10,stop_point:SP_1595,Concorde,17
2400918,13:18:00,13:18:10,stop_point:SP_39,Jeanne d'Arc,18
2400918,13:19:00,13:19:10,stop_point:SP_631,Jeanne d'Arc,19
