trip_id,arrival_time,departure_time,stop_id,stop_name,stop_sequence
2308039,05:45:00,05:45:10,stop_point:SP_5037,Université Paul Sabatier,1
2308039,05:47:00,05:47:10,stop_point:SP_515,Clotasses,2
2308039,05:48:00,05:48:10,stop_point:SP_3694,Parc St Agne,3
2308039,05:49:00,05:49:10,stop_point:SP_217,Lapeyrade,4
2308039,05:50:00,05:50:10,stop_point:SP_1729,Poste de Ramonville,5
2308039,05:51:00,05:51:10,stop_point:SP_1884,Mairie Ramonville,6
2308039,05:52:00,05:52:10,stop_point:SP_2267,Pastourelles,7
2308039,05:53:00,05:53:10,stop_point:SP_5017,Floralies,8
2308039,05:54:00,05:54:10,stop_point:SP_5031,Suisse,9
2308039,05:55:00,05:55:10,stop_point:SP_1428,Château de Soule,10
2308039,05:56:00,05:56:10,stop_point:SP_2253,Tourterelles,11
2308039,05:57:00,05:57:10,stop_point:SP_1252,Coteaux,12
2308039,05:58:00,05:58:10,stop_point:SP_1652,Mairie Auzeville,13
2308039,05:59:00,05:59:10,stop_point:SP_590,Prat,14
2308039,05:59:00,05:59:10,stop_point:SP_1333,Mayrine,15
2308039,06:00:00,06:00:10,stop_point:SP_3189,Auzeville Eglise,16
2308040,06:15:00,06:15:10,stop_point:SP_5037,Université Paul Sabatier,1
2308040,06:17:00,06:17:10,stop_point:SP_515,Clotasses,2
2308040,06:18:00,06:18:10,stop_point:SP_3694,Parc St Agne,3
2308040,06:19:00,06:19:10,stop_point:SP_217,Lapeyrade,4
2308040,06:20:00,06:20:10,stop_point:SP_1729,Poste de Ramonville,5
2308040,06:21:00,06:21:10,stop_point:SP_1884,Mairie Ramonville,6
2308040,06:22:00,06:22:10,stop_point:SP_2267,Pastourelles,7
2308040,06:23:00,06:23:10,stop_point:SP_5017,Floralies,8
2308040,06:24:00,06:24:10,stop_point:SP_5031,Suisse,9
2308040,06:25:00,06:25:10,stop_point:SP_1428,Château de Soule,10
2308040,06:26:00,06:26:10,stop_point:SP_2253,Tourterelles,11
2308040,06:27:00,06:27:10,stop_point:SP_1252,Coteaux,12
2308040,06:28:00,06:28:10,stop_point:SP_1652,Mairie Auzeville,13
2308040,06:29:00,06:29:10,stop_point:SP_590,Prat,14
2308040,06:29:00,06:29:10,stop_point:SP_1333,Mayrine,15
2308040,06:30:00,06:30:10,stop_point:SP_3189,Auzeville Eglise,16
2308041,06:35:00,06:35:10,stop_point:SP_5037,Université Paul Sabatier,1
2308041,06:37:00,06:37:10,stop_point:SP_515,Clotasses,2
2308041,06:38:00,06:38:10,stop_point:SP_3694,Parc St Agne,3
2308041,06:39:00,06:39:10,stop_point:SP_217,Lapeyrade,4
2308041,06:40:00,06:40:10,stop_point:SP_1729,Poste de Ramonville,5
2308041,06:41:00,06:41:10,stop_point:SP_1884,Mairie Ramonville,6
2308041,06:42:00,06:42:10,stop_point:SP_2267,Pastourelles,7
2308041,06:43:00,06:43:10,stop_point:SP_5017,Floralies,8
2308041,06:44:00,06:44:10,stop_point:SP_5031,Suisse,9
2308041,06:45:00,06:45:10,stop_point:SP_1428,Château de Soule,10
2308041,06:46:00,06:46:10,stop_point:SP_2253,Tourterelles,11
2308041,06:47:00,06:47:10,stop_point:SP_1252,Coteaux,12
2308041,06:48:00,06:48:10,stop_point:SP_1652,Mairie Auzeville,13
2308041,06:49:00,06:49:10,stop_point:SP_590,Prat,14
2308041,06:49:00,06:49:10,stop_point:SP_1333,Mayrine,15
2308041,06:50:00,06:50:10,stop_point:SP_3189,Auzeville Eglise,16
2308042,06:45:00,06:45:10,stop_point:SP_5037,Université Paul Sabatier,1
2308042,06:47:00,06:47:10,stop_point:SP_515,Clotasses,2
2308042,06:48:00,06:48:10,stop_point:SP_3694,Parc St Agne,3
2308042,06:49:00,06:49:10,stop_point:SP_217,Lapeyrade,4
2308042,06:50:00,06:50:10,stop_point:SP_1729,Poste de Ramonville,5
2308042,06:51:00,06:51:10,stop_point:SP_1884,Mairie Ramonville,6
2308042,06:52:00,06:52:10,stop_point:SP_2267,Pastourelles,7
2308042,06:53:00,06:53:10,stop_point:SP_5017,Floralies,8
2308042,06:54:00,06:54:10,stop_point:SP_5031,Suisse,9
2308042,06:55:00,06:55:10,stop_point:SP_1428,Château de Soule,10
2308042,06:56:00,06:56:10,stop_point:SP_2253,Tourterelles,11
2308042,06:57:00,06:57:10,stop_point:SP_1252,Coteaux,12
2308042,06:58:00,06:58:10,stop_point:SP_1652,Mairie Auzeville,13
2308042,06:59:00,06:59:10,stop_point:SP_590,Prat,14
2308042,06:59:00,06:59:10,stop_point:SP_1333,Mayrine,15
2308042,07:00:00,07:00:10,stop_point:SP_3189,Auzeville Eglise,16
2308043,07:05:00,07:05:10,stop_point:SP_5037,Université Paul Sabatier,1
2308043,07:07:00,07:07:10,stop_point:SP_515,Clotasses,2
2308043,07:08:00,07:08:10,stop_point:SP_3694,Parc St Agne,3
2308043,07:09:00,07:09:10,stop_point:SP_217,Lapeyrade,4
2308043,07:10:00,07:10:10,stop_point:SP_1729,Poste de Ramonville,5
2308043,07:11:00,07:11:10,stop_point:SP_1884,Mairie Ramonville,6
2308043,07:12:00,07:12:10,stop_point:SP_2267,Pastourelles,7
2308043,07:13:00,07:13:10,stop_point:SP_5017,Floralies,8
2308043,07:14:00,07:14:10,stop_point:SP_5031,Suisse,9
2308043,07:15:00,07:15:10,stop_point:SP_1428,Château de Soule,10
2308043,07:16:00,07:16:10,stop_point:SP_2253,Tourterelles,11
2308043,07:17:00,07:17:10,stop_point:SP_1252,Coteaux,12
2308043,07:18:00,07:18:10,stop_point:SP_1652,Mairie Auzeville,13
2308043,07:19:00,07:19:10,stop_point:SP_590,Prat,14
2308043,07:19:00,07:19:10,stop_point:SP_1333,Mayrine,15
2308043,07:20:00,07:20:10,stop_point:SP_3189,Auzeville Eglise,16
2308044,07:25:00,07:25:10,stop_point:SP_5037,Université Paul Sabatier,1
2308044,07:27:00,07:27:10,stop_point:SP_515,Clotasses,2
2308044,07:28:00,07:28:10,stop_point:SP_3694,Parc St Agne,3
2308044,07:29:00,07:29:10,stop_point:SP_217,Lapeyrade,4
2308044,07:30:00,07:30:10,stop_point:SP_1729,Poste de Ramonville,5
2308044,07:31:00,07:31:10,stop_point:SP_1884,Mairie Ramonville,6
2308044,07:32:00,07:32:10,stop_point:SP_2267,Pastourelles,7
2308044,07:33:00,07:33:10,stop_point:SP_5017,Floralies,8
2308044,07:34:00,07:34:10,stop_point:SP_5031,Suisse,9
2308044,07:35:00,07:35:10,stop_point:SP_1428,Château de Soule,10
2308044,07:36:00,07:36:10,stop_point:SP_2253,Tourterelles,11
2308044,07:37:00,07:37:10,stop_point:SP_1252,Coteaux,12
2308044,07:38:00,07:38:10,stop_point:SP_1652,Mairie Auzeville,13
2308044,07:39:00,07:39:10,stop_point:SP_590,Prat,14
2308044,07:39:00,07:39:10,stop_point:SP_1333,Mayrine,15
2308044,07:40:00,07:40:10,stop_point:SP_3189,Auzeville Eglise,16
2308045,07:35:00,07:35:10,stop_point:SP_5037,Université Paul Sabatier,1
2308045,07:37:00,07:37:10,stop_point:SP_515,Clotasses,2
2308045,07:38:00,07:38:10,stop_point:SP_3694,Parc St Agne,3
2308045,07:39:00,07:39:10,stop_point:SP_217,Lapeyrade,4
2308045,07:40:00,07:40:10,stop_point:SP_1729,Poste de Ramonville,5
2308045,07:41:00,07:41:10,stop_point:SP_1884,Mairie Ramonville,6
2308045,07:42:00,07:42:10,stop_point:SP_2267,Pastourelles,7
2308045,07:43:00,07:43:10,stop_point:SP_5017,Floralies,8
2308045,07:44:00,07:44:10,stop_point:SP_5031,Suisse,9
2308045,07:45:00,07:45:10,stop_point:SP_1428,Château de Soule,10
2308045,07:46:00,07:46:10,stop_point:SP_2253,Tourterelles,11
2308045,07:47:00,07:47:10,stop_point:SP_1252,Coteaux,12
2308045,07:48:00,07:48:10,stop_point:SP_1652,Mairie Auzeville,13
2308045,07:49:00,07:49:10,stop_point:SP_590,Prat,14
2308045,07:49:00,07:49:10,stop_point:SP_1333,Mayrine,15
2308045,07:50:00,07:50:10,stop_point:SP_3189,Auzeville Eglise,16
2308046,07:50:00,07:50:10,stop_point:SP_5037,Université Paul Sabatier,1
2308046,07:52:00,07:52:10,stop_point:SP_515,Clotasses,2
2308046,07:53:00,07:53:10,stop_point:SP_3694,Parc St Agne,3
2308046,07:54:00,07:54:10,stop_point:SP_217,Lapeyrade,4
2308046,07:55:00,07:55:10,stop_point:SP_1729,Poste de Ramonville,5
2308046,07:56:00,07:56:10,stop_point:SP_1884,Mairie Ramonville,6
2308046,07:57:00,07:57:10,stop_point:SP_2267,Pastourelles,7
2308046,07:58:00,07:58:10,stop_point:SP_5017,Floralies,8
2308046,07:59:00,07:59:10,stop_point:SP_5031,Suisse,9
2308046,08:00:00,08:00:10,stop_point:SP_1428,Château de Soule,10
2308046,08:01:00,08:01:10,stop_point:SP_2253,Tourterelles,11
2308046,08:02:00,08:02:10,stop_point:SP_1252,Coteaux,12
2308046,08:03:00,08:03:10,stop_point:SP_1652,Mairie Auzeville,13
2308046,08:04:00,08:04:10,stop_point:SP_590,Prat,14
2308046,08:04:00,08:04:10,stop_point:SP_1333,Mayrine,15
2308046,08:05:00,08:05:10,stop_point:SP_3189,Auzeville Eglise,16
2308047,08:04:00,08:04:10,stop_point:SP_5037,Université Paul Sabatier,1
2308047,08:06:00,08:06:10,stop_point:SP_515,Clotasses,2
2308047,08:07:00,08:07:10,stop_point:SP_3694,Parc St Agne,3
2308047,08:08:00,08:08:10,stop_point:SP_217,Lapeyrade,4
2308047,08:09:00,08:09:10,stop_point:SP_1729,Poste de Ramonville,5
2308047,08:10:00,08:10:10,stop_point:SP_1884,Mairie Ramonville,6
2308047,08:11:00,08:11:10,stop_point:SP_2267,Pastourelles,7
2308047,08:12:00,08:12:10,stop_point:SP_5017,Floralies,8
2308047,08:13:00,08:13:10,stop_point:SP_5031,Suisse,9
2308047,08:14:00,08:14:10,stop_point:SP_1428,Château de Soule,10
2308047,08:15:00,08:15:10,stop_point:SP_2253,Tourterelles,11
2308047,08:16:00,08:16:10,stop_point:SP_1252,Coteaux,12
2308047,08:17:00,08:17:10,stop_point:SP_1652,Mairie Auzeville,13
2308047,08:18:00,08:18:10,stop_point:SP_590,Prat,14
2308047,08:18:00,08:18:10,stop_point:SP_1333,Mayrine,15
2308047,08:19:00,08:19:10,stop_point:SP_3189,Auzeville Eglise,16
2308048,08:19:00,08:19:10,stop_point:SP_5037,Université Paul Sabatier,1
2308048,08:21:00,08:21:10,stop_point:SP_515,Clotasses,2
2308048,08:22:00,08:22:10,stop_point:SP_3694,Parc St Agne,3
2308048,08:23:00,08:23:10,stop_point:SP_217,Lapeyrade,4
2308048,08:24:00,08:24:10,stop_point:SP_1729,Poste de Ramonville,5
2308048,08:25:00,08:25:10,stop_point:SP_1884,Mairie Ramonville,6
2308048,08:26:00,08:26:10,stop_point:SP_2267,Pastourelles,7
2308048,08:27:00,08:27:10,stop_point:SP_5017,Floralies,8
2308048,08:28:00,08:28:10,stop_point:SP_5031,Suisse,9
2308048,08:29:00,08:29:10,stop_point:SP_1428,Château de Soule,10
2308048,08:30:00,08:30:10,stop_point:SP_2253,Tourterelles,11
2308048,08:31:00,08:31:10,stop_point:SP_1252,Coteaux,12
2308048,08:33:00,08:33:10,stop_point:SP_1652,Mairie Auzeville,13
2308048,08:33:00,08:33:10,stop_point:SP_590,Prat,14
2308048,08:34:00,08:34:10,stop_point:SP_1333,Mayrine,15
2308048,08:35:00,08:35:10,stop_point:SP_3189,Auzeville Eglise,16
2308049,08:39:00,08:39:10,stop_point:SP_5037,Université Paul Sabatier,1
2308049,08:42:00,08:42:10,stop_point:SP_515,Clotasses,2
2308049,08:43:00,08:43:10,stop_point:SP_3694,Parc St Agne,3
2308049,08:44:00,08:44:10,stop_point:SP_217,Lapeyrade,4
2308049,08:45:00,08:45:10,stop_point:SP_1729,Poste de Ramonville,5
2308049,08:46:00,08:46:10,stop_point:SP_1884,Mairie Ramonville,6
2308049,08:47:00,08:47:10,stop_point:SP_2267,Pastourelles,7
2308049,08:48:00,08:48:10,stop_point:SP_5017,Floralies,8
2308049,08:49:00,08:49:10,stop_point:SP_5031,Suisse,9
2308049,08:50:00,08:50:10,stop_point:SP_1428,Château de Soule,10
2308049,08:51:00,08:51:10,stop_point:SP_2253,Tourterelles,11
2308049,08:52:00,08:52:10,stop_point:SP_1252,Coteaux,12
2308049,08:53:00,08:53:10,stop_point:SP_1652,Mairie Auzeville,13
2308049,08:54:00,08:54:10,stop_point:SP_590,Prat,14
2308049,08:54:00,08:54:10,stop_point:SP_1333,Mayrine,15
2308049,08:55:00,08:55:10,stop_point:SP_3189,Auzeville Eglise,16
2308050,08:59:00,08:59:10,stop_point:SP_5037,Université Paul Sabatier,1
2308050,09:01:00,09:01:10,stop_point:SP_515,Clotasses,2
2308050,09:02:00,09:02:10,stop_point:SP_3694,Parc St Agne,3
2308050,09:03:00,09:03:10,stop_point:SP_217,Lapeyrade,4
2308050,09:04:00,09:04:10,stop_point:SP_1729,Poste de Ramonville,5
2308050,09:05:00,09:05:10,stop_point:SP_1884,Mairie Ramonville,6
2308050,09:06:00,09:06:10,stop_point:SP_2267,Pastourelles,7
2308050,09:07:00,09:07:10,stop_point:SP_5017,Floralies,8
2308050,09:08:00,09:08:10,stop_point:SP_5031,Suisse,9
2308050,09:09:00,09:09:10,stop_point:SP_1428,Château de Soule,10
2308050,09:10:00,09:10:10,stop_point:SP_2253,Tourterelles,11
2308050,09:11:00,09:11:10,stop_point:SP_1252,Coteaux,12
2308050,09:12:00,09:12:10,stop_point:SP_1652,Mairie Auzeville,13
2308050,09:13:00,09:13:10,stop_point:SP_590,Prat,14
2308050,09:13:00,09:13:10,stop_point:SP_1333,Mayrine,15
2308050,09:14:00,09:14:10,stop_point:SP_3189,Auzeville Eglise,16
2308051,09:20:00,09:20:10,stop_point:SP_5037,Université Paul Sabatier,1
2308051,09:22:00,09:22:10,stop_point:SP_515,Clotasses,2
2308051,09:23:00,09:23:10,stop_point:SP_3694,Parc St Agne,3
2308051,09:24:00,09:24:10,stop_point:SP_217,Lapeyrade,4
2308051,09:25:00,09:25:10,stop_point:SP_1729,Poste de Ramonville,5
2308051,09:26:00,09:26:10,stop_point:SP_1884,Mairie Ramonville,6
2308051,09:27:00,09:27:10,stop_point:SP_2267,Pastourelles,7
2308051,09:28:00,09:28:10,stop_point:SP_5017,Floralies,8
2308051,09:29:00,09:29:10,stop_point:SP_5031,Suisse,9
2308051,09:30:00,09:30:10,stop_point:SP_1428,Château de Soule,10
2308051,09:31:00,09:31:10,stop_point:SP_2253,Tourterelles,11
2308051,09:32:00,09:32:10,stop_point:SP_1252,Coteaux,12
2308051,09:33:00,09:33:10,stop_point:SP_1652,Mairie Auzeville,13
2308051,09:34:00,09:34:10,stop_point:SP_590,Prat,14
2308051,09:34:00,09:34:10,stop_point:SP_1333,Mayrine,15
2308051,09:35:00,09:35:10,stop_point:SP_3189,Auzeville Eglise,16
2308052,09:50:00,09:50:10,stop_point:SP_5037,Université Paul Sabatier,1
2308052,09:52:00,09:52:10,stop_point:SP_515,Clotasses,2
2308052,09:53:00,09:53:10,stop_point:SP_3694,Parc St Agne,3
2308052,09:54:00,09:54:10,stop_point:SP_217,Lapeyrade,4
2308052,09:55:00,09:55:10,stop_point:SP_1729,Poste de Ramonville,5
2308052,09:56:00,09:56:10,stop_point:SP_1884,Mairie Ramonville,6
2308052,09:57:00,09:57:10,stop_point:SP_2267,Pastourelles,7
2308052,09:58:00,09:58:10,stop_point:SP_5017,Floralies,8
2308052,09:59:00,09:59:10,stop_point:SP_5031,Suisse,9
2308052,10:00:00,10:00:10,stop_point:SP_1428,Château de Soule,10
2308052,10:01:00,10:01:10,stop_point:SP_2253,Tourterelles,11
2308052,10:02:00,10:02:10,stop_point:SP_1252,Coteaux,12
2308052,10:03:00,10:03:10,stop_point:SP_1652,Mairie Auzeville,13
2308052,10:04:00,10:04:10,stop_point:SP_590,Prat,14
2308052,10:04:00,10:04:10,stop_point:SP_1333,Mayrine,15
2308052,10:05:00,10:05:10,stop_point:SP_3189,Auzeville Eglise,16
2308053,10:20:00,10:20:10,stop_point:SP_5037,Université Paul Sabatier,1
2308053,10:22:00,10:22:10,stop_point:SP_515,Clotasses,2
2308053,10:23:00,10:23:10,stop_point:SP_3694,Parc St Agne,3
2308053,10:24:00,10:24:10,stop_point:SP_217,Lapeyrade,4
2308053,10:25:00,10:25:10,stop_point:SP_1729,Poste de Ramonville,5
2308053,10:26:00,10:26:10,stop_point:SP_1884,Mairie Ramonville,6
2308053,10:27:00,10:27:10,stop_point:SP_2267,Pastourelles,7
2308053,10:28:00,10:28:10,stop_point:SP_5017,Floralies,8
2308053,10:29:00,10:29:10,stop_point:SP_5031,Suisse,9
2308053,10:30:00,10:30:10,stop_point:SP_1428,Château de Soule,10
2308053,10:31:00,10:31:10,stop_point:SP_2253,Tourterelles,11
2308053,10:32:00,10:32:10,stop_point:SP_1252,Coteaux,12
2308053,10:33:00,10:33:10,stop_point:SP_1652,Mairie Auzeville,13
2308053,10:34:00,10:34:10,stop_point:SP_590,Prat,14
2308053,10:34:00,10:34:10,stop_point:SP_1333,Mayrine,15
2308053,10:35:00,10:35:10,stop_point:SP_3189,Auzeville Eglise,16
2308054,10:50:00,10:50:10,stop_point:SP_5037,Université Paul Sabatier,1
2308054,10:52:00,10:52:10,stop_point:SP_515,Clotasses,2
2308054,10:53:00,10:53:10,stop_point:SP_3694,Parc St Agne,3
2308054,10:54:00,10:54:10,stop_point:SP_217,Lapeyrade,4
2308054,10:55:00,10:55:10,stop_point:SP_1729,Poste de Ramonville,5
2308054,10:56:00,10:56:10,stop_point:SP_1884,Mairie Ramonville,6
2308054,10:57:00,10:57:10,stop_point:SP_2267,Pastourelles,7
2308054,10:58:00,10:58:10,stop_point:SP_5017,Floralies,8
2308054,10:59:00,10:59:10,stop_point:SP_5031,Suisse,9
2308054,11:00:00,11:00:10,stop_point:SP_1428,Château de Soule,10
2308054,11:01:00,11:01:10,stop_point:SP_2253,Tourterelles,11
2308054,11:02:00,11:02:10,stop_point:SP_1252,Coteaux,12
2308054,11:03:00,11:03:10,stop_point:SP_1652,Mairie Auzeville,13
2308054,11:04:00,11:04:10,stop_point:SP_590,Prat,14
2308054,11:04:00,11:04:10,stop_point:SP_1333,Mayrine,15
2308054,11:05:00,11:05:10,stop_point:SP_3189,Auzeville Eglise,16
2308055,11:20:00,11:20:10,stop_point:SP_5037,Université Paul Sabatier,1
2308055,11:22:00,11:22:10,stop_point:SP_515,Clotasses,2
2308055,11:23:00,11:23:10,stop_point:SP_3694,Parc St Agne,3
2308055,11:24:00,11:24:10,stop_point:SP_217,Lapeyrade,4
2308055,11:25:00,11:25:10,stop_point:SP_1729,Poste de Ramonville,5
2308055,11:26:00,11:26:10,stop_point:SP_1884,Mairie Ramonville,6
2308055,11:27:00,11:27:10,stop_point:SP_2267,Pastourelles,7
2308055,11:28:00,11:28:10,stop_point:SP_5017,Floralies,8
2308055,11:29:00,11:29:10,stop_point:SP_5031,Suisse,9
2308055,11:30:00,11:30:10,stop_point:SP_1428,Château de Soule,10
2308055,11:31:00,11:31:10,stop_point:SP_2253,Tourterelles,11
2308055,11:32:00,11:32:10,stop_point:SP_1252,Coteaux,12
2308055,11:33:00,11:33:10,stop_point:SP_1652,Mairie Auzeville,13
2308055,11:34:00,11:34:10,stop_point:SP_590,Prat,14
2308055,11:34:00,11:34:10,stop_point:SP_1333,Mayrine,15
2308055,11:35:00,11:35:10,stop_point:SP_3189,Auzeville Eglise,16
2308056,11:50:00,11:50:10,stop_point:SP_5037,Université Paul Sabatier,1
2308056,11:52:00,11:52:10,stop_point:SP_515,Clotasses,2
2308056,11:53:00,11:53:10,stop_point:SP_3694,Parc St Agne,3
2308056,11:54:00,11:54:10,stop_point:SP_217,Lapeyrade,4
2308056,11:55:00,11:55:10,stop_point:SP_1729,Poste de Ramonville,5
2308056,11:56:00,11:56:10,stop_point:SP_1884,Mairie Ramonville,6
2308056,11:57:00,11:57:10,stop_point:SP_2267,Pastourelles,7
2308056,11:58:00,11:58:10,stop_point:SP_5017,Floralies,8
2308056,11:59:00,11:59:10,stop_point:SP_5031,Suisse,9
2308056,12:00:00,12:00:10,stop_point:SP_1428,Château de Soule,10
2308056,12:01:00,12:01:10,stop_point:SP_2253,Tourterelles,11
2308056,12:02:00,12:02:10,stop_point:SP_1252,Coteaux,12
2308056,12:03:00,12:03:10,stop_point:SP_1652,Mairie Auzeville,13
2308056,12:04:00,12:04:10,stop_point:SP_590,Prat,14
2308056,12:04:00,12:04:10,stop_point:SP_1333,Mayrine,15
2308056,12:05:00,12:05:10,stop_point:SP_3189,Auzeville Eglise,16
2308057,12:15:00,12:15:10,stop_point:SP_5037,Université Paul Sabatier,1
2308057,12:17:00,12:17:10,stop_point:SP_515,Clotasses,2
2308057,12:18:00,12:18:10,stop_point:SP_3694,Parc St Agne,3
2308057,12:19:00,12:19:10,stop_point:SP_217,Lapeyrade,4
2308057,12:20:00,12:20:10,stop_point:SP_1729,Poste de Ramonville,5
2308057,12:21:00,12:21:10,stop_point:SP_1884,Mairie Ramonville,6
2308057,12:22:00,12:22:10,stop_point:SP_2267,Pastourelles,7
2308057,12:23:00,12:23:10,stop_point:SP_5017,Floralies,8
2308057,12:24:00,12:24:10,stop_point:SP_5031,Suisse,9
2308057,12:25:00,12:25:10,stop_point:SP_1428,Château de Soule,10
2308057,12:26:00,12:26:10,stop_point:SP_2253,Tourterelles,11
2308057,12:27:00,12:27:10,stop_point:SP_1252,Coteaux,12
2308057,12:28:00,12:28:10,stop_point:SP_1652,Mairie Auzeville,13
2308057,12:29:00,12:29:10,stop_point:SP_590,Prat,14
2308057,12:29:00,12:29:10,stop_point:SP_1333,Mayrine,15
2308057,12:30:00,12:30:10,stop_point:SP_3189,Auzeville Eglise,16
2308058,12:25:00,12:25:10,stop_point:SP_5037,Université Paul Sabatier,1
2308058,12:27:00,12:27:10,stop_point:SP_515,Clotasses,2
2308058,12:28:00,12:28:10,stop_point:SP_3694,Parc St Agne,3
2308058,12:29:00,12:29:10,stop_point:SP_217,Lapeyrade,4
2308058,12:30:00,12:30:10,stop_point:SP_1729,Poste de Ramonville,5
2308058,12:31:00,12:31:10,stop_point:SP_1884,Mairie Ramonville,6
2308058,12:32:00,12:32:10,stop_point:SP_2267,Pastourelles,7
2308058,12:33:00,12:33:10,stop_point:SP_5017,Floralies,8
2308058,12:34:00,12:34:10,stop_point:SP_5031,Suisse,9
2308058,12:35:00,12:35:10,stop_point:SP_1428,Château de Soule,10
2308058,12:36:00,12:36:10,stop_point:SP_2253,Tourterelles,11
2308058,12:37:00,12:37:10,stop_point:SP_1252,Coteaux,12
2308058,12:38:00,12:38:10,stop_point:SP_1652,Mairie Auzeville,13
2308058,12:39:00,12:39:10,stop_point:SP_590,Prat,14
2308058,12:39:00,12:39:10,stop_point:SP_1333,Mayrine,15
2308058,12:40:00,12:40:10,stop_point:SP_3189,Auzeville Eglise,16
2308059,12:55:00,12:55:10,stop_point:SP_5037,Université Paul Sabatier,1
2308059,12:57:00,12:57:10,stop_point:SP_515,Clotasses,2
2308059,12:58:00,12:58:10,stop_point:SP_3694,Parc St Agne,3
2308059,12:59:00,12:59:10,stop_point:SP_217,Lapeyrade,4
2308059,13:00:00,13:00:10,stop_point:SP_1729,Poste de Ramonville,5
2308059,13:01:00,13:01:10,stop_point:SP_1884,Mairie Ramonville,6
2308059,13:02:00,13:02:10,stop_point:SP_2267,Pastourelles,7
2308059,13:03:00,13:03:10,stop_point:SP_5017,Floralies,8
2308059,13:04:00,13:04:10,stop_point:SP_5031,Suisse,9
2308059,13:05:00,13:05:10,stop_point:SP_1428,Château de Soule,10
2308059,13:06:00,13:06:10,stop_point:SP_2253,Tourterelles,11
2308059,13:07:00,13:07:10,stop_point:SP_1252,Coteaux,12
2308059,13:08:00,13:08:10,stop_point:SP_1652,Mairie Auzeville,13
2308059,13:09:00,13:09:10,stop_point:SP_590,Prat,14
2308059,13:09:00,13:09:10,stop_point:SP_1333,Mayrine,15
2308059,13:10:00,13:10:10,stop_point:SP_3189,Auzeville Eglise,16
2308060,13:25:00,13:25:10,stop_point:SP_5037,Université Paul Sabatier,1
2308060,13:27:00,13:27:10,stop_point:SP_515,Clotasses,2
2308060,13:28:00,13:28:10,stop_point:SP_3694,Parc St Agne,3
2308060,13:29:00,13:29:10,stop_point:SP_217,Lapeyrade,4
2308060,13:30:00,13:30:10,stop_point:SP_1729,Poste de Ramonville,5
2308060,13:31:00,13:31:10,stop_point:SP_1884,Mairie Ramonville,6
2308060,13:32:00,13:32:10,stop_point:SP_2267,Pastourelles,7
2308060,13:33:00,13:33:10,stop_point:SP_5017,Floralies,8
2308060,13:34:00,13:34:10,stop_point:SP_5031,Suisse,9
2308060,13:35:00,13:35:10,stop_point:SP_1428,Château de Soule,10
2308060,13:36:00,13:36:10,stop_point:SP_2253,Tourterelles,11
2308060,13:37:00,13:37:10,stop_point:SP_1252,Coteaux,12
2308060,13:38:00,13:38:10,stop_point:SP_1652,Mairie Auzeville,13
2308060,13:39:00,13:39:10,stop_point:SP_590,Prat,14
2308060,13:39:00,13:39:10,stop_point:SP_1333,Mayrine,15
2308060,13:40:00,13:40:10,stop_point:SP_3189,Auzeville Eglise,16
2308061,14:00:00,14:00:10,stop_point:SP_5037,Université Paul Sabatier,1
2308061,14:02:00,14:02:10,stop_point:SP_515,Clotasses,2
2308061,14:03:00,14:03:10,stop_point:SP_3694,Parc St Agne,3
2308061,14:04:00,14:04:10,stop_point:SP_217,Lapeyrade,4
2308061,14:05:00,14:05:10,stop_point:SP_1729,Poste de Ramonville,5
2308061,14:06:00,14:06:10,stop_point:SP_1884,Mairie Ramonville,6
2308061,14:07:00,14:07:10,stop_point:SP_2267,Pastourelles,7
2308061,14:08:00,14:08:10,stop_point:SP_5017,Floralies,8
2308061,14:09:00,14:09:10,stop_point:SP_5031,Suisse,9
2308061,14:10:00,14:10:10,stop_point:SP_1428,Château de Soule,10
2308061,14:11:00,14:11:10,stop_point:SP_2253,Tourterelles,11
2308061,14:12:00,14:12:10,stop_point:SP_1252,Coteaux,12
2308061,14:13:00,14:13:10,stop_point:SP_1652,Mairie Auzeville,13
2308061,14:14:00,14:14:10,stop_point:SP_590,Prat,14
2308061,14:14:00,14:14:10,stop_point:SP_1333,Mayrine,15
2308061,14:15:00,14:15:10,stop_point:SP_3189,Auzeville Eglise,16
2308062,14:35:00,14:35:10,stop_point:SP_5037,Université Paul Sabatier,1
2308062,14:37:00,14:37:10,stop_point:SP_515,Clotasses,2
2308062,14:38:00,14:38:10,stop_point:SP_3694,Parc St Agne,3
2308062,14:39:00,14:39:10,stop_point:SP_217,Lapeyrade,4
2308062,14:40:00,14:40:10,stop_point:SP_1729,Poste de Ramonville,5
2308062,14:41:00,14:41:10,stop_point:SP_1884,Mairie Ramonville,6
2308062,14:42:00,14:42:10,stop_point:SP_2267,Pastourelles,7
2308062,14:43:00,14:43:10,stop_point:SP_5017,Floralies,8
2308062,14:44:00,14:44:10,stop_point:SP_5031,Suisse,9
2308062,14:45:00,14:45:10,stop_point:SP_1428,Château de Soule,10
2308062,14:46:00,14:46:10,stop_point:SP_2253,Tourterelles,11
2308062,14:47:00,14:47:10,stop_point:SP_1252,Coteaux,12
2308062,14:48:00,14:48:10,stop_point:SP_1652,Mairie Auzeville,13
2308062,14:49:00,14:49:10,stop_point:SP_590,Prat,14
2308062,14:49:00,14:49:10,stop_point:SP_1333,Mayrine,15
2308062,14:50:00,14:50:10,stop_point:SP_3189,Auzeville Eglise,16
2308063,15:05:00,15:05:10,stop_point:SP_5037,Université Paul Sabatier,1
2308063,15:07:00,15:07:10,stop_point:SP_515,Clotasses,2
2308063,15:08:00,15:08:10,stop_point:SP_3694,Parc St Agne,3
2308063,15:09:00,15:09:10,stop_point:SP_217,Lapeyrade,4
2308063,15:10:00,15:10:10,stop_point:SP_1729,Poste de Ramonville,5
2308063,15:11:00,15:11:10,stop_point:SP_1884,Mairie Ramonville,6
2308063,15:12:00,15:12:10,stop_point:SP_2267,Pastourelles,7
2308063,15:13:00,15:13:10,stop_point:SP_5017,Floralies,8
2308063,15:14:00,15:14:10,stop_point:SP_5031,Suisse,9
2308063,15:15:00,15:15:10,stop_point:SP_1428,Château de Soule,10
2308063,15:16:00,15:16:10,stop_point:SP_2253,Tourterelles,11
2308063,15:17:00,15:17:10,stop_point:SP_1252,Coteaux,12
2308063,15:18:00,15:18:10,stop_point:SP_1652,Mairie Auzeville,13
2308063,15:19:00,15:19:10,stop_point:SP_590,Prat,14
2308063,15:19:00,15:19:10,stop_point:SP_1333,Mayrine,15
2308063,15:20:00,15:20:10,stop_point:SP_3189,Auzeville Eglise,16
2308064,15:25:00,15:25:10,stop_point:SP_5037,Université Paul Sabatier,1
2308064,15:27:00,15:27:10,stop_point:SP_515,Clotasses,2
2308064,15:28:00,15:28:10,stop_point:SP_3694,Parc St Agne,3
2308064,15:29:00,15:29:10,stop_point:SP_217,Lapeyrade,4
2308064,15:30:00,15:30:10,stop_point:SP_1729,Poste de Ramonville,5
2308064,15:31:00,15:31:10,stop_point:SP_1884,Mairie Ramonville,6
2308064,15:32:00,15:32:10,stop_point:SP_2267,Pastourelles,7
2308064,15:34:00,15:34:10,stop_point:SP_5017,Floralies,8
2308064,15:35:00,15:35:10,stop_point:SP_5031,Suisse,9
2308064,15:36:00,15:36:10,stop_point:SP_1428,Château de Soule,10
2308064,15:37:00,15:37:10,stop_point:SP_2253,Tourterelles,11
2308064,15:38:00,15:38:10,stop_point:SP_1252,Coteaux,12
2308064,15:39:00,15:39:10,stop_point:SP_1652,Mairie Auzeville,13
2308064,15:40:00,15:40:10,stop_point:SP_590,Prat,14
2308064,15:40:00,15:40:10,stop_point:SP_1333,Mayrine,15
2308064,15:41:00,15:41:10,stop_point:SP_3189,Auzeville Eglise,16
2308065,15:45:00,15:45:10,stop_point:SP_5037,Université Paul Sabatier,1
2308065,15:47:00,15:47:10,stop_point:SP_515,Clotasses,2
2308065,15:48:00,15:48:10,stop_point:SP_3694,Parc St Agne,3
2308065,15:49:00,15:49:10,stop_point:SP_217,Lapeyrade,4
2308065,15:50:00,15:50:10,stop_point:SP_1729,Poste de Ramonville,5
2308065,15:51:00,15:51:10,stop_point:SP_1884,Mairie Ramonville,6
2308065,15:52:00,15:52:10,stop_point:SP_2267,Pastourelles,7
2308065,15:54:00,15:54:10,stop_point:SP_5017,Floralies,8
2308065,15:55:00,15:55:10,stop_point:SP_5031,Suisse,9
2308065,15:56:00,15:56:10,stop_point:SP_1428,Château de Soule,10
2308065,15:57:00,15:57:10,stop_point:SP_2253,Tourterelles,11
2308065,15:58:00,15:58:10,stop_point:SP_1252,Coteaux,12
2308065,15:59:00,15:59:10,stop_point:SP_1652,Mairie Auzeville,13
2308065,16:00:00,16:00:10,stop_point:SP_590,Prat,14
2308065,16:00:00,16:00:10,stop_point:SP_1333,Mayrine,15
2308065,16:01:00,16:01:10,stop_point:SP_3189,Auzeville Eglise,16
2308066,16:04:00,16:04:10,stop_point:SP_5037,Université Paul Sabatier,1
2308066,16:06:00,16:06:10,stop_point:SP_515,Clotasses,2
2308066,16:07:00,16:07:10,stop_point:SP_3694,Parc St Agne,3
2308066,16:08:00,16:08:10,stop_point:SP_217,Lapeyrade,4
2308066,16:09:00,16:09:10,stop_point:SP_1729,Poste de Ramonville,5
2308066,16:10:00,16:10:10,stop_point:SP_1884,Mairie Ramonville,6
2308066,16:11:00,16:11:10,stop_point:SP_2267,Pastourelles,7
2308066,16:13:00,16:13:10,stop_point:SP_5017,Floralies,8
2308066,16:15:00,16:15:10,stop_point:SP_5031,Suisse,9
2308066,16:16:00,16:16:10,stop_point:SP_1428,Château de Soule,10
2308066,16:17:00,16:17:10,stop_point:SP_2253,Tourterelles,11
2308066,16:18:00,16:18:10,stop_point:SP_1252,Coteaux,12
2308066,16:19:00,16:19:10,stop_point:SP_1652,Mairie Auzeville,13
2308066,16:20:00,16:20:10,stop_point:SP_590,Prat,14
2308066,16:20:00,16:20:10,stop_point:SP_1333,Mayrine,15
2308066,16:21:00,16:21:10,stop_point:SP_3189,Auzeville Eglise,16
2308067,16:22:00,16:22:10,stop_point:SP_5037,Université Paul Sabatier,1
2308067,16:24:00,16:24:10,stop_point:SP_515,Clotasses,2
2308067,16:25:00,16:25:10,stop_point:SP_3694,Parc St Agne,3
2308067,16:26:00,16:26:10,stop_point:SP_217,Lapeyrade,4
2308067,16:27:00,16:27:10,stop_point:SP_1729,Poste de Ramonville,5
2308067,16:28:00,16:28:10,stop_point:SP_1884,Mairie Ramonville,6
2308067,16:29:00,16:29:10,stop_point:SP_2267,Pastourelles,7
2308067,16:31:00,16:31:10,stop_point:SP_5017,Floralies,8
2308067,16:33:00,16:33:10,stop_point:SP_5031,Suisse,9
2308067,16:34:00,16:34:10,stop_point:SP_1428,Château de Soule,10
2308067,16:35:00,16:35:10,stop_point:SP_2253,Tourterelles,11
2308067,16:36:00,16:36:10,stop_point:SP_1252,Coteaux,12
2308067,16:37:00,16:37:10,stop_point:SP_1652,Mairie Auzeville,13
2308067,16:38:00,16:38:10,stop_point:SP_590,Prat,14
2308067,16:38:00,16:38:10,stop_point:SP_1333,Mayrine,15
2308067,16:39:00,16:39:10,stop_point:SP_3189,Auzeville Eglise,16
2308068,16:40:00,16:40:10,stop_point:SP_5037,Université Paul Sabatier,1
2308068,16:42:00,16:42:10,stop_point:SP_515,Clotasses,2
2308068,16:43:00,16:43:10,stop_point:SP_3694,Parc St Agne,3
2308068,16:44:00,16:44:10,stop_point:SP_217,Lapeyrade,4
2308068,16:45:00,16:45:10,stop_point:SP_1729,Poste de Ramonville,5
2308068,16:46:00,16:46:10,stop_point:SP_1884,Mairie Ramonville,6
2308068,16:47:00,16:47:10,stop_point:SP_2267,Pastourelles,7
2308068,16:49:00,16:49:10,stop_point:SP_5017,Floralies,8
2308068,16:51:00,16:51:10,stop_point:SP_5031,Suisse,9
2308068,16:52:00,16:52:10,stop_point:SP_1428,Château de Soule,10
2308068,16:53:00,16:53:10,stop_point:SP_2253,Tourterelles,11
2308068,16:54:00,16:54:10,stop_point:SP_1252,Coteaux,12
2308068,16:56:00,16:56:10,stop_point:SP_1652,Mairie Auzeville,13
2308068,16:56:00,16:56:10,stop_point:SP_590,Prat,14
2308068,16:57:00,16:57:10,stop_point:SP_1333,Mayrine,15
2308068,16:58:00,16:58:10,stop_point:SP_3189,Auzeville Eglise,16
2308069,16:58:00,16:58:10,stop_point:SP_5037,Université Paul Sabatier,1
2308069,17:00:00,17:00:10,stop_point:SP_515,Clotasses,2
2308069,17:01:00,17:01:10,stop_point:SP_3694,Parc St Agne,3
2308069,17:02:00,17:02:10,stop_point:SP_217,Lapeyrade,4
2308069,17:03:00,17:03:10,stop_point:SP_1729,Poste de Ramonville,5
2308069,17:04:00,17:04:10,stop_point:SP_1884,Mairie Ramonville,6
2308069,17:05:00,17:05:10,stop_point:SP_2267,Pastourelles,7
2308069,17:07:00,17:07:10,stop_point:SP_5017,Floralies,8
2308069,17:09:00,17:09:10,stop_point:SP_5031,Suisse,9
2308069,17:10:00,17:10:10,stop_point:SP_1428,Château de Soule,10
2308069,17:11:00,17:11:10,stop_point:SP_2253,Tourterelles,11
2308069,17:12:00,17:12:10,stop_point:SP_1252,Coteaux,12
2308069,17:14:00,17:14:10,stop_point:SP_1652,Mairie Auzeville,13
2308069,17:14:00,17:14:10,stop_point:SP_590,Prat,14
2308069,17:15:00,17:15:10,stop_point:SP_1333,Mayrine,15
2308069,17:16:00,17:16:10,stop_point:SP_3189,Auzeville Eglise,16
2308070,17:15:00,17:15:10,stop_point:SP_5037,Université Paul Sabatier,1
2308070,17:17:00,17:17:10,stop_point:SP_515,Clotasses,2
2308070,17:18:00,17:18:10,stop_point:SP_3694,Parc St Agne,3
2308070,17:19:00,17:19:10,stop_point:SP_217,Lapeyrade,4
2308070,17:20:00,17:20:10,stop_point:SP_1729,Poste de Ramonville,5
2308070,17:21:00,17:21:10,stop_point:SP_1884,Mairie Ramonville,6
2308070,17:22:00,17:22:10,stop_point:SP_2267,Pastourelles,7
2308070,17:24:00,17:24:10,stop_point:SP_5017,Floralies,8
2308070,17:26:00,17:26:10,stop_point:SP_5031,Suisse,9
2308070,17:27:00,17:27:10,stop_point:SP_1428,Château de Soule,10
2308070,17:28:00,17:28:10,stop_point:SP_2253,Tourterelles,11
2308070,17:29:00,17:29:10,stop_point:SP_1252,Coteaux,12
2308070,17:31:00,17:31:10,stop_point:SP_1652,Mairie Auzeville,13
2308070,17:31:00,17:31:10,stop_point:SP_590,Prat,14
2308070,17:32:00,17:32:10,stop_point:SP_1333,Mayrine,15
2308070,17:33:00,17:33:10,stop_point:SP_3189,Auzeville Eglise,16
2308071,17:32:00,17:32:10,stop_point:SP_5037,Université Paul Sabatier,1
2308071,17:34:00,17:34:10,stop_point:SP_515,Clotasses,2
2308071,17:35:00,17:35:10,stop_point:SP_3694,Parc St Agne,3
2308071,17:37:00,17:37:10,stop_point:SP_217,Lapeyrade,4
2308071,17:38:00,17:38:10,stop_point:SP_1729,Poste de Ramonville,5
2308071,17:39:00,17:39:10,stop_point:SP_1884,Mairie Ramonville,6
2308071,17:40:00,17:40:10,stop_point:SP_2267,Pastourelles,7
2308071,17:42:00,17:42:10,stop_point:SP_5017,Floralies,8
2308071,17:44:00,17:44:10,stop_point:SP_5031,Suisse,9
2308071,17:45:00,17:45:10,stop_point:SP_1428,Château de Soule,10
2308071,17:46:00,17:46:10,stop_point:SP_2253,Tourterelles,11
2308071,17:47:00,17:47:10,stop_point:SP_1252,Coteaux,12
2308071,17:49:00,17:49:10,stop_point:SP_1652,Mairie Auzeville,13
2308071,17:49:00,17:49:10,stop_point:SP_590,Prat,14
2308071,17:50:00,17:50:10,stop_point:SP_1333,Mayrine,15
2308071,17:51:00,17:51:10,stop_point:SP_3189,Auzeville Eglise,16
2308072,17:49:00,17:49:10,stop_point:SP_5037,Université Paul Sabatier,1
2308072,17:51:00,17:51:10,stop_point:SP_515,Clotasses,2
2308072,17:52:00,17:52:10,stop_point:SP_3694,Parc St Agne,3
2308072,17:54:00,17:54:10,stop_point:SP_217,Lapeyrade,4
2308072,17:55:00,17:55:10,stop_point:SP_1729,Poste de Ramonville,5
2308072,17:56:00,17:56:10,stop_point:SP_1884,Mairie Ramonville,6
2308072,17:57:00,17:57:10,stop_point:SP_2267,Pastourelles,7
2308072,17:59:00,17:59:10,stop_point:SP_5017,Floralies,8
2308072,18:01:00,18:01:10,stop_point:SP_5031,Suisse,9
2308072,18:02:00,18:02:10,stop_point:SP_1428,Château de Soule,10
2308072,18:03:00,18:03:10,stop_point:SP_2253,Tourterelles,11
2308072,18:04:00,18:04:10,stop_point:SP_1252,Coteaux,12
2308072,18:06:00,18:06:10,stop_point:SP_1652,Mairie Auzeville,13
2308072,18:06:00,18:06:10,stop_point:SP_590,Prat,14
2308072,18:07:00,18:07:10,stop_point:SP_1333,Mayrine,15
2308072,18:08:00,18:08:10,stop_point:SP_3189,Auzeville Eglise,16
2308073,18:07:00,18:07:10,stop_point:SP_5037,Université Paul Sabatier,1
2308073,18:09:00,18:09:10,stop_point:SP_515,Clotasses,2
2308073,18:10:00,18:10:10,stop_point:SP_3694,Parc St Agne,3
2308073,18:11:00,18:11:10,stop_point:SP_217,Lapeyrade,4
2308073,18:12:00,18:12:10,stop_point:SP_1729,Poste de Ramonville,5
2308073,18:13:00,18:13:10,stop_point:SP_1884,Mairie Ramonville,6
2308073,18:14:00,18:14:10,stop_point:SP_2267,Pastourelles,7
2308073,18:16:00,18:16:10,stop_point:SP_5017,Floralies,8
2308073,18:18:00,18:18:10,stop_point:SP_5031,Suisse,9
2308073,18:19:00,18:19:10,stop_point:SP_1428,Château de Soule,10
2308073,18:20:00,18:20:10,stop_point:SP_2253,Tourterelles,11
2308073,18:21:00,18:21:10,stop_point:SP_1252,Coteaux,12
2308073,18:22:00,18:22:10,stop_point:SP_1652,Mairie Auzeville,13
2308073,18:23:00,18:23:10,stop_point:SP_590,Prat,14
2308073,18:23:00,18:23:10,stop_point:SP_1333,Mayrine,15
2308073,18:24:00,18:24:10,stop_point:SP_3189,Auzeville Eglise,16
2308074,18:27:00,18:27:10,stop_point:SP_5037,Université Paul Sabatier,1
2308074,18:29:00,18:29:10,stop_point:SP_515,Clotasses,2
2308074,18:30:00,18:30:10,stop_point:SP_3694,Parc St Agne,3
2308074,18:31:00,18:31:10,stop_point:SP_217,Lapeyrade,4
2308074,18:32:00,18:32:10,stop_point:SP_1729,Poste de Ramonville,5
2308074,18:33:00,18:33:10,stop_point:SP_1884,Mairie Ramonville,6
2308074,18:34:00,18:34:10,stop_point:SP_2267,Pastourelles,7
2308074,18:36:00,18:36:10,stop_point:SP_5017,Floralies,8
2308074,18:38:00,18:38:10,stop_point:SP_5031,Suisse,9
2308074,18:39:00,18:39:10,stop_point:SP_1428,Château de Soule,10
2308074,18:40:00,18:40:10,stop_point:SP_2253,Tourterelles,11
2308074,18:41:00,18:41:10,stop_point:SP_1252,Coteaux,12
2308074,18:42:00,18:42:10,stop_point:SP_1652,Mairie Auzeville,13
2308074,18:43:00,18:43:10,stop_point:SP_590,Prat,14
2308074,18:43:00,18:43:10,stop_point:SP_1333,Mayrine,15
2308074,18:44:00,18:44:10,stop_point:SP_3189,Auzeville Eglise,16
2308075,18:47:00,18:47:10,stop_point:SP_5037,Université Paul Sabatier,1
2308075,18:49:00,18:49:10,stop_point:SP_515,Clotasses,2
2308075,18:50:00,18:50:10,stop_point:SP_3694,Parc St Agne,3
2308075,18:51:00,18:51:10,stop_point:SP_217,Lapeyrade,4
2308075,18:52:00,18:52:10,stop_point:SP_1729,Poste de Ramonville,5
2308075,18:53:00,18:53:10,stop_point:SP_1884,Mairie Ramonville,6
2308075,18:54:00,18:54:10,stop_point:SP_2267,Pastourelles,7
2308075,18:56:00,18:56:10,stop_point:SP_5017,Floralies,8
2308075,18:57:00,18:57:10,stop_point:SP_5031,Suisse,9
2308075,18:58:00,18:58:10,stop_point:SP_1428,Château de Soule,10
2308075,18:59:00,18:59:10,stop_point:SP_2253,Tourterelles,11
2308075,19:00:00,19:00:10,stop_point:SP_1252,Coteaux,12
2308075,19:01:00,19:01:10,stop_point:SP_1652,Mairie Auzeville,13
2308075,19:02:00,19:02:10,stop_point:SP_590,Prat,14
2308075,19:02:00,19:02:10,stop_point:SP_1333,Mayrine,15
2308075,19:03:00,19:03:10,stop_point:SP_3189,Auzeville Eglise,16
2308076,19:15:00,19:15:10,stop_point:SP_5037,Université Paul Sabatier,1
2308076,19:17:00,19:17:10,stop_point:SP_515,Clotasses,2
2308076,19:18:00,19:18:10,stop_point:SP_3694,Parc St Agne,3
2308076,19:19:00,19:19:10,stop_point:SP_217,Lapeyrade,4
2308076,19:20:00,19:20:10,stop_point:SP_1729,Poste de Ramonville,5
2308076,19:21:00,19:21:10,stop_point:SP_1884,Mairie Ramonville,6
2308076,19:22:00,19:22:10,stop_point:SP_2267,Pastourelles,7
2308076,19:24:00,19:24:10,stop_point:SP_5017,Floralies,8
2308076,19:25:00,19:25:10,stop_point:SP_5031,Suisse,9
2308076,19:26:00,19:26:10,stop_point:SP_1428,Château de Soule,10
2308076,19:27:00,19:27:10,stop_point:SP_2253,Tourterelles,11
2308076,19:28:00,19:28:10,stop_point:SP_1252,Coteaux,12
2308076,19:29:00,19:29:10,stop_point:SP_1652,Mairie Auzeville,13
2308076,19:30:00,19:30:10,stop_point:SP_590,Prat,14
2308076,19:30:00,19:30:10,stop_point:SP_1333,Mayrine,15
2308076,19:31:00,19:31:10,stop_point:SP_3189,Auzeville Eglise,16
2308077,19:45:00,19:45:10,stop_point:SP_5037,Université Paul Sabatier,1
2308077,19:47:00,19:47:10,stop_point:SP_515,Clotasses,2
2308077,19:48:00,19:48:10,stop_point:SP_3694,Parc St Agne,3
2308077,19:49:00,19:49:10,stop_point:SP_217,Lapeyrade,4
2308077,19:49:00,19:49:10,stop_point:SP_1729,Poste de Ramonville,5
2308077,19:50:00,19:50:10,stop_point:SP_1884,Mairie Ramonville,6
2308077,19:51:00,19:51:10,stop_point:SP_2267,Pastourelles,7
2308077,19:53:00,19:53:10,stop_point:SP_5017,Floralies,8
2308077,19:54:00,19:54:10,stop_point:SP_5031,Suisse,9
2308077,19:55:00,19:55:10,stop_point:SP_1428,Château de Soule,10
2308077,19:56:00,19:56:10,stop_point:SP_2253,Tourterelles,11
2308077,19:57:00,19:57:10,stop_point:SP_1252,Coteaux,12
2308077,19:58:00,19:58:10,stop_point:SP_1652,Mairie Auzeville,13
2308077,19:59:00,19:59:10,stop_point:SP_590,Prat,14
2308077,19:59:00,19:59:10,stop_point:SP_1333,Mayrine,15
2308077,20:00:00,20:00:10,stop_point:SP_3189,Auzeville Eglise,16
2308078,20:15:00,20:15:10,stop_point:SP_5037,Université Paul Sabatier,1
2308078,20:17:00,20:17:10,stop_point:SP_515,Clotasses,2
2308078,20:18:00,20:18:10,stop_point:SP_3694,Parc St Agne,3
2308078,20:19:00,20:19:10,stop_point:SP_217,Lapeyrade,4
2308078,20:19:00,20:19:10,stop_point:SP_1729,Poste de Ramonville,5
2308078,20:20:00,20:20:10,stop_point:SP_1884,Mairie Ramonville,6
2308078,20:21:00,20:21:10,stop_point:SP_2267,Pastourelles,7
2308078,20:23:00,20:23:10,stop_point:SP_5017,Floralies,8
2308078,20:24:00,20:24:10,stop_point:SP_5031,Suisse,9
2308078,20:25:00,20:25:10,stop_point:SP_1428,Château de Soule,10
2308078,20:26:00,20:26:10,stop_point:SP_2253,Tourterelles,11
2308078,20:27:00,20:27:10,stop_point:SP_1252,Coteaux,12
2308078,20:28:00,20:28:10,stop_point:SP_1652,Mairie Auzeville,13
2308078,20:29:00,20:29:10,stop_point:SP_590,Prat,14
2308078,20:29:00,20:29:10,stop_point:SP_1333,Mayrine,15
2308078,20:30:00,20:30:10,stop_point:SP_3189,Auzeville Eglise,16
2308079,20:45:00,20:45:10,stop_point:SP_5037,Université Paul Sabatier,1
2308079,20:47:00,20:47:10,stop_point:SP_515,Clotasses,2
2308079,20:48:00,20:48:10,stop_point:SP_3694,Parc St Agne,3
2308079,20:49:00,20:49:10,stop_point:SP_217,Lapeyrade,4
2308079,20:49:00,20:49:10,stop_point:SP_1729,Poste de Ramonville,5
2308079,20:50:00,20:50:10,stop_point:SP_1884,Mairie Ramonville,6
2308079,20:51:00,20:51:10,stop_point:SP_2267,Pastourelles,7
2308079,20:52:00,20:52:10,stop_point:SP_5017,Floralies,8
2308079,20:53:00,20:53:10,stop_point:SP_5031,Suisse,9
2308079,20:54:00,20:54:10,stop_point:SP_1428,Château de Soule,10
2308079,20:55:00,20:55:10,stop_point:SP_2253,Tourterelles,11
2308079,20:56:00,20:56:10,stop_point:SP_1252,Coteaux,12
2308079,20:57:00,20:57:10,stop_point:SP_1652,Mairie Auzeville,13
2308079,20:58:00,20:58:10,stop_point:SP_590,Prat,14
2308079,20:58:00,20:58:10,stop_point:SP_1333,Mayrine,15
2308079,20:59:00,20:59:10,stop_point:SP_3189,Auzeville Eglise,16
2308080,06:05:00,06:05:10,stop_point:SP_3189,Auzeville Eglise,1
2308080,06:06:00,06:06:10,stop_point:SP_1366,Mayrine,2
2308080,06:06:00,06:06:10,stop_point:SP_765,Prat,3
2308080,06:07:00,06:07:10,stop_point:SP_2796,Mairie Auzeville,4
2308080,06:07:00,06:07:10,stop_point:SP_693,Coteaux,5
2308080,06:08:00,06:08:10,stop_point:SP_1684,Tourterelles,6
2308080,06:09:00,06:09:10,stop_point:SP_1428,Château de Soule,7
2308080,06:10:00,06:10:10,stop_point:SP_762,Suisse,8
2308080,06:11:00,06:11:10,stop_point:SP_5018,Floralies,9
2308080,06:13:00,06:13:10,stop_point:SP_1367,Pastourelles,10
2308080,06:14:00,06:14:10,stop_point:SP_2179,Mairie Ramonville,11
2308080,06:15:00,06:15:10,stop_point:SP_3550,Poste de Ramonville,12
2308080,06:16:00,06:16:10,stop_point:SP_2158,Lapeyrade,13
2308080,06:17:00,06:17:10,stop_point:SP_1746,Parc St Agne,14
2308080,06:18:00,06:18:10,stop_point:SP_3941,Clotasses,15
2308080,06:21:00,06:21:10,stop_point:SP_5037,Université Paul Sabatier,16
2308081,06:21:00,06:21:10,stop_point:SP_3189,Auzeville Eglise,1
2308081,06:22:00,06:22:10,stop_point:SP_1366,Mayrine,2
2308081,06:22:00,06:22:10,stop_point:SP_765,Prat,3
2308081,06:23:00,06:23:10,stop_point:SP_2796,Mairie Auzeville,4
2308081,06:23:00,06:23:10,stop_point:SP_693,Coteaux,5
2308081,06:24:00,06:24:10,stop_point:SP_1684,Tourterelles,6
2308081,06:25:00,06:25:10,stop_point:SP_1428,Château de Soule,7
2308081,06:26:00,06:26:10,stop_point:SP_762,Suisse,8
2308081,06:27:00,06:27:10,stop_point:SP_5018,Floralies,9
2308081,06:30:00,06:30:10,stop_point:SP_1367,Pastourelles,10
2308081,06:31:00,06:31:10,stop_point:SP_2179,Mairie Ramonville,11
2308081,06:32:00,06:32:10,stop_point:SP_3550,Poste de Ramonville,12
2308081,06:33:00,06:33:10,stop_point:SP_2158,Lapeyrade,13
2308081,06:34:00,06:34:10,stop_point:SP_1746,Parc St Agne,14
2308081,06:35:00,06:35:10,stop_point:SP_3941,Clotasses,15
2308081,06:38:00,06:38:10,stop_point:SP_5037,Université Paul Sabatier,16
2308082,06:37:00,06:37:10,stop_point:SP_3189,Auzeville Eglise,1
2308082,06:38:00,06:38:10,stop_point:SP_1366,Mayrine,2
2308082,06:38:00,06:38:10,stop_point:SP_765,Prat,3
2308082,06:39:00,06:39:10,stop_point:SP_2796,Mairie Auzeville,4
2308082,06:39:00,06:39:10,stop_point:SP_693,Coteaux,5
2308082,06:40:00,06:40:10,stop_point:SP_1684,Tourterelles,6
2308082,06:41:00,06:41:10,stop_point:SP_1428,Château de Soule,7
2308082,06:42:00,06:42:10,stop_point:SP_762,Suisse,8
2308082,06:43:00,06:43:10,stop_point:SP_5018,Floralies,9
2308082,06:46:00,06:46:10,stop_point:SP_1367,Pastourelles,10
2308082,06:47:00,06:47:10,stop_point:SP_2179,Mairie Ramonville,11
2308082,06:48:00,06:48:10,stop_point:SP_3550,Poste de Ramonville,12
2308082,06:49:00,06:49:10,stop_point:SP_2158,Lapeyrade,13
2308082,06:50:00,06:50:10,stop_point:SP_1746,Parc St Agne,14
2308082,06:51:00,06:51:10,stop_point:SP_3941,Clotasses,15
2308082,06:54:00,06:54:10,stop_point:SP_5037,Université Paul Sabatier,16
2308083,06:49:00,06:49:10,stop_point:SP_3189,Auzeville Eglise,1
2308083,06:50:00,06:50:10,stop_point:SP_1366,Mayrine,2
2308083,06:50:00,06:50:10,stop_point:SP_765,Prat,3
2308083,06:51:00,06:51:10,stop_point:SP_2796,Mairie Auzeville,4
2308083,06:52:00,06:52:10,stop_point:SP_693,Coteaux,5
2308083,06:53:00,06:53:10,stop_point:SP_1684,Tourterelles,6
2308083,06:54:00,06:54:10,stop_point:SP_1428,Château de Soule,7
2308083,06:55:00,06:55:10,stop_point:SP_762,Suisse,8
2308083,06:57:00,06:57:10,stop_point:SP_5018,Floralies,9
2308083,07:00:00,07:00:10,stop_point:SP_1367,Pastourelles,10
2308083,07:01:00,07:01:10,stop_point:SP_2179,Mairie Ramonville,11
2308083,07:02:00,07:02:10,stop_point:SP_3550,Poste de Ramonville,12
2308083,07:03:00,07:03:10,stop_point:SP_2158,Lapeyrade,13
2308083,07:04:00,07:04:10,stop_point:SP_1746,Parc St Agne,14
2308083,07:05:00,07:05:10,stop_point:SP_3941,Clotasses,15
2308083,07:08:00,07:08:10,stop_point:SP_5037,Université Paul Sabatier,16
2308084,06:59:00,06:59:10,stop_point:SP_3189,Auzeville Eglise,1
2308084,07:00:00,07:00:10,stop_point:SP_1366,Mayrine,2
2308084,07:00:00,07:00:10,stop_point:SP_765,Prat,3
2308084,07:01:00,07:01:10,stop_point:SP_2796,Mairie Auzeville,4
2308084,07:02:00,07:02:10,stop_point:SP_693,Coteaux,5
2308084,07:03:00,07:03:10,stop_point:SP_1684,Tourterelles,6
2308084,07:04:00,07:04:10,stop_point:SP_1428,Château de Soule,7
2308084,07:05:00,07:05:10,stop_point:SP_762,Suisse,8
2308084,07:07:00,07:07:10,stop_point:SP_5018,Floralies,9
2308084,07:10:00,07:10:10,stop_point:SP_1367,Pastourelles,10
2308084,07:11:00,07:11:10,stop_point:SP_2179,Mairie Ramonville,11
2308084,07:12:00,07:12:10,stop_point:SP_3550,Poste de Ramonville,12
2308084,07:13:00,07:13:10,stop_point:SP_2158,Lapeyrade,13
2308084,07:14:00,07:14:10,stop_point:SP_1746,Parc St Agne,14
2308084,07:16:00,07:16:10,stop_point:SP_3941,Clotasses,15
2308084,07:19:00,07:19:10,stop_point:SP_5037,Université Paul Sabatier,16
2308085,07:07:00,07:07:10,stop_point:SP_3189,Auzeville Eglise,1
2308085,07:08:00,07:08:10,stop_point:SP_1366,Mayrine,2
2308085,07:08:00,07:08:10,stop_point:SP_765,Prat,3
2308085,07:09:00,07:09:10,stop_point:SP_2796,Mairie Auzeville,4
2308085,07:10:00,07:10:10,stop_point:SP_693,Coteaux,5
2308085,07:11:00,07:11:10,stop_point:SP_1684,Tourterelles,6
2308085,07:12:00,07:12:10,stop_point:SP_1428,Château de Soule,7
2308085,07:13:00,07:13:10,stop_point:SP_762,Suisse,8
2308085,07:15:00,07:15:10,stop_point:SP_5018,Floralies,9
2308085,07:18:00,07:18:10,stop_point:SP_1367,Pastourelles,10
2308085,07:19:00,07:19:10,stop_point:SP_2179,Mairie Ramonville,11
2308085,07:20:00,07:20:10,stop_point:SP_3550,Poste de Ramonville,12
2308085,07:21:00,07:21:10,stop_point:SP_2158,Lapeyrade,13
2308085,07:22:00,07:22:10,stop_point:SP_1746,Parc St Agne,14
2308085,07:24:00,07:24:10,stop_point:SP_3941,Clotasses,15
2308085,07:27:00,07:27:10,stop_point:SP_5037,Université Paul Sabatier,16
2308086,07:27:00,07:27:10,stop_point:SP_3189,Auzeville Eglise,1
2308086,07:28:00,07:28:10,stop_point:SP_1366,Mayrine,2
2308086,07:29:00,07:29:10,stop_point:SP_765,Prat,3
2308086,07:30:00,07:30:10,stop_point:SP_2796,Mairie Auzeville,4
2308086,07:31:00,07:31:10,stop_point:SP_693,Coteaux,5
2308086,07:32:00,07:32:10,stop_point:SP_1684,Tourterelles,6
2308086,07:33:00,07:33:10,stop_point:SP_1428,Château de Soule,7
2308086,07:35:00,07:35:10,stop_point:SP_762,Suisse,8
2308086,07:37:00,07:37:10,stop_point:SP_5018,Floralies,9
2308086,07:40:00,07:40:10,stop_point:SP_1367,Pastourelles,10
2308086,07:41:00,07:41:10,stop_point:SP_2179,Mairie Ramonville,11
2308086,07:42:00,07:42:10,stop_point:SP_3550,Poste de Ramonville,12
2308086,07:43:00,07:43:10,stop_point:SP_2158,Lapeyrade,13
2308086,07:44:00,07:44:10,stop_point:SP_1746,Parc St Agne,14
2308086,07:46:00,07:46:10,stop_point:SP_3941,Clotasses,15
2308086,07:49:00,07:49:10,stop_point:SP_5037,Université Paul Sabatier,16
2308087,07:47:00,07:47:10,stop_point:SP_3189,Auzeville Eglise,1
2308087,07:48:00,07:48:10,stop_point:SP_1366,Mayrine,2
2308087,07:49:00,07:49:10,stop_point:SP_765,Prat,3
2308087,07:50:00,07:50:10,stop_point:SP_2796,Mairie Auzeville,4
2308087,07:51:00,07:51:10,stop_point:SP_693,Coteaux,5
2308087,07:52:00,07:52:10,stop_point:SP_1684,Tourterelles,6
2308087,07:53:00,07:53:10,stop_point:SP_1428,Château de Soule,7
2308087,07:55:00,07:55:10,stop_point:SP_762,Suisse,8
2308087,07:57:00,07:57:10,stop_point:SP_5018,Floralies,9
2308087,08:00:00,08:00:10,stop_point:SP_1367,Pastourelles,10
2308087,08:01:00,08:01:10,stop_point:SP_2179,Mairie Ramonville,11
2308087,08:02:00,08:02:10,stop_point:SP_3550,Poste de Ramonville,12
2308087,08:03:00,08:03:10,stop_point:SP_2158,Lapeyrade,13
2308087,08:04:00,08:04:10,stop_point:SP_1746,Parc St Agne,14
2308087,08:06:00,08:06:10,stop_point:SP_3941,Clotasses,15
2308087,08:09:00,08:09:10,stop_point:SP_5037,Université Paul Sabatier,16
2308088,07:57:00,07:57:10,stop_point:SP_3189,Auzeville Eglise,1
2308088,07:58:00,07:58:10,stop_point:SP_1366,Mayrine,2
2308088,07:58:00,07:58:10,stop_point:SP_765,Prat,3
2308088,07:59:00,07:59:10,stop_point:SP_2796,Mairie Auzeville,4
2308088,08:00:00,08:00:10,stop_point:SP_693,Coteaux,5
2308088,08:01:00,08:01:10,stop_point:SP_1684,Tourterelles,6
2308088,08:02:00,08:02:10,stop_point:SP_1428,Château de Soule,7
2308088,08:04:00,08:04:10,stop_point:SP_762,Suisse,8
2308088,08:06:00,08:06:10,stop_point:SP_5018,Floralies,9
2308088,08:09:00,08:09:10,stop_point:SP_1367,Pastourelles,10
2308088,08:10:00,08:10:10,stop_point:SP_2179,Mairie Ramonville,11
2308088,08:11:00,08:11:10,stop_point:SP_3550,Poste de Ramonville,12
2308088,08:12:00,08:12:10,stop_point:SP_2158,Lapeyrade,13
2308088,08:13:00,08:13:10,stop_point:SP_1746,Parc St Agne,14
2308088,08:15:00,08:15:10,stop_point:SP_3941,Clotasses,15
2308088,08:18:00,08:18:10,stop_point:SP_5037,Université Paul Sabatier,16
2308089,08:10:00,08:10:10,stop_point:SP_3189,Auzeville Eglise,1
2308089,08:11:00,08:11:10,stop_point:SP_1366,Mayrine,2
2308089,08:11:00,08:11:10,stop_point:SP_765,Prat,3
2308089,08:12:00,08:12:10,stop_point:SP_2796,Mairie Auzeville,4
2308089,08:13:00,08:13:10,stop_point:SP_693,Coteaux,5
2308089,08:14:00,08:14:10,stop_point:SP_1684,Tourterelles,6
2308089,08:15:00,08:15:10,stop_point:SP_1428,Château de Soule,7
2308089,08:17:00,08:17:10,stop_point:SP_762,Suisse,8
2308089,08:19:00,08:19:10,stop_point:SP_5018,Floralies,9
2308089,08:22:00,08:22:10,stop_point:SP_1367,Pastourelles,10
2308089,08:23:00,08:23:10,stop_point:SP_2179,Mairie Ramonville,11
2308089,08:24:00,08:24:10,stop_point:SP_3550,Poste de Ramonville,12
2308089,08:25:00,08:25:10,stop_point:SP_2158,Lapeyrade,13
2308089,08:26:00,08:26:10,stop_point:SP_1746,Parc St Agne,14
2308089,08:28:00,08:28:10,stop_point:SP_3941,Clotasses,15
2308089,08:31:00,08:31:10,stop_point:SP_5037,Université Paul Sabatier,16
2308090,08:25:00,08:25:10,stop_point:SP_3189,Auzeville Eglise,1
2308090,08:26:00,08:26:10,stop_point:SP_1366,Mayrine,2
2308090,08:26:00,08:26:10,stop_point:SP_765,Prat,3
2308090,08:27:00,08:27:10,stop_point:SP_2796,Mairie Auzeville,4
2308090,08:28:00,08:28:10,stop_point:SP_693,Coteaux,5
2308090,08:29:00,08:29:10,stop_point:SP_1684,Tourterelles,6
2308090,08:30:00,08:30:10,stop_point:SP_1428,Château de Soule,7
2308090,08:32:00,08:32:10,stop_point:SP_762,Suisse,8
2308090,08:34:00,08:34:10,stop_point:SP_5018,Floralies,9
2308090,08:37:00,08:37:10,stop_point:SP_1367,Pastourelles,10
2308090,08:38:00,08:38:10,stop_point:SP_2179,Mairie Ramonville,11
2308090,08:39:00,08:39:10,stop_point:SP_3550,Poste de Ramonville,12
2308090,08:40:00,08:40:10,stop_point:SP_2158,Lapeyrade,13
2308090,08:41:00,08:41:10,stop_point:SP_1746,Parc St Agne,14
2308090,08:43:00,08:43:10,stop_point:SP_3941,Clotasses,15
2308090,08:46:00,08:46:10,stop_point:SP_5037,Université Paul Sabatier,16
2308091,08:42:00,08:42:10,stop_point:SP_3189,Auzeville Eglise,1
2308091,08:43:00,08:43:10,stop_point:SP_1366,Mayrine,2
2308091,08:43:00,08:43:10,stop_point:SP_765,Prat,3
2308091,08:44:00,08:44:10,stop_point:SP_2796,Mairie Auzeville,4
2308091,08:45:00,08:45:10,stop_point:SP_693,Coteaux,5
2308091,08:46:00,08:46:10,stop_point:SP_1684,Tourterelles,6
2308091,08:47:00,08:47:10,stop_point:SP_1428,Château de Soule,7
2308091,08:49:00,08:49:10,stop_point:SP_762,Suisse,8
2308091,08:51:00,08:51:10,stop_point:SP_5018,Floralies,9
2308091,08:54:00,08:54:10,stop_point:SP_1367,Pastourelles,10
2308091,08:55:00,08:55:10,stop_point:SP_2179,Mairie Ramonville,11
2308091,08:56:00,08:56:10,stop_point:SP_3550,Poste de Ramonville,12
2308091,08:57:00,08:57:10,stop_point:SP_2158,Lapeyrade,13
2308091,08:58:00,08:58:10,stop_point:SP_1746,Parc St Agne,14
2308091,08:59:00,08:59:10,stop_point:SP_3941,Clotasses,15
2308091,09:02:00,09:02:10,stop_point:SP_5037,Université Paul Sabatier,16
2308092,09:01:00,09:01:10,stop_point:SP_3189,Auzeville Eglise,1
2308092,09:02:00,09:02:10,stop_point:SP_1366,Mayrine,2
2308092,09:02:00,09:02:10,stop_point:SP_765,Prat,3
2308092,09:03:00,09:03:10,stop_point:SP_2796,Mairie Auzeville,4
2308092,09:04:00,09:04:10,stop_point:SP_693,Coteaux,5
2308092,09:05:00,09:05:10,stop_point:SP_1684,Tourterelles,6
2308092,09:06:00,09:06:10,stop_point:SP_1428,Château de Soule,7
2308092,09:07:00,09:07:10,stop_point:SP_762,Suisse,8
2308092,09:09:00,09:09:10,stop_point:SP_5018,Floralies,9
2308092,09:12:00,09:12:10,stop_point:SP_1367,Pastourelles,10
2308092,09:13:00,09:13:10,stop_point:SP_2179,Mairie Ramonville,11
2308092,09:14:00,09:14:10,stop_point:SP_3550,Poste de Ramonville,12
2308092,09:15:00,09:15:10,stop_point:SP_2158,Lapeyrade,13
2308092,09:16:00,09:16:10,stop_point:SP_1746,Parc St Agne,14
2308092,09:17:00,09:17:10,stop_point:SP_3941,Clotasses,15
2308092,09:20:00,09:20:10,stop_point:SP_5037,Université Paul Sabatier,16
2308093,09:20:00,09:20:10,stop_point:SP_3189,Auzeville Eglise,1
2308093,09:21:00,09:21:10,stop_point:SP_1366,Mayrine,2
2308093,09:21:00,09:21:10,stop_point:SP_765,Prat,3
2308093,09:22:00,09:22:10,stop_point:SP_2796,Mairie Auzeville,4
2308093,09:23:00,09:23:10,stop_point:SP_693,Coteaux,5
2308093,09:24:00,09:24:10,stop_point:SP_1684,Tourterelles,6
2308093,09:25:00,09:25:10,stop_point:SP_1428,Château de Soule,7
2308093,09:26:00,09:26:10,stop_point:SP_762,Suisse,8
2308093,09:28:00,09:28:10,stop_point:SP_5018,Floralies,9
2308093,09:31:00,09:31:10,stop_point:SP_1367,Pastourelles,10
2308093,09:32:00,09:32:10,stop_point:SP_2179,Mairie Ramonville,11
2308093,09:33:00,09:33:10,stop_point:SP_3550,Poste de Ramonville,12
2308093,09:34:00,09:34:10,stop_point:SP_2158,Lapeyrade,13
2308093,09:35:00,09:35:10,stop_point:SP_1746,Parc St Agne,14
2308093,09:36:00,09:36:10,stop_point:SP_3941,Clotasses,15
2308093,09:39:00,09:39:10,stop_point:SP_5037,Université Paul Sabatier,16
2308094,09:44:00,09:44:10,stop_point:SP_3189,Auzeville Eglise,1
2308094,09:45:00,09:45:10,stop_point:SP_1366,Mayrine,2
2308094,09:45:00,09:45:10,stop_point:SP_765,Prat,3
2308094,09:46:00,09:46:10,stop_point:SP_2796,Mairie Auzeville,4
2308094,09:47:00,09:47:10,stop_point:SP_693,Coteaux,5
2308094,09:48:00,09:48:10,stop_point:SP_1684,Tourterelles,6
2308094,09:49:00,09:49:10,stop_point:SP_1428,Château de Soule,7
2308094,09:50:00,09:50:10,stop_point:SP_762,Suisse,8
2308094,09:52:00,09:52:10,stop_point:SP_5018,Floralies,9
2308094,09:55:00,09:55:10,stop_point:SP_1367,Pastourelles,10
2308094,09:56:00,09:56:10,stop_point:SP_2179,Mairie Ramonville,11
2308094,09:57:00,09:57:10,stop_point:SP_3550,Poste de Ramonville,12
2308094,09:58:00,09:58:10,stop_point:SP_2158,Lapeyrade,13
2308094,09:59:00,09:59:10,stop_point:SP_1746,Parc St Agne,14
2308094,10:00:00,10:00:10,stop_point:SP_3941,Clotasses,15
2308094,10:03:00,10:03:10,stop_point:SP_5037,Université Paul Sabatier,16
2308095,10:14:00,10:14:10,stop_point:SP_3189,Auzeville Eglise,1
2308095,10:15:00,10:15:10,stop_point:SP_1366,Mayrine,2
2308095,10:15:00,10:15:10,stop_point:SP_765,Prat,3
2308095,10:16:00,10:16:10,stop_point:SP_2796,Mairie Auzeville,4
2308095,10:17:00,10:17:10,stop_point:SP_693,Coteaux,5
2308095,10:18:00,10:18:10,stop_point:SP_1684,Tourterelles,6
2308095,10:19:00,10:19:10,stop_point:SP_1428,Château de Soule,7
2308095,10:20:00,10:20:10,stop_point:SP_762,Suisse,8
2308095,10:22:00,10:22:10,stop_point:SP_5018,Floralies,9
2308095,10:25:00,10:25:10,stop_point:SP_1367,Pastourelles,10
2308095,10:26:00,10:26:10,stop_point:SP_2179,Mairie Ramonville,11
2308095,10:27:00,10:27:10,stop_point:SP_3550,Poste de Ramonville,12
2308095,10:28:00,10:28:10,stop_point:SP_2158,Lapeyrade,13
2308095,10:29:00,10:29:10,stop_point:SP_1746,Parc St Agne,14
2308095,10:30:00,10:30:10,stop_point:SP_3941,Clotasses,15
2308095,10:33:00,10:33:10,stop_point:SP_5037,Université Paul Sabatier,16
2308096,10:44:00,10:44:10,stop_point:SP_3189,Auzeville Eglise,1
2308096,10:45:00,10:45:10,stop_point:SP_1366,Mayrine,2
2308096,10:45:00,10:45:10,stop_point:SP_765,Prat,3
2308096,10:46:00,10:46:10,stop_point:SP_2796,Mairie Auzeville,4
2308096,10:47:00,10:47:10,stop_point:SP_693,Coteaux,5
2308096,10:48:00,10:48:10,stop_point:SP_1684,Tourterelles,6
2308096,10:49:00,10:49:10,stop_point:SP_1428,Château de Soule,7
2308096,10:50:00,10:50:10,stop_point:SP_762,Suisse,8
2308096,10:52:00,10:52:10,stop_point:SP_5018,Floralies,9
2308096,10:55:00,10:55:10,stop_point:SP_1367,Pastourelles,10
2308096,10:56:00,10:56:10,stop_point:SP_2179,Mairie Ramonville,11
2308096,10:57:00,10:57:10,stop_point:SP_3550,Poste de Ramonville,12
2308096,10:58:00,10:58:10,stop_point:SP_2158,Lapeyrade,13
2308096,10:59:00,10:59:10,stop_point:SP_1746,Parc St Agne,14
2308096,11:00:00,11:00:10,stop_point:SP_3941,Clotasses,15
2308096,11:03:00,11:03:10,stop_point:SP_5037,Université Paul Sabatier,16
2308097,11:14:00,11:14:10,stop_point:SP_3189,Auzeville Eglise,1
2308097,11:15:00,11:15:10,stop_point:SP_1366,Mayrine,2
2308097,11:15:00,11:15:10,stop_point:SP_765,Prat,3
2308097,11:16:00,11:16:10,stop_point:SP_2796,Mairie Auzeville,4
2308097,11:17:00,11:17:10,stop_point:SP_693,Coteaux,5
2308097,11:18:00,11:18:10,stop_point:SP_1684,Tourterelles,6
2308097,11:19:00,11:19:10,stop_point:SP_1428,Château de Soule,7
2308097,11:20:00,11:20:10,stop_point:SP_762,Suisse,8
2308097,11:22:00,11:22:10,stop_point:SP_5018,Floralies,9
2308097,11:25:00,11:25:10,stop_point:SP_1367,Pastourelles,10
2308097,11:26:00,11:26:10,stop_point:SP_2179,Mairie Ramonville,11
2308097,11:27:00,11:27:10,stop_point:SP_3550,Poste de Ramonville,12
2308097,11:28:00,11:28:10,stop_point:SP_2158,Lapeyrade,13
2308097,11:29:00,11:29:10,stop_point:SP_1746,Parc St Agne,14
2308097,11:30:00,11:30:10,stop_point:SP_3941,Clotasses,15
2308097,11:33:00,11:33:10,stop_point:SP_5037,Université Paul Sabatier,16
2308098,11:45:00,11:45:10,stop_point:SP_3189,Auzeville Eglise,1
2308098,11:46:00,11:46:10,stop_point:SP_1366,Mayrine,2
2308098,11:46:00,11:46:10,stop_point:SP_765,Prat,3
2308098,11:47:00,11:47:10,stop_point:SP_2796,Mairie Auzeville,4
2308098,11:48:00,11:48:10,stop_point:SP_693,Coteaux,5
2308098,11:49:00,11:49:10,stop_point:SP_1684,Tourterelles,6
2308098,11:50:00,11:50:10,stop_point:SP_1428,Château de Soule,7
2308098,11:51:00,11:51:10,stop_point:SP_762,Suisse,8
2308098,11:53:00,11:53:10,stop_point:SP_5018,Floralies,9
2308098,11:56:00,11:56:10,stop_point:SP_1367,Pastourelles,10
2308098,11:57:00,11:57:10,stop_point:SP_2179,Mairie Ramonville,11
2308098,11:58:00,11:58:10,stop_point:SP_3550,Poste de Ramonville,12
2308098,11:59:00,11:59:10,stop_point:SP_2158,Lapeyrade,13
2308098,12:00:00,12:00:10,stop_point:SP_1746,Parc St Agne,14
2308098,12:01:00,12:01:10,stop_point:SP_3941,Clotasses,15
2308098,12:04:00,12:04:10,stop_point:SP_5037,Université Paul Sabatier,16
2308099,12:16:00,12:16:10,stop_point:SP_3189,Auzeville Eglise,1
2308099,12:17:00,12:17:10,stop_point:SP_1366,Mayrine,2
2308099,12:17:00,12:17:10,stop_point:SP_765,Prat,3
2308099,12:18:00,12:18:10,stop_point:SP_2796,Mairie Auzeville,4
2308099,12:19:00,12:19:10,stop_point:SP_693,Coteaux,5
2308099,12:20:00,12:20:10,stop_point:SP_1684,Tourterelles,6
2308099,12:21:00,12:21:10,stop_point:SP_1428,Château de Soule,7
2308099,12:22:00,12:22:10,stop_point:SP_762,Suisse,8
2308099,12:23:00,12:23:10,stop_point:SP_5018,Floralies,9
2308099,12:26:00,12:26:10,stop_point:SP_1367,Pastourelles,10
2308099,12:27:00,12:27:10,stop_point:SP_2179,Mairie Ramonville,11
2308099,12:28:00,12:28:10,stop_point:SP_3550,Poste de Ramonville,12
2308099,12:29:00,12:29:10,stop_point:SP_2158,Lapeyrade,13
2308099,12:30:00,12:30:10,stop_point:SP_1746,Parc St Agne,14
2308099,12:31:00,12:31:10,stop_point:SP_3941,Clotasses,15
2308099,12:34:00,12:34:10,stop_point:SP_5037,Université Paul Sabatier,16
2308100,12:47:00,12:47:10,stop_point:SP_3189,Auzeville Eglise,1
2308100,12:48:00,12:48:10,stop_point:SP_1366,Mayrine,2
2308100,12:48:00,12:48:10,stop_point:SP_765,Prat,3
2308100,12:49:00,12:49:10,stop_point:SP_2796,Mairie Auzeville,4
2308100,12:50:00,12:50:10,stop_point:SP_693,Coteaux,5
2308100,12:51:00,12:51:10,stop_point:SP_1684,Tourterelles,6
2308100,12:52:00,12:52:10,stop_point:SP_1428,Château de Soule,7
2308100,12:53:00,12:53:10,stop_point:SP_762,Suisse,8
2308100,12:54:00,12:54:10,stop_point:SP_5018,Floralies,9
2308100,12:57:00,12:57:10,stop_point:SP_1367,Pastourelles,10
2308100,12:58:00,12:58:10,stop_point:SP_2179,Mairie Ramonville,11
2308100,12:59:00,12:59:10,stop_point:SP_3550,Poste de Ramonville,12
2308100,13:00:00,13:00:10,stop_point:SP_2158,Lapeyrade,13
2308100,13:01:00,13:01:10,stop_point:SP_1746,Parc St Agne,14
2308100,13:02:00,13:02:10,stop_point:SP_3941,Clotasses,15
2308100,13:05:00,13:05:10,stop_point:SP_5037,Université Paul Sabatier,16
2308101,13:18:00,13:18:10,stop_point:SP_3189,Auzeville Eglise,1
2308101,13:19:00,13:19:10,stop_point:SP_1366,Mayrine,2
2308101,13:19:00,13:19:10,stop_point:SP_765,Prat,3
2308101,13:20:00,13:20:10,stop_point:SP_2796,Mairie Auzeville,4
2308101,13:21:00,13:21:10,stop_point:SP_693,Coteaux,5
2308101,13:22:00,13:22:10,stop_point:SP_1684,Tourterelles,6
2308101,13:23:00,13:23:10,stop_point:SP_1428,Château de Soule,7
2308101,13:24:00,13:24:10,stop_point:SP_762,Suisse,8
2308101,13:26:00,13:26:10,stop_point:SP_5018,Floralies,9
2308101,13:29:00,13:29:10,stop_point:SP_1367,Pastourelles,10
2308101,13:30:00,13:30:10,stop_point:SP_2179,Mairie Ramonville,11
2308101,13:31:00,13:31:10,stop_point:SP_3550,Poste de Ramonville,12
2308101,13:32:00,13:32:10,stop_point:SP_2158,Lapeyrade,13
2308101,13:33:00,13:33:10,stop_point:SP_1746,Parc St Agne,14
2308101,13:35:00,13:35:10,stop_point:SP_3941,Clotasses,15
2308101,13:38:00,13:38:10,stop_point:SP_5037,Université Paul Sabatier,16
2308102,13:48:00,13:48:10,stop_point:SP_3189,Auzeville Eglise,1
2308102,13:49:00,13:49:10,stop_point:SP_1366,Mayrine,2
2308102,13:49:00,13:49:10,stop_point:SP_765,Prat,3
2308102,13:50:00,13:50:10,stop_point:SP_2796,Mairie Auzeville,4
2308102,13:51:00,13:51:10,stop_point:SP_693,Coteaux,5
2308102,13:52:00,13:52:10,stop_point:SP_1684,Tourterelles,6
2308102,13:53:00,13:53:10,stop_point:SP_1428,Château de Soule,7
2308102,13:54:00,13:54:10,stop_point:SP_762,Suisse,8
2308102,13:56:00,13:56:10,stop_point:SP_5018,Floralies,9
2308102,13:59:00,13:59:10,stop_point:SP_1367,Pastourelles,10
2308102,14:00:00,14:00:10,stop_point:SP_2179,Mairie Ramonville,11
2308102,14:01:00,14:01:10,stop_point:SP_3550,Poste de Ramonville,12
2308102,14:02:00,14:02:10,stop_point:SP_2158,Lapeyrade,13
2308102,14:03:00,14:03:10,stop_point:SP_1746,Parc St Agne,14
2308102,14:05:00,14:05:10,stop_point:SP_3941,Clotasses,15
2308102,14:08:00,14:08:10,stop_point:SP_5037,Université Paul Sabatier,16
2308103,14:23:00,14:23:10,stop_point:SP_3189,Auzeville Eglise,1
2308103,14:24:00,14:24:10,stop_point:SP_1366,Mayrine,2
2308103,14:24:00,14:24:10,stop_point:SP_765,Prat,3
2308103,14:25:00,14:25:10,stop_point:SP_2796,Mairie Auzeville,4
2308103,14:26:00,14:26:10,stop_point:SP_693,Coteaux,5
2308103,14:27:00,14:27:10,stop_point:SP_1684,Tourterelles,6
2308103,14:28:00,14:28:10,stop_point:SP_1428,Château de Soule,7
2308103,14:29:00,14:29:10,stop_point:SP_762,Suisse,8
2308103,14:31:00,14:31:10,stop_point:SP_5018,Floralies,9
2308103,14:34:00,14:34:10,stop_point:SP_1367,Pastourelles,10
2308103,14:35:00,14:35:10,stop_point:SP_2179,Mairie Ramonville,11
2308103,14:36:00,14:36:10,stop_point:SP_3550,Poste de Ramonville,12
2308103,14:37:00,14:37:10,stop_point:SP_2158,Lapeyrade,13
2308103,14:38:00,14:38:10,stop_point:SP_1746,Parc St Agne,14
2308103,14:40:00,14:40:10,stop_point:SP_3941,Clotasses,15
2308103,14:43:00,14:43:10,stop_point:SP_5037,Université Paul Sabatier,16
2308104,14:58:00,14:58:10,stop_point:SP_3189,Auzeville Eglise,1
2308104,14:59:00,14:59:10,stop_point:SP_1366,Mayrine,2
2308104,14:59:00,14:59:10,stop_point:SP_765,Prat,3
2308104,15:00:00,15:00:10,stop_point:SP_2796,Mairie Auzeville,4
2308104,15:01:00,15:01:10,stop_point:SP_693,Coteaux,5
2308104,15:02:00,15:02:10,stop_point:SP_1684,Tourterelles,6
2308104,15:03:00,15:03:10,stop_point:SP_1428,Château de Soule,7
2308104,15:04:00,15:04:10,stop_point:SP_762,Suisse,8
2308104,15:06:00,15:06:10,stop_point:SP_5018,Floralies,9
2308104,15:09:00,15:09:10,stop_point:SP_1367,Pastourelles,10
2308104,15:10:00,15:10:10,stop_point:SP_2179,Mairie Ramonville,11
2308104,15:11:00,15:11:10,stop_point:SP_3550,Poste de Ramonville,12
2308104,15:12:00,15:12:10,stop_point:SP_2158,Lapeyrade,13
2308104,15:13:00,15:13:10,stop_point:SP_1746,Parc St Agne,14
2308104,15:15:00,15:15:10,stop_point:SP_3941,Clotasses,15
2308104,15:18:00,15:18:10,stop_point:SP_5037,Université Paul Sabatier,16
2308105,15:28:00,15:28:10,stop_point:SP_3189,Auzeville Eglise,1
2308105,15:29:00,15:29:10,stop_point:SP_1366,Mayrine,2
2308105,15:29:00,15:29:10,stop_point:SP_765,Prat,3
2308105,15:30:00,15:30:10,stop_point:SP_2796,Mairie Auzeville,4
2308105,15:31:00,15:31:10,stop_point:SP_693,Coteaux,5
2308105,15:32:00,15:32:10,stop_point:SP_1684,Tourterelles,6
2308105,15:33:00,15:33:10,stop_point:SP_1428,Château de Soule,7
2308105,15:34:00,15:34:10,stop_point:SP_762,Suisse,8
2308105,15:36:00,15:36:10,stop_point:SP_5018,Floralies,9
2308105,15:39:00,15:39:10,stop_point:SP_1367,Pastourelles,10
2308105,15:40:00,15:40:10,stop_point:SP_2179,Mairie Ramonville,11
2308105,15:41:00,15:41:10,stop_point:SP_3550,Poste de Ramonville,12
2308105,15:42:00,15:42:10,stop_point:SP_2158,Lapeyrade,13
2308105,15:43:00,15:43:10,stop_point:SP_1746,Parc St Agne,14
2308105,15:45:00,15:45:10,stop_point:SP_3941,Clotasses,15
2308105,15:48:00,15:48:10,stop_point:SP_5037,Université Paul Sabatier,16
2308106,15:48:00,15:48:10,stop_point:SP_3189,Auzeville Eglise,1
2308106,15:49:00,15:49:10,stop_point:SP_1366,Mayrine,2
2308106,15:49:00,15:49:10,stop_point:SP_765,Prat,3
2308106,15:50:00,15:50:10,stop_point:SP_2796,Mairie Auzeville,4
2308106,15:51:00,15:51:10,stop_point:SP_693,Coteaux,5
2308106,15:52:00,15:52:10,stop_point:SP_1684,Tourterelles,6
2308106,15:53:00,15:53:10,stop_point:SP_1428,Château de Soule,7
2308106,15:54:00,15:54:10,stop_point:SP_762,Suisse,8
2308106,15:56:00,15:56:10,stop_point:SP_5018,Floralies,9
2308106,15:59:00,15:59:10,stop_point:SP_1367,Pastourelles,10
2308106,16:00:00,16:00:10,stop_point:SP_2179,Mairie Ramonville,11
2308106,16:01:00,16:01:10,stop_point:SP_3550,Poste de Ramonville,12
2308106,16:02:00,16:02:10,stop_point:SP_2158,Lapeyrade,13
2308106,16:03:00,16:03:10,stop_point:SP_1746,Parc St Agne,14
2308106,16:05:00,16:05:10,stop_point:SP_3941,Clotasses,15
2308106,16:08:00,16:08:10,stop_point:SP_5037,Université Paul Sabatier,16
2308107,16:08:00,16:08:10,stop_point:SP_3189,Auzeville Eglise,1
2308107,16:09:00,16:09:10,stop_point:SP_1366,Mayrine,2
2308107,16:09:00,16:09:10,stop_point:SP_765,Prat,3
2308107,16:10:00,16:10:10,stop_point:SP_2796,Mairie Auzeville,4
2308107,16:11:00,16:11:10,stop_point:SP_693,Coteaux,5
2308107,16:12:00,16:12:10,stop_point:SP_1684,Tourterelles,6
2308107,16:13:00,16:13:10,stop_point:SP_1428,Château de Soule,7
2308107,16:14:00,16:14:10,stop_point:SP_762,Suisse,8
2308107,16:16:00,16:16:10,stop_point:SP_5018,Floralies,9
2308107,16:19:00,16:19:10,stop_point:SP_1367,Pastourelles,10
2308107,16:20:00,16:20:10,stop_point:SP_2179,Mairie Ramonville,11
2308107,16:21:00,16:21:10,stop_point:SP_3550,Poste de Ramonville,12
2308107,16:22:00,16:22:10,stop_point:SP_2158,Lapeyrade,13
2308107,16:23:00,16:23:10,stop_point:SP_1746,Parc St Agne,14
2308107,16:25:00,16:25:10,stop_point:SP_3941,Clotasses,15
2308107,16:28:00,16:28:10,stop_point:SP_5037,Université Paul Sabatier,16
2308108,16:28:00,16:28:10,stop_point:SP_3189,Auzeville Eglise,1
2308108,16:29:00,16:29:10,stop_point:SP_1366,Mayrine,2
2308108,16:29:00,16:29:10,stop_point:SP_765,Prat,3
2308108,16:30:00,16:30:10,stop_point:SP_2796,Mairie Auzeville,4
2308108,16:31:00,16:31:10,stop_point:SP_693,Coteaux,5
2308108,16:32:00,16:32:10,stop_point:SP_1684,Tourterelles,6
2308108,16:33:00,16:33:10,stop_point:SP_1428,Château de Soule,7
2308108,16:34:00,16:34:10,stop_point:SP_762,Suisse,8
2308108,16:36:00,16:36:10,stop_point:SP_5018,Floralies,9
2308108,16:39:00,16:39:10,stop_point:SP_1367,Pastourelles,10
2308108,16:40:00,16:40:10,stop_point:SP_2179,Mairie Ramonville,11
2308108,16:41:00,16:41:10,stop_point:SP_3550,Poste de Ramonville,12
2308108,16:42:00,16:42:10,stop_point:SP_2158,Lapeyrade,13
2308108,16:43:00,16:43:10,stop_point:SP_1746,Parc St Agne,14
2308108,16:45:00,16:45:10,stop_point:SP_3941,Clotasses,15
2308108,16:48:00,16:48:10,stop_point:SP_5037,Université Paul Sabatier,16
2308109,16:46:00,16:46:10,stop_point:SP_3189,Auzeville Eglise,1
2308109,16:47:00,16:47:10,stop_point:SP_1366,Mayrine,2
2308109,16:47:00,16:47:10,stop_point:SP_765,Prat,3
2308109,16:48:00,16:48:10,stop_point:SP_2796,Mairie Auzeville,4
2308109,16:49:00,16:49:10,stop_point:SP_693,Coteaux,5
2308109,16:50:00,16:50:10,stop_point:SP_1684,Tourterelles,6
2308109,16:51:00,16:51:10,stop_point:SP_1428,Château de Soule,7
2308109,16:52:00,16:52:10,stop_point:SP_762,Suisse,8
2308109,16:54:00,16:54:10,stop_point:SP_5018,Floralies,9
2308109,16:57:00,16:57:10,stop_point:SP_1367,Pastourelles,10
2308109,16:58:00,16:58:10,stop_point:SP_2179,Mairie Ramonville,11
2308109,16:59:00,16:59:10,stop_point:SP_3550,Poste de Ramonville,12
2308109,17:00:00,17:00:10,stop_point:SP_2158,Lapeyrade,13
2308109,17:01:00,17:01:10,stop_point:SP_1746,Parc St Agne,14
2308109,17:03:00,17:03:10,stop_point:SP_3941,Clotasses,15
2308109,17:06:00,17:06:10,stop_point:SP_5037,Université Paul Sabatier,16
2308110,17:04:00,17:04:10,stop_point:SP_3189,Auzeville Eglise,1
2308110,17:05:00,17:05:10,stop_point:SP_1366,Mayrine,2
2308110,17:05:00,17:05:10,stop_point:SP_765,Prat,3
2308110,17:06:00,17:06:10,stop_point:SP_2796,Mairie Auzeville,4
2308110,17:07:00,17:07:10,stop_point:SP_693,Coteaux,5
2308110,17:08:00,17:08:10,stop_point:SP_1684,Tourterelles,6
2308110,17:09:00,17:09:10,stop_point:SP_1428,Château de Soule,7
2308110,17:10:00,17:10:10,stop_point:SP_762,Suisse,8
2308110,17:12:00,17:12:10,stop_point:SP_5018,Floralies,9
2308110,17:15:00,17:15:10,stop_point:SP_1367,Pastourelles,10
2308110,17:16:00,17:16:10,stop_point:SP_2179,Mairie Ramonville,11
2308110,17:17:00,17:17:10,stop_point:SP_3550,Poste de Ramonville,12
2308110,17:18:00,17:18:10,stop_point:SP_2158,Lapeyrade,13
2308110,17:19:00,17:19:10,stop_point:SP_1746,Parc St Agne,14
2308110,17:21:00,17:21:10,stop_point:SP_3941,Clotasses,15
2308110,17:24:00,17:24:10,stop_point:SP_5037,Université Paul Sabatier,16
2308111,17:23:00,17:23:10,stop_point:SP_3189,Auzeville Eglise,1
2308111,17:24:00,17:24:10,stop_point:SP_1366,Mayrine,2
2308111,17:24:00,17:24:10,stop_point:SP_765,Prat,3
2308111,17:25:00,17:25:10,stop_point:SP_2796,Mairie Auzeville,4
2308111,17:26:00,17:26:10,stop_point:SP_693,Coteaux,5
2308111,17:27:00,17:27:10,stop_point:SP_1684,Tourterelles,6
2308111,17:28:00,17:28:10,stop_point:SP_1428,Château de Soule,7
2308111,17:29:00,17:29:10,stop_point:SP_762,Suisse,8
2308111,17:31:00,17:31:10,stop_point:SP_5018,Floralies,9
2308111,17:34:00,17:34:10,stop_point:SP_1367,Pastourelles,10
2308111,17:35:00,17:35:10,stop_point:SP_2179,Mairie Ramonville,11
2308111,17:36:00,17:36:10,stop_point:SP_3550,Poste de Ramonville,12
2308111,17:37:00,17:37:10,stop_point:SP_2158,Lapeyrade,13
2308111,17:38:00,17:38:10,stop_point:SP_1746,Parc St Agne,14
2308111,17:39:00,17:39:10,stop_point:SP_3941,Clotasses,15
2308111,17:42:00,17:42:10,stop_point:SP_5037,Université Paul Sabatier,16
2308112,17:41:00,17:41:10,stop_point:SP_3189,Auzeville Eglise,1
2308112,17:42:00,17:42:10,stop_point:SP_1366,Mayrine,2
2308112,17:42:00,17:42:10,stop_point:SP_765,Prat,3
2308112,17:43:00,17:43:10,stop_point:SP_2796,Mairie Auzeville,4
2308112,17:44:00,17:44:10,stop_point:SP_693,Coteaux,5
2308112,17:45:00,17:45:10,stop_point:SP_1684,Tourterelles,6
2308112,17:46:00,17:46:10,stop_point:SP_1428,Château de Soule,7
2308112,17:47:00,17:47:10,stop_point:SP_762,Suisse,8
2308112,17:49:00,17:49:10,stop_point:SP_5018,Floralies,9
2308112,17:52:00,17:52:10,stop_point:SP_1367,Pastourelles,10
2308112,17:53:00,17:53:10,stop_point:SP_2179,Mairie Ramonville,11
2308112,17:54:00,17:54:10,stop_point:SP_3550,Poste de Ramonville,12
2308112,17:55:00,17:55:10,stop_point:SP_2158,Lapeyrade,13
2308112,17:56:00,17:56:10,stop_point:SP_1746,Parc St Agne,14
2308112,17:57:00,17:57:10,stop_point:SP_3941,Clotasses,15
2308112,18:00:00,18:00:10,stop_point:SP_5037,Université Paul Sabatier,16
2308113,17:59:00,17:59:10,stop_point:SP_3189,Auzeville Eglise,1
2308113,18:00:00,18:00:10,stop_point:SP_1366,Mayrine,2
2308113,18:00:00,18:00:10,stop_point:SP_765,Prat,3
2308113,18:01:00,18:01:10,stop_point:SP_2796,Mairie Auzeville,4
2308113,18:02:00,18:02:10,stop_point:SP_693,Coteaux,5
2308113,18:03:00,18:03:10,stop_point:SP_1684,Tourterelles,6
2308113,18:04:00,18:04:10,stop_point:SP_1428,Château de Soule,7
2308113,18:05:00,18:05:10,stop_point:SP_762,Suisse,8
2308113,18:07:00,18:07:10,stop_point:SP_5018,Floralies,9
2308113,18:10:00,18:10:10,stop_point:SP_1367,Pastourelles,10
2308113,18:11:00,18:11:10,stop_point:SP_2179,Mairie Ramonville,11
2308113,18:12:00,18:12:10,stop_point:SP_3550,Poste de Ramonville,12
2308113,18:13:00,18:13:10,stop_point:SP_2158,Lapeyrade,13
2308113,18:14:00,18:14:10,stop_point:SP_1746,Parc St Agne,14
2308113,18:15:00,18:15:10,stop_point:SP_3941,Clotasses,15
2308113,18:18:00,18:18:10,stop_point:SP_5037,Université Paul Sabatier,16
2308114,18:17:00,18:17:10,stop_point:SP_3189,Auzeville Eglise,1
2308114,18:18:00,18:18:10,stop_point:SP_1366,Mayrine,2
2308114,18:18:00,18:18:10,stop_point:SP_765,Prat,3
2308114,18:19:00,18:19:10,stop_point:SP_2796,Mairie Auzeville,4
2308114,18:20:00,18:20:10,stop_point:SP_693,Coteaux,5
2308114,18:21:00,18:21:10,stop_point:SP_1684,Tourterelles,6
2308114,18:22:00,18:22:10,stop_point:SP_1428,Château de Soule,7
2308114,18:23:00,18:23:10,stop_point:SP_762,Suisse,8
2308114,18:25:00,18:25:10,stop_point:SP_5018,Floralies,9
2308114,18:28:00,18:28:10,stop_point:SP_1367,Pastourelles,10
2308114,18:29:00,18:29:10,stop_point:SP_2179,Mairie Ramonville,11
2308114,18:30:00,18:30:10,stop_point:SP_3550,Poste de Ramonville,12
2308114,18:31:00,18:31:10,stop_point:SP_2158,Lapeyrade,13
2308114,18:32:00,18:32:10,stop_point:SP_1746,Parc St Agne,14
2308114,18:33:00,18:33:10,stop_point:SP_3941,Clotasses,15
2308114,18:36:00,18:36:10,stop_point:SP_5037,Université Paul Sabatier,16
2308115,18:35:00,18:35:10,stop_point:SP_3189,Auzeville Eglise,1
2308115,18:36:00,18:36:10,stop_point:SP_1366,Mayrine,2
2308115,18:36:00,18:36:10,stop_point:SP_765,Prat,3
2308115,18:37:00,18:37:10,stop_point:SP_2796,Mairie Auzeville,4
2308115,18:38:00,18:38:10,stop_point:SP_693,Coteaux,5
2308115,18:39:00,18:39:10,stop_point:SP_1684,Tourterelles,6
2308115,18:40:00,18:40:10,stop_point:SP_1428,Château de Soule,7
2308115,18:41:00,18:41:10,stop_point:SP_762,Suisse,8
2308115,18:43:00,18:43:10,stop_point:SP_5018,Floralies,9
2308115,18:45:00,18:45:10,stop_point:SP_1367,Pastourelles,10
2308115,18:46:00,18:46:10,stop_point:SP_2179,Mairie Ramonville,11
2308115,18:47:00,18:47:10,stop_point:SP_3550,Poste de Ramonville,12
2308115,18:48:00,18:48:10,stop_point:SP_2158,Lapeyrade,13
2308115,18:49:00,18:49:10,stop_point:SP_1746,Parc St Agne,14
2308115,18:50:00,18:50:10,stop_point:SP_3941,Clotasses,15
2308115,18:53:00,18:53:10,stop_point:SP_5037,Université Paul Sabatier,16
2308116,18:53:00,18:53:10,stop_point:SP_3189,Auzeville Eglise,1
2308116,18:54:00,18:54:10,stop_point:SP_1366,Mayrine,2
2308116,18:54:00,18:54:10,stop_point:SP_765,Prat,3
2308116,18:55:00,18:55:10,stop_point:SP_2796,Mairie Auzeville,4
2308116,18:56:00,18:56:10,stop_point:SP_693,Coteaux,5
2308116,18:57:00,18:57:10,stop_point:SP_1684,Tourterelles,6
2308116,18:58:00,18:58:10,stop_point:SP_1428,Château de Soule,7
2308116,18:59:00,18:59:10,stop_point:SP_762,Suisse,8
2308116,19:01:00,19:01:10,stop_point:SP_5018,Floralies,9
2308116,19:03:00,19:03:10,stop_point:SP_1367,Pastourelles,10
2308116,19:04:00,19:04:10,stop_point:SP_2179,Mairie Ramonville,11
2308116,19:05:00,19:05:10,stop_point:SP_3550,Poste de Ramonville,12
2308116,19:06:00,19:06:10,stop_point:SP_2158,Lapeyrade,13
2308116,19:07:00,19:07:10,stop_point:SP_1746,Parc St Agne,14
2308116,19:08:00,19:08:10,stop_point:SP_3941,Clotasses,15
2308116,19:11:00,19:11:10,stop_point:SP_5037,Université Paul Sabatier,16
2308117,19:12:00,19:12:10,stop_point:SP_3189,Auzeville Eglise,1
2308117,19:13:00,19:13:10,stop_point:SP_1366,Mayrine,2
2308117,19:13:00,19:13:10,stop_point:SP_765,Prat,3
2308117,19:14:00,19:14:10,stop_point:SP_2796,Mairie Auzeville,4
2308117,19:15:00,19:15:10,stop_point:SP_693,Coteaux,5
2308117,19:16:00,19:16:10,stop_point:SP_1684,Tourterelles,6
2308117,19:17:00,19:17:10,stop_point:SP_1428,Château de Soule,7
2308117,19:18:00,19:18:10,stop_point:SP_762,Suisse,8
2308117,19:20:00,19:20:10,stop_point:SP_5018,Floralies,9
2308117,19:22:00,19:22:10,stop_point:SP_1367,Pastourelles,10
2308117,19:23:00,19:23:10,stop_point:SP_2179,Mairie Ramonville,11
2308117,19:24:00,19:24:10,stop_point:SP_3550,Poste de Ramonville,12
2308117,19:25:00,19:25:10,stop_point:SP_2158,Lapeyrade,13
2308117,19:26:00,19:26:10,stop_point:SP_1746,Parc St Agne,14
2308117,19:27:00,19:27:10,stop_point:SP_3941,Clotasses,15
2308117,19:30:00,19:30:10,stop_point:SP_5037,Université Paul Sabatier,16
2308118,19:39:00,19:39:10,stop_point:SP_3189,Auzeville Eglise,1
2308118,19:40:00,19:40:10,stop_point:SP_1366,Mayrine,2
2308118,19:40:00,19:40:10,stop_point:SP_765,Prat,3
2308118,19:41:00,19:41:10,stop_point:SP_2796,Mairie Auzeville,4
2308118,19:42:00,19:42:10,stop_point:SP_693,Coteaux,5
2308118,19:43:00,19:43:10,stop_point:SP_1684,Tourterelles,6
2308118,19:44:00,19:44:10,stop_point:SP_1428,Château de Soule,7
2308118,19:45:00,19:45:10,stop_point:SP_762,Suisse,8
2308118,19:47:00,19:47:10,stop_point:SP_5018,Floralies,9
2308118,19:49:00,19:49:10,stop_point:SP_1367,Pastourelles,10
2308118,19:50:00,19:50:10,stop_point:SP_2179,Mairie Ramonville,11
2308118,19:51:00,19:51:10,stop_point:SP_3550,Poste de Ramonville,12
2308118,19:52:00,19:52:10,stop_point:SP_2158,Lapeyrade,13
2308118,19:53:00,19:53:10,stop_point:SP_1746,Parc St Agne,14
2308118,19:54:00,19:54:10,stop_point:SP_3941,Clotasses,15
2308118,19:57:00,19:57:10,stop_point:SP_5037,Université Paul Sabatier,16
2308119,20:08:00,20:08:10,stop_point:SP_3189,Auzeville Eglise,1
2308119,20:09:00,20:09:10,stop_point:SP_1366,Mayrine,2
2308119,20:09:00,20:09:10,stop_point:SP_765,Prat,3
2308119,20:10:00,20:10:10,stop_point:SP_2796,Mairie Auzeville,4
2308119,20:11:00,20:11:10,stop_point:SP_693,Coteaux,5
2308119,20:12:00,20:12:10,stop_point:SP_1684,Tourterelles,6
2308119,20:13:00,20:13:10,stop_point:SP_1428,Château de Soule,7
2308119,20:14:00,20:14:10,stop_point:SP_762,Suisse,8
2308119,20:15:00,20:15:10,stop_point:SP_5018,Floralies,9
2308119,20:17:00,20:17:10,stop_point:SP_1367,Pastourelles,10
2308119,20:18:00,20:18:10,stop_point:SP_2179,Mairie Ramonville,11
2308119,20:19:00,20:19:10,stop_point:SP_3550,Poste de Ramonville,12
2308119,20:20:00,20:20:10,stop_point:SP_2158,Lapeyrade,13
2308119,20:21:00,20:21:10,stop_point:SP_1746,Parc St Agne,14
2308119,20:22:00,20:22:10,stop_point:SP_3941,Clotasses,15
2308119,20:25:00,20:25:10,stop_point:SP_5037,Université Paul Sabatier,16
2308120,20:43:00,20:43:10,stop_point:SP_3189,Auzeville Eglise,1
2308120,20:44:00,20:44:10,stop_point:SP_1366,Mayrine,2
2308120,20:44:00,20:44:10,stop_point:SP_765,Prat,3
2308120,20:45:00,20:45:10,stop_point:SP_2796,Mairie Auzeville,4
2308120,20:46:00,20:46:10,stop_point:SP_693,Coteaux,5
2308120,20:47:00,20:47:10,stop_point:SP_1684,Tourterelles,6
2308120,20:48:00,20:48:10,stop_point:SP_1428,Château de Soule,7
2308120,20:49:00,20:49:10,stop_point:SP_762,Suisse,8
2308120,20:50:00,20:50:10,stop_point:SP_5018,Floralies,9
2308120,20:52:00,20:52:10,stop_point:SP_1367,Pastourelles,10
2308120,20:53:00,20:53:10,stop_point:SP_2179,Mairie Ramonville,11
2308120,20:54:00,20:54:10,stop_point:SP_3550,Poste de Ramonville,12
2308120,20:55:00,20:55:10,stop_point:SP_2158,Lapeyrade,13
2308120,20:56:00,20:56:10,stop_point:SP_1746,Parc St Agne,14
2308120,20:57:00,20:57:10,stop_point:SP_3941,Clotasses,15
2308120,21:00:00,21:00:10,stop_point:SP_5037,Université Paul Sabatier,16
2308173,06:07:00,06:07:10,stop_point:SP_5037,Université Paul Sabatier,1
2308173,06:09:00,06:09:10,stop_point:SP_515,Clotasses,2
2308173,06:09:00,06:09:10,stop_point:SP_3694,Parc St Agne,3
2308173,06:10:00,06:10:10,stop_point:SP_217,Lapeyrade,4
2308173,06:10:00,06:10:10,stop_point:SP_1729,Poste de Ramonville,5
2308173,06:11:00,06:11:10,stop_point:SP_1884,Mairie Ramonville,6
2308173,06:12:00,06:12:10,stop_point:SP_2267,Pastourelles,7
2308173,06:13:00,06:13:10,stop_point:SP_5017,Floralies,8
2308173,06:14:00,06:14:10,stop_point:SP_5031,Suisse,9
2308173,06:15:00,06:15:10,stop_point:SP_1428,Château de Soule,10
2308173,06:16:00,06:16:10,stop_point:SP_2253,Tourterelles,11
2308173,06:17:00,06:17:10,stop_point:SP_1252,Coteaux,12
2308173,06:18:00,06:18:10,stop_point:SP_1652,Mairie Auzeville,13
2308173,06:18:00,06:18:10,stop_point:SP_590,Prat,14
2308173,06:19:00,06:19:10,stop_point:SP_1333,Mayrine,15
2308173,06:19:00,06:19:10,stop_point:SP_3189,Auzeville Eglise,16
2308174,06:38:00,06:38:10,stop_point:SP_5037,Université Paul Sabatier,1
2308174,06:40:00,06:40:10,stop_point:SP_515,Clotasses,2
2308174,06:40:00,06:40:10,stop_point:SP_3694,Parc St Agne,3
2308174,06:41:00,06:41:10,stop_point:SP_217,Lapeyrade,4
2308174,06:41:00,06:41:10,stop_point:SP_1729,Poste de Ramonville,5
2308174,06:42:00,06:42:10,stop_point:SP_1884,Mairie Ramonville,6
2308174,06:43:00,06:43:10,stop_point:SP_2267,Pastourelles,7
2308174,06:44:00,06:44:10,stop_point:SP_5017,Floralies,8
2308174,06:45:00,06:45:10,stop_point:SP_5031,Suisse,9
2308174,06:46:00,06:46:10,stop_point:SP_1428,Château de Soule,10
2308174,06:47:00,06:47:10,stop_point:SP_2253,Tourterelles,11
2308174,06:48:00,06:48:10,stop_point:SP_1252,Coteaux,12
2308174,06:49:00,06:49:10,stop_point:SP_1652,Mairie Auzeville,13
2308174,06:49:00,06:49:10,stop_point:SP_590,Prat,14
2308174,06:50:00,06:50:10,stop_point:SP_1333,Mayrine,15
2308174,06:50:00,06:50:10,stop_point:SP_3189,Auzeville Eglise,16
2308175,07:13:00,07:13:10,stop_point:SP_5037,Université Paul Sabatier,1
2308175,07:15:00,07:15:10,stop_point:SP_515,Clotasses,2
2308175,07:15:00,07:15:10,stop_point:SP_3694,Parc St Agne,3
2308175,07:16:00,07:16:10,stop_point:SP_217,Lapeyrade,4
2308175,07:16:00,07:16:10,stop_point:SP_1729,Poste de Ramonville,5
2308175,07:17:00,07:17:10,stop_point:SP_1884,Mairie Ramonville,6
2308175,07:18:00,07:18:10,stop_point:SP_2267,Pastourelles,7
2308175,07:19:00,07:19:10,stop_point:SP_5017,Floralies,8
2308175,07:20:00,07:20:10,stop_point:SP_5031,Suisse,9
2308175,07:21:00,07:21:10,stop_point:SP_1428,Château de Soule,10
2308175,07:22:00,07:22:10,stop_point:SP_2253,Tourterelles,11
2308175,07:23:00,07:23:10,stop_point:SP_1252,Coteaux,12
2308175,07:24:00,07:24:10,stop_point:SP_1652,Mairie Auzeville,13
2308175,07:24:00,07:24:10,stop_point:SP_590,Prat,14
2308175,07:25:00,07:25:10,stop_point:SP_1333,Mayrine,15
2308175,07:25:00,07:25:10,stop_point:SP_3189,Auzeville Eglise,16
2308176,07:48:00,07:48:10,stop_point:SP_5037,Université Paul Sabatier,1
2308176,07:50:00,07:50:10,stop_point:SP_515,Clotasses,2
2308176,07:50:00,07:50:10,stop_point:SP_3694,Parc St Agne,3
2308176,07:51:00,07:51:10,stop_point:SP_217,Lapeyrade,4
2308176,07:51:00,07:51:10,stop_point:SP_1729,Poste de Ramonville,5
2308176,07:52:00,07:52:10,stop_point:SP_1884,Mairie Ramonville,6
2308176,07:53:00,07:53:10,stop_point:SP_2267,Pastourelles,7
2308176,07:54:00,07:54:10,stop_point:SP_5017,Floralies,8
2308176,07:55:00,07:55:10,stop_point:SP_5031,Suisse,9
2308176,07:56:00,07:56:10,stop_point:SP_1428,Château de Soule,10
2308176,07:57:00,07:57:10,stop_point:SP_2253,Tourterelles,11
2308176,07:58:00,07:58:10,stop_point:SP_1252,Coteaux,12
2308176,07:59:00,07:59:10,stop_point:SP_1652,Mairie Auzeville,13
2308176,07:59:00,07:59:10,stop_point:SP_590,Prat,14
2308176,08:00:00,08:00:10,stop_point:SP_1333,Mayrine,15
2308176,08:00:00,08:00:10,stop_point:SP_3189,Auzeville Eglise,16
2308177,08:23:00,08:23:10,stop_point:SP_5037,Université Paul Sabatier,1
2308177,08:25:00,08:25:10,stop_point:SP_515,Clotasses,2
2308177,08:26:00,08:26:10,stop_point:SP_3694,Parc St Agne,3
2308177,08:27:00,08:27:10,stop_point:SP_217,Lapeyrade,4
2308177,08:27:00,08:27:10,stop_point:SP_1729,Poste de Ramonville,5
2308177,08:28:00,08:28:10,stop_point:SP_1884,Mairie Ramonville,6
2308177,08:29:00,08:29:10,stop_point:SP_2267,Pastourelles,7
2308177,08:30:00,08:30:10,stop_point:SP_5017,Floralies,8
2308177,08:31:00,08:31:10,stop_point:SP_5031,Suisse,9
2308177,08:32:00,08:32:10,stop_point:SP_1428,Château de Soule,10
2308177,08:33:00,08:33:10,stop_point:SP_2253,Tourterelles,11
2308177,08:34:00,08:34:10,stop_point:SP_1252,Coteaux,12
2308177,08:35:00,08:35:10,stop_point:SP_1652,Mairie Auzeville,13
2308177,08:36:00,08:36:10,stop_point:SP_590,Prat,14
2308177,08:36:00,08:36:10,stop_point:SP_1333,Mayrine,15
2308177,08:37:00,08:37:10,stop_point:SP_3189,Auzeville Eglise,16
2308178,08:58:00,08:58:10,stop_point:SP_5037,Université Paul Sabatier,1
2308178,09:00:00,09:00:10,stop_point:SP_515,Clotasses,2
2308178,09:01:00,09:01:10,stop_point:SP_3694,Parc St Agne,3
2308178,09:02:00,09:02:10,stop_point:SP_217,Lapeyrade,4
2308178,09:02:00,09:02:10,stop_point:SP_1729,Poste de Ramonville,5
2308178,09:03:00,09:03:10,stop_point:SP_1884,Mairie Ramonville,6
2308178,09:04:00,09:04:10,stop_point:SP_2267,Pastourelles,7
2308178,09:05:00,09:05:10,stop_point:SP_5017,Floralies,8
2308178,09:06:00,09:06:10,stop_point:SP_5031,Suisse,9
2308178,09:07:00,09:07:10,stop_point:SP_1428,Château de Soule,10
2308178,09:08:00,09:08:10,stop_point:SP_2253,Tourterelles,11
2308178,09:09:00,09:09:10,stop_point:SP_1252,Coteaux,12
2308178,09:10:00,09:10:10,stop_point:SP_1652,Mairie Auzeville,13
2308178,09:11:00,09:11:10,stop_point:SP_590,Prat,14
2308178,09:11:00,09:11:10,stop_point:SP_1333,Mayrine,15
2308178,09:12:00,09:12:10,stop_point:SP_3189,Auzeville Eglise,16
2308179,09:33:00,09:33:10,stop_point:SP_5037,Université Paul Sabatier,1
2308179,09:35:00,09:35:10,stop_point:SP_515,Clotasses,2
2308179,09:36:00,09:36:10,stop_point:SP_3694,Parc St Agne,3
2308179,09:37:00,09:37:10,stop_point:SP_217,Lapeyrade,4
2308179,09:37:00,09:37:10,stop_point:SP_1729,Poste de Ramonville,5
2308179,09:38:00,09:38:10,stop_point:SP_1884,Mairie Ramonville,6
2308179,09:39:00,09:39:10,stop_point:SP_2267,Pastourelles,7
2308179,09:40:00,09:40:10,stop_point:SP_5017,Floralies,8
2308179,09:41:00,09:41:10,stop_point:SP_5031,Suisse,9
2308179,09:42:00,09:42:10,stop_point:SP_1428,Château de Soule,10
2308179,09:43:00,09:43:10,stop_point:SP_2253,Tourterelles,11
2308179,09:44:00,09:44:10,stop_point:SP_1252,Coteaux,12
2308179,09:45:00,09:45:10,stop_point:SP_1652,Mairie Auzeville,13
2308179,09:46:00,09:46:10,stop_point:SP_590,Prat,14
2308179,09:46:00,09:46:10,stop_point:SP_1333,Mayrine,15
2308179,09:47:00,09:47:10,stop_point:SP_3189,Auzeville Eglise,16
2308180,10:08:00,10:08:10,stop_point:SP_5037,Université Paul Sabatier,1
2308180,10:10:00,10:10:10,stop_point:SP_515,Clotasses,2
2308180,10:11:00,10:11:10,stop_point:SP_3694,Parc St Agne,3
2308180,10:12:00,10:12:10,stop_point:SP_217,Lapeyrade,4
2308180,10:12:00,10:12:10,stop_point:SP_1729,Poste de Ramonville,5
2308180,10:13:00,10:13:10,stop_point:SP_1884,Mairie Ramonville,6
2308180,10:14:00,10:14:10,stop_point:SP_2267,Pastourelles,7
2308180,10:15:00,10:15:10,stop_point:SP_5017,Floralies,8
2308180,10:16:00,10:16:10,stop_point:SP_5031,Suisse,9
2308180,10:17:00,10:17:10,stop_point:SP_1428,Château de Soule,10
2308180,10:18:00,10:18:10,stop_point:SP_2253,Tourterelles,11
2308180,10:19:00,10:19:10,stop_point:SP_1252,Coteaux,12
2308180,10:20:00,10:20:10,stop_point:SP_1652,Mairie Auzeville,13
2308180,10:21:00,10:21:10,stop_point:SP_590,Prat,14
2308180,10:21:00,10:21:10,stop_point:SP_1333,Mayrine,15
2308180,10:22:00,10:22:10,stop_point:SP_3189,Auzeville Eglise,16
2308181,10:43:00,10:43:10,stop_point:SP_5037,Université Paul Sabatier,1
2308181,10:45:00,10:45:10,stop_point:SP_515,Clotasses,2
2308181,10:46:00,10:46:10,stop_point:SP_3694,Parc St Agne,3
2308181,10:47:00,10:47:10,stop_point:SP_217,Lapeyrade,4
2308181,10:47:00,10:47:10,stop_point:SP_1729,Poste de Ramonville,5
2308181,10:48:00,10:48:10,stop_point:SP_1884,Mairie Ramonville,6
2308181,10:49:00,10:49:10,stop_point:SP_2267,Pastourelles,7
2308181,10:50:00,10:50:10,stop_point:SP_5017,Floralies,8
2308181,10:51:00,10:51:10,stop_point:SP_5031,Suisse,9
2308181,10:52:00,10:52:10,stop_point:SP_1428,Château de Soule,10
2308181,10:53:00,10:53:10,stop_point:SP_2253,Tourterelles,11
2308181,10:54:00,10:54:10,stop_point:SP_1252,Coteaux,12
2308181,10:55:00,10:55:10,stop_point:SP_1652,Mairie Auzeville,13
2308181,10:56:00,10:56:10,stop_point:SP_590,Prat,14
2308181,10:56:00,10:56:10,stop_point:SP_1333,Mayrine,15
2308181,10:57:00,10:57:10,stop_point:SP_3189,Auzeville Eglise,16
2308182,11:18:00,11:18:10,stop_point:SP_5037,Université Paul Sabatier,1
2308182,11:20:00,11:20:10,stop_point:SP_515,Clotasses,2
2308182,11:21:00,11:21:10,stop_point:SP_3694,Parc St Agne,3
2308182,11:22:00,11:22:10,stop_point:SP_217,Lapeyrade,4
2308182,11:22:00,11:22:10,stop_point:SP_1729,Poste de Ramonville,5
2308182,11:23:00,11:23:10,stop_point:SP_1884,Mairie Ramonville,6
2308182,11:24:00,11:24:10,stop_point:SP_2267,Pastourelles,7
2308182,11:25:00,11:25:10,stop_point:SP_5017,Floralies,8
2308182,11:26:00,11:26:10,stop_point:SP_5031,Suisse,9
2308182,11:27:00,11:27:10,stop_point:SP_1428,Château de Soule,10
2308182,11:28:00,11:28:10,stop_point:SP_2253,Tourterelles,11
2308182,11:29:00,11:29:10,stop_point:SP_1252,Coteaux,12
2308182,11:30:00,11:30:10,stop_point:SP_1652,Mairie Auzeville,13
2308182,11:31:00,11:31:10,stop_point:SP_590,Prat,14
2308182,11:31:00,11:31:10,stop_point:SP_1333,Mayrine,15
2308182,11:32:00,11:32:10,stop_point:SP_3189,Auzeville Eglise,16
2308183,11:53:00,11:53:10,stop_point:SP_5037,Université Paul Sabatier,1
2308183,11:55:00,11:55:10,stop_point:SP_515,Clotasses,2
2308183,11:56:00,11:56:10,stop_point:SP_3694,Parc St Agne,3
2308183,11:57:00,11:57:10,stop_point:SP_217,Lapeyrade,4
2308183,11:57:00,11:57:10,stop_point:SP_1729,Poste de Ramonville,5
2308183,11:58:00,11:58:10,stop_point:SP_1884,Mairie Ramonville,6
2308183,11:59:00,11:59:10,stop_point:SP_2267,Pastourelles,7
2308183,12:00:00,12:00:10,stop_point:SP_5017,Floralies,8
2308183,12:01:00,12:01:10,stop_point:SP_5031,Suisse,9
2308183,12:02:00,12:02:10,stop_point:SP_1428,Château de Soule,10
2308183,12:03:00,12:03:10,stop_point:SP_2253,Tourterelles,11
2308183,12:04:00,12:04:10,stop_point:SP_1252,Coteaux,12
2308183,12:05:00,12:05:10,stop_point:SP_1652,Mairie Auzeville,13
2308183,12:06:00,12:06:10,stop_point:SP_590,Prat,14
2308183,12:06:00,12:06:10,stop_point:SP_1333,Mayrine,15
2308183,12:07:00,12:07:10,stop_point:SP_3189,Auzeville Eglise,16
2308184,12:28:00,12:28:10,stop_point:SP_5037,Université Paul Sabatier,1
2308184,12:30:00,12:30:10,stop_point:SP_515,Clotasses,2
2308184,12:31:00,12:31:10,stop_point:SP_3694,Parc St Agne,3
2308184,12:32:00,12:32:10,stop_point:SP_217,Lapeyrade,4
2308184,12:32:00,12:32:10,stop_point:SP_1729,Poste de Ramonville,5
2308184,12:33:00,12:33:10,stop_point:SP_1884,Mairie Ramonville,6
2308184,12:34:00,12:34:10,stop_point:SP_2267,Pastourelles,7
2308184,12:35:00,12:35:10,stop_point:SP_5017,Floralies,8
2308184,12:36:00,12:36:10,stop_point:SP_5031,Suisse,9
2308184,12:37:00,12:37:10,stop_point:SP_1428,Château de Soule,10
2308184,12:38:00,12:38:10,stop_point:SP_2253,Tourterelles,11
2308184,12:39:00,12:39:10,stop_point:SP_1252,Coteaux,12
2308184,12:40:00,12:40:10,stop_point:SP_1652,Mairie Auzeville,13
2308184,12:41:00,12:41:10,stop_point:SP_590,Prat,14
2308184,12:41:00,12:41:10,stop_point:SP_1333,Mayrine,15
2308184,12:42:00,12:42:10,stop_point:SP_3189,Auzeville Eglise,16
2308185,13:08:00,13:08:10,stop_point:SP_5037,Université Paul Sabatier,1
2308185,13:10:00,13:10:10,stop_point:SP_515,Clotasses,2
2308185,13:11:00,13:11:10,stop_point:SP_3694,Parc St Agne,3
2308185,13:12:00,13:12:10,stop_point:SP_217,Lapeyrade,4
2308185,13:12:00,13:12:10,stop_point:SP_1729,Poste de Ramonville,5
2308185,13:13:00,13:13:10,stop_point:SP_1884,Mairie Ramonville,6
2308185,13:14:00,13:14:10,stop_point:SP_2267,Pastourelles,7
2308185,13:15:00,13:15:10,stop_point:SP_5017,Floralies,8
2308185,13:16:00,13:16:10,stop_point:SP_5031,Suisse,9
2308185,13:17:00,13:17:10,stop_point:SP_1428,Château de Soule,10
2308185,13:18:00,13:18:10,stop_point:SP_2253,Tourterelles,11
2308185,13:19:00,13:19:10,stop_point:SP_1252,Coteaux,12
2308185,13:20:00,13:20:10,stop_point:SP_1652,Mairie Auzeville,13
2308185,13:21:00,13:21:10,stop_point:SP_590,Prat,14
2308185,13:21:00,13:21:10,stop_point:SP_1333,Mayrine,15
2308185,13:22:00,13:22:10,stop_point:SP_3189,Auzeville Eglise,16
2308186,13:43:00,13:43:10,stop_point:SP_5037,Université Paul Sabatier,1
2308186,13:45:00,13:45:10,stop_point:SP_515,Clotasses,2
2308186,13:46:00,13:46:10,stop_point:SP_3694,Parc St Agne,3
2308186,13:47:00,13:47:10,stop_point:SP_217,Lapeyrade,4
2308186,13:47:00,13:47:10,stop_point:SP_1729,Poste de Ramonville,5
2308186,13:48:00,13:48:10,stop_point:SP_1884,Mairie Ramonville,6
2308186,13:49:00,13:49:10,stop_point:SP_2267,Pastourelles,7
2308186,13:50:00,13:50:10,stop_point:SP_5017,Floralies,8
2308186,13:51:00,13:51:10,stop_point:SP_5031,Suisse,9
2308186,13:52:00,13:52:10,stop_point:SP_1428,Château de Soule,10
2308186,13:53:00,13:53:10,stop_point:SP_2253,Tourterelles,11
2308186,13:54:00,13:54:10,stop_point:SP_1252,Coteaux,12
2308186,13:55:00,13:55:10,stop_point:SP_1652,Mairie Auzeville,13
2308186,13:56:00,13:56:10,stop_point:SP_590,Prat,14
2308186,13:56:00,13:56:10,stop_point:SP_1333,Mayrine,15
2308186,13:57:00,13:57:10,stop_point:SP_3189,Auzeville Eglise,16
2308187,14:18:00,14:18:10,stop_point:SP_5037,Université Paul Sabatier,1
2308187,14:20:00,14:20:10,stop_point:SP_515,Clotasses,2
2308187,14:21:00,14:21:10,stop_point:SP_3694,Parc St Agne,3
2308187,14:22:00,14:22:10,stop_point:SP_217,Lapeyrade,4
2308187,14:22:00,14:22:10,stop_point:SP_1729,Poste de Ramonville,5
2308187,14:23:00,14:23:10,stop_point:SP_1884,Mairie Ramonville,6
2308187,14:24:00,14:24:10,stop_point:SP_2267,Pastourelles,7
2308187,14:25:00,14:25:10,stop_point:SP_5017,Floralies,8
2308187,14:26:00,14:26:10,stop_point:SP_5031,Suisse,9
2308187,14:27:00,14:27:10,stop_point:SP_1428,Château de Soule,10
2308187,14:28:00,14:28:10,stop_point:SP_2253,Tourterelles,11
2308187,14:29:00,14:29:10,stop_point:SP_1252,Coteaux,12
2308187,14:30:00,14:30:10,stop_point:SP_1652,Mairie Auzeville,13
2308187,14:31:00,14:31:10,stop_point:SP_590,Prat,14
2308187,14:31:00,14:31:10,stop_point:SP_1333,Mayrine,15
2308187,14:32:00,14:32:10,stop_point:SP_3189,Auzeville Eglise,16
2308188,14:52:00,14:52:10,stop_point:SP_5037,Université Paul Sabatier,1
2308188,14:54:00,14:54:10,stop_point:SP_515,Clotasses,2
2308188,14:55:00,14:55:10,stop_point:SP_3694,Parc St Agne,3
2308188,14:56:00,14:56:10,stop_point:SP_217,Lapeyrade,4
2308188,14:56:00,14:56:10,stop_point:SP_1729,Poste de Ramonville,5
2308188,14:57:00,14:57:10,stop_point:SP_1884,Mairie Ramonville,6
2308188,14:58:00,14:58:10,stop_point:SP_2267,Pastourelles,7
2308188,14:59:00,14:59:10,stop_point:SP_5017,Floralies,8
2308188,15:00:00,15:00:10,stop_point:SP_5031,Suisse,9
2308188,15:01:00,15:01:10,stop_point:SP_1428,Château de Soule,10
2308188,15:02:00,15:02:10,stop_point:SP_2253,Tourterelles,11
2308188,15:03:00,15:03:10,stop_point:SP_1252,Coteaux,12
2308188,15:04:00,15:04:10,stop_point:SP_1652,Mairie Auzeville,13
2308188,15:05:00,15:05:10,stop_point:SP_590,Prat,14
2308188,15:05:00,15:05:10,stop_point:SP_1333,Mayrine,15
2308188,15:06:00,15:06:10,stop_point:SP_3189,Auzeville Eglise,16
2308189,15:27:00,15:27:10,stop_point:SP_5037,Université Paul Sabatier,1
2308189,15:29:00,15:29:10,stop_point:SP_515,Clotasses,2
2308189,15:30:00,15:30:10,stop_point:SP_3694,Parc St Agne,3
2308189,15:31:00,15:31:10,stop_point:SP_217,Lapeyrade,4
2308189,15:31:00,15:31:10,stop_point:SP_1729,Poste de Ramonville,5
2308189,15:32:00,15:32:10,stop_point:SP_1884,Mairie Ramonville,6
2308189,15:33:00,15:33:10,stop_point:SP_2267,Pastourelles,7
2308189,15:35:00,15:35:10,stop_point:SP_5017,Floralies,8
2308189,15:36:00,15:36:10,stop_point:SP_5031,Suisse,9
2308189,15:37:00,15:37:10,stop_point:SP_1428,Château de Soule,10
2308189,15:38:00,15:38:10,stop_point:SP_2253,Tourterelles,11
2308189,15:39:00,15:39:10,stop_point:SP_1252,Coteaux,12
2308189,15:40:00,15:40:10,stop_point:SP_1652,Mairie Auzeville,13
2308189,15:41:00,15:41:10,stop_point:SP_590,Prat,14
2308189,15:41:00,15:41:10,stop_point:SP_1333,Mayrine,15
2308189,15:42:00,15:42:10,stop_point:SP_3189,Auzeville Eglise,16
2308190,16:02:00,16:02:10,stop_point:SP_5037,Université Paul Sabatier,1
2308190,16:04:00,16:04:10,stop_point:SP_515,Clotasses,2
2308190,16:05:00,16:05:10,stop_point:SP_3694,Parc St Agne,3
2308190,16:06:00,16:06:10,stop_point:SP_217,Lapeyrade,4
2308190,16:06:00,16:06:10,stop_point:SP_1729,Poste de Ramonville,5
2308190,16:07:00,16:07:10,stop_point:SP_1884,Mairie Ramonville,6
2308190,16:08:00,16:08:10,stop_point:SP_2267,Pastourelles,7
2308190,16:10:00,16:10:10,stop_point:SP_5017,Floralies,8
2308190,16:11:00,16:11:10,stop_point:SP_5031,Suisse,9
2308190,16:12:00,16:12:10,stop_point:SP_1428,Château de Soule,10
2308190,16:13:00,16:13:10,stop_point:SP_2253,Tourterelles,11
2308190,16:14:00,16:14:10,stop_point:SP_1252,Coteaux,12
2308190,16:15:00,16:15:10,stop_point:SP_1652,Mairie Auzeville,13
2308190,16:16:00,16:16:10,stop_point:SP_590,Prat,14
2308190,16:16:00,16:16:10,stop_point:SP_1333,Mayrine,15
2308190,16:17:00,16:17:10,stop_point:SP_3189,Auzeville Eglise,16
2308191,16:37:00,16:37:10,stop_point:SP_5037,Université Paul Sabatier,1
2308191,16:39:00,16:39:10,stop_point:SP_515,Clotasses,2
2308191,16:40:00,16:40:10,stop_point:SP_3694,Parc St Agne,3
2308191,16:41:00,16:41:10,stop_point:SP_217,Lapeyrade,4
2308191,16:41:00,16:41:10,stop_point:SP_1729,Poste de Ramonville,5
2308191,16:42:00,16:42:10,stop_point:SP_1884,Mairie Ramonville,6
2308191,16:43:00,16:43:10,stop_point:SP_2267,Pastourelles,7
2308191,16:45:00,16:45:10,stop_point:SP_5017,Floralies,8
2308191,16:46:00,16:46:10,stop_point:SP_5031,Suisse,9
2308191,16:47:00,16:47:10,stop_point:SP_1428,Château de Soule,10
2308191,16:48:00,16:48:10,stop_point:SP_2253,Tourterelles,11
2308191,16:49:00,16:49:10,stop_point:SP_1252,Coteaux,12
2308191,16:50:00,16:50:10,stop_point:SP_1652,Mairie Auzeville,13
2308191,16:51:00,16:51:10,stop_point:SP_590,Prat,14
2308191,16:51:00,16:51:10,stop_point:SP_1333,Mayrine,15
2308191,16:52:00,16:52:10,stop_point:SP_3189,Auzeville Eglise,16
2308192,17:12:00,17:12:10,stop_point:SP_5037,Université Paul Sabatier,1
2308192,17:14:00,17:14:10,stop_point:SP_515,Clotasses,2
2308192,17:15:00,17:15:10,stop_point:SP_3694,Parc St Agne,3
2308192,17:16:00,17:16:10,stop_point:SP_217,Lapeyrade,4
2308192,17:16:00,17:16:10,stop_point:SP_1729,Poste de Ramonville,5
2308192,17:17:00,17:17:10,stop_point:SP_1884,Mairie Ramonville,6
2308192,17:18:00,17:18:10,stop_point:SP_2267,Pastourelles,7
2308192,17:20:00,17:20:10,stop_point:SP_5017,Floralies,8
2308192,17:21:00,17:21:10,stop_point:SP_5031,Suisse,9
2308192,17:22:00,17:22:10,stop_point:SP_1428,Château de Soule,10
2308192,17:23:00,17:23:10,stop_point:SP_2253,Tourterelles,11
2308192,17:24:00,17:24:10,stop_point:SP_1252,Coteaux,12
2308192,17:25:00,17:25:10,stop_point:SP_1652,Mairie Auzeville,13
2308192,17:26:00,17:26:10,stop_point:SP_590,Prat,14
2308192,17:26:00,17:26:10,stop_point:SP_1333,Mayrine,15
2308192,17:27:00,17:27:10,stop_point:SP_3189,Auzeville Eglise,16
2308193,17:47:00,17:47:10,stop_point:SP_5037,Université Paul Sabatier,1
2308193,17:49:00,17:49:10,stop_point:SP_515,Clotasses,2
2308193,17:50:00,17:50:10,stop_point:SP_3694,Parc St Agne,3
2308193,17:51:00,17:51:10,stop_point:SP_217,Lapeyrade,4
2308193,17:51:00,17:51:10,stop_point:SP_1729,Poste de Ramonville,5
2308193,17:52:00,17:52:10,stop_point:SP_1884,Mairie Ramonville,6
2308193,17:53:00,17:53:10,stop_point:SP_2267,Pastourelles,7
2308193,17:55:00,17:55:10,stop_point:SP_5017,Floralies,8
2308193,17:56:00,17:56:10,stop_point:SP_5031,Suisse,9
2308193,17:57:00,17:57:10,stop_point:SP_1428,Château de Soule,10
2308193,17:58:00,17:58:10,stop_point:SP_2253,Tourterelles,11
2308193,17:59:00,17:59:10,stop_point:SP_1252,Coteaux,12
2308193,18:00:00,18:00:10,stop_point:SP_1652,Mairie Auzeville,13
2308193,18:01:00,18:01:10,stop_point:SP_590,Prat,14
2308193,18:01:00,18:01:10,stop_point:SP_1333,Mayrine,15
2308193,18:02:00,18:02:10,stop_point:SP_3189,Auzeville Eglise,16
2308194,18:22:00,18:22:10,stop_point:SP_5037,Université Paul Sabatier,1
2308194,18:24:00,18:24:10,stop_point:SP_515,Clotasses,2
2308194,18:25:00,18:25:10,stop_point:SP_3694,Parc St Agne,3
2308194,18:26:00,18:26:10,stop_point:SP_217,Lapeyrade,4
2308194,18:26:00,18:26:10,stop_point:SP_1729,Poste de Ramonville,5
2308194,18:27:00,18:27:10,stop_point:SP_1884,Mairie Ramonville,6
2308194,18:28:00,18:28:10,stop_point:SP_2267,Pastourelles,7
2308194,18:30:00,18:30:10,stop_point:SP_5017,Floralies,8
2308194,18:31:00,18:31:10,stop_point:SP_5031,Suisse,9
2308194,18:32:00,18:32:10,stop_point:SP_1428,Château de Soule,10
2308194,18:33:00,18:33:10,stop_point:SP_2253,Tourterelles,11
2308194,18:34:00,18:34:10,stop_point:SP_1252,Coteaux,12
2308194,18:35:00,18:35:10,stop_point:SP_1652,Mairie Auzeville,13
2308194,18:36:00,18:36:10,stop_point:SP_590,Prat,14
2308194,18:36:00,18:36:10,stop_point:SP_1333,Mayrine,15
2308194,18:37:00,18:37:10,stop_point:SP_3189,Auzeville Eglise,16
2308195,18:57:00,18:57:10,stop_point:SP_5037,Université Paul Sabatier,1
2308195,18:59:00,18:59:10,stop_point:SP_515,Clotasses,2
2308195,19:00:00,19:00:10,stop_point:SP_3694,Parc St Agne,3
2308195,19:01:00,19:01:10,stop_point:SP_217,Lapeyrade,4
2308195,19:01:00,19:01:10,stop_point:SP_1729,Poste de Ramonville,5
2308195,19:02:00,19:02:10,stop_point:SP_1884,Mairie Ramonville,6
2308195,19:03:00,19:03:10,stop_point:SP_2267,Pastourelles,7
2308195,19:05:00,19:05:10,stop_point:SP_5017,Floralies,8
2308195,19:06:00,19:06:10,stop_point:SP_5031,Suisse,9
2308195,19:07:00,19:07:10,stop_point:SP_1428,Château de Soule,10
2308195,19:08:00,19:08:10,stop_point:SP_2253,Tourterelles,11
2308195,19:09:00,19:09:10,stop_point:SP_1252,Coteaux,12
2308195,19:10:00,19:10:10,stop_point:SP_1652,Mairie Auzeville,13
2308195,19:11:00,19:11:10,stop_point:SP_590,Prat,14
2308195,19:11:00,19:11:10,stop_point:SP_1333,Mayrine,15
2308195,19:12:00,19:12:10,stop_point:SP_3189,Auzeville Eglise,16
2308196,19:32:00,19:32:10,stop_point:SP_5037,Université Paul Sabatier,1
2308196,19:34:00,19:34:10,stop_point:SP_515,Clotasses,2
2308196,19:35:00,19:35:10,stop_point:SP_3694,Parc St Agne,3
2308196,19:36:00,19:36:10,stop_point:SP_217,Lapeyrade,4
2308196,19:36:00,19:36:10,stop_point:SP_1729,Poste de Ramonville,5
2308196,19:37:00,19:37:10,stop_point:SP_1884,Mairie Ramonville,6
2308196,19:38:00,19:38:10,stop_point:SP_2267,Pastourelles,7
2308196,19:40:00,19:40:10,stop_point:SP_5017,Floralies,8
2308196,19:41:00,19:41:10,stop_point:SP_5031,Suisse,9
2308196,19:42:00,19:42:10,stop_point:SP_1428,Château de Soule,10
2308196,19:43:00,19:43:10,stop_point:SP_2253,Tourterelles,11
2308196,19:44:00,19:44:10,stop_point:SP_1252,Coteaux,12
2308196,19:45:00,19:45:10,stop_point:SP_1652,Mairie Auzeville,13
2308196,19:46:00,19:46:10,stop_point:SP_590,Prat,14
2308196,19:46:00,19:46:10,stop_point:SP_1333,Mayrine,15
2308196,19:47:00,19:47:10,stop_point:SP_3189,Auzeville Eglise,16
2308197,20:06:00,20:06:10,stop_point:SP_5037,Université Paul Sabatier,1
2308197,20:08:00,20:08:10,stop_point:SP_515,Clotasses,2
2308197,20:09:00,20:09:10,stop_point:SP_3694,Parc St Agne,3
2308197,20:10:00,20:10:10,stop_point:SP_217,Lapeyrade,4
2308197,20:10:00,20:10:10,stop_point:SP_1729,Poste de Ramonville,5
2308197,20:11:00,20:11:10,stop_point:SP_1884,Mairie Ramonville,6
2308197,20:12:00,20:12:10,stop_point:SP_2267,Pastourelles,7
2308197,20:13:00,20:13:10,stop_point:SP_5017,Floralies,8
2308197,20:14:00,20:14:10,stop_point:SP_5031,Suisse,9
2308197,20:15:00,20:15:10,stop_point:SP_1428,Château de Soule,10
2308197,20:16:00,20:16:10,stop_point:SP_2253,Tourterelles,11
2308197,20:17:00,20:17:10,stop_point:SP_1252,Coteaux,12
2308197,20:18:00,20:18:10,stop_point:SP_1652,Mairie Auzeville,13
2308197,20:19:00,20:19:10,stop_point:SP_590,Prat,14
2308197,20:19:00,20:19:10,stop_point:SP_1333,Mayrine,15
2308197,20:20:00,20:20:10,stop_point:SP_3189,Auzeville Eglise,16
2308198,20:43:00,20:43:10,stop_point:SP_5037,Université Paul Sabatier,1
2308198,20:45:00,20:45:10,stop_point:SP_515,Clotasses,2
2308198,20:46:00,20:46:10,stop_point:SP_3694,Parc St Agne,3
2308198,20:47:00,20:47:10,stop_point:SP_217,Lapeyrade,4
2308198,20:47:00,20:47:10,stop_point:SP_1729,Poste de Ramonville,5
2308198,20:48:00,20:48:10,stop_point:SP_1884,Mairie Ramonville,6
2308198,20:49:00,20:49:10,stop_point:SP_2267,Pastourelles,7
2308198,20:50:00,20:50:10,stop_point:SP_5017,Floralies,8
2308198,20:51:00,20:51:10,stop_point:SP_5031,Suisse,9
2308198,20:52:00,20:52:10,stop_point:SP_1428,Château de Soule,10
2308198,20:53:00,20:53:10,stop_point:SP_2253,Tourterelles,11
2308198,20:54:00,20:54:10,stop_point:SP_1252,Coteaux,12
2308198,20:55:00,20:55:10,stop_point:SP_1652,Mairie Auzeville,13
2308198,20:56:00,20:56:10,stop_point:SP_590,Prat,14
2308198,20:56:00,20:56:10,stop_point:SP_1333,Mayrine,15
2308198,20:57:00,20:57:10,stop_point:SP_3189,Auzeville Eglise,16
2308199,06:04:00,06:04:10,stop_point:SP_3189,Auzeville Eglise,1
2308199,06:05:00,06:05:10,stop_point:SP_1366,Mayrine,2
2308199,06:05:00,06:05:10,stop_point:SP_765,Prat,3
2308199,06:06:00,06:06:10,stop_point:SP_2796,Mairie Auzeville,4
2308199,06:07:00,06:07:10,stop_point:SP_693,Coteaux,5
2308199,06:08:00,06:08:10,stop_point:SP_1684,Tourterelles,6
2308199,06:09:00,06:09:10,stop_point:SP_1428,Château de Soule,7
2308199,06:10:00,06:10:10,stop_point:SP_762,Suisse,8
2308199,06:11:00,06:11:10,stop_point:SP_5018,Floralies,9
2308199,06:12:00,06:12:10,stop_point:SP_1367,Pastourelles,10
2308199,06:13:00,06:13:10,stop_point:SP_2179,Mairie Ramonville,11
2308199,06:14:00,06:14:10,stop_point:SP_3550,Poste de Ramonville,12
2308199,06:15:00,06:15:10,stop_point:SP_2158,Lapeyrade,13
2308199,06:16:00,06:16:10,stop_point:SP_1746,Parc St Agne,14
2308199,06:17:00,06:17:10,stop_point:SP_3941,Clotasses,15
2308199,06:18:00,06:18:10,stop_point:SP_5037,Université Paul Sabatier,16
2308200,06:39:00,06:39:10,stop_point:SP_3189,Auzeville Eglise,1
2308200,06:40:00,06:40:10,stop_point:SP_1366,Mayrine,2
2308200,06:40:00,06:40:10,stop_point:SP_765,Prat,3
2308200,06:41:00,06:41:10,stop_point:SP_2796,Mairie Auzeville,4
2308200,06:42:00,06:42:10,stop_point:SP_693,Coteaux,5
2308200,06:43:00,06:43:10,stop_point:SP_1684,Tourterelles,6
2308200,06:44:00,06:44:10,stop_point:SP_1428,Château de Soule,7
2308200,06:45:00,06:45:10,stop_point:SP_762,Suisse,8
2308200,06:46:00,06:46:10,stop_point:SP_5018,Floralies,9
2308200,06:47:00,06:47:10,stop_point:SP_1367,Pastourelles,10
2308200,06:48:00,06:48:10,stop_point:SP_2179,Mairie Ramonville,11
2308200,06:49:00,06:49:10,stop_point:SP_3550,Poste de Ramonville,12
2308200,06:50:00,06:50:10,stop_point:SP_2158,Lapeyrade,13
2308200,06:51:00,06:51:10,stop_point:SP_1746,Parc St Agne,14
2308200,06:52:00,06:52:10,stop_point:SP_3941,Clotasses,15
2308200,06:53:00,06:53:10,stop_point:SP_5037,Université Paul Sabatier,16
2308201,07:14:00,07:14:10,stop_point:SP_3189,Auzeville Eglise,1
2308201,07:15:00,07:15:10,stop_point:SP_1366,Mayrine,2
2308201,07:15:00,07:15:10,stop_point:SP_765,Prat,3
2308201,07:16:00,07:16:10,stop_point:SP_2796,Mairie Auzeville,4
2308201,07:17:00,07:17:10,stop_point:SP_693,Coteaux,5
2308201,07:18:00,07:18:10,stop_point:SP_1684,Tourterelles,6
2308201,07:19:00,07:19:10,stop_point:SP_1428,Château de Soule,7
2308201,07:20:00,07:20:10,stop_point:SP_762,Suisse,8
2308201,07:21:00,07:21:10,stop_point:SP_5018,Floralies,9
2308201,07:22:00,07:22:10,stop_point:SP_1367,Pastourelles,10
2308201,07:23:00,07:23:10,stop_point:SP_2179,Mairie Ramonville,11
2308201,07:24:00,07:24:10,stop_point:SP_3550,Poste de Ramonville,12
2308201,07:25:00,07:25:10,stop_point:SP_2158,Lapeyrade,13
2308201,07:26:00,07:26:10,stop_point:SP_1746,Parc St Agne,14
2308201,07:27:00,07:27:10,stop_point:SP_3941,Clotasses,15
2308201,07:28:00,07:28:10,stop_point:SP_5037,Université Paul Sabatier,16
2308202,07:49:00,07:49:10,stop_point:SP_3189,Auzeville Eglise,1
2308202,07:50:00,07:50:10,stop_point:SP_1366,Mayrine,2
2308202,07:50:00,07:50:10,stop_point:SP_765,Prat,3
2308202,07:51:00,07:51:10,stop_point:SP_2796,Mairie Auzeville,4
2308202,07:52:00,07:52:10,stop_point:SP_693,Coteaux,5
2308202,07:53:00,07:53:10,stop_point:SP_1684,Tourterelles,6
2308202,07:54:00,07:54:10,stop_point:SP_1428,Château de Soule,7
2308202,07:55:00,07:55:10,stop_point:SP_762,Suisse,8
2308202,07:56:00,07:56:10,stop_point:SP_5018,Floralies,9
2308202,07:57:00,07:57:10,stop_point:SP_1367,Pastourelles,10
2308202,07:58:00,07:58:10,stop_point:SP_2179,Mairie Ramonville,11
2308202,07:59:00,07:59:10,stop_point:SP_3550,Poste de Ramonville,12
2308202,08:00:00,08:00:10,stop_point:SP_2158,Lapeyrade,13
2308202,08:01:00,08:01:10,stop_point:SP_1746,Parc St Agne,14
2308202,08:02:00,08:02:10,stop_point:SP_3941,Clotasses,15
2308202,08:03:00,08:03:10,stop_point:SP_5037,Université Paul Sabatier,16
2308203,08:24:00,08:24:10,stop_point:SP_3189,Auzeville Eglise,1
2308203,08:25:00,08:25:10,stop_point:SP_1366,Mayrine,2
2308203,08:25:00,08:25:10,stop_point:SP_765,Prat,3
2308203,08:26:00,08:26:10,stop_point:SP_2796,Mairie Auzeville,4
2308203,08:27:00,08:27:10,stop_point:SP_693,Coteaux,5
2308203,08:28:00,08:28:10,stop_point:SP_1684,Tourterelles,6
2308203,08:29:00,08:29:10,stop_point:SP_1428,Château de Soule,7
2308203,08:30:00,08:30:10,stop_point:SP_762,Suisse,8
2308203,08:31:00,08:31:10,stop_point:SP_5018,Floralies,9
2308203,08:32:00,08:32:10,stop_point:SP_1367,Pastourelles,10
2308203,08:33:00,08:33:10,stop_point:SP_2179,Mairie Ramonville,11
2308203,08:34:00,08:34:10,stop_point:SP_3550,Poste de Ramonville,12
2308203,08:35:00,08:35:10,stop_point:SP_2158,Lapeyrade,13
2308203,08:36:00,08:36:10,stop_point:SP_1746,Parc St Agne,14
2308203,08:37:00,08:37:10,stop_point:SP_3941,Clotasses,15
2308203,08:38:00,08:38:10,stop_point:SP_5037,Université Paul Sabatier,16
2308204,08:57:00,08:57:10,stop_point:SP_3189,Auzeville Eglise,1
2308204,08:58:00,08:58:10,stop_point:SP_1366,Mayrine,2
2308204,08:58:00,08:58:10,stop_point:SP_765,Prat,3
2308204,08:59:00,08:59:10,stop_point:SP_2796,Mairie Auzeville,4
2308204,09:00:00,09:00:10,stop_point:SP_693,Coteaux,5
2308204,09:01:00,09:01:10,stop_point:SP_1684,Tourterelles,6
2308204,09:02:00,09:02:10,stop_point:SP_1428,Château de Soule,7
2308204,09:03:00,09:03:10,stop_point:SP_762,Suisse,8
2308204,09:05:00,09:05:10,stop_point:SP_5018,Floralies,9
2308204,09:06:00,09:06:10,stop_point:SP_1367,Pastourelles,10
2308204,09:07:00,09:07:10,stop_point:SP_2179,Mairie Ramonville,11
2308204,09:08:00,09:08:10,stop_point:SP_3550,Poste de Ramonville,12
2308204,09:09:00,09:09:10,stop_point:SP_2158,Lapeyrade,13
2308204,09:10:00,09:10:10,stop_point:SP_1746,Parc St Agne,14
2308204,09:12:00,09:12:10,stop_point:SP_3941,Clotasses,15
2308204,09:13:00,09:13:10,stop_point:SP_5037,Université Paul Sabatier,16
2308205,09:32:00,09:32:10,stop_point:SP_3189,Auzeville Eglise,1
2308205,09:33:00,09:33:10,stop_point:SP_1366,Mayrine,2
2308205,09:33:00,09:33:10,stop_point:SP_765,Prat,3
2308205,09:34:00,09:34:10,stop_point:SP_2796,Mairie Auzeville,4
2308205,09:35:00,09:35:10,stop_point:SP_693,Coteaux,5
2308205,09:36:00,09:36:10,stop_point:SP_1684,Tourterelles,6
2308205,09:37:00,09:37:10,stop_point:SP_1428,Château de Soule,7
2308205,09:38:00,09:38:10,stop_point:SP_762,Suisse,8
2308205,09:40:00,09:40:10,stop_point:SP_5018,Floralies,9
2308205,09:41:00,09:41:10,stop_point:SP_1367,Pastourelles,10
2308205,09:42:00,09:42:10,stop_point:SP_2179,Mairie Ramonville,11
2308205,09:43:00,09:43:10,stop_point:SP_3550,Poste de Ramonville,12
2308205,09:44:00,09:44:10,stop_point:SP_2158,Lapeyrade,13
2308205,09:45:00,09:45:10,stop_point:SP_1746,Parc St Agne,14
2308205,09:47:00,09:47:10,stop_point:SP_3941,Clotasses,15
2308205,09:48:00,09:48:10,stop_point:SP_5037,Université Paul Sabatier,16
2308206,10:07:00,10:07:10,stop_point:SP_3189,Auzeville Eglise,1
2308206,10:08:00,10:08:10,stop_point:SP_1366,Mayrine,2
2308206,10:08:00,10:08:10,stop_point:SP_765,Prat,3
2308206,10:09:00,10:09:10,stop_point:SP_2796,Mairie Auzeville,4
2308206,10:10:00,10:10:10,stop_point:SP_693,Coteaux,5
2308206,10:11:00,10:11:10,stop_point:SP_1684,Tourterelles,6
2308206,10:12:00,10:12:10,stop_point:SP_1428,Château de Soule,7
2308206,10:13:00,10:13:10,stop_point:SP_762,Suisse,8
2308206,10:15:00,10:15:10,stop_point:SP_5018,Floralies,9
2308206,10:16:00,10:16:10,stop_point:SP_1367,Pastourelles,10
2308206,10:17:00,10:17:10,stop_point:SP_2179,Mairie Ramonville,11
2308206,10:18:00,10:18:10,stop_point:SP_3550,Poste de Ramonville,12
2308206,10:19:00,10:19:10,stop_point:SP_2158,Lapeyrade,13
2308206,10:20:00,10:20:10,stop_point:SP_1746,Parc St Agne,14
2308206,10:22:00,10:22:10,stop_point:SP_3941,Clotasses,15
2308206,10:23:00,10:23:10,stop_point:SP_5037,Université Paul Sabatier,16
2308207,10:41:00,10:41:10,stop_point:SP_3189,Auzeville Eglise,1
2308207,10:42:00,10:42:10,stop_point:SP_1366,Mayrine,2
2308207,10:42:00,10:42:10,stop_point:SP_765,Prat,3
2308207,10:43:00,10:43:10,stop_point:SP_2796,Mairie Auzeville,4
2308207,10:44:00,10:44:10,stop_point:SP_693,Coteaux,5
2308207,10:45:00,10:45:10,stop_point:SP_1684,Tourterelles,6
2308207,10:46:00,10:46:10,stop_point:SP_1428,Château de Soule,7
2308207,10:47:00,10:47:10,stop_point:SP_762,Suisse,8
2308207,10:49:00,10:49:10,stop_point:SP_5018,Floralies,9
2308207,10:51:00,10:51:10,stop_point:SP_1367,Pastourelles,10
2308207,10:52:00,10:52:10,stop_point:SP_2179,Mairie Ramonville,11
2308207,10:53:00,10:53:10,stop_point:SP_3550,Poste de Ramonville,12
2308207,10:54:00,10:54:10,stop_point:SP_2158,Lapeyrade,13
2308207,10:55:00,10:55:10,stop_point:SP_1746,Parc St Agne,14
2308207,10:57:00,10:57:10,stop_point:SP_3941,Clotasses,15
2308207,10:58:00,10:58:10,stop_point:SP_5037,Université Paul Sabatier,16
2308208,11:17:00,11:17:10,stop_point:SP_3189,Auzeville Eglise,1
2308208,11:18:00,11:18:10,stop_point:SP_1366,Mayrine,2
2308208,11:18:00,11:18:10,stop_point:SP_765,Prat,3
2308208,11:19:00,11:19:10,stop_point:SP_2796,Mairie Auzeville,4
2308208,11:20:00,11:20:10,stop_point:SP_693,Coteaux,5
2308208,11:21:00,11:21:10,stop_point:SP_1684,Tourterelles,6
2308208,11:22:00,11:22:10,stop_point:SP_1428,Château de Soule,7
2308208,11:23:00,11:23:10,stop_point:SP_762,Suisse,8
2308208,11:25:00,11:25:10,stop_point:SP_5018,Floralies,9
2308208,11:26:00,11:26:10,stop_point:SP_1367,Pastourelles,10
2308208,11:27:00,11:27:10,stop_point:SP_2179,Mairie Ramonville,11
2308208,11:28:00,11:28:10,stop_point:SP_3550,Poste de Ramonville,12
2308208,11:29:00,11:29:10,stop_point:SP_2158,Lapeyrade,13
2308208,11:30:00,11:30:10,stop_point:SP_1746,Parc St Agne,14
2308208,11:32:00,11:32:10,stop_point:SP_3941,Clotasses,15
2308208,11:33:00,11:33:10,stop_point:SP_5037,Université Paul Sabatier,16
2308209,11:47:00,11:47:10,stop_point:SP_3189,Auzeville Eglise,1
2308209,11:48:00,11:48:10,stop_point:SP_1366,Mayrine,2
2308209,11:48:00,11:48:10,stop_point:SP_765,Prat,3
2308209,11:49:00,11:49:10,stop_point:SP_2796,Mairie Auzeville,4
2308209,11:50:00,11:50:10,stop_point:SP_693,Coteaux,5
2308209,11:51:00,11:51:10,stop_point:SP_1684,Tourterelles,6
2308209,11:52:00,11:52:10,stop_point:SP_1428,Château de Soule,7
2308209,11:53:00,11:53:10,stop_point:SP_762,Suisse,8
2308209,11:55:00,11:55:10,stop_point:SP_5018,Floralies,9
2308209,11:56:00,11:56:10,stop_point:SP_1367,Pastourelles,10
2308209,11:57:00,11:57:10,stop_point:SP_2179,Mairie Ramonville,11
2308209,11:58:00,11:58:10,stop_point:SP_3550,Poste de Ramonville,12
2308209,11:59:00,11:59:10,stop_point:SP_2158,Lapeyrade,13
2308209,12:00:00,12:00:10,stop_point:SP_1746,Parc St Agne,14
2308209,12:02:00,12:02:10,stop_point:SP_3941,Clotasses,15
2308209,12:03:00,12:03:10,stop_point:SP_5037,Université Paul Sabatier,16
2308210,12:22:00,12:22:10,stop_point:SP_3189,Auzeville Eglise,1
2308210,12:23:00,12:23:10,stop_point:SP_1366,Mayrine,2
2308210,12:23:00,12:23:10,stop_point:SP_765,Prat,3
2308210,12:24:00,12:24:10,stop_point:SP_2796,Mairie Auzeville,4
2308210,12:25:00,12:25:10,stop_point:SP_693,Coteaux,5
2308210,12:26:00,12:26:10,stop_point:SP_1684,Tourterelles,6
2308210,12:27:00,12:27:10,stop_point:SP_1428,Château de Soule,7
2308210,12:28:00,12:28:10,stop_point:SP_762,Suisse,8
2308210,12:30:00,12:30:10,stop_point:SP_5018,Floralies,9
2308210,12:31:00,12:31:10,stop_point:SP_1367,Pastourelles,10
2308210,12:32:00,12:32:10,stop_point:SP_2179,Mairie Ramonville,11
2308210,12:33:00,12:33:10,stop_point:SP_3550,Poste de Ramonville,12
2308210,12:34:00,12:34:10,stop_point:SP_2158,Lapeyrade,13
2308210,12:35:00,12:35:10,stop_point:SP_1746,Parc St Agne,14
2308210,12:37:00,12:37:10,stop_point:SP_3941,Clotasses,15
2308210,12:38:00,12:38:10,stop_point:SP_5037,Université Paul Sabatier,16
2308211,13:02:00,13:02:10,stop_point:SP_3189,Auzeville Eglise,1
2308211,13:03:00,13:03:10,stop_point:SP_1366,Mayrine,2
2308211,13:03:00,13:03:10,stop_point:SP_765,Prat,3
2308211,13:04:00,13:04:10,stop_point:SP_2796,Mairie Auzeville,4
2308211,13:05:00,13:05:10,stop_point:SP_693,Coteaux,5
2308211,13:06:00,13:06:10,stop_point:SP_1684,Tourterelles,6
2308211,13:07:00,13:07:10,stop_point:SP_1428,Château de Soule,7
2308211,13:08:00,13:08:10,stop_point:SP_762,Suisse,8
2308211,13:10:00,13:10:10,stop_point:SP_5018,Floralies,9
2308211,13:11:00,13:11:10,stop_point:SP_1367,Pastourelles,10
2308211,13:12:00,13:12:10,stop_point:SP_2179,Mairie Ramonville,11
2308211,13:13:00,13:13:10,stop_point:SP_3550,Poste de Ramonville,12
2308211,13:14:00,13:14:10,stop_point:SP_2158,Lapeyrade,13
2308211,13:15:00,13:15:10,stop_point:SP_1746,Parc St Agne,14
2308211,13:17:00,13:17:10,stop_point:SP_3941,Clotasses,15
2308211,13:18:00,13:18:10,stop_point:SP_5037,Université Paul Sabatier,16
2308212,13:42:00,13:42:10,stop_point:SP_3189,Auzeville Eglise,1
2308212,13:43:00,13:43:10,stop_point:SP_1366,Mayrine,2
2308212,13:43:00,13:43:10,stop_point:SP_765,Prat,3
2308212,13:44:00,13:44:10,stop_point:SP_2796,Mairie Auzeville,4
2308212,13:45:00,13:45:10,stop_point:SP_693,Coteaux,5
2308212,13:46:00,13:46:10,stop_point:SP_1684,Tourterelles,6
2308212,13:47:00,13:47:10,stop_point:SP_1428,Château de Soule,7
2308212,13:48:00,13:48:10,stop_point:SP_762,Suisse,8
2308212,13:50:00,13:50:10,stop_point:SP_5018,Floralies,9
2308212,13:51:00,13:51:10,stop_point:SP_1367,Pastourelles,10
2308212,13:52:00,13:52:10,stop_point:SP_2179,Mairie Ramonville,11
2308212,13:53:00,13:53:10,stop_point:SP_3550,Poste de Ramonville,12
2308212,13:54:00,13:54:10,stop_point:SP_2158,Lapeyrade,13
2308212,13:55:00,13:55:10,stop_point:SP_1746,Parc St Agne,14
2308212,13:57:00,13:57:10,stop_point:SP_3941,Clotasses,15
2308212,13:58:00,13:58:10,stop_point:SP_5037,Université Paul Sabatier,16
2308213,14:11:00,14:11:10,stop_point:SP_3189,Auzeville Eglise,1
2308213,14:12:00,14:12:10,stop_point:SP_1366,Mayrine,2
2308213,14:12:00,14:12:10,stop_point:SP_765,Prat,3
2308213,14:13:00,14:13:10,stop_point:SP_2796,Mairie Auzeville,4
2308213,14:14:00,14:14:10,stop_point:SP_693,Coteaux,5
2308213,14:15:00,14:15:10,stop_point:SP_1684,Tourterelles,6
2308213,14:16:00,14:16:10,stop_point:SP_1428,Château de Soule,7
2308213,14:17:00,14:17:10,stop_point:SP_762,Suisse,8
2308213,14:19:00,14:19:10,stop_point:SP_5018,Floralies,9
2308213,14:20:00,14:20:10,stop_point:SP_1367,Pastourelles,10
2308213,14:21:00,14:21:10,stop_point:SP_2179,Mairie Ramonville,11
2308213,14:22:00,14:22:10,stop_point:SP_3550,Poste de Ramonville,12
2308213,14:23:00,14:23:10,stop_point:SP_2158,Lapeyrade,13
2308213,14:24:00,14:24:10,stop_point:SP_1746,Parc St Agne,14
2308213,14:26:00,14:26:10,stop_point:SP_3941,Clotasses,15
2308213,14:27:00,14:27:10,stop_point:SP_5037,Université Paul Sabatier,16
2308214,14:46:00,14:46:10,stop_point:SP_3189,Auzeville Eglise,1
2308214,14:47:00,14:47:10,stop_point:SP_1366,Mayrine,2
2308214,14:47:00,14:47:10,stop_point:SP_765,Prat,3
2308214,14:48:00,14:48:10,stop_point:SP_2796,Mairie Auzeville,4
2308214,14:49:00,14:49:10,stop_point:SP_693,Coteaux,5
2308214,14:50:00,14:50:10,stop_point:SP_1684,Tourterelles,6
2308214,14:51:00,14:51:10,stop_point:SP_1428,Château de Soule,7
2308214,14:52:00,14:52:10,stop_point:SP_762,Suisse,8
2308214,14:54:00,14:54:10,stop_point:SP_5018,Floralies,9
2308214,14:55:00,14:55:10,stop_point:SP_1367,Pastourelles,10
2308214,14:56:00,14:56:10,stop_point:SP_2179,Mairie Ramonville,11
2308214,14:57:00,14:57:10,stop_point:SP_3550,Poste de Ramonville,12
2308214,14:58:00,14:58:10,stop_point:SP_2158,Lapeyrade,13
2308214,14:59:00,14:59:10,stop_point:SP_1746,Parc St Agne,14
2308214,15:01:00,15:01:10,stop_point:SP_3941,Clotasses,15
2308214,15:02:00,15:02:10,stop_point:SP_5037,Université Paul Sabatier,16
2308215,15:22:00,15:22:10,stop_point:SP_3189,Auzeville Eglise,1
2308215,15:23:00,15:23:10,stop_point:SP_1366,Mayrine,2
2308215,15:23:00,15:23:10,stop_point:SP_765,Prat,3
2308215,15:24:00,15:24:10,stop_point:SP_2796,Mairie Auzeville,4
2308215,15:25:00,15:25:10,stop_point:SP_693,Coteaux,5
2308215,15:26:00,15:26:10,stop_point:SP_1684,Tourterelles,6
2308215,15:27:00,15:27:10,stop_point:SP_1428,Château de Soule,7
2308215,15:28:00,15:28:10,stop_point:SP_762,Suisse,8
2308215,15:30:00,15:30:10,stop_point:SP_5018,Floralies,9
2308215,15:31:00,15:31:10,stop_point:SP_1367,Pastourelles,10
2308215,15:32:00,15:32:10,stop_point:SP_2179,Mairie Ramonville,11
2308215,15:33:00,15:33:10,stop_point:SP_3550,Poste de Ramonville,12
2308215,15:34:00,15:34:10,stop_point:SP_2158,Lapeyrade,13
2308215,15:35:00,15:35:10,stop_point:SP_1746,Parc St Agne,14
2308215,15:37:00,15:37:10,stop_point:SP_3941,Clotasses,15
2308215,15:38:00,15:38:10,stop_point:SP_5037,Université Paul Sabatier,16
2308216,15:57:00,15:57:10,stop_point:SP_3189,Auzeville Eglise,1
2308216,15:58:00,15:58:10,stop_point:SP_1366,Mayrine,2
2308216,15:58:00,15:58:10,stop_point:SP_765,Prat,3
2308216,15:59:00,15:59:10,stop_point:SP_2796,Mairie Auzeville,4
2308216,16:00:00,16:00:10,stop_point:SP_693,Coteaux,5
2308216,16:01:00,16:01:10,stop_point:SP_1684,Tourterelles,6
2308216,16:02:00,16:02:10,stop_point:SP_1428,Château de Soule,7
2308216,16:03:00,16:03:10,stop_point:SP_762,Suisse,8
2308216,16:05:00,16:05:10,stop_point:SP_5018,Floralies,9
2308216,16:06:00,16:06:10,stop_point:SP_1367,Pastourelles,10
2308216,16:07:00,16:07:10,stop_point:SP_2179,Mairie Ramonville,11
2308216,16:08:00,16:08:10,stop_point:SP_3550,Poste de Ramonville,12
2308216,16:09:00,16:09:10,stop_point:SP_2158,Lapeyrade,13
2308216,16:10:00,16:10:10,stop_point:SP_1746,Parc St Agne,14
2308216,16:12:00,16:12:10,stop_point:SP_3941,Clotasses,15
2308216,16:13:00,16:13:10,stop_point:SP_5037,Université Paul Sabatier,16
2308217,16:32:00,16:32:10,stop_point:SP_3189,Auzeville Eglise,1
2308217,16:33:00,16:33:10,stop_point:SP_1366,Mayrine,2
2308217,16:33:00,16:33:10,stop_point:SP_765,Prat,3
2308217,16:34:00,16:34:10,stop_point:SP_2796,Mairie Auzeville,4
2308217,16:35:00,16:35:10,stop_point:SP_693,Coteaux,5
2308217,16:36:00,16:36:10,stop_point:SP_1684,Tourterelles,6
2308217,16:37:00,16:37:10,stop_point:SP_1428,Château de Soule,7
2308217,16:38:00,16:38:10,stop_point:SP_762,Suisse,8
2308217,16:40:00,16:40:10,stop_point:SP_5018,Floralies,9
2308217,16:41:00,16:41:10,stop_point:SP_1367,Pastourelles,10
2308217,16:42:00,16:42:10,stop_point:SP_2179,Mairie Ramonville,11
2308217,16:43:00,16:43:10,stop_point:SP_3550,Poste de Ramonville,12
2308217,16:44:00,16:44:10,stop_point:SP_2158,Lapeyrade,13
2308217,16:45:00,16:45:10,stop_point:SP_1746,Parc St Agne,14
2308217,16:47:00,16:47:10,stop_point:SP_3941,Clotasses,15
2308217,16:48:00,16:48:10,stop_point:SP_5037,Université Paul Sabatier,16
2308218,17:07:00,17:07:10,stop_point:SP_3189,Auzeville Eglise,1
2308218,17:08:00,17:08:10,stop_point:SP_1366,Mayrine,2
2308218,17:08:00,17:08:10,stop_point:SP_765,Prat,3
2308218,17:09:00,17:09:10,stop_point:SP_2796,Mairie Auzeville,4
2308218,17:10:00,17:10:10,stop_point:SP_693,Coteaux,5
2308218,17:11:00,17:11:10,stop_point:SP_1684,Tourterelles,6
2308218,17:12:00,17:12:10,stop_point:SP_1428,Château de Soule,7
2308218,17:13:00,17:13:10,stop_point:SP_762,Suisse,8
2308218,17:15:00,17:15:10,stop_point:SP_5018,Floralies,9
2308218,17:16:00,17:16:10,stop_point:SP_1367,Pastourelles,10
2308218,17:17:00,17:17:10,stop_point:SP_2179,Mairie Ramonville,11
2308218,17:18:00,17:18:10,stop_point:SP_3550,Poste de Ramonville,12
2308218,17:19:00,17:19:10,stop_point:SP_2158,Lapeyrade,13
2308218,17:20:00,17:20:10,stop_point:SP_1746,Parc St Agne,14
2308218,17:22:00,17:22:10,stop_point:SP_3941,Clotasses,15
2308218,17:23:00,17:23:10,stop_point:SP_5037,Université Paul Sabatier,16
2308219,17:42:00,17:42:10,stop_point:SP_3189,Auzeville Eglise,1
2308219,17:43:00,17:43:10,stop_point:SP_1366,Mayrine,2
2308219,17:43:00,17:43:10,stop_point:SP_765,Prat,3
2308219,17:44:00,17:44:10,stop_point:SP_2796,Mairie Auzeville,4
2308219,17:45:00,17:45:10,stop_point:SP_693,Coteaux,5
2308219,17:46:00,17:46:10,stop_point:SP_1684,Tourterelles,6
2308219,17:47:00,17:47:10,stop_point:SP_1428,Château de Soule,7
2308219,17:48:00,17:48:10,stop_point:SP_762,Suisse,8
2308219,17:50:00,17:50:10,stop_point:SP_5018,Floralies,9
2308219,17:51:00,17:51:10,stop_point:SP_1367,Pastourelles,10
2308219,17:52:00,17:52:10,stop_point:SP_2179,Mairie Ramonville,11
2308219,17:53:00,17:53:10,stop_point:SP_3550,Poste de Ramonville,12
2308219,17:54:00,17:54:10,stop_point:SP_2158,Lapeyrade,13
2308219,17:55:00,17:55:10,stop_point:SP_1746,Parc St Agne,14
2308219,17:57:00,17:57:10,stop_point:SP_3941,Clotasses,15
2308219,17:58:00,17:58:10,stop_point:SP_5037,Université Paul Sabatier,16
2308220,18:17:00,18:17:10,stop_point:SP_3189,Auzeville Eglise,1
2308220,18:18:00,18:18:10,stop_point:SP_1366,Mayrine,2
2308220,18:18:00,18:18:10,stop_point:SP_765,Prat,3
2308220,18:19:00,18:19:10,stop_point:SP_2796,Mairie Auzeville,4
2308220,18:20:00,18:20:10,stop_point:SP_693,Coteaux,5
2308220,18:21:00,18:21:10,stop_point:SP_1684,Tourterelles,6
2308220,18:22:00,18:22:10,stop_point:SP_1428,Château de Soule,7
2308220,18:23:00,18:23:10,stop_point:SP_762,Suisse,8
2308220,18:25:00,18:25:10,stop_point:SP_5018,Floralies,9
2308220,18:26:00,18:26:10,stop_point:SP_1367,Pastourelles,10
2308220,18:27:00,18:27:10,stop_point:SP_2179,Mairie Ramonville,11
2308220,18:28:00,18:28:10,stop_point:SP_3550,Poste de Ramonville,12
2308220,18:29:00,18:29:10,stop_point:SP_2158,Lapeyrade,13
2308220,18:30:00,18:30:10,stop_point:SP_1746,Parc St Agne,14
2308220,18:32:00,18:32:10,stop_point:SP_3941,Clotasses,15
2308220,18:33:00,18:33:10,stop_point:SP_5037,Université Paul Sabatier,16
2308221,18:52:00,18:52:10,stop_point:SP_3189,Auzeville Eglise,1
2308221,18:53:00,18:53:10,stop_point:SP_1366,Mayrine,2
2308221,18:53:00,18:53:10,stop_point:SP_765,Prat,3
2308221,18:54:00,18:54:10,stop_point:SP_2796,Mairie Auzeville,4
2308221,18:55:00,18:55:10,stop_point:SP_693,Coteaux,5
2308221,18:56:00,18:56:10,stop_point:SP_1684,Tourterelles,6
2308221,18:57:00,18:57:10,stop_point:SP_1428,Château de Soule,7
2308221,18:58:00,18:58:10,stop_point:SP_762,Suisse,8
2308221,19:00:00,19:00:10,stop_point:SP_5018,Floralies,9
2308221,19:01:00,19:01:10,stop_point:SP_1367,Pastourelles,10
2308221,19:02:00,19:02:10,stop_point:SP_2179,Mairie Ramonville,11
2308221,19:03:00,19:03:10,stop_point:SP_3550,Poste de Ramonville,12
2308221,19:04:00,19:04:10,stop_point:SP_2158,Lapeyrade,13
2308221,19:05:00,19:05:10,stop_point:SP_1746,Parc St Agne,14
2308221,19:07:00,19:07:10,stop_point:SP_3941,Clotasses,15
2308221,19:08:00,19:08:10,stop_point:SP_5037,Université Paul Sabatier,16
2308222,19:27:00,19:27:10,stop_point:SP_3189,Auzeville Eglise,1
2308222,19:28:00,19:28:10,stop_point:SP_1366,Mayrine,2
2308222,19:28:00,19:28:10,stop_point:SP_765,Prat,3
2308222,19:29:00,19:29:10,stop_point:SP_2796,Mairie Auzeville,4
2308222,19:30:00,19:30:10,stop_point:SP_693,Coteaux,5
2308222,19:31:00,19:31:10,stop_point:SP_1684,Tourterelles,6
2308222,19:32:00,19:32:10,stop_point:SP_1428,Château de Soule,7
2308222,19:33:00,19:33:10,stop_point:SP_762,Suisse,8
2308222,19:35:00,19:35:10,stop_point:SP_5018,Floralies,9
2308222,19:36:00,19:36:10,stop_point:SP_1367,Pastourelles,10
2308222,19:37:00,19:37:10,stop_point:SP_2179,Mairie Ramonville,11
2308222,19:38:00,19:38:10,stop_point:SP_3550,Poste de Ramonville,12
2308222,19:39:00,19:39:10,stop_point:SP_2158,Lapeyrade,13
2308222,19:40:00,19:40:10,stop_point:SP_1746,Parc St Agne,14
2308222,19:42:00,19:42:10,stop_point:SP_3941,Clotasses,15
2308222,19:43:00,19:43:10,stop_point:SP_5037,Université Paul Sabatier,16
2308223,20:02:00,20:02:10,stop_point:SP_3189,Auzeville Eglise,1
2308223,20:03:00,20:03:10,stop_point:SP_1366,Mayrine,2
2308223,20:03:00,20:03:10,stop_point:SP_765,Prat,3
2308223,20:04:00,20:04:10,stop_point:SP_2796,Mairie Auzeville,4
2308223,20:05:00,20:05:10,stop_point:SP_693,Coteaux,5
2308223,20:06:00,20:06:10,stop_point:SP_1684,Tourterelles,6
2308223,20:07:00,20:07:10,stop_point:SP_1428,Château de Soule,7
2308223,20:08:00,20:08:10,stop_point:SP_762,Suisse,8
2308223,20:10:00,20:10:10,stop_point:SP_5018,Floralies,9
2308223,20:11:00,20:11:10,stop_point:SP_1367,Pastourelles,10
2308223,20:12:00,20:12:10,stop_point:SP_2179,Mairie Ramonville,11
2308223,20:13:00,20:13:10,stop_point:SP_3550,Poste de Ramonville,12
2308223,20:14:00,20:14:10,stop_point:SP_2158,Lapeyrade,13
2308223,20:15:00,20:15:10,stop_point:SP_1746,Parc St Agne,14
2308223,20:17:00,20:17:10,stop_point:SP_3941,Clotasses,15
2308223,20:18:00,20:18:10,stop_point:SP_5037,Université Paul Sabatier,16
2308224,20:44:00,20:44:10,stop_point:SP_3189,Auzeville Eglise,1
2308224,20:45:00,20:45:10,stop_point:SP_1366,Mayrine,2
2308224,20:45:00,20:45:10,stop_point:SP_765,Prat,3
2308224,20:46:00,20:46:10,stop_point:SP_2796,Mairie Auzeville,4
2308224,20:47:00,20:47:10,stop_point:SP_693,Coteaux,5
2308224,20:48:00,20:48:10,stop_point:SP_1684,Tourterelles,6
2308224,20:49:00,20:49:10,stop_point:SP_1428,Château de Soule,7
2308224,20:50:00,20:50:10,stop_point:SP_762,Suisse,8
2308224,20:51:00,20:51:10,stop_point:SP_5018,Floralies,9
2308224,20:52:00,20:52:10,stop_point:SP_1367,Pastourelles,10
2308224,20:53:00,20:53:10,stop_point:SP_2179,Mairie Ramonville,11
2308224,20:54:00,20:54:10,stop_point:SP_3550,Poste de Ramonville,12
2308224,20:55:00,20:55:10,stop_point:SP_2158,Lapeyrade,13
2308224,20:56:00,20:56:10,stop_point:SP_1746,Parc St Agne,14
2308224,20:57:00,20:57:10,stop_point:SP_3941,Clotasses,15
2308224,20:58:00,20:58:10,stop_point:SP_5037,Université Paul Sabatier,16
