trip_id,arrival_time,departure_time,stop_id,stop_name,stop_sequence
2303138,05:40:00,05:40:10,stop_point:SP_1754,Arènes,1
2303138,05:41:00,05:41:10,stop_point:SP_2002,Négogousses,2
2303138,05:42:00,05:42:10,stop_point:SP_2956,Hippodrome,3
2303138,05:42:00,05:42:10,stop_point:SP_3162,Brombach,4
2303138,05:43:00,05:43:10,stop_point:SP_2467,Pont Rocade,5
2303138,05:44:00,05:44:10,stop_point:SP_2210,Tissié,6
2303138,05:45:00,05:45:10,stop_point:SP_3729,Centre Aéré,7
2303138,05:46:00,05:46:10,stop_point:SP_1532,Eglise Lardenne,8
2303138,05:47:00,05:47:10,stop_point:SP_1846,Lardenne,9
2303138,05:48:00,05:48:10,stop_point:SP_3237,Montagné,10
2303138,05:49:00,05:49:10,stop_point:SP_3657,Briqueterie,11
2303138,05:50:00,05:50:10,stop_point:SP_396,St-Exupéry,12
2303138,05:51:00,05:51:10,stop_point:SP_3872,Ctre Cial Tournefeuille,13
2303138,05:51:00,05:51:10,stop_point:SP_2193,Montjoie,14
2303138,05:52:00,05:52:10,stop_point:SP_414,Tournefeuille Les Chênes,15
2303138,05:53:00,05:53:10,stop_point:SP_2921,Montel,16
2303138,05:54:00,05:54:10,stop_point:SP_1531,St-Pierre,17
2303138,05:54:00,05:54:10,stop_point:SP_2627,Périgord,18
2303138,05:55:00,05:55:10,stop_point:SP_3433,Alpilles,19
2303138,05:56:00,05:56:10,stop_point:SP_2379,Collège Labitrie,20
2303138,05:56:00,05:56:10,stop_point:SP_3740,Bordeneuve,21
2303138,05:57:00,05:57:10,stop_point:SP_4840,Jean Gay,22
2303138,05:58:00,05:58:10,stop_point:SP_4093,Tournefeuille Lycée,23
2303138,06:00:00,06:00:10,stop_point:SP_4800,Loti,24
2303138,06:00:00,06:00:10,stop_point:SP_4806,Prat Dessus,25
2303138,06:01:00,06:01:10,stop_point:SP_4801,Rivière - Basse,26
2303138,06:02:00,06:02:10,stop_point:SP_4803,Eglise Plaisance,27
2303138,06:03:00,06:03:10,stop_point:SP_1027,Plaisance Monestié,28
2303139,06:10:00,06:10:10,stop_point:SP_1754,Arènes,1
2303139,06:11:00,06:11:10,stop_point:SP_2002,Négogousses,2
2303139,06:12:00,06:12:10,stop_point:SP_2956,Hippodrome,3
2303139,06:12:00,06:12:10,stop_point:SP_3162,Brombach,4
2303139,06:13:00,06:13:10,stop_point:SP_2467,Pont Rocade,5
2303139,06:14:00,06:14:10,stop_point:SP_2210,Tissié,6
2303139,06:15:00,06:15:10,stop_point:SP_3729,Centre Aéré,7
2303139,06:16:00,06:16:10,stop_point:SP_1532,Eglise Lardenne,8
2303139,06:17:00,06:17:10,stop_point:SP_1846,Lardenne,9
2303139,06:18:00,06:18:10,stop_point:SP_3237,Montagné,10
2303139,06:19:00,06:19:10,stop_point:SP_3657,Briqueterie,11
2303139,06:20:00,06:20:10,stop_point:SP_396,St-Exupéry,12
2303139,06:21:00,06:21:10,stop_point:SP_3872,Ctre Cial Tournefeuille,13
2303139,06:21:00,06:21:10,stop_point:SP_2193,Montjoie,14
2303139,06:22:00,06:22:10,stop_point:SP_414,Tournefeuille Les Chênes,15
2303139,06:23:00,06:23:10,stop_point:SP_2921,Montel,16
2303139,06:24:00,06:24:10,stop_point:SP_1531,St-Pierre,17
2303139,06:24:00,06:24:10,stop_point:SP_2627,Périgord,18
2303139,06:25:00,06:25:10,stop_point:SP_3433,Alpilles,19
2303139,06:26:00,06:26:10,stop_point:SP_2379,Collège Labitrie,20
2303139,06:26:00,06:26:10,stop_point:SP_3740,Bordeneuve,21
2303139,06:27:00,06:27:10,stop_point:SP_4840,Jean Gay,22
2303139,06:28:00,06:28:10,stop_point:SP_4093,Tournefeuille Lycée,23
2303139,06:30:00,06:30:10,stop_point:SP_4800,Loti,24
2303139,06:31:00,06:31:10,stop_point:SP_4806,Prat Dessus,25
2303139,06:32:00,06:32:10,stop_point:SP_4801,Rivière - Basse,26
2303139,06:33:00,06:33:10,stop_point:SP_4803,Eglise Plaisance,27
2303139,06:34:00,06:34:10,stop_point:SP_1027,Plaisance Monestié,28
2303140,06:30:00,06:30:10,stop_point:SP_1754,Arènes,1
2303140,06:31:00,06:31:10,stop_point:SP_2002,Négogousses,2
2303140,06:32:00,06:32:10,stop_point:SP_2956,Hippodrome,3
2303140,06:32:00,06:32:10,stop_point:SP_3162,Brombach,4
2303140,06:33:00,06:33:10,stop_point:SP_2467,Pont Rocade,5
2303140,06:34:00,06:34:10,stop_point:SP_2210,Tissié,6
2303140,06:35:00,06:35:10,stop_point:SP_3729,Centre Aéré,7
2303140,06:36:00,06:36:10,stop_point:SP_1532,Eglise Lardenne,8
2303140,06:37:00,06:37:10,stop_point:SP_1846,Lardenne,9
2303140,06:38:00,06:38:10,stop_point:SP_3237,Montagné,10
2303140,06:39:00,06:39:10,stop_point:SP_3657,Briqueterie,11
2303140,06:40:00,06:40:10,stop_point:SP_396,St-Exupéry,12
2303140,06:41:00,06:41:10,stop_point:SP_3872,Ctre Cial Tournefeuille,13
2303140,06:42:00,06:42:10,stop_point:SP_2193,Montjoie,14
2303140,06:43:00,06:43:10,stop_point:SP_414,Tournefeuille Les Chênes,15
2303140,06:44:00,06:44:10,stop_point:SP_2921,Montel,16
2303140,06:45:00,06:45:10,stop_point:SP_1531,St-Pierre,17
2303140,06:45:00,06:45:10,stop_point:SP_2627,Périgord,18
2303140,06:46:00,06:46:10,stop_point:SP_3433,Alpilles,19
2303140,06:47:00,06:47:10,stop_point:SP_2379,Collège Labitrie,20
2303140,06:47:00,06:47:10,stop_point:SP_3740,Bordeneuve,21
2303140,06:48:00,06:48:10,stop_point:SP_4840,Jean Gay,22
2303140,06:49:00,06:49:10,stop_point:SP_4093,Tournefeuille Lycée,23
2303140,06:51:00,06:51:10,stop_point:SP_4800,Loti,24
2303140,06:52:00,06:52:10,stop_point:SP_4806,Prat Dessus,25
2303140,06:53:00,06:53:10,stop_point:SP_4801,Rivière - Basse,26
2303140,06:54:00,06:54:10,stop_point:SP_4803,Eglise Plaisance,27
2303140,06:55:00,06:55:10,stop_point:SP_1027,Plaisance Monestié,28
2303141,06:50:00,06:50:10,stop_point:SP_1754,Arènes,1
2303141,06:51:00,06:51:10,stop_point:SP_2002,Négogousses,2
2303141,06:52:00,06:52:10,stop_point:SP_2956,Hippodrome,3
2303141,06:52:00,06:52:10,stop_point:SP_3162,Brombach,4
2303141,06:53:00,06:53:10,stop_point:SP_2467,Pont Rocade,5
2303141,06:54:00,06:54:10,stop_point:SP_2210,Tissié,6
2303141,06:55:00,06:55:10,stop_point:SP_3729,Centre Aéré,7
2303141,06:56:00,06:56:10,stop_point:SP_1532,Eglise Lardenne,8
2303141,06:57:00,06:57:10,stop_point:SP_1846,Lardenne,9
2303141,06:58:00,06:58:10,stop_point:SP_3237,Montagné,10
2303141,06:59:00,06:59:10,stop_point:SP_3657,Briqueterie,11
2303141,07:00:00,07:00:10,stop_point:SP_396,St-Exupéry,12
2303141,07:01:00,07:01:10,stop_point:SP_3872,Ctre Cial Tournefeuille,13
2303141,07:02:00,07:02:10,stop_point:SP_2193,Montjoie,14
2303141,07:03:00,07:03:10,stop_point:SP_414,Tournefeuille Les Chênes,15
2303141,07:04:00,07:04:10,stop_point:SP_2921,Montel,16
2303141,07:05:00,07:05:10,stop_point:SP_1531,St-Pierre,17
2303141,07:05:00,07:05:10,stop_point:SP_2627,Périgord,18
2303141,07:06:00,07:06:10,stop_point:SP_3433,Alpilles,19
2303141,07:07:00,07:07:10,stop_point:SP_2379,Collège Labitrie,20
2303141,07:07:00,07:07:10,stop_point:SP_3740,Bordeneuve,21
2303141,07:08:00,07:08:10,stop_point:SP_4840,Jean Gay,22
2303141,07:09:00,07:09:10,stop_point:SP_4093,Tournefeuille Lycée,23
2303141,07:11:00,07:11:10,stop_point:SP_4800,Loti,24
2303141,07:12:00,07:12:10,stop_point:SP_4806,Prat Dessus,25
2303141,07:13:00,07:13:10,stop_point:SP_4801,Rivière - Basse,26
2303141,07:14:00,07:14:10,stop_point:SP_4803,Eglise Plaisance,27
2303141,07:15:00,07:15:10,stop_point:SP_1027,Plaisance Monestié,28
2303142,07:09:00,07:09:10,stop_point:SP_1754,Arènes,1
2303142,07:11:00,07:11:10,stop_point:SP_2002,Négogousses,2
2303142,07:11:00,07:11:10,stop_point:SP_2956,Hippodrome,3
2303142,07:12:00,07:12:10,stop_point:SP_3162,Brombach,4
2303142,07:13:00,07:13:10,stop_point:SP_2467,Pont Rocade,5
2303142,07:14:00,07:14:10,stop_point:SP_2210,Tissié,6
2303142,07:15:00,07:15:10,stop_point:SP_3729,Centre Aéré,7
2303142,07:16:00,07:16:10,stop_point:SP_1532,Eglise Lardenne,8
2303142,07:17:00,07:17:10,stop_point:SP_1846,Lardenne,9
2303142,07:18:00,07:18:10,stop_point:SP_3237,Montagné,10
2303142,07:19:00,07:19:10,stop_point:SP_3657,Briqueterie,11
2303142,07:20:00,07:20:10,stop_point:SP_396,St-Exupéry,12
2303142,07:21:00,07:21:10,stop_point:SP_3872,Ctre Cial Tournefeuille,13
2303142,07:22:00,07:22:10,stop_point:SP_2193,Montjoie,14
2303142,07:23:00,07:23:10,stop_point:SP_414,Tournefeuille Les Chênes,15
2303142,07:24:00,07:24:10,stop_point:SP_2921,Montel,16
2303142,07:25:00,07:25:10,stop_point:SP_1531,St-Pierre,17
2303142,07:25:00,07:25:10,stop_point:SP_2627,Périgord,18
2303142,07:26:00,07:26:10,stop_point:SP_3433,Alpilles,19
2303142,07:27:00,07:27:10,stop_point:SP_2379,Collège Labitrie,20
2303142,07:27:00,07:27:10,stop_point:SP_3740,Bordeneuve,21
2303142,07:28:00,07:28:10,stop_point:SP_4840,Jean Gay,22
2303142,07:29:00,07:29:10,stop_point:SP_4093,Tournefeuille Lycée,23
2303142,07:31:00,07:31:10,stop_point:SP_4800,Loti,24
2303142,07:32:00,07:32:10,stop_point:SP_4806,Prat Dessus,25
2303142,07:33:00,07:33:10,stop_point:SP_4801,Rivière - Basse,26
2303142,07:34:00,07:34:10,stop_point:SP_4803,Eglise Plaisance,27
2303142,07:35:00,07:35:10,stop_point:SP_1027,Plaisance Monestié,28
2303143,07:28:00,07:28:10,stop_point:SP_1754,Arènes,1
2303143,07:30:00,07:30:10,stop_point:SP_2002,Négogousses,2
2303143,07:30:00,07:30:10,stop_point:SP_2956,Hippodrome,3
2303143,07:31:00,07:31:10,stop_point:SP_3162,Brombach,4
2303143,07:32:00,07:32:10,stop_point:SP_2467,Pont Rocade,5
2303143,07:33:00,07:33:10,stop_point:SP_2210,Tissié,6
2303143,07:34:00,07:34:10,stop_point:SP_3729,Centre Aéré,7
2303143,07:35:00,07:35:10,stop_point:SP_1532,Eglise Lardenne,8
2303143,07:36:00,07:36:10,stop_point:SP_1846,Lardenne,9
2303143,07:37:00,07:37:10,stop_point:SP_3237,Montagné,10
2303143,07:38:00,07:38:10,stop_point:SP_3657,Briqueterie,11
2303143,07:39:00,07:39:10,stop_point:SP_396,St-Exupéry,12
2303143,07:40:00,07:40:10,stop_point:SP_3872,Ctre Cial Tournefeuille,13
2303143,07:41:00,07:41:10,stop_point:SP_2193,Montjoie,14
2303143,07:42:00,07:42:10,stop_point:SP_414,Tournefeuille Les Chênes,15
2303143,07:43:00,07:43:10,stop_point:SP_2921,Montel,16
2303143,07:44:00,07:44:10,stop_point:SP_1531,St-Pierre,17
2303143,07:44:00,07:44:10,stop_point:SP_2627,Périgord,18
2303143,07:45:00,07:45:10,stop_point:SP_3433,Alpilles,19
2303143,07:46:00,07:46:10,stop_point:SP_2379,Collège Labitrie,20
2303143,07:46:00,07:46:10,stop_point:SP_3740,Bordeneuve,21
2303143,07:47:00,07:47:10,stop_point:SP_4840,Jean Gay,22
2303143,07:48:00,07:48:10,stop_point:SP_4093,Tournefeuille Lycée,23
2303143,07:50:00,07:50:10,stop_point:SP_4800,Loti,24
2303143,07:51:00,07:51:10,stop_point:SP_4806,Prat Dessus,25
2303143,07:52:00,07:52:10,stop_point:SP_4801,Rivière - Basse,26
2303143,07:53:00,07:53:10,stop_point:SP_4803,Eglise Plaisance,27
2303143,07:54:00,07:54:10,stop_point:SP_1027,Plaisance Monestié,28
2303144,07:47:00,07:47:10,stop_point:SP_1754,Arènes,1
2303144,07:49:00,07:49:10,stop_point:SP_2002,Négogousses,2
2303144,07:49:00,07:49:10,stop_point:SP_2956,Hippodrome,3
2303144,07:50:00,07:50:10,stop_point:SP_3162,Brombach,4
2303144,07:51:00,07:51:10,stop_point:SP_2467,Pont Rocade,5
2303144,07:52:00,07:52:10,stop_point:SP_2210,Tissié,6
2303144,07:53:00,07:53:10,stop_point:SP_3729,Centre Aéré,7
2303144,07:54:00,07:54:10,stop_point:SP_1532,Eglise Lardenne,8
2303144,07:55:00,07:55:10,stop_point:SP_1846,Lardenne,9
2303144,07:56:00,07:56:10,stop_point:SP_3237,Montagné,10
2303144,07:57:00,07:57:10,stop_point:SP_3657,Briqueterie,11
2303144,07:58:00,07:58:10,stop_point:SP_396,St-Exupéry,12
2303144,07:59:00,07:59:10,stop_point:SP_3872,Ctre Cial Tournefeuille,13
2303144,08:00:00,08:00:10,stop_point:SP_2193,Montjoie,14
2303144,08:01:00,08:01:10,stop_point:SP_414,Tournefeuille Les Chênes,15
2303144,08:02:00,08:02:10,stop_point:SP_2921,Montel,16
2303144,08:03:00,08:03:10,stop_point:SP_1531,St-Pierre,17
2303144,08:03:00,08:03:10,stop_point:SP_2627,Périgord,18
2303144,08:04:00,08:04:10,stop_point:SP_3433,Alpilles,19
2303144,08:05:00,08:05:10,stop_point:SP_2379,Collège Labitrie,20
2303144,08:05:00,08:05:10,stop_point:SP_3740,Bordeneuve,21
2303144,08:06:00,08:06:10,stop_point:SP_4840,Jean Gay,22
2303144,08:07:00,08:07:10,stop_point:SP_4093,Tournefeuille Lycée,23
2303144,08:09:00,08:09:10,stop_point:SP_4800,Loti,24
2303144,08:10:00,08:10:10,stop_point:SP_4806,Prat Dessus,25
2303144,08:11:00,08:11:10,stop_point:SP_4801,Rivière - Basse,26
2303144,08:12:00,08:12:10,stop_point:SP_4803,Eglise Plaisance,27
2303144,08:13:00,08:13:10,stop_point:SP_1027,Plaisance Monestié,28
2303145,08:06:00,08:06:10,stop_point:SP_1754,Arènes,1
2303145,08:08:00,08:08:10,stop_point:SP_2002,Négogousses,2
2303145,08:08:00,08:08:10,stop_point:SP_2956,Hippodrome,3
2303145,08:09:00,08:09:10,stop_point:SP_3162,Brombach,4
2303145,08:10:00,08:10:10,stop_point:SP_2467,Pont Rocade,5
2303145,08:11:00,08:11:10,stop_point:SP_2210,Tissié,6
2303145,08:12:00,08:12:10,stop_point:SP_3729,Centre Aéré,7
2303145,08:13:00,08:13:10,stop_point:SP_1532,Eglise Lardenne,8
2303145,08:14:00,08:14:10,stop_point:SP_1846,Lardenne,9
2303145,08:16:00,08:16:10,stop_point:SP_3237,Montagné,10
2303145,08:17:00,08:17:10,stop_point:SP_3657,Briqueterie,11
2303145,08:18:00,08:18:10,stop_point:SP_396,St-Exupéry,12
2303145,08:19:00,08:19:10,stop_point:SP_3872,Ctre Cial Tournefeuille,13
2303145,08:20:00,08:20:10,stop_point:SP_2193,Montjoie,14
2303145,08:21:00,08:21:10,stop_point:SP_414,Tournefeuille Les Chênes,15
2303145,08:22:00,08:22:10,stop_point:SP_2921,Montel,16
2303145,08:23:00,08:23:10,stop_point:SP_1531,St-Pierre,17
2303145,08:24:00,08:24:10,stop_point:SP_2627,Périgord,18
2303145,08:25:00,08:25:10,stop_point:SP_3433,Alpilles,19
2303145,08:26:00,08:26:10,stop_point:SP_2379,Collège Labitrie,20
2303145,08:26:00,08:26:10,stop_point:SP_3740,Bordeneuve,21
2303145,08:27:00,08:27:10,stop_point:SP_4840,Jean Gay,22
2303145,08:28:00,08:28:10,stop_point:SP_4093,Tournefeuille Lycée,23
2303145,08:30:00,08:30:10,stop_point:SP_4800,Loti,24
2303145,08:31:00,08:31:10,stop_point:SP_4806,Prat Dessus,25
2303145,08:32:00,08:32:10,stop_point:SP_4801,Rivière - Basse,26
2303145,08:33:00,08:33:10,stop_point:SP_4803,Eglise Plaisance,27
2303145,08:34:00,08:34:10,stop_point:SP_1027,Plaisance Monestié,28
2303146,08:25:00,08:25:10,stop_point:SP_1754,Arènes,1
2303146,08:27:00,08:27:10,stop_point:SP_2002,Négogousses,2
2303146,08:27:00,08:27:10,stop_point:SP_2956,Hippodrome,3
2303146,08:28:00,08:28:10,stop_point:SP_3162,Brombach,4
2303146,08:29:00,08:29:10,stop_point:SP_2467,Pont Rocade,5
2303146,08:30:00,08:30:10,stop_point:SP_2210,Tissié,6
2303146,08:31:00,08:31:10,stop_point:SP_3729,Centre Aéré,7
2303146,08:32:00,08:32:10,stop_point:SP_1532,Eglise Lardenne,8
2303146,08:33:00,08:33:10,stop_point:SP_1846,Lardenne,9
2303146,08:35:00,08:35:10,stop_point:SP_3237,Montagné,10
2303146,08:36:00,08:36:10,stop_point:SP_3657,Briqueterie,11
2303146,08:37:00,08:37:10,stop_point:SP_396,St-Exupéry,12
2303146,08:38:00,08:38:10,stop_point:SP_3872,Ctre Cial Tournefeuille,13
2303146,08:39:00,08:39:10,stop_point:SP_2193,Montjoie,14
2303146,08:40:00,08:40:10,stop_point:SP_414,Tournefeuille Les Chênes,15
2303146,08:41:00,08:41:10,stop_point:SP_2921,Montel,16
2303146,08:42:00,08:42:10,stop_point:SP_1531,St-Pierre,17
2303146,08:43:00,08:43:10,stop_point:SP_2627,Périgord,18
2303146,08:44:00,08:44:10,stop_point:SP_3433,Alpilles,19
2303146,08:45:00,08:45:10,stop_point:SP_2379,Collège Labitrie,20
2303146,08:45:00,08:45:10,stop_point:SP_3740,Bordeneuve,21
2303146,08:46:00,08:46:10,stop_point:SP_4840,Jean Gay,22
2303146,08:47:00,08:47:10,stop_point:SP_4093,Tournefeuille Lycée,23
2303146,08:49:00,08:49:10,stop_point:SP_4800,Loti,24
2303146,08:50:00,08:50:10,stop_point:SP_4806,Prat Dessus,25
2303146,08:51:00,08:51:10,stop_point:SP_4801,Rivière - Basse,26
2303146,08:52:00,08:52:10,stop_point:SP_4803,Eglise Plaisance,27
2303146,08:53:00,08:53:10,stop_point:SP_1027,Plaisance Monestié,28
2303147,08:44:00,08:44:10,stop_point:SP_1754,Arènes,1
2303147,08:46:00,08:46:10,stop_point:SP_2002,Négogousses,2
2303147,08:46:00,08:46:10,stop_point:SP_2956,Hippodrome,3
2303147,08:47:00,08:47:10,stop_point:SP_3162,Brombach,4
2303147,08:48:00,08:48:10,stop_point:SP_2467,Pont Rocade,5
2303147,08:49:00,08:49:10,stop_point:SP_2210,Tissié,6
2303147,08:50:00,08:50:10,stop_point:SP_3729,Centre Aéré,7
2303147,08:51:00,08:51:10,stop_point:SP_1532,Eglise Lardenne,8
2303147,08:52:00,08:52:10,stop_point:SP_1846,Lardenne,9
2303147,08:54:00,08:54:10,stop_point:SP_3237,Montagné,10
2303147,08:55:00,08:55:10,stop_point:SP_3657,Briqueterie,11
2303147,08:56:00,08:56:10,stop_point:SP_396,St-Exupéry,12
2303147,08:57:00,08:57:10,stop_point:SP_3872,Ctre Cial Tournefeuille,13
2303147,08:58:00,08:58:10,stop_point:SP_2193,Montjoie,14
2303147,08:59:00,08:59:10,stop_point:SP_414,Tournefeuille Les Chênes,15
2303147,09:00:00,09:00:10,stop_point:SP_2921,Montel,16
2303147,09:01:00,09:01:10,stop_point:SP_1531,St-Pierre,17
2303147,09:02:00,09:02:10,stop_point:SP_2627,Périgord,18
2303147,09:03:00,09:03:10,stop_point:SP_3433,Alpilles,19
2303147,09:04:00,09:04:10,stop_point:SP_2379,Collège Labitrie,20
2303147,09:04:00,09:04:10,stop_point:SP_3740,Bordeneuve,21
2303147,09:05:00,09:05:10,stop_point:SP_4840,Jean Gay,22
2303147,09:06:00,09:06:10,stop_point:SP_4093,Tournefeuille Lycée,23
2303147,09:08:00,09:08:10,stop_point:SP_4800,Loti,24
2303147,09:09:00,09:09:10,stop_point:SP_4806,Prat Dessus,25
2303147,09:10:00,09:10:10,stop_point:SP_4801,Rivière - Basse,26
2303147,09:11:00,09:11:10,stop_point:SP_4803,Eglise Plaisance,27
2303147,09:12:00,09:12:10,stop_point:SP_1027,Plaisance Monestié,28
2303148,09:03:00,09:03:10,stop_point:SP_1754,Arènes,1
2303148,09:05:00,09:05:10,stop_point:SP_2002,Négogousses,2
2303148,09:05:00,09:05:10,stop_point:SP_2956,Hippodrome,3
2303148,09:06:00,09:06:10,stop_point:SP_3162,Brombach,4
2303148,09:07:00,09:07:10,stop_point:SP_2467,Pont Rocade,5
2303148,09:08:00,09:08:10,stop_point:SP_2210,Tissié,6
2303148,09:09:00,09:09:10,stop_point:SP_3729,Centre Aéré,7
2303148,09:10:00,09:10:10,stop_point:SP_1532,Eglise Lardenne,8
2303148,09:11:00,09:11:10,stop_point:SP_1846,Lardenne,9
2303148,09:13:00,09:13:10,stop_point:SP_3237,Montagné,10
2303148,09:14:00,09:14:10,stop_point:SP_3657,Briqueterie,11
2303148,09:15:00,09:15:10,stop_point:SP_396,St-Exupéry,12
2303148,09:16:00,09:16:10,stop_point:SP_3872,Ctre Cial Tournefeuille,13
2303148,09:17:00,09:17:10,stop_point:SP_2193,Montjoie,14
2303148,09:18:00,09:18:10,stop_point:SP_414,Tournefeuille Les Chênes,15
2303148,09:19:00,09:19:10,stop_point:SP_2921,Montel,16
2303148,09:20:00,09:20:10,stop_point:SP_1531,St-Pierre,17
2303148,09:21:00,09:21:10,stop_point:SP_2627,Périgord,18
2303148,09:22:00,09:22:10,stop_point:SP_3433,Alpilles,19
2303148,09:23:00,09:23:10,stop_point:SP_2379,Collège Labitrie,20
2303148,09:23:00,09:23:10,stop_point:SP_3740,Bordeneuve,21
2303148,09:24:00,09:24:10,stop_point:SP_4840,Jean Gay,22
2303148,09:25:00,09:25:10,stop_point:SP_4093,Tournefeuille Lycée,23
2303148,09:27:00,09:27:10,stop_point:SP_4800,Loti,24
2303148,09:28:00,09:28:10,stop_point:SP_4806,Prat Dessus,25
2303148,09:29:00,09:29:10,stop_point:SP_4801,Rivière - Basse,26
2303148,09:30:00,09:30:10,stop_point:SP_4803,Eglise Plaisance,27
2303148,09:31:00,09:31:10,stop_point:SP_1027,Plaisance Monestié,28
2303149,09:23:00,09:23:10,stop_point:SP_1754,Arènes,1
2303149,09:25:00,09:25:10,stop_point:SP_2002,Négogousses,2
2303149,09:25:00,09:25:10,stop_point:SP_2956,Hippodrome,3
2303149,09:26:00,09:26:10,stop_point:SP_3162,Brombach,4
2303149,09:27:00,09:27:10,stop_point:SP_2467,Pont Rocade,5
2303149,09:29:00,09:29:10,stop_point:SP_2210,Tissié,6
2303149,09:30:00,09:30:10,stop_point:SP_3729,Centre Aéré,7
2303149,09:31:00,09:31:10,stop_point:SP_1532,Eglise Lardenne,8
2303149,09:32:00,09:32:10,stop_point:SP_1846,Lardenne,9
2303149,09:34:00,09:34:10,stop_point:SP_3237,Montagné,10
2303149,09:35:00,09:35:10,stop_point:SP_3657,Briqueterie,11
2303149,09:36:00,09:36:10,stop_point:SP_396,St-Exupéry,12
2303149,09:37:00,09:37:10,stop_point:SP_3872,Ctre Cial Tournefeuille,13
2303149,09:38:00,09:38:10,stop_point:SP_2193,Montjoie,14
2303149,09:39:00,09:39:10,stop_point:SP_414,Tournefeuille Les Chênes,15
2303149,09:40:00,09:40:10,stop_point:SP_2921,Montel,16
2303149,09:41:00,09:41:10,stop_point:SP_1531,St-Pierre,17
2303149,09:42:00,09:42:10,stop_point:SP_2627,Périgord,18
2303149,09:43:00,09:43:10,stop_point:SP_3433,Alpilles,19
2303149,09:44:00,09:44:10,stop_point:SP_2379,Collège Labitrie,20
2303149,09:44:00,09:44:10,stop_point:SP_3740,Bordeneuve,21
2303149,09:45:00,09:45:10,stop_point:SP_4840,Jean Gay,22
2303149,09:46:00,09:46:10,stop_point:SP_4093,Tournefeuille Lycée,23
2303149,09:48:00,09:48:10,stop_point:SP_4800,Loti,24
2303149,09:49:00,09:49:10,stop_point:SP_4806,Prat Dessus,25
2303149,09:50:00,09:50:10,stop_point:SP_4801,Rivière - Basse,26
2303149,09:51:00,09:51:10,stop_point:SP_4803,Eglise Plaisance,27
2303149,09:52:00,09:52:10,stop_point:SP_1027,Plaisance Monestié,28
2303150,09:43:00,09:43:10,stop_point:SP_1754,Arènes,1
2303150,09:45:00,09:45:10,stop_point:SP_2002,Négogousses,2
2303150,09:45:00,09:45:10,stop_point:SP_2956,Hippodrome,3
2303150,09:46:00,09:46:10,stop_point:SP_3162,Brombach,4
2303150,09:47:00,09:47:10,stop_point:SP_2467,Pont Rocade,5
2303150,09:49:00,09:49:10,stop_point:SP_2210,Tissié,6
2303150,09:50:00,09:50:10,stop_point:SP_3729,Centre Aéré,7
2303150,09:51:00,09:51:10,stop_point:SP_1532,Eglise Lardenne,8
2303150,09:52:00,09:52:10,stop_point:SP_1846,Lardenne,9
2303150,09:54:00,09:54:10,stop_point:SP_3237,Montagné,10
2303150,09:55:00,09:55:10,stop_point:SP_3657,Briqueterie,11
2303150,09:56:00,09:56:10,stop_point:SP_396,St-Exupéry,12
2303150,09:57:00,09:57:10,stop_point:SP_3872,Ctre Cial Tournefeuille,13
2303150,09:58:00,09:58:10,stop_point:SP_2193,Montjoie,14
2303150,09:59:00,09:59:10,stop_point:SP_414,Tournefeuille Les Chênes,15
2303150,10:00:00,10:00:10,stop_point:SP_2921,Montel,16
2303150,10:01:00,10:01:10,stop_point:SP_1531,St-Pierre,17
2303150,10:02:00,10:02:10,stop_point:SP_2627,Périgord,18
2303150,10:03:00,10:03:10,stop_point:SP_3433,Alpilles,19
2303150,10:04:00,10:04:10,stop_point:SP_2379,Collège Labitrie,20
2303150,10:04:00,10:04:10,stop_point:SP_3740,Bordeneuve,21
2303150,10:05:00,10:05:10,stop_point:SP_4840,Jean Gay,22
2303150,10:06:00,10:06:10,stop_point:SP_4093,Tournefeuille Lycée,23
2303150,10:08:00,10:08:10,stop_point:SP_4800,Loti,24
2303150,10:09:00,10:09:10,stop_point:SP_4806,Prat Dessus,25
2303150,10:10:00,10:10:10,stop_point:SP_4801,Rivière - Basse,26
2303150,10:11:00,10:11:10,stop_point:SP_4803,Eglise Plaisance,27
2303150,10:13:00,10:13:10,stop_point:SP_1027,Plaisance Monestié,28
2303151,10:03:00,10:03:10,stop_point:SP_1754,Arènes,1
2303151,10:05:00,10:05:10,stop_point:SP_2002,Négogousses,2
2303151,10:06:00,10:06:10,stop_point:SP_2956,Hippodrome,3
2303151,10:07:00,10:07:10,stop_point:SP_3162,Brombach,4
2303151,10:08:00,10:08:10,stop_point:SP_2467,Pont Rocade,5
2303151,10:10:00,10:10:10,stop_point:SP_2210,Tissié,6
2303151,10:11:00,10:11:10,stop_point:SP_3729,Centre Aéré,7
2303151,10:12:00,10:12:10,stop_point:SP_1532,Eglise Lardenne,8
2303151,10:13:00,10:13:10,stop_point:SP_1846,Lardenne,9
2303151,10:14:00,10:14:10,stop_point:SP_3237,Montagné,10
2303151,10:15:00,10:15:10,stop_point:SP_3657,Briqueterie,11
2303151,10:16:00,10:16:10,stop_point:SP_396,St-Exupéry,12
2303151,10:17:00,10:17:10,stop_point:SP_3872,Ctre Cial Tournefeuille,13
2303151,10:18:00,10:18:10,stop_point:SP_2193,Montjoie,14
2303151,10:19:00,10:19:10,stop_point:SP_414,Tournefeuille Les Chênes,15
2303151,10:20:00,10:20:10,stop_point:SP_2921,Montel,16
2303151,10:21:00,10:21:10,stop_point:SP_1531,St-Pierre,17
2303151,10:22:00,10:22:10,stop_point:SP_2627,Périgord,18
2303151,10:23:00,10:23:10,stop_point:SP_3433,Alpilles,19
2303151,10:24:00,10:24:10,stop_point:SP_2379,Collège Labitrie,20
2303151,10:24:00,10:24:10,stop_point:SP_3740,Bordeneuve,21
2303151,10:25:00,10:25:10,stop_point:SP_4840,Jean Gay,22
2303151,10:26:00,10:26:10,stop_point:SP_4093,Tournefeuille Lycée,23
2303151,10:28:00,10:28:10,stop_point:SP_4800,Loti,24
2303151,10:29:00,10:29:10,stop_point:SP_4806,Prat Dessus,25
2303151,10:30:00,10:30:10,stop_point:SP_4801,Rivière - Basse,26
2303151,10:31:00,10:31:10,stop_point:SP_4803,Eglise Plaisance,27
2303151,10:33:00,10:33:10,stop_point:SP_1027,Plaisance Monestié,28
2303152,10:24:00,10:24:10,stop_point:SP_1754,Arènes,1
2303152,10:26:00,10:26:10,stop_point:SP_2002,Négogousses,2
2303152,10:27:00,10:27:10,stop_point:SP_2956,Hippodrome,3
2303152,10:28:00,10:28:10,stop_point:SP_3162,Brombach,4
2303152,10:29:00,10:29:10,stop_point:SP_2467,Pont Rocade,5
2303152,10:31:00,10:31:10,stop_point:SP_2210,Tissié,6
2303152,10:32:00,10:32:10,stop_point:SP_3729,Centre Aéré,7
2303152,10:33:00,10:33:10,stop_point:SP_1532,Eglise Lardenne,8
2303152,10:34:00,10:34:10,stop_point:SP_1846,Lardenne,9
2303152,10:35:00,10:35:10,stop_point:SP_3237,Montagné,10
2303152,10:36:00,10:36:10,stop_point:SP_3657,Briqueterie,11
2303152,10:37:00,10:37:10,stop_point:SP_396,St-Exupéry,12
2303152,10:38:00,10:38:10,stop_point:SP_3872,Ctre Cial Tournefeuille,13
2303152,10:39:00,10:39:10,stop_point:SP_2193,Montjoie,14
2303152,10:40:00,10:40:10,stop_point:SP_414,Tournefeuille Les Chênes,15
2303152,10:41:00,10:41:10,stop_point:SP_2921,Montel,16
2303152,10:43:00,10:43:10,stop_point:SP_1531,St-Pierre,17
2303152,10:44:00,10:44:10,stop_point:SP_2627,Périgord,18
2303152,10:45:00,10:45:10,stop_point:SP_3433,Alpilles,19
2303152,10:46:00,10:46:10,stop_point:SP_2379,Collège Labitrie,20
2303152,10:46:00,10:46:10,stop_point:SP_3740,Bordeneuve,21
2303152,10:47:00,10:47:10,stop_point:SP_4840,Jean Gay,22
2303152,10:48:00,10:48:10,stop_point:SP_4093,Tournefeuille Lycée,23
2303152,10:50:00,10:50:10,stop_point:SP_4800,Loti,24
2303152,10:51:00,10:51:10,stop_point:SP_4806,Prat Dessus,25
2303152,10:52:00,10:52:10,stop_point:SP_4801,Rivière - Basse,26
2303152,10:53:00,10:53:10,stop_point:SP_4803,Eglise Plaisance,27
2303152,10:55:00,10:55:10,stop_point:SP_1027,Plaisance Monestié,28
2303153,10:45:00,10:45:10,stop_point:SP_1754,Arènes,1
2303153,10:47:00,10:47:10,stop_point:SP_2002,Négogousses,2
2303153,10:48:00,10:48:10,stop_point:SP_2956,Hippodrome,3
2303153,10:49:00,10:49:10,stop_point:SP_3162,Brombach,4
2303153,10:50:00,10:50:10,stop_point:SP_2467,Pont Rocade,5
2303153,10:51:00,10:51:10,stop_point:SP_2210,Tissié,6
2303153,10:52:00,10:52:10,stop_point:SP_3729,Centre Aéré,7
2303153,10:53:00,10:53:10,stop_point:SP_1532,Eglise Lardenne,8
2303153,10:54:00,10:54:10,stop_point:SP_1846,Lardenne,9
2303153,10:55:00,10:55:10,stop_point:SP_3237,Montagné,10
2303153,10:56:00,10:56:10,stop_point:SP_3657,Briqueterie,11
2303153,10:57:00,10:57:10,stop_point:SP_396,St-Exupéry,12
2303153,10:58:00,10:58:10,stop_point:SP_3872,Ctre Cial Tournefeuille,13
2303153,10:59:00,10:59:10,stop_point:SP_2193,Montjoie,14
2303153,11:00:00,11:00:10,stop_point:SP_414,Tournefeuille Les Chênes,15
2303153,11:01:00,11:01:10,stop_point:SP_2921,Montel,16
2303153,11:03:00,11:03:10,stop_point:SP_1531,St-Pierre,17
2303153,11:04:00,11:04:10,stop_point:SP_2627,Périgord,18
2303153,11:05:00,11:05:10,stop_point:SP_3433,Alpilles,19
2303153,11:06:00,11:06:10,stop_point:SP_2379,Collège Labitrie,20
2303153,11:06:00,11:06:10,stop_point:SP_3740,Bordeneuve,21
2303153,11:07:00,11:07:10,stop_point:SP_4840,Jean Gay,22
2303153,11:08:00,11:08:10,stop_point:SP_4093,Tournefeuille Lycée,23
2303153,11:10:00,11:10:10,stop_point:SP_4800,Loti,24
2303153,11:11:00,11:11:10,stop_point:SP_4806,Prat Dessus,25
2303153,11:12:00,11:12:10,stop_point:SP_4801,Rivière - Basse,26
2303153,11:13:00,11:13:10,stop_point:SP_4803,Eglise Plaisance,27
2303153,11:14:00,11:14:10,stop_point:SP_1027,Plaisance Monestié,28
2303154,11:06:00,11:06:10,stop_point:SP_1754,Arènes,1
2303154,11:08:00,11:08:10,stop_point:SP_2002,Négogousses,2
2303154,11:09:00,11:09:10,stop_point:SP_2956,Hippodrome,3
2303154,11:10:00,11:10:10,stop_point:SP_3162,Brombach,4
2303154,11:11:00,11:11:10,stop_point:SP_2467,Pont Rocade,5
2303154,11:12:00,11:12:10,stop_point:SP_2210,Tissié,6
2303154,11:13:00,11:13:10,stop_point:SP_3729,Centre Aéré,7
2303154,11:14:00,11:14:10,stop_point:SP_1532,Eglise Lardenne,8
2303154,11:15:00,11:15:10,stop_point:SP_1846,Lardenne,9
2303154,11:16:00,11:16:10,stop_point:SP_3237,Montagné,10
2303154,11:17:00,11:17:10,stop_point:SP_3657,Briqueterie,11
2303154,11:18:00,11:18:10,stop_point:SP_396,St-Exupéry,12
2303154,11:20:00,11:20:10,stop_point:SP_3872,Ctre Cial Tournefeuille,13
2303154,11:21:00,11:21:10,stop_point:SP_2193,Montjoie,14
2303154,11:22:00,11:22:10,stop_point:SP_414,Tournefeuille Les Chênes,15
2303154,11:23:00,11:23:10,stop_point:SP_2921,Montel,16
2303154,11:25:00,11:25:10,stop_point:SP_1531,St-Pierre,17
2303154,11:26:00,11:26:10,stop_point:SP_2627,Périgord,18
2303154,11:27:00,11:27:10,stop_point:SP_3433,Alpilles,19
2303154,11:28:00,11:28:10,stop_point:SP_2379,Collège Labitrie,20
2303154,11:28:00,11:28:10,stop_point:SP_3740,Bordeneuve,21
2303154,11:29:00,11:29:10,stop_point:SP_4840,Jean Gay,22
2303154,11:30:00,11:30:10,stop_point:SP_4093,Tournefeuille Lycée,23
2303154,11:32:00,11:32:10,stop_point:SP_4800,Loti,24
2303154,11:33:00,11:33:10,stop_point:SP_4806,Prat Dessus,25
2303154,11:34:00,11:34:10,stop_point:SP_4801,Rivière - Basse,26
2303154,11:35:00,11:35:10,stop_point:SP_4803,Eglise Plaisance,27
2303154,11:36:00,11:36:10,stop_point:SP_1027,Plaisance Monestié,28
2303155,11:28:00,11:28:10,stop_point:SP_1754,Arènes,1
2303155,11:30:00,11:30:10,stop_point:SP_2002,Négogousses,2
2303155,11:31:00,11:31:10,stop_point:SP_2956,Hippodrome,3
2303155,11:32:00,11:32:10,stop_point:SP_3162,Brombach,4
2303155,11:33:00,11:33:10,stop_point:SP_2467,Pont Rocade,5
2303155,11:35:00,11:35:10,stop_point:SP_2210,Tissié,6
2303155,11:36:00,11:36:10,stop_point:SP_3729,Centre Aéré,7
2303155,11:37:00,11:37:10,stop_point:SP_1532,Eglise Lardenne,8
2303155,11:38:00,11:38:10,stop_point:SP_1846,Lardenne,9
2303155,11:39:00,11:39:10,stop_point:SP_3237,Montagné,10
2303155,11:40:00,11:40:10,stop_point:SP_3657,Briqueterie,11
2303155,11:41:00,11:41:10,stop_point:SP_396,St-Exupéry,12
2303155,11:43:00,11:43:10,stop_point:SP_3872,Ctre Cial Tournefeuille,13
2303155,11:44:00,11:44:10,stop_point:SP_2193,Montjoie,14
2303155,11:45:00,11:45:10,stop_point:SP_414,Tournefeuille Les Chênes,15
2303155,11:46:00,11:46:10,stop_point:SP_2921,Montel,16
2303155,11:48:00,11:48:10,stop_point:SP_1531,St-Pierre,17
2303155,11:49:00,11:49:10,stop_point:SP_2627,Périgord,18
2303155,11:50:00,11:50:10,stop_point:SP_3433,Alpilles,19
2303155,11:51:00,11:51:10,stop_point:SP_2379,Collège Labitrie,20
2303155,11:51:00,11:51:10,stop_point:SP_3740,Bordeneuve,21
2303155,11:52:00,11:52:10,stop_point:SP_4840,Jean Gay,22
2303155,11:53:00,11:53:10,stop_point:SP_4093,Tournefeuille Lycée,23
2303155,11:55:00,11:55:10,stop_point:SP_4800,Loti,24
2303155,11:56:00,11:56:10,stop_point:SP_4806,Prat Dessus,25
2303155,11:57:00,11:57:10,stop_point:SP_4801,Rivière - Basse,26
2303155,11:58:00,11:58:10,stop_point:SP_4803,Eglise Plaisance,27
2303155,11:59:00,11:59:10,stop_point:SP_1027,Plaisance Monestié,28
2303156,11:50:00,11:50:10,stop_point:SP_1754,Arènes,1
2303156,11:52:00,11:52:10,stop_point:SP_2002,Négogousses,2
2303156,11:53:00,11:53:10,stop_point:SP_2956,Hippodrome,3
2303156,11:54:00,11:54:10,stop_point:SP_3162,Brombach,4
2303156,11:55:00,11:55:10,stop_point:SP_2467,Pont Rocade,5
2303156,11:57:00,11:57:10,stop_point:SP_2210,Tissié,6
2303156,11:58:00,11:58:10,stop_point:SP_3729,Centre Aéré,7
2303156,11:59:00,11:59:10,stop_point:SP_1532,Eglise Lardenne,8
2303156,12:00:00,12:00:10,stop_point:SP_1846,Lardenne,9
2303156,12:01:00,12:01:10,stop_point:SP_3237,Montagné,10
2303156,12:02:00,12:02:10,stop_point:SP_3657,Briqueterie,11
2303156,12:03:00,12:03:10,stop_point:SP_396,St-Exupéry,12
2303156,12:05:00,12:05:10,stop_point:SP_3872,Ctre Cial Tournefeuille,13
2303156,12:06:00,12:06:10,stop_point:SP_2193,Montjoie,14
2303156,12:07:00,12:07:10,stop_point:SP_414,Tournefeuille Les Chênes,15
2303156,12:08:00,12:08:10,stop_point:SP_2921,Montel,16
2303156,12:10:00,12:10:10,stop_point:SP_1531,St-Pierre,17
2303156,12:11:00,12:11:10,stop_point:SP_2627,Périgord,18
2303156,12:12:00,12:12:10,stop_point:SP_3433,Alpilles,19
2303156,12:13:00,12:13:10,stop_point:SP_2379,Collège Labitrie,20
2303156,12:13:00,12:13:10,stop_point:SP_3740,Bordeneuve,21
2303156,12:14:00,12:14:10,stop_point:SP_4840,Jean Gay,22
2303156,12:15:00,12:15:10,stop_point:SP_4093,Tournefeuille Lycée,23
2303156,12:17:00,12:17:10,stop_point:SP_4800,Loti,24
2303156,12:18:00,12:18:10,stop_point:SP_4806,Prat Dessus,25
2303156,12:19:00,12:19:10,stop_point:SP_4801,Rivière - Basse,26
2303156,12:20:00,12:20:10,stop_point:SP_4803,Eglise Plaisance,27
2303156,12:21:00,12:21:10,stop_point:SP_1027,Plaisance Monestié,28
2303157,12:11:00,12:11:10,stop_point:SP_1754,Arènes,1
2303157,12:13:00,12:13:10,stop_point:SP_2002,Négogousses,2
2303157,12:14:00,12:14:10,stop_point:SP_2956,Hippodrome,3
2303157,12:15:00,12:15:10,stop_point:SP_3162,Brombach,4
2303157,12:16:00,12:16:10,stop_point:SP_2467,Pont Rocade,5
2303157,12:18:00,12:18:10,stop_point:SP_2210,Tissié,6
2303157,12:19:00,12:19:10,stop_point:SP_3729,Centre Aéré,7
2303157,12:20:00,12:20:10,stop_point:SP_1532,Eglise Lardenne,8
2303157,12:21:00,12:21:10,stop_point:SP_1846,Lardenne,9
2303157,12:22:00,12:22:10,stop_point:SP_3237,Montagné,10
2303157,12:23:00,12:23:10,stop_point:SP_3657,Briqueterie,11
2303157,12:24:00,12:24:10,stop_point:SP_396,St-Exupéry,12
2303157,12:26:00,12:26:10,stop_point:SP_3872,Ctre Cial Tournefeuille,13
2303157,12:27:00,12:27:10,stop_point:SP_2193,Montjoie,14
2303157,12:28:00,12:28:10,stop_point:SP_414,Tournefeuille Les Chênes,15
2303157,12:29:00,12:29:10,stop_point:SP_2921,Montel,16
2303157,12:30:00,12:30:10,stop_point:SP_1531,St-Pierre,17
2303157,12:31:00,12:31:10,stop_point:SP_2627,Périgord,18
2303157,12:32:00,12:32:10,stop_point:SP_3433,Alpilles,19
2303157,12:33:00,12:33:10,stop_point:SP_2379,Collège Labitrie,20
2303157,12:33:00,12:33:10,stop_point:SP_3740,Bordeneuve,21
2303157,12:34:00,12:34:10,stop_point:SP_4840,Jean Gay,22
2303157,12:35:00,12:35:10,stop_point:SP_4093,Tournefeuille Lycée,23
2303157,12:37:00,12:37:10,stop_point:SP_4800,Loti,24
2303157,12:38:00,12:38:10,stop_point:SP_4806,Prat Dessus,25
2303157,12:39:00,12:39:10,stop_point:SP_4801,Rivière - Basse,26
2303157,12:40:00,12:40:10,stop_point:SP_4803,Eglise Plaisance,27
2303157,12:41:00,12:41:10,stop_point:SP_1027,Plaisance Monestié,28
2303158,12:32:00,12:32:10,stop_point:SP_1754,Arènes,1
2303158,12:34:00,12:34:10,stop_point:SP_2002,Négogousses,2
2303158,12:35:00,12:35:10,stop_point:SP_2956,Hippodrome,3
2303158,12:36:00,12:36:10,stop_point:SP_3162,Brombach,4
2303158,12:37:00,12:37:10,stop_point:SP_2467,Pont Rocade,5
2303158,12:39:00,12:39:10,stop_point:SP_2210,Tissié,6
2303158,12:40:00,12:40:10,stop_point:SP_3729,Centre Aéré,7
2303158,12:41:00,12:41:10,stop_point:SP_1532,Eglise Lardenne,8
2303158,12:42:00,12:42:10,stop_point:SP_1846,Lardenne,9
2303158,12:43:00,12:43:10,stop_point:SP_3237,Montagné,10
2303158,12:44:00,12:44:10,stop_point:SP_3657,Briqueterie,11
2303158,12:45:00,12:45:10,stop_point:SP_396,St-Exupéry,12
2303158,12:47:00,12:47:10,stop_point:SP_3872,Ctre Cial Tournefeuille,13
2303158,12:48:00,12:48:10,stop_point:SP_2193,Montjoie,14
2303158,12:49:00,12:49:10,stop_point:SP_414,Tournefeuille Les Chênes,15
2303158,12:50:00,12:50:10,stop_point:SP_2921,Montel,16
2303158,12:51:00,12:51:10,stop_point:SP_1531,St-Pierre,17
2303158,12:52:00,12:52:10,stop_point:SP_2627,Périgord,18
2303158,12:53:00,12:53:10,stop_point:SP_3433,Alpilles,19
2303158,12:54:00,12:54:10,stop_point:SP_2379,Collège Labitrie,20
2303158,12:54:00,12:54:10,stop_point:SP_3740,Bordeneuve,21
2303158,12:55:00,12:55:10,stop_point:SP_4840,Jean Gay,22
2303158,12:56:00,12:56:10,stop_point:SP_4093,Tournefeuille Lycée,23
2303158,12:58:00,12:58:10,stop_point:SP_4800,Loti,24
2303158,12:59:00,12:59:10,stop_point:SP_4806,Prat Dessus,25
2303158,13:00:00,13:00:10,stop_point:SP_4801,Rivière - Basse,26
2303158,13:01:00,13:01:10,stop_point:SP_4803,Eglise Plaisance,27
2303158,13:02:00,13:02:10,stop_point:SP_1027,Plaisance Monestié,28
2303159,12:53:00,12:53:10,stop_point:SP_1754,Arènes,1
2303159,12:55:00,12:55:10,stop_point:SP_2002,Négogousses,2
2303159,12:56:00,12:56:10,stop_point:SP_2956,Hippodrome,3
2303159,12:57:00,12:57:10,stop_point:SP_3162,Brombach,4
2303159,12:58:00,12:58:10,stop_point:SP_2467,Pont Rocade,5
2303159,13:00:00,13:00:10,stop_point:SP_2210,Tissié,6
2303159,13:01:00,13:01:10,stop_point:SP_3729,Centre Aéré,7
2303159,13:02:00,13:02:10,stop_point:SP_1532,Eglise Lardenne,8
2303159,13:03:00,13:03:10,stop_point:SP_1846,Lardenne,9
2303159,13:04:00,13:04:10,stop_point:SP_3237,Montagné,10
2303159,13:05:00,13:05:10,stop_point:SP_3657,Briqueterie,11
2303159,13:06:00,13:06:10,stop_point:SP_396,St-Exupéry,12
2303159,13:08:00,13:08:10,stop_point:SP_3872,Ctre Cial Tournefeuille,13
2303159,13:09:00,13:09:10,stop_point:SP_2193,Montjoie,14
2303159,13:10:00,13:10:10,stop_point:SP_414,Tournefeuille Les Chênes,15
2303159,13:11:00,13:11:10,stop_point:SP_2921,Montel,16
2303159,13:12:00,13:12:10,stop_point:SP_1531,St-Pierre,17
2303159,13:13:00,13:13:10,stop_point:SP_2627,Périgord,18
2303159,13:14:00,13:14:10,stop_point:SP_3433,Alpilles,19
2303159,13:15:00,13:15:10,stop_point:SP_2379,Collège Labitrie,20
2303159,13:15:00,13:15:10,stop_point:SP_3740,Bordeneuve,21
2303159,13:16:00,13:16:10,stop_point:SP_4840,Jean Gay,22
2303159,13:17:00,13:17:10,stop_point:SP_4093,Tournefeuille Lycée,23
2303159,13:19:00,13:19:10,stop_point:SP_4800,Loti,24
2303159,13:20:00,13:20:10,stop_point:SP_4806,Prat Dessus,25
2303159,13:21:00,13:21:10,stop_point:SP_4801,Rivière - Basse,26
2303159,13:22:00,13:22:10,stop_point:SP_4803,Eglise Plaisance,27
2303159,13:24:00,13:24:10,stop_point:SP_1027,Plaisance Monestié,28
2303160,13:14:00,13:14:10,stop_point:SP_1754,Arènes,1
2303160,13:16:00,13:16:10,stop_point:SP_2002,Négogousses,2
2303160,13:17:00,13:17:10,stop_point:SP_2956,Hippodrome,3
2303160,13:18:00,13:18:10,stop_point:SP_3162,Brombach,4
2303160,13:19:00,13:19:10,stop_point:SP_2467,Pont Rocade,5
2303160,13:21:00,13:21:10,stop_point:SP_2210,Tissié,6
2303160,13:22:00,13:22:10,stop_point:SP_3729,Centre Aéré,7
2303160,13:23:00,13:23:10,stop_point:SP_1532,Eglise Lardenne,8
2303160,13:24:00,13:24:10,stop_point:SP_1846,Lardenne,9
2303160,13:25:00,13:25:10,stop_point:SP_3237,Montagné,10
2303160,13:26:00,13:26:10,stop_point:SP_3657,Briqueterie,11
2303160,13:27:00,13:27:10,stop_point:SP_396,St-Exupéry,12
2303160,13:29:00,13:29:10,stop_point:SP_3872,Ctre Cial Tournefeuille,13
2303160,13:30:00,13:30:10,stop_point:SP_2193,Montjoie,14
2303160,13:31:00,13:31:10,stop_point:SP_414,Tournefeuille Les Chênes,15
2303160,13:32:00,13:32:10,stop_point:SP_2921,Montel,16
2303160,13:33:00,13:33:10,stop_point:SP_1531,St-Pierre,17
2303160,13:34:00,13:34:10,stop_point:SP_2627,Périgord,18
2303160,13:35:00,13:35:10,stop_point:SP_3433,Alpilles,19
2303160,13:36:00,13:36:10,stop_point:SP_2379,Collège Labitrie,20
2303160,13:36:00,13:36:10,stop_point:SP_3740,Bordeneuve,21
2303160,13:37:00,13:37:10,stop_point:SP_4840,Jean Gay,22
2303160,13:38:00,13:38:10,stop_point:SP_4093,Tournefeuille Lycée,23
2303160,13:40:00,13:40:10,stop_point:SP_4800,Loti,24
2303160,13:41:00,13:41:10,stop_point:SP_4806,Prat Dessus,25
2303160,13:42:00,13:42:10,stop_point:SP_4801,Rivière - Basse,26
2303160,13:43:00,13:43:10,stop_point:SP_4803,Eglise Plaisance,27
2303160,13:45:00,13:45:10,stop_point:SP_1027,Plaisance Monestié,28
2303161,13:35:00,13:35:10,stop_point:SP_1754,Arènes,1
2303161,13:37:00,13:37:10,stop_point:SP_2002,Négogousses,2
2303161,13:38:00,13:38:10,stop_point:SP_2956,Hippodrome,3
2303161,13:39:00,13:39:10,stop_point:SP_3162,Brombach,4
2303161,13:40:00,13:40:10,stop_point:SP_2467,Pont Rocade,5
2303161,13:42:00,13:42:10,stop_point:SP_2210,Tissié,6
2303161,13:43:00,13:43:10,stop_point:SP_3729,Centre Aéré,7
2303161,13:44:00,13:44:10,stop_point:SP_1532,Eglise Lardenne,8
2303161,13:45:00,13:45:10,stop_point:SP_1846,Lardenne,9
2303161,13:46:00,13:46:10,stop_point:SP_3237,Montagné,10
2303161,13:47:00,13:47:10,stop_point:SP_3657,Briqueterie,11
2303161,13:48:00,13:48:10,stop_point:SP_396,St-Exupéry,12
2303161,13:50:00,13:50:10,stop_point:SP_3872,Ctre Cial Tournefeuille,13
2303161,13:51:00,13:51:10,stop_point:SP_2193,Montjoie,14
2303161,13:52:00,13:52:10,stop_point:SP_414,Tournefeuille Les Chênes,15
2303161,13:53:00,13:53:10,stop_point:SP_2921,Montel,16
2303161,13:54:00,13:54:10,stop_point:SP_1531,St-Pierre,17
2303161,13:55:00,13:55:10,stop_point:SP_2627,Périgord,18
2303161,13:56:00,13:56:10,stop_point:SP_3433,Alpilles,19
2303161,13:57:00,13:57:10,stop_point:SP_2379,Collège Labitrie,20
2303161,13:57:00,13:57:10,stop_point:SP_3740,Bordeneuve,21
2303161,13:58:00,13:58:10,stop_point:SP_4840,Jean Gay,22
2303161,13:59:00,13:59:10,stop_point:SP_4093,Tournefeuille Lycée,23
2303161,14:01:00,14:01:10,stop_point:SP_4800,Loti,24
2303161,14:02:00,14:02:10,stop_point:SP_4806,Prat Dessus,25
2303161,14:03:00,14:03:10,stop_point:SP_4801,Rivière - Basse,26
2303161,14:04:00,14:04:10,stop_point:SP_4803,Eglise Plaisance,27
2303161,14:06:00,14:06:10,stop_point:SP_1027,Plaisance Monestié,28
2303162,13:56:00,13:56:10,stop_point:SP_1754,Arènes,1
2303162,13:58:00,13:58:10,stop_point:SP_2002,Négogousses,2
2303162,13:59:00,13:59:10,stop_point:SP_2956,Hippodrome,3
2303162,14:00:00,14:00:10,stop_point:SP_3162,Brombach,4
2303162,14:01:00,14:01:10,stop_point:SP_2467,Pont Rocade,5
2303162,14:03:00,14:03:10,stop_point:SP_2210,Tissié,6
2303162,14:04:00,14:04:10,stop_point:SP_3729,Centre Aéré,7
2303162,14:05:00,14:05:10,stop_point:SP_1532,Eglise Lardenne,8
2303162,14:06:00,14:06:10,stop_point:SP_1846,Lardenne,9
2303162,14:08:00,14:08:10,stop_point:SP_3237,Montagné,10
2303162,14:09:00,14:09:10,stop_point:SP_3657,Briqueterie,11
2303162,14:10:00,14:10:10,stop_point:SP_396,St-Exupéry,12
2303162,14:12:00,14:12:10,stop_point:SP_3872,Ctre Cial Tournefeuille,13
2303162,14:13:00,14:13:10,stop_point:SP_2193,Montjoie,14
2303162,14:14:00,14:14:10,stop_point:SP_414,Tournefeuille Les Chênes,15
2303162,14:15:00,14:15:10,stop_point:SP_2921,Montel,16
2303162,14:16:00,14:16:10,stop_point:SP_1531,St-Pierre,17
2303162,14:17:00,14:17:10,stop_point:SP_2627,Périgord,18
2303162,14:18:00,14:18:10,stop_point:SP_3433,Alpilles,19
2303162,14:19:00,14:19:10,stop_point:SP_2379,Collège Labitrie,20
2303162,14:19:00,14:19:10,stop_point:SP_3740,Bordeneuve,21
2303162,14:20:00,14:20:10,stop_point:SP_4840,Jean Gay,22
2303162,14:21:00,14:21:10,stop_point:SP_4093,Tournefeuille Lycée,23
2303162,14:23:00,14:23:10,stop_point:SP_4800,Loti,24
2303162,14:24:00,14:24:10,stop_point:SP_4806,Prat Dessus,25
2303162,14:25:00,14:25:10,stop_point:SP_4801,Rivière - Basse,26
2303162,14:26:00,14:26:10,stop_point:SP_4803,Eglise Plaisance,27
2303162,14:28:00,14:28:10,stop_point:SP_1027,Plaisance Monestié,28
2303163,14:17:00,14:17:10,stop_point:SP_1754,Arènes,1
2303163,14:19:00,14:19:10,stop_point:SP_2002,Négogousses,2
2303163,14:20:00,14:20:10,stop_point:SP_2956,Hippodrome,3
2303163,14:21:00,14:21:10,stop_point:SP_3162,Brombach,4
2303163,14:22:00,14:22:10,stop_point:SP_2467,Pont Rocade,5
2303163,14:24:00,14:24:10,stop_point:SP_2210,Tissié,6
2303163,14:25:00,14:25:10,stop_point:SP_3729,Centre Aéré,7
2303163,14:26:00,14:26:10,stop_point:SP_1532,Eglise Lardenne,8
2303163,14:27:00,14:27:10,stop_point:SP_1846,Lardenne,9
2303163,14:29:00,14:29:10,stop_point:SP_3237,Montagné,10
2303163,14:30:00,14:30:10,stop_point:SP_3657,Briqueterie,11
2303163,14:31:00,14:31:10,stop_point:SP_396,St-Exupéry,12
2303163,14:33:00,14:33:10,stop_point:SP_3872,Ctre Cial Tournefeuille,13
2303163,14:34:00,14:34:10,stop_point:SP_2193,Montjoie,14
2303163,14:35:00,14:35:10,stop_point:SP_414,Tournefeuille Les Chênes,15
2303163,14:36:00,14:36:10,stop_point:SP_2921,Montel,16
2303163,14:37:00,14:37:10,stop_point:SP_1531,St-Pierre,17
2303163,14:38:00,14:38:10,stop_point:SP_2627,Périgord,18
2303163,14:39:00,14:39:10,stop_point:SP_3433,Alpilles,19
2303163,14:40:00,14:40:10,stop_point:SP_2379,Collège Labitrie,20
2303163,14:40:00,14:40:10,stop_point:SP_3740,Bordeneuve,21
2303163,14:41:00,14:41:10,stop_point:SP_4840,Jean Gay,22
2303163,14:42:00,14:42:10,stop_point:SP_4093,Tournefeuille Lycée,23
2303163,14:44:00,14:44:10,stop_point:SP_4800,Loti,24
2303163,14:45:00,14:45:10,stop_point:SP_4806,Prat Dessus,25
2303163,14:46:00,14:46:10,stop_point:SP_4801,Rivière - Basse,26
2303163,14:47:00,14:47:10,stop_point:SP_4803,Eglise Plaisance,27
2303163,14:49:00,14:49:10,stop_point:SP_1027,Plaisance Monestié,28
2303164,14:38:00,14:38:10,stop_point:SP_1754,Arènes,1
2303164,14:40:00,14:40:10,stop_point:SP_2002,Négogousses,2
2303164,14:41:00,14:41:10,stop_point:SP_2956,Hippodrome,3
2303164,14:42:00,14:42:10,stop_point:SP_3162,Brombach,4
2303164,14:43:00,14:43:10,stop_point:SP_2467,Pont Rocade,5
2303164,14:45:00,14:45:10,stop_point:SP_2210,Tissié,6
2303164,14:46:00,14:46:10,stop_point:SP_3729,Centre Aéré,7
2303164,14:47:00,14:47:10,stop_point:SP_1532,Eglise Lardenne,8
2303164,14:48:00,14:48:10,stop_point:SP_1846,Lardenne,9
2303164,14:50:00,14:50:10,stop_point:SP_3237,Montagné,10
2303164,14:51:00,14:51:10,stop_point:SP_3657,Briqueterie,11
2303164,14:52:00,14:52:10,stop_point:SP_396,St-Exupéry,12
2303164,14:54:00,14:54:10,stop_point:SP_3872,Ctre Cial Tournefeuille,13
2303164,14:55:00,14:55:10,stop_point:SP_2193,Montjoie,14
2303164,14:56:00,14:56:10,stop_point:SP_414,Tournefeuille Les Chênes,15
2303164,14:57:00,14:57:10,stop_point:SP_2921,Montel,16
2303164,14:58:00,14:58:10,stop_point:SP_1531,St-Pierre,17
2303164,14:59:00,14:59:10,stop_point:SP_2627,Périgord,18
2303164,15:00:00,15:00:10,stop_point:SP_3433,Alpilles,19
2303164,15:01:00,15:01:10,stop_point:SP_2379,Collège Labitrie,20
2303164,15:01:00,15:01:10,stop_point:SP_3740,Bordeneuve,21
2303164,15:02:00,15:02:10,stop_point:SP_4840,Jean Gay,22
2303164,15:03:00,15:03:10,stop_point:SP_4093,Tournefeuille Lycée,23
2303164,15:05:00,15:05:10,stop_point:SP_4800,Loti,24
2303164,15:06:00,15:06:10,stop_point:SP_4806,Prat Dessus,25
2303164,15:07:00,15:07:10,stop_point:SP_4801,Rivière - Basse,26
2303164,15:08:00,15:08:10,stop_point:SP_4803,Eglise Plaisance,27
2303164,15:10:00,15:10:10,stop_point:SP_1027,Plaisance Monestié,28
2303165,14:59:00,14:59:10,stop_point:SP_1754,Arènes,1
2303165,15:01:00,15:01:10,stop_point:SP_2002,Négogousses,2
2303165,15:02:00,15:02:10,stop_point:SP_2956,Hippodrome,3
2303165,15:03:00,15:03:10,stop_point:SP_3162,Brombach,4
2303165,15:04:00,15:04:10,stop_point:SP_2467,Pont Rocade,5
2303165,15:06:00,15:06:10,stop_point:SP_2210,Tissié,6
2303165,15:07:00,15:07:10,stop_point:SP_3729,Centre Aéré,7
2303165,15:08:00,15:08:10,stop_point:SP_1532,Eglise Lardenne,8
2303165,15:09:00,15:09:10,stop_point:SP_1846,Lardenne,9
2303165,15:11:00,15:11:10,stop_point:SP_3237,Montagné,10
2303165,15:12:00,15:12:10,stop_point:SP_3657,Briqueterie,11
2303165,15:13:00,15:13:10,stop_point:SP_396,St-Exupéry,12
2303165,15:15:00,15:15:10,stop_point:SP_3872,Ctre Cial Tournefeuille,13
2303165,15:16:00,15:16:10,stop_point:SP_2193,Montjoie,14
2303165,15:17:00,15:17:10,stop_point:SP_414,Tournefeuille Les Chênes,15
2303165,15:18:00,15:18:10,stop_point:SP_2921,Montel,16
2303165,15:19:00,15:19:10,stop_point:SP_1531,St-Pierre,17
2303165,15:20:00,15:20:10,stop_point:SP_2627,Périgord,18
2303165,15:21:00,15:21:10,stop_point:SP_3433,Alpilles,19
2303165,15:22:00,15:22:10,stop_point:SP_2379,Collège Labitrie,20
2303165,15:22:00,15:22:10,stop_point:SP_3740,Bordeneuve,21
2303165,15:23:00,15:23:10,stop_point:SP_4840,Jean Gay,22
2303165,15:24:00,15:24:10,stop_point:SP_4093,Tournefeuille Lycée,23
2303165,15:26:00,15:26:10,stop_point:SP_4800,Loti,24
2303165,15:27:00,15:27:10,stop_point:SP_4806,Prat Dessus,25
2303165,15:28:00,15:28:10,stop_point:SP_4801,Rivière - Basse,26
2303165,15:29:00,15:29:10,stop_point:SP_4803,Eglise Plaisance,27
2303165,15:31:00,15:31:10,stop_point:SP_1027,Plaisance Monestié,28
2303166,15:20:00,15:20:10,stop_point:SP_1754,Arènes,1
2303166,15:22:00,15:22:10,stop_point:SP_2002,Négogousses,2
2303166,15:23:00,15:23:10,stop_point:SP_2956,Hippodrome,3
2303166,15:24:00,15:24:10,stop_point:SP_3162,Brombach,4
2303166,15:25:00,15:25:10,stop_point:SP_2467,Pont Rocade,5
2303166,15:27:00,15:27:10,stop_point:SP_2210,Tissié,6
2303166,15:28:00,15:28:10,stop_point:SP_3729,Centre Aéré,7
2303166,15:29:00,15:29:10,stop_point:SP_1532,Eglise Lardenne,8
2303166,15:30:00,15:30:10,stop_point:SP_1846,Lardenne,9
2303166,15:32:00,15:32:10,stop_point:SP_3237,Montagné,10
2303166,15:33:00,15:33:10,stop_point:SP_3657,Briqueterie,11
2303166,15:34:00,15:34:10,stop_point:SP_396,St-Exupéry,12
2303166,15:36:00,15:36:10,stop_point:SP_3872,Ctre Cial Tournefeuille,13
2303166,15:37:00,15:37:10,stop_point:SP_2193,Montjoie,14
2303166,15:38:00,15:38:10,stop_point:SP_414,Tournefeuille Les Chênes,15
2303166,15:39:00,15:39:10,stop_point:SP_2921,Montel,16
2303166,15:40:00,15:40:10,stop_point:SP_1531,St-Pierre,17
2303166,15:41:00,15:41:10,stop_point:SP_2627,Périgord,18
2303166,15:42:00,15:42:10,stop_point:SP_3433,Alpilles,19
2303166,15:43:00,15:43:10,stop_point:SP_2379,Collège Labitrie,20
2303166,15:43:00,15:43:10,stop_point:SP_3740,Bordeneuve,21
2303166,15:44:00,15:44:10,stop_point:SP_4840,Jean Gay,22
2303166,15:45:00,15:45:10,stop_point:SP_4093,Tournefeuille Lycée,23
2303166,15:47:00,15:47:10,stop_point:SP_4800,Loti,24
2303166,15:48:00,15:48:10,stop_point:SP_4806,Prat Dessus,25
2303166,15:49:00,15:49:10,stop_point:SP_4801,Rivière - Basse,26
2303166,15:50:00,15:50:10,stop_point:SP_4803,Eglise Plaisance,27
2303166,15:52:00,15:52:10,stop_point:SP_1027,Plaisance Monestié,28
2303167,15:41:00,15:41:10,stop_point:SP_1754,Arènes,1
2303167,15:43:00,15:43:10,stop_point:SP_2002,Négogousses,2
2303167,15:44:00,15:44:10,stop_point:SP_2956,Hippodrome,3
2303167,15:45:00,15:45:10,stop_point:SP_3162,Brombach,4
2303167,15:46:00,15:46:10,stop_point:SP_2467,Pont Rocade,5
2303167,15:48:00,15:48:10,stop_point:SP_2210,Tissié,6
2303167,15:49:00,15:49:10,stop_point:SP_3729,Centre Aéré,7
2303167,15:50:00,15:50:10,stop_point:SP_1532,Eglise Lardenne,8
2303167,15:51:00,15:51:10,stop_point:SP_1846,Lardenne,9
2303167,15:53:00,15:53:10,stop_point:SP_3237,Montagné,10
2303167,15:54:00,15:54:10,stop_point:SP_3657,Briqueterie,11
2303167,15:55:00,15:55:10,stop_point:SP_396,St-Exupéry,12
2303167,15:57:00,15:57:10,stop_point:SP_3872,Ctre Cial Tournefeuille,13
2303167,15:58:00,15:58:10,stop_point:SP_2193,Montjoie,14
2303167,15:59:00,15:59:10,stop_point:SP_414,Tournefeuille Les Chênes,15
2303167,16:00:00,16:00:10,stop_point:SP_2921,Montel,16
2303167,16:01:00,16:01:10,stop_point:SP_1531,St-Pierre,17
2303167,16:02:00,16:02:10,stop_point:SP_2627,Périgord,18
2303167,16:03:00,16:03:10,stop_point:SP_3433,Alpilles,19
2303167,16:04:00,16:04:10,stop_point:SP_2379,Collège Labitrie,20
2303167,16:04:00,16:04:10,stop_point:SP_3740,Bordeneuve,21
2303167,16:05:00,16:05:10,stop_point:SP_4840,Jean Gay,22
2303167,16:06:00,16:06:10,stop_point:SP_4093,Tournefeuille Lycée,23
2303167,16:08:00,16:08:10,stop_point:SP_4800,Loti,24
2303167,16:09:00,16:09:10,stop_point:SP_4806,Prat Dessus,25
2303167,16:10:00,16:10:10,stop_point:SP_4801,Rivière - Basse,26
2303167,16:11:00,16:11:10,stop_point:SP_4803,Eglise Plaisance,27
2303167,16:12:00,16:12:10,stop_point:SP_1027,Plaisance Monestié,28
2303168,16:00:00,16:00:10,stop_point:SP_1754,Arènes,1
2303168,16:02:00,16:02:10,stop_point:SP_2002,Négogousses,2
2303168,16:03:00,16:03:10,stop_point:SP_2956,Hippodrome,3
2303168,16:04:00,16:04:10,stop_point:SP_3162,Brombach,4
2303168,16:05:00,16:05:10,stop_point:SP_2467,Pont Rocade,5
2303168,16:07:00,16:07:10,stop_point:SP_2210,Tissié,6
2303168,16:08:00,16:08:10,stop_point:SP_3729,Centre Aéré,7
2303168,16:09:00,16:09:10,stop_point:SP_1532,Eglise Lardenne,8
2303168,16:10:00,16:10:10,stop_point:SP_1846,Lardenne,9
2303168,16:12:00,16:12:10,stop_point:SP_3237,Montagné,10
2303168,16:13:00,16:13:10,stop_point:SP_3657,Briqueterie,11
2303168,16:14:00,16:14:10,stop_point:SP_396,St-Exupéry,12
2303168,16:16:00,16:16:10,stop_point:SP_3872,Ctre Cial Tournefeuille,13
2303168,16:17:00,16:17:10,stop_point:SP_2193,Montjoie,14
2303168,16:18:00,16:18:10,stop_point:SP_414,Tournefeuille Les Chênes,15
2303168,16:19:00,16:19:10,stop_point:SP_2921,Montel,16
2303168,16:20:00,16:20:10,stop_point:SP_1531,St-Pierre,17
2303168,16:21:00,16:21:10,stop_point:SP_2627,Périgord,18
2303168,16:22:00,16:22:10,stop_point:SP_3433,Alpilles,19
2303168,16:23:00,16:23:10,stop_point:SP_2379,Collège Labitrie,20
2303168,16:24:00,16:24:10,stop_point:SP_3740,Bordeneuve,21
2303168,16:25:00,16:25:10,stop_point:SP_4840,Jean Gay,22
2303168,16:26:00,16:26:10,stop_point:SP_4093,Tournefeuille Lycée,23
2303168,16:28:00,16:28:10,stop_point:SP_4800,Loti,24
2303168,16:29:00,16:29:10,stop_point:SP_4806,Prat Dessus,25
2303168,16:30:00,16:30:10,stop_point:SP_4801,Rivière - Basse,26
2303168,16:31:00,16:31:10,stop_point:SP_4803,Eglise Plaisance,27
2303168,16:32:00,16:32:10,stop_point:SP_1027,Plaisance Monestié,28
2303169,16:18:00,16:18:10,stop_point:SP_1754,Arènes,1
2303169,16:20:00,16:20:10,stop_point:SP_2002,Négogousses,2
2303169,16:21:00,16:21:10,stop_point:SP_2956,Hippodrome,3
2303169,16:22:00,16:22:10,stop_point:SP_3162,Brombach,4
2303169,16:23:00,16:23:10,stop_point:SP_2467,Pont Rocade,5
2303169,16:25:00,16:25:10,stop_point:SP_2210,Tissié,6
2303169,16:26:00,16:26:10,stop_point:SP_3729,Centre Aéré,7
2303169,16:27:00,16:27:10,stop_point:SP_1532,Eglise Lardenne,8
2303169,16:28:00,16:28:10,stop_point:SP_1846,Lardenne,9
2303169,16:30:00,16:30:10,stop_point:SP_3237,Montagné,10
2303169,16:31:00,16:31:10,stop_point:SP_3657,Briqueterie,11
2303169,16:32:00,16:32:10,stop_point:SP_396,St-Exupéry,12
2303169,16:34:00,16:34:10,stop_point:SP_3872,Ctre Cial Tournefeuille,13
2303169,16:35:00,16:35:10,stop_point:SP_2193,Montjoie,14
2303169,16:36:00,16:36:10,stop_point:SP_414,Tournefeuille Les Chênes,15
2303169,16:37:00,16:37:10,stop_point:SP_2921,Montel,16
2303169,16:38:00,16:38:10,stop_point:SP_1531,St-Pierre,17
2303169,16:39:00,16:39:10,stop_point:SP_2627,Périgord,18
2303169,16:40:00,16:40:10,stop_point:SP_3433,Alpilles,19
2303169,16:41:00,16:41:10,stop_point:SP_2379,Collège Labitrie,20
2303169,16:42:00,16:42:10,stop_point:SP_3740,Bordeneuve,21
2303169,16:43:00,16:43:10,stop_point:SP_4840,Jean Gay,22
2303169,16:44:00,16:44:10,stop_point:SP_4093,Tournefeuille Lycée,23
2303169,16:46:00,16:46:10,stop_point:SP_4800,Loti,24
2303169,16:47:00,16:47:10,stop_point:SP_4806,Prat Dessus,25
2303169,16:48:00,16:48:10,stop_point:SP_4801,Rivière - Basse,26
2303169,16:49:00,16:49:10,stop_point:SP_4803,Eglise Plaisance,27
2303169,16:50:00,16:50:10,stop_point:SP_1027,Plaisance Monestié,28
2303170,16:36:00,16:36:10,stop_point:SP_1754,Arènes,1
2303170,16:38:00,16:38:10,stop_point:SP_2002,Négogousses,2
2303170,16:39:00,16:39:10,stop_point:SP_2956,Hippodrome,3
2303170,16:40:00,16:40:10,stop_point:SP_3162,Brombach,4
2303170,16:41:00,16:41:10,stop_point:SP_2467,Pont Rocade,5
2303170,16:43:00,16:43:10,stop_point:SP_2210,Tissié,6
2303170,16:44:00,16:44:10,stop_point:SP_3729,Centre Aéré,7
2303170,16:46:00,16:46:10,stop_point:SP_1532,Eglise Lardenne,8
2303170,16:47:00,16:47:10,stop_point:SP_1846,Lardenne,9
2303170,16:49:00,16:49:10,stop_point:SP_3237,Montagné,10
2303170,16:50:00,16:50:10,stop_point:SP_3657,Briqueterie,11
2303170,16:51:00,16:51:10,stop_point:SP_396,St-Exupéry,12
2303170,16:53:00,16:53:10,stop_point:SP_3872,Ctre Cial Tournefeuille,13
2303170,16:54:00,16:54:10,stop_point:SP_2193,Montjoie,14
2303170,16:55:00,16:55:10,stop_point:SP_414,Tournefeuille Les Chênes,15
2303170,16:56:00,16:56:10,stop_point:SP_2921,Montel,16
2303170,16:57:00,16:57:10,stop_point:SP_1531,St-Pierre,17
2303170,16:58:00,16:58:10,stop_point:SP_2627,Périgord,18
2303170,16:59:00,16:59:10,stop_point:SP_3433,Alpilles,19
2303170,17:00:00,17:00:10,stop_point:SP_2379,Collège Labitrie,20
2303170,17:01:00,17:01:10,stop_point:SP_3740,Bordeneuve,21
2303170,17:02:00,17:02:10,stop_point:SP_4840,Jean Gay,22
2303170,17:03:00,17:03:10,stop_point:SP_4093,Tournefeuille Lycée,23
2303170,17:05:00,17:05:10,stop_point:SP_4800,Loti,24
2303170,17:06:00,17:06:10,stop_point:SP_4806,Prat Dessus,25
2303170,17:07:00,17:07:10,stop_point:SP_4801,Rivière - Basse,26
2303170,17:08:00,17:08:10,stop_point:SP_4803,Eglise Plaisance,27
2303170,17:09:00,17:09:10,stop_point:SP_1027,Plaisance Monestié,28
2303171,16:54:00,16:54:10,stop_point:SP_1754,Arènes,1
2303171,16:56:00,16:56:10,stop_point:SP_2002,Négogousses,2
2303171,16:57:00,16:57:10,stop_point:SP_2956,Hippodrome,3
2303171,16:58:00,16:58:10,stop_point:SP_3162,Brombach,4
2303171,16:59:00,16:59:10,stop_point:SP_2467,Pont Rocade,5
2303171,17:01:00,17:01:10,stop_point:SP_2210,Tissié,6
2303171,17:02:00,17:02:10,stop_point:SP_3729,Centre Aéré,7
2303171,17:04:00,17:04:10,stop_point:SP_1532,Eglise Lardenne,8
2303171,17:05:00,17:05:10,stop_point:SP_1846,Lardenne,9
2303171,17:07:00,17:07:10,stop_point:SP_3237,Montagné,10
2303171,17:08:00,17:08:10,stop_point:SP_3657,Briqueterie,11
2303171,17:09:00,17:09:10,stop_point:SP_396,St-Exupéry,12
2303171,17:11:00,17:11:10,stop_point:SP_3872,Ctre Cial Tournefeuille,13
2303171,17:12:00,17:12:10,stop_point:SP_2193,Montjoie,14
2303171,17:13:00,17:13:10,stop_point:SP_414,Tournefeuille Les Chênes,15
2303171,17:14:00,17:14:10,stop_point:SP_2921,Montel,16
2303171,17:15:00,17:15:10,stop_point:SP_1531,St-Pierre,17
2303171,17:16:00,17:16:10,stop_point:SP_2627,Périgord,18
2303171,17:17:00,17:17:10,stop_point:SP_3433,Alpilles,19
2303171,17:18:00,17:18:10,stop_point:SP_2379,Collège Labitrie,20
2303171,17:19:00,17:19:10,stop_point:SP_3740,Bordeneuve,21
2303171,17:20:00,17:20:10,stop_point:SP_4840,Jean Gay,22
2303171,17:21:00,17:21:10,stop_point:SP_4093,Tournefeuille Lycée,23
2303171,17:23:00,17:23:10,stop_point:SP_4800,Loti,24
2303171,17:24:00,17:24:10,stop_point:SP_4806,Prat Dessus,25
2303171,17:25:00,17:25:10,stop_point:SP_4801,Rivière - Basse,26
2303171,17:26:00,17:26:10,stop_point:SP_4803,Eglise Plaisance,27
2303171,17:27:00,17:27:10,stop_point:SP_1027,Plaisance Monestié,28
2303172,17:12:00,17:12:10,stop_point:SP_1754,Arènes,1
2303172,17:14:00,17:14:10,stop_point:SP_2002,Négogousses,2
2303172,17:15:00,17:15:10,stop_point:SP_2956,Hippodrome,3
2303172,17:16:00,17:16:10,stop_point:SP_3162,Brombach,4
2303172,17:17:00,17:17:10,stop_point:SP_2467,Pont Rocade,5
2303172,17:19:00,17:19:10,stop_point:SP_2210,Tissié,6
2303172,17:20:00,17:20:10,stop_point:SP_3729,Centre Aéré,7
2303172,17:22:00,17:22:10,stop_point:SP_1532,Eglise Lardenne,8
2303172,17:23:00,17:23:10,stop_point:SP_1846,Lardenne,9
2303172,17:25:00,17:25:10,stop_point:SP_3237,Montagné,10
2303172,17:26:00,17:26:10,stop_point:SP_3657,Briqueterie,11
2303172,17:27:00,17:27:10,stop_point:SP_396,St-Exupéry,12
2303172,17:29:00,17:29:10,stop_point:SP_3872,Ctre Cial Tournefeuille,13
2303172,17:30:00,17:30:10,stop_point:SP_2193,Montjoie,14
2303172,17:32:00,17:32:10,stop_point:SP_414,Tournefeuille Les Chênes,15
2303172,17:33:00,17:33:10,stop_point:SP_2921,Montel,16
2303172,17:34:00,17:34:10,stop_point:SP_1531,St-Pierre,17
2303172,17:35:00,17:35:10,stop_point:SP_2627,Périgord,18
2303172,17:36:00,17:36:10,stop_point:SP_3433,Alpilles,19
2303172,17:37:00,17:37:10,stop_point:SP_2379,Collège Labitrie,20
2303172,17:38:00,17:38:10,stop_point:SP_3740,Bordeneuve,21
2303172,17:39:00,17:39:10,stop_point:SP_4840,Jean Gay,22
2303172,17:40:00,17:40:10,stop_point:SP_4093,Tournefeuille Lycée,23
2303172,17:42:00,17:42:10,stop_point:SP_4800,Loti,24
2303172,17:43:00,17:43:10,stop_point:SP_4806,Prat Dessus,25
2303172,17:44:00,17:44:10,stop_point:SP_4801,Rivière - Basse,26
2303172,17:45:00,17:45:10,stop_point:SP_4803,Eglise Plaisance,27
2303172,17:46:00,17:46:10,stop_point:SP_1027,Plaisance Monestié,28
2303173,17:30:00,17:30:10,stop_point:SP_1754,Arènes,1
2303173,17:32:00,17:32:10,stop_point:SP_2002,Négogousses,2
2303173,17:33:00,17:33:10,stop_point:SP_2956,Hippodrome,3
2303173,17:34:00,17:34:10,stop_point:SP_3162,Brombach,4
2303173,17:35:00,17:35:10,stop_point:SP_2467,Pont Rocade,5
2303173,17:37:00,17:37:10,stop_point:SP_2210,Tissié,6
2303173,17:38:00,17:38:10,stop_point:SP_3729,Centre Aéré,7
2303173,17:40:00,17:40:10,stop_point:SP_1532,Eglise Lardenne,8
2303173,17:41:00,17:41:10,stop_point:SP_1846,Lardenne,9
2303173,17:43:00,17:43:10,stop_point:SP_3237,Montagné,10
2303173,17:44:00,17:44:10,stop_point:SP_3657,Briqueterie,11
2303173,17:45:00,17:45:10,stop_point:SP_396,St-Exupéry,12
2303173,17:47:00,17:47:10,stop_point:SP_3872,Ctre Cial Tournefeuille,13
2303173,17:48:00,17:48:10,stop_point:SP_2193,Montjoie,14
2303173,17:50:00,17:50:10,stop_point:SP_414,Tournefeuille Les Chênes,15
2303173,17:51:00,17:51:10,stop_point:SP_2921,Montel,16
2303173,17:53:00,17:53:10,stop_point:SP_1531,St-Pierre,17
2303173,17:54:00,17:54:10,stop_point:SP_2627,Périgord,18
2303173,17:55:00,17:55:10,stop_point:SP_3433,Alpilles,19
2303173,17:56:00,17:56:10,stop_point:SP_2379,Collège Labitrie,20
2303173,17:57:00,17:57:10,stop_point:SP_3740,Bordeneuve,21
2303173,17:58:00,17:58:10,stop_point:SP_4840,Jean Gay,22
2303173,17:59:00,17:59:10,stop_point:SP_4093,Tournefeuille Lycée,23
2303173,18:01:00,18:01:10,stop_point:SP_4800,Loti,24
2303173,18:02:00,18:02:10,stop_point:SP_4806,Prat Dessus,25
2303173,18:03:00,18:03:10,stop_point:SP_4801,Rivière - Basse,26
2303173,18:04:00,18:04:10,stop_point:SP_4803,Eglise Plaisance,27
2303173,18:05:00,18:05:10,stop_point:SP_1027,Plaisance Monestié,28
2303174,17:48:00,17:48:10,stop_point:SP_1754,Arènes,1
2303174,17:51:00,17:51:10,stop_point:SP_2002,Négogousses,2
2303174,17:52:00,17:52:10,stop_point:SP_2956,Hippodrome,3
2303174,17:53:00,17:53:10,stop_point:SP_3162,Brombach,4
2303174,17:54:00,17:54:10,stop_point:SP_2467,Pont Rocade,5
2303174,17:56:00,17:56:10,stop_point:SP_2210,Tissié,6
2303174,17:57:00,17:57:10,stop_point:SP_3729,Centre Aéré,7
2303174,17:59:00,17:59:10,stop_point:SP_1532,Eglise Lardenne,8
2303174,18:00:00,18:00:10,stop_point:SP_1846,Lardenne,9
2303174,18:02:00,18:02:10,stop_point:SP_3237,Montagné,10
2303174,18:03:00,18:03:10,stop_point:SP_3657,Briqueterie,11
2303174,18:04:00,18:04:10,stop_point:SP_396,St-Exupéry,12
2303174,18:06:00,18:06:10,stop_point:SP_3872,Ctre Cial Tournefeuille,13
2303174,18:07:00,18:07:10,stop_point:SP_2193,Montjoie,14
2303174,18:09:00,18:09:10,stop_point:SP_414,Tournefeuille Les Chênes,15
2303174,18:10:00,18:10:10,stop_point:SP_2921,Montel,16
2303174,18:12:00,18:12:10,stop_point:SP_1531,St-Pierre,17
2303174,18:13:00,18:13:10,stop_point:SP_2627,Périgord,18
2303174,18:14:00,18:14:10,stop_point:SP_3433,Alpilles,19
2303174,18:15:00,18:15:10,stop_point:SP_2379,Collège Labitrie,20
2303174,18:16:00,18:16:10,stop_point:SP_3740,Bordeneuve,21
2303174,18:17:00,18:17:10,stop_point:SP_4840,Jean Gay,22
2303174,18:18:00,18:18:10,stop_point:SP_4093,Tournefeuille Lycée,23
2303174,18:20:00,18:20:10,stop_point:SP_4800,Loti,24
2303174,18:21:00,18:21:10,stop_point:SP_4806,Prat Dessus,25
2303174,18:22:00,18:22:10,stop_point:SP_4801,Rivière - Basse,26
2303174,18:23:00,18:23:10,stop_point:SP_4803,Eglise Plaisance,27
2303174,18:24:00,18:24:10,stop_point:SP_1027,Plaisance Monestié,28
2303175,18:08:00,18:08:10,stop_point:SP_1754,Arènes,1
2303175,18:11:00,18:11:10,stop_point:SP_2002,Négogousses,2
2303175,18:12:00,18:12:10,stop_point:SP_2956,Hippodrome,3
2303175,18:13:00,18:13:10,stop_point:SP_3162,Brombach,4
2303175,18:14:00,18:14:10,stop_point:SP_2467,Pont Rocade,5
2303175,18:16:00,18:16:10,stop_point:SP_2210,Tissié,6
2303175,18:17:00,18:17:10,stop_point:SP_3729,Centre Aéré,7
2303175,18:19:00,18:19:10,stop_point:SP_1532,Eglise Lardenne,8
2303175,18:20:00,18:20:10,stop_point:SP_1846,Lardenne,9
2303175,18:22:00,18:22:10,stop_point:SP_3237,Montagné,10
2303175,18:23:00,18:23:10,stop_point:SP_3657,Briqueterie,11
2303175,18:24:00,18:24:10,stop_point:SP_396,St-Exupéry,12
2303175,18:26:00,18:26:10,stop_point:SP_3872,Ctre Cial Tournefeuille,13
2303175,18:27:00,18:27:10,stop_point:SP_2193,Montjoie,14
2303175,18:29:00,18:29:10,stop_point:SP_414,Tournefeuille Les Chênes,15
2303175,18:30:00,18:30:10,stop_point:SP_2921,Montel,16
2303175,18:32:00,18:32:10,stop_point:SP_1531,St-Pierre,17
2303175,18:33:00,18:33:10,stop_point:SP_2627,Périgord,18
2303175,18:34:00,18:34:10,stop_point:SP_3433,Alpilles,19
2303175,18:35:00,18:35:10,stop_point:SP_2379,Collège Labitrie,20
2303175,18:36:00,18:36:10,stop_point:SP_3740,Bordeneuve,21
2303175,18:37:00,18:37:10,stop_point:SP_4840,Jean Gay,22
2303175,18:38:00,18:38:10,stop_point:SP_4093,Tournefeuille Lycée,23
2303175,18:40:00,18:40:10,stop_point:SP_4800,Loti,24
2303175,18:41:00,18:41:10,stop_point:SP_4806,Prat Dessus,25
2303175,18:42:00,18:42:10,stop_point:SP_4801,Rivière - Basse,26
2303175,18:43:00,18:43:10,stop_point:SP_4803,Eglise Plaisance,27
2303175,18:44:00,18:44:10,stop_point:SP_1027,Plaisance Monestié,28
2303176,18:29:00,18:29:10,stop_point:SP_1754,Arènes,1
2303176,18:32:00,18:32:10,stop_point:SP_2002,Négogousses,2
2303176,18:33:00,18:33:10,stop_point:SP_2956,Hippodrome,3
2303176,18:34:00,18:34:10,stop_point:SP_3162,Brombach,4
2303176,18:35:00,18:35:10,stop_point:SP_2467,Pont Rocade,5
2303176,18:37:00,18:37:10,stop_point:SP_2210,Tissié,6
2303176,18:38:00,18:38:10,stop_point:SP_3729,Centre Aéré,7
2303176,18:40:00,18:40:10,stop_point:SP_1532,Eglise Lardenne,8
2303176,18:41:00,18:41:10,stop_point:SP_1846,Lardenne,9
2303176,18:43:00,18:43:10,stop_point:SP_3237,Montagné,10
2303176,18:44:00,18:44:10,stop_point:SP_3657,Briqueterie,11
2303176,18:45:00,18:45:10,stop_point:SP_396,St-Exupéry,12
2303176,18:46:00,18:46:10,stop_point:SP_3872,Ctre Cial Tournefeuille,13
2303176,18:47:00,18:47:10,stop_point:SP_2193,Montjoie,14
2303176,18:49:00,18:49:10,stop_point:SP_414,Tournefeuille Les Chênes,15
2303176,18:50:00,18:50:10,stop_point:SP_2921,Montel,16
2303176,18:52:00,18:52:10,stop_point:SP_1531,St-Pierre,17
2303176,18:53:00,18:53:10,stop_point:SP_2627,Périgord,18
2303176,18:54:00,18:54:10,stop_point:SP_3433,Alpilles,19
2303176,18:55:00,18:55:10,stop_point:SP_2379,Collège Labitrie,20
2303176,18:56:00,18:56:10,stop_point:SP_3740,Bordeneuve,21
2303176,18:57:00,18:57:10,stop_point:SP_4840,Jean Gay,22
2303176,18:58:00,18:58:10,stop_point:SP_4093,Tournefeuille Lycée,23
2303176,19:00:00,19:00:10,stop_point:SP_4800,Loti,24
2303176,19:01:00,19:01:10,stop_point:SP_4806,Prat Dessus,25
2303176,19:02:00,19:02:10,stop_point:SP_4801,Rivière - Basse,26
2303176,19:03:00,19:03:10,stop_point:SP_4803,Eglise Plaisance,27
2303176,19:04:00,19:04:10,stop_point:SP_1027,Plaisance Monestié,28
2303177,18:50:00,18:50:10,stop_point:SP_1754,Arènes,1
2303177,18:53:00,18:53:10,stop_point:SP_2002,Négogousses,2
2303177,18:54:00,18:54:10,stop_point:SP_2956,Hippodrome,3
2303177,18:55:00,18:55:10,stop_point:SP_3162,Brombach,4
2303177,18:56:00,18:56:10,stop_point:SP_2467,Pont Rocade,5
2303177,18:58:00,18:58:10,stop_point:SP_2210,Tissié,6
2303177,18:59:00,18:59:10,stop_point:SP_3729,Centre Aéré,7
2303177,19:00:00,19:00:10,stop_point:SP_1532,Eglise Lardenne,8
2303177,19:01:00,19:01:10,stop_point:SP_1846,Lardenne,9
2303177,19:03:00,19:03:10,stop_point:SP_3237,Montagné,10
2303177,19:04:00,19:04:10,stop_point:SP_3657,Briqueterie,11
2303177,19:05:00,19:05:10,stop_point:SP_396,St-Exupéry,12
2303177,19:06:00,19:06:10,stop_point:SP_3872,Ctre Cial Tournefeuille,13
2303177,19:07:00,19:07:10,stop_point:SP_2193,Montjoie,14
2303177,19:09:00,19:09:10,stop_point:SP_414,Tournefeuille Les Chênes,15
2303177,19:10:00,19:10:10,stop_point:SP_2921,Montel,16
2303177,19:12:00,19:12:10,stop_point:SP_1531,St-Pierre,17
2303177,19:13:00,19:13:10,stop_point:SP_2627,Périgord,18
2303177,19:14:00,19:14:10,stop_point:SP_3433,Alpilles,19
2303177,19:15:00,19:15:10,stop_point:SP_2379,Collège Labitrie,20
2303177,19:16:00,19:16:10,stop_point:SP_3740,Bordeneuve,21
2303177,19:17:00,19:17:10,stop_point:SP_4840,Jean Gay,22
2303177,19:18:00,19:18:10,stop_point:SP_4093,Tournefeuille Lycée,23
2303177,19:20:00,19:20:10,stop_point:SP_4800,Loti,24
2303177,19:21:00,19:21:10,stop_point:SP_4806,Prat Dessus,25
2303177,19:22:00,19:22:10,stop_point:SP_4801,Rivière - Basse,26
2303177,19:23:00,19:23:10,stop_point:SP_4803,Eglise Plaisance,27
2303177,19:24:00,19:24:10,stop_point:SP_1027,Plaisance Monestié,28
2303178,19:11:00,19:11:10,stop_point:SP_1754,Arènes,1
2303178,19:14:00,19:14:10,stop_point:SP_2002,Négogousses,2
2303178,19:15:00,19:15:10,stop_point:SP_2956,Hippodrome,3
2303178,19:16:00,19:16:10,stop_point:SP_3162,Brombach,4
2303178,19:17:00,19:17:10,stop_point:SP_2467,Pont Rocade,5
2303178,19:19:00,19:19:10,stop_point:SP_2210,Tissié,6
2303178,19:20:00,19:20:10,stop_point:SP_3729,Centre Aéré,7
2303178,19:21:00,19:21:10,stop_point:SP_1532,Eglise Lardenne,8
2303178,19:22:00,19:22:10,stop_point:SP_1846,Lardenne,9
2303178,19:24:00,19:24:10,stop_point:SP_3237,Montagné,10
2303178,19:25:00,19:25:10,stop_point:SP_3657,Briqueterie,11
2303178,19:26:00,19:26:10,stop_point:SP_396,St-Exupéry,12
2303178,19:27:00,19:27:10,stop_point:SP_3872,Ctre Cial Tournefeuille,13
2303178,19:28:00,19:28:10,stop_point:SP_2193,Montjoie,14
2303178,19:30:00,19:30:10,stop_point:SP_414,Tournefeuille Les Chênes,15
2303178,19:31:00,19:31:10,stop_point:SP_2921,Montel,16
2303178,19:33:00,19:33:10,stop_point:SP_1531,St-Pierre,17
2303178,19:34:00,19:34:10,stop_point:SP_2627,Périgord,18
2303178,19:35:00,19:35:10,stop_point:SP_3433,Alpilles,19
2303178,19:36:00,19:36:10,stop_point:SP_2379,Collège Labitrie,20
2303178,19:37:00,19:37:10,stop_point:SP_3740,Bordeneuve,21
2303178,19:38:00,19:38:10,stop_point:SP_4840,Jean Gay,22
2303178,19:39:00,19:39:10,stop_point:SP_4093,Tournefeuille Lycée,23
2303178,19:41:00,19:41:10,stop_point:SP_4800,Loti,24
2303178,19:42:00,19:42:10,stop_point:SP_4806,Prat Dessus,25
2303178,19:43:00,19:43:10,stop_point:SP_4801,Rivière - Basse,26
2303178,19:44:00,19:44:10,stop_point:SP_4803,Eglise Plaisance,27
2303178,19:45:00,19:45:10,stop_point:SP_1027,Plaisance Monestié,28
2303179,19:32:00,19:32:10,stop_point:SP_1754,Arènes,1
2303179,19:35:00,19:35:10,stop_point:SP_2002,Négogousses,2
2303179,19:36:00,19:36:10,stop_point:SP_2956,Hippodrome,3
2303179,19:37:00,19:37:10,stop_point:SP_3162,Brombach,4
2303179,19:38:00,19:38:10,stop_point:SP_2467,Pont Rocade,5
2303179,19:40:00,19:40:10,stop_point:SP_2210,Tissié,6
2303179,19:41:00,19:41:10,stop_point:SP_3729,Centre Aéré,7
2303179,19:42:00,19:42:10,stop_point:SP_1532,Eglise Lardenne,8
2303179,19:43:00,19:43:10,stop_point:SP_1846,Lardenne,9
2303179,19:45:00,19:45:10,stop_point:SP_3237,Montagné,10
2303179,19:46:00,19:46:10,stop_point:SP_3657,Briqueterie,11
2303179,19:47:00,19:47:10,stop_point:SP_396,St-Exupéry,12
2303179,19:48:00,19:48:10,stop_point:SP_3872,Ctre Cial Tournefeuille,13
2303179,19:49:00,19:49:10,stop_point:SP_2193,Montjoie,14
2303179,19:51:00,19:51:10,stop_point:SP_414,Tournefeuille Les Chênes,15
2303179,19:52:00,19:52:10,stop_point:SP_2921,Montel,16
2303179,19:54:00,19:54:10,stop_point:SP_1531,St-Pierre,17
2303179,19:55:00,19:55:10,stop_point:SP_2627,Périgord,18
2303179,19:56:00,19:56:10,stop_point:SP_3433,Alpilles,19
2303179,19:57:00,19:57:10,stop_point:SP_2379,Collège Labitrie,20
2303179,19:58:00,19:58:10,stop_point:SP_3740,Bordeneuve,21
2303179,19:59:00,19:59:10,stop_point:SP_4840,Jean Gay,22
2303179,20:00:00,20:00:10,stop_point:SP_4093,Tournefeuille Lycée,23
2303179,20:02:00,20:02:10,stop_point:SP_4800,Loti,24
2303179,20:03:00,20:03:10,stop_point:SP_4806,Prat Dessus,25
2303179,20:04:00,20:04:10,stop_point:SP_4801,Rivière - Basse,26
2303179,20:05:00,20:05:10,stop_point:SP_4803,Eglise Plaisance,27
2303179,20:06:00,20:06:10,stop_point:SP_1027,Plaisance Monestié,28
2303180,19:53:00,19:53:10,stop_point:SP_1754,Arènes,1
2303180,19:56:00,19:56:10,stop_point:SP_2002,Négogousses,2
2303180,19:57:00,19:57:10,stop_point:SP_2956,Hippodrome,3
2303180,19:58:00,19:58:10,stop_point:SP_3162,Brombach,4
2303180,19:59:00,19:59:10,stop_point:SP_2467,Pont Rocade,5
2303180,20:00:00,20:00:10,stop_point:SP_2210,Tissié,6
2303180,20:01:00,20:01:10,stop_point:SP_3729,Centre Aéré,7
2303180,20:02:00,20:02:10,stop_point:SP_1532,Eglise Lardenne,8
2303180,20:03:00,20:03:10,stop_point:SP_1846,Lardenne,9
2303180,20:05:00,20:05:10,stop_point:SP_3237,Montagné,10
2303180,20:06:00,20:06:10,stop_point:SP_3657,Briqueterie,11
2303180,20:07:00,20:07:10,stop_point:SP_396,St-Exupéry,12
2303180,20:08:00,20:08:10,stop_point:SP_3872,Ctre Cial Tournefeuille,13
2303180,20:09:00,20:09:10,stop_point:SP_2193,Montjoie,14
2303180,20:10:00,20:10:10,stop_point:SP_414,Tournefeuille Les Chênes,15
2303180,20:11:00,20:11:10,stop_point:SP_2921,Montel,16
2303180,20:12:00,20:12:10,stop_point:SP_1531,St-Pierre,17
2303180,20:13:00,20:13:10,stop_point:SP_2627,Périgord,18
2303180,20:14:00,20:14:10,stop_point:SP_3433,Alpilles,19
2303180,20:15:00,20:15:10,stop_point:SP_2379,Collège Labitrie,20
2303180,20:16:00,20:16:10,stop_point:SP_3740,Bordeneuve,21
2303180,20:17:00,20:17:10,stop_point:SP_4840,Jean Gay,22
2303180,20:18:00,20:18:10,stop_point:SP_4093,Tournefeuille Lycée,23
2303180,20:20:00,20:20:10,stop_point:SP_4800,Loti,24
2303180,20:20:00,20:20:10,stop_point:SP_4806,Prat Dessus,25
2303180,20:21:00,20:21:10,stop_point:SP_4801,Rivière - Basse,26
2303180,20:22:00,20:22:10,stop_point:SP_4803,Eglise Plaisance,27
2303180,20:23:00,20:23:10,stop_point:SP_1027,Plaisance Monestié,28
2303181,20:14:00,20:14:10,stop_point:SP_1754,Arènes,1
2303181,20:16:00,20:16:10,stop_point:SP_2002,Négogousses,2
2303181,20:17:00,20:17:10,stop_point:SP_2956,Hippodrome,3
2303181,20:18:00,20:18:10,stop_point:SP_3162,Brombach,4
2303181,20:19:00,20:19:10,stop_point:SP_2467,Pont Rocade,5
2303181,20:20:00,20:20:10,stop_point:SP_2210,Tissié,6
2303181,20:21:00,20:21:10,stop_point:SP_3729,Centre Aéré,7
2303181,20:22:00,20:22:10,stop_point:SP_1532,Eglise Lardenne,8
2303181,20:23:00,20:23:10,stop_point:SP_1846,Lardenne,9
2303181,20:25:00,20:25:10,stop_point:SP_3237,Montagné,10
2303181,20:26:00,20:26:10,stop_point:SP_3657,Briqueterie,11
2303181,20:27:00,20:27:10,stop_point:SP_396,St-Exupéry,12
2303181,20:28:00,20:28:10,stop_point:SP_3872,Ctre Cial Tournefeuille,13
2303181,20:29:00,20:29:10,stop_point:SP_2193,Montjoie,14
2303181,20:30:00,20:30:10,stop_point:SP_414,Tournefeuille Les Chênes,15
2303181,20:31:00,20:31:10,stop_point:SP_2921,Montel,16
2303181,20:32:00,20:32:10,stop_point:SP_1531,St-Pierre,17
2303181,20:33:00,20:33:10,stop_point:SP_2627,Périgord,18
2303181,20:34:00,20:34:10,stop_point:SP_3433,Alpilles,19
2303181,20:35:00,20:35:10,stop_point:SP_2379,Collège Labitrie,20
2303181,20:36:00,20:36:10,stop_point:SP_3740,Bordeneuve,21
2303181,20:37:00,20:37:10,stop_point:SP_4840,Jean Gay,22
2303181,20:38:00,20:38:10,stop_point:SP_4093,Tournefeuille Lycée,23
2303181,20:40:00,20:40:10,stop_point:SP_4800,Loti,24
2303181,20:40:00,20:40:10,stop_point:SP_4806,Prat Dessus,25
2303181,20:41:00,20:41:10,stop_point:SP_4801,Rivière - Basse,26
2303181,20:42:00,20:42:10,stop_point:SP_4803,Eglise Plaisance,27
2303181,20:43:00,20:43:10,stop_point:SP_1027,Plaisance Monestié,28
2303182,20:35:00,20:35:10,stop_point:SP_1754,Arènes,1
2303182,20:37:00,20:37:10,stop_point:SP_2002,Négogousses,2
2303182,20:38:00,20:38:10,stop_point:SP_2956,Hippodrome,3
2303182,20:39:00,20:39:10,stop_point:SP_3162,Brombach,4
2303182,20:40:00,20:40:10,stop_point:SP_2467,Pont Rocade,5
2303182,20:41:00,20:41:10,stop_point:SP_2210,Tissié,6
2303182,20:42:00,20:42:10,stop_point:SP_3729,Centre Aéré,7
2303182,20:43:00,20:43:10,stop_point:SP_1532,Eglise Lardenne,8
2303182,20:44:00,20:44:10,stop_point:SP_1846,Lardenne,9
2303182,20:46:00,20:46:10,stop_point:SP_3237,Montagné,10
2303182,20:47:00,20:47:10,stop_point:SP_3657,Briqueterie,11
2303182,20:48:00,20:48:10,stop_point:SP_396,St-Exupéry,12
2303182,20:49:00,20:49:10,stop_point:SP_3872,Ctre Cial Tournefeuille,13
2303182,20:50:00,20:50:10,stop_point:SP_2193,Montjoie,14
2303182,20:51:00,20:51:10,stop_point:SP_414,Tournefeuille Les Chênes,15
2303182,20:52:00,20:52:10,stop_point:SP_2921,Montel,16
2303182,20:53:00,20:53:10,stop_point:SP_1531,St-Pierre,17
2303182,20:54:00,20:54:10,stop_point:SP_2627,Périgord,18
2303182,20:55:00,20:55:10,stop_point:SP_3433,Alpilles,19
2303182,20:56:00,20:56:10,stop_point:SP_2379,Collège Labitrie,20
2303182,20:57:00,20:57:10,stop_point:SP_3740,Bordeneuve,21
2303182,20:58:00,20:58:10,stop_point:SP_4840,Jean Gay,22
2303182,20:59:00,20:59:10,stop_point:SP_4093,Tournefeuille Lycée,23
2303182,21:01:00,21:01:10,stop_point:SP_4800,Loti,24
2303182,21:01:00,21:01:10,stop_point:SP_4806,Prat Dessus,25
2303182,21:02:00,21:02:10,stop_point:SP_4801,Rivière - Basse,26
2303182,21:03:00,21:03:10,stop_point:SP_4803,Eglise Plaisance,27
2303182,21:04:00,21:04:10,stop_point:SP_1027,Plaisance Monestié,28
2303183,21:00:00,21:00:10,stop_point:SP_1754,Arènes,1
2303183,21:02:00,21:02:10,stop_point:SP_2002,Négogousses,2
2303183,21:02:00,21:02:10,stop_point:SP_2956,Hippodrome,3
2303183,21:03:00,21:03:10,stop_point:SP_3162,Brombach,4
2303183,21:04:00,21:04:10,stop_point:SP_2467,Pont Rocade,5
2303183,21:05:00,21:05:10,stop_point:SP_2210,Tissié,6
2303183,21:06:00,21:06:10,stop_point:SP_3729,Centre Aéré,7
2303183,21:07:00,21:07:10,stop_point:SP_1532,Eglise Lardenne,8
2303183,21:08:00,21:08:10,stop_point:SP_1846,Lardenne,9
2303183,21:10:00,21:10:10,stop_point:SP_3237,Montagné,10
2303183,21:11:00,21:11:10,stop_point:SP_3657,Briqueterie,11
2303183,21:12:00,21:12:10,stop_point:SP_396,St-Exupéry,12
2303183,21:13:00,21:13:10,stop_point:SP_3872,Ctre Cial Tournefeuille,13
2303183,21:14:00,21:14:10,stop_point:SP_2193,Montjoie,14
2303183,21:15:00,21:15:10,stop_point:SP_414,Tournefeuille Les Chênes,15
2303183,21:16:00,21:16:10,stop_point:SP_2921,Montel,16
2303183,21:17:00,21:17:10,stop_point:SP_1531,St-Pierre,17
2303183,21:18:00,21:18:10,stop_point:SP_2627,Périgord,18
2303183,21:19:00,21:19:10,stop_point:SP_3433,Alpilles,19
2303183,21:20:00,21:20:10,stop_point:SP_2379,Collège Labitrie,20
2303183,21:21:00,21:21:10,stop_point:SP_3740,Bordeneuve,21
2303183,21:22:00,21:22:10,stop_point:SP_4840,Jean Gay,22
2303183,21:23:00,21:23:10,stop_point:SP_4093,Tournefeuille Lycée,23
2303183,21:25:00,21:25:10,stop_point:SP_4800,Loti,24
2303183,21:25:00,21:25:10,stop_point:SP_4806,Prat Dessus,25
2303183,21:26:00,21:26:10,stop_point:SP_4801,Rivière - Basse,26
2303183,21:27:00,21:27:10,stop_point:SP_4803,Eglise Plaisance,27
2303183,21:28:00,21:28:10,stop_point:SP_1027,Plaisance Monestié,28
2303184,21:30:00,21:30:10,stop_point:SP_1754,Arènes,1
2303184,21:32:00,21:32:10,stop_point:SP_2002,Négogousses,2
2303184,21:32:00,21:32:10,stop_point:SP_2956,Hippodrome,3
2303184,21:33:00,21:33:10,stop_point:SP_3162,Brombach,4
2303184,21:34:00,21:34:10,stop_point:SP_2467,Pont Rocade,5
2303184,21:35:00,21:35:10,stop_point:SP_2210,Tissié,6
2303184,21:36:00,21:36:10,stop_point:SP_3729,Centre Aéré,7
2303184,21:37:00,21:37:10,stop_point:SP_1532,Eglise Lardenne,8
2303184,21:38:00,21:38:10,stop_point:SP_1846,Lardenne,9
2303184,21:40:00,21:40:10,stop_point:SP_3237,Montagné,10
2303184,21:41:00,21:41:10,stop_point:SP_3657,Briqueterie,11
2303184,21:42:00,21:42:10,stop_point:SP_396,St-Exupéry,12
2303184,21:43:00,21:43:10,stop_point:SP_3872,Ctre Cial Tournefeuille,13
2303184,21:44:00,21:44:10,stop_point:SP_2193,Montjoie,14
2303184,21:45:00,21:45:10,stop_point:SP_414,Tournefeuille Les Chênes,15
2303184,21:46:00,21:46:10,stop_point:SP_2921,Montel,16
2303184,21:47:00,21:47:10,stop_point:SP_1531,St-Pierre,17
2303184,21:47:00,21:47:10,stop_point:SP_2627,Périgord,18
2303184,21:48:00,21:48:10,stop_point:SP_3433,Alpilles,19
2303184,21:49:00,21:49:10,stop_point:SP_2379,Collège Labitrie,20
2303184,21:50:00,21:50:10,stop_point:SP_3740,Bordeneuve,21
2303184,21:51:00,21:51:10,stop_point:SP_4840,Jean Gay,22
2303184,21:52:00,21:52:10,stop_point:SP_4093,Tournefeuille Lycée,23
2303184,21:54:00,21:54:10,stop_point:SP_4800,Loti,24
2303184,21:55:00,21:55:10,stop_point:SP_4806,Prat Dessus,25
2303184,21:56:00,21:56:10,stop_point:SP_4801,Rivière - Basse,26
2303184,21:57:00,21:57:10,stop_point:SP_4803,Eglise Plaisance,27
2303184,21:58:00,21:58:10,stop_point:SP_1027,Plaisance Monestié,28
2303185,22:00:00,22:00:10,stop_point:SP_1754,Arènes,1
2303185,22:02:00,22:02:10,stop_point:SP_2002,Négogousses,2
2303185,22:02:00,22:02:10,stop_point:SP_2956,Hippodrome,3
2303185,22:03:00,22:03:10,stop_point:SP_3162,Brombach,4
2303185,22:04:00,22:04:10,stop_point:SP_2467,Pont Rocade,5
2303185,22:05:00,22:05:10,stop_point:SP_2210,Tissié,6
2303185,22:06:00,22:06:10,stop_point:SP_3729,Centre Aéré,7
2303185,22:07:00,22:07:10,stop_point:SP_1532,Eglise Lardenne,8
2303185,22:08:00,22:08:10,stop_point:SP_1846,Lardenne,9
2303185,22:10:00,22:10:10,stop_point:SP_3237,Montagné,10
2303185,22:11:00,22:11:10,stop_point:SP_3657,Briqueterie,11
2303185,22:12:00,22:12:10,stop_point:SP_396,St-Exupéry,12
2303185,22:13:00,22:13:10,stop_point:SP_3872,Ctre Cial Tournefeuille,13
2303185,22:14:00,22:14:10,stop_point:SP_2193,Montjoie,14
2303185,22:15:00,22:15:10,stop_point:SP_414,Tournefeuille Les Chênes,15
2303185,22:16:00,22:16:10,stop_point:SP_2921,Montel,16
2303185,22:17:00,22:17:10,stop_point:SP_1531,St-Pierre,17
2303185,22:17:00,22:17:10,stop_point:SP_2627,Périgord,18
2303185,22:18:00,22:18:10,stop_point:SP_3433,Alpilles,19
2303185,22:19:00,22:19:10,stop_point:SP_2379,Collège Labitrie,20
2303185,22:20:00,22:20:10,stop_point:SP_3740,Bordeneuve,21
2303185,22:21:00,22:21:10,stop_point:SP_4840,Jean Gay,22
2303185,22:22:00,22:22:10,stop_point:SP_4093,Tournefeuille Lycée,23
2303185,22:24:00,22:24:10,stop_point:SP_4800,Loti,24
2303185,22:25:00,22:25:10,stop_point:SP_4806,Prat Dessus,25
2303185,22:26:00,22:26:10,stop_point:SP_4801,Rivière - Basse,26
2303185,22:27:00,22:27:10,stop_point:SP_4803,Eglise Plaisance,27
2303185,22:28:00,22:28:10,stop_point:SP_1027,Plaisance Monestié,28
2303186,22:30:00,22:30:10,stop_point:SP_1754,Arènes,1
2303186,22:32:00,22:32:10,stop_point:SP_2002,Négogousses,2
2303186,22:32:00,22:32:10,stop_point:SP_2956,Hippodrome,3
2303186,22:33:00,22:33:10,stop_point:SP_3162,Brombach,4
2303186,22:34:00,22:34:10,stop_point:SP_2467,Pont Rocade,5
2303186,22:35:00,22:35:10,stop_point:SP_2210,Tissié,6
2303186,22:36:00,22:36:10,stop_point:SP_3729,Centre Aéré,7
2303186,22:37:00,22:37:10,stop_point:SP_1532,Eglise Lardenne,8
2303186,22:38:00,22:38:10,stop_point:SP_1846,Lardenne,9
2303186,22:39:00,22:39:10,stop_point:SP_3237,Montagné,10
2303186,22:40:00,22:40:10,stop_point:SP_3657,Briqueterie,11
2303186,22:41:00,22:41:10,stop_point:SP_396,St-Exupéry,12
2303186,22:42:00,22:42:10,stop_point:SP_3872,Ctre Cial Tournefeuille,13
2303186,22:43:00,22:43:10,stop_point:SP_2193,Montjoie,14
2303186,22:44:00,22:44:10,stop_point:SP_414,Tournefeuille Les Chênes,15
2303186,22:45:00,22:45:10,stop_point:SP_2921,Montel,16
2303186,22:46:00,22:46:10,stop_point:SP_1531,St-Pierre,17
2303186,22:46:00,22:46:10,stop_point:SP_2627,Périgord,18
2303186,22:47:00,22:47:10,stop_point:SP_3433,Alpilles,19
2303186,22:48:00,22:48:10,stop_point:SP_2379,Collège Labitrie,20
2303186,22:49:00,22:49:10,stop_point:SP_3740,Bordeneuve,21
2303186,22:50:00,22:50:10,stop_point:SP_4840,Jean Gay,22
2303186,22:51:00,22:51:10,stop_point:SP_4093,Tournefeuille Lycée,23
2303186,22:53:00,22:53:10,stop_point:SP_4800,Loti,24
2303186,22:54:00,22:54:10,stop_point:SP_4806,Prat Dessus,25
2303186,22:55:00,22:55:10,stop_point:SP_4801,Rivière - Basse,26
2303186,22:56:00,22:56:10,stop_point:SP_4803,Eglise Plaisance,27
2303186,22:57:00,22:57:10,stop_point:SP_1027,Plaisance Monestié,28
2303187,23:00:00,23:00:10,stop_point:SP_1754,Arènes,1
2303187,23:02:00,23:02:10,stop_point:SP_2002,Négogousses,2
2303187,23:02:00,23:02:10,stop_point:SP_2956,Hippodrome,3
2303187,23:03:00,23:03:10,stop_point:SP_3162,Brombach,4
2303187,23:04:00,23:04:10,stop_point:SP_2467,Pont Rocade,5
2303187,23:05:00,23:05:10,stop_point:SP_2210,Tissié,6
2303187,23:06:00,23:06:10,stop_point:SP_3729,Centre Aéré,7
2303187,23:07:00,23:07:10,stop_point:SP_1532,Eglise Lardenne,8
2303187,23:08:00,23:08:10,stop_point:SP_1846,Lardenne,9
2303187,23:09:00,23:09:10,stop_point:SP_3237,Montagné,10
2303187,23:10:00,23:10:10,stop_point:SP_3657,Briqueterie,11
2303187,23:11:00,23:11:10,stop_point:SP_396,St-Exupéry,12
2303187,23:12:00,23:12:10,stop_point:SP_3872,Ctre Cial Tournefeuille,13
2303187,23:13:00,23:13:10,stop_point:SP_2193,Montjoie,14
2303187,23:14:00,23:14:10,stop_point:SP_414,Tournefeuille Les Chênes,15
2303187,23:15:00,23:15:10,stop_point:SP_2921,Montel,16
2303187,23:16:00,23:16:10,stop_point:SP_1531,St-Pierre,17
2303187,23:17:00,23:17:10,stop_point:SP_2627,Périgord,18
2303187,23:18:00,23:18:10,stop_point:SP_3433,Alpilles,19
2303187,23:19:00,23:19:10,stop_point:SP_2379,Collège Labitrie,20
2303187,23:19:00,23:19:10,stop_point:SP_3740,Bordeneuve,21
2303187,23:20:00,23:20:10,stop_point:SP_4840,Jean Gay,22
2303187,23:21:00,23:21:10,stop_point:SP_4093,Tournefeuille Lycée,23
2303187,23:23:00,23:23:10,stop_point:SP_4800,Loti,24
2303187,23:24:00,23:24:10,stop_point:SP_4806,Prat Dessus,25
2303187,23:25:00,23:25:10,stop_point:SP_4801,Rivière - Basse,26
2303187,23:26:00,23:26:10,stop_point:SP_4803,Eglise Plaisance,27
2303187,23:27:00,23:27:10,stop_point:SP_1027,Plaisance Monestié,28
2303188,23:30:00,23:30:10,stop_point:SP_1754,Arènes,1
2303188,23:32:00,23:32:10,stop_point:SP_2002,Négogousses,2
2303188,23:32:00,23:32:10,stop_point:SP_2956,Hippodrome,3
2303188,23:33:00,23:33:10,stop_point:SP_3162,Brombach,4
2303188,23:34:00,23:34:10,stop_point:SP_2467,Pont Rocade,5
2303188,23:35:00,23:35:10,stop_point:SP_2210,Tissié,6
2303188,23:36:00,23:36:10,stop_point:SP_3729,Centre Aéré,7
2303188,23:37:00,23:37:10,stop_point:SP_1532,Eglise Lardenne,8
2303188,23:38:00,23:38:10,stop_point:SP_1846,Lardenne,9
2303188,23:39:00,23:39:10,stop_point:SP_3237,Montagné,10
2303188,23:40:00,23:40:10,stop_point:SP_3657,Briqueterie,11
2303188,23:41:00,23:41:10,stop_point:SP_396,St-Exupéry,12
2303188,23:42:00,23:42:10,stop_point:SP_3872,Ctre Cial Tournefeuille,13
2303188,23:43:00,23:43:10,stop_point:SP_2193,Montjoie,14
2303188,23:44:00,23:44:10,stop_point:SP_414,Tournefeuille Les Chênes,15
2303188,23:45:00,23:45:10,stop_point:SP_2921,Montel,16
2303188,23:46:00,23:46:10,stop_point:SP_1531,St-Pierre,17
2303188,23:47:00,23:47:10,stop_point:SP_2627,Périgord,18
2303188,23:48:00,23:48:10,stop_point:SP_3433,Alpilles,19
2303188,23:49:00,23:49:10,stop_point:SP_2379,Collège Labitrie,20
2303188,23:49:00,23:49:10,stop_point:SP_3740,Bordeneuve,21
2303188,23:50:00,23:50:10,stop_point:SP_4840,Jean Gay,22
2303188,23:51:00,23:51:10,stop_point:SP_4093,Tournefeuille Lycée,23
2303188,23:53:00,23:53:10,stop_point:SP_4800,Loti,24
2303188,23:54:00,23:54:10,stop_point:SP_4806,Prat Dessus,25
2303188,23:55:00,23:55:10,stop_point:SP_4801,Rivière - Basse,26
2303188,23:56:00,23:56:10,stop_point:SP_4803,Eglise Plaisance,27
2303188,23:57:00,23:57:10,stop_point:SP_1027,Plaisance Monestié,28
2303189,24:00:00,24:00:10,stop_point:SP_1754,Arènes,1
2303189,24:02:00,24:02:10,stop_point:SP_2002,Négogousses,2
2303189,24:02:00,24:02:10,stop_point:SP_2956,Hippodrome,3
2303189,24:03:00,24:03:10,stop_point:SP_3162,Brombach,4
2303189,24:04:00,24:04:10,stop_point:SP_2467,Pont Rocade,5
2303189,24:05:00,24:05:10,stop_point:SP_2210,Tissié,6
2303189,24:06:00,24:06:10,stop_point:SP_3729,Centre Aéré,7
2303189,24:07:00,24:07:10,stop_point:SP_1532,Eglise Lardenne,8
2303189,24:08:00,24:08:10,stop_point:SP_1846,Lardenne,9
2303189,24:09:00,24:09:10,stop_point:SP_3237,Montagné,10
2303189,24:10:00,24:10:10,stop_point:SP_3657,Briqueterie,11
2303189,24:11:00,24:11:10,stop_point:SP_396,St-Exupéry,12
2303189,24:12:00,24:12:10,stop_point:SP_3872,Ctre Cial Tournefeuille,13
2303189,24:13:00,24:13:10,stop_point:SP_2193,Montjoie,14
2303189,24:14:00,24:14:10,stop_point:SP_414,Tournefeuille Les Chênes,15
2303189,24:15:00,24:15:10,stop_point:SP_2921,Montel,16
2303189,24:16:00,24:16:10,stop_point:SP_1531,St-Pierre,17
2303189,24:17:00,24:17:10,stop_point:SP_2627,Périgord,18
2303189,24:18:00,24:18:10,stop_point:SP_3433,Alpilles,19
2303189,24:19:00,24:19:10,stop_point:SP_2379,Collège Labitrie,20
2303189,24:19:00,24:19:10,stop_point:SP_3740,Bordeneuve,21
2303189,24:20:00,24:20:10,stop_point:SP_4840,Jean Gay,22
2303189,24:21:00,24:21:10,stop_point:SP_4093,Tournefeuille Lycée,23
2303189,24:23:00,24:23:10,stop_point:SP_4800,Loti,24
2303189,24:24:00,24:24:10,stop_point:SP_4806,Prat Dessus,25
2303189,24:25:00,24:25:10,stop_point:SP_4801,Rivière - Basse,26
2303189,24:26:00,24:26:10,stop_point:SP_4803,Eglise Plaisance,27
2303189,24:27:00,24:27:10,stop_point:SP_1027,Plaisance Monestié,28
2303190,24:30:00,24:30:10,stop_point:SP_1754,Arènes,1
2303190,24:31:00,24:31:10,stop_point:SP_2002,Négogousses,2
2303190,24:32:00,24:32:10,stop_point:SP_2956,Hippodrome,3
2303190,24:32:00,24:32:10,stop_point:SP_3162,Brombach,4
2303190,24:33:00,24:33:10,stop_point:SP_2467,Pont Rocade,5
2303190,24:34:00,24:34:10,stop_point:SP_2210,Tissié,6
2303190,24:35:00,24:35:10,stop_point:SP_3729,Centre Aéré,7
2303190,24:36:00,24:36:10,stop_point:SP_1532,Eglise Lardenne,8
2303190,24:37:00,24:37:10,stop_point:SP_1846,Lardenne,9
2303190,24:38:00,24:38:10,stop_point:SP_3237,Montagné,10
2303190,24:39:00,24:39:10,stop_point:SP_3657,Briqueterie,11
2303190,24:40:00,24:40:10,stop_point:SP_396,St-Exupéry,12
2303190,24:41:00,24:41:10,stop_point:SP_3872,Ctre Cial Tournefeuille,13
2303190,24:42:00,24:42:10,stop_point:SP_2193,Montjoie,14
2303190,24:43:00,24:43:10,stop_point:SP_414,Tournefeuille Les Chênes,15
2303190,24:44:00,24:44:10,stop_point:SP_2921,Montel,16
2303190,24:45:00,24:45:10,stop_point:SP_1531,St-Pierre,17
2303190,24:45:00,24:45:10,stop_point:SP_2627,Périgord,18
2303190,24:46:00,24:46:10,stop_point:SP_3433,Alpilles,19
2303190,24:47:00,24:47:10,stop_point:SP_2379,Collège Labitrie,20
2303190,24:47:00,24:47:10,stop_point:SP_3740,Bordeneuve,21
2303190,24:48:00,24:48:10,stop_point:SP_4840,Jean Gay,22
2303190,24:49:00,24:49:10,stop_point:SP_4093,Tournefeuille Lycée,23
2303190,24:51:00,24:51:10,stop_point:SP_4800,Loti,24
2303190,24:51:00,24:51:10,stop_point:SP_4806,Prat Dessus,25
2303190,24:52:00,24:52:10,stop_point:SP_4801,Rivière - Basse,26
2303190,24:53:00,24:53:10,stop_point:SP_4803,Eglise Plaisance,27
2303190,24:54:00,24:54:10,stop_point:SP_1027,Plaisance Monestié,28
2303191,25:00:00,25:00:10,stop_point:SP_1754,Arènes,1
2303191,25:01:00,25:01:10,stop_point:SP_2002,Négogousses,2
2303191,25:02:00,25:02:10,stop_point:SP_2956,Hippodrome,3
2303191,25:02:00,25:02:10,stop_point:SP_3162,Brombach,4
2303191,25:03:00,25:03:10,stop_point:SP_2467,Pont Rocade,5
2303191,25:04:00,25:04:10,stop_point:SP_2210,Tissié,6
2303191,25:05:00,25:05:10,stop_point:SP_3729,Centre Aéré,7
2303191,25:06:00,25:06:10,stop_point:SP_1532,Eglise Lardenne,8
2303191,25:07:00,25:07:10,stop_point:SP_1846,Lardenne,9
2303191,25:08:00,25:08:10,stop_point:SP_3237,Montagné,10
2303191,25:09:00,25:09:10,stop_point:SP_3657,Briqueterie,11
2303191,25:10:00,25:10:10,stop_point:SP_396,St-Exupéry,12
2303191,25:11:00,25:11:10,stop_point:SP_3872,Ctre Cial Tournefeuille,13
2303191,25:12:00,25:12:10,stop_point:SP_2193,Montjoie,14
2303191,25:13:00,25:13:10,stop_point:SP_414,Tournefeuille Les Chênes,15
2303191,25:14:00,25:14:10,stop_point:SP_2921,Montel,16
2303191,25:15:00,25:15:10,stop_point:SP_1531,St-Pierre,17
2303191,25:15:00,25:15:10,stop_point:SP_2627,Périgord,18
2303191,25:16:00,25:16:10,stop_point:SP_3433,Alpilles,19
2303191,25:17:00,25:17:10,stop_point:SP_2379,Collège Labitrie,20
2303191,25:17:00,25:17:10,stop_point:SP_3740,Bordeneuve,21
2303191,25:18:00,25:18:10,stop_point:SP_4840,Jean Gay,22
2303191,25:19:00,25:19:10,stop_point:SP_4093,Tournefeuille Lycée,23
2303191,25:21:00,25:21:10,stop_point:SP_4800,Loti,24
2303191,25:21:00,25:21:10,stop_point:SP_4806,Prat Dessus,25
2303191,25:22:00,25:22:10,stop_point:SP_4801,Rivière - Basse,26
2303191,25:23:00,25:23:10,stop_point:SP_4803,Eglise Plaisance,27
2303191,25:24:00,25:24:10,stop_point:SP_1027,Plaisance Monestié,28
2303192,05:52:00,05:52:10,stop_point:SP_1027,Plaisance Monestié,1
2303192,05:53:00,05:53:10,stop_point:SP_4802,Eglise Plaisance,2
2303192,05:54:00,05:54:10,stop_point:SP_4805,Rivière - Basse,3
2303192,05:54:00,05:54:10,stop_point:SP_4808,Prat Dessus,4
2303192,05:55:00,05:55:10,stop_point:SP_4804,Loti,5
2303192,05:57:00,05:57:10,stop_point:SP_4807,Tournefeuille Lycée,6
2303192,05:58:00,05:58:10,stop_point:SP_4841,Jean Gay,7
2303192,05:59:00,05:59:10,stop_point:SP_3834,Bordeneuve,8
2303192,05:59:00,05:59:10,stop_point:SP_1724,Collège Labitrie,9
2303192,06:00:00,06:00:10,stop_point:SP_2531,Alpilles,10
2303192,06:01:00,06:01:10,stop_point:SP_1488,Périgord,11
2303192,06:01:00,06:01:10,stop_point:SP_1091,St-Pierre,12
2303192,06:02:00,06:02:10,stop_point:SP_1551,Montel,13
2303192,06:03:00,06:03:10,stop_point:SP_1439,Tournefeuille Les Chênes,14
2303192,06:04:00,06:04:10,stop_point:SP_2889,Montjoie,15
2303192,06:05:00,06:05:10,stop_point:SP_4809,Ctre Cial Tournefeuille,16
2303192,06:06:00,06:06:10,stop_point:SP_2196,St-Exupéry,17
2303192,06:07:00,06:07:10,stop_point:SP_473,Briqueterie,18
2303192,06:08:00,06:08:10,stop_point:SP_2216,Montagné,19
2303192,06:09:00,06:09:10,stop_point:SP_1474,Lardenne,20
2303192,06:10:00,06:10:10,stop_point:SP_668,Eglise Lardenne,21
2303192,06:11:00,06:11:10,stop_point:SP_3700,Centre Aéré,22
2303192,06:12:00,06:12:10,stop_point:SP_1171,Tissié,23
2303192,06:13:00,06:13:10,stop_point:SP_1460,Pont Rocade,24
2303192,06:14:00,06:14:10,stop_point:SP_1149,Brombach,25
2303192,06:15:00,06:15:10,stop_point:SP_3407,Hippodrome,26
2303192,06:16:00,06:16:10,stop_point:SP_639,Négogousses,27
2303192,06:18:00,06:18:10,stop_point:SP_1754,Arènes,28
2303193,06:22:00,06:22:10,stop_point:SP_1027,Plaisance Monestié,1
2303193,06:23:00,06:23:10,stop_point:SP_4802,Eglise Plaisance,2
2303193,06:24:00,06:24:10,stop_point:SP_4805,Rivière - Basse,3
2303193,06:24:00,06:24:10,stop_point:SP_4808,Prat Dessus,4
2303193,06:25:00,06:25:10,stop_point:SP_4804,Loti,5
2303193,06:27:00,06:27:10,stop_point:SP_4807,Tournefeuille Lycée,6
2303193,06:28:00,06:28:10,stop_point:SP_4841,Jean Gay,7
2303193,06:29:00,06:29:10,stop_point:SP_3834,Bordeneuve,8
2303193,06:29:00,06:29:10,stop_point:SP_1724,Collège Labitrie,9
2303193,06:30:00,06:30:10,stop_point:SP_2531,Alpilles,10
2303193,06:31:00,06:31:10,stop_point:SP_1488,Périgord,11
2303193,06:31:00,06:31:10,stop_point:SP_1091,St-Pierre,12
2303193,06:32:00,06:32:10,stop_point:SP_1551,Montel,13
2303193,06:33:00,06:33:10,stop_point:SP_1439,Tournefeuille Les Chênes,14
2303193,06:34:00,06:34:10,stop_point:SP_2889,Montjoie,15
2303193,06:35:00,06:35:10,stop_point:SP_4809,Ctre Cial Tournefeuille,16
2303193,06:36:00,06:36:10,stop_point:SP_2196,St-Exupéry,17
2303193,06:37:00,06:37:10,stop_point:SP_473,Briqueterie,18
2303193,06:38:00,06:38:10,stop_point:SP_2216,Montagné,19
2303193,06:39:00,06:39:10,stop_point:SP_1474,Lardenne,20
2303193,06:40:00,06:40:10,stop_point:SP_668,Eglise Lardenne,21
2303193,06:42:00,06:42:10,stop_point:SP_3700,Centre Aéré,22
2303193,06:43:00,06:43:10,stop_point:SP_1171,Tissié,23
2303193,06:44:00,06:44:10,stop_point:SP_1460,Pont Rocade,24
2303193,06:45:00,06:45:10,stop_point:SP_1149,Brombach,25
2303193,06:46:00,06:46:10,stop_point:SP_3407,Hippodrome,26
2303193,06:47:00,06:47:10,stop_point:SP_639,Négogousses,27
2303193,06:49:00,06:49:10,stop_point:SP_1754,Arènes,28
2303194,06:44:00,06:44:10,stop_point:SP_1027,Plaisance Monestié,1
2303194,06:45:00,06:45:10,stop_point:SP_4802,Eglise Plaisance,2
2303194,06:46:00,06:46:10,stop_point:SP_4805,Rivière - Basse,3
2303194,06:46:00,06:46:10,stop_point:SP_4808,Prat Dessus,4
2303194,06:47:00,06:47:10,stop_point:SP_4804,Loti,5
2303194,06:49:00,06:49:10,stop_point:SP_4807,Tournefeuille Lycée,6
2303194,06:50:00,06:50:10,stop_point:SP_4841,Jean Gay,7
2303194,06:51:00,06:51:10,stop_point:SP_3834,Bordeneuve,8
2303194,06:51:00,06:51:10,stop_point:SP_1724,Collège Labitrie,9
2303194,06:52:00,06:52:10,stop_point:SP_2531,Alpilles,10
2303194,06:53:00,06:53:10,stop_point:SP_1488,Périgord,11
2303194,06:53:00,06:53:10,stop_point:SP_1091,St-Pierre,12
2303194,06:54:00,06:54:10,stop_point:SP_1551,Montel,13
2303194,06:55:00,06:55:10,stop_point:SP_1439,Tournefeuille Les Chênes,14
2303194,06:56:00,06:56:10,stop_point:SP_2889,Montjoie,15
2303194,06:57:00,06:57:10,stop_point:SP_4809,Ctre Cial Tournefeuille,16
2303194,06:58:00,06:58:10,stop_point:SP_2196,St-Exupéry,17
2303194,06:59:00,06:59:10,stop_point:SP_473,Briqueterie,18
2303194,07:00:00,07:00:10,stop_point:SP_2216,Montagné,19
2303194,07:01:00,07:01:10,stop_point:SP_1474,Lardenne,20
2303194,07:02:00,07:02:10,stop_point:SP_668,Eglise Lardenne,21
2303194,07:04:00,07:04:10,stop_point:SP_3700,Centre Aéré,22
2303194,07:05:00,07:05:10,stop_point:SP_1171,Tissié,23
2303194,07:06:00,07:06:10,stop_point:SP_1460,Pont Rocade,24
2303194,07:07:00,07:07:10,stop_point:SP_1149,Brombach,25
2303194,07:08:00,07:08:10,stop_point:SP_3407,Hippodrome,26
2303194,07:09:00,07:09:10,stop_point:SP_639,Négogousses,27
2303194,07:11:00,07:11:10,stop_point:SP_1754,Arènes,28
2303195,07:04:00,07:04:10,stop_point:SP_1027,Plaisance Monestié,1
2303195,07:05:00,07:05:10,stop_point:SP_4802,Eglise Plaisance,2
2303195,07:06:00,07:06:10,stop_point:SP_4805,Rivière - Basse,3
2303195,07:06:00,07:06:10,stop_point:SP_4808,Prat Dessus,4
2303195,07:07:00,07:07:10,stop_point:SP_4804,Loti,5
2303195,07:09:00,07:09:10,stop_point:SP_4807,Tournefeuille Lycée,6
2303195,07:10:00,07:10:10,stop_point:SP_4841,Jean Gay,7
2303195,07:11:00,07:11:10,stop_point:SP_3834,Bordeneuve,8
2303195,07:11:00,07:11:10,stop_point:SP_1724,Collège Labitrie,9
2303195,07:12:00,07:12:10,stop_point:SP_2531,Alpilles,10
2303195,07:13:00,07:13:10,stop_point:SP_1488,Périgord,11
2303195,07:13:00,07:13:10,stop_point:SP_1091,St-Pierre,12
2303195,07:14:00,07:14:10,stop_point:SP_1551,Montel,13
2303195,07:15:00,07:15:10,stop_point:SP_1439,Tournefeuille Les Chênes,14
2303195,07:16:00,07:16:10,stop_point:SP_2889,Montjoie,15
2303195,07:17:00,07:17:10,stop_point:SP_4809,Ctre Cial Tournefeuille,16
2303195,07:18:00,07:18:10,stop_point:SP_2196,St-Exupéry,17
2303195,07:19:00,07:19:10,stop_point:SP_473,Briqueterie,18
2303195,07:20:00,07:20:10,stop_point:SP_2216,Montagné,19
2303195,07:21:00,07:21:10,stop_point:SP_1474,Lardenne,20
2303195,07:22:00,07:22:10,stop_point:SP_668,Eglise Lardenne,21
2303195,07:24:00,07:24:10,stop_point:SP_3700,Centre Aéré,22
2303195,07:25:00,07:25:10,stop_point:SP_1171,Tissié,23
2303195,07:26:00,07:26:10,stop_point:SP_1460,Pont Rocade,24
2303195,07:27:00,07:27:10,stop_point:SP_1149,Brombach,25
2303195,07:28:00,07:28:10,stop_point:SP_3407,Hippodrome,26
2303195,07:29:00,07:29:10,stop_point:SP_639,Négogousses,27
2303195,07:31:00,07:31:10,stop_point:SP_1754,Arènes,28
2303196,07:24:00,07:24:10,stop_point:SP_1027,Plaisance Monestié,1
2303196,07:25:00,07:25:10,stop_point:SP_4802,Eglise Plaisance,2
2303196,07:26:00,07:26:10,stop_point:SP_4805,Rivière - Basse,3
2303196,07:26:00,07:26:10,stop_point:SP_4808,Prat Dessus,4
2303196,07:27:00,07:27:10,stop_point:SP_4804,Loti,5
2303196,07:29:00,07:29:10,stop_point:SP_4807,Tournefeuille Lycée,6
2303196,07:30:00,07:30:10,stop_point:SP_4841,Jean Gay,7
2303196,07:31:00,07:31:10,stop_point:SP_3834,Bordeneuve,8
2303196,07:31:00,07:31:10,stop_point:SP_1724,Collège Labitrie,9
2303196,07:32:00,07:32:10,stop_point:SP_2531,Alpilles,10
2303196,07:33:00,07:33:10,stop_point:SP_1488,Périgord,11
2303196,07:33:00,07:33:10,stop_point:SP_1091,St-Pierre,12
2303196,07:34:00,07:34:10,stop_point:SP_1551,Montel,13
2303196,07:35:00,07:35:10,stop_point:SP_1439,Tournefeuille Les Chênes,14
2303196,07:36:00,07:36:10,stop_point:SP_2889,Montjoie,15
2303196,07:37:00,07:37:10,stop_point:SP_4809,Ctre Cial Tournefeuille,16
2303196,07:38:00,07:38:10,stop_point:SP_2196,St-Exupéry,17
2303196,07:39:00,07:39:10,stop_point:SP_473,Briqueterie,18
2303196,07:40:00,07:40:10,stop_point:SP_2216,Montagné,19
2303196,07:41:00,07:41:10,stop_point:SP_1474,Lardenne,20
2303196,07:42:00,07:42:10,stop_point:SP_668,Eglise Lardenne,21
2303196,07:44:00,07:44:10,stop_point:SP_3700,Centre Aéré,22
2303196,07:45:00,07:45:10,stop_point:SP_1171,Tissié,23
2303196,07:46:00,07:46:10,stop_point:SP_1460,Pont Rocade,24
2303196,07:47:00,07:47:10,stop_point:SP_1149,Brombach,25
2303196,07:48:00,07:48:10,stop_point:SP_3407,Hippodrome,26
2303196,07:49:00,07:49:10,stop_point:SP_639,Négogousses,27
2303196,07:51:00,07:51:10,stop_point:SP_1754,Arènes,28
2303197,07:44:00,07:44:10,stop_point:SP_1027,Plaisance Monestié,1
2303197,07:45:00,07:45:10,stop_point:SP_4802,Eglise Plaisance,2
2303197,07:46:00,07:46:10,stop_point:SP_4805,Rivière - Basse,3
2303197,07:46:00,07:46:10,stop_point:SP_4808,Prat Dessus,4
2303197,07:47:00,07:47:10,stop_point:SP_4804,Loti,5
2303197,07:49:00,07:49:10,stop_point:SP_4807,Tournefeuille Lycée,6
2303197,07:50:00,07:50:10,stop_point:SP_4841,Jean Gay,7
2303197,07:51:00,07:51:10,stop_point:SP_3834,Bordeneuve,8
2303197,07:51:00,07:51:10,stop_point:SP_1724,Collège Labitrie,9
2303197,07:52:00,07:52:10,stop_point:SP_2531,Alpilles,10
2303197,07:53:00,07:53:10,stop_point:SP_1488,Périgord,11
2303197,07:54:00,07:54:10,stop_point:SP_1091,St-Pierre,12
2303197,07:55:00,07:55:10,stop_point:SP_1551,Montel,13
2303197,07:56:00,07:56:10,stop_point:SP_1439,Tournefeuille Les Chênes,14
2303197,07:57:00,07:57:10,stop_point:SP_2889,Montjoie,15
2303197,07:58:00,07:58:10,stop_point:SP_4809,Ctre Cial Tournefeuille,16
2303197,07:59:00,07:59:10,stop_point:SP_2196,St-Exupéry,17
2303197,08:00:00,08:00:10,stop_point:SP_473,Briqueterie,18
2303197,08:01:00,08:01:10,stop_point:SP_2216,Montagné,19
2303197,08:02:00,08:02:10,stop_point:SP_1474,Lardenne,20
2303197,08:03:00,08:03:10,stop_point:SP_668,Eglise Lardenne,21
2303197,08:05:00,08:05:10,stop_point:SP_3700,Centre Aéré,22
2303197,08:06:00,08:06:10,stop_point:SP_1171,Tissié,23
2303197,08:07:00,08:07:10,stop_point:SP_1460,Pont Rocade,24
2303197,08:08:00,08:08:10,stop_point:SP_1149,Brombach,25
2303197,08:09:00,08:09:10,stop_point:SP_3407,Hippodrome,26
2303197,08:10:00,08:10:10,stop_point:SP_639,Négogousses,27
2303197,08:12:00,08:12:10,stop_point:SP_1754,Arènes,28
2303198,08:04:00,08:04:10,stop_point:SP_1027,Plaisance Monestié,1
2303198,08:05:00,08:05:10,stop_point:SP_4802,Eglise Plaisance,2
2303198,08:06:00,08:06:10,stop_point:SP_4805,Rivière - Basse,3
2303198,08:06:00,08:06:10,stop_point:SP_4808,Prat Dessus,4
2303198,08:07:00,08:07:10,stop_point:SP_4804,Loti,5
2303198,08:09:00,08:09:10,stop_point:SP_4807,Tournefeuille Lycée,6
2303198,08:10:00,08:10:10,stop_point:SP_4841,Jean Gay,7
2303198,08:11:00,08:11:10,stop_point:SP_3834,Bordeneuve,8
2303198,08:11:00,08:11:10,stop_point:SP_1724,Collège Labitrie,9
2303198,08:12:00,08:12:10,stop_point:SP_2531,Alpilles,10
2303198,08:13:00,08:13:10,stop_point:SP_1488,Périgord,11
2303198,08:14:00,08:14:10,stop_point:SP_1091,St-Pierre,12
2303198,08:15:00,08:15:10,stop_point:SP_1551,Montel,13
2303198,08:16:00,08:16:10,stop_point:SP_1439,Tournefeuille Les Chênes,14
2303198,08:17:00,08:17:10,stop_point:SP_2889,Montjoie,15
2303198,08:18:00,08:18:10,stop_point:SP_4809,Ctre Cial Tournefeuille,16
2303198,08:19:00,08:19:10,stop_point:SP_2196,St-Exupéry,17
2303198,08:20:00,08:20:10,stop_point:SP_473,Briqueterie,18
2303198,08:21:00,08:21:10,stop_point:SP_2216,Montagné,19
2303198,08:22:00,08:22:10,stop_point:SP_1474,Lardenne,20
2303198,08:24:00,08:24:10,stop_point:SP_668,Eglise Lardenne,21
2303198,08:25:00,08:25:10,stop_point:SP_3700,Centre Aéré,22
2303198,08:26:00,08:26:10,stop_point:SP_1171,Tissié,23
2303198,08:28:00,08:28:10,stop_point:SP_1460,Pont Rocade,24
2303198,08:29:00,08:29:10,stop_point:SP_1149,Brombach,25
2303198,08:30:00,08:30:10,stop_point:SP_3407,Hippodrome,26
2303198,08:31:00,08:31:10,stop_point:SP_639,Négogousses,27
2303198,08:33:00,08:33:10,stop_point:SP_1754,Arènes,28
2303199,08:24:00,08:24:10,stop_point:SP_1027,Plaisance Monestié,1
2303199,08:25:00,08:25:10,stop_point:SP_4802,Eglise Plaisance,2
2303199,08:26:00,08:26:10,stop_point:SP_4805,Rivière - Basse,3
2303199,08:27:00,08:27:10,stop_point:SP_4808,Prat Dessus,4
2303199,08:28:00,08:28:10,stop_point:SP_4804,Loti,5
2303199,08:30:00,08:30:10,stop_point:SP_4807,Tournefeuille Lycée,6
2303199,08:31:00,08:31:10,stop_point:SP_4841,Jean Gay,7
2303199,08:32:00,08:32:10,stop_point:SP_3834,Bordeneuve,8
2303199,08:32:00,08:32:10,stop_point:SP_1724,Collège Labitrie,9
2303199,08:33:00,08:33:10,stop_point:SP_2531,Alpilles,10
2303199,08:34:00,08:34:10,stop_point:SP_1488,Périgord,11
2303199,08:35:00,08:35:10,stop_point:SP_1091,St-Pierre,12
2303199,08:36:00,08:36:10,stop_point:SP_1551,Montel,13
2303199,08:37:00,08:37:10,stop_point:SP_1439,Tournefeuille Les Chênes,14
2303199,08:38:00,08:38:10,stop_point:SP_2889,Montjoie,15
2303199,08:39:00,08:39:10,stop_point:SP_4809,Ctre Cial Tournefeuille,16
2303199,08:40:00,08:40:10,stop_point:SP_2196,St-Exupéry,17
2303199,08:41:00,08:41:10,stop_point:SP_473,Briqueterie,18
2303199,08:42:00,08:42:10,stop_point:SP_2216,Montagné,19
2303199,08:43:00,08:43:10,stop_point:SP_1474,Lardenne,20
2303199,08:45:00,08:45:10,stop_point:SP_668,Eglise Lardenne,21
2303199,08:46:00,08:46:10,stop_point:SP_3700,Centre Aéré,22
2303199,08:47:00,08:47:10,stop_point:SP_1171,Tissié,23
2303199,08:49:00,08:49:10,stop_point:SP_1460,Pont Rocade,24
2303199,08:50:00,08:50:10,stop_point:SP_1149,Brombach,25
2303199,08:51:00,08:51:10,stop_point:SP_3407,Hippodrome,26
2303199,08:52:00,08:52:10,stop_point:SP_639,Négogousses,27
2303199,08:55:00,08:55:10,stop_point:SP_1754,Arènes,28
2303200,08:43:00,08:43:10,stop_point:SP_1027,Plaisance Monestié,1
2303200,08:44:00,08:44:10,stop_point:SP_4802,Eglise Plaisance,2
2303200,08:45:00,08:45:10,stop_point:SP_4805,Rivière - Basse,3
2303200,08:46:00,08:46:10,stop_point:SP_4808,Prat Dessus,4
2303200,08:47:00,08:47:10,stop_point:SP_4804,Loti,5
2303200,08:49:00,08:49:10,stop_point:SP_4807,Tournefeuille Lycée,6
2303200,08:50:00,08:50:10,stop_point:SP_4841,Jean Gay,7
2303200,08:51:00,08:51:10,stop_point:SP_3834,Bordeneuve,8
2303200,08:51:00,08:51:10,stop_point:SP_1724,Collège Labitrie,9
2303200,08:52:00,08:52:10,stop_point:SP_2531,Alpilles,10
2303200,08:53:00,08:53:10,stop_point:SP_1488,Périgord,11
2303200,08:54:00,08:54:10,stop_point:SP_1091,St-Pierre,12
2303200,08:55:00,08:55:10,stop_point:SP_1551,Montel,13
2303200,08:56:00,08:56:10,stop_point:SP_1439,Tournefeuille Les Chênes,14
2303200,08:57:00,08:57:10,stop_point:SP_2889,Montjoie,15
2303200,08:58:00,08:58:10,stop_point:SP_4809,Ctre Cial Tournefeuille,16
2303200,08:59:00,08:59:10,stop_point:SP_2196,St-Exupéry,17
2303200,09:00:00,09:00:10,stop_point:SP_473,Briqueterie,18
2303200,09:01:00,09:01:10,stop_point:SP_2216,Montagné,19
2303200,09:02:00,09:02:10,stop_point:SP_1474,Lardenne,20
2303200,09:04:00,09:04:10,stop_point:SP_668,Eglise Lardenne,21
2303200,09:05:00,09:05:10,stop_point:SP_3700,Centre Aéré,22
2303200,09:06:00,09:06:10,stop_point:SP_1171,Tissié,23
2303200,09:08:00,09:08:10,stop_point:SP_1460,Pont Rocade,24
2303200,09:09:00,09:09:10,stop_point:SP_1149,Brombach,25
2303200,09:10:00,09:10:10,stop_point:SP_3407,Hippodrome,26
2303200,09:11:00,09:11:10,stop_point:SP_639,Négogousses,27
2303200,09:14:00,09:14:10,stop_point:SP_1754,Arènes,28
2303201,09:02:00,09:02:10,stop_point:SP_1027,Plaisance Monestié,1
2303201,09:03:00,09:03:10,stop_point:SP_4802,Eglise Plaisance,2
2303201,09:04:00,09:04:10,stop_point:SP_4805,Rivière - Basse,3
2303201,09:05:00,09:05:10,stop_point:SP_4808,Prat Dessus,4
2303201,09:06:00,09:06:10,stop_point:SP_4804,Loti,5
2303201,09:08:00,09:08:10,stop_point:SP_4807,Tournefeuille Lycée,6
2303201,09:09:00,09:09:10,stop_point:SP_4841,Jean Gay,7
2303201,09:10:00,09:10:10,stop_point:SP_3834,Bordeneuve,8
2303201,09:10:00,09:10:10,stop_point:SP_1724,Collège Labitrie,9
2303201,09:11:00,09:11:10,stop_point:SP_2531,Alpilles,10
2303201,09:12:00,09:12:10,stop_point:SP_1488,Périgord,11
2303201,09:13:00,09:13:10,stop_point:SP_1091,St-Pierre,12
2303201,09:14:00,09:14:10,stop_point:SP_1551,Montel,13
2303201,09:15:00,09:15:10,stop_point:SP_1439,Tournefeuille Les Chênes,14
2303201,09:16:00,09:16:10,stop_point:SP_2889,Montjoie,15
2303201,09:17:00,09:17:10,stop_point:SP_4809,Ctre Cial Tournefeuille,16
2303201,09:18:00,09:18:10,stop_point:SP_2196,St-Exupéry,17
2303201,09:19:00,09:19:10,stop_point:SP_473,Briqueterie,18
2303201,09:20:00,09:20:10,stop_point:SP_2216,Montagné,19
2303201,09:21:00,09:21:10,stop_point:SP_1474,Lardenne,20
2303201,09:22:00,09:22:10,stop_point:SP_668,Eglise Lardenne,21
2303201,09:24:00,09:24:10,stop_point:SP_3700,Centre Aéré,22
2303201,09:25:00,09:25:10,stop_point:SP_1171,Tissié,23
2303201,09:26:00,09:26:10,stop_point:SP_1460,Pont Rocade,24
2303201,09:27:00,09:27:10,stop_point:SP_1149,Brombach,25
2303201,09:28:00,09:28:10,stop_point:SP_3407,Hippodrome,26
2303201,09:29:00,09:29:10,stop_point:SP_639,Négogousses,27
2303201,09:32:00,09:32:10,stop_point:SP_1754,Arènes,28
2303202,09:21:00,09:21:10,stop_point:SP_1027,Plaisance Monestié,1
2303202,09:22:00,09:22:10,stop_point:SP_4802,Eglise Plaisance,2
2303202,09:23:00,09:23:10,stop_point:SP_4805,Rivière - Basse,3
2303202,09:24:00,09:24:10,stop_point:SP_4808,Prat Dessus,4
2303202,09:25:00,09:25:10,stop_point:SP_4804,Loti,5
2303202,09:27:00,09:27:10,stop_point:SP_4807,Tournefeuille Lycée,6
2303202,09:28:00,09:28:10,stop_point:SP_4841,Jean Gay,7
2303202,09:29:00,09:29:10,stop_point:SP_3834,Bordeneuve,8
2303202,09:29:00,09:29:10,stop_point:SP_1724,Collège Labitrie,9
2303202,09:30:00,09:30:10,stop_point:SP_2531,Alpilles,10
2303202,09:31:00,09:31:10,stop_point:SP_1488,Périgord,11
2303202,09:32:00,09:32:10,stop_point:SP_1091,St-Pierre,12
2303202,09:33:00,09:33:10,stop_point:SP_1551,Montel,13
2303202,09:34:00,09:34:10,stop_point:SP_1439,Tournefeuille Les Chênes,14
2303202,09:36:00,09:36:10,stop_point:SP_2889,Montjoie,15
2303202,09:37:00,09:37:10,stop_point:SP_4809,Ctre Cial Tournefeuille,16
2303202,09:38:00,09:38:10,stop_point:SP_2196,St-Exupéry,17
2303202,09:39:00,09:39:10,stop_point:SP_473,Briqueterie,18
2303202,09:40:00,09:40:10,stop_point:SP_2216,Montagné,19
2303202,09:41:00,09:41:10,stop_point:SP_1474,Lardenne,20
2303202,09:42:00,09:42:10,stop_point:SP_668,Eglise Lardenne,21
2303202,09:44:00,09:44:10,stop_point:SP_3700,Centre Aéré,22
2303202,09:45:00,09:45:10,stop_point:SP_1171,Tissié,23
2303202,09:46:00,09:46:10,stop_point:SP_1460,Pont Rocade,24
2303202,09:47:00,09:47:10,stop_point:SP_1149,Brombach,25
2303202,09:48:00,09:48:10,stop_point:SP_3407,Hippodrome,26
2303202,09:49:00,09:49:10,stop_point:SP_639,Négogousses,27
2303202,09:52:00,09:52:10,stop_point:SP_1754,Arènes,28
2303203,09:42:00,09:42:10,stop_point:SP_1027,Plaisance Monestié,1
2303203,09:43:00,09:43:10,stop_point:SP_4802,Eglise Plaisance,2
2303203,09:44:00,09:44:10,stop_point:SP_4805,Rivière - Basse,3
2303203,09:45:00,09:45:10,stop_point:SP_4808,Prat Dessus,4
2303203,09:46:00,09:46:10,stop_point:SP_4804,Loti,5
2303203,09:48:00,09:48:10,stop_point:SP_4807,Tournefeuille Lycée,6
2303203,09:49:00,09:49:10,stop_point:SP_4841,Jean Gay,7
2303203,09:50:00,09:50:10,stop_point:SP_3834,Bordeneuve,8
2303203,09:50:00,09:50:10,stop_point:SP_1724,Collège Labitrie,9
2303203,09:51:00,09:51:10,stop_point:SP_2531,Alpilles,10
2303203,09:52:00,09:52:10,stop_point:SP_1488,Périgord,11
2303203,09:53:00,09:53:10,stop_point:SP_1091,St-Pierre,12
2303203,09:54:00,09:54:10,stop_point:SP_1551,Montel,13
2303203,09:55:00,09:55:10,stop_point:SP_1439,Tournefeuille Les Chênes,14
2303203,09:57:00,09:57:10,stop_point:SP_2889,Montjoie,15
2303203,09:58:00,09:58:10,stop_point:SP_4809,Ctre Cial Tournefeuille,16
2303203,09:59:00,09:59:10,stop_point:SP_2196,St-Exupéry,17
2303203,10:00:00,10:00:10,stop_point:SP_473,Briqueterie,18
2303203,10:01:00,10:01:10,stop_point:SP_2216,Montagné,19
2303203,10:02:00,10:02:10,stop_point:SP_1474,Lardenne,20
2303203,10:04:00,10:04:10,stop_point:SP_668,Eglise Lardenne,21
2303203,10:05:00,10:05:10,stop_point:SP_3700,Centre Aéré,22
2303203,10:06:00,10:06:10,stop_point:SP_1171,Tissié,23
2303203,10:08:00,10:08:10,stop_point:SP_1460,Pont Rocade,24
2303203,10:09:00,10:09:10,stop_point:SP_1149,Brombach,25
2303203,10:10:00,10:10:10,stop_point:SP_3407,Hippodrome,26
2303203,10:11:00,10:11:10,stop_point:SP_639,Négogousses,27
2303203,10:14:00,10:14:10,stop_point:SP_1754,Arènes,28
2303204,10:03:00,10:03:10,stop_point:SP_1027,Plaisance Monestié,1
2303204,10:04:00,10:04:10,stop_point:SP_4802,Eglise Plaisance,2
2303204,10:05:00,10:05:10,stop_point:SP_4805,Rivière - Basse,3
2303204,10:06:00,10:06:10,stop_point:SP_4808,Prat Dessus,4
2303204,10:07:00,10:07:10,stop_point:SP_4804,Loti,5
2303204,10:09:00,10:09:10,stop_point:SP_4807,Tournefeuille Lycée,6
2303204,10:10:00,10:10:10,stop_point:SP_4841,Jean Gay,7
2303204,10:11:00,10:11:10,stop_point:SP_3834,Bordeneuve,8
2303204,10:11:00,10:11:10,stop_point:SP_1724,Collège Labitrie,9
2303204,10:12:00,10:12:10,stop_point:SP_2531,Alpilles,10
2303204,10:13:00,10:13:10,stop_point:SP_1488,Périgord,11
2303204,10:14:00,10:14:10,stop_point:SP_1091,St-Pierre,12
2303204,10:15:00,10:15:10,stop_point:SP_1551,Montel,13
2303204,10:16:00,10:16:10,stop_point:SP_1439,Tournefeuille Les Chênes,14
2303204,10:18:00,10:18:10,stop_point:SP_2889,Montjoie,15
2303204,10:19:00,10:19:10,stop_point:SP_4809,Ctre Cial Tournefeuille,16
2303204,10:20:00,10:20:10,stop_point:SP_2196,St-Exupéry,17
2303204,10:22:00,10:22:10,stop_point:SP_473,Briqueterie,18
2303204,10:23:00,10:23:10,stop_point:SP_2216,Montagné,19
2303204,10:24:00,10:24:10,stop_point:SP_1474,Lardenne,20
2303204,10:26:00,10:26:10,stop_point:SP_668,Eglise Lardenne,21
2303204,10:27:00,10:27:10,stop_point:SP_3700,Centre Aéré,22
2303204,10:28:00,10:28:10,stop_point:SP_1171,Tissié,23
2303204,10:30:00,10:30:10,stop_point:SP_1460,Pont Rocade,24
2303204,10:31:00,10:31:10,stop_point:SP_1149,Brombach,25
2303204,10:32:00,10:32:10,stop_point:SP_3407,Hippodrome,26
2303204,10:33:00,10:33:10,stop_point:SP_639,Négogousses,27
2303204,10:36:00,10:36:10,stop_point:SP_1754,Arènes,28
2303205,10:24:00,10:24:10,stop_point:SP_1027,Plaisance Monestié,1
2303205,10:25:00,10:25:10,stop_point:SP_4802,Eglise Plaisance,2
2303205,10:26:00,10:26:10,stop_point:SP_4805,Rivière - Basse,3
2303205,10:27:00,10:27:10,stop_point:SP_4808,Prat Dessus,4
2303205,10:28:00,10:28:10,stop_point:SP_4804,Loti,5
2303205,10:30:00,10:30:10,stop_point:SP_4807,Tournefeuille Lycée,6
2303205,10:31:00,10:31:10,stop_point:SP_4841,Jean Gay,7
2303205,10:32:00,10:32:10,stop_point:SP_3834,Bordeneuve,8
2303205,10:32:00,10:32:10,stop_point:SP_1724,Collège Labitrie,9
2303205,10:33:00,10:33:10,stop_point:SP_2531,Alpilles,10
2303205,10:34:00,10:34:10,stop_point:SP_1488,Périgord,11
2303205,10:35:00,10:35:10,stop_point:SP_1091,St-Pierre,12
2303205,10:36:00,10:36:10,stop_point:SP_1551,Montel,13
2303205,10:37:00,10:37:10,stop_point:SP_1439,Tournefeuille Les Chênes,14
2303205,10:39:00,10:39:10,stop_point:SP_2889,Montjoie,15
2303205,10:40:00,10:40:10,stop_point:SP_4809,Ctre Cial Tournefeuille,16
2303205,10:41:00,10:41:10,stop_point:SP_2196,St-Exupéry,17
2303205,10:43:00,10:43:10,stop_point:SP_473,Briqueterie,18
2303205,10:44:00,10:44:10,stop_point:SP_2216,Montagné,19
2303205,10:45:00,10:45:10,stop_point:SP_1474,Lardenne,20
2303205,10:47:00,10:47:10,stop_point:SP_668,Eglise Lardenne,21
2303205,10:48:00,10:48:10,stop_point:SP_3700,Centre Aéré,22
2303205,10:49:00,10:49:10,stop_point:SP_1171,Tissié,23
2303205,10:51:00,10:51:10,stop_point:SP_1460,Pont Rocade,24
2303205,10:52:00,10:52:10,stop_point:SP_1149,Brombach,25
2303205,10:53:00,10:53:10,stop_point:SP_3407,Hippodrome,26
2303205,10:54:00,10:54:10,stop_point:SP_639,Négogousses,27
2303205,10:57:00,10:57:10,stop_point:SP_1754,Arènes,28
2303206,10:45:00,10:45:10,stop_point:SP_1027,Plaisance Monestié,1
2303206,10:46:00,10:46:10,stop_point:SP_4802,Eglise Plaisance,2
2303206,10:47:00,10:47:10,stop_point:SP_4805,Rivière - Basse,3
2303206,10:48:00,10:48:10,stop_point:SP_4808,Prat Dessus,4
2303206,10:49:00,10:49:10,stop_point:SP_4804,Loti,5
2303206,10:51:00,10:51:10,stop_point:SP_4807,Tournefeuille Lycée,6
2303206,10:52:00,10:52:10,stop_point:SP_4841,Jean Gay,7
2303206,10:53:00,10:53:10,stop_point:SP_3834,Bordeneuve,8
2303206,10:53:00,10:53:10,stop_point:SP_1724,Collège Labitrie,9
2303206,10:54:00,10:54:10,stop_point:SP_2531,Alpilles,10
2303206,10:55:00,10:55:10,stop_point:SP_1488,Périgord,11
2303206,10:56:00,10:56:10,stop_point:SP_1091,St-Pierre,12
2303206,10:58:00,10:58:10,stop_point:SP_1551,Montel,13
2303206,10:59:00,10:59:10,stop_point:SP_1439,Tournefeuille Les Chênes,14
2303206,11:00:00,11:00:10,stop_point:SP_2889,Montjoie,15
2303206,11:01:00,11:01:10,stop_point:SP_4809,Ctre Cial Tournefeuille,16
2303206,11:02:00,11:02:10,stop_point:SP_2196,St-Exupéry,17
2303206,11:04:00,11:04:10,stop_point:SP_473,Briqueterie,18
2303206,11:05:00,11:05:10,stop_point:SP_2216,Montagné,19
2303206,11:06:00,11:06:10,stop_point:SP_1474,Lardenne,20
2303206,11:08:00,11:08:10,stop_point:SP_668,Eglise Lardenne,21
2303206,11:09:00,11:09:10,stop_point:SP_3700,Centre Aéré,22
2303206,11:10:00,11:10:10,stop_point:SP_1171,Tissié,23
2303206,11:12:00,11:12:10,stop_point:SP_1460,Pont Rocade,24
2303206,11:13:00,11:13:10,stop_point:SP_1149,Brombach,25
2303206,11:14:00,11:14:10,stop_point:SP_3407,Hippodrome,26
2303206,11:15:00,11:15:10,stop_point:SP_639,Négogousses,27
2303206,11:18:00,11:18:10,stop_point:SP_1754,Arènes,28
2303207,11:06:00,11:06:10,stop_point:SP_1027,Plaisance Monestié,1
2303207,11:07:00,11:07:10,stop_point:SP_4802,Eglise Plaisance,2
2303207,11:08:00,11:08:10,stop_point:SP_4805,Rivière - Basse,3
2303207,11:09:00,11:09:10,stop_point:SP_4808,Prat Dessus,4
2303207,11:10:00,11:10:10,stop_point:SP_4804,Loti,5
2303207,11:12:00,11:12:10,stop_point:SP_4807,Tournefeuille Lycée,6
2303207,11:13:00,11:13:10,stop_point:SP_4841,Jean Gay,7
2303207,11:14:00,11:14:10,stop_point:SP_3834,Bordeneuve,8
2303207,11:14:00,11:14:10,stop_point:SP_1724,Collège Labitrie,9
2303207,11:15:00,11:15:10,stop_point:SP_2531,Alpilles,10
2303207,11:16:00,11:16:10,stop_point:SP_1488,Périgord,11
2303207,11:17:00,11:17:10,stop_point:SP_1091,St-Pierre,12
2303207,11:19:00,11:19:10,stop_point:SP_1551,Montel,13
2303207,11:20:00,11:20:10,stop_point:SP_1439,Tournefeuille Les Chênes,14
2303207,11:21:00,11:21:10,stop_point:SP_2889,Montjoie,15
2303207,11:22:00,11:22:10,stop_point:SP_4809,Ctre Cial Tournefeuille,16
2303207,11:23:00,11:23:10,stop_point:SP_2196,St-Exupéry,17
2303207,11:25:00,11:25:10,stop_point:SP_473,Briqueterie,18
2303207,11:26:00,11:26:10,stop_point:SP_2216,Montagné,19
2303207,11:27:00,11:27:10,stop_point:SP_1474,Lardenne,20
2303207,11:29:00,11:29:10,stop_point:SP_668,Eglise Lardenne,21
2303207,11:30:00,11:30:10,stop_point:SP_3700,Centre Aéré,22
2303207,11:31:00,11:31:10,stop_point:SP_1171,Tissié,23
2303207,11:33:00,11:33:10,stop_point:SP_1460,Pont Rocade,24
2303207,11:34:00,11:34:10,stop_point:SP_1149,Brombach,25
2303207,11:35:00,11:35:10,stop_point:SP_3407,Hippodrome,26
2303207,11:36:00,11:36:10,stop_point:SP_639,Négogousses,27
2303207,11:39:00,11:39:10,stop_point:SP_1754,Arènes,28
2303208,11:27:00,11:27:10,stop_point:SP_1027,Plaisance Monestié,1
2303208,11:28:00,11:28:10,stop_point:SP_4802,Eglise Plaisance,2
2303208,11:29:00,11:29:10,stop_point:SP_4805,Rivière - Basse,3
2303208,11:30:00,11:30:10,stop_point:SP_4808,Prat Dessus,4
2303208,11:31:00,11:31:10,stop_point:SP_4804,Loti,5
2303208,11:33:00,11:33:10,stop_point:SP_4807,Tournefeuille Lycée,6
2303208,11:34:00,11:34:10,stop_point:SP_4841,Jean Gay,7
2303208,11:35:00,11:35:10,stop_point:SP_3834,Bordeneuve,8
2303208,11:35:00,11:35:10,stop_point:SP_1724,Collège Labitrie,9
2303208,11:36:00,11:36:10,stop_point:SP_2531,Alpilles,10
2303208,11:37:00,11:37:10,stop_point:SP_1488,Périgord,11
2303208,11:38:00,11:38:10,stop_point:SP_1091,St-Pierre,12
2303208,11:40:00,11:40:10,stop_point:SP_1551,Montel,13
2303208,11:41:00,11:41:10,stop_point:SP_1439,Tournefeuille Les Chênes,14
2303208,11:42:00,11:42:10,stop_point:SP_2889,Montjoie,15
2303208,11:43:00,11:43:10,stop_point:SP_4809,Ctre Cial Tournefeuille,16
2303208,11:44:00,11:44:10,stop_point:SP_2196,St-Exupéry,17
2303208,11:46:00,11:46:10,stop_point:SP_473,Briqueterie,18
2303208,11:47:00,11:47:10,stop_point:SP_2216,Montagné,19
2303208,11:48:00,11:48:10,stop_point:SP_1474,Lardenne,20
2303208,11:50:00,11:50:10,stop_point:SP_668,Eglise Lardenne,21
2303208,11:51:00,11:51:10,stop_point:SP_3700,Centre Aéré,22
2303208,11:52:00,11:52:10,stop_point:SP_1171,Tissié,23
2303208,11:54:00,11:54:10,stop_point:SP_1460,Pont Rocade,24
2303208,11:55:00,11:55:10,stop_point:SP_1149,Brombach,25
2303208,11:56:00,11:56:10,stop_point:SP_3407,Hippodrome,26
2303208,11:57:00,11:57:10,stop_point:SP_639,Négogousses,27
2303208,12:00:00,12:00:10,stop_point:SP_1754,Arènes,28
2303209,11:48:00,11:48:10,stop_point:SP_1027,Plaisance Monestié,1
2303209,11:49:00,11:49:10,stop_point:SP_4802,Eglise Plaisance,2
2303209,11:50:00,11:50:10,stop_point:SP_4805,Rivière - Basse,3
2303209,11:51:00,11:51:10,stop_point:SP_4808,Prat Dessus,4
2303209,11:52:00,11:52:10,stop_point:SP_4804,Loti,5
2303209,11:54:00,11:54:10,stop_point:SP_4807,Tournefeuille Lycée,6
2303209,11:55:00,11:55:10,stop_point:SP_4841,Jean Gay,7
2303209,11:56:00,11:56:10,stop_point:SP_3834,Bordeneuve,8
2303209,11:56:00,11:56:10,stop_point:SP_1724,Collège Labitrie,9
2303209,11:57:00,11:57:10,stop_point:SP_2531,Alpilles,10
2303209,11:58:00,11:58:10,stop_point:SP_1488,Périgord,11
2303209,11:59:00,11:59:10,stop_point:SP_1091,St-Pierre,12
2303209,12:01:00,12:01:10,stop_point:SP_1551,Montel,13
2303209,12:02:00,12:02:10,stop_point:SP_1439,Tournefeuille Les Chênes,14
2303209,12:03:00,12:03:10,stop_point:SP_2889,Montjoie,15
2303209,12:04:00,12:04:10,stop_point:SP_4809,Ctre Cial Tournefeuille,16
2303209,12:05:00,12:05:10,stop_point:SP_2196,St-Exupéry,17
2303209,12:07:00,12:07:10,stop_point:SP_473,Briqueterie,18
2303209,12:08:00,12:08:10,stop_point:SP_2216,Montagné,19
2303209,12:09:00,12:09:10,stop_point:SP_1474,Lardenne,20
2303209,12:10:00,12:10:10,stop_point:SP_668,Eglise Lardenne,21
2303209,12:12:00,12:12:10,stop_point:SP_3700,Centre Aéré,22
2303209,12:13:00,12:13:10,stop_point:SP_1171,Tissié,23
2303209,12:14:00,12:14:10,stop_point:SP_1460,Pont Rocade,24
2303209,12:15:00,12:15:10,stop_point:SP_1149,Brombach,25
2303209,12:16:00,12:16:10,stop_point:SP_3407,Hippodrome,26
2303209,12:17:00,12:17:10,stop_point:SP_639,Négogousses,27
2303209,12:20:00,12:20:10,stop_point:SP_1754,Arènes,28
2303210,12:09:00,12:09:10,stop_point:SP_1027,Plaisance Monestié,1
2303210,12:10:00,12:10:10,stop_point:SP_4802,Eglise Plaisance,2
2303210,12:11:00,12:11:10,stop_point:SP_4805,Rivière - Basse,3
2303210,12:12:00,12:12:10,stop_point:SP_4808,Prat Dessus,4
2303210,12:13:00,12:13:10,stop_point:SP_4804,Loti,5
2303210,12:15:00,12:15:10,stop_point:SP_4807,Tournefeuille Lycée,6
2303210,12:16:00,12:16:10,stop_point:SP_4841,Jean Gay,7
2303210,12:17:00,12:17:10,stop_point:SP_3834,Bordeneuve,8
2303210,12:17:00,12:17:10,stop_point:SP_1724,Collège Labitrie,9
2303210,12:18:00,12:18:10,stop_point:SP_2531,Alpilles,10
2303210,12:19:00,12:19:10,stop_point:SP_1488,Périgord,11
2303210,12:20:00,12:20:10,stop_point:SP_1091,St-Pierre,12
2303210,12:22:00,12:22:10,stop_point:SP_1551,Montel,13
2303210,12:23:00,12:23:10,stop_point:SP_1439,Tournefeuille Les Chênes,14
2303210,12:24:00,12:24:10,stop_point:SP_2889,Montjoie,15
2303210,12:25:00,12:25:10,stop_point:SP_4809,Ctre Cial Tournefeuille,16
2303210,12:26:00,12:26:10,stop_point:SP_2196,St-Exupéry,17
2303210,12:28:00,12:28:10,stop_point:SP_473,Briqueterie,18
2303210,12:29:00,12:29:10,stop_point:SP_2216,Montagné,19
2303210,12:30:00,12:30:10,stop_point:SP_1474,Lardenne,20
2303210,12:32:00,12:32:10,stop_point:SP_668,Eglise Lardenne,21
2303210,12:33:00,12:33:10,stop_point:SP_3700,Centre Aéré,22
2303210,12:34:00,12:34:10,stop_point:SP_1171,Tissié,23
2303210,12:36:00,12:36:10,stop_point:SP_1460,Pont Rocade,24
2303210,12:37:00,12:37:10,stop_point:SP_1149,Brombach,25
2303210,12:38:00,12:38:10,stop_point:SP_3407,Hippodrome,26
2303210,12:39:00,12:39:10,stop_point:SP_639,Négogousses,27
2303210,12:42:00,12:42:10,stop_point:SP_1754,Arènes,28
2303211,12:31:00,12:31:10,stop_point:SP_1027,Plaisance Monestié,1
2303211,12:32:00,12:32:10,stop_point:SP_4802,Eglise Plaisance,2
2303211,12:33:00,12:33:10,stop_point:SP_4805,Rivière - Basse,3
2303211,12:34:00,12:34:10,stop_point:SP_4808,Prat Dessus,4
2303211,12:35:00,12:35:10,stop_point:SP_4804,Loti,5
2303211,12:37:00,12:37:10,stop_point:SP_4807,Tournefeuille Lycée,6
2303211,12:38:00,12:38:10,stop_point:SP_4841,Jean Gay,7
2303211,12:39:00,12:39:10,stop_point:SP_3834,Bordeneuve,8
2303211,12:39:00,12:39:10,stop_point:SP_1724,Collège Labitrie,9
2303211,12:40:00,12:40:10,stop_point:SP_2531,Alpilles,10
2303211,12:41:00,12:41:10,stop_point:SP_1488,Périgord,11
2303211,12:42:00,12:42:10,stop_point:SP_1091,St-Pierre,12
2303211,12:44:00,12:44:10,stop_point:SP_1551,Montel,13
2303211,12:45:00,12:45:10,stop_point:SP_1439,Tournefeuille Les Chênes,14
2303211,12:46:00,12:46:10,stop_point:SP_2889,Montjoie,15
2303211,12:47:00,12:47:10,stop_point:SP_4809,Ctre Cial Tournefeuille,16
2303211,12:48:00,12:48:10,stop_point:SP_2196,St-Exupéry,17
2303211,12:50:00,12:50:10,stop_point:SP_473,Briqueterie,18
2303211,12:51:00,12:51:10,stop_point:SP_2216,Montagné,19
2303211,12:52:00,12:52:10,stop_point:SP_1474,Lardenne,20
2303211,12:54:00,12:54:10,stop_point:SP_668,Eglise Lardenne,21
2303211,12:55:00,12:55:10,stop_point:SP_3700,Centre Aéré,22
2303211,12:56:00,12:56:10,stop_point:SP_1171,Tissié,23
2303211,12:58:00,12:58:10,stop_point:SP_1460,Pont Rocade,24
2303211,12:59:00,12:59:10,stop_point:SP_1149,Brombach,25
2303211,13:00:00,13:00:10,stop_point:SP_3407,Hippodrome,26
2303211,13:01:00,13:01:10,stop_point:SP_639,Négogousses,27
2303211,13:04:00,13:04:10,stop_point:SP_1754,Arènes,28
2303212,12:53:00,12:53:10,stop_point:SP_1027,Plaisance Monestié,1
2303212,12:54:00,12:54:10,stop_point:SP_4802,Eglise Plaisance,2
2303212,12:55:00,12:55:10,stop_point:SP_4805,Rivière - Basse,3
2303212,12:56:00,12:56:10,stop_point:SP_4808,Prat Dessus,4
2303212,12:57:00,12:57:10,stop_point:SP_4804,Loti,5
2303212,12:59:00,12:59:10,stop_point:SP_4807,Tournefeuille Lycée,6
2303212,13:00:00,13:00:10,stop_point:SP_4841,Jean Gay,7
2303212,13:01:00,13:01:10,stop_point:SP_3834,Bordeneuve,8
2303212,13:01:00,13:01:10,stop_point:SP_1724,Collège Labitrie,9
2303212,13:02:00,13:02:10,stop_point:SP_2531,Alpilles,10
2303212,13:03:00,13:03:10,stop_point:SP_1488,Périgord,11
2303212,13:04:00,13:04:10,stop_point:SP_1091,St-Pierre,12
2303212,13:06:00,13:06:10,stop_point:SP_1551,Montel,13
2303212,13:07:00,13:07:10,stop_point:SP_1439,Tournefeuille Les Chênes,14
2303212,13:08:00,13:08:10,stop_point:SP_2889,Montjoie,15
2303212,13:09:00,13:09:10,stop_point:SP_4809,Ctre Cial Tournefeuille,16
2303212,13:10:00,13:10:10,stop_point:SP_2196,St-Exupéry,17
2303212,13:12:00,13:12:10,stop_point:SP_473,Briqueterie,18
2303212,13:13:00,13:13:10,stop_point:SP_2216,Montagné,19
2303212,13:14:00,13:14:10,stop_point:SP_1474,Lardenne,20
2303212,13:16:00,13:16:10,stop_point:SP_668,Eglise Lardenne,21
2303212,13:17:00,13:17:10,stop_point:SP_3700,Centre Aéré,22
2303212,13:18:00,13:18:10,stop_point:SP_1171,Tissié,23
2303212,13:20:00,13:20:10,stop_point:SP_1460,Pont Rocade,24
2303212,13:21:00,13:21:10,stop_point:SP_1149,Brombach,25
2303212,13:22:00,13:22:10,stop_point:SP_3407,Hippodrome,26
2303212,13:23:00,13:23:10,stop_point:SP_639,Négogousses,27
2303212,13:26:00,13:26:10,stop_point:SP_1754,Arènes,28
2303213,13:15:00,13:15:10,stop_point:SP_1027,Plaisance Monestié,1
2303213,13:16:00,13:16:10,stop_point:SP_4802,Eglise Plaisance,2
2303213,13:17:00,13:17:10,stop_point:SP_4805,Rivière - Basse,3
2303213,13:18:00,13:18:10,stop_point:SP_4808,Prat Dessus,4
2303213,13:19:00,13:19:10,stop_point:SP_4804,Loti,5
2303213,13:21:00,13:21:10,stop_point:SP_4807,Tournefeuille Lycée,6
2303213,13:22:00,13:22:10,stop_point:SP_4841,Jean Gay,7
2303213,13:23:00,13:23:10,stop_point:SP_3834,Bordeneuve,8
2303213,13:23:00,13:23:10,stop_point:SP_1724,Collège Labitrie,9
2303213,13:24:00,13:24:10,stop_point:SP_2531,Alpilles,10
2303213,13:25:00,13:25:10,stop_point:SP_1488,Périgord,11
2303213,13:26:00,13:26:10,stop_point:SP_1091,St-Pierre,12
2303213,13:28:00,13:28:10,stop_point:SP_1551,Montel,13
2303213,13:29:00,13:29:10,stop_point:SP_1439,Tournefeuille Les Chênes,14
2303213,13:30:00,13:30:10,stop_point:SP_2889,Montjoie,15
2303213,13:31:00,13:31:10,stop_point:SP_4809,Ctre Cial Tournefeuille,16
2303213,13:32:00,13:32:10,stop_point:SP_2196,St-Exupéry,17
2303213,13:33:00,13:33:10,stop_point:SP_473,Briqueterie,18
2303213,13:34:00,13:34:10,stop_point:SP_2216,Montagné,19
2303213,13:35:00,13:35:10,stop_point:SP_1474,Lardenne,20
2303213,13:36:00,13:36:10,stop_point:SP_668,Eglise Lardenne,21
2303213,13:38:00,13:38:10,stop_point:SP_3700,Centre Aéré,22
2303213,13:39:00,13:39:10,stop_point:SP_1171,Tissié,23
2303213,13:40:00,13:40:10,stop_point:SP_1460,Pont Rocade,24
2303213,13:41:00,13:41:10,stop_point:SP_1149,Brombach,25
2303213,13:43:00,13:43:10,stop_point:SP_3407,Hippodrome,26
2303213,13:44:00,13:44:10,stop_point:SP_639,Négogousses,27
2303213,13:47:00,13:47:10,stop_point:SP_1754,Arènes,28
2303214,13:35:00,13:35:10,stop_point:SP_1027,Plaisance Monestié,1
2303214,13:36:00,13:36:10,stop_point:SP_4802,Eglise Plaisance,2
2303214,13:37:00,13:37:10,stop_point:SP_4805,Rivière - Basse,3
2303214,13:38:00,13:38:10,stop_point:SP_4808,Prat Dessus,4
2303214,13:39:00,13:39:10,stop_point:SP_4804,Loti,5
2303214,13:41:00,13:41:10,stop_point:SP_4807,Tournefeuille Lycée,6
2303214,13:42:00,13:42:10,stop_point:SP_4841,Jean Gay,7
2303214,13:43:00,13:43:10,stop_point:SP_3834,Bordeneuve,8
2303214,13:44:00,13:44:10,stop_point:SP_1724,Collège Labitrie,9
2303214,13:45:00,13:45:10,stop_point:SP_2531,Alpilles,10
2303214,13:46:00,13:46:10,stop_point:SP_1488,Périgord,11
2303214,13:47:00,13:47:10,stop_point:SP_1091,St-Pierre,12
2303214,13:49:00,13:49:10,stop_point:SP_1551,Montel,13
2303214,13:50:00,13:50:10,stop_point:SP_1439,Tournefeuille Les Chênes,14
2303214,13:51:00,13:51:10,stop_point:SP_2889,Montjoie,15
2303214,13:52:00,13:52:10,stop_point:SP_4809,Ctre Cial Tournefeuille,16
2303214,13:53:00,13:53:10,stop_point:SP_2196,St-Exupéry,17
2303214,13:54:00,13:54:10,stop_point:SP_473,Briqueterie,18
2303214,13:55:00,13:55:10,stop_point:SP_2216,Montagné,19
2303214,13:56:00,13:56:10,stop_point:SP_1474,Lardenne,20
2303214,13:57:00,13:57:10,stop_point:SP_668,Eglise Lardenne,21
2303214,13:59:00,13:59:10,stop_point:SP_3700,Centre Aéré,22
2303214,14:00:00,14:00:10,stop_point:SP_1171,Tissié,23
2303214,14:01:00,14:01:10,stop_point:SP_1460,Pont Rocade,24
2303214,14:02:00,14:02:10,stop_point:SP_1149,Brombach,25
2303214,14:04:00,14:04:10,stop_point:SP_3407,Hippodrome,26
2303214,14:05:00,14:05:10,stop_point:SP_639,Négogousses,27
2303214,14:08:00,14:08:10,stop_point:SP_1754,Arènes,28
2303215,13:55:00,13:55:10,stop_point:SP_1027,Plaisance Monestié,1
2303215,13:56:00,13:56:10,stop_point:SP_4802,Eglise Plaisance,2
2303215,13:57:00,13:57:10,stop_point:SP_4805,Rivière - Basse,3
2303215,13:58:00,13:58:10,stop_point:SP_4808,Prat Dessus,4
2303215,13:59:00,13:59:10,stop_point:SP_4804,Loti,5
2303215,14:01:00,14:01:10,stop_point:SP_4807,Tournefeuille Lycée,6
2303215,14:02:00,14:02:10,stop_point:SP_4841,Jean Gay,7
2303215,14:03:00,14:03:10,stop_point:SP_3834,Bordeneuve,8
2303215,14:04:00,14:04:10,stop_point:SP_1724,Collège Labitrie,9
2303215,14:05:00,14:05:10,stop_point:SP_2531,Alpilles,10
2303215,14:06:00,14:06:10,stop_point:SP_1488,Périgord,11
2303215,14:07:00,14:07:10,stop_point:SP_1091,St-Pierre,12
2303215,14:09:00,14:09:10,stop_point:SP_1551,Montel,13
2303215,14:10:00,14:10:10,stop_point:SP_1439,Tournefeuille Les Chênes,14
2303215,14:11:00,14:11:10,stop_point:SP_2889,Montjoie,15
2303215,14:12:00,14:12:10,stop_point:SP_4809,Ctre Cial Tournefeuille,16
2303215,14:13:00,14:13:10,stop_point:SP_2196,St-Exupéry,17
2303215,14:14:00,14:14:10,stop_point:SP_473,Briqueterie,18
2303215,14:15:00,14:15:10,stop_point:SP_2216,Montagné,19
2303215,14:17:00,14:17:10,stop_point:SP_1474,Lardenne,20
2303215,14:19:00,14:19:10,stop_point:SP_668,Eglise Lardenne,21
2303215,14:20:00,14:20:10,stop_point:SP_3700,Centre Aéré,22
2303215,14:21:00,14:21:10,stop_point:SP_1171,Tissié,23
2303215,14:23:00,14:23:10,stop_point:SP_1460,Pont Rocade,24
2303215,14:24:00,14:24:10,stop_point:SP_1149,Brombach,25
2303215,14:26:00,14:26:10,stop_point:SP_3407,Hippodrome,26
2303215,14:27:00,14:27:10,stop_point:SP_639,Négogousses,27
2303215,14:30:00,14:30:10,stop_point:SP_1754,Arènes,28
2303216,14:16:00,14:16:10,stop_point:SP_1027,Plaisance Monestié,1
2303216,14:17:00,14:17:10,stop_point:SP_4802,Eglise Plaisance,2
2303216,14:18:00,14:18:10,stop_point:SP_4805,Rivière - Basse,3
2303216,14:19:00,14:19:10,stop_point:SP_4808,Prat Dessus,4
2303216,14:20:00,14:20:10,stop_point:SP_4804,Loti,5
2303216,14:22:00,14:22:10,stop_point:SP_4807,Tournefeuille Lycée,6
2303216,14:23:00,14:23:10,stop_point:SP_4841,Jean Gay,7
2303216,14:24:00,14:24:10,stop_point:SP_3834,Bordeneuve,8
2303216,14:25:00,14:25:10,stop_point:SP_1724,Collège Labitrie,9
2303216,14:26:00,14:26:10,stop_point:SP_2531,Alpilles,10
2303216,14:27:00,14:27:10,stop_point:SP_1488,Périgord,11
2303216,14:28:00,14:28:10,stop_point:SP_1091,St-Pierre,12
2303216,14:30:00,14:30:10,stop_point:SP_1551,Montel,13
2303216,14:31:00,14:31:10,stop_point:SP_1439,Tournefeuille Les Chênes,14
2303216,14:32:00,14:32:10,stop_point:SP_2889,Montjoie,15
2303216,14:33:00,14:33:10,stop_point:SP_4809,Ctre Cial Tournefeuille,16
2303216,14:34:00,14:34:10,stop_point:SP_2196,St-Exupéry,17
2303216,14:35:00,14:35:10,stop_point:SP_473,Briqueterie,18
2303216,14:36:00,14:36:10,stop_point:SP_2216,Montagné,19
2303216,14:38:00,14:38:10,stop_point:SP_1474,Lardenne,20
2303216,14:40:00,14:40:10,stop_point:SP_668,Eglise Lardenne,21
2303216,14:41:00,14:41:10,stop_point:SP_3700,Centre Aéré,22
2303216,14:42:00,14:42:10,stop_point:SP_1171,Tissié,23
2303216,14:44:00,14:44:10,stop_point:SP_1460,Pont Rocade,24
2303216,14:45:00,14:45:10,stop_point:SP_1149,Brombach,25
2303216,14:47:00,14:47:10,stop_point:SP_3407,Hippodrome,26
2303216,14:48:00,14:48:10,stop_point:SP_639,Négogousses,27
2303216,14:51:00,14:51:10,stop_point:SP_1754,Arènes,28
2303217,14:37:00,14:37:10,stop_point:SP_1027,Plaisance Monestié,1
2303217,14:38:00,14:38:10,stop_point:SP_4802,Eglise Plaisance,2
2303217,14:39:00,14:39:10,stop_point:SP_4805,Rivière - Basse,3
2303217,14:40:00,14:40:10,stop_point:SP_4808,Prat Dessus,4
2303217,14:41:00,14:41:10,stop_point:SP_4804,Loti,5
2303217,14:43:00,14:43:10,stop_point:SP_4807,Tournefeuille Lycée,6
2303217,14:44:00,14:44:10,stop_point:SP_4841,Jean Gay,7
2303217,14:45:00,14:45:10,stop_point:SP_3834,Bordeneuve,8
2303217,14:46:00,14:46:10,stop_point:SP_1724,Collège Labitrie,9
2303217,14:47:00,14:47:10,stop_point:SP_2531,Alpilles,10
2303217,14:48:00,14:48:10,stop_point:SP_1488,Périgord,11
2303217,14:49:00,14:49:10,stop_point:SP_1091,St-Pierre,12
2303217,14:51:00,14:51:10,stop_point:SP_1551,Montel,13
2303217,14:52:00,14:52:10,stop_point:SP_1439,Tournefeuille Les Chênes,14
2303217,14:53:00,14:53:10,stop_point:SP_2889,Montjoie,15
2303217,14:54:00,14:54:10,stop_point:SP_4809,Ctre Cial Tournefeuille,16
2303217,14:55:00,14:55:10,stop_point:SP_2196,St-Exupéry,17
2303217,14:56:00,14:56:10,stop_point:SP_473,Briqueterie,18
2303217,14:57:00,14:57:10,stop_point:SP_2216,Montagné,19
2303217,14:59:00,14:59:10,stop_point:SP_1474,Lardenne,20
2303217,15:01:00,15:01:10,stop_point:SP_668,Eglise Lardenne,21
2303217,15:02:00,15:02:10,stop_point:SP_3700,Centre Aéré,22
2303217,15:03:00,15:03:10,stop_point:SP_1171,Tissié,23
2303217,15:05:00,15:05:10,stop_point:SP_1460,Pont Rocade,24
2303217,15:06:00,15:06:10,stop_point:SP_1149,Brombach,25
2303217,15:07:00,15:07:10,stop_point:SP_3407,Hippodrome,26
2303217,15:08:00,15:08:10,stop_point:SP_639,Négogousses,27
2303217,15:11:00,15:11:10,stop_point:SP_1754,Arènes,28
2303218,14:58:00,14:58:10,stop_point:SP_1027,Plaisance Monestié,1
2303218,14:59:00,14:59:10,stop_point:SP_4802,Eglise Plaisance,2
2303218,15:00:00,15:00:10,stop_point:SP_4805,Rivière - Basse,3
2303218,15:01:00,15:01:10,stop_point:SP_4808,Prat Dessus,4
2303218,15:02:00,15:02:10,stop_point:SP_4804,Loti,5
2303218,15:04:00,15:04:10,stop_point:SP_4807,Tournefeuille Lycée,6
2303218,15:05:00,15:05:10,stop_point:SP_4841,Jean Gay,7
2303218,15:06:00,15:06:10,stop_point:SP_3834,Bordeneuve,8
2303218,15:07:00,15:07:10,stop_point:SP_1724,Collège Labitrie,9
2303218,15:08:00,15:08:10,stop_point:SP_2531,Alpilles,10
2303218,15:09:00,15:09:10,stop_point:SP_1488,Périgord,11
2303218,15:10:00,15:10:10,stop_point:SP_1091,St-Pierre,12
2303218,15:12:00,15:12:10,stop_point:SP_1551,Montel,13
2303218,15:13:00,15:13:10,stop_point:SP_1439,Tournefeuille Les Chênes,14
2303218,15:14:00,15:14:10,stop_point:SP_2889,Montjoie,15
2303218,15:15:00,15:15:10,stop_point:SP_4809,Ctre Cial Tournefeuille,16
2303218,15:16:00,15:16:10,stop_point:SP_2196,St-Exupéry,17
2303218,15:17:00,15:17:10,stop_point:SP_473,Briqueterie,18
2303218,15:18:00,15:18:10,stop_point:SP_2216,Montagné,19
2303218,15:20:00,15:20:10,stop_point:SP_1474,Lardenne,20
2303218,15:22:00,15:22:10,stop_point:SP_668,Eglise Lardenne,21
2303218,15:23:00,15:23:10,stop_point:SP_3700,Centre Aéré,22
2303218,15:24:00,15:24:10,stop_point:SP_1171,Tissié,23
2303218,15:26:00,15:26:10,stop_point:SP_1460,Pont Rocade,24
2303218,15:27:00,15:27:10,stop_point:SP_1149,Brombach,25
2303218,15:28:00,15:28:10,stop_point:SP_3407,Hippodrome,26
2303218,15:29:00,15:29:10,stop_point:SP_639,Négogousses,27
2303218,15:32:00,15:32:10,stop_point:SP_1754,Arènes,28
2303219,15:19:00,15:19:10,stop_point:SP_1027,Plaisance Monestié,1
2303219,15:20:00,15:20:10,stop_point:SP_4802,Eglise Plaisance,2
2303219,15:21:00,15:21:10,stop_point:SP_4805,Rivière - Basse,3
2303219,15:22:00,15:22:10,stop_point:SP_4808,Prat Dessus,4
2303219,15:23:00,15:23:10,stop_point:SP_4804,Loti,5
2303219,15:25:00,15:25:10,stop_point:SP_4807,Tournefeuille Lycée,6
2303219,15:26:00,15:26:10,stop_point:SP_4841,Jean Gay,7
2303219,15:27:00,15:27:10,stop_point:SP_3834,Bordeneuve,8
2303219,15:28:00,15:28:10,stop_point:SP_1724,Collège Labitrie,9
2303219,15:29:00,15:29:10,stop_point:SP_2531,Alpilles,10
2303219,15:30:00,15:30:10,stop_point:SP_1488,Périgord,11
2303219,15:31:00,15:31:10,stop_point:SP_1091,St-Pierre,12
2303219,15:33:00,15:33:10,stop_point:SP_1551,Montel,13
2303219,15:34:00,15:34:10,stop_point:SP_1439,Tournefeuille Les Chênes,14
2303219,15:35:00,15:35:10,stop_point:SP_2889,Montjoie,15
2303219,15:36:00,15:36:10,stop_point:SP_4809,Ctre Cial Tournefeuille,16
2303219,15:37:00,15:37:10,stop_point:SP_2196,St-Exupéry,17
2303219,15:38:00,15:38:10,stop_point:SP_473,Briqueterie,18
2303219,15:39:00,15:39:10,stop_point:SP_2216,Montagné,19
2303219,15:41:00,15:41:10,stop_point:SP_1474,Lardenne,20
2303219,15:43:00,15:43:10,stop_point:SP_668,Eglise Lardenne,21
2303219,15:44:00,15:44:10,stop_point:SP_3700,Centre Aéré,22
2303219,15:45:00,15:45:10,stop_point:SP_1171,Tissié,23
2303219,15:47:00,15:47:10,stop_point:SP_1460,Pont Rocade,24
2303219,15:48:00,15:48:10,stop_point:SP_1149,Brombach,25
2303219,15:50:00,15:50:10,stop_point:SP_3407,Hippodrome,26
2303219,15:51:00,15:51:10,stop_point:SP_639,Négogousses,27
2303219,15:54:00,15:54:10,stop_point:SP_1754,Arènes,28
2303220,15:40:00,15:40:10,stop_point:SP_1027,Plaisance Monestié,1
2303220,15:41:00,15:41:10,stop_point:SP_4802,Eglise Plaisance,2
2303220,15:42:00,15:42:10,stop_point:SP_4805,Rivière - Basse,3
2303220,15:43:00,15:43:10,stop_point:SP_4808,Prat Dessus,4
2303220,15:44:00,15:44:10,stop_point:SP_4804,Loti,5
2303220,15:46:00,15:46:10,stop_point:SP_4807,Tournefeuille Lycée,6
2303220,15:47:00,15:47:10,stop_point:SP_4841,Jean Gay,7
2303220,15:48:00,15:48:10,stop_point:SP_3834,Bordeneuve,8
2303220,15:49:00,15:49:10,stop_point:SP_1724,Collège Labitrie,9
2303220,15:50:00,15:50:10,stop_point:SP_2531,Alpilles,10
2303220,15:51:00,15:51:10,stop_point:SP_1488,Périgord,11
2303220,15:52:00,15:52:10,stop_point:SP_1091,St-Pierre,12
2303220,15:54:00,15:54:10,stop_point:SP_1551,Montel,13
2303220,15:55:00,15:55:10,stop_point:SP_1439,Tournefeuille Les Chênes,14
2303220,15:56:00,15:56:10,stop_point:SP_2889,Montjoie,15
2303220,15:57:00,15:57:10,stop_point:SP_4809,Ctre Cial Tournefeuille,16
2303220,15:58:00,15:58:10,stop_point:SP_2196,St-Exupéry,17
2303220,16:00:00,16:00:10,stop_point:SP_473,Briqueterie,18
2303220,16:01:00,16:01:10,stop_point:SP_2216,Montagné,19
2303220,16:03:00,16:03:10,stop_point:SP_1474,Lardenne,20
2303220,16:05:00,16:05:10,stop_point:SP_668,Eglise Lardenne,21
2303220,16:06:00,16:06:10,stop_point:SP_3700,Centre Aéré,22
2303220,16:07:00,16:07:10,stop_point:SP_1171,Tissié,23
2303220,16:09:00,16:09:10,stop_point:SP_1460,Pont Rocade,24
2303220,16:10:00,16:10:10,stop_point:SP_1149,Brombach,25
2303220,16:12:00,16:12:10,stop_point:SP_3407,Hippodrome,26
2303220,16:13:00,16:13:10,stop_point:SP_639,Négogousses,27
2303220,16:16:00,16:16:10,stop_point:SP_1754,Arènes,28
2303221,16:01:00,16:01:10,stop_point:SP_1027,Plaisance Monestié,1
2303221,16:02:00,16:02:10,stop_point:SP_4802,Eglise Plaisance,2
2303221,16:03:00,16:03:10,stop_point:SP_4805,Rivière - Basse,3
2303221,16:04:00,16:04:10,stop_point:SP_4808,Prat Dessus,4
2303221,16:05:00,16:05:10,stop_point:SP_4804,Loti,5
2303221,16:07:00,16:07:10,stop_point:SP_4807,Tournefeuille Lycée,6
2303221,16:08:00,16:08:10,stop_point:SP_4841,Jean Gay,7
2303221,16:09:00,16:09:10,stop_point:SP_3834,Bordeneuve,8
2303221,16:10:00,16:10:10,stop_point:SP_1724,Collège Labitrie,9
2303221,16:11:00,16:11:10,stop_point:SP_2531,Alpilles,10
2303221,16:12:00,16:12:10,stop_point:SP_1488,Périgord,11
2303221,16:13:00,16:13:10,stop_point:SP_1091,St-Pierre,12
2303221,16:15:00,16:15:10,stop_point:SP_1551,Montel,13
2303221,16:16:00,16:16:10,stop_point:SP_1439,Tournefeuille Les Chênes,14
2303221,16:17:00,16:17:10,stop_point:SP_2889,Montjoie,15
2303221,16:18:00,16:18:10,stop_point:SP_4809,Ctre Cial Tournefeuille,16
2303221,16:19:00,16:19:10,stop_point:SP_2196,St-Exupéry,17
2303221,16:21:00,16:21:10,stop_point:SP_473,Briqueterie,18
2303221,16:22:00,16:22:10,stop_point:SP_2216,Montagné,19
2303221,16:24:00,16:24:10,stop_point:SP_1474,Lardenne,20
2303221,16:25:00,16:25:10,stop_point:SP_668,Eglise Lardenne,21
2303221,16:27:00,16:27:10,stop_point:SP_3700,Centre Aéré,22
2303221,16:28:00,16:28:10,stop_point:SP_1171,Tissié,23
2303221,16:29:00,16:29:10,stop_point:SP_1460,Pont Rocade,24
2303221,16:30:00,16:30:10,stop_point:SP_1149,Brombach,25
2303221,16:32:00,16:32:10,stop_point:SP_3407,Hippodrome,26
2303221,16:33:00,16:33:10,stop_point:SP_639,Négogousses,27
2303221,16:36:00,16:36:10,stop_point:SP_1754,Arènes,28
2303222,16:22:00,16:22:10,stop_point:SP_1027,Plaisance Monestié,1
2303222,16:23:00,16:23:10,stop_point:SP_4802,Eglise Plaisance,2
2303222,16:24:00,16:24:10,stop_point:SP_4805,Rivière - Basse,3
2303222,16:25:00,16:25:10,stop_point:SP_4808,Prat Dessus,4
2303222,16:26:00,16:26:10,stop_point:SP_4804,Loti,5
2303222,16:28:00,16:28:10,stop_point:SP_4807,Tournefeuille Lycée,6
2303222,16:29:00,16:29:10,stop_point:SP_4841,Jean Gay,7
2303222,16:30:00,16:30:10,stop_point:SP_3834,Bordeneuve,8
2303222,16:31:00,16:31:10,stop_point:SP_1724,Collège Labitrie,9
2303222,16:32:00,16:32:10,stop_point:SP_2531,Alpilles,10
2303222,16:33:00,16:33:10,stop_point:SP_1488,Périgord,11
2303222,16:34:00,16:34:10,stop_point:SP_1091,St-Pierre,12
2303222,16:36:00,16:36:10,stop_point:SP_1551,Montel,13
2303222,16:37:00,16:37:10,stop_point:SP_1439,Tournefeuille Les Chênes,14
2303222,16:38:00,16:38:10,stop_point:SP_2889,Montjoie,15
2303222,16:39:00,16:39:10,stop_point:SP_4809,Ctre Cial Tournefeuille,16
2303222,16:40:00,16:40:10,stop_point:SP_2196,St-Exupéry,17
2303222,16:42:00,16:42:10,stop_point:SP_473,Briqueterie,18
2303222,16:43:00,16:43:10,stop_point:SP_2216,Montagné,19
2303222,16:45:00,16:45:10,stop_point:SP_1474,Lardenne,20
2303222,16:46:00,16:46:10,stop_point:SP_668,Eglise Lardenne,21
2303222,16:48:00,16:48:10,stop_point:SP_3700,Centre Aéré,22
2303222,16:49:00,16:49:10,stop_point:SP_1171,Tissié,23
2303222,16:50:00,16:50:10,stop_point:SP_1460,Pont Rocade,24
2303222,16:51:00,16:51:10,stop_point:SP_1149,Brombach,25
2303222,16:52:00,16:52:10,stop_point:SP_3407,Hippodrome,26
2303222,16:53:00,16:53:10,stop_point:SP_639,Négogousses,27
2303222,16:56:00,16:56:10,stop_point:SP_1754,Arènes,28
2303223,16:43:00,16:43:10,stop_point:SP_1027,Plaisance Monestié,1
2303223,16:44:00,16:44:10,stop_point:SP_4802,Eglise Plaisance,2
2303223,16:45:00,16:45:10,stop_point:SP_4805,Rivière - Basse,3
2303223,16:46:00,16:46:10,stop_point:SP_4808,Prat Dessus,4
2303223,16:47:00,16:47:10,stop_point:SP_4804,Loti,5
2303223,16:49:00,16:49:10,stop_point:SP_4807,Tournefeuille Lycée,6
2303223,16:50:00,16:50:10,stop_point:SP_4841,Jean Gay,7
2303223,16:51:00,16:51:10,stop_point:SP_3834,Bordeneuve,8
2303223,16:52:00,16:52:10,stop_point:SP_1724,Collège Labitrie,9
2303223,16:53:00,16:53:10,stop_point:SP_2531,Alpilles,10
2303223,16:54:00,16:54:10,stop_point:SP_1488,Périgord,11
2303223,16:55:00,16:55:10,stop_point:SP_1091,St-Pierre,12
2303223,16:57:00,16:57:10,stop_point:SP_1551,Montel,13
2303223,16:58:00,16:58:10,stop_point:SP_1439,Tournefeuille Les Chênes,14
2303223,16:59:00,16:59:10,stop_point:SP_2889,Montjoie,15
2303223,17:00:00,17:00:10,stop_point:SP_4809,Ctre Cial Tournefeuille,16
2303223,17:01:00,17:01:10,stop_point:SP_2196,St-Exupéry,17
2303223,17:03:00,17:03:10,stop_point:SP_473,Briqueterie,18
2303223,17:04:00,17:04:10,stop_point:SP_2216,Montagné,19
2303223,17:06:00,17:06:10,stop_point:SP_1474,Lardenne,20
2303223,17:07:00,17:07:10,stop_point:SP_668,Eglise Lardenne,21
2303223,17:09:00,17:09:10,stop_point:SP_3700,Centre Aéré,22
2303223,17:10:00,17:10:10,stop_point:SP_1171,Tissié,23
2303223,17:11:00,17:11:10,stop_point:SP_1460,Pont Rocade,24
2303223,17:12:00,17:12:10,stop_point:SP_1149,Brombach,25
2303223,17:13:00,17:13:10,stop_point:SP_3407,Hippodrome,26
2303223,17:14:00,17:14:10,stop_point:SP_639,Négogousses,27
2303223,17:17:00,17:17:10,stop_point:SP_1754,Arènes,28
2303224,17:01:00,17:01:10,stop_point:SP_1027,Plaisance Monestié,1
2303224,17:02:00,17:02:10,stop_point:SP_4802,Eglise Plaisance,2
2303224,17:03:00,17:03:10,stop_point:SP_4805,Rivière - Basse,3
2303224,17:04:00,17:04:10,stop_point:SP_4808,Prat Dessus,4
2303224,17:05:00,17:05:10,stop_point:SP_4804,Loti,5
2303224,17:07:00,17:07:10,stop_point:SP_4807,Tournefeuille Lycée,6
2303224,17:08:00,17:08:10,stop_point:SP_4841,Jean Gay,7
2303224,17:09:00,17:09:10,stop_point:SP_3834,Bordeneuve,8
2303224,17:10:00,17:10:10,stop_point:SP_1724,Collège Labitrie,9
2303224,17:11:00,17:11:10,stop_point:SP_2531,Alpilles,10
2303224,17:12:00,17:12:10,stop_point:SP_1488,Périgord,11
2303224,17:13:00,17:13:10,stop_point:SP_1091,St-Pierre,12
2303224,17:14:00,17:14:10,stop_point:SP_1551,Montel,13
2303224,17:15:00,17:15:10,stop_point:SP_1439,Tournefeuille Les Chênes,14
2303224,17:16:00,17:16:10,stop_point:SP_2889,Montjoie,15
2303224,17:17:00,17:17:10,stop_point:SP_4809,Ctre Cial Tournefeuille,16
2303224,17:18:00,17:18:10,stop_point:SP_2196,St-Exupéry,17
2303224,17:20:00,17:20:10,stop_point:SP_473,Briqueterie,18
2303224,17:21:00,17:21:10,stop_point:SP_2216,Montagné,19
2303224,17:22:00,17:22:10,stop_point:SP_1474,Lardenne,20
2303224,17:23:00,17:23:10,stop_point:SP_668,Eglise Lardenne,21
2303224,17:25:00,17:25:10,stop_point:SP_3700,Centre Aéré,22
2303224,17:26:00,17:26:10,stop_point:SP_1171,Tissié,23
2303224,17:27:00,17:27:10,stop_point:SP_1460,Pont Rocade,24
2303224,17:28:00,17:28:10,stop_point:SP_1149,Brombach,25
2303224,17:29:00,17:29:10,stop_point:SP_3407,Hippodrome,26
2303224,17:30:00,17:30:10,stop_point:SP_639,Négogousses,27
2303224,17:33:00,17:33:10,stop_point:SP_1754,Arènes,28
2303225,17:19:00,17:19:10,stop_point:SP_1027,Plaisance Monestié,1
2303225,17:20:00,17:20:10,stop_point:SP_4802,Eglise Plaisance,2
2303225,17:21:00,17:21:10,stop_point:SP_4805,Rivière - Basse,3
2303225,17:22:00,17:22:10,stop_point:SP_4808,Prat Dessus,4
2303225,17:23:00,17:23:10,stop_point:SP_4804,Loti,5
2303225,17:25:00,17:25:10,stop_point:SP_4807,Tournefeuille Lycée,6
2303225,17:26:00,17:26:10,stop_point:SP_4841,Jean Gay,7
2303225,17:27:00,17:27:10,stop_point:SP_3834,Bordeneuve,8
2303225,17:28:00,17:28:10,stop_point:SP_1724,Collège Labitrie,9
2303225,17:29:00,17:29:10,stop_point:SP_2531,Alpilles,10
2303225,17:30:00,17:30:10,stop_point:SP_1488,Périgord,11
2303225,17:31:00,17:31:10,stop_point:SP_1091,St-Pierre,12
2303225,17:32:00,17:32:10,stop_point:SP_1551,Montel,13
2303225,17:33:00,17:33:10,stop_point:SP_1439,Tournefeuille Les Chênes,14
2303225,17:34:00,17:34:10,stop_point:SP_2889,Montjoie,15
2303225,17:35:00,17:35:10,stop_point:SP_4809,Ctre Cial Tournefeuille,16
2303225,17:36:00,17:36:10,stop_point:SP_2196,St-Exupéry,17
2303225,17:38:00,17:38:10,stop_point:SP_473,Briqueterie,18
2303225,17:39:00,17:39:10,stop_point:SP_2216,Montagné,19
2303225,17:41:00,17:41:10,stop_point:SP_1474,Lardenne,20
2303225,17:42:00,17:42:10,stop_point:SP_668,Eglise Lardenne,21
2303225,17:44:00,17:44:10,stop_point:SP_3700,Centre Aéré,22
2303225,17:45:00,17:45:10,stop_point:SP_1171,Tissié,23
2303225,17:46:00,17:46:10,stop_point:SP_1460,Pont Rocade,24
2303225,17:47:00,17:47:10,stop_point:SP_1149,Brombach,25
2303225,17:48:00,17:48:10,stop_point:SP_3407,Hippodrome,26
2303225,17:49:00,17:49:10,stop_point:SP_639,Négogousses,27
2303225,17:52:00,17:52:10,stop_point:SP_1754,Arènes,28
2303226,17:37:00,17:37:10,stop_point:SP_1027,Plaisance Monestié,1
2303226,17:38:00,17:38:10,stop_point:SP_4802,Eglise Plaisance,2
2303226,17:39:00,17:39:10,stop_point:SP_4805,Rivière - Basse,3
2303226,17:40:00,17:40:10,stop_point:SP_4808,Prat Dessus,4
2303226,17:41:00,17:41:10,stop_point:SP_4804,Loti,5
2303226,17:43:00,17:43:10,stop_point:SP_4807,Tournefeuille Lycée,6
2303226,17:44:00,17:44:10,stop_point:SP_4841,Jean Gay,7
2303226,17:45:00,17:45:10,stop_point:SP_3834,Bordeneuve,8
2303226,17:46:00,17:46:10,stop_point:SP_1724,Collège Labitrie,9
2303226,17:47:00,17:47:10,stop_point:SP_2531,Alpilles,10
2303226,17:48:00,17:48:10,stop_point:SP_1488,Périgord,11
2303226,17:49:00,17:49:10,stop_point:SP_1091,St-Pierre,12
2303226,17:50:00,17:50:10,stop_point:SP_1551,Montel,13
2303226,17:51:00,17:51:10,stop_point:SP_1439,Tournefeuille Les Chênes,14
2303226,17:52:00,17:52:10,stop_point:SP_2889,Montjoie,15
2303226,17:53:00,17:53:10,stop_point:SP_4809,Ctre Cial Tournefeuille,16
2303226,17:54:00,17:54:10,stop_point:SP_2196,St-Exupéry,17
2303226,17:56:00,17:56:10,stop_point:SP_473,Briqueterie,18
2303226,17:57:00,17:57:10,stop_point:SP_2216,Montagné,19
2303226,17:59:00,17:59:10,stop_point:SP_1474,Lardenne,20
2303226,18:00:00,18:00:10,stop_point:SP_668,Eglise Lardenne,21
2303226,18:02:00,18:02:10,stop_point:SP_3700,Centre Aéré,22
2303226,18:03:00,18:03:10,stop_point:SP_1171,Tissié,23
2303226,18:04:00,18:04:10,stop_point:SP_1460,Pont Rocade,24
2303226,18:05:00,18:05:10,stop_point:SP_1149,Brombach,25
2303226,18:07:00,18:07:10,stop_point:SP_3407,Hippodrome,26
2303226,18:08:00,18:08:10,stop_point:SP_639,Négogousses,27
2303226,18:11:00,18:11:10,stop_point:SP_1754,Arènes,28
2303227,17:55:00,17:55:10,stop_point:SP_1027,Plaisance Monestié,1
2303227,17:56:00,17:56:10,stop_point:SP_4802,Eglise Plaisance,2
2303227,17:57:00,17:57:10,stop_point:SP_4805,Rivière - Basse,3
2303227,17:58:00,17:58:10,stop_point:SP_4808,Prat Dessus,4
2303227,17:59:00,17:59:10,stop_point:SP_4804,Loti,5
2303227,18:01:00,18:01:10,stop_point:SP_4807,Tournefeuille Lycée,6
2303227,18:02:00,18:02:10,stop_point:SP_4841,Jean Gay,7
2303227,18:03:00,18:03:10,stop_point:SP_3834,Bordeneuve,8
2303227,18:04:00,18:04:10,stop_point:SP_1724,Collège Labitrie,9
2303227,18:05:00,18:05:10,stop_point:SP_2531,Alpilles,10
2303227,18:06:00,18:06:10,stop_point:SP_1488,Périgord,11
2303227,18:07:00,18:07:10,stop_point:SP_1091,St-Pierre,12
2303227,18:08:00,18:08:10,stop_point:SP_1551,Montel,13
2303227,18:09:00,18:09:10,stop_point:SP_1439,Tournefeuille Les Chênes,14
2303227,18:10:00,18:10:10,stop_point:SP_2889,Montjoie,15
2303227,18:11:00,18:11:10,stop_point:SP_4809,Ctre Cial Tournefeuille,16
2303227,18:12:00,18:12:10,stop_point:SP_2196,St-Exupéry,17
2303227,18:14:00,18:14:10,stop_point:SP_473,Briqueterie,18
2303227,18:15:00,18:15:10,stop_point:SP_2216,Montagné,19
2303227,18:17:00,18:17:10,stop_point:SP_1474,Lardenne,20
2303227,18:18:00,18:18:10,stop_point:SP_668,Eglise Lardenne,21
2303227,18:20:00,18:20:10,stop_point:SP_3700,Centre Aéré,22
2303227,18:21:00,18:21:10,stop_point:SP_1171,Tissié,23
2303227,18:22:00,18:22:10,stop_point:SP_1460,Pont Rocade,24
2303227,18:23:00,18:23:10,stop_point:SP_1149,Brombach,25
2303227,18:25:00,18:25:10,stop_point:SP_3407,Hippodrome,26
2303227,18:26:00,18:26:10,stop_point:SP_639,Négogousses,27
2303227,18:29:00,18:29:10,stop_point:SP_1754,Arènes,28
2303228,18:13:00,18:13:10,stop_point:SP_1027,Plaisance Monestié,1
2303228,18:14:00,18:14:10,stop_point:SP_4802,Eglise Plaisance,2
2303228,18:15:00,18:15:10,stop_point:SP_4805,Rivière - Basse,3
2303228,18:16:00,18:16:10,stop_point:SP_4808,Prat Dessus,4
2303228,18:17:00,18:17:10,stop_point:SP_4804,Loti,5
2303228,18:19:00,18:19:10,stop_point:SP_4807,Tournefeuille Lycée,6
2303228,18:20:00,18:20:10,stop_point:SP_4841,Jean Gay,7
2303228,18:21:00,18:21:10,stop_point:SP_3834,Bordeneuve,8
2303228,18:22:00,18:22:10,stop_point:SP_1724,Collège Labitrie,9
2303228,18:23:00,18:23:10,stop_point:SP_2531,Alpilles,10
2303228,18:24:00,18:24:10,stop_point:SP_1488,Périgord,11
2303228,18:25:00,18:25:10,stop_point:SP_1091,St-Pierre,12
2303228,18:26:00,18:26:10,stop_point:SP_1551,Montel,13
2303228,18:27:00,18:27:10,stop_point:SP_1439,Tournefeuille Les Chênes,14
2303228,18:28:00,18:28:10,stop_point:SP_2889,Montjoie,15
2303228,18:29:00,18:29:10,stop_point:SP_4809,Ctre Cial Tournefeuille,16
2303228,18:30:00,18:30:10,stop_point:SP_2196,St-Exupéry,17
2303228,18:32:00,18:32:10,stop_point:SP_473,Briqueterie,18
2303228,18:33:00,18:33:10,stop_point:SP_2216,Montagné,19
2303228,18:35:00,18:35:10,stop_point:SP_1474,Lardenne,20
2303228,18:36:00,18:36:10,stop_point:SP_668,Eglise Lardenne,21
2303228,18:38:00,18:38:10,stop_point:SP_3700,Centre Aéré,22
2303228,18:39:00,18:39:10,stop_point:SP_1171,Tissié,23
2303228,18:40:00,18:40:10,stop_point:SP_1460,Pont Rocade,24
2303228,18:41:00,18:41:10,stop_point:SP_1149,Brombach,25
2303228,18:43:00,18:43:10,stop_point:SP_3407,Hippodrome,26
2303228,18:44:00,18:44:10,stop_point:SP_639,Négogousses,27
2303228,18:47:00,18:47:10,stop_point:SP_1754,Arènes,28
2303229,18:31:00,18:31:10,stop_point:SP_1027,Plaisance Monestié,1
2303229,18:32:00,18:32:10,stop_point:SP_4802,Eglise Plaisance,2
2303229,18:33:00,18:33:10,stop_point:SP_4805,Rivière - Basse,3
2303229,18:34:00,18:34:10,stop_point:SP_4808,Prat Dessus,4
2303229,18:35:00,18:35:10,stop_point:SP_4804,Loti,5
2303229,18:37:00,18:37:10,stop_point:SP_4807,Tournefeuille Lycée,6
2303229,18:38:00,18:38:10,stop_point:SP_4841,Jean Gay,7
2303229,18:39:00,18:39:10,stop_point:SP_3834,Bordeneuve,8
2303229,18:40:00,18:40:10,stop_point:SP_1724,Collège Labitrie,9
2303229,18:41:00,18:41:10,stop_point:SP_2531,Alpilles,10
2303229,18:42:00,18:42:10,stop_point:SP_1488,Périgord,11
2303229,18:43:00,18:43:10,stop_point:SP_1091,St-Pierre,12
2303229,18:44:00,18:44:10,stop_point:SP_1551,Montel,13
2303229,18:45:00,18:45:10,stop_point:SP_1439,Tournefeuille Les Chênes,14
2303229,18:46:00,18:46:10,stop_point:SP_2889,Montjoie,15
2303229,18:47:00,18:47:10,stop_point:SP_4809,Ctre Cial Tournefeuille,16
2303229,18:48:00,18:48:10,stop_point:SP_2196,St-Exupéry,17
2303229,18:50:00,18:50:10,stop_point:SP_473,Briqueterie,18
2303229,18:51:00,18:51:10,stop_point:SP_2216,Montagné,19
2303229,18:53:00,18:53:10,stop_point:SP_1474,Lardenne,20
2303229,18:54:00,18:54:10,stop_point:SP_668,Eglise Lardenne,21
2303229,18:56:00,18:56:10,stop_point:SP_3700,Centre Aéré,22
2303229,18:57:00,18:57:10,stop_point:SP_1171,Tissié,23
2303229,18:58:00,18:58:10,stop_point:SP_1460,Pont Rocade,24
2303229,18:59:00,18:59:10,stop_point:SP_1149,Brombach,25
2303229,19:01:00,19:01:10,stop_point:SP_3407,Hippodrome,26
2303229,19:02:00,19:02:10,stop_point:SP_639,Négogousses,27
2303229,19:05:00,19:05:10,stop_point:SP_1754,Arènes,28
2303230,18:52:00,18:52:10,stop_point:SP_1027,Plaisance Monestié,1
2303230,18:53:00,18:53:10,stop_point:SP_4802,Eglise Plaisance,2
2303230,18:54:00,18:54:10,stop_point:SP_4805,Rivière - Basse,3
2303230,18:55:00,18:55:10,stop_point:SP_4808,Prat Dessus,4
2303230,18:56:00,18:56:10,stop_point:SP_4804,Loti,5
2303230,18:58:00,18:58:10,stop_point:SP_4807,Tournefeuille Lycée,6
2303230,18:59:00,18:59:10,stop_point:SP_4841,Jean Gay,7
2303230,19:00:00,19:00:10,stop_point:SP_3834,Bordeneuve,8
2303230,19:01:00,19:01:10,stop_point:SP_1724,Collège Labitrie,9
2303230,19:02:00,19:02:10,stop_point:SP_2531,Alpilles,10
2303230,19:03:00,19:03:10,stop_point:SP_1488,Périgord,11
2303230,19:04:00,19:04:10,stop_point:SP_1091,St-Pierre,12
2303230,19:05:00,19:05:10,stop_point:SP_1551,Montel,13
2303230,19:06:00,19:06:10,stop_point:SP_1439,Tournefeuille Les Chênes,14
2303230,19:07:00,19:07:10,stop_point:SP_2889,Montjoie,15
2303230,19:08:00,19:08:10,stop_point:SP_4809,Ctre Cial Tournefeuille,16
2303230,19:09:00,19:09:10,stop_point:SP_2196,St-Exupéry,17
2303230,19:11:00,19:11:10,stop_point:SP_473,Briqueterie,18
2303230,19:12:00,19:12:10,stop_point:SP_2216,Montagné,19
2303230,19:14:00,19:14:10,stop_point:SP_1474,Lardenne,20
2303230,19:15:00,19:15:10,stop_point:SP_668,Eglise Lardenne,21
2303230,19:17:00,19:17:10,stop_point:SP_3700,Centre Aéré,22
2303230,19:18:00,19:18:10,stop_point:SP_1171,Tissié,23
2303230,19:19:00,19:19:10,stop_point:SP_1460,Pont Rocade,24
2303230,19:20:00,19:20:10,stop_point:SP_1149,Brombach,25
2303230,19:22:00,19:22:10,stop_point:SP_3407,Hippodrome,26
2303230,19:23:00,19:23:10,stop_point:SP_639,Négogousses,27
2303230,19:26:00,19:26:10,stop_point:SP_1754,Arènes,28
2303231,19:13:00,19:13:10,stop_point:SP_1027,Plaisance Monestié,1
2303231,19:14:00,19:14:10,stop_point:SP_4802,Eglise Plaisance,2
2303231,19:15:00,19:15:10,stop_point:SP_4805,Rivière - Basse,3
2303231,19:16:00,19:16:10,stop_point:SP_4808,Prat Dessus,4
2303231,19:17:00,19:17:10,stop_point:SP_4804,Loti,5
2303231,19:19:00,19:19:10,stop_point:SP_4807,Tournefeuille Lycée,6
2303231,19:20:00,19:20:10,stop_point:SP_4841,Jean Gay,7
2303231,19:21:00,19:21:10,stop_point:SP_3834,Bordeneuve,8
2303231,19:21:00,19:21:10,stop_point:SP_1724,Collège Labitrie,9
2303231,19:22:00,19:22:10,stop_point:SP_2531,Alpilles,10
2303231,19:23:00,19:23:10,stop_point:SP_1488,Périgord,11
2303231,19:24:00,19:24:10,stop_point:SP_1091,St-Pierre,12
2303231,19:25:00,19:25:10,stop_point:SP_1551,Montel,13
2303231,19:26:00,19:26:10,stop_point:SP_1439,Tournefeuille Les Chênes,14
2303231,19:27:00,19:27:10,stop_point:SP_2889,Montjoie,15
2303231,19:28:00,19:28:10,stop_point:SP_4809,Ctre Cial Tournefeuille,16
2303231,19:29:00,19:29:10,stop_point:SP_2196,St-Exupéry,17
2303231,19:31:00,19:31:10,stop_point:SP_473,Briqueterie,18
2303231,19:32:00,19:32:10,stop_point:SP_2216,Montagné,19
2303231,19:33:00,19:33:10,stop_point:SP_1474,Lardenne,20
2303231,19:34:00,19:34:10,stop_point:SP_668,Eglise Lardenne,21
2303231,19:36:00,19:36:10,stop_point:SP_3700,Centre Aéré,22
2303231,19:37:00,19:37:10,stop_point:SP_1171,Tissié,23
2303231,19:38:00,19:38:10,stop_point:SP_1460,Pont Rocade,24
2303231,19:39:00,19:39:10,stop_point:SP_1149,Brombach,25
2303231,19:41:00,19:41:10,stop_point:SP_3407,Hippodrome,26
2303231,19:42:00,19:42:10,stop_point:SP_639,Négogousses,27
2303231,19:45:00,19:45:10,stop_point:SP_1754,Arènes,28
2303232,19:35:00,19:35:10,stop_point:SP_1027,Plaisance Monestié,1
2303232,19:36:00,19:36:10,stop_point:SP_4802,Eglise Plaisance,2
2303232,19:37:00,19:37:10,stop_point:SP_4805,Rivière - Basse,3
2303232,19:38:00,19:38:10,stop_point:SP_4808,Prat Dessus,4
2303232,19:39:00,19:39:10,stop_point:SP_4804,Loti,5
2303232,19:41:00,19:41:10,stop_point:SP_4807,Tournefeuille Lycée,6
2303232,19:42:00,19:42:10,stop_point:SP_4841,Jean Gay,7
2303232,19:43:00,19:43:10,stop_point:SP_3834,Bordeneuve,8
2303232,19:43:00,19:43:10,stop_point:SP_1724,Collège Labitrie,9
2303232,19:44:00,19:44:10,stop_point:SP_2531,Alpilles,10
2303232,19:45:00,19:45:10,stop_point:SP_1488,Périgord,11
2303232,19:46:00,19:46:10,stop_point:SP_1091,St-Pierre,12
2303232,19:47:00,19:47:10,stop_point:SP_1551,Montel,13
2303232,19:48:00,19:48:10,stop_point:SP_1439,Tournefeuille Les Chênes,14
2303232,19:49:00,19:49:10,stop_point:SP_2889,Montjoie,15
2303232,19:50:00,19:50:10,stop_point:SP_4809,Ctre Cial Tournefeuille,16
2303232,19:51:00,19:51:10,stop_point:SP_2196,St-Exupéry,17
2303232,19:53:00,19:53:10,stop_point:SP_473,Briqueterie,18
2303232,19:54:00,19:54:10,stop_point:SP_2216,Montagné,19
2303232,19:55:00,19:55:10,stop_point:SP_1474,Lardenne,20
2303232,19:56:00,19:56:10,stop_point:SP_668,Eglise Lardenne,21
2303232,19:58:00,19:58:10,stop_point:SP_3700,Centre Aéré,22
2303232,19:59:00,19:59:10,stop_point:SP_1171,Tissié,23
2303232,20:00:00,20:00:10,stop_point:SP_1460,Pont Rocade,24
2303232,20:01:00,20:01:10,stop_point:SP_1149,Brombach,25
2303232,20:02:00,20:02:10,stop_point:SP_3407,Hippodrome,26
2303232,20:03:00,20:03:10,stop_point:SP_639,Négogousses,27
2303232,20:06:00,20:06:10,stop_point:SP_1754,Arènes,28
2303233,19:57:00,19:57:10,stop_point:SP_1027,Plaisance Monestié,1
2303233,19:58:00,19:58:10,stop_point:SP_4802,Eglise Plaisance,2
2303233,19:59:00,19:59:10,stop_point:SP_4805,Rivière - Basse,3
2303233,20:00:00,20:00:10,stop_point:SP_4808,Prat Dessus,4
2303233,20:01:00,20:01:10,stop_point:SP_4804,Loti,5
2303233,20:03:00,20:03:10,stop_point:SP_4807,Tournefeuille Lycée,6
2303233,20:04:00,20:04:10,stop_point:SP_4841,Jean Gay,7
2303233,20:05:00,20:05:10,stop_point:SP_3834,Bordeneuve,8
2303233,20:05:00,20:05:10,stop_point:SP_1724,Collège Labitrie,9
2303233,20:06:00,20:06:10,stop_point:SP_2531,Alpilles,10
2303233,20:07:00,20:07:10,stop_point:SP_1488,Périgord,11
2303233,20:08:00,20:08:10,stop_point:SP_1091,St-Pierre,12
2303233,20:09:00,20:09:10,stop_point:SP_1551,Montel,13
2303233,20:10:00,20:10:10,stop_point:SP_1439,Tournefeuille Les Chênes,14
2303233,20:11:00,20:11:10,stop_point:SP_2889,Montjoie,15
2303233,20:12:00,20:12:10,stop_point:SP_4809,Ctre Cial Tournefeuille,16
2303233,20:13:00,20:13:10,stop_point:SP_2196,St-Exupéry,17
2303233,20:14:00,20:14:10,stop_point:SP_473,Briqueterie,18
2303233,20:15:00,20:15:10,stop_point:SP_2216,Montagné,19
2303233,20:16:00,20:16:10,stop_point:SP_1474,Lardenne,20
2303233,20:17:00,20:17:10,stop_point:SP_668,Eglise Lardenne,21
2303233,20:19:00,20:19:10,stop_point:SP_3700,Centre Aéré,22
2303233,20:20:00,20:20:10,stop_point:SP_1171,Tissié,23
2303233,20:21:00,20:21:10,stop_point:SP_1460,Pont Rocade,24
2303233,20:22:00,20:22:10,stop_point:SP_1149,Brombach,25
2303233,20:23:00,20:23:10,stop_point:SP_3407,Hippodrome,26
2303233,20:24:00,20:24:10,stop_point:SP_639,Négogousses,27
2303233,20:27:00,20:27:10,stop_point:SP_1754,Arènes,28
2303234,20:19:00,20:19:10,stop_point:SP_1027,Plaisance Monestié,1
2303234,20:20:00,20:20:10,stop_point:SP_4802,Eglise Plaisance,2
2303234,20:21:00,20:21:10,stop_point:SP_4805,Rivière - Basse,3
2303234,20:22:00,20:22:10,stop_point:SP_4808,Prat Dessus,4
2303234,20:23:00,20:23:10,stop_point:SP_4804,Loti,5
2303234,20:25:00,20:25:10,stop_point:SP_4807,Tournefeuille Lycée,6
2303234,20:26:00,20:26:10,stop_point:SP_4841,Jean Gay,7
2303234,20:27:00,20:27:10,stop_point:SP_3834,Bordeneuve,8
2303234,20:27:00,20:27:10,stop_point:SP_1724,Collège Labitrie,9
2303234,20:28:00,20:28:10,stop_point:SP_2531,Alpilles,10
2303234,20:29:00,20:29:10,stop_point:SP_1488,Périgord,11
2303234,20:30:00,20:30:10,stop_point:SP_1091,St-Pierre,12
2303234,20:31:00,20:31:10,stop_point:SP_1551,Montel,13
2303234,20:32:00,20:32:10,stop_point:SP_1439,Tournefeuille Les Chênes,14
2303234,20:33:00,20:33:10,stop_point:SP_2889,Montjoie,15
2303234,20:34:00,20:34:10,stop_point:SP_4809,Ctre Cial Tournefeuille,16
2303234,20:35:00,20:35:10,stop_point:SP_2196,St-Exupéry,17
2303234,20:36:00,20:36:10,stop_point:SP_473,Briqueterie,18
2303234,20:37:00,20:37:10,stop_point:SP_2216,Montagné,19
2303234,20:38:00,20:38:10,stop_point:SP_1474,Lardenne,20
2303234,20:39:00,20:39:10,stop_point:SP_668,Eglise Lardenne,21
2303234,20:40:00,20:40:10,stop_point:SP_3700,Centre Aéré,22
2303234,20:41:00,20:41:10,stop_point:SP_1171,Tissié,23
2303234,20:42:00,20:42:10,stop_point:SP_1460,Pont Rocade,24
2303234,20:43:00,20:43:10,stop_point:SP_1149,Brombach,25
2303234,20:44:00,20:44:10,stop_point:SP_3407,Hippodrome,26
2303234,20:45:00,20:45:10,stop_point:SP_639,Négogousses,27
2303234,20:48:00,20:48:10,stop_point:SP_1754,Arènes,28
2303235,20:44:00,20:44:10,stop_point:SP_1027,Plaisance Monestié,1
2303235,20:45:00,20:45:10,stop_point:SP_4802,Eglise Plaisance,2
2303235,20:46:00,20:46:10,stop_point:SP_4805,Rivière - Basse,3
2303235,20:46:00,20:46:10,stop_point:SP_4808,Prat Dessus,4
2303235,20:47:00,20:47:10,stop_point:SP_4804,Loti,5
2303235,20:49:00,20:49:10,stop_point:SP_4807,Tournefeuille Lycée,6
2303235,20:50:00,20:50:10,stop_point:SP_4841,Jean Gay,7
2303235,20:51:00,20:51:10,stop_point:SP_3834,Bordeneuve,8
2303235,20:51:00,20:51:10,stop_point:SP_1724,Collège Labitrie,9
2303235,20:52:00,20:52:10,stop_point:SP_2531,Alpilles,10
2303235,20:53:00,20:53:10,stop_point:SP_1488,Périgord,11
2303235,20:54:00,20:54:10,stop_point:SP_1091,St-Pierre,12
2303235,20:55:00,20:55:10,stop_point:SP_1551,Montel,13
2303235,20:56:00,20:56:10,stop_point:SP_1439,Tournefeuille Les Chênes,14
2303235,20:57:00,20:57:10,stop_point:SP_2889,Montjoie,15
2303235,20:58:00,20:58:10,stop_point:SP_4809,Ctre Cial Tournefeuille,16
2303235,20:59:00,20:59:10,stop_point:SP_2196,St-Exupéry,17
2303235,21:00:00,21:00:10,stop_point:SP_473,Briqueterie,18
2303235,21:01:00,21:01:10,stop_point:SP_2216,Montagné,19
2303235,21:02:00,21:02:10,stop_point:SP_1474,Lardenne,20
2303235,21:03:00,21:03:10,stop_point:SP_668,Eglise Lardenne,21
2303235,21:04:00,21:04:10,stop_point:SP_3700,Centre Aéré,22
2303235,21:05:00,21:05:10,stop_point:SP_1171,Tissié,23
2303235,21:06:00,21:06:10,stop_point:SP_1460,Pont Rocade,24
2303235,21:07:00,21:07:10,stop_point:SP_1149,Brombach,25
2303235,21:08:00,21:08:10,stop_point:SP_3407,Hippodrome,26
2303235,21:09:00,21:09:10,stop_point:SP_639,Négogousses,27
2303235,21:12:00,21:12:10,stop_point:SP_1754,Arènes,28
2303236,21:12:00,21:12:10,stop_point:SP_1027,Plaisance Monestié,1
2303236,21:13:00,21:13:10,stop_point:SP_4802,Eglise Plaisance,2
2303236,21:14:00,21:14:10,stop_point:SP_4805,Rivière - Basse,3
2303236,21:14:00,21:14:10,stop_point:SP_4808,Prat Dessus,4
2303236,21:15:00,21:15:10,stop_point:SP_4804,Loti,5
2303236,21:17:00,21:17:10,stop_point:SP_4807,Tournefeuille Lycée,6
2303236,21:18:00,21:18:10,stop_point:SP_4841,Jean Gay,7
2303236,21:19:00,21:19:10,stop_point:SP_3834,Bordeneuve,8
2303236,21:19:00,21:19:10,stop_point:SP_1724,Collège Labitrie,9
2303236,21:20:00,21:20:10,stop_point:SP_2531,Alpilles,10
2303236,21:21:00,21:21:10,stop_point:SP_1488,Périgord,11
2303236,21:22:00,21:22:10,stop_point:SP_1091,St-Pierre,12
2303236,21:23:00,21:23:10,stop_point:SP_1551,Montel,13
2303236,21:24:00,21:24:10,stop_point:SP_1439,Tournefeuille Les Chênes,14
2303236,21:25:00,21:25:10,stop_point:SP_2889,Montjoie,15
2303236,21:26:00,21:26:10,stop_point:SP_4809,Ctre Cial Tournefeuille,16
2303236,21:27:00,21:27:10,stop_point:SP_2196,St-Exupéry,17
2303236,21:28:00,21:28:10,stop_point:SP_473,Briqueterie,18
2303236,21:29:00,21:29:10,stop_point:SP_2216,Montagné,19
2303236,21:30:00,21:30:10,stop_point:SP_1474,Lardenne,20
2303236,21:31:00,21:31:10,stop_point:SP_668,Eglise Lardenne,21
2303236,21:32:00,21:32:10,stop_point:SP_3700,Centre Aéré,22
2303236,21:33:00,21:33:10,stop_point:SP_1171,Tissié,23
2303236,21:34:00,21:34:10,stop_point:SP_1460,Pont Rocade,24
2303236,21:35:00,21:35:10,stop_point:SP_1149,Brombach,25
2303236,21:36:00,21:36:10,stop_point:SP_3407,Hippodrome,26
2303236,21:37:00,21:37:10,stop_point:SP_639,Négogousses,27
2303236,21:40:00,21:40:10,stop_point:SP_1754,Arènes,28
2303237,21:40:00,21:40:10,stop_point:SP_1027,Plaisance Monestié,1
2303237,21:41:00,21:41:10,stop_point:SP_4802,Eglise Plaisance,2
2303237,21:42:00,21:42:10,stop_point:SP_4805,Rivière - Basse,3
2303237,21:42:00,21:42:10,stop_point:SP_4808,Prat Dessus,4
2303237,21:43:00,21:43:10,stop_point:SP_4804,Loti,5
2303237,21:45:00,21:45:10,stop_point:SP_4807,Tournefeuille Lycée,6
2303237,21:46:00,21:46:10,stop_point:SP_4841,Jean Gay,7
2303237,21:47:00,21:47:10,stop_point:SP_3834,Bordeneuve,8
2303237,21:47:00,21:47:10,stop_point:SP_1724,Collège Labitrie,9
2303237,21:48:00,21:48:10,stop_point:SP_2531,Alpilles,10
2303237,21:49:00,21:49:10,stop_point:SP_1488,Périgord,11
2303237,21:50:00,21:50:10,stop_point:SP_1091,St-Pierre,12
2303237,21:51:00,21:51:10,stop_point:SP_1551,Montel,13
2303237,21:52:00,21:52:10,stop_point:SP_1439,Tournefeuille Les Chênes,14
2303237,21:53:00,21:53:10,stop_point:SP_2889,Montjoie,15
2303237,21:54:00,21:54:10,stop_point:SP_4809,Ctre Cial Tournefeuille,16
2303237,21:55:00,21:55:10,stop_point:SP_2196,St-Exupéry,17
2303237,21:56:00,21:56:10,stop_point:SP_473,Briqueterie,18
2303237,21:57:00,21:57:10,stop_point:SP_2216,Montagné,19
2303237,21:58:00,21:58:10,stop_point:SP_1474,Lardenne,20
2303237,21:59:00,21:59:10,stop_point:SP_668,Eglise Lardenne,21
2303237,22:00:00,22:00:10,stop_point:SP_3700,Centre Aéré,22
2303237,22:01:00,22:01:10,stop_point:SP_1171,Tissié,23
2303237,22:02:00,22:02:10,stop_point:SP_1460,Pont Rocade,24
2303237,22:03:00,22:03:10,stop_point:SP_1149,Brombach,25
2303237,22:04:00,22:04:10,stop_point:SP_3407,Hippodrome,26
2303237,22:05:00,22:05:10,stop_point:SP_639,Négogousses,27
2303237,22:07:00,22:07:10,stop_point:SP_1754,Arènes,28
2303238,22:10:00,22:10:10,stop_point:SP_1027,Plaisance Monestié,1
2303238,22:11:00,22:11:10,stop_point:SP_4802,Eglise Plaisance,2
2303238,22:12:00,22:12:10,stop_point:SP_4805,Rivière - Basse,3
2303238,22:12:00,22:12:10,stop_point:SP_4808,Prat Dessus,4
2303238,22:13:00,22:13:10,stop_point:SP_4804,Loti,5
2303238,22:15:00,22:15:10,stop_point:SP_4807,Tournefeuille Lycée,6
2303238,22:16:00,22:16:10,stop_point:SP_4841,Jean Gay,7
2303238,22:17:00,22:17:10,stop_point:SP_3834,Bordeneuve,8
2303238,22:17:00,22:17:10,stop_point:SP_1724,Collège Labitrie,9
2303238,22:18:00,22:18:10,stop_point:SP_2531,Alpilles,10
2303238,22:19:00,22:19:10,stop_point:SP_1488,Périgord,11
2303238,22:20:00,22:20:10,stop_point:SP_1091,St-Pierre,12
2303238,22:21:00,22:21:10,stop_point:SP_1551,Montel,13
2303238,22:22:00,22:22:10,stop_point:SP_1439,Tournefeuille Les Chênes,14
2303238,22:23:00,22:23:10,stop_point:SP_2889,Montjoie,15
2303238,22:24:00,22:24:10,stop_point:SP_4809,Ctre Cial Tournefeuille,16
2303238,22:25:00,22:25:10,stop_point:SP_2196,St-Exupéry,17
2303238,22:26:00,22:26:10,stop_point:SP_473,Briqueterie,18
2303238,22:27:00,22:27:10,stop_point:SP_2216,Montagné,19
2303238,22:28:00,22:28:10,stop_point:SP_1474,Lardenne,20
2303238,22:29:00,22:29:10,stop_point:SP_668,Eglise Lardenne,21
2303238,22:30:00,22:30:10,stop_point:SP_3700,Centre Aéré,22
2303238,22:31:00,22:31:10,stop_point:SP_1171,Tissié,23
2303238,22:32:00,22:32:10,stop_point:SP_1460,Pont Rocade,24
2303238,22:33:00,22:33:10,stop_point:SP_1149,Brombach,25
2303238,22:34:00,22:34:10,stop_point:SP_3407,Hippodrome,26
2303238,22:35:00,22:35:10,stop_point:SP_639,Négogousses,27
2303238,22:37:00,22:37:10,stop_point:SP_1754,Arènes,28
2303239,22:40:00,22:40:10,stop_point:SP_1027,Plaisance Monestié,1
2303239,22:41:00,22:41:10,stop_point:SP_4802,Eglise Plaisance,2
2303239,22:42:00,22:42:10,stop_point:SP_4805,Rivière - Basse,3
2303239,22:42:00,22:42:10,stop_point:SP_4808,Prat Dessus,4
2303239,22:43:00,22:43:10,stop_point:SP_4804,Loti,5
2303239,22:45:00,22:45:10,stop_point:SP_4807,Tournefeuille Lycée,6
2303239,22:46:00,22:46:10,stop_point:SP_4841,Jean Gay,7
2303239,22:47:00,22:47:10,stop_point:SP_3834,Bordeneuve,8
2303239,22:47:00,22:47:10,stop_point:SP_1724,Collège Labitrie,9
2303239,22:48:00,22:48:10,stop_point:SP_2531,Alpilles,10
2303239,22:49:00,22:49:10,stop_point:SP_1488,Périgord,11
2303239,22:49:00,22:49:10,stop_point:SP_1091,St-Pierre,12
2303239,22:50:00,22:50:10,stop_point:SP_1551,Montel,13
2303239,22:51:00,22:51:10,stop_point:SP_1439,Tournefeuille Les Chênes,14
2303239,22:52:00,22:52:10,stop_point:SP_2889,Montjoie,15
2303239,22:53:00,22:53:10,stop_point:SP_4809,Ctre Cial Tournefeuille,16
2303239,22:54:00,22:54:10,stop_point:SP_2196,St-Exupéry,17
2303239,22:55:00,22:55:10,stop_point:SP_473,Briqueterie,18
2303239,22:56:00,22:56:10,stop_point:SP_2216,Montagné,19
2303239,22:57:00,22:57:10,stop_point:SP_1474,Lardenne,20
2303239,22:58:00,22:58:10,stop_point:SP_668,Eglise Lardenne,21
2303239,22:59:00,22:59:10,stop_point:SP_3700,Centre Aéré,22
2303239,23:00:00,23:00:10,stop_point:SP_1171,Tissié,23
2303239,23:01:00,23:01:10,stop_point:SP_1460,Pont Rocade,24
2303239,23:02:00,23:02:10,stop_point:SP_1149,Brombach,25
2303239,23:03:00,23:03:10,stop_point:SP_3407,Hippodrome,26
2303239,23:04:00,23:04:10,stop_point:SP_639,Négogousses,27
2303239,23:06:00,23:06:10,stop_point:SP_1754,Arènes,28
2303240,23:10:00,23:10:10,stop_point:SP_1027,Plaisance Monestié,1
2303240,23:11:00,23:11:10,stop_point:SP_4802,Eglise Plaisance,2
2303240,23:12:00,23:12:10,stop_point:SP_4805,Rivière - Basse,3
2303240,23:12:00,23:12:10,stop_point:SP_4808,Prat Dessus,4
2303240,23:13:00,23:13:10,stop_point:SP_4804,Loti,5
2303240,23:15:00,23:15:10,stop_point:SP_4807,Tournefeuille Lycée,6
2303240,23:16:00,23:16:10,stop_point:SP_4841,Jean Gay,7
2303240,23:17:00,23:17:10,stop_point:SP_3834,Bordeneuve,8
2303240,23:17:00,23:17:10,stop_point:SP_1724,Collège Labitrie,9
2303240,23:18:00,23:18:10,stop_point:SP_2531,Alpilles,10
2303240,23:19:00,23:19:10,stop_point:SP_1488,Périgord,11
2303240,23:19:00,23:19:10,stop_point:SP_1091,St-Pierre,12
2303240,23:20:00,23:20:10,stop_point:SP_1551,Montel,13
2303240,23:21:00,23:21:10,stop_point:SP_1439,Tournefeuille Les Chênes,14
2303240,23:22:00,23:22:10,stop_point:SP_2889,Montjoie,15
2303240,23:23:00,23:23:10,stop_point:SP_4809,Ctre Cial Tournefeuille,16
2303240,23:24:00,23:24:10,stop_point:SP_2196,St-Exupéry,17
2303240,23:25:00,23:25:10,stop_point:SP_473,Briqueterie,18
2303240,23:26:00,23:26:10,stop_point:SP_2216,Montagné,19
2303240,23:27:00,23:27:10,stop_point:SP_1474,Lardenne,20
2303240,23:28:00,23:28:10,stop_point:SP_668,Eglise Lardenne,21
2303240,23:29:00,23:29:10,stop_point:SP_3700,Centre Aéré,22
2303240,23:30:00,23:30:10,stop_point:SP_1171,Tissié,23
2303240,23:31:00,23:31:10,stop_point:SP_1460,Pont Rocade,24
2303240,23:32:00,23:32:10,stop_point:SP_1149,Brombach,25
2303240,23:33:00,23:33:10,stop_point:SP_3407,Hippodrome,26
2303240,23:34:00,23:34:10,stop_point:SP_639,Négogousses,27
2303240,23:36:00,23:36:10,stop_point:SP_1754,Arènes,28
2303241,23:40:00,23:40:10,stop_point:SP_1027,Plaisance Monestié,1
2303241,23:41:00,23:41:10,stop_point:SP_4802,Eglise Plaisance,2
2303241,23:42:00,23:42:10,stop_point:SP_4805,Rivière - Basse,3
2303241,23:42:00,23:42:10,stop_point:SP_4808,Prat Dessus,4
2303241,23:43:00,23:43:10,stop_point:SP_4804,Loti,5
2303241,23:45:00,23:45:10,stop_point:SP_4807,Tournefeuille Lycée,6
2303241,23:46:00,23:46:10,stop_point:SP_4841,Jean Gay,7
2303241,23:47:00,23:47:10,stop_point:SP_3834,Bordeneuve,8
2303241,23:47:00,23:47:10,stop_point:SP_1724,Collège Labitrie,9
2303241,23:48:00,23:48:10,stop_point:SP_2531,Alpilles,10
2303241,23:49:00,23:49:10,stop_point:SP_1488,Périgord,11
2303241,23:49:00,23:49:10,stop_point:SP_1091,St-Pierre,12
2303241,23:50:00,23:50:10,stop_point:SP_1551,Montel,13
2303241,23:51:00,23:51:10,stop_point:SP_1439,Tournefeuille Les Chênes,14
2303241,23:52:00,23:52:10,stop_point:SP_2889,Montjoie,15
2303241,23:53:00,23:53:10,stop_point:SP_4809,Ctre Cial Tournefeuille,16
2303241,23:54:00,23:54:10,stop_point:SP_2196,St-Exupéry,17
2303241,23:55:00,23:55:10,stop_point:SP_473,Briqueterie,18
2303241,23:55:00,23:55:10,stop_point:SP_2216,Montagné,19
2303241,23:56:00,23:56:10,stop_point:SP_1474,Lardenne,20
2303241,23:57:00,23:57:10,stop_point:SP_668,Eglise Lardenne,21
2303241,23:58:00,23:58:10,stop_point:SP_3700,Centre Aéré,22
2303241,23:59:00,23:59:10,stop_point:SP_1171,Tissié,23
2303241,24:00:00,24:00:10,stop_point:SP_1460,Pont Rocade,24
2303241,24:01:00,24:01:10,stop_point:SP_1149,Brombach,25
2303241,24:02:00,24:02:10,stop_point:SP_3407,Hippodrome,26
2303241,24:03:00,24:03:10,stop_point:SP_639,Négogousses,27
2303241,24:05:00,24:05:10,stop_point:SP_1754,Arènes,28
2303242,24:10:00,24:10:10,stop_point:SP_1027,Plaisance Monestié,1
2303242,24:11:00,24:11:10,stop_point:SP_4802,Eglise Plaisance,2
2303242,24:12:00,24:12:10,stop_point:SP_4805,Rivière - Basse,3
2303242,24:12:00,24:12:10,stop_point:SP_4808,Prat Dessus,4
2303242,24:13:00,24:13:10,stop_point:SP_4804,Loti,5
2303242,24:15:00,24:15:10,stop_point:SP_4807,Tournefeuille Lycée,6
2303242,24:15:00,24:15:10,stop_point:SP_4841,Jean Gay,7
2303242,24:16:00,24:16:10,stop_point:SP_3834,Bordeneuve,8
2303242,24:16:00,24:16:10,stop_point:SP_1724,Collège Labitrie,9
2303242,24:17:00,24:17:10,stop_point:SP_2531,Alpilles,10
2303242,24:18:00,24:18:10,stop_point:SP_1488,Périgord,11
2303242,24:18:00,24:18:10,stop_point:SP_1091,St-Pierre,12
2303242,24:19:00,24:19:10,stop_point:SP_1551,Montel,13
2303242,24:20:00,24:20:10,stop_point:SP_1439,Tournefeuille Les Chênes,14
2303242,24:21:00,24:21:10,stop_point:SP_2889,Montjoie,15
2303242,24:22:00,24:22:10,stop_point:SP_4809,Ctre Cial Tournefeuille,16
2303242,24:23:00,24:23:10,stop_point:SP_2196,St-Exupéry,17
2303242,24:24:00,24:24:10,stop_point:SP_473,Briqueterie,18
2303242,24:24:00,24:24:10,stop_point:SP_2216,Montagné,19
2303242,24:25:00,24:25:10,stop_point:SP_1474,Lardenne,20
2303242,24:26:00,24:26:10,stop_point:SP_668,Eglise Lardenne,21
2303242,24:27:00,24:27:10,stop_point:SP_3700,Centre Aéré,22
2303242,24:27:00,24:27:10,stop_point:SP_1171,Tissié,23
2303242,24:28:00,24:28:10,stop_point:SP_1460,Pont Rocade,24
2303242,24:29:00,24:29:10,stop_point:SP_1149,Brombach,25
2303242,24:30:00,24:30:10,stop_point:SP_3407,Hippodrome,26
2303242,24:31:00,24:31:10,stop_point:SP_639,Négogousses,27
2303242,24:33:00,24:33:10,stop_point:SP_1754,Arènes,28
2303243,24:40:00,24:40:10,stop_point:SP_1027,Plaisance Monestié,1
2303243,24:41:00,24:41:10,stop_point:SP_4802,Eglise Plaisance,2
2303243,24:42:00,24:42:10,stop_point:SP_4805,Rivière - Basse,3
2303243,24:42:00,24:42:10,stop_point:SP_4808,Prat Dessus,4
2303243,24:43:00,24:43:10,stop_point:SP_4804,Loti,5
2303243,24:45:00,24:45:10,stop_point:SP_4807,Tournefeuille Lycée,6
2303243,24:45:00,24:45:10,stop_point:SP_4841,Jean Gay,7
2303243,24:46:00,24:46:10,stop_point:SP_3834,Bordeneuve,8
2303243,24:46:00,24:46:10,stop_point:SP_1724,Collège Labitrie,9
2303243,24:47:00,24:47:10,stop_point:SP_2531,Alpilles,10
2303243,24:48:00,24:48:10,stop_point:SP_1488,Périgord,11
2303243,24:48:00,24:48:10,stop_point:SP_1091,St-Pierre,12
2303243,24:49:00,24:49:10,stop_point:SP_1551,Montel,13
2303243,24:50:00,24:50:10,stop_point:SP_1439,Tournefeuille Les Chênes,14
2303243,24:51:00,24:51:10,stop_point:SP_2889,Montjoie,15
2303243,24:51:00,24:51:10,stop_point:SP_4809,Ctre Cial Tournefeuille,16
2303243,24:52:00,24:52:10,stop_point:SP_2196,St-Exupéry,17
2303243,24:53:00,24:53:10,stop_point:SP_473,Briqueterie,18
2303243,24:53:00,24:53:10,stop_point:SP_2216,Montagné,19
2303243,24:54:00,24:54:10,stop_point:SP_1474,Lardenne,20
2303243,24:55:00,24:55:10,stop_point:SP_668,Eglise Lardenne,21
2303243,24:56:00,24:56:10,stop_point:SP_3700,Centre Aéré,22
2303243,24:56:00,24:56:10,stop_point:SP_1171,Tissié,23
2303243,24:57:00,24:57:10,stop_point:SP_1460,Pont Rocade,24
2303243,24:58:00,24:58:10,stop_point:SP_1149,Brombach,25
2303243,24:59:00,24:59:10,stop_point:SP_3407,Hippodrome,26
2303243,25:00:00,25:00:10,stop_point:SP_639,Négogousses,27
2303243,25:02:00,25:02:10,stop_point:SP_1754,Arènes,28
2303244,25:05:00,25:05:10,stop_point:SP_1027,Plaisance Monestié,1
2303244,25:06:00,25:06:10,stop_point:SP_4802,Eglise Plaisance,2
2303244,25:07:00,25:07:10,stop_point:SP_4805,Rivière - Basse,3
2303244,25:07:00,25:07:10,stop_point:SP_4808,Prat Dessus,4
2303244,25:08:00,25:08:10,stop_point:SP_4804,Loti,5
2303244,25:10:00,25:10:10,stop_point:SP_4807,Tournefeuille Lycée,6
2303244,25:10:00,25:10:10,stop_point:SP_4841,Jean Gay,7
2303244,25:11:00,25:11:10,stop_point:SP_3834,Bordeneuve,8
2303244,25:11:00,25:11:10,stop_point:SP_1724,Collège Labitrie,9
2303244,25:12:00,25:12:10,stop_point:SP_2531,Alpilles,10
2303244,25:13:00,25:13:10,stop_point:SP_1488,Périgord,11
2303244,25:13:00,25:13:10,stop_point:SP_1091,St-Pierre,12
2303244,25:14:00,25:14:10,stop_point:SP_1551,Montel,13
2303244,25:15:00,25:15:10,stop_point:SP_1439,Tournefeuille Les Chênes,14
2303244,25:16:00,25:16:10,stop_point:SP_2889,Montjoie,15
2303244,25:16:00,25:16:10,stop_point:SP_4809,Ctre Cial Tournefeuille,16
2303244,25:17:00,25:17:10,stop_point:SP_2196,St-Exupéry,17
2303244,25:18:00,25:18:10,stop_point:SP_473,Briqueterie,18
2303244,25:18:00,25:18:10,stop_point:SP_2216,Montagné,19
2303244,25:19:00,25:19:10,stop_point:SP_1474,Lardenne,20
2303244,25:20:00,25:20:10,stop_point:SP_668,Eglise Lardenne,21
2303244,25:21:00,25:21:10,stop_point:SP_3700,Centre Aéré,22
2303244,25:21:00,25:21:10,stop_point:SP_1171,Tissié,23
2303244,25:22:00,25:22:10,stop_point:SP_1460,Pont Rocade,24
2303244,25:23:00,25:23:10,stop_point:SP_1149,Brombach,25
2303244,25:24:00,25:24:10,stop_point:SP_3407,Hippodrome,26
2303244,25:25:00,25:25:10,stop_point:SP_639,Négogousses,27
2303244,25:27:00,25:27:10,stop_point:SP_1754,Arènes,28
2303245,06:25:00,06:25:10,stop_point:SP_1754,Arènes,1
2303245,06:27:00,06:27:10,stop_point:SP_2002,Négogousses,2
2303245,06:27:00,06:27:10,stop_point:SP_2956,Hippodrome,3
2303245,06:28:00,06:28:10,stop_point:SP_3162,Brombach,4
2303245,06:29:00,06:29:10,stop_point:SP_2467,Pont Rocade,5
2303245,06:30:00,06:30:10,stop_point:SP_2210,Tissié,6
2303245,06:31:00,06:31:10,stop_point:SP_3729,Centre Aéré,7
2303245,06:32:00,06:32:10,stop_point:SP_1532,Eglise Lardenne,8
2303245,06:33:00,06:33:10,stop_point:SP_1846,Lardenne,9
2303245,06:34:00,06:34:10,stop_point:SP_3237,Montagné,10
2303245,06:35:00,06:35:10,stop_point:SP_3657,Briqueterie,11
2303245,06:36:00,06:36:10,stop_point:SP_396,St-Exupéry,12
2303245,06:37:00,06:37:10,stop_point:SP_3872,Ctre Cial Tournefeuille,13
2303245,06:38:00,06:38:10,stop_point:SP_2193,Montjoie,14
2303245,06:39:00,06:39:10,stop_point:SP_414,Tournefeuille Les Chênes,15
2303245,06:40:00,06:40:10,stop_point:SP_2921,Montel,16
2303245,06:41:00,06:41:10,stop_point:SP_1531,St-Pierre,17
2303245,06:41:00,06:41:10,stop_point:SP_2627,Périgord,18
2303245,06:42:00,06:42:10,stop_point:SP_3433,Alpilles,19
2303245,06:43:00,06:43:10,stop_point:SP_2379,Collège Labitrie,20
2303245,06:43:00,06:43:10,stop_point:SP_3740,Bordeneuve,21
2303245,06:44:00,06:44:10,stop_point:SP_4840,Jean Gay,22
2303245,06:45:00,06:45:10,stop_point:SP_4093,Tournefeuille Lycée,23
2303245,06:47:00,06:47:10,stop_point:SP_4800,Loti,24
2303245,06:48:00,06:48:10,stop_point:SP_4806,Prat Dessus,25
2303245,06:49:00,06:49:10,stop_point:SP_4801,Rivière - Basse,26
2303245,06:50:00,06:50:10,stop_point:SP_4803,Eglise Plaisance,27
2303245,06:51:00,06:51:10,stop_point:SP_1027,Plaisance Monestié,28
2303246,07:00:00,07:00:10,stop_point:SP_1754,Arènes,1
2303246,07:02:00,07:02:10,stop_point:SP_2002,Négogousses,2
2303246,07:02:00,07:02:10,stop_point:SP_2956,Hippodrome,3
2303246,07:03:00,07:03:10,stop_point:SP_3162,Brombach,4
2303246,07:04:00,07:04:10,stop_point:SP_2467,Pont Rocade,5
2303246,07:05:00,07:05:10,stop_point:SP_2210,Tissié,6
2303246,07:06:00,07:06:10,stop_point:SP_3729,Centre Aéré,7
2303246,07:07:00,07:07:10,stop_point:SP_1532,Eglise Lardenne,8
2303246,07:08:00,07:08:10,stop_point:SP_1846,Lardenne,9
2303246,07:09:00,07:09:10,stop_point:SP_3237,Montagné,10
2303246,07:10:00,07:10:10,stop_point:SP_3657,Briqueterie,11
2303246,07:11:00,07:11:10,stop_point:SP_396,St-Exupéry,12
2303246,07:12:00,07:12:10,stop_point:SP_3872,Ctre Cial Tournefeuille,13
2303246,07:13:00,07:13:10,stop_point:SP_2193,Montjoie,14
2303246,07:14:00,07:14:10,stop_point:SP_414,Tournefeuille Les Chênes,15
2303246,07:15:00,07:15:10,stop_point:SP_2921,Montel,16
2303246,07:16:00,07:16:10,stop_point:SP_1531,St-Pierre,17
2303246,07:16:00,07:16:10,stop_point:SP_2627,Périgord,18
2303246,07:17:00,07:17:10,stop_point:SP_3433,Alpilles,19
2303246,07:18:00,07:18:10,stop_point:SP_2379,Collège Labitrie,20
2303246,07:18:00,07:18:10,stop_point:SP_3740,Bordeneuve,21
2303246,07:19:00,07:19:10,stop_point:SP_4840,Jean Gay,22
2303246,07:20:00,07:20:10,stop_point:SP_4093,Tournefeuille Lycée,23
2303246,07:22:00,07:22:10,stop_point:SP_4800,Loti,24
2303246,07:23:00,07:23:10,stop_point:SP_4806,Prat Dessus,25
2303246,07:24:00,07:24:10,stop_point:SP_4801,Rivière - Basse,26
2303246,07:25:00,07:25:10,stop_point:SP_4803,Eglise Plaisance,27
2303246,07:26:00,07:26:10,stop_point:SP_1027,Plaisance Monestié,28
2303247,07:35:00,07:35:10,stop_point:SP_1754,Arènes,1
2303247,07:37:00,07:37:10,stop_point:SP_2002,Négogousses,2
2303247,07:37:00,07:37:10,stop_point:SP_2956,Hippodrome,3
2303247,07:38:00,07:38:10,stop_point:SP_3162,Brombach,4
2303247,07:39:00,07:39:10,stop_point:SP_2467,Pont Rocade,5
2303247,07:40:00,07:40:10,stop_point:SP_2210,Tissié,6
2303247,07:41:00,07:41:10,stop_point:SP_3729,Centre Aéré,7
2303247,07:42:00,07:42:10,stop_point:SP_1532,Eglise Lardenne,8
2303247,07:43:00,07:43:10,stop_point:SP_1846,Lardenne,9
2303247,07:44:00,07:44:10,stop_point:SP_3237,Montagné,10
2303247,07:45:00,07:45:10,stop_point:SP_3657,Briqueterie,11
2303247,07:46:00,07:46:10,stop_point:SP_396,St-Exupéry,12
2303247,07:47:00,07:47:10,stop_point:SP_3872,Ctre Cial Tournefeuille,13
2303247,07:48:00,07:48:10,stop_point:SP_2193,Montjoie,14
2303247,07:49:00,07:49:10,stop_point:SP_414,Tournefeuille Les Chênes,15
2303247,07:50:00,07:50:10,stop_point:SP_2921,Montel,16
2303247,07:51:00,07:51:10,stop_point:SP_1531,St-Pierre,17
2303247,07:51:00,07:51:10,stop_point:SP_2627,Périgord,18
2303247,07:52:00,07:52:10,stop_point:SP_3433,Alpilles,19
2303247,07:53:00,07:53:10,stop_point:SP_2379,Collège Labitrie,20
2303247,07:53:00,07:53:10,stop_point:SP_3740,Bordeneuve,21
2303247,07:54:00,07:54:10,stop_point:SP_4840,Jean Gay,22
2303247,07:55:00,07:55:10,stop_point:SP_4093,Tournefeuille Lycée,23
2303247,07:57:00,07:57:10,stop_point:SP_4800,Loti,24
2303247,07:58:00,07:58:10,stop_point:SP_4806,Prat Dessus,25
2303247,07:59:00,07:59:10,stop_point:SP_4801,Rivière - Basse,26
2303247,08:00:00,08:00:10,stop_point:SP_4803,Eglise Plaisance,27
2303247,08:01:00,08:01:10,stop_point:SP_1027,Plaisance Monestié,28
2303248,08:05:00,08:05:10,stop_point:SP_1754,Arènes,1
2303248,08:07:00,08:07:10,stop_point:SP_2002,Négogousses,2
2303248,08:07:00,08:07:10,stop_point:SP_2956,Hippodrome,3
2303248,08:08:00,08:08:10,stop_point:SP_3162,Brombach,4
2303248,08:09:00,08:09:10,stop_point:SP_2467,Pont Rocade,5
2303248,08:10:00,08:10:10,stop_point:SP_2210,Tissié,6
2303248,08:11:00,08:11:10,stop_point:SP_3729,Centre Aéré,7
2303248,08:12:00,08:12:10,stop_point:SP_1532,Eglise Lardenne,8
2303248,08:13:00,08:13:10,stop_point:SP_1846,Lardenne,9
2303248,08:14:00,08:14:10,stop_point:SP_3237,Montagné,10
2303248,08:15:00,08:15:10,stop_point:SP_3657,Briqueterie,11
2303248,08:16:00,08:16:10,stop_point:SP_396,St-Exupéry,12
2303248,08:17:00,08:17:10,stop_point:SP_3872,Ctre Cial Tournefeuille,13
2303248,08:18:00,08:18:10,stop_point:SP_2193,Montjoie,14
2303248,08:19:00,08:19:10,stop_point:SP_414,Tournefeuille Les Chênes,15
2303248,08:20:00,08:20:10,stop_point:SP_2921,Montel,16
2303248,08:21:00,08:21:10,stop_point:SP_1531,St-Pierre,17
2303248,08:22:00,08:22:10,stop_point:SP_2627,Périgord,18
2303248,08:23:00,08:23:10,stop_point:SP_3433,Alpilles,19
2303248,08:24:00,08:24:10,stop_point:SP_2379,Collège Labitrie,20
2303248,08:24:00,08:24:10,stop_point:SP_3740,Bordeneuve,21
2303248,08:25:00,08:25:10,stop_point:SP_4840,Jean Gay,22
2303248,08:26:00,08:26:10,stop_point:SP_4093,Tournefeuille Lycée,23
2303248,08:28:00,08:28:10,stop_point:SP_4800,Loti,24
2303248,08:29:00,08:29:10,stop_point:SP_4806,Prat Dessus,25
2303248,08:30:00,08:30:10,stop_point:SP_4801,Rivière - Basse,26
2303248,08:31:00,08:31:10,stop_point:SP_4803,Eglise Plaisance,27
2303248,08:32:00,08:32:10,stop_point:SP_1027,Plaisance Monestié,28
2303249,08:35:00,08:35:10,stop_point:SP_1754,Arènes,1
2303249,08:37:00,08:37:10,stop_point:SP_2002,Négogousses,2
2303249,08:37:00,08:37:10,stop_point:SP_2956,Hippodrome,3
2303249,08:38:00,08:38:10,stop_point:SP_3162,Brombach,4
2303249,08:39:00,08:39:10,stop_point:SP_2467,Pont Rocade,5
2303249,08:40:00,08:40:10,stop_point:SP_2210,Tissié,6
2303249,08:41:00,08:41:10,stop_point:SP_3729,Centre Aéré,7
2303249,08:42:00,08:42:10,stop_point:SP_1532,Eglise Lardenne,8
2303249,08:43:00,08:43:10,stop_point:SP_1846,Lardenne,9
2303249,08:45:00,08:45:10,stop_point:SP_3237,Montagné,10
2303249,08:46:00,08:46:10,stop_point:SP_3657,Briqueterie,11
2303249,08:47:00,08:47:10,stop_point:SP_396,St-Exupéry,12
2303249,08:48:00,08:48:10,stop_point:SP_3872,Ctre Cial Tournefeuille,13
2303249,08:49:00,08:49:10,stop_point:SP_2193,Montjoie,14
2303249,08:50:00,08:50:10,stop_point:SP_414,Tournefeuille Les Chênes,15
2303249,08:51:00,08:51:10,stop_point:SP_2921,Montel,16
2303249,08:52:00,08:52:10,stop_point:SP_1531,St-Pierre,17
2303249,08:53:00,08:53:10,stop_point:SP_2627,Périgord,18
2303249,08:54:00,08:54:10,stop_point:SP_3433,Alpilles,19
2303249,08:55:00,08:55:10,stop_point:SP_2379,Collège Labitrie,20
2303249,08:55:00,08:55:10,stop_point:SP_3740,Bordeneuve,21
2303249,08:56:00,08:56:10,stop_point:SP_4840,Jean Gay,22
2303249,08:57:00,08:57:10,stop_point:SP_4093,Tournefeuille Lycée,23
2303249,08:59:00,08:59:10,stop_point:SP_4800,Loti,24
2303249,09:00:00,09:00:10,stop_point:SP_4806,Prat Dessus,25
2303249,09:01:00,09:01:10,stop_point:SP_4801,Rivière - Basse,26
2303249,09:02:00,09:02:10,stop_point:SP_4803,Eglise Plaisance,27
2303249,09:03:00,09:03:10,stop_point:SP_1027,Plaisance Monestié,28
2303250,09:05:00,09:05:10,stop_point:SP_1754,Arènes,1
2303250,09:07:00,09:07:10,stop_point:SP_2002,Négogousses,2
2303250,09:08:00,09:08:10,stop_point:SP_2956,Hippodrome,3
2303250,09:09:00,09:09:10,stop_point:SP_3162,Brombach,4
2303250,09:10:00,09:10:10,stop_point:SP_2467,Pont Rocade,5
2303250,09:11:00,09:11:10,stop_point:SP_2210,Tissié,6
2303250,09:12:00,09:12:10,stop_point:SP_3729,Centre Aéré,7
2303250,09:13:00,09:13:10,stop_point:SP_1532,Eglise Lardenne,8
2303250,09:14:00,09:14:10,stop_point:SP_1846,Lardenne,9
2303250,09:16:00,09:16:10,stop_point:SP_3237,Montagné,10
2303250,09:17:00,09:17:10,stop_point:SP_3657,Briqueterie,11
2303250,09:18:00,09:18:10,stop_point:SP_396,St-Exupéry,12
2303250,09:19:00,09:19:10,stop_point:SP_3872,Ctre Cial Tournefeuille,13
2303250,09:20:00,09:20:10,stop_point:SP_2193,Montjoie,14
2303250,09:21:00,09:21:10,stop_point:SP_414,Tournefeuille Les Chênes,15
2303250,09:22:00,09:22:10,stop_point:SP_2921,Montel,16
2303250,09:23:00,09:23:10,stop_point:SP_1531,St-Pierre,17
2303250,09:24:00,09:24:10,stop_point:SP_2627,Périgord,18
2303250,09:25:00,09:25:10,stop_point:SP_3433,Alpilles,19
2303250,09:26:00,09:26:10,stop_point:SP_2379,Collège Labitrie,20
2303250,09:26:00,09:26:10,stop_point:SP_3740,Bordeneuve,21
2303250,09:27:00,09:27:10,stop_point:SP_4840,Jean Gay,22
2303250,09:28:00,09:28:10,stop_point:SP_4093,Tournefeuille Lycée,23
2303250,09:30:00,09:30:10,stop_point:SP_4800,Loti,24
2303250,09:31:00,09:31:10,stop_point:SP_4806,Prat Dessus,25
2303250,09:32:00,09:32:10,stop_point:SP_4801,Rivière - Basse,26
2303250,09:33:00,09:33:10,stop_point:SP_4803,Eglise Plaisance,27
2303250,09:34:00,09:34:10,stop_point:SP_1027,Plaisance Monestié,28
2303251,09:35:00,09:35:10,stop_point:SP_1754,Arènes,1
2303251,09:37:00,09:37:10,stop_point:SP_2002,Négogousses,2
2303251,09:38:00,09:38:10,stop_point:SP_2956,Hippodrome,3
2303251,09:39:00,09:39:10,stop_point:SP_3162,Brombach,4
2303251,09:40:00,09:40:10,stop_point:SP_2467,Pont Rocade,5
2303251,09:41:00,09:41:10,stop_point:SP_2210,Tissié,6
2303251,09:42:00,09:42:10,stop_point:SP_3729,Centre Aéré,7
2303251,09:43:00,09:43:10,stop_point:SP_1532,Eglise Lardenne,8
2303251,09:44:00,09:44:10,stop_point:SP_1846,Lardenne,9
2303251,09:46:00,09:46:10,stop_point:SP_3237,Montagné,10
2303251,09:47:00,09:47:10,stop_point:SP_3657,Briqueterie,11
2303251,09:48:00,09:48:10,stop_point:SP_396,St-Exupéry,12
2303251,09:49:00,09:49:10,stop_point:SP_3872,Ctre Cial Tournefeuille,13
2303251,09:50:00,09:50:10,stop_point:SP_2193,Montjoie,14
2303251,09:51:00,09:51:10,stop_point:SP_414,Tournefeuille Les Chênes,15
2303251,09:52:00,09:52:10,stop_point:SP_2921,Montel,16
2303251,09:53:00,09:53:10,stop_point:SP_1531,St-Pierre,17
2303251,09:54:00,09:54:10,stop_point:SP_2627,Périgord,18
2303251,09:55:00,09:55:10,stop_point:SP_3433,Alpilles,19
2303251,09:56:00,09:56:10,stop_point:SP_2379,Collège Labitrie,20
2303251,09:56:00,09:56:10,stop_point:SP_3740,Bordeneuve,21
2303251,09:57:00,09:57:10,stop_point:SP_4840,Jean Gay,22
2303251,09:58:00,09:58:10,stop_point:SP_4093,Tournefeuille Lycée,23
2303251,10:00:00,10:00:10,stop_point:SP_4800,Loti,24
2303251,10:01:00,10:01:10,stop_point:SP_4806,Prat Dessus,25
2303251,10:02:00,10:02:10,stop_point:SP_4801,Rivière - Basse,26
2303251,10:03:00,10:03:10,stop_point:SP_4803,Eglise Plaisance,27
2303251,10:04:00,10:04:10,stop_point:SP_1027,Plaisance Monestié,28
2303252,10:05:00,10:05:10,stop_point:SP_1754,Arènes,1
2303252,10:07:00,10:07:10,stop_point:SP_2002,Négogousses,2
2303252,10:08:00,10:08:10,stop_point:SP_2956,Hippodrome,3
2303252,10:09:00,10:09:10,stop_point:SP_3162,Brombach,4
2303252,10:10:00,10:10:10,stop_point:SP_2467,Pont Rocade,5
2303252,10:11:00,10:11:10,stop_point:SP_2210,Tissié,6
2303252,10:12:00,10:12:10,stop_point:SP_3729,Centre Aéré,7
2303252,10:13:00,10:13:10,stop_point:SP_1532,Eglise Lardenne,8
2303252,10:14:00,10:14:10,stop_point:SP_1846,Lardenne,9
2303252,10:16:00,10:16:10,stop_point:SP_3237,Montagné,10
2303252,10:17:00,10:17:10,stop_point:SP_3657,Briqueterie,11
2303252,10:18:00,10:18:10,stop_point:SP_396,St-Exupéry,12
2303252,10:19:00,10:19:10,stop_point:SP_3872,Ctre Cial Tournefeuille,13
2303252,10:20:00,10:20:10,stop_point:SP_2193,Montjoie,14
2303252,10:21:00,10:21:10,stop_point:SP_414,Tournefeuille Les Chênes,15
2303252,10:22:00,10:22:10,stop_point:SP_2921,Montel,16
2303252,10:23:00,10:23:10,stop_point:SP_1531,St-Pierre,17
2303252,10:24:00,10:24:10,stop_point:SP_2627,Périgord,18
2303252,10:25:00,10:25:10,stop_point:SP_3433,Alpilles,19
2303252,10:26:00,10:26:10,stop_point:SP_2379,Collège Labitrie,20
2303252,10:27:00,10:27:10,stop_point:SP_3740,Bordeneuve,21
2303252,10:28:00,10:28:10,stop_point:SP_4840,Jean Gay,22
2303252,10:29:00,10:29:10,stop_point:SP_4093,Tournefeuille Lycée,23
2303252,10:31:00,10:31:10,stop_point:SP_4800,Loti,24
2303252,10:32:00,10:32:10,stop_point:SP_4806,Prat Dessus,25
2303252,10:33:00,10:33:10,stop_point:SP_4801,Rivière - Basse,26
2303252,10:34:00,10:34:10,stop_point:SP_4803,Eglise Plaisance,27
2303252,10:35:00,10:35:10,stop_point:SP_1027,Plaisance Monestié,28
2303253,10:35:00,10:35:10,stop_point:SP_1754,Arènes,1
2303253,10:37:00,10:37:10,stop_point:SP_2002,Négogousses,2
2303253,10:38:00,10:38:10,stop_point:SP_2956,Hippodrome,3
2303253,10:39:00,10:39:10,stop_point:SP_3162,Brombach,4
2303253,10:40:00,10:40:10,stop_point:SP_2467,Pont Rocade,5
2303253,10:41:00,10:41:10,stop_point:SP_2210,Tissié,6
2303253,10:42:00,10:42:10,stop_point:SP_3729,Centre Aéré,7
2303253,10:43:00,10:43:10,stop_point:SP_1532,Eglise Lardenne,8
2303253,10:44:00,10:44:10,stop_point:SP_1846,Lardenne,9
2303253,10:46:00,10:46:10,stop_point:SP_3237,Montagné,10
2303253,10:47:00,10:47:10,stop_point:SP_3657,Briqueterie,11
2303253,10:48:00,10:48:10,stop_point:SP_396,St-Exupéry,12
2303253,10:49:00,10:49:10,stop_point:SP_3872,Ctre Cial Tournefeuille,13
2303253,10:50:00,10:50:10,stop_point:SP_2193,Montjoie,14
2303253,10:51:00,10:51:10,stop_point:SP_414,Tournefeuille Les Chênes,15
2303253,10:52:00,10:52:10,stop_point:SP_2921,Montel,16
2303253,10:53:00,10:53:10,stop_point:SP_1531,St-Pierre,17
2303253,10:54:00,10:54:10,stop_point:SP_2627,Périgord,18
2303253,10:55:00,10:55:10,stop_point:SP_3433,Alpilles,19
2303253,10:56:00,10:56:10,stop_point:SP_2379,Collège Labitrie,20
2303253,10:57:00,10:57:10,stop_point:SP_3740,Bordeneuve,21
2303253,10:58:00,10:58:10,stop_point:SP_4840,Jean Gay,22
2303253,10:59:00,10:59:10,stop_point:SP_4093,Tournefeuille Lycée,23
2303253,11:01:00,11:01:10,stop_point:SP_4800,Loti,24
2303253,11:02:00,11:02:10,stop_point:SP_4806,Prat Dessus,25
2303253,11:03:00,11:03:10,stop_point:SP_4801,Rivière - Basse,26
2303253,11:04:00,11:04:10,stop_point:SP_4803,Eglise Plaisance,27
2303253,11:05:00,11:05:10,stop_point:SP_1027,Plaisance Monestié,28
2303254,11:05:00,11:05:10,stop_point:SP_1754,Arènes,1
2303254,11:07:00,11:07:10,stop_point:SP_2002,Négogousses,2
2303254,11:08:00,11:08:10,stop_point:SP_2956,Hippodrome,3
2303254,11:09:00,11:09:10,stop_point:SP_3162,Brombach,4
2303254,11:10:00,11:10:10,stop_point:SP_2467,Pont Rocade,5
2303254,11:11:00,11:11:10,stop_point:SP_2210,Tissié,6
2303254,11:12:00,11:12:10,stop_point:SP_3729,Centre Aéré,7
2303254,11:13:00,11:13:10,stop_point:SP_1532,Eglise Lardenne,8
2303254,11:14:00,11:14:10,stop_point:SP_1846,Lardenne,9
2303254,11:16:00,11:16:10,stop_point:SP_3237,Montagné,10
2303254,11:17:00,11:17:10,stop_point:SP_3657,Briqueterie,11
2303254,11:18:00,11:18:10,stop_point:SP_396,St-Exupéry,12
2303254,11:19:00,11:19:10,stop_point:SP_3872,Ctre Cial Tournefeuille,13
2303254,11:20:00,11:20:10,stop_point:SP_2193,Montjoie,14
2303254,11:21:00,11:21:10,stop_point:SP_414,Tournefeuille Les Chênes,15
2303254,11:22:00,11:22:10,stop_point:SP_2921,Montel,16
2303254,11:23:00,11:23:10,stop_point:SP_1531,St-Pierre,17
2303254,11:24:00,11:24:10,stop_point:SP_2627,Périgord,18
2303254,11:25:00,11:25:10,stop_point:SP_3433,Alpilles,19
2303254,11:26:00,11:26:10,stop_point:SP_2379,Collège Labitrie,20
2303254,11:27:00,11:27:10,stop_point:SP_3740,Bordeneuve,21
2303254,11:28:00,11:28:10,stop_point:SP_4840,Jean Gay,22
2303254,11:29:00,11:29:10,stop_point:SP_4093,Tournefeuille Lycée,23
2303254,11:31:00,11:31:10,stop_point:SP_4800,Loti,24
2303254,11:32:00,11:32:10,stop_point:SP_4806,Prat Dessus,25
2303254,11:33:00,11:33:10,stop_point:SP_4801,Rivière - Basse,26
2303254,11:34:00,11:34:10,stop_point:SP_4803,Eglise Plaisance,27
2303254,11:35:00,11:35:10,stop_point:SP_1027,Plaisance Monestié,28
2303255,11:35:00,11:35:10,stop_point:SP_1754,Arènes,1
2303255,11:37:00,11:37:10,stop_point:SP_2002,Négogousses,2
2303255,11:38:00,11:38:10,stop_point:SP_2956,Hippodrome,3
2303255,11:39:00,11:39:10,stop_point:SP_3162,Brombach,4
2303255,11:40:00,11:40:10,stop_point:SP_2467,Pont Rocade,5
2303255,11:41:00,11:41:10,stop_point:SP_2210,Tissié,6
2303255,11:42:00,11:42:10,stop_point:SP_3729,Centre Aéré,7
2303255,11:43:00,11:43:10,stop_point:SP_1532,Eglise Lardenne,8
2303255,11:44:00,11:44:10,stop_point:SP_1846,Lardenne,9
2303255,11:46:00,11:46:10,stop_point:SP_3237,Montagné,10
2303255,11:47:00,11:47:10,stop_point:SP_3657,Briqueterie,11
2303255,11:48:00,11:48:10,stop_point:SP_396,St-Exupéry,12
2303255,11:49:00,11:49:10,stop_point:SP_3872,Ctre Cial Tournefeuille,13
2303255,11:50:00,11:50:10,stop_point:SP_2193,Montjoie,14
2303255,11:51:00,11:51:10,stop_point:SP_414,Tournefeuille Les Chênes,15
2303255,11:52:00,11:52:10,stop_point:SP_2921,Montel,16
2303255,11:53:00,11:53:10,stop_point:SP_1531,St-Pierre,17
2303255,11:54:00,11:54:10,stop_point:SP_2627,Périgord,18
2303255,11:55:00,11:55:10,stop_point:SP_3433,Alpilles,19
2303255,11:56:00,11:56:10,stop_point:SP_2379,Collège Labitrie,20
2303255,11:57:00,11:57:10,stop_point:SP_3740,Bordeneuve,21
2303255,11:58:00,11:58:10,stop_point:SP_4840,Jean Gay,22
2303255,11:59:00,11:59:10,stop_point:SP_4093,Tournefeuille Lycée,23
2303255,12:01:00,12:01:10,stop_point:SP_4800,Loti,24
2303255,12:02:00,12:02:10,stop_point:SP_4806,Prat Dessus,25
2303255,12:03:00,12:03:10,stop_point:SP_4801,Rivière - Basse,26
2303255,12:04:00,12:04:10,stop_point:SP_4803,Eglise Plaisance,27
2303255,12:06:00,12:06:10,stop_point:SP_1027,Plaisance Monestié,28
2303256,12:05:00,12:05:10,stop_point:SP_1754,Arènes,1
2303256,12:07:00,12:07:10,stop_point:SP_2002,Négogousses,2
2303256,12:08:00,12:08:10,stop_point:SP_2956,Hippodrome,3
2303256,12:09:00,12:09:10,stop_point:SP_3162,Brombach,4
2303256,12:10:00,12:10:10,stop_point:SP_2467,Pont Rocade,5
2303256,12:11:00,12:11:10,stop_point:SP_2210,Tissié,6
2303256,12:12:00,12:12:10,stop_point:SP_3729,Centre Aéré,7
2303256,12:13:00,12:13:10,stop_point:SP_1532,Eglise Lardenne,8
2303256,12:14:00,12:14:10,stop_point:SP_1846,Lardenne,9
2303256,12:16:00,12:16:10,stop_point:SP_3237,Montagné,10
2303256,12:17:00,12:17:10,stop_point:SP_3657,Briqueterie,11
2303256,12:18:00,12:18:10,stop_point:SP_396,St-Exupéry,12
2303256,12:19:00,12:19:10,stop_point:SP_3872,Ctre Cial Tournefeuille,13
2303256,12:20:00,12:20:10,stop_point:SP_2193,Montjoie,14
2303256,12:21:00,12:21:10,stop_point:SP_414,Tournefeuille Les Chênes,15
2303256,12:22:00,12:22:10,stop_point:SP_2921,Montel,16
2303256,12:23:00,12:23:10,stop_point:SP_1531,St-Pierre,17
2303256,12:24:00,12:24:10,stop_point:SP_2627,Périgord,18
2303256,12:25:00,12:25:10,stop_point:SP_3433,Alpilles,19
2303256,12:26:00,12:26:10,stop_point:SP_2379,Collège Labitrie,20
2303256,12:27:00,12:27:10,stop_point:SP_3740,Bordeneuve,21
2303256,12:28:00,12:28:10,stop_point:SP_4840,Jean Gay,22
2303256,12:29:00,12:29:10,stop_point:SP_4093,Tournefeuille Lycée,23
2303256,12:31:00,12:31:10,stop_point:SP_4800,Loti,24
2303256,12:32:00,12:32:10,stop_point:SP_4806,Prat Dessus,25
2303256,12:33:00,12:33:10,stop_point:SP_4801,Rivière - Basse,26
2303256,12:34:00,12:34:10,stop_point:SP_4803,Eglise Plaisance,27
2303256,12:36:00,12:36:10,stop_point:SP_1027,Plaisance Monestié,28
2303257,12:35:00,12:35:10,stop_point:SP_1754,Arènes,1
2303257,12:37:00,12:37:10,stop_point:SP_2002,Négogousses,2
2303257,12:38:00,12:38:10,stop_point:SP_2956,Hippodrome,3
2303257,12:39:00,12:39:10,stop_point:SP_3162,Brombach,4
2303257,12:40:00,12:40:10,stop_point:SP_2467,Pont Rocade,5
2303257,12:41:00,12:41:10,stop_point:SP_2210,Tissié,6
2303257,12:42:00,12:42:10,stop_point:SP_3729,Centre Aéré,7
2303257,12:43:00,12:43:10,stop_point:SP_1532,Eglise Lardenne,8
2303257,12:44:00,12:44:10,stop_point:SP_1846,Lardenne,9
2303257,12:46:00,12:46:10,stop_point:SP_3237,Montagné,10
2303257,12:47:00,12:47:10,stop_point:SP_3657,Briqueterie,11
2303257,12:48:00,12:48:10,stop_point:SP_396,St-Exupéry,12
2303257,12:49:00,12:49:10,stop_point:SP_3872,Ctre Cial Tournefeuille,13
2303257,12:50:00,12:50:10,stop_point:SP_2193,Montjoie,14
2303257,12:51:00,12:51:10,stop_point:SP_414,Tournefeuille Les Chênes,15
2303257,12:52:00,12:52:10,stop_point:SP_2921,Montel,16
2303257,12:53:00,12:53:10,stop_point:SP_1531,St-Pierre,17
2303257,12:54:00,12:54:10,stop_point:SP_2627,Périgord,18
2303257,12:55:00,12:55:10,stop_point:SP_3433,Alpilles,19
2303257,12:56:00,12:56:10,stop_point:SP_2379,Collège Labitrie,20
2303257,12:57:00,12:57:10,stop_point:SP_3740,Bordeneuve,21
2303257,12:58:00,12:58:10,stop_point:SP_4840,Jean Gay,22
2303257,12:59:00,12:59:10,stop_point:SP_4093,Tournefeuille Lycée,23
2303257,13:01:00,13:01:10,stop_point:SP_4800,Loti,24
2303257,13:02:00,13:02:10,stop_point:SP_4806,Prat Dessus,25
2303257,13:03:00,13:03:10,stop_point:SP_4801,Rivière - Basse,26
2303257,13:04:00,13:04:10,stop_point:SP_4803,Eglise Plaisance,27
2303257,13:06:00,13:06:10,stop_point:SP_1027,Plaisance Monestié,28
2303258,13:05:00,13:05:10,stop_point:SP_1754,Arènes,1
2303258,13:07:00,13:07:10,stop_point:SP_2002,Négogousses,2
2303258,13:08:00,13:08:10,stop_point:SP_2956,Hippodrome,3
2303258,13:09:00,13:09:10,stop_point:SP_3162,Brombach,4
2303258,13:10:00,13:10:10,stop_point:SP_2467,Pont Rocade,5
2303258,13:12:00,13:12:10,stop_point:SP_2210,Tissié,6
2303258,13:13:00,13:13:10,stop_point:SP_3729,Centre Aéré,7
2303258,13:14:00,13:14:10,stop_point:SP_1532,Eglise Lardenne,8
2303258,13:15:00,13:15:10,stop_point:SP_1846,Lardenne,9
2303258,13:17:00,13:17:10,stop_point:SP_3237,Montagné,10
2303258,13:18:00,13:18:10,stop_point:SP_3657,Briqueterie,11
2303258,13:19:00,13:19:10,stop_point:SP_396,St-Exupéry,12
2303258,13:20:00,13:20:10,stop_point:SP_3872,Ctre Cial Tournefeuille,13
2303258,13:21:00,13:21:10,stop_point:SP_2193,Montjoie,14
2303258,13:22:00,13:22:10,stop_point:SP_414,Tournefeuille Les Chênes,15
2303258,13:23:00,13:23:10,stop_point:SP_2921,Montel,16
2303258,13:24:00,13:24:10,stop_point:SP_1531,St-Pierre,17
2303258,13:24:00,13:24:10,stop_point:SP_2627,Périgord,18
2303258,13:25:00,13:25:10,stop_point:SP_3433,Alpilles,19
2303258,13:26:00,13:26:10,stop_point:SP_2379,Collège Labitrie,20
2303258,13:27:00,13:27:10,stop_point:SP_3740,Bordeneuve,21
2303258,13:28:00,13:28:10,stop_point:SP_4840,Jean Gay,22
2303258,13:29:00,13:29:10,stop_point:SP_4093,Tournefeuille Lycée,23
2303258,13:31:00,13:31:10,stop_point:SP_4800,Loti,24
2303258,13:32:00,13:32:10,stop_point:SP_4806,Prat Dessus,25
2303258,13:33:00,13:33:10,stop_point:SP_4801,Rivière - Basse,26
2303258,13:34:00,13:34:10,stop_point:SP_4803,Eglise Plaisance,27
2303258,13:35:00,13:35:10,stop_point:SP_1027,Plaisance Monestié,28
2303259,13:35:00,13:35:10,stop_point:SP_1754,Arènes,1
2303259,13:37:00,13:37:10,stop_point:SP_2002,Négogousses,2
2303259,13:38:00,13:38:10,stop_point:SP_2956,Hippodrome,3
2303259,13:39:00,13:39:10,stop_point:SP_3162,Brombach,4
2303259,13:40:00,13:40:10,stop_point:SP_2467,Pont Rocade,5
2303259,13:42:00,13:42:10,stop_point:SP_2210,Tissié,6
2303259,13:43:00,13:43:10,stop_point:SP_3729,Centre Aéré,7
2303259,13:44:00,13:44:10,stop_point:SP_1532,Eglise Lardenne,8
2303259,13:45:00,13:45:10,stop_point:SP_1846,Lardenne,9
2303259,13:47:00,13:47:10,stop_point:SP_3237,Montagné,10
2303259,13:48:00,13:48:10,stop_point:SP_3657,Briqueterie,11
2303259,13:49:00,13:49:10,stop_point:SP_396,St-Exupéry,12
2303259,13:50:00,13:50:10,stop_point:SP_3872,Ctre Cial Tournefeuille,13
2303259,13:51:00,13:51:10,stop_point:SP_2193,Montjoie,14
2303259,13:53:00,13:53:10,stop_point:SP_414,Tournefeuille Les Chênes,15
2303259,13:54:00,13:54:10,stop_point:SP_2921,Montel,16
2303259,13:55:00,13:55:10,stop_point:SP_1531,St-Pierre,17
2303259,13:55:00,13:55:10,stop_point:SP_2627,Périgord,18
2303259,13:56:00,13:56:10,stop_point:SP_3433,Alpilles,19
2303259,13:57:00,13:57:10,stop_point:SP_2379,Collège Labitrie,20
2303259,13:58:00,13:58:10,stop_point:SP_3740,Bordeneuve,21
2303259,13:59:00,13:59:10,stop_point:SP_4840,Jean Gay,22
2303259,14:00:00,14:00:10,stop_point:SP_4093,Tournefeuille Lycée,23
2303259,14:02:00,14:02:10,stop_point:SP_4800,Loti,24
2303259,14:03:00,14:03:10,stop_point:SP_4806,Prat Dessus,25
2303259,14:04:00,14:04:10,stop_point:SP_4801,Rivière - Basse,26
2303259,14:05:00,14:05:10,stop_point:SP_4803,Eglise Plaisance,27
2303259,14:06:00,14:06:10,stop_point:SP_1027,Plaisance Monestié,28
2303260,14:05:00,14:05:10,stop_point:SP_1754,Arènes,1
2303260,14:07:00,14:07:10,stop_point:SP_2002,Négogousses,2
2303260,14:08:00,14:08:10,stop_point:SP_2956,Hippodrome,3
2303260,14:09:00,14:09:10,stop_point:SP_3162,Brombach,4
2303260,14:10:00,14:10:10,stop_point:SP_2467,Pont Rocade,5
2303260,14:12:00,14:12:10,stop_point:SP_2210,Tissié,6
2303260,14:13:00,14:13:10,stop_point:SP_3729,Centre Aéré,7
2303260,14:14:00,14:14:10,stop_point:SP_1532,Eglise Lardenne,8
2303260,14:15:00,14:15:10,stop_point:SP_1846,Lardenne,9
2303260,14:17:00,14:17:10,stop_point:SP_3237,Montagné,10
2303260,14:18:00,14:18:10,stop_point:SP_3657,Briqueterie,11
2303260,14:19:00,14:19:10,stop_point:SP_396,St-Exupéry,12
2303260,14:20:00,14:20:10,stop_point:SP_3872,Ctre Cial Tournefeuille,13
2303260,14:21:00,14:21:10,stop_point:SP_2193,Montjoie,14
2303260,14:23:00,14:23:10,stop_point:SP_414,Tournefeuille Les Chênes,15
2303260,14:24:00,14:24:10,stop_point:SP_2921,Montel,16
2303260,14:25:00,14:25:10,stop_point:SP_1531,St-Pierre,17
2303260,14:25:00,14:25:10,stop_point:SP_2627,Périgord,18
2303260,14:26:00,14:26:10,stop_point:SP_3433,Alpilles,19
2303260,14:27:00,14:27:10,stop_point:SP_2379,Collège Labitrie,20
2303260,14:28:00,14:28:10,stop_point:SP_3740,Bordeneuve,21
2303260,14:29:00,14:29:10,stop_point:SP_4840,Jean Gay,22
2303260,14:30:00,14:30:10,stop_point:SP_4093,Tournefeuille Lycée,23
2303260,14:32:00,14:32:10,stop_point:SP_4800,Loti,24
2303260,14:33:00,14:33:10,stop_point:SP_4806,Prat Dessus,25
2303260,14:34:00,14:34:10,stop_point:SP_4801,Rivière - Basse,26
2303260,14:35:00,14:35:10,stop_point:SP_4803,Eglise Plaisance,27
2303260,14:36:00,14:36:10,stop_point:SP_1027,Plaisance Monestié,28
2303261,14:35:00,14:35:10,stop_point:SP_1754,Arènes,1
2303261,14:37:00,14:37:10,stop_point:SP_2002,Négogousses,2
2303261,14:38:00,14:38:10,stop_point:SP_2956,Hippodrome,3
2303261,14:39:00,14:39:10,stop_point:SP_3162,Brombach,4
2303261,14:40:00,14:40:10,stop_point:SP_2467,Pont Rocade,5
2303261,14:42:00,14:42:10,stop_point:SP_2210,Tissié,6
2303261,14:43:00,14:43:10,stop_point:SP_3729,Centre Aéré,7
2303261,14:44:00,14:44:10,stop_point:SP_1532,Eglise Lardenne,8
2303261,14:45:00,14:45:10,stop_point:SP_1846,Lardenne,9
2303261,14:47:00,14:47:10,stop_point:SP_3237,Montagné,10
2303261,14:48:00,14:48:10,stop_point:SP_3657,Briqueterie,11
2303261,14:49:00,14:49:10,stop_point:SP_396,St-Exupéry,12
2303261,14:50:00,14:50:10,stop_point:SP_3872,Ctre Cial Tournefeuille,13
2303261,14:51:00,14:51:10,stop_point:SP_2193,Montjoie,14
2303261,14:53:00,14:53:10,stop_point:SP_414,Tournefeuille Les Chênes,15
2303261,14:54:00,14:54:10,stop_point:SP_2921,Montel,16
2303261,14:55:00,14:55:10,stop_point:SP_1531,St-Pierre,17
2303261,14:55:00,14:55:10,stop_point:SP_2627,Périgord,18
2303261,14:56:00,14:56:10,stop_point:SP_3433,Alpilles,19
2303261,14:57:00,14:57:10,stop_point:SP_2379,Collège Labitrie,20
2303261,14:57:00,14:57:10,stop_point:SP_3740,Bordeneuve,21
2303261,14:58:00,14:58:10,stop_point:SP_4840,Jean Gay,22
2303261,14:59:00,14:59:10,stop_point:SP_4093,Tournefeuille Lycée,23
2303261,15:01:00,15:01:10,stop_point:SP_4800,Loti,24
2303261,15:02:00,15:02:10,stop_point:SP_4806,Prat Dessus,25
2303261,15:03:00,15:03:10,stop_point:SP_4801,Rivière - Basse,26
2303261,15:04:00,15:04:10,stop_point:SP_4803,Eglise Plaisance,27
2303261,15:06:00,15:06:10,stop_point:SP_1027,Plaisance Monestié,28
2303262,15:05:00,15:05:10,stop_point:SP_1754,Arènes,1
2303262,15:07:00,15:07:10,stop_point:SP_2002,Négogousses,2
2303262,15:08:00,15:08:10,stop_point:SP_2956,Hippodrome,3
2303262,15:09:00,15:09:10,stop_point:SP_3162,Brombach,4
2303262,15:10:00,15:10:10,stop_point:SP_2467,Pont Rocade,5
2303262,15:12:00,15:12:10,stop_point:SP_2210,Tissié,6
2303262,15:13:00,15:13:10,stop_point:SP_3729,Centre Aéré,7
2303262,15:14:00,15:14:10,stop_point:SP_1532,Eglise Lardenne,8
2303262,15:15:00,15:15:10,stop_point:SP_1846,Lardenne,9
2303262,15:17:00,15:17:10,stop_point:SP_3237,Montagné,10
2303262,15:18:00,15:18:10,stop_point:SP_3657,Briqueterie,11
2303262,15:19:00,15:19:10,stop_point:SP_396,St-Exupéry,12
2303262,15:20:00,15:20:10,stop_point:SP_3872,Ctre Cial Tournefeuille,13
2303262,15:21:00,15:21:10,stop_point:SP_2193,Montjoie,14
2303262,15:23:00,15:23:10,stop_point:SP_414,Tournefeuille Les Chênes,15
2303262,15:24:00,15:24:10,stop_point:SP_2921,Montel,16
2303262,15:25:00,15:25:10,stop_point:SP_1531,St-Pierre,17
2303262,15:25:00,15:25:10,stop_point:SP_2627,Périgord,18
2303262,15:26:00,15:26:10,stop_point:SP_3433,Alpilles,19
2303262,15:27:00,15:27:10,stop_point:SP_2379,Collège Labitrie,20
2303262,15:27:00,15:27:10,stop_point:SP_3740,Bordeneuve,21
2303262,15:28:00,15:28:10,stop_point:SP_4840,Jean Gay,22
2303262,15:29:00,15:29:10,stop_point:SP_4093,Tournefeuille Lycée,23
2303262,15:31:00,15:31:10,stop_point:SP_4800,Loti,24
2303262,15:32:00,15:32:10,stop_point:SP_4806,Prat Dessus,25
2303262,15:33:00,15:33:10,stop_point:SP_4801,Rivière - Basse,26
2303262,15:34:00,15:34:10,stop_point:SP_4803,Eglise Plaisance,27
2303262,15:36:00,15:36:10,stop_point:SP_1027,Plaisance Monestié,28
2303263,15:35:00,15:35:10,stop_point:SP_1754,Arènes,1
2303263,15:37:00,15:37:10,stop_point:SP_2002,Négogousses,2
2303263,15:38:00,15:38:10,stop_point:SP_2956,Hippodrome,3
2303263,15:39:00,15:39:10,stop_point:SP_3162,Brombach,4
2303263,15:40:00,15:40:10,stop_point:SP_2467,Pont Rocade,5
2303263,15:42:00,15:42:10,stop_point:SP_2210,Tissié,6
2303263,15:43:00,15:43:10,stop_point:SP_3729,Centre Aéré,7
2303263,15:44:00,15:44:10,stop_point:SP_1532,Eglise Lardenne,8
2303263,15:45:00,15:45:10,stop_point:SP_1846,Lardenne,9
2303263,15:47:00,15:47:10,stop_point:SP_3237,Montagné,10
2303263,15:48:00,15:48:10,stop_point:SP_3657,Briqueterie,11
2303263,15:49:00,15:49:10,stop_point:SP_396,St-Exupéry,12
2303263,15:50:00,15:50:10,stop_point:SP_3872,Ctre Cial Tournefeuille,13
2303263,15:51:00,15:51:10,stop_point:SP_2193,Montjoie,14
2303263,15:53:00,15:53:10,stop_point:SP_414,Tournefeuille Les Chênes,15
2303263,15:54:00,15:54:10,stop_point:SP_2921,Montel,16
2303263,15:55:00,15:55:10,stop_point:SP_1531,St-Pierre,17
2303263,15:55:00,15:55:10,stop_point:SP_2627,Périgord,18
2303263,15:56:00,15:56:10,stop_point:SP_3433,Alpilles,19
2303263,15:57:00,15:57:10,stop_point:SP_2379,Collège Labitrie,20
2303263,15:57:00,15:57:10,stop_point:SP_3740,Bordeneuve,21
2303263,15:58:00,15:58:10,stop_point:SP_4840,Jean Gay,22
2303263,15:59:00,15:59:10,stop_point:SP_4093,Tournefeuille Lycée,23
2303263,16:01:00,16:01:10,stop_point:SP_4800,Loti,24
2303263,16:02:00,16:02:10,stop_point:SP_4806,Prat Dessus,25
2303263,16:03:00,16:03:10,stop_point:SP_4801,Rivière - Basse,26
2303263,16:04:00,16:04:10,stop_point:SP_4803,Eglise Plaisance,27
2303263,16:06:00,16:06:10,stop_point:SP_1027,Plaisance Monestié,28
2303264,16:05:00,16:05:10,stop_point:SP_1754,Arènes,1
2303264,16:07:00,16:07:10,stop_point:SP_2002,Négogousses,2
2303264,16:08:00,16:08:10,stop_point:SP_2956,Hippodrome,3
2303264,16:09:00,16:09:10,stop_point:SP_3162,Brombach,4
2303264,16:10:00,16:10:10,stop_point:SP_2467,Pont Rocade,5
2303264,16:12:00,16:12:10,stop_point:SP_2210,Tissié,6
2303264,16:13:00,16:13:10,stop_point:SP_3729,Centre Aéré,7
2303264,16:14:00,16:14:10,stop_point:SP_1532,Eglise Lardenne,8
2303264,16:15:00,16:15:10,stop_point:SP_1846,Lardenne,9
2303264,16:17:00,16:17:10,stop_point:SP_3237,Montagné,10
2303264,16:18:00,16:18:10,stop_point:SP_3657,Briqueterie,11
2303264,16:19:00,16:19:10,stop_point:SP_396,St-Exupéry,12
2303264,16:20:00,16:20:10,stop_point:SP_3872,Ctre Cial Tournefeuille,13
2303264,16:21:00,16:21:10,stop_point:SP_2193,Montjoie,14
2303264,16:23:00,16:23:10,stop_point:SP_414,Tournefeuille Les Chênes,15
2303264,16:24:00,16:24:10,stop_point:SP_2921,Montel,16
2303264,16:25:00,16:25:10,stop_point:SP_1531,St-Pierre,17
2303264,16:25:00,16:25:10,stop_point:SP_2627,Périgord,18
2303264,16:26:00,16:26:10,stop_point:SP_3433,Alpilles,19
2303264,16:27:00,16:27:10,stop_point:SP_2379,Collège Labitrie,20
2303264,16:27:00,16:27:10,stop_point:SP_3740,Bordeneuve,21
2303264,16:28:00,16:28:10,stop_point:SP_4840,Jean Gay,22
2303264,16:29:00,16:29:10,stop_point:SP_4093,Tournefeuille Lycée,23
2303264,16:31:00,16:31:10,stop_point:SP_4800,Loti,24
2303264,16:32:00,16:32:10,stop_point:SP_4806,Prat Dessus,25
2303264,16:33:00,16:33:10,stop_point:SP_4801,Rivière - Basse,26
2303264,16:34:00,16:34:10,stop_point:SP_4803,Eglise Plaisance,27
2303264,16:36:00,16:36:10,stop_point:SP_1027,Plaisance Monestié,28
2303265,16:35:00,16:35:10,stop_point:SP_1754,Arènes,1
2303265,16:37:00,16:37:10,stop_point:SP_2002,Négogousses,2
2303265,16:38:00,16:38:10,stop_point:SP_2956,Hippodrome,3
2303265,16:39:00,16:39:10,stop_point:SP_3162,Brombach,4
2303265,16:40:00,16:40:10,stop_point:SP_2467,Pont Rocade,5
2303265,16:42:00,16:42:10,stop_point:SP_2210,Tissié,6
2303265,16:43:00,16:43:10,stop_point:SP_3729,Centre Aéré,7
2303265,16:44:00,16:44:10,stop_point:SP_1532,Eglise Lardenne,8
2303265,16:45:00,16:45:10,stop_point:SP_1846,Lardenne,9
2303265,16:47:00,16:47:10,stop_point:SP_3237,Montagné,10
2303265,16:48:00,16:48:10,stop_point:SP_3657,Briqueterie,11
2303265,16:49:00,16:49:10,stop_point:SP_396,St-Exupéry,12
2303265,16:50:00,16:50:10,stop_point:SP_3872,Ctre Cial Tournefeuille,13
2303265,16:51:00,16:51:10,stop_point:SP_2193,Montjoie,14
2303265,16:53:00,16:53:10,stop_point:SP_414,Tournefeuille Les Chênes,15
2303265,16:54:00,16:54:10,stop_point:SP_2921,Montel,16
2303265,16:55:00,16:55:10,stop_point:SP_1531,St-Pierre,17
2303265,16:55:00,16:55:10,stop_point:SP_2627,Périgord,18
2303265,16:56:00,16:56:10,stop_point:SP_3433,Alpilles,19
2303265,16:57:00,16:57:10,stop_point:SP_2379,Collège Labitrie,20
2303265,16:57:00,16:57:10,stop_point:SP_3740,Bordeneuve,21
2303265,16:58:00,16:58:10,stop_point:SP_4840,Jean Gay,22
2303265,16:59:00,16:59:10,stop_point:SP_4093,Tournefeuille Lycée,23
2303265,17:01:00,17:01:10,stop_point:SP_4800,Loti,24
2303265,17:02:00,17:02:10,stop_point:SP_4806,Prat Dessus,25
2303265,17:03:00,17:03:10,stop_point:SP_4801,Rivière - Basse,26
2303265,17:04:00,17:04:10,stop_point:SP_4803,Eglise Plaisance,27
2303265,17:06:00,17:06:10,stop_point:SP_1027,Plaisance Monestié,28
2303266,17:05:00,17:05:10,stop_point:SP_1754,Arènes,1
2303266,17:07:00,17:07:10,stop_point:SP_2002,Négogousses,2
2303266,17:08:00,17:08:10,stop_point:SP_2956,Hippodrome,3
2303266,17:09:00,17:09:10,stop_point:SP_3162,Brombach,4
2303266,17:10:00,17:10:10,stop_point:SP_2467,Pont Rocade,5
2303266,17:12:00,17:12:10,stop_point:SP_2210,Tissié,6
2303266,17:13:00,17:13:10,stop_point:SP_3729,Centre Aéré,7
2303266,17:14:00,17:14:10,stop_point:SP_1532,Eglise Lardenne,8
2303266,17:15:00,17:15:10,stop_point:SP_1846,Lardenne,9
2303266,17:16:00,17:16:10,stop_point:SP_3237,Montagné,10
2303266,17:17:00,17:17:10,stop_point:SP_3657,Briqueterie,11
2303266,17:18:00,17:18:10,stop_point:SP_396,St-Exupéry,12
2303266,17:19:00,17:19:10,stop_point:SP_3872,Ctre Cial Tournefeuille,13
2303266,17:20:00,17:20:10,stop_point:SP_2193,Montjoie,14
2303266,17:22:00,17:22:10,stop_point:SP_414,Tournefeuille Les Chênes,15
2303266,17:23:00,17:23:10,stop_point:SP_2921,Montel,16
2303266,17:24:00,17:24:10,stop_point:SP_1531,St-Pierre,17
2303266,17:25:00,17:25:10,stop_point:SP_2627,Périgord,18
2303266,17:26:00,17:26:10,stop_point:SP_3433,Alpilles,19
2303266,17:27:00,17:27:10,stop_point:SP_2379,Collège Labitrie,20
2303266,17:27:00,17:27:10,stop_point:SP_3740,Bordeneuve,21
2303266,17:28:00,17:28:10,stop_point:SP_4840,Jean Gay,22
2303266,17:29:00,17:29:10,stop_point:SP_4093,Tournefeuille Lycée,23
2303266,17:31:00,17:31:10,stop_point:SP_4800,Loti,24
2303266,17:32:00,17:32:10,stop_point:SP_4806,Prat Dessus,25
2303266,17:33:00,17:33:10,stop_point:SP_4801,Rivière - Basse,26
2303266,17:34:00,17:34:10,stop_point:SP_4803,Eglise Plaisance,27
2303266,17:36:00,17:36:10,stop_point:SP_1027,Plaisance Monestié,28
2303267,17:35:00,17:35:10,stop_point:SP_1754,Arènes,1
2303267,17:37:00,17:37:10,stop_point:SP_2002,Négogousses,2
2303267,17:38:00,17:38:10,stop_point:SP_2956,Hippodrome,3
2303267,17:39:00,17:39:10,stop_point:SP_3162,Brombach,4
2303267,17:40:00,17:40:10,stop_point:SP_2467,Pont Rocade,5
2303267,17:42:00,17:42:10,stop_point:SP_2210,Tissié,6
2303267,17:43:00,17:43:10,stop_point:SP_3729,Centre Aéré,7
2303267,17:44:00,17:44:10,stop_point:SP_1532,Eglise Lardenne,8
2303267,17:45:00,17:45:10,stop_point:SP_1846,Lardenne,9
2303267,17:47:00,17:47:10,stop_point:SP_3237,Montagné,10
2303267,17:48:00,17:48:10,stop_point:SP_3657,Briqueterie,11
2303267,17:49:00,17:49:10,stop_point:SP_396,St-Exupéry,12
2303267,17:50:00,17:50:10,stop_point:SP_3872,Ctre Cial Tournefeuille,13
2303267,17:51:00,17:51:10,stop_point:SP_2193,Montjoie,14
2303267,17:53:00,17:53:10,stop_point:SP_414,Tournefeuille Les Chênes,15
2303267,17:54:00,17:54:10,stop_point:SP_2921,Montel,16
2303267,17:55:00,17:55:10,stop_point:SP_1531,St-Pierre,17
2303267,17:56:00,17:56:10,stop_point:SP_2627,Périgord,18
2303267,17:57:00,17:57:10,stop_point:SP_3433,Alpilles,19
2303267,17:58:00,17:58:10,stop_point:SP_2379,Collège Labitrie,20
2303267,17:58:00,17:58:10,stop_point:SP_3740,Bordeneuve,21
2303267,17:59:00,17:59:10,stop_point:SP_4840,Jean Gay,22
2303267,18:00:00,18:00:10,stop_point:SP_4093,Tournefeuille Lycée,23
2303267,18:02:00,18:02:10,stop_point:SP_4800,Loti,24
2303267,18:03:00,18:03:10,stop_point:SP_4806,Prat Dessus,25
2303267,18:04:00,18:04:10,stop_point:SP_4801,Rivière - Basse,26
2303267,18:05:00,18:05:10,stop_point:SP_4803,Eglise Plaisance,27
2303267,18:06:00,18:06:10,stop_point:SP_1027,Plaisance Monestié,28
2303268,18:05:00,18:05:10,stop_point:SP_1754,Arènes,1
2303268,18:07:00,18:07:10,stop_point:SP_2002,Négogousses,2
2303268,18:08:00,18:08:10,stop_point:SP_2956,Hippodrome,3
2303268,18:09:00,18:09:10,stop_point:SP_3162,Brombach,4
2303268,18:10:00,18:10:10,stop_point:SP_2467,Pont Rocade,5
2303268,18:12:00,18:12:10,stop_point:SP_2210,Tissié,6
2303268,18:13:00,18:13:10,stop_point:SP_3729,Centre Aéré,7
2303268,18:14:00,18:14:10,stop_point:SP_1532,Eglise Lardenne,8
2303268,18:15:00,18:15:10,stop_point:SP_1846,Lardenne,9
2303268,18:17:00,18:17:10,stop_point:SP_3237,Montagné,10
2303268,18:18:00,18:18:10,stop_point:SP_3657,Briqueterie,11
2303268,18:19:00,18:19:10,stop_point:SP_396,St-Exupéry,12
2303268,18:20:00,18:20:10,stop_point:SP_3872,Ctre Cial Tournefeuille,13
2303268,18:21:00,18:21:10,stop_point:SP_2193,Montjoie,14
2303268,18:23:00,18:23:10,stop_point:SP_414,Tournefeuille Les Chênes,15
2303268,18:24:00,18:24:10,stop_point:SP_2921,Montel,16
2303268,18:25:00,18:25:10,stop_point:SP_1531,St-Pierre,17
2303268,18:26:00,18:26:10,stop_point:SP_2627,Périgord,18
2303268,18:27:00,18:27:10,stop_point:SP_3433,Alpilles,19
2303268,18:28:00,18:28:10,stop_point:SP_2379,Collège Labitrie,20
2303268,18:29:00,18:29:10,stop_point:SP_3740,Bordeneuve,21
2303268,18:30:00,18:30:10,stop_point:SP_4840,Jean Gay,22
2303268,18:31:00,18:31:10,stop_point:SP_4093,Tournefeuille Lycée,23
2303268,18:33:00,18:33:10,stop_point:SP_4800,Loti,24
2303268,18:34:00,18:34:10,stop_point:SP_4806,Prat Dessus,25
2303268,18:35:00,18:35:10,stop_point:SP_4801,Rivière - Basse,26
2303268,18:36:00,18:36:10,stop_point:SP_4803,Eglise Plaisance,27
2303268,18:38:00,18:38:10,stop_point:SP_1027,Plaisance Monestié,28
2303269,18:35:00,18:35:10,stop_point:SP_1754,Arènes,1
2303269,18:37:00,18:37:10,stop_point:SP_2002,Négogousses,2
2303269,18:38:00,18:38:10,stop_point:SP_2956,Hippodrome,3
2303269,18:39:00,18:39:10,stop_point:SP_3162,Brombach,4
2303269,18:40:00,18:40:10,stop_point:SP_2467,Pont Rocade,5
2303269,18:42:00,18:42:10,stop_point:SP_2210,Tissié,6
2303269,18:43:00,18:43:10,stop_point:SP_3729,Centre Aéré,7
2303269,18:44:00,18:44:10,stop_point:SP_1532,Eglise Lardenne,8
2303269,18:45:00,18:45:10,stop_point:SP_1846,Lardenne,9
2303269,18:47:00,18:47:10,stop_point:SP_3237,Montagné,10
2303269,18:48:00,18:48:10,stop_point:SP_3657,Briqueterie,11
2303269,18:49:00,18:49:10,stop_point:SP_396,St-Exupéry,12
2303269,18:50:00,18:50:10,stop_point:SP_3872,Ctre Cial Tournefeuille,13
2303269,18:51:00,18:51:10,stop_point:SP_2193,Montjoie,14
2303269,18:53:00,18:53:10,stop_point:SP_414,Tournefeuille Les Chênes,15
2303269,18:54:00,18:54:10,stop_point:SP_2921,Montel,16
2303269,18:55:00,18:55:10,stop_point:SP_1531,St-Pierre,17
2303269,18:56:00,18:56:10,stop_point:SP_2627,Périgord,18
2303269,18:57:00,18:57:10,stop_point:SP_3433,Alpilles,19
2303269,18:58:00,18:58:10,stop_point:SP_2379,Collège Labitrie,20
2303269,18:59:00,18:59:10,stop_point:SP_3740,Bordeneuve,21
2303269,19:00:00,19:00:10,stop_point:SP_4840,Jean Gay,22
2303269,19:01:00,19:01:10,stop_point:SP_4093,Tournefeuille Lycée,23
2303269,19:03:00,19:03:10,stop_point:SP_4800,Loti,24
2303269,19:04:00,19:04:10,stop_point:SP_4806,Prat Dessus,25
2303269,19:05:00,19:05:10,stop_point:SP_4801,Rivière - Basse,26
2303269,19:06:00,19:06:10,stop_point:SP_4803,Eglise Plaisance,27
2303269,19:08:00,19:08:10,stop_point:SP_1027,Plaisance Monestié,28
2303270,19:05:00,19:05:10,stop_point:SP_1754,Arènes,1
2303270,19:07:00,19:07:10,stop_point:SP_2002,Négogousses,2
2303270,19:08:00,19:08:10,stop_point:SP_2956,Hippodrome,3
2303270,19:09:00,19:09:10,stop_point:SP_3162,Brombach,4
2303270,19:10:00,19:10:10,stop_point:SP_2467,Pont Rocade,5
2303270,19:12:00,19:12:10,stop_point:SP_2210,Tissié,6
2303270,19:13:00,19:13:10,stop_point:SP_3729,Centre Aéré,7
2303270,19:14:00,19:14:10,stop_point:SP_1532,Eglise Lardenne,8
2303270,19:15:00,19:15:10,stop_point:SP_1846,Lardenne,9
2303270,19:16:00,19:16:10,stop_point:SP_3237,Montagné,10
2303270,19:17:00,19:17:10,stop_point:SP_3657,Briqueterie,11
2303270,19:18:00,19:18:10,stop_point:SP_396,St-Exupéry,12
2303270,19:19:00,19:19:10,stop_point:SP_3872,Ctre Cial Tournefeuille,13
2303270,19:20:00,19:20:10,stop_point:SP_2193,Montjoie,14
2303270,19:22:00,19:22:10,stop_point:SP_414,Tournefeuille Les Chênes,15
2303270,19:23:00,19:23:10,stop_point:SP_2921,Montel,16
2303270,19:24:00,19:24:10,stop_point:SP_1531,St-Pierre,17
2303270,19:25:00,19:25:10,stop_point:SP_2627,Périgord,18
2303270,19:26:00,19:26:10,stop_point:SP_3433,Alpilles,19
2303270,19:27:00,19:27:10,stop_point:SP_2379,Collège Labitrie,20
2303270,19:28:00,19:28:10,stop_point:SP_3740,Bordeneuve,21
2303270,19:29:00,19:29:10,stop_point:SP_4840,Jean Gay,22
2303270,19:30:00,19:30:10,stop_point:SP_4093,Tournefeuille Lycée,23
2303270,19:32:00,19:32:10,stop_point:SP_4800,Loti,24
2303270,19:33:00,19:33:10,stop_point:SP_4806,Prat Dessus,25
2303270,19:34:00,19:34:10,stop_point:SP_4801,Rivière - Basse,26
2303270,19:35:00,19:35:10,stop_point:SP_4803,Eglise Plaisance,27
2303270,19:36:00,19:36:10,stop_point:SP_1027,Plaisance Monestié,28
2303271,19:35:00,19:35:10,stop_point:SP_1754,Arènes,1
2303271,19:37:00,19:37:10,stop_point:SP_2002,Négogousses,2
2303271,19:38:00,19:38:10,stop_point:SP_2956,Hippodrome,3
2303271,19:39:00,19:39:10,stop_point:SP_3162,Brombach,4
2303271,19:40:00,19:40:10,stop_point:SP_2467,Pont Rocade,5
2303271,19:42:00,19:42:10,stop_point:SP_2210,Tissié,6
2303271,19:43:00,19:43:10,stop_point:SP_3729,Centre Aéré,7
2303271,19:44:00,19:44:10,stop_point:SP_1532,Eglise Lardenne,8
2303271,19:45:00,19:45:10,stop_point:SP_1846,Lardenne,9
2303271,19:47:00,19:47:10,stop_point:SP_3237,Montagné,10
2303271,19:48:00,19:48:10,stop_point:SP_3657,Briqueterie,11
2303271,19:49:00,19:49:10,stop_point:SP_396,St-Exupéry,12
2303271,19:50:00,19:50:10,stop_point:SP_3872,Ctre Cial Tournefeuille,13
2303271,19:51:00,19:51:10,stop_point:SP_2193,Montjoie,14
2303271,19:52:00,19:52:10,stop_point:SP_414,Tournefeuille Les Chênes,15
2303271,19:53:00,19:53:10,stop_point:SP_2921,Montel,16
2303271,19:54:00,19:54:10,stop_point:SP_1531,St-Pierre,17
2303271,19:55:00,19:55:10,stop_point:SP_2627,Périgord,18
2303271,19:56:00,19:56:10,stop_point:SP_3433,Alpilles,19
2303271,19:57:00,19:57:10,stop_point:SP_2379,Collège Labitrie,20
2303271,19:58:00,19:58:10,stop_point:SP_3740,Bordeneuve,21
2303271,19:59:00,19:59:10,stop_point:SP_4840,Jean Gay,22
2303271,20:00:00,20:00:10,stop_point:SP_4093,Tournefeuille Lycée,23
2303271,20:02:00,20:02:10,stop_point:SP_4800,Loti,24
2303271,20:03:00,20:03:10,stop_point:SP_4806,Prat Dessus,25
2303271,20:04:00,20:04:10,stop_point:SP_4801,Rivière - Basse,26
2303271,20:05:00,20:05:10,stop_point:SP_4803,Eglise Plaisance,27
2303271,20:06:00,20:06:10,stop_point:SP_1027,Plaisance Monestié,28
2303272,20:10:00,20:10:10,stop_point:SP_1754,Arènes,1
2303272,20:12:00,20:12:10,stop_point:SP_2002,Négogousses,2
2303272,20:13:00,20:13:10,stop_point:SP_2956,Hippodrome,3
2303272,20:14:00,20:14:10,stop_point:SP_3162,Brombach,4
2303272,20:15:00,20:15:10,stop_point:SP_2467,Pont Rocade,5
2303272,20:17:00,20:17:10,stop_point:SP_2210,Tissié,6
2303272,20:18:00,20:18:10,stop_point:SP_3729,Centre Aéré,7
2303272,20:19:00,20:19:10,stop_point:SP_1532,Eglise Lardenne,8
2303272,20:20:00,20:20:10,stop_point:SP_1846,Lardenne,9
2303272,20:22:00,20:22:10,stop_point:SP_3237,Montagné,10
2303272,20:23:00,20:23:10,stop_point:SP_3657,Briqueterie,11
2303272,20:24:00,20:24:10,stop_point:SP_396,St-Exupéry,12
2303272,20:25:00,20:25:10,stop_point:SP_3872,Ctre Cial Tournefeuille,13
2303272,20:26:00,20:26:10,stop_point:SP_2193,Montjoie,14
2303272,20:27:00,20:27:10,stop_point:SP_414,Tournefeuille Les Chênes,15
2303272,20:28:00,20:28:10,stop_point:SP_2921,Montel,16
2303272,20:29:00,20:29:10,stop_point:SP_1531,St-Pierre,17
2303272,20:30:00,20:30:10,stop_point:SP_2627,Périgord,18
2303272,20:31:00,20:31:10,stop_point:SP_3433,Alpilles,19
2303272,20:32:00,20:32:10,stop_point:SP_2379,Collège Labitrie,20
2303272,20:33:00,20:33:10,stop_point:SP_3740,Bordeneuve,21
2303272,20:34:00,20:34:10,stop_point:SP_4840,Jean Gay,22
2303272,20:35:00,20:35:10,stop_point:SP_4093,Tournefeuille Lycée,23
2303272,20:37:00,20:37:10,stop_point:SP_4800,Loti,24
2303272,20:38:00,20:38:10,stop_point:SP_4806,Prat Dessus,25
2303272,20:39:00,20:39:10,stop_point:SP_4801,Rivière - Basse,26
2303272,20:40:00,20:40:10,stop_point:SP_4803,Eglise Plaisance,27
2303272,20:41:00,20:41:10,stop_point:SP_1027,Plaisance Monestié,28
2303273,20:35:00,20:35:10,stop_point:SP_1754,Arènes,1
2303273,20:37:00,20:37:10,stop_point:SP_2002,Négogousses,2
2303273,20:38:00,20:38:10,stop_point:SP_2956,Hippodrome,3
2303273,20:39:00,20:39:10,stop_point:SP_3162,Brombach,4
2303273,20:40:00,20:40:10,stop_point:SP_2467,Pont Rocade,5
2303273,20:42:00,20:42:10,stop_point:SP_2210,Tissié,6
2303273,20:43:00,20:43:10,stop_point:SP_3729,Centre Aéré,7
2303273,20:44:00,20:44:10,stop_point:SP_1532,Eglise Lardenne,8
2303273,20:45:00,20:45:10,stop_point:SP_1846,Lardenne,9
2303273,20:47:00,20:47:10,stop_point:SP_3237,Montagné,10
2303273,20:48:00,20:48:10,stop_point:SP_3657,Briqueterie,11
2303273,20:49:00,20:49:10,stop_point:SP_396,St-Exupéry,12
2303273,20:50:00,20:50:10,stop_point:SP_3872,Ctre Cial Tournefeuille,13
2303273,20:51:00,20:51:10,stop_point:SP_2193,Montjoie,14
2303273,20:52:00,20:52:10,stop_point:SP_414,Tournefeuille Les Chênes,15
2303273,20:53:00,20:53:10,stop_point:SP_2921,Montel,16
2303273,20:54:00,20:54:10,stop_point:SP_1531,St-Pierre,17
2303273,20:54:00,20:54:10,stop_point:SP_2627,Périgord,18
2303273,20:55:00,20:55:10,stop_point:SP_3433,Alpilles,19
2303273,20:56:00,20:56:10,stop_point:SP_2379,Collège Labitrie,20
2303273,20:56:00,20:56:10,stop_point:SP_3740,Bordeneuve,21
2303273,20:57:00,20:57:10,stop_point:SP_4840,Jean Gay,22
2303273,20:58:00,20:58:10,stop_point:SP_4093,Tournefeuille Lycée,23
2303273,21:00:00,21:00:10,stop_point:SP_4800,Loti,24
2303273,21:01:00,21:01:10,stop_point:SP_4806,Prat Dessus,25
2303273,21:02:00,21:02:10,stop_point:SP_4801,Rivière - Basse,26
2303273,21:03:00,21:03:10,stop_point:SP_4803,Eglise Plaisance,27
2303273,21:04:00,21:04:10,stop_point:SP_1027,Plaisance Monestié,28
2303274,21:05:00,21:05:10,stop_point:SP_1754,Arènes,1
2303274,21:07:00,21:07:10,stop_point:SP_2002,Négogousses,2
2303274,21:07:00,21:07:10,stop_point:SP_2956,Hippodrome,3
2303274,21:08:00,21:08:10,stop_point:SP_3162,Brombach,4
2303274,21:09:00,21:09:10,stop_point:SP_2467,Pont Rocade,5
2303274,21:11:00,21:11:10,stop_point:SP_2210,Tissié,6
2303274,21:12:00,21:12:10,stop_point:SP_3729,Centre Aéré,7
2303274,21:13:00,21:13:10,stop_point:SP_1532,Eglise Lardenne,8
2303274,21:14:00,21:14:10,stop_point:SP_1846,Lardenne,9
2303274,21:15:00,21:15:10,stop_point:SP_3237,Montagné,10
2303274,21:16:00,21:16:10,stop_point:SP_3657,Briqueterie,11
2303274,21:17:00,21:17:10,stop_point:SP_396,St-Exupéry,12
2303274,21:18:00,21:18:10,stop_point:SP_3872,Ctre Cial Tournefeuille,13
2303274,21:19:00,21:19:10,stop_point:SP_2193,Montjoie,14
2303274,21:20:00,21:20:10,stop_point:SP_414,Tournefeuille Les Chênes,15
2303274,21:21:00,21:21:10,stop_point:SP_2921,Montel,16
2303274,21:22:00,21:22:10,stop_point:SP_1531,St-Pierre,17
2303274,21:22:00,21:22:10,stop_point:SP_2627,Périgord,18
2303274,21:23:00,21:23:10,stop_point:SP_3433,Alpilles,19
2303274,21:24:00,21:24:10,stop_point:SP_2379,Collège Labitrie,20
2303274,21:24:00,21:24:10,stop_point:SP_3740,Bordeneuve,21
2303274,21:25:00,21:25:10,stop_point:SP_4840,Jean Gay,22
2303274,21:26:00,21:26:10,stop_point:SP_4093,Tournefeuille Lycée,23
2303274,21:28:00,21:28:10,stop_point:SP_4800,Loti,24
2303274,21:29:00,21:29:10,stop_point:SP_4806,Prat Dessus,25
2303274,21:30:00,21:30:10,stop_point:SP_4801,Rivière - Basse,26
2303274,21:31:00,21:31:10,stop_point:SP_4803,Eglise Plaisance,27
2303274,21:32:00,21:32:10,stop_point:SP_1027,Plaisance Monestié,28
2303275,21:35:00,21:35:10,stop_point:SP_1754,Arènes,1
2303275,21:37:00,21:37:10,stop_point:SP_2002,Négogousses,2
2303275,21:37:00,21:37:10,stop_point:SP_2956,Hippodrome,3
2303275,21:38:00,21:38:10,stop_point:SP_3162,Brombach,4
2303275,21:39:00,21:39:10,stop_point:SP_2467,Pont Rocade,5
2303275,21:40:00,21:40:10,stop_point:SP_2210,Tissié,6
2303275,21:41:00,21:41:10,stop_point:SP_3729,Centre Aéré,7
2303275,21:42:00,21:42:10,stop_point:SP_1532,Eglise Lardenne,8
2303275,21:43:00,21:43:10,stop_point:SP_1846,Lardenne,9
2303275,21:44:00,21:44:10,stop_point:SP_3237,Montagné,10
2303275,21:45:00,21:45:10,stop_point:SP_3657,Briqueterie,11
2303275,21:46:00,21:46:10,stop_point:SP_396,St-Exupéry,12
2303275,21:47:00,21:47:10,stop_point:SP_3872,Ctre Cial Tournefeuille,13
2303275,21:48:00,21:48:10,stop_point:SP_2193,Montjoie,14
2303275,21:49:00,21:49:10,stop_point:SP_414,Tournefeuille Les Chênes,15
2303275,21:50:00,21:50:10,stop_point:SP_2921,Montel,16
2303275,21:51:00,21:51:10,stop_point:SP_1531,St-Pierre,17
2303275,21:51:00,21:51:10,stop_point:SP_2627,Périgord,18
2303275,21:52:00,21:52:10,stop_point:SP_3433,Alpilles,19
2303275,21:53:00,21:53:10,stop_point:SP_2379,Collège Labitrie,20
2303275,21:53:00,21:53:10,stop_point:SP_3740,Bordeneuve,21
2303275,21:54:00,21:54:10,stop_point:SP_4840,Jean Gay,22
2303275,21:55:00,21:55:10,stop_point:SP_4093,Tournefeuille Lycée,23
2303275,21:57:00,21:57:10,stop_point:SP_4800,Loti,24
2303275,21:58:00,21:58:10,stop_point:SP_4806,Prat Dessus,25
2303275,21:59:00,21:59:10,stop_point:SP_4801,Rivière - Basse,26
2303275,22:00:00,22:00:10,stop_point:SP_4803,Eglise Plaisance,27
2303275,22:01:00,22:01:10,stop_point:SP_1027,Plaisance Monestié,28
2303276,22:05:00,22:05:10,stop_point:SP_1754,Arènes,1
2303276,22:07:00,22:07:10,stop_point:SP_2002,Négogousses,2
2303276,22:07:00,22:07:10,stop_point:SP_2956,Hippodrome,3
2303276,22:08:00,22:08:10,stop_point:SP_3162,Brombach,4
2303276,22:09:00,22:09:10,stop_point:SP_2467,Pont Rocade,5
2303276,22:10:00,22:10:10,stop_point:SP_2210,Tissié,6
2303276,22:11:00,22:11:10,stop_point:SP_3729,Centre Aéré,7
2303276,22:12:00,22:12:10,stop_point:SP_1532,Eglise Lardenne,8
2303276,22:13:00,22:13:10,stop_point:SP_1846,Lardenne,9
2303276,22:14:00,22:14:10,stop_point:SP_3237,Montagné,10
2303276,22:15:00,22:15:10,stop_point:SP_3657,Briqueterie,11
2303276,22:16:00,22:16:10,stop_point:SP_396,St-Exupéry,12
2303276,22:17:00,22:17:10,stop_point:SP_3872,Ctre Cial Tournefeuille,13
2303276,22:18:00,22:18:10,stop_point:SP_2193,Montjoie,14
2303276,22:19:00,22:19:10,stop_point:SP_414,Tournefeuille Les Chênes,15
2303276,22:20:00,22:20:10,stop_point:SP_2921,Montel,16
2303276,22:21:00,22:21:10,stop_point:SP_1531,St-Pierre,17
2303276,22:21:00,22:21:10,stop_point:SP_2627,Périgord,18
2303276,22:22:00,22:22:10,stop_point:SP_3433,Alpilles,19
2303276,22:23:00,22:23:10,stop_point:SP_2379,Collège Labitrie,20
2303276,22:23:00,22:23:10,stop_point:SP_3740,Bordeneuve,21
2303276,22:24:00,22:24:10,stop_point:SP_4840,Jean Gay,22
2303276,22:25:00,22:25:10,stop_point:SP_4093,Tournefeuille Lycée,23
2303276,22:27:00,22:27:10,stop_point:SP_4800,Loti,24
2303276,22:28:00,22:28:10,stop_point:SP_4806,Prat Dessus,25
2303276,22:29:00,22:29:10,stop_point:SP_4801,Rivière - Basse,26
2303276,22:30:00,22:30:10,stop_point:SP_4803,Eglise Plaisance,27
2303276,22:31:00,22:31:10,stop_point:SP_1027,Plaisance Monestié,28
2303277,22:35:00,22:35:10,stop_point:SP_1754,Arènes,1
2303277,22:37:00,22:37:10,stop_point:SP_2002,Négogousses,2
2303277,22:37:00,22:37:10,stop_point:SP_2956,Hippodrome,3
2303277,22:38:00,22:38:10,stop_point:SP_3162,Brombach,4
2303277,22:39:00,22:39:10,stop_point:SP_2467,Pont Rocade,5
2303277,22:40:00,22:40:10,stop_point:SP_2210,Tissié,6
2303277,22:41:00,22:41:10,stop_point:SP_3729,Centre Aéré,7
2303277,22:42:00,22:42:10,stop_point:SP_1532,Eglise Lardenne,8
2303277,22:43:00,22:43:10,stop_point:SP_1846,Lardenne,9
2303277,22:44:00,22:44:10,stop_point:SP_3237,Montagné,10
2303277,22:45:00,22:45:10,stop_point:SP_3657,Briqueterie,11
2303277,22:46:00,22:46:10,stop_point:SP_396,St-Exupéry,12
2303277,22:47:00,22:47:10,stop_point:SP_3872,Ctre Cial Tournefeuille,13
2303277,22:48:00,22:48:10,stop_point:SP_2193,Montjoie,14
2303277,22:49:00,22:49:10,stop_point:SP_414,Tournefeuille Les Chênes,15
2303277,22:50:00,22:50:10,stop_point:SP_2921,Montel,16
2303277,22:51:00,22:51:10,stop_point:SP_1531,St-Pierre,17
2303277,22:51:00,22:51:10,stop_point:SP_2627,Périgord,18
2303277,22:52:00,22:52:10,stop_point:SP_3433,Alpilles,19
2303277,22:53:00,22:53:10,stop_point:SP_2379,Collège Labitrie,20
2303277,22:53:00,22:53:10,stop_point:SP_3740,Bordeneuve,21
2303277,22:54:00,22:54:10,stop_point:SP_4840,Jean Gay,22
2303277,22:55:00,22:55:10,stop_point:SP_4093,Tournefeuille Lycée,23
2303277,22:57:00,22:57:10,stop_point:SP_4800,Loti,24
2303277,22:58:00,22:58:10,stop_point:SP_4806,Prat Dessus,25
2303277,22:59:00,22:59:10,stop_point:SP_4801,Rivière - Basse,26
2303277,23:00:00,23:00:10,stop_point:SP_4803,Eglise Plaisance,27
2303277,23:01:00,23:01:10,stop_point:SP_1027,Plaisance Monestié,28
2303278,23:05:00,23:05:10,stop_point:SP_1754,Arènes,1
2303278,23:07:00,23:07:10,stop_point:SP_2002,Négogousses,2
2303278,23:07:00,23:07:10,stop_point:SP_2956,Hippodrome,3
2303278,23:08:00,23:08:10,stop_point:SP_3162,Brombach,4
2303278,23:09:00,23:09:10,stop_point:SP_2467,Pont Rocade,5
2303278,23:10:00,23:10:10,stop_point:SP_2210,Tissié,6
2303278,23:11:00,23:11:10,stop_point:SP_3729,Centre Aéré,7
2303278,23:11:00,23:11:10,stop_point:SP_1532,Eglise Lardenne,8
2303278,23:12:00,23:12:10,stop_point:SP_1846,Lardenne,9
2303278,23:13:00,23:13:10,stop_point:SP_3237,Montagné,10
2303278,23:14:00,23:14:10,stop_point:SP_3657,Briqueterie,11
2303278,23:15:00,23:15:10,stop_point:SP_396,St-Exupéry,12
2303278,23:16:00,23:16:10,stop_point:SP_3872,Ctre Cial Tournefeuille,13
2303278,23:17:00,23:17:10,stop_point:SP_2193,Montjoie,14
2303278,23:18:00,23:18:10,stop_point:SP_414,Tournefeuille Les Chênes,15
2303278,23:19:00,23:19:10,stop_point:SP_2921,Montel,16
2303278,23:20:00,23:20:10,stop_point:SP_1531,St-Pierre,17
2303278,23:20:00,23:20:10,stop_point:SP_2627,Périgord,18
2303278,23:21:00,23:21:10,stop_point:SP_3433,Alpilles,19
2303278,23:22:00,23:22:10,stop_point:SP_2379,Collège Labitrie,20
2303278,23:22:00,23:22:10,stop_point:SP_3740,Bordeneuve,21
2303278,23:23:00,23:23:10,stop_point:SP_4840,Jean Gay,22
2303278,23:24:00,23:24:10,stop_point:SP_4093,Tournefeuille Lycée,23
2303278,23:26:00,23:26:10,stop_point:SP_4800,Loti,24
2303278,23:26:00,23:26:10,stop_point:SP_4806,Prat Dessus,25
2303278,23:27:00,23:27:10,stop_point:SP_4801,Rivière - Basse,26
2303278,23:28:00,23:28:10,stop_point:SP_4803,Eglise Plaisance,27
2303278,23:29:00,23:29:10,stop_point:SP_1027,Plaisance Monestié,28
2303279,23:35:00,23:35:10,stop_point:SP_1754,Arènes,1
2303279,23:37:00,23:37:10,stop_point:SP_2002,Négogousses,2
2303279,23:37:00,23:37:10,stop_point:SP_2956,Hippodrome,3
2303279,23:38:00,23:38:10,stop_point:SP_3162,Brombach,4
2303279,23:39:00,23:39:10,stop_point:SP_2467,Pont Rocade,5
2303279,23:40:00,23:40:10,stop_point:SP_2210,Tissié,6
2303279,23:41:00,23:41:10,stop_point:SP_3729,Centre Aéré,7
2303279,23:41:00,23:41:10,stop_point:SP_1532,Eglise Lardenne,8
2303279,23:42:00,23:42:10,stop_point:SP_1846,Lardenne,9
2303279,23:43:00,23:43:10,stop_point:SP_3237,Montagné,10
2303279,23:44:00,23:44:10,stop_point:SP_3657,Briqueterie,11
2303279,23:45:00,23:45:10,stop_point:SP_396,St-Exupéry,12
2303279,23:46:00,23:46:10,stop_point:SP_3872,Ctre Cial Tournefeuille,13
2303279,23:47:00,23:47:10,stop_point:SP_2193,Montjoie,14
2303279,23:48:00,23:48:10,stop_point:SP_414,Tournefeuille Les Chênes,15
2303279,23:49:00,23:49:10,stop_point:SP_2921,Montel,16
2303279,23:50:00,23:50:10,stop_point:SP_1531,St-Pierre,17
2303279,23:50:00,23:50:10,stop_point:SP_2627,Périgord,18
2303279,23:51:00,23:51:10,stop_point:SP_3433,Alpilles,19
2303279,23:52:00,23:52:10,stop_point:SP_2379,Collège Labitrie,20
2303279,23:52:00,23:52:10,stop_point:SP_3740,Bordeneuve,21
2303279,23:53:00,23:53:10,stop_point:SP_4840,Jean Gay,22
2303279,23:54:00,23:54:10,stop_point:SP_4093,Tournefeuille Lycée,23
2303279,23:56:00,23:56:10,stop_point:SP_4800,Loti,24
2303279,23:56:00,23:56:10,stop_point:SP_4806,Prat Dessus,25
2303279,23:57:00,23:57:10,stop_point:SP_4801,Rivière - Basse,26
2303279,23:58:00,23:58:10,stop_point:SP_4803,Eglise Plaisance,27
2303279,23:59:00,23:59:10,stop_point:SP_1027,Plaisance Monestié,28
2303280,24:05:00,24:05:10,stop_point:SP_1754,Arènes,1
2303280,24:07:00,24:07:10,stop_point:SP_2002,Négogousses,2
2303280,24:07:00,24:07:10,stop_point:SP_2956,Hippodrome,3
2303280,24:08:00,24:08:10,stop_point:SP_3162,Brombach,4
2303280,24:09:00,24:09:10,stop_point:SP_2467,Pont Rocade,5
2303280,24:10:00,24:10:10,stop_point:SP_2210,Tissié,6
2303280,24:11:00,24:11:10,stop_point:SP_3729,Centre Aéré,7
2303280,24:11:00,24:11:10,stop_point:SP_1532,Eglise Lardenne,8
2303280,24:12:00,24:12:10,stop_point:SP_1846,Lardenne,9
2303280,24:13:00,24:13:10,stop_point:SP_3237,Montagné,10
2303280,24:14:00,24:14:10,stop_point:SP_3657,Briqueterie,11
2303280,24:15:00,24:15:10,stop_point:SP_396,St-Exupéry,12
2303280,24:16:00,24:16:10,stop_point:SP_3872,Ctre Cial Tournefeuille,13
2303280,24:17:00,24:17:10,stop_point:SP_2193,Montjoie,14
2303280,24:18:00,24:18:10,stop_point:SP_414,Tournefeuille Les Chênes,15
2303280,24:19:00,24:19:10,stop_point:SP_2921,Montel,16
2303280,24:20:00,24:20:10,stop_point:SP_1531,St-Pierre,17
2303280,24:20:00,24:20:10,stop_point:SP_2627,Périgord,18
2303280,24:21:00,24:21:10,stop_point:SP_3433,Alpilles,19
2303280,24:22:00,24:22:10,stop_point:SP_2379,Collège Labitrie,20
2303280,24:22:00,24:22:10,stop_point:SP_3740,Bordeneuve,21
2303280,24:23:00,24:23:10,stop_point:SP_4840,Jean Gay,22
2303280,24:24:00,24:24:10,stop_point:SP_4093,Tournefeuille Lycée,23
2303280,24:25:00,24:25:10,stop_point:SP_4800,Loti,24
2303280,24:26:00,24:26:10,stop_point:SP_4806,Prat Dessus,25
2303280,24:26:00,24:26:10,stop_point:SP_4801,Rivière - Basse,26
2303280,24:27:00,24:27:10,stop_point:SP_4803,Eglise Plaisance,27
2303280,24:28:00,24:28:10,stop_point:SP_1027,Plaisance Monestié,28
2303281,24:30:00,24:30:10,stop_point:SP_1754,Arènes,1
2303281,24:31:00,24:31:10,stop_point:SP_2002,Négogousses,2
2303281,24:32:00,24:32:10,stop_point:SP_2956,Hippodrome,3
2303281,24:32:00,24:32:10,stop_point:SP_3162,Brombach,4
2303281,24:33:00,24:33:10,stop_point:SP_2467,Pont Rocade,5
2303281,24:34:00,24:34:10,stop_point:SP_2210,Tissié,6
2303281,24:35:00,24:35:10,stop_point:SP_3729,Centre Aéré,7
2303281,24:35:00,24:35:10,stop_point:SP_1532,Eglise Lardenne,8
2303281,24:36:00,24:36:10,stop_point:SP_1846,Lardenne,9
2303281,24:37:00,24:37:10,stop_point:SP_3237,Montagné,10
2303281,24:38:00,24:38:10,stop_point:SP_3657,Briqueterie,11
2303281,24:39:00,24:39:10,stop_point:SP_396,St-Exupéry,12
2303281,24:40:00,24:40:10,stop_point:SP_3872,Ctre Cial Tournefeuille,13
2303281,24:41:00,24:41:10,stop_point:SP_2193,Montjoie,14
2303281,24:42:00,24:42:10,stop_point:SP_414,Tournefeuille Les Chênes,15
2303281,24:43:00,24:43:10,stop_point:SP_2921,Montel,16
2303281,24:44:00,24:44:10,stop_point:SP_1531,St-Pierre,17
2303281,24:44:00,24:44:10,stop_point:SP_2627,Périgord,18
2303281,24:45:00,24:45:10,stop_point:SP_3433,Alpilles,19
2303281,24:46:00,24:46:10,stop_point:SP_2379,Collège Labitrie,20
2303281,24:46:00,24:46:10,stop_point:SP_3740,Bordeneuve,21
2303281,24:47:00,24:47:10,stop_point:SP_4840,Jean Gay,22
2303281,24:48:00,24:48:10,stop_point:SP_4093,Tournefeuille Lycée,23
2303281,24:49:00,24:49:10,stop_point:SP_4800,Loti,24
2303281,24:50:00,24:50:10,stop_point:SP_4806,Prat Dessus,25
2303281,24:50:00,24:50:10,stop_point:SP_4801,Rivière - Basse,26
2303281,24:51:00,24:51:10,stop_point:SP_4803,Eglise Plaisance,27
2303281,24:52:00,24:52:10,stop_point:SP_1027,Plaisance Monestié,28
2303282,06:15:00,06:15:10,stop_point:SP_1027,Plaisance Monestié,1
2303282,06:16:00,06:16:10,stop_point:SP_4802,Eglise Plaisance,2
2303282,06:17:00,06:17:10,stop_point:SP_4805,Rivière - Basse,3
2303282,06:17:00,06:17:10,stop_point:SP_4808,Prat Dessus,4
2303282,06:18:00,06:18:10,stop_point:SP_4804,Loti,5
2303282,06:20:00,06:20:10,stop_point:SP_4807,Tournefeuille Lycée,6
2303282,06:21:00,06:21:10,stop_point:SP_4841,Jean Gay,7
2303282,06:22:00,06:22:10,stop_point:SP_3834,Bordeneuve,8
2303282,06:22:00,06:22:10,stop_point:SP_1724,Collège Labitrie,9
2303282,06:23:00,06:23:10,stop_point:SP_2531,Alpilles,10
2303282,06:24:00,06:24:10,stop_point:SP_1488,Périgord,11
2303282,06:24:00,06:24:10,stop_point:SP_1091,St-Pierre,12
2303282,06:25:00,06:25:10,stop_point:SP_1551,Montel,13
2303282,06:26:00,06:26:10,stop_point:SP_1439,Tournefeuille Les Chênes,14
2303282,06:27:00,06:27:10,stop_point:SP_2889,Montjoie,15
2303282,06:28:00,06:28:10,stop_point:SP_4809,Ctre Cial Tournefeuille,16
2303282,06:29:00,06:29:10,stop_point:SP_2196,St-Exupéry,17
2303282,06:30:00,06:30:10,stop_point:SP_473,Briqueterie,18
2303282,06:31:00,06:31:10,stop_point:SP_2216,Montagné,19
2303282,06:32:00,06:32:10,stop_point:SP_1474,Lardenne,20
2303282,06:33:00,06:33:10,stop_point:SP_668,Eglise Lardenne,21
2303282,06:34:00,06:34:10,stop_point:SP_3700,Centre Aéré,22
2303282,06:35:00,06:35:10,stop_point:SP_1171,Tissié,23
2303282,06:36:00,06:36:10,stop_point:SP_1460,Pont Rocade,24
2303282,06:37:00,06:37:10,stop_point:SP_1149,Brombach,25
2303282,06:38:00,06:38:10,stop_point:SP_3407,Hippodrome,26
2303282,06:39:00,06:39:10,stop_point:SP_639,Négogousses,27
2303282,06:41:00,06:41:10,stop_point:SP_1754,Arènes,28
2303283,06:45:00,06:45:10,stop_point:SP_1027,Plaisance Monestié,1
2303283,06:46:00,06:46:10,stop_point:SP_4802,Eglise Plaisance,2
2303283,06:47:00,06:47:10,stop_point:SP_4805,Rivière - Basse,3
2303283,06:47:00,06:47:10,stop_point:SP_4808,Prat Dessus,4
2303283,06:48:00,06:48:10,stop_point:SP_4804,Loti,5
2303283,06:50:00,06:50:10,stop_point:SP_4807,Tournefeuille Lycée,6
2303283,06:51:00,06:51:10,stop_point:SP_4841,Jean Gay,7
2303283,06:52:00,06:52:10,stop_point:SP_3834,Bordeneuve,8
2303283,06:52:00,06:52:10,stop_point:SP_1724,Collège Labitrie,9
2303283,06:53:00,06:53:10,stop_point:SP_2531,Alpilles,10
2303283,06:54:00,06:54:10,stop_point:SP_1488,Périgord,11
2303283,06:55:00,06:55:10,stop_point:SP_1091,St-Pierre,12
2303283,06:56:00,06:56:10,stop_point:SP_1551,Montel,13
2303283,06:57:00,06:57:10,stop_point:SP_1439,Tournefeuille Les Chênes,14
2303283,06:58:00,06:58:10,stop_point:SP_2889,Montjoie,15
2303283,06:59:00,06:59:10,stop_point:SP_4809,Ctre Cial Tournefeuille,16
2303283,07:00:00,07:00:10,stop_point:SP_2196,St-Exupéry,17
2303283,07:01:00,07:01:10,stop_point:SP_473,Briqueterie,18
2303283,07:02:00,07:02:10,stop_point:SP_2216,Montagné,19
2303283,07:03:00,07:03:10,stop_point:SP_1474,Lardenne,20
2303283,07:04:00,07:04:10,stop_point:SP_668,Eglise Lardenne,21
2303283,07:05:00,07:05:10,stop_point:SP_3700,Centre Aéré,22
2303283,07:06:00,07:06:10,stop_point:SP_1171,Tissié,23
2303283,07:07:00,07:07:10,stop_point:SP_1460,Pont Rocade,24
2303283,07:08:00,07:08:10,stop_point:SP_1149,Brombach,25
2303283,07:09:00,07:09:10,stop_point:SP_3407,Hippodrome,26
2303283,07:10:00,07:10:10,stop_point:SP_639,Négogousses,27
2303283,07:12:00,07:12:10,stop_point:SP_1754,Arènes,28
2303284,07:15:00,07:15:10,stop_point:SP_1027,Plaisance Monestié,1
2303284,07:16:00,07:16:10,stop_point:SP_4802,Eglise Plaisance,2
2303284,07:17:00,07:17:10,stop_point:SP_4805,Rivière - Basse,3
2303284,07:18:00,07:18:10,stop_point:SP_4808,Prat Dessus,4
2303284,07:19:00,07:19:10,stop_point:SP_4804,Loti,5
2303284,07:21:00,07:21:10,stop_point:SP_4807,Tournefeuille Lycée,6
2303284,07:22:00,07:22:10,stop_point:SP_4841,Jean Gay,7
2303284,07:23:00,07:23:10,stop_point:SP_3834,Bordeneuve,8
2303284,07:23:00,07:23:10,stop_point:SP_1724,Collège Labitrie,9
2303284,07:24:00,07:24:10,stop_point:SP_2531,Alpilles,10
2303284,07:25:00,07:25:10,stop_point:SP_1488,Périgord,11
2303284,07:26:00,07:26:10,stop_point:SP_1091,St-Pierre,12
2303284,07:27:00,07:27:10,stop_point:SP_1551,Montel,13
2303284,07:28:00,07:28:10,stop_point:SP_1439,Tournefeuille Les Chênes,14
2303284,07:29:00,07:29:10,stop_point:SP_2889,Montjoie,15
2303284,07:30:00,07:30:10,stop_point:SP_4809,Ctre Cial Tournefeuille,16
2303284,07:31:00,07:31:10,stop_point:SP_2196,St-Exupéry,17
2303284,07:32:00,07:32:10,stop_point:SP_473,Briqueterie,18
2303284,07:33:00,07:33:10,stop_point:SP_2216,Montagné,19
2303284,07:34:00,07:34:10,stop_point:SP_1474,Lardenne,20
2303284,07:35:00,07:35:10,stop_point:SP_668,Eglise Lardenne,21
2303284,07:36:00,07:36:10,stop_point:SP_3700,Centre Aéré,22
2303284,07:37:00,07:37:10,stop_point:SP_1171,Tissié,23
2303284,07:38:00,07:38:10,stop_point:SP_1460,Pont Rocade,24
2303284,07:39:00,07:39:10,stop_point:SP_1149,Brombach,25
2303284,07:40:00,07:40:10,stop_point:SP_3407,Hippodrome,26
2303284,07:41:00,07:41:10,stop_point:SP_639,Négogousses,27
2303284,07:43:00,07:43:10,stop_point:SP_1754,Arènes,28
2303285,07:45:00,07:45:10,stop_point:SP_1027,Plaisance Monestié,1
2303285,07:46:00,07:46:10,stop_point:SP_4802,Eglise Plaisance,2
2303285,07:47:00,07:47:10,stop_point:SP_4805,Rivière - Basse,3
2303285,07:48:00,07:48:10,stop_point:SP_4808,Prat Dessus,4
2303285,07:49:00,07:49:10,stop_point:SP_4804,Loti,5
2303285,07:51:00,07:51:10,stop_point:SP_4807,Tournefeuille Lycée,6
2303285,07:52:00,07:52:10,stop_point:SP_4841,Jean Gay,7
2303285,07:53:00,07:53:10,stop_point:SP_3834,Bordeneuve,8
2303285,07:53:00,07:53:10,stop_point:SP_1724,Collège Labitrie,9
2303285,07:54:00,07:54:10,stop_point:SP_2531,Alpilles,10
2303285,07:55:00,07:55:10,stop_point:SP_1488,Périgord,11
2303285,07:56:00,07:56:10,stop_point:SP_1091,St-Pierre,12
2303285,07:57:00,07:57:10,stop_point:SP_1551,Montel,13
2303285,07:58:00,07:58:10,stop_point:SP_1439,Tournefeuille Les Chênes,14
2303285,07:59:00,07:59:10,stop_point:SP_2889,Montjoie,15
2303285,08:00:00,08:00:10,stop_point:SP_4809,Ctre Cial Tournefeuille,16
2303285,08:01:00,08:01:10,stop_point:SP_2196,St-Exupéry,17
2303285,08:02:00,08:02:10,stop_point:SP_473,Briqueterie,18
2303285,08:03:00,08:03:10,stop_point:SP_2216,Montagné,19
2303285,08:04:00,08:04:10,stop_point:SP_1474,Lardenne,20
2303285,08:05:00,08:05:10,stop_point:SP_668,Eglise Lardenne,21
2303285,08:06:00,08:06:10,stop_point:SP_3700,Centre Aéré,22
2303285,08:07:00,08:07:10,stop_point:SP_1171,Tissié,23
2303285,08:08:00,08:08:10,stop_point:SP_1460,Pont Rocade,24
2303285,08:09:00,08:09:10,stop_point:SP_1149,Brombach,25
2303285,08:10:00,08:10:10,stop_point:SP_3407,Hippodrome,26
2303285,08:11:00,08:11:10,stop_point:SP_639,Négogousses,27
2303285,08:14:00,08:14:10,stop_point:SP_1754,Arènes,28
2303286,08:15:00,08:15:10,stop_point:SP_1027,Plaisance Monestié,1
2303286,08:16:00,08:16:10,stop_point:SP_4802,Eglise Plaisance,2
2303286,08:17:00,08:17:10,stop_point:SP_4805,Rivière - Basse,3
2303286,08:18:00,08:18:10,stop_point:SP_4808,Prat Dessus,4
2303286,08:19:00,08:19:10,stop_point:SP_4804,Loti,5
2303286,08:21:00,08:21:10,stop_point:SP_4807,Tournefeuille Lycée,6
2303286,08:22:00,08:22:10,stop_point:SP_4841,Jean Gay,7
2303286,08:23:00,08:23:10,stop_point:SP_3834,Bordeneuve,8
2303286,08:23:00,08:23:10,stop_point:SP_1724,Collège Labitrie,9
2303286,08:24:00,08:24:10,stop_point:SP_2531,Alpilles,10
2303286,08:25:00,08:25:10,stop_point:SP_1488,Périgord,11
2303286,08:26:00,08:26:10,stop_point:SP_1091,St-Pierre,12
2303286,08:27:00,08:27:10,stop_point:SP_1551,Montel,13
2303286,08:28:00,08:28:10,stop_point:SP_1439,Tournefeuille Les Chênes,14
2303286,08:29:00,08:29:10,stop_point:SP_2889,Montjoie,15
2303286,08:30:00,08:30:10,stop_point:SP_4809,Ctre Cial Tournefeuille,16
2303286,08:31:00,08:31:10,stop_point:SP_2196,St-Exupéry,17
2303286,08:32:00,08:32:10,stop_point:SP_473,Briqueterie,18
2303286,08:33:00,08:33:10,stop_point:SP_2216,Montagné,19
2303286,08:34:00,08:34:10,stop_point:SP_1474,Lardenne,20
2303286,08:35:00,08:35:10,stop_point:SP_668,Eglise Lardenne,21
2303286,08:37:00,08:37:10,stop_point:SP_3700,Centre Aéré,22
2303286,08:38:00,08:38:10,stop_point:SP_1171,Tissié,23
2303286,08:39:00,08:39:10,stop_point:SP_1460,Pont Rocade,24
2303286,08:40:00,08:40:10,stop_point:SP_1149,Brombach,25
2303286,08:41:00,08:41:10,stop_point:SP_3407,Hippodrome,26
2303286,08:42:00,08:42:10,stop_point:SP_639,Négogousses,27
2303286,08:45:00,08:45:10,stop_point:SP_1754,Arènes,28
2303287,08:45:00,08:45:10,stop_point:SP_1027,Plaisance Monestié,1
2303287,08:46:00,08:46:10,stop_point:SP_4802,Eglise Plaisance,2
2303287,08:47:00,08:47:10,stop_point:SP_4805,Rivière - Basse,3
2303287,08:48:00,08:48:10,stop_point:SP_4808,Prat Dessus,4
2303287,08:49:00,08:49:10,stop_point:SP_4804,Loti,5
2303287,08:51:00,08:51:10,stop_point:SP_4807,Tournefeuille Lycée,6
2303287,08:52:00,08:52:10,stop_point:SP_4841,Jean Gay,7
2303287,08:53:00,08:53:10,stop_point:SP_3834,Bordeneuve,8
2303287,08:53:00,08:53:10,stop_point:SP_1724,Collège Labitrie,9
2303287,08:54:00,08:54:10,stop_point:SP_2531,Alpilles,10
2303287,08:55:00,08:55:10,stop_point:SP_1488,Périgord,11
2303287,08:56:00,08:56:10,stop_point:SP_1091,St-Pierre,12
2303287,08:57:00,08:57:10,stop_point:SP_1551,Montel,13
2303287,08:58:00,08:58:10,stop_point:SP_1439,Tournefeuille Les Chênes,14
2303287,08:59:00,08:59:10,stop_point:SP_2889,Montjoie,15
2303287,09:00:00,09:00:10,stop_point:SP_4809,Ctre Cial Tournefeuille,16
2303287,09:01:00,09:01:10,stop_point:SP_2196,St-Exupéry,17
2303287,09:02:00,09:02:10,stop_point:SP_473,Briqueterie,18
2303287,09:03:00,09:03:10,stop_point:SP_2216,Montagné,19
2303287,09:04:00,09:04:10,stop_point:SP_1474,Lardenne,20
2303287,09:06:00,09:06:10,stop_point:SP_668,Eglise Lardenne,21
2303287,09:07:00,09:07:10,stop_point:SP_3700,Centre Aéré,22
2303287,09:08:00,09:08:10,stop_point:SP_1171,Tissié,23
2303287,09:10:00,09:10:10,stop_point:SP_1460,Pont Rocade,24
2303287,09:11:00,09:11:10,stop_point:SP_1149,Brombach,25
2303287,09:12:00,09:12:10,stop_point:SP_3407,Hippodrome,26
2303287,09:13:00,09:13:10,stop_point:SP_639,Négogousses,27
2303287,09:16:00,09:16:10,stop_point:SP_1754,Arènes,28
2303288,09:15:00,09:15:10,stop_point:SP_1027,Plaisance Monestié,1
2303288,09:16:00,09:16:10,stop_point:SP_4802,Eglise Plaisance,2
2303288,09:17:00,09:17:10,stop_point:SP_4805,Rivière - Basse,3
2303288,09:18:00,09:18:10,stop_point:SP_4808,Prat Dessus,4
2303288,09:19:00,09:19:10,stop_point:SP_4804,Loti,5
2303288,09:21:00,09:21:10,stop_point:SP_4807,Tournefeuille Lycée,6
2303288,09:22:00,09:22:10,stop_point:SP_4841,Jean Gay,7
2303288,09:23:00,09:23:10,stop_point:SP_3834,Bordeneuve,8
2303288,09:23:00,09:23:10,stop_point:SP_1724,Collège Labitrie,9
2303288,09:24:00,09:24:10,stop_point:SP_2531,Alpilles,10
2303288,09:25:00,09:25:10,stop_point:SP_1488,Périgord,11
2303288,09:26:00,09:26:10,stop_point:SP_1091,St-Pierre,12
2303288,09:28:00,09:28:10,stop_point:SP_1551,Montel,13
2303288,09:29:00,09:29:10,stop_point:SP_1439,Tournefeuille Les Chênes,14
2303288,09:30:00,09:30:10,stop_point:SP_2889,Montjoie,15
2303288,09:31:00,09:31:10,stop_point:SP_4809,Ctre Cial Tournefeuille,16
2303288,09:32:00,09:32:10,stop_point:SP_2196,St-Exupéry,17
2303288,09:33:00,09:33:10,stop_point:SP_473,Briqueterie,18
2303288,09:34:00,09:34:10,stop_point:SP_2216,Montagné,19
2303288,09:35:00,09:35:10,stop_point:SP_1474,Lardenne,20
2303288,09:37:00,09:37:10,stop_point:SP_668,Eglise Lardenne,21
2303288,09:38:00,09:38:10,stop_point:SP_3700,Centre Aéré,22
2303288,09:39:00,09:39:10,stop_point:SP_1171,Tissié,23
2303288,09:41:00,09:41:10,stop_point:SP_1460,Pont Rocade,24
2303288,09:42:00,09:42:10,stop_point:SP_1149,Brombach,25
2303288,09:43:00,09:43:10,stop_point:SP_3407,Hippodrome,26
2303288,09:44:00,09:44:10,stop_point:SP_639,Négogousses,27
2303288,09:47:00,09:47:10,stop_point:SP_1754,Arènes,28
2303289,09:45:00,09:45:10,stop_point:SP_1027,Plaisance Monestié,1
2303289,09:46:00,09:46:10,stop_point:SP_4802,Eglise Plaisance,2
2303289,09:47:00,09:47:10,stop_point:SP_4805,Rivière - Basse,3
2303289,09:48:00,09:48:10,stop_point:SP_4808,Prat Dessus,4
2303289,09:49:00,09:49:10,stop_point:SP_4804,Loti,5
2303289,09:51:00,09:51:10,stop_point:SP_4807,Tournefeuille Lycée,6
2303289,09:52:00,09:52:10,stop_point:SP_4841,Jean Gay,7
2303289,09:53:00,09:53:10,stop_point:SP_3834,Bordeneuve,8
2303289,09:53:00,09:53:10,stop_point:SP_1724,Collège Labitrie,9
2303289,09:54:00,09:54:10,stop_point:SP_2531,Alpilles,10
2303289,09:55:00,09:55:10,stop_point:SP_1488,Périgord,11
2303289,09:56:00,09:56:10,stop_point:SP_1091,St-Pierre,12
2303289,09:58:00,09:58:10,stop_point:SP_1551,Montel,13
2303289,09:59:00,09:59:10,stop_point:SP_1439,Tournefeuille Les Chênes,14
2303289,10:00:00,10:00:10,stop_point:SP_2889,Montjoie,15
2303289,10:01:00,10:01:10,stop_point:SP_4809,Ctre Cial Tournefeuille,16
2303289,10:02:00,10:02:10,stop_point:SP_2196,St-Exupéry,17
2303289,10:04:00,10:04:10,stop_point:SP_473,Briqueterie,18
2303289,10:05:00,10:05:10,stop_point:SP_2216,Montagné,19
2303289,10:06:00,10:06:10,stop_point:SP_1474,Lardenne,20
2303289,10:08:00,10:08:10,stop_point:SP_668,Eglise Lardenne,21
2303289,10:09:00,10:09:10,stop_point:SP_3700,Centre Aéré,22
2303289,10:10:00,10:10:10,stop_point:SP_1171,Tissié,23
2303289,10:12:00,10:12:10,stop_point:SP_1460,Pont Rocade,24
2303289,10:13:00,10:13:10,stop_point:SP_1149,Brombach,25
2303289,10:14:00,10:14:10,stop_point:SP_3407,Hippodrome,26
2303289,10:15:00,10:15:10,stop_point:SP_639,Négogousses,27
2303289,10:18:00,10:18:10,stop_point:SP_1754,Arènes,28
2303290,10:15:00,10:15:10,stop_point:SP_1027,Plaisance Monestié,1
2303290,10:16:00,10:16:10,stop_point:SP_4802,Eglise Plaisance,2
2303290,10:17:00,10:17:10,stop_point:SP_4805,Rivière - Basse,3
2303290,10:18:00,10:18:10,stop_point:SP_4808,Prat Dessus,4
2303290,10:19:00,10:19:10,stop_point:SP_4804,Loti,5
2303290,10:21:00,10:21:10,stop_point:SP_4807,Tournefeuille Lycée,6
2303290,10:22:00,10:22:10,stop_point:SP_4841,Jean Gay,7
2303290,10:23:00,10:23:10,stop_point:SP_3834,Bordeneuve,8
2303290,10:23:00,10:23:10,stop_point:SP_1724,Collège Labitrie,9
2303290,10:24:00,10:24:10,stop_point:SP_2531,Alpilles,10
2303290,10:25:00,10:25:10,stop_point:SP_1488,Périgord,11
2303290,10:26:00,10:26:10,stop_point:SP_1091,St-Pierre,12
2303290,10:28:00,10:28:10,stop_point:SP_1551,Montel,13
2303290,10:29:00,10:29:10,stop_point:SP_1439,Tournefeuille Les Chênes,14
2303290,10:30:00,10:30:10,stop_point:SP_2889,Montjoie,15
2303290,10:31:00,10:31:10,stop_point:SP_4809,Ctre Cial Tournefeuille,16
2303290,10:32:00,10:32:10,stop_point:SP_2196,St-Exupéry,17
2303290,10:34:00,10:34:10,stop_point:SP_473,Briqueterie,18
2303290,10:35:00,10:35:10,stop_point:SP_2216,Montagné,19
2303290,10:36:00,10:36:10,stop_point:SP_1474,Lardenne,20
2303290,10:38:00,10:38:10,stop_point:SP_668,Eglise Lardenne,21
2303290,10:39:00,10:39:10,stop_point:SP_3700,Centre Aéré,22
2303290,10:40:00,10:40:10,stop_point:SP_1171,Tissié,23
2303290,10:42:00,10:42:10,stop_point:SP_1460,Pont Rocade,24
2303290,10:43:00,10:43:10,stop_point:SP_1149,Brombach,25
2303290,10:44:00,10:44:10,stop_point:SP_3407,Hippodrome,26
2303290,10:45:00,10:45:10,stop_point:SP_639,Négogousses,27
2303290,10:47:00,10:47:10,stop_point:SP_1754,Arènes,28
2303291,10:45:00,10:45:10,stop_point:SP_1027,Plaisance Monestié,1
2303291,10:46:00,10:46:10,stop_point:SP_4802,Eglise Plaisance,2
2303291,10:47:00,10:47:10,stop_point:SP_4805,Rivière - Basse,3
2303291,10:48:00,10:48:10,stop_point:SP_4808,Prat Dessus,4
2303291,10:49:00,10:49:10,stop_point:SP_4804,Loti,5
2303291,10:51:00,10:51:10,stop_point:SP_4807,Tournefeuille Lycée,6
2303291,10:52:00,10:52:10,stop_point:SP_4841,Jean Gay,7
2303291,10:53:00,10:53:10,stop_point:SP_3834,Bordeneuve,8
2303291,10:53:00,10:53:10,stop_point:SP_1724,Collège Labitrie,9
2303291,10:54:00,10:54:10,stop_point:SP_2531,Alpilles,10
2303291,10:55:00,10:55:10,stop_point:SP_1488,Périgord,11
2303291,10:56:00,10:56:10,stop_point:SP_1091,St-Pierre,12
2303291,10:58:00,10:58:10,stop_point:SP_1551,Montel,13
2303291,10:59:00,10:59:10,stop_point:SP_1439,Tournefeuille Les Chênes,14
2303291,11:00:00,11:00:10,stop_point:SP_2889,Montjoie,15
2303291,11:01:00,11:01:10,stop_point:SP_4809,Ctre Cial Tournefeuille,16
2303291,11:02:00,11:02:10,stop_point:SP_2196,St-Exupéry,17
2303291,11:03:00,11:03:10,stop_point:SP_473,Briqueterie,18
2303291,11:04:00,11:04:10,stop_point:SP_2216,Montagné,19
2303291,11:06:00,11:06:10,stop_point:SP_1474,Lardenne,20
2303291,11:08:00,11:08:10,stop_point:SP_668,Eglise Lardenne,21
2303291,11:09:00,11:09:10,stop_point:SP_3700,Centre Aéré,22
2303291,11:10:00,11:10:10,stop_point:SP_1171,Tissié,23
2303291,11:12:00,11:12:10,stop_point:SP_1460,Pont Rocade,24
2303291,11:13:00,11:13:10,stop_point:SP_1149,Brombach,25
2303291,11:14:00,11:14:10,stop_point:SP_3407,Hippodrome,26
2303291,11:15:00,11:15:10,stop_point:SP_639,Négogousses,27
2303291,11:18:00,11:18:10,stop_point:SP_1754,Arènes,28
2303292,11:15:00,11:15:10,stop_point:SP_1027,Plaisance Monestié,1
2303292,11:16:00,11:16:10,stop_point:SP_4802,Eglise Plaisance,2
2303292,11:17:00,11:17:10,stop_point:SP_4805,Rivière - Basse,3
2303292,11:18:00,11:18:10,stop_point:SP_4808,Prat Dessus,4
2303292,11:19:00,11:19:10,stop_point:SP_4804,Loti,5
2303292,11:21:00,11:21:10,stop_point:SP_4807,Tournefeuille Lycée,6
2303292,11:22:00,11:22:10,stop_point:SP_4841,Jean Gay,7
2303292,11:23:00,11:23:10,stop_point:SP_3834,Bordeneuve,8
2303292,11:23:00,11:23:10,stop_point:SP_1724,Collège Labitrie,9
2303292,11:24:00,11:24:10,stop_point:SP_2531,Alpilles,10
2303292,11:25:00,11:25:10,stop_point:SP_1488,Périgord,11
2303292,11:26:00,11:26:10,stop_point:SP_1091,St-Pierre,12
2303292,11:28:00,11:28:10,stop_point:SP_1551,Montel,13
2303292,11:29:00,11:29:10,stop_point:SP_1439,Tournefeuille Les Chênes,14
2303292,11:31:00,11:31:10,stop_point:SP_2889,Montjoie,15
2303292,11:32:00,11:32:10,stop_point:SP_4809,Ctre Cial Tournefeuille,16
2303292,11:33:00,11:33:10,stop_point:SP_2196,St-Exupéry,17
2303292,11:34:00,11:34:10,stop_point:SP_473,Briqueterie,18
2303292,11:35:00,11:35:10,stop_point:SP_2216,Montagné,19
2303292,11:37:00,11:37:10,stop_point:SP_1474,Lardenne,20
2303292,11:39:00,11:39:10,stop_point:SP_668,Eglise Lardenne,21
2303292,11:40:00,11:40:10,stop_point:SP_3700,Centre Aéré,22
2303292,11:41:00,11:41:10,stop_point:SP_1171,Tissié,23
2303292,11:43:00,11:43:10,stop_point:SP_1460,Pont Rocade,24
2303292,11:44:00,11:44:10,stop_point:SP_1149,Brombach,25
2303292,11:45:00,11:45:10,stop_point:SP_3407,Hippodrome,26
2303292,11:46:00,11:46:10,stop_point:SP_639,Négogousses,27
2303292,11:49:00,11:49:10,stop_point:SP_1754,Arènes,28
2303293,11:45:00,11:45:10,stop_point:SP_1027,Plaisance Monestié,1
2303293,11:46:00,11:46:10,stop_point:SP_4802,Eglise Plaisance,2
2303293,11:47:00,11:47:10,stop_point:SP_4805,Rivière - Basse,3
2303293,11:48:00,11:48:10,stop_point:SP_4808,Prat Dessus,4
2303293,11:49:00,11:49:10,stop_point:SP_4804,Loti,5
2303293,11:51:00,11:51:10,stop_point:SP_4807,Tournefeuille Lycée,6
2303293,11:52:00,11:52:10,stop_point:SP_4841,Jean Gay,7
2303293,11:53:00,11:53:10,stop_point:SP_3834,Bordeneuve,8
2303293,11:53:00,11:53:10,stop_point:SP_1724,Collège Labitrie,9
2303293,11:54:00,11:54:10,stop_point:SP_2531,Alpilles,10
2303293,11:55:00,11:55:10,stop_point:SP_1488,Périgord,11
2303293,11:56:00,11:56:10,stop_point:SP_1091,St-Pierre,12
2303293,11:58:00,11:58:10,stop_point:SP_1551,Montel,13
2303293,11:59:00,11:59:10,stop_point:SP_1439,Tournefeuille Les Chênes,14
2303293,12:00:00,12:00:10,stop_point:SP_2889,Montjoie,15
2303293,12:01:00,12:01:10,stop_point:SP_4809,Ctre Cial Tournefeuille,16
2303293,12:02:00,12:02:10,stop_point:SP_2196,St-Exupéry,17
2303293,12:03:00,12:03:10,stop_point:SP_473,Briqueterie,18
2303293,12:04:00,12:04:10,stop_point:SP_2216,Montagné,19
2303293,12:06:00,12:06:10,stop_point:SP_1474,Lardenne,20
2303293,12:08:00,12:08:10,stop_point:SP_668,Eglise Lardenne,21
2303293,12:09:00,12:09:10,stop_point:SP_3700,Centre Aéré,22
2303293,12:10:00,12:10:10,stop_point:SP_1171,Tissié,23
2303293,12:12:00,12:12:10,stop_point:SP_1460,Pont Rocade,24
2303293,12:13:00,12:13:10,stop_point:SP_1149,Brombach,25
2303293,12:14:00,12:14:10,stop_point:SP_3407,Hippodrome,26
2303293,12:15:00,12:15:10,stop_point:SP_639,Négogousses,27
2303293,12:18:00,12:18:10,stop_point:SP_1754,Arènes,28
2303294,12:15:00,12:15:10,stop_point:SP_1027,Plaisance Monestié,1
2303294,12:16:00,12:16:10,stop_point:SP_4802,Eglise Plaisance,2
2303294,12:17:00,12:17:10,stop_point:SP_4805,Rivière - Basse,3
2303294,12:18:00,12:18:10,stop_point:SP_4808,Prat Dessus,4
2303294,12:19:00,12:19:10,stop_point:SP_4804,Loti,5
2303294,12:21:00,12:21:10,stop_point:SP_4807,Tournefeuille Lycée,6
2303294,12:22:00,12:22:10,stop_point:SP_4841,Jean Gay,7
2303294,12:23:00,12:23:10,stop_point:SP_3834,Bordeneuve,8
2303294,12:23:00,12:23:10,stop_point:SP_1724,Collège Labitrie,9
2303294,12:24:00,12:24:10,stop_point:SP_2531,Alpilles,10
2303294,12:25:00,12:25:10,stop_point:SP_1488,Périgord,11
2303294,12:26:00,12:26:10,stop_point:SP_1091,St-Pierre,12
2303294,12:28:00,12:28:10,stop_point:SP_1551,Montel,13
2303294,12:29:00,12:29:10,stop_point:SP_1439,Tournefeuille Les Chênes,14
2303294,12:30:00,12:30:10,stop_point:SP_2889,Montjoie,15
2303294,12:31:00,12:31:10,stop_point:SP_4809,Ctre Cial Tournefeuille,16
2303294,12:32:00,12:32:10,stop_point:SP_2196,St-Exupéry,17
2303294,12:33:00,12:33:10,stop_point:SP_473,Briqueterie,18
2303294,12:34:00,12:34:10,stop_point:SP_2216,Montagné,19
2303294,12:36:00,12:36:10,stop_point:SP_1474,Lardenne,20
2303294,12:38:00,12:38:10,stop_point:SP_668,Eglise Lardenne,21
2303294,12:39:00,12:39:10,stop_point:SP_3700,Centre Aéré,22
2303294,12:40:00,12:40:10,stop_point:SP_1171,Tissié,23
2303294,12:42:00,12:42:10,stop_point:SP_1460,Pont Rocade,24
2303294,12:43:00,12:43:10,stop_point:SP_1149,Brombach,25
2303294,12:44:00,12:44:10,stop_point:SP_3407,Hippodrome,26
2303294,12:45:00,12:45:10,stop_point:SP_639,Négogousses,27
2303294,12:48:00,12:48:10,stop_point:SP_1754,Arènes,28
2303295,12:45:00,12:45:10,stop_point:SP_1027,Plaisance Monestié,1
2303295,12:46:00,12:46:10,stop_point:SP_4802,Eglise Plaisance,2
2303295,12:47:00,12:47:10,stop_point:SP_4805,Rivière - Basse,3
2303295,12:48:00,12:48:10,stop_point:SP_4808,Prat Dessus,4
2303295,12:49:00,12:49:10,stop_point:SP_4804,Loti,5
2303295,12:51:00,12:51:10,stop_point:SP_4807,Tournefeuille Lycée,6
2303295,12:52:00,12:52:10,stop_point:SP_4841,Jean Gay,7
2303295,12:53:00,12:53:10,stop_point:SP_3834,Bordeneuve,8
2303295,12:53:00,12:53:10,stop_point:SP_1724,Collège Labitrie,9
2303295,12:54:00,12:54:10,stop_point:SP_2531,Alpilles,10
2303295,12:55:00,12:55:10,stop_point:SP_1488,Périgord,11
2303295,12:56:00,12:56:10,stop_point:SP_1091,St-Pierre,12
2303295,12:58:00,12:58:10,stop_point:SP_1551,Montel,13
2303295,12:59:00,12:59:10,stop_point:SP_1439,Tournefeuille Les Chênes,14
2303295,13:00:00,13:00:10,stop_point:SP_2889,Montjoie,15
2303295,13:01:00,13:01:10,stop_point:SP_4809,Ctre Cial Tournefeuille,16
2303295,13:02:00,13:02:10,stop_point:SP_2196,St-Exupéry,17
2303295,13:03:00,13:03:10,stop_point:SP_473,Briqueterie,18
2303295,13:04:00,13:04:10,stop_point:SP_2216,Montagné,19
2303295,13:06:00,13:06:10,stop_point:SP_1474,Lardenne,20
2303295,13:08:00,13:08:10,stop_point:SP_668,Eglise Lardenne,21
2303295,13:09:00,13:09:10,stop_point:SP_3700,Centre Aéré,22
2303295,13:10:00,13:10:10,stop_point:SP_1171,Tissié,23
2303295,13:12:00,13:12:10,stop_point:SP_1460,Pont Rocade,24
2303295,13:13:00,13:13:10,stop_point:SP_1149,Brombach,25
2303295,13:14:00,13:14:10,stop_point:SP_3407,Hippodrome,26
2303295,13:15:00,13:15:10,stop_point:SP_639,Négogousses,27
2303295,13:18:00,13:18:10,stop_point:SP_1754,Arènes,28
2303296,13:15:00,13:15:10,stop_point:SP_1027,Plaisance Monestié,1
2303296,13:16:00,13:16:10,stop_point:SP_4802,Eglise Plaisance,2
2303296,13:17:00,13:17:10,stop_point:SP_4805,Rivière - Basse,3
2303296,13:18:00,13:18:10,stop_point:SP_4808,Prat Dessus,4
2303296,13:19:00,13:19:10,stop_point:SP_4804,Loti,5
2303296,13:21:00,13:21:10,stop_point:SP_4807,Tournefeuille Lycée,6
2303296,13:22:00,13:22:10,stop_point:SP_4841,Jean Gay,7
2303296,13:23:00,13:23:10,stop_point:SP_3834,Bordeneuve,8
2303296,13:23:00,13:23:10,stop_point:SP_1724,Collège Labitrie,9
2303296,13:24:00,13:24:10,stop_point:SP_2531,Alpilles,10
2303296,13:25:00,13:25:10,stop_point:SP_1488,Périgord,11
2303296,13:26:00,13:26:10,stop_point:SP_1091,St-Pierre,12
2303296,13:28:00,13:28:10,stop_point:SP_1551,Montel,13
2303296,13:29:00,13:29:10,stop_point:SP_1439,Tournefeuille Les Chênes,14
2303296,13:30:00,13:30:10,stop_point:SP_2889,Montjoie,15
2303296,13:31:00,13:31:10,stop_point:SP_4809,Ctre Cial Tournefeuille,16
2303296,13:32:00,13:32:10,stop_point:SP_2196,St-Exupéry,17
2303296,13:34:00,13:34:10,stop_point:SP_473,Briqueterie,18
2303296,13:35:00,13:35:10,stop_point:SP_2216,Montagné,19
2303296,13:36:00,13:36:10,stop_point:SP_1474,Lardenne,20
2303296,13:38:00,13:38:10,stop_point:SP_668,Eglise Lardenne,21
2303296,13:39:00,13:39:10,stop_point:SP_3700,Centre Aéré,22
2303296,13:40:00,13:40:10,stop_point:SP_1171,Tissié,23
2303296,13:42:00,13:42:10,stop_point:SP_1460,Pont Rocade,24
2303296,13:43:00,13:43:10,stop_point:SP_1149,Brombach,25
2303296,13:44:00,13:44:10,stop_point:SP_3407,Hippodrome,26
2303296,13:45:00,13:45:10,stop_point:SP_639,Négogousses,27
2303296,13:48:00,13:48:10,stop_point:SP_1754,Arènes,28
2303297,13:45:00,13:45:10,stop_point:SP_1027,Plaisance Monestié,1
2303297,13:46:00,13:46:10,stop_point:SP_4802,Eglise Plaisance,2
2303297,13:47:00,13:47:10,stop_point:SP_4805,Rivière - Basse,3
2303297,13:48:00,13:48:10,stop_point:SP_4808,Prat Dessus,4
2303297,13:49:00,13:49:10,stop_point:SP_4804,Loti,5
2303297,13:51:00,13:51:10,stop_point:SP_4807,Tournefeuille Lycée,6
2303297,13:52:00,13:52:10,stop_point:SP_4841,Jean Gay,7
2303297,13:53:00,13:53:10,stop_point:SP_3834,Bordeneuve,8
2303297,13:53:00,13:53:10,stop_point:SP_1724,Collège Labitrie,9
2303297,13:54:00,13:54:10,stop_point:SP_2531,Alpilles,10
2303297,13:55:00,13:55:10,stop_point:SP_1488,Périgord,11
2303297,13:56:00,13:56:10,stop_point:SP_1091,St-Pierre,12
2303297,13:58:00,13:58:10,stop_point:SP_1551,Montel,13
2303297,13:59:00,13:59:10,stop_point:SP_1439,Tournefeuille Les Chênes,14
2303297,14:00:00,14:00:10,stop_point:SP_2889,Montjoie,15
2303297,14:01:00,14:01:10,stop_point:SP_4809,Ctre Cial Tournefeuille,16
2303297,14:02:00,14:02:10,stop_point:SP_2196,St-Exupéry,17
2303297,14:04:00,14:04:10,stop_point:SP_473,Briqueterie,18
2303297,14:05:00,14:05:10,stop_point:SP_2216,Montagné,19
2303297,14:06:00,14:06:10,stop_point:SP_1474,Lardenne,20
2303297,14:08:00,14:08:10,stop_point:SP_668,Eglise Lardenne,21
2303297,14:09:00,14:09:10,stop_point:SP_3700,Centre Aéré,22
2303297,14:10:00,14:10:10,stop_point:SP_1171,Tissié,23
2303297,14:12:00,14:12:10,stop_point:SP_1460,Pont Rocade,24
2303297,14:13:00,14:13:10,stop_point:SP_1149,Brombach,25
2303297,14:14:00,14:14:10,stop_point:SP_3407,Hippodrome,26
2303297,14:15:00,14:15:10,stop_point:SP_639,Négogousses,27
2303297,14:17:00,14:17:10,stop_point:SP_1754,Arènes,28
2303298,14:15:00,14:15:10,stop_point:SP_1027,Plaisance Monestié,1
2303298,14:16:00,14:16:10,stop_point:SP_4802,Eglise Plaisance,2
2303298,14:17:00,14:17:10,stop_point:SP_4805,Rivière - Basse,3
2303298,14:18:00,14:18:10,stop_point:SP_4808,Prat Dessus,4
2303298,14:19:00,14:19:10,stop_point:SP_4804,Loti,5
2303298,14:21:00,14:21:10,stop_point:SP_4807,Tournefeuille Lycée,6
2303298,14:22:00,14:22:10,stop_point:SP_4841,Jean Gay,7
2303298,14:23:00,14:23:10,stop_point:SP_3834,Bordeneuve,8
2303298,14:23:00,14:23:10,stop_point:SP_1724,Collège Labitrie,9
2303298,14:24:00,14:24:10,stop_point:SP_2531,Alpilles,10
2303298,14:25:00,14:25:10,stop_point:SP_1488,Périgord,11
2303298,14:26:00,14:26:10,stop_point:SP_1091,St-Pierre,12
2303298,14:28:00,14:28:10,stop_point:SP_1551,Montel,13
2303298,14:29:00,14:29:10,stop_point:SP_1439,Tournefeuille Les Chênes,14
2303298,14:30:00,14:30:10,stop_point:SP_2889,Montjoie,15
2303298,14:31:00,14:31:10,stop_point:SP_4809,Ctre Cial Tournefeuille,16
2303298,14:32:00,14:32:10,stop_point:SP_2196,St-Exupéry,17
2303298,14:34:00,14:34:10,stop_point:SP_473,Briqueterie,18
2303298,14:35:00,14:35:10,stop_point:SP_2216,Montagné,19
2303298,14:36:00,14:36:10,stop_point:SP_1474,Lardenne,20
2303298,14:38:00,14:38:10,stop_point:SP_668,Eglise Lardenne,21
2303298,14:40:00,14:40:10,stop_point:SP_3700,Centre Aéré,22
2303298,14:41:00,14:41:10,stop_point:SP_1171,Tissié,23
2303298,14:43:00,14:43:10,stop_point:SP_1460,Pont Rocade,24
2303298,14:44:00,14:44:10,stop_point:SP_1149,Brombach,25
2303298,14:45:00,14:45:10,stop_point:SP_3407,Hippodrome,26
2303298,14:46:00,14:46:10,stop_point:SP_639,Négogousses,27
2303298,14:48:00,14:48:10,stop_point:SP_1754,Arènes,28
2303299,14:45:00,14:45:10,stop_point:SP_1027,Plaisance Monestié,1
2303299,14:46:00,14:46:10,stop_point:SP_4802,Eglise Plaisance,2
2303299,14:47:00,14:47:10,stop_point:SP_4805,Rivière - Basse,3
2303299,14:48:00,14:48:10,stop_point:SP_4808,Prat Dessus,4
2303299,14:49:00,14:49:10,stop_point:SP_4804,Loti,5
2303299,14:51:00,14:51:10,stop_point:SP_4807,Tournefeuille Lycée,6
2303299,14:52:00,14:52:10,stop_point:SP_4841,Jean Gay,7
2303299,14:53:00,14:53:10,stop_point:SP_3834,Bordeneuve,8
2303299,14:53:00,14:53:10,stop_point:SP_1724,Collège Labitrie,9
2303299,14:54:00,14:54:10,stop_point:SP_2531,Alpilles,10
2303299,14:55:00,14:55:10,stop_point:SP_1488,Périgord,11
2303299,14:56:00,14:56:10,stop_point:SP_1091,St-Pierre,12
2303299,14:58:00,14:58:10,stop_point:SP_1551,Montel,13
2303299,14:59:00,14:59:10,stop_point:SP_1439,Tournefeuille Les Chênes,14
2303299,15:00:00,15:00:10,stop_point:SP_2889,Montjoie,15
2303299,15:01:00,15:01:10,stop_point:SP_4809,Ctre Cial Tournefeuille,16
2303299,15:02:00,15:02:10,stop_point:SP_2196,St-Exupéry,17
2303299,15:04:00,15:04:10,stop_point:SP_473,Briqueterie,18
2303299,15:05:00,15:05:10,stop_point:SP_2216,Montagné,19
2303299,15:06:00,15:06:10,stop_point:SP_1474,Lardenne,20
2303299,15:08:00,15:08:10,stop_point:SP_668,Eglise Lardenne,21
2303299,15:10:00,15:10:10,stop_point:SP_3700,Centre Aéré,22
2303299,15:11:00,15:11:10,stop_point:SP_1171,Tissié,23
2303299,15:13:00,15:13:10,stop_point:SP_1460,Pont Rocade,24
2303299,15:14:00,15:14:10,stop_point:SP_1149,Brombach,25
2303299,15:15:00,15:15:10,stop_point:SP_3407,Hippodrome,26
2303299,15:16:00,15:16:10,stop_point:SP_639,Négogousses,27
2303299,15:18:00,15:18:10,stop_point:SP_1754,Arènes,28
2303300,15:15:00,15:15:10,stop_point:SP_1027,Plaisance Monestié,1
2303300,15:16:00,15:16:10,stop_point:SP_4802,Eglise Plaisance,2
2303300,15:17:00,15:17:10,stop_point:SP_4805,Rivière - Basse,3
2303300,15:18:00,15:18:10,stop_point:SP_4808,Prat Dessus,4
2303300,15:19:00,15:19:10,stop_point:SP_4804,Loti,5
2303300,15:21:00,15:21:10,stop_point:SP_4807,Tournefeuille Lycée,6
2303300,15:22:00,15:22:10,stop_point:SP_4841,Jean Gay,7
2303300,15:23:00,15:23:10,stop_point:SP_3834,Bordeneuve,8
2303300,15:23:00,15:23:10,stop_point:SP_1724,Collège Labitrie,9
2303300,15:24:00,15:24:10,stop_point:SP_2531,Alpilles,10
2303300,15:25:00,15:25:10,stop_point:SP_1488,Périgord,11
2303300,15:26:00,15:26:10,stop_point:SP_1091,St-Pierre,12
2303300,15:28:00,15:28:10,stop_point:SP_1551,Montel,13
2303300,15:29:00,15:29:10,stop_point:SP_1439,Tournefeuille Les Chênes,14
2303300,15:30:00,15:30:10,stop_point:SP_2889,Montjoie,15
2303300,15:31:00,15:31:10,stop_point:SP_4809,Ctre Cial Tournefeuille,16
2303300,15:32:00,15:32:10,stop_point:SP_2196,St-Exupéry,17
2303300,15:34:00,15:34:10,stop_point:SP_473,Briqueterie,18
2303300,15:35:00,15:35:10,stop_point:SP_2216,Montagné,19
2303300,15:36:00,15:36:10,stop_point:SP_1474,Lardenne,20
2303300,15:38:00,15:38:10,stop_point:SP_668,Eglise Lardenne,21
2303300,15:39:00,15:39:10,stop_point:SP_3700,Centre Aéré,22
2303300,15:40:00,15:40:10,stop_point:SP_1171,Tissié,23
2303300,15:42:00,15:42:10,stop_point:SP_1460,Pont Rocade,24
2303300,15:43:00,15:43:10,stop_point:SP_1149,Brombach,25
2303300,15:44:00,15:44:10,stop_point:SP_3407,Hippodrome,26
2303300,15:45:00,15:45:10,stop_point:SP_639,Négogousses,27
2303300,15:48:00,15:48:10,stop_point:SP_1754,Arènes,28
2303301,15:45:00,15:45:10,stop_point:SP_1027,Plaisance Monestié,1
2303301,15:46:00,15:46:10,stop_point:SP_4802,Eglise Plaisance,2
2303301,15:47:00,15:47:10,stop_point:SP_4805,Rivière - Basse,3
2303301,15:48:00,15:48:10,stop_point:SP_4808,Prat Dessus,4
2303301,15:49:00,15:49:10,stop_point:SP_4804,Loti,5
2303301,15:51:00,15:51:10,stop_point:SP_4807,Tournefeuille Lycée,6
2303301,15:52:00,15:52:10,stop_point:SP_4841,Jean Gay,7
2303301,15:53:00,15:53:10,stop_point:SP_3834,Bordeneuve,8
2303301,15:53:00,15:53:10,stop_point:SP_1724,Collège Labitrie,9
2303301,15:54:00,15:54:10,stop_point:SP_2531,Alpilles,10
2303301,15:55:00,15:55:10,stop_point:SP_1488,Périgord,11
2303301,15:56:00,15:56:10,stop_point:SP_1091,St-Pierre,12
2303301,15:58:00,15:58:10,stop_point:SP_1551,Montel,13
2303301,15:59:00,15:59:10,stop_point:SP_1439,Tournefeuille Les Chênes,14
2303301,16:01:00,16:01:10,stop_point:SP_2889,Montjoie,15
2303301,16:02:00,16:02:10,stop_point:SP_4809,Ctre Cial Tournefeuille,16
2303301,16:03:00,16:03:10,stop_point:SP_2196,St-Exupéry,17
2303301,16:04:00,16:04:10,stop_point:SP_473,Briqueterie,18
2303301,16:05:00,16:05:10,stop_point:SP_2216,Montagné,19
2303301,16:06:00,16:06:10,stop_point:SP_1474,Lardenne,20
2303301,16:08:00,16:08:10,stop_point:SP_668,Eglise Lardenne,21
2303301,16:09:00,16:09:10,stop_point:SP_3700,Centre Aéré,22
2303301,16:10:00,16:10:10,stop_point:SP_1171,Tissié,23
2303301,16:12:00,16:12:10,stop_point:SP_1460,Pont Rocade,24
2303301,16:13:00,16:13:10,stop_point:SP_1149,Brombach,25
2303301,16:15:00,16:15:10,stop_point:SP_3407,Hippodrome,26
2303301,16:16:00,16:16:10,stop_point:SP_639,Négogousses,27
2303301,16:19:00,16:19:10,stop_point:SP_1754,Arènes,28
2303302,16:15:00,16:15:10,stop_point:SP_1027,Plaisance Monestié,1
2303302,16:16:00,16:16:10,stop_point:SP_4802,Eglise Plaisance,2
2303302,16:17:00,16:17:10,stop_point:SP_4805,Rivière - Basse,3
2303302,16:18:00,16:18:10,stop_point:SP_4808,Prat Dessus,4
2303302,16:19:00,16:19:10,stop_point:SP_4804,Loti,5
2303302,16:21:00,16:21:10,stop_point:SP_4807,Tournefeuille Lycée,6
2303302,16:22:00,16:22:10,stop_point:SP_4841,Jean Gay,7
2303302,16:23:00,16:23:10,stop_point:SP_3834,Bordeneuve,8
2303302,16:23:00,16:23:10,stop_point:SP_1724,Collège Labitrie,9
2303302,16:24:00,16:24:10,stop_point:SP_2531,Alpilles,10
2303302,16:25:00,16:25:10,stop_point:SP_1488,Périgord,11
2303302,16:26:00,16:26:10,stop_point:SP_1091,St-Pierre,12
2303302,16:28:00,16:28:10,stop_point:SP_1551,Montel,13
2303302,16:29:00,16:29:10,stop_point:SP_1439,Tournefeuille Les Chênes,14
2303302,16:31:00,16:31:10,stop_point:SP_2889,Montjoie,15
2303302,16:32:00,16:32:10,stop_point:SP_4809,Ctre Cial Tournefeuille,16
2303302,16:33:00,16:33:10,stop_point:SP_2196,St-Exupéry,17
2303302,16:34:00,16:34:10,stop_point:SP_473,Briqueterie,18
2303302,16:35:00,16:35:10,stop_point:SP_2216,Montagné,19
2303302,16:36:00,16:36:10,stop_point:SP_1474,Lardenne,20
2303302,16:37:00,16:37:10,stop_point:SP_668,Eglise Lardenne,21
2303302,16:39:00,16:39:10,stop_point:SP_3700,Centre Aéré,22
2303302,16:40:00,16:40:10,stop_point:SP_1171,Tissié,23
2303302,16:41:00,16:41:10,stop_point:SP_1460,Pont Rocade,24
2303302,16:42:00,16:42:10,stop_point:SP_1149,Brombach,25
2303302,16:44:00,16:44:10,stop_point:SP_3407,Hippodrome,26
2303302,16:45:00,16:45:10,stop_point:SP_639,Négogousses,27
2303302,16:48:00,16:48:10,stop_point:SP_1754,Arènes,28
2303303,16:45:00,16:45:10,stop_point:SP_1027,Plaisance Monestié,1
2303303,16:46:00,16:46:10,stop_point:SP_4802,Eglise Plaisance,2
2303303,16:47:00,16:47:10,stop_point:SP_4805,Rivière - Basse,3
2303303,16:48:00,16:48:10,stop_point:SP_4808,Prat Dessus,4
2303303,16:49:00,16:49:10,stop_point:SP_4804,Loti,5
2303303,16:51:00,16:51:10,stop_point:SP_4807,Tournefeuille Lycée,6
2303303,16:52:00,16:52:10,stop_point:SP_4841,Jean Gay,7
2303303,16:53:00,16:53:10,stop_point:SP_3834,Bordeneuve,8
2303303,16:53:00,16:53:10,stop_point:SP_1724,Collège Labitrie,9
2303303,16:54:00,16:54:10,stop_point:SP_2531,Alpilles,10
2303303,16:55:00,16:55:10,stop_point:SP_1488,Périgord,11
2303303,16:56:00,16:56:10,stop_point:SP_1091,St-Pierre,12
2303303,16:58:00,16:58:10,stop_point:SP_1551,Montel,13
2303303,16:59:00,16:59:10,stop_point:SP_1439,Tournefeuille Les Chênes,14
2303303,17:01:00,17:01:10,stop_point:SP_2889,Montjoie,15
2303303,17:02:00,17:02:10,stop_point:SP_4809,Ctre Cial Tournefeuille,16
2303303,17:03:00,17:03:10,stop_point:SP_2196,St-Exupéry,17
2303303,17:04:00,17:04:10,stop_point:SP_473,Briqueterie,18
2303303,17:05:00,17:05:10,stop_point:SP_2216,Montagné,19
2303303,17:06:00,17:06:10,stop_point:SP_1474,Lardenne,20
2303303,17:07:00,17:07:10,stop_point:SP_668,Eglise Lardenne,21
2303303,17:09:00,17:09:10,stop_point:SP_3700,Centre Aéré,22
2303303,17:10:00,17:10:10,stop_point:SP_1171,Tissié,23
2303303,17:11:00,17:11:10,stop_point:SP_1460,Pont Rocade,24
2303303,17:12:00,17:12:10,stop_point:SP_1149,Brombach,25
2303303,17:13:00,17:13:10,stop_point:SP_3407,Hippodrome,26
2303303,17:14:00,17:14:10,stop_point:SP_639,Négogousses,27
2303303,17:17:00,17:17:10,stop_point:SP_1754,Arènes,28
2303304,17:15:00,17:15:10,stop_point:SP_1027,Plaisance Monestié,1
2303304,17:16:00,17:16:10,stop_point:SP_4802,Eglise Plaisance,2
2303304,17:17:00,17:17:10,stop_point:SP_4805,Rivière - Basse,3
2303304,17:18:00,17:18:10,stop_point:SP_4808,Prat Dessus,4
2303304,17:19:00,17:19:10,stop_point:SP_4804,Loti,5
2303304,17:21:00,17:21:10,stop_point:SP_4807,Tournefeuille Lycée,6
2303304,17:22:00,17:22:10,stop_point:SP_4841,Jean Gay,7
2303304,17:23:00,17:23:10,stop_point:SP_3834,Bordeneuve,8
2303304,17:23:00,17:23:10,stop_point:SP_1724,Collège Labitrie,9
2303304,17:24:00,17:24:10,stop_point:SP_2531,Alpilles,10
2303304,17:25:00,17:25:10,stop_point:SP_1488,Périgord,11
2303304,17:26:00,17:26:10,stop_point:SP_1091,St-Pierre,12
2303304,17:28:00,17:28:10,stop_point:SP_1551,Montel,13
2303304,17:29:00,17:29:10,stop_point:SP_1439,Tournefeuille Les Chênes,14
2303304,17:31:00,17:31:10,stop_point:SP_2889,Montjoie,15
2303304,17:32:00,17:32:10,stop_point:SP_4809,Ctre Cial Tournefeuille,16
2303304,17:33:00,17:33:10,stop_point:SP_2196,St-Exupéry,17
2303304,17:35:00,17:35:10,stop_point:SP_473,Briqueterie,18
2303304,17:36:00,17:36:10,stop_point:SP_2216,Montagné,19
2303304,17:37:00,17:37:10,stop_point:SP_1474,Lardenne,20
2303304,17:38:00,17:38:10,stop_point:SP_668,Eglise Lardenne,21
2303304,17:40:00,17:40:10,stop_point:SP_3700,Centre Aéré,22
2303304,17:41:00,17:41:10,stop_point:SP_1171,Tissié,23
2303304,17:42:00,17:42:10,stop_point:SP_1460,Pont Rocade,24
2303304,17:43:00,17:43:10,stop_point:SP_1149,Brombach,25
2303304,17:45:00,17:45:10,stop_point:SP_3407,Hippodrome,26
2303304,17:46:00,17:46:10,stop_point:SP_639,Négogousses,27
2303304,17:49:00,17:49:10,stop_point:SP_1754,Arènes,28
2303305,17:45:00,17:45:10,stop_point:SP_1027,Plaisance Monestié,1
2303305,17:46:00,17:46:10,stop_point:SP_4802,Eglise Plaisance,2
2303305,17:47:00,17:47:10,stop_point:SP_4805,Rivière - Basse,3
2303305,17:48:00,17:48:10,stop_point:SP_4808,Prat Dessus,4
2303305,17:49:00,17:49:10,stop_point:SP_4804,Loti,5
2303305,17:51:00,17:51:10,stop_point:SP_4807,Tournefeuille Lycée,6
2303305,17:52:00,17:52:10,stop_point:SP_4841,Jean Gay,7
2303305,17:53:00,17:53:10,stop_point:SP_3834,Bordeneuve,8
2303305,17:53:00,17:53:10,stop_point:SP_1724,Collège Labitrie,9
2303305,17:54:00,17:54:10,stop_point:SP_2531,Alpilles,10
2303305,17:55:00,17:55:10,stop_point:SP_1488,Périgord,11
2303305,17:56:00,17:56:10,stop_point:SP_1091,St-Pierre,12
2303305,17:58:00,17:58:10,stop_point:SP_1551,Montel,13
2303305,17:59:00,17:59:10,stop_point:SP_1439,Tournefeuille Les Chênes,14
2303305,18:00:00,18:00:10,stop_point:SP_2889,Montjoie,15
2303305,18:01:00,18:01:10,stop_point:SP_4809,Ctre Cial Tournefeuille,16
2303305,18:02:00,18:02:10,stop_point:SP_2196,St-Exupéry,17
2303305,18:04:00,18:04:10,stop_point:SP_473,Briqueterie,18
2303305,18:05:00,18:05:10,stop_point:SP_2216,Montagné,19
2303305,18:06:00,18:06:10,stop_point:SP_1474,Lardenne,20
2303305,18:07:00,18:07:10,stop_point:SP_668,Eglise Lardenne,21
2303305,18:09:00,18:09:10,stop_point:SP_3700,Centre Aéré,22
2303305,18:10:00,18:10:10,stop_point:SP_1171,Tissié,23
2303305,18:11:00,18:11:10,stop_point:SP_1460,Pont Rocade,24
2303305,18:12:00,18:12:10,stop_point:SP_1149,Brombach,25
2303305,18:14:00,18:14:10,stop_point:SP_3407,Hippodrome,26
2303305,18:15:00,18:15:10,stop_point:SP_639,Négogousses,27
2303305,18:18:00,18:18:10,stop_point:SP_1754,Arènes,28
2303306,18:15:00,18:15:10,stop_point:SP_1027,Plaisance Monestié,1
2303306,18:16:00,18:16:10,stop_point:SP_4802,Eglise Plaisance,2
2303306,18:17:00,18:17:10,stop_point:SP_4805,Rivière - Basse,3
2303306,18:18:00,18:18:10,stop_point:SP_4808,Prat Dessus,4
2303306,18:19:00,18:19:10,stop_point:SP_4804,Loti,5
2303306,18:21:00,18:21:10,stop_point:SP_4807,Tournefeuille Lycée,6
2303306,18:22:00,18:22:10,stop_point:SP_4841,Jean Gay,7
2303306,18:23:00,18:23:10,stop_point:SP_3834,Bordeneuve,8
2303306,18:23:00,18:23:10,stop_point:SP_1724,Collège Labitrie,9
2303306,18:24:00,18:24:10,stop_point:SP_2531,Alpilles,10
2303306,18:25:00,18:25:10,stop_point:SP_1488,Périgord,11
2303306,18:26:00,18:26:10,stop_point:SP_1091,St-Pierre,12
2303306,18:28:00,18:28:10,stop_point:SP_1551,Montel,13
2303306,18:29:00,18:29:10,stop_point:SP_1439,Tournefeuille Les Chênes,14
2303306,18:30:00,18:30:10,stop_point:SP_2889,Montjoie,15
2303306,18:31:00,18:31:10,stop_point:SP_4809,Ctre Cial Tournefeuille,16
2303306,18:32:00,18:32:10,stop_point:SP_2196,St-Exupéry,17
2303306,18:34:00,18:34:10,stop_point:SP_473,Briqueterie,18
2303306,18:35:00,18:35:10,stop_point:SP_2216,Montagné,19
2303306,18:36:00,18:36:10,stop_point:SP_1474,Lardenne,20
2303306,18:38:00,18:38:10,stop_point:SP_668,Eglise Lardenne,21
2303306,18:39:00,18:39:10,stop_point:SP_3700,Centre Aéré,22
2303306,18:40:00,18:40:10,stop_point:SP_1171,Tissié,23
2303306,18:42:00,18:42:10,stop_point:SP_1460,Pont Rocade,24
2303306,18:43:00,18:43:10,stop_point:SP_1149,Brombach,25
2303306,18:44:00,18:44:10,stop_point:SP_3407,Hippodrome,26
2303306,18:45:00,18:45:10,stop_point:SP_639,Négogousses,27
2303306,18:48:00,18:48:10,stop_point:SP_1754,Arènes,28
2303307,18:45:00,18:45:10,stop_point:SP_1027,Plaisance Monestié,1
2303307,18:46:00,18:46:10,stop_point:SP_4802,Eglise Plaisance,2
2303307,18:47:00,18:47:10,stop_point:SP_4805,Rivière - Basse,3
2303307,18:48:00,18:48:10,stop_point:SP_4808,Prat Dessus,4
2303307,18:49:00,18:49:10,stop_point:SP_4804,Loti,5
2303307,18:51:00,18:51:10,stop_point:SP_4807,Tournefeuille Lycée,6
2303307,18:52:00,18:52:10,stop_point:SP_4841,Jean Gay,7
2303307,18:53:00,18:53:10,stop_point:SP_3834,Bordeneuve,8
2303307,18:53:00,18:53:10,stop_point:SP_1724,Collège Labitrie,9
2303307,18:54:00,18:54:10,stop_point:SP_2531,Alpilles,10
2303307,18:55:00,18:55:10,stop_point:SP_1488,Périgord,11
2303307,18:56:00,18:56:10,stop_point:SP_1091,St-Pierre,12
2303307,18:58:00,18:58:10,stop_point:SP_1551,Montel,13
2303307,18:59:00,18:59:10,stop_point:SP_1439,Tournefeuille Les Chênes,14
2303307,19:00:00,19:00:10,stop_point:SP_2889,Montjoie,15
2303307,19:01:00,19:01:10,stop_point:SP_4809,Ctre Cial Tournefeuille,16
2303307,19:02:00,19:02:10,stop_point:SP_2196,St-Exupéry,17
2303307,19:03:00,19:03:10,stop_point:SP_473,Briqueterie,18
2303307,19:04:00,19:04:10,stop_point:SP_2216,Montagné,19
2303307,19:05:00,19:05:10,stop_point:SP_1474,Lardenne,20
2303307,19:07:00,19:07:10,stop_point:SP_668,Eglise Lardenne,21
2303307,19:08:00,19:08:10,stop_point:SP_3700,Centre Aéré,22
2303307,19:09:00,19:09:10,stop_point:SP_1171,Tissié,23
2303307,19:11:00,19:11:10,stop_point:SP_1460,Pont Rocade,24
2303307,19:12:00,19:12:10,stop_point:SP_1149,Brombach,25
2303307,19:13:00,19:13:10,stop_point:SP_3407,Hippodrome,26
2303307,19:14:00,19:14:10,stop_point:SP_639,Négogousses,27
2303307,19:17:00,19:17:10,stop_point:SP_1754,Arènes,28
2303308,19:10:00,19:10:10,stop_point:SP_1027,Plaisance Monestié,1
2303308,19:11:00,19:11:10,stop_point:SP_4802,Eglise Plaisance,2
2303308,19:12:00,19:12:10,stop_point:SP_4805,Rivière - Basse,3
2303308,19:13:00,19:13:10,stop_point:SP_4808,Prat Dessus,4
2303308,19:14:00,19:14:10,stop_point:SP_4804,Loti,5
2303308,19:16:00,19:16:10,stop_point:SP_4807,Tournefeuille Lycée,6
2303308,19:17:00,19:17:10,stop_point:SP_4841,Jean Gay,7
2303308,19:18:00,19:18:10,stop_point:SP_3834,Bordeneuve,8
2303308,19:18:00,19:18:10,stop_point:SP_1724,Collège Labitrie,9
2303308,19:19:00,19:19:10,stop_point:SP_2531,Alpilles,10
2303308,19:20:00,19:20:10,stop_point:SP_1488,Périgord,11
2303308,19:21:00,19:21:10,stop_point:SP_1091,St-Pierre,12
2303308,19:22:00,19:22:10,stop_point:SP_1551,Montel,13
2303308,19:23:00,19:23:10,stop_point:SP_1439,Tournefeuille Les Chênes,14
2303308,19:24:00,19:24:10,stop_point:SP_2889,Montjoie,15
2303308,19:25:00,19:25:10,stop_point:SP_4809,Ctre Cial Tournefeuille,16
2303308,19:26:00,19:26:10,stop_point:SP_2196,St-Exupéry,17
2303308,19:27:00,19:27:10,stop_point:SP_473,Briqueterie,18
2303308,19:28:00,19:28:10,stop_point:SP_2216,Montagné,19
2303308,19:29:00,19:29:10,stop_point:SP_1474,Lardenne,20
2303308,19:30:00,19:30:10,stop_point:SP_668,Eglise Lardenne,21
2303308,19:32:00,19:32:10,stop_point:SP_3700,Centre Aéré,22
2303308,19:33:00,19:33:10,stop_point:SP_1171,Tissié,23
2303308,19:34:00,19:34:10,stop_point:SP_1460,Pont Rocade,24
2303308,19:35:00,19:35:10,stop_point:SP_1149,Brombach,25
2303308,19:36:00,19:36:10,stop_point:SP_3407,Hippodrome,26
2303308,19:37:00,19:37:10,stop_point:SP_639,Négogousses,27
2303308,19:40:00,19:40:10,stop_point:SP_1754,Arènes,28
2303309,19:40:00,19:40:10,stop_point:SP_1027,Plaisance Monestié,1
2303309,19:41:00,19:41:10,stop_point:SP_4802,Eglise Plaisance,2
2303309,19:42:00,19:42:10,stop_point:SP_4805,Rivière - Basse,3
2303309,19:43:00,19:43:10,stop_point:SP_4808,Prat Dessus,4
2303309,19:44:00,19:44:10,stop_point:SP_4804,Loti,5
2303309,19:46:00,19:46:10,stop_point:SP_4807,Tournefeuille Lycée,6
2303309,19:47:00,19:47:10,stop_point:SP_4841,Jean Gay,7
2303309,19:48:00,19:48:10,stop_point:SP_3834,Bordeneuve,8
2303309,19:48:00,19:48:10,stop_point:SP_1724,Collège Labitrie,9
2303309,19:49:00,19:49:10,stop_point:SP_2531,Alpilles,10
2303309,19:50:00,19:50:10,stop_point:SP_1488,Périgord,11
2303309,19:51:00,19:51:10,stop_point:SP_1091,St-Pierre,12
2303309,19:52:00,19:52:10,stop_point:SP_1551,Montel,13
2303309,19:53:00,19:53:10,stop_point:SP_1439,Tournefeuille Les Chênes,14
2303309,19:54:00,19:54:10,stop_point:SP_2889,Montjoie,15
2303309,19:55:00,19:55:10,stop_point:SP_4809,Ctre Cial Tournefeuille,16
2303309,19:56:00,19:56:10,stop_point:SP_2196,St-Exupéry,17
2303309,19:57:00,19:57:10,stop_point:SP_473,Briqueterie,18
2303309,19:58:00,19:58:10,stop_point:SP_2216,Montagné,19
2303309,19:59:00,19:59:10,stop_point:SP_1474,Lardenne,20
2303309,20:00:00,20:00:10,stop_point:SP_668,Eglise Lardenne,21
2303309,20:02:00,20:02:10,stop_point:SP_3700,Centre Aéré,22
2303309,20:03:00,20:03:10,stop_point:SP_1171,Tissié,23
2303309,20:04:00,20:04:10,stop_point:SP_1460,Pont Rocade,24
2303309,20:05:00,20:05:10,stop_point:SP_1149,Brombach,25
2303309,20:07:00,20:07:10,stop_point:SP_3407,Hippodrome,26
2303309,20:08:00,20:08:10,stop_point:SP_639,Négogousses,27
2303309,20:11:00,20:11:10,stop_point:SP_1754,Arènes,28
2303310,20:10:00,20:10:10,stop_point:SP_1027,Plaisance Monestié,1
2303310,20:11:00,20:11:10,stop_point:SP_4802,Eglise Plaisance,2
2303310,20:12:00,20:12:10,stop_point:SP_4805,Rivière - Basse,3
2303310,20:13:00,20:13:10,stop_point:SP_4808,Prat Dessus,4
2303310,20:14:00,20:14:10,stop_point:SP_4804,Loti,5
2303310,20:16:00,20:16:10,stop_point:SP_4807,Tournefeuille Lycée,6
2303310,20:17:00,20:17:10,stop_point:SP_4841,Jean Gay,7
2303310,20:18:00,20:18:10,stop_point:SP_3834,Bordeneuve,8
2303310,20:18:00,20:18:10,stop_point:SP_1724,Collège Labitrie,9
2303310,20:19:00,20:19:10,stop_point:SP_2531,Alpilles,10
2303310,20:20:00,20:20:10,stop_point:SP_1488,Périgord,11
2303310,20:21:00,20:21:10,stop_point:SP_1091,St-Pierre,12
2303310,20:22:00,20:22:10,stop_point:SP_1551,Montel,13
2303310,20:23:00,20:23:10,stop_point:SP_1439,Tournefeuille Les Chênes,14
2303310,20:24:00,20:24:10,stop_point:SP_2889,Montjoie,15
2303310,20:25:00,20:25:10,stop_point:SP_4809,Ctre Cial Tournefeuille,16
2303310,20:26:00,20:26:10,stop_point:SP_2196,St-Exupéry,17
2303310,20:27:00,20:27:10,stop_point:SP_473,Briqueterie,18
2303310,20:28:00,20:28:10,stop_point:SP_2216,Montagné,19
2303310,20:29:00,20:29:10,stop_point:SP_1474,Lardenne,20
2303310,20:30:00,20:30:10,stop_point:SP_668,Eglise Lardenne,21
2303310,20:32:00,20:32:10,stop_point:SP_3700,Centre Aéré,22
2303310,20:33:00,20:33:10,stop_point:SP_1171,Tissié,23
2303310,20:34:00,20:34:10,stop_point:SP_1460,Pont Rocade,24
2303310,20:35:00,20:35:10,stop_point:SP_1149,Brombach,25
2303310,20:36:00,20:36:10,stop_point:SP_3407,Hippodrome,26
2303310,20:37:00,20:37:10,stop_point:SP_639,Négogousses,27
2303310,20:39:00,20:39:10,stop_point:SP_1754,Arènes,28
2303311,20:45:00,20:45:10,stop_point:SP_1027,Plaisance Monestié,1
2303311,20:46:00,20:46:10,stop_point:SP_4802,Eglise Plaisance,2
2303311,20:47:00,20:47:10,stop_point:SP_4805,Rivière - Basse,3
2303311,20:47:00,20:47:10,stop_point:SP_4808,Prat Dessus,4
2303311,20:48:00,20:48:10,stop_point:SP_4804,Loti,5
2303311,20:50:00,20:50:10,stop_point:SP_4807,Tournefeuille Lycée,6
2303311,20:51:00,20:51:10,stop_point:SP_4841,Jean Gay,7
2303311,20:52:00,20:52:10,stop_point:SP_3834,Bordeneuve,8
2303311,20:52:00,20:52:10,stop_point:SP_1724,Collège Labitrie,9
2303311,20:53:00,20:53:10,stop_point:SP_2531,Alpilles,10
2303311,20:54:00,20:54:10,stop_point:SP_1488,Périgord,11
2303311,20:55:00,20:55:10,stop_point:SP_1091,St-Pierre,12
2303311,20:56:00,20:56:10,stop_point:SP_1551,Montel,13
2303311,20:57:00,20:57:10,stop_point:SP_1439,Tournefeuille Les Chênes,14
2303311,20:58:00,20:58:10,stop_point:SP_2889,Montjoie,15
2303311,20:59:00,20:59:10,stop_point:SP_4809,Ctre Cial Tournefeuille,16
2303311,21:00:00,21:00:10,stop_point:SP_2196,St-Exupéry,17
2303311,21:01:00,21:01:10,stop_point:SP_473,Briqueterie,18
2303311,21:02:00,21:02:10,stop_point:SP_2216,Montagné,19
2303311,21:03:00,21:03:10,stop_point:SP_1474,Lardenne,20
2303311,21:04:00,21:04:10,stop_point:SP_668,Eglise Lardenne,21
2303311,21:06:00,21:06:10,stop_point:SP_3700,Centre Aéré,22
2303311,21:07:00,21:07:10,stop_point:SP_1171,Tissié,23
2303311,21:08:00,21:08:10,stop_point:SP_1460,Pont Rocade,24
2303311,21:09:00,21:09:10,stop_point:SP_1149,Brombach,25
2303311,21:10:00,21:10:10,stop_point:SP_3407,Hippodrome,26
2303311,21:11:00,21:11:10,stop_point:SP_639,Négogousses,27
2303311,21:13:00,21:13:10,stop_point:SP_1754,Arènes,28
2303312,21:10:00,21:10:10,stop_point:SP_1027,Plaisance Monestié,1
2303312,21:11:00,21:11:10,stop_point:SP_4802,Eglise Plaisance,2
2303312,21:12:00,21:12:10,stop_point:SP_4805,Rivière - Basse,3
2303312,21:12:00,21:12:10,stop_point:SP_4808,Prat Dessus,4
2303312,21:13:00,21:13:10,stop_point:SP_4804,Loti,5
2303312,21:15:00,21:15:10,stop_point:SP_4807,Tournefeuille Lycée,6
2303312,21:16:00,21:16:10,stop_point:SP_4841,Jean Gay,7
2303312,21:17:00,21:17:10,stop_point:SP_3834,Bordeneuve,8
2303312,21:17:00,21:17:10,stop_point:SP_1724,Collège Labitrie,9
2303312,21:18:00,21:18:10,stop_point:SP_2531,Alpilles,10
2303312,21:19:00,21:19:10,stop_point:SP_1488,Périgord,11
2303312,21:20:00,21:20:10,stop_point:SP_1091,St-Pierre,12
2303312,21:21:00,21:21:10,stop_point:SP_1551,Montel,13
2303312,21:22:00,21:22:10,stop_point:SP_1439,Tournefeuille Les Chênes,14
2303312,21:23:00,21:23:10,stop_point:SP_2889,Montjoie,15
2303312,21:24:00,21:24:10,stop_point:SP_4809,Ctre Cial Tournefeuille,16
2303312,21:25:00,21:25:10,stop_point:SP_2196,St-Exupéry,17
2303312,21:26:00,21:26:10,stop_point:SP_473,Briqueterie,18
2303312,21:27:00,21:27:10,stop_point:SP_2216,Montagné,19
2303312,21:28:00,21:28:10,stop_point:SP_1474,Lardenne,20
2303312,21:29:00,21:29:10,stop_point:SP_668,Eglise Lardenne,21
2303312,21:30:00,21:30:10,stop_point:SP_3700,Centre Aéré,22
2303312,21:31:00,21:31:10,stop_point:SP_1171,Tissié,23
2303312,21:32:00,21:32:10,stop_point:SP_1460,Pont Rocade,24
2303312,21:33:00,21:33:10,stop_point:SP_1149,Brombach,25
2303312,21:34:00,21:34:10,stop_point:SP_3407,Hippodrome,26
2303312,21:35:00,21:35:10,stop_point:SP_639,Négogousses,27
2303312,21:37:00,21:37:10,stop_point:SP_1754,Arènes,28
2303313,21:40:00,21:40:10,stop_point:SP_1027,Plaisance Monestié,1
2303313,21:41:00,21:41:10,stop_point:SP_4802,Eglise Plaisance,2
2303313,21:42:00,21:42:10,stop_point:SP_4805,Rivière - Basse,3
2303313,21:42:00,21:42:10,stop_point:SP_4808,Prat Dessus,4
2303313,21:43:00,21:43:10,stop_point:SP_4804,Loti,5
2303313,21:45:00,21:45:10,stop_point:SP_4807,Tournefeuille Lycée,6
2303313,21:46:00,21:46:10,stop_point:SP_4841,Jean Gay,7
2303313,21:47:00,21:47:10,stop_point:SP_3834,Bordeneuve,8
2303313,21:47:00,21:47:10,stop_point:SP_1724,Collège Labitrie,9
2303313,21:48:00,21:48:10,stop_point:SP_2531,Alpilles,10
2303313,21:49:00,21:49:10,stop_point:SP_1488,Périgord,11
2303313,21:49:00,21:49:10,stop_point:SP_1091,St-Pierre,12
2303313,21:50:00,21:50:10,stop_point:SP_1551,Montel,13
2303313,21:51:00,21:51:10,stop_point:SP_1439,Tournefeuille Les Chênes,14
2303313,21:52:00,21:52:10,stop_point:SP_2889,Montjoie,15
2303313,21:53:00,21:53:10,stop_point:SP_4809,Ctre Cial Tournefeuille,16
2303313,21:54:00,21:54:10,stop_point:SP_2196,St-Exupéry,17
2303313,21:55:00,21:55:10,stop_point:SP_473,Briqueterie,18
2303313,21:56:00,21:56:10,stop_point:SP_2216,Montagné,19
2303313,21:57:00,21:57:10,stop_point:SP_1474,Lardenne,20
2303313,21:58:00,21:58:10,stop_point:SP_668,Eglise Lardenne,21
2303313,21:59:00,21:59:10,stop_point:SP_3700,Centre Aéré,22
2303313,22:00:00,22:00:10,stop_point:SP_1171,Tissié,23
2303313,22:01:00,22:01:10,stop_point:SP_1460,Pont Rocade,24
2303313,22:02:00,22:02:10,stop_point:SP_1149,Brombach,25
2303313,22:03:00,22:03:10,stop_point:SP_3407,Hippodrome,26
2303313,22:04:00,22:04:10,stop_point:SP_639,Négogousses,27
2303313,22:06:00,22:06:10,stop_point:SP_1754,Arènes,28
2303314,22:10:00,22:10:10,stop_point:SP_1027,Plaisance Monestié,1
2303314,22:11:00,22:11:10,stop_point:SP_4802,Eglise Plaisance,2
2303314,22:12:00,22:12:10,stop_point:SP_4805,Rivière - Basse,3
2303314,22:12:00,22:12:10,stop_point:SP_4808,Prat Dessus,4
2303314,22:13:00,22:13:10,stop_point:SP_4804,Loti,5
2303314,22:15:00,22:15:10,stop_point:SP_4807,Tournefeuille Lycée,6
2303314,22:16:00,22:16:10,stop_point:SP_4841,Jean Gay,7
2303314,22:17:00,22:17:10,stop_point:SP_3834,Bordeneuve,8
2303314,22:17:00,22:17:10,stop_point:SP_1724,Collège Labitrie,9
2303314,22:18:00,22:18:10,stop_point:SP_2531,Alpilles,10
2303314,22:19:00,22:19:10,stop_point:SP_1488,Périgord,11
2303314,22:19:00,22:19:10,stop_point:SP_1091,St-Pierre,12
2303314,22:20:00,22:20:10,stop_point:SP_1551,Montel,13
2303314,22:21:00,22:21:10,stop_point:SP_1439,Tournefeuille Les Chênes,14
2303314,22:22:00,22:22:10,stop_point:SP_2889,Montjoie,15
2303314,22:23:00,22:23:10,stop_point:SP_4809,Ctre Cial Tournefeuille,16
2303314,22:24:00,22:24:10,stop_point:SP_2196,St-Exupéry,17
2303314,22:25:00,22:25:10,stop_point:SP_473,Briqueterie,18
2303314,22:26:00,22:26:10,stop_point:SP_2216,Montagné,19
2303314,22:27:00,22:27:10,stop_point:SP_1474,Lardenne,20
2303314,22:28:00,22:28:10,stop_point:SP_668,Eglise Lardenne,21
2303314,22:29:00,22:29:10,stop_point:SP_3700,Centre Aéré,22
2303314,22:30:00,22:30:10,stop_point:SP_1171,Tissié,23
2303314,22:31:00,22:31:10,stop_point:SP_1460,Pont Rocade,24
2303314,22:32:00,22:32:10,stop_point:SP_1149,Brombach,25
2303314,22:33:00,22:33:10,stop_point:SP_3407,Hippodrome,26
2303314,22:34:00,22:34:10,stop_point:SP_639,Négogousses,27
2303314,22:36:00,22:36:10,stop_point:SP_1754,Arènes,28
2303315,22:40:00,22:40:10,stop_point:SP_1027,Plaisance Monestié,1
2303315,22:41:00,22:41:10,stop_point:SP_4802,Eglise Plaisance,2
2303315,22:42:00,22:42:10,stop_point:SP_4805,Rivière - Basse,3
2303315,22:42:00,22:42:10,stop_point:SP_4808,Prat Dessus,4
2303315,22:43:00,22:43:10,stop_point:SP_4804,Loti,5
2303315,22:45:00,22:45:10,stop_point:SP_4807,Tournefeuille Lycée,6
2303315,22:46:00,22:46:10,stop_point:SP_4841,Jean Gay,7
2303315,22:47:00,22:47:10,stop_point:SP_3834,Bordeneuve,8
2303315,22:47:00,22:47:10,stop_point:SP_1724,Collège Labitrie,9
2303315,22:48:00,22:48:10,stop_point:SP_2531,Alpilles,10
2303315,22:49:00,22:49:10,stop_point:SP_1488,Périgord,11
2303315,22:49:00,22:49:10,stop_point:SP_1091,St-Pierre,12
2303315,22:50:00,22:50:10,stop_point:SP_1551,Montel,13
2303315,22:51:00,22:51:10,stop_point:SP_1439,Tournefeuille Les Chênes,14
2303315,22:52:00,22:52:10,stop_point:SP_2889,Montjoie,15
2303315,22:53:00,22:53:10,stop_point:SP_4809,Ctre Cial Tournefeuille,16
2303315,22:54:00,22:54:10,stop_point:SP_2196,St-Exupéry,17
2303315,22:55:00,22:55:10,stop_point:SP_473,Briqueterie,18
2303315,22:56:00,22:56:10,stop_point:SP_2216,Montagné,19
2303315,22:57:00,22:57:10,stop_point:SP_1474,Lardenne,20
2303315,22:58:00,22:58:10,stop_point:SP_668,Eglise Lardenne,21
2303315,22:59:00,22:59:10,stop_point:SP_3700,Centre Aéré,22
2303315,22:59:00,22:59:10,stop_point:SP_1171,Tissié,23
2303315,23:00:00,23:00:10,stop_point:SP_1460,Pont Rocade,24
2303315,23:01:00,23:01:10,stop_point:SP_1149,Brombach,25
2303315,23:02:00,23:02:10,stop_point:SP_3407,Hippodrome,26
2303315,23:03:00,23:03:10,stop_point:SP_639,Négogousses,27
2303315,23:05:00,23:05:10,stop_point:SP_1754,Arènes,28
2303316,23:10:00,23:10:10,stop_point:SP_1027,Plaisance Monestié,1
2303316,23:11:00,23:11:10,stop_point:SP_4802,Eglise Plaisance,2
2303316,23:12:00,23:12:10,stop_point:SP_4805,Rivière - Basse,3
2303316,23:12:00,23:12:10,stop_point:SP_4808,Prat Dessus,4
2303316,23:13:00,23:13:10,stop_point:SP_4804,Loti,5
2303316,23:15:00,23:15:10,stop_point:SP_4807,Tournefeuille Lycée,6
2303316,23:16:00,23:16:10,stop_point:SP_4841,Jean Gay,7
2303316,23:17:00,23:17:10,stop_point:SP_3834,Bordeneuve,8
2303316,23:17:00,23:17:10,stop_point:SP_1724,Collège Labitrie,9
2303316,23:18:00,23:18:10,stop_point:SP_2531,Alpilles,10
2303316,23:19:00,23:19:10,stop_point:SP_1488,Périgord,11
2303316,23:19:00,23:19:10,stop_point:SP_1091,St-Pierre,12
2303316,23:20:00,23:20:10,stop_point:SP_1551,Montel,13
2303316,23:21:00,23:21:10,stop_point:SP_1439,Tournefeuille Les Chênes,14
2303316,23:22:00,23:22:10,stop_point:SP_2889,Montjoie,15
2303316,23:22:00,23:22:10,stop_point:SP_4809,Ctre Cial Tournefeuille,16
2303316,23:23:00,23:23:10,stop_point:SP_2196,St-Exupéry,17
2303316,23:24:00,23:24:10,stop_point:SP_473,Briqueterie,18
2303316,23:25:00,23:25:10,stop_point:SP_2216,Montagné,19
2303316,23:26:00,23:26:10,stop_point:SP_1474,Lardenne,20
2303316,23:27:00,23:27:10,stop_point:SP_668,Eglise Lardenne,21
2303316,23:28:00,23:28:10,stop_point:SP_3700,Centre Aéré,22
2303316,23:28:00,23:28:10,stop_point:SP_1171,Tissié,23
2303316,23:29:00,23:29:10,stop_point:SP_1460,Pont Rocade,24
2303316,23:30:00,23:30:10,stop_point:SP_1149,Brombach,25
2303316,23:31:00,23:31:10,stop_point:SP_3407,Hippodrome,26
2303316,23:32:00,23:32:10,stop_point:SP_639,Négogousses,27
2303316,23:34:00,23:34:10,stop_point:SP_1754,Arènes,28
2303317,23:40:00,23:40:10,stop_point:SP_1027,Plaisance Monestié,1
2303317,23:41:00,23:41:10,stop_point:SP_4802,Eglise Plaisance,2
2303317,23:42:00,23:42:10,stop_point:SP_4805,Rivière - Basse,3
2303317,23:42:00,23:42:10,stop_point:SP_4808,Prat Dessus,4
2303317,23:43:00,23:43:10,stop_point:SP_4804,Loti,5
2303317,23:45:00,23:45:10,stop_point:SP_4807,Tournefeuille Lycée,6
2303317,23:46:00,23:46:10,stop_point:SP_4841,Jean Gay,7
2303317,23:47:00,23:47:10,stop_point:SP_3834,Bordeneuve,8
2303317,23:47:00,23:47:10,stop_point:SP_1724,Collège Labitrie,9
2303317,23:48:00,23:48:10,stop_point:SP_2531,Alpilles,10
2303317,23:49:00,23:49:10,stop_point:SP_1488,Périgord,11
2303317,23:49:00,23:49:10,stop_point:SP_1091,St-Pierre,12
2303317,23:50:00,23:50:10,stop_point:SP_1551,Montel,13
2303317,23:51:00,23:51:10,stop_point:SP_1439,Tournefeuille Les Chênes,14
2303317,23:52:00,23:52:10,stop_point:SP_2889,Montjoie,15
2303317,23:52:00,23:52:10,stop_point:SP_4809,Ctre Cial Tournefeuille,16
2303317,23:53:00,23:53:10,stop_point:SP_2196,St-Exupéry,17
2303317,23:54:00,23:54:10,stop_point:SP_473,Briqueterie,18
2303317,23:55:00,23:55:10,stop_point:SP_2216,Montagné,19
2303317,23:56:00,23:56:10,stop_point:SP_1474,Lardenne,20
2303317,23:57:00,23:57:10,stop_point:SP_668,Eglise Lardenne,21
2303317,23:58:00,23:58:10,stop_point:SP_3700,Centre Aéré,22
2303317,23:58:00,23:58:10,stop_point:SP_1171,Tissié,23
2303317,23:59:00,23:59:10,stop_point:SP_1460,Pont Rocade,24
2303317,24:00:00,24:00:10,stop_point:SP_1149,Brombach,25
2303317,24:01:00,24:01:10,stop_point:SP_3407,Hippodrome,26
2303317,24:02:00,24:02:10,stop_point:SP_639,Négogousses,27
2303317,24:04:00,24:04:10,stop_point:SP_1754,Arènes,28
2303318,24:10:00,24:10:10,stop_point:SP_1027,Plaisance Monestié,1
2303318,24:11:00,24:11:10,stop_point:SP_4802,Eglise Plaisance,2
2303318,24:12:00,24:12:10,stop_point:SP_4805,Rivière - Basse,3
2303318,24:12:00,24:12:10,stop_point:SP_4808,Prat Dessus,4
2303318,24:13:00,24:13:10,stop_point:SP_4804,Loti,5
2303318,24:15:00,24:15:10,stop_point:SP_4807,Tournefeuille Lycée,6
2303318,24:16:00,24:16:10,stop_point:SP_4841,Jean Gay,7
2303318,24:17:00,24:17:10,stop_point:SP_3834,Bordeneuve,8
2303318,24:17:00,24:17:10,stop_point:SP_1724,Collège Labitrie,9
2303318,24:18:00,24:18:10,stop_point:SP_2531,Alpilles,10
2303318,24:19:00,24:19:10,stop_point:SP_1488,Périgord,11
2303318,24:19:00,24:19:10,stop_point:SP_1091,St-Pierre,12
2303318,24:20:00,24:20:10,stop_point:SP_1551,Montel,13
2303318,24:21:00,24:21:10,stop_point:SP_1439,Tournefeuille Les Chênes,14
2303318,24:22:00,24:22:10,stop_point:SP_2889,Montjoie,15
2303318,24:22:00,24:22:10,stop_point:SP_4809,Ctre Cial Tournefeuille,16
2303318,24:23:00,24:23:10,stop_point:SP_2196,St-Exupéry,17
2303318,24:24:00,24:24:10,stop_point:SP_473,Briqueterie,18
2303318,24:25:00,24:25:10,stop_point:SP_2216,Montagné,19
2303318,24:26:00,24:26:10,stop_point:SP_1474,Lardenne,20
2303318,24:27:00,24:27:10,stop_point:SP_668,Eglise Lardenne,21
2303318,24:28:00,24:28:10,stop_point:SP_3700,Centre Aéré,22
2303318,24:28:00,24:28:10,stop_point:SP_1171,Tissié,23
2303318,24:29:00,24:29:10,stop_point:SP_1460,Pont Rocade,24
2303318,24:30:00,24:30:10,stop_point:SP_1149,Brombach,25
2303318,24:31:00,24:31:10,stop_point:SP_3407,Hippodrome,26
2303318,24:32:00,24:32:10,stop_point:SP_639,Négogousses,27
2303318,24:34:00,24:34:10,stop_point:SP_1754,Arènes,28
2303319,24:40:00,24:40:10,stop_point:SP_1027,Plaisance Monestié,1
2303319,24:41:00,24:41:10,stop_point:SP_4802,Eglise Plaisance,2
2303319,24:42:00,24:42:10,stop_point:SP_4805,Rivière - Basse,3
2303319,24:42:00,24:42:10,stop_point:SP_4808,Prat Dessus,4
2303319,24:43:00,24:43:10,stop_point:SP_4804,Loti,5
2303319,24:45:00,24:45:10,stop_point:SP_4807,Tournefeuille Lycée,6
2303319,24:46:00,24:46:10,stop_point:SP_4841,Jean Gay,7
2303319,24:47:00,24:47:10,stop_point:SP_3834,Bordeneuve,8
2303319,24:47:00,24:47:10,stop_point:SP_1724,Collège Labitrie,9
2303319,24:48:00,24:48:10,stop_point:SP_2531,Alpilles,10
2303319,24:49:00,24:49:10,stop_point:SP_1488,Périgord,11
2303319,24:49:00,24:49:10,stop_point:SP_1091,St-Pierre,12
2303319,24:50:00,24:50:10,stop_point:SP_1551,Montel,13
2303319,24:51:00,24:51:10,stop_point:SP_1439,Tournefeuille Les Chênes,14
2303319,24:52:00,24:52:10,stop_point:SP_2889,Montjoie,15
2303319,24:52:00,24:52:10,stop_point:SP_4809,Ctre Cial Tournefeuille,16
2303319,24:53:00,24:53:10,stop_point:SP_2196,St-Exupéry,17
2303319,24:54:00,24:54:10,stop_point:SP_473,Briqueterie,18
2303319,24:55:00,24:55:10,stop_point:SP_2216,Montagné,19
2303319,24:56:00,24:56:10,stop_point:SP_1474,Lardenne,20
2303319,24:57:00,24:57:10,stop_point:SP_668,Eglise Lardenne,21
2303319,24:58:00,24:58:10,stop_point:SP_3700,Centre Aéré,22
2303319,24:58:00,24:58:10,stop_point:SP_1171,Tissié,23
2303319,24:59:00,24:59:10,stop_point:SP_1460,Pont Rocade,24
2303319,25:00:00,25:00:10,stop_point:SP_1149,Brombach,25
2303319,25:01:00,25:01:10,stop_point:SP_3407,Hippodrome,26
2303319,25:02:00,25:02:10,stop_point:SP_639,Négogousses,27
2303319,25:04:00,25:04:10,stop_point:SP_1754,Arènes,28
2303320,05:15:00,05:15:10,stop_point:SP_1754,Arènes,1
2303320,05:17:00,05:17:10,stop_point:SP_2002,Négogousses,2
2303320,05:17:00,05:17:10,stop_point:SP_2956,Hippodrome,3
2303320,05:18:00,05:18:10,stop_point:SP_3162,Brombach,4
2303320,05:19:00,05:19:10,stop_point:SP_2467,Pont Rocade,5
2303320,05:20:00,05:20:10,stop_point:SP_2210,Tissié,6
2303320,05:21:00,05:21:10,stop_point:SP_3729,Centre Aéré,7
2303320,05:21:00,05:21:10,stop_point:SP_1532,Eglise Lardenne,8
2303320,05:22:00,05:22:10,stop_point:SP_1846,Lardenne,9
2303320,05:23:00,05:23:10,stop_point:SP_3237,Montagné,10
2303320,05:24:00,05:24:10,stop_point:SP_3657,Briqueterie,11
2303320,05:25:00,05:25:10,stop_point:SP_396,St-Exupéry,12
2303320,05:26:00,05:26:10,stop_point:SP_3872,Ctre Cial Tournefeuille,13
2303320,05:27:00,05:27:10,stop_point:SP_2193,Montjoie,14
2303320,05:28:00,05:28:10,stop_point:SP_414,Tournefeuille Les Chênes,15
2303320,05:29:00,05:29:10,stop_point:SP_2921,Montel,16
2303320,05:30:00,05:30:10,stop_point:SP_1531,St-Pierre,17
2303320,05:30:00,05:30:10,stop_point:SP_2627,Périgord,18
2303320,05:31:00,05:31:10,stop_point:SP_3433,Alpilles,19
2303320,05:32:00,05:32:10,stop_point:SP_2379,Collège Labitrie,20
2303320,05:32:00,05:32:10,stop_point:SP_3740,Bordeneuve,21
2303320,05:33:00,05:33:10,stop_point:SP_4840,Jean Gay,22
2303320,05:34:00,05:34:10,stop_point:SP_4093,Tournefeuille Lycée,23
2303320,05:36:00,05:36:10,stop_point:SP_4800,Loti,24
2303320,05:37:00,05:37:10,stop_point:SP_4806,Prat Dessus,25
2303320,05:38:00,05:38:10,stop_point:SP_4801,Rivière - Basse,26
2303320,05:39:00,05:39:10,stop_point:SP_4803,Eglise Plaisance,27
2303320,05:40:00,05:40:10,stop_point:SP_1027,Plaisance Monestié,28
2303321,05:55:00,05:55:10,stop_point:SP_1754,Arènes,1
2303321,05:57:00,05:57:10,stop_point:SP_2002,Négogousses,2
2303321,05:57:00,05:57:10,stop_point:SP_2956,Hippodrome,3
2303321,05:58:00,05:58:10,stop_point:SP_3162,Brombach,4
2303321,05:59:00,05:59:10,stop_point:SP_2467,Pont Rocade,5
2303321,06:00:00,06:00:10,stop_point:SP_2210,Tissié,6
2303321,06:01:00,06:01:10,stop_point:SP_3729,Centre Aéré,7
2303321,06:02:00,06:02:10,stop_point:SP_1532,Eglise Lardenne,8
2303321,06:03:00,06:03:10,stop_point:SP_1846,Lardenne,9
2303321,06:04:00,06:04:10,stop_point:SP_3237,Montagné,10
2303321,06:05:00,06:05:10,stop_point:SP_3657,Briqueterie,11
2303321,06:06:00,06:06:10,stop_point:SP_396,St-Exupéry,12
2303321,06:07:00,06:07:10,stop_point:SP_3872,Ctre Cial Tournefeuille,13
2303321,06:08:00,06:08:10,stop_point:SP_2193,Montjoie,14
2303321,06:09:00,06:09:10,stop_point:SP_414,Tournefeuille Les Chênes,15
2303321,06:10:00,06:10:10,stop_point:SP_2921,Montel,16
2303321,06:11:00,06:11:10,stop_point:SP_1531,St-Pierre,17
2303321,06:11:00,06:11:10,stop_point:SP_2627,Périgord,18
2303321,06:12:00,06:12:10,stop_point:SP_3433,Alpilles,19
2303321,06:13:00,06:13:10,stop_point:SP_2379,Collège Labitrie,20
2303321,06:13:00,06:13:10,stop_point:SP_3740,Bordeneuve,21
2303321,06:14:00,06:14:10,stop_point:SP_4840,Jean Gay,22
2303321,06:15:00,06:15:10,stop_point:SP_4093,Tournefeuille Lycée,23
2303321,06:17:00,06:17:10,stop_point:SP_4800,Loti,24
2303321,06:18:00,06:18:10,stop_point:SP_4806,Prat Dessus,25
2303321,06:19:00,06:19:10,stop_point:SP_4801,Rivière - Basse,26
2303321,06:20:00,06:20:10,stop_point:SP_4803,Eglise Plaisance,27
2303321,06:21:00,06:21:10,stop_point:SP_1027,Plaisance Monestié,28
2303322,06:15:00,06:15:10,stop_point:SP_1754,Arènes,1
2303322,06:17:00,06:17:10,stop_point:SP_2002,Négogousses,2
2303322,06:17:00,06:17:10,stop_point:SP_2956,Hippodrome,3
2303322,06:18:00,06:18:10,stop_point:SP_3162,Brombach,4
2303322,06:19:00,06:19:10,stop_point:SP_2467,Pont Rocade,5
2303322,06:20:00,06:20:10,stop_point:SP_2210,Tissié,6
2303322,06:21:00,06:21:10,stop_point:SP_3729,Centre Aéré,7
2303322,06:22:00,06:22:10,stop_point:SP_1532,Eglise Lardenne,8
2303322,06:23:00,06:23:10,stop_point:SP_1846,Lardenne,9
2303322,06:24:00,06:24:10,stop_point:SP_3237,Montagné,10
2303322,06:25:00,06:25:10,stop_point:SP_3657,Briqueterie,11
2303322,06:26:00,06:26:10,stop_point:SP_396,St-Exupéry,12
2303322,06:27:00,06:27:10,stop_point:SP_3872,Ctre Cial Tournefeuille,13
2303322,06:28:00,06:28:10,stop_point:SP_2193,Montjoie,14
2303322,06:29:00,06:29:10,stop_point:SP_414,Tournefeuille Les Chênes,15
2303322,06:30:00,06:30:10,stop_point:SP_2921,Montel,16
2303322,06:31:00,06:31:10,stop_point:SP_1531,St-Pierre,17
2303322,06:31:00,06:31:10,stop_point:SP_2627,Périgord,18
2303322,06:32:00,06:32:10,stop_point:SP_3433,Alpilles,19
2303322,06:33:00,06:33:10,stop_point:SP_2379,Collège Labitrie,20
2303322,06:33:00,06:33:10,stop_point:SP_3740,Bordeneuve,21
2303322,06:34:00,06:34:10,stop_point:SP_4840,Jean Gay,22
2303322,06:35:00,06:35:10,stop_point:SP_4093,Tournefeuille Lycée,23
2303322,06:37:00,06:37:10,stop_point:SP_4800,Loti,24
2303322,06:38:00,06:38:10,stop_point:SP_4806,Prat Dessus,25
2303322,06:39:00,06:39:10,stop_point:SP_4801,Rivière - Basse,26
2303322,06:40:00,06:40:10,stop_point:SP_4803,Eglise Plaisance,27
2303322,06:42:00,06:42:10,stop_point:SP_1027,Plaisance Monestié,28
2303323,06:28:00,06:28:10,stop_point:SP_1754,Arènes,1
2303323,06:30:00,06:30:10,stop_point:SP_2002,Négogousses,2
2303323,06:31:00,06:31:10,stop_point:SP_2956,Hippodrome,3
2303323,06:32:00,06:32:10,stop_point:SP_3162,Brombach,4
2303323,06:33:00,06:33:10,stop_point:SP_2467,Pont Rocade,5
2303323,06:34:00,06:34:10,stop_point:SP_2210,Tissié,6
2303323,06:35:00,06:35:10,stop_point:SP_3729,Centre Aéré,7
2303323,06:36:00,06:36:10,stop_point:SP_1532,Eglise Lardenne,8
2303323,06:37:00,06:37:10,stop_point:SP_1846,Lardenne,9
2303323,06:38:00,06:38:10,stop_point:SP_3237,Montagné,10
2303323,06:39:00,06:39:10,stop_point:SP_3657,Briqueterie,11
2303323,06:40:00,06:40:10,stop_point:SP_396,St-Exupéry,12
2303323,06:41:00,06:41:10,stop_point:SP_3872,Ctre Cial Tournefeuille,13
2303323,06:42:00,06:42:10,stop_point:SP_2193,Montjoie,14
2303323,06:43:00,06:43:10,stop_point:SP_414,Tournefeuille Les Chênes,15
2303323,06:44:00,06:44:10,stop_point:SP_2921,Montel,16
2303323,06:45:00,06:45:10,stop_point:SP_1531,St-Pierre,17
2303323,06:45:00,06:45:10,stop_point:SP_2627,Périgord,18
2303323,06:46:00,06:46:10,stop_point:SP_3433,Alpilles,19
2303323,06:47:00,06:47:10,stop_point:SP_2379,Collège Labitrie,20
2303323,06:47:00,06:47:10,stop_point:SP_3740,Bordeneuve,21
2303323,06:48:00,06:48:10,stop_point:SP_4840,Jean Gay,22
2303323,06:49:00,06:49:10,stop_point:SP_4093,Tournefeuille Lycée,23
2303323,06:51:00,06:51:10,stop_point:SP_4800,Loti,24
2303323,06:52:00,06:52:10,stop_point:SP_4806,Prat Dessus,25
2303323,06:53:00,06:53:10,stop_point:SP_4801,Rivière - Basse,26
2303323,06:54:00,06:54:10,stop_point:SP_4803,Eglise Plaisance,27
2303323,06:56:00,06:56:10,stop_point:SP_1027,Plaisance Monestié,28
2303324,06:38:00,06:38:10,stop_point:SP_1754,Arènes,1
2303324,06:40:00,06:40:10,stop_point:SP_2002,Négogousses,2
2303324,06:41:00,06:41:10,stop_point:SP_2956,Hippodrome,3
2303324,06:42:00,06:42:10,stop_point:SP_3162,Brombach,4
2303324,06:43:00,06:43:10,stop_point:SP_2467,Pont Rocade,5
2303324,06:45:00,06:45:10,stop_point:SP_2210,Tissié,6
2303324,06:46:00,06:46:10,stop_point:SP_3729,Centre Aéré,7
2303324,06:47:00,06:47:10,stop_point:SP_1532,Eglise Lardenne,8
2303324,06:48:00,06:48:10,stop_point:SP_1846,Lardenne,9
2303324,06:49:00,06:49:10,stop_point:SP_3237,Montagné,10
2303324,06:50:00,06:50:10,stop_point:SP_3657,Briqueterie,11
2303324,06:51:00,06:51:10,stop_point:SP_396,St-Exupéry,12
2303324,06:52:00,06:52:10,stop_point:SP_3872,Ctre Cial Tournefeuille,13
2303324,06:53:00,06:53:10,stop_point:SP_2193,Montjoie,14
2303324,06:54:00,06:54:10,stop_point:SP_414,Tournefeuille Les Chênes,15
2303324,06:55:00,06:55:10,stop_point:SP_2921,Montel,16
2303324,06:56:00,06:56:10,stop_point:SP_1531,St-Pierre,17
2303324,06:57:00,06:57:10,stop_point:SP_2627,Périgord,18
2303324,06:58:00,06:58:10,stop_point:SP_3433,Alpilles,19
2303324,06:59:00,06:59:10,stop_point:SP_2379,Collège Labitrie,20
2303324,06:59:00,06:59:10,stop_point:SP_3740,Bordeneuve,21
2303324,07:00:00,07:00:10,stop_point:SP_4840,Jean Gay,22
2303324,07:01:00,07:01:10,stop_point:SP_4093,Tournefeuille Lycée,23
2303324,07:03:00,07:03:10,stop_point:SP_4800,Loti,24
2303324,07:04:00,07:04:10,stop_point:SP_4806,Prat Dessus,25
2303324,07:05:00,07:05:10,stop_point:SP_4801,Rivière - Basse,26
2303324,07:06:00,07:06:10,stop_point:SP_4803,Eglise Plaisance,27
2303324,07:08:00,07:08:10,stop_point:SP_1027,Plaisance Monestié,28
2303325,06:48:00,06:48:10,stop_point:SP_1754,Arènes,1
2303325,06:51:00,06:51:10,stop_point:SP_2002,Négogousses,2
2303325,06:52:00,06:52:10,stop_point:SP_2956,Hippodrome,3
2303325,06:53:00,06:53:10,stop_point:SP_3162,Brombach,4
2303325,06:54:00,06:54:10,stop_point:SP_2467,Pont Rocade,5
2303325,06:56:00,06:56:10,stop_point:SP_2210,Tissié,6
2303325,06:57:00,06:57:10,stop_point:SP_3729,Centre Aéré,7
2303325,06:58:00,06:58:10,stop_point:SP_1532,Eglise Lardenne,8
2303325,06:59:00,06:59:10,stop_point:SP_1846,Lardenne,9
2303325,07:01:00,07:01:10,stop_point:SP_3237,Montagné,10
2303325,07:02:00,07:02:10,stop_point:SP_3657,Briqueterie,11
2303325,07:03:00,07:03:10,stop_point:SP_396,St-Exupéry,12
2303325,07:04:00,07:04:10,stop_point:SP_3872,Ctre Cial Tournefeuille,13
2303325,07:05:00,07:05:10,stop_point:SP_2193,Montjoie,14
2303325,07:06:00,07:06:10,stop_point:SP_414,Tournefeuille Les Chênes,15
2303325,07:07:00,07:07:10,stop_point:SP_2921,Montel,16
2303325,07:08:00,07:08:10,stop_point:SP_1531,St-Pierre,17
2303325,07:09:00,07:09:10,stop_point:SP_2627,Périgord,18
2303325,07:10:00,07:10:10,stop_point:SP_3433,Alpilles,19
2303325,07:11:00,07:11:10,stop_point:SP_2379,Collège Labitrie,20
2303325,07:11:00,07:11:10,stop_point:SP_3740,Bordeneuve,21
2303325,07:12:00,07:12:10,stop_point:SP_4840,Jean Gay,22
2303325,07:13:00,07:13:10,stop_point:SP_4093,Tournefeuille Lycée,23
2303325,07:15:00,07:15:10,stop_point:SP_4800,Loti,24
2303325,07:16:00,07:16:10,stop_point:SP_4806,Prat Dessus,25
2303325,07:17:00,07:17:10,stop_point:SP_4801,Rivière - Basse,26
2303325,07:18:00,07:18:10,stop_point:SP_4803,Eglise Plaisance,27
2303325,07:20:00,07:20:10,stop_point:SP_1027,Plaisance Monestié,28
2303326,06:58:00,06:58:10,stop_point:SP_1754,Arènes,1
2303326,07:01:00,07:01:10,stop_point:SP_2002,Négogousses,2
2303326,07:02:00,07:02:10,stop_point:SP_2956,Hippodrome,3
2303326,07:03:00,07:03:10,stop_point:SP_3162,Brombach,4
2303326,07:04:00,07:04:10,stop_point:SP_2467,Pont Rocade,5
2303326,07:06:00,07:06:10,stop_point:SP_2210,Tissié,6
2303326,07:07:00,07:07:10,stop_point:SP_3729,Centre Aéré,7
2303326,07:08:00,07:08:10,stop_point:SP_1532,Eglise Lardenne,8
2303326,07:09:00,07:09:10,stop_point:SP_1846,Lardenne,9
2303326,07:11:00,07:11:10,stop_point:SP_3237,Montagné,10
2303326,07:12:00,07:12:10,stop_point:SP_3657,Briqueterie,11
2303326,07:13:00,07:13:10,stop_point:SP_396,St-Exupéry,12
2303326,07:14:00,07:14:10,stop_point:SP_3872,Ctre Cial Tournefeuille,13
2303326,07:15:00,07:15:10,stop_point:SP_2193,Montjoie,14
2303326,07:16:00,07:16:10,stop_point:SP_414,Tournefeuille Les Chênes,15
2303326,07:17:00,07:17:10,stop_point:SP_2921,Montel,16
2303326,07:18:00,07:18:10,stop_point:SP_1531,St-Pierre,17
2303326,07:19:00,07:19:10,stop_point:SP_2627,Périgord,18
2303326,07:20:00,07:20:10,stop_point:SP_3433,Alpilles,19
2303326,07:21:00,07:21:10,stop_point:SP_2379,Collège Labitrie,20
2303326,07:21:00,07:21:10,stop_point:SP_3740,Bordeneuve,21
2303326,07:22:00,07:22:10,stop_point:SP_4840,Jean Gay,22
2303326,07:23:00,07:23:10,stop_point:SP_4093,Tournefeuille Lycée,23
2303326,07:25:00,07:25:10,stop_point:SP_4800,Loti,24
2303326,07:26:00,07:26:10,stop_point:SP_4806,Prat Dessus,25
2303326,07:27:00,07:27:10,stop_point:SP_4801,Rivière - Basse,26
2303326,07:28:00,07:28:10,stop_point:SP_4803,Eglise Plaisance,27
2303326,07:30:00,07:30:10,stop_point:SP_1027,Plaisance Monestié,28
2303327,07:08:00,07:08:10,stop_point:SP_1754,Arènes,1
2303327,07:11:00,07:11:10,stop_point:SP_2002,Négogousses,2
2303327,07:12:00,07:12:10,stop_point:SP_2956,Hippodrome,3
2303327,07:13:00,07:13:10,stop_point:SP_3162,Brombach,4
2303327,07:14:00,07:14:10,stop_point:SP_2467,Pont Rocade,5
2303327,07:16:00,07:16:10,stop_point:SP_2210,Tissié,6
2303327,07:17:00,07:17:10,stop_point:SP_3729,Centre Aéré,7
2303327,07:19:00,07:19:10,stop_point:SP_1532,Eglise Lardenne,8
2303327,07:20:00,07:20:10,stop_point:SP_1846,Lardenne,9
2303327,07:22:00,07:22:10,stop_point:SP_3237,Montagné,10
2303327,07:23:00,07:23:10,stop_point:SP_3657,Briqueterie,11
2303327,07:24:00,07:24:10,stop_point:SP_396,St-Exupéry,12
2303327,07:25:00,07:25:10,stop_point:SP_3872,Ctre Cial Tournefeuille,13
2303327,07:26:00,07:26:10,stop_point:SP_2193,Montjoie,14
2303327,07:27:00,07:27:10,stop_point:SP_414,Tournefeuille Les Chênes,15
2303327,07:28:00,07:28:10,stop_point:SP_2921,Montel,16
2303327,07:30:00,07:30:10,stop_point:SP_1531,St-Pierre,17
2303327,07:31:00,07:31:10,stop_point:SP_2627,Périgord,18
2303327,07:32:00,07:32:10,stop_point:SP_3433,Alpilles,19
2303327,07:33:00,07:33:10,stop_point:SP_2379,Collège Labitrie,20
2303327,07:33:00,07:33:10,stop_point:SP_3740,Bordeneuve,21
2303327,07:34:00,07:34:10,stop_point:SP_4840,Jean Gay,22
2303327,07:35:00,07:35:10,stop_point:SP_4093,Tournefeuille Lycée,23
2303327,07:37:00,07:37:10,stop_point:SP_4800,Loti,24
2303327,07:38:00,07:38:10,stop_point:SP_4806,Prat Dessus,25
2303327,07:39:00,07:39:10,stop_point:SP_4801,Rivière - Basse,26
2303327,07:40:00,07:40:10,stop_point:SP_4803,Eglise Plaisance,27
2303327,07:42:00,07:42:10,stop_point:SP_1027,Plaisance Monestié,28
2303328,07:18:00,07:18:10,stop_point:SP_1754,Arènes,1
2303328,07:21:00,07:21:10,stop_point:SP_2002,Négogousses,2
2303328,07:22:00,07:22:10,stop_point:SP_2956,Hippodrome,3
2303328,07:23:00,07:23:10,stop_point:SP_3162,Brombach,4
2303328,07:24:00,07:24:10,stop_point:SP_2467,Pont Rocade,5
2303328,07:26:00,07:26:10,stop_point:SP_2210,Tissié,6
2303328,07:27:00,07:27:10,stop_point:SP_3729,Centre Aéré,7
2303328,07:29:00,07:29:10,stop_point:SP_1532,Eglise Lardenne,8
2303328,07:30:00,07:30:10,stop_point:SP_1846,Lardenne,9
2303328,07:32:00,07:32:10,stop_point:SP_3237,Montagné,10
2303328,07:33:00,07:33:10,stop_point:SP_3657,Briqueterie,11
2303328,07:34:00,07:34:10,stop_point:SP_396,St-Exupéry,12
2303328,07:35:00,07:35:10,stop_point:SP_3872,Ctre Cial Tournefeuille,13
2303328,07:36:00,07:36:10,stop_point:SP_2193,Montjoie,14
2303328,07:37:00,07:37:10,stop_point:SP_414,Tournefeuille Les Chênes,15
2303328,07:38:00,07:38:10,stop_point:SP_2921,Montel,16
2303328,07:40:00,07:40:10,stop_point:SP_1531,St-Pierre,17
2303328,07:41:00,07:41:10,stop_point:SP_2627,Périgord,18
2303328,07:42:00,07:42:10,stop_point:SP_3433,Alpilles,19
2303328,07:43:00,07:43:10,stop_point:SP_2379,Collège Labitrie,20
2303328,07:43:00,07:43:10,stop_point:SP_3740,Bordeneuve,21
2303328,07:44:00,07:44:10,stop_point:SP_4840,Jean Gay,22
2303328,07:45:00,07:45:10,stop_point:SP_4093,Tournefeuille Lycée,23
2303328,07:47:00,07:47:10,stop_point:SP_4800,Loti,24
2303328,07:48:00,07:48:10,stop_point:SP_4806,Prat Dessus,25
2303328,07:49:00,07:49:10,stop_point:SP_4801,Rivière - Basse,26
2303328,07:50:00,07:50:10,stop_point:SP_4803,Eglise Plaisance,27
2303328,07:52:00,07:52:10,stop_point:SP_1027,Plaisance Monestié,28
2303329,07:27:00,07:27:10,stop_point:SP_1754,Arènes,1
2303329,07:30:00,07:30:10,stop_point:SP_2002,Négogousses,2
2303329,07:31:00,07:31:10,stop_point:SP_2956,Hippodrome,3
2303329,07:33:00,07:33:10,stop_point:SP_3162,Brombach,4
2303329,07:34:00,07:34:10,stop_point:SP_2467,Pont Rocade,5
2303329,07:36:00,07:36:10,stop_point:SP_2210,Tissié,6
2303329,07:37:00,07:37:10,stop_point:SP_3729,Centre Aéré,7
2303329,07:39:00,07:39:10,stop_point:SP_1532,Eglise Lardenne,8
2303329,07:40:00,07:40:10,stop_point:SP_1846,Lardenne,9
2303329,07:42:00,07:42:10,stop_point:SP_3237,Montagné,10
2303329,07:43:00,07:43:10,stop_point:SP_3657,Briqueterie,11
2303329,07:44:00,07:44:10,stop_point:SP_396,St-Exupéry,12
2303329,07:46:00,07:46:10,stop_point:SP_3872,Ctre Cial Tournefeuille,13
2303329,07:47:00,07:47:10,stop_point:SP_2193,Montjoie,14
2303329,07:48:00,07:48:10,stop_point:SP_414,Tournefeuille Les Chênes,15
2303329,07:49:00,07:49:10,stop_point:SP_2921,Montel,16
2303329,07:51:00,07:51:10,stop_point:SP_1531,St-Pierre,17
2303329,07:52:00,07:52:10,stop_point:SP_2627,Périgord,18
2303329,07:53:00,07:53:10,stop_point:SP_3433,Alpilles,19
2303329,07:54:00,07:54:10,stop_point:SP_2379,Collège Labitrie,20
2303329,07:54:00,07:54:10,stop_point:SP_3740,Bordeneuve,21
2303329,07:55:00,07:55:10,stop_point:SP_4840,Jean Gay,22
2303329,07:56:00,07:56:10,stop_point:SP_4093,Tournefeuille Lycée,23
2303329,07:58:00,07:58:10,stop_point:SP_4800,Loti,24
2303329,07:59:00,07:59:10,stop_point:SP_4806,Prat Dessus,25
2303329,08:00:00,08:00:10,stop_point:SP_4801,Rivière - Basse,26
2303329,08:01:00,08:01:10,stop_point:SP_4803,Eglise Plaisance,27
2303329,08:03:00,08:03:10,stop_point:SP_1027,Plaisance Monestié,28
2303330,07:38:00,07:38:10,stop_point:SP_1754,Arènes,1
2303330,07:41:00,07:41:10,stop_point:SP_2002,Négogousses,2
2303330,07:42:00,07:42:10,stop_point:SP_2956,Hippodrome,3
2303330,07:44:00,07:44:10,stop_point:SP_3162,Brombach,4
2303330,07:45:00,07:45:10,stop_point:SP_2467,Pont Rocade,5
2303330,07:47:00,07:47:10,stop_point:SP_2210,Tissié,6
2303330,07:48:00,07:48:10,stop_point:SP_3729,Centre Aéré,7
2303330,07:50:00,07:50:10,stop_point:SP_1532,Eglise Lardenne,8
2303330,07:51:00,07:51:10,stop_point:SP_1846,Lardenne,9
2303330,07:53:00,07:53:10,stop_point:SP_3237,Montagné,10
2303330,07:54:00,07:54:10,stop_point:SP_3657,Briqueterie,11
2303330,07:55:00,07:55:10,stop_point:SP_396,St-Exupéry,12
2303330,07:57:00,07:57:10,stop_point:SP_3872,Ctre Cial Tournefeuille,13
2303330,07:58:00,07:58:10,stop_point:SP_2193,Montjoie,14
2303330,07:59:00,07:59:10,stop_point:SP_414,Tournefeuille Les Chênes,15
2303330,08:00:00,08:00:10,stop_point:SP_2921,Montel,16
2303330,08:02:00,08:02:10,stop_point:SP_1531,St-Pierre,17
2303330,08:03:00,08:03:10,stop_point:SP_2627,Périgord,18
2303330,08:04:00,08:04:10,stop_point:SP_3433,Alpilles,19
2303330,08:05:00,08:05:10,stop_point:SP_2379,Collège Labitrie,20
2303330,08:05:00,08:05:10,stop_point:SP_3740,Bordeneuve,21
2303330,08:06:00,08:06:10,stop_point:SP_4840,Jean Gay,22
2303330,08:07:00,08:07:10,stop_point:SP_4093,Tournefeuille Lycée,23
2303330,08:09:00,08:09:10,stop_point:SP_4800,Loti,24
2303330,08:10:00,08:10:10,stop_point:SP_4806,Prat Dessus,25
2303330,08:11:00,08:11:10,stop_point:SP_4801,Rivière - Basse,26
2303330,08:12:00,08:12:10,stop_point:SP_4803,Eglise Plaisance,27
2303330,08:14:00,08:14:10,stop_point:SP_1027,Plaisance Monestié,28
2303331,07:47:00,07:47:10,stop_point:SP_1754,Arènes,1
2303331,07:50:00,07:50:10,stop_point:SP_2002,Négogousses,2
2303331,07:52:00,07:52:10,stop_point:SP_2956,Hippodrome,3
2303331,07:54:00,07:54:10,stop_point:SP_3162,Brombach,4
2303331,07:55:00,07:55:10,stop_point:SP_2467,Pont Rocade,5
2303331,07:57:00,07:57:10,stop_point:SP_2210,Tissié,6
2303331,07:58:00,07:58:10,stop_point:SP_3729,Centre Aéré,7
2303331,08:00:00,08:00:10,stop_point:SP_1532,Eglise Lardenne,8
2303331,08:01:00,08:01:10,stop_point:SP_1846,Lardenne,9
2303331,08:03:00,08:03:10,stop_point:SP_3237,Montagné,10
2303331,08:04:00,08:04:10,stop_point:SP_3657,Briqueterie,11
2303331,08:05:00,08:05:10,stop_point:SP_396,St-Exupéry,12
2303331,08:07:00,08:07:10,stop_point:SP_3872,Ctre Cial Tournefeuille,13
2303331,08:08:00,08:08:10,stop_point:SP_2193,Montjoie,14
2303331,08:09:00,08:09:10,stop_point:SP_414,Tournefeuille Les Chênes,15
2303331,08:10:00,08:10:10,stop_point:SP_2921,Montel,16
2303331,08:12:00,08:12:10,stop_point:SP_1531,St-Pierre,17
2303331,08:13:00,08:13:10,stop_point:SP_2627,Périgord,18
2303331,08:14:00,08:14:10,stop_point:SP_3433,Alpilles,19
2303331,08:15:00,08:15:10,stop_point:SP_2379,Collège Labitrie,20
2303331,08:15:00,08:15:10,stop_point:SP_3740,Bordeneuve,21
2303331,08:16:00,08:16:10,stop_point:SP_4840,Jean Gay,22
2303331,08:17:00,08:17:10,stop_point:SP_4093,Tournefeuille Lycée,23
2303331,08:19:00,08:19:10,stop_point:SP_4800,Loti,24
2303331,08:20:00,08:20:10,stop_point:SP_4806,Prat Dessus,25
2303331,08:21:00,08:21:10,stop_point:SP_4801,Rivière - Basse,26
2303331,08:22:00,08:22:10,stop_point:SP_4803,Eglise Plaisance,27
2303331,08:24:00,08:24:10,stop_point:SP_1027,Plaisance Monestié,28
2303332,07:55:00,07:55:10,stop_point:SP_1754,Arènes,1
2303332,07:58:00,07:58:10,stop_point:SP_2002,Négogousses,2
2303332,08:00:00,08:00:10,stop_point:SP_2956,Hippodrome,3
2303332,08:02:00,08:02:10,stop_point:SP_3162,Brombach,4
2303332,08:03:00,08:03:10,stop_point:SP_2467,Pont Rocade,5
2303332,08:05:00,08:05:10,stop_point:SP_2210,Tissié,6
2303332,08:07:00,08:07:10,stop_point:SP_3729,Centre Aéré,7
2303332,08:08:00,08:08:10,stop_point:SP_1532,Eglise Lardenne,8
2303332,08:10:00,08:10:10,stop_point:SP_1846,Lardenne,9
2303332,08:12:00,08:12:10,stop_point:SP_3237,Montagné,10
2303332,08:13:00,08:13:10,stop_point:SP_3657,Briqueterie,11
2303332,08:14:00,08:14:10,stop_point:SP_396,St-Exupéry,12
2303332,08:16:00,08:16:10,stop_point:SP_3872,Ctre Cial Tournefeuille,13
2303332,08:17:00,08:17:10,stop_point:SP_2193,Montjoie,14
2303332,08:18:00,08:18:10,stop_point:SP_414,Tournefeuille Les Chênes,15
2303332,08:19:00,08:19:10,stop_point:SP_2921,Montel,16
2303332,08:21:00,08:21:10,stop_point:SP_1531,St-Pierre,17
2303332,08:22:00,08:22:10,stop_point:SP_2627,Périgord,18
2303332,08:23:00,08:23:10,stop_point:SP_3433,Alpilles,19
2303332,08:24:00,08:24:10,stop_point:SP_2379,Collège Labitrie,20
2303332,08:24:00,08:24:10,stop_point:SP_3740,Bordeneuve,21
2303332,08:25:00,08:25:10,stop_point:SP_4840,Jean Gay,22
2303332,08:26:00,08:26:10,stop_point:SP_4093,Tournefeuille Lycée,23
2303332,08:28:00,08:28:10,stop_point:SP_4800,Loti,24
2303332,08:29:00,08:29:10,stop_point:SP_4806,Prat Dessus,25
2303332,08:30:00,08:30:10,stop_point:SP_4801,Rivière - Basse,26
2303332,08:31:00,08:31:10,stop_point:SP_4803,Eglise Plaisance,27
2303332,08:33:00,08:33:10,stop_point:SP_1027,Plaisance Monestié,28
2303333,08:02:00,08:02:10,stop_point:SP_1754,Arènes,1
2303333,08:05:00,08:05:10,stop_point:SP_2002,Négogousses,2
2303333,08:07:00,08:07:10,stop_point:SP_2956,Hippodrome,3
2303333,08:09:00,08:09:10,stop_point:SP_3162,Brombach,4
2303333,08:10:00,08:10:10,stop_point:SP_2467,Pont Rocade,5
2303333,08:13:00,08:13:10,stop_point:SP_2210,Tissié,6
2303333,08:14:00,08:14:10,stop_point:SP_3729,Centre Aéré,7
2303333,08:16:00,08:16:10,stop_point:SP_1532,Eglise Lardenne,8
2303333,08:18:00,08:18:10,stop_point:SP_1846,Lardenne,9
2303333,08:20:00,08:20:10,stop_point:SP_3237,Montagné,10
2303333,08:21:00,08:21:10,stop_point:SP_3657,Briqueterie,11
2303333,08:22:00,08:22:10,stop_point:SP_396,St-Exupéry,12
2303333,08:24:00,08:24:10,stop_point:SP_3872,Ctre Cial Tournefeuille,13
2303333,08:25:00,08:25:10,stop_point:SP_2193,Montjoie,14
2303333,08:26:00,08:26:10,stop_point:SP_414,Tournefeuille Les Chênes,15
2303333,08:27:00,08:27:10,stop_point:SP_2921,Montel,16
2303333,08:29:00,08:29:10,stop_point:SP_1531,St-Pierre,17
2303333,08:30:00,08:30:10,stop_point:SP_2627,Périgord,18
2303333,08:31:00,08:31:10,stop_point:SP_3433,Alpilles,19
2303333,08:32:00,08:32:10,stop_point:SP_2379,Collège Labitrie,20
2303333,08:32:00,08:32:10,stop_point:SP_3740,Bordeneuve,21
2303333,08:33:00,08:33:10,stop_point:SP_4840,Jean Gay,22
2303333,08:34:00,08:34:10,stop_point:SP_4093,Tournefeuille Lycée,23
2303333,08:36:00,08:36:10,stop_point:SP_4800,Loti,24
2303333,08:37:00,08:37:10,stop_point:SP_4806,Prat Dessus,25
2303333,08:38:00,08:38:10,stop_point:SP_4801,Rivière - Basse,26
2303333,08:39:00,08:39:10,stop_point:SP_4803,Eglise Plaisance,27
2303333,08:41:00,08:41:10,stop_point:SP_1027,Plaisance Monestié,28
2303334,08:09:00,08:09:10,stop_point:SP_1754,Arènes,1
2303334,08:12:00,08:12:10,stop_point:SP_2002,Négogousses,2
2303334,08:14:00,08:14:10,stop_point:SP_2956,Hippodrome,3
2303334,08:16:00,08:16:10,stop_point:SP_3162,Brombach,4
2303334,08:17:00,08:17:10,stop_point:SP_2467,Pont Rocade,5
2303334,08:20:00,08:20:10,stop_point:SP_2210,Tissié,6
2303334,08:21:00,08:21:10,stop_point:SP_3729,Centre Aéré,7
2303334,08:23:00,08:23:10,stop_point:SP_1532,Eglise Lardenne,8
2303334,08:25:00,08:25:10,stop_point:SP_1846,Lardenne,9
2303334,08:27:00,08:27:10,stop_point:SP_3237,Montagné,10
2303334,08:28:00,08:28:10,stop_point:SP_3657,Briqueterie,11
2303334,08:29:00,08:29:10,stop_point:SP_396,St-Exupéry,12
2303334,08:31:00,08:31:10,stop_point:SP_3872,Ctre Cial Tournefeuille,13
2303334,08:32:00,08:32:10,stop_point:SP_2193,Montjoie,14
2303334,08:33:00,08:33:10,stop_point:SP_414,Tournefeuille Les Chênes,15
2303334,08:34:00,08:34:10,stop_point:SP_2921,Montel,16
2303334,08:35:00,08:35:10,stop_point:SP_1531,St-Pierre,17
2303334,08:36:00,08:36:10,stop_point:SP_2627,Périgord,18
2303334,08:37:00,08:37:10,stop_point:SP_3433,Alpilles,19
2303334,08:38:00,08:38:10,stop_point:SP_2379,Collège Labitrie,20
2303334,08:38:00,08:38:10,stop_point:SP_3740,Bordeneuve,21
2303334,08:39:00,08:39:10,stop_point:SP_4840,Jean Gay,22
2303334,08:40:00,08:40:10,stop_point:SP_4093,Tournefeuille Lycée,23
2303334,08:42:00,08:42:10,stop_point:SP_4800,Loti,24
2303334,08:43:00,08:43:10,stop_point:SP_4806,Prat Dessus,25
2303334,08:44:00,08:44:10,stop_point:SP_4801,Rivière - Basse,26
2303334,08:45:00,08:45:10,stop_point:SP_4803,Eglise Plaisance,27
2303334,08:47:00,08:47:10,stop_point:SP_1027,Plaisance Monestié,28
2303335,08:16:00,08:16:10,stop_point:SP_1754,Arènes,1
2303335,08:19:00,08:19:10,stop_point:SP_2002,Négogousses,2
2303335,08:21:00,08:21:10,stop_point:SP_2956,Hippodrome,3
2303335,08:23:00,08:23:10,stop_point:SP_3162,Brombach,4
2303335,08:24:00,08:24:10,stop_point:SP_2467,Pont Rocade,5
2303335,08:27:00,08:27:10,stop_point:SP_2210,Tissié,6
2303335,08:28:00,08:28:10,stop_point:SP_3729,Centre Aéré,7
2303335,08:30:00,08:30:10,stop_point:SP_1532,Eglise Lardenne,8
2303335,08:32:00,08:32:10,stop_point:SP_1846,Lardenne,9
2303335,08:34:00,08:34:10,stop_point:SP_3237,Montagné,10
2303335,08:35:00,08:35:10,stop_point:SP_3657,Briqueterie,11
2303335,08:36:00,08:36:10,stop_point:SP_396,St-Exupéry,12
2303335,08:38:00,08:38:10,stop_point:SP_3872,Ctre Cial Tournefeuille,13
2303335,08:39:00,08:39:10,stop_point:SP_2193,Montjoie,14
2303335,08:40:00,08:40:10,stop_point:SP_414,Tournefeuille Les Chênes,15
2303335,08:41:00,08:41:10,stop_point:SP_2921,Montel,16
2303335,08:42:00,08:42:10,stop_point:SP_1531,St-Pierre,17
2303335,08:43:00,08:43:10,stop_point:SP_2627,Périgord,18
2303335,08:44:00,08:44:10,stop_point:SP_3433,Alpilles,19
2303335,08:45:00,08:45:10,stop_point:SP_2379,Collège Labitrie,20
2303335,08:45:00,08:45:10,stop_point:SP_3740,Bordeneuve,21
2303335,08:46:00,08:46:10,stop_point:SP_4840,Jean Gay,22
2303335,08:47:00,08:47:10,stop_point:SP_4093,Tournefeuille Lycée,23
2303335,08:49:00,08:49:10,stop_point:SP_4800,Loti,24
2303335,08:50:00,08:50:10,stop_point:SP_4806,Prat Dessus,25
2303335,08:51:00,08:51:10,stop_point:SP_4801,Rivière - Basse,26
2303335,08:52:00,08:52:10,stop_point:SP_4803,Eglise Plaisance,27
2303335,08:54:00,08:54:10,stop_point:SP_1027,Plaisance Monestié,28
2303336,08:22:00,08:22:10,stop_point:SP_1754,Arènes,1
2303336,08:25:00,08:25:10,stop_point:SP_2002,Négogousses,2
2303336,08:27:00,08:27:10,stop_point:SP_2956,Hippodrome,3
2303336,08:29:00,08:29:10,stop_point:SP_3162,Brombach,4
2303336,08:30:00,08:30:10,stop_point:SP_2467,Pont Rocade,5
2303336,08:33:00,08:33:10,stop_point:SP_2210,Tissié,6
2303336,08:34:00,08:34:10,stop_point:SP_3729,Centre Aéré,7
2303336,08:36:00,08:36:10,stop_point:SP_1532,Eglise Lardenne,8
2303336,08:38:00,08:38:10,stop_point:SP_1846,Lardenne,9
2303336,08:40:00,08:40:10,stop_point:SP_3237,Montagné,10
2303336,08:41:00,08:41:10,stop_point:SP_3657,Briqueterie,11
2303336,08:42:00,08:42:10,stop_point:SP_396,St-Exupéry,12
2303336,08:44:00,08:44:10,stop_point:SP_3872,Ctre Cial Tournefeuille,13
2303336,08:45:00,08:45:10,stop_point:SP_2193,Montjoie,14
2303336,08:46:00,08:46:10,stop_point:SP_414,Tournefeuille Les Chênes,15
2303336,08:47:00,08:47:10,stop_point:SP_2921,Montel,16
2303336,08:48:00,08:48:10,stop_point:SP_1531,St-Pierre,17
2303336,08:49:00,08:49:10,stop_point:SP_2627,Périgord,18
2303336,08:50:00,08:50:10,stop_point:SP_3433,Alpilles,19
2303336,08:51:00,08:51:10,stop_point:SP_2379,Collège Labitrie,20
2303336,08:51:00,08:51:10,stop_point:SP_3740,Bordeneuve,21
2303336,08:52:00,08:52:10,stop_point:SP_4840,Jean Gay,22
2303336,08:53:00,08:53:10,stop_point:SP_4093,Tournefeuille Lycée,23
2303336,08:55:00,08:55:10,stop_point:SP_4800,Loti,24
2303336,08:56:00,08:56:10,stop_point:SP_4806,Prat Dessus,25
2303336,08:57:00,08:57:10,stop_point:SP_4801,Rivière - Basse,26
2303336,08:58:00,08:58:10,stop_point:SP_4803,Eglise Plaisance,27
2303336,09:00:00,09:00:10,stop_point:SP_1027,Plaisance Monestié,28
2303337,08:29:00,08:29:10,stop_point:SP_1754,Arènes,1
2303337,08:32:00,08:32:10,stop_point:SP_2002,Négogousses,2
2303337,08:34:00,08:34:10,stop_point:SP_2956,Hippodrome,3
2303337,08:36:00,08:36:10,stop_point:SP_3162,Brombach,4
2303337,08:37:00,08:37:10,stop_point:SP_2467,Pont Rocade,5
2303337,08:39:00,08:39:10,stop_point:SP_2210,Tissié,6
2303337,08:41:00,08:41:10,stop_point:SP_3729,Centre Aéré,7
2303337,08:42:00,08:42:10,stop_point:SP_1532,Eglise Lardenne,8
2303337,08:44:00,08:44:10,stop_point:SP_1846,Lardenne,9
2303337,08:45:00,08:45:10,stop_point:SP_3237,Montagné,10
2303337,08:46:00,08:46:10,stop_point:SP_3657,Briqueterie,11
2303337,08:47:00,08:47:10,stop_point:SP_396,St-Exupéry,12
2303337,08:49:00,08:49:10,stop_point:SP_3872,Ctre Cial Tournefeuille,13
2303337,08:50:00,08:50:10,stop_point:SP_2193,Montjoie,14
2303337,08:51:00,08:51:10,stop_point:SP_414,Tournefeuille Les Chênes,15
2303337,08:52:00,08:52:10,stop_point:SP_2921,Montel,16
2303337,08:53:00,08:53:10,stop_point:SP_1531,St-Pierre,17
2303337,08:54:00,08:54:10,stop_point:SP_2627,Périgord,18
2303337,08:55:00,08:55:10,stop_point:SP_3433,Alpilles,19
2303337,08:56:00,08:56:10,stop_point:SP_2379,Collège Labitrie,20
2303337,08:56:00,08:56:10,stop_point:SP_3740,Bordeneuve,21
2303337,08:57:00,08:57:10,stop_point:SP_4840,Jean Gay,22
2303337,08:58:00,08:58:10,stop_point:SP_4093,Tournefeuille Lycée,23
2303337,09:00:00,09:00:10,stop_point:SP_4800,Loti,24
2303337,09:01:00,09:01:10,stop_point:SP_4806,Prat Dessus,25
2303337,09:02:00,09:02:10,stop_point:SP_4801,Rivière - Basse,26
2303337,09:03:00,09:03:10,stop_point:SP_4803,Eglise Plaisance,27
2303337,09:05:00,09:05:10,stop_point:SP_1027,Plaisance Monestié,28
2303338,08:36:00,08:36:10,stop_point:SP_1754,Arènes,1
2303338,08:39:00,08:39:10,stop_point:SP_2002,Négogousses,2
2303338,08:41:00,08:41:10,stop_point:SP_2956,Hippodrome,3
2303338,08:43:00,08:43:10,stop_point:SP_3162,Brombach,4
2303338,08:44:00,08:44:10,stop_point:SP_2467,Pont Rocade,5
2303338,08:46:00,08:46:10,stop_point:SP_2210,Tissié,6
2303338,08:48:00,08:48:10,stop_point:SP_3729,Centre Aéré,7
2303338,08:49:00,08:49:10,stop_point:SP_1532,Eglise Lardenne,8
2303338,08:51:00,08:51:10,stop_point:SP_1846,Lardenne,9
2303338,08:52:00,08:52:10,stop_point:SP_3237,Montagné,10
2303338,08:53:00,08:53:10,stop_point:SP_3657,Briqueterie,11
2303338,08:54:00,08:54:10,stop_point:SP_396,St-Exupéry,12
2303338,08:56:00,08:56:10,stop_point:SP_3872,Ctre Cial Tournefeuille,13
2303338,08:57:00,08:57:10,stop_point:SP_2193,Montjoie,14
2303338,08:58:00,08:58:10,stop_point:SP_414,Tournefeuille Les Chênes,15
2303338,08:59:00,08:59:10,stop_point:SP_2921,Montel,16
2303338,09:00:00,09:00:10,stop_point:SP_1531,St-Pierre,17
2303338,09:01:00,09:01:10,stop_point:SP_2627,Périgord,18
2303338,09:02:00,09:02:10,stop_point:SP_3433,Alpilles,19
2303338,09:03:00,09:03:10,stop_point:SP_2379,Collège Labitrie,20
2303338,09:03:00,09:03:10,stop_point:SP_3740,Bordeneuve,21
2303338,09:04:00,09:04:10,stop_point:SP_4840,Jean Gay,22
2303338,09:05:00,09:05:10,stop_point:SP_4093,Tournefeuille Lycée,23
2303338,09:07:00,09:07:10,stop_point:SP_4800,Loti,24
2303338,09:08:00,09:08:10,stop_point:SP_4806,Prat Dessus,25
2303338,09:09:00,09:09:10,stop_point:SP_4801,Rivière - Basse,26
2303338,09:10:00,09:10:10,stop_point:SP_4803,Eglise Plaisance,27
2303338,09:12:00,09:12:10,stop_point:SP_1027,Plaisance Monestié,28
2303339,08:44:00,08:44:10,stop_point:SP_1754,Arènes,1
2303339,08:47:00,08:47:10,stop_point:SP_2002,Négogousses,2
2303339,08:49:00,08:49:10,stop_point:SP_2956,Hippodrome,3
2303339,08:51:00,08:51:10,stop_point:SP_3162,Brombach,4
2303339,08:52:00,08:52:10,stop_point:SP_2467,Pont Rocade,5
2303339,08:54:00,08:54:10,stop_point:SP_2210,Tissié,6
2303339,08:56:00,08:56:10,stop_point:SP_3729,Centre Aéré,7
2303339,08:57:00,08:57:10,stop_point:SP_1532,Eglise Lardenne,8
2303339,08:59:00,08:59:10,stop_point:SP_1846,Lardenne,9
2303339,09:00:00,09:00:10,stop_point:SP_3237,Montagné,10
2303339,09:01:00,09:01:10,stop_point:SP_3657,Briqueterie,11
2303339,09:02:00,09:02:10,stop_point:SP_396,St-Exupéry,12
2303339,09:04:00,09:04:10,stop_point:SP_3872,Ctre Cial Tournefeuille,13
2303339,09:05:00,09:05:10,stop_point:SP_2193,Montjoie,14
2303339,09:06:00,09:06:10,stop_point:SP_414,Tournefeuille Les Chênes,15
2303339,09:07:00,09:07:10,stop_point:SP_2921,Montel,16
2303339,09:08:00,09:08:10,stop_point:SP_1531,St-Pierre,17
2303339,09:09:00,09:09:10,stop_point:SP_2627,Périgord,18
2303339,09:10:00,09:10:10,stop_point:SP_3433,Alpilles,19
2303339,09:11:00,09:11:10,stop_point:SP_2379,Collège Labitrie,20
2303339,09:11:00,09:11:10,stop_point:SP_3740,Bordeneuve,21
2303339,09:12:00,09:12:10,stop_point:SP_4840,Jean Gay,22
2303339,09:13:00,09:13:10,stop_point:SP_4093,Tournefeuille Lycée,23
2303339,09:15:00,09:15:10,stop_point:SP_4800,Loti,24
2303339,09:16:00,09:16:10,stop_point:SP_4806,Prat Dessus,25
2303339,09:17:00,09:17:10,stop_point:SP_4801,Rivière - Basse,26
2303339,09:18:00,09:18:10,stop_point:SP_4803,Eglise Plaisance,27
2303339,09:20:00,09:20:10,stop_point:SP_1027,Plaisance Monestié,28
2303340,08:54:00,08:54:10,stop_point:SP_1754,Arènes,1
2303340,08:57:00,08:57:10,stop_point:SP_2002,Négogousses,2
2303340,08:59:00,08:59:10,stop_point:SP_2956,Hippodrome,3
2303340,09:01:00,09:01:10,stop_point:SP_3162,Brombach,4
2303340,09:02:00,09:02:10,stop_point:SP_2467,Pont Rocade,5
2303340,09:04:00,09:04:10,stop_point:SP_2210,Tissié,6
2303340,09:06:00,09:06:10,stop_point:SP_3729,Centre Aéré,7
2303340,09:07:00,09:07:10,stop_point:SP_1532,Eglise Lardenne,8
2303340,09:09:00,09:09:10,stop_point:SP_1846,Lardenne,9
2303340,09:10:00,09:10:10,stop_point:SP_3237,Montagné,10
2303340,09:11:00,09:11:10,stop_point:SP_3657,Briqueterie,11
2303340,09:12:00,09:12:10,stop_point:SP_396,St-Exupéry,12
2303340,09:14:00,09:14:10,stop_point:SP_3872,Ctre Cial Tournefeuille,13
2303340,09:15:00,09:15:10,stop_point:SP_2193,Montjoie,14
2303340,09:16:00,09:16:10,stop_point:SP_414,Tournefeuille Les Chênes,15
2303340,09:17:00,09:17:10,stop_point:SP_2921,Montel,16
2303340,09:18:00,09:18:10,stop_point:SP_1531,St-Pierre,17
2303340,09:19:00,09:19:10,stop_point:SP_2627,Périgord,18
2303340,09:20:00,09:20:10,stop_point:SP_3433,Alpilles,19
2303340,09:21:00,09:21:10,stop_point:SP_2379,Collège Labitrie,20
2303340,09:21:00,09:21:10,stop_point:SP_3740,Bordeneuve,21
2303340,09:22:00,09:22:10,stop_point:SP_4840,Jean Gay,22
2303340,09:23:00,09:23:10,stop_point:SP_4093,Tournefeuille Lycée,23
2303340,09:25:00,09:25:10,stop_point:SP_4800,Loti,24
2303340,09:26:00,09:26:10,stop_point:SP_4806,Prat Dessus,25
2303340,09:27:00,09:27:10,stop_point:SP_4801,Rivière - Basse,26
2303340,09:28:00,09:28:10,stop_point:SP_4803,Eglise Plaisance,27
2303340,09:30:00,09:30:10,stop_point:SP_1027,Plaisance Monestié,28
2303341,09:04:00,09:04:10,stop_point:SP_1754,Arènes,1
2303341,09:07:00,09:07:10,stop_point:SP_2002,Négogousses,2
2303341,09:08:00,09:08:10,stop_point:SP_2956,Hippodrome,3
2303341,09:10:00,09:10:10,stop_point:SP_3162,Brombach,4
2303341,09:11:00,09:11:10,stop_point:SP_2467,Pont Rocade,5
2303341,09:13:00,09:13:10,stop_point:SP_2210,Tissié,6
2303341,09:15:00,09:15:10,stop_point:SP_3729,Centre Aéré,7
2303341,09:16:00,09:16:10,stop_point:SP_1532,Eglise Lardenne,8
2303341,09:18:00,09:18:10,stop_point:SP_1846,Lardenne,9
2303341,09:19:00,09:19:10,stop_point:SP_3237,Montagné,10
2303341,09:20:00,09:20:10,stop_point:SP_3657,Briqueterie,11
2303341,09:21:00,09:21:10,stop_point:SP_396,St-Exupéry,12
2303341,09:23:00,09:23:10,stop_point:SP_3872,Ctre Cial Tournefeuille,13
2303341,09:24:00,09:24:10,stop_point:SP_2193,Montjoie,14
2303341,09:25:00,09:25:10,stop_point:SP_414,Tournefeuille Les Chênes,15
2303341,09:26:00,09:26:10,stop_point:SP_2921,Montel,16
2303341,09:27:00,09:27:10,stop_point:SP_1531,St-Pierre,17
2303341,09:28:00,09:28:10,stop_point:SP_2627,Périgord,18
2303341,09:29:00,09:29:10,stop_point:SP_3433,Alpilles,19
2303341,09:30:00,09:30:10,stop_point:SP_2379,Collège Labitrie,20
2303341,09:30:00,09:30:10,stop_point:SP_3740,Bordeneuve,21
2303341,09:31:00,09:31:10,stop_point:SP_4840,Jean Gay,22
2303341,09:32:00,09:32:10,stop_point:SP_4093,Tournefeuille Lycée,23
2303341,09:34:00,09:34:10,stop_point:SP_4800,Loti,24
2303341,09:35:00,09:35:10,stop_point:SP_4806,Prat Dessus,25
2303341,09:36:00,09:36:10,stop_point:SP_4801,Rivière - Basse,26
2303341,09:37:00,09:37:10,stop_point:SP_4803,Eglise Plaisance,27
2303341,09:39:00,09:39:10,stop_point:SP_1027,Plaisance Monestié,28
2303342,09:14:00,09:14:10,stop_point:SP_1754,Arènes,1
2303342,09:17:00,09:17:10,stop_point:SP_2002,Négogousses,2
2303342,09:18:00,09:18:10,stop_point:SP_2956,Hippodrome,3
2303342,09:19:00,09:19:10,stop_point:SP_3162,Brombach,4
2303342,09:20:00,09:20:10,stop_point:SP_2467,Pont Rocade,5
2303342,09:22:00,09:22:10,stop_point:SP_2210,Tissié,6
2303342,09:23:00,09:23:10,stop_point:SP_3729,Centre Aéré,7
2303342,09:25:00,09:25:10,stop_point:SP_1532,Eglise Lardenne,8
2303342,09:26:00,09:26:10,stop_point:SP_1846,Lardenne,9
2303342,09:27:00,09:27:10,stop_point:SP_3237,Montagné,10
2303342,09:28:00,09:28:10,stop_point:SP_3657,Briqueterie,11
2303342,09:29:00,09:29:10,stop_point:SP_396,St-Exupéry,12
2303342,09:31:00,09:31:10,stop_point:SP_3872,Ctre Cial Tournefeuille,13
2303342,09:32:00,09:32:10,stop_point:SP_2193,Montjoie,14
2303342,09:33:00,09:33:10,stop_point:SP_414,Tournefeuille Les Chênes,15
2303342,09:34:00,09:34:10,stop_point:SP_2921,Montel,16
2303342,09:36:00,09:36:10,stop_point:SP_1531,St-Pierre,17
2303342,09:37:00,09:37:10,stop_point:SP_2627,Périgord,18
2303342,09:38:00,09:38:10,stop_point:SP_3433,Alpilles,19
2303342,09:39:00,09:39:10,stop_point:SP_2379,Collège Labitrie,20
2303342,09:39:00,09:39:10,stop_point:SP_3740,Bordeneuve,21
2303342,09:40:00,09:40:10,stop_point:SP_4840,Jean Gay,22
2303342,09:41:00,09:41:10,stop_point:SP_4093,Tournefeuille Lycée,23
2303342,09:43:00,09:43:10,stop_point:SP_4800,Loti,24
2303342,09:44:00,09:44:10,stop_point:SP_4806,Prat Dessus,25
2303342,09:45:00,09:45:10,stop_point:SP_4801,Rivière - Basse,26
2303342,09:46:00,09:46:10,stop_point:SP_4803,Eglise Plaisance,27
2303342,09:48:00,09:48:10,stop_point:SP_1027,Plaisance Monestié,28
2303343,09:24:00,09:24:10,stop_point:SP_1754,Arènes,1
2303343,09:27:00,09:27:10,stop_point:SP_2002,Négogousses,2
2303343,09:28:00,09:28:10,stop_point:SP_2956,Hippodrome,3
2303343,09:29:00,09:29:10,stop_point:SP_3162,Brombach,4
2303343,09:30:00,09:30:10,stop_point:SP_2467,Pont Rocade,5
2303343,09:32:00,09:32:10,stop_point:SP_2210,Tissié,6
2303343,09:33:00,09:33:10,stop_point:SP_3729,Centre Aéré,7
2303343,09:35:00,09:35:10,stop_point:SP_1532,Eglise Lardenne,8
2303343,09:36:00,09:36:10,stop_point:SP_1846,Lardenne,9
2303343,09:37:00,09:37:10,stop_point:SP_3237,Montagné,10
2303343,09:38:00,09:38:10,stop_point:SP_3657,Briqueterie,11
2303343,09:39:00,09:39:10,stop_point:SP_396,St-Exupéry,12
2303343,09:41:00,09:41:10,stop_point:SP_3872,Ctre Cial Tournefeuille,13
2303343,09:42:00,09:42:10,stop_point:SP_2193,Montjoie,14
2303343,09:43:00,09:43:10,stop_point:SP_414,Tournefeuille Les Chênes,15
2303343,09:44:00,09:44:10,stop_point:SP_2921,Montel,16
2303343,09:46:00,09:46:10,stop_point:SP_1531,St-Pierre,17
2303343,09:47:00,09:47:10,stop_point:SP_2627,Périgord,18
2303343,09:48:00,09:48:10,stop_point:SP_3433,Alpilles,19
2303343,09:49:00,09:49:10,stop_point:SP_2379,Collège Labitrie,20
2303343,09:49:00,09:49:10,stop_point:SP_3740,Bordeneuve,21
2303343,09:50:00,09:50:10,stop_point:SP_4840,Jean Gay,22
2303343,09:51:00,09:51:10,stop_point:SP_4093,Tournefeuille Lycée,23
2303343,09:53:00,09:53:10,stop_point:SP_4800,Loti,24
2303343,09:54:00,09:54:10,stop_point:SP_4806,Prat Dessus,25
2303343,09:55:00,09:55:10,stop_point:SP_4801,Rivière - Basse,26
2303343,09:56:00,09:56:10,stop_point:SP_4803,Eglise Plaisance,27
2303343,09:58:00,09:58:10,stop_point:SP_1027,Plaisance Monestié,28
2303344,09:35:00,09:35:10,stop_point:SP_1754,Arènes,1
2303344,09:38:00,09:38:10,stop_point:SP_2002,Négogousses,2
2303344,09:39:00,09:39:10,stop_point:SP_2956,Hippodrome,3
2303344,09:40:00,09:40:10,stop_point:SP_3162,Brombach,4
2303344,09:41:00,09:41:10,stop_point:SP_2467,Pont Rocade,5
2303344,09:43:00,09:43:10,stop_point:SP_2210,Tissié,6
2303344,09:44:00,09:44:10,stop_point:SP_3729,Centre Aéré,7
2303344,09:45:00,09:45:10,stop_point:SP_1532,Eglise Lardenne,8
2303344,09:46:00,09:46:10,stop_point:SP_1846,Lardenne,9
2303344,09:47:00,09:47:10,stop_point:SP_3237,Montagné,10
2303344,09:48:00,09:48:10,stop_point:SP_3657,Briqueterie,11
2303344,09:49:00,09:49:10,stop_point:SP_396,St-Exupéry,12
2303344,09:51:00,09:51:10,stop_point:SP_3872,Ctre Cial Tournefeuille,13
2303344,09:52:00,09:52:10,stop_point:SP_2193,Montjoie,14
2303344,09:53:00,09:53:10,stop_point:SP_414,Tournefeuille Les Chênes,15
2303344,09:54:00,09:54:10,stop_point:SP_2921,Montel,16
2303344,09:56:00,09:56:10,stop_point:SP_1531,St-Pierre,17
2303344,09:57:00,09:57:10,stop_point:SP_2627,Périgord,18
2303344,09:58:00,09:58:10,stop_point:SP_3433,Alpilles,19
2303344,09:59:00,09:59:10,stop_point:SP_2379,Collège Labitrie,20
2303344,09:59:00,09:59:10,stop_point:SP_3740,Bordeneuve,21
2303344,10:00:00,10:00:10,stop_point:SP_4840,Jean Gay,22
2303344,10:01:00,10:01:10,stop_point:SP_4093,Tournefeuille Lycée,23
2303344,10:03:00,10:03:10,stop_point:SP_4800,Loti,24
2303344,10:04:00,10:04:10,stop_point:SP_4806,Prat Dessus,25
2303344,10:05:00,10:05:10,stop_point:SP_4801,Rivière - Basse,26
2303344,10:06:00,10:06:10,stop_point:SP_4803,Eglise Plaisance,27
2303344,10:08:00,10:08:10,stop_point:SP_1027,Plaisance Monestié,28
2303345,09:46:00,09:46:10,stop_point:SP_1754,Arènes,1
2303345,09:49:00,09:49:10,stop_point:SP_2002,Négogousses,2
2303345,09:50:00,09:50:10,stop_point:SP_2956,Hippodrome,3
2303345,09:51:00,09:51:10,stop_point:SP_3162,Brombach,4
2303345,09:52:00,09:52:10,stop_point:SP_2467,Pont Rocade,5
2303345,09:54:00,09:54:10,stop_point:SP_2210,Tissié,6
2303345,09:55:00,09:55:10,stop_point:SP_3729,Centre Aéré,7
2303345,09:56:00,09:56:10,stop_point:SP_1532,Eglise Lardenne,8
2303345,09:57:00,09:57:10,stop_point:SP_1846,Lardenne,9
2303345,09:58:00,09:58:10,stop_point:SP_3237,Montagné,10
2303345,09:59:00,09:59:10,stop_point:SP_3657,Briqueterie,11
2303345,10:00:00,10:00:10,stop_point:SP_396,St-Exupéry,12
2303345,10:02:00,10:02:10,stop_point:SP_3872,Ctre Cial Tournefeuille,13
2303345,10:03:00,10:03:10,stop_point:SP_2193,Montjoie,14
2303345,10:04:00,10:04:10,stop_point:SP_414,Tournefeuille Les Chênes,15
2303345,10:05:00,10:05:10,stop_point:SP_2921,Montel,16
2303345,10:07:00,10:07:10,stop_point:SP_1531,St-Pierre,17
2303345,10:08:00,10:08:10,stop_point:SP_2627,Périgord,18
2303345,10:09:00,10:09:10,stop_point:SP_3433,Alpilles,19
2303345,10:10:00,10:10:10,stop_point:SP_2379,Collège Labitrie,20
2303345,10:10:00,10:10:10,stop_point:SP_3740,Bordeneuve,21
2303345,10:11:00,10:11:10,stop_point:SP_4840,Jean Gay,22
2303345,10:12:00,10:12:10,stop_point:SP_4093,Tournefeuille Lycée,23
2303345,10:14:00,10:14:10,stop_point:SP_4800,Loti,24
2303345,10:15:00,10:15:10,stop_point:SP_4806,Prat Dessus,25
2303345,10:16:00,10:16:10,stop_point:SP_4801,Rivière - Basse,26
2303345,10:17:00,10:17:10,stop_point:SP_4803,Eglise Plaisance,27
2303345,10:19:00,10:19:10,stop_point:SP_1027,Plaisance Monestié,28
2303346,09:57:00,09:57:10,stop_point:SP_1754,Arènes,1
2303346,10:00:00,10:00:10,stop_point:SP_2002,Négogousses,2
2303346,10:01:00,10:01:10,stop_point:SP_2956,Hippodrome,3
2303346,10:02:00,10:02:10,stop_point:SP_3162,Brombach,4
2303346,10:03:00,10:03:10,stop_point:SP_2467,Pont Rocade,5
2303346,10:05:00,10:05:10,stop_point:SP_2210,Tissié,6
2303346,10:06:00,10:06:10,stop_point:SP_3729,Centre Aéré,7
2303346,10:07:00,10:07:10,stop_point:SP_1532,Eglise Lardenne,8
2303346,10:08:00,10:08:10,stop_point:SP_1846,Lardenne,9
2303346,10:09:00,10:09:10,stop_point:SP_3237,Montagné,10
2303346,10:10:00,10:10:10,stop_point:SP_3657,Briqueterie,11
2303346,10:11:00,10:11:10,stop_point:SP_396,St-Exupéry,12
2303346,10:13:00,10:13:10,stop_point:SP_3872,Ctre Cial Tournefeuille,13
2303346,10:14:00,10:14:10,stop_point:SP_2193,Montjoie,14
2303346,10:15:00,10:15:10,stop_point:SP_414,Tournefeuille Les Chênes,15
2303346,10:16:00,10:16:10,stop_point:SP_2921,Montel,16
2303346,10:18:00,10:18:10,stop_point:SP_1531,St-Pierre,17
2303346,10:19:00,10:19:10,stop_point:SP_2627,Périgord,18
2303346,10:20:00,10:20:10,stop_point:SP_3433,Alpilles,19
2303346,10:21:00,10:21:10,stop_point:SP_2379,Collège Labitrie,20
2303346,10:21:00,10:21:10,stop_point:SP_3740,Bordeneuve,21
2303346,10:22:00,10:22:10,stop_point:SP_4840,Jean Gay,22
2303346,10:23:00,10:23:10,stop_point:SP_4093,Tournefeuille Lycée,23
2303346,10:25:00,10:25:10,stop_point:SP_4800,Loti,24
2303346,10:26:00,10:26:10,stop_point:SP_4806,Prat Dessus,25
2303346,10:27:00,10:27:10,stop_point:SP_4801,Rivière - Basse,26
2303346,10:28:00,10:28:10,stop_point:SP_4803,Eglise Plaisance,27
2303346,10:30:00,10:30:10,stop_point:SP_1027,Plaisance Monestié,28
2303347,10:08:00,10:08:10,stop_point:SP_1754,Arènes,1
2303347,10:11:00,10:11:10,stop_point:SP_2002,Négogousses,2
2303347,10:12:00,10:12:10,stop_point:SP_2956,Hippodrome,3
2303347,10:13:00,10:13:10,stop_point:SP_3162,Brombach,4
2303347,10:14:00,10:14:10,stop_point:SP_2467,Pont Rocade,5
2303347,10:16:00,10:16:10,stop_point:SP_2210,Tissié,6
2303347,10:17:00,10:17:10,stop_point:SP_3729,Centre Aéré,7
2303347,10:18:00,10:18:10,stop_point:SP_1532,Eglise Lardenne,8
2303347,10:19:00,10:19:10,stop_point:SP_1846,Lardenne,9
2303347,10:20:00,10:20:10,stop_point:SP_3237,Montagné,10
2303347,10:21:00,10:21:10,stop_point:SP_3657,Briqueterie,11
2303347,10:22:00,10:22:10,stop_point:SP_396,St-Exupéry,12
2303347,10:24:00,10:24:10,stop_point:SP_3872,Ctre Cial Tournefeuille,13
2303347,10:25:00,10:25:10,stop_point:SP_2193,Montjoie,14
2303347,10:26:00,10:26:10,stop_point:SP_414,Tournefeuille Les Chênes,15
2303347,10:27:00,10:27:10,stop_point:SP_2921,Montel,16
2303347,10:28:00,10:28:10,stop_point:SP_1531,St-Pierre,17
2303347,10:29:00,10:29:10,stop_point:SP_2627,Périgord,18
2303347,10:30:00,10:30:10,stop_point:SP_3433,Alpilles,19
2303347,10:31:00,10:31:10,stop_point:SP_2379,Collège Labitrie,20
2303347,10:31:00,10:31:10,stop_point:SP_3740,Bordeneuve,21
2303347,10:32:00,10:32:10,stop_point:SP_4840,Jean Gay,22
2303347,10:33:00,10:33:10,stop_point:SP_4093,Tournefeuille Lycée,23
2303347,10:35:00,10:35:10,stop_point:SP_4800,Loti,24
2303347,10:36:00,10:36:10,stop_point:SP_4806,Prat Dessus,25
2303347,10:37:00,10:37:10,stop_point:SP_4801,Rivière - Basse,26
2303347,10:38:00,10:38:10,stop_point:SP_4803,Eglise Plaisance,27
2303347,10:40:00,10:40:10,stop_point:SP_1027,Plaisance Monestié,28
2303348,10:19:00,10:19:10,stop_point:SP_1754,Arènes,1
2303348,10:22:00,10:22:10,stop_point:SP_2002,Négogousses,2
2303348,10:23:00,10:23:10,stop_point:SP_2956,Hippodrome,3
2303348,10:24:00,10:24:10,stop_point:SP_3162,Brombach,4
2303348,10:25:00,10:25:10,stop_point:SP_2467,Pont Rocade,5
2303348,10:27:00,10:27:10,stop_point:SP_2210,Tissié,6
2303348,10:28:00,10:28:10,stop_point:SP_3729,Centre Aéré,7
2303348,10:29:00,10:29:10,stop_point:SP_1532,Eglise Lardenne,8
2303348,10:30:00,10:30:10,stop_point:SP_1846,Lardenne,9
2303348,10:31:00,10:31:10,stop_point:SP_3237,Montagné,10
2303348,10:32:00,10:32:10,stop_point:SP_3657,Briqueterie,11
2303348,10:33:00,10:33:10,stop_point:SP_396,St-Exupéry,12
2303348,10:35:00,10:35:10,stop_point:SP_3872,Ctre Cial Tournefeuille,13
2303348,10:36:00,10:36:10,stop_point:SP_2193,Montjoie,14
2303348,10:37:00,10:37:10,stop_point:SP_414,Tournefeuille Les Chênes,15
2303348,10:38:00,10:38:10,stop_point:SP_2921,Montel,16
2303348,10:39:00,10:39:10,stop_point:SP_1531,St-Pierre,17
2303348,10:40:00,10:40:10,stop_point:SP_2627,Périgord,18
2303348,10:41:00,10:41:10,stop_point:SP_3433,Alpilles,19
2303348,10:42:00,10:42:10,stop_point:SP_2379,Collège Labitrie,20
2303348,10:42:00,10:42:10,stop_point:SP_3740,Bordeneuve,21
2303348,10:43:00,10:43:10,stop_point:SP_4840,Jean Gay,22
2303348,10:44:00,10:44:10,stop_point:SP_4093,Tournefeuille Lycée,23
2303348,10:46:00,10:46:10,stop_point:SP_4800,Loti,24
2303348,10:47:00,10:47:10,stop_point:SP_4806,Prat Dessus,25
2303348,10:48:00,10:48:10,stop_point:SP_4801,Rivière - Basse,26
2303348,10:49:00,10:49:10,stop_point:SP_4803,Eglise Plaisance,27
2303348,10:51:00,10:51:10,stop_point:SP_1027,Plaisance Monestié,28
2303349,10:30:00,10:30:10,stop_point:SP_1754,Arènes,1
2303349,10:33:00,10:33:10,stop_point:SP_2002,Négogousses,2
2303349,10:34:00,10:34:10,stop_point:SP_2956,Hippodrome,3
2303349,10:35:00,10:35:10,stop_point:SP_3162,Brombach,4
2303349,10:36:00,10:36:10,stop_point:SP_2467,Pont Rocade,5
2303349,10:38:00,10:38:10,stop_point:SP_2210,Tissié,6
2303349,10:39:00,10:39:10,stop_point:SP_3729,Centre Aéré,7
2303349,10:40:00,10:40:10,stop_point:SP_1532,Eglise Lardenne,8
2303349,10:41:00,10:41:10,stop_point:SP_1846,Lardenne,9
2303349,10:42:00,10:42:10,stop_point:SP_3237,Montagné,10
2303349,10:43:00,10:43:10,stop_point:SP_3657,Briqueterie,11
2303349,10:44:00,10:44:10,stop_point:SP_396,St-Exupéry,12
2303349,10:46:00,10:46:10,stop_point:SP_3872,Ctre Cial Tournefeuille,13
2303349,10:47:00,10:47:10,stop_point:SP_2193,Montjoie,14
2303349,10:48:00,10:48:10,stop_point:SP_414,Tournefeuille Les Chênes,15
2303349,10:49:00,10:49:10,stop_point:SP_2921,Montel,16
2303349,10:50:00,10:50:10,stop_point:SP_1531,St-Pierre,17
2303349,10:51:00,10:51:10,stop_point:SP_2627,Périgord,18
2303349,10:52:00,10:52:10,stop_point:SP_3433,Alpilles,19
2303349,10:53:00,10:53:10,stop_point:SP_2379,Collège Labitrie,20
2303349,10:53:00,10:53:10,stop_point:SP_3740,Bordeneuve,21
2303349,10:54:00,10:54:10,stop_point:SP_4840,Jean Gay,22
2303349,10:55:00,10:55:10,stop_point:SP_4093,Tournefeuille Lycée,23
2303349,10:57:00,10:57:10,stop_point:SP_4800,Loti,24
2303349,10:58:00,10:58:10,stop_point:SP_4806,Prat Dessus,25
2303349,10:59:00,10:59:10,stop_point:SP_4801,Rivière - Basse,26
2303349,11:00:00,11:00:10,stop_point:SP_4803,Eglise Plaisance,27
2303349,11:02:00,11:02:10,stop_point:SP_1027,Plaisance Monestié,28
2303350,10:41:00,10:41:10,stop_point:SP_1754,Arènes,1
2303350,10:44:00,10:44:10,stop_point:SP_2002,Négogousses,2
2303350,10:45:00,10:45:10,stop_point:SP_2956,Hippodrome,3
2303350,10:46:00,10:46:10,stop_point:SP_3162,Brombach,4
2303350,10:47:00,10:47:10,stop_point:SP_2467,Pont Rocade,5
2303350,10:49:00,10:49:10,stop_point:SP_2210,Tissié,6
2303350,10:50:00,10:50:10,stop_point:SP_3729,Centre Aéré,7
2303350,10:51:00,10:51:10,stop_point:SP_1532,Eglise Lardenne,8
2303350,10:52:00,10:52:10,stop_point:SP_1846,Lardenne,9
2303350,10:53:00,10:53:10,stop_point:SP_3237,Montagné,10
2303350,10:54:00,10:54:10,stop_point:SP_3657,Briqueterie,11
2303350,10:55:00,10:55:10,stop_point:SP_396,St-Exupéry,12
2303350,10:57:00,10:57:10,stop_point:SP_3872,Ctre Cial Tournefeuille,13
2303350,10:58:00,10:58:10,stop_point:SP_2193,Montjoie,14
2303350,10:59:00,10:59:10,stop_point:SP_414,Tournefeuille Les Chênes,15
2303350,11:00:00,11:00:10,stop_point:SP_2921,Montel,16
2303350,11:01:00,11:01:10,stop_point:SP_1531,St-Pierre,17
2303350,11:02:00,11:02:10,stop_point:SP_2627,Périgord,18
2303350,11:03:00,11:03:10,stop_point:SP_3433,Alpilles,19
2303350,11:04:00,11:04:10,stop_point:SP_2379,Collège Labitrie,20
2303350,11:04:00,11:04:10,stop_point:SP_3740,Bordeneuve,21
2303350,11:05:00,11:05:10,stop_point:SP_4840,Jean Gay,22
2303350,11:06:00,11:06:10,stop_point:SP_4093,Tournefeuille Lycée,23
2303350,11:08:00,11:08:10,stop_point:SP_4800,Loti,24
2303350,11:09:00,11:09:10,stop_point:SP_4806,Prat Dessus,25
2303350,11:10:00,11:10:10,stop_point:SP_4801,Rivière - Basse,26
2303350,11:11:00,11:11:10,stop_point:SP_4803,Eglise Plaisance,27
2303350,11:13:00,11:13:10,stop_point:SP_1027,Plaisance Monestié,28
2303351,10:53:00,10:53:10,stop_point:SP_1754,Arènes,1
2303351,10:56:00,10:56:10,stop_point:SP_2002,Négogousses,2
2303351,10:57:00,10:57:10,stop_point:SP_2956,Hippodrome,3
2303351,10:58:00,10:58:10,stop_point:SP_3162,Brombach,4
2303351,10:59:00,10:59:10,stop_point:SP_2467,Pont Rocade,5
2303351,11:01:00,11:01:10,stop_point:SP_2210,Tissié,6
2303351,11:02:00,11:02:10,stop_point:SP_3729,Centre Aéré,7
2303351,11:03:00,11:03:10,stop_point:SP_1532,Eglise Lardenne,8
2303351,11:04:00,11:04:10,stop_point:SP_1846,Lardenne,9
2303351,11:05:00,11:05:10,stop_point:SP_3237,Montagné,10
2303351,11:06:00,11:06:10,stop_point:SP_3657,Briqueterie,11
2303351,11:07:00,11:07:10,stop_point:SP_396,St-Exupéry,12
2303351,11:09:00,11:09:10,stop_point:SP_3872,Ctre Cial Tournefeuille,13
2303351,11:10:00,11:10:10,stop_point:SP_2193,Montjoie,14
2303351,11:11:00,11:11:10,stop_point:SP_414,Tournefeuille Les Chênes,15
2303351,11:12:00,11:12:10,stop_point:SP_2921,Montel,16
2303351,11:13:00,11:13:10,stop_point:SP_1531,St-Pierre,17
2303351,11:14:00,11:14:10,stop_point:SP_2627,Périgord,18
2303351,11:15:00,11:15:10,stop_point:SP_3433,Alpilles,19
2303351,11:16:00,11:16:10,stop_point:SP_2379,Collège Labitrie,20
2303351,11:16:00,11:16:10,stop_point:SP_3740,Bordeneuve,21
2303351,11:17:00,11:17:10,stop_point:SP_4840,Jean Gay,22
2303351,11:18:00,11:18:10,stop_point:SP_4093,Tournefeuille Lycée,23
2303351,11:20:00,11:20:10,stop_point:SP_4800,Loti,24
2303351,11:21:00,11:21:10,stop_point:SP_4806,Prat Dessus,25
2303351,11:22:00,11:22:10,stop_point:SP_4801,Rivière - Basse,26
2303351,11:23:00,11:23:10,stop_point:SP_4803,Eglise Plaisance,27
2303351,11:25:00,11:25:10,stop_point:SP_1027,Plaisance Monestié,28
2303352,11:05:00,11:05:10,stop_point:SP_1754,Arènes,1
2303352,11:08:00,11:08:10,stop_point:SP_2002,Négogousses,2
2303352,11:09:00,11:09:10,stop_point:SP_2956,Hippodrome,3
2303352,11:10:00,11:10:10,stop_point:SP_3162,Brombach,4
2303352,11:11:00,11:11:10,stop_point:SP_2467,Pont Rocade,5
2303352,11:13:00,11:13:10,stop_point:SP_2210,Tissié,6
2303352,11:14:00,11:14:10,stop_point:SP_3729,Centre Aéré,7
2303352,11:15:00,11:15:10,stop_point:SP_1532,Eglise Lardenne,8
2303352,11:16:00,11:16:10,stop_point:SP_1846,Lardenne,9
2303352,11:17:00,11:17:10,stop_point:SP_3237,Montagné,10
2303352,11:18:00,11:18:10,stop_point:SP_3657,Briqueterie,11
2303352,11:19:00,11:19:10,stop_point:SP_396,St-Exupéry,12
2303352,11:21:00,11:21:10,stop_point:SP_3872,Ctre Cial Tournefeuille,13
2303352,11:22:00,11:22:10,stop_point:SP_2193,Montjoie,14
2303352,11:23:00,11:23:10,stop_point:SP_414,Tournefeuille Les Chênes,15
2303352,11:24:00,11:24:10,stop_point:SP_2921,Montel,16
2303352,11:25:00,11:25:10,stop_point:SP_1531,St-Pierre,17
2303352,11:26:00,11:26:10,stop_point:SP_2627,Périgord,18
2303352,11:27:00,11:27:10,stop_point:SP_3433,Alpilles,19
2303352,11:28:00,11:28:10,stop_point:SP_2379,Collège Labitrie,20
2303352,11:28:00,11:28:10,stop_point:SP_3740,Bordeneuve,21
2303352,11:29:00,11:29:10,stop_point:SP_4840,Jean Gay,22
2303352,11:30:00,11:30:10,stop_point:SP_4093,Tournefeuille Lycée,23
2303352,11:32:00,11:32:10,stop_point:SP_4800,Loti,24
2303352,11:33:00,11:33:10,stop_point:SP_4806,Prat Dessus,25
2303352,11:34:00,11:34:10,stop_point:SP_4801,Rivière - Basse,26
2303352,11:35:00,11:35:10,stop_point:SP_4803,Eglise Plaisance,27
2303352,11:37:00,11:37:10,stop_point:SP_1027,Plaisance Monestié,28
2303353,11:17:00,11:17:10,stop_point:SP_1754,Arènes,1
2303353,11:20:00,11:20:10,stop_point:SP_2002,Négogousses,2
2303353,11:21:00,11:21:10,stop_point:SP_2956,Hippodrome,3
2303353,11:22:00,11:22:10,stop_point:SP_3162,Brombach,4
2303353,11:23:00,11:23:10,stop_point:SP_2467,Pont Rocade,5
2303353,11:25:00,11:25:10,stop_point:SP_2210,Tissié,6
2303353,11:26:00,11:26:10,stop_point:SP_3729,Centre Aéré,7
2303353,11:27:00,11:27:10,stop_point:SP_1532,Eglise Lardenne,8
2303353,11:28:00,11:28:10,stop_point:SP_1846,Lardenne,9
2303353,11:29:00,11:29:10,stop_point:SP_3237,Montagné,10
2303353,11:30:00,11:30:10,stop_point:SP_3657,Briqueterie,11
2303353,11:31:00,11:31:10,stop_point:SP_396,St-Exupéry,12
2303353,11:33:00,11:33:10,stop_point:SP_3872,Ctre Cial Tournefeuille,13
2303353,11:34:00,11:34:10,stop_point:SP_2193,Montjoie,14
2303353,11:35:00,11:35:10,stop_point:SP_414,Tournefeuille Les Chênes,15
2303353,11:36:00,11:36:10,stop_point:SP_2921,Montel,16
2303353,11:37:00,11:37:10,stop_point:SP_1531,St-Pierre,17
2303353,11:38:00,11:38:10,stop_point:SP_2627,Périgord,18
2303353,11:39:00,11:39:10,stop_point:SP_3433,Alpilles,19
2303353,11:40:00,11:40:10,stop_point:SP_2379,Collège Labitrie,20
2303353,11:40:00,11:40:10,stop_point:SP_3740,Bordeneuve,21
2303353,11:41:00,11:41:10,stop_point:SP_4840,Jean Gay,22
2303353,11:42:00,11:42:10,stop_point:SP_4093,Tournefeuille Lycée,23
2303353,11:44:00,11:44:10,stop_point:SP_4800,Loti,24
2303353,11:45:00,11:45:10,stop_point:SP_4806,Prat Dessus,25
2303353,11:46:00,11:46:10,stop_point:SP_4801,Rivière - Basse,26
2303353,11:47:00,11:47:10,stop_point:SP_4803,Eglise Plaisance,27
2303353,11:49:00,11:49:10,stop_point:SP_1027,Plaisance Monestié,28
2303354,11:29:00,11:29:10,stop_point:SP_1754,Arènes,1
2303354,11:32:00,11:32:10,stop_point:SP_2002,Négogousses,2
2303354,11:33:00,11:33:10,stop_point:SP_2956,Hippodrome,3
2303354,11:34:00,11:34:10,stop_point:SP_3162,Brombach,4
2303354,11:35:00,11:35:10,stop_point:SP_2467,Pont Rocade,5
2303354,11:37:00,11:37:10,stop_point:SP_2210,Tissié,6
2303354,11:38:00,11:38:10,stop_point:SP_3729,Centre Aéré,7
2303354,11:39:00,11:39:10,stop_point:SP_1532,Eglise Lardenne,8
2303354,11:40:00,11:40:10,stop_point:SP_1846,Lardenne,9
2303354,11:41:00,11:41:10,stop_point:SP_3237,Montagné,10
2303354,11:42:00,11:42:10,stop_point:SP_3657,Briqueterie,11
2303354,11:43:00,11:43:10,stop_point:SP_396,St-Exupéry,12
2303354,11:45:00,11:45:10,stop_point:SP_3872,Ctre Cial Tournefeuille,13
2303354,11:46:00,11:46:10,stop_point:SP_2193,Montjoie,14
2303354,11:47:00,11:47:10,stop_point:SP_414,Tournefeuille Les Chênes,15
2303354,11:48:00,11:48:10,stop_point:SP_2921,Montel,16
2303354,11:49:00,11:49:10,stop_point:SP_1531,St-Pierre,17
2303354,11:50:00,11:50:10,stop_point:SP_2627,Périgord,18
2303354,11:51:00,11:51:10,stop_point:SP_3433,Alpilles,19
2303354,11:52:00,11:52:10,stop_point:SP_2379,Collège Labitrie,20
2303354,11:52:00,11:52:10,stop_point:SP_3740,Bordeneuve,21
2303354,11:53:00,11:53:10,stop_point:SP_4840,Jean Gay,22
2303354,11:54:00,11:54:10,stop_point:SP_4093,Tournefeuille Lycée,23
2303354,11:56:00,11:56:10,stop_point:SP_4800,Loti,24
2303354,11:57:00,11:57:10,stop_point:SP_4806,Prat Dessus,25
2303354,11:58:00,11:58:10,stop_point:SP_4801,Rivière - Basse,26
2303354,11:59:00,11:59:10,stop_point:SP_4803,Eglise Plaisance,27
2303354,12:01:00,12:01:10,stop_point:SP_1027,Plaisance Monestié,28
2303355,11:41:00,11:41:10,stop_point:SP_1754,Arènes,1
2303355,11:44:00,11:44:10,stop_point:SP_2002,Négogousses,2
2303355,11:45:00,11:45:10,stop_point:SP_2956,Hippodrome,3
2303355,11:46:00,11:46:10,stop_point:SP_3162,Brombach,4
2303355,11:47:00,11:47:10,stop_point:SP_2467,Pont Rocade,5
2303355,11:49:00,11:49:10,stop_point:SP_2210,Tissié,6
2303355,11:50:00,11:50:10,stop_point:SP_3729,Centre Aéré,7
2303355,11:51:00,11:51:10,stop_point:SP_1532,Eglise Lardenne,8
2303355,11:52:00,11:52:10,stop_point:SP_1846,Lardenne,9
2303355,11:53:00,11:53:10,stop_point:SP_3237,Montagné,10
2303355,11:54:00,11:54:10,stop_point:SP_3657,Briqueterie,11
2303355,11:55:00,11:55:10,stop_point:SP_396,St-Exupéry,12
2303355,11:57:00,11:57:10,stop_point:SP_3872,Ctre Cial Tournefeuille,13
2303355,11:58:00,11:58:10,stop_point:SP_2193,Montjoie,14
2303355,11:59:00,11:59:10,stop_point:SP_414,Tournefeuille Les Chênes,15
2303355,12:00:00,12:00:10,stop_point:SP_2921,Montel,16
2303355,12:01:00,12:01:10,stop_point:SP_1531,St-Pierre,17
2303355,12:02:00,12:02:10,stop_point:SP_2627,Périgord,18
2303355,12:03:00,12:03:10,stop_point:SP_3433,Alpilles,19
2303355,12:04:00,12:04:10,stop_point:SP_2379,Collège Labitrie,20
2303355,12:04:00,12:04:10,stop_point:SP_3740,Bordeneuve,21
2303355,12:05:00,12:05:10,stop_point:SP_4840,Jean Gay,22
2303355,12:06:00,12:06:10,stop_point:SP_4093,Tournefeuille Lycée,23
2303355,12:08:00,12:08:10,stop_point:SP_4800,Loti,24
2303355,12:09:00,12:09:10,stop_point:SP_4806,Prat Dessus,25
2303355,12:10:00,12:10:10,stop_point:SP_4801,Rivière - Basse,26
2303355,12:11:00,12:11:10,stop_point:SP_4803,Eglise Plaisance,27
2303355,12:13:00,12:13:10,stop_point:SP_1027,Plaisance Monestié,28
2303356,11:53:00,11:53:10,stop_point:SP_1754,Arènes,1
2303356,11:56:00,11:56:10,stop_point:SP_2002,Négogousses,2
2303356,11:57:00,11:57:10,stop_point:SP_2956,Hippodrome,3
2303356,11:58:00,11:58:10,stop_point:SP_3162,Brombach,4
2303356,11:59:00,11:59:10,stop_point:SP_2467,Pont Rocade,5
2303356,12:01:00,12:01:10,stop_point:SP_2210,Tissié,6
2303356,12:02:00,12:02:10,stop_point:SP_3729,Centre Aéré,7
2303356,12:03:00,12:03:10,stop_point:SP_1532,Eglise Lardenne,8
2303356,12:04:00,12:04:10,stop_point:SP_1846,Lardenne,9
2303356,12:05:00,12:05:10,stop_point:SP_3237,Montagné,10
2303356,12:06:00,12:06:10,stop_point:SP_3657,Briqueterie,11
2303356,12:07:00,12:07:10,stop_point:SP_396,St-Exupéry,12
2303356,12:09:00,12:09:10,stop_point:SP_3872,Ctre Cial Tournefeuille,13
2303356,12:10:00,12:10:10,stop_point:SP_2193,Montjoie,14
2303356,12:11:00,12:11:10,stop_point:SP_414,Tournefeuille Les Chênes,15
2303356,12:12:00,12:12:10,stop_point:SP_2921,Montel,16
2303356,12:13:00,12:13:10,stop_point:SP_1531,St-Pierre,17
2303356,12:14:00,12:14:10,stop_point:SP_2627,Périgord,18
2303356,12:15:00,12:15:10,stop_point:SP_3433,Alpilles,19
2303356,12:16:00,12:16:10,stop_point:SP_2379,Collège Labitrie,20
2303356,12:16:00,12:16:10,stop_point:SP_3740,Bordeneuve,21
2303356,12:17:00,12:17:10,stop_point:SP_4840,Jean Gay,22
2303356,12:18:00,12:18:10,stop_point:SP_4093,Tournefeuille Lycée,23
2303356,12:20:00,12:20:10,stop_point:SP_4800,Loti,24
2303356,12:21:00,12:21:10,stop_point:SP_4806,Prat Dessus,25
2303356,12:22:00,12:22:10,stop_point:SP_4801,Rivière - Basse,26
2303356,12:23:00,12:23:10,stop_point:SP_4803,Eglise Plaisance,27
2303356,12:25:00,12:25:10,stop_point:SP_1027,Plaisance Monestié,28
2303357,12:04:00,12:04:10,stop_point:SP_1754,Arènes,1
2303357,12:07:00,12:07:10,stop_point:SP_2002,Négogousses,2
2303357,12:08:00,12:08:10,stop_point:SP_2956,Hippodrome,3
2303357,12:09:00,12:09:10,stop_point:SP_3162,Brombach,4
2303357,12:10:00,12:10:10,stop_point:SP_2467,Pont Rocade,5
2303357,12:12:00,12:12:10,stop_point:SP_2210,Tissié,6
2303357,12:13:00,12:13:10,stop_point:SP_3729,Centre Aéré,7
2303357,12:14:00,12:14:10,stop_point:SP_1532,Eglise Lardenne,8
2303357,12:15:00,12:15:10,stop_point:SP_1846,Lardenne,9
2303357,12:16:00,12:16:10,stop_point:SP_3237,Montagné,10
2303357,12:17:00,12:17:10,stop_point:SP_3657,Briqueterie,11
2303357,12:18:00,12:18:10,stop_point:SP_396,St-Exupéry,12
2303357,12:20:00,12:20:10,stop_point:SP_3872,Ctre Cial Tournefeuille,13
2303357,12:21:00,12:21:10,stop_point:SP_2193,Montjoie,14
2303357,12:22:00,12:22:10,stop_point:SP_414,Tournefeuille Les Chênes,15
2303357,12:23:00,12:23:10,stop_point:SP_2921,Montel,16
2303357,12:24:00,12:24:10,stop_point:SP_1531,St-Pierre,17
2303357,12:25:00,12:25:10,stop_point:SP_2627,Périgord,18
2303357,12:26:00,12:26:10,stop_point:SP_3433,Alpilles,19
2303357,12:27:00,12:27:10,stop_point:SP_2379,Collège Labitrie,20
2303357,12:27:00,12:27:10,stop_point:SP_3740,Bordeneuve,21
2303357,12:28:00,12:28:10,stop_point:SP_4840,Jean Gay,22
2303357,12:29:00,12:29:10,stop_point:SP_4093,Tournefeuille Lycée,23
2303357,12:31:00,12:31:10,stop_point:SP_4800,Loti,24
2303357,12:32:00,12:32:10,stop_point:SP_4806,Prat Dessus,25
2303357,12:33:00,12:33:10,stop_point:SP_4801,Rivière - Basse,26
2303357,12:34:00,12:34:10,stop_point:SP_4803,Eglise Plaisance,27
2303357,12:36:00,12:36:10,stop_point:SP_1027,Plaisance Monestié,28
2303358,12:12:00,12:12:10,stop_point:SP_1754,Arènes,1
2303358,12:15:00,12:15:10,stop_point:SP_2002,Négogousses,2
2303358,12:16:00,12:16:10,stop_point:SP_2956,Hippodrome,3
2303358,12:17:00,12:17:10,stop_point:SP_3162,Brombach,4
2303358,12:18:00,12:18:10,stop_point:SP_2467,Pont Rocade,5
2303358,12:20:00,12:20:10,stop_point:SP_2210,Tissié,6
2303358,12:21:00,12:21:10,stop_point:SP_3729,Centre Aéré,7
2303358,12:22:00,12:22:10,stop_point:SP_1532,Eglise Lardenne,8
2303358,12:23:00,12:23:10,stop_point:SP_1846,Lardenne,9
2303358,12:24:00,12:24:10,stop_point:SP_3237,Montagné,10
2303358,12:25:00,12:25:10,stop_point:SP_3657,Briqueterie,11
2303358,12:26:00,12:26:10,stop_point:SP_396,St-Exupéry,12
2303358,12:28:00,12:28:10,stop_point:SP_3872,Ctre Cial Tournefeuille,13
2303358,12:29:00,12:29:10,stop_point:SP_2193,Montjoie,14
2303358,12:30:00,12:30:10,stop_point:SP_414,Tournefeuille Les Chênes,15
2303358,12:31:00,12:31:10,stop_point:SP_2921,Montel,16
2303358,12:32:00,12:32:10,stop_point:SP_1531,St-Pierre,17
2303358,12:33:00,12:33:10,stop_point:SP_2627,Périgord,18
2303358,12:34:00,12:34:10,stop_point:SP_3433,Alpilles,19
2303358,12:35:00,12:35:10,stop_point:SP_2379,Collège Labitrie,20
2303358,12:35:00,12:35:10,stop_point:SP_3740,Bordeneuve,21
2303358,12:36:00,12:36:10,stop_point:SP_4840,Jean Gay,22
2303358,12:37:00,12:37:10,stop_point:SP_4093,Tournefeuille Lycée,23
2303358,12:39:00,12:39:10,stop_point:SP_4800,Loti,24
2303358,12:40:00,12:40:10,stop_point:SP_4806,Prat Dessus,25
2303358,12:41:00,12:41:10,stop_point:SP_4801,Rivière - Basse,26
2303358,12:42:00,12:42:10,stop_point:SP_4803,Eglise Plaisance,27
2303358,12:44:00,12:44:10,stop_point:SP_1027,Plaisance Monestié,28
2303359,12:20:00,12:20:10,stop_point:SP_1754,Arènes,1
2303359,12:23:00,12:23:10,stop_point:SP_2002,Négogousses,2
2303359,12:24:00,12:24:10,stop_point:SP_2956,Hippodrome,3
2303359,12:25:00,12:25:10,stop_point:SP_3162,Brombach,4
2303359,12:26:00,12:26:10,stop_point:SP_2467,Pont Rocade,5
2303359,12:28:00,12:28:10,stop_point:SP_2210,Tissié,6
2303359,12:29:00,12:29:10,stop_point:SP_3729,Centre Aéré,7
2303359,12:30:00,12:30:10,stop_point:SP_1532,Eglise Lardenne,8
2303359,12:31:00,12:31:10,stop_point:SP_1846,Lardenne,9
2303359,12:32:00,12:32:10,stop_point:SP_3237,Montagné,10
2303359,12:33:00,12:33:10,stop_point:SP_3657,Briqueterie,11
2303359,12:34:00,12:34:10,stop_point:SP_396,St-Exupéry,12
2303359,12:36:00,12:36:10,stop_point:SP_3872,Ctre Cial Tournefeuille,13
2303359,12:37:00,12:37:10,stop_point:SP_2193,Montjoie,14
2303359,12:38:00,12:38:10,stop_point:SP_414,Tournefeuille Les Chênes,15
2303359,12:39:00,12:39:10,stop_point:SP_2921,Montel,16
2303359,12:40:00,12:40:10,stop_point:SP_1531,St-Pierre,17
2303359,12:41:00,12:41:10,stop_point:SP_2627,Périgord,18
2303359,12:42:00,12:42:10,stop_point:SP_3433,Alpilles,19
2303359,12:43:00,12:43:10,stop_point:SP_2379,Collège Labitrie,20
2303359,12:43:00,12:43:10,stop_point:SP_3740,Bordeneuve,21
2303359,12:44:00,12:44:10,stop_point:SP_4840,Jean Gay,22
2303359,12:45:00,12:45:10,stop_point:SP_4093,Tournefeuille Lycée,23
2303359,12:47:00,12:47:10,stop_point:SP_4800,Loti,24
2303359,12:48:00,12:48:10,stop_point:SP_4806,Prat Dessus,25
2303359,12:49:00,12:49:10,stop_point:SP_4801,Rivière - Basse,26
2303359,12:50:00,12:50:10,stop_point:SP_4803,Eglise Plaisance,27
2303359,12:52:00,12:52:10,stop_point:SP_1027,Plaisance Monestié,28
2303360,12:30:00,12:30:10,stop_point:SP_1754,Arènes,1
2303360,12:33:00,12:33:10,stop_point:SP_2002,Négogousses,2
2303360,12:34:00,12:34:10,stop_point:SP_2956,Hippodrome,3
2303360,12:35:00,12:35:10,stop_point:SP_3162,Brombach,4
2303360,12:36:00,12:36:10,stop_point:SP_2467,Pont Rocade,5
2303360,12:38:00,12:38:10,stop_point:SP_2210,Tissié,6
2303360,12:39:00,12:39:10,stop_point:SP_3729,Centre Aéré,7
2303360,12:40:00,12:40:10,stop_point:SP_1532,Eglise Lardenne,8
2303360,12:41:00,12:41:10,stop_point:SP_1846,Lardenne,9
2303360,12:42:00,12:42:10,stop_point:SP_3237,Montagné,10
2303360,12:43:00,12:43:10,stop_point:SP_3657,Briqueterie,11
2303360,12:44:00,12:44:10,stop_point:SP_396,St-Exupéry,12
2303360,12:46:00,12:46:10,stop_point:SP_3872,Ctre Cial Tournefeuille,13
2303360,12:47:00,12:47:10,stop_point:SP_2193,Montjoie,14
2303360,12:48:00,12:48:10,stop_point:SP_414,Tournefeuille Les Chênes,15
2303360,12:49:00,12:49:10,stop_point:SP_2921,Montel,16
2303360,12:50:00,12:50:10,stop_point:SP_1531,St-Pierre,17
2303360,12:51:00,12:51:10,stop_point:SP_2627,Périgord,18
2303360,12:52:00,12:52:10,stop_point:SP_3433,Alpilles,19
2303360,12:53:00,12:53:10,stop_point:SP_2379,Collège Labitrie,20
2303360,12:53:00,12:53:10,stop_point:SP_3740,Bordeneuve,21
2303360,12:54:00,12:54:10,stop_point:SP_4840,Jean Gay,22
2303360,12:55:00,12:55:10,stop_point:SP_4093,Tournefeuille Lycée,23
2303360,12:57:00,12:57:10,stop_point:SP_4800,Loti,24
2303360,12:58:00,12:58:10,stop_point:SP_4806,Prat Dessus,25
2303360,12:59:00,12:59:10,stop_point:SP_4801,Rivière - Basse,26
2303360,13:00:00,13:00:10,stop_point:SP_4803,Eglise Plaisance,27
2303360,13:02:00,13:02:10,stop_point:SP_1027,Plaisance Monestié,28
2303361,12:40:00,12:40:10,stop_point:SP_1754,Arènes,1
2303361,12:43:00,12:43:10,stop_point:SP_2002,Négogousses,2
2303361,12:44:00,12:44:10,stop_point:SP_2956,Hippodrome,3
2303361,12:45:00,12:45:10,stop_point:SP_3162,Brombach,4
2303361,12:46:00,12:46:10,stop_point:SP_2467,Pont Rocade,5
2303361,12:48:00,12:48:10,stop_point:SP_2210,Tissié,6
2303361,12:49:00,12:49:10,stop_point:SP_3729,Centre Aéré,7
2303361,12:50:00,12:50:10,stop_point:SP_1532,Eglise Lardenne,8
2303361,12:51:00,12:51:10,stop_point:SP_1846,Lardenne,9
2303361,12:52:00,12:52:10,stop_point:SP_3237,Montagné,10
2303361,12:53:00,12:53:10,stop_point:SP_3657,Briqueterie,11
2303361,12:54:00,12:54:10,stop_point:SP_396,St-Exupéry,12
2303361,12:56:00,12:56:10,stop_point:SP_3872,Ctre Cial Tournefeuille,13
2303361,12:57:00,12:57:10,stop_point:SP_2193,Montjoie,14
2303361,12:58:00,12:58:10,stop_point:SP_414,Tournefeuille Les Chênes,15
2303361,12:59:00,12:59:10,stop_point:SP_2921,Montel,16
2303361,13:00:00,13:00:10,stop_point:SP_1531,St-Pierre,17
2303361,13:01:00,13:01:10,stop_point:SP_2627,Périgord,18
2303361,13:02:00,13:02:10,stop_point:SP_3433,Alpilles,19
2303361,13:03:00,13:03:10,stop_point:SP_2379,Collège Labitrie,20
2303361,13:03:00,13:03:10,stop_point:SP_3740,Bordeneuve,21
2303361,13:04:00,13:04:10,stop_point:SP_4840,Jean Gay,22
2303361,13:05:00,13:05:10,stop_point:SP_4093,Tournefeuille Lycée,23
2303361,13:07:00,13:07:10,stop_point:SP_4800,Loti,24
2303361,13:08:00,13:08:10,stop_point:SP_4806,Prat Dessus,25
2303361,13:09:00,13:09:10,stop_point:SP_4801,Rivière - Basse,26
2303361,13:10:00,13:10:10,stop_point:SP_4803,Eglise Plaisance,27
2303361,13:12:00,13:12:10,stop_point:SP_1027,Plaisance Monestié,28
2303362,12:50:00,12:50:10,stop_point:SP_1754,Arènes,1
2303362,12:53:00,12:53:10,stop_point:SP_2002,Négogousses,2
2303362,12:54:00,12:54:10,stop_point:SP_2956,Hippodrome,3
2303362,12:55:00,12:55:10,stop_point:SP_3162,Brombach,4
2303362,12:56:00,12:56:10,stop_point:SP_2467,Pont Rocade,5
2303362,12:58:00,12:58:10,stop_point:SP_2210,Tissié,6
2303362,12:59:00,12:59:10,stop_point:SP_3729,Centre Aéré,7
2303362,13:00:00,13:00:10,stop_point:SP_1532,Eglise Lardenne,8
2303362,13:01:00,13:01:10,stop_point:SP_1846,Lardenne,9
2303362,13:02:00,13:02:10,stop_point:SP_3237,Montagné,10
2303362,13:03:00,13:03:10,stop_point:SP_3657,Briqueterie,11
2303362,13:04:00,13:04:10,stop_point:SP_396,St-Exupéry,12
2303362,13:06:00,13:06:10,stop_point:SP_3872,Ctre Cial Tournefeuille,13
2303362,13:07:00,13:07:10,stop_point:SP_2193,Montjoie,14
2303362,13:08:00,13:08:10,stop_point:SP_414,Tournefeuille Les Chênes,15
2303362,13:09:00,13:09:10,stop_point:SP_2921,Montel,16
2303362,13:10:00,13:10:10,stop_point:SP_1531,St-Pierre,17
2303362,13:11:00,13:11:10,stop_point:SP_2627,Périgord,18
2303362,13:12:00,13:12:10,stop_point:SP_3433,Alpilles,19
2303362,13:13:00,13:13:10,stop_point:SP_2379,Collège Labitrie,20
2303362,13:13:00,13:13:10,stop_point:SP_3740,Bordeneuve,21
2303362,13:14:00,13:14:10,stop_point:SP_4840,Jean Gay,22
2303362,13:15:00,13:15:10,stop_point:SP_4093,Tournefeuille Lycée,23
2303362,13:17:00,13:17:10,stop_point:SP_4800,Loti,24
2303362,13:18:00,13:18:10,stop_point:SP_4806,Prat Dessus,25
2303362,13:19:00,13:19:10,stop_point:SP_4801,Rivière - Basse,26
2303362,13:20:00,13:20:10,stop_point:SP_4803,Eglise Plaisance,27
2303362,13:22:00,13:22:10,stop_point:SP_1027,Plaisance Monestié,28
2303363,13:01:00,13:01:10,stop_point:SP_1754,Arènes,1
2303363,13:04:00,13:04:10,stop_point:SP_2002,Négogousses,2
2303363,13:05:00,13:05:10,stop_point:SP_2956,Hippodrome,3
2303363,13:06:00,13:06:10,stop_point:SP_3162,Brombach,4
2303363,13:07:00,13:07:10,stop_point:SP_2467,Pont Rocade,5
2303363,13:09:00,13:09:10,stop_point:SP_2210,Tissié,6
2303363,13:10:00,13:10:10,stop_point:SP_3729,Centre Aéré,7
2303363,13:11:00,13:11:10,stop_point:SP_1532,Eglise Lardenne,8
2303363,13:12:00,13:12:10,stop_point:SP_1846,Lardenne,9
2303363,13:13:00,13:13:10,stop_point:SP_3237,Montagné,10
2303363,13:14:00,13:14:10,stop_point:SP_3657,Briqueterie,11
2303363,13:15:00,13:15:10,stop_point:SP_396,St-Exupéry,12
2303363,13:17:00,13:17:10,stop_point:SP_3872,Ctre Cial Tournefeuille,13
2303363,13:18:00,13:18:10,stop_point:SP_2193,Montjoie,14
2303363,13:19:00,13:19:10,stop_point:SP_414,Tournefeuille Les Chênes,15
2303363,13:20:00,13:20:10,stop_point:SP_2921,Montel,16
2303363,13:21:00,13:21:10,stop_point:SP_1531,St-Pierre,17
2303363,13:22:00,13:22:10,stop_point:SP_2627,Périgord,18
2303363,13:23:00,13:23:10,stop_point:SP_3433,Alpilles,19
2303363,13:24:00,13:24:10,stop_point:SP_2379,Collège Labitrie,20
2303363,13:24:00,13:24:10,stop_point:SP_3740,Bordeneuve,21
2303363,13:25:00,13:25:10,stop_point:SP_4840,Jean Gay,22
2303363,13:26:00,13:26:10,stop_point:SP_4093,Tournefeuille Lycée,23
2303363,13:28:00,13:28:10,stop_point:SP_4800,Loti,24
2303363,13:29:00,13:29:10,stop_point:SP_4806,Prat Dessus,25
2303363,13:30:00,13:30:10,stop_point:SP_4801,Rivière - Basse,26
2303363,13:31:00,13:31:10,stop_point:SP_4803,Eglise Plaisance,27
2303363,13:33:00,13:33:10,stop_point:SP_1027,Plaisance Monestié,28
2303364,13:12:00,13:12:10,stop_point:SP_1754,Arènes,1
2303364,13:15:00,13:15:10,stop_point:SP_2002,Négogousses,2
2303364,13:16:00,13:16:10,stop_point:SP_2956,Hippodrome,3
2303364,13:17:00,13:17:10,stop_point:SP_3162,Brombach,4
2303364,13:18:00,13:18:10,stop_point:SP_2467,Pont Rocade,5
2303364,13:20:00,13:20:10,stop_point:SP_2210,Tissié,6
2303364,13:21:00,13:21:10,stop_point:SP_3729,Centre Aéré,7
2303364,13:22:00,13:22:10,stop_point:SP_1532,Eglise Lardenne,8
2303364,13:23:00,13:23:10,stop_point:SP_1846,Lardenne,9
2303364,13:24:00,13:24:10,stop_point:SP_3237,Montagné,10
2303364,13:25:00,13:25:10,stop_point:SP_3657,Briqueterie,11
2303364,13:26:00,13:26:10,stop_point:SP_396,St-Exupéry,12
2303364,13:28:00,13:28:10,stop_point:SP_3872,Ctre Cial Tournefeuille,13
2303364,13:29:00,13:29:10,stop_point:SP_2193,Montjoie,14
2303364,13:30:00,13:30:10,stop_point:SP_414,Tournefeuille Les Chênes,15
2303364,13:31:00,13:31:10,stop_point:SP_2921,Montel,16
2303364,13:32:00,13:32:10,stop_point:SP_1531,St-Pierre,17
2303364,13:33:00,13:33:10,stop_point:SP_2627,Périgord,18
2303364,13:34:00,13:34:10,stop_point:SP_3433,Alpilles,19
2303364,13:35:00,13:35:10,stop_point:SP_2379,Collège Labitrie,20
2303364,13:35:00,13:35:10,stop_point:SP_3740,Bordeneuve,21
2303364,13:36:00,13:36:10,stop_point:SP_4840,Jean Gay,22
2303364,13:37:00,13:37:10,stop_point:SP_4093,Tournefeuille Lycée,23
2303364,13:39:00,13:39:10,stop_point:SP_4800,Loti,24
2303364,13:40:00,13:40:10,stop_point:SP_4806,Prat Dessus,25
2303364,13:41:00,13:41:10,stop_point:SP_4801,Rivière - Basse,26
2303364,13:42:00,13:42:10,stop_point:SP_4803,Eglise Plaisance,27
2303364,13:44:00,13:44:10,stop_point:SP_1027,Plaisance Monestié,28
2303365,13:23:00,13:23:10,stop_point:SP_1754,Arènes,1
2303365,13:26:00,13:26:10,stop_point:SP_2002,Négogousses,2
2303365,13:27:00,13:27:10,stop_point:SP_2956,Hippodrome,3
2303365,13:28:00,13:28:10,stop_point:SP_3162,Brombach,4
2303365,13:29:00,13:29:10,stop_point:SP_2467,Pont Rocade,5
2303365,13:31:00,13:31:10,stop_point:SP_2210,Tissié,6
2303365,13:32:00,13:32:10,stop_point:SP_3729,Centre Aéré,7
2303365,13:33:00,13:33:10,stop_point:SP_1532,Eglise Lardenne,8
2303365,13:34:00,13:34:10,stop_point:SP_1846,Lardenne,9
2303365,13:35:00,13:35:10,stop_point:SP_3237,Montagné,10
2303365,13:36:00,13:36:10,stop_point:SP_3657,Briqueterie,11
2303365,13:38:00,13:38:10,stop_point:SP_396,St-Exupéry,12
2303365,13:40:00,13:40:10,stop_point:SP_3872,Ctre Cial Tournefeuille,13
2303365,13:41:00,13:41:10,stop_point:SP_2193,Montjoie,14
2303365,13:42:00,13:42:10,stop_point:SP_414,Tournefeuille Les Chênes,15
2303365,13:43:00,13:43:10,stop_point:SP_2921,Montel,16
2303365,13:44:00,13:44:10,stop_point:SP_1531,St-Pierre,17
2303365,13:45:00,13:45:10,stop_point:SP_2627,Périgord,18
2303365,13:46:00,13:46:10,stop_point:SP_3433,Alpilles,19
2303365,13:47:00,13:47:10,stop_point:SP_2379,Collège Labitrie,20
2303365,13:47:00,13:47:10,stop_point:SP_3740,Bordeneuve,21
2303365,13:48:00,13:48:10,stop_point:SP_4840,Jean Gay,22
2303365,13:49:00,13:49:10,stop_point:SP_4093,Tournefeuille Lycée,23
2303365,13:51:00,13:51:10,stop_point:SP_4800,Loti,24
2303365,13:52:00,13:52:10,stop_point:SP_4806,Prat Dessus,25
2303365,13:53:00,13:53:10,stop_point:SP_4801,Rivière - Basse,26
2303365,13:54:00,13:54:10,stop_point:SP_4803,Eglise Plaisance,27
2303365,13:56:00,13:56:10,stop_point:SP_1027,Plaisance Monestié,28
2303366,13:34:00,13:34:10,stop_point:SP_1754,Arènes,1
2303366,13:37:00,13:37:10,stop_point:SP_2002,Négogousses,2
2303366,13:38:00,13:38:10,stop_point:SP_2956,Hippodrome,3
2303366,13:39:00,13:39:10,stop_point:SP_3162,Brombach,4
2303366,13:40:00,13:40:10,stop_point:SP_2467,Pont Rocade,5
2303366,13:42:00,13:42:10,stop_point:SP_2210,Tissié,6
2303366,13:43:00,13:43:10,stop_point:SP_3729,Centre Aéré,7
2303366,13:44:00,13:44:10,stop_point:SP_1532,Eglise Lardenne,8
2303366,13:45:00,13:45:10,stop_point:SP_1846,Lardenne,9
2303366,13:46:00,13:46:10,stop_point:SP_3237,Montagné,10
2303366,13:47:00,13:47:10,stop_point:SP_3657,Briqueterie,11
2303366,13:49:00,13:49:10,stop_point:SP_396,St-Exupéry,12
2303366,13:51:00,13:51:10,stop_point:SP_3872,Ctre Cial Tournefeuille,13
2303366,13:52:00,13:52:10,stop_point:SP_2193,Montjoie,14
2303366,13:53:00,13:53:10,stop_point:SP_414,Tournefeuille Les Chênes,15
2303366,13:54:00,13:54:10,stop_point:SP_2921,Montel,16
2303366,13:55:00,13:55:10,stop_point:SP_1531,St-Pierre,17
2303366,13:56:00,13:56:10,stop_point:SP_2627,Périgord,18
2303366,13:57:00,13:57:10,stop_point:SP_3433,Alpilles,19
2303366,13:58:00,13:58:10,stop_point:SP_2379,Collège Labitrie,20
2303366,13:58:00,13:58:10,stop_point:SP_3740,Bordeneuve,21
2303366,13:59:00,13:59:10,stop_point:SP_4840,Jean Gay,22
2303366,14:00:00,14:00:10,stop_point:SP_4093,Tournefeuille Lycée,23
2303366,14:02:00,14:02:10,stop_point:SP_4800,Loti,24
2303366,14:03:00,14:03:10,stop_point:SP_4806,Prat Dessus,25
2303366,14:04:00,14:04:10,stop_point:SP_4801,Rivière - Basse,26
2303366,14:05:00,14:05:10,stop_point:SP_4803,Eglise Plaisance,27
2303366,14:07:00,14:07:10,stop_point:SP_1027,Plaisance Monestié,28
2303367,13:45:00,13:45:10,stop_point:SP_1754,Arènes,1
2303367,13:48:00,13:48:10,stop_point:SP_2002,Négogousses,2
2303367,13:49:00,13:49:10,stop_point:SP_2956,Hippodrome,3
2303367,13:50:00,13:50:10,stop_point:SP_3162,Brombach,4
2303367,13:51:00,13:51:10,stop_point:SP_2467,Pont Rocade,5
2303367,13:53:00,13:53:10,stop_point:SP_2210,Tissié,6
2303367,13:54:00,13:54:10,stop_point:SP_3729,Centre Aéré,7
2303367,13:55:00,13:55:10,stop_point:SP_1532,Eglise Lardenne,8
2303367,13:56:00,13:56:10,stop_point:SP_1846,Lardenne,9
2303367,13:57:00,13:57:10,stop_point:SP_3237,Montagné,10
2303367,13:58:00,13:58:10,stop_point:SP_3657,Briqueterie,11
2303367,13:59:00,13:59:10,stop_point:SP_396,St-Exupéry,12
2303367,14:01:00,14:01:10,stop_point:SP_3872,Ctre Cial Tournefeuille,13
2303367,14:02:00,14:02:10,stop_point:SP_2193,Montjoie,14
2303367,14:03:00,14:03:10,stop_point:SP_414,Tournefeuille Les Chênes,15
2303367,14:04:00,14:04:10,stop_point:SP_2921,Montel,16
2303367,14:05:00,14:05:10,stop_point:SP_1531,St-Pierre,17
2303367,14:06:00,14:06:10,stop_point:SP_2627,Périgord,18
2303367,14:07:00,14:07:10,stop_point:SP_3433,Alpilles,19
2303367,14:08:00,14:08:10,stop_point:SP_2379,Collège Labitrie,20
2303367,14:08:00,14:08:10,stop_point:SP_3740,Bordeneuve,21
2303367,14:09:00,14:09:10,stop_point:SP_4840,Jean Gay,22
2303367,14:10:00,14:10:10,stop_point:SP_4093,Tournefeuille Lycée,23
2303367,14:12:00,14:12:10,stop_point:SP_4800,Loti,24
2303367,14:13:00,14:13:10,stop_point:SP_4806,Prat Dessus,25
2303367,14:14:00,14:14:10,stop_point:SP_4801,Rivière - Basse,26
2303367,14:15:00,14:15:10,stop_point:SP_4803,Eglise Plaisance,27
2303367,14:17:00,14:17:10,stop_point:SP_1027,Plaisance Monestié,28
2303368,13:56:00,13:56:10,stop_point:SP_1754,Arènes,1
2303368,13:59:00,13:59:10,stop_point:SP_2002,Négogousses,2
2303368,14:00:00,14:00:10,stop_point:SP_2956,Hippodrome,3
2303368,14:01:00,14:01:10,stop_point:SP_3162,Brombach,4
2303368,14:02:00,14:02:10,stop_point:SP_2467,Pont Rocade,5
2303368,14:04:00,14:04:10,stop_point:SP_2210,Tissié,6
2303368,14:05:00,14:05:10,stop_point:SP_3729,Centre Aéré,7
2303368,14:06:00,14:06:10,stop_point:SP_1532,Eglise Lardenne,8
2303368,14:07:00,14:07:10,stop_point:SP_1846,Lardenne,9
2303368,14:08:00,14:08:10,stop_point:SP_3237,Montagné,10
2303368,14:09:00,14:09:10,stop_point:SP_3657,Briqueterie,11
2303368,14:10:00,14:10:10,stop_point:SP_396,St-Exupéry,12
2303368,14:12:00,14:12:10,stop_point:SP_3872,Ctre Cial Tournefeuille,13
2303368,14:13:00,14:13:10,stop_point:SP_2193,Montjoie,14
2303368,14:14:00,14:14:10,stop_point:SP_414,Tournefeuille Les Chênes,15
2303368,14:15:00,14:15:10,stop_point:SP_2921,Montel,16
2303368,14:16:00,14:16:10,stop_point:SP_1531,St-Pierre,17
2303368,14:17:00,14:17:10,stop_point:SP_2627,Périgord,18
2303368,14:18:00,14:18:10,stop_point:SP_3433,Alpilles,19
2303368,14:19:00,14:19:10,stop_point:SP_2379,Collège Labitrie,20
2303368,14:19:00,14:19:10,stop_point:SP_3740,Bordeneuve,21
2303368,14:20:00,14:20:10,stop_point:SP_4840,Jean Gay,22
2303368,14:21:00,14:21:10,stop_point:SP_4093,Tournefeuille Lycée,23
2303368,14:23:00,14:23:10,stop_point:SP_4800,Loti,24
2303368,14:24:00,14:24:10,stop_point:SP_4806,Prat Dessus,25
2303368,14:25:00,14:25:10,stop_point:SP_4801,Rivière - Basse,26
2303368,14:26:00,14:26:10,stop_point:SP_4803,Eglise Plaisance,27
2303368,14:28:00,14:28:10,stop_point:SP_1027,Plaisance Monestié,28
2303369,14:07:00,14:07:10,stop_point:SP_1754,Arènes,1
2303369,14:10:00,14:10:10,stop_point:SP_2002,Négogousses,2
2303369,14:11:00,14:11:10,stop_point:SP_2956,Hippodrome,3
2303369,14:12:00,14:12:10,stop_point:SP_3162,Brombach,4
2303369,14:13:00,14:13:10,stop_point:SP_2467,Pont Rocade,5
2303369,14:15:00,14:15:10,stop_point:SP_2210,Tissié,6
2303369,14:16:00,14:16:10,stop_point:SP_3729,Centre Aéré,7
2303369,14:17:00,14:17:10,stop_point:SP_1532,Eglise Lardenne,8
2303369,14:18:00,14:18:10,stop_point:SP_1846,Lardenne,9
2303369,14:19:00,14:19:10,stop_point:SP_3237,Montagné,10
2303369,14:20:00,14:20:10,stop_point:SP_3657,Briqueterie,11
2303369,14:21:00,14:21:10,stop_point:SP_396,St-Exupéry,12
2303369,14:23:00,14:23:10,stop_point:SP_3872,Ctre Cial Tournefeuille,13
2303369,14:24:00,14:24:10,stop_point:SP_2193,Montjoie,14
2303369,14:25:00,14:25:10,stop_point:SP_414,Tournefeuille Les Chênes,15
2303369,14:26:00,14:26:10,stop_point:SP_2921,Montel,16
2303369,14:27:00,14:27:10,stop_point:SP_1531,St-Pierre,17
2303369,14:28:00,14:28:10,stop_point:SP_2627,Périgord,18
2303369,14:29:00,14:29:10,stop_point:SP_3433,Alpilles,19
2303369,14:30:00,14:30:10,stop_point:SP_2379,Collège Labitrie,20
2303369,14:30:00,14:30:10,stop_point:SP_3740,Bordeneuve,21
2303369,14:31:00,14:31:10,stop_point:SP_4840,Jean Gay,22
2303369,14:32:00,14:32:10,stop_point:SP_4093,Tournefeuille Lycée,23
2303369,14:34:00,14:34:10,stop_point:SP_4800,Loti,24
2303369,14:35:00,14:35:10,stop_point:SP_4806,Prat Dessus,25
2303369,14:36:00,14:36:10,stop_point:SP_4801,Rivière - Basse,26
2303369,14:37:00,14:37:10,stop_point:SP_4803,Eglise Plaisance,27
2303369,14:39:00,14:39:10,stop_point:SP_1027,Plaisance Monestié,28
2303370,14:18:00,14:18:10,stop_point:SP_1754,Arènes,1
2303370,14:21:00,14:21:10,stop_point:SP_2002,Négogousses,2
2303370,14:22:00,14:22:10,stop_point:SP_2956,Hippodrome,3
2303370,14:23:00,14:23:10,stop_point:SP_3162,Brombach,4
2303370,14:24:00,14:24:10,stop_point:SP_2467,Pont Rocade,5
2303370,14:26:00,14:26:10,stop_point:SP_2210,Tissié,6
2303370,14:27:00,14:27:10,stop_point:SP_3729,Centre Aéré,7
2303370,14:28:00,14:28:10,stop_point:SP_1532,Eglise Lardenne,8
2303370,14:29:00,14:29:10,stop_point:SP_1846,Lardenne,9
2303370,14:30:00,14:30:10,stop_point:SP_3237,Montagné,10
2303370,14:31:00,14:31:10,stop_point:SP_3657,Briqueterie,11
2303370,14:32:00,14:32:10,stop_point:SP_396,St-Exupéry,12
2303370,14:34:00,14:34:10,stop_point:SP_3872,Ctre Cial Tournefeuille,13
2303370,14:35:00,14:35:10,stop_point:SP_2193,Montjoie,14
2303370,14:36:00,14:36:10,stop_point:SP_414,Tournefeuille Les Chênes,15
2303370,14:37:00,14:37:10,stop_point:SP_2921,Montel,16
2303370,14:38:00,14:38:10,stop_point:SP_1531,St-Pierre,17
2303370,14:39:00,14:39:10,stop_point:SP_2627,Périgord,18
2303370,14:40:00,14:40:10,stop_point:SP_3433,Alpilles,19
2303370,14:41:00,14:41:10,stop_point:SP_2379,Collège Labitrie,20
2303370,14:41:00,14:41:10,stop_point:SP_3740,Bordeneuve,21
2303370,14:42:00,14:42:10,stop_point:SP_4840,Jean Gay,22
2303370,14:43:00,14:43:10,stop_point:SP_4093,Tournefeuille Lycée,23
2303370,14:45:00,14:45:10,stop_point:SP_4800,Loti,24
2303370,14:46:00,14:46:10,stop_point:SP_4806,Prat Dessus,25
2303370,14:47:00,14:47:10,stop_point:SP_4801,Rivière - Basse,26
2303370,14:48:00,14:48:10,stop_point:SP_4803,Eglise Plaisance,27
2303370,14:50:00,14:50:10,stop_point:SP_1027,Plaisance Monestié,28
2303371,14:29:00,14:29:10,stop_point:SP_1754,Arènes,1
2303371,14:32:00,14:32:10,stop_point:SP_2002,Négogousses,2
2303371,14:33:00,14:33:10,stop_point:SP_2956,Hippodrome,3
2303371,14:34:00,14:34:10,stop_point:SP_3162,Brombach,4
2303371,14:35:00,14:35:10,stop_point:SP_2467,Pont Rocade,5
2303371,14:37:00,14:37:10,stop_point:SP_2210,Tissié,6
2303371,14:38:00,14:38:10,stop_point:SP_3729,Centre Aéré,7
2303371,14:39:00,14:39:10,stop_point:SP_1532,Eglise Lardenne,8
2303371,14:40:00,14:40:10,stop_point:SP_1846,Lardenne,9
2303371,14:41:00,14:41:10,stop_point:SP_3237,Montagné,10
2303371,14:42:00,14:42:10,stop_point:SP_3657,Briqueterie,11
2303371,14:43:00,14:43:10,stop_point:SP_396,St-Exupéry,12
2303371,14:45:00,14:45:10,stop_point:SP_3872,Ctre Cial Tournefeuille,13
2303371,14:46:00,14:46:10,stop_point:SP_2193,Montjoie,14
2303371,14:47:00,14:47:10,stop_point:SP_414,Tournefeuille Les Chênes,15
2303371,14:48:00,14:48:10,stop_point:SP_2921,Montel,16
2303371,14:49:00,14:49:10,stop_point:SP_1531,St-Pierre,17
2303371,14:50:00,14:50:10,stop_point:SP_2627,Périgord,18
2303371,14:51:00,14:51:10,stop_point:SP_3433,Alpilles,19
2303371,14:52:00,14:52:10,stop_point:SP_2379,Collège Labitrie,20
2303371,14:52:00,14:52:10,stop_point:SP_3740,Bordeneuve,21
2303371,14:53:00,14:53:10,stop_point:SP_4840,Jean Gay,22
2303371,14:54:00,14:54:10,stop_point:SP_4093,Tournefeuille Lycée,23
2303371,14:56:00,14:56:10,stop_point:SP_4800,Loti,24
2303371,14:57:00,14:57:10,stop_point:SP_4806,Prat Dessus,25
2303371,14:58:00,14:58:10,stop_point:SP_4801,Rivière - Basse,26
2303371,14:59:00,14:59:10,stop_point:SP_4803,Eglise Plaisance,27
2303371,15:01:00,15:01:10,stop_point:SP_1027,Plaisance Monestié,28
2303372,14:39:00,14:39:10,stop_point:SP_1754,Arènes,1
2303372,14:42:00,14:42:10,stop_point:SP_2002,Négogousses,2
2303372,14:43:00,14:43:10,stop_point:SP_2956,Hippodrome,3
2303372,14:44:00,14:44:10,stop_point:SP_3162,Brombach,4
2303372,14:45:00,14:45:10,stop_point:SP_2467,Pont Rocade,5
2303372,14:47:00,14:47:10,stop_point:SP_2210,Tissié,6
2303372,14:48:00,14:48:10,stop_point:SP_3729,Centre Aéré,7
2303372,14:49:00,14:49:10,stop_point:SP_1532,Eglise Lardenne,8
2303372,14:50:00,14:50:10,stop_point:SP_1846,Lardenne,9
2303372,14:51:00,14:51:10,stop_point:SP_3237,Montagné,10
2303372,14:52:00,14:52:10,stop_point:SP_3657,Briqueterie,11
2303372,14:53:00,14:53:10,stop_point:SP_396,St-Exupéry,12
2303372,14:55:00,14:55:10,stop_point:SP_3872,Ctre Cial Tournefeuille,13
2303372,14:56:00,14:56:10,stop_point:SP_2193,Montjoie,14
2303372,14:57:00,14:57:10,stop_point:SP_414,Tournefeuille Les Chênes,15
2303372,14:58:00,14:58:10,stop_point:SP_2921,Montel,16
2303372,14:59:00,14:59:10,stop_point:SP_1531,St-Pierre,17
2303372,15:00:00,15:00:10,stop_point:SP_2627,Périgord,18
2303372,15:01:00,15:01:10,stop_point:SP_3433,Alpilles,19
2303372,15:02:00,15:02:10,stop_point:SP_2379,Collège Labitrie,20
2303372,15:02:00,15:02:10,stop_point:SP_3740,Bordeneuve,21
2303372,15:03:00,15:03:10,stop_point:SP_4840,Jean Gay,22
2303372,15:04:00,15:04:10,stop_point:SP_4093,Tournefeuille Lycée,23
2303372,15:06:00,15:06:10,stop_point:SP_4800,Loti,24
2303372,15:07:00,15:07:10,stop_point:SP_4806,Prat Dessus,25
2303372,15:08:00,15:08:10,stop_point:SP_4801,Rivière - Basse,26
2303372,15:09:00,15:09:10,stop_point:SP_4803,Eglise Plaisance,27
2303372,15:11:00,15:11:10,stop_point:SP_1027,Plaisance Monestié,28
2303373,14:49:00,14:49:10,stop_point:SP_1754,Arènes,1
2303373,14:52:00,14:52:10,stop_point:SP_2002,Négogousses,2
2303373,14:53:00,14:53:10,stop_point:SP_2956,Hippodrome,3
2303373,14:54:00,14:54:10,stop_point:SP_3162,Brombach,4
2303373,14:55:00,14:55:10,stop_point:SP_2467,Pont Rocade,5
2303373,14:57:00,14:57:10,stop_point:SP_2210,Tissié,6
2303373,14:58:00,14:58:10,stop_point:SP_3729,Centre Aéré,7
2303373,15:00:00,15:00:10,stop_point:SP_1532,Eglise Lardenne,8
2303373,15:01:00,15:01:10,stop_point:SP_1846,Lardenne,9
2303373,15:02:00,15:02:10,stop_point:SP_3237,Montagné,10
2303373,15:03:00,15:03:10,stop_point:SP_3657,Briqueterie,11
2303373,15:04:00,15:04:10,stop_point:SP_396,St-Exupéry,12
2303373,15:06:00,15:06:10,stop_point:SP_3872,Ctre Cial Tournefeuille,13
2303373,15:07:00,15:07:10,stop_point:SP_2193,Montjoie,14
2303373,15:08:00,15:08:10,stop_point:SP_414,Tournefeuille Les Chênes,15
2303373,15:09:00,15:09:10,stop_point:SP_2921,Montel,16
2303373,15:10:00,15:10:10,stop_point:SP_1531,St-Pierre,17
2303373,15:11:00,15:11:10,stop_point:SP_2627,Périgord,18
2303373,15:12:00,15:12:10,stop_point:SP_3433,Alpilles,19
2303373,15:13:00,15:13:10,stop_point:SP_2379,Collège Labitrie,20
2303373,15:13:00,15:13:10,stop_point:SP_3740,Bordeneuve,21
2303373,15:14:00,15:14:10,stop_point:SP_4840,Jean Gay,22
2303373,15:15:00,15:15:10,stop_point:SP_4093,Tournefeuille Lycée,23
2303373,15:17:00,15:17:10,stop_point:SP_4800,Loti,24
2303373,15:18:00,15:18:10,stop_point:SP_4806,Prat Dessus,25
2303373,15:19:00,15:19:10,stop_point:SP_4801,Rivière - Basse,26
2303373,15:20:00,15:20:10,stop_point:SP_4803,Eglise Plaisance,27
2303373,15:22:00,15:22:10,stop_point:SP_1027,Plaisance Monestié,28
2303374,14:59:00,14:59:10,stop_point:SP_1754,Arènes,1
2303374,15:02:00,15:02:10,stop_point:SP_2002,Négogousses,2
2303374,15:03:00,15:03:10,stop_point:SP_2956,Hippodrome,3
2303374,15:04:00,15:04:10,stop_point:SP_3162,Brombach,4
2303374,15:05:00,15:05:10,stop_point:SP_2467,Pont Rocade,5
2303374,15:07:00,15:07:10,stop_point:SP_2210,Tissié,6
2303374,15:08:00,15:08:10,stop_point:SP_3729,Centre Aéré,7
2303374,15:10:00,15:10:10,stop_point:SP_1532,Eglise Lardenne,8
2303374,15:11:00,15:11:10,stop_point:SP_1846,Lardenne,9
2303374,15:12:00,15:12:10,stop_point:SP_3237,Montagné,10
2303374,15:13:00,15:13:10,stop_point:SP_3657,Briqueterie,11
2303374,15:14:00,15:14:10,stop_point:SP_396,St-Exupéry,12
2303374,15:16:00,15:16:10,stop_point:SP_3872,Ctre Cial Tournefeuille,13
2303374,15:17:00,15:17:10,stop_point:SP_2193,Montjoie,14
2303374,15:18:00,15:18:10,stop_point:SP_414,Tournefeuille Les Chênes,15
2303374,15:19:00,15:19:10,stop_point:SP_2921,Montel,16
2303374,15:20:00,15:20:10,stop_point:SP_1531,St-Pierre,17
2303374,15:21:00,15:21:10,stop_point:SP_2627,Périgord,18
2303374,15:22:00,15:22:10,stop_point:SP_3433,Alpilles,19
2303374,15:23:00,15:23:10,stop_point:SP_2379,Collège Labitrie,20
2303374,15:23:00,15:23:10,stop_point:SP_3740,Bordeneuve,21
2303374,15:24:00,15:24:10,stop_point:SP_4840,Jean Gay,22
2303374,15:25:00,15:25:10,stop_point:SP_4093,Tournefeuille Lycée,23
2303374,15:27:00,15:27:10,stop_point:SP_4800,Loti,24
2303374,15:28:00,15:28:10,stop_point:SP_4806,Prat Dessus,25
2303374,15:29:00,15:29:10,stop_point:SP_4801,Rivière - Basse,26
2303374,15:30:00,15:30:10,stop_point:SP_4803,Eglise Plaisance,27
2303374,15:32:00,15:32:10,stop_point:SP_1027,Plaisance Monestié,28
2303375,15:09:00,15:09:10,stop_point:SP_1754,Arènes,1
2303375,15:12:00,15:12:10,stop_point:SP_2002,Négogousses,2
2303375,15:13:00,15:13:10,stop_point:SP_2956,Hippodrome,3
2303375,15:14:00,15:14:10,stop_point:SP_3162,Brombach,4
2303375,15:15:00,15:15:10,stop_point:SP_2467,Pont Rocade,5
2303375,15:17:00,15:17:10,stop_point:SP_2210,Tissié,6
2303375,15:18:00,15:18:10,stop_point:SP_3729,Centre Aéré,7
2303375,15:20:00,15:20:10,stop_point:SP_1532,Eglise Lardenne,8
2303375,15:21:00,15:21:10,stop_point:SP_1846,Lardenne,9
2303375,15:22:00,15:22:10,stop_point:SP_3237,Montagné,10
2303375,15:23:00,15:23:10,stop_point:SP_3657,Briqueterie,11
2303375,15:24:00,15:24:10,stop_point:SP_396,St-Exupéry,12
2303375,15:26:00,15:26:10,stop_point:SP_3872,Ctre Cial Tournefeuille,13
2303375,15:27:00,15:27:10,stop_point:SP_2193,Montjoie,14
2303375,15:28:00,15:28:10,stop_point:SP_414,Tournefeuille Les Chênes,15
2303375,15:29:00,15:29:10,stop_point:SP_2921,Montel,16
2303375,15:30:00,15:30:10,stop_point:SP_1531,St-Pierre,17
2303375,15:31:00,15:31:10,stop_point:SP_2627,Périgord,18
2303375,15:32:00,15:32:10,stop_point:SP_3433,Alpilles,19
2303375,15:33:00,15:33:10,stop_point:SP_2379,Collège Labitrie,20
2303375,15:33:00,15:33:10,stop_point:SP_3740,Bordeneuve,21
2303375,15:34:00,15:34:10,stop_point:SP_4840,Jean Gay,22
2303375,15:35:00,15:35:10,stop_point:SP_4093,Tournefeuille Lycée,23
2303375,15:37:00,15:37:10,stop_point:SP_4800,Loti,24
2303375,15:38:00,15:38:10,stop_point:SP_4806,Prat Dessus,25
2303375,15:39:00,15:39:10,stop_point:SP_4801,Rivière - Basse,26
2303375,15:40:00,15:40:10,stop_point:SP_4803,Eglise Plaisance,27
2303375,15:42:00,15:42:10,stop_point:SP_1027,Plaisance Monestié,28
2303376,15:19:00,15:19:10,stop_point:SP_1754,Arènes,1
2303376,15:22:00,15:22:10,stop_point:SP_2002,Négogousses,2
2303376,15:23:00,15:23:10,stop_point:SP_2956,Hippodrome,3
2303376,15:24:00,15:24:10,stop_point:SP_3162,Brombach,4
2303376,15:25:00,15:25:10,stop_point:SP_2467,Pont Rocade,5
2303376,15:27:00,15:27:10,stop_point:SP_2210,Tissié,6
2303376,15:28:00,15:28:10,stop_point:SP_3729,Centre Aéré,7
2303376,15:30:00,15:30:10,stop_point:SP_1532,Eglise Lardenne,8
2303376,15:31:00,15:31:10,stop_point:SP_1846,Lardenne,9
2303376,15:32:00,15:32:10,stop_point:SP_3237,Montagné,10
2303376,15:33:00,15:33:10,stop_point:SP_3657,Briqueterie,11
2303376,15:34:00,15:34:10,stop_point:SP_396,St-Exupéry,12
2303376,15:36:00,15:36:10,stop_point:SP_3872,Ctre Cial Tournefeuille,13
2303376,15:37:00,15:37:10,stop_point:SP_2193,Montjoie,14
2303376,15:38:00,15:38:10,stop_point:SP_414,Tournefeuille Les Chênes,15
2303376,15:39:00,15:39:10,stop_point:SP_2921,Montel,16
2303376,15:40:00,15:40:10,stop_point:SP_1531,St-Pierre,17
2303376,15:41:00,15:41:10,stop_point:SP_2627,Périgord,18
2303376,15:42:00,15:42:10,stop_point:SP_3433,Alpilles,19
2303376,15:43:00,15:43:10,stop_point:SP_2379,Collège Labitrie,20
2303376,15:43:00,15:43:10,stop_point:SP_3740,Bordeneuve,21
2303376,15:44:00,15:44:10,stop_point:SP_4840,Jean Gay,22
2303376,15:45:00,15:45:10,stop_point:SP_4093,Tournefeuille Lycée,23
2303376,15:47:00,15:47:10,stop_point:SP_4800,Loti,24
2303376,15:48:00,15:48:10,stop_point:SP_4806,Prat Dessus,25
2303376,15:49:00,15:49:10,stop_point:SP_4801,Rivière - Basse,26
2303376,15:50:00,15:50:10,stop_point:SP_4803,Eglise Plaisance,27
2303376,15:52:00,15:52:10,stop_point:SP_1027,Plaisance Monestié,28
2303377,15:28:00,15:28:10,stop_point:SP_1754,Arènes,1
2303377,15:31:00,15:31:10,stop_point:SP_2002,Négogousses,2
2303377,15:32:00,15:32:10,stop_point:SP_2956,Hippodrome,3
2303377,15:34:00,15:34:10,stop_point:SP_3162,Brombach,4
2303377,15:35:00,15:35:10,stop_point:SP_2467,Pont Rocade,5
2303377,15:37:00,15:37:10,stop_point:SP_2210,Tissié,6
2303377,15:38:00,15:38:10,stop_point:SP_3729,Centre Aéré,7
2303377,15:40:00,15:40:10,stop_point:SP_1532,Eglise Lardenne,8
2303377,15:41:00,15:41:10,stop_point:SP_1846,Lardenne,9
2303377,15:42:00,15:42:10,stop_point:SP_3237,Montagné,10
2303377,15:43:00,15:43:10,stop_point:SP_3657,Briqueterie,11
2303377,15:44:00,15:44:10,stop_point:SP_396,St-Exupéry,12
2303377,15:46:00,15:46:10,stop_point:SP_3872,Ctre Cial Tournefeuille,13
2303377,15:47:00,15:47:10,stop_point:SP_2193,Montjoie,14
2303377,15:48:00,15:48:10,stop_point:SP_414,Tournefeuille Les Chênes,15
2303377,15:49:00,15:49:10,stop_point:SP_2921,Montel,16
2303377,15:50:00,15:50:10,stop_point:SP_1531,St-Pierre,17
2303377,15:51:00,15:51:10,stop_point:SP_2627,Périgord,18
2303377,15:52:00,15:52:10,stop_point:SP_3433,Alpilles,19
2303377,15:53:00,15:53:10,stop_point:SP_2379,Collège Labitrie,20
2303377,15:53:00,15:53:10,stop_point:SP_3740,Bordeneuve,21
2303377,15:54:00,15:54:10,stop_point:SP_4840,Jean Gay,22
2303377,15:55:00,15:55:10,stop_point:SP_4093,Tournefeuille Lycée,23
2303377,15:57:00,15:57:10,stop_point:SP_4800,Loti,24
2303377,15:58:00,15:58:10,stop_point:SP_4806,Prat Dessus,25
2303377,15:59:00,15:59:10,stop_point:SP_4801,Rivière - Basse,26
2303377,16:00:00,16:00:10,stop_point:SP_4803,Eglise Plaisance,27
2303377,16:02:00,16:02:10,stop_point:SP_1027,Plaisance Monestié,28
2303378,15:37:00,15:37:10,stop_point:SP_1754,Arènes,1
2303378,15:40:00,15:40:10,stop_point:SP_2002,Négogousses,2
2303378,15:41:00,15:41:10,stop_point:SP_2956,Hippodrome,3
2303378,15:43:00,15:43:10,stop_point:SP_3162,Brombach,4
2303378,15:44:00,15:44:10,stop_point:SP_2467,Pont Rocade,5
2303378,15:46:00,15:46:10,stop_point:SP_2210,Tissié,6
2303378,15:47:00,15:47:10,stop_point:SP_3729,Centre Aéré,7
2303378,15:49:00,15:49:10,stop_point:SP_1532,Eglise Lardenne,8
2303378,15:50:00,15:50:10,stop_point:SP_1846,Lardenne,9
2303378,15:51:00,15:51:10,stop_point:SP_3237,Montagné,10
2303378,15:52:00,15:52:10,stop_point:SP_3657,Briqueterie,11
2303378,15:53:00,15:53:10,stop_point:SP_396,St-Exupéry,12
2303378,15:55:00,15:55:10,stop_point:SP_3872,Ctre Cial Tournefeuille,13
2303378,15:56:00,15:56:10,stop_point:SP_2193,Montjoie,14
2303378,15:57:00,15:57:10,stop_point:SP_414,Tournefeuille Les Chênes,15
2303378,15:58:00,15:58:10,stop_point:SP_2921,Montel,16
2303378,16:00:00,16:00:10,stop_point:SP_1531,St-Pierre,17
2303378,16:01:00,16:01:10,stop_point:SP_2627,Périgord,18
2303378,16:02:00,16:02:10,stop_point:SP_3433,Alpilles,19
2303378,16:03:00,16:03:10,stop_point:SP_2379,Collège Labitrie,20
2303378,16:03:00,16:03:10,stop_point:SP_3740,Bordeneuve,21
2303378,16:04:00,16:04:10,stop_point:SP_4840,Jean Gay,22
2303378,16:05:00,16:05:10,stop_point:SP_4093,Tournefeuille Lycée,23
2303378,16:07:00,16:07:10,stop_point:SP_4800,Loti,24
2303378,16:08:00,16:08:10,stop_point:SP_4806,Prat Dessus,25
2303378,16:09:00,16:09:10,stop_point:SP_4801,Rivière - Basse,26
2303378,16:10:00,16:10:10,stop_point:SP_4803,Eglise Plaisance,27
2303378,16:12:00,16:12:10,stop_point:SP_1027,Plaisance Monestié,28
2303379,15:46:00,15:46:10,stop_point:SP_1754,Arènes,1
2303379,15:49:00,15:49:10,stop_point:SP_2002,Négogousses,2
2303379,15:50:00,15:50:10,stop_point:SP_2956,Hippodrome,3
2303379,15:52:00,15:52:10,stop_point:SP_3162,Brombach,4
2303379,15:53:00,15:53:10,stop_point:SP_2467,Pont Rocade,5
2303379,15:55:00,15:55:10,stop_point:SP_2210,Tissié,6
2303379,15:56:00,15:56:10,stop_point:SP_3729,Centre Aéré,7
2303379,15:58:00,15:58:10,stop_point:SP_1532,Eglise Lardenne,8
2303379,15:59:00,15:59:10,stop_point:SP_1846,Lardenne,9
2303379,16:00:00,16:00:10,stop_point:SP_3237,Montagné,10
2303379,16:01:00,16:01:10,stop_point:SP_3657,Briqueterie,11
2303379,16:02:00,16:02:10,stop_point:SP_396,St-Exupéry,12
2303379,16:04:00,16:04:10,stop_point:SP_3872,Ctre Cial Tournefeuille,13
2303379,16:05:00,16:05:10,stop_point:SP_2193,Montjoie,14
2303379,16:07:00,16:07:10,stop_point:SP_414,Tournefeuille Les Chênes,15
2303379,16:08:00,16:08:10,stop_point:SP_2921,Montel,16
2303379,16:10:00,16:10:10,stop_point:SP_1531,St-Pierre,17
2303379,16:11:00,16:11:10,stop_point:SP_2627,Périgord,18
2303379,16:12:00,16:12:10,stop_point:SP_3433,Alpilles,19
2303379,16:13:00,16:13:10,stop_point:SP_2379,Collège Labitrie,20
2303379,16:13:00,16:13:10,stop_point:SP_3740,Bordeneuve,21
2303379,16:14:00,16:14:10,stop_point:SP_4840,Jean Gay,22
2303379,16:15:00,16:15:10,stop_point:SP_4093,Tournefeuille Lycée,23
2303379,16:17:00,16:17:10,stop_point:SP_4800,Loti,24
2303379,16:18:00,16:18:10,stop_point:SP_4806,Prat Dessus,25
2303379,16:19:00,16:19:10,stop_point:SP_4801,Rivière - Basse,26
2303379,16:20:00,16:20:10,stop_point:SP_4803,Eglise Plaisance,27
2303379,16:22:00,16:22:10,stop_point:SP_1027,Plaisance Monestié,28
2303380,15:55:00,15:55:10,stop_point:SP_1754,Arènes,1
2303380,15:58:00,15:58:10,stop_point:SP_2002,Négogousses,2
2303380,15:59:00,15:59:10,stop_point:SP_2956,Hippodrome,3
2303380,16:01:00,16:01:10,stop_point:SP_3162,Brombach,4
2303380,16:02:00,16:02:10,stop_point:SP_2467,Pont Rocade,5
2303380,16:04:00,16:04:10,stop_point:SP_2210,Tissié,6
2303380,16:06:00,16:06:10,stop_point:SP_3729,Centre Aéré,7
2303380,16:07:00,16:07:10,stop_point:SP_1532,Eglise Lardenne,8
2303380,16:09:00,16:09:10,stop_point:SP_1846,Lardenne,9
2303380,16:10:00,16:10:10,stop_point:SP_3237,Montagné,10
2303380,16:11:00,16:11:10,stop_point:SP_3657,Briqueterie,11
2303380,16:12:00,16:12:10,stop_point:SP_396,St-Exupéry,12
2303380,16:14:00,16:14:10,stop_point:SP_3872,Ctre Cial Tournefeuille,13
2303380,16:15:00,16:15:10,stop_point:SP_2193,Montjoie,14
2303380,16:17:00,16:17:10,stop_point:SP_414,Tournefeuille Les Chênes,15
2303380,16:18:00,16:18:10,stop_point:SP_2921,Montel,16
2303380,16:20:00,16:20:10,stop_point:SP_1531,St-Pierre,17
2303380,16:21:00,16:21:10,stop_point:SP_2627,Périgord,18
2303380,16:22:00,16:22:10,stop_point:SP_3433,Alpilles,19
2303380,16:23:00,16:23:10,stop_point:SP_2379,Collège Labitrie,20
2303380,16:23:00,16:23:10,stop_point:SP_3740,Bordeneuve,21
2303380,16:24:00,16:24:10,stop_point:SP_4840,Jean Gay,22
2303380,16:25:00,16:25:10,stop_point:SP_4093,Tournefeuille Lycée,23
2303380,16:27:00,16:27:10,stop_point:SP_4800,Loti,24
2303380,16:28:00,16:28:10,stop_point:SP_4806,Prat Dessus,25
2303380,16:29:00,16:29:10,stop_point:SP_4801,Rivière - Basse,26
2303380,16:30:00,16:30:10,stop_point:SP_4803,Eglise Plaisance,27
2303380,16:32:00,16:32:10,stop_point:SP_1027,Plaisance Monestié,28
2303381,16:03:00,16:03:10,stop_point:SP_1754,Arènes,1
2303381,16:06:00,16:06:10,stop_point:SP_2002,Négogousses,2
2303381,16:07:00,16:07:10,stop_point:SP_2956,Hippodrome,3
2303381,16:09:00,16:09:10,stop_point:SP_3162,Brombach,4
2303381,16:10:00,16:10:10,stop_point:SP_2467,Pont Rocade,5
2303381,16:12:00,16:12:10,stop_point:SP_2210,Tissié,6
2303381,16:14:00,16:14:10,stop_point:SP_3729,Centre Aéré,7
2303381,16:15:00,16:15:10,stop_point:SP_1532,Eglise Lardenne,8
2303381,16:17:00,16:17:10,stop_point:SP_1846,Lardenne,9
2303381,16:18:00,16:18:10,stop_point:SP_3237,Montagné,10
2303381,16:19:00,16:19:10,stop_point:SP_3657,Briqueterie,11
2303381,16:20:00,16:20:10,stop_point:SP_396,St-Exupéry,12
2303381,16:22:00,16:22:10,stop_point:SP_3872,Ctre Cial Tournefeuille,13
2303381,16:23:00,16:23:10,stop_point:SP_2193,Montjoie,14
2303381,16:25:00,16:25:10,stop_point:SP_414,Tournefeuille Les Chênes,15
2303381,16:26:00,16:26:10,stop_point:SP_2921,Montel,16
2303381,16:28:00,16:28:10,stop_point:SP_1531,St-Pierre,17
2303381,16:29:00,16:29:10,stop_point:SP_2627,Périgord,18
2303381,16:30:00,16:30:10,stop_point:SP_3433,Alpilles,19
2303381,16:31:00,16:31:10,stop_point:SP_2379,Collège Labitrie,20
2303381,16:31:00,16:31:10,stop_point:SP_3740,Bordeneuve,21
2303381,16:32:00,16:32:10,stop_point:SP_4840,Jean Gay,22
2303381,16:33:00,16:33:10,stop_point:SP_4093,Tournefeuille Lycée,23
2303381,16:36:00,16:36:10,stop_point:SP_4800,Loti,24
2303381,16:37:00,16:37:10,stop_point:SP_4806,Prat Dessus,25
2303381,16:38:00,16:38:10,stop_point:SP_4801,Rivière - Basse,26
2303381,16:39:00,16:39:10,stop_point:SP_4803,Eglise Plaisance,27
2303381,16:41:00,16:41:10,stop_point:SP_1027,Plaisance Monestié,28
2303382,16:11:00,16:11:10,stop_point:SP_1754,Arènes,1
2303382,16:14:00,16:14:10,stop_point:SP_2002,Négogousses,2
2303382,16:15:00,16:15:10,stop_point:SP_2956,Hippodrome,3
2303382,16:17:00,16:17:10,stop_point:SP_3162,Brombach,4
2303382,16:18:00,16:18:10,stop_point:SP_2467,Pont Rocade,5
2303382,16:20:00,16:20:10,stop_point:SP_2210,Tissié,6
2303382,16:22:00,16:22:10,stop_point:SP_3729,Centre Aéré,7
2303382,16:23:00,16:23:10,stop_point:SP_1532,Eglise Lardenne,8
2303382,16:25:00,16:25:10,stop_point:SP_1846,Lardenne,9
2303382,16:26:00,16:26:10,stop_point:SP_3237,Montagné,10
2303382,16:27:00,16:27:10,stop_point:SP_3657,Briqueterie,11
2303382,16:28:00,16:28:10,stop_point:SP_396,St-Exupéry,12
2303382,16:30:00,16:30:10,stop_point:SP_3872,Ctre Cial Tournefeuille,13
2303382,16:31:00,16:31:10,stop_point:SP_2193,Montjoie,14
2303382,16:33:00,16:33:10,stop_point:SP_414,Tournefeuille Les Chênes,15
2303382,16:34:00,16:34:10,stop_point:SP_2921,Montel,16
2303382,16:36:00,16:36:10,stop_point:SP_1531,St-Pierre,17
2303382,16:37:00,16:37:10,stop_point:SP_2627,Périgord,18
2303382,16:38:00,16:38:10,stop_point:SP_3433,Alpilles,19
2303382,16:39:00,16:39:10,stop_point:SP_2379,Collège Labitrie,20
2303382,16:39:00,16:39:10,stop_point:SP_3740,Bordeneuve,21
2303382,16:40:00,16:40:10,stop_point:SP_4840,Jean Gay,22
2303382,16:41:00,16:41:10,stop_point:SP_4093,Tournefeuille Lycée,23
2303382,16:44:00,16:44:10,stop_point:SP_4800,Loti,24
2303382,16:45:00,16:45:10,stop_point:SP_4806,Prat Dessus,25
2303382,16:46:00,16:46:10,stop_point:SP_4801,Rivière - Basse,26
2303382,16:47:00,16:47:10,stop_point:SP_4803,Eglise Plaisance,27
2303382,16:49:00,16:49:10,stop_point:SP_1027,Plaisance Monestié,28
2303383,16:18:00,16:18:10,stop_point:SP_1754,Arènes,1
2303383,16:21:00,16:21:10,stop_point:SP_2002,Négogousses,2
2303383,16:23:00,16:23:10,stop_point:SP_2956,Hippodrome,3
2303383,16:25:00,16:25:10,stop_point:SP_3162,Brombach,4
2303383,16:26:00,16:26:10,stop_point:SP_2467,Pont Rocade,5
2303383,16:28:00,16:28:10,stop_point:SP_2210,Tissié,6
2303383,16:30:00,16:30:10,stop_point:SP_3729,Centre Aéré,7
2303383,16:31:00,16:31:10,stop_point:SP_1532,Eglise Lardenne,8
2303383,16:33:00,16:33:10,stop_point:SP_1846,Lardenne,9
2303383,16:35:00,16:35:10,stop_point:SP_3237,Montagné,10
2303383,16:36:00,16:36:10,stop_point:SP_3657,Briqueterie,11
2303383,16:37:00,16:37:10,stop_point:SP_396,St-Exupéry,12
2303383,16:39:00,16:39:10,stop_point:SP_3872,Ctre Cial Tournefeuille,13
2303383,16:40:00,16:40:10,stop_point:SP_2193,Montjoie,14
2303383,16:42:00,16:42:10,stop_point:SP_414,Tournefeuille Les Chênes,15
2303383,16:43:00,16:43:10,stop_point:SP_2921,Montel,16
2303383,16:45:00,16:45:10,stop_point:SP_1531,St-Pierre,17
2303383,16:46:00,16:46:10,stop_point:SP_2627,Périgord,18
2303383,16:47:00,16:47:10,stop_point:SP_3433,Alpilles,19
2303383,16:48:00,16:48:10,stop_point:SP_2379,Collège Labitrie,20
2303383,16:48:00,16:48:10,stop_point:SP_3740,Bordeneuve,21
2303383,16:49:00,16:49:10,stop_point:SP_4840,Jean Gay,22
2303383,16:50:00,16:50:10,stop_point:SP_4093,Tournefeuille Lycée,23
2303383,16:53:00,16:53:10,stop_point:SP_4800,Loti,24
2303383,16:54:00,16:54:10,stop_point:SP_4806,Prat Dessus,25
2303383,16:55:00,16:55:10,stop_point:SP_4801,Rivière - Basse,26
2303383,16:56:00,16:56:10,stop_point:SP_4803,Eglise Plaisance,27
2303383,16:58:00,16:58:10,stop_point:SP_1027,Plaisance Monestié,28
2303384,16:26:00,16:26:10,stop_point:SP_1754,Arènes,1
2303384,16:29:00,16:29:10,stop_point:SP_2002,Négogousses,2
2303384,16:31:00,16:31:10,stop_point:SP_2956,Hippodrome,3
2303384,16:33:00,16:33:10,stop_point:SP_3162,Brombach,4
2303384,16:34:00,16:34:10,stop_point:SP_2467,Pont Rocade,5
2303384,16:37:00,16:37:10,stop_point:SP_2210,Tissié,6
2303384,16:38:00,16:38:10,stop_point:SP_3729,Centre Aéré,7
2303384,16:40:00,16:40:10,stop_point:SP_1532,Eglise Lardenne,8
2303384,16:42:00,16:42:10,stop_point:SP_1846,Lardenne,9
2303384,16:44:00,16:44:10,stop_point:SP_3237,Montagné,10
2303384,16:45:00,16:45:10,stop_point:SP_3657,Briqueterie,11
2303384,16:46:00,16:46:10,stop_point:SP_396,St-Exupéry,12
2303384,16:48:00,16:48:10,stop_point:SP_3872,Ctre Cial Tournefeuille,13
2303384,16:49:00,16:49:10,stop_point:SP_2193,Montjoie,14
2303384,16:51:00,16:51:10,stop_point:SP_414,Tournefeuille Les Chênes,15
2303384,16:52:00,16:52:10,stop_point:SP_2921,Montel,16
2303384,16:54:00,16:54:10,stop_point:SP_1531,St-Pierre,17
2303384,16:55:00,16:55:10,stop_point:SP_2627,Périgord,18
2303384,16:56:00,16:56:10,stop_point:SP_3433,Alpilles,19
2303384,16:57:00,16:57:10,stop_point:SP_2379,Collège Labitrie,20
2303384,16:57:00,16:57:10,stop_point:SP_3740,Bordeneuve,21
2303384,16:58:00,16:58:10,stop_point:SP_4840,Jean Gay,22
2303384,16:59:00,16:59:10,stop_point:SP_4093,Tournefeuille Lycée,23
2303384,17:02:00,17:02:10,stop_point:SP_4800,Loti,24
2303384,17:03:00,17:03:10,stop_point:SP_4806,Prat Dessus,25
2303384,17:04:00,17:04:10,stop_point:SP_4801,Rivière - Basse,26
2303384,17:05:00,17:05:10,stop_point:SP_4803,Eglise Plaisance,27
2303384,17:07:00,17:07:10,stop_point:SP_1027,Plaisance Monestié,28
2303385,16:34:00,16:34:10,stop_point:SP_1754,Arènes,1
2303385,16:37:00,16:37:10,stop_point:SP_2002,Négogousses,2
2303385,16:39:00,16:39:10,stop_point:SP_2956,Hippodrome,3
2303385,16:41:00,16:41:10,stop_point:SP_3162,Brombach,4
2303385,16:42:00,16:42:10,stop_point:SP_2467,Pont Rocade,5
2303385,16:45:00,16:45:10,stop_point:SP_2210,Tissié,6
2303385,16:46:00,16:46:10,stop_point:SP_3729,Centre Aéré,7
2303385,16:48:00,16:48:10,stop_point:SP_1532,Eglise Lardenne,8
2303385,16:50:00,16:50:10,stop_point:SP_1846,Lardenne,9
2303385,16:52:00,16:52:10,stop_point:SP_3237,Montagné,10
2303385,16:53:00,16:53:10,stop_point:SP_3657,Briqueterie,11
2303385,16:54:00,16:54:10,stop_point:SP_396,St-Exupéry,12
2303385,16:56:00,16:56:10,stop_point:SP_3872,Ctre Cial Tournefeuille,13
2303385,16:57:00,16:57:10,stop_point:SP_2193,Montjoie,14
2303385,16:59:00,16:59:10,stop_point:SP_414,Tournefeuille Les Chênes,15
2303385,17:00:00,17:00:10,stop_point:SP_2921,Montel,16
2303385,17:02:00,17:02:10,stop_point:SP_1531,St-Pierre,17
2303385,17:03:00,17:03:10,stop_point:SP_2627,Périgord,18
2303385,17:05:00,17:05:10,stop_point:SP_3433,Alpilles,19
2303385,17:06:00,17:06:10,stop_point:SP_2379,Collège Labitrie,20
2303385,17:06:00,17:06:10,stop_point:SP_3740,Bordeneuve,21
2303385,17:07:00,17:07:10,stop_point:SP_4840,Jean Gay,22
2303385,17:08:00,17:08:10,stop_point:SP_4093,Tournefeuille Lycée,23
2303385,17:11:00,17:11:10,stop_point:SP_4800,Loti,24
2303385,17:12:00,17:12:10,stop_point:SP_4806,Prat Dessus,25
2303385,17:13:00,17:13:10,stop_point:SP_4801,Rivière - Basse,26
2303385,17:14:00,17:14:10,stop_point:SP_4803,Eglise Plaisance,27
2303385,17:16:00,17:16:10,stop_point:SP_1027,Plaisance Monestié,28
2303386,16:43:00,16:43:10,stop_point:SP_1754,Arènes,1
2303386,16:47:00,16:47:10,stop_point:SP_2002,Négogousses,2
2303386,16:48:00,16:48:10,stop_point:SP_2956,Hippodrome,3
2303386,16:50:00,16:50:10,stop_point:SP_3162,Brombach,4
2303386,16:52:00,16:52:10,stop_point:SP_2467,Pont Rocade,5
2303386,16:55:00,16:55:10,stop_point:SP_2210,Tissié,6
2303386,16:56:00,16:56:10,stop_point:SP_3729,Centre Aéré,7
2303386,16:58:00,16:58:10,stop_point:SP_1532,Eglise Lardenne,8
2303386,17:00:00,17:00:10,stop_point:SP_1846,Lardenne,9
2303386,17:02:00,17:02:10,stop_point:SP_3237,Montagné,10
2303386,17:03:00,17:03:10,stop_point:SP_3657,Briqueterie,11
2303386,17:05:00,17:05:10,stop_point:SP_396,St-Exupéry,12
2303386,17:07:00,17:07:10,stop_point:SP_3872,Ctre Cial Tournefeuille,13
2303386,17:08:00,17:08:10,stop_point:SP_2193,Montjoie,14
2303386,17:10:00,17:10:10,stop_point:SP_414,Tournefeuille Les Chênes,15
2303386,17:11:00,17:11:10,stop_point:SP_2921,Montel,16
2303386,17:13:00,17:13:10,stop_point:SP_1531,St-Pierre,17
2303386,17:14:00,17:14:10,stop_point:SP_2627,Périgord,18
2303386,17:16:00,17:16:10,stop_point:SP_3433,Alpilles,19
2303386,17:17:00,17:17:10,stop_point:SP_2379,Collège Labitrie,20
2303386,17:17:00,17:17:10,stop_point:SP_3740,Bordeneuve,21
2303386,17:18:00,17:18:10,stop_point:SP_4840,Jean Gay,22
2303386,17:19:00,17:19:10,stop_point:SP_4093,Tournefeuille Lycée,23
2303386,17:22:00,17:22:10,stop_point:SP_4800,Loti,24
2303386,17:23:00,17:23:10,stop_point:SP_4806,Prat Dessus,25
2303386,17:24:00,17:24:10,stop_point:SP_4801,Rivière - Basse,26
2303386,17:25:00,17:25:10,stop_point:SP_4803,Eglise Plaisance,27
2303386,17:27:00,17:27:10,stop_point:SP_1027,Plaisance Monestié,28
2303387,16:52:00,16:52:10,stop_point:SP_1754,Arènes,1
2303387,16:56:00,16:56:10,stop_point:SP_2002,Négogousses,2
2303387,16:57:00,16:57:10,stop_point:SP_2956,Hippodrome,3
2303387,16:59:00,16:59:10,stop_point:SP_3162,Brombach,4
2303387,17:01:00,17:01:10,stop_point:SP_2467,Pont Rocade,5
2303387,17:04:00,17:04:10,stop_point:SP_2210,Tissié,6
2303387,17:05:00,17:05:10,stop_point:SP_3729,Centre Aéré,7
2303387,17:07:00,17:07:10,stop_point:SP_1532,Eglise Lardenne,8
2303387,17:09:00,17:09:10,stop_point:SP_1846,Lardenne,9
2303387,17:11:00,17:11:10,stop_point:SP_3237,Montagné,10
2303387,17:12:00,17:12:10,stop_point:SP_3657,Briqueterie,11
2303387,17:14:00,17:14:10,stop_point:SP_396,St-Exupéry,12
2303387,17:16:00,17:16:10,stop_point:SP_3872,Ctre Cial Tournefeuille,13
2303387,17:17:00,17:17:10,stop_point:SP_2193,Montjoie,14
2303387,17:19:00,17:19:10,stop_point:SP_414,Tournefeuille Les Chênes,15
2303387,17:20:00,17:20:10,stop_point:SP_2921,Montel,16
2303387,17:22:00,17:22:10,stop_point:SP_1531,St-Pierre,17
2303387,17:23:00,17:23:10,stop_point:SP_2627,Périgord,18
2303387,17:25:00,17:25:10,stop_point:SP_3433,Alpilles,19
2303387,17:26:00,17:26:10,stop_point:SP_2379,Collège Labitrie,20
2303387,17:26:00,17:26:10,stop_point:SP_3740,Bordeneuve,21
2303387,17:27:00,17:27:10,stop_point:SP_4840,Jean Gay,22
2303387,17:28:00,17:28:10,stop_point:SP_4093,Tournefeuille Lycée,23
2303387,17:31:00,17:31:10,stop_point:SP_4800,Loti,24
2303387,17:32:00,17:32:10,stop_point:SP_4806,Prat Dessus,25
2303387,17:33:00,17:33:10,stop_point:SP_4801,Rivière - Basse,26
2303387,17:34:00,17:34:10,stop_point:SP_4803,Eglise Plaisance,27
2303387,17:36:00,17:36:10,stop_point:SP_1027,Plaisance Monestié,28
2303388,17:00:00,17:00:10,stop_point:SP_1754,Arènes,1
2303388,17:04:00,17:04:10,stop_point:SP_2002,Négogousses,2
2303388,17:05:00,17:05:10,stop_point:SP_2956,Hippodrome,3
2303388,17:07:00,17:07:10,stop_point:SP_3162,Brombach,4
2303388,17:09:00,17:09:10,stop_point:SP_2467,Pont Rocade,5
2303388,17:12:00,17:12:10,stop_point:SP_2210,Tissié,6
2303388,17:13:00,17:13:10,stop_point:SP_3729,Centre Aéré,7
2303388,17:15:00,17:15:10,stop_point:SP_1532,Eglise Lardenne,8
2303388,17:17:00,17:17:10,stop_point:SP_1846,Lardenne,9
2303388,17:19:00,17:19:10,stop_point:SP_3237,Montagné,10
2303388,17:20:00,17:20:10,stop_point:SP_3657,Briqueterie,11
2303388,17:22:00,17:22:10,stop_point:SP_396,St-Exupéry,12
2303388,17:25:00,17:25:10,stop_point:SP_3872,Ctre Cial Tournefeuille,13
2303388,17:26:00,17:26:10,stop_point:SP_2193,Montjoie,14
2303388,17:28:00,17:28:10,stop_point:SP_414,Tournefeuille Les Chênes,15
2303388,17:29:00,17:29:10,stop_point:SP_2921,Montel,16
2303388,17:31:00,17:31:10,stop_point:SP_1531,St-Pierre,17
2303388,17:32:00,17:32:10,stop_point:SP_2627,Périgord,18
2303388,17:34:00,17:34:10,stop_point:SP_3433,Alpilles,19
2303388,17:35:00,17:35:10,stop_point:SP_2379,Collège Labitrie,20
2303388,17:35:00,17:35:10,stop_point:SP_3740,Bordeneuve,21
2303388,17:36:00,17:36:10,stop_point:SP_4840,Jean Gay,22
2303388,17:37:00,17:37:10,stop_point:SP_4093,Tournefeuille Lycée,23
2303388,17:40:00,17:40:10,stop_point:SP_4800,Loti,24
2303388,17:41:00,17:41:10,stop_point:SP_4806,Prat Dessus,25
2303388,17:42:00,17:42:10,stop_point:SP_4801,Rivière - Basse,26
2303388,17:43:00,17:43:10,stop_point:SP_4803,Eglise Plaisance,27
2303388,17:45:00,17:45:10,stop_point:SP_1027,Plaisance Monestié,28
2303389,17:08:00,17:08:10,stop_point:SP_1754,Arènes,1
2303389,17:12:00,17:12:10,stop_point:SP_2002,Négogousses,2
2303389,17:13:00,17:13:10,stop_point:SP_2956,Hippodrome,3
2303389,17:15:00,17:15:10,stop_point:SP_3162,Brombach,4
2303389,17:17:00,17:17:10,stop_point:SP_2467,Pont Rocade,5
2303389,17:20:00,17:20:10,stop_point:SP_2210,Tissié,6
2303389,17:21:00,17:21:10,stop_point:SP_3729,Centre Aéré,7
2303389,17:23:00,17:23:10,stop_point:SP_1532,Eglise Lardenne,8
2303389,17:25:00,17:25:10,stop_point:SP_1846,Lardenne,9
2303389,17:27:00,17:27:10,stop_point:SP_3237,Montagné,10
2303389,17:28:00,17:28:10,stop_point:SP_3657,Briqueterie,11
2303389,17:30:00,17:30:10,stop_point:SP_396,St-Exupéry,12
2303389,17:33:00,17:33:10,stop_point:SP_3872,Ctre Cial Tournefeuille,13
2303389,17:34:00,17:34:10,stop_point:SP_2193,Montjoie,14
2303389,17:36:00,17:36:10,stop_point:SP_414,Tournefeuille Les Chênes,15
2303389,17:37:00,17:37:10,stop_point:SP_2921,Montel,16
2303389,17:39:00,17:39:10,stop_point:SP_1531,St-Pierre,17
2303389,17:40:00,17:40:10,stop_point:SP_2627,Périgord,18
2303389,17:42:00,17:42:10,stop_point:SP_3433,Alpilles,19
2303389,17:43:00,17:43:10,stop_point:SP_2379,Collège Labitrie,20
2303389,17:43:00,17:43:10,stop_point:SP_3740,Bordeneuve,21
2303389,17:44:00,17:44:10,stop_point:SP_4840,Jean Gay,22
2303389,17:45:00,17:45:10,stop_point:SP_4093,Tournefeuille Lycée,23
2303389,17:48:00,17:48:10,stop_point:SP_4800,Loti,24
2303389,17:49:00,17:49:10,stop_point:SP_4806,Prat Dessus,25
2303389,17:50:00,17:50:10,stop_point:SP_4801,Rivière - Basse,26
2303389,17:51:00,17:51:10,stop_point:SP_4803,Eglise Plaisance,27
2303389,17:53:00,17:53:10,stop_point:SP_1027,Plaisance Monestié,28
2303390,17:15:00,17:15:10,stop_point:SP_1754,Arènes,1
2303390,17:19:00,17:19:10,stop_point:SP_2002,Négogousses,2
2303390,17:20:00,17:20:10,stop_point:SP_2956,Hippodrome,3
2303390,17:22:00,17:22:10,stop_point:SP_3162,Brombach,4
2303390,17:24:00,17:24:10,stop_point:SP_2467,Pont Rocade,5
2303390,17:27:00,17:27:10,stop_point:SP_2210,Tissié,6
2303390,17:28:00,17:28:10,stop_point:SP_3729,Centre Aéré,7
2303390,17:30:00,17:30:10,stop_point:SP_1532,Eglise Lardenne,8
2303390,17:32:00,17:32:10,stop_point:SP_1846,Lardenne,9
2303390,17:35:00,17:35:10,stop_point:SP_3237,Montagné,10
2303390,17:36:00,17:36:10,stop_point:SP_3657,Briqueterie,11
2303390,17:38:00,17:38:10,stop_point:SP_396,St-Exupéry,12
2303390,17:41:00,17:41:10,stop_point:SP_3872,Ctre Cial Tournefeuille,13
2303390,17:42:00,17:42:10,stop_point:SP_2193,Montjoie,14
2303390,17:44:00,17:44:10,stop_point:SP_414,Tournefeuille Les Chênes,15
2303390,17:45:00,17:45:10,stop_point:SP_2921,Montel,16
2303390,17:47:00,17:47:10,stop_point:SP_1531,St-Pierre,17
2303390,17:48:00,17:48:10,stop_point:SP_2627,Périgord,18
2303390,17:50:00,17:50:10,stop_point:SP_3433,Alpilles,19
2303390,17:51:00,17:51:10,stop_point:SP_2379,Collège Labitrie,20
2303390,17:51:00,17:51:10,stop_point:SP_3740,Bordeneuve,21
2303390,17:52:00,17:52:10,stop_point:SP_4840,Jean Gay,22
2303390,17:53:00,17:53:10,stop_point:SP_4093,Tournefeuille Lycée,23
2303390,17:56:00,17:56:10,stop_point:SP_4800,Loti,24
2303390,17:57:00,17:57:10,stop_point:SP_4806,Prat Dessus,25
2303390,17:58:00,17:58:10,stop_point:SP_4801,Rivière - Basse,26
2303390,17:59:00,17:59:10,stop_point:SP_4803,Eglise Plaisance,27
2303390,18:01:00,18:01:10,stop_point:SP_1027,Plaisance Monestié,28
2303391,17:23:00,17:23:10,stop_point:SP_1754,Arènes,1
2303391,17:27:00,17:27:10,stop_point:SP_2002,Négogousses,2
2303391,17:28:00,17:28:10,stop_point:SP_2956,Hippodrome,3
2303391,17:30:00,17:30:10,stop_point:SP_3162,Brombach,4
2303391,17:32:00,17:32:10,stop_point:SP_2467,Pont Rocade,5
2303391,17:35:00,17:35:10,stop_point:SP_2210,Tissié,6
2303391,17:36:00,17:36:10,stop_point:SP_3729,Centre Aéré,7
2303391,17:38:00,17:38:10,stop_point:SP_1532,Eglise Lardenne,8
2303391,17:40:00,17:40:10,stop_point:SP_1846,Lardenne,9
2303391,17:43:00,17:43:10,stop_point:SP_3237,Montagné,10
2303391,17:44:00,17:44:10,stop_point:SP_3657,Briqueterie,11
2303391,17:46:00,17:46:10,stop_point:SP_396,St-Exupéry,12
2303391,17:49:00,17:49:10,stop_point:SP_3872,Ctre Cial Tournefeuille,13
2303391,17:50:00,17:50:10,stop_point:SP_2193,Montjoie,14
2303391,17:52:00,17:52:10,stop_point:SP_414,Tournefeuille Les Chênes,15
2303391,17:53:00,17:53:10,stop_point:SP_2921,Montel,16
2303391,17:55:00,17:55:10,stop_point:SP_1531,St-Pierre,17
2303391,17:56:00,17:56:10,stop_point:SP_2627,Périgord,18
2303391,17:58:00,17:58:10,stop_point:SP_3433,Alpilles,19
2303391,17:59:00,17:59:10,stop_point:SP_2379,Collège Labitrie,20
2303391,17:59:00,17:59:10,stop_point:SP_3740,Bordeneuve,21
2303391,18:00:00,18:00:10,stop_point:SP_4840,Jean Gay,22
2303391,18:01:00,18:01:10,stop_point:SP_4093,Tournefeuille Lycée,23
2303391,18:04:00,18:04:10,stop_point:SP_4800,Loti,24
2303391,18:05:00,18:05:10,stop_point:SP_4806,Prat Dessus,25
2303391,18:06:00,18:06:10,stop_point:SP_4801,Rivière - Basse,26
2303391,18:07:00,18:07:10,stop_point:SP_4803,Eglise Plaisance,27
2303391,18:09:00,18:09:10,stop_point:SP_1027,Plaisance Monestié,28
2303392,17:31:00,17:31:10,stop_point:SP_1754,Arènes,1
2303392,17:35:00,17:35:10,stop_point:SP_2002,Négogousses,2
2303392,17:36:00,17:36:10,stop_point:SP_2956,Hippodrome,3
2303392,17:38:00,17:38:10,stop_point:SP_3162,Brombach,4
2303392,17:40:00,17:40:10,stop_point:SP_2467,Pont Rocade,5
2303392,17:43:00,17:43:10,stop_point:SP_2210,Tissié,6
2303392,17:45:00,17:45:10,stop_point:SP_3729,Centre Aéré,7
2303392,17:47:00,17:47:10,stop_point:SP_1532,Eglise Lardenne,8
2303392,17:49:00,17:49:10,stop_point:SP_1846,Lardenne,9
2303392,17:52:00,17:52:10,stop_point:SP_3237,Montagné,10
2303392,17:53:00,17:53:10,stop_point:SP_3657,Briqueterie,11
2303392,17:55:00,17:55:10,stop_point:SP_396,St-Exupéry,12
2303392,17:58:00,17:58:10,stop_point:SP_3872,Ctre Cial Tournefeuille,13
2303392,17:59:00,17:59:10,stop_point:SP_2193,Montjoie,14
2303392,18:01:00,18:01:10,stop_point:SP_414,Tournefeuille Les Chênes,15
2303392,18:02:00,18:02:10,stop_point:SP_2921,Montel,16
2303392,18:04:00,18:04:10,stop_point:SP_1531,St-Pierre,17
2303392,18:05:00,18:05:10,stop_point:SP_2627,Périgord,18
2303392,18:07:00,18:07:10,stop_point:SP_3433,Alpilles,19
2303392,18:08:00,18:08:10,stop_point:SP_2379,Collège Labitrie,20
2303392,18:08:00,18:08:10,stop_point:SP_3740,Bordeneuve,21
2303392,18:09:00,18:09:10,stop_point:SP_4840,Jean Gay,22
2303392,18:10:00,18:10:10,stop_point:SP_4093,Tournefeuille Lycée,23
2303392,18:13:00,18:13:10,stop_point:SP_4800,Loti,24
2303392,18:14:00,18:14:10,stop_point:SP_4806,Prat Dessus,25
2303392,18:15:00,18:15:10,stop_point:SP_4801,Rivière - Basse,26
2303392,18:16:00,18:16:10,stop_point:SP_4803,Eglise Plaisance,27
2303392,18:18:00,18:18:10,stop_point:SP_1027,Plaisance Monestié,28
2303393,17:39:00,17:39:10,stop_point:SP_1754,Arènes,1
2303393,17:43:00,17:43:10,stop_point:SP_2002,Négogousses,2
2303393,17:44:00,17:44:10,stop_point:SP_2956,Hippodrome,3
2303393,17:46:00,17:46:10,stop_point:SP_3162,Brombach,4
2303393,17:48:00,17:48:10,stop_point:SP_2467,Pont Rocade,5
2303393,17:51:00,17:51:10,stop_point:SP_2210,Tissié,6
2303393,17:53:00,17:53:10,stop_point:SP_3729,Centre Aéré,7
2303393,17:55:00,17:55:10,stop_point:SP_1532,Eglise Lardenne,8
2303393,17:57:00,17:57:10,stop_point:SP_1846,Lardenne,9
2303393,18:00:00,18:00:10,stop_point:SP_3237,Montagné,10
2303393,18:01:00,18:01:10,stop_point:SP_3657,Briqueterie,11
2303393,18:03:00,18:03:10,stop_point:SP_396,St-Exupéry,12
2303393,18:06:00,18:06:10,stop_point:SP_3872,Ctre Cial Tournefeuille,13
2303393,18:07:00,18:07:10,stop_point:SP_2193,Montjoie,14
2303393,18:09:00,18:09:10,stop_point:SP_414,Tournefeuille Les Chênes,15
2303393,18:10:00,18:10:10,stop_point:SP_2921,Montel,16
2303393,18:12:00,18:12:10,stop_point:SP_1531,St-Pierre,17
2303393,18:13:00,18:13:10,stop_point:SP_2627,Périgord,18
2303393,18:15:00,18:15:10,stop_point:SP_3433,Alpilles,19
2303393,18:16:00,18:16:10,stop_point:SP_2379,Collège Labitrie,20
2303393,18:16:00,18:16:10,stop_point:SP_3740,Bordeneuve,21
2303393,18:17:00,18:17:10,stop_point:SP_4840,Jean Gay,22
2303393,18:18:00,18:18:10,stop_point:SP_4093,Tournefeuille Lycée,23
2303393,18:21:00,18:21:10,stop_point:SP_4800,Loti,24
2303393,18:22:00,18:22:10,stop_point:SP_4806,Prat Dessus,25
2303393,18:23:00,18:23:10,stop_point:SP_4801,Rivière - Basse,26
2303393,18:24:00,18:24:10,stop_point:SP_4803,Eglise Plaisance,27
2303393,18:26:00,18:26:10,stop_point:SP_1027,Plaisance Monestié,28
2303394,17:47:00,17:47:10,stop_point:SP_1754,Arènes,1
2303394,17:51:00,17:51:10,stop_point:SP_2002,Négogousses,2
2303394,17:52:00,17:52:10,stop_point:SP_2956,Hippodrome,3
2303394,17:54:00,17:54:10,stop_point:SP_3162,Brombach,4
2303394,17:56:00,17:56:10,stop_point:SP_2467,Pont Rocade,5
2303394,17:59:00,17:59:10,stop_point:SP_2210,Tissié,6
2303394,18:01:00,18:01:10,stop_point:SP_3729,Centre Aéré,7
2303394,18:03:00,18:03:10,stop_point:SP_1532,Eglise Lardenne,8
2303394,18:05:00,18:05:10,stop_point:SP_1846,Lardenne,9
2303394,18:08:00,18:08:10,stop_point:SP_3237,Montagné,10
2303394,18:09:00,18:09:10,stop_point:SP_3657,Briqueterie,11
2303394,18:11:00,18:11:10,stop_point:SP_396,St-Exupéry,12
2303394,18:14:00,18:14:10,stop_point:SP_3872,Ctre Cial Tournefeuille,13
2303394,18:15:00,18:15:10,stop_point:SP_2193,Montjoie,14
2303394,18:17:00,18:17:10,stop_point:SP_414,Tournefeuille Les Chênes,15
2303394,18:18:00,18:18:10,stop_point:SP_2921,Montel,16
2303394,18:20:00,18:20:10,stop_point:SP_1531,St-Pierre,17
2303394,18:21:00,18:21:10,stop_point:SP_2627,Périgord,18
2303394,18:22:00,18:22:10,stop_point:SP_3433,Alpilles,19
2303394,18:23:00,18:23:10,stop_point:SP_2379,Collège Labitrie,20
2303394,18:23:00,18:23:10,stop_point:SP_3740,Bordeneuve,21
2303394,18:24:00,18:24:10,stop_point:SP_4840,Jean Gay,22
2303394,18:25:00,18:25:10,stop_point:SP_4093,Tournefeuille Lycée,23
2303394,18:28:00,18:28:10,stop_point:SP_4800,Loti,24
2303394,18:29:00,18:29:10,stop_point:SP_4806,Prat Dessus,25
2303394,18:30:00,18:30:10,stop_point:SP_4801,Rivière - Basse,26
2303394,18:31:00,18:31:10,stop_point:SP_4803,Eglise Plaisance,27
2303394,18:33:00,18:33:10,stop_point:SP_1027,Plaisance Monestié,28
2303395,17:56:00,17:56:10,stop_point:SP_1754,Arènes,1
2303395,17:59:00,17:59:10,stop_point:SP_2002,Négogousses,2
2303395,18:01:00,18:01:10,stop_point:SP_2956,Hippodrome,3
2303395,18:03:00,18:03:10,stop_point:SP_3162,Brombach,4
2303395,18:04:00,18:04:10,stop_point:SP_2467,Pont Rocade,5
2303395,18:07:00,18:07:10,stop_point:SP_2210,Tissié,6
2303395,18:09:00,18:09:10,stop_point:SP_3729,Centre Aéré,7
2303395,18:11:00,18:11:10,stop_point:SP_1532,Eglise Lardenne,8
2303395,18:13:00,18:13:10,stop_point:SP_1846,Lardenne,9
2303395,18:15:00,18:15:10,stop_point:SP_3237,Montagné,10
2303395,18:16:00,18:16:10,stop_point:SP_3657,Briqueterie,11
2303395,18:18:00,18:18:10,stop_point:SP_396,St-Exupéry,12
2303395,18:21:00,18:21:10,stop_point:SP_3872,Ctre Cial Tournefeuille,13
2303395,18:22:00,18:22:10,stop_point:SP_2193,Montjoie,14
2303395,18:24:00,18:24:10,stop_point:SP_414,Tournefeuille Les Chênes,15
2303395,18:25:00,18:25:10,stop_point:SP_2921,Montel,16
2303395,18:27:00,18:27:10,stop_point:SP_1531,St-Pierre,17
2303395,18:28:00,18:28:10,stop_point:SP_2627,Périgord,18
2303395,18:29:00,18:29:10,stop_point:SP_3433,Alpilles,19
2303395,18:30:00,18:30:10,stop_point:SP_2379,Collège Labitrie,20
2303395,18:30:00,18:30:10,stop_point:SP_3740,Bordeneuve,21
2303395,18:31:00,18:31:10,stop_point:SP_4840,Jean Gay,22
2303395,18:32:00,18:32:10,stop_point:SP_4093,Tournefeuille Lycée,23
2303395,18:35:00,18:35:10,stop_point:SP_4800,Loti,24
2303395,18:36:00,18:36:10,stop_point:SP_4806,Prat Dessus,25
2303395,18:37:00,18:37:10,stop_point:SP_4801,Rivière - Basse,26
2303395,18:38:00,18:38:10,stop_point:SP_4803,Eglise Plaisance,27
2303395,18:40:00,18:40:10,stop_point:SP_1027,Plaisance Monestié,28
2303396,18:05:00,18:05:10,stop_point:SP_1754,Arènes,1
2303396,18:08:00,18:08:10,stop_point:SP_2002,Négogousses,2
2303396,18:10:00,18:10:10,stop_point:SP_2956,Hippodrome,3
2303396,18:12:00,18:12:10,stop_point:SP_3162,Brombach,4
2303396,18:13:00,18:13:10,stop_point:SP_2467,Pont Rocade,5
2303396,18:15:00,18:15:10,stop_point:SP_2210,Tissié,6
2303396,18:17:00,18:17:10,stop_point:SP_3729,Centre Aéré,7
2303396,18:18:00,18:18:10,stop_point:SP_1532,Eglise Lardenne,8
2303396,18:20:00,18:20:10,stop_point:SP_1846,Lardenne,9
2303396,18:22:00,18:22:10,stop_point:SP_3237,Montagné,10
2303396,18:23:00,18:23:10,stop_point:SP_3657,Briqueterie,11
2303396,18:25:00,18:25:10,stop_point:SP_396,St-Exupéry,12
2303396,18:27:00,18:27:10,stop_point:SP_3872,Ctre Cial Tournefeuille,13
2303396,18:28:00,18:28:10,stop_point:SP_2193,Montjoie,14
2303396,18:30:00,18:30:10,stop_point:SP_414,Tournefeuille Les Chênes,15
2303396,18:31:00,18:31:10,stop_point:SP_2921,Montel,16
2303396,18:33:00,18:33:10,stop_point:SP_1531,St-Pierre,17
2303396,18:34:00,18:34:10,stop_point:SP_2627,Périgord,18
2303396,18:35:00,18:35:10,stop_point:SP_3433,Alpilles,19
2303396,18:36:00,18:36:10,stop_point:SP_2379,Collège Labitrie,20
2303396,18:36:00,18:36:10,stop_point:SP_3740,Bordeneuve,21
2303396,18:37:00,18:37:10,stop_point:SP_4840,Jean Gay,22
2303396,18:38:00,18:38:10,stop_point:SP_4093,Tournefeuille Lycée,23
2303396,18:41:00,18:41:10,stop_point:SP_4800,Loti,24
2303396,18:42:00,18:42:10,stop_point:SP_4806,Prat Dessus,25
2303396,18:43:00,18:43:10,stop_point:SP_4801,Rivière - Basse,26
2303396,18:44:00,18:44:10,stop_point:SP_4803,Eglise Plaisance,27
2303396,18:46:00,18:46:10,stop_point:SP_1027,Plaisance Monestié,28
2303397,18:14:00,18:14:10,stop_point:SP_1754,Arènes,1
2303397,18:17:00,18:17:10,stop_point:SP_2002,Négogousses,2
2303397,18:19:00,18:19:10,stop_point:SP_2956,Hippodrome,3
2303397,18:21:00,18:21:10,stop_point:SP_3162,Brombach,4
2303397,18:22:00,18:22:10,stop_point:SP_2467,Pont Rocade,5
2303397,18:24:00,18:24:10,stop_point:SP_2210,Tissié,6
2303397,18:26:00,18:26:10,stop_point:SP_3729,Centre Aéré,7
2303397,18:27:00,18:27:10,stop_point:SP_1532,Eglise Lardenne,8
2303397,18:29:00,18:29:10,stop_point:SP_1846,Lardenne,9
2303397,18:31:00,18:31:10,stop_point:SP_3237,Montagné,10
2303397,18:32:00,18:32:10,stop_point:SP_3657,Briqueterie,11
2303397,18:34:00,18:34:10,stop_point:SP_396,St-Exupéry,12
2303397,18:36:00,18:36:10,stop_point:SP_3872,Ctre Cial Tournefeuille,13
2303397,18:37:00,18:37:10,stop_point:SP_2193,Montjoie,14
2303397,18:39:00,18:39:10,stop_point:SP_414,Tournefeuille Les Chênes,15
2303397,18:40:00,18:40:10,stop_point:SP_2921,Montel,16
2303397,18:42:00,18:42:10,stop_point:SP_1531,St-Pierre,17
2303397,18:43:00,18:43:10,stop_point:SP_2627,Périgord,18
2303397,18:44:00,18:44:10,stop_point:SP_3433,Alpilles,19
2303397,18:45:00,18:45:10,stop_point:SP_2379,Collège Labitrie,20
2303397,18:45:00,18:45:10,stop_point:SP_3740,Bordeneuve,21
2303397,18:46:00,18:46:10,stop_point:SP_4840,Jean Gay,22
2303397,18:47:00,18:47:10,stop_point:SP_4093,Tournefeuille Lycée,23
2303397,18:50:00,18:50:10,stop_point:SP_4800,Loti,24
2303397,18:51:00,18:51:10,stop_point:SP_4806,Prat Dessus,25
2303397,18:52:00,18:52:10,stop_point:SP_4801,Rivière - Basse,26
2303397,18:53:00,18:53:10,stop_point:SP_4803,Eglise Plaisance,27
2303397,18:55:00,18:55:10,stop_point:SP_1027,Plaisance Monestié,28
2303398,18:22:00,18:22:10,stop_point:SP_1754,Arènes,1
2303398,18:25:00,18:25:10,stop_point:SP_2002,Négogousses,2
2303398,18:27:00,18:27:10,stop_point:SP_2956,Hippodrome,3
2303398,18:29:00,18:29:10,stop_point:SP_3162,Brombach,4
2303398,18:30:00,18:30:10,stop_point:SP_2467,Pont Rocade,5
2303398,18:32:00,18:32:10,stop_point:SP_2210,Tissié,6
2303398,18:34:00,18:34:10,stop_point:SP_3729,Centre Aéré,7
2303398,18:35:00,18:35:10,stop_point:SP_1532,Eglise Lardenne,8
2303398,18:37:00,18:37:10,stop_point:SP_1846,Lardenne,9
2303398,18:39:00,18:39:10,stop_point:SP_3237,Montagné,10
2303398,18:40:00,18:40:10,stop_point:SP_3657,Briqueterie,11
2303398,18:42:00,18:42:10,stop_point:SP_396,St-Exupéry,12
2303398,18:44:00,18:44:10,stop_point:SP_3872,Ctre Cial Tournefeuille,13
2303398,18:45:00,18:45:10,stop_point:SP_2193,Montjoie,14
2303398,18:47:00,18:47:10,stop_point:SP_414,Tournefeuille Les Chênes,15
2303398,18:48:00,18:48:10,stop_point:SP_2921,Montel,16
2303398,18:50:00,18:50:10,stop_point:SP_1531,St-Pierre,17
2303398,18:51:00,18:51:10,stop_point:SP_2627,Périgord,18
2303398,18:52:00,18:52:10,stop_point:SP_3433,Alpilles,19
2303398,18:53:00,18:53:10,stop_point:SP_2379,Collège Labitrie,20
2303398,18:53:00,18:53:10,stop_point:SP_3740,Bordeneuve,21
2303398,18:54:00,18:54:10,stop_point:SP_4840,Jean Gay,22
2303398,18:55:00,18:55:10,stop_point:SP_4093,Tournefeuille Lycée,23
2303398,18:58:00,18:58:10,stop_point:SP_4800,Loti,24
2303398,18:59:00,18:59:10,stop_point:SP_4806,Prat Dessus,25
2303398,19:00:00,19:00:10,stop_point:SP_4801,Rivière - Basse,26
2303398,19:01:00,19:01:10,stop_point:SP_4803,Eglise Plaisance,27
2303398,19:03:00,19:03:10,stop_point:SP_1027,Plaisance Monestié,28
2303399,18:30:00,18:30:10,stop_point:SP_1754,Arènes,1
2303399,18:33:00,18:33:10,stop_point:SP_2002,Négogousses,2
2303399,18:34:00,18:34:10,stop_point:SP_2956,Hippodrome,3
2303399,18:36:00,18:36:10,stop_point:SP_3162,Brombach,4
2303399,18:37:00,18:37:10,stop_point:SP_2467,Pont Rocade,5
2303399,18:39:00,18:39:10,stop_point:SP_2210,Tissié,6
2303399,18:40:00,18:40:10,stop_point:SP_3729,Centre Aéré,7
2303399,18:42:00,18:42:10,stop_point:SP_1532,Eglise Lardenne,8
2303399,18:43:00,18:43:10,stop_point:SP_1846,Lardenne,9
2303399,18:45:00,18:45:10,stop_point:SP_3237,Montagné,10
2303399,18:46:00,18:46:10,stop_point:SP_3657,Briqueterie,11
2303399,18:48:00,18:48:10,stop_point:SP_396,St-Exupéry,12
2303399,18:50:00,18:50:10,stop_point:SP_3872,Ctre Cial Tournefeuille,13
2303399,18:51:00,18:51:10,stop_point:SP_2193,Montjoie,14
2303399,18:53:00,18:53:10,stop_point:SP_414,Tournefeuille Les Chênes,15
2303399,18:54:00,18:54:10,stop_point:SP_2921,Montel,16
2303399,18:56:00,18:56:10,stop_point:SP_1531,St-Pierre,17
2303399,18:57:00,18:57:10,stop_point:SP_2627,Périgord,18
2303399,18:58:00,18:58:10,stop_point:SP_3433,Alpilles,19
2303399,18:59:00,18:59:10,stop_point:SP_2379,Collège Labitrie,20
2303399,18:59:00,18:59:10,stop_point:SP_3740,Bordeneuve,21
2303399,19:00:00,19:00:10,stop_point:SP_4840,Jean Gay,22
2303399,19:01:00,19:01:10,stop_point:SP_4093,Tournefeuille Lycée,23
2303399,19:04:00,19:04:10,stop_point:SP_4800,Loti,24
2303399,19:05:00,19:05:10,stop_point:SP_4806,Prat Dessus,25
2303399,19:06:00,19:06:10,stop_point:SP_4801,Rivière - Basse,26
2303399,19:07:00,19:07:10,stop_point:SP_4803,Eglise Plaisance,27
2303399,19:09:00,19:09:10,stop_point:SP_1027,Plaisance Monestié,28
2303400,18:40:00,18:40:10,stop_point:SP_1754,Arènes,1
2303400,18:43:00,18:43:10,stop_point:SP_2002,Négogousses,2
2303400,18:44:00,18:44:10,stop_point:SP_2956,Hippodrome,3
2303400,18:46:00,18:46:10,stop_point:SP_3162,Brombach,4
2303400,18:47:00,18:47:10,stop_point:SP_2467,Pont Rocade,5
2303400,18:49:00,18:49:10,stop_point:SP_2210,Tissié,6
2303400,18:50:00,18:50:10,stop_point:SP_3729,Centre Aéré,7
2303400,18:52:00,18:52:10,stop_point:SP_1532,Eglise Lardenne,8
2303400,18:53:00,18:53:10,stop_point:SP_1846,Lardenne,9
2303400,18:55:00,18:55:10,stop_point:SP_3237,Montagné,10
2303400,18:56:00,18:56:10,stop_point:SP_3657,Briqueterie,11
2303400,18:58:00,18:58:10,stop_point:SP_396,St-Exupéry,12
2303400,19:00:00,19:00:10,stop_point:SP_3872,Ctre Cial Tournefeuille,13
2303400,19:01:00,19:01:10,stop_point:SP_2193,Montjoie,14
2303400,19:03:00,19:03:10,stop_point:SP_414,Tournefeuille Les Chênes,15
2303400,19:04:00,19:04:10,stop_point:SP_2921,Montel,16
2303400,19:06:00,19:06:10,stop_point:SP_1531,St-Pierre,17
2303400,19:07:00,19:07:10,stop_point:SP_2627,Périgord,18
2303400,19:08:00,19:08:10,stop_point:SP_3433,Alpilles,19
2303400,19:09:00,19:09:10,stop_point:SP_2379,Collège Labitrie,20
2303400,19:09:00,19:09:10,stop_point:SP_3740,Bordeneuve,21
2303400,19:10:00,19:10:10,stop_point:SP_4840,Jean Gay,22
2303400,19:11:00,19:11:10,stop_point:SP_4093,Tournefeuille Lycée,23
2303400,19:13:00,19:13:10,stop_point:SP_4800,Loti,24
2303400,19:14:00,19:14:10,stop_point:SP_4806,Prat Dessus,25
2303400,19:15:00,19:15:10,stop_point:SP_4801,Rivière - Basse,26
2303400,19:16:00,19:16:10,stop_point:SP_4803,Eglise Plaisance,27
2303400,19:18:00,19:18:10,stop_point:SP_1027,Plaisance Monestié,28
2303401,18:50:00,18:50:10,stop_point:SP_1754,Arènes,1
2303401,18:53:00,18:53:10,stop_point:SP_2002,Négogousses,2
2303401,18:54:00,18:54:10,stop_point:SP_2956,Hippodrome,3
2303401,18:56:00,18:56:10,stop_point:SP_3162,Brombach,4
2303401,18:57:00,18:57:10,stop_point:SP_2467,Pont Rocade,5
2303401,18:59:00,18:59:10,stop_point:SP_2210,Tissié,6
2303401,19:00:00,19:00:10,stop_point:SP_3729,Centre Aéré,7
2303401,19:02:00,19:02:10,stop_point:SP_1532,Eglise Lardenne,8
2303401,19:03:00,19:03:10,stop_point:SP_1846,Lardenne,9
2303401,19:05:00,19:05:10,stop_point:SP_3237,Montagné,10
2303401,19:06:00,19:06:10,stop_point:SP_3657,Briqueterie,11
2303401,19:08:00,19:08:10,stop_point:SP_396,St-Exupéry,12
2303401,19:10:00,19:10:10,stop_point:SP_3872,Ctre Cial Tournefeuille,13
2303401,19:11:00,19:11:10,stop_point:SP_2193,Montjoie,14
2303401,19:13:00,19:13:10,stop_point:SP_414,Tournefeuille Les Chênes,15
2303401,19:14:00,19:14:10,stop_point:SP_2921,Montel,16
2303401,19:16:00,19:16:10,stop_point:SP_1531,St-Pierre,17
2303401,19:17:00,19:17:10,stop_point:SP_2627,Périgord,18
2303401,19:18:00,19:18:10,stop_point:SP_3433,Alpilles,19
2303401,19:19:00,19:19:10,stop_point:SP_2379,Collège Labitrie,20
2303401,19:19:00,19:19:10,stop_point:SP_3740,Bordeneuve,21
2303401,19:20:00,19:20:10,stop_point:SP_4840,Jean Gay,22
2303401,19:21:00,19:21:10,stop_point:SP_4093,Tournefeuille Lycée,23
2303401,19:23:00,19:23:10,stop_point:SP_4800,Loti,24
2303401,19:24:00,19:24:10,stop_point:SP_4806,Prat Dessus,25
2303401,19:25:00,19:25:10,stop_point:SP_4801,Rivière - Basse,26
2303401,19:26:00,19:26:10,stop_point:SP_4803,Eglise Plaisance,27
2303401,19:28:00,19:28:10,stop_point:SP_1027,Plaisance Monestié,28
2303402,19:00:00,19:00:10,stop_point:SP_1754,Arènes,1
2303402,19:03:00,19:03:10,stop_point:SP_2002,Négogousses,2
2303402,19:04:00,19:04:10,stop_point:SP_2956,Hippodrome,3
2303402,19:06:00,19:06:10,stop_point:SP_3162,Brombach,4
2303402,19:07:00,19:07:10,stop_point:SP_2467,Pont Rocade,5
2303402,19:09:00,19:09:10,stop_point:SP_2210,Tissié,6
2303402,19:10:00,19:10:10,stop_point:SP_3729,Centre Aéré,7
2303402,19:11:00,19:11:10,stop_point:SP_1532,Eglise Lardenne,8
2303402,19:12:00,19:12:10,stop_point:SP_1846,Lardenne,9
2303402,19:14:00,19:14:10,stop_point:SP_3237,Montagné,10
2303402,19:15:00,19:15:10,stop_point:SP_3657,Briqueterie,11
2303402,19:16:00,19:16:10,stop_point:SP_396,St-Exupéry,12
2303402,19:18:00,19:18:10,stop_point:SP_3872,Ctre Cial Tournefeuille,13
2303402,19:19:00,19:19:10,stop_point:SP_2193,Montjoie,14
2303402,19:21:00,19:21:10,stop_point:SP_414,Tournefeuille Les Chênes,15
2303402,19:22:00,19:22:10,stop_point:SP_2921,Montel,16
2303402,19:24:00,19:24:10,stop_point:SP_1531,St-Pierre,17
2303402,19:25:00,19:25:10,stop_point:SP_2627,Périgord,18
2303402,19:26:00,19:26:10,stop_point:SP_3433,Alpilles,19
2303402,19:27:00,19:27:10,stop_point:SP_2379,Collège Labitrie,20
2303402,19:27:00,19:27:10,stop_point:SP_3740,Bordeneuve,21
2303402,19:28:00,19:28:10,stop_point:SP_4840,Jean Gay,22
2303402,19:29:00,19:29:10,stop_point:SP_4093,Tournefeuille Lycée,23
2303402,19:31:00,19:31:10,stop_point:SP_4800,Loti,24
2303402,19:32:00,19:32:10,stop_point:SP_4806,Prat Dessus,25
2303402,19:33:00,19:33:10,stop_point:SP_4801,Rivière - Basse,26
2303402,19:34:00,19:34:10,stop_point:SP_4803,Eglise Plaisance,27
2303402,19:36:00,19:36:10,stop_point:SP_1027,Plaisance Monestié,28
2303403,19:12:00,19:12:10,stop_point:SP_1754,Arènes,1
2303403,19:15:00,19:15:10,stop_point:SP_2002,Négogousses,2
2303403,19:16:00,19:16:10,stop_point:SP_2956,Hippodrome,3
2303403,19:18:00,19:18:10,stop_point:SP_3162,Brombach,4
2303403,19:19:00,19:19:10,stop_point:SP_2467,Pont Rocade,5
2303403,19:21:00,19:21:10,stop_point:SP_2210,Tissié,6
2303403,19:22:00,19:22:10,stop_point:SP_3729,Centre Aéré,7
2303403,19:23:00,19:23:10,stop_point:SP_1532,Eglise Lardenne,8
2303403,19:24:00,19:24:10,stop_point:SP_1846,Lardenne,9
2303403,19:25:00,19:25:10,stop_point:SP_3237,Montagné,10
2303403,19:26:00,19:26:10,stop_point:SP_3657,Briqueterie,11
2303403,19:27:00,19:27:10,stop_point:SP_396,St-Exupéry,12
2303403,19:29:00,19:29:10,stop_point:SP_3872,Ctre Cial Tournefeuille,13
2303403,19:30:00,19:30:10,stop_point:SP_2193,Montjoie,14
2303403,19:31:00,19:31:10,stop_point:SP_414,Tournefeuille Les Chênes,15
2303403,19:32:00,19:32:10,stop_point:SP_2921,Montel,16
2303403,19:34:00,19:34:10,stop_point:SP_1531,St-Pierre,17
2303403,19:35:00,19:35:10,stop_point:SP_2627,Périgord,18
2303403,19:36:00,19:36:10,stop_point:SP_3433,Alpilles,19
2303403,19:37:00,19:37:10,stop_point:SP_2379,Collège Labitrie,20
2303403,19:37:00,19:37:10,stop_point:SP_3740,Bordeneuve,21
2303403,19:38:00,19:38:10,stop_point:SP_4840,Jean Gay,22
2303403,19:39:00,19:39:10,stop_point:SP_4093,Tournefeuille Lycée,23
2303403,19:41:00,19:41:10,stop_point:SP_4800,Loti,24
2303403,19:42:00,19:42:10,stop_point:SP_4806,Prat Dessus,25
2303403,19:43:00,19:43:10,stop_point:SP_4801,Rivière - Basse,26
2303403,19:44:00,19:44:10,stop_point:SP_4803,Eglise Plaisance,27
2303403,19:46:00,19:46:10,stop_point:SP_1027,Plaisance Monestié,28
2303404,19:25:00,19:25:10,stop_point:SP_1754,Arènes,1
2303404,19:28:00,19:28:10,stop_point:SP_2002,Négogousses,2
2303404,19:29:00,19:29:10,stop_point:SP_2956,Hippodrome,3
2303404,19:31:00,19:31:10,stop_point:SP_3162,Brombach,4
2303404,19:32:00,19:32:10,stop_point:SP_2467,Pont Rocade,5
2303404,19:34:00,19:34:10,stop_point:SP_2210,Tissié,6
2303404,19:35:00,19:35:10,stop_point:SP_3729,Centre Aéré,7
2303404,19:36:00,19:36:10,stop_point:SP_1532,Eglise Lardenne,8
2303404,19:37:00,19:37:10,stop_point:SP_1846,Lardenne,9
2303404,19:38:00,19:38:10,stop_point:SP_3237,Montagné,10
2303404,19:39:00,19:39:10,stop_point:SP_3657,Briqueterie,11
2303404,19:40:00,19:40:10,stop_point:SP_396,St-Exupéry,12
2303404,19:42:00,19:42:10,stop_point:SP_3872,Ctre Cial Tournefeuille,13
2303404,19:43:00,19:43:10,stop_point:SP_2193,Montjoie,14
2303404,19:44:00,19:44:10,stop_point:SP_414,Tournefeuille Les Chênes,15
2303404,19:45:00,19:45:10,stop_point:SP_2921,Montel,16
2303404,19:47:00,19:47:10,stop_point:SP_1531,St-Pierre,17
2303404,19:48:00,19:48:10,stop_point:SP_2627,Périgord,18
2303404,19:49:00,19:49:10,stop_point:SP_3433,Alpilles,19
2303404,19:50:00,19:50:10,stop_point:SP_2379,Collège Labitrie,20
2303404,19:50:00,19:50:10,stop_point:SP_3740,Bordeneuve,21
2303404,19:51:00,19:51:10,stop_point:SP_4840,Jean Gay,22
2303404,19:52:00,19:52:10,stop_point:SP_4093,Tournefeuille Lycée,23
2303404,19:54:00,19:54:10,stop_point:SP_4800,Loti,24
2303404,19:55:00,19:55:10,stop_point:SP_4806,Prat Dessus,25
2303404,19:56:00,19:56:10,stop_point:SP_4801,Rivière - Basse,26
2303404,19:57:00,19:57:10,stop_point:SP_4803,Eglise Plaisance,27
2303404,19:59:00,19:59:10,stop_point:SP_1027,Plaisance Monestié,28
2303405,19:38:00,19:38:10,stop_point:SP_1754,Arènes,1
2303405,19:41:00,19:41:10,stop_point:SP_2002,Négogousses,2
2303405,19:42:00,19:42:10,stop_point:SP_2956,Hippodrome,3
2303405,19:43:00,19:43:10,stop_point:SP_3162,Brombach,4
2303405,19:44:00,19:44:10,stop_point:SP_2467,Pont Rocade,5
2303405,19:46:00,19:46:10,stop_point:SP_2210,Tissié,6
2303405,19:47:00,19:47:10,stop_point:SP_3729,Centre Aéré,7
2303405,19:48:00,19:48:10,stop_point:SP_1532,Eglise Lardenne,8
2303405,19:49:00,19:49:10,stop_point:SP_1846,Lardenne,9
2303405,19:50:00,19:50:10,stop_point:SP_3237,Montagné,10
2303405,19:51:00,19:51:10,stop_point:SP_3657,Briqueterie,11
2303405,19:52:00,19:52:10,stop_point:SP_396,St-Exupéry,12
2303405,19:54:00,19:54:10,stop_point:SP_3872,Ctre Cial Tournefeuille,13
2303405,19:55:00,19:55:10,stop_point:SP_2193,Montjoie,14
2303405,19:56:00,19:56:10,stop_point:SP_414,Tournefeuille Les Chênes,15
2303405,19:57:00,19:57:10,stop_point:SP_2921,Montel,16
2303405,19:59:00,19:59:10,stop_point:SP_1531,St-Pierre,17
2303405,20:00:00,20:00:10,stop_point:SP_2627,Périgord,18
2303405,20:01:00,20:01:10,stop_point:SP_3433,Alpilles,19
2303405,20:02:00,20:02:10,stop_point:SP_2379,Collège Labitrie,20
2303405,20:02:00,20:02:10,stop_point:SP_3740,Bordeneuve,21
2303405,20:03:00,20:03:10,stop_point:SP_4840,Jean Gay,22
2303405,20:04:00,20:04:10,stop_point:SP_4093,Tournefeuille Lycée,23
2303405,20:06:00,20:06:10,stop_point:SP_4800,Loti,24
2303405,20:07:00,20:07:10,stop_point:SP_4806,Prat Dessus,25
2303405,20:08:00,20:08:10,stop_point:SP_4801,Rivière - Basse,26
2303405,20:09:00,20:09:10,stop_point:SP_4803,Eglise Plaisance,27
2303405,20:11:00,20:11:10,stop_point:SP_1027,Plaisance Monestié,28
2303406,19:51:00,19:51:10,stop_point:SP_1754,Arènes,1
2303406,19:54:00,19:54:10,stop_point:SP_2002,Négogousses,2
2303406,19:55:00,19:55:10,stop_point:SP_2956,Hippodrome,3
2303406,19:56:00,19:56:10,stop_point:SP_3162,Brombach,4
2303406,19:57:00,19:57:10,stop_point:SP_2467,Pont Rocade,5
2303406,19:59:00,19:59:10,stop_point:SP_2210,Tissié,6
2303406,20:00:00,20:00:10,stop_point:SP_3729,Centre Aéré,7
2303406,20:01:00,20:01:10,stop_point:SP_1532,Eglise Lardenne,8
2303406,20:02:00,20:02:10,stop_point:SP_1846,Lardenne,9
2303406,20:03:00,20:03:10,stop_point:SP_3237,Montagné,10
2303406,20:04:00,20:04:10,stop_point:SP_3657,Briqueterie,11
2303406,20:05:00,20:05:10,stop_point:SP_396,St-Exupéry,12
2303406,20:06:00,20:06:10,stop_point:SP_3872,Ctre Cial Tournefeuille,13
2303406,20:07:00,20:07:10,stop_point:SP_2193,Montjoie,14
2303406,20:08:00,20:08:10,stop_point:SP_414,Tournefeuille Les Chênes,15
2303406,20:09:00,20:09:10,stop_point:SP_2921,Montel,16
2303406,20:11:00,20:11:10,stop_point:SP_1531,St-Pierre,17
2303406,20:12:00,20:12:10,stop_point:SP_2627,Périgord,18
2303406,20:13:00,20:13:10,stop_point:SP_3433,Alpilles,19
2303406,20:14:00,20:14:10,stop_point:SP_2379,Collège Labitrie,20
2303406,20:14:00,20:14:10,stop_point:SP_3740,Bordeneuve,21
2303406,20:15:00,20:15:10,stop_point:SP_4840,Jean Gay,22
2303406,20:16:00,20:16:10,stop_point:SP_4093,Tournefeuille Lycée,23
2303406,20:18:00,20:18:10,stop_point:SP_4800,Loti,24
2303406,20:19:00,20:19:10,stop_point:SP_4806,Prat Dessus,25
2303406,20:20:00,20:20:10,stop_point:SP_4801,Rivière - Basse,26
2303406,20:21:00,20:21:10,stop_point:SP_4803,Eglise Plaisance,27
2303406,20:23:00,20:23:10,stop_point:SP_1027,Plaisance Monestié,28
2303407,20:10:00,20:10:10,stop_point:SP_1754,Arènes,1
2303407,20:12:00,20:12:10,stop_point:SP_2002,Négogousses,2
2303407,20:13:00,20:13:10,stop_point:SP_2956,Hippodrome,3
2303407,20:14:00,20:14:10,stop_point:SP_3162,Brombach,4
2303407,20:15:00,20:15:10,stop_point:SP_2467,Pont Rocade,5
2303407,20:17:00,20:17:10,stop_point:SP_2210,Tissié,6
2303407,20:18:00,20:18:10,stop_point:SP_3729,Centre Aéré,7
2303407,20:19:00,20:19:10,stop_point:SP_1532,Eglise Lardenne,8
2303407,20:20:00,20:20:10,stop_point:SP_1846,Lardenne,9
2303407,20:21:00,20:21:10,stop_point:SP_3237,Montagné,10
2303407,20:22:00,20:22:10,stop_point:SP_3657,Briqueterie,11
2303407,20:23:00,20:23:10,stop_point:SP_396,St-Exupéry,12
2303407,20:24:00,20:24:10,stop_point:SP_3872,Ctre Cial Tournefeuille,13
2303407,20:25:00,20:25:10,stop_point:SP_2193,Montjoie,14
2303407,20:26:00,20:26:10,stop_point:SP_414,Tournefeuille Les Chênes,15
2303407,20:27:00,20:27:10,stop_point:SP_2921,Montel,16
2303407,20:28:00,20:28:10,stop_point:SP_1531,St-Pierre,17
2303407,20:29:00,20:29:10,stop_point:SP_2627,Périgord,18
2303407,20:30:00,20:30:10,stop_point:SP_3433,Alpilles,19
2303407,20:31:00,20:31:10,stop_point:SP_2379,Collège Labitrie,20
2303407,20:31:00,20:31:10,stop_point:SP_3740,Bordeneuve,21
2303407,20:32:00,20:32:10,stop_point:SP_4840,Jean Gay,22
2303407,20:33:00,20:33:10,stop_point:SP_4093,Tournefeuille Lycée,23
2303407,20:35:00,20:35:10,stop_point:SP_4800,Loti,24
2303407,20:36:00,20:36:10,stop_point:SP_4806,Prat Dessus,25
2303407,20:37:00,20:37:10,stop_point:SP_4801,Rivière - Basse,26
2303407,20:38:00,20:38:10,stop_point:SP_4803,Eglise Plaisance,27
2303407,20:40:00,20:40:10,stop_point:SP_1027,Plaisance Monestié,28
2303408,20:32:00,20:32:10,stop_point:SP_1754,Arènes,1
2303408,20:34:00,20:34:10,stop_point:SP_2002,Négogousses,2
2303408,20:35:00,20:35:10,stop_point:SP_2956,Hippodrome,3
2303408,20:36:00,20:36:10,stop_point:SP_3162,Brombach,4
2303408,20:37:00,20:37:10,stop_point:SP_2467,Pont Rocade,5
2303408,20:39:00,20:39:10,stop_point:SP_2210,Tissié,6
2303408,20:40:00,20:40:10,stop_point:SP_3729,Centre Aéré,7
2303408,20:41:00,20:41:10,stop_point:SP_1532,Eglise Lardenne,8
2303408,20:42:00,20:42:10,stop_point:SP_1846,Lardenne,9
2303408,20:43:00,20:43:10,stop_point:SP_3237,Montagné,10
2303408,20:44:00,20:44:10,stop_point:SP_3657,Briqueterie,11
2303408,20:45:00,20:45:10,stop_point:SP_396,St-Exupéry,12
2303408,20:46:00,20:46:10,stop_point:SP_3872,Ctre Cial Tournefeuille,13
2303408,20:47:00,20:47:10,stop_point:SP_2193,Montjoie,14
2303408,20:48:00,20:48:10,stop_point:SP_414,Tournefeuille Les Chênes,15
2303408,20:49:00,20:49:10,stop_point:SP_2921,Montel,16
2303408,20:50:00,20:50:10,stop_point:SP_1531,St-Pierre,17
2303408,20:51:00,20:51:10,stop_point:SP_2627,Périgord,18
2303408,20:52:00,20:52:10,stop_point:SP_3433,Alpilles,19
2303408,20:53:00,20:53:10,stop_point:SP_2379,Collège Labitrie,20
2303408,20:53:00,20:53:10,stop_point:SP_3740,Bordeneuve,21
2303408,20:54:00,20:54:10,stop_point:SP_4840,Jean Gay,22
2303408,20:55:00,20:55:10,stop_point:SP_4093,Tournefeuille Lycée,23
2303408,20:57:00,20:57:10,stop_point:SP_4800,Loti,24
2303408,20:58:00,20:58:10,stop_point:SP_4806,Prat Dessus,25
2303408,20:59:00,20:59:10,stop_point:SP_4801,Rivière - Basse,26
2303408,21:00:00,21:00:10,stop_point:SP_4803,Eglise Plaisance,27
2303408,21:02:00,21:02:10,stop_point:SP_1027,Plaisance Monestié,28
2303409,21:05:00,21:05:10,stop_point:SP_1754,Arènes,1
2303409,21:07:00,21:07:10,stop_point:SP_2002,Négogousses,2
2303409,21:08:00,21:08:10,stop_point:SP_2956,Hippodrome,3
2303409,21:09:00,21:09:10,stop_point:SP_3162,Brombach,4
2303409,21:10:00,21:10:10,stop_point:SP_2467,Pont Rocade,5
2303409,21:12:00,21:12:10,stop_point:SP_2210,Tissié,6
2303409,21:13:00,21:13:10,stop_point:SP_3729,Centre Aéré,7
2303409,21:14:00,21:14:10,stop_point:SP_1532,Eglise Lardenne,8
2303409,21:15:00,21:15:10,stop_point:SP_1846,Lardenne,9
2303409,21:16:00,21:16:10,stop_point:SP_3237,Montagné,10
2303409,21:17:00,21:17:10,stop_point:SP_3657,Briqueterie,11
2303409,21:18:00,21:18:10,stop_point:SP_396,St-Exupéry,12
2303409,21:19:00,21:19:10,stop_point:SP_3872,Ctre Cial Tournefeuille,13
2303409,21:20:00,21:20:10,stop_point:SP_2193,Montjoie,14
2303409,21:21:00,21:21:10,stop_point:SP_414,Tournefeuille Les Chênes,15
2303409,21:22:00,21:22:10,stop_point:SP_2921,Montel,16
2303409,21:23:00,21:23:10,stop_point:SP_1531,St-Pierre,17
2303409,21:24:00,21:24:10,stop_point:SP_2627,Périgord,18
2303409,21:25:00,21:25:10,stop_point:SP_3433,Alpilles,19
2303409,21:26:00,21:26:10,stop_point:SP_2379,Collège Labitrie,20
2303409,21:26:00,21:26:10,stop_point:SP_3740,Bordeneuve,21
2303409,21:27:00,21:27:10,stop_point:SP_4840,Jean Gay,22
2303409,21:28:00,21:28:10,stop_point:SP_4093,Tournefeuille Lycée,23
2303409,21:30:00,21:30:10,stop_point:SP_4800,Loti,24
2303409,21:31:00,21:31:10,stop_point:SP_4806,Prat Dessus,25
2303409,21:32:00,21:32:10,stop_point:SP_4801,Rivière - Basse,26
2303409,21:33:00,21:33:10,stop_point:SP_4803,Eglise Plaisance,27
2303409,21:34:00,21:34:10,stop_point:SP_1027,Plaisance Monestié,28
2303410,21:35:00,21:35:10,stop_point:SP_1754,Arènes,1
2303410,21:37:00,21:37:10,stop_point:SP_2002,Négogousses,2
2303410,21:38:00,21:38:10,stop_point:SP_2956,Hippodrome,3
2303410,21:39:00,21:39:10,stop_point:SP_3162,Brombach,4
2303410,21:40:00,21:40:10,stop_point:SP_2467,Pont Rocade,5
2303410,21:41:00,21:41:10,stop_point:SP_2210,Tissié,6
2303410,21:42:00,21:42:10,stop_point:SP_3729,Centre Aéré,7
2303410,21:43:00,21:43:10,stop_point:SP_1532,Eglise Lardenne,8
2303410,21:44:00,21:44:10,stop_point:SP_1846,Lardenne,9
2303410,21:45:00,21:45:10,stop_point:SP_3237,Montagné,10
2303410,21:46:00,21:46:10,stop_point:SP_3657,Briqueterie,11
2303410,21:47:00,21:47:10,stop_point:SP_396,St-Exupéry,12
2303410,21:48:00,21:48:10,stop_point:SP_3872,Ctre Cial Tournefeuille,13
2303410,21:49:00,21:49:10,stop_point:SP_2193,Montjoie,14
2303410,21:50:00,21:50:10,stop_point:SP_414,Tournefeuille Les Chênes,15
2303410,21:51:00,21:51:10,stop_point:SP_2921,Montel,16
2303410,21:52:00,21:52:10,stop_point:SP_1531,St-Pierre,17
2303410,21:53:00,21:53:10,stop_point:SP_2627,Périgord,18
2303410,21:54:00,21:54:10,stop_point:SP_3433,Alpilles,19
2303410,21:55:00,21:55:10,stop_point:SP_2379,Collège Labitrie,20
2303410,21:55:00,21:55:10,stop_point:SP_3740,Bordeneuve,21
2303410,21:56:00,21:56:10,stop_point:SP_4840,Jean Gay,22
2303410,21:57:00,21:57:10,stop_point:SP_4093,Tournefeuille Lycée,23
2303410,21:59:00,21:59:10,stop_point:SP_4800,Loti,24
2303410,22:00:00,22:00:10,stop_point:SP_4806,Prat Dessus,25
2303410,22:01:00,22:01:10,stop_point:SP_4801,Rivière - Basse,26
2303410,22:02:00,22:02:10,stop_point:SP_4803,Eglise Plaisance,27
2303410,22:03:00,22:03:10,stop_point:SP_1027,Plaisance Monestié,28
2303411,22:05:00,22:05:10,stop_point:SP_1754,Arènes,1
2303411,22:07:00,22:07:10,stop_point:SP_2002,Négogousses,2
2303411,22:08:00,22:08:10,stop_point:SP_2956,Hippodrome,3
2303411,22:09:00,22:09:10,stop_point:SP_3162,Brombach,4
2303411,22:10:00,22:10:10,stop_point:SP_2467,Pont Rocade,5
2303411,22:11:00,22:11:10,stop_point:SP_2210,Tissié,6
2303411,22:12:00,22:12:10,stop_point:SP_3729,Centre Aéré,7
2303411,22:13:00,22:13:10,stop_point:SP_1532,Eglise Lardenne,8
2303411,22:14:00,22:14:10,stop_point:SP_1846,Lardenne,9
2303411,22:15:00,22:15:10,stop_point:SP_3237,Montagné,10
2303411,22:16:00,22:16:10,stop_point:SP_3657,Briqueterie,11
2303411,22:17:00,22:17:10,stop_point:SP_396,St-Exupéry,12
2303411,22:18:00,22:18:10,stop_point:SP_3872,Ctre Cial Tournefeuille,13
2303411,22:19:00,22:19:10,stop_point:SP_2193,Montjoie,14
2303411,22:20:00,22:20:10,stop_point:SP_414,Tournefeuille Les Chênes,15
2303411,22:21:00,22:21:10,stop_point:SP_2921,Montel,16
2303411,22:22:00,22:22:10,stop_point:SP_1531,St-Pierre,17
2303411,22:23:00,22:23:10,stop_point:SP_2627,Périgord,18
2303411,22:24:00,22:24:10,stop_point:SP_3433,Alpilles,19
2303411,22:25:00,22:25:10,stop_point:SP_2379,Collège Labitrie,20
2303411,22:25:00,22:25:10,stop_point:SP_3740,Bordeneuve,21
2303411,22:26:00,22:26:10,stop_point:SP_4840,Jean Gay,22
2303411,22:27:00,22:27:10,stop_point:SP_4093,Tournefeuille Lycée,23
2303411,22:29:00,22:29:10,stop_point:SP_4800,Loti,24
2303411,22:30:00,22:30:10,stop_point:SP_4806,Prat Dessus,25
2303411,22:31:00,22:31:10,stop_point:SP_4801,Rivière - Basse,26
2303411,22:32:00,22:32:10,stop_point:SP_4803,Eglise Plaisance,27
2303411,22:33:00,22:33:10,stop_point:SP_1027,Plaisance Monestié,28
2303412,22:35:00,22:35:10,stop_point:SP_1754,Arènes,1
2303412,22:37:00,22:37:10,stop_point:SP_2002,Négogousses,2
2303412,22:37:00,22:37:10,stop_point:SP_2956,Hippodrome,3
2303412,22:38:00,22:38:10,stop_point:SP_3162,Brombach,4
2303412,22:39:00,22:39:10,stop_point:SP_2467,Pont Rocade,5
2303412,22:40:00,22:40:10,stop_point:SP_2210,Tissié,6
2303412,22:41:00,22:41:10,stop_point:SP_3729,Centre Aéré,7
2303412,22:42:00,22:42:10,stop_point:SP_1532,Eglise Lardenne,8
2303412,22:43:00,22:43:10,stop_point:SP_1846,Lardenne,9
2303412,22:44:00,22:44:10,stop_point:SP_3237,Montagné,10
2303412,22:45:00,22:45:10,stop_point:SP_3657,Briqueterie,11
2303412,22:46:00,22:46:10,stop_point:SP_396,St-Exupéry,12
2303412,22:47:00,22:47:10,stop_point:SP_3872,Ctre Cial Tournefeuille,13
2303412,22:48:00,22:48:10,stop_point:SP_2193,Montjoie,14
2303412,22:49:00,22:49:10,stop_point:SP_414,Tournefeuille Les Chênes,15
2303412,22:50:00,22:50:10,stop_point:SP_2921,Montel,16
2303412,22:51:00,22:51:10,stop_point:SP_1531,St-Pierre,17
2303412,22:52:00,22:52:10,stop_point:SP_2627,Périgord,18
2303412,22:53:00,22:53:10,stop_point:SP_3433,Alpilles,19
2303412,22:54:00,22:54:10,stop_point:SP_2379,Collège Labitrie,20
2303412,22:54:00,22:54:10,stop_point:SP_3740,Bordeneuve,21
2303412,22:55:00,22:55:10,stop_point:SP_4840,Jean Gay,22
2303412,22:56:00,22:56:10,stop_point:SP_4093,Tournefeuille Lycée,23
2303412,22:58:00,22:58:10,stop_point:SP_4800,Loti,24
2303412,22:59:00,22:59:10,stop_point:SP_4806,Prat Dessus,25
2303412,23:00:00,23:00:10,stop_point:SP_4801,Rivière - Basse,26
2303412,23:01:00,23:01:10,stop_point:SP_4803,Eglise Plaisance,27
2303412,23:02:00,23:02:10,stop_point:SP_1027,Plaisance Monestié,28
2303413,23:05:00,23:05:10,stop_point:SP_1754,Arènes,1
2303413,23:07:00,23:07:10,stop_point:SP_2002,Négogousses,2
2303413,23:07:00,23:07:10,stop_point:SP_2956,Hippodrome,3
2303413,23:08:00,23:08:10,stop_point:SP_3162,Brombach,4
2303413,23:09:00,23:09:10,stop_point:SP_2467,Pont Rocade,5
2303413,23:10:00,23:10:10,stop_point:SP_2210,Tissié,6
2303413,23:11:00,23:11:10,stop_point:SP_3729,Centre Aéré,7
2303413,23:12:00,23:12:10,stop_point:SP_1532,Eglise Lardenne,8
2303413,23:13:00,23:13:10,stop_point:SP_1846,Lardenne,9
2303413,23:14:00,23:14:10,stop_point:SP_3237,Montagné,10
2303413,23:15:00,23:15:10,stop_point:SP_3657,Briqueterie,11
2303413,23:16:00,23:16:10,stop_point:SP_396,St-Exupéry,12
2303413,23:17:00,23:17:10,stop_point:SP_3872,Ctre Cial Tournefeuille,13
2303413,23:18:00,23:18:10,stop_point:SP_2193,Montjoie,14
2303413,23:19:00,23:19:10,stop_point:SP_414,Tournefeuille Les Chênes,15
2303413,23:20:00,23:20:10,stop_point:SP_2921,Montel,16
2303413,23:21:00,23:21:10,stop_point:SP_1531,St-Pierre,17
2303413,23:21:00,23:21:10,stop_point:SP_2627,Périgord,18
2303413,23:22:00,23:22:10,stop_point:SP_3433,Alpilles,19
2303413,23:23:00,23:23:10,stop_point:SP_2379,Collège Labitrie,20
2303413,23:23:00,23:23:10,stop_point:SP_3740,Bordeneuve,21
2303413,23:24:00,23:24:10,stop_point:SP_4840,Jean Gay,22
2303413,23:25:00,23:25:10,stop_point:SP_4093,Tournefeuille Lycée,23
2303413,23:27:00,23:27:10,stop_point:SP_4800,Loti,24
2303413,23:28:00,23:28:10,stop_point:SP_4806,Prat Dessus,25
2303413,23:29:00,23:29:10,stop_point:SP_4801,Rivière - Basse,26
2303413,23:30:00,23:30:10,stop_point:SP_4803,Eglise Plaisance,27
2303413,23:31:00,23:31:10,stop_point:SP_1027,Plaisance Monestié,28
2303414,23:35:00,23:35:10,stop_point:SP_1754,Arènes,1
2303414,23:37:00,23:37:10,stop_point:SP_2002,Négogousses,2
2303414,23:37:00,23:37:10,stop_point:SP_2956,Hippodrome,3
2303414,23:38:00,23:38:10,stop_point:SP_3162,Brombach,4
2303414,23:39:00,23:39:10,stop_point:SP_2467,Pont Rocade,5
2303414,23:40:00,23:40:10,stop_point:SP_2210,Tissié,6
2303414,23:41:00,23:41:10,stop_point:SP_3729,Centre Aéré,7
2303414,23:42:00,23:42:10,stop_point:SP_1532,Eglise Lardenne,8
2303414,23:43:00,23:43:10,stop_point:SP_1846,Lardenne,9
2303414,23:44:00,23:44:10,stop_point:SP_3237,Montagné,10
2303414,23:45:00,23:45:10,stop_point:SP_3657,Briqueterie,11
2303414,23:46:00,23:46:10,stop_point:SP_396,St-Exupéry,12
2303414,23:47:00,23:47:10,stop_point:SP_3872,Ctre Cial Tournefeuille,13
2303414,23:48:00,23:48:10,stop_point:SP_2193,Montjoie,14
2303414,23:49:00,23:49:10,stop_point:SP_414,Tournefeuille Les Chênes,15
2303414,23:50:00,23:50:10,stop_point:SP_2921,Montel,16
2303414,23:51:00,23:51:10,stop_point:SP_1531,St-Pierre,17
2303414,23:51:00,23:51:10,stop_point:SP_2627,Périgord,18
2303414,23:52:00,23:52:10,stop_point:SP_3433,Alpilles,19
2303414,23:53:00,23:53:10,stop_point:SP_2379,Collège Labitrie,20
2303414,23:53:00,23:53:10,stop_point:SP_3740,Bordeneuve,21
2303414,23:54:00,23:54:10,stop_point:SP_4840,Jean Gay,22
2303414,23:55:00,23:55:10,stop_point:SP_4093,Tournefeuille Lycée,23
2303414,23:57:00,23:57:10,stop_point:SP_4800,Loti,24
2303414,23:58:00,23:58:10,stop_point:SP_4806,Prat Dessus,25
2303414,23:59:00,23:59:10,stop_point:SP_4801,Rivière - Basse,26
2303414,24:00:00,24:00:10,stop_point:SP_4803,Eglise Plaisance,27
2303414,24:01:00,24:01:10,stop_point:SP_1027,Plaisance Monestié,28
2303415,24:05:00,24:05:10,stop_point:SP_1754,Arènes,1
2303415,24:07:00,24:07:10,stop_point:SP_2002,Négogousses,2
2303415,24:07:00,24:07:10,stop_point:SP_2956,Hippodrome,3
2303415,24:08:00,24:08:10,stop_point:SP_3162,Brombach,4
2303415,24:09:00,24:09:10,stop_point:SP_2467,Pont Rocade,5
2303415,24:10:00,24:10:10,stop_point:SP_2210,Tissié,6
2303415,24:11:00,24:11:10,stop_point:SP_3729,Centre Aéré,7
2303415,24:11:00,24:11:10,stop_point:SP_1532,Eglise Lardenne,8
2303415,24:12:00,24:12:10,stop_point:SP_1846,Lardenne,9
2303415,24:13:00,24:13:10,stop_point:SP_3237,Montagné,10
2303415,24:14:00,24:14:10,stop_point:SP_3657,Briqueterie,11
2303415,24:15:00,24:15:10,stop_point:SP_396,St-Exupéry,12
2303415,24:16:00,24:16:10,stop_point:SP_3872,Ctre Cial Tournefeuille,13
2303415,24:17:00,24:17:10,stop_point:SP_2193,Montjoie,14
2303415,24:18:00,24:18:10,stop_point:SP_414,Tournefeuille Les Chênes,15
2303415,24:19:00,24:19:10,stop_point:SP_2921,Montel,16
2303415,24:20:00,24:20:10,stop_point:SP_1531,St-Pierre,17
2303415,24:20:00,24:20:10,stop_point:SP_2627,Périgord,18
2303415,24:21:00,24:21:10,stop_point:SP_3433,Alpilles,19
2303415,24:22:00,24:22:10,stop_point:SP_2379,Collège Labitrie,20
2303415,24:22:00,24:22:10,stop_point:SP_3740,Bordeneuve,21
2303415,24:23:00,24:23:10,stop_point:SP_4840,Jean Gay,22
2303415,24:24:00,24:24:10,stop_point:SP_4093,Tournefeuille Lycée,23
2303415,24:26:00,24:26:10,stop_point:SP_4800,Loti,24
2303415,24:27:00,24:27:10,stop_point:SP_4806,Prat Dessus,25
2303415,24:28:00,24:28:10,stop_point:SP_4801,Rivière - Basse,26
2303415,24:29:00,24:29:10,stop_point:SP_4803,Eglise Plaisance,27
2303415,24:30:00,24:30:10,stop_point:SP_1027,Plaisance Monestié,28
2303416,24:30:00,24:30:10,stop_point:SP_1754,Arènes,1
2303416,24:32:00,24:32:10,stop_point:SP_2002,Négogousses,2
2303416,24:32:00,24:32:10,stop_point:SP_2956,Hippodrome,3
2303416,24:33:00,24:33:10,stop_point:SP_3162,Brombach,4
2303416,24:34:00,24:34:10,stop_point:SP_2467,Pont Rocade,5
2303416,24:35:00,24:35:10,stop_point:SP_2210,Tissié,6
2303416,24:36:00,24:36:10,stop_point:SP_3729,Centre Aéré,7
2303416,24:36:00,24:36:10,stop_point:SP_1532,Eglise Lardenne,8
2303416,24:37:00,24:37:10,stop_point:SP_1846,Lardenne,9
2303416,24:38:00,24:38:10,stop_point:SP_3237,Montagné,10
2303416,24:39:00,24:39:10,stop_point:SP_3657,Briqueterie,11
2303416,24:40:00,24:40:10,stop_point:SP_396,St-Exupéry,12
2303416,24:41:00,24:41:10,stop_point:SP_3872,Ctre Cial Tournefeuille,13
2303416,24:42:00,24:42:10,stop_point:SP_2193,Montjoie,14
2303416,24:43:00,24:43:10,stop_point:SP_414,Tournefeuille Les Chênes,15
2303416,24:44:00,24:44:10,stop_point:SP_2921,Montel,16
2303416,24:45:00,24:45:10,stop_point:SP_1531,St-Pierre,17
2303416,24:45:00,24:45:10,stop_point:SP_2627,Périgord,18
2303416,24:46:00,24:46:10,stop_point:SP_3433,Alpilles,19
2303416,24:47:00,24:47:10,stop_point:SP_2379,Collège Labitrie,20
2303416,24:47:00,24:47:10,stop_point:SP_3740,Bordeneuve,21
2303416,24:48:00,24:48:10,stop_point:SP_4840,Jean Gay,22
2303416,24:49:00,24:49:10,stop_point:SP_4093,Tournefeuille Lycée,23
2303416,24:51:00,24:51:10,stop_point:SP_4800,Loti,24
2303416,24:52:00,24:52:10,stop_point:SP_4806,Prat Dessus,25
2303416,24:53:00,24:53:10,stop_point:SP_4801,Rivière - Basse,26
2303416,24:54:00,24:54:10,stop_point:SP_4803,Eglise Plaisance,27
2303416,24:55:00,24:55:10,stop_point:SP_1027,Plaisance Monestié,28
2303417,25:00:00,25:00:10,stop_point:SP_1754,Arènes,1
2303417,25:02:00,25:02:10,stop_point:SP_2002,Négogousses,2
2303417,25:02:00,25:02:10,stop_point:SP_2956,Hippodrome,3
2303417,25:03:00,25:03:10,stop_point:SP_3162,Brombach,4
2303417,25:04:00,25:04:10,stop_point:SP_2467,Pont Rocade,5
2303417,25:05:00,25:05:10,stop_point:SP_2210,Tissié,6
2303417,25:06:00,25:06:10,stop_point:SP_3729,Centre Aéré,7
2303417,25:06:00,25:06:10,stop_point:SP_1532,Eglise Lardenne,8
2303417,25:07:00,25:07:10,stop_point:SP_1846,Lardenne,9
2303417,25:08:00,25:08:10,stop_point:SP_3237,Montagné,10
2303417,25:09:00,25:09:10,stop_point:SP_3657,Briqueterie,11
2303417,25:10:00,25:10:10,stop_point:SP_396,St-Exupéry,12
2303417,25:11:00,25:11:10,stop_point:SP_3872,Ctre Cial Tournefeuille,13
2303417,25:12:00,25:12:10,stop_point:SP_2193,Montjoie,14
2303417,25:13:00,25:13:10,stop_point:SP_414,Tournefeuille Les Chênes,15
2303417,25:14:00,25:14:10,stop_point:SP_2921,Montel,16
2303417,25:15:00,25:15:10,stop_point:SP_1531,St-Pierre,17
2303417,25:15:00,25:15:10,stop_point:SP_2627,Périgord,18
2303417,25:16:00,25:16:10,stop_point:SP_3433,Alpilles,19
2303417,25:17:00,25:17:10,stop_point:SP_2379,Collège Labitrie,20
2303417,25:17:00,25:17:10,stop_point:SP_3740,Bordeneuve,21
2303417,25:18:00,25:18:10,stop_point:SP_4840,Jean Gay,22
2303417,25:19:00,25:19:10,stop_point:SP_4093,Tournefeuille Lycée,23
2303417,25:21:00,25:21:10,stop_point:SP_4800,Loti,24
2303417,25:22:00,25:22:10,stop_point:SP_4806,Prat Dessus,25
2303417,25:23:00,25:23:10,stop_point:SP_4801,Rivière - Basse,26
2303417,25:24:00,25:24:10,stop_point:SP_4803,Eglise Plaisance,27
2303417,25:25:00,25:25:10,stop_point:SP_1027,Plaisance Monestié,28
2303418,05:15:00,05:15:10,stop_point:SP_1027,Plaisance Monestié,1
2303418,05:16:00,05:16:10,stop_point:SP_4802,Eglise Plaisance,2
2303418,05:17:00,05:17:10,stop_point:SP_4805,Rivière - Basse,3
2303418,05:18:00,05:18:10,stop_point:SP_4808,Prat Dessus,4
2303418,05:19:00,05:19:10,stop_point:SP_4804,Loti,5
2303418,05:21:00,05:21:10,stop_point:SP_4807,Tournefeuille Lycée,6
2303418,05:22:00,05:22:10,stop_point:SP_4841,Jean Gay,7
2303418,05:23:00,05:23:10,stop_point:SP_3834,Bordeneuve,8
2303418,05:23:00,05:23:10,stop_point:SP_1724,Collège Labitrie,9
2303418,05:24:00,05:24:10,stop_point:SP_2531,Alpilles,10
2303418,05:25:00,05:25:10,stop_point:SP_1488,Périgord,11
2303418,05:25:00,05:25:10,stop_point:SP_1091,St-Pierre,12
2303418,05:26:00,05:26:10,stop_point:SP_1551,Montel,13
2303418,05:27:00,05:27:10,stop_point:SP_1439,Tournefeuille Les Chênes,14
2303418,05:28:00,05:28:10,stop_point:SP_2889,Montjoie,15
2303418,05:29:00,05:29:10,stop_point:SP_4809,Ctre Cial Tournefeuille,16
2303418,05:30:00,05:30:10,stop_point:SP_2196,St-Exupéry,17
2303418,05:32:00,05:32:10,stop_point:SP_473,Briqueterie,18
2303418,05:33:00,05:33:10,stop_point:SP_2216,Montagné,19
2303418,05:34:00,05:34:10,stop_point:SP_1474,Lardenne,20
2303418,05:35:00,05:35:10,stop_point:SP_668,Eglise Lardenne,21
2303418,05:36:00,05:36:10,stop_point:SP_3700,Centre Aéré,22
2303418,05:37:00,05:37:10,stop_point:SP_1171,Tissié,23
2303418,05:38:00,05:38:10,stop_point:SP_1460,Pont Rocade,24
2303418,05:39:00,05:39:10,stop_point:SP_1149,Brombach,25
2303418,05:40:00,05:40:10,stop_point:SP_3407,Hippodrome,26
2303418,05:41:00,05:41:10,stop_point:SP_639,Négogousses,27
2303418,05:43:00,05:43:10,stop_point:SP_1754,Arènes,28
2303419,05:50:00,05:50:10,stop_point:SP_1027,Plaisance Monestié,1
2303419,05:51:00,05:51:10,stop_point:SP_4802,Eglise Plaisance,2
2303419,05:53:00,05:53:10,stop_point:SP_4805,Rivière - Basse,3
2303419,05:53:00,05:53:10,stop_point:SP_4808,Prat Dessus,4
2303419,05:55:00,05:55:10,stop_point:SP_4804,Loti,5
2303419,05:57:00,05:57:10,stop_point:SP_4807,Tournefeuille Lycée,6
2303419,05:58:00,05:58:10,stop_point:SP_4841,Jean Gay,7
2303419,05:59:00,05:59:10,stop_point:SP_3834,Bordeneuve,8
2303419,05:59:00,05:59:10,stop_point:SP_1724,Collège Labitrie,9
2303419,06:00:00,06:00:10,stop_point:SP_2531,Alpilles,10
2303419,06:01:00,06:01:10,stop_point:SP_1488,Périgord,11
2303419,06:02:00,06:02:10,stop_point:SP_1091,St-Pierre,12
2303419,06:03:00,06:03:10,stop_point:SP_1551,Montel,13
2303419,06:04:00,06:04:10,stop_point:SP_1439,Tournefeuille Les Chênes,14
2303419,06:05:00,06:05:10,stop_point:SP_2889,Montjoie,15
2303419,06:06:00,06:06:10,stop_point:SP_4809,Ctre Cial Tournefeuille,16
2303419,06:07:00,06:07:10,stop_point:SP_2196,St-Exupéry,17
2303419,06:09:00,06:09:10,stop_point:SP_473,Briqueterie,18
2303419,06:10:00,06:10:10,stop_point:SP_2216,Montagné,19
2303419,06:11:00,06:11:10,stop_point:SP_1474,Lardenne,20
2303419,06:12:00,06:12:10,stop_point:SP_668,Eglise Lardenne,21
2303419,06:13:00,06:13:10,stop_point:SP_3700,Centre Aéré,22
2303419,06:14:00,06:14:10,stop_point:SP_1171,Tissié,23
2303419,06:15:00,06:15:10,stop_point:SP_1460,Pont Rocade,24
2303419,06:16:00,06:16:10,stop_point:SP_1149,Brombach,25
2303419,06:17:00,06:17:10,stop_point:SP_3407,Hippodrome,26
2303419,06:18:00,06:18:10,stop_point:SP_639,Négogousses,27
2303419,06:20:00,06:20:10,stop_point:SP_1754,Arènes,28
2303420,06:15:00,06:15:10,stop_point:SP_1027,Plaisance Monestié,1
2303420,06:16:00,06:16:10,stop_point:SP_4802,Eglise Plaisance,2
2303420,06:18:00,06:18:10,stop_point:SP_4805,Rivière - Basse,3
2303420,06:18:00,06:18:10,stop_point:SP_4808,Prat Dessus,4
2303420,06:20:00,06:20:10,stop_point:SP_4804,Loti,5
2303420,06:22:00,06:22:10,stop_point:SP_4807,Tournefeuille Lycée,6
2303420,06:23:00,06:23:10,stop_point:SP_4841,Jean Gay,7
2303420,06:24:00,06:24:10,stop_point:SP_3834,Bordeneuve,8
2303420,06:25:00,06:25:10,stop_point:SP_1724,Collège Labitrie,9
2303420,06:26:00,06:26:10,stop_point:SP_2531,Alpilles,10
2303420,06:27:00,06:27:10,stop_point:SP_1488,Périgord,11
2303420,06:28:00,06:28:10,stop_point:SP_1091,St-Pierre,12
2303420,06:29:00,06:29:10,stop_point:SP_1551,Montel,13
2303420,06:30:00,06:30:10,stop_point:SP_1439,Tournefeuille Les Chênes,14
2303420,06:31:00,06:31:10,stop_point:SP_2889,Montjoie,15
2303420,06:32:00,06:32:10,stop_point:SP_4809,Ctre Cial Tournefeuille,16
2303420,06:33:00,06:33:10,stop_point:SP_2196,St-Exupéry,17
2303420,06:35:00,06:35:10,stop_point:SP_473,Briqueterie,18
2303420,06:36:00,06:36:10,stop_point:SP_2216,Montagné,19
2303420,06:37:00,06:37:10,stop_point:SP_1474,Lardenne,20
2303420,06:38:00,06:38:10,stop_point:SP_668,Eglise Lardenne,21
2303420,06:39:00,06:39:10,stop_point:SP_3700,Centre Aéré,22
2303420,06:40:00,06:40:10,stop_point:SP_1171,Tissié,23
2303420,06:41:00,06:41:10,stop_point:SP_1460,Pont Rocade,24
2303420,06:42:00,06:42:10,stop_point:SP_1149,Brombach,25
2303420,06:43:00,06:43:10,stop_point:SP_3407,Hippodrome,26
2303420,06:44:00,06:44:10,stop_point:SP_639,Négogousses,27
2303420,06:46:00,06:46:10,stop_point:SP_1754,Arènes,28
2303421,06:26:00,06:26:10,stop_point:SP_1027,Plaisance Monestié,1
2303421,06:27:00,06:27:10,stop_point:SP_4802,Eglise Plaisance,2
2303421,06:29:00,06:29:10,stop_point:SP_4805,Rivière - Basse,3
2303421,06:29:00,06:29:10,stop_point:SP_4808,Prat Dessus,4
2303421,06:31:00,06:31:10,stop_point:SP_4804,Loti,5
2303421,06:33:00,06:33:10,stop_point:SP_4807,Tournefeuille Lycée,6
2303421,06:34:00,06:34:10,stop_point:SP_4841,Jean Gay,7
2303421,06:35:00,06:35:10,stop_point:SP_3834,Bordeneuve,8
2303421,06:36:00,06:36:10,stop_point:SP_1724,Collège Labitrie,9
2303421,06:37:00,06:37:10,stop_point:SP_2531,Alpilles,10
2303421,06:38:00,06:38:10,stop_point:SP_1488,Périgord,11
2303421,06:39:00,06:39:10,stop_point:SP_1091,St-Pierre,12
2303421,06:40:00,06:40:10,stop_point:SP_1551,Montel,13
2303421,06:41:00,06:41:10,stop_point:SP_1439,Tournefeuille Les Chênes,14
2303421,06:42:00,06:42:10,stop_point:SP_2889,Montjoie,15
2303421,06:43:00,06:43:10,stop_point:SP_4809,Ctre Cial Tournefeuille,16
2303421,06:44:00,06:44:10,stop_point:SP_2196,St-Exupéry,17
2303421,06:46:00,06:46:10,stop_point:SP_473,Briqueterie,18
2303421,06:47:00,06:47:10,stop_point:SP_2216,Montagné,19
2303421,06:48:00,06:48:10,stop_point:SP_1474,Lardenne,20
2303421,06:50:00,06:50:10,stop_point:SP_668,Eglise Lardenne,21
2303421,06:51:00,06:51:10,stop_point:SP_3700,Centre Aéré,22
2303421,06:52:00,06:52:10,stop_point:SP_1171,Tissié,23
2303421,06:54:00,06:54:10,stop_point:SP_1460,Pont Rocade,24
2303421,06:55:00,06:55:10,stop_point:SP_1149,Brombach,25
2303421,06:56:00,06:56:10,stop_point:SP_3407,Hippodrome,26
2303421,06:57:00,06:57:10,stop_point:SP_639,Négogousses,27
2303421,07:00:00,07:00:10,stop_point:SP_1754,Arènes,28
2303422,06:37:00,06:37:10,stop_point:SP_1027,Plaisance Monestié,1
2303422,06:38:00,06:38:10,stop_point:SP_4802,Eglise Plaisance,2
2303422,06:40:00,06:40:10,stop_point:SP_4805,Rivière - Basse,3
2303422,06:40:00,06:40:10,stop_point:SP_4808,Prat Dessus,4
2303422,06:42:00,06:42:10,stop_point:SP_4804,Loti,5
2303422,06:44:00,06:44:10,stop_point:SP_4807,Tournefeuille Lycée,6
2303422,06:45:00,06:45:10,stop_point:SP_4841,Jean Gay,7
2303422,06:46:00,06:46:10,stop_point:SP_3834,Bordeneuve,8
2303422,06:47:00,06:47:10,stop_point:SP_1724,Collège Labitrie,9
2303422,06:48:00,06:48:10,stop_point:SP_2531,Alpilles,10
2303422,06:49:00,06:49:10,stop_point:SP_1488,Périgord,11
2303422,06:50:00,06:50:10,stop_point:SP_1091,St-Pierre,12
2303422,06:51:00,06:51:10,stop_point:SP_1551,Montel,13
2303422,06:52:00,06:52:10,stop_point:SP_1439,Tournefeuille Les Chênes,14
2303422,06:53:00,06:53:10,stop_point:SP_2889,Montjoie,15
2303422,06:54:00,06:54:10,stop_point:SP_4809,Ctre Cial Tournefeuille,16
2303422,06:55:00,06:55:10,stop_point:SP_2196,St-Exupéry,17
2303422,06:57:00,06:57:10,stop_point:SP_473,Briqueterie,18
2303422,06:58:00,06:58:10,stop_point:SP_2216,Montagné,19
2303422,06:59:00,06:59:10,stop_point:SP_1474,Lardenne,20
2303422,07:01:00,07:01:10,stop_point:SP_668,Eglise Lardenne,21
2303422,07:02:00,07:02:10,stop_point:SP_3700,Centre Aéré,22
2303422,07:03:00,07:03:10,stop_point:SP_1171,Tissié,23
2303422,07:05:00,07:05:10,stop_point:SP_1460,Pont Rocade,24
2303422,07:06:00,07:06:10,stop_point:SP_1149,Brombach,25
2303422,07:07:00,07:07:10,stop_point:SP_3407,Hippodrome,26
2303422,07:08:00,07:08:10,stop_point:SP_639,Négogousses,27
2303422,07:11:00,07:11:10,stop_point:SP_1754,Arènes,28
2303423,06:47:00,06:47:10,stop_point:SP_1027,Plaisance Monestié,1
2303423,06:49:00,06:49:10,stop_point:SP_4802,Eglise Plaisance,2
2303423,06:50:00,06:50:10,stop_point:SP_4805,Rivière - Basse,3
2303423,06:51:00,06:51:10,stop_point:SP_4808,Prat Dessus,4
2303423,06:52:00,06:52:10,stop_point:SP_4804,Loti,5
2303423,06:55:00,06:55:10,stop_point:SP_4807,Tournefeuille Lycée,6
2303423,06:56:00,06:56:10,stop_point:SP_4841,Jean Gay,7
2303423,06:57:00,06:57:10,stop_point:SP_3834,Bordeneuve,8
2303423,06:58:00,06:58:10,stop_point:SP_1724,Collège Labitrie,9
2303423,06:59:00,06:59:10,stop_point:SP_2531,Alpilles,10
2303423,07:00:00,07:00:10,stop_point:SP_1488,Périgord,11
2303423,07:01:00,07:01:10,stop_point:SP_1091,St-Pierre,12
2303423,07:03:00,07:03:10,stop_point:SP_1551,Montel,13
2303423,07:04:00,07:04:10,stop_point:SP_1439,Tournefeuille Les Chênes,14
2303423,07:05:00,07:05:10,stop_point:SP_2889,Montjoie,15
2303423,07:06:00,07:06:10,stop_point:SP_4809,Ctre Cial Tournefeuille,16
2303423,07:07:00,07:07:10,stop_point:SP_2196,St-Exupéry,17
2303423,07:09:00,07:09:10,stop_point:SP_473,Briqueterie,18
2303423,07:10:00,07:10:10,stop_point:SP_2216,Montagné,19
2303423,07:11:00,07:11:10,stop_point:SP_1474,Lardenne,20
2303423,07:13:00,07:13:10,stop_point:SP_668,Eglise Lardenne,21
2303423,07:15:00,07:15:10,stop_point:SP_3700,Centre Aéré,22
2303423,07:16:00,07:16:10,stop_point:SP_1171,Tissié,23
2303423,07:18:00,07:18:10,stop_point:SP_1460,Pont Rocade,24
2303423,07:19:00,07:19:10,stop_point:SP_1149,Brombach,25
2303423,07:20:00,07:20:10,stop_point:SP_3407,Hippodrome,26
2303423,07:21:00,07:21:10,stop_point:SP_639,Négogousses,27
2303423,07:24:00,07:24:10,stop_point:SP_1754,Arènes,28
2303424,06:53:00,06:53:10,stop_point:SP_1027,Plaisance Monestié,1
2303424,06:55:00,06:55:10,stop_point:SP_4802,Eglise Plaisance,2
2303424,06:56:00,06:56:10,stop_point:SP_4805,Rivière - Basse,3
2303424,06:57:00,06:57:10,stop_point:SP_4808,Prat Dessus,4
2303424,06:58:00,06:58:10,stop_point:SP_4804,Loti,5
2303424,07:01:00,07:01:10,stop_point:SP_4807,Tournefeuille Lycée,6
2303424,07:02:00,07:02:10,stop_point:SP_4841,Jean Gay,7
2303424,07:03:00,07:03:10,stop_point:SP_3834,Bordeneuve,8
2303424,07:04:00,07:04:10,stop_point:SP_1724,Collège Labitrie,9
2303424,07:05:00,07:05:10,stop_point:SP_2531,Alpilles,10
2303424,07:06:00,07:06:10,stop_point:SP_1488,Périgord,11
2303424,07:07:00,07:07:10,stop_point:SP_1091,St-Pierre,12
2303424,07:09:00,07:09:10,stop_point:SP_1551,Montel,13
2303424,07:10:00,07:10:10,stop_point:SP_1439,Tournefeuille Les Chênes,14
2303424,07:11:00,07:11:10,stop_point:SP_2889,Montjoie,15
2303424,07:12:00,07:12:10,stop_point:SP_4809,Ctre Cial Tournefeuille,16
2303424,07:13:00,07:13:10,stop_point:SP_2196,St-Exupéry,17
2303424,07:15:00,07:15:10,stop_point:SP_473,Briqueterie,18
2303424,07:16:00,07:16:10,stop_point:SP_2216,Montagné,19
2303424,07:17:00,07:17:10,stop_point:SP_1474,Lardenne,20
2303424,07:19:00,07:19:10,stop_point:SP_668,Eglise Lardenne,21
2303424,07:21:00,07:21:10,stop_point:SP_3700,Centre Aéré,22
2303424,07:22:00,07:22:10,stop_point:SP_1171,Tissié,23
2303424,07:24:00,07:24:10,stop_point:SP_1460,Pont Rocade,24
2303424,07:25:00,07:25:10,stop_point:SP_1149,Brombach,25
2303424,07:26:00,07:26:10,stop_point:SP_3407,Hippodrome,26
2303424,07:27:00,07:27:10,stop_point:SP_639,Négogousses,27
2303424,07:30:00,07:30:10,stop_point:SP_1754,Arènes,28
2303425,06:59:00,06:59:10,stop_point:SP_1027,Plaisance Monestié,1
2303425,07:01:00,07:01:10,stop_point:SP_4802,Eglise Plaisance,2
2303425,07:02:00,07:02:10,stop_point:SP_4805,Rivière - Basse,3
2303425,07:03:00,07:03:10,stop_point:SP_4808,Prat Dessus,4
2303425,07:04:00,07:04:10,stop_point:SP_4804,Loti,5
2303425,07:07:00,07:07:10,stop_point:SP_4807,Tournefeuille Lycée,6
2303425,07:08:00,07:08:10,stop_point:SP_4841,Jean Gay,7
2303425,07:09:00,07:09:10,stop_point:SP_3834,Bordeneuve,8
2303425,07:10:00,07:10:10,stop_point:SP_1724,Collège Labitrie,9
2303425,07:11:00,07:11:10,stop_point:SP_2531,Alpilles,10
2303425,07:12:00,07:12:10,stop_point:SP_1488,Périgord,11
2303425,07:13:00,07:13:10,stop_point:SP_1091,St-Pierre,12
2303425,07:15:00,07:15:10,stop_point:SP_1551,Montel,13
2303425,07:16:00,07:16:10,stop_point:SP_1439,Tournefeuille Les Chênes,14
2303425,07:17:00,07:17:10,stop_point:SP_2889,Montjoie,15
2303425,07:18:00,07:18:10,stop_point:SP_4809,Ctre Cial Tournefeuille,16
2303425,07:19:00,07:19:10,stop_point:SP_2196,St-Exupéry,17
2303425,07:21:00,07:21:10,stop_point:SP_473,Briqueterie,18
2303425,07:22:00,07:22:10,stop_point:SP_2216,Montagné,19
2303425,07:23:00,07:23:10,stop_point:SP_1474,Lardenne,20
2303425,07:25:00,07:25:10,stop_point:SP_668,Eglise Lardenne,21
2303425,07:27:00,07:27:10,stop_point:SP_3700,Centre Aéré,22
2303425,07:28:00,07:28:10,stop_point:SP_1171,Tissié,23
2303425,07:30:00,07:30:10,stop_point:SP_1460,Pont Rocade,24
2303425,07:31:00,07:31:10,stop_point:SP_1149,Brombach,25
2303425,07:33:00,07:33:10,stop_point:SP_3407,Hippodrome,26
2303425,07:34:00,07:34:10,stop_point:SP_639,Négogousses,27
2303425,07:37:00,07:37:10,stop_point:SP_1754,Arènes,28
2303426,07:05:00,07:05:10,stop_point:SP_1027,Plaisance Monestié,1
2303426,07:07:00,07:07:10,stop_point:SP_4802,Eglise Plaisance,2
2303426,07:08:00,07:08:10,stop_point:SP_4805,Rivière - Basse,3
2303426,07:09:00,07:09:10,stop_point:SP_4808,Prat Dessus,4
2303426,07:10:00,07:10:10,stop_point:SP_4804,Loti,5
2303426,07:13:00,07:13:10,stop_point:SP_4807,Tournefeuille Lycée,6
2303426,07:14:00,07:14:10,stop_point:SP_4841,Jean Gay,7
2303426,07:15:00,07:15:10,stop_point:SP_3834,Bordeneuve,8
2303426,07:16:00,07:16:10,stop_point:SP_1724,Collège Labitrie,9
2303426,07:17:00,07:17:10,stop_point:SP_2531,Alpilles,10
2303426,07:18:00,07:18:10,stop_point:SP_1488,Périgord,11
2303426,07:19:00,07:19:10,stop_point:SP_1091,St-Pierre,12
2303426,07:21:00,07:21:10,stop_point:SP_1551,Montel,13
2303426,07:22:00,07:22:10,stop_point:SP_1439,Tournefeuille Les Chênes,14
2303426,07:23:00,07:23:10,stop_point:SP_2889,Montjoie,15
2303426,07:24:00,07:24:10,stop_point:SP_4809,Ctre Cial Tournefeuille,16
2303426,07:26:00,07:26:10,stop_point:SP_2196,St-Exupéry,17
2303426,07:28:00,07:28:10,stop_point:SP_473,Briqueterie,18
2303426,07:29:00,07:29:10,stop_point:SP_2216,Montagné,19
2303426,07:30:00,07:30:10,stop_point:SP_1474,Lardenne,20
2303426,07:32:00,07:32:10,stop_point:SP_668,Eglise Lardenne,21
2303426,07:34:00,07:34:10,stop_point:SP_3700,Centre Aéré,22
2303426,07:36:00,07:36:10,stop_point:SP_1171,Tissié,23
2303426,07:38:00,07:38:10,stop_point:SP_1460,Pont Rocade,24
2303426,07:39:00,07:39:10,stop_point:SP_1149,Brombach,25
2303426,07:41:00,07:41:10,stop_point:SP_3407,Hippodrome,26
2303426,07:42:00,07:42:10,stop_point:SP_639,Négogousses,27
2303426,07:45:00,07:45:10,stop_point:SP_1754,Arènes,28
2303427,07:13:00,07:13:10,stop_point:SP_1027,Plaisance Monestié,1
2303427,07:15:00,07:15:10,stop_point:SP_4802,Eglise Plaisance,2
2303427,07:16:00,07:16:10,stop_point:SP_4805,Rivière - Basse,3
2303427,07:17:00,07:17:10,stop_point:SP_4808,Prat Dessus,4
2303427,07:18:00,07:18:10,stop_point:SP_4804,Loti,5
2303427,07:21:00,07:21:10,stop_point:SP_4807,Tournefeuille Lycée,6
2303427,07:22:00,07:22:10,stop_point:SP_4841,Jean Gay,7
2303427,07:23:00,07:23:10,stop_point:SP_3834,Bordeneuve,8
2303427,07:24:00,07:24:10,stop_point:SP_1724,Collège Labitrie,9
2303427,07:25:00,07:25:10,stop_point:SP_2531,Alpilles,10
2303427,07:26:00,07:26:10,stop_point:SP_1488,Périgord,11
2303427,07:27:00,07:27:10,stop_point:SP_1091,St-Pierre,12
2303427,07:29:00,07:29:10,stop_point:SP_1551,Montel,13
2303427,07:30:00,07:30:10,stop_point:SP_1439,Tournefeuille Les Chênes,14
2303427,07:31:00,07:31:10,stop_point:SP_2889,Montjoie,15
2303427,07:32:00,07:32:10,stop_point:SP_4809,Ctre Cial Tournefeuille,16
2303427,07:34:00,07:34:10,stop_point:SP_2196,St-Exupéry,17
2303427,07:36:00,07:36:10,stop_point:SP_473,Briqueterie,18
2303427,07:37:00,07:37:10,stop_point:SP_2216,Montagné,19
2303427,07:38:00,07:38:10,stop_point:SP_1474,Lardenne,20
2303427,07:40:00,07:40:10,stop_point:SP_668,Eglise Lardenne,21
2303427,07:42:00,07:42:10,stop_point:SP_3700,Centre Aéré,22
2303427,07:44:00,07:44:10,stop_point:SP_1171,Tissié,23
2303427,07:46:00,07:46:10,stop_point:SP_1460,Pont Rocade,24
2303427,07:47:00,07:47:10,stop_point:SP_1149,Brombach,25
2303427,07:49:00,07:49:10,stop_point:SP_3407,Hippodrome,26
2303427,07:50:00,07:50:10,stop_point:SP_639,Négogousses,27
2303427,07:53:00,07:53:10,stop_point:SP_1754,Arènes,28
2303428,07:21:00,07:21:10,stop_point:SP_1027,Plaisance Monestié,1
2303428,07:23:00,07:23:10,stop_point:SP_4802,Eglise Plaisance,2
2303428,07:24:00,07:24:10,stop_point:SP_4805,Rivière - Basse,3
2303428,07:25:00,07:25:10,stop_point:SP_4808,Prat Dessus,4
2303428,07:27:00,07:27:10,stop_point:SP_4804,Loti,5
2303428,07:30:00,07:30:10,stop_point:SP_4807,Tournefeuille Lycée,6
2303428,07:31:00,07:31:10,stop_point:SP_4841,Jean Gay,7
2303428,07:32:00,07:32:10,stop_point:SP_3834,Bordeneuve,8
2303428,07:33:00,07:33:10,stop_point:SP_1724,Collège Labitrie,9
2303428,07:34:00,07:34:10,stop_point:SP_2531,Alpilles,10
2303428,07:35:00,07:35:10,stop_point:SP_1488,Périgord,11
2303428,07:36:00,07:36:10,stop_point:SP_1091,St-Pierre,12
2303428,07:38:00,07:38:10,stop_point:SP_1551,Montel,13
2303428,07:39:00,07:39:10,stop_point:SP_1439,Tournefeuille Les Chênes,14
2303428,07:40:00,07:40:10,stop_point:SP_2889,Montjoie,15
2303428,07:41:00,07:41:10,stop_point:SP_4809,Ctre Cial Tournefeuille,16
2303428,07:43:00,07:43:10,stop_point:SP_2196,St-Exupéry,17
2303428,07:45:00,07:45:10,stop_point:SP_473,Briqueterie,18
2303428,07:46:00,07:46:10,stop_point:SP_2216,Montagné,19
2303428,07:47:00,07:47:10,stop_point:SP_1474,Lardenne,20
2303428,07:49:00,07:49:10,stop_point:SP_668,Eglise Lardenne,21
2303428,07:51:00,07:51:10,stop_point:SP_3700,Centre Aéré,22
2303428,07:53:00,07:53:10,stop_point:SP_1171,Tissié,23
2303428,07:55:00,07:55:10,stop_point:SP_1460,Pont Rocade,24
2303428,07:56:00,07:56:10,stop_point:SP_1149,Brombach,25
2303428,07:58:00,07:58:10,stop_point:SP_3407,Hippodrome,26
2303428,07:59:00,07:59:10,stop_point:SP_639,Négogousses,27
2303428,08:02:00,08:02:10,stop_point:SP_1754,Arènes,28
2303429,07:29:00,07:29:10,stop_point:SP_1027,Plaisance Monestié,1
2303429,07:31:00,07:31:10,stop_point:SP_4802,Eglise Plaisance,2
2303429,07:32:00,07:32:10,stop_point:SP_4805,Rivière - Basse,3
2303429,07:33:00,07:33:10,stop_point:SP_4808,Prat Dessus,4
2303429,07:35:00,07:35:10,stop_point:SP_4804,Loti,5
2303429,07:38:00,07:38:10,stop_point:SP_4807,Tournefeuille Lycée,6
2303429,07:39:00,07:39:10,stop_point:SP_4841,Jean Gay,7
2303429,07:40:00,07:40:10,stop_point:SP_3834,Bordeneuve,8
2303429,07:41:00,07:41:10,stop_point:SP_1724,Collège Labitrie,9
2303429,07:42:00,07:42:10,stop_point:SP_2531,Alpilles,10
2303429,07:43:00,07:43:10,stop_point:SP_1488,Périgord,11
2303429,07:44:00,07:44:10,stop_point:SP_1091,St-Pierre,12
2303429,07:46:00,07:46:10,stop_point:SP_1551,Montel,13
2303429,07:47:00,07:47:10,stop_point:SP_1439,Tournefeuille Les Chênes,14
2303429,07:48:00,07:48:10,stop_point:SP_2889,Montjoie,15
2303429,07:49:00,07:49:10,stop_point:SP_4809,Ctre Cial Tournefeuille,16
2303429,07:51:00,07:51:10,stop_point:SP_2196,St-Exupéry,17
2303429,07:53:00,07:53:10,stop_point:SP_473,Briqueterie,18
2303429,07:54:00,07:54:10,stop_point:SP_2216,Montagné,19
2303429,07:55:00,07:55:10,stop_point:SP_1474,Lardenne,20
2303429,07:57:00,07:57:10,stop_point:SP_668,Eglise Lardenne,21
2303429,07:59:00,07:59:10,stop_point:SP_3700,Centre Aéré,22
2303429,08:01:00,08:01:10,stop_point:SP_1171,Tissié,23
2303429,08:03:00,08:03:10,stop_point:SP_1460,Pont Rocade,24
2303429,08:04:00,08:04:10,stop_point:SP_1149,Brombach,25
2303429,08:06:00,08:06:10,stop_point:SP_3407,Hippodrome,26
2303429,08:07:00,08:07:10,stop_point:SP_639,Négogousses,27
2303429,08:10:00,08:10:10,stop_point:SP_1754,Arènes,28
2303430,07:36:00,07:36:10,stop_point:SP_1027,Plaisance Monestié,1
2303430,07:38:00,07:38:10,stop_point:SP_4802,Eglise Plaisance,2
2303430,07:39:00,07:39:10,stop_point:SP_4805,Rivière - Basse,3
2303430,07:40:00,07:40:10,stop_point:SP_4808,Prat Dessus,4
2303430,07:42:00,07:42:10,stop_point:SP_4804,Loti,5
2303430,07:45:00,07:45:10,stop_point:SP_4807,Tournefeuille Lycée,6
2303430,07:46:00,07:46:10,stop_point:SP_4841,Jean Gay,7
2303430,07:47:00,07:47:10,stop_point:SP_3834,Bordeneuve,8
2303430,07:48:00,07:48:10,stop_point:SP_1724,Collège Labitrie,9
2303430,07:49:00,07:49:10,stop_point:SP_2531,Alpilles,10
2303430,07:50:00,07:50:10,stop_point:SP_1488,Périgord,11
2303430,07:51:00,07:51:10,stop_point:SP_1091,St-Pierre,12
2303430,07:53:00,07:53:10,stop_point:SP_1551,Montel,13
2303430,07:54:00,07:54:10,stop_point:SP_1439,Tournefeuille Les Chênes,14
2303430,07:55:00,07:55:10,stop_point:SP_2889,Montjoie,15
2303430,07:56:00,07:56:10,stop_point:SP_4809,Ctre Cial Tournefeuille,16
2303430,07:58:00,07:58:10,stop_point:SP_2196,St-Exupéry,17
2303430,08:00:00,08:00:10,stop_point:SP_473,Briqueterie,18
2303430,08:01:00,08:01:10,stop_point:SP_2216,Montagné,19
2303430,08:03:00,08:03:10,stop_point:SP_1474,Lardenne,20
2303430,08:05:00,08:05:10,stop_point:SP_668,Eglise Lardenne,21
2303430,08:07:00,08:07:10,stop_point:SP_3700,Centre Aéré,22
2303430,08:08:00,08:08:10,stop_point:SP_1171,Tissié,23
2303430,08:10:00,08:10:10,stop_point:SP_1460,Pont Rocade,24
2303430,08:11:00,08:11:10,stop_point:SP_1149,Brombach,25
2303430,08:13:00,08:13:10,stop_point:SP_3407,Hippodrome,26
2303430,08:14:00,08:14:10,stop_point:SP_639,Négogousses,27
2303430,08:17:00,08:17:10,stop_point:SP_1754,Arènes,28
2303431,07:42:00,07:42:10,stop_point:SP_1027,Plaisance Monestié,1
2303431,07:44:00,07:44:10,stop_point:SP_4802,Eglise Plaisance,2
2303431,07:45:00,07:45:10,stop_point:SP_4805,Rivière - Basse,3
2303431,07:46:00,07:46:10,stop_point:SP_4808,Prat Dessus,4
2303431,07:48:00,07:48:10,stop_point:SP_4804,Loti,5
2303431,07:51:00,07:51:10,stop_point:SP_4807,Tournefeuille Lycée,6
2303431,07:52:00,07:52:10,stop_point:SP_4841,Jean Gay,7
2303431,07:53:00,07:53:10,stop_point:SP_3834,Bordeneuve,8
2303431,07:54:00,07:54:10,stop_point:SP_1724,Collège Labitrie,9
2303431,07:55:00,07:55:10,stop_point:SP_2531,Alpilles,10
2303431,07:56:00,07:56:10,stop_point:SP_1488,Périgord,11
2303431,07:57:00,07:57:10,stop_point:SP_1091,St-Pierre,12
2303431,07:59:00,07:59:10,stop_point:SP_1551,Montel,13
2303431,08:00:00,08:00:10,stop_point:SP_1439,Tournefeuille Les Chênes,14
2303431,08:01:00,08:01:10,stop_point:SP_2889,Montjoie,15
2303431,08:02:00,08:02:10,stop_point:SP_4809,Ctre Cial Tournefeuille,16
2303431,08:04:00,08:04:10,stop_point:SP_2196,St-Exupéry,17
2303431,08:06:00,08:06:10,stop_point:SP_473,Briqueterie,18
2303431,08:07:00,08:07:10,stop_point:SP_2216,Montagné,19
2303431,08:09:00,08:09:10,stop_point:SP_1474,Lardenne,20
2303431,08:11:00,08:11:10,stop_point:SP_668,Eglise Lardenne,21
2303431,08:13:00,08:13:10,stop_point:SP_3700,Centre Aéré,22
2303431,08:14:00,08:14:10,stop_point:SP_1171,Tissié,23
2303431,08:16:00,08:16:10,stop_point:SP_1460,Pont Rocade,24
2303431,08:17:00,08:17:10,stop_point:SP_1149,Brombach,25
2303431,08:19:00,08:19:10,stop_point:SP_3407,Hippodrome,26
2303431,08:20:00,08:20:10,stop_point:SP_639,Négogousses,27
2303431,08:23:00,08:23:10,stop_point:SP_1754,Arènes,28
2303432,07:48:00,07:48:10,stop_point:SP_1027,Plaisance Monestié,1
2303432,07:50:00,07:50:10,stop_point:SP_4802,Eglise Plaisance,2
2303432,07:51:00,07:51:10,stop_point:SP_4805,Rivière - Basse,3
2303432,07:52:00,07:52:10,stop_point:SP_4808,Prat Dessus,4
2303432,07:54:00,07:54:10,stop_point:SP_4804,Loti,5
2303432,07:57:00,07:57:10,stop_point:SP_4807,Tournefeuille Lycée,6
2303432,07:58:00,07:58:10,stop_point:SP_4841,Jean Gay,7
2303432,07:59:00,07:59:10,stop_point:SP_3834,Bordeneuve,8
2303432,08:00:00,08:00:10,stop_point:SP_1724,Collège Labitrie,9
2303432,08:01:00,08:01:10,stop_point:SP_2531,Alpilles,10
2303432,08:02:00,08:02:10,stop_point:SP_1488,Périgord,11
2303432,08:03:00,08:03:10,stop_point:SP_1091,St-Pierre,12
2303432,08:05:00,08:05:10,stop_point:SP_1551,Montel,13
2303432,08:06:00,08:06:10,stop_point:SP_1439,Tournefeuille Les Chênes,14
2303432,08:07:00,08:07:10,stop_point:SP_2889,Montjoie,15
2303432,08:08:00,08:08:10,stop_point:SP_4809,Ctre Cial Tournefeuille,16
2303432,08:10:00,08:10:10,stop_point:SP_2196,St-Exupéry,17
2303432,08:12:00,08:12:10,stop_point:SP_473,Briqueterie,18
2303432,08:13:00,08:13:10,stop_point:SP_2216,Montagné,19
2303432,08:15:00,08:15:10,stop_point:SP_1474,Lardenne,20
2303432,08:17:00,08:17:10,stop_point:SP_668,Eglise Lardenne,21
2303432,08:19:00,08:19:10,stop_point:SP_3700,Centre Aéré,22
2303432,08:21:00,08:21:10,stop_point:SP_1171,Tissié,23
2303432,08:23:00,08:23:10,stop_point:SP_1460,Pont Rocade,24
2303432,08:24:00,08:24:10,stop_point:SP_1149,Brombach,25
2303432,08:26:00,08:26:10,stop_point:SP_3407,Hippodrome,26
2303432,08:27:00,08:27:10,stop_point:SP_639,Négogousses,27
2303432,08:30:00,08:30:10,stop_point:SP_1754,Arènes,28
2303433,07:55:00,07:55:10,stop_point:SP_1027,Plaisance Monestié,1
2303433,07:57:00,07:57:10,stop_point:SP_4802,Eglise Plaisance,2
2303433,07:58:00,07:58:10,stop_point:SP_4805,Rivière - Basse,3
2303433,07:59:00,07:59:10,stop_point:SP_4808,Prat Dessus,4
2303433,08:01:00,08:01:10,stop_point:SP_4804,Loti,5
2303433,08:04:00,08:04:10,stop_point:SP_4807,Tournefeuille Lycée,6
2303433,08:05:00,08:05:10,stop_point:SP_4841,Jean Gay,7
2303433,08:06:00,08:06:10,stop_point:SP_3834,Bordeneuve,8
2303433,08:07:00,08:07:10,stop_point:SP_1724,Collège Labitrie,9
2303433,08:08:00,08:08:10,stop_point:SP_2531,Alpilles,10
2303433,08:09:00,08:09:10,stop_point:SP_1488,Périgord,11
2303433,08:10:00,08:10:10,stop_point:SP_1091,St-Pierre,12
2303433,08:12:00,08:12:10,stop_point:SP_1551,Montel,13
2303433,08:13:00,08:13:10,stop_point:SP_1439,Tournefeuille Les Chênes,14
2303433,08:14:00,08:14:10,stop_point:SP_2889,Montjoie,15
2303433,08:15:00,08:15:10,stop_point:SP_4809,Ctre Cial Tournefeuille,16
2303433,08:17:00,08:17:10,stop_point:SP_2196,St-Exupéry,17
2303433,08:19:00,08:19:10,stop_point:SP_473,Briqueterie,18
2303433,08:20:00,08:20:10,stop_point:SP_2216,Montagné,19
2303433,08:22:00,08:22:10,stop_point:SP_1474,Lardenne,20
2303433,08:25:00,08:25:10,stop_point:SP_668,Eglise Lardenne,21
2303433,08:27:00,08:27:10,stop_point:SP_3700,Centre Aéré,22
2303433,08:29:00,08:29:10,stop_point:SP_1171,Tissié,23
2303433,08:31:00,08:31:10,stop_point:SP_1460,Pont Rocade,24
2303433,08:32:00,08:32:10,stop_point:SP_1149,Brombach,25
2303433,08:34:00,08:34:10,stop_point:SP_3407,Hippodrome,26
2303433,08:35:00,08:35:10,stop_point:SP_639,Négogousses,27
2303433,08:38:00,08:38:10,stop_point:SP_1754,Arènes,28
2303434,08:02:00,08:02:10,stop_point:SP_1027,Plaisance Monestié,1
2303434,08:04:00,08:04:10,stop_point:SP_4802,Eglise Plaisance,2
2303434,08:05:00,08:05:10,stop_point:SP_4805,Rivière - Basse,3
2303434,08:06:00,08:06:10,stop_point:SP_4808,Prat Dessus,4
2303434,08:07:00,08:07:10,stop_point:SP_4804,Loti,5
2303434,08:10:00,08:10:10,stop_point:SP_4807,Tournefeuille Lycée,6
2303434,08:11:00,08:11:10,stop_point:SP_4841,Jean Gay,7
2303434,08:12:00,08:12:10,stop_point:SP_3834,Bordeneuve,8
2303434,08:13:00,08:13:10,stop_point:SP_1724,Collège Labitrie,9
2303434,08:14:00,08:14:10,stop_point:SP_2531,Alpilles,10
2303434,08:15:00,08:15:10,stop_point:SP_1488,Périgord,11
2303434,08:16:00,08:16:10,stop_point:SP_1091,St-Pierre,12
2303434,08:18:00,08:18:10,stop_point:SP_1551,Montel,13
2303434,08:19:00,08:19:10,stop_point:SP_1439,Tournefeuille Les Chênes,14
2303434,08:21:00,08:21:10,stop_point:SP_2889,Montjoie,15
2303434,08:22:00,08:22:10,stop_point:SP_4809,Ctre Cial Tournefeuille,16
2303434,08:24:00,08:24:10,stop_point:SP_2196,St-Exupéry,17
2303434,08:26:00,08:26:10,stop_point:SP_473,Briqueterie,18
2303434,08:27:00,08:27:10,stop_point:SP_2216,Montagné,19
2303434,08:29:00,08:29:10,stop_point:SP_1474,Lardenne,20
2303434,08:32:00,08:32:10,stop_point:SP_668,Eglise Lardenne,21
2303434,08:34:00,08:34:10,stop_point:SP_3700,Centre Aéré,22
2303434,08:36:00,08:36:10,stop_point:SP_1171,Tissié,23
2303434,08:38:00,08:38:10,stop_point:SP_1460,Pont Rocade,24
2303434,08:39:00,08:39:10,stop_point:SP_1149,Brombach,25
2303434,08:41:00,08:41:10,stop_point:SP_3407,Hippodrome,26
2303434,08:42:00,08:42:10,stop_point:SP_639,Négogousses,27
2303434,08:45:00,08:45:10,stop_point:SP_1754,Arènes,28
2303435,08:11:00,08:11:10,stop_point:SP_1027,Plaisance Monestié,1
2303435,08:13:00,08:13:10,stop_point:SP_4802,Eglise Plaisance,2
2303435,08:14:00,08:14:10,stop_point:SP_4805,Rivière - Basse,3
2303435,08:15:00,08:15:10,stop_point:SP_4808,Prat Dessus,4
2303435,08:16:00,08:16:10,stop_point:SP_4804,Loti,5
2303435,08:19:00,08:19:10,stop_point:SP_4807,Tournefeuille Lycée,6
2303435,08:20:00,08:20:10,stop_point:SP_4841,Jean Gay,7
2303435,08:21:00,08:21:10,stop_point:SP_3834,Bordeneuve,8
2303435,08:22:00,08:22:10,stop_point:SP_1724,Collège Labitrie,9
2303435,08:23:00,08:23:10,stop_point:SP_2531,Alpilles,10
2303435,08:24:00,08:24:10,stop_point:SP_1488,Périgord,11
2303435,08:25:00,08:25:10,stop_point:SP_1091,St-Pierre,12
2303435,08:27:00,08:27:10,stop_point:SP_1551,Montel,13
2303435,08:28:00,08:28:10,stop_point:SP_1439,Tournefeuille Les Chênes,14
2303435,08:30:00,08:30:10,stop_point:SP_2889,Montjoie,15
2303435,08:31:00,08:31:10,stop_point:SP_4809,Ctre Cial Tournefeuille,16
2303435,08:32:00,08:32:10,stop_point:SP_2196,St-Exupéry,17
2303435,08:34:00,08:34:10,stop_point:SP_473,Briqueterie,18
2303435,08:35:00,08:35:10,stop_point:SP_2216,Montagné,19
2303435,08:37:00,08:37:10,stop_point:SP_1474,Lardenne,20
2303435,08:39:00,08:39:10,stop_point:SP_668,Eglise Lardenne,21
2303435,08:41:00,08:41:10,stop_point:SP_3700,Centre Aéré,22
2303435,08:43:00,08:43:10,stop_point:SP_1171,Tissié,23
2303435,08:45:00,08:45:10,stop_point:SP_1460,Pont Rocade,24
2303435,08:46:00,08:46:10,stop_point:SP_1149,Brombach,25
2303435,08:48:00,08:48:10,stop_point:SP_3407,Hippodrome,26
2303435,08:49:00,08:49:10,stop_point:SP_639,Négogousses,27
2303435,08:52:00,08:52:10,stop_point:SP_1754,Arènes,28
2303436,08:21:00,08:21:10,stop_point:SP_1027,Plaisance Monestié,1
2303436,08:23:00,08:23:10,stop_point:SP_4802,Eglise Plaisance,2
2303436,08:24:00,08:24:10,stop_point:SP_4805,Rivière - Basse,3
2303436,08:25:00,08:25:10,stop_point:SP_4808,Prat Dessus,4
2303436,08:26:00,08:26:10,stop_point:SP_4804,Loti,5
2303436,08:29:00,08:29:10,stop_point:SP_4807,Tournefeuille Lycée,6
2303436,08:30:00,08:30:10,stop_point:SP_4841,Jean Gay,7
2303436,08:31:00,08:31:10,stop_point:SP_3834,Bordeneuve,8
2303436,08:32:00,08:32:10,stop_point:SP_1724,Collège Labitrie,9
2303436,08:33:00,08:33:10,stop_point:SP_2531,Alpilles,10
2303436,08:34:00,08:34:10,stop_point:SP_1488,Périgord,11
2303436,08:35:00,08:35:10,stop_point:SP_1091,St-Pierre,12
2303436,08:37:00,08:37:10,stop_point:SP_1551,Montel,13
2303436,08:38:00,08:38:10,stop_point:SP_1439,Tournefeuille Les Chênes,14
2303436,08:40:00,08:40:10,stop_point:SP_2889,Montjoie,15
2303436,08:41:00,08:41:10,stop_point:SP_4809,Ctre Cial Tournefeuille,16
2303436,08:42:00,08:42:10,stop_point:SP_2196,St-Exupéry,17
2303436,08:44:00,08:44:10,stop_point:SP_473,Briqueterie,18
2303436,08:45:00,08:45:10,stop_point:SP_2216,Montagné,19
2303436,08:47:00,08:47:10,stop_point:SP_1474,Lardenne,20
2303436,08:49:00,08:49:10,stop_point:SP_668,Eglise Lardenne,21
2303436,08:51:00,08:51:10,stop_point:SP_3700,Centre Aéré,22
2303436,08:52:00,08:52:10,stop_point:SP_1171,Tissié,23
2303436,08:54:00,08:54:10,stop_point:SP_1460,Pont Rocade,24
2303436,08:55:00,08:55:10,stop_point:SP_1149,Brombach,25
2303436,08:57:00,08:57:10,stop_point:SP_3407,Hippodrome,26
2303436,08:58:00,08:58:10,stop_point:SP_639,Négogousses,27
2303436,09:01:00,09:01:10,stop_point:SP_1754,Arènes,28
2303437,08:31:00,08:31:10,stop_point:SP_1027,Plaisance Monestié,1
2303437,08:33:00,08:33:10,stop_point:SP_4802,Eglise Plaisance,2
2303437,08:34:00,08:34:10,stop_point:SP_4805,Rivière - Basse,3
2303437,08:35:00,08:35:10,stop_point:SP_4808,Prat Dessus,4
2303437,08:36:00,08:36:10,stop_point:SP_4804,Loti,5
2303437,08:39:00,08:39:10,stop_point:SP_4807,Tournefeuille Lycée,6
2303437,08:40:00,08:40:10,stop_point:SP_4841,Jean Gay,7
2303437,08:41:00,08:41:10,stop_point:SP_3834,Bordeneuve,8
2303437,08:42:00,08:42:10,stop_point:SP_1724,Collège Labitrie,9
2303437,08:43:00,08:43:10,stop_point:SP_2531,Alpilles,10
2303437,08:44:00,08:44:10,stop_point:SP_1488,Périgord,11
2303437,08:45:00,08:45:10,stop_point:SP_1091,St-Pierre,12
2303437,08:47:00,08:47:10,stop_point:SP_1551,Montel,13
2303437,08:48:00,08:48:10,stop_point:SP_1439,Tournefeuille Les Chênes,14
2303437,08:49:00,08:49:10,stop_point:SP_2889,Montjoie,15
2303437,08:50:00,08:50:10,stop_point:SP_4809,Ctre Cial Tournefeuille,16
2303437,08:51:00,08:51:10,stop_point:SP_2196,St-Exupéry,17
2303437,08:53:00,08:53:10,stop_point:SP_473,Briqueterie,18
2303437,08:54:00,08:54:10,stop_point:SP_2216,Montagné,19
2303437,08:55:00,08:55:10,stop_point:SP_1474,Lardenne,20
2303437,08:57:00,08:57:10,stop_point:SP_668,Eglise Lardenne,21
2303437,08:59:00,08:59:10,stop_point:SP_3700,Centre Aéré,22
2303437,09:00:00,09:00:10,stop_point:SP_1171,Tissié,23
2303437,09:02:00,09:02:10,stop_point:SP_1460,Pont Rocade,24
2303437,09:03:00,09:03:10,stop_point:SP_1149,Brombach,25
2303437,09:05:00,09:05:10,stop_point:SP_3407,Hippodrome,26
2303437,09:06:00,09:06:10,stop_point:SP_639,Négogousses,27
2303437,09:09:00,09:09:10,stop_point:SP_1754,Arènes,28
2303438,08:41:00,08:41:10,stop_point:SP_1027,Plaisance Monestié,1
2303438,08:43:00,08:43:10,stop_point:SP_4802,Eglise Plaisance,2
2303438,08:44:00,08:44:10,stop_point:SP_4805,Rivière - Basse,3
2303438,08:45:00,08:45:10,stop_point:SP_4808,Prat Dessus,4
2303438,08:47:00,08:47:10,stop_point:SP_4804,Loti,5
2303438,08:50:00,08:50:10,stop_point:SP_4807,Tournefeuille Lycée,6
2303438,08:51:00,08:51:10,stop_point:SP_4841,Jean Gay,7
2303438,08:52:00,08:52:10,stop_point:SP_3834,Bordeneuve,8
2303438,08:53:00,08:53:10,stop_point:SP_1724,Collège Labitrie,9
2303438,08:54:00,08:54:10,stop_point:SP_2531,Alpilles,10
2303438,08:55:00,08:55:10,stop_point:SP_1488,Périgord,11
2303438,08:56:00,08:56:10,stop_point:SP_1091,St-Pierre,12
2303438,08:58:00,08:58:10,stop_point:SP_1551,Montel,13
2303438,08:59:00,08:59:10,stop_point:SP_1439,Tournefeuille Les Chênes,14
2303438,09:00:00,09:00:10,stop_point:SP_2889,Montjoie,15
2303438,09:01:00,09:01:10,stop_point:SP_4809,Ctre Cial Tournefeuille,16
2303438,09:02:00,09:02:10,stop_point:SP_2196,St-Exupéry,17
2303438,09:04:00,09:04:10,stop_point:SP_473,Briqueterie,18
2303438,09:05:00,09:05:10,stop_point:SP_2216,Montagné,19
2303438,09:06:00,09:06:10,stop_point:SP_1474,Lardenne,20
2303438,09:08:00,09:08:10,stop_point:SP_668,Eglise Lardenne,21
2303438,09:10:00,09:10:10,stop_point:SP_3700,Centre Aéré,22
2303438,09:11:00,09:11:10,stop_point:SP_1171,Tissié,23
2303438,09:13:00,09:13:10,stop_point:SP_1460,Pont Rocade,24
2303438,09:14:00,09:14:10,stop_point:SP_1149,Brombach,25
2303438,09:15:00,09:15:10,stop_point:SP_3407,Hippodrome,26
2303438,09:16:00,09:16:10,stop_point:SP_639,Négogousses,27
2303438,09:19:00,09:19:10,stop_point:SP_1754,Arènes,28
2303439,08:51:00,08:51:10,stop_point:SP_1027,Plaisance Monestié,1
2303439,08:53:00,08:53:10,stop_point:SP_4802,Eglise Plaisance,2
2303439,08:54:00,08:54:10,stop_point:SP_4805,Rivière - Basse,3
2303439,08:55:00,08:55:10,stop_point:SP_4808,Prat Dessus,4
2303439,08:56:00,08:56:10,stop_point:SP_4804,Loti,5
2303439,08:59:00,08:59:10,stop_point:SP_4807,Tournefeuille Lycée,6
2303439,09:00:00,09:00:10,stop_point:SP_4841,Jean Gay,7
2303439,09:01:00,09:01:10,stop_point:SP_3834,Bordeneuve,8
2303439,09:02:00,09:02:10,stop_point:SP_1724,Collège Labitrie,9
2303439,09:03:00,09:03:10,stop_point:SP_2531,Alpilles,10
2303439,09:04:00,09:04:10,stop_point:SP_1488,Périgord,11
2303439,09:05:00,09:05:10,stop_point:SP_1091,St-Pierre,12
2303439,09:06:00,09:06:10,stop_point:SP_1551,Montel,13
2303439,09:07:00,09:07:10,stop_point:SP_1439,Tournefeuille Les Chênes,14
2303439,09:08:00,09:08:10,stop_point:SP_2889,Montjoie,15
2303439,09:09:00,09:09:10,stop_point:SP_4809,Ctre Cial Tournefeuille,16
2303439,09:10:00,09:10:10,stop_point:SP_2196,St-Exupéry,17
2303439,09:12:00,09:12:10,stop_point:SP_473,Briqueterie,18
2303439,09:13:00,09:13:10,stop_point:SP_2216,Montagné,19
2303439,09:14:00,09:14:10,stop_point:SP_1474,Lardenne,20
2303439,09:16:00,09:16:10,stop_point:SP_668,Eglise Lardenne,21
2303439,09:18:00,09:18:10,stop_point:SP_3700,Centre Aéré,22
2303439,09:19:00,09:19:10,stop_point:SP_1171,Tissié,23
2303439,09:21:00,09:21:10,stop_point:SP_1460,Pont Rocade,24
2303439,09:22:00,09:22:10,stop_point:SP_1149,Brombach,25
2303439,09:23:00,09:23:10,stop_point:SP_3407,Hippodrome,26
2303439,09:24:00,09:24:10,stop_point:SP_639,Négogousses,27
2303439,09:27:00,09:27:10,stop_point:SP_1754,Arènes,28
2303440,09:01:00,09:01:10,stop_point:SP_1027,Plaisance Monestié,1
2303440,09:03:00,09:03:10,stop_point:SP_4802,Eglise Plaisance,2
2303440,09:04:00,09:04:10,stop_point:SP_4805,Rivière - Basse,3
2303440,09:05:00,09:05:10,stop_point:SP_4808,Prat Dessus,4
2303440,09:06:00,09:06:10,stop_point:SP_4804,Loti,5
2303440,09:09:00,09:09:10,stop_point:SP_4807,Tournefeuille Lycée,6
2303440,09:10:00,09:10:10,stop_point:SP_4841,Jean Gay,7
2303440,09:11:00,09:11:10,stop_point:SP_3834,Bordeneuve,8
2303440,09:12:00,09:12:10,stop_point:SP_1724,Collège Labitrie,9
2303440,09:13:00,09:13:10,stop_point:SP_2531,Alpilles,10
2303440,09:14:00,09:14:10,stop_point:SP_1488,Périgord,11
2303440,09:15:00,09:15:10,stop_point:SP_1091,St-Pierre,12
2303440,09:16:00,09:16:10,stop_point:SP_1551,Montel,13
2303440,09:17:00,09:17:10,stop_point:SP_1439,Tournefeuille Les Chênes,14
2303440,09:18:00,09:18:10,stop_point:SP_2889,Montjoie,15
2303440,09:19:00,09:19:10,stop_point:SP_4809,Ctre Cial Tournefeuille,16
2303440,09:20:00,09:20:10,stop_point:SP_2196,St-Exupéry,17
2303440,09:22:00,09:22:10,stop_point:SP_473,Briqueterie,18
2303440,09:23:00,09:23:10,stop_point:SP_2216,Montagné,19
2303440,09:24:00,09:24:10,stop_point:SP_1474,Lardenne,20
2303440,09:26:00,09:26:10,stop_point:SP_668,Eglise Lardenne,21
2303440,09:27:00,09:27:10,stop_point:SP_3700,Centre Aéré,22
2303440,09:28:00,09:28:10,stop_point:SP_1171,Tissié,23
2303440,09:30:00,09:30:10,stop_point:SP_1460,Pont Rocade,24
2303440,09:31:00,09:31:10,stop_point:SP_1149,Brombach,25
2303440,09:32:00,09:32:10,stop_point:SP_3407,Hippodrome,26
2303440,09:33:00,09:33:10,stop_point:SP_639,Négogousses,27
2303440,09:36:00,09:36:10,stop_point:SP_1754,Arènes,28
2303441,09:11:00,09:11:10,stop_point:SP_1027,Plaisance Monestié,1
2303441,09:12:00,09:12:10,stop_point:SP_4802,Eglise Plaisance,2
2303441,09:14:00,09:14:10,stop_point:SP_4805,Rivière - Basse,3
2303441,09:14:00,09:14:10,stop_point:SP_4808,Prat Dessus,4
2303441,09:16:00,09:16:10,stop_point:SP_4804,Loti,5
2303441,09:18:00,09:18:10,stop_point:SP_4807,Tournefeuille Lycée,6
2303441,09:19:00,09:19:10,stop_point:SP_4841,Jean Gay,7
2303441,09:20:00,09:20:10,stop_point:SP_3834,Bordeneuve,8
2303441,09:21:00,09:21:10,stop_point:SP_1724,Collège Labitrie,9
2303441,09:22:00,09:22:10,stop_point:SP_2531,Alpilles,10
2303441,09:23:00,09:23:10,stop_point:SP_1488,Périgord,11
2303441,09:24:00,09:24:10,stop_point:SP_1091,St-Pierre,12
2303441,09:25:00,09:25:10,stop_point:SP_1551,Montel,13
2303441,09:26:00,09:26:10,stop_point:SP_1439,Tournefeuille Les Chênes,14
2303441,09:27:00,09:27:10,stop_point:SP_2889,Montjoie,15
2303441,09:28:00,09:28:10,stop_point:SP_4809,Ctre Cial Tournefeuille,16
2303441,09:29:00,09:29:10,stop_point:SP_2196,St-Exupéry,17
2303441,09:31:00,09:31:10,stop_point:SP_473,Briqueterie,18
2303441,09:32:00,09:32:10,stop_point:SP_2216,Montagné,19
2303441,09:33:00,09:33:10,stop_point:SP_1474,Lardenne,20
2303441,09:35:00,09:35:10,stop_point:SP_668,Eglise Lardenne,21
2303441,09:36:00,09:36:10,stop_point:SP_3700,Centre Aéré,22
2303441,09:37:00,09:37:10,stop_point:SP_1171,Tissié,23
2303441,09:39:00,09:39:10,stop_point:SP_1460,Pont Rocade,24
2303441,09:40:00,09:40:10,stop_point:SP_1149,Brombach,25
2303441,09:41:00,09:41:10,stop_point:SP_3407,Hippodrome,26
2303441,09:42:00,09:42:10,stop_point:SP_639,Négogousses,27
2303441,09:45:00,09:45:10,stop_point:SP_1754,Arènes,28
2303442,09:21:00,09:21:10,stop_point:SP_1027,Plaisance Monestié,1
2303442,09:22:00,09:22:10,stop_point:SP_4802,Eglise Plaisance,2
2303442,09:24:00,09:24:10,stop_point:SP_4805,Rivière - Basse,3
2303442,09:24:00,09:24:10,stop_point:SP_4808,Prat Dessus,4
2303442,09:26:00,09:26:10,stop_point:SP_4804,Loti,5
2303442,09:28:00,09:28:10,stop_point:SP_4807,Tournefeuille Lycée,6
2303442,09:29:00,09:29:10,stop_point:SP_4841,Jean Gay,7
2303442,09:30:00,09:30:10,stop_point:SP_3834,Bordeneuve,8
2303442,09:31:00,09:31:10,stop_point:SP_1724,Collège Labitrie,9
2303442,09:32:00,09:32:10,stop_point:SP_2531,Alpilles,10
2303442,09:33:00,09:33:10,stop_point:SP_1488,Périgord,11
2303442,09:34:00,09:34:10,stop_point:SP_1091,St-Pierre,12
2303442,09:35:00,09:35:10,stop_point:SP_1551,Montel,13
2303442,09:36:00,09:36:10,stop_point:SP_1439,Tournefeuille Les Chênes,14
2303442,09:37:00,09:37:10,stop_point:SP_2889,Montjoie,15
2303442,09:38:00,09:38:10,stop_point:SP_4809,Ctre Cial Tournefeuille,16
2303442,09:39:00,09:39:10,stop_point:SP_2196,St-Exupéry,17
2303442,09:41:00,09:41:10,stop_point:SP_473,Briqueterie,18
2303442,09:42:00,09:42:10,stop_point:SP_2216,Montagné,19
2303442,09:43:00,09:43:10,stop_point:SP_1474,Lardenne,20
2303442,09:45:00,09:45:10,stop_point:SP_668,Eglise Lardenne,21
2303442,09:46:00,09:46:10,stop_point:SP_3700,Centre Aéré,22
2303442,09:47:00,09:47:10,stop_point:SP_1171,Tissié,23
2303442,09:49:00,09:49:10,stop_point:SP_1460,Pont Rocade,24
2303442,09:50:00,09:50:10,stop_point:SP_1149,Brombach,25
2303442,09:51:00,09:51:10,stop_point:SP_3407,Hippodrome,26
2303442,09:52:00,09:52:10,stop_point:SP_639,Négogousses,27
2303442,09:55:00,09:55:10,stop_point:SP_1754,Arènes,28
2303443,09:31:00,09:31:10,stop_point:SP_1027,Plaisance Monestié,1
2303443,09:32:00,09:32:10,stop_point:SP_4802,Eglise Plaisance,2
2303443,09:34:00,09:34:10,stop_point:SP_4805,Rivière - Basse,3
2303443,09:34:00,09:34:10,stop_point:SP_4808,Prat Dessus,4
2303443,09:36:00,09:36:10,stop_point:SP_4804,Loti,5
2303443,09:38:00,09:38:10,stop_point:SP_4807,Tournefeuille Lycée,6
2303443,09:39:00,09:39:10,stop_point:SP_4841,Jean Gay,7
2303443,09:40:00,09:40:10,stop_point:SP_3834,Bordeneuve,8
2303443,09:41:00,09:41:10,stop_point:SP_1724,Collège Labitrie,9
2303443,09:42:00,09:42:10,stop_point:SP_2531,Alpilles,10
2303443,09:43:00,09:43:10,stop_point:SP_1488,Périgord,11
2303443,09:44:00,09:44:10,stop_point:SP_1091,St-Pierre,12
2303443,09:45:00,09:45:10,stop_point:SP_1551,Montel,13
2303443,09:46:00,09:46:10,stop_point:SP_1439,Tournefeuille Les Chênes,14
2303443,09:47:00,09:47:10,stop_point:SP_2889,Montjoie,15
2303443,09:48:00,09:48:10,stop_point:SP_4809,Ctre Cial Tournefeuille,16
2303443,09:49:00,09:49:10,stop_point:SP_2196,St-Exupéry,17
2303443,09:51:00,09:51:10,stop_point:SP_473,Briqueterie,18
2303443,09:52:00,09:52:10,stop_point:SP_2216,Montagné,19
2303443,09:53:00,09:53:10,stop_point:SP_1474,Lardenne,20
2303443,09:55:00,09:55:10,stop_point:SP_668,Eglise Lardenne,21
2303443,09:56:00,09:56:10,stop_point:SP_3700,Centre Aéré,22
2303443,09:57:00,09:57:10,stop_point:SP_1171,Tissié,23
2303443,09:59:00,09:59:10,stop_point:SP_1460,Pont Rocade,24
2303443,10:00:00,10:00:10,stop_point:SP_1149,Brombach,25
2303443,10:01:00,10:01:10,stop_point:SP_3407,Hippodrome,26
2303443,10:02:00,10:02:10,stop_point:SP_639,Négogousses,27
2303443,10:05:00,10:05:10,stop_point:SP_1754,Arènes,28
2303444,09:41:00,09:41:10,stop_point:SP_1027,Plaisance Monestié,1
2303444,09:42:00,09:42:10,stop_point:SP_4802,Eglise Plaisance,2
2303444,09:44:00,09:44:10,stop_point:SP_4805,Rivière - Basse,3
2303444,09:44:00,09:44:10,stop_point:SP_4808,Prat Dessus,4
2303444,09:46:00,09:46:10,stop_point:SP_4804,Loti,5
2303444,09:48:00,09:48:10,stop_point:SP_4807,Tournefeuille Lycée,6
2303444,09:49:00,09:49:10,stop_point:SP_4841,Jean Gay,7
2303444,09:50:00,09:50:10,stop_point:SP_3834,Bordeneuve,8
2303444,09:51:00,09:51:10,stop_point:SP_1724,Collège Labitrie,9
2303444,09:52:00,09:52:10,stop_point:SP_2531,Alpilles,10
2303444,09:53:00,09:53:10,stop_point:SP_1488,Périgord,11
2303444,09:54:00,09:54:10,stop_point:SP_1091,St-Pierre,12
2303444,09:55:00,09:55:10,stop_point:SP_1551,Montel,13
2303444,09:56:00,09:56:10,stop_point:SP_1439,Tournefeuille Les Chênes,14
2303444,09:57:00,09:57:10,stop_point:SP_2889,Montjoie,15
2303444,09:58:00,09:58:10,stop_point:SP_4809,Ctre Cial Tournefeuille,16
2303444,09:59:00,09:59:10,stop_point:SP_2196,St-Exupéry,17
2303444,10:01:00,10:01:10,stop_point:SP_473,Briqueterie,18
2303444,10:02:00,10:02:10,stop_point:SP_2216,Montagné,19
2303444,10:03:00,10:03:10,stop_point:SP_1474,Lardenne,20
2303444,10:05:00,10:05:10,stop_point:SP_668,Eglise Lardenne,21
2303444,10:06:00,10:06:10,stop_point:SP_3700,Centre Aéré,22
2303444,10:07:00,10:07:10,stop_point:SP_1171,Tissié,23
2303444,10:09:00,10:09:10,stop_point:SP_1460,Pont Rocade,24
2303444,10:10:00,10:10:10,stop_point:SP_1149,Brombach,25
2303444,10:11:00,10:11:10,stop_point:SP_3407,Hippodrome,26
2303444,10:12:00,10:12:10,stop_point:SP_639,Négogousses,27
2303444,10:15:00,10:15:10,stop_point:SP_1754,Arènes,28
2303445,09:51:00,09:51:10,stop_point:SP_1027,Plaisance Monestié,1
2303445,09:52:00,09:52:10,stop_point:SP_4802,Eglise Plaisance,2
2303445,09:54:00,09:54:10,stop_point:SP_4805,Rivière - Basse,3
2303445,09:54:00,09:54:10,stop_point:SP_4808,Prat Dessus,4
2303445,09:56:00,09:56:10,stop_point:SP_4804,Loti,5
2303445,09:58:00,09:58:10,stop_point:SP_4807,Tournefeuille Lycée,6
2303445,09:59:00,09:59:10,stop_point:SP_4841,Jean Gay,7
2303445,10:00:00,10:00:10,stop_point:SP_3834,Bordeneuve,8
2303445,10:01:00,10:01:10,stop_point:SP_1724,Collège Labitrie,9
2303445,10:02:00,10:02:10,stop_point:SP_2531,Alpilles,10
2303445,10:03:00,10:03:10,stop_point:SP_1488,Périgord,11
2303445,10:04:00,10:04:10,stop_point:SP_1091,St-Pierre,12
2303445,10:05:00,10:05:10,stop_point:SP_1551,Montel,13
2303445,10:06:00,10:06:10,stop_point:SP_1439,Tournefeuille Les Chênes,14
2303445,10:07:00,10:07:10,stop_point:SP_2889,Montjoie,15
2303445,10:08:00,10:08:10,stop_point:SP_4809,Ctre Cial Tournefeuille,16
2303445,10:09:00,10:09:10,stop_point:SP_2196,St-Exupéry,17
2303445,10:11:00,10:11:10,stop_point:SP_473,Briqueterie,18
2303445,10:12:00,10:12:10,stop_point:SP_2216,Montagné,19
2303445,10:13:00,10:13:10,stop_point:SP_1474,Lardenne,20
2303445,10:15:00,10:15:10,stop_point:SP_668,Eglise Lardenne,21
2303445,10:16:00,10:16:10,stop_point:SP_3700,Centre Aéré,22
2303445,10:17:00,10:17:10,stop_point:SP_1171,Tissié,23
2303445,10:19:00,10:19:10,stop_point:SP_1460,Pont Rocade,24
2303445,10:20:00,10:20:10,stop_point:SP_1149,Brombach,25
2303445,10:21:00,10:21:10,stop_point:SP_3407,Hippodrome,26
2303445,10:22:00,10:22:10,stop_point:SP_639,Négogousses,27
2303445,10:25:00,10:25:10,stop_point:SP_1754,Arènes,28
2303446,10:01:00,10:01:10,stop_point:SP_1027,Plaisance Monestié,1
2303446,10:02:00,10:02:10,stop_point:SP_4802,Eglise Plaisance,2
2303446,10:04:00,10:04:10,stop_point:SP_4805,Rivière - Basse,3
2303446,10:04:00,10:04:10,stop_point:SP_4808,Prat Dessus,4
2303446,10:06:00,10:06:10,stop_point:SP_4804,Loti,5
2303446,10:08:00,10:08:10,stop_point:SP_4807,Tournefeuille Lycée,6
2303446,10:09:00,10:09:10,stop_point:SP_4841,Jean Gay,7
2303446,10:10:00,10:10:10,stop_point:SP_3834,Bordeneuve,8
2303446,10:11:00,10:11:10,stop_point:SP_1724,Collège Labitrie,9
2303446,10:12:00,10:12:10,stop_point:SP_2531,Alpilles,10
2303446,10:13:00,10:13:10,stop_point:SP_1488,Périgord,11
2303446,10:14:00,10:14:10,stop_point:SP_1091,St-Pierre,12
2303446,10:15:00,10:15:10,stop_point:SP_1551,Montel,13
2303446,10:16:00,10:16:10,stop_point:SP_1439,Tournefeuille Les Chênes,14
2303446,10:17:00,10:17:10,stop_point:SP_2889,Montjoie,15
2303446,10:18:00,10:18:10,stop_point:SP_4809,Ctre Cial Tournefeuille,16
2303446,10:19:00,10:19:10,stop_point:SP_2196,St-Exupéry,17
2303446,10:21:00,10:21:10,stop_point:SP_473,Briqueterie,18
2303446,10:22:00,10:22:10,stop_point:SP_2216,Montagné,19
2303446,10:23:00,10:23:10,stop_point:SP_1474,Lardenne,20
2303446,10:25:00,10:25:10,stop_point:SP_668,Eglise Lardenne,21
2303446,10:26:00,10:26:10,stop_point:SP_3700,Centre Aéré,22
2303446,10:27:00,10:27:10,stop_point:SP_1171,Tissié,23
2303446,10:29:00,10:29:10,stop_point:SP_1460,Pont Rocade,24
2303446,10:30:00,10:30:10,stop_point:SP_1149,Brombach,25
2303446,10:31:00,10:31:10,stop_point:SP_3407,Hippodrome,26
2303446,10:32:00,10:32:10,stop_point:SP_639,Négogousses,27
2303446,10:35:00,10:35:10,stop_point:SP_1754,Arènes,28
2303447,10:11:00,10:11:10,stop_point:SP_1027,Plaisance Monestié,1
2303447,10:12:00,10:12:10,stop_point:SP_4802,Eglise Plaisance,2
2303447,10:14:00,10:14:10,stop_point:SP_4805,Rivière - Basse,3
2303447,10:14:00,10:14:10,stop_point:SP_4808,Prat Dessus,4
2303447,10:16:00,10:16:10,stop_point:SP_4804,Loti,5
2303447,10:18:00,10:18:10,stop_point:SP_4807,Tournefeuille Lycée,6
2303447,10:19:00,10:19:10,stop_point:SP_4841,Jean Gay,7
2303447,10:20:00,10:20:10,stop_point:SP_3834,Bordeneuve,8
2303447,10:21:00,10:21:10,stop_point:SP_1724,Collège Labitrie,9
2303447,10:22:00,10:22:10,stop_point:SP_2531,Alpilles,10
2303447,10:23:00,10:23:10,stop_point:SP_1488,Périgord,11
2303447,10:24:00,10:24:10,stop_point:SP_1091,St-Pierre,12
2303447,10:25:00,10:25:10,stop_point:SP_1551,Montel,13
2303447,10:26:00,10:26:10,stop_point:SP_1439,Tournefeuille Les Chênes,14
2303447,10:27:00,10:27:10,stop_point:SP_2889,Montjoie,15
2303447,10:28:00,10:28:10,stop_point:SP_4809,Ctre Cial Tournefeuille,16
2303447,10:29:00,10:29:10,stop_point:SP_2196,St-Exupéry,17
2303447,10:31:00,10:31:10,stop_point:SP_473,Briqueterie,18
2303447,10:32:00,10:32:10,stop_point:SP_2216,Montagné,19
2303447,10:33:00,10:33:10,stop_point:SP_1474,Lardenne,20
2303447,10:35:00,10:35:10,stop_point:SP_668,Eglise Lardenne,21
2303447,10:36:00,10:36:10,stop_point:SP_3700,Centre Aéré,22
2303447,10:37:00,10:37:10,stop_point:SP_1171,Tissié,23
2303447,10:39:00,10:39:10,stop_point:SP_1460,Pont Rocade,24
2303447,10:40:00,10:40:10,stop_point:SP_1149,Brombach,25
2303447,10:41:00,10:41:10,stop_point:SP_3407,Hippodrome,26
2303447,10:42:00,10:42:10,stop_point:SP_639,Négogousses,27
2303447,10:45:00,10:45:10,stop_point:SP_1754,Arènes,28
2303448,10:21:00,10:21:10,stop_point:SP_1027,Plaisance Monestié,1
2303448,10:22:00,10:22:10,stop_point:SP_4802,Eglise Plaisance,2
2303448,10:24:00,10:24:10,stop_point:SP_4805,Rivière - Basse,3
2303448,10:24:00,10:24:10,stop_point:SP_4808,Prat Dessus,4
2303448,10:26:00,10:26:10,stop_point:SP_4804,Loti,5
2303448,10:28:00,10:28:10,stop_point:SP_4807,Tournefeuille Lycée,6
2303448,10:29:00,10:29:10,stop_point:SP_4841,Jean Gay,7
2303448,10:30:00,10:30:10,stop_point:SP_3834,Bordeneuve,8
2303448,10:31:00,10:31:10,stop_point:SP_1724,Collège Labitrie,9
2303448,10:32:00,10:32:10,stop_point:SP_2531,Alpilles,10
2303448,10:33:00,10:33:10,stop_point:SP_1488,Périgord,11
2303448,10:34:00,10:34:10,stop_point:SP_1091,St-Pierre,12
2303448,10:35:00,10:35:10,stop_point:SP_1551,Montel,13
2303448,10:36:00,10:36:10,stop_point:SP_1439,Tournefeuille Les Chênes,14
2303448,10:37:00,10:37:10,stop_point:SP_2889,Montjoie,15
2303448,10:38:00,10:38:10,stop_point:SP_4809,Ctre Cial Tournefeuille,16
2303448,10:39:00,10:39:10,stop_point:SP_2196,St-Exupéry,17
2303448,10:41:00,10:41:10,stop_point:SP_473,Briqueterie,18
2303448,10:42:00,10:42:10,stop_point:SP_2216,Montagné,19
2303448,10:43:00,10:43:10,stop_point:SP_1474,Lardenne,20
2303448,10:45:00,10:45:10,stop_point:SP_668,Eglise Lardenne,21
2303448,10:46:00,10:46:10,stop_point:SP_3700,Centre Aéré,22
2303448,10:47:00,10:47:10,stop_point:SP_1171,Tissié,23
2303448,10:49:00,10:49:10,stop_point:SP_1460,Pont Rocade,24
2303448,10:50:00,10:50:10,stop_point:SP_1149,Brombach,25
2303448,10:51:00,10:51:10,stop_point:SP_3407,Hippodrome,26
2303448,10:52:00,10:52:10,stop_point:SP_639,Négogousses,27
2303448,10:55:00,10:55:10,stop_point:SP_1754,Arènes,28
2303449,10:31:00,10:31:10,stop_point:SP_1027,Plaisance Monestié,1
2303449,10:32:00,10:32:10,stop_point:SP_4802,Eglise Plaisance,2
2303449,10:34:00,10:34:10,stop_point:SP_4805,Rivière - Basse,3
2303449,10:34:00,10:34:10,stop_point:SP_4808,Prat Dessus,4
2303449,10:36:00,10:36:10,stop_point:SP_4804,Loti,5
2303449,10:38:00,10:38:10,stop_point:SP_4807,Tournefeuille Lycée,6
2303449,10:39:00,10:39:10,stop_point:SP_4841,Jean Gay,7
2303449,10:40:00,10:40:10,stop_point:SP_3834,Bordeneuve,8
2303449,10:41:00,10:41:10,stop_point:SP_1724,Collège Labitrie,9
2303449,10:42:00,10:42:10,stop_point:SP_2531,Alpilles,10
2303449,10:43:00,10:43:10,stop_point:SP_1488,Périgord,11
2303449,10:44:00,10:44:10,stop_point:SP_1091,St-Pierre,12
2303449,10:45:00,10:45:10,stop_point:SP_1551,Montel,13
2303449,10:46:00,10:46:10,stop_point:SP_1439,Tournefeuille Les Chênes,14
2303449,10:47:00,10:47:10,stop_point:SP_2889,Montjoie,15
2303449,10:48:00,10:48:10,stop_point:SP_4809,Ctre Cial Tournefeuille,16
2303449,10:49:00,10:49:10,stop_point:SP_2196,St-Exupéry,17
2303449,10:51:00,10:51:10,stop_point:SP_473,Briqueterie,18
2303449,10:52:00,10:52:10,stop_point:SP_2216,Montagné,19
2303449,10:53:00,10:53:10,stop_point:SP_1474,Lardenne,20
2303449,10:55:00,10:55:10,stop_point:SP_668,Eglise Lardenne,21
2303449,10:56:00,10:56:10,stop_point:SP_3700,Centre Aéré,22
2303449,10:57:00,10:57:10,stop_point:SP_1171,Tissié,23
2303449,10:59:00,10:59:10,stop_point:SP_1460,Pont Rocade,24
2303449,11:00:00,11:00:10,stop_point:SP_1149,Brombach,25
2303449,11:01:00,11:01:10,stop_point:SP_3407,Hippodrome,26
2303449,11:02:00,11:02:10,stop_point:SP_639,Négogousses,27
2303449,11:05:00,11:05:10,stop_point:SP_1754,Arènes,28
2303450,10:43:00,10:43:10,stop_point:SP_1027,Plaisance Monestié,1
2303450,10:44:00,10:44:10,stop_point:SP_4802,Eglise Plaisance,2
2303450,10:46:00,10:46:10,stop_point:SP_4805,Rivière - Basse,3
2303450,10:46:00,10:46:10,stop_point:SP_4808,Prat Dessus,4
2303450,10:48:00,10:48:10,stop_point:SP_4804,Loti,5
2303450,10:50:00,10:50:10,stop_point:SP_4807,Tournefeuille Lycée,6
2303450,10:51:00,10:51:10,stop_point:SP_4841,Jean Gay,7
2303450,10:52:00,10:52:10,stop_point:SP_3834,Bordeneuve,8
2303450,10:53:00,10:53:10,stop_point:SP_1724,Collège Labitrie,9
2303450,10:54:00,10:54:10,stop_point:SP_2531,Alpilles,10
2303450,10:55:00,10:55:10,stop_point:SP_1488,Périgord,11
2303450,10:56:00,10:56:10,stop_point:SP_1091,St-Pierre,12
2303450,10:57:00,10:57:10,stop_point:SP_1551,Montel,13
2303450,10:58:00,10:58:10,stop_point:SP_1439,Tournefeuille Les Chênes,14
2303450,10:59:00,10:59:10,stop_point:SP_2889,Montjoie,15
2303450,11:00:00,11:00:10,stop_point:SP_4809,Ctre Cial Tournefeuille,16
2303450,11:01:00,11:01:10,stop_point:SP_2196,St-Exupéry,17
2303450,11:03:00,11:03:10,stop_point:SP_473,Briqueterie,18
2303450,11:04:00,11:04:10,stop_point:SP_2216,Montagné,19
2303450,11:05:00,11:05:10,stop_point:SP_1474,Lardenne,20
2303450,11:07:00,11:07:10,stop_point:SP_668,Eglise Lardenne,21
2303450,11:08:00,11:08:10,stop_point:SP_3700,Centre Aéré,22
2303450,11:09:00,11:09:10,stop_point:SP_1171,Tissié,23
2303450,11:11:00,11:11:10,stop_point:SP_1460,Pont Rocade,24
2303450,11:12:00,11:12:10,stop_point:SP_1149,Brombach,25
2303450,11:13:00,11:13:10,stop_point:SP_3407,Hippodrome,26
2303450,11:14:00,11:14:10,stop_point:SP_639,Négogousses,27
2303450,11:17:00,11:17:10,stop_point:SP_1754,Arènes,28
2303451,10:55:00,10:55:10,stop_point:SP_1027,Plaisance Monestié,1
2303451,10:56:00,10:56:10,stop_point:SP_4802,Eglise Plaisance,2
2303451,10:58:00,10:58:10,stop_point:SP_4805,Rivière - Basse,3
2303451,10:58:00,10:58:10,stop_point:SP_4808,Prat Dessus,4
2303451,11:00:00,11:00:10,stop_point:SP_4804,Loti,5
2303451,11:02:00,11:02:10,stop_point:SP_4807,Tournefeuille Lycée,6
2303451,11:03:00,11:03:10,stop_point:SP_4841,Jean Gay,7
2303451,11:04:00,11:04:10,stop_point:SP_3834,Bordeneuve,8
2303451,11:05:00,11:05:10,stop_point:SP_1724,Collège Labitrie,9
2303451,11:06:00,11:06:10,stop_point:SP_2531,Alpilles,10
2303451,11:07:00,11:07:10,stop_point:SP_1488,Périgord,11
2303451,11:08:00,11:08:10,stop_point:SP_1091,St-Pierre,12
2303451,11:09:00,11:09:10,stop_point:SP_1551,Montel,13
2303451,11:10:00,11:10:10,stop_point:SP_1439,Tournefeuille Les Chênes,14
2303451,11:11:00,11:11:10,stop_point:SP_2889,Montjoie,15
2303451,11:12:00,11:12:10,stop_point:SP_4809,Ctre Cial Tournefeuille,16
2303451,11:13:00,11:13:10,stop_point:SP_2196,St-Exupéry,17
2303451,11:15:00,11:15:10,stop_point:SP_473,Briqueterie,18
2303451,11:16:00,11:16:10,stop_point:SP_2216,Montagné,19
2303451,11:17:00,11:17:10,stop_point:SP_1474,Lardenne,20
2303451,11:19:00,11:19:10,stop_point:SP_668,Eglise Lardenne,21
2303451,11:20:00,11:20:10,stop_point:SP_3700,Centre Aéré,22
2303451,11:21:00,11:21:10,stop_point:SP_1171,Tissié,23
2303451,11:23:00,11:23:10,stop_point:SP_1460,Pont Rocade,24
2303451,11:24:00,11:24:10,stop_point:SP_1149,Brombach,25
2303451,11:25:00,11:25:10,stop_point:SP_3407,Hippodrome,26
2303451,11:26:00,11:26:10,stop_point:SP_639,Négogousses,27
2303451,11:29:00,11:29:10,stop_point:SP_1754,Arènes,28
2303452,11:07:00,11:07:10,stop_point:SP_1027,Plaisance Monestié,1
2303452,11:08:00,11:08:10,stop_point:SP_4802,Eglise Plaisance,2
2303452,11:10:00,11:10:10,stop_point:SP_4805,Rivière - Basse,3
2303452,11:10:00,11:10:10,stop_point:SP_4808,Prat Dessus,4
2303452,11:12:00,11:12:10,stop_point:SP_4804,Loti,5
2303452,11:14:00,11:14:10,stop_point:SP_4807,Tournefeuille Lycée,6
2303452,11:15:00,11:15:10,stop_point:SP_4841,Jean Gay,7
2303452,11:16:00,11:16:10,stop_point:SP_3834,Bordeneuve,8
2303452,11:17:00,11:17:10,stop_point:SP_1724,Collège Labitrie,9
2303452,11:18:00,11:18:10,stop_point:SP_2531,Alpilles,10
2303452,11:19:00,11:19:10,stop_point:SP_1488,Périgord,11
2303452,11:20:00,11:20:10,stop_point:SP_1091,St-Pierre,12
2303452,11:21:00,11:21:10,stop_point:SP_1551,Montel,13
2303452,11:22:00,11:22:10,stop_point:SP_1439,Tournefeuille Les Chênes,14
2303452,11:23:00,11:23:10,stop_point:SP_2889,Montjoie,15
2303452,11:24:00,11:24:10,stop_point:SP_4809,Ctre Cial Tournefeuille,16
2303452,11:25:00,11:25:10,stop_point:SP_2196,St-Exupéry,17
2303452,11:27:00,11:27:10,stop_point:SP_473,Briqueterie,18
2303452,11:28:00,11:28:10,stop_point:SP_2216,Montagné,19
2303452,11:29:00,11:29:10,stop_point:SP_1474,Lardenne,20
2303452,11:31:00,11:31:10,stop_point:SP_668,Eglise Lardenne,21
2303452,11:32:00,11:32:10,stop_point:SP_3700,Centre Aéré,22
2303452,11:33:00,11:33:10,stop_point:SP_1171,Tissié,23
2303452,11:35:00,11:35:10,stop_point:SP_1460,Pont Rocade,24
2303452,11:36:00,11:36:10,stop_point:SP_1149,Brombach,25
2303452,11:37:00,11:37:10,stop_point:SP_3407,Hippodrome,26
2303452,11:38:00,11:38:10,stop_point:SP_639,Négogousses,27
2303452,11:41:00,11:41:10,stop_point:SP_1754,Arènes,28
2303453,11:19:00,11:19:10,stop_point:SP_1027,Plaisance Monestié,1
2303453,11:20:00,11:20:10,stop_point:SP_4802,Eglise Plaisance,2
2303453,11:22:00,11:22:10,stop_point:SP_4805,Rivière - Basse,3
2303453,11:22:00,11:22:10,stop_point:SP_4808,Prat Dessus,4
2303453,11:24:00,11:24:10,stop_point:SP_4804,Loti,5
2303453,11:26:00,11:26:10,stop_point:SP_4807,Tournefeuille Lycée,6
2303453,11:27:00,11:27:10,stop_point:SP_4841,Jean Gay,7
2303453,11:28:00,11:28:10,stop_point:SP_3834,Bordeneuve,8
2303453,11:29:00,11:29:10,stop_point:SP_1724,Collège Labitrie,9
2303453,11:30:00,11:30:10,stop_point:SP_2531,Alpilles,10
2303453,11:31:00,11:31:10,stop_point:SP_1488,Périgord,11
2303453,11:32:00,11:32:10,stop_point:SP_1091,St-Pierre,12
2303453,11:33:00,11:33:10,stop_point:SP_1551,Montel,13
2303453,11:34:00,11:34:10,stop_point:SP_1439,Tournefeuille Les Chênes,14
2303453,11:35:00,11:35:10,stop_point:SP_2889,Montjoie,15
2303453,11:36:00,11:36:10,stop_point:SP_4809,Ctre Cial Tournefeuille,16
2303453,11:37:00,11:37:10,stop_point:SP_2196,St-Exupéry,17
2303453,11:39:00,11:39:10,stop_point:SP_473,Briqueterie,18
2303453,11:40:00,11:40:10,stop_point:SP_2216,Montagné,19
2303453,11:41:00,11:41:10,stop_point:SP_1474,Lardenne,20
2303453,11:43:00,11:43:10,stop_point:SP_668,Eglise Lardenne,21
2303453,11:44:00,11:44:10,stop_point:SP_3700,Centre Aéré,22
2303453,11:45:00,11:45:10,stop_point:SP_1171,Tissié,23
2303453,11:47:00,11:47:10,stop_point:SP_1460,Pont Rocade,24
2303453,11:48:00,11:48:10,stop_point:SP_1149,Brombach,25
2303453,11:49:00,11:49:10,stop_point:SP_3407,Hippodrome,26
2303453,11:50:00,11:50:10,stop_point:SP_639,Négogousses,27
2303453,11:53:00,11:53:10,stop_point:SP_1754,Arènes,28
2303454,11:29:00,11:29:10,stop_point:SP_1027,Plaisance Monestié,1
2303454,11:30:00,11:30:10,stop_point:SP_4802,Eglise Plaisance,2
2303454,11:32:00,11:32:10,stop_point:SP_4805,Rivière - Basse,3
2303454,11:32:00,11:32:10,stop_point:SP_4808,Prat Dessus,4
2303454,11:34:00,11:34:10,stop_point:SP_4804,Loti,5
2303454,11:36:00,11:36:10,stop_point:SP_4807,Tournefeuille Lycée,6
2303454,11:37:00,11:37:10,stop_point:SP_4841,Jean Gay,7
2303454,11:38:00,11:38:10,stop_point:SP_3834,Bordeneuve,8
2303454,11:39:00,11:39:10,stop_point:SP_1724,Collège Labitrie,9
2303454,11:40:00,11:40:10,stop_point:SP_2531,Alpilles,10
2303454,11:41:00,11:41:10,stop_point:SP_1488,Périgord,11
2303454,11:42:00,11:42:10,stop_point:SP_1091,St-Pierre,12
2303454,11:43:00,11:43:10,stop_point:SP_1551,Montel,13
2303454,11:44:00,11:44:10,stop_point:SP_1439,Tournefeuille Les Chênes,14
2303454,11:45:00,11:45:10,stop_point:SP_2889,Montjoie,15
2303454,11:46:00,11:46:10,stop_point:SP_4809,Ctre Cial Tournefeuille,16
2303454,11:47:00,11:47:10,stop_point:SP_2196,St-Exupéry,17
2303454,11:49:00,11:49:10,stop_point:SP_473,Briqueterie,18
2303454,11:50:00,11:50:10,stop_point:SP_2216,Montagné,19
2303454,11:51:00,11:51:10,stop_point:SP_1474,Lardenne,20
2303454,11:53:00,11:53:10,stop_point:SP_668,Eglise Lardenne,21
2303454,11:54:00,11:54:10,stop_point:SP_3700,Centre Aéré,22
2303454,11:55:00,11:55:10,stop_point:SP_1171,Tissié,23
2303454,11:57:00,11:57:10,stop_point:SP_1460,Pont Rocade,24
2303454,11:58:00,11:58:10,stop_point:SP_1149,Brombach,25
2303454,11:59:00,11:59:10,stop_point:SP_3407,Hippodrome,26
2303454,12:00:00,12:00:10,stop_point:SP_639,Négogousses,27
2303454,12:03:00,12:03:10,stop_point:SP_1754,Arènes,28
2303455,11:39:00,11:39:10,stop_point:SP_1027,Plaisance Monestié,1
2303455,11:40:00,11:40:10,stop_point:SP_4802,Eglise Plaisance,2
2303455,11:42:00,11:42:10,stop_point:SP_4805,Rivière - Basse,3
2303455,11:42:00,11:42:10,stop_point:SP_4808,Prat Dessus,4
2303455,11:44:00,11:44:10,stop_point:SP_4804,Loti,5
2303455,11:46:00,11:46:10,stop_point:SP_4807,Tournefeuille Lycée,6
2303455,11:47:00,11:47:10,stop_point:SP_4841,Jean Gay,7
2303455,11:48:00,11:48:10,stop_point:SP_3834,Bordeneuve,8
2303455,11:49:00,11:49:10,stop_point:SP_1724,Collège Labitrie,9
2303455,11:50:00,11:50:10,stop_point:SP_2531,Alpilles,10
2303455,11:51:00,11:51:10,stop_point:SP_1488,Périgord,11
2303455,11:52:00,11:52:10,stop_point:SP_1091,St-Pierre,12
2303455,11:53:00,11:53:10,stop_point:SP_1551,Montel,13
2303455,11:54:00,11:54:10,stop_point:SP_1439,Tournefeuille Les Chênes,14
2303455,11:55:00,11:55:10,stop_point:SP_2889,Montjoie,15
2303455,11:56:00,11:56:10,stop_point:SP_4809,Ctre Cial Tournefeuille,16
2303455,11:57:00,11:57:10,stop_point:SP_2196,St-Exupéry,17
2303455,11:59:00,11:59:10,stop_point:SP_473,Briqueterie,18
2303455,12:00:00,12:00:10,stop_point:SP_2216,Montagné,19
2303455,12:01:00,12:01:10,stop_point:SP_1474,Lardenne,20
2303455,12:03:00,12:03:10,stop_point:SP_668,Eglise Lardenne,21
2303455,12:04:00,12:04:10,stop_point:SP_3700,Centre Aéré,22
2303455,12:05:00,12:05:10,stop_point:SP_1171,Tissié,23
2303455,12:07:00,12:07:10,stop_point:SP_1460,Pont Rocade,24
2303455,12:08:00,12:08:10,stop_point:SP_1149,Brombach,25
2303455,12:09:00,12:09:10,stop_point:SP_3407,Hippodrome,26
2303455,12:10:00,12:10:10,stop_point:SP_639,Négogousses,27
2303455,12:13:00,12:13:10,stop_point:SP_1754,Arènes,28
2303456,11:49:00,11:49:10,stop_point:SP_1027,Plaisance Monestié,1
2303456,11:50:00,11:50:10,stop_point:SP_4802,Eglise Plaisance,2
2303456,11:52:00,11:52:10,stop_point:SP_4805,Rivière - Basse,3
2303456,11:52:00,11:52:10,stop_point:SP_4808,Prat Dessus,4
2303456,11:54:00,11:54:10,stop_point:SP_4804,Loti,5
2303456,11:56:00,11:56:10,stop_point:SP_4807,Tournefeuille Lycée,6
2303456,11:57:00,11:57:10,stop_point:SP_4841,Jean Gay,7
2303456,11:58:00,11:58:10,stop_point:SP_3834,Bordeneuve,8
2303456,11:59:00,11:59:10,stop_point:SP_1724,Collège Labitrie,9
2303456,12:00:00,12:00:10,stop_point:SP_2531,Alpilles,10
2303456,12:01:00,12:01:10,stop_point:SP_1488,Périgord,11
2303456,12:02:00,12:02:10,stop_point:SP_1091,St-Pierre,12
2303456,12:03:00,12:03:10,stop_point:SP_1551,Montel,13
2303456,12:04:00,12:04:10,stop_point:SP_1439,Tournefeuille Les Chênes,14
2303456,12:05:00,12:05:10,stop_point:SP_2889,Montjoie,15
2303456,12:06:00,12:06:10,stop_point:SP_4809,Ctre Cial Tournefeuille,16
2303456,12:07:00,12:07:10,stop_point:SP_2196,St-Exupéry,17
2303456,12:09:00,12:09:10,stop_point:SP_473,Briqueterie,18
2303456,12:10:00,12:10:10,stop_point:SP_2216,Montagné,19
2303456,12:11:00,12:11:10,stop_point:SP_1474,Lardenne,20
2303456,12:13:00,12:13:10,stop_point:SP_668,Eglise Lardenne,21
2303456,12:14:00,12:14:10,stop_point:SP_3700,Centre Aéré,22
2303456,12:15:00,12:15:10,stop_point:SP_1171,Tissié,23
2303456,12:17:00,12:17:10,stop_point:SP_1460,Pont Rocade,24
2303456,12:18:00,12:18:10,stop_point:SP_1149,Brombach,25
2303456,12:19:00,12:19:10,stop_point:SP_3407,Hippodrome,26
2303456,12:20:00,12:20:10,stop_point:SP_639,Négogousses,27
2303456,12:23:00,12:23:10,stop_point:SP_1754,Arènes,28
2303457,11:59:00,11:59:10,stop_point:SP_1027,Plaisance Monestié,1
2303457,12:00:00,12:00:10,stop_point:SP_4802,Eglise Plaisance,2
2303457,12:02:00,12:02:10,stop_point:SP_4805,Rivière - Basse,3
2303457,12:02:00,12:02:10,stop_point:SP_4808,Prat Dessus,4
2303457,12:04:00,12:04:10,stop_point:SP_4804,Loti,5
2303457,12:06:00,12:06:10,stop_point:SP_4807,Tournefeuille Lycée,6
2303457,12:07:00,12:07:10,stop_point:SP_4841,Jean Gay,7
2303457,12:08:00,12:08:10,stop_point:SP_3834,Bordeneuve,8
2303457,12:09:00,12:09:10,stop_point:SP_1724,Collège Labitrie,9
2303457,12:10:00,12:10:10,stop_point:SP_2531,Alpilles,10
2303457,12:11:00,12:11:10,stop_point:SP_1488,Périgord,11
2303457,12:12:00,12:12:10,stop_point:SP_1091,St-Pierre,12
2303457,12:13:00,12:13:10,stop_point:SP_1551,Montel,13
2303457,12:14:00,12:14:10,stop_point:SP_1439,Tournefeuille Les Chênes,14
2303457,12:15:00,12:15:10,stop_point:SP_2889,Montjoie,15
2303457,12:16:00,12:16:10,stop_point:SP_4809,Ctre Cial Tournefeuille,16
2303457,12:17:00,12:17:10,stop_point:SP_2196,St-Exupéry,17
2303457,12:19:00,12:19:10,stop_point:SP_473,Briqueterie,18
2303457,12:20:00,12:20:10,stop_point:SP_2216,Montagné,19
2303457,12:21:00,12:21:10,stop_point:SP_1474,Lardenne,20
2303457,12:23:00,12:23:10,stop_point:SP_668,Eglise Lardenne,21
2303457,12:24:00,12:24:10,stop_point:SP_3700,Centre Aéré,22
2303457,12:25:00,12:25:10,stop_point:SP_1171,Tissié,23
2303457,12:27:00,12:27:10,stop_point:SP_1460,Pont Rocade,24
2303457,12:28:00,12:28:10,stop_point:SP_1149,Brombach,25
2303457,12:29:00,12:29:10,stop_point:SP_3407,Hippodrome,26
2303457,12:30:00,12:30:10,stop_point:SP_639,Négogousses,27
2303457,12:33:00,12:33:10,stop_point:SP_1754,Arènes,28
2303458,12:09:00,12:09:10,stop_point:SP_1027,Plaisance Monestié,1
2303458,12:10:00,12:10:10,stop_point:SP_4802,Eglise Plaisance,2
2303458,12:12:00,12:12:10,stop_point:SP_4805,Rivière - Basse,3
2303458,12:12:00,12:12:10,stop_point:SP_4808,Prat Dessus,4
2303458,12:14:00,12:14:10,stop_point:SP_4804,Loti,5
2303458,12:16:00,12:16:10,stop_point:SP_4807,Tournefeuille Lycée,6
2303458,12:17:00,12:17:10,stop_point:SP_4841,Jean Gay,7
2303458,12:18:00,12:18:10,stop_point:SP_3834,Bordeneuve,8
2303458,12:19:00,12:19:10,stop_point:SP_1724,Collège Labitrie,9
2303458,12:20:00,12:20:10,stop_point:SP_2531,Alpilles,10
2303458,12:21:00,12:21:10,stop_point:SP_1488,Périgord,11
2303458,12:22:00,12:22:10,stop_point:SP_1091,St-Pierre,12
2303458,12:23:00,12:23:10,stop_point:SP_1551,Montel,13
2303458,12:24:00,12:24:10,stop_point:SP_1439,Tournefeuille Les Chênes,14
2303458,12:25:00,12:25:10,stop_point:SP_2889,Montjoie,15
2303458,12:26:00,12:26:10,stop_point:SP_4809,Ctre Cial Tournefeuille,16
2303458,12:27:00,12:27:10,stop_point:SP_2196,St-Exupéry,17
2303458,12:29:00,12:29:10,stop_point:SP_473,Briqueterie,18
2303458,12:30:00,12:30:10,stop_point:SP_2216,Montagné,19
2303458,12:31:00,12:31:10,stop_point:SP_1474,Lardenne,20
2303458,12:33:00,12:33:10,stop_point:SP_668,Eglise Lardenne,21
2303458,12:34:00,12:34:10,stop_point:SP_3700,Centre Aéré,22
2303458,12:35:00,12:35:10,stop_point:SP_1171,Tissié,23
2303458,12:37:00,12:37:10,stop_point:SP_1460,Pont Rocade,24
2303458,12:38:00,12:38:10,stop_point:SP_1149,Brombach,25
2303458,12:39:00,12:39:10,stop_point:SP_3407,Hippodrome,26
2303458,12:40:00,12:40:10,stop_point:SP_639,Négogousses,27
2303458,12:43:00,12:43:10,stop_point:SP_1754,Arènes,28
2303459,12:20:00,12:20:10,stop_point:SP_1027,Plaisance Monestié,1
2303459,12:21:00,12:21:10,stop_point:SP_4802,Eglise Plaisance,2
2303459,12:23:00,12:23:10,stop_point:SP_4805,Rivière - Basse,3
2303459,12:23:00,12:23:10,stop_point:SP_4808,Prat Dessus,4
2303459,12:25:00,12:25:10,stop_point:SP_4804,Loti,5
2303459,12:27:00,12:27:10,stop_point:SP_4807,Tournefeuille Lycée,6
2303459,12:28:00,12:28:10,stop_point:SP_4841,Jean Gay,7
2303459,12:29:00,12:29:10,stop_point:SP_3834,Bordeneuve,8
2303459,12:30:00,12:30:10,stop_point:SP_1724,Collège Labitrie,9
2303459,12:31:00,12:31:10,stop_point:SP_2531,Alpilles,10
2303459,12:32:00,12:32:10,stop_point:SP_1488,Périgord,11
2303459,12:33:00,12:33:10,stop_point:SP_1091,St-Pierre,12
2303459,12:34:00,12:34:10,stop_point:SP_1551,Montel,13
2303459,12:35:00,12:35:10,stop_point:SP_1439,Tournefeuille Les Chênes,14
2303459,12:37:00,12:37:10,stop_point:SP_2889,Montjoie,15
2303459,12:39:00,12:39:10,stop_point:SP_4809,Ctre Cial Tournefeuille,16
2303459,12:40:00,12:40:10,stop_point:SP_2196,St-Exupéry,17
2303459,12:42:00,12:42:10,stop_point:SP_473,Briqueterie,18
2303459,12:43:00,12:43:10,stop_point:SP_2216,Montagné,19
2303459,12:44:00,12:44:10,stop_point:SP_1474,Lardenne,20
2303459,12:46:00,12:46:10,stop_point:SP_668,Eglise Lardenne,21
2303459,12:47:00,12:47:10,stop_point:SP_3700,Centre Aéré,22
2303459,12:48:00,12:48:10,stop_point:SP_1171,Tissié,23
2303459,12:50:00,12:50:10,stop_point:SP_1460,Pont Rocade,24
2303459,12:51:00,12:51:10,stop_point:SP_1149,Brombach,25
2303459,12:52:00,12:52:10,stop_point:SP_3407,Hippodrome,26
2303459,12:53:00,12:53:10,stop_point:SP_639,Négogousses,27
2303459,12:56:00,12:56:10,stop_point:SP_1754,Arènes,28
2303460,12:31:00,12:31:10,stop_point:SP_1027,Plaisance Monestié,1
2303460,12:32:00,12:32:10,stop_point:SP_4802,Eglise Plaisance,2
2303460,12:34:00,12:34:10,stop_point:SP_4805,Rivière - Basse,3
2303460,12:34:00,12:34:10,stop_point:SP_4808,Prat Dessus,4
2303460,12:36:00,12:36:10,stop_point:SP_4804,Loti,5
2303460,12:38:00,12:38:10,stop_point:SP_4807,Tournefeuille Lycée,6
2303460,12:39:00,12:39:10,stop_point:SP_4841,Jean Gay,7
2303460,12:40:00,12:40:10,stop_point:SP_3834,Bordeneuve,8
2303460,12:41:00,12:41:10,stop_point:SP_1724,Collège Labitrie,9
2303460,12:42:00,12:42:10,stop_point:SP_2531,Alpilles,10
2303460,12:43:00,12:43:10,stop_point:SP_1488,Périgord,11
2303460,12:44:00,12:44:10,stop_point:SP_1091,St-Pierre,12
2303460,12:45:00,12:45:10,stop_point:SP_1551,Montel,13
2303460,12:46:00,12:46:10,stop_point:SP_1439,Tournefeuille Les Chênes,14
2303460,12:48:00,12:48:10,stop_point:SP_2889,Montjoie,15
2303460,12:50:00,12:50:10,stop_point:SP_4809,Ctre Cial Tournefeuille,16
2303460,12:51:00,12:51:10,stop_point:SP_2196,St-Exupéry,17
2303460,12:53:00,12:53:10,stop_point:SP_473,Briqueterie,18
2303460,12:54:00,12:54:10,stop_point:SP_2216,Montagné,19
2303460,12:55:00,12:55:10,stop_point:SP_1474,Lardenne,20
2303460,12:57:00,12:57:10,stop_point:SP_668,Eglise Lardenne,21
2303460,12:58:00,12:58:10,stop_point:SP_3700,Centre Aéré,22
2303460,12:59:00,12:59:10,stop_point:SP_1171,Tissié,23
2303460,13:01:00,13:01:10,stop_point:SP_1460,Pont Rocade,24
2303460,13:02:00,13:02:10,stop_point:SP_1149,Brombach,25
2303460,13:03:00,13:03:10,stop_point:SP_3407,Hippodrome,26
2303460,13:04:00,13:04:10,stop_point:SP_639,Négogousses,27
2303460,13:07:00,13:07:10,stop_point:SP_1754,Arènes,28
2303461,12:42:00,12:42:10,stop_point:SP_1027,Plaisance Monestié,1
2303461,12:43:00,12:43:10,stop_point:SP_4802,Eglise Plaisance,2
2303461,12:45:00,12:45:10,stop_point:SP_4805,Rivière - Basse,3
2303461,12:45:00,12:45:10,stop_point:SP_4808,Prat Dessus,4
2303461,12:47:00,12:47:10,stop_point:SP_4804,Loti,5
2303461,12:49:00,12:49:10,stop_point:SP_4807,Tournefeuille Lycée,6
2303461,12:50:00,12:50:10,stop_point:SP_4841,Jean Gay,7
2303461,12:51:00,12:51:10,stop_point:SP_3834,Bordeneuve,8
2303461,12:52:00,12:52:10,stop_point:SP_1724,Collège Labitrie,9
2303461,12:53:00,12:53:10,stop_point:SP_2531,Alpilles,10
2303461,12:54:00,12:54:10,stop_point:SP_1488,Périgord,11
2303461,12:55:00,12:55:10,stop_point:SP_1091,St-Pierre,12
2303461,12:56:00,12:56:10,stop_point:SP_1551,Montel,13
2303461,12:57:00,12:57:10,stop_point:SP_1439,Tournefeuille Les Chênes,14
2303461,12:58:00,12:58:10,stop_point:SP_2889,Montjoie,15
2303461,12:59:00,12:59:10,stop_point:SP_4809,Ctre Cial Tournefeuille,16
2303461,13:00:00,13:00:10,stop_point:SP_2196,St-Exupéry,17
2303461,13:02:00,13:02:10,stop_point:SP_473,Briqueterie,18
2303461,13:03:00,13:03:10,stop_point:SP_2216,Montagné,19
2303461,13:04:00,13:04:10,stop_point:SP_1474,Lardenne,20
2303461,13:06:00,13:06:10,stop_point:SP_668,Eglise Lardenne,21
2303461,13:07:00,13:07:10,stop_point:SP_3700,Centre Aéré,22
2303461,13:08:00,13:08:10,stop_point:SP_1171,Tissié,23
2303461,13:10:00,13:10:10,stop_point:SP_1460,Pont Rocade,24
2303461,13:11:00,13:11:10,stop_point:SP_1149,Brombach,25
2303461,13:12:00,13:12:10,stop_point:SP_3407,Hippodrome,26
2303461,13:13:00,13:13:10,stop_point:SP_639,Négogousses,27
2303461,13:16:00,13:16:10,stop_point:SP_1754,Arènes,28
2303462,12:53:00,12:53:10,stop_point:SP_1027,Plaisance Monestié,1
2303462,12:54:00,12:54:10,stop_point:SP_4802,Eglise Plaisance,2
2303462,12:56:00,12:56:10,stop_point:SP_4805,Rivière - Basse,3
2303462,12:56:00,12:56:10,stop_point:SP_4808,Prat Dessus,4
2303462,12:58:00,12:58:10,stop_point:SP_4804,Loti,5
2303462,13:00:00,13:00:10,stop_point:SP_4807,Tournefeuille Lycée,6
2303462,13:01:00,13:01:10,stop_point:SP_4841,Jean Gay,7
2303462,13:02:00,13:02:10,stop_point:SP_3834,Bordeneuve,8
2303462,13:03:00,13:03:10,stop_point:SP_1724,Collège Labitrie,9
2303462,13:04:00,13:04:10,stop_point:SP_2531,Alpilles,10
2303462,13:05:00,13:05:10,stop_point:SP_1488,Périgord,11
2303462,13:06:00,13:06:10,stop_point:SP_1091,St-Pierre,12
2303462,13:07:00,13:07:10,stop_point:SP_1551,Montel,13
2303462,13:08:00,13:08:10,stop_point:SP_1439,Tournefeuille Les Chênes,14
2303462,13:09:00,13:09:10,stop_point:SP_2889,Montjoie,15
2303462,13:10:00,13:10:10,stop_point:SP_4809,Ctre Cial Tournefeuille,16
2303462,13:11:00,13:11:10,stop_point:SP_2196,St-Exupéry,17
2303462,13:13:00,13:13:10,stop_point:SP_473,Briqueterie,18
2303462,13:14:00,13:14:10,stop_point:SP_2216,Montagné,19
2303462,13:15:00,13:15:10,stop_point:SP_1474,Lardenne,20
2303462,13:17:00,13:17:10,stop_point:SP_668,Eglise Lardenne,21
2303462,13:18:00,13:18:10,stop_point:SP_3700,Centre Aéré,22
2303462,13:19:00,13:19:10,stop_point:SP_1171,Tissié,23
2303462,13:21:00,13:21:10,stop_point:SP_1460,Pont Rocade,24
2303462,13:22:00,13:22:10,stop_point:SP_1149,Brombach,25
2303462,13:23:00,13:23:10,stop_point:SP_3407,Hippodrome,26
2303462,13:24:00,13:24:10,stop_point:SP_639,Négogousses,27
2303462,13:27:00,13:27:10,stop_point:SP_1754,Arènes,28
2303463,13:05:00,13:05:10,stop_point:SP_1027,Plaisance Monestié,1
2303463,13:06:00,13:06:10,stop_point:SP_4802,Eglise Plaisance,2
2303463,13:08:00,13:08:10,stop_point:SP_4805,Rivière - Basse,3
2303463,13:08:00,13:08:10,stop_point:SP_4808,Prat Dessus,4
2303463,13:10:00,13:10:10,stop_point:SP_4804,Loti,5
2303463,13:12:00,13:12:10,stop_point:SP_4807,Tournefeuille Lycée,6
2303463,13:13:00,13:13:10,stop_point:SP_4841,Jean Gay,7
2303463,13:14:00,13:14:10,stop_point:SP_3834,Bordeneuve,8
2303463,13:15:00,13:15:10,stop_point:SP_1724,Collège Labitrie,9
2303463,13:16:00,13:16:10,stop_point:SP_2531,Alpilles,10
2303463,13:17:00,13:17:10,stop_point:SP_1488,Périgord,11
2303463,13:18:00,13:18:10,stop_point:SP_1091,St-Pierre,12
2303463,13:19:00,13:19:10,stop_point:SP_1551,Montel,13
2303463,13:20:00,13:20:10,stop_point:SP_1439,Tournefeuille Les Chênes,14
2303463,13:22:00,13:22:10,stop_point:SP_2889,Montjoie,15
2303463,13:24:00,13:24:10,stop_point:SP_4809,Ctre Cial Tournefeuille,16
2303463,13:25:00,13:25:10,stop_point:SP_2196,St-Exupéry,17
2303463,13:27:00,13:27:10,stop_point:SP_473,Briqueterie,18
2303463,13:28:00,13:28:10,stop_point:SP_2216,Montagné,19
2303463,13:29:00,13:29:10,stop_point:SP_1474,Lardenne,20
2303463,13:31:00,13:31:10,stop_point:SP_668,Eglise Lardenne,21
2303463,13:32:00,13:32:10,stop_point:SP_3700,Centre Aéré,22
2303463,13:33:00,13:33:10,stop_point:SP_1171,Tissié,23
2303463,13:35:00,13:35:10,stop_point:SP_1460,Pont Rocade,24
2303463,13:36:00,13:36:10,stop_point:SP_1149,Brombach,25
2303463,13:37:00,13:37:10,stop_point:SP_3407,Hippodrome,26
2303463,13:38:00,13:38:10,stop_point:SP_639,Négogousses,27
2303463,13:41:00,13:41:10,stop_point:SP_1754,Arènes,28
2303464,13:17:00,13:17:10,stop_point:SP_1027,Plaisance Monestié,1
2303464,13:18:00,13:18:10,stop_point:SP_4802,Eglise Plaisance,2
2303464,13:20:00,13:20:10,stop_point:SP_4805,Rivière - Basse,3
2303464,13:20:00,13:20:10,stop_point:SP_4808,Prat Dessus,4
2303464,13:22:00,13:22:10,stop_point:SP_4804,Loti,5
2303464,13:24:00,13:24:10,stop_point:SP_4807,Tournefeuille Lycée,6
2303464,13:25:00,13:25:10,stop_point:SP_4841,Jean Gay,7
2303464,13:26:00,13:26:10,stop_point:SP_3834,Bordeneuve,8
2303464,13:27:00,13:27:10,stop_point:SP_1724,Collège Labitrie,9
2303464,13:28:00,13:28:10,stop_point:SP_2531,Alpilles,10
2303464,13:29:00,13:29:10,stop_point:SP_1488,Périgord,11
2303464,13:30:00,13:30:10,stop_point:SP_1091,St-Pierre,12
2303464,13:31:00,13:31:10,stop_point:SP_1551,Montel,13
2303464,13:32:00,13:32:10,stop_point:SP_1439,Tournefeuille Les Chênes,14
2303464,13:34:00,13:34:10,stop_point:SP_2889,Montjoie,15
2303464,13:36:00,13:36:10,stop_point:SP_4809,Ctre Cial Tournefeuille,16
2303464,13:37:00,13:37:10,stop_point:SP_2196,St-Exupéry,17
2303464,13:39:00,13:39:10,stop_point:SP_473,Briqueterie,18
2303464,13:40:00,13:40:10,stop_point:SP_2216,Montagné,19
2303464,13:41:00,13:41:10,stop_point:SP_1474,Lardenne,20
2303464,13:43:00,13:43:10,stop_point:SP_668,Eglise Lardenne,21
2303464,13:44:00,13:44:10,stop_point:SP_3700,Centre Aéré,22
2303464,13:45:00,13:45:10,stop_point:SP_1171,Tissié,23
2303464,13:47:00,13:47:10,stop_point:SP_1460,Pont Rocade,24
2303464,13:48:00,13:48:10,stop_point:SP_1149,Brombach,25
2303464,13:49:00,13:49:10,stop_point:SP_3407,Hippodrome,26
2303464,13:50:00,13:50:10,stop_point:SP_639,Négogousses,27
2303464,13:53:00,13:53:10,stop_point:SP_1754,Arènes,28
2303465,13:29:00,13:29:10,stop_point:SP_1027,Plaisance Monestié,1
2303465,13:30:00,13:30:10,stop_point:SP_4802,Eglise Plaisance,2
2303465,13:32:00,13:32:10,stop_point:SP_4805,Rivière - Basse,3
2303465,13:32:00,13:32:10,stop_point:SP_4808,Prat Dessus,4
2303465,13:34:00,13:34:10,stop_point:SP_4804,Loti,5
2303465,13:36:00,13:36:10,stop_point:SP_4807,Tournefeuille Lycée,6
2303465,13:37:00,13:37:10,stop_point:SP_4841,Jean Gay,7
2303465,13:38:00,13:38:10,stop_point:SP_3834,Bordeneuve,8
2303465,13:39:00,13:39:10,stop_point:SP_1724,Collège Labitrie,9
2303465,13:40:00,13:40:10,stop_point:SP_2531,Alpilles,10
2303465,13:41:00,13:41:10,stop_point:SP_1488,Périgord,11
2303465,13:42:00,13:42:10,stop_point:SP_1091,St-Pierre,12
2303465,13:43:00,13:43:10,stop_point:SP_1551,Montel,13
2303465,13:44:00,13:44:10,stop_point:SP_1439,Tournefeuille Les Chênes,14
2303465,13:46:00,13:46:10,stop_point:SP_2889,Montjoie,15
2303465,13:48:00,13:48:10,stop_point:SP_4809,Ctre Cial Tournefeuille,16
2303465,13:49:00,13:49:10,stop_point:SP_2196,St-Exupéry,17
2303465,13:51:00,13:51:10,stop_point:SP_473,Briqueterie,18
2303465,13:52:00,13:52:10,stop_point:SP_2216,Montagné,19
2303465,13:53:00,13:53:10,stop_point:SP_1474,Lardenne,20
2303465,13:55:00,13:55:10,stop_point:SP_668,Eglise Lardenne,21
2303465,13:56:00,13:56:10,stop_point:SP_3700,Centre Aéré,22
2303465,13:57:00,13:57:10,stop_point:SP_1171,Tissié,23
2303465,13:59:00,13:59:10,stop_point:SP_1460,Pont Rocade,24
2303465,14:00:00,14:00:10,stop_point:SP_1149,Brombach,25
2303465,14:01:00,14:01:10,stop_point:SP_3407,Hippodrome,26
2303465,14:02:00,14:02:10,stop_point:SP_639,Négogousses,27
2303465,14:05:00,14:05:10,stop_point:SP_1754,Arènes,28
2303466,13:41:00,13:41:10,stop_point:SP_1027,Plaisance Monestié,1
2303466,13:42:00,13:42:10,stop_point:SP_4802,Eglise Plaisance,2
2303466,13:44:00,13:44:10,stop_point:SP_4805,Rivière - Basse,3
2303466,13:44:00,13:44:10,stop_point:SP_4808,Prat Dessus,4
2303466,13:46:00,13:46:10,stop_point:SP_4804,Loti,5
2303466,13:48:00,13:48:10,stop_point:SP_4807,Tournefeuille Lycée,6
2303466,13:49:00,13:49:10,stop_point:SP_4841,Jean Gay,7
2303466,13:50:00,13:50:10,stop_point:SP_3834,Bordeneuve,8
2303466,13:51:00,13:51:10,stop_point:SP_1724,Collège Labitrie,9
2303466,13:52:00,13:52:10,stop_point:SP_2531,Alpilles,10
2303466,13:53:00,13:53:10,stop_point:SP_1488,Périgord,11
2303466,13:54:00,13:54:10,stop_point:SP_1091,St-Pierre,12
2303466,13:55:00,13:55:10,stop_point:SP_1551,Montel,13
2303466,13:56:00,13:56:10,stop_point:SP_1439,Tournefeuille Les Chênes,14
2303466,13:57:00,13:57:10,stop_point:SP_2889,Montjoie,15
2303466,13:58:00,13:58:10,stop_point:SP_4809,Ctre Cial Tournefeuille,16
2303466,13:59:00,13:59:10,stop_point:SP_2196,St-Exupéry,17
2303466,14:01:00,14:01:10,stop_point:SP_473,Briqueterie,18
2303466,14:02:00,14:02:10,stop_point:SP_2216,Montagné,19
2303466,14:03:00,14:03:10,stop_point:SP_1474,Lardenne,20
2303466,14:05:00,14:05:10,stop_point:SP_668,Eglise Lardenne,21
2303466,14:06:00,14:06:10,stop_point:SP_3700,Centre Aéré,22
2303466,14:07:00,14:07:10,stop_point:SP_1171,Tissié,23
2303466,14:09:00,14:09:10,stop_point:SP_1460,Pont Rocade,24
2303466,14:10:00,14:10:10,stop_point:SP_1149,Brombach,25
2303466,14:11:00,14:11:10,stop_point:SP_3407,Hippodrome,26
2303466,14:12:00,14:12:10,stop_point:SP_639,Négogousses,27
2303466,14:15:00,14:15:10,stop_point:SP_1754,Arènes,28
2303467,13:53:00,13:53:10,stop_point:SP_1027,Plaisance Monestié,1
2303467,13:54:00,13:54:10,stop_point:SP_4802,Eglise Plaisance,2
2303467,13:56:00,13:56:10,stop_point:SP_4805,Rivière - Basse,3
2303467,13:56:00,13:56:10,stop_point:SP_4808,Prat Dessus,4
2303467,13:58:00,13:58:10,stop_point:SP_4804,Loti,5
2303467,14:00:00,14:00:10,stop_point:SP_4807,Tournefeuille Lycée,6
2303467,14:01:00,14:01:10,stop_point:SP_4841,Jean Gay,7
2303467,14:02:00,14:02:10,stop_point:SP_3834,Bordeneuve,8
2303467,14:03:00,14:03:10,stop_point:SP_1724,Collège Labitrie,9
2303467,14:04:00,14:04:10,stop_point:SP_2531,Alpilles,10
2303467,14:05:00,14:05:10,stop_point:SP_1488,Périgord,11
2303467,14:06:00,14:06:10,stop_point:SP_1091,St-Pierre,12
2303467,14:07:00,14:07:10,stop_point:SP_1551,Montel,13
2303467,14:08:00,14:08:10,stop_point:SP_1439,Tournefeuille Les Chênes,14
2303467,14:09:00,14:09:10,stop_point:SP_2889,Montjoie,15
2303467,14:10:00,14:10:10,stop_point:SP_4809,Ctre Cial Tournefeuille,16
2303467,14:11:00,14:11:10,stop_point:SP_2196,St-Exupéry,17
2303467,14:13:00,14:13:10,stop_point:SP_473,Briqueterie,18
2303467,14:14:00,14:14:10,stop_point:SP_2216,Montagné,19
2303467,14:15:00,14:15:10,stop_point:SP_1474,Lardenne,20
2303467,14:17:00,14:17:10,stop_point:SP_668,Eglise Lardenne,21
2303467,14:18:00,14:18:10,stop_point:SP_3700,Centre Aéré,22
2303467,14:19:00,14:19:10,stop_point:SP_1171,Tissié,23
2303467,14:21:00,14:21:10,stop_point:SP_1460,Pont Rocade,24
2303467,14:22:00,14:22:10,stop_point:SP_1149,Brombach,25
2303467,14:23:00,14:23:10,stop_point:SP_3407,Hippodrome,26
2303467,14:24:00,14:24:10,stop_point:SP_639,Négogousses,27
2303467,14:27:00,14:27:10,stop_point:SP_1754,Arènes,28
2303468,14:04:00,14:04:10,stop_point:SP_1027,Plaisance Monestié,1
2303468,14:05:00,14:05:10,stop_point:SP_4802,Eglise Plaisance,2
2303468,14:07:00,14:07:10,stop_point:SP_4805,Rivière - Basse,3
2303468,14:07:00,14:07:10,stop_point:SP_4808,Prat Dessus,4
2303468,14:09:00,14:09:10,stop_point:SP_4804,Loti,5
2303468,14:11:00,14:11:10,stop_point:SP_4807,Tournefeuille Lycée,6
2303468,14:12:00,14:12:10,stop_point:SP_4841,Jean Gay,7
2303468,14:13:00,14:13:10,stop_point:SP_3834,Bordeneuve,8
2303468,14:14:00,14:14:10,stop_point:SP_1724,Collège Labitrie,9
2303468,14:15:00,14:15:10,stop_point:SP_2531,Alpilles,10
2303468,14:16:00,14:16:10,stop_point:SP_1488,Périgord,11
2303468,14:17:00,14:17:10,stop_point:SP_1091,St-Pierre,12
2303468,14:18:00,14:18:10,stop_point:SP_1551,Montel,13
2303468,14:19:00,14:19:10,stop_point:SP_1439,Tournefeuille Les Chênes,14
2303468,14:20:00,14:20:10,stop_point:SP_2889,Montjoie,15
2303468,14:21:00,14:21:10,stop_point:SP_4809,Ctre Cial Tournefeuille,16
2303468,14:22:00,14:22:10,stop_point:SP_2196,St-Exupéry,17
2303468,14:24:00,14:24:10,stop_point:SP_473,Briqueterie,18
2303468,14:25:00,14:25:10,stop_point:SP_2216,Montagné,19
2303468,14:26:00,14:26:10,stop_point:SP_1474,Lardenne,20
2303468,14:28:00,14:28:10,stop_point:SP_668,Eglise Lardenne,21
2303468,14:29:00,14:29:10,stop_point:SP_3700,Centre Aéré,22
2303468,14:30:00,14:30:10,stop_point:SP_1171,Tissié,23
2303468,14:32:00,14:32:10,stop_point:SP_1460,Pont Rocade,24
2303468,14:33:00,14:33:10,stop_point:SP_1149,Brombach,25
2303468,14:34:00,14:34:10,stop_point:SP_3407,Hippodrome,26
2303468,14:35:00,14:35:10,stop_point:SP_639,Négogousses,27
2303468,14:38:00,14:38:10,stop_point:SP_1754,Arènes,28
2303469,14:12:00,14:12:10,stop_point:SP_1027,Plaisance Monestié,1
2303469,14:13:00,14:13:10,stop_point:SP_4802,Eglise Plaisance,2
2303469,14:15:00,14:15:10,stop_point:SP_4805,Rivière - Basse,3
2303469,14:15:00,14:15:10,stop_point:SP_4808,Prat Dessus,4
2303469,14:17:00,14:17:10,stop_point:SP_4804,Loti,5
2303469,14:19:00,14:19:10,stop_point:SP_4807,Tournefeuille Lycée,6
2303469,14:20:00,14:20:10,stop_point:SP_4841,Jean Gay,7
2303469,14:21:00,14:21:10,stop_point:SP_3834,Bordeneuve,8
2303469,14:22:00,14:22:10,stop_point:SP_1724,Collège Labitrie,9
2303469,14:23:00,14:23:10,stop_point:SP_2531,Alpilles,10
2303469,14:24:00,14:24:10,stop_point:SP_1488,Périgord,11
2303469,14:25:00,14:25:10,stop_point:SP_1091,St-Pierre,12
2303469,14:26:00,14:26:10,stop_point:SP_1551,Montel,13
2303469,14:27:00,14:27:10,stop_point:SP_1439,Tournefeuille Les Chênes,14
2303469,14:28:00,14:28:10,stop_point:SP_2889,Montjoie,15
2303469,14:29:00,14:29:10,stop_point:SP_4809,Ctre Cial Tournefeuille,16
2303469,14:30:00,14:30:10,stop_point:SP_2196,St-Exupéry,17
2303469,14:32:00,14:32:10,stop_point:SP_473,Briqueterie,18
2303469,14:33:00,14:33:10,stop_point:SP_2216,Montagné,19
2303469,14:34:00,14:34:10,stop_point:SP_1474,Lardenne,20
2303469,14:36:00,14:36:10,stop_point:SP_668,Eglise Lardenne,21
2303469,14:37:00,14:37:10,stop_point:SP_3700,Centre Aéré,22
2303469,14:38:00,14:38:10,stop_point:SP_1171,Tissié,23
2303469,14:40:00,14:40:10,stop_point:SP_1460,Pont Rocade,24
2303469,14:41:00,14:41:10,stop_point:SP_1149,Brombach,25
2303469,14:42:00,14:42:10,stop_point:SP_3407,Hippodrome,26
2303469,14:43:00,14:43:10,stop_point:SP_639,Négogousses,27
2303469,14:46:00,14:46:10,stop_point:SP_1754,Arènes,28
2303470,14:20:00,14:20:10,stop_point:SP_1027,Plaisance Monestié,1
2303470,14:21:00,14:21:10,stop_point:SP_4802,Eglise Plaisance,2
2303470,14:23:00,14:23:10,stop_point:SP_4805,Rivière - Basse,3
2303470,14:23:00,14:23:10,stop_point:SP_4808,Prat Dessus,4
2303470,14:25:00,14:25:10,stop_point:SP_4804,Loti,5
2303470,14:27:00,14:27:10,stop_point:SP_4807,Tournefeuille Lycée,6
2303470,14:28:00,14:28:10,stop_point:SP_4841,Jean Gay,7
2303470,14:29:00,14:29:10,stop_point:SP_3834,Bordeneuve,8
2303470,14:30:00,14:30:10,stop_point:SP_1724,Collège Labitrie,9
2303470,14:31:00,14:31:10,stop_point:SP_2531,Alpilles,10
2303470,14:32:00,14:32:10,stop_point:SP_1488,Périgord,11
2303470,14:33:00,14:33:10,stop_point:SP_1091,St-Pierre,12
2303470,14:34:00,14:34:10,stop_point:SP_1551,Montel,13
2303470,14:35:00,14:35:10,stop_point:SP_1439,Tournefeuille Les Chênes,14
2303470,14:36:00,14:36:10,stop_point:SP_2889,Montjoie,15
2303470,14:37:00,14:37:10,stop_point:SP_4809,Ctre Cial Tournefeuille,16
2303470,14:38:00,14:38:10,stop_point:SP_2196,St-Exupéry,17
2303470,14:40:00,14:40:10,stop_point:SP_473,Briqueterie,18
2303470,14:41:00,14:41:10,stop_point:SP_2216,Montagné,19
2303470,14:42:00,14:42:10,stop_point:SP_1474,Lardenne,20
2303470,14:44:00,14:44:10,stop_point:SP_668,Eglise Lardenne,21
2303470,14:45:00,14:45:10,stop_point:SP_3700,Centre Aéré,22
2303470,14:46:00,14:46:10,stop_point:SP_1171,Tissié,23
2303470,14:48:00,14:48:10,stop_point:SP_1460,Pont Rocade,24
2303470,14:49:00,14:49:10,stop_point:SP_1149,Brombach,25
2303470,14:50:00,14:50:10,stop_point:SP_3407,Hippodrome,26
2303470,14:51:00,14:51:10,stop_point:SP_639,Négogousses,27
2303470,14:54:00,14:54:10,stop_point:SP_1754,Arènes,28
2303471,14:28:00,14:28:10,stop_point:SP_1027,Plaisance Monestié,1
2303471,14:29:00,14:29:10,stop_point:SP_4802,Eglise Plaisance,2
2303471,14:31:00,14:31:10,stop_point:SP_4805,Rivière - Basse,3
2303471,14:31:00,14:31:10,stop_point:SP_4808,Prat Dessus,4
2303471,14:33:00,14:33:10,stop_point:SP_4804,Loti,5
2303471,14:35:00,14:35:10,stop_point:SP_4807,Tournefeuille Lycée,6
2303471,14:36:00,14:36:10,stop_point:SP_4841,Jean Gay,7
2303471,14:37:00,14:37:10,stop_point:SP_3834,Bordeneuve,8
2303471,14:38:00,14:38:10,stop_point:SP_1724,Collège Labitrie,9
2303471,14:39:00,14:39:10,stop_point:SP_2531,Alpilles,10
2303471,14:40:00,14:40:10,stop_point:SP_1488,Périgord,11
2303471,14:41:00,14:41:10,stop_point:SP_1091,St-Pierre,12
2303471,14:42:00,14:42:10,stop_point:SP_1551,Montel,13
2303471,14:43:00,14:43:10,stop_point:SP_1439,Tournefeuille Les Chênes,14
2303471,14:44:00,14:44:10,stop_point:SP_2889,Montjoie,15
2303471,14:45:00,14:45:10,stop_point:SP_4809,Ctre Cial Tournefeuille,16
2303471,14:46:00,14:46:10,stop_point:SP_2196,St-Exupéry,17
2303471,14:48:00,14:48:10,stop_point:SP_473,Briqueterie,18
2303471,14:49:00,14:49:10,stop_point:SP_2216,Montagné,19
2303471,14:50:00,14:50:10,stop_point:SP_1474,Lardenne,20
2303471,14:52:00,14:52:10,stop_point:SP_668,Eglise Lardenne,21
2303471,14:53:00,14:53:10,stop_point:SP_3700,Centre Aéré,22
2303471,14:54:00,14:54:10,stop_point:SP_1171,Tissié,23
2303471,14:56:00,14:56:10,stop_point:SP_1460,Pont Rocade,24
2303471,14:57:00,14:57:10,stop_point:SP_1149,Brombach,25
2303471,14:58:00,14:58:10,stop_point:SP_3407,Hippodrome,26
2303471,14:59:00,14:59:10,stop_point:SP_639,Négogousses,27
2303471,15:02:00,15:02:10,stop_point:SP_1754,Arènes,28
2303472,14:37:00,14:37:10,stop_point:SP_1027,Plaisance Monestié,1
2303472,14:38:00,14:38:10,stop_point:SP_4802,Eglise Plaisance,2
2303472,14:40:00,14:40:10,stop_point:SP_4805,Rivière - Basse,3
2303472,14:40:00,14:40:10,stop_point:SP_4808,Prat Dessus,4
2303472,14:42:00,14:42:10,stop_point:SP_4804,Loti,5
2303472,14:44:00,14:44:10,stop_point:SP_4807,Tournefeuille Lycée,6
2303472,14:45:00,14:45:10,stop_point:SP_4841,Jean Gay,7
2303472,14:46:00,14:46:10,stop_point:SP_3834,Bordeneuve,8
2303472,14:47:00,14:47:10,stop_point:SP_1724,Collège Labitrie,9
2303472,14:48:00,14:48:10,stop_point:SP_2531,Alpilles,10
2303472,14:49:00,14:49:10,stop_point:SP_1488,Périgord,11
2303472,14:50:00,14:50:10,stop_point:SP_1091,St-Pierre,12
2303472,14:51:00,14:51:10,stop_point:SP_1551,Montel,13
2303472,14:52:00,14:52:10,stop_point:SP_1439,Tournefeuille Les Chênes,14
2303472,14:53:00,14:53:10,stop_point:SP_2889,Montjoie,15
2303472,14:54:00,14:54:10,stop_point:SP_4809,Ctre Cial Tournefeuille,16
2303472,14:55:00,14:55:10,stop_point:SP_2196,St-Exupéry,17
2303472,14:57:00,14:57:10,stop_point:SP_473,Briqueterie,18
2303472,14:58:00,14:58:10,stop_point:SP_2216,Montagné,19
2303472,14:59:00,14:59:10,stop_point:SP_1474,Lardenne,20
2303472,15:01:00,15:01:10,stop_point:SP_668,Eglise Lardenne,21
2303472,15:02:00,15:02:10,stop_point:SP_3700,Centre Aéré,22
2303472,15:03:00,15:03:10,stop_point:SP_1171,Tissié,23
2303472,15:05:00,15:05:10,stop_point:SP_1460,Pont Rocade,24
2303472,15:06:00,15:06:10,stop_point:SP_1149,Brombach,25
2303472,15:07:00,15:07:10,stop_point:SP_3407,Hippodrome,26
2303472,15:08:00,15:08:10,stop_point:SP_639,Négogousses,27
2303472,15:11:00,15:11:10,stop_point:SP_1754,Arènes,28
2303473,14:47:00,14:47:10,stop_point:SP_1027,Plaisance Monestié,1
2303473,14:48:00,14:48:10,stop_point:SP_4802,Eglise Plaisance,2
2303473,14:50:00,14:50:10,stop_point:SP_4805,Rivière - Basse,3
2303473,14:50:00,14:50:10,stop_point:SP_4808,Prat Dessus,4
2303473,14:52:00,14:52:10,stop_point:SP_4804,Loti,5
2303473,14:54:00,14:54:10,stop_point:SP_4807,Tournefeuille Lycée,6
2303473,14:55:00,14:55:10,stop_point:SP_4841,Jean Gay,7
2303473,14:56:00,14:56:10,stop_point:SP_3834,Bordeneuve,8
2303473,14:57:00,14:57:10,stop_point:SP_1724,Collège Labitrie,9
2303473,14:58:00,14:58:10,stop_point:SP_2531,Alpilles,10
2303473,14:59:00,14:59:10,stop_point:SP_1488,Périgord,11
2303473,15:00:00,15:00:10,stop_point:SP_1091,St-Pierre,12
2303473,15:01:00,15:01:10,stop_point:SP_1551,Montel,13
2303473,15:02:00,15:02:10,stop_point:SP_1439,Tournefeuille Les Chênes,14
2303473,15:04:00,15:04:10,stop_point:SP_2889,Montjoie,15
2303473,15:05:00,15:05:10,stop_point:SP_4809,Ctre Cial Tournefeuille,16
2303473,15:06:00,15:06:10,stop_point:SP_2196,St-Exupéry,17
2303473,15:08:00,15:08:10,stop_point:SP_473,Briqueterie,18
2303473,15:09:00,15:09:10,stop_point:SP_2216,Montagné,19
2303473,15:10:00,15:10:10,stop_point:SP_1474,Lardenne,20
2303473,15:12:00,15:12:10,stop_point:SP_668,Eglise Lardenne,21
2303473,15:13:00,15:13:10,stop_point:SP_3700,Centre Aéré,22
2303473,15:14:00,15:14:10,stop_point:SP_1171,Tissié,23
2303473,15:16:00,15:16:10,stop_point:SP_1460,Pont Rocade,24
2303473,15:17:00,15:17:10,stop_point:SP_1149,Brombach,25
2303473,15:18:00,15:18:10,stop_point:SP_3407,Hippodrome,26
2303473,15:19:00,15:19:10,stop_point:SP_639,Négogousses,27
2303473,15:22:00,15:22:10,stop_point:SP_1754,Arènes,28
2303474,14:56:00,14:56:10,stop_point:SP_1027,Plaisance Monestié,1
2303474,14:57:00,14:57:10,stop_point:SP_4802,Eglise Plaisance,2
2303474,14:59:00,14:59:10,stop_point:SP_4805,Rivière - Basse,3
2303474,14:59:00,14:59:10,stop_point:SP_4808,Prat Dessus,4
2303474,15:01:00,15:01:10,stop_point:SP_4804,Loti,5
2303474,15:03:00,15:03:10,stop_point:SP_4807,Tournefeuille Lycée,6
2303474,15:04:00,15:04:10,stop_point:SP_4841,Jean Gay,7
2303474,15:05:00,15:05:10,stop_point:SP_3834,Bordeneuve,8
2303474,15:06:00,15:06:10,stop_point:SP_1724,Collège Labitrie,9
2303474,15:07:00,15:07:10,stop_point:SP_2531,Alpilles,10
2303474,15:08:00,15:08:10,stop_point:SP_1488,Périgord,11
2303474,15:09:00,15:09:10,stop_point:SP_1091,St-Pierre,12
2303474,15:10:00,15:10:10,stop_point:SP_1551,Montel,13
2303474,15:11:00,15:11:10,stop_point:SP_1439,Tournefeuille Les Chênes,14
2303474,15:13:00,15:13:10,stop_point:SP_2889,Montjoie,15
2303474,15:14:00,15:14:10,stop_point:SP_4809,Ctre Cial Tournefeuille,16
2303474,15:15:00,15:15:10,stop_point:SP_2196,St-Exupéry,17
2303474,15:17:00,15:17:10,stop_point:SP_473,Briqueterie,18
2303474,15:18:00,15:18:10,stop_point:SP_2216,Montagné,19
2303474,15:19:00,15:19:10,stop_point:SP_1474,Lardenne,20
2303474,15:21:00,15:21:10,stop_point:SP_668,Eglise Lardenne,21
2303474,15:22:00,15:22:10,stop_point:SP_3700,Centre Aéré,22
2303474,15:23:00,15:23:10,stop_point:SP_1171,Tissié,23
2303474,15:25:00,15:25:10,stop_point:SP_1460,Pont Rocade,24
2303474,15:26:00,15:26:10,stop_point:SP_1149,Brombach,25
2303474,15:27:00,15:27:10,stop_point:SP_3407,Hippodrome,26
2303474,15:28:00,15:28:10,stop_point:SP_639,Négogousses,27
2303474,15:31:00,15:31:10,stop_point:SP_1754,Arènes,28
2303475,15:05:00,15:05:10,stop_point:SP_1027,Plaisance Monestié,1
2303475,15:06:00,15:06:10,stop_point:SP_4802,Eglise Plaisance,2
2303475,15:08:00,15:08:10,stop_point:SP_4805,Rivière - Basse,3
2303475,15:08:00,15:08:10,stop_point:SP_4808,Prat Dessus,4
2303475,15:10:00,15:10:10,stop_point:SP_4804,Loti,5
2303475,15:12:00,15:12:10,stop_point:SP_4807,Tournefeuille Lycée,6
2303475,15:13:00,15:13:10,stop_point:SP_4841,Jean Gay,7
2303475,15:14:00,15:14:10,stop_point:SP_3834,Bordeneuve,8
2303475,15:15:00,15:15:10,stop_point:SP_1724,Collège Labitrie,9
2303475,15:16:00,15:16:10,stop_point:SP_2531,Alpilles,10
2303475,15:17:00,15:17:10,stop_point:SP_1488,Périgord,11
2303475,15:18:00,15:18:10,stop_point:SP_1091,St-Pierre,12
2303475,15:19:00,15:19:10,stop_point:SP_1551,Montel,13
2303475,15:20:00,15:20:10,stop_point:SP_1439,Tournefeuille Les Chênes,14
2303475,15:22:00,15:22:10,stop_point:SP_2889,Montjoie,15
2303475,15:23:00,15:23:10,stop_point:SP_4809,Ctre Cial Tournefeuille,16
2303475,15:24:00,15:24:10,stop_point:SP_2196,St-Exupéry,17
2303475,15:26:00,15:26:10,stop_point:SP_473,Briqueterie,18
2303475,15:27:00,15:27:10,stop_point:SP_2216,Montagné,19
2303475,15:28:00,15:28:10,stop_point:SP_1474,Lardenne,20
2303475,15:30:00,15:30:10,stop_point:SP_668,Eglise Lardenne,21
2303475,15:32:00,15:32:10,stop_point:SP_3700,Centre Aéré,22
2303475,15:33:00,15:33:10,stop_point:SP_1171,Tissié,23
2303475,15:35:00,15:35:10,stop_point:SP_1460,Pont Rocade,24
2303475,15:36:00,15:36:10,stop_point:SP_1149,Brombach,25
2303475,15:37:00,15:37:10,stop_point:SP_3407,Hippodrome,26
2303475,15:38:00,15:38:10,stop_point:SP_639,Négogousses,27
2303475,15:41:00,15:41:10,stop_point:SP_1754,Arènes,28
2303476,15:14:00,15:14:10,stop_point:SP_1027,Plaisance Monestié,1
2303476,15:15:00,15:15:10,stop_point:SP_4802,Eglise Plaisance,2
2303476,15:17:00,15:17:10,stop_point:SP_4805,Rivière - Basse,3
2303476,15:17:00,15:17:10,stop_point:SP_4808,Prat Dessus,4
2303476,15:19:00,15:19:10,stop_point:SP_4804,Loti,5
2303476,15:21:00,15:21:10,stop_point:SP_4807,Tournefeuille Lycée,6
2303476,15:22:00,15:22:10,stop_point:SP_4841,Jean Gay,7
2303476,15:23:00,15:23:10,stop_point:SP_3834,Bordeneuve,8
2303476,15:24:00,15:24:10,stop_point:SP_1724,Collège Labitrie,9
2303476,15:25:00,15:25:10,stop_point:SP_2531,Alpilles,10
2303476,15:26:00,15:26:10,stop_point:SP_1488,Périgord,11
2303476,15:27:00,15:27:10,stop_point:SP_1091,St-Pierre,12
2303476,15:28:00,15:28:10,stop_point:SP_1551,Montel,13
2303476,15:29:00,15:29:10,stop_point:SP_1439,Tournefeuille Les Chênes,14
2303476,15:31:00,15:31:10,stop_point:SP_2889,Montjoie,15
2303476,15:32:00,15:32:10,stop_point:SP_4809,Ctre Cial Tournefeuille,16
2303476,15:33:00,15:33:10,stop_point:SP_2196,St-Exupéry,17
2303476,15:35:00,15:35:10,stop_point:SP_473,Briqueterie,18
2303476,15:36:00,15:36:10,stop_point:SP_2216,Montagné,19
2303476,15:37:00,15:37:10,stop_point:SP_1474,Lardenne,20
2303476,15:39:00,15:39:10,stop_point:SP_668,Eglise Lardenne,21
2303476,15:41:00,15:41:10,stop_point:SP_3700,Centre Aéré,22
2303476,15:42:00,15:42:10,stop_point:SP_1171,Tissié,23
2303476,15:44:00,15:44:10,stop_point:SP_1460,Pont Rocade,24
2303476,15:45:00,15:45:10,stop_point:SP_1149,Brombach,25
2303476,15:46:00,15:46:10,stop_point:SP_3407,Hippodrome,26
2303476,15:47:00,15:47:10,stop_point:SP_639,Négogousses,27
2303476,15:50:00,15:50:10,stop_point:SP_1754,Arènes,28
2303477,15:20:00,15:20:10,stop_point:SP_1027,Plaisance Monestié,1
2303477,15:21:00,15:21:10,stop_point:SP_4802,Eglise Plaisance,2
2303477,15:23:00,15:23:10,stop_point:SP_4805,Rivière - Basse,3
2303477,15:23:00,15:23:10,stop_point:SP_4808,Prat Dessus,4
2303477,15:25:00,15:25:10,stop_point:SP_4804,Loti,5
2303477,15:27:00,15:27:10,stop_point:SP_4807,Tournefeuille Lycée,6
2303477,15:28:00,15:28:10,stop_point:SP_4841,Jean Gay,7
2303477,15:29:00,15:29:10,stop_point:SP_3834,Bordeneuve,8
2303477,15:30:00,15:30:10,stop_point:SP_1724,Collège Labitrie,9
2303477,15:31:00,15:31:10,stop_point:SP_2531,Alpilles,10
2303477,15:32:00,15:32:10,stop_point:SP_1488,Périgord,11
2303477,15:33:00,15:33:10,stop_point:SP_1091,St-Pierre,12
2303477,15:34:00,15:34:10,stop_point:SP_1551,Montel,13
2303477,15:35:00,15:35:10,stop_point:SP_1439,Tournefeuille Les Chênes,14
2303477,15:37:00,15:37:10,stop_point:SP_2889,Montjoie,15
2303477,15:38:00,15:38:10,stop_point:SP_4809,Ctre Cial Tournefeuille,16
2303477,15:39:00,15:39:10,stop_point:SP_2196,St-Exupéry,17
2303477,15:41:00,15:41:10,stop_point:SP_473,Briqueterie,18
2303477,15:42:00,15:42:10,stop_point:SP_2216,Montagné,19
2303477,15:43:00,15:43:10,stop_point:SP_1474,Lardenne,20
2303477,15:45:00,15:45:10,stop_point:SP_668,Eglise Lardenne,21
2303477,15:47:00,15:47:10,stop_point:SP_3700,Centre Aéré,22
2303477,15:48:00,15:48:10,stop_point:SP_1171,Tissié,23
2303477,15:50:00,15:50:10,stop_point:SP_1460,Pont Rocade,24
2303477,15:51:00,15:51:10,stop_point:SP_1149,Brombach,25
2303477,15:52:00,15:52:10,stop_point:SP_3407,Hippodrome,26
2303477,15:53:00,15:53:10,stop_point:SP_639,Négogousses,27
2303477,15:56:00,15:56:10,stop_point:SP_1754,Arènes,28
2303478,15:30:00,15:30:10,stop_point:SP_1027,Plaisance Monestié,1
2303478,15:31:00,15:31:10,stop_point:SP_4802,Eglise Plaisance,2
2303478,15:33:00,15:33:10,stop_point:SP_4805,Rivière - Basse,3
2303478,15:33:00,15:33:10,stop_point:SP_4808,Prat Dessus,4
2303478,15:35:00,15:35:10,stop_point:SP_4804,Loti,5
2303478,15:37:00,15:37:10,stop_point:SP_4807,Tournefeuille Lycée,6
2303478,15:38:00,15:38:10,stop_point:SP_4841,Jean Gay,7
2303478,15:39:00,15:39:10,stop_point:SP_3834,Bordeneuve,8
2303478,15:40:00,15:40:10,stop_point:SP_1724,Collège Labitrie,9
2303478,15:41:00,15:41:10,stop_point:SP_2531,Alpilles,10
2303478,15:42:00,15:42:10,stop_point:SP_1488,Périgord,11
2303478,15:43:00,15:43:10,stop_point:SP_1091,St-Pierre,12
2303478,15:44:00,15:44:10,stop_point:SP_1551,Montel,13
2303478,15:45:00,15:45:10,stop_point:SP_1439,Tournefeuille Les Chênes,14
2303478,15:47:00,15:47:10,stop_point:SP_2889,Montjoie,15
2303478,15:48:00,15:48:10,stop_point:SP_4809,Ctre Cial Tournefeuille,16
2303478,15:49:00,15:49:10,stop_point:SP_2196,St-Exupéry,17
2303478,15:51:00,15:51:10,stop_point:SP_473,Briqueterie,18
2303478,15:52:00,15:52:10,stop_point:SP_2216,Montagné,19
2303478,15:53:00,15:53:10,stop_point:SP_1474,Lardenne,20
2303478,15:55:00,15:55:10,stop_point:SP_668,Eglise Lardenne,21
2303478,15:57:00,15:57:10,stop_point:SP_3700,Centre Aéré,22
2303478,15:58:00,15:58:10,stop_point:SP_1171,Tissié,23
2303478,16:00:00,16:00:10,stop_point:SP_1460,Pont Rocade,24
2303478,16:01:00,16:01:10,stop_point:SP_1149,Brombach,25
2303478,16:02:00,16:02:10,stop_point:SP_3407,Hippodrome,26
2303478,16:03:00,16:03:10,stop_point:SP_639,Négogousses,27
2303478,16:06:00,16:06:10,stop_point:SP_1754,Arènes,28
2303479,15:38:00,15:38:10,stop_point:SP_1027,Plaisance Monestié,1
2303479,15:39:00,15:39:10,stop_point:SP_4802,Eglise Plaisance,2
2303479,15:41:00,15:41:10,stop_point:SP_4805,Rivière - Basse,3
2303479,15:41:00,15:41:10,stop_point:SP_4808,Prat Dessus,4
2303479,15:43:00,15:43:10,stop_point:SP_4804,Loti,5
2303479,15:45:00,15:45:10,stop_point:SP_4807,Tournefeuille Lycée,6
2303479,15:46:00,15:46:10,stop_point:SP_4841,Jean Gay,7
2303479,15:47:00,15:47:10,stop_point:SP_3834,Bordeneuve,8
2303479,15:48:00,15:48:10,stop_point:SP_1724,Collège Labitrie,9
2303479,15:49:00,15:49:10,stop_point:SP_2531,Alpilles,10
2303479,15:50:00,15:50:10,stop_point:SP_1488,Périgord,11
2303479,15:51:00,15:51:10,stop_point:SP_1091,St-Pierre,12
2303479,15:52:00,15:52:10,stop_point:SP_1551,Montel,13
2303479,15:53:00,15:53:10,stop_point:SP_1439,Tournefeuille Les Chênes,14
2303479,15:55:00,15:55:10,stop_point:SP_2889,Montjoie,15
2303479,15:56:00,15:56:10,stop_point:SP_4809,Ctre Cial Tournefeuille,16
2303479,15:57:00,15:57:10,stop_point:SP_2196,St-Exupéry,17
2303479,15:59:00,15:59:10,stop_point:SP_473,Briqueterie,18
2303479,16:00:00,16:00:10,stop_point:SP_2216,Montagné,19
2303479,16:01:00,16:01:10,stop_point:SP_1474,Lardenne,20
2303479,16:03:00,16:03:10,stop_point:SP_668,Eglise Lardenne,21
2303479,16:05:00,16:05:10,stop_point:SP_3700,Centre Aéré,22
2303479,16:06:00,16:06:10,stop_point:SP_1171,Tissié,23
2303479,16:08:00,16:08:10,stop_point:SP_1460,Pont Rocade,24
2303479,16:09:00,16:09:10,stop_point:SP_1149,Brombach,25
2303479,16:10:00,16:10:10,stop_point:SP_3407,Hippodrome,26
2303479,16:11:00,16:11:10,stop_point:SP_639,Négogousses,27
2303479,16:14:00,16:14:10,stop_point:SP_1754,Arènes,28
2303480,15:47:00,15:47:10,stop_point:SP_1027,Plaisance Monestié,1
2303480,15:48:00,15:48:10,stop_point:SP_4802,Eglise Plaisance,2
2303480,15:50:00,15:50:10,stop_point:SP_4805,Rivière - Basse,3
2303480,15:50:00,15:50:10,stop_point:SP_4808,Prat Dessus,4
2303480,15:52:00,15:52:10,stop_point:SP_4804,Loti,5
2303480,15:54:00,15:54:10,stop_point:SP_4807,Tournefeuille Lycée,6
2303480,15:55:00,15:55:10,stop_point:SP_4841,Jean Gay,7
2303480,15:56:00,15:56:10,stop_point:SP_3834,Bordeneuve,8
2303480,15:57:00,15:57:10,stop_point:SP_1724,Collège Labitrie,9
2303480,15:58:00,15:58:10,stop_point:SP_2531,Alpilles,10
2303480,15:59:00,15:59:10,stop_point:SP_1488,Périgord,11
2303480,16:00:00,16:00:10,stop_point:SP_1091,St-Pierre,12
2303480,16:01:00,16:01:10,stop_point:SP_1551,Montel,13
2303480,16:02:00,16:02:10,stop_point:SP_1439,Tournefeuille Les Chênes,14
2303480,16:04:00,16:04:10,stop_point:SP_2889,Montjoie,15
2303480,16:05:00,16:05:10,stop_point:SP_4809,Ctre Cial Tournefeuille,16
2303480,16:06:00,16:06:10,stop_point:SP_2196,St-Exupéry,17
2303480,16:08:00,16:08:10,stop_point:SP_473,Briqueterie,18
2303480,16:09:00,16:09:10,stop_point:SP_2216,Montagné,19
2303480,16:10:00,16:10:10,stop_point:SP_1474,Lardenne,20
2303480,16:12:00,16:12:10,stop_point:SP_668,Eglise Lardenne,21
2303480,16:14:00,16:14:10,stop_point:SP_3700,Centre Aéré,22
2303480,16:15:00,16:15:10,stop_point:SP_1171,Tissié,23
2303480,16:17:00,16:17:10,stop_point:SP_1460,Pont Rocade,24
2303480,16:18:00,16:18:10,stop_point:SP_1149,Brombach,25
2303480,16:19:00,16:19:10,stop_point:SP_3407,Hippodrome,26
2303480,16:20:00,16:20:10,stop_point:SP_639,Négogousses,27
2303480,16:23:00,16:23:10,stop_point:SP_1754,Arènes,28
2303481,15:56:00,15:56:10,stop_point:SP_1027,Plaisance Monestié,1
2303481,15:57:00,15:57:10,stop_point:SP_4802,Eglise Plaisance,2
2303481,15:59:00,15:59:10,stop_point:SP_4805,Rivière - Basse,3
2303481,15:59:00,15:59:10,stop_point:SP_4808,Prat Dessus,4
2303481,16:01:00,16:01:10,stop_point:SP_4804,Loti,5
2303481,16:03:00,16:03:10,stop_point:SP_4807,Tournefeuille Lycée,6
2303481,16:04:00,16:04:10,stop_point:SP_4841,Jean Gay,7
2303481,16:05:00,16:05:10,stop_point:SP_3834,Bordeneuve,8
2303481,16:06:00,16:06:10,stop_point:SP_1724,Collège Labitrie,9
2303481,16:07:00,16:07:10,stop_point:SP_2531,Alpilles,10
2303481,16:08:00,16:08:10,stop_point:SP_1488,Périgord,11
2303481,16:09:00,16:09:10,stop_point:SP_1091,St-Pierre,12
2303481,16:11:00,16:11:10,stop_point:SP_1551,Montel,13
2303481,16:12:00,16:12:10,stop_point:SP_1439,Tournefeuille Les Chênes,14
2303481,16:14:00,16:14:10,stop_point:SP_2889,Montjoie,15
2303481,16:15:00,16:15:10,stop_point:SP_4809,Ctre Cial Tournefeuille,16
2303481,16:16:00,16:16:10,stop_point:SP_2196,St-Exupéry,17
2303481,16:18:00,16:18:10,stop_point:SP_473,Briqueterie,18
2303481,16:19:00,16:19:10,stop_point:SP_2216,Montagné,19
2303481,16:20:00,16:20:10,stop_point:SP_1474,Lardenne,20
2303481,16:22:00,16:22:10,stop_point:SP_668,Eglise Lardenne,21
2303481,16:24:00,16:24:10,stop_point:SP_3700,Centre Aéré,22
2303481,16:25:00,16:25:10,stop_point:SP_1171,Tissié,23
2303481,16:27:00,16:27:10,stop_point:SP_1460,Pont Rocade,24
2303481,16:28:00,16:28:10,stop_point:SP_1149,Brombach,25
2303481,16:30:00,16:30:10,stop_point:SP_3407,Hippodrome,26
2303481,16:31:00,16:31:10,stop_point:SP_639,Négogousses,27
2303481,16:34:00,16:34:10,stop_point:SP_1754,Arènes,28
2303482,16:05:00,16:05:10,stop_point:SP_1027,Plaisance Monestié,1
2303482,16:06:00,16:06:10,stop_point:SP_4802,Eglise Plaisance,2
2303482,16:08:00,16:08:10,stop_point:SP_4805,Rivière - Basse,3
2303482,16:08:00,16:08:10,stop_point:SP_4808,Prat Dessus,4
2303482,16:10:00,16:10:10,stop_point:SP_4804,Loti,5
2303482,16:12:00,16:12:10,stop_point:SP_4807,Tournefeuille Lycée,6
2303482,16:13:00,16:13:10,stop_point:SP_4841,Jean Gay,7
2303482,16:14:00,16:14:10,stop_point:SP_3834,Bordeneuve,8
2303482,16:15:00,16:15:10,stop_point:SP_1724,Collège Labitrie,9
2303482,16:16:00,16:16:10,stop_point:SP_2531,Alpilles,10
2303482,16:17:00,16:17:10,stop_point:SP_1488,Périgord,11
2303482,16:18:00,16:18:10,stop_point:SP_1091,St-Pierre,12
2303482,16:20:00,16:20:10,stop_point:SP_1551,Montel,13
2303482,16:21:00,16:21:10,stop_point:SP_1439,Tournefeuille Les Chênes,14
2303482,16:23:00,16:23:10,stop_point:SP_2889,Montjoie,15
2303482,16:24:00,16:24:10,stop_point:SP_4809,Ctre Cial Tournefeuille,16
2303482,16:25:00,16:25:10,stop_point:SP_2196,St-Exupéry,17
2303482,16:27:00,16:27:10,stop_point:SP_473,Briqueterie,18
2303482,16:28:00,16:28:10,stop_point:SP_2216,Montagné,19
2303482,16:29:00,16:29:10,stop_point:SP_1474,Lardenne,20
2303482,16:31:00,16:31:10,stop_point:SP_668,Eglise Lardenne,21
2303482,16:33:00,16:33:10,stop_point:SP_3700,Centre Aéré,22
2303482,16:34:00,16:34:10,stop_point:SP_1171,Tissié,23
2303482,16:36:00,16:36:10,stop_point:SP_1460,Pont Rocade,24
2303482,16:37:00,16:37:10,stop_point:SP_1149,Brombach,25
2303482,16:39:00,16:39:10,stop_point:SP_3407,Hippodrome,26
2303482,16:40:00,16:40:10,stop_point:SP_639,Négogousses,27
2303482,16:43:00,16:43:10,stop_point:SP_1754,Arènes,28
2303483,16:14:00,16:14:10,stop_point:SP_1027,Plaisance Monestié,1
2303483,16:15:00,16:15:10,stop_point:SP_4802,Eglise Plaisance,2
2303483,16:17:00,16:17:10,stop_point:SP_4805,Rivière - Basse,3
2303483,16:17:00,16:17:10,stop_point:SP_4808,Prat Dessus,4
2303483,16:19:00,16:19:10,stop_point:SP_4804,Loti,5
2303483,16:21:00,16:21:10,stop_point:SP_4807,Tournefeuille Lycée,6
2303483,16:22:00,16:22:10,stop_point:SP_4841,Jean Gay,7
2303483,16:23:00,16:23:10,stop_point:SP_3834,Bordeneuve,8
2303483,16:24:00,16:24:10,stop_point:SP_1724,Collège Labitrie,9
2303483,16:25:00,16:25:10,stop_point:SP_2531,Alpilles,10
2303483,16:26:00,16:26:10,stop_point:SP_1488,Périgord,11
2303483,16:27:00,16:27:10,stop_point:SP_1091,St-Pierre,12
2303483,16:29:00,16:29:10,stop_point:SP_1551,Montel,13
2303483,16:30:00,16:30:10,stop_point:SP_1439,Tournefeuille Les Chênes,14
2303483,16:32:00,16:32:10,stop_point:SP_2889,Montjoie,15
2303483,16:33:00,16:33:10,stop_point:SP_4809,Ctre Cial Tournefeuille,16
2303483,16:34:00,16:34:10,stop_point:SP_2196,St-Exupéry,17
2303483,16:36:00,16:36:10,stop_point:SP_473,Briqueterie,18
2303483,16:37:00,16:37:10,stop_point:SP_2216,Montagné,19
2303483,16:38:00,16:38:10,stop_point:SP_1474,Lardenne,20
2303483,16:40:00,16:40:10,stop_point:SP_668,Eglise Lardenne,21
2303483,16:42:00,16:42:10,stop_point:SP_3700,Centre Aéré,22
2303483,16:43:00,16:43:10,stop_point:SP_1171,Tissié,23
2303483,16:45:00,16:45:10,stop_point:SP_1460,Pont Rocade,24
2303483,16:46:00,16:46:10,stop_point:SP_1149,Brombach,25
2303483,16:48:00,16:48:10,stop_point:SP_3407,Hippodrome,26
2303483,16:49:00,16:49:10,stop_point:SP_639,Négogousses,27
2303483,16:52:00,16:52:10,stop_point:SP_1754,Arènes,28
2303484,16:22:00,16:22:10,stop_point:SP_1027,Plaisance Monestié,1
2303484,16:23:00,16:23:10,stop_point:SP_4802,Eglise Plaisance,2
2303484,16:25:00,16:25:10,stop_point:SP_4805,Rivière - Basse,3
2303484,16:25:00,16:25:10,stop_point:SP_4808,Prat Dessus,4
2303484,16:27:00,16:27:10,stop_point:SP_4804,Loti,5
2303484,16:29:00,16:29:10,stop_point:SP_4807,Tournefeuille Lycée,6
2303484,16:30:00,16:30:10,stop_point:SP_4841,Jean Gay,7
2303484,16:31:00,16:31:10,stop_point:SP_3834,Bordeneuve,8
2303484,16:32:00,16:32:10,stop_point:SP_1724,Collège Labitrie,9
2303484,16:33:00,16:33:10,stop_point:SP_2531,Alpilles,10
2303484,16:34:00,16:34:10,stop_point:SP_1488,Périgord,11
2303484,16:35:00,16:35:10,stop_point:SP_1091,St-Pierre,12
2303484,16:37:00,16:37:10,stop_point:SP_1551,Montel,13
2303484,16:38:00,16:38:10,stop_point:SP_1439,Tournefeuille Les Chênes,14
2303484,16:40:00,16:40:10,stop_point:SP_2889,Montjoie,15
2303484,16:41:00,16:41:10,stop_point:SP_4809,Ctre Cial Tournefeuille,16
2303484,16:42:00,16:42:10,stop_point:SP_2196,St-Exupéry,17
2303484,16:44:00,16:44:10,stop_point:SP_473,Briqueterie,18
2303484,16:45:00,16:45:10,stop_point:SP_2216,Montagné,19
2303484,16:46:00,16:46:10,stop_point:SP_1474,Lardenne,20
2303484,16:48:00,16:48:10,stop_point:SP_668,Eglise Lardenne,21
2303484,16:50:00,16:50:10,stop_point:SP_3700,Centre Aéré,22
2303484,16:51:00,16:51:10,stop_point:SP_1171,Tissié,23
2303484,16:53:00,16:53:10,stop_point:SP_1460,Pont Rocade,24
2303484,16:54:00,16:54:10,stop_point:SP_1149,Brombach,25
2303484,16:56:00,16:56:10,stop_point:SP_3407,Hippodrome,26
2303484,16:57:00,16:57:10,stop_point:SP_639,Négogousses,27
2303484,17:00:00,17:00:10,stop_point:SP_1754,Arènes,28
2303485,16:30:00,16:30:10,stop_point:SP_1027,Plaisance Monestié,1
2303485,16:31:00,16:31:10,stop_point:SP_4802,Eglise Plaisance,2
2303485,16:33:00,16:33:10,stop_point:SP_4805,Rivière - Basse,3
2303485,16:33:00,16:33:10,stop_point:SP_4808,Prat Dessus,4
2303485,16:35:00,16:35:10,stop_point:SP_4804,Loti,5
2303485,16:37:00,16:37:10,stop_point:SP_4807,Tournefeuille Lycée,6
2303485,16:38:00,16:38:10,stop_point:SP_4841,Jean Gay,7
2303485,16:39:00,16:39:10,stop_point:SP_3834,Bordeneuve,8
2303485,16:40:00,16:40:10,stop_point:SP_1724,Collège Labitrie,9
2303485,16:41:00,16:41:10,stop_point:SP_2531,Alpilles,10
2303485,16:42:00,16:42:10,stop_point:SP_1488,Périgord,11
2303485,16:43:00,16:43:10,stop_point:SP_1091,St-Pierre,12
2303485,16:45:00,16:45:10,stop_point:SP_1551,Montel,13
2303485,16:46:00,16:46:10,stop_point:SP_1439,Tournefeuille Les Chênes,14
2303485,16:48:00,16:48:10,stop_point:SP_2889,Montjoie,15
2303485,16:49:00,16:49:10,stop_point:SP_4809,Ctre Cial Tournefeuille,16
2303485,16:50:00,16:50:10,stop_point:SP_2196,St-Exupéry,17
2303485,16:52:00,16:52:10,stop_point:SP_473,Briqueterie,18
2303485,16:53:00,16:53:10,stop_point:SP_2216,Montagné,19
2303485,16:54:00,16:54:10,stop_point:SP_1474,Lardenne,20
2303485,16:56:00,16:56:10,stop_point:SP_668,Eglise Lardenne,21
2303485,16:58:00,16:58:10,stop_point:SP_3700,Centre Aéré,22
2303485,16:59:00,16:59:10,stop_point:SP_1171,Tissié,23
2303485,17:01:00,17:01:10,stop_point:SP_1460,Pont Rocade,24
2303485,17:02:00,17:02:10,stop_point:SP_1149,Brombach,25
2303485,17:04:00,17:04:10,stop_point:SP_3407,Hippodrome,26
2303485,17:05:00,17:05:10,stop_point:SP_639,Négogousses,27
2303485,17:08:00,17:08:10,stop_point:SP_1754,Arènes,28
2303486,16:38:00,16:38:10,stop_point:SP_1027,Plaisance Monestié,1
2303486,16:39:00,16:39:10,stop_point:SP_4802,Eglise Plaisance,2
2303486,16:41:00,16:41:10,stop_point:SP_4805,Rivière - Basse,3
2303486,16:41:00,16:41:10,stop_point:SP_4808,Prat Dessus,4
2303486,16:43:00,16:43:10,stop_point:SP_4804,Loti,5
2303486,16:45:00,16:45:10,stop_point:SP_4807,Tournefeuille Lycée,6
2303486,16:46:00,16:46:10,stop_point:SP_4841,Jean Gay,7
2303486,16:47:00,16:47:10,stop_point:SP_3834,Bordeneuve,8
2303486,16:48:00,16:48:10,stop_point:SP_1724,Collège Labitrie,9
2303486,16:49:00,16:49:10,stop_point:SP_2531,Alpilles,10
2303486,16:50:00,16:50:10,stop_point:SP_1488,Périgord,11
2303486,16:51:00,16:51:10,stop_point:SP_1091,St-Pierre,12
2303486,16:53:00,16:53:10,stop_point:SP_1551,Montel,13
2303486,16:54:00,16:54:10,stop_point:SP_1439,Tournefeuille Les Chênes,14
2303486,16:56:00,16:56:10,stop_point:SP_2889,Montjoie,15
2303486,16:57:00,16:57:10,stop_point:SP_4809,Ctre Cial Tournefeuille,16
2303486,16:58:00,16:58:10,stop_point:SP_2196,St-Exupéry,17
2303486,17:00:00,17:00:10,stop_point:SP_473,Briqueterie,18
2303486,17:01:00,17:01:10,stop_point:SP_2216,Montagné,19
2303486,17:02:00,17:02:10,stop_point:SP_1474,Lardenne,20
2303486,17:04:00,17:04:10,stop_point:SP_668,Eglise Lardenne,21
2303486,17:06:00,17:06:10,stop_point:SP_3700,Centre Aéré,22
2303486,17:07:00,17:07:10,stop_point:SP_1171,Tissié,23
2303486,17:09:00,17:09:10,stop_point:SP_1460,Pont Rocade,24
2303486,17:10:00,17:10:10,stop_point:SP_1149,Brombach,25
2303486,17:12:00,17:12:10,stop_point:SP_3407,Hippodrome,26
2303486,17:13:00,17:13:10,stop_point:SP_639,Négogousses,27
2303486,17:16:00,17:16:10,stop_point:SP_1754,Arènes,28
2303487,16:45:00,16:45:10,stop_point:SP_1027,Plaisance Monestié,1
2303487,16:46:00,16:46:10,stop_point:SP_4802,Eglise Plaisance,2
2303487,16:48:00,16:48:10,stop_point:SP_4805,Rivière - Basse,3
2303487,16:48:00,16:48:10,stop_point:SP_4808,Prat Dessus,4
2303487,16:50:00,16:50:10,stop_point:SP_4804,Loti,5
2303487,16:52:00,16:52:10,stop_point:SP_4807,Tournefeuille Lycée,6
2303487,16:53:00,16:53:10,stop_point:SP_4841,Jean Gay,7
2303487,16:54:00,16:54:10,stop_point:SP_3834,Bordeneuve,8
2303487,16:55:00,16:55:10,stop_point:SP_1724,Collège Labitrie,9
2303487,16:56:00,16:56:10,stop_point:SP_2531,Alpilles,10
2303487,16:57:00,16:57:10,stop_point:SP_1488,Périgord,11
2303487,16:58:00,16:58:10,stop_point:SP_1091,St-Pierre,12
2303487,17:00:00,17:00:10,stop_point:SP_1551,Montel,13
2303487,17:01:00,17:01:10,stop_point:SP_1439,Tournefeuille Les Chênes,14
2303487,17:03:00,17:03:10,stop_point:SP_2889,Montjoie,15
2303487,17:04:00,17:04:10,stop_point:SP_4809,Ctre Cial Tournefeuille,16
2303487,17:05:00,17:05:10,stop_point:SP_2196,St-Exupéry,17
2303487,17:07:00,17:07:10,stop_point:SP_473,Briqueterie,18
2303487,17:08:00,17:08:10,stop_point:SP_2216,Montagné,19
2303487,17:09:00,17:09:10,stop_point:SP_1474,Lardenne,20
2303487,17:11:00,17:11:10,stop_point:SP_668,Eglise Lardenne,21
2303487,17:13:00,17:13:10,stop_point:SP_3700,Centre Aéré,22
2303487,17:14:00,17:14:10,stop_point:SP_1171,Tissié,23
2303487,17:16:00,17:16:10,stop_point:SP_1460,Pont Rocade,24
2303487,17:17:00,17:17:10,stop_point:SP_1149,Brombach,25
2303487,17:19:00,17:19:10,stop_point:SP_3407,Hippodrome,26
2303487,17:20:00,17:20:10,stop_point:SP_639,Négogousses,27
2303487,17:23:00,17:23:10,stop_point:SP_1754,Arènes,28
2303488,16:51:00,16:51:10,stop_point:SP_1027,Plaisance Monestié,1
2303488,16:52:00,16:52:10,stop_point:SP_4802,Eglise Plaisance,2
2303488,16:54:00,16:54:10,stop_point:SP_4805,Rivière - Basse,3
2303488,16:54:00,16:54:10,stop_point:SP_4808,Prat Dessus,4
2303488,16:56:00,16:56:10,stop_point:SP_4804,Loti,5
2303488,16:58:00,16:58:10,stop_point:SP_4807,Tournefeuille Lycée,6
2303488,16:59:00,16:59:10,stop_point:SP_4841,Jean Gay,7
2303488,17:00:00,17:00:10,stop_point:SP_3834,Bordeneuve,8
2303488,17:01:00,17:01:10,stop_point:SP_1724,Collège Labitrie,9
2303488,17:02:00,17:02:10,stop_point:SP_2531,Alpilles,10
2303488,17:03:00,17:03:10,stop_point:SP_1488,Périgord,11
2303488,17:04:00,17:04:10,stop_point:SP_1091,St-Pierre,12
2303488,17:06:00,17:06:10,stop_point:SP_1551,Montel,13
2303488,17:07:00,17:07:10,stop_point:SP_1439,Tournefeuille Les Chênes,14
2303488,17:09:00,17:09:10,stop_point:SP_2889,Montjoie,15
2303488,17:10:00,17:10:10,stop_point:SP_4809,Ctre Cial Tournefeuille,16
2303488,17:11:00,17:11:10,stop_point:SP_2196,St-Exupéry,17
2303488,17:13:00,17:13:10,stop_point:SP_473,Briqueterie,18
2303488,17:14:00,17:14:10,stop_point:SP_2216,Montagné,19
2303488,17:15:00,17:15:10,stop_point:SP_1474,Lardenne,20
2303488,17:17:00,17:17:10,stop_point:SP_668,Eglise Lardenne,21
2303488,17:19:00,17:19:10,stop_point:SP_3700,Centre Aéré,22
2303488,17:21:00,17:21:10,stop_point:SP_1171,Tissié,23
2303488,17:23:00,17:23:10,stop_point:SP_1460,Pont Rocade,24
2303488,17:25:00,17:25:10,stop_point:SP_1149,Brombach,25
2303488,17:26:00,17:26:10,stop_point:SP_3407,Hippodrome,26
2303488,17:28:00,17:28:10,stop_point:SP_639,Négogousses,27
2303488,17:31:00,17:31:10,stop_point:SP_1754,Arènes,28
2303489,16:58:00,16:58:10,stop_point:SP_1027,Plaisance Monestié,1
2303489,17:00:00,17:00:10,stop_point:SP_4802,Eglise Plaisance,2
2303489,17:01:00,17:01:10,stop_point:SP_4805,Rivière - Basse,3
2303489,17:02:00,17:02:10,stop_point:SP_4808,Prat Dessus,4
2303489,17:03:00,17:03:10,stop_point:SP_4804,Loti,5
2303489,17:06:00,17:06:10,stop_point:SP_4807,Tournefeuille Lycée,6
2303489,17:07:00,17:07:10,stop_point:SP_4841,Jean Gay,7
2303489,17:08:00,17:08:10,stop_point:SP_3834,Bordeneuve,8
2303489,17:09:00,17:09:10,stop_point:SP_1724,Collège Labitrie,9
2303489,17:10:00,17:10:10,stop_point:SP_2531,Alpilles,10
2303489,17:11:00,17:11:10,stop_point:SP_1488,Périgord,11
2303489,17:12:00,17:12:10,stop_point:SP_1091,St-Pierre,12
2303489,17:14:00,17:14:10,stop_point:SP_1551,Montel,13
2303489,17:15:00,17:15:10,stop_point:SP_1439,Tournefeuille Les Chênes,14
2303489,17:17:00,17:17:10,stop_point:SP_2889,Montjoie,15
2303489,17:18:00,17:18:10,stop_point:SP_4809,Ctre Cial Tournefeuille,16
2303489,17:19:00,17:19:10,stop_point:SP_2196,St-Exupéry,17
2303489,17:21:00,17:21:10,stop_point:SP_473,Briqueterie,18
2303489,17:22:00,17:22:10,stop_point:SP_2216,Montagné,19
2303489,17:23:00,17:23:10,stop_point:SP_1474,Lardenne,20
2303489,17:26:00,17:26:10,stop_point:SP_668,Eglise Lardenne,21
2303489,17:28:00,17:28:10,stop_point:SP_3700,Centre Aéré,22
2303489,17:30:00,17:30:10,stop_point:SP_1171,Tissié,23
2303489,17:32:00,17:32:10,stop_point:SP_1460,Pont Rocade,24
2303489,17:34:00,17:34:10,stop_point:SP_1149,Brombach,25
2303489,17:35:00,17:35:10,stop_point:SP_3407,Hippodrome,26
2303489,17:37:00,17:37:10,stop_point:SP_639,Négogousses,27
2303489,17:40:00,17:40:10,stop_point:SP_1754,Arènes,28
2303490,17:07:00,17:07:10,stop_point:SP_1027,Plaisance Monestié,1
2303490,17:09:00,17:09:10,stop_point:SP_4802,Eglise Plaisance,2
2303490,17:10:00,17:10:10,stop_point:SP_4805,Rivière - Basse,3
2303490,17:11:00,17:11:10,stop_point:SP_4808,Prat Dessus,4
2303490,17:12:00,17:12:10,stop_point:SP_4804,Loti,5
2303490,17:15:00,17:15:10,stop_point:SP_4807,Tournefeuille Lycée,6
2303490,17:16:00,17:16:10,stop_point:SP_4841,Jean Gay,7
2303490,17:17:00,17:17:10,stop_point:SP_3834,Bordeneuve,8
2303490,17:18:00,17:18:10,stop_point:SP_1724,Collège Labitrie,9
2303490,17:19:00,17:19:10,stop_point:SP_2531,Alpilles,10
2303490,17:20:00,17:20:10,stop_point:SP_1488,Périgord,11
2303490,17:21:00,17:21:10,stop_point:SP_1091,St-Pierre,12
2303490,17:23:00,17:23:10,stop_point:SP_1551,Montel,13
2303490,17:24:00,17:24:10,stop_point:SP_1439,Tournefeuille Les Chênes,14
2303490,17:26:00,17:26:10,stop_point:SP_2889,Montjoie,15
2303490,17:27:00,17:27:10,stop_point:SP_4809,Ctre Cial Tournefeuille,16
2303490,17:28:00,17:28:10,stop_point:SP_2196,St-Exupéry,17
2303490,17:30:00,17:30:10,stop_point:SP_473,Briqueterie,18
2303490,17:31:00,17:31:10,stop_point:SP_2216,Montagné,19
2303490,17:32:00,17:32:10,stop_point:SP_1474,Lardenne,20
2303490,17:35:00,17:35:10,stop_point:SP_668,Eglise Lardenne,21
2303490,17:37:00,17:37:10,stop_point:SP_3700,Centre Aéré,22
2303490,17:39:00,17:39:10,stop_point:SP_1171,Tissié,23
2303490,17:41:00,17:41:10,stop_point:SP_1460,Pont Rocade,24
2303490,17:43:00,17:43:10,stop_point:SP_1149,Brombach,25
2303490,17:44:00,17:44:10,stop_point:SP_3407,Hippodrome,26
2303490,17:46:00,17:46:10,stop_point:SP_639,Négogousses,27
2303490,17:49:00,17:49:10,stop_point:SP_1754,Arènes,28
2303491,17:15:00,17:15:10,stop_point:SP_1027,Plaisance Monestié,1
2303491,17:17:00,17:17:10,stop_point:SP_4802,Eglise Plaisance,2
2303491,17:18:00,17:18:10,stop_point:SP_4805,Rivière - Basse,3
2303491,17:19:00,17:19:10,stop_point:SP_4808,Prat Dessus,4
2303491,17:20:00,17:20:10,stop_point:SP_4804,Loti,5
2303491,17:23:00,17:23:10,stop_point:SP_4807,Tournefeuille Lycée,6
2303491,17:24:00,17:24:10,stop_point:SP_4841,Jean Gay,7
2303491,17:25:00,17:25:10,stop_point:SP_3834,Bordeneuve,8
2303491,17:26:00,17:26:10,stop_point:SP_1724,Collège Labitrie,9
2303491,17:27:00,17:27:10,stop_point:SP_2531,Alpilles,10
2303491,17:28:00,17:28:10,stop_point:SP_1488,Périgord,11
2303491,17:29:00,17:29:10,stop_point:SP_1091,St-Pierre,12
2303491,17:31:00,17:31:10,stop_point:SP_1551,Montel,13
2303491,17:32:00,17:32:10,stop_point:SP_1439,Tournefeuille Les Chênes,14
2303491,17:34:00,17:34:10,stop_point:SP_2889,Montjoie,15
2303491,17:35:00,17:35:10,stop_point:SP_4809,Ctre Cial Tournefeuille,16
2303491,17:36:00,17:36:10,stop_point:SP_2196,St-Exupéry,17
2303491,17:38:00,17:38:10,stop_point:SP_473,Briqueterie,18
2303491,17:39:00,17:39:10,stop_point:SP_2216,Montagné,19
2303491,17:40:00,17:40:10,stop_point:SP_1474,Lardenne,20
2303491,17:43:00,17:43:10,stop_point:SP_668,Eglise Lardenne,21
2303491,17:45:00,17:45:10,stop_point:SP_3700,Centre Aéré,22
2303491,17:47:00,17:47:10,stop_point:SP_1171,Tissié,23
2303491,17:49:00,17:49:10,stop_point:SP_1460,Pont Rocade,24
2303491,17:51:00,17:51:10,stop_point:SP_1149,Brombach,25
2303491,17:52:00,17:52:10,stop_point:SP_3407,Hippodrome,26
2303491,17:54:00,17:54:10,stop_point:SP_639,Négogousses,27
2303491,17:57:00,17:57:10,stop_point:SP_1754,Arènes,28
2303492,17:23:00,17:23:10,stop_point:SP_1027,Plaisance Monestié,1
2303492,17:25:00,17:25:10,stop_point:SP_4802,Eglise Plaisance,2
2303492,17:26:00,17:26:10,stop_point:SP_4805,Rivière - Basse,3
2303492,17:27:00,17:27:10,stop_point:SP_4808,Prat Dessus,4
2303492,17:28:00,17:28:10,stop_point:SP_4804,Loti,5
2303492,17:31:00,17:31:10,stop_point:SP_4807,Tournefeuille Lycée,6
2303492,17:32:00,17:32:10,stop_point:SP_4841,Jean Gay,7
2303492,17:33:00,17:33:10,stop_point:SP_3834,Bordeneuve,8
2303492,17:34:00,17:34:10,stop_point:SP_1724,Collège Labitrie,9
2303492,17:35:00,17:35:10,stop_point:SP_2531,Alpilles,10
2303492,17:36:00,17:36:10,stop_point:SP_1488,Périgord,11
2303492,17:37:00,17:37:10,stop_point:SP_1091,St-Pierre,12
2303492,17:39:00,17:39:10,stop_point:SP_1551,Montel,13
2303492,17:40:00,17:40:10,stop_point:SP_1439,Tournefeuille Les Chênes,14
2303492,17:42:00,17:42:10,stop_point:SP_2889,Montjoie,15
2303492,17:43:00,17:43:10,stop_point:SP_4809,Ctre Cial Tournefeuille,16
2303492,17:44:00,17:44:10,stop_point:SP_2196,St-Exupéry,17
2303492,17:46:00,17:46:10,stop_point:SP_473,Briqueterie,18
2303492,17:47:00,17:47:10,stop_point:SP_2216,Montagné,19
2303492,17:48:00,17:48:10,stop_point:SP_1474,Lardenne,20
2303492,17:51:00,17:51:10,stop_point:SP_668,Eglise Lardenne,21
2303492,17:53:00,17:53:10,stop_point:SP_3700,Centre Aéré,22
2303492,17:55:00,17:55:10,stop_point:SP_1171,Tissié,23
2303492,17:57:00,17:57:10,stop_point:SP_1460,Pont Rocade,24
2303492,17:59:00,17:59:10,stop_point:SP_1149,Brombach,25
2303492,18:00:00,18:00:10,stop_point:SP_3407,Hippodrome,26
2303492,18:02:00,18:02:10,stop_point:SP_639,Négogousses,27
2303492,18:05:00,18:05:10,stop_point:SP_1754,Arènes,28
2303493,17:33:00,17:33:10,stop_point:SP_1027,Plaisance Monestié,1
2303493,17:35:00,17:35:10,stop_point:SP_4802,Eglise Plaisance,2
2303493,17:36:00,17:36:10,stop_point:SP_4805,Rivière - Basse,3
2303493,17:37:00,17:37:10,stop_point:SP_4808,Prat Dessus,4
2303493,17:38:00,17:38:10,stop_point:SP_4804,Loti,5
2303493,17:41:00,17:41:10,stop_point:SP_4807,Tournefeuille Lycée,6
2303493,17:42:00,17:42:10,stop_point:SP_4841,Jean Gay,7
2303493,17:43:00,17:43:10,stop_point:SP_3834,Bordeneuve,8
2303493,17:44:00,17:44:10,stop_point:SP_1724,Collège Labitrie,9
2303493,17:45:00,17:45:10,stop_point:SP_2531,Alpilles,10
2303493,17:46:00,17:46:10,stop_point:SP_1488,Périgord,11
2303493,17:47:00,17:47:10,stop_point:SP_1091,St-Pierre,12
2303493,17:49:00,17:49:10,stop_point:SP_1551,Montel,13
2303493,17:50:00,17:50:10,stop_point:SP_1439,Tournefeuille Les Chênes,14
2303493,17:52:00,17:52:10,stop_point:SP_2889,Montjoie,15
2303493,17:53:00,17:53:10,stop_point:SP_4809,Ctre Cial Tournefeuille,16
2303493,17:54:00,17:54:10,stop_point:SP_2196,St-Exupéry,17
2303493,17:56:00,17:56:10,stop_point:SP_473,Briqueterie,18
2303493,17:57:00,17:57:10,stop_point:SP_2216,Montagné,19
2303493,17:58:00,17:58:10,stop_point:SP_1474,Lardenne,20
2303493,18:01:00,18:01:10,stop_point:SP_668,Eglise Lardenne,21
2303493,18:03:00,18:03:10,stop_point:SP_3700,Centre Aéré,22
2303493,18:05:00,18:05:10,stop_point:SP_1171,Tissié,23
2303493,18:07:00,18:07:10,stop_point:SP_1460,Pont Rocade,24
2303493,18:09:00,18:09:10,stop_point:SP_1149,Brombach,25
2303493,18:10:00,18:10:10,stop_point:SP_3407,Hippodrome,26
2303493,18:12:00,18:12:10,stop_point:SP_639,Négogousses,27
2303493,18:15:00,18:15:10,stop_point:SP_1754,Arènes,28
2303494,17:43:00,17:43:10,stop_point:SP_1027,Plaisance Monestié,1
2303494,17:45:00,17:45:10,stop_point:SP_4802,Eglise Plaisance,2
2303494,17:46:00,17:46:10,stop_point:SP_4805,Rivière - Basse,3
2303494,17:47:00,17:47:10,stop_point:SP_4808,Prat Dessus,4
2303494,17:48:00,17:48:10,stop_point:SP_4804,Loti,5
2303494,17:51:00,17:51:10,stop_point:SP_4807,Tournefeuille Lycée,6
2303494,17:52:00,17:52:10,stop_point:SP_4841,Jean Gay,7
2303494,17:53:00,17:53:10,stop_point:SP_3834,Bordeneuve,8
2303494,17:54:00,17:54:10,stop_point:SP_1724,Collège Labitrie,9
2303494,17:55:00,17:55:10,stop_point:SP_2531,Alpilles,10
2303494,17:56:00,17:56:10,stop_point:SP_1488,Périgord,11
2303494,17:57:00,17:57:10,stop_point:SP_1091,St-Pierre,12
2303494,17:59:00,17:59:10,stop_point:SP_1551,Montel,13
2303494,18:00:00,18:00:10,stop_point:SP_1439,Tournefeuille Les Chênes,14
2303494,18:02:00,18:02:10,stop_point:SP_2889,Montjoie,15
2303494,18:03:00,18:03:10,stop_point:SP_4809,Ctre Cial Tournefeuille,16
2303494,18:04:00,18:04:10,stop_point:SP_2196,St-Exupéry,17
2303494,18:06:00,18:06:10,stop_point:SP_473,Briqueterie,18
2303494,18:07:00,18:07:10,stop_point:SP_2216,Montagné,19
2303494,18:08:00,18:08:10,stop_point:SP_1474,Lardenne,20
2303494,18:10:00,18:10:10,stop_point:SP_668,Eglise Lardenne,21
2303494,18:12:00,18:12:10,stop_point:SP_3700,Centre Aéré,22
2303494,18:14:00,18:14:10,stop_point:SP_1171,Tissié,23
2303494,18:16:00,18:16:10,stop_point:SP_1460,Pont Rocade,24
2303494,18:18:00,18:18:10,stop_point:SP_1149,Brombach,25
2303494,18:19:00,18:19:10,stop_point:SP_3407,Hippodrome,26
2303494,18:21:00,18:21:10,stop_point:SP_639,Négogousses,27
2303494,18:24:00,18:24:10,stop_point:SP_1754,Arènes,28
2303495,17:52:00,17:52:10,stop_point:SP_1027,Plaisance Monestié,1
2303495,17:54:00,17:54:10,stop_point:SP_4802,Eglise Plaisance,2
2303495,17:55:00,17:55:10,stop_point:SP_4805,Rivière - Basse,3
2303495,17:56:00,17:56:10,stop_point:SP_4808,Prat Dessus,4
2303495,17:57:00,17:57:10,stop_point:SP_4804,Loti,5
2303495,18:00:00,18:00:10,stop_point:SP_4807,Tournefeuille Lycée,6
2303495,18:01:00,18:01:10,stop_point:SP_4841,Jean Gay,7
2303495,18:02:00,18:02:10,stop_point:SP_3834,Bordeneuve,8
2303495,18:03:00,18:03:10,stop_point:SP_1724,Collège Labitrie,9
2303495,18:04:00,18:04:10,stop_point:SP_2531,Alpilles,10
2303495,18:05:00,18:05:10,stop_point:SP_1488,Périgord,11
2303495,18:06:00,18:06:10,stop_point:SP_1091,St-Pierre,12
2303495,18:08:00,18:08:10,stop_point:SP_1551,Montel,13
2303495,18:09:00,18:09:10,stop_point:SP_1439,Tournefeuille Les Chênes,14
2303495,18:11:00,18:11:10,stop_point:SP_2889,Montjoie,15
2303495,18:12:00,18:12:10,stop_point:SP_4809,Ctre Cial Tournefeuille,16
2303495,18:13:00,18:13:10,stop_point:SP_2196,St-Exupéry,17
2303495,18:15:00,18:15:10,stop_point:SP_473,Briqueterie,18
2303495,18:16:00,18:16:10,stop_point:SP_2216,Montagné,19
2303495,18:17:00,18:17:10,stop_point:SP_1474,Lardenne,20
2303495,18:19:00,18:19:10,stop_point:SP_668,Eglise Lardenne,21
2303495,18:21:00,18:21:10,stop_point:SP_3700,Centre Aéré,22
2303495,18:23:00,18:23:10,stop_point:SP_1171,Tissié,23
2303495,18:25:00,18:25:10,stop_point:SP_1460,Pont Rocade,24
2303495,18:27:00,18:27:10,stop_point:SP_1149,Brombach,25
2303495,18:28:00,18:28:10,stop_point:SP_3407,Hippodrome,26
2303495,18:30:00,18:30:10,stop_point:SP_639,Négogousses,27
2303495,18:33:00,18:33:10,stop_point:SP_1754,Arènes,28
2303496,18:02:00,18:02:10,stop_point:SP_1027,Plaisance Monestié,1
2303496,18:03:00,18:03:10,stop_point:SP_4802,Eglise Plaisance,2
2303496,18:05:00,18:05:10,stop_point:SP_4805,Rivière - Basse,3
2303496,18:05:00,18:05:10,stop_point:SP_4808,Prat Dessus,4
2303496,18:07:00,18:07:10,stop_point:SP_4804,Loti,5
2303496,18:09:00,18:09:10,stop_point:SP_4807,Tournefeuille Lycée,6
2303496,18:10:00,18:10:10,stop_point:SP_4841,Jean Gay,7
2303496,18:11:00,18:11:10,stop_point:SP_3834,Bordeneuve,8
2303496,18:12:00,18:12:10,stop_point:SP_1724,Collège Labitrie,9
2303496,18:13:00,18:13:10,stop_point:SP_2531,Alpilles,10
2303496,18:14:00,18:14:10,stop_point:SP_1488,Périgord,11
2303496,18:15:00,18:15:10,stop_point:SP_1091,St-Pierre,12
2303496,18:17:00,18:17:10,stop_point:SP_1551,Montel,13
2303496,18:18:00,18:18:10,stop_point:SP_1439,Tournefeuille Les Chênes,14
2303496,18:20:00,18:20:10,stop_point:SP_2889,Montjoie,15
2303496,18:21:00,18:21:10,stop_point:SP_4809,Ctre Cial Tournefeuille,16
2303496,18:22:00,18:22:10,stop_point:SP_2196,St-Exupéry,17
2303496,18:24:00,18:24:10,stop_point:SP_473,Briqueterie,18
2303496,18:25:00,18:25:10,stop_point:SP_2216,Montagné,19
2303496,18:26:00,18:26:10,stop_point:SP_1474,Lardenne,20
2303496,18:28:00,18:28:10,stop_point:SP_668,Eglise Lardenne,21
2303496,18:30:00,18:30:10,stop_point:SP_3700,Centre Aéré,22
2303496,18:32:00,18:32:10,stop_point:SP_1171,Tissié,23
2303496,18:34:00,18:34:10,stop_point:SP_1460,Pont Rocade,24
2303496,18:36:00,18:36:10,stop_point:SP_1149,Brombach,25
2303496,18:37:00,18:37:10,stop_point:SP_3407,Hippodrome,26
2303496,18:39:00,18:39:10,stop_point:SP_639,Négogousses,27
2303496,18:42:00,18:42:10,stop_point:SP_1754,Arènes,28
2303497,18:10:00,18:10:10,stop_point:SP_1027,Plaisance Monestié,1
2303497,18:11:00,18:11:10,stop_point:SP_4802,Eglise Plaisance,2
2303497,18:13:00,18:13:10,stop_point:SP_4805,Rivière - Basse,3
2303497,18:13:00,18:13:10,stop_point:SP_4808,Prat Dessus,4
2303497,18:15:00,18:15:10,stop_point:SP_4804,Loti,5
2303497,18:17:00,18:17:10,stop_point:SP_4807,Tournefeuille Lycée,6
2303497,18:18:00,18:18:10,stop_point:SP_4841,Jean Gay,7
2303497,18:19:00,18:19:10,stop_point:SP_3834,Bordeneuve,8
2303497,18:20:00,18:20:10,stop_point:SP_1724,Collège Labitrie,9
2303497,18:21:00,18:21:10,stop_point:SP_2531,Alpilles,10
2303497,18:22:00,18:22:10,stop_point:SP_1488,Périgord,11
2303497,18:23:00,18:23:10,stop_point:SP_1091,St-Pierre,12
2303497,18:25:00,18:25:10,stop_point:SP_1551,Montel,13
2303497,18:26:00,18:26:10,stop_point:SP_1439,Tournefeuille Les Chênes,14
2303497,18:28:00,18:28:10,stop_point:SP_2889,Montjoie,15
2303497,18:29:00,18:29:10,stop_point:SP_4809,Ctre Cial Tournefeuille,16
2303497,18:30:00,18:30:10,stop_point:SP_2196,St-Exupéry,17
2303497,18:32:00,18:32:10,stop_point:SP_473,Briqueterie,18
2303497,18:33:00,18:33:10,stop_point:SP_2216,Montagné,19
2303497,18:34:00,18:34:10,stop_point:SP_1474,Lardenne,20
2303497,18:36:00,18:36:10,stop_point:SP_668,Eglise Lardenne,21
2303497,18:38:00,18:38:10,stop_point:SP_3700,Centre Aéré,22
2303497,18:40:00,18:40:10,stop_point:SP_1171,Tissié,23
2303497,18:42:00,18:42:10,stop_point:SP_1460,Pont Rocade,24
2303497,18:44:00,18:44:10,stop_point:SP_1149,Brombach,25
2303497,18:45:00,18:45:10,stop_point:SP_3407,Hippodrome,26
2303497,18:47:00,18:47:10,stop_point:SP_639,Négogousses,27
2303497,18:50:00,18:50:10,stop_point:SP_1754,Arènes,28
2303498,18:19:00,18:19:10,stop_point:SP_1027,Plaisance Monestié,1
2303498,18:20:00,18:20:10,stop_point:SP_4802,Eglise Plaisance,2
2303498,18:22:00,18:22:10,stop_point:SP_4805,Rivière - Basse,3
2303498,18:22:00,18:22:10,stop_point:SP_4808,Prat Dessus,4
2303498,18:24:00,18:24:10,stop_point:SP_4804,Loti,5
2303498,18:26:00,18:26:10,stop_point:SP_4807,Tournefeuille Lycée,6
2303498,18:27:00,18:27:10,stop_point:SP_4841,Jean Gay,7
2303498,18:28:00,18:28:10,stop_point:SP_3834,Bordeneuve,8
2303498,18:29:00,18:29:10,stop_point:SP_1724,Collège Labitrie,9
2303498,18:30:00,18:30:10,stop_point:SP_2531,Alpilles,10
2303498,18:31:00,18:31:10,stop_point:SP_1488,Périgord,11
2303498,18:32:00,18:32:10,stop_point:SP_1091,St-Pierre,12
2303498,18:34:00,18:34:10,stop_point:SP_1551,Montel,13
2303498,18:35:00,18:35:10,stop_point:SP_1439,Tournefeuille Les Chênes,14
2303498,18:36:00,18:36:10,stop_point:SP_2889,Montjoie,15
2303498,18:37:00,18:37:10,stop_point:SP_4809,Ctre Cial Tournefeuille,16
2303498,18:38:00,18:38:10,stop_point:SP_2196,St-Exupéry,17
2303498,18:40:00,18:40:10,stop_point:SP_473,Briqueterie,18
2303498,18:41:00,18:41:10,stop_point:SP_2216,Montagné,19
2303498,18:42:00,18:42:10,stop_point:SP_1474,Lardenne,20
2303498,18:44:00,18:44:10,stop_point:SP_668,Eglise Lardenne,21
2303498,18:46:00,18:46:10,stop_point:SP_3700,Centre Aéré,22
2303498,18:47:00,18:47:10,stop_point:SP_1171,Tissié,23
2303498,18:49:00,18:49:10,stop_point:SP_1460,Pont Rocade,24
2303498,18:50:00,18:50:10,stop_point:SP_1149,Brombach,25
2303498,18:52:00,18:52:10,stop_point:SP_3407,Hippodrome,26
2303498,18:53:00,18:53:10,stop_point:SP_639,Négogousses,27
2303498,18:56:00,18:56:10,stop_point:SP_1754,Arènes,28
2303499,18:27:00,18:27:10,stop_point:SP_1027,Plaisance Monestié,1
2303499,18:28:00,18:28:10,stop_point:SP_4802,Eglise Plaisance,2
2303499,18:30:00,18:30:10,stop_point:SP_4805,Rivière - Basse,3
2303499,18:30:00,18:30:10,stop_point:SP_4808,Prat Dessus,4
2303499,18:32:00,18:32:10,stop_point:SP_4804,Loti,5
2303499,18:34:00,18:34:10,stop_point:SP_4807,Tournefeuille Lycée,6
2303499,18:35:00,18:35:10,stop_point:SP_4841,Jean Gay,7
2303499,18:36:00,18:36:10,stop_point:SP_3834,Bordeneuve,8
2303499,18:37:00,18:37:10,stop_point:SP_1724,Collège Labitrie,9
2303499,18:38:00,18:38:10,stop_point:SP_2531,Alpilles,10
2303499,18:39:00,18:39:10,stop_point:SP_1488,Périgord,11
2303499,18:40:00,18:40:10,stop_point:SP_1091,St-Pierre,12
2303499,18:41:00,18:41:10,stop_point:SP_1551,Montel,13
2303499,18:42:00,18:42:10,stop_point:SP_1439,Tournefeuille Les Chênes,14
2303499,18:43:00,18:43:10,stop_point:SP_2889,Montjoie,15
2303499,18:44:00,18:44:10,stop_point:SP_4809,Ctre Cial Tournefeuille,16
2303499,18:45:00,18:45:10,stop_point:SP_2196,St-Exupéry,17
2303499,18:47:00,18:47:10,stop_point:SP_473,Briqueterie,18
2303499,18:48:00,18:48:10,stop_point:SP_2216,Montagné,19
2303499,18:49:00,18:49:10,stop_point:SP_1474,Lardenne,20
2303499,18:51:00,18:51:10,stop_point:SP_668,Eglise Lardenne,21
2303499,18:53:00,18:53:10,stop_point:SP_3700,Centre Aéré,22
2303499,18:54:00,18:54:10,stop_point:SP_1171,Tissié,23
2303499,18:56:00,18:56:10,stop_point:SP_1460,Pont Rocade,24
2303499,18:57:00,18:57:10,stop_point:SP_1149,Brombach,25
2303499,18:59:00,18:59:10,stop_point:SP_3407,Hippodrome,26
2303499,19:00:00,19:00:10,stop_point:SP_639,Négogousses,27
2303499,19:03:00,19:03:10,stop_point:SP_1754,Arènes,28
2303500,18:37:00,18:37:10,stop_point:SP_1027,Plaisance Monestié,1
2303500,18:38:00,18:38:10,stop_point:SP_4802,Eglise Plaisance,2
2303500,18:40:00,18:40:10,stop_point:SP_4805,Rivière - Basse,3
2303500,18:40:00,18:40:10,stop_point:SP_4808,Prat Dessus,4
2303500,18:42:00,18:42:10,stop_point:SP_4804,Loti,5
2303500,18:44:00,18:44:10,stop_point:SP_4807,Tournefeuille Lycée,6
2303500,18:45:00,18:45:10,stop_point:SP_4841,Jean Gay,7
2303500,18:46:00,18:46:10,stop_point:SP_3834,Bordeneuve,8
2303500,18:47:00,18:47:10,stop_point:SP_1724,Collège Labitrie,9
2303500,18:48:00,18:48:10,stop_point:SP_2531,Alpilles,10
2303500,18:49:00,18:49:10,stop_point:SP_1488,Périgord,11
2303500,18:50:00,18:50:10,stop_point:SP_1091,St-Pierre,12
2303500,18:51:00,18:51:10,stop_point:SP_1551,Montel,13
2303500,18:52:00,18:52:10,stop_point:SP_1439,Tournefeuille Les Chênes,14
2303500,18:53:00,18:53:10,stop_point:SP_2889,Montjoie,15
2303500,18:54:00,18:54:10,stop_point:SP_4809,Ctre Cial Tournefeuille,16
2303500,18:55:00,18:55:10,stop_point:SP_2196,St-Exupéry,17
2303500,18:57:00,18:57:10,stop_point:SP_473,Briqueterie,18
2303500,18:58:00,18:58:10,stop_point:SP_2216,Montagné,19
2303500,18:59:00,18:59:10,stop_point:SP_1474,Lardenne,20
2303500,19:01:00,19:01:10,stop_point:SP_668,Eglise Lardenne,21
2303500,19:03:00,19:03:10,stop_point:SP_3700,Centre Aéré,22
2303500,19:04:00,19:04:10,stop_point:SP_1171,Tissié,23
2303500,19:06:00,19:06:10,stop_point:SP_1460,Pont Rocade,24
2303500,19:07:00,19:07:10,stop_point:SP_1149,Brombach,25
2303500,19:09:00,19:09:10,stop_point:SP_3407,Hippodrome,26
2303500,19:10:00,19:10:10,stop_point:SP_639,Négogousses,27
2303500,19:13:00,19:13:10,stop_point:SP_1754,Arènes,28
2303501,18:51:00,18:51:10,stop_point:SP_1027,Plaisance Monestié,1
2303501,18:52:00,18:52:10,stop_point:SP_4802,Eglise Plaisance,2
2303501,18:54:00,18:54:10,stop_point:SP_4805,Rivière - Basse,3
2303501,18:54:00,18:54:10,stop_point:SP_4808,Prat Dessus,4
2303501,18:56:00,18:56:10,stop_point:SP_4804,Loti,5
2303501,18:58:00,18:58:10,stop_point:SP_4807,Tournefeuille Lycée,6
2303501,18:59:00,18:59:10,stop_point:SP_4841,Jean Gay,7
2303501,19:00:00,19:00:10,stop_point:SP_3834,Bordeneuve,8
2303501,19:01:00,19:01:10,stop_point:SP_1724,Collège Labitrie,9
2303501,19:02:00,19:02:10,stop_point:SP_2531,Alpilles,10
2303501,19:03:00,19:03:10,stop_point:SP_1488,Périgord,11
2303501,19:04:00,19:04:10,stop_point:SP_1091,St-Pierre,12
2303501,19:05:00,19:05:10,stop_point:SP_1551,Montel,13
2303501,19:06:00,19:06:10,stop_point:SP_1439,Tournefeuille Les Chênes,14
2303501,19:07:00,19:07:10,stop_point:SP_2889,Montjoie,15
2303501,19:08:00,19:08:10,stop_point:SP_4809,Ctre Cial Tournefeuille,16
2303501,19:09:00,19:09:10,stop_point:SP_2196,St-Exupéry,17
2303501,19:11:00,19:11:10,stop_point:SP_473,Briqueterie,18
2303501,19:12:00,19:12:10,stop_point:SP_2216,Montagné,19
2303501,19:13:00,19:13:10,stop_point:SP_1474,Lardenne,20
2303501,19:15:00,19:15:10,stop_point:SP_668,Eglise Lardenne,21
2303501,19:17:00,19:17:10,stop_point:SP_3700,Centre Aéré,22
2303501,19:18:00,19:18:10,stop_point:SP_1171,Tissié,23
2303501,19:20:00,19:20:10,stop_point:SP_1460,Pont Rocade,24
2303501,19:21:00,19:21:10,stop_point:SP_1149,Brombach,25
2303501,19:23:00,19:23:10,stop_point:SP_3407,Hippodrome,26
2303501,19:24:00,19:24:10,stop_point:SP_639,Négogousses,27
2303501,19:27:00,19:27:10,stop_point:SP_1754,Arènes,28
2303502,19:06:00,19:06:10,stop_point:SP_1027,Plaisance Monestié,1
2303502,19:07:00,19:07:10,stop_point:SP_4802,Eglise Plaisance,2
2303502,19:09:00,19:09:10,stop_point:SP_4805,Rivière - Basse,3
2303502,19:09:00,19:09:10,stop_point:SP_4808,Prat Dessus,4
2303502,19:11:00,19:11:10,stop_point:SP_4804,Loti,5
2303502,19:13:00,19:13:10,stop_point:SP_4807,Tournefeuille Lycée,6
2303502,19:14:00,19:14:10,stop_point:SP_4841,Jean Gay,7
2303502,19:15:00,19:15:10,stop_point:SP_3834,Bordeneuve,8
2303502,19:16:00,19:16:10,stop_point:SP_1724,Collège Labitrie,9
2303502,19:17:00,19:17:10,stop_point:SP_2531,Alpilles,10
2303502,19:18:00,19:18:10,stop_point:SP_1488,Périgord,11
2303502,19:19:00,19:19:10,stop_point:SP_1091,St-Pierre,12
2303502,19:20:00,19:20:10,stop_point:SP_1551,Montel,13
2303502,19:21:00,19:21:10,stop_point:SP_1439,Tournefeuille Les Chênes,14
2303502,19:22:00,19:22:10,stop_point:SP_2889,Montjoie,15
2303502,19:23:00,19:23:10,stop_point:SP_4809,Ctre Cial Tournefeuille,16
2303502,19:24:00,19:24:10,stop_point:SP_2196,St-Exupéry,17
2303502,19:25:00,19:25:10,stop_point:SP_473,Briqueterie,18
2303502,19:26:00,19:26:10,stop_point:SP_2216,Montagné,19
2303502,19:27:00,19:27:10,stop_point:SP_1474,Lardenne,20
2303502,19:29:00,19:29:10,stop_point:SP_668,Eglise Lardenne,21
2303502,19:30:00,19:30:10,stop_point:SP_3700,Centre Aéré,22
2303502,19:31:00,19:31:10,stop_point:SP_1171,Tissié,23
2303502,19:33:00,19:33:10,stop_point:SP_1460,Pont Rocade,24
2303502,19:34:00,19:34:10,stop_point:SP_1149,Brombach,25
2303502,19:36:00,19:36:10,stop_point:SP_3407,Hippodrome,26
2303502,19:37:00,19:37:10,stop_point:SP_639,Négogousses,27
2303502,19:40:00,19:40:10,stop_point:SP_1754,Arènes,28
2303503,19:21:00,19:21:10,stop_point:SP_1027,Plaisance Monestié,1
2303503,19:22:00,19:22:10,stop_point:SP_4802,Eglise Plaisance,2
2303503,19:24:00,19:24:10,stop_point:SP_4805,Rivière - Basse,3
2303503,19:24:00,19:24:10,stop_point:SP_4808,Prat Dessus,4
2303503,19:26:00,19:26:10,stop_point:SP_4804,Loti,5
2303503,19:28:00,19:28:10,stop_point:SP_4807,Tournefeuille Lycée,6
2303503,19:29:00,19:29:10,stop_point:SP_4841,Jean Gay,7
2303503,19:30:00,19:30:10,stop_point:SP_3834,Bordeneuve,8
2303503,19:31:00,19:31:10,stop_point:SP_1724,Collège Labitrie,9
2303503,19:32:00,19:32:10,stop_point:SP_2531,Alpilles,10
2303503,19:33:00,19:33:10,stop_point:SP_1488,Périgord,11
2303503,19:34:00,19:34:10,stop_point:SP_1091,St-Pierre,12
2303503,19:36:00,19:36:10,stop_point:SP_1551,Montel,13
2303503,19:37:00,19:37:10,stop_point:SP_1439,Tournefeuille Les Chênes,14
2303503,19:38:00,19:38:10,stop_point:SP_2889,Montjoie,15
2303503,19:39:00,19:39:10,stop_point:SP_4809,Ctre Cial Tournefeuille,16
2303503,19:40:00,19:40:10,stop_point:SP_2196,St-Exupéry,17
2303503,19:41:00,19:41:10,stop_point:SP_473,Briqueterie,18
2303503,19:42:00,19:42:10,stop_point:SP_2216,Montagné,19
2303503,19:43:00,19:43:10,stop_point:SP_1474,Lardenne,20
2303503,19:45:00,19:45:10,stop_point:SP_668,Eglise Lardenne,21
2303503,19:46:00,19:46:10,stop_point:SP_3700,Centre Aéré,22
2303503,19:47:00,19:47:10,stop_point:SP_1171,Tissié,23
2303503,19:49:00,19:49:10,stop_point:SP_1460,Pont Rocade,24
2303503,19:50:00,19:50:10,stop_point:SP_1149,Brombach,25
2303503,19:51:00,19:51:10,stop_point:SP_3407,Hippodrome,26
2303503,19:52:00,19:52:10,stop_point:SP_639,Négogousses,27
2303503,19:55:00,19:55:10,stop_point:SP_1754,Arènes,28
2303504,19:36:00,19:36:10,stop_point:SP_1027,Plaisance Monestié,1
2303504,19:37:00,19:37:10,stop_point:SP_4802,Eglise Plaisance,2
2303504,19:39:00,19:39:10,stop_point:SP_4805,Rivière - Basse,3
2303504,19:39:00,19:39:10,stop_point:SP_4808,Prat Dessus,4
2303504,19:41:00,19:41:10,stop_point:SP_4804,Loti,5
2303504,19:43:00,19:43:10,stop_point:SP_4807,Tournefeuille Lycée,6
2303504,19:44:00,19:44:10,stop_point:SP_4841,Jean Gay,7
2303504,19:45:00,19:45:10,stop_point:SP_3834,Bordeneuve,8
2303504,19:46:00,19:46:10,stop_point:SP_1724,Collège Labitrie,9
2303504,19:47:00,19:47:10,stop_point:SP_2531,Alpilles,10
2303504,19:48:00,19:48:10,stop_point:SP_1488,Périgord,11
2303504,19:49:00,19:49:10,stop_point:SP_1091,St-Pierre,12
2303504,19:51:00,19:51:10,stop_point:SP_1551,Montel,13
2303504,19:52:00,19:52:10,stop_point:SP_1439,Tournefeuille Les Chênes,14
2303504,19:53:00,19:53:10,stop_point:SP_2889,Montjoie,15
2303504,19:54:00,19:54:10,stop_point:SP_4809,Ctre Cial Tournefeuille,16
2303504,19:55:00,19:55:10,stop_point:SP_2196,St-Exupéry,17
2303504,19:56:00,19:56:10,stop_point:SP_473,Briqueterie,18
2303504,19:57:00,19:57:10,stop_point:SP_2216,Montagné,19
2303504,19:58:00,19:58:10,stop_point:SP_1474,Lardenne,20
2303504,20:00:00,20:00:10,stop_point:SP_668,Eglise Lardenne,21
2303504,20:01:00,20:01:10,stop_point:SP_3700,Centre Aéré,22
2303504,20:02:00,20:02:10,stop_point:SP_1171,Tissié,23
2303504,20:04:00,20:04:10,stop_point:SP_1460,Pont Rocade,24
2303504,20:05:00,20:05:10,stop_point:SP_1149,Brombach,25
2303504,20:06:00,20:06:10,stop_point:SP_3407,Hippodrome,26
2303504,20:07:00,20:07:10,stop_point:SP_639,Négogousses,27
2303504,20:10:00,20:10:10,stop_point:SP_1754,Arènes,28
2303505,19:52:00,19:52:10,stop_point:SP_1027,Plaisance Monestié,1
2303505,19:53:00,19:53:10,stop_point:SP_4802,Eglise Plaisance,2
2303505,19:55:00,19:55:10,stop_point:SP_4805,Rivière - Basse,3
2303505,19:55:00,19:55:10,stop_point:SP_4808,Prat Dessus,4
2303505,19:57:00,19:57:10,stop_point:SP_4804,Loti,5
2303505,19:59:00,19:59:10,stop_point:SP_4807,Tournefeuille Lycée,6
2303505,20:00:00,20:00:10,stop_point:SP_4841,Jean Gay,7
2303505,20:01:00,20:01:10,stop_point:SP_3834,Bordeneuve,8
2303505,20:02:00,20:02:10,stop_point:SP_1724,Collège Labitrie,9
2303505,20:03:00,20:03:10,stop_point:SP_2531,Alpilles,10
2303505,20:04:00,20:04:10,stop_point:SP_1488,Périgord,11
2303505,20:05:00,20:05:10,stop_point:SP_1091,St-Pierre,12
2303505,20:07:00,20:07:10,stop_point:SP_1551,Montel,13
2303505,20:08:00,20:08:10,stop_point:SP_1439,Tournefeuille Les Chênes,14
2303505,20:09:00,20:09:10,stop_point:SP_2889,Montjoie,15
2303505,20:10:00,20:10:10,stop_point:SP_4809,Ctre Cial Tournefeuille,16
2303505,20:11:00,20:11:10,stop_point:SP_2196,St-Exupéry,17
2303505,20:12:00,20:12:10,stop_point:SP_473,Briqueterie,18
2303505,20:13:00,20:13:10,stop_point:SP_2216,Montagné,19
2303505,20:14:00,20:14:10,stop_point:SP_1474,Lardenne,20
2303505,20:15:00,20:15:10,stop_point:SP_668,Eglise Lardenne,21
2303505,20:17:00,20:17:10,stop_point:SP_3700,Centre Aéré,22
2303505,20:18:00,20:18:10,stop_point:SP_1171,Tissié,23
2303505,20:19:00,20:19:10,stop_point:SP_1460,Pont Rocade,24
2303505,20:20:00,20:20:10,stop_point:SP_1149,Brombach,25
2303505,20:21:00,20:21:10,stop_point:SP_3407,Hippodrome,26
2303505,20:22:00,20:22:10,stop_point:SP_639,Négogousses,27
2303505,20:25:00,20:25:10,stop_point:SP_1754,Arènes,28
2303506,20:10:00,20:10:10,stop_point:SP_1027,Plaisance Monestié,1
2303506,20:11:00,20:11:10,stop_point:SP_4802,Eglise Plaisance,2
2303506,20:13:00,20:13:10,stop_point:SP_4805,Rivière - Basse,3
2303506,20:13:00,20:13:10,stop_point:SP_4808,Prat Dessus,4
2303506,20:15:00,20:15:10,stop_point:SP_4804,Loti,5
2303506,20:17:00,20:17:10,stop_point:SP_4807,Tournefeuille Lycée,6
2303506,20:18:00,20:18:10,stop_point:SP_4841,Jean Gay,7
2303506,20:19:00,20:19:10,stop_point:SP_3834,Bordeneuve,8
2303506,20:20:00,20:20:10,stop_point:SP_1724,Collège Labitrie,9
2303506,20:21:00,20:21:10,stop_point:SP_2531,Alpilles,10
2303506,20:22:00,20:22:10,stop_point:SP_1488,Périgord,11
2303506,20:22:00,20:22:10,stop_point:SP_1091,St-Pierre,12
2303506,20:23:00,20:23:10,stop_point:SP_1551,Montel,13
2303506,20:24:00,20:24:10,stop_point:SP_1439,Tournefeuille Les Chênes,14
2303506,20:25:00,20:25:10,stop_point:SP_2889,Montjoie,15
2303506,20:26:00,20:26:10,stop_point:SP_4809,Ctre Cial Tournefeuille,16
2303506,20:27:00,20:27:10,stop_point:SP_2196,St-Exupéry,17
2303506,20:28:00,20:28:10,stop_point:SP_473,Briqueterie,18
2303506,20:29:00,20:29:10,stop_point:SP_2216,Montagné,19
2303506,20:30:00,20:30:10,stop_point:SP_1474,Lardenne,20
2303506,20:31:00,20:31:10,stop_point:SP_668,Eglise Lardenne,21
2303506,20:33:00,20:33:10,stop_point:SP_3700,Centre Aéré,22
2303506,20:34:00,20:34:10,stop_point:SP_1171,Tissié,23
2303506,20:35:00,20:35:10,stop_point:SP_1460,Pont Rocade,24
2303506,20:36:00,20:36:10,stop_point:SP_1149,Brombach,25
2303506,20:37:00,20:37:10,stop_point:SP_3407,Hippodrome,26
2303506,20:38:00,20:38:10,stop_point:SP_639,Négogousses,27
2303506,20:40:00,20:40:10,stop_point:SP_1754,Arènes,28
2303507,20:30:00,20:30:10,stop_point:SP_1027,Plaisance Monestié,1
2303507,20:31:00,20:31:10,stop_point:SP_4802,Eglise Plaisance,2
2303507,20:32:00,20:32:10,stop_point:SP_4805,Rivière - Basse,3
2303507,20:33:00,20:33:10,stop_point:SP_4808,Prat Dessus,4
2303507,20:34:00,20:34:10,stop_point:SP_4804,Loti,5
2303507,20:36:00,20:36:10,stop_point:SP_4807,Tournefeuille Lycée,6
2303507,20:37:00,20:37:10,stop_point:SP_4841,Jean Gay,7
2303507,20:38:00,20:38:10,stop_point:SP_3834,Bordeneuve,8
2303507,20:39:00,20:39:10,stop_point:SP_1724,Collège Labitrie,9
2303507,20:40:00,20:40:10,stop_point:SP_2531,Alpilles,10
2303507,20:41:00,20:41:10,stop_point:SP_1488,Périgord,11
2303507,20:41:00,20:41:10,stop_point:SP_1091,St-Pierre,12
2303507,20:42:00,20:42:10,stop_point:SP_1551,Montel,13
2303507,20:43:00,20:43:10,stop_point:SP_1439,Tournefeuille Les Chênes,14
2303507,20:44:00,20:44:10,stop_point:SP_2889,Montjoie,15
2303507,20:45:00,20:45:10,stop_point:SP_4809,Ctre Cial Tournefeuille,16
2303507,20:46:00,20:46:10,stop_point:SP_2196,St-Exupéry,17
2303507,20:47:00,20:47:10,stop_point:SP_473,Briqueterie,18
2303507,20:48:00,20:48:10,stop_point:SP_2216,Montagné,19
2303507,20:49:00,20:49:10,stop_point:SP_1474,Lardenne,20
2303507,20:50:00,20:50:10,stop_point:SP_668,Eglise Lardenne,21
2303507,20:52:00,20:52:10,stop_point:SP_3700,Centre Aéré,22
2303507,20:53:00,20:53:10,stop_point:SP_1171,Tissié,23
2303507,20:54:00,20:54:10,stop_point:SP_1460,Pont Rocade,24
2303507,20:55:00,20:55:10,stop_point:SP_1149,Brombach,25
2303507,20:56:00,20:56:10,stop_point:SP_3407,Hippodrome,26
2303507,20:57:00,20:57:10,stop_point:SP_639,Négogousses,27
2303507,20:59:00,20:59:10,stop_point:SP_1754,Arènes,28
2303508,20:50:00,20:50:10,stop_point:SP_1027,Plaisance Monestié,1
2303508,20:51:00,20:51:10,stop_point:SP_4802,Eglise Plaisance,2
2303508,20:52:00,20:52:10,stop_point:SP_4805,Rivière - Basse,3
2303508,20:53:00,20:53:10,stop_point:SP_4808,Prat Dessus,4
2303508,20:54:00,20:54:10,stop_point:SP_4804,Loti,5
2303508,20:56:00,20:56:10,stop_point:SP_4807,Tournefeuille Lycée,6
2303508,20:57:00,20:57:10,stop_point:SP_4841,Jean Gay,7
2303508,20:58:00,20:58:10,stop_point:SP_3834,Bordeneuve,8
2303508,20:59:00,20:59:10,stop_point:SP_1724,Collège Labitrie,9
2303508,21:00:00,21:00:10,stop_point:SP_2531,Alpilles,10
2303508,21:01:00,21:01:10,stop_point:SP_1488,Périgord,11
2303508,21:01:00,21:01:10,stop_point:SP_1091,St-Pierre,12
2303508,21:02:00,21:02:10,stop_point:SP_1551,Montel,13
2303508,21:03:00,21:03:10,stop_point:SP_1439,Tournefeuille Les Chênes,14
2303508,21:04:00,21:04:10,stop_point:SP_2889,Montjoie,15
2303508,21:05:00,21:05:10,stop_point:SP_4809,Ctre Cial Tournefeuille,16
2303508,21:06:00,21:06:10,stop_point:SP_2196,St-Exupéry,17
2303508,21:07:00,21:07:10,stop_point:SP_473,Briqueterie,18
2303508,21:08:00,21:08:10,stop_point:SP_2216,Montagné,19
2303508,21:09:00,21:09:10,stop_point:SP_1474,Lardenne,20
2303508,21:10:00,21:10:10,stop_point:SP_668,Eglise Lardenne,21
2303508,21:12:00,21:12:10,stop_point:SP_3700,Centre Aéré,22
2303508,21:13:00,21:13:10,stop_point:SP_1171,Tissié,23
2303508,21:14:00,21:14:10,stop_point:SP_1460,Pont Rocade,24
2303508,21:15:00,21:15:10,stop_point:SP_1149,Brombach,25
2303508,21:16:00,21:16:10,stop_point:SP_3407,Hippodrome,26
2303508,21:17:00,21:17:10,stop_point:SP_639,Négogousses,27
2303508,21:19:00,21:19:10,stop_point:SP_1754,Arènes,28
2303509,21:10:00,21:10:10,stop_point:SP_1027,Plaisance Monestié,1
2303509,21:11:00,21:11:10,stop_point:SP_4802,Eglise Plaisance,2
2303509,21:12:00,21:12:10,stop_point:SP_4805,Rivière - Basse,3
2303509,21:13:00,21:13:10,stop_point:SP_4808,Prat Dessus,4
2303509,21:14:00,21:14:10,stop_point:SP_4804,Loti,5
2303509,21:16:00,21:16:10,stop_point:SP_4807,Tournefeuille Lycée,6
2303509,21:17:00,21:17:10,stop_point:SP_4841,Jean Gay,7
2303509,21:18:00,21:18:10,stop_point:SP_3834,Bordeneuve,8
2303509,21:19:00,21:19:10,stop_point:SP_1724,Collège Labitrie,9
2303509,21:20:00,21:20:10,stop_point:SP_2531,Alpilles,10
2303509,21:21:00,21:21:10,stop_point:SP_1488,Périgord,11
2303509,21:21:00,21:21:10,stop_point:SP_1091,St-Pierre,12
2303509,21:22:00,21:22:10,stop_point:SP_1551,Montel,13
2303509,21:23:00,21:23:10,stop_point:SP_1439,Tournefeuille Les Chênes,14
2303509,21:24:00,21:24:10,stop_point:SP_2889,Montjoie,15
2303509,21:25:00,21:25:10,stop_point:SP_4809,Ctre Cial Tournefeuille,16
2303509,21:26:00,21:26:10,stop_point:SP_2196,St-Exupéry,17
2303509,21:27:00,21:27:10,stop_point:SP_473,Briqueterie,18
2303509,21:28:00,21:28:10,stop_point:SP_2216,Montagné,19
2303509,21:29:00,21:29:10,stop_point:SP_1474,Lardenne,20
2303509,21:30:00,21:30:10,stop_point:SP_668,Eglise Lardenne,21
2303509,21:32:00,21:32:10,stop_point:SP_3700,Centre Aéré,22
2303509,21:33:00,21:33:10,stop_point:SP_1171,Tissié,23
2303509,21:34:00,21:34:10,stop_point:SP_1460,Pont Rocade,24
2303509,21:35:00,21:35:10,stop_point:SP_1149,Brombach,25
2303509,21:36:00,21:36:10,stop_point:SP_3407,Hippodrome,26
2303509,21:37:00,21:37:10,stop_point:SP_639,Négogousses,27
2303509,21:39:00,21:39:10,stop_point:SP_1754,Arènes,28
2303510,21:40:00,21:40:10,stop_point:SP_1027,Plaisance Monestié,1
2303510,21:41:00,21:41:10,stop_point:SP_4802,Eglise Plaisance,2
2303510,21:42:00,21:42:10,stop_point:SP_4805,Rivière - Basse,3
2303510,21:43:00,21:43:10,stop_point:SP_4808,Prat Dessus,4
2303510,21:44:00,21:44:10,stop_point:SP_4804,Loti,5
2303510,21:46:00,21:46:10,stop_point:SP_4807,Tournefeuille Lycée,6
2303510,21:47:00,21:47:10,stop_point:SP_4841,Jean Gay,7
2303510,21:48:00,21:48:10,stop_point:SP_3834,Bordeneuve,8
2303510,21:48:00,21:48:10,stop_point:SP_1724,Collège Labitrie,9
2303510,21:49:00,21:49:10,stop_point:SP_2531,Alpilles,10
2303510,21:50:00,21:50:10,stop_point:SP_1488,Périgord,11
2303510,21:50:00,21:50:10,stop_point:SP_1091,St-Pierre,12
2303510,21:51:00,21:51:10,stop_point:SP_1551,Montel,13
2303510,21:52:00,21:52:10,stop_point:SP_1439,Tournefeuille Les Chênes,14
2303510,21:53:00,21:53:10,stop_point:SP_2889,Montjoie,15
2303510,21:54:00,21:54:10,stop_point:SP_4809,Ctre Cial Tournefeuille,16
2303510,21:55:00,21:55:10,stop_point:SP_2196,St-Exupéry,17
2303510,21:56:00,21:56:10,stop_point:SP_473,Briqueterie,18
2303510,21:57:00,21:57:10,stop_point:SP_2216,Montagné,19
2303510,21:58:00,21:58:10,stop_point:SP_1474,Lardenne,20
2303510,21:59:00,21:59:10,stop_point:SP_668,Eglise Lardenne,21
2303510,22:00:00,22:00:10,stop_point:SP_3700,Centre Aéré,22
2303510,22:01:00,22:01:10,stop_point:SP_1171,Tissié,23
2303510,22:02:00,22:02:10,stop_point:SP_1460,Pont Rocade,24
2303510,22:03:00,22:03:10,stop_point:SP_1149,Brombach,25
2303510,22:04:00,22:04:10,stop_point:SP_3407,Hippodrome,26
2303510,22:05:00,22:05:10,stop_point:SP_639,Négogousses,27
2303510,22:07:00,22:07:10,stop_point:SP_1754,Arènes,28
2303511,22:10:00,22:10:10,stop_point:SP_1027,Plaisance Monestié,1
2303511,22:11:00,22:11:10,stop_point:SP_4802,Eglise Plaisance,2
2303511,22:12:00,22:12:10,stop_point:SP_4805,Rivière - Basse,3
2303511,22:13:00,22:13:10,stop_point:SP_4808,Prat Dessus,4
2303511,22:14:00,22:14:10,stop_point:SP_4804,Loti,5
2303511,22:16:00,22:16:10,stop_point:SP_4807,Tournefeuille Lycée,6
2303511,22:17:00,22:17:10,stop_point:SP_4841,Jean Gay,7
2303511,22:18:00,22:18:10,stop_point:SP_3834,Bordeneuve,8
2303511,22:18:00,22:18:10,stop_point:SP_1724,Collège Labitrie,9
2303511,22:19:00,22:19:10,stop_point:SP_2531,Alpilles,10
2303511,22:20:00,22:20:10,stop_point:SP_1488,Périgord,11
2303511,22:20:00,22:20:10,stop_point:SP_1091,St-Pierre,12
2303511,22:21:00,22:21:10,stop_point:SP_1551,Montel,13
2303511,22:22:00,22:22:10,stop_point:SP_1439,Tournefeuille Les Chênes,14
2303511,22:23:00,22:23:10,stop_point:SP_2889,Montjoie,15
2303511,22:24:00,22:24:10,stop_point:SP_4809,Ctre Cial Tournefeuille,16
2303511,22:25:00,22:25:10,stop_point:SP_2196,St-Exupéry,17
2303511,22:26:00,22:26:10,stop_point:SP_473,Briqueterie,18
2303511,22:27:00,22:27:10,stop_point:SP_2216,Montagné,19
2303511,22:28:00,22:28:10,stop_point:SP_1474,Lardenne,20
2303511,22:29:00,22:29:10,stop_point:SP_668,Eglise Lardenne,21
2303511,22:30:00,22:30:10,stop_point:SP_3700,Centre Aéré,22
2303511,22:31:00,22:31:10,stop_point:SP_1171,Tissié,23
2303511,22:32:00,22:32:10,stop_point:SP_1460,Pont Rocade,24
2303511,22:33:00,22:33:10,stop_point:SP_1149,Brombach,25
2303511,22:34:00,22:34:10,stop_point:SP_3407,Hippodrome,26
2303511,22:35:00,22:35:10,stop_point:SP_639,Négogousses,27
2303511,22:37:00,22:37:10,stop_point:SP_1754,Arènes,28
2303512,22:40:00,22:40:10,stop_point:SP_1027,Plaisance Monestié,1
2303512,22:41:00,22:41:10,stop_point:SP_4802,Eglise Plaisance,2
2303512,22:42:00,22:42:10,stop_point:SP_4805,Rivière - Basse,3
2303512,22:42:00,22:42:10,stop_point:SP_4808,Prat Dessus,4
2303512,22:43:00,22:43:10,stop_point:SP_4804,Loti,5
2303512,22:45:00,22:45:10,stop_point:SP_4807,Tournefeuille Lycée,6
2303512,22:46:00,22:46:10,stop_point:SP_4841,Jean Gay,7
2303512,22:47:00,22:47:10,stop_point:SP_3834,Bordeneuve,8
2303512,22:47:00,22:47:10,stop_point:SP_1724,Collège Labitrie,9
2303512,22:48:00,22:48:10,stop_point:SP_2531,Alpilles,10
2303512,22:49:00,22:49:10,stop_point:SP_1488,Périgord,11
2303512,22:49:00,22:49:10,stop_point:SP_1091,St-Pierre,12
2303512,22:50:00,22:50:10,stop_point:SP_1551,Montel,13
2303512,22:51:00,22:51:10,stop_point:SP_1439,Tournefeuille Les Chênes,14
2303512,22:52:00,22:52:10,stop_point:SP_2889,Montjoie,15
2303512,22:53:00,22:53:10,stop_point:SP_4809,Ctre Cial Tournefeuille,16
2303512,22:54:00,22:54:10,stop_point:SP_2196,St-Exupéry,17
2303512,22:55:00,22:55:10,stop_point:SP_473,Briqueterie,18
2303512,22:56:00,22:56:10,stop_point:SP_2216,Montagné,19
2303512,22:57:00,22:57:10,stop_point:SP_1474,Lardenne,20
2303512,22:58:00,22:58:10,stop_point:SP_668,Eglise Lardenne,21
2303512,22:59:00,22:59:10,stop_point:SP_3700,Centre Aéré,22
2303512,22:59:00,22:59:10,stop_point:SP_1171,Tissié,23
2303512,23:00:00,23:00:10,stop_point:SP_1460,Pont Rocade,24
2303512,23:01:00,23:01:10,stop_point:SP_1149,Brombach,25
2303512,23:02:00,23:02:10,stop_point:SP_3407,Hippodrome,26
2303512,23:03:00,23:03:10,stop_point:SP_639,Négogousses,27
2303512,23:05:00,23:05:10,stop_point:SP_1754,Arènes,28
2303513,23:10:00,23:10:10,stop_point:SP_1027,Plaisance Monestié,1
2303513,23:11:00,23:11:10,stop_point:SP_4802,Eglise Plaisance,2
2303513,23:12:00,23:12:10,stop_point:SP_4805,Rivière - Basse,3
2303513,23:12:00,23:12:10,stop_point:SP_4808,Prat Dessus,4
2303513,23:13:00,23:13:10,stop_point:SP_4804,Loti,5
2303513,23:15:00,23:15:10,stop_point:SP_4807,Tournefeuille Lycée,6
2303513,23:16:00,23:16:10,stop_point:SP_4841,Jean Gay,7
2303513,23:17:00,23:17:10,stop_point:SP_3834,Bordeneuve,8
2303513,23:17:00,23:17:10,stop_point:SP_1724,Collège Labitrie,9
2303513,23:18:00,23:18:10,stop_point:SP_2531,Alpilles,10
2303513,23:19:00,23:19:10,stop_point:SP_1488,Périgord,11
2303513,23:19:00,23:19:10,stop_point:SP_1091,St-Pierre,12
2303513,23:20:00,23:20:10,stop_point:SP_1551,Montel,13
2303513,23:21:00,23:21:10,stop_point:SP_1439,Tournefeuille Les Chênes,14
2303513,23:22:00,23:22:10,stop_point:SP_2889,Montjoie,15
2303513,23:23:00,23:23:10,stop_point:SP_4809,Ctre Cial Tournefeuille,16
2303513,23:24:00,23:24:10,stop_point:SP_2196,St-Exupéry,17
2303513,23:25:00,23:25:10,stop_point:SP_473,Briqueterie,18
2303513,23:26:00,23:26:10,stop_point:SP_2216,Montagné,19
2303513,23:27:00,23:27:10,stop_point:SP_1474,Lardenne,20
2303513,23:28:00,23:28:10,stop_point:SP_668,Eglise Lardenne,21
2303513,23:29:00,23:29:10,stop_point:SP_3700,Centre Aéré,22
2303513,23:29:00,23:29:10,stop_point:SP_1171,Tissié,23
2303513,23:30:00,23:30:10,stop_point:SP_1460,Pont Rocade,24
2303513,23:31:00,23:31:10,stop_point:SP_1149,Brombach,25
2303513,23:32:00,23:32:10,stop_point:SP_3407,Hippodrome,26
2303513,23:33:00,23:33:10,stop_point:SP_639,Négogousses,27
2303513,23:35:00,23:35:10,stop_point:SP_1754,Arènes,28
2303514,23:40:00,23:40:10,stop_point:SP_1027,Plaisance Monestié,1
2303514,23:41:00,23:41:10,stop_point:SP_4802,Eglise Plaisance,2
2303514,23:42:00,23:42:10,stop_point:SP_4805,Rivière - Basse,3
2303514,23:42:00,23:42:10,stop_point:SP_4808,Prat Dessus,4
2303514,23:43:00,23:43:10,stop_point:SP_4804,Loti,5
2303514,23:45:00,23:45:10,stop_point:SP_4807,Tournefeuille Lycée,6
2303514,23:46:00,23:46:10,stop_point:SP_4841,Jean Gay,7
2303514,23:47:00,23:47:10,stop_point:SP_3834,Bordeneuve,8
2303514,23:47:00,23:47:10,stop_point:SP_1724,Collège Labitrie,9
2303514,23:48:00,23:48:10,stop_point:SP_2531,Alpilles,10
2303514,23:49:00,23:49:10,stop_point:SP_1488,Périgord,11
2303514,23:49:00,23:49:10,stop_point:SP_1091,St-Pierre,12
2303514,23:50:00,23:50:10,stop_point:SP_1551,Montel,13
2303514,23:51:00,23:51:10,stop_point:SP_1439,Tournefeuille Les Chênes,14
2303514,23:52:00,23:52:10,stop_point:SP_2889,Montjoie,15
2303514,23:53:00,23:53:10,stop_point:SP_4809,Ctre Cial Tournefeuille,16
2303514,23:54:00,23:54:10,stop_point:SP_2196,St-Exupéry,17
2303514,23:55:00,23:55:10,stop_point:SP_473,Briqueterie,18
2303514,23:56:00,23:56:10,stop_point:SP_2216,Montagné,19
2303514,23:57:00,23:57:10,stop_point:SP_1474,Lardenne,20
2303514,23:58:00,23:58:10,stop_point:SP_668,Eglise Lardenne,21
2303514,23:59:00,23:59:10,stop_point:SP_3700,Centre Aéré,22
2303514,23:59:00,23:59:10,stop_point:SP_1171,Tissié,23
2303514,24:00:00,24:00:10,stop_point:SP_1460,Pont Rocade,24
2303514,24:01:00,24:01:10,stop_point:SP_1149,Brombach,25
2303514,24:02:00,24:02:10,stop_point:SP_3407,Hippodrome,26
2303514,24:03:00,24:03:10,stop_point:SP_639,Négogousses,27
2303514,24:05:00,24:05:10,stop_point:SP_1754,Arènes,28
2303515,24:10:00,24:10:10,stop_point:SP_1027,Plaisance Monestié,1
2303515,24:11:00,24:11:10,stop_point:SP_4802,Eglise Plaisance,2
2303515,24:12:00,24:12:10,stop_point:SP_4805,Rivière - Basse,3
2303515,24:12:00,24:12:10,stop_point:SP_4808,Prat Dessus,4
2303515,24:13:00,24:13:10,stop_point:SP_4804,Loti,5
2303515,24:15:00,24:15:10,stop_point:SP_4807,Tournefeuille Lycée,6
2303515,24:16:00,24:16:10,stop_point:SP_4841,Jean Gay,7
2303515,24:17:00,24:17:10,stop_point:SP_3834,Bordeneuve,8
2303515,24:17:00,24:17:10,stop_point:SP_1724,Collège Labitrie,9
2303515,24:18:00,24:18:10,stop_point:SP_2531,Alpilles,10
2303515,24:19:00,24:19:10,stop_point:SP_1488,Périgord,11
2303515,24:19:00,24:19:10,stop_point:SP_1091,St-Pierre,12
2303515,24:20:00,24:20:10,stop_point:SP_1551,Montel,13
2303515,24:21:00,24:21:10,stop_point:SP_1439,Tournefeuille Les Chênes,14
2303515,24:22:00,24:22:10,stop_point:SP_2889,Montjoie,15
2303515,24:23:00,24:23:10,stop_point:SP_4809,Ctre Cial Tournefeuille,16
2303515,24:24:00,24:24:10,stop_point:SP_2196,St-Exupéry,17
2303515,24:25:00,24:25:10,stop_point:SP_473,Briqueterie,18
2303515,24:26:00,24:26:10,stop_point:SP_2216,Montagné,19
2303515,24:27:00,24:27:10,stop_point:SP_1474,Lardenne,20
2303515,24:28:00,24:28:10,stop_point:SP_668,Eglise Lardenne,21
2303515,24:29:00,24:29:10,stop_point:SP_3700,Centre Aéré,22
2303515,24:29:00,24:29:10,stop_point:SP_1171,Tissié,23
2303515,24:30:00,24:30:10,stop_point:SP_1460,Pont Rocade,24
2303515,24:31:00,24:31:10,stop_point:SP_1149,Brombach,25
2303515,24:31:00,24:31:10,stop_point:SP_3407,Hippodrome,26
2303515,24:32:00,24:32:10,stop_point:SP_639,Négogousses,27
2303515,24:34:00,24:34:10,stop_point:SP_1754,Arènes,28
2303516,24:40:00,24:40:10,stop_point:SP_1027,Plaisance Monestié,1
2303516,24:41:00,24:41:10,stop_point:SP_4802,Eglise Plaisance,2
2303516,24:42:00,24:42:10,stop_point:SP_4805,Rivière - Basse,3
2303516,24:42:00,24:42:10,stop_point:SP_4808,Prat Dessus,4
2303516,24:43:00,24:43:10,stop_point:SP_4804,Loti,5
2303516,24:45:00,24:45:10,stop_point:SP_4807,Tournefeuille Lycée,6
2303516,24:46:00,24:46:10,stop_point:SP_4841,Jean Gay,7
2303516,24:47:00,24:47:10,stop_point:SP_3834,Bordeneuve,8
2303516,24:47:00,24:47:10,stop_point:SP_1724,Collège Labitrie,9
2303516,24:48:00,24:48:10,stop_point:SP_2531,Alpilles,10
2303516,24:49:00,24:49:10,stop_point:SP_1488,Périgord,11
2303516,24:49:00,24:49:10,stop_point:SP_1091,St-Pierre,12
2303516,24:50:00,24:50:10,stop_point:SP_1551,Montel,13
2303516,24:51:00,24:51:10,stop_point:SP_1439,Tournefeuille Les Chênes,14
2303516,24:52:00,24:52:10,stop_point:SP_2889,Montjoie,15
2303516,24:53:00,24:53:10,stop_point:SP_4809,Ctre Cial Tournefeuille,16
2303516,24:54:00,24:54:10,stop_point:SP_2196,St-Exupéry,17
2303516,24:55:00,24:55:10,stop_point:SP_473,Briqueterie,18
2303516,24:56:00,24:56:10,stop_point:SP_2216,Montagné,19
2303516,24:57:00,24:57:10,stop_point:SP_1474,Lardenne,20
2303516,24:58:00,24:58:10,stop_point:SP_668,Eglise Lardenne,21
2303516,24:59:00,24:59:10,stop_point:SP_3700,Centre Aéré,22
2303516,24:59:00,24:59:10,stop_point:SP_1171,Tissié,23
2303516,25:00:00,25:00:10,stop_point:SP_1460,Pont Rocade,24
2303516,25:01:00,25:01:10,stop_point:SP_1149,Brombach,25
2303516,25:01:00,25:01:10,stop_point:SP_3407,Hippodrome,26
2303516,25:02:00,25:02:10,stop_point:SP_639,Négogousses,27
2303516,25:04:00,25:04:10,stop_point:SP_1754,Arènes,28
2303517,25:05:00,25:05:10,stop_point:SP_1027,Plaisance Monestié,1
2303517,25:06:00,25:06:10,stop_point:SP_4802,Eglise Plaisance,2
2303517,25:07:00,25:07:10,stop_point:SP_4805,Rivière - Basse,3
2303517,25:07:00,25:07:10,stop_point:SP_4808,Prat Dessus,4
2303517,25:08:00,25:08:10,stop_point:SP_4804,Loti,5
2303517,25:10:00,25:10:10,stop_point:SP_4807,Tournefeuille Lycée,6
2303517,25:11:00,25:11:10,stop_point:SP_4841,Jean Gay,7
2303517,25:12:00,25:12:10,stop_point:SP_3834,Bordeneuve,8
2303517,25:12:00,25:12:10,stop_point:SP_1724,Collège Labitrie,9
2303517,25:13:00,25:13:10,stop_point:SP_2531,Alpilles,10
2303517,25:14:00,25:14:10,stop_point:SP_1488,Périgord,11
2303517,25:14:00,25:14:10,stop_point:SP_1091,St-Pierre,12
2303517,25:15:00,25:15:10,stop_point:SP_1551,Montel,13
2303517,25:16:00,25:16:10,stop_point:SP_1439,Tournefeuille Les Chênes,14
2303517,25:17:00,25:17:10,stop_point:SP_2889,Montjoie,15
2303517,25:18:00,25:18:10,stop_point:SP_4809,Ctre Cial Tournefeuille,16
2303517,25:19:00,25:19:10,stop_point:SP_2196,St-Exupéry,17
2303517,25:20:00,25:20:10,stop_point:SP_473,Briqueterie,18
2303517,25:21:00,25:21:10,stop_point:SP_2216,Montagné,19
2303517,25:22:00,25:22:10,stop_point:SP_1474,Lardenne,20
2303517,25:23:00,25:23:10,stop_point:SP_668,Eglise Lardenne,21
2303517,25:24:00,25:24:10,stop_point:SP_3700,Centre Aéré,22
2303517,25:24:00,25:24:10,stop_point:SP_1171,Tissié,23
2303517,25:25:00,25:25:10,stop_point:SP_1460,Pont Rocade,24
2303517,25:26:00,25:26:10,stop_point:SP_1149,Brombach,25
2303517,25:26:00,25:26:10,stop_point:SP_3407,Hippodrome,26
2303517,25:27:00,25:27:10,stop_point:SP_639,Négogousses,27
2303517,25:29:00,25:29:10,stop_point:SP_1754,Arènes,28
