trip_id,arrival_time,departure_time,stop_id,stop_name,stop_sequence
2345751,05:30:00,05:30:10,stop_point:SP_461,Empalot,1
2345751,05:32:00,05:32:10,stop_point:SP_5378,Passerelle A. Conti,2
2345751,05:32:00,05:32:10,stop_point:SP_3506,Daste,3
2345751,05:33:00,05:33:10,stop_point:SP_806,Stadium Est,4
2345751,05:34:00,05:34:10,stop_point:SP_1012,Stadium Ouest,5
2345751,05:35:00,05:35:10,stop_point:SP_3759,Croix de Pierre,6
2345751,05:36:00,05:36:10,stop_point:SP_3915,Roc,7
2345751,05:36:00,05:36:10,stop_point:SP_3822,Barrière de Muret,8
2345751,05:37:00,05:37:10,stop_point:SP_3148,Penent,9
2345751,05:38:00,05:38:10,stop_point:SP_519,Gallieni,10
2345751,05:38:00,05:38:10,stop_point:SP_1436,Langlade,11
2345751,05:39:00,05:39:10,stop_point:SP_3779,Rond-Point Langlade,12
2345751,05:40:00,05:40:10,stop_point:SP_3025,Gironis - Mémorial AZF,13
2345751,05:41:00,05:41:10,stop_point:SP_931,Marchant,14
2345751,05:41:00,05:41:10,stop_point:SP_2330,Hubert Curien,15
2345751,05:42:00,05:42:10,stop_point:SP_324,Maison Commune,16
2345751,05:43:00,05:43:10,stop_point:SP_2491,Oncopole Courrière,17
2345751,05:43:00,05:43:10,stop_point:SP_5097,Oncopole - Lise Enjalbert,18
2345751,05:43:00,05:43:10,stop_point:SP_3604,IUC,19
2345751,05:44:00,05:44:10,stop_point:SP_3185,Route d'Espagne,20
2345751,05:45:00,05:45:10,stop_point:SP_4907,Joulin,21
2345751,05:46:00,05:46:10,stop_point:SP_3258,Larrieu,22
2345751,05:48:00,05:48:10,stop_point:SP_265,Clairfont,23
2345751,05:49:00,05:49:10,stop_point:SP_1374,Frênes,24
2345751,05:50:00,05:50:10,stop_point:SP_2247,Claire Fontaine,25
2345751,05:50:00,05:50:10,stop_point:SP_4000,Ecole Récébédou,26
2345751,05:51:00,05:51:10,stop_point:SP_4916,Ctre Cial Portet - Entrée 5,27
2345751,05:52:00,05:52:10,stop_point:SP_2008,Palanques,28
2345751,05:53:00,05:53:10,stop_point:SP_741,Ctre Cial Portet - Entrée 1,29
2345751,05:53:00,05:53:10,stop_point:SP_311,Bd de l'Europe,30
2345751,05:54:00,05:54:10,stop_point:SP_2882,Stade,31
2345751,05:55:00,05:55:10,stop_point:SP_3831,Occitanie,32
2345751,05:55:00,05:55:10,stop_point:SP_1947,Commerce,33
2345751,05:56:00,05:56:10,stop_point:SP_1897,Bosquets,34
2345751,05:57:00,05:57:10,stop_point:SP_4522,Jean Jaurès,35
2345751,05:59:00,05:59:10,stop_point:SP_4521,Portet Gare SNCF,36
2345752,06:00:00,06:00:10,stop_point:SP_461,Empalot,1
2345752,06:02:00,06:02:10,stop_point:SP_5378,Passerelle A. Conti,2
2345752,06:02:00,06:02:10,stop_point:SP_3506,Daste,3
2345752,06:03:00,06:03:10,stop_point:SP_806,Stadium Est,4
2345752,06:04:00,06:04:10,stop_point:SP_1012,Stadium Ouest,5
2345752,06:05:00,06:05:10,stop_point:SP_3759,Croix de Pierre,6
2345752,06:06:00,06:06:10,stop_point:SP_3915,Roc,7
2345752,06:06:00,06:06:10,stop_point:SP_3822,Barrière de Muret,8
2345752,06:07:00,06:07:10,stop_point:SP_3148,Penent,9
2345752,06:08:00,06:08:10,stop_point:SP_519,Gallieni,10
2345752,06:08:00,06:08:10,stop_point:SP_1436,Langlade,11
2345752,06:09:00,06:09:10,stop_point:SP_3779,Rond-Point Langlade,12
2345752,06:10:00,06:10:10,stop_point:SP_3025,Gironis - Mémorial AZF,13
2345752,06:11:00,06:11:10,stop_point:SP_931,Marchant,14
2345752,06:11:00,06:11:10,stop_point:SP_2330,Hubert Curien,15
2345752,06:12:00,06:12:10,stop_point:SP_324,Maison Commune,16
2345752,06:13:00,06:13:10,stop_point:SP_2491,Oncopole Courrière,17
2345752,06:13:00,06:13:10,stop_point:SP_5097,Oncopole - Lise Enjalbert,18
2345752,06:13:00,06:13:10,stop_point:SP_3604,IUC,19
2345752,06:14:00,06:14:10,stop_point:SP_3185,Route d'Espagne,20
2345752,06:15:00,06:15:10,stop_point:SP_4907,Joulin,21
2345752,06:16:00,06:16:10,stop_point:SP_3258,Larrieu,22
2345752,06:18:00,06:18:10,stop_point:SP_265,Clairfont,23
2345752,06:19:00,06:19:10,stop_point:SP_1374,Frênes,24
2345752,06:20:00,06:20:10,stop_point:SP_2247,Claire Fontaine,25
2345752,06:20:00,06:20:10,stop_point:SP_4000,Ecole Récébédou,26
2345752,06:21:00,06:21:10,stop_point:SP_4916,Ctre Cial Portet - Entrée 5,27
2345752,06:22:00,06:22:10,stop_point:SP_2008,Palanques,28
2345752,06:23:00,06:23:10,stop_point:SP_741,Ctre Cial Portet - Entrée 1,29
2345752,06:24:00,06:24:10,stop_point:SP_311,Bd de l'Europe,30
2345752,06:24:00,06:24:10,stop_point:SP_2882,Stade,31
2345752,06:25:00,06:25:10,stop_point:SP_3831,Occitanie,32
2345752,06:26:00,06:26:10,stop_point:SP_1947,Commerce,33
2345752,06:27:00,06:27:10,stop_point:SP_1897,Bosquets,34
2345752,06:28:00,06:28:10,stop_point:SP_4522,Jean Jaurès,35
2345752,06:30:00,06:30:10,stop_point:SP_4521,Portet Gare SNCF,36
2345753,06:30:00,06:30:10,stop_point:SP_461,Empalot,1
2345753,06:32:00,06:32:10,stop_point:SP_5378,Passerelle A. Conti,2
2345753,06:32:00,06:32:10,stop_point:SP_3506,Daste,3
2345753,06:33:00,06:33:10,stop_point:SP_806,Stadium Est,4
2345753,06:34:00,06:34:10,stop_point:SP_1012,Stadium Ouest,5
2345753,06:35:00,06:35:10,stop_point:SP_3759,Croix de Pierre,6
2345753,06:36:00,06:36:10,stop_point:SP_3915,Roc,7
2345753,06:36:00,06:36:10,stop_point:SP_3822,Barrière de Muret,8
2345753,06:37:00,06:37:10,stop_point:SP_3148,Penent,9
2345753,06:38:00,06:38:10,stop_point:SP_519,Gallieni,10
2345753,06:38:00,06:38:10,stop_point:SP_1436,Langlade,11
2345753,06:39:00,06:39:10,stop_point:SP_3779,Rond-Point Langlade,12
2345753,06:40:00,06:40:10,stop_point:SP_3025,Gironis - Mémorial AZF,13
2345753,06:41:00,06:41:10,stop_point:SP_931,Marchant,14
2345753,06:41:00,06:41:10,stop_point:SP_2330,Hubert Curien,15
2345753,06:42:00,06:42:10,stop_point:SP_324,Maison Commune,16
2345753,06:43:00,06:43:10,stop_point:SP_2491,Oncopole Courrière,17
2345753,06:43:00,06:43:10,stop_point:SP_5097,Oncopole - Lise Enjalbert,18
2345753,06:43:00,06:43:10,stop_point:SP_3604,IUC,19
2345753,06:44:00,06:44:10,stop_point:SP_3185,Route d'Espagne,20
2345753,06:45:00,06:45:10,stop_point:SP_4907,Joulin,21
2345753,06:46:00,06:46:10,stop_point:SP_3258,Larrieu,22
2345753,06:48:00,06:48:10,stop_point:SP_265,Clairfont,23
2345753,06:49:00,06:49:10,stop_point:SP_1374,Frênes,24
2345753,06:50:00,06:50:10,stop_point:SP_2247,Claire Fontaine,25
2345753,06:50:00,06:50:10,stop_point:SP_4000,Ecole Récébédou,26
2345753,06:51:00,06:51:10,stop_point:SP_4916,Ctre Cial Portet - Entrée 5,27
2345753,06:52:00,06:52:10,stop_point:SP_2008,Palanques,28
2345753,06:53:00,06:53:10,stop_point:SP_741,Ctre Cial Portet - Entrée 1,29
2345753,06:54:00,06:54:10,stop_point:SP_311,Bd de l'Europe,30
2345753,06:54:00,06:54:10,stop_point:SP_2882,Stade,31
2345753,06:55:00,06:55:10,stop_point:SP_3831,Occitanie,32
2345753,06:56:00,06:56:10,stop_point:SP_1947,Commerce,33
2345753,06:57:00,06:57:10,stop_point:SP_1897,Bosquets,34
2345753,06:58:00,06:58:10,stop_point:SP_4522,Jean Jaurès,35
2345753,07:00:00,07:00:10,stop_point:SP_4521,Portet Gare SNCF,36
2345754,07:00:00,07:00:10,stop_point:SP_461,Empalot,1
2345754,07:02:00,07:02:10,stop_point:SP_5378,Passerelle A. Conti,2
2345754,07:02:00,07:02:10,stop_point:SP_3506,Daste,3
2345754,07:03:00,07:03:10,stop_point:SP_806,Stadium Est,4
2345754,07:04:00,07:04:10,stop_point:SP_1012,Stadium Ouest,5
2345754,07:05:00,07:05:10,stop_point:SP_3759,Croix de Pierre,6
2345754,07:06:00,07:06:10,stop_point:SP_3915,Roc,7
2345754,07:07:00,07:07:10,stop_point:SP_3822,Barrière de Muret,8
2345754,07:07:00,07:07:10,stop_point:SP_3148,Penent,9
2345754,07:08:00,07:08:10,stop_point:SP_519,Gallieni,10
2345754,07:09:00,07:09:10,stop_point:SP_1436,Langlade,11
2345754,07:10:00,07:10:10,stop_point:SP_3779,Rond-Point Langlade,12
2345754,07:11:00,07:11:10,stop_point:SP_3025,Gironis - Mémorial AZF,13
2345754,07:12:00,07:12:10,stop_point:SP_931,Marchant,14
2345754,07:12:00,07:12:10,stop_point:SP_2330,Hubert Curien,15
2345754,07:13:00,07:13:10,stop_point:SP_324,Maison Commune,16
2345754,07:14:00,07:14:10,stop_point:SP_2491,Oncopole Courrière,17
2345754,07:14:00,07:14:10,stop_point:SP_5097,Oncopole - Lise Enjalbert,18
2345754,07:14:00,07:14:10,stop_point:SP_3604,IUC,19
2345754,07:15:00,07:15:10,stop_point:SP_3185,Route d'Espagne,20
2345754,07:16:00,07:16:10,stop_point:SP_4907,Joulin,21
2345754,07:17:00,07:17:10,stop_point:SP_3258,Larrieu,22
2345754,07:19:00,07:19:10,stop_point:SP_265,Clairfont,23
2345754,07:20:00,07:20:10,stop_point:SP_1374,Frênes,24
2345754,07:21:00,07:21:10,stop_point:SP_2247,Claire Fontaine,25
2345754,07:21:00,07:21:10,stop_point:SP_4000,Ecole Récébédou,26
2345754,07:22:00,07:22:10,stop_point:SP_4916,Ctre Cial Portet - Entrée 5,27
2345754,07:23:00,07:23:10,stop_point:SP_2008,Palanques,28
2345754,07:24:00,07:24:10,stop_point:SP_741,Ctre Cial Portet - Entrée 1,29
2345754,07:25:00,07:25:10,stop_point:SP_311,Bd de l'Europe,30
2345754,07:25:00,07:25:10,stop_point:SP_2882,Stade,31
2345754,07:26:00,07:26:10,stop_point:SP_3831,Occitanie,32
2345754,07:27:00,07:27:10,stop_point:SP_1947,Commerce,33
2345754,07:28:00,07:28:10,stop_point:SP_1897,Bosquets,34
2345754,07:29:00,07:29:10,stop_point:SP_4522,Jean Jaurès,35
2345754,07:31:00,07:31:10,stop_point:SP_4521,Portet Gare SNCF,36
2345755,07:20:00,07:20:10,stop_point:SP_461,Empalot,1
2345755,07:22:00,07:22:10,stop_point:SP_5378,Passerelle A. Conti,2
2345755,07:22:00,07:22:10,stop_point:SP_3506,Daste,3
2345755,07:23:00,07:23:10,stop_point:SP_806,Stadium Est,4
2345755,07:24:00,07:24:10,stop_point:SP_1012,Stadium Ouest,5
2345755,07:25:00,07:25:10,stop_point:SP_3759,Croix de Pierre,6
2345755,07:26:00,07:26:10,stop_point:SP_3915,Roc,7
2345755,07:27:00,07:27:10,stop_point:SP_3822,Barrière de Muret,8
2345755,07:27:00,07:27:10,stop_point:SP_3148,Penent,9
2345755,07:28:00,07:28:10,stop_point:SP_519,Gallieni,10
2345755,07:29:00,07:29:10,stop_point:SP_1436,Langlade,11
2345755,07:30:00,07:30:10,stop_point:SP_3779,Rond-Point Langlade,12
2345755,07:31:00,07:31:10,stop_point:SP_3025,Gironis - Mémorial AZF,13
2345755,07:32:00,07:32:10,stop_point:SP_931,Marchant,14
2345755,07:32:00,07:32:10,stop_point:SP_2330,Hubert Curien,15
2345755,07:33:00,07:33:10,stop_point:SP_324,Maison Commune,16
2345755,07:34:00,07:34:10,stop_point:SP_2491,Oncopole Courrière,17
2345755,07:34:00,07:34:10,stop_point:SP_5097,Oncopole - Lise Enjalbert,18
2345755,07:34:00,07:34:10,stop_point:SP_3604,IUC,19
2345755,07:35:00,07:35:10,stop_point:SP_3185,Route d'Espagne,20
2345755,07:36:00,07:36:10,stop_point:SP_4907,Joulin,21
2345755,07:37:00,07:37:10,stop_point:SP_3258,Larrieu,22
2345755,07:39:00,07:39:10,stop_point:SP_265,Clairfont,23
2345755,07:40:00,07:40:10,stop_point:SP_1374,Frênes,24
2345755,07:41:00,07:41:10,stop_point:SP_2247,Claire Fontaine,25
2345755,07:41:00,07:41:10,stop_point:SP_4000,Ecole Récébédou,26
2345755,07:42:00,07:42:10,stop_point:SP_4916,Ctre Cial Portet - Entrée 5,27
2345755,07:43:00,07:43:10,stop_point:SP_2008,Palanques,28
2345755,07:44:00,07:44:10,stop_point:SP_741,Ctre Cial Portet - Entrée 1,29
2345755,07:45:00,07:45:10,stop_point:SP_311,Bd de l'Europe,30
2345755,07:45:00,07:45:10,stop_point:SP_2882,Stade,31
2345755,07:46:00,07:46:10,stop_point:SP_3831,Occitanie,32
2345755,07:47:00,07:47:10,stop_point:SP_1947,Commerce,33
2345755,07:48:00,07:48:10,stop_point:SP_1897,Bosquets,34
2345755,07:49:00,07:49:10,stop_point:SP_4522,Jean Jaurès,35
2345755,07:51:00,07:51:10,stop_point:SP_4521,Portet Gare SNCF,36
2345756,07:40:00,07:40:10,stop_point:SP_461,Empalot,1
2345756,07:42:00,07:42:10,stop_point:SP_5378,Passerelle A. Conti,2
2345756,07:42:00,07:42:10,stop_point:SP_3506,Daste,3
2345756,07:43:00,07:43:10,stop_point:SP_806,Stadium Est,4
2345756,07:44:00,07:44:10,stop_point:SP_1012,Stadium Ouest,5
2345756,07:45:00,07:45:10,stop_point:SP_3759,Croix de Pierre,6
2345756,07:46:00,07:46:10,stop_point:SP_3915,Roc,7
2345756,07:47:00,07:47:10,stop_point:SP_3822,Barrière de Muret,8
2345756,07:47:00,07:47:10,stop_point:SP_3148,Penent,9
2345756,07:48:00,07:48:10,stop_point:SP_519,Gallieni,10
2345756,07:49:00,07:49:10,stop_point:SP_1436,Langlade,11
2345756,07:50:00,07:50:10,stop_point:SP_3779,Rond-Point Langlade,12
2345756,07:51:00,07:51:10,stop_point:SP_3025,Gironis - Mémorial AZF,13
2345756,07:52:00,07:52:10,stop_point:SP_931,Marchant,14
2345756,07:52:00,07:52:10,stop_point:SP_2330,Hubert Curien,15
2345756,07:53:00,07:53:10,stop_point:SP_324,Maison Commune,16
2345756,07:54:00,07:54:10,stop_point:SP_2491,Oncopole Courrière,17
2345756,07:54:00,07:54:10,stop_point:SP_5097,Oncopole - Lise Enjalbert,18
2345756,07:54:00,07:54:10,stop_point:SP_3604,IUC,19
2345756,07:55:00,07:55:10,stop_point:SP_3185,Route d'Espagne,20
2345756,07:56:00,07:56:10,stop_point:SP_4907,Joulin,21
2345756,07:57:00,07:57:10,stop_point:SP_3258,Larrieu,22
2345756,07:59:00,07:59:10,stop_point:SP_265,Clairfont,23
2345756,08:00:00,08:00:10,stop_point:SP_1374,Frênes,24
2345756,08:01:00,08:01:10,stop_point:SP_2247,Claire Fontaine,25
2345756,08:01:00,08:01:10,stop_point:SP_4000,Ecole Récébédou,26
2345756,08:02:00,08:02:10,stop_point:SP_4916,Ctre Cial Portet - Entrée 5,27
2345756,08:03:00,08:03:10,stop_point:SP_2008,Palanques,28
2345756,08:04:00,08:04:10,stop_point:SP_741,Ctre Cial Portet - Entrée 1,29
2345756,08:05:00,08:05:10,stop_point:SP_311,Bd de l'Europe,30
2345756,08:05:00,08:05:10,stop_point:SP_2882,Stade,31
2345756,08:06:00,08:06:10,stop_point:SP_3831,Occitanie,32
2345756,08:07:00,08:07:10,stop_point:SP_1947,Commerce,33
2345756,08:08:00,08:08:10,stop_point:SP_1897,Bosquets,34
2345756,08:09:00,08:09:10,stop_point:SP_4522,Jean Jaurès,35
2345756,08:11:00,08:11:10,stop_point:SP_4521,Portet Gare SNCF,36
2345757,08:00:00,08:00:10,stop_point:SP_461,Empalot,1
2345757,08:02:00,08:02:10,stop_point:SP_5378,Passerelle A. Conti,2
2345757,08:02:00,08:02:10,stop_point:SP_3506,Daste,3
2345757,08:03:00,08:03:10,stop_point:SP_806,Stadium Est,4
2345757,08:04:00,08:04:10,stop_point:SP_1012,Stadium Ouest,5
2345757,08:05:00,08:05:10,stop_point:SP_3759,Croix de Pierre,6
2345757,08:06:00,08:06:10,stop_point:SP_3915,Roc,7
2345757,08:07:00,08:07:10,stop_point:SP_3822,Barrière de Muret,8
2345757,08:08:00,08:08:10,stop_point:SP_3148,Penent,9
2345757,08:09:00,08:09:10,stop_point:SP_519,Gallieni,10
2345757,08:10:00,08:10:10,stop_point:SP_1436,Langlade,11
2345757,08:11:00,08:11:10,stop_point:SP_3779,Rond-Point Langlade,12
2345757,08:12:00,08:12:10,stop_point:SP_3025,Gironis - Mémorial AZF,13
2345757,08:13:00,08:13:10,stop_point:SP_931,Marchant,14
2345757,08:13:00,08:13:10,stop_point:SP_2330,Hubert Curien,15
2345757,08:14:00,08:14:10,stop_point:SP_324,Maison Commune,16
2345757,08:15:00,08:15:10,stop_point:SP_2491,Oncopole Courrière,17
2345757,08:15:00,08:15:10,stop_point:SP_5097,Oncopole - Lise Enjalbert,18
2345757,08:15:00,08:15:10,stop_point:SP_3604,IUC,19
2345757,08:16:00,08:16:10,stop_point:SP_3185,Route d'Espagne,20
2345757,08:17:00,08:17:10,stop_point:SP_4907,Joulin,21
2345757,08:18:00,08:18:10,stop_point:SP_3258,Larrieu,22
2345757,08:20:00,08:20:10,stop_point:SP_265,Clairfont,23
2345757,08:21:00,08:21:10,stop_point:SP_1374,Frênes,24
2345757,08:22:00,08:22:10,stop_point:SP_2247,Claire Fontaine,25
2345757,08:22:00,08:22:10,stop_point:SP_4000,Ecole Récébédou,26
2345757,08:23:00,08:23:10,stop_point:SP_4916,Ctre Cial Portet - Entrée 5,27
2345757,08:24:00,08:24:10,stop_point:SP_2008,Palanques,28
2345757,08:25:00,08:25:10,stop_point:SP_741,Ctre Cial Portet - Entrée 1,29
2345757,08:26:00,08:26:10,stop_point:SP_311,Bd de l'Europe,30
2345757,08:27:00,08:27:10,stop_point:SP_2882,Stade,31
2345757,08:28:00,08:28:10,stop_point:SP_3831,Occitanie,32
2345757,08:29:00,08:29:10,stop_point:SP_1947,Commerce,33
2345757,08:30:00,08:30:10,stop_point:SP_1897,Bosquets,34
2345757,08:31:00,08:31:10,stop_point:SP_4522,Jean Jaurès,35
2345757,08:33:00,08:33:10,stop_point:SP_4521,Portet Gare SNCF,36
2345758,08:20:00,08:20:10,stop_point:SP_461,Empalot,1
2345758,08:22:00,08:22:10,stop_point:SP_5378,Passerelle A. Conti,2
2345758,08:22:00,08:22:10,stop_point:SP_3506,Daste,3
2345758,08:23:00,08:23:10,stop_point:SP_806,Stadium Est,4
2345758,08:24:00,08:24:10,stop_point:SP_1012,Stadium Ouest,5
2345758,08:25:00,08:25:10,stop_point:SP_3759,Croix de Pierre,6
2345758,08:26:00,08:26:10,stop_point:SP_3915,Roc,7
2345758,08:27:00,08:27:10,stop_point:SP_3822,Barrière de Muret,8
2345758,08:28:00,08:28:10,stop_point:SP_3148,Penent,9
2345758,08:29:00,08:29:10,stop_point:SP_519,Gallieni,10
2345758,08:30:00,08:30:10,stop_point:SP_1436,Langlade,11
2345758,08:31:00,08:31:10,stop_point:SP_3779,Rond-Point Langlade,12
2345758,08:32:00,08:32:10,stop_point:SP_3025,Gironis - Mémorial AZF,13
2345758,08:33:00,08:33:10,stop_point:SP_931,Marchant,14
2345758,08:33:00,08:33:10,stop_point:SP_2330,Hubert Curien,15
2345758,08:34:00,08:34:10,stop_point:SP_324,Maison Commune,16
2345758,08:35:00,08:35:10,stop_point:SP_2491,Oncopole Courrière,17
2345758,08:35:00,08:35:10,stop_point:SP_5097,Oncopole - Lise Enjalbert,18
2345758,08:35:00,08:35:10,stop_point:SP_3604,IUC,19
2345758,08:36:00,08:36:10,stop_point:SP_3185,Route d'Espagne,20
2345758,08:37:00,08:37:10,stop_point:SP_4907,Joulin,21
2345758,08:38:00,08:38:10,stop_point:SP_3258,Larrieu,22
2345758,08:40:00,08:40:10,stop_point:SP_265,Clairfont,23
2345758,08:41:00,08:41:10,stop_point:SP_1374,Frênes,24
2345758,08:42:00,08:42:10,stop_point:SP_2247,Claire Fontaine,25
2345758,08:42:00,08:42:10,stop_point:SP_4000,Ecole Récébédou,26
2345758,08:43:00,08:43:10,stop_point:SP_4916,Ctre Cial Portet - Entrée 5,27
2345758,08:44:00,08:44:10,stop_point:SP_2008,Palanques,28
2345758,08:45:00,08:45:10,stop_point:SP_741,Ctre Cial Portet - Entrée 1,29
2345758,08:46:00,08:46:10,stop_point:SP_311,Bd de l'Europe,30
2345758,08:47:00,08:47:10,stop_point:SP_2882,Stade,31
2345758,08:48:00,08:48:10,stop_point:SP_3831,Occitanie,32
2345758,08:49:00,08:49:10,stop_point:SP_1947,Commerce,33
2345758,08:50:00,08:50:10,stop_point:SP_1897,Bosquets,34
2345758,08:51:00,08:51:10,stop_point:SP_4522,Jean Jaurès,35
2345758,08:53:00,08:53:10,stop_point:SP_4521,Portet Gare SNCF,36
2345759,08:40:00,08:40:10,stop_point:SP_461,Empalot,1
2345759,08:42:00,08:42:10,stop_point:SP_5378,Passerelle A. Conti,2
2345759,08:42:00,08:42:10,stop_point:SP_3506,Daste,3
2345759,08:43:00,08:43:10,stop_point:SP_806,Stadium Est,4
2345759,08:44:00,08:44:10,stop_point:SP_1012,Stadium Ouest,5
2345759,08:45:00,08:45:10,stop_point:SP_3759,Croix de Pierre,6
2345759,08:46:00,08:46:10,stop_point:SP_3915,Roc,7
2345759,08:47:00,08:47:10,stop_point:SP_3822,Barrière de Muret,8
2345759,08:48:00,08:48:10,stop_point:SP_3148,Penent,9
2345759,08:49:00,08:49:10,stop_point:SP_519,Gallieni,10
2345759,08:50:00,08:50:10,stop_point:SP_1436,Langlade,11
2345759,08:51:00,08:51:10,stop_point:SP_3779,Rond-Point Langlade,12
2345759,08:52:00,08:52:10,stop_point:SP_3025,Gironis - Mémorial AZF,13
2345759,08:53:00,08:53:10,stop_point:SP_931,Marchant,14
2345759,08:53:00,08:53:10,stop_point:SP_2330,Hubert Curien,15
2345759,08:54:00,08:54:10,stop_point:SP_324,Maison Commune,16
2345759,08:55:00,08:55:10,stop_point:SP_2491,Oncopole Courrière,17
2345759,08:55:00,08:55:10,stop_point:SP_5097,Oncopole - Lise Enjalbert,18
2345759,08:55:00,08:55:10,stop_point:SP_3604,IUC,19
2345759,08:56:00,08:56:10,stop_point:SP_3185,Route d'Espagne,20
2345759,08:57:00,08:57:10,stop_point:SP_4907,Joulin,21
2345759,08:58:00,08:58:10,stop_point:SP_3258,Larrieu,22
2345759,09:00:00,09:00:10,stop_point:SP_265,Clairfont,23
2345759,09:01:00,09:01:10,stop_point:SP_1374,Frênes,24
2345759,09:02:00,09:02:10,stop_point:SP_2247,Claire Fontaine,25
2345759,09:02:00,09:02:10,stop_point:SP_4000,Ecole Récébédou,26
2345759,09:03:00,09:03:10,stop_point:SP_4916,Ctre Cial Portet - Entrée 5,27
2345759,09:04:00,09:04:10,stop_point:SP_2008,Palanques,28
2345759,09:05:00,09:05:10,stop_point:SP_741,Ctre Cial Portet - Entrée 1,29
2345759,09:06:00,09:06:10,stop_point:SP_311,Bd de l'Europe,30
2345759,09:07:00,09:07:10,stop_point:SP_2882,Stade,31
2345759,09:08:00,09:08:10,stop_point:SP_3831,Occitanie,32
2345759,09:09:00,09:09:10,stop_point:SP_1947,Commerce,33
2345759,09:10:00,09:10:10,stop_point:SP_1897,Bosquets,34
2345759,09:11:00,09:11:10,stop_point:SP_4522,Jean Jaurès,35
2345759,09:13:00,09:13:10,stop_point:SP_4521,Portet Gare SNCF,36
2345760,09:00:00,09:00:10,stop_point:SP_461,Empalot,1
2345760,09:02:00,09:02:10,stop_point:SP_5378,Passerelle A. Conti,2
2345760,09:02:00,09:02:10,stop_point:SP_3506,Daste,3
2345760,09:03:00,09:03:10,stop_point:SP_806,Stadium Est,4
2345760,09:04:00,09:04:10,stop_point:SP_1012,Stadium Ouest,5
2345760,09:05:00,09:05:10,stop_point:SP_3759,Croix de Pierre,6
2345760,09:06:00,09:06:10,stop_point:SP_3915,Roc,7
2345760,09:07:00,09:07:10,stop_point:SP_3822,Barrière de Muret,8
2345760,09:08:00,09:08:10,stop_point:SP_3148,Penent,9
2345760,09:09:00,09:09:10,stop_point:SP_519,Gallieni,10
2345760,09:10:00,09:10:10,stop_point:SP_1436,Langlade,11
2345760,09:11:00,09:11:10,stop_point:SP_3779,Rond-Point Langlade,12
2345760,09:12:00,09:12:10,stop_point:SP_3025,Gironis - Mémorial AZF,13
2345760,09:13:00,09:13:10,stop_point:SP_931,Marchant,14
2345760,09:14:00,09:14:10,stop_point:SP_2330,Hubert Curien,15
2345760,09:14:00,09:14:10,stop_point:SP_324,Maison Commune,16
2345760,09:15:00,09:15:10,stop_point:SP_2491,Oncopole Courrière,17
2345760,09:16:00,09:16:10,stop_point:SP_5097,Oncopole - Lise Enjalbert,18
2345760,09:16:00,09:16:10,stop_point:SP_3604,IUC,19
2345760,09:17:00,09:17:10,stop_point:SP_3185,Route d'Espagne,20
2345760,09:18:00,09:18:10,stop_point:SP_4907,Joulin,21
2345760,09:19:00,09:19:10,stop_point:SP_3258,Larrieu,22
2345760,09:21:00,09:21:10,stop_point:SP_265,Clairfont,23
2345760,09:22:00,09:22:10,stop_point:SP_1374,Frênes,24
2345760,09:23:00,09:23:10,stop_point:SP_2247,Claire Fontaine,25
2345760,09:23:00,09:23:10,stop_point:SP_4000,Ecole Récébédou,26
2345760,09:24:00,09:24:10,stop_point:SP_4916,Ctre Cial Portet - Entrée 5,27
2345760,09:25:00,09:25:10,stop_point:SP_2008,Palanques,28
2345760,09:26:00,09:26:10,stop_point:SP_741,Ctre Cial Portet - Entrée 1,29
2345760,09:27:00,09:27:10,stop_point:SP_311,Bd de l'Europe,30
2345760,09:28:00,09:28:10,stop_point:SP_2882,Stade,31
2345760,09:29:00,09:29:10,stop_point:SP_3831,Occitanie,32
2345760,09:30:00,09:30:10,stop_point:SP_1947,Commerce,33
2345760,09:31:00,09:31:10,stop_point:SP_1897,Bosquets,34
2345760,09:32:00,09:32:10,stop_point:SP_4522,Jean Jaurès,35
2345760,09:34:00,09:34:10,stop_point:SP_4521,Portet Gare SNCF,36
2345761,09:20:00,09:20:10,stop_point:SP_461,Empalot,1
2345761,09:22:00,09:22:10,stop_point:SP_5378,Passerelle A. Conti,2
2345761,09:22:00,09:22:10,stop_point:SP_3506,Daste,3
2345761,09:23:00,09:23:10,stop_point:SP_806,Stadium Est,4
2345761,09:24:00,09:24:10,stop_point:SP_1012,Stadium Ouest,5
2345761,09:25:00,09:25:10,stop_point:SP_3759,Croix de Pierre,6
2345761,09:26:00,09:26:10,stop_point:SP_3915,Roc,7
2345761,09:27:00,09:27:10,stop_point:SP_3822,Barrière de Muret,8
2345761,09:28:00,09:28:10,stop_point:SP_3148,Penent,9
2345761,09:29:00,09:29:10,stop_point:SP_519,Gallieni,10
2345761,09:30:00,09:30:10,stop_point:SP_1436,Langlade,11
2345761,09:31:00,09:31:10,stop_point:SP_3779,Rond-Point Langlade,12
2345761,09:32:00,09:32:10,stop_point:SP_3025,Gironis - Mémorial AZF,13
2345761,09:33:00,09:33:10,stop_point:SP_931,Marchant,14
2345761,09:34:00,09:34:10,stop_point:SP_2330,Hubert Curien,15
2345761,09:34:00,09:34:10,stop_point:SP_324,Maison Commune,16
2345761,09:35:00,09:35:10,stop_point:SP_2491,Oncopole Courrière,17
2345761,09:36:00,09:36:10,stop_point:SP_5097,Oncopole - Lise Enjalbert,18
2345761,09:36:00,09:36:10,stop_point:SP_3604,IUC,19
2345761,09:37:00,09:37:10,stop_point:SP_3185,Route d'Espagne,20
2345761,09:38:00,09:38:10,stop_point:SP_4907,Joulin,21
2345761,09:39:00,09:39:10,stop_point:SP_3258,Larrieu,22
2345761,09:41:00,09:41:10,stop_point:SP_265,Clairfont,23
2345761,09:42:00,09:42:10,stop_point:SP_1374,Frênes,24
2345761,09:43:00,09:43:10,stop_point:SP_2247,Claire Fontaine,25
2345761,09:43:00,09:43:10,stop_point:SP_4000,Ecole Récébédou,26
2345761,09:44:00,09:44:10,stop_point:SP_4916,Ctre Cial Portet - Entrée 5,27
2345761,09:45:00,09:45:10,stop_point:SP_2008,Palanques,28
2345761,09:46:00,09:46:10,stop_point:SP_741,Ctre Cial Portet - Entrée 1,29
2345761,09:47:00,09:47:10,stop_point:SP_311,Bd de l'Europe,30
2345761,09:48:00,09:48:10,stop_point:SP_2882,Stade,31
2345761,09:49:00,09:49:10,stop_point:SP_3831,Occitanie,32
2345761,09:50:00,09:50:10,stop_point:SP_1947,Commerce,33
2345761,09:51:00,09:51:10,stop_point:SP_1897,Bosquets,34
2345761,09:53:00,09:53:10,stop_point:SP_4522,Jean Jaurès,35
2345761,09:55:00,09:55:10,stop_point:SP_4521,Portet Gare SNCF,36
2345762,09:40:00,09:40:10,stop_point:SP_461,Empalot,1
2345762,09:42:00,09:42:10,stop_point:SP_5378,Passerelle A. Conti,2
2345762,09:42:00,09:42:10,stop_point:SP_3506,Daste,3
2345762,09:43:00,09:43:10,stop_point:SP_806,Stadium Est,4
2345762,09:44:00,09:44:10,stop_point:SP_1012,Stadium Ouest,5
2345762,09:45:00,09:45:10,stop_point:SP_3759,Croix de Pierre,6
2345762,09:46:00,09:46:10,stop_point:SP_3915,Roc,7
2345762,09:47:00,09:47:10,stop_point:SP_3822,Barrière de Muret,8
2345762,09:48:00,09:48:10,stop_point:SP_3148,Penent,9
2345762,09:49:00,09:49:10,stop_point:SP_519,Gallieni,10
2345762,09:50:00,09:50:10,stop_point:SP_1436,Langlade,11
2345762,09:51:00,09:51:10,stop_point:SP_3779,Rond-Point Langlade,12
2345762,09:52:00,09:52:10,stop_point:SP_3025,Gironis - Mémorial AZF,13
2345762,09:53:00,09:53:10,stop_point:SP_931,Marchant,14
2345762,09:54:00,09:54:10,stop_point:SP_2330,Hubert Curien,15
2345762,09:54:00,09:54:10,stop_point:SP_324,Maison Commune,16
2345762,09:55:00,09:55:10,stop_point:SP_2491,Oncopole Courrière,17
2345762,09:56:00,09:56:10,stop_point:SP_5097,Oncopole - Lise Enjalbert,18
2345762,09:56:00,09:56:10,stop_point:SP_3604,IUC,19
2345762,09:57:00,09:57:10,stop_point:SP_3185,Route d'Espagne,20
2345762,09:58:00,09:58:10,stop_point:SP_4907,Joulin,21
2345762,09:59:00,09:59:10,stop_point:SP_3258,Larrieu,22
2345762,10:01:00,10:01:10,stop_point:SP_265,Clairfont,23
2345762,10:02:00,10:02:10,stop_point:SP_1374,Frênes,24
2345762,10:03:00,10:03:10,stop_point:SP_2247,Claire Fontaine,25
2345762,10:03:00,10:03:10,stop_point:SP_4000,Ecole Récébédou,26
2345762,10:04:00,10:04:10,stop_point:SP_4916,Ctre Cial Portet - Entrée 5,27
2345762,10:05:00,10:05:10,stop_point:SP_2008,Palanques,28
2345762,10:06:00,10:06:10,stop_point:SP_741,Ctre Cial Portet - Entrée 1,29
2345762,10:07:00,10:07:10,stop_point:SP_311,Bd de l'Europe,30
2345762,10:08:00,10:08:10,stop_point:SP_2882,Stade,31
2345762,10:09:00,10:09:10,stop_point:SP_3831,Occitanie,32
2345762,10:10:00,10:10:10,stop_point:SP_1947,Commerce,33
2345762,10:11:00,10:11:10,stop_point:SP_1897,Bosquets,34
2345762,10:13:00,10:13:10,stop_point:SP_4522,Jean Jaurès,35
2345762,10:15:00,10:15:10,stop_point:SP_4521,Portet Gare SNCF,36
2345763,10:00:00,10:00:10,stop_point:SP_461,Empalot,1
2345763,10:02:00,10:02:10,stop_point:SP_5378,Passerelle A. Conti,2
2345763,10:02:00,10:02:10,stop_point:SP_3506,Daste,3
2345763,10:03:00,10:03:10,stop_point:SP_806,Stadium Est,4
2345763,10:04:00,10:04:10,stop_point:SP_1012,Stadium Ouest,5
2345763,10:05:00,10:05:10,stop_point:SP_3759,Croix de Pierre,6
2345763,10:06:00,10:06:10,stop_point:SP_3915,Roc,7
2345763,10:07:00,10:07:10,stop_point:SP_3822,Barrière de Muret,8
2345763,10:08:00,10:08:10,stop_point:SP_3148,Penent,9
2345763,10:09:00,10:09:10,stop_point:SP_519,Gallieni,10
2345763,10:10:00,10:10:10,stop_point:SP_1436,Langlade,11
2345763,10:11:00,10:11:10,stop_point:SP_3779,Rond-Point Langlade,12
2345763,10:12:00,10:12:10,stop_point:SP_3025,Gironis - Mémorial AZF,13
2345763,10:13:00,10:13:10,stop_point:SP_931,Marchant,14
2345763,10:14:00,10:14:10,stop_point:SP_2330,Hubert Curien,15
2345763,10:14:00,10:14:10,stop_point:SP_324,Maison Commune,16
2345763,10:15:00,10:15:10,stop_point:SP_2491,Oncopole Courrière,17
2345763,10:16:00,10:16:10,stop_point:SP_5097,Oncopole - Lise Enjalbert,18
2345763,10:16:00,10:16:10,stop_point:SP_3604,IUC,19
2345763,10:17:00,10:17:10,stop_point:SP_3185,Route d'Espagne,20
2345763,10:18:00,10:18:10,stop_point:SP_4907,Joulin,21
2345763,10:19:00,10:19:10,stop_point:SP_3258,Larrieu,22
2345763,10:21:00,10:21:10,stop_point:SP_265,Clairfont,23
2345763,10:22:00,10:22:10,stop_point:SP_1374,Frênes,24
2345763,10:23:00,10:23:10,stop_point:SP_2247,Claire Fontaine,25
2345763,10:23:00,10:23:10,stop_point:SP_4000,Ecole Récébédou,26
2345763,10:24:00,10:24:10,stop_point:SP_4916,Ctre Cial Portet - Entrée 5,27
2345763,10:25:00,10:25:10,stop_point:SP_2008,Palanques,28
2345763,10:26:00,10:26:10,stop_point:SP_741,Ctre Cial Portet - Entrée 1,29
2345763,10:27:00,10:27:10,stop_point:SP_311,Bd de l'Europe,30
2345763,10:28:00,10:28:10,stop_point:SP_2882,Stade,31
2345763,10:29:00,10:29:10,stop_point:SP_3831,Occitanie,32
2345763,10:30:00,10:30:10,stop_point:SP_1947,Commerce,33
2345763,10:31:00,10:31:10,stop_point:SP_1897,Bosquets,34
2345763,10:33:00,10:33:10,stop_point:SP_4522,Jean Jaurès,35
2345763,10:35:00,10:35:10,stop_point:SP_4521,Portet Gare SNCF,36
2345764,10:20:00,10:20:10,stop_point:SP_461,Empalot,1
2345764,10:22:00,10:22:10,stop_point:SP_5378,Passerelle A. Conti,2
2345764,10:22:00,10:22:10,stop_point:SP_3506,Daste,3
2345764,10:23:00,10:23:10,stop_point:SP_806,Stadium Est,4
2345764,10:24:00,10:24:10,stop_point:SP_1012,Stadium Ouest,5
2345764,10:25:00,10:25:10,stop_point:SP_3759,Croix de Pierre,6
2345764,10:26:00,10:26:10,stop_point:SP_3915,Roc,7
2345764,10:27:00,10:27:10,stop_point:SP_3822,Barrière de Muret,8
2345764,10:28:00,10:28:10,stop_point:SP_3148,Penent,9
2345764,10:29:00,10:29:10,stop_point:SP_519,Gallieni,10
2345764,10:30:00,10:30:10,stop_point:SP_1436,Langlade,11
2345764,10:31:00,10:31:10,stop_point:SP_3779,Rond-Point Langlade,12
2345764,10:32:00,10:32:10,stop_point:SP_3025,Gironis - Mémorial AZF,13
2345764,10:33:00,10:33:10,stop_point:SP_931,Marchant,14
2345764,10:34:00,10:34:10,stop_point:SP_2330,Hubert Curien,15
2345764,10:34:00,10:34:10,stop_point:SP_324,Maison Commune,16
2345764,10:35:00,10:35:10,stop_point:SP_2491,Oncopole Courrière,17
2345764,10:36:00,10:36:10,stop_point:SP_5097,Oncopole - Lise Enjalbert,18
2345764,10:36:00,10:36:10,stop_point:SP_3604,IUC,19
2345764,10:37:00,10:37:10,stop_point:SP_3185,Route d'Espagne,20
2345764,10:38:00,10:38:10,stop_point:SP_4907,Joulin,21
2345764,10:39:00,10:39:10,stop_point:SP_3258,Larrieu,22
2345764,10:41:00,10:41:10,stop_point:SP_265,Clairfont,23
2345764,10:42:00,10:42:10,stop_point:SP_1374,Frênes,24
2345764,10:43:00,10:43:10,stop_point:SP_2247,Claire Fontaine,25
2345764,10:43:00,10:43:10,stop_point:SP_4000,Ecole Récébédou,26
2345764,10:44:00,10:44:10,stop_point:SP_4916,Ctre Cial Portet - Entrée 5,27
2345764,10:45:00,10:45:10,stop_point:SP_2008,Palanques,28
2345764,10:46:00,10:46:10,stop_point:SP_741,Ctre Cial Portet - Entrée 1,29
2345764,10:47:00,10:47:10,stop_point:SP_311,Bd de l'Europe,30
2345764,10:48:00,10:48:10,stop_point:SP_2882,Stade,31
2345764,10:49:00,10:49:10,stop_point:SP_3831,Occitanie,32
2345764,10:50:00,10:50:10,stop_point:SP_1947,Commerce,33
2345764,10:51:00,10:51:10,stop_point:SP_1897,Bosquets,34
2345764,10:53:00,10:53:10,stop_point:SP_4522,Jean Jaurès,35
2345764,10:55:00,10:55:10,stop_point:SP_4521,Portet Gare SNCF,36
2345765,10:40:00,10:40:10,stop_point:SP_461,Empalot,1
2345765,10:42:00,10:42:10,stop_point:SP_5378,Passerelle A. Conti,2
2345765,10:42:00,10:42:10,stop_point:SP_3506,Daste,3
2345765,10:43:00,10:43:10,stop_point:SP_806,Stadium Est,4
2345765,10:44:00,10:44:10,stop_point:SP_1012,Stadium Ouest,5
2345765,10:45:00,10:45:10,stop_point:SP_3759,Croix de Pierre,6
2345765,10:46:00,10:46:10,stop_point:SP_3915,Roc,7
2345765,10:47:00,10:47:10,stop_point:SP_3822,Barrière de Muret,8
2345765,10:48:00,10:48:10,stop_point:SP_3148,Penent,9
2345765,10:49:00,10:49:10,stop_point:SP_519,Gallieni,10
2345765,10:50:00,10:50:10,stop_point:SP_1436,Langlade,11
2345765,10:51:00,10:51:10,stop_point:SP_3779,Rond-Point Langlade,12
2345765,10:52:00,10:52:10,stop_point:SP_3025,Gironis - Mémorial AZF,13
2345765,10:53:00,10:53:10,stop_point:SP_931,Marchant,14
2345765,10:54:00,10:54:10,stop_point:SP_2330,Hubert Curien,15
2345765,10:54:00,10:54:10,stop_point:SP_324,Maison Commune,16
2345765,10:55:00,10:55:10,stop_point:SP_2491,Oncopole Courrière,17
2345765,10:56:00,10:56:10,stop_point:SP_5097,Oncopole - Lise Enjalbert,18
2345765,10:56:00,10:56:10,stop_point:SP_3604,IUC,19
2345765,10:57:00,10:57:10,stop_point:SP_3185,Route d'Espagne,20
2345765,10:58:00,10:58:10,stop_point:SP_4907,Joulin,21
2345765,10:59:00,10:59:10,stop_point:SP_3258,Larrieu,22
2345765,11:01:00,11:01:10,stop_point:SP_265,Clairfont,23
2345765,11:02:00,11:02:10,stop_point:SP_1374,Frênes,24
2345765,11:03:00,11:03:10,stop_point:SP_2247,Claire Fontaine,25
2345765,11:03:00,11:03:10,stop_point:SP_4000,Ecole Récébédou,26
2345765,11:04:00,11:04:10,stop_point:SP_4916,Ctre Cial Portet - Entrée 5,27
2345765,11:05:00,11:05:10,stop_point:SP_2008,Palanques,28
2345765,11:06:00,11:06:10,stop_point:SP_741,Ctre Cial Portet - Entrée 1,29
2345765,11:07:00,11:07:10,stop_point:SP_311,Bd de l'Europe,30
2345765,11:08:00,11:08:10,stop_point:SP_2882,Stade,31
2345765,11:09:00,11:09:10,stop_point:SP_3831,Occitanie,32
2345765,11:10:00,11:10:10,stop_point:SP_1947,Commerce,33
2345765,11:11:00,11:11:10,stop_point:SP_1897,Bosquets,34
2345765,11:13:00,11:13:10,stop_point:SP_4522,Jean Jaurès,35
2345765,11:15:00,11:15:10,stop_point:SP_4521,Portet Gare SNCF,36
2345766,11:00:00,11:00:10,stop_point:SP_461,Empalot,1
2345766,11:02:00,11:02:10,stop_point:SP_5378,Passerelle A. Conti,2
2345766,11:02:00,11:02:10,stop_point:SP_3506,Daste,3
2345766,11:03:00,11:03:10,stop_point:SP_806,Stadium Est,4
2345766,11:04:00,11:04:10,stop_point:SP_1012,Stadium Ouest,5
2345766,11:05:00,11:05:10,stop_point:SP_3759,Croix de Pierre,6
2345766,11:06:00,11:06:10,stop_point:SP_3915,Roc,7
2345766,11:07:00,11:07:10,stop_point:SP_3822,Barrière de Muret,8
2345766,11:08:00,11:08:10,stop_point:SP_3148,Penent,9
2345766,11:10:00,11:10:10,stop_point:SP_519,Gallieni,10
2345766,11:11:00,11:11:10,stop_point:SP_1436,Langlade,11
2345766,11:12:00,11:12:10,stop_point:SP_3779,Rond-Point Langlade,12
2345766,11:13:00,11:13:10,stop_point:SP_3025,Gironis - Mémorial AZF,13
2345766,11:14:00,11:14:10,stop_point:SP_931,Marchant,14
2345766,11:15:00,11:15:10,stop_point:SP_2330,Hubert Curien,15
2345766,11:15:00,11:15:10,stop_point:SP_324,Maison Commune,16
2345766,11:16:00,11:16:10,stop_point:SP_2491,Oncopole Courrière,17
2345766,11:17:00,11:17:10,stop_point:SP_5097,Oncopole - Lise Enjalbert,18
2345766,11:17:00,11:17:10,stop_point:SP_3604,IUC,19
2345766,11:18:00,11:18:10,stop_point:SP_3185,Route d'Espagne,20
2345766,11:19:00,11:19:10,stop_point:SP_4907,Joulin,21
2345766,11:20:00,11:20:10,stop_point:SP_3258,Larrieu,22
2345766,11:22:00,11:22:10,stop_point:SP_265,Clairfont,23
2345766,11:23:00,11:23:10,stop_point:SP_1374,Frênes,24
2345766,11:24:00,11:24:10,stop_point:SP_2247,Claire Fontaine,25
2345766,11:24:00,11:24:10,stop_point:SP_4000,Ecole Récébédou,26
2345766,11:25:00,11:25:10,stop_point:SP_4916,Ctre Cial Portet - Entrée 5,27
2345766,11:26:00,11:26:10,stop_point:SP_2008,Palanques,28
2345766,11:27:00,11:27:10,stop_point:SP_741,Ctre Cial Portet - Entrée 1,29
2345766,11:28:00,11:28:10,stop_point:SP_311,Bd de l'Europe,30
2345766,11:29:00,11:29:10,stop_point:SP_2882,Stade,31
2345766,11:30:00,11:30:10,stop_point:SP_3831,Occitanie,32
2345766,11:31:00,11:31:10,stop_point:SP_1947,Commerce,33
2345766,11:32:00,11:32:10,stop_point:SP_1897,Bosquets,34
2345766,11:34:00,11:34:10,stop_point:SP_4522,Jean Jaurès,35
2345766,11:36:00,11:36:10,stop_point:SP_4521,Portet Gare SNCF,36
2345767,11:20:00,11:20:10,stop_point:SP_461,Empalot,1
2345767,11:22:00,11:22:10,stop_point:SP_5378,Passerelle A. Conti,2
2345767,11:22:00,11:22:10,stop_point:SP_3506,Daste,3
2345767,11:23:00,11:23:10,stop_point:SP_806,Stadium Est,4
2345767,11:24:00,11:24:10,stop_point:SP_1012,Stadium Ouest,5
2345767,11:25:00,11:25:10,stop_point:SP_3759,Croix de Pierre,6
2345767,11:26:00,11:26:10,stop_point:SP_3915,Roc,7
2345767,11:27:00,11:27:10,stop_point:SP_3822,Barrière de Muret,8
2345767,11:28:00,11:28:10,stop_point:SP_3148,Penent,9
2345767,11:30:00,11:30:10,stop_point:SP_519,Gallieni,10
2345767,11:31:00,11:31:10,stop_point:SP_1436,Langlade,11
2345767,11:32:00,11:32:10,stop_point:SP_3779,Rond-Point Langlade,12
2345767,11:33:00,11:33:10,stop_point:SP_3025,Gironis - Mémorial AZF,13
2345767,11:34:00,11:34:10,stop_point:SP_931,Marchant,14
2345767,11:35:00,11:35:10,stop_point:SP_2330,Hubert Curien,15
2345767,11:35:00,11:35:10,stop_point:SP_324,Maison Commune,16
2345767,11:36:00,11:36:10,stop_point:SP_2491,Oncopole Courrière,17
2345767,11:37:00,11:37:10,stop_point:SP_5097,Oncopole - Lise Enjalbert,18
2345767,11:37:00,11:37:10,stop_point:SP_3604,IUC,19
2345767,11:38:00,11:38:10,stop_point:SP_3185,Route d'Espagne,20
2345767,11:39:00,11:39:10,stop_point:SP_4907,Joulin,21
2345767,11:40:00,11:40:10,stop_point:SP_3258,Larrieu,22
2345767,11:42:00,11:42:10,stop_point:SP_265,Clairfont,23
2345767,11:43:00,11:43:10,stop_point:SP_1374,Frênes,24
2345767,11:44:00,11:44:10,stop_point:SP_2247,Claire Fontaine,25
2345767,11:44:00,11:44:10,stop_point:SP_4000,Ecole Récébédou,26
2345767,11:45:00,11:45:10,stop_point:SP_4916,Ctre Cial Portet - Entrée 5,27
2345767,11:46:00,11:46:10,stop_point:SP_2008,Palanques,28
2345767,11:47:00,11:47:10,stop_point:SP_741,Ctre Cial Portet - Entrée 1,29
2345767,11:48:00,11:48:10,stop_point:SP_311,Bd de l'Europe,30
2345767,11:49:00,11:49:10,stop_point:SP_2882,Stade,31
2345767,11:50:00,11:50:10,stop_point:SP_3831,Occitanie,32
2345767,11:51:00,11:51:10,stop_point:SP_1947,Commerce,33
2345767,11:52:00,11:52:10,stop_point:SP_1897,Bosquets,34
2345767,11:54:00,11:54:10,stop_point:SP_4522,Jean Jaurès,35
2345767,11:56:00,11:56:10,stop_point:SP_4521,Portet Gare SNCF,36
2345768,11:40:00,11:40:10,stop_point:SP_461,Empalot,1
2345768,11:42:00,11:42:10,stop_point:SP_5378,Passerelle A. Conti,2
2345768,11:42:00,11:42:10,stop_point:SP_3506,Daste,3
2345768,11:43:00,11:43:10,stop_point:SP_806,Stadium Est,4
2345768,11:44:00,11:44:10,stop_point:SP_1012,Stadium Ouest,5
2345768,11:45:00,11:45:10,stop_point:SP_3759,Croix de Pierre,6
2345768,11:46:00,11:46:10,stop_point:SP_3915,Roc,7
2345768,11:47:00,11:47:10,stop_point:SP_3822,Barrière de Muret,8
2345768,11:48:00,11:48:10,stop_point:SP_3148,Penent,9
2345768,11:50:00,11:50:10,stop_point:SP_519,Gallieni,10
2345768,11:51:00,11:51:10,stop_point:SP_1436,Langlade,11
2345768,11:52:00,11:52:10,stop_point:SP_3779,Rond-Point Langlade,12
2345768,11:53:00,11:53:10,stop_point:SP_3025,Gironis - Mémorial AZF,13
2345768,11:54:00,11:54:10,stop_point:SP_931,Marchant,14
2345768,11:55:00,11:55:10,stop_point:SP_2330,Hubert Curien,15
2345768,11:55:00,11:55:10,stop_point:SP_324,Maison Commune,16
2345768,11:56:00,11:56:10,stop_point:SP_2491,Oncopole Courrière,17
2345768,11:57:00,11:57:10,stop_point:SP_5097,Oncopole - Lise Enjalbert,18
2345768,11:57:00,11:57:10,stop_point:SP_3604,IUC,19
2345768,11:58:00,11:58:10,stop_point:SP_3185,Route d'Espagne,20
2345768,11:59:00,11:59:10,stop_point:SP_4907,Joulin,21
2345768,12:00:00,12:00:10,stop_point:SP_3258,Larrieu,22
2345768,12:02:00,12:02:10,stop_point:SP_265,Clairfont,23
2345768,12:03:00,12:03:10,stop_point:SP_1374,Frênes,24
2345768,12:04:00,12:04:10,stop_point:SP_2247,Claire Fontaine,25
2345768,12:04:00,12:04:10,stop_point:SP_4000,Ecole Récébédou,26
2345768,12:05:00,12:05:10,stop_point:SP_4916,Ctre Cial Portet - Entrée 5,27
2345768,12:06:00,12:06:10,stop_point:SP_2008,Palanques,28
2345768,12:07:00,12:07:10,stop_point:SP_741,Ctre Cial Portet - Entrée 1,29
2345768,12:08:00,12:08:10,stop_point:SP_311,Bd de l'Europe,30
2345768,12:09:00,12:09:10,stop_point:SP_2882,Stade,31
2345768,12:10:00,12:10:10,stop_point:SP_3831,Occitanie,32
2345768,12:11:00,12:11:10,stop_point:SP_1947,Commerce,33
2345768,12:12:00,12:12:10,stop_point:SP_1897,Bosquets,34
2345768,12:14:00,12:14:10,stop_point:SP_4522,Jean Jaurès,35
2345768,12:16:00,12:16:10,stop_point:SP_4521,Portet Gare SNCF,36
2345769,12:00:00,12:00:10,stop_point:SP_461,Empalot,1
2345769,12:02:00,12:02:10,stop_point:SP_5378,Passerelle A. Conti,2
2345769,12:02:00,12:02:10,stop_point:SP_3506,Daste,3
2345769,12:03:00,12:03:10,stop_point:SP_806,Stadium Est,4
2345769,12:04:00,12:04:10,stop_point:SP_1012,Stadium Ouest,5
2345769,12:05:00,12:05:10,stop_point:SP_3759,Croix de Pierre,6
2345769,12:06:00,12:06:10,stop_point:SP_3915,Roc,7
2345769,12:07:00,12:07:10,stop_point:SP_3822,Barrière de Muret,8
2345769,12:08:00,12:08:10,stop_point:SP_3148,Penent,9
2345769,12:10:00,12:10:10,stop_point:SP_519,Gallieni,10
2345769,12:11:00,12:11:10,stop_point:SP_1436,Langlade,11
2345769,12:12:00,12:12:10,stop_point:SP_3779,Rond-Point Langlade,12
2345769,12:13:00,12:13:10,stop_point:SP_3025,Gironis - Mémorial AZF,13
2345769,12:14:00,12:14:10,stop_point:SP_931,Marchant,14
2345769,12:15:00,12:15:10,stop_point:SP_2330,Hubert Curien,15
2345769,12:15:00,12:15:10,stop_point:SP_324,Maison Commune,16
2345769,12:16:00,12:16:10,stop_point:SP_2491,Oncopole Courrière,17
2345769,12:17:00,12:17:10,stop_point:SP_5097,Oncopole - Lise Enjalbert,18
2345769,12:17:00,12:17:10,stop_point:SP_3604,IUC,19
2345769,12:18:00,12:18:10,stop_point:SP_3185,Route d'Espagne,20
2345769,12:19:00,12:19:10,stop_point:SP_4907,Joulin,21
2345769,12:20:00,12:20:10,stop_point:SP_3258,Larrieu,22
2345769,12:22:00,12:22:10,stop_point:SP_265,Clairfont,23
2345769,12:23:00,12:23:10,stop_point:SP_1374,Frênes,24
2345769,12:24:00,12:24:10,stop_point:SP_2247,Claire Fontaine,25
2345769,12:24:00,12:24:10,stop_point:SP_4000,Ecole Récébédou,26
2345769,12:25:00,12:25:10,stop_point:SP_4916,Ctre Cial Portet - Entrée 5,27
2345769,12:26:00,12:26:10,stop_point:SP_2008,Palanques,28
2345769,12:27:00,12:27:10,stop_point:SP_741,Ctre Cial Portet - Entrée 1,29
2345769,12:28:00,12:28:10,stop_point:SP_311,Bd de l'Europe,30
2345769,12:29:00,12:29:10,stop_point:SP_2882,Stade,31
2345769,12:30:00,12:30:10,stop_point:SP_3831,Occitanie,32
2345769,12:31:00,12:31:10,stop_point:SP_1947,Commerce,33
2345769,12:32:00,12:32:10,stop_point:SP_1897,Bosquets,34
2345769,12:34:00,12:34:10,stop_point:SP_4522,Jean Jaurès,35
2345769,12:36:00,12:36:10,stop_point:SP_4521,Portet Gare SNCF,36
2345770,12:20:00,12:20:10,stop_point:SP_461,Empalot,1
2345770,12:22:00,12:22:10,stop_point:SP_5378,Passerelle A. Conti,2
2345770,12:22:00,12:22:10,stop_point:SP_3506,Daste,3
2345770,12:23:00,12:23:10,stop_point:SP_806,Stadium Est,4
2345770,12:24:00,12:24:10,stop_point:SP_1012,Stadium Ouest,5
2345770,12:25:00,12:25:10,stop_point:SP_3759,Croix de Pierre,6
2345770,12:26:00,12:26:10,stop_point:SP_3915,Roc,7
2345770,12:27:00,12:27:10,stop_point:SP_3822,Barrière de Muret,8
2345770,12:28:00,12:28:10,stop_point:SP_3148,Penent,9
2345770,12:30:00,12:30:10,stop_point:SP_519,Gallieni,10
2345770,12:31:00,12:31:10,stop_point:SP_1436,Langlade,11
2345770,12:32:00,12:32:10,stop_point:SP_3779,Rond-Point Langlade,12
2345770,12:33:00,12:33:10,stop_point:SP_3025,Gironis - Mémorial AZF,13
2345770,12:34:00,12:34:10,stop_point:SP_931,Marchant,14
2345770,12:35:00,12:35:10,stop_point:SP_2330,Hubert Curien,15
2345770,12:35:00,12:35:10,stop_point:SP_324,Maison Commune,16
2345770,12:36:00,12:36:10,stop_point:SP_2491,Oncopole Courrière,17
2345770,12:37:00,12:37:10,stop_point:SP_5097,Oncopole - Lise Enjalbert,18
2345770,12:37:00,12:37:10,stop_point:SP_3604,IUC,19
2345770,12:38:00,12:38:10,stop_point:SP_3185,Route d'Espagne,20
2345770,12:39:00,12:39:10,stop_point:SP_4907,Joulin,21
2345770,12:40:00,12:40:10,stop_point:SP_3258,Larrieu,22
2345770,12:42:00,12:42:10,stop_point:SP_265,Clairfont,23
2345770,12:43:00,12:43:10,stop_point:SP_1374,Frênes,24
2345770,12:44:00,12:44:10,stop_point:SP_2247,Claire Fontaine,25
2345770,12:44:00,12:44:10,stop_point:SP_4000,Ecole Récébédou,26
2345770,12:45:00,12:45:10,stop_point:SP_4916,Ctre Cial Portet - Entrée 5,27
2345770,12:46:00,12:46:10,stop_point:SP_2008,Palanques,28
2345770,12:47:00,12:47:10,stop_point:SP_741,Ctre Cial Portet - Entrée 1,29
2345770,12:48:00,12:48:10,stop_point:SP_311,Bd de l'Europe,30
2345770,12:49:00,12:49:10,stop_point:SP_2882,Stade,31
2345770,12:50:00,12:50:10,stop_point:SP_3831,Occitanie,32
2345770,12:51:00,12:51:10,stop_point:SP_1947,Commerce,33
2345770,12:52:00,12:52:10,stop_point:SP_1897,Bosquets,34
2345770,12:54:00,12:54:10,stop_point:SP_4522,Jean Jaurès,35
2345770,12:56:00,12:56:10,stop_point:SP_4521,Portet Gare SNCF,36
2345771,12:40:00,12:40:10,stop_point:SP_461,Empalot,1
2345771,12:42:00,12:42:10,stop_point:SP_5378,Passerelle A. Conti,2
2345771,12:42:00,12:42:10,stop_point:SP_3506,Daste,3
2345771,12:43:00,12:43:10,stop_point:SP_806,Stadium Est,4
2345771,12:44:00,12:44:10,stop_point:SP_1012,Stadium Ouest,5
2345771,12:45:00,12:45:10,stop_point:SP_3759,Croix de Pierre,6
2345771,12:46:00,12:46:10,stop_point:SP_3915,Roc,7
2345771,12:47:00,12:47:10,stop_point:SP_3822,Barrière de Muret,8
2345771,12:48:00,12:48:10,stop_point:SP_3148,Penent,9
2345771,12:50:00,12:50:10,stop_point:SP_519,Gallieni,10
2345771,12:51:00,12:51:10,stop_point:SP_1436,Langlade,11
2345771,12:52:00,12:52:10,stop_point:SP_3779,Rond-Point Langlade,12
2345771,12:53:00,12:53:10,stop_point:SP_3025,Gironis - Mémorial AZF,13
2345771,12:54:00,12:54:10,stop_point:SP_931,Marchant,14
2345771,12:55:00,12:55:10,stop_point:SP_2330,Hubert Curien,15
2345771,12:55:00,12:55:10,stop_point:SP_324,Maison Commune,16
2345771,12:56:00,12:56:10,stop_point:SP_2491,Oncopole Courrière,17
2345771,12:57:00,12:57:10,stop_point:SP_5097,Oncopole - Lise Enjalbert,18
2345771,12:57:00,12:57:10,stop_point:SP_3604,IUC,19
2345771,12:58:00,12:58:10,stop_point:SP_3185,Route d'Espagne,20
2345771,12:59:00,12:59:10,stop_point:SP_4907,Joulin,21
2345771,13:00:00,13:00:10,stop_point:SP_3258,Larrieu,22
2345771,13:02:00,13:02:10,stop_point:SP_265,Clairfont,23
2345771,13:03:00,13:03:10,stop_point:SP_1374,Frênes,24
2345771,13:04:00,13:04:10,stop_point:SP_2247,Claire Fontaine,25
2345771,13:04:00,13:04:10,stop_point:SP_4000,Ecole Récébédou,26
2345771,13:05:00,13:05:10,stop_point:SP_4916,Ctre Cial Portet - Entrée 5,27
2345771,13:06:00,13:06:10,stop_point:SP_2008,Palanques,28
2345771,13:07:00,13:07:10,stop_point:SP_741,Ctre Cial Portet - Entrée 1,29
2345771,13:08:00,13:08:10,stop_point:SP_311,Bd de l'Europe,30
2345771,13:09:00,13:09:10,stop_point:SP_2882,Stade,31
2345771,13:10:00,13:10:10,stop_point:SP_3831,Occitanie,32
2345771,13:11:00,13:11:10,stop_point:SP_1947,Commerce,33
2345771,13:12:00,13:12:10,stop_point:SP_1897,Bosquets,34
2345771,13:14:00,13:14:10,stop_point:SP_4522,Jean Jaurès,35
2345771,13:16:00,13:16:10,stop_point:SP_4521,Portet Gare SNCF,36
2345772,13:00:00,13:00:10,stop_point:SP_461,Empalot,1
2345772,13:02:00,13:02:10,stop_point:SP_5378,Passerelle A. Conti,2
2345772,13:02:00,13:02:10,stop_point:SP_3506,Daste,3
2345772,13:03:00,13:03:10,stop_point:SP_806,Stadium Est,4
2345772,13:04:00,13:04:10,stop_point:SP_1012,Stadium Ouest,5
2345772,13:05:00,13:05:10,stop_point:SP_3759,Croix de Pierre,6
2345772,13:06:00,13:06:10,stop_point:SP_3915,Roc,7
2345772,13:07:00,13:07:10,stop_point:SP_3822,Barrière de Muret,8
2345772,13:08:00,13:08:10,stop_point:SP_3148,Penent,9
2345772,13:10:00,13:10:10,stop_point:SP_519,Gallieni,10
2345772,13:11:00,13:11:10,stop_point:SP_1436,Langlade,11
2345772,13:12:00,13:12:10,stop_point:SP_3779,Rond-Point Langlade,12
2345772,13:13:00,13:13:10,stop_point:SP_3025,Gironis - Mémorial AZF,13
2345772,13:14:00,13:14:10,stop_point:SP_931,Marchant,14
2345772,13:15:00,13:15:10,stop_point:SP_2330,Hubert Curien,15
2345772,13:15:00,13:15:10,stop_point:SP_324,Maison Commune,16
2345772,13:16:00,13:16:10,stop_point:SP_2491,Oncopole Courrière,17
2345772,13:17:00,13:17:10,stop_point:SP_5097,Oncopole - Lise Enjalbert,18
2345772,13:17:00,13:17:10,stop_point:SP_3604,IUC,19
2345772,13:18:00,13:18:10,stop_point:SP_3185,Route d'Espagne,20
2345772,13:19:00,13:19:10,stop_point:SP_4907,Joulin,21
2345772,13:20:00,13:20:10,stop_point:SP_3258,Larrieu,22
2345772,13:22:00,13:22:10,stop_point:SP_265,Clairfont,23
2345772,13:23:00,13:23:10,stop_point:SP_1374,Frênes,24
2345772,13:24:00,13:24:10,stop_point:SP_2247,Claire Fontaine,25
2345772,13:24:00,13:24:10,stop_point:SP_4000,Ecole Récébédou,26
2345772,13:25:00,13:25:10,stop_point:SP_4916,Ctre Cial Portet - Entrée 5,27
2345772,13:26:00,13:26:10,stop_point:SP_2008,Palanques,28
2345772,13:27:00,13:27:10,stop_point:SP_741,Ctre Cial Portet - Entrée 1,29
2345772,13:28:00,13:28:10,stop_point:SP_311,Bd de l'Europe,30
2345772,13:29:00,13:29:10,stop_point:SP_2882,Stade,31
2345772,13:30:00,13:30:10,stop_point:SP_3831,Occitanie,32
2345772,13:31:00,13:31:10,stop_point:SP_1947,Commerce,33
2345772,13:32:00,13:32:10,stop_point:SP_1897,Bosquets,34
2345772,13:34:00,13:34:10,stop_point:SP_4522,Jean Jaurès,35
2345772,13:36:00,13:36:10,stop_point:SP_4521,Portet Gare SNCF,36
2345773,13:20:00,13:20:10,stop_point:SP_461,Empalot,1
2345773,13:22:00,13:22:10,stop_point:SP_5378,Passerelle A. Conti,2
2345773,13:22:00,13:22:10,stop_point:SP_3506,Daste,3
2345773,13:23:00,13:23:10,stop_point:SP_806,Stadium Est,4
2345773,13:24:00,13:24:10,stop_point:SP_1012,Stadium Ouest,5
2345773,13:25:00,13:25:10,stop_point:SP_3759,Croix de Pierre,6
2345773,13:26:00,13:26:10,stop_point:SP_3915,Roc,7
2345773,13:27:00,13:27:10,stop_point:SP_3822,Barrière de Muret,8
2345773,13:28:00,13:28:10,stop_point:SP_3148,Penent,9
2345773,13:30:00,13:30:10,stop_point:SP_519,Gallieni,10
2345773,13:31:00,13:31:10,stop_point:SP_1436,Langlade,11
2345773,13:32:00,13:32:10,stop_point:SP_3779,Rond-Point Langlade,12
2345773,13:33:00,13:33:10,stop_point:SP_3025,Gironis - Mémorial AZF,13
2345773,13:34:00,13:34:10,stop_point:SP_931,Marchant,14
2345773,13:35:00,13:35:10,stop_point:SP_2330,Hubert Curien,15
2345773,13:35:00,13:35:10,stop_point:SP_324,Maison Commune,16
2345773,13:36:00,13:36:10,stop_point:SP_2491,Oncopole Courrière,17
2345773,13:37:00,13:37:10,stop_point:SP_5097,Oncopole - Lise Enjalbert,18
2345773,13:37:00,13:37:10,stop_point:SP_3604,IUC,19
2345773,13:38:00,13:38:10,stop_point:SP_3185,Route d'Espagne,20
2345773,13:39:00,13:39:10,stop_point:SP_4907,Joulin,21
2345773,13:40:00,13:40:10,stop_point:SP_3258,Larrieu,22
2345773,13:42:00,13:42:10,stop_point:SP_265,Clairfont,23
2345773,13:43:00,13:43:10,stop_point:SP_1374,Frênes,24
2345773,13:44:00,13:44:10,stop_point:SP_2247,Claire Fontaine,25
2345773,13:44:00,13:44:10,stop_point:SP_4000,Ecole Récébédou,26
2345773,13:45:00,13:45:10,stop_point:SP_4916,Ctre Cial Portet - Entrée 5,27
2345773,13:46:00,13:46:10,stop_point:SP_2008,Palanques,28
2345773,13:47:00,13:47:10,stop_point:SP_741,Ctre Cial Portet - Entrée 1,29
2345773,13:48:00,13:48:10,stop_point:SP_311,Bd de l'Europe,30
2345773,13:49:00,13:49:10,stop_point:SP_2882,Stade,31
2345773,13:50:00,13:50:10,stop_point:SP_3831,Occitanie,32
2345773,13:51:00,13:51:10,stop_point:SP_1947,Commerce,33
2345773,13:52:00,13:52:10,stop_point:SP_1897,Bosquets,34
2345773,13:54:00,13:54:10,stop_point:SP_4522,Jean Jaurès,35
2345773,13:56:00,13:56:10,stop_point:SP_4521,Portet Gare SNCF,36
2345774,13:40:00,13:40:10,stop_point:SP_461,Empalot,1
2345774,13:42:00,13:42:10,stop_point:SP_5378,Passerelle A. Conti,2
2345774,13:42:00,13:42:10,stop_point:SP_3506,Daste,3
2345774,13:43:00,13:43:10,stop_point:SP_806,Stadium Est,4
2345774,13:44:00,13:44:10,stop_point:SP_1012,Stadium Ouest,5
2345774,13:45:00,13:45:10,stop_point:SP_3759,Croix de Pierre,6
2345774,13:46:00,13:46:10,stop_point:SP_3915,Roc,7
2345774,13:47:00,13:47:10,stop_point:SP_3822,Barrière de Muret,8
2345774,13:48:00,13:48:10,stop_point:SP_3148,Penent,9
2345774,13:50:00,13:50:10,stop_point:SP_519,Gallieni,10
2345774,13:51:00,13:51:10,stop_point:SP_1436,Langlade,11
2345774,13:52:00,13:52:10,stop_point:SP_3779,Rond-Point Langlade,12
2345774,13:53:00,13:53:10,stop_point:SP_3025,Gironis - Mémorial AZF,13
2345774,13:54:00,13:54:10,stop_point:SP_931,Marchant,14
2345774,13:55:00,13:55:10,stop_point:SP_2330,Hubert Curien,15
2345774,13:55:00,13:55:10,stop_point:SP_324,Maison Commune,16
2345774,13:56:00,13:56:10,stop_point:SP_2491,Oncopole Courrière,17
2345774,13:57:00,13:57:10,stop_point:SP_5097,Oncopole - Lise Enjalbert,18
2345774,13:57:00,13:57:10,stop_point:SP_3604,IUC,19
2345774,13:58:00,13:58:10,stop_point:SP_3185,Route d'Espagne,20
2345774,13:59:00,13:59:10,stop_point:SP_4907,Joulin,21
2345774,14:00:00,14:00:10,stop_point:SP_3258,Larrieu,22
2345774,14:02:00,14:02:10,stop_point:SP_265,Clairfont,23
2345774,14:03:00,14:03:10,stop_point:SP_1374,Frênes,24
2345774,14:04:00,14:04:10,stop_point:SP_2247,Claire Fontaine,25
2345774,14:04:00,14:04:10,stop_point:SP_4000,Ecole Récébédou,26
2345774,14:05:00,14:05:10,stop_point:SP_4916,Ctre Cial Portet - Entrée 5,27
2345774,14:06:00,14:06:10,stop_point:SP_2008,Palanques,28
2345774,14:07:00,14:07:10,stop_point:SP_741,Ctre Cial Portet - Entrée 1,29
2345774,14:08:00,14:08:10,stop_point:SP_311,Bd de l'Europe,30
2345774,14:09:00,14:09:10,stop_point:SP_2882,Stade,31
2345774,14:10:00,14:10:10,stop_point:SP_3831,Occitanie,32
2345774,14:11:00,14:11:10,stop_point:SP_1947,Commerce,33
2345774,14:12:00,14:12:10,stop_point:SP_1897,Bosquets,34
2345774,14:14:00,14:14:10,stop_point:SP_4522,Jean Jaurès,35
2345774,14:16:00,14:16:10,stop_point:SP_4521,Portet Gare SNCF,36
2345775,14:00:00,14:00:10,stop_point:SP_461,Empalot,1
2345775,14:02:00,14:02:10,stop_point:SP_5378,Passerelle A. Conti,2
2345775,14:02:00,14:02:10,stop_point:SP_3506,Daste,3
2345775,14:03:00,14:03:10,stop_point:SP_806,Stadium Est,4
2345775,14:04:00,14:04:10,stop_point:SP_1012,Stadium Ouest,5
2345775,14:05:00,14:05:10,stop_point:SP_3759,Croix de Pierre,6
2345775,14:06:00,14:06:10,stop_point:SP_3915,Roc,7
2345775,14:07:00,14:07:10,stop_point:SP_3822,Barrière de Muret,8
2345775,14:08:00,14:08:10,stop_point:SP_3148,Penent,9
2345775,14:10:00,14:10:10,stop_point:SP_519,Gallieni,10
2345775,14:11:00,14:11:10,stop_point:SP_1436,Langlade,11
2345775,14:12:00,14:12:10,stop_point:SP_3779,Rond-Point Langlade,12
2345775,14:13:00,14:13:10,stop_point:SP_3025,Gironis - Mémorial AZF,13
2345775,14:14:00,14:14:10,stop_point:SP_931,Marchant,14
2345775,14:15:00,14:15:10,stop_point:SP_2330,Hubert Curien,15
2345775,14:15:00,14:15:10,stop_point:SP_324,Maison Commune,16
2345775,14:16:00,14:16:10,stop_point:SP_2491,Oncopole Courrière,17
2345775,14:17:00,14:17:10,stop_point:SP_5097,Oncopole - Lise Enjalbert,18
2345775,14:17:00,14:17:10,stop_point:SP_3604,IUC,19
2345775,14:18:00,14:18:10,stop_point:SP_3185,Route d'Espagne,20
2345775,14:19:00,14:19:10,stop_point:SP_4907,Joulin,21
2345775,14:20:00,14:20:10,stop_point:SP_3258,Larrieu,22
2345775,14:22:00,14:22:10,stop_point:SP_265,Clairfont,23
2345775,14:23:00,14:23:10,stop_point:SP_1374,Frênes,24
2345775,14:24:00,14:24:10,stop_point:SP_2247,Claire Fontaine,25
2345775,14:24:00,14:24:10,stop_point:SP_4000,Ecole Récébédou,26
2345775,14:25:00,14:25:10,stop_point:SP_4916,Ctre Cial Portet - Entrée 5,27
2345775,14:26:00,14:26:10,stop_point:SP_2008,Palanques,28
2345775,14:27:00,14:27:10,stop_point:SP_741,Ctre Cial Portet - Entrée 1,29
2345775,14:28:00,14:28:10,stop_point:SP_311,Bd de l'Europe,30
2345775,14:29:00,14:29:10,stop_point:SP_2882,Stade,31
2345775,14:30:00,14:30:10,stop_point:SP_3831,Occitanie,32
2345775,14:31:00,14:31:10,stop_point:SP_1947,Commerce,33
2345775,14:32:00,14:32:10,stop_point:SP_1897,Bosquets,34
2345775,14:34:00,14:34:10,stop_point:SP_4522,Jean Jaurès,35
2345775,14:36:00,14:36:10,stop_point:SP_4521,Portet Gare SNCF,36
2345776,14:20:00,14:20:10,stop_point:SP_461,Empalot,1
2345776,14:22:00,14:22:10,stop_point:SP_5378,Passerelle A. Conti,2
2345776,14:22:00,14:22:10,stop_point:SP_3506,Daste,3
2345776,14:23:00,14:23:10,stop_point:SP_806,Stadium Est,4
2345776,14:24:00,14:24:10,stop_point:SP_1012,Stadium Ouest,5
2345776,14:25:00,14:25:10,stop_point:SP_3759,Croix de Pierre,6
2345776,14:26:00,14:26:10,stop_point:SP_3915,Roc,7
2345776,14:27:00,14:27:10,stop_point:SP_3822,Barrière de Muret,8
2345776,14:28:00,14:28:10,stop_point:SP_3148,Penent,9
2345776,14:30:00,14:30:10,stop_point:SP_519,Gallieni,10
2345776,14:31:00,14:31:10,stop_point:SP_1436,Langlade,11
2345776,14:32:00,14:32:10,stop_point:SP_3779,Rond-Point Langlade,12
2345776,14:33:00,14:33:10,stop_point:SP_3025,Gironis - Mémorial AZF,13
2345776,14:34:00,14:34:10,stop_point:SP_931,Marchant,14
2345776,14:35:00,14:35:10,stop_point:SP_2330,Hubert Curien,15
2345776,14:35:00,14:35:10,stop_point:SP_324,Maison Commune,16
2345776,14:36:00,14:36:10,stop_point:SP_2491,Oncopole Courrière,17
2345776,14:37:00,14:37:10,stop_point:SP_5097,Oncopole - Lise Enjalbert,18
2345776,14:37:00,14:37:10,stop_point:SP_3604,IUC,19
2345776,14:38:00,14:38:10,stop_point:SP_3185,Route d'Espagne,20
2345776,14:39:00,14:39:10,stop_point:SP_4907,Joulin,21
2345776,14:40:00,14:40:10,stop_point:SP_3258,Larrieu,22
2345776,14:42:00,14:42:10,stop_point:SP_265,Clairfont,23
2345776,14:43:00,14:43:10,stop_point:SP_1374,Frênes,24
2345776,14:44:00,14:44:10,stop_point:SP_2247,Claire Fontaine,25
2345776,14:44:00,14:44:10,stop_point:SP_4000,Ecole Récébédou,26
2345776,14:45:00,14:45:10,stop_point:SP_4916,Ctre Cial Portet - Entrée 5,27
2345776,14:46:00,14:46:10,stop_point:SP_2008,Palanques,28
2345776,14:47:00,14:47:10,stop_point:SP_741,Ctre Cial Portet - Entrée 1,29
2345776,14:48:00,14:48:10,stop_point:SP_311,Bd de l'Europe,30
2345776,14:49:00,14:49:10,stop_point:SP_2882,Stade,31
2345776,14:50:00,14:50:10,stop_point:SP_3831,Occitanie,32
2345776,14:51:00,14:51:10,stop_point:SP_1947,Commerce,33
2345776,14:52:00,14:52:10,stop_point:SP_1897,Bosquets,34
2345776,14:54:00,14:54:10,stop_point:SP_4522,Jean Jaurès,35
2345776,14:56:00,14:56:10,stop_point:SP_4521,Portet Gare SNCF,36
2345777,14:40:00,14:40:10,stop_point:SP_461,Empalot,1
2345777,14:42:00,14:42:10,stop_point:SP_5378,Passerelle A. Conti,2
2345777,14:42:00,14:42:10,stop_point:SP_3506,Daste,3
2345777,14:43:00,14:43:10,stop_point:SP_806,Stadium Est,4
2345777,14:44:00,14:44:10,stop_point:SP_1012,Stadium Ouest,5
2345777,14:45:00,14:45:10,stop_point:SP_3759,Croix de Pierre,6
2345777,14:46:00,14:46:10,stop_point:SP_3915,Roc,7
2345777,14:47:00,14:47:10,stop_point:SP_3822,Barrière de Muret,8
2345777,14:48:00,14:48:10,stop_point:SP_3148,Penent,9
2345777,14:50:00,14:50:10,stop_point:SP_519,Gallieni,10
2345777,14:51:00,14:51:10,stop_point:SP_1436,Langlade,11
2345777,14:52:00,14:52:10,stop_point:SP_3779,Rond-Point Langlade,12
2345777,14:53:00,14:53:10,stop_point:SP_3025,Gironis - Mémorial AZF,13
2345777,14:54:00,14:54:10,stop_point:SP_931,Marchant,14
2345777,14:55:00,14:55:10,stop_point:SP_2330,Hubert Curien,15
2345777,14:55:00,14:55:10,stop_point:SP_324,Maison Commune,16
2345777,14:56:00,14:56:10,stop_point:SP_2491,Oncopole Courrière,17
2345777,14:57:00,14:57:10,stop_point:SP_5097,Oncopole - Lise Enjalbert,18
2345777,14:57:00,14:57:10,stop_point:SP_3604,IUC,19
2345777,14:58:00,14:58:10,stop_point:SP_3185,Route d'Espagne,20
2345777,14:59:00,14:59:10,stop_point:SP_4907,Joulin,21
2345777,15:00:00,15:00:10,stop_point:SP_3258,Larrieu,22
2345777,15:02:00,15:02:10,stop_point:SP_265,Clairfont,23
2345777,15:03:00,15:03:10,stop_point:SP_1374,Frênes,24
2345777,15:04:00,15:04:10,stop_point:SP_2247,Claire Fontaine,25
2345777,15:04:00,15:04:10,stop_point:SP_4000,Ecole Récébédou,26
2345777,15:05:00,15:05:10,stop_point:SP_4916,Ctre Cial Portet - Entrée 5,27
2345777,15:06:00,15:06:10,stop_point:SP_2008,Palanques,28
2345777,15:07:00,15:07:10,stop_point:SP_741,Ctre Cial Portet - Entrée 1,29
2345777,15:08:00,15:08:10,stop_point:SP_311,Bd de l'Europe,30
2345777,15:09:00,15:09:10,stop_point:SP_2882,Stade,31
2345777,15:10:00,15:10:10,stop_point:SP_3831,Occitanie,32
2345777,15:11:00,15:11:10,stop_point:SP_1947,Commerce,33
2345777,15:12:00,15:12:10,stop_point:SP_1897,Bosquets,34
2345777,15:14:00,15:14:10,stop_point:SP_4522,Jean Jaurès,35
2345777,15:16:00,15:16:10,stop_point:SP_4521,Portet Gare SNCF,36
2345778,15:00:00,15:00:10,stop_point:SP_461,Empalot,1
2345778,15:02:00,15:02:10,stop_point:SP_5378,Passerelle A. Conti,2
2345778,15:02:00,15:02:10,stop_point:SP_3506,Daste,3
2345778,15:03:00,15:03:10,stop_point:SP_806,Stadium Est,4
2345778,15:04:00,15:04:10,stop_point:SP_1012,Stadium Ouest,5
2345778,15:05:00,15:05:10,stop_point:SP_3759,Croix de Pierre,6
2345778,15:06:00,15:06:10,stop_point:SP_3915,Roc,7
2345778,15:07:00,15:07:10,stop_point:SP_3822,Barrière de Muret,8
2345778,15:08:00,15:08:10,stop_point:SP_3148,Penent,9
2345778,15:10:00,15:10:10,stop_point:SP_519,Gallieni,10
2345778,15:11:00,15:11:10,stop_point:SP_1436,Langlade,11
2345778,15:12:00,15:12:10,stop_point:SP_3779,Rond-Point Langlade,12
2345778,15:13:00,15:13:10,stop_point:SP_3025,Gironis - Mémorial AZF,13
2345778,15:14:00,15:14:10,stop_point:SP_931,Marchant,14
2345778,15:15:00,15:15:10,stop_point:SP_2330,Hubert Curien,15
2345778,15:15:00,15:15:10,stop_point:SP_324,Maison Commune,16
2345778,15:16:00,15:16:10,stop_point:SP_2491,Oncopole Courrière,17
2345778,15:17:00,15:17:10,stop_point:SP_5097,Oncopole - Lise Enjalbert,18
2345778,15:17:00,15:17:10,stop_point:SP_3604,IUC,19
2345778,15:18:00,15:18:10,stop_point:SP_3185,Route d'Espagne,20
2345778,15:19:00,15:19:10,stop_point:SP_4907,Joulin,21
2345778,15:20:00,15:20:10,stop_point:SP_3258,Larrieu,22
2345778,15:22:00,15:22:10,stop_point:SP_265,Clairfont,23
2345778,15:23:00,15:23:10,stop_point:SP_1374,Frênes,24
2345778,15:24:00,15:24:10,stop_point:SP_2247,Claire Fontaine,25
2345778,15:24:00,15:24:10,stop_point:SP_4000,Ecole Récébédou,26
2345778,15:25:00,15:25:10,stop_point:SP_4916,Ctre Cial Portet - Entrée 5,27
2345778,15:26:00,15:26:10,stop_point:SP_2008,Palanques,28
2345778,15:27:00,15:27:10,stop_point:SP_741,Ctre Cial Portet - Entrée 1,29
2345778,15:28:00,15:28:10,stop_point:SP_311,Bd de l'Europe,30
2345778,15:29:00,15:29:10,stop_point:SP_2882,Stade,31
2345778,15:30:00,15:30:10,stop_point:SP_3831,Occitanie,32
2345778,15:31:00,15:31:10,stop_point:SP_1947,Commerce,33
2345778,15:32:00,15:32:10,stop_point:SP_1897,Bosquets,34
2345778,15:34:00,15:34:10,stop_point:SP_4522,Jean Jaurès,35
2345778,15:36:00,15:36:10,stop_point:SP_4521,Portet Gare SNCF,36
2345779,15:20:00,15:20:10,stop_point:SP_461,Empalot,1
2345779,15:22:00,15:22:10,stop_point:SP_5378,Passerelle A. Conti,2
2345779,15:22:00,15:22:10,stop_point:SP_3506,Daste,3
2345779,15:23:00,15:23:10,stop_point:SP_806,Stadium Est,4
2345779,15:24:00,15:24:10,stop_point:SP_1012,Stadium Ouest,5
2345779,15:25:00,15:25:10,stop_point:SP_3759,Croix de Pierre,6
2345779,15:26:00,15:26:10,stop_point:SP_3915,Roc,7
2345779,15:27:00,15:27:10,stop_point:SP_3822,Barrière de Muret,8
2345779,15:28:00,15:28:10,stop_point:SP_3148,Penent,9
2345779,15:30:00,15:30:10,stop_point:SP_519,Gallieni,10
2345779,15:31:00,15:31:10,stop_point:SP_1436,Langlade,11
2345779,15:32:00,15:32:10,stop_point:SP_3779,Rond-Point Langlade,12
2345779,15:33:00,15:33:10,stop_point:SP_3025,Gironis - Mémorial AZF,13
2345779,15:34:00,15:34:10,stop_point:SP_931,Marchant,14
2345779,15:35:00,15:35:10,stop_point:SP_2330,Hubert Curien,15
2345779,15:35:00,15:35:10,stop_point:SP_324,Maison Commune,16
2345779,15:36:00,15:36:10,stop_point:SP_2491,Oncopole Courrière,17
2345779,15:37:00,15:37:10,stop_point:SP_5097,Oncopole - Lise Enjalbert,18
2345779,15:37:00,15:37:10,stop_point:SP_3604,IUC,19
2345779,15:38:00,15:38:10,stop_point:SP_3185,Route d'Espagne,20
2345779,15:39:00,15:39:10,stop_point:SP_4907,Joulin,21
2345779,15:40:00,15:40:10,stop_point:SP_3258,Larrieu,22
2345779,15:42:00,15:42:10,stop_point:SP_265,Clairfont,23
2345779,15:43:00,15:43:10,stop_point:SP_1374,Frênes,24
2345779,15:44:00,15:44:10,stop_point:SP_2247,Claire Fontaine,25
2345779,15:44:00,15:44:10,stop_point:SP_4000,Ecole Récébédou,26
2345779,15:45:00,15:45:10,stop_point:SP_4916,Ctre Cial Portet - Entrée 5,27
2345779,15:46:00,15:46:10,stop_point:SP_2008,Palanques,28
2345779,15:47:00,15:47:10,stop_point:SP_741,Ctre Cial Portet - Entrée 1,29
2345779,15:48:00,15:48:10,stop_point:SP_311,Bd de l'Europe,30
2345779,15:49:00,15:49:10,stop_point:SP_2882,Stade,31
2345779,15:50:00,15:50:10,stop_point:SP_3831,Occitanie,32
2345779,15:51:00,15:51:10,stop_point:SP_1947,Commerce,33
2345779,15:52:00,15:52:10,stop_point:SP_1897,Bosquets,34
2345779,15:54:00,15:54:10,stop_point:SP_4522,Jean Jaurès,35
2345779,15:56:00,15:56:10,stop_point:SP_4521,Portet Gare SNCF,36
2345780,15:40:00,15:40:10,stop_point:SP_461,Empalot,1
2345780,15:42:00,15:42:10,stop_point:SP_5378,Passerelle A. Conti,2
2345780,15:42:00,15:42:10,stop_point:SP_3506,Daste,3
2345780,15:43:00,15:43:10,stop_point:SP_806,Stadium Est,4
2345780,15:44:00,15:44:10,stop_point:SP_1012,Stadium Ouest,5
2345780,15:45:00,15:45:10,stop_point:SP_3759,Croix de Pierre,6
2345780,15:46:00,15:46:10,stop_point:SP_3915,Roc,7
2345780,15:47:00,15:47:10,stop_point:SP_3822,Barrière de Muret,8
2345780,15:48:00,15:48:10,stop_point:SP_3148,Penent,9
2345780,15:50:00,15:50:10,stop_point:SP_519,Gallieni,10
2345780,15:51:00,15:51:10,stop_point:SP_1436,Langlade,11
2345780,15:52:00,15:52:10,stop_point:SP_3779,Rond-Point Langlade,12
2345780,15:53:00,15:53:10,stop_point:SP_3025,Gironis - Mémorial AZF,13
2345780,15:54:00,15:54:10,stop_point:SP_931,Marchant,14
2345780,15:55:00,15:55:10,stop_point:SP_2330,Hubert Curien,15
2345780,15:55:00,15:55:10,stop_point:SP_324,Maison Commune,16
2345780,15:56:00,15:56:10,stop_point:SP_2491,Oncopole Courrière,17
2345780,15:57:00,15:57:10,stop_point:SP_5097,Oncopole - Lise Enjalbert,18
2345780,15:57:00,15:57:10,stop_point:SP_3604,IUC,19
2345780,15:58:00,15:58:10,stop_point:SP_3185,Route d'Espagne,20
2345780,15:59:00,15:59:10,stop_point:SP_4907,Joulin,21
2345780,16:00:00,16:00:10,stop_point:SP_3258,Larrieu,22
2345780,16:02:00,16:02:10,stop_point:SP_265,Clairfont,23
2345780,16:03:00,16:03:10,stop_point:SP_1374,Frênes,24
2345780,16:04:00,16:04:10,stop_point:SP_2247,Claire Fontaine,25
2345780,16:04:00,16:04:10,stop_point:SP_4000,Ecole Récébédou,26
2345780,16:05:00,16:05:10,stop_point:SP_4916,Ctre Cial Portet - Entrée 5,27
2345780,16:06:00,16:06:10,stop_point:SP_2008,Palanques,28
2345780,16:07:00,16:07:10,stop_point:SP_741,Ctre Cial Portet - Entrée 1,29
2345780,16:08:00,16:08:10,stop_point:SP_311,Bd de l'Europe,30
2345780,16:09:00,16:09:10,stop_point:SP_2882,Stade,31
2345780,16:10:00,16:10:10,stop_point:SP_3831,Occitanie,32
2345780,16:11:00,16:11:10,stop_point:SP_1947,Commerce,33
2345780,16:12:00,16:12:10,stop_point:SP_1897,Bosquets,34
2345780,16:14:00,16:14:10,stop_point:SP_4522,Jean Jaurès,35
2345780,16:16:00,16:16:10,stop_point:SP_4521,Portet Gare SNCF,36
2345781,16:00:00,16:00:10,stop_point:SP_461,Empalot,1
2345781,16:02:00,16:02:10,stop_point:SP_5378,Passerelle A. Conti,2
2345781,16:02:00,16:02:10,stop_point:SP_3506,Daste,3
2345781,16:03:00,16:03:10,stop_point:SP_806,Stadium Est,4
2345781,16:04:00,16:04:10,stop_point:SP_1012,Stadium Ouest,5
2345781,16:05:00,16:05:10,stop_point:SP_3759,Croix de Pierre,6
2345781,16:06:00,16:06:10,stop_point:SP_3915,Roc,7
2345781,16:07:00,16:07:10,stop_point:SP_3822,Barrière de Muret,8
2345781,16:08:00,16:08:10,stop_point:SP_3148,Penent,9
2345781,16:10:00,16:10:10,stop_point:SP_519,Gallieni,10
2345781,16:11:00,16:11:10,stop_point:SP_1436,Langlade,11
2345781,16:12:00,16:12:10,stop_point:SP_3779,Rond-Point Langlade,12
2345781,16:13:00,16:13:10,stop_point:SP_3025,Gironis - Mémorial AZF,13
2345781,16:14:00,16:14:10,stop_point:SP_931,Marchant,14
2345781,16:15:00,16:15:10,stop_point:SP_2330,Hubert Curien,15
2345781,16:15:00,16:15:10,stop_point:SP_324,Maison Commune,16
2345781,16:16:00,16:16:10,stop_point:SP_2491,Oncopole Courrière,17
2345781,16:17:00,16:17:10,stop_point:SP_5097,Oncopole - Lise Enjalbert,18
2345781,16:17:00,16:17:10,stop_point:SP_3604,IUC,19
2345781,16:18:00,16:18:10,stop_point:SP_3185,Route d'Espagne,20
2345781,16:19:00,16:19:10,stop_point:SP_4907,Joulin,21
2345781,16:20:00,16:20:10,stop_point:SP_3258,Larrieu,22
2345781,16:22:00,16:22:10,stop_point:SP_265,Clairfont,23
2345781,16:23:00,16:23:10,stop_point:SP_1374,Frênes,24
2345781,16:24:00,16:24:10,stop_point:SP_2247,Claire Fontaine,25
2345781,16:24:00,16:24:10,stop_point:SP_4000,Ecole Récébédou,26
2345781,16:25:00,16:25:10,stop_point:SP_4916,Ctre Cial Portet - Entrée 5,27
2345781,16:26:00,16:26:10,stop_point:SP_2008,Palanques,28
2345781,16:27:00,16:27:10,stop_point:SP_741,Ctre Cial Portet - Entrée 1,29
2345781,16:28:00,16:28:10,stop_point:SP_311,Bd de l'Europe,30
2345781,16:29:00,16:29:10,stop_point:SP_2882,Stade,31
2345781,16:30:00,16:30:10,stop_point:SP_3831,Occitanie,32
2345781,16:31:00,16:31:10,stop_point:SP_1947,Commerce,33
2345781,16:32:00,16:32:10,stop_point:SP_1897,Bosquets,34
2345781,16:34:00,16:34:10,stop_point:SP_4522,Jean Jaurès,35
2345781,16:36:00,16:36:10,stop_point:SP_4521,Portet Gare SNCF,36
2345782,16:20:00,16:20:10,stop_point:SP_461,Empalot,1
2345782,16:22:00,16:22:10,stop_point:SP_5378,Passerelle A. Conti,2
2345782,16:22:00,16:22:10,stop_point:SP_3506,Daste,3
2345782,16:23:00,16:23:10,stop_point:SP_806,Stadium Est,4
2345782,16:24:00,16:24:10,stop_point:SP_1012,Stadium Ouest,5
2345782,16:25:00,16:25:10,stop_point:SP_3759,Croix de Pierre,6
2345782,16:26:00,16:26:10,stop_point:SP_3915,Roc,7
2345782,16:27:00,16:27:10,stop_point:SP_3822,Barrière de Muret,8
2345782,16:28:00,16:28:10,stop_point:SP_3148,Penent,9
2345782,16:30:00,16:30:10,stop_point:SP_519,Gallieni,10
2345782,16:31:00,16:31:10,stop_point:SP_1436,Langlade,11
2345782,16:32:00,16:32:10,stop_point:SP_3779,Rond-Point Langlade,12
2345782,16:33:00,16:33:10,stop_point:SP_3025,Gironis - Mémorial AZF,13
2345782,16:34:00,16:34:10,stop_point:SP_931,Marchant,14
2345782,16:35:00,16:35:10,stop_point:SP_2330,Hubert Curien,15
2345782,16:35:00,16:35:10,stop_point:SP_324,Maison Commune,16
2345782,16:36:00,16:36:10,stop_point:SP_2491,Oncopole Courrière,17
2345782,16:37:00,16:37:10,stop_point:SP_5097,Oncopole - Lise Enjalbert,18
2345782,16:37:00,16:37:10,stop_point:SP_3604,IUC,19
2345782,16:38:00,16:38:10,stop_point:SP_3185,Route d'Espagne,20
2345782,16:39:00,16:39:10,stop_point:SP_4907,Joulin,21
2345782,16:40:00,16:40:10,stop_point:SP_3258,Larrieu,22
2345782,16:42:00,16:42:10,stop_point:SP_265,Clairfont,23
2345782,16:43:00,16:43:10,stop_point:SP_1374,Frênes,24
2345782,16:44:00,16:44:10,stop_point:SP_2247,Claire Fontaine,25
2345782,16:44:00,16:44:10,stop_point:SP_4000,Ecole Récébédou,26
2345782,16:45:00,16:45:10,stop_point:SP_4916,Ctre Cial Portet - Entrée 5,27
2345782,16:46:00,16:46:10,stop_point:SP_2008,Palanques,28
2345782,16:47:00,16:47:10,stop_point:SP_741,Ctre Cial Portet - Entrée 1,29
2345782,16:48:00,16:48:10,stop_point:SP_311,Bd de l'Europe,30
2345782,16:49:00,16:49:10,stop_point:SP_2882,Stade,31
2345782,16:50:00,16:50:10,stop_point:SP_3831,Occitanie,32
2345782,16:51:00,16:51:10,stop_point:SP_1947,Commerce,33
2345782,16:52:00,16:52:10,stop_point:SP_1897,Bosquets,34
2345782,16:54:00,16:54:10,stop_point:SP_4522,Jean Jaurès,35
2345782,16:56:00,16:56:10,stop_point:SP_4521,Portet Gare SNCF,36
2345783,16:40:00,16:40:10,stop_point:SP_461,Empalot,1
2345783,16:42:00,16:42:10,stop_point:SP_5378,Passerelle A. Conti,2
2345783,16:42:00,16:42:10,stop_point:SP_3506,Daste,3
2345783,16:43:00,16:43:10,stop_point:SP_806,Stadium Est,4
2345783,16:44:00,16:44:10,stop_point:SP_1012,Stadium Ouest,5
2345783,16:45:00,16:45:10,stop_point:SP_3759,Croix de Pierre,6
2345783,16:46:00,16:46:10,stop_point:SP_3915,Roc,7
2345783,16:47:00,16:47:10,stop_point:SP_3822,Barrière de Muret,8
2345783,16:48:00,16:48:10,stop_point:SP_3148,Penent,9
2345783,16:50:00,16:50:10,stop_point:SP_519,Gallieni,10
2345783,16:51:00,16:51:10,stop_point:SP_1436,Langlade,11
2345783,16:52:00,16:52:10,stop_point:SP_3779,Rond-Point Langlade,12
2345783,16:53:00,16:53:10,stop_point:SP_3025,Gironis - Mémorial AZF,13
2345783,16:54:00,16:54:10,stop_point:SP_931,Marchant,14
2345783,16:55:00,16:55:10,stop_point:SP_2330,Hubert Curien,15
2345783,16:55:00,16:55:10,stop_point:SP_324,Maison Commune,16
2345783,16:56:00,16:56:10,stop_point:SP_2491,Oncopole Courrière,17
2345783,16:57:00,16:57:10,stop_point:SP_5097,Oncopole - Lise Enjalbert,18
2345783,16:57:00,16:57:10,stop_point:SP_3604,IUC,19
2345783,16:58:00,16:58:10,stop_point:SP_3185,Route d'Espagne,20
2345783,16:59:00,16:59:10,stop_point:SP_4907,Joulin,21
2345783,17:00:00,17:00:10,stop_point:SP_3258,Larrieu,22
2345783,17:02:00,17:02:10,stop_point:SP_265,Clairfont,23
2345783,17:03:00,17:03:10,stop_point:SP_1374,Frênes,24
2345783,17:04:00,17:04:10,stop_point:SP_2247,Claire Fontaine,25
2345783,17:04:00,17:04:10,stop_point:SP_4000,Ecole Récébédou,26
2345783,17:05:00,17:05:10,stop_point:SP_4916,Ctre Cial Portet - Entrée 5,27
2345783,17:06:00,17:06:10,stop_point:SP_2008,Palanques,28
2345783,17:07:00,17:07:10,stop_point:SP_741,Ctre Cial Portet - Entrée 1,29
2345783,17:08:00,17:08:10,stop_point:SP_311,Bd de l'Europe,30
2345783,17:09:00,17:09:10,stop_point:SP_2882,Stade,31
2345783,17:10:00,17:10:10,stop_point:SP_3831,Occitanie,32
2345783,17:11:00,17:11:10,stop_point:SP_1947,Commerce,33
2345783,17:12:00,17:12:10,stop_point:SP_1897,Bosquets,34
2345783,17:14:00,17:14:10,stop_point:SP_4522,Jean Jaurès,35
2345783,17:16:00,17:16:10,stop_point:SP_4521,Portet Gare SNCF,36
2345784,17:00:00,17:00:10,stop_point:SP_461,Empalot,1
2345784,17:02:00,17:02:10,stop_point:SP_5378,Passerelle A. Conti,2
2345784,17:02:00,17:02:10,stop_point:SP_3506,Daste,3
2345784,17:03:00,17:03:10,stop_point:SP_806,Stadium Est,4
2345784,17:04:00,17:04:10,stop_point:SP_1012,Stadium Ouest,5
2345784,17:05:00,17:05:10,stop_point:SP_3759,Croix de Pierre,6
2345784,17:06:00,17:06:10,stop_point:SP_3915,Roc,7
2345784,17:07:00,17:07:10,stop_point:SP_3822,Barrière de Muret,8
2345784,17:08:00,17:08:10,stop_point:SP_3148,Penent,9
2345784,17:10:00,17:10:10,stop_point:SP_519,Gallieni,10
2345784,17:11:00,17:11:10,stop_point:SP_1436,Langlade,11
2345784,17:12:00,17:12:10,stop_point:SP_3779,Rond-Point Langlade,12
2345784,17:13:00,17:13:10,stop_point:SP_3025,Gironis - Mémorial AZF,13
2345784,17:14:00,17:14:10,stop_point:SP_931,Marchant,14
2345784,17:15:00,17:15:10,stop_point:SP_2330,Hubert Curien,15
2345784,17:15:00,17:15:10,stop_point:SP_324,Maison Commune,16
2345784,17:16:00,17:16:10,stop_point:SP_2491,Oncopole Courrière,17
2345784,17:17:00,17:17:10,stop_point:SP_5097,Oncopole - Lise Enjalbert,18
2345784,17:17:00,17:17:10,stop_point:SP_3604,IUC,19
2345784,17:18:00,17:18:10,stop_point:SP_3185,Route d'Espagne,20
2345784,17:19:00,17:19:10,stop_point:SP_4907,Joulin,21
2345784,17:20:00,17:20:10,stop_point:SP_3258,Larrieu,22
2345784,17:22:00,17:22:10,stop_point:SP_265,Clairfont,23
2345784,17:23:00,17:23:10,stop_point:SP_1374,Frênes,24
2345784,17:24:00,17:24:10,stop_point:SP_2247,Claire Fontaine,25
2345784,17:24:00,17:24:10,stop_point:SP_4000,Ecole Récébédou,26
2345784,17:25:00,17:25:10,stop_point:SP_4916,Ctre Cial Portet - Entrée 5,27
2345784,17:26:00,17:26:10,stop_point:SP_2008,Palanques,28
2345784,17:27:00,17:27:10,stop_point:SP_741,Ctre Cial Portet - Entrée 1,29
2345784,17:28:00,17:28:10,stop_point:SP_311,Bd de l'Europe,30
2345784,17:29:00,17:29:10,stop_point:SP_2882,Stade,31
2345784,17:30:00,17:30:10,stop_point:SP_3831,Occitanie,32
2345784,17:31:00,17:31:10,stop_point:SP_1947,Commerce,33
2345784,17:32:00,17:32:10,stop_point:SP_1897,Bosquets,34
2345784,17:34:00,17:34:10,stop_point:SP_4522,Jean Jaurès,35
2345784,17:36:00,17:36:10,stop_point:SP_4521,Portet Gare SNCF,36
2345785,17:20:00,17:20:10,stop_point:SP_461,Empalot,1
2345785,17:22:00,17:22:10,stop_point:SP_5378,Passerelle A. Conti,2
2345785,17:22:00,17:22:10,stop_point:SP_3506,Daste,3
2345785,17:23:00,17:23:10,stop_point:SP_806,Stadium Est,4
2345785,17:24:00,17:24:10,stop_point:SP_1012,Stadium Ouest,5
2345785,17:25:00,17:25:10,stop_point:SP_3759,Croix de Pierre,6
2345785,17:26:00,17:26:10,stop_point:SP_3915,Roc,7
2345785,17:27:00,17:27:10,stop_point:SP_3822,Barrière de Muret,8
2345785,17:28:00,17:28:10,stop_point:SP_3148,Penent,9
2345785,17:30:00,17:30:10,stop_point:SP_519,Gallieni,10
2345785,17:31:00,17:31:10,stop_point:SP_1436,Langlade,11
2345785,17:32:00,17:32:10,stop_point:SP_3779,Rond-Point Langlade,12
2345785,17:33:00,17:33:10,stop_point:SP_3025,Gironis - Mémorial AZF,13
2345785,17:34:00,17:34:10,stop_point:SP_931,Marchant,14
2345785,17:35:00,17:35:10,stop_point:SP_2330,Hubert Curien,15
2345785,17:35:00,17:35:10,stop_point:SP_324,Maison Commune,16
2345785,17:36:00,17:36:10,stop_point:SP_2491,Oncopole Courrière,17
2345785,17:37:00,17:37:10,stop_point:SP_5097,Oncopole - Lise Enjalbert,18
2345785,17:37:00,17:37:10,stop_point:SP_3604,IUC,19
2345785,17:38:00,17:38:10,stop_point:SP_3185,Route d'Espagne,20
2345785,17:39:00,17:39:10,stop_point:SP_4907,Joulin,21
2345785,17:40:00,17:40:10,stop_point:SP_3258,Larrieu,22
2345785,17:42:00,17:42:10,stop_point:SP_265,Clairfont,23
2345785,17:43:00,17:43:10,stop_point:SP_1374,Frênes,24
2345785,17:44:00,17:44:10,stop_point:SP_2247,Claire Fontaine,25
2345785,17:44:00,17:44:10,stop_point:SP_4000,Ecole Récébédou,26
2345785,17:45:00,17:45:10,stop_point:SP_4916,Ctre Cial Portet - Entrée 5,27
2345785,17:46:00,17:46:10,stop_point:SP_2008,Palanques,28
2345785,17:47:00,17:47:10,stop_point:SP_741,Ctre Cial Portet - Entrée 1,29
2345785,17:48:00,17:48:10,stop_point:SP_311,Bd de l'Europe,30
2345785,17:49:00,17:49:10,stop_point:SP_2882,Stade,31
2345785,17:50:00,17:50:10,stop_point:SP_3831,Occitanie,32
2345785,17:51:00,17:51:10,stop_point:SP_1947,Commerce,33
2345785,17:52:00,17:52:10,stop_point:SP_1897,Bosquets,34
2345785,17:54:00,17:54:10,stop_point:SP_4522,Jean Jaurès,35
2345785,17:56:00,17:56:10,stop_point:SP_4521,Portet Gare SNCF,36
2345786,17:40:00,17:40:10,stop_point:SP_461,Empalot,1
2345786,17:42:00,17:42:10,stop_point:SP_5378,Passerelle A. Conti,2
2345786,17:42:00,17:42:10,stop_point:SP_3506,Daste,3
2345786,17:43:00,17:43:10,stop_point:SP_806,Stadium Est,4
2345786,17:44:00,17:44:10,stop_point:SP_1012,Stadium Ouest,5
2345786,17:45:00,17:45:10,stop_point:SP_3759,Croix de Pierre,6
2345786,17:46:00,17:46:10,stop_point:SP_3915,Roc,7
2345786,17:47:00,17:47:10,stop_point:SP_3822,Barrière de Muret,8
2345786,17:48:00,17:48:10,stop_point:SP_3148,Penent,9
2345786,17:50:00,17:50:10,stop_point:SP_519,Gallieni,10
2345786,17:51:00,17:51:10,stop_point:SP_1436,Langlade,11
2345786,17:52:00,17:52:10,stop_point:SP_3779,Rond-Point Langlade,12
2345786,17:53:00,17:53:10,stop_point:SP_3025,Gironis - Mémorial AZF,13
2345786,17:54:00,17:54:10,stop_point:SP_931,Marchant,14
2345786,17:55:00,17:55:10,stop_point:SP_2330,Hubert Curien,15
2345786,17:55:00,17:55:10,stop_point:SP_324,Maison Commune,16
2345786,17:56:00,17:56:10,stop_point:SP_2491,Oncopole Courrière,17
2345786,17:57:00,17:57:10,stop_point:SP_5097,Oncopole - Lise Enjalbert,18
2345786,17:57:00,17:57:10,stop_point:SP_3604,IUC,19
2345786,17:58:00,17:58:10,stop_point:SP_3185,Route d'Espagne,20
2345786,17:59:00,17:59:10,stop_point:SP_4907,Joulin,21
2345786,18:00:00,18:00:10,stop_point:SP_3258,Larrieu,22
2345786,18:02:00,18:02:10,stop_point:SP_265,Clairfont,23
2345786,18:03:00,18:03:10,stop_point:SP_1374,Frênes,24
2345786,18:04:00,18:04:10,stop_point:SP_2247,Claire Fontaine,25
2345786,18:04:00,18:04:10,stop_point:SP_4000,Ecole Récébédou,26
2345786,18:05:00,18:05:10,stop_point:SP_4916,Ctre Cial Portet - Entrée 5,27
2345786,18:06:00,18:06:10,stop_point:SP_2008,Palanques,28
2345786,18:07:00,18:07:10,stop_point:SP_741,Ctre Cial Portet - Entrée 1,29
2345786,18:08:00,18:08:10,stop_point:SP_311,Bd de l'Europe,30
2345786,18:09:00,18:09:10,stop_point:SP_2882,Stade,31
2345786,18:10:00,18:10:10,stop_point:SP_3831,Occitanie,32
2345786,18:11:00,18:11:10,stop_point:SP_1947,Commerce,33
2345786,18:12:00,18:12:10,stop_point:SP_1897,Bosquets,34
2345786,18:14:00,18:14:10,stop_point:SP_4522,Jean Jaurès,35
2345786,18:16:00,18:16:10,stop_point:SP_4521,Portet Gare SNCF,36
2345787,18:00:00,18:00:10,stop_point:SP_461,Empalot,1
2345787,18:02:00,18:02:10,stop_point:SP_5378,Passerelle A. Conti,2
2345787,18:02:00,18:02:10,stop_point:SP_3506,Daste,3
2345787,18:03:00,18:03:10,stop_point:SP_806,Stadium Est,4
2345787,18:04:00,18:04:10,stop_point:SP_1012,Stadium Ouest,5
2345787,18:05:00,18:05:10,stop_point:SP_3759,Croix de Pierre,6
2345787,18:06:00,18:06:10,stop_point:SP_3915,Roc,7
2345787,18:07:00,18:07:10,stop_point:SP_3822,Barrière de Muret,8
2345787,18:08:00,18:08:10,stop_point:SP_3148,Penent,9
2345787,18:10:00,18:10:10,stop_point:SP_519,Gallieni,10
2345787,18:11:00,18:11:10,stop_point:SP_1436,Langlade,11
2345787,18:12:00,18:12:10,stop_point:SP_3779,Rond-Point Langlade,12
2345787,18:13:00,18:13:10,stop_point:SP_3025,Gironis - Mémorial AZF,13
2345787,18:14:00,18:14:10,stop_point:SP_931,Marchant,14
2345787,18:15:00,18:15:10,stop_point:SP_2330,Hubert Curien,15
2345787,18:15:00,18:15:10,stop_point:SP_324,Maison Commune,16
2345787,18:16:00,18:16:10,stop_point:SP_2491,Oncopole Courrière,17
2345787,18:17:00,18:17:10,stop_point:SP_5097,Oncopole - Lise Enjalbert,18
2345787,18:17:00,18:17:10,stop_point:SP_3604,IUC,19
2345787,18:18:00,18:18:10,stop_point:SP_3185,Route d'Espagne,20
2345787,18:19:00,18:19:10,stop_point:SP_4907,Joulin,21
2345787,18:20:00,18:20:10,stop_point:SP_3258,Larrieu,22
2345787,18:22:00,18:22:10,stop_point:SP_265,Clairfont,23
2345787,18:23:00,18:23:10,stop_point:SP_1374,Frênes,24
2345787,18:24:00,18:24:10,stop_point:SP_2247,Claire Fontaine,25
2345787,18:24:00,18:24:10,stop_point:SP_4000,Ecole Récébédou,26
2345787,18:25:00,18:25:10,stop_point:SP_4916,Ctre Cial Portet - Entrée 5,27
2345787,18:26:00,18:26:10,stop_point:SP_2008,Palanques,28
2345787,18:27:00,18:27:10,stop_point:SP_741,Ctre Cial Portet - Entrée 1,29
2345787,18:28:00,18:28:10,stop_point:SP_311,Bd de l'Europe,30
2345787,18:29:00,18:29:10,stop_point:SP_2882,Stade,31
2345787,18:30:00,18:30:10,stop_point:SP_3831,Occitanie,32
2345787,18:31:00,18:31:10,stop_point:SP_1947,Commerce,33
2345787,18:32:00,18:32:10,stop_point:SP_1897,Bosquets,34
2345787,18:34:00,18:34:10,stop_point:SP_4522,Jean Jaurès,35
2345787,18:36:00,18:36:10,stop_point:SP_4521,Portet Gare SNCF,36
2345788,18:20:00,18:20:10,stop_point:SP_461,Empalot,1
2345788,18:22:00,18:22:10,stop_point:SP_5378,Passerelle A. Conti,2
2345788,18:22:00,18:22:10,stop_point:SP_3506,Daste,3
2345788,18:23:00,18:23:10,stop_point:SP_806,Stadium Est,4
2345788,18:24:00,18:24:10,stop_point:SP_1012,Stadium Ouest,5
2345788,18:25:00,18:25:10,stop_point:SP_3759,Croix de Pierre,6
2345788,18:26:00,18:26:10,stop_point:SP_3915,Roc,7
2345788,18:27:00,18:27:10,stop_point:SP_3822,Barrière de Muret,8
2345788,18:28:00,18:28:10,stop_point:SP_3148,Penent,9
2345788,18:30:00,18:30:10,stop_point:SP_519,Gallieni,10
2345788,18:31:00,18:31:10,stop_point:SP_1436,Langlade,11
2345788,18:32:00,18:32:10,stop_point:SP_3779,Rond-Point Langlade,12
2345788,18:33:00,18:33:10,stop_point:SP_3025,Gironis - Mémorial AZF,13
2345788,18:34:00,18:34:10,stop_point:SP_931,Marchant,14
2345788,18:35:00,18:35:10,stop_point:SP_2330,Hubert Curien,15
2345788,18:35:00,18:35:10,stop_point:SP_324,Maison Commune,16
2345788,18:36:00,18:36:10,stop_point:SP_2491,Oncopole Courrière,17
2345788,18:37:00,18:37:10,stop_point:SP_5097,Oncopole - Lise Enjalbert,18
2345788,18:37:00,18:37:10,stop_point:SP_3604,IUC,19
2345788,18:38:00,18:38:10,stop_point:SP_3185,Route d'Espagne,20
2345788,18:39:00,18:39:10,stop_point:SP_4907,Joulin,21
2345788,18:40:00,18:40:10,stop_point:SP_3258,Larrieu,22
2345788,18:42:00,18:42:10,stop_point:SP_265,Clairfont,23
2345788,18:43:00,18:43:10,stop_point:SP_1374,Frênes,24
2345788,18:44:00,18:44:10,stop_point:SP_2247,Claire Fontaine,25
2345788,18:44:00,18:44:10,stop_point:SP_4000,Ecole Récébédou,26
2345788,18:45:00,18:45:10,stop_point:SP_4916,Ctre Cial Portet - Entrée 5,27
2345788,18:46:00,18:46:10,stop_point:SP_2008,Palanques,28
2345788,18:47:00,18:47:10,stop_point:SP_741,Ctre Cial Portet - Entrée 1,29
2345788,18:48:00,18:48:10,stop_point:SP_311,Bd de l'Europe,30
2345788,18:49:00,18:49:10,stop_point:SP_2882,Stade,31
2345788,18:50:00,18:50:10,stop_point:SP_3831,Occitanie,32
2345788,18:51:00,18:51:10,stop_point:SP_1947,Commerce,33
2345788,18:52:00,18:52:10,stop_point:SP_1897,Bosquets,34
2345788,18:54:00,18:54:10,stop_point:SP_4522,Jean Jaurès,35
2345788,18:56:00,18:56:10,stop_point:SP_4521,Portet Gare SNCF,36
2345789,18:40:00,18:40:10,stop_point:SP_461,Empalot,1
2345789,18:42:00,18:42:10,stop_point:SP_5378,Passerelle A. Conti,2
2345789,18:42:00,18:42:10,stop_point:SP_3506,Daste,3
2345789,18:43:00,18:43:10,stop_point:SP_806,Stadium Est,4
2345789,18:44:00,18:44:10,stop_point:SP_1012,Stadium Ouest,5
2345789,18:45:00,18:45:10,stop_point:SP_3759,Croix de Pierre,6
2345789,18:46:00,18:46:10,stop_point:SP_3915,Roc,7
2345789,18:47:00,18:47:10,stop_point:SP_3822,Barrière de Muret,8
2345789,18:48:00,18:48:10,stop_point:SP_3148,Penent,9
2345789,18:50:00,18:50:10,stop_point:SP_519,Gallieni,10
2345789,18:51:00,18:51:10,stop_point:SP_1436,Langlade,11
2345789,18:52:00,18:52:10,stop_point:SP_3779,Rond-Point Langlade,12
2345789,18:53:00,18:53:10,stop_point:SP_3025,Gironis - Mémorial AZF,13
2345789,18:54:00,18:54:10,stop_point:SP_931,Marchant,14
2345789,18:55:00,18:55:10,stop_point:SP_2330,Hubert Curien,15
2345789,18:55:00,18:55:10,stop_point:SP_324,Maison Commune,16
2345789,18:56:00,18:56:10,stop_point:SP_2491,Oncopole Courrière,17
2345789,18:57:00,18:57:10,stop_point:SP_5097,Oncopole - Lise Enjalbert,18
2345789,18:57:00,18:57:10,stop_point:SP_3604,IUC,19
2345789,18:58:00,18:58:10,stop_point:SP_3185,Route d'Espagne,20
2345789,18:59:00,18:59:10,stop_point:SP_4907,Joulin,21
2345789,19:00:00,19:00:10,stop_point:SP_3258,Larrieu,22
2345789,19:02:00,19:02:10,stop_point:SP_265,Clairfont,23
2345789,19:03:00,19:03:10,stop_point:SP_1374,Frênes,24
2345789,19:04:00,19:04:10,stop_point:SP_2247,Claire Fontaine,25
2345789,19:04:00,19:04:10,stop_point:SP_4000,Ecole Récébédou,26
2345789,19:05:00,19:05:10,stop_point:SP_4916,Ctre Cial Portet - Entrée 5,27
2345789,19:06:00,19:06:10,stop_point:SP_2008,Palanques,28
2345789,19:07:00,19:07:10,stop_point:SP_741,Ctre Cial Portet - Entrée 1,29
2345789,19:08:00,19:08:10,stop_point:SP_311,Bd de l'Europe,30
2345789,19:09:00,19:09:10,stop_point:SP_2882,Stade,31
2345789,19:10:00,19:10:10,stop_point:SP_3831,Occitanie,32
2345789,19:11:00,19:11:10,stop_point:SP_1947,Commerce,33
2345789,19:12:00,19:12:10,stop_point:SP_1897,Bosquets,34
2345789,19:14:00,19:14:10,stop_point:SP_4522,Jean Jaurès,35
2345789,19:16:00,19:16:10,stop_point:SP_4521,Portet Gare SNCF,36
2345790,19:00:00,19:00:10,stop_point:SP_461,Empalot,1
2345790,19:02:00,19:02:10,stop_point:SP_5378,Passerelle A. Conti,2
2345790,19:02:00,19:02:10,stop_point:SP_3506,Daste,3
2345790,19:03:00,19:03:10,stop_point:SP_806,Stadium Est,4
2345790,19:04:00,19:04:10,stop_point:SP_1012,Stadium Ouest,5
2345790,19:05:00,19:05:10,stop_point:SP_3759,Croix de Pierre,6
2345790,19:06:00,19:06:10,stop_point:SP_3915,Roc,7
2345790,19:07:00,19:07:10,stop_point:SP_3822,Barrière de Muret,8
2345790,19:08:00,19:08:10,stop_point:SP_3148,Penent,9
2345790,19:10:00,19:10:10,stop_point:SP_519,Gallieni,10
2345790,19:11:00,19:11:10,stop_point:SP_1436,Langlade,11
2345790,19:12:00,19:12:10,stop_point:SP_3779,Rond-Point Langlade,12
2345790,19:13:00,19:13:10,stop_point:SP_3025,Gironis - Mémorial AZF,13
2345790,19:14:00,19:14:10,stop_point:SP_931,Marchant,14
2345790,19:15:00,19:15:10,stop_point:SP_2330,Hubert Curien,15
2345790,19:15:00,19:15:10,stop_point:SP_324,Maison Commune,16
2345790,19:16:00,19:16:10,stop_point:SP_2491,Oncopole Courrière,17
2345790,19:17:00,19:17:10,stop_point:SP_5097,Oncopole - Lise Enjalbert,18
2345790,19:17:00,19:17:10,stop_point:SP_3604,IUC,19
2345790,19:18:00,19:18:10,stop_point:SP_3185,Route d'Espagne,20
2345790,19:19:00,19:19:10,stop_point:SP_4907,Joulin,21
2345790,19:20:00,19:20:10,stop_point:SP_3258,Larrieu,22
2345790,19:22:00,19:22:10,stop_point:SP_265,Clairfont,23
2345790,19:23:00,19:23:10,stop_point:SP_1374,Frênes,24
2345790,19:24:00,19:24:10,stop_point:SP_2247,Claire Fontaine,25
2345790,19:24:00,19:24:10,stop_point:SP_4000,Ecole Récébédou,26
2345790,19:25:00,19:25:10,stop_point:SP_4916,Ctre Cial Portet - Entrée 5,27
2345790,19:26:00,19:26:10,stop_point:SP_2008,Palanques,28
2345790,19:27:00,19:27:10,stop_point:SP_741,Ctre Cial Portet - Entrée 1,29
2345790,19:28:00,19:28:10,stop_point:SP_311,Bd de l'Europe,30
2345790,19:29:00,19:29:10,stop_point:SP_2882,Stade,31
2345790,19:30:00,19:30:10,stop_point:SP_3831,Occitanie,32
2345790,19:31:00,19:31:10,stop_point:SP_1947,Commerce,33
2345790,19:32:00,19:32:10,stop_point:SP_1897,Bosquets,34
2345790,19:33:00,19:33:10,stop_point:SP_4522,Jean Jaurès,35
2345790,19:35:00,19:35:10,stop_point:SP_4521,Portet Gare SNCF,36
2345791,19:20:00,19:20:10,stop_point:SP_461,Empalot,1
2345791,19:22:00,19:22:10,stop_point:SP_5378,Passerelle A. Conti,2
2345791,19:22:00,19:22:10,stop_point:SP_3506,Daste,3
2345791,19:23:00,19:23:10,stop_point:SP_806,Stadium Est,4
2345791,19:24:00,19:24:10,stop_point:SP_1012,Stadium Ouest,5
2345791,19:25:00,19:25:10,stop_point:SP_3759,Croix de Pierre,6
2345791,19:26:00,19:26:10,stop_point:SP_3915,Roc,7
2345791,19:27:00,19:27:10,stop_point:SP_3822,Barrière de Muret,8
2345791,19:28:00,19:28:10,stop_point:SP_3148,Penent,9
2345791,19:29:00,19:29:10,stop_point:SP_519,Gallieni,10
2345791,19:30:00,19:30:10,stop_point:SP_1436,Langlade,11
2345791,19:31:00,19:31:10,stop_point:SP_3779,Rond-Point Langlade,12
2345791,19:32:00,19:32:10,stop_point:SP_3025,Gironis - Mémorial AZF,13
2345791,19:33:00,19:33:10,stop_point:SP_931,Marchant,14
2345791,19:33:00,19:33:10,stop_point:SP_2330,Hubert Curien,15
2345791,19:34:00,19:34:10,stop_point:SP_324,Maison Commune,16
2345791,19:35:00,19:35:10,stop_point:SP_2491,Oncopole Courrière,17
2345791,19:35:00,19:35:10,stop_point:SP_5097,Oncopole - Lise Enjalbert,18
2345791,19:35:00,19:35:10,stop_point:SP_3604,IUC,19
2345791,19:36:00,19:36:10,stop_point:SP_3185,Route d'Espagne,20
2345791,19:37:00,19:37:10,stop_point:SP_4907,Joulin,21
2345791,19:38:00,19:38:10,stop_point:SP_3258,Larrieu,22
2345791,19:40:00,19:40:10,stop_point:SP_265,Clairfont,23
2345791,19:41:00,19:41:10,stop_point:SP_1374,Frênes,24
2345791,19:42:00,19:42:10,stop_point:SP_2247,Claire Fontaine,25
2345791,19:42:00,19:42:10,stop_point:SP_4000,Ecole Récébédou,26
2345791,19:43:00,19:43:10,stop_point:SP_4916,Ctre Cial Portet - Entrée 5,27
2345791,19:44:00,19:44:10,stop_point:SP_2008,Palanques,28
2345791,19:45:00,19:45:10,stop_point:SP_741,Ctre Cial Portet - Entrée 1,29
2345791,19:46:00,19:46:10,stop_point:SP_311,Bd de l'Europe,30
2345791,19:46:00,19:46:10,stop_point:SP_2882,Stade,31
2345791,19:47:00,19:47:10,stop_point:SP_3831,Occitanie,32
2345791,19:48:00,19:48:10,stop_point:SP_1947,Commerce,33
2345791,19:49:00,19:49:10,stop_point:SP_1897,Bosquets,34
2345791,19:50:00,19:50:10,stop_point:SP_4522,Jean Jaurès,35
2345791,19:52:00,19:52:10,stop_point:SP_4521,Portet Gare SNCF,36
2345792,19:40:00,19:40:10,stop_point:SP_461,Empalot,1
2345792,19:42:00,19:42:10,stop_point:SP_5378,Passerelle A. Conti,2
2345792,19:42:00,19:42:10,stop_point:SP_3506,Daste,3
2345792,19:43:00,19:43:10,stop_point:SP_806,Stadium Est,4
2345792,19:44:00,19:44:10,stop_point:SP_1012,Stadium Ouest,5
2345792,19:45:00,19:45:10,stop_point:SP_3759,Croix de Pierre,6
2345792,19:46:00,19:46:10,stop_point:SP_3915,Roc,7
2345792,19:47:00,19:47:10,stop_point:SP_3822,Barrière de Muret,8
2345792,19:48:00,19:48:10,stop_point:SP_3148,Penent,9
2345792,19:49:00,19:49:10,stop_point:SP_519,Gallieni,10
2345792,19:50:00,19:50:10,stop_point:SP_1436,Langlade,11
2345792,19:51:00,19:51:10,stop_point:SP_3779,Rond-Point Langlade,12
2345792,19:52:00,19:52:10,stop_point:SP_3025,Gironis - Mémorial AZF,13
2345792,19:53:00,19:53:10,stop_point:SP_931,Marchant,14
2345792,19:53:00,19:53:10,stop_point:SP_2330,Hubert Curien,15
2345792,19:54:00,19:54:10,stop_point:SP_324,Maison Commune,16
2345792,19:55:00,19:55:10,stop_point:SP_2491,Oncopole Courrière,17
2345792,19:55:00,19:55:10,stop_point:SP_5097,Oncopole - Lise Enjalbert,18
2345792,19:55:00,19:55:10,stop_point:SP_3604,IUC,19
2345792,19:56:00,19:56:10,stop_point:SP_3185,Route d'Espagne,20
2345792,19:57:00,19:57:10,stop_point:SP_4907,Joulin,21
2345792,19:58:00,19:58:10,stop_point:SP_3258,Larrieu,22
2345792,20:00:00,20:00:10,stop_point:SP_265,Clairfont,23
2345792,20:01:00,20:01:10,stop_point:SP_1374,Frênes,24
2345792,20:02:00,20:02:10,stop_point:SP_2247,Claire Fontaine,25
2345792,20:02:00,20:02:10,stop_point:SP_4000,Ecole Récébédou,26
2345792,20:03:00,20:03:10,stop_point:SP_4916,Ctre Cial Portet - Entrée 5,27
2345792,20:04:00,20:04:10,stop_point:SP_2008,Palanques,28
2345792,20:05:00,20:05:10,stop_point:SP_741,Ctre Cial Portet - Entrée 1,29
2345792,20:06:00,20:06:10,stop_point:SP_311,Bd de l'Europe,30
2345792,20:06:00,20:06:10,stop_point:SP_2882,Stade,31
2345792,20:07:00,20:07:10,stop_point:SP_3831,Occitanie,32
2345792,20:08:00,20:08:10,stop_point:SP_1947,Commerce,33
2345792,20:09:00,20:09:10,stop_point:SP_1897,Bosquets,34
2345792,20:10:00,20:10:10,stop_point:SP_4522,Jean Jaurès,35
2345792,20:12:00,20:12:10,stop_point:SP_4521,Portet Gare SNCF,36
2345793,20:00:00,20:00:10,stop_point:SP_461,Empalot,1
2345793,20:02:00,20:02:10,stop_point:SP_5378,Passerelle A. Conti,2
2345793,20:02:00,20:02:10,stop_point:SP_3506,Daste,3
2345793,20:03:00,20:03:10,stop_point:SP_806,Stadium Est,4
2345793,20:04:00,20:04:10,stop_point:SP_1012,Stadium Ouest,5
2345793,20:05:00,20:05:10,stop_point:SP_3759,Croix de Pierre,6
2345793,20:06:00,20:06:10,stop_point:SP_3915,Roc,7
2345793,20:07:00,20:07:10,stop_point:SP_3822,Barrière de Muret,8
2345793,20:08:00,20:08:10,stop_point:SP_3148,Penent,9
2345793,20:09:00,20:09:10,stop_point:SP_519,Gallieni,10
2345793,20:10:00,20:10:10,stop_point:SP_1436,Langlade,11
2345793,20:11:00,20:11:10,stop_point:SP_3779,Rond-Point Langlade,12
2345793,20:12:00,20:12:10,stop_point:SP_3025,Gironis - Mémorial AZF,13
2345793,20:13:00,20:13:10,stop_point:SP_931,Marchant,14
2345793,20:13:00,20:13:10,stop_point:SP_2330,Hubert Curien,15
2345793,20:14:00,20:14:10,stop_point:SP_324,Maison Commune,16
2345793,20:15:00,20:15:10,stop_point:SP_2491,Oncopole Courrière,17
2345793,20:15:00,20:15:10,stop_point:SP_5097,Oncopole - Lise Enjalbert,18
2345793,20:15:00,20:15:10,stop_point:SP_3604,IUC,19
2345793,20:16:00,20:16:10,stop_point:SP_3185,Route d'Espagne,20
2345793,20:17:00,20:17:10,stop_point:SP_4907,Joulin,21
2345793,20:18:00,20:18:10,stop_point:SP_3258,Larrieu,22
2345793,20:20:00,20:20:10,stop_point:SP_265,Clairfont,23
2345793,20:21:00,20:21:10,stop_point:SP_1374,Frênes,24
2345793,20:22:00,20:22:10,stop_point:SP_2247,Claire Fontaine,25
2345793,20:22:00,20:22:10,stop_point:SP_4000,Ecole Récébédou,26
2345793,20:23:00,20:23:10,stop_point:SP_4916,Ctre Cial Portet - Entrée 5,27
2345793,20:24:00,20:24:10,stop_point:SP_2008,Palanques,28
2345793,20:25:00,20:25:10,stop_point:SP_741,Ctre Cial Portet - Entrée 1,29
2345793,20:26:00,20:26:10,stop_point:SP_311,Bd de l'Europe,30
2345793,20:26:00,20:26:10,stop_point:SP_2882,Stade,31
2345793,20:27:00,20:27:10,stop_point:SP_3831,Occitanie,32
2345793,20:28:00,20:28:10,stop_point:SP_1947,Commerce,33
2345793,20:29:00,20:29:10,stop_point:SP_1897,Bosquets,34
2345793,20:30:00,20:30:10,stop_point:SP_4522,Jean Jaurès,35
2345793,20:32:00,20:32:10,stop_point:SP_4521,Portet Gare SNCF,36
2345794,20:30:00,20:30:10,stop_point:SP_461,Empalot,1
2345794,20:32:00,20:32:10,stop_point:SP_5378,Passerelle A. Conti,2
2345794,20:32:00,20:32:10,stop_point:SP_3506,Daste,3
2345794,20:33:00,20:33:10,stop_point:SP_806,Stadium Est,4
2345794,20:34:00,20:34:10,stop_point:SP_1012,Stadium Ouest,5
2345794,20:35:00,20:35:10,stop_point:SP_3759,Croix de Pierre,6
2345794,20:36:00,20:36:10,stop_point:SP_3915,Roc,7
2345794,20:37:00,20:37:10,stop_point:SP_3822,Barrière de Muret,8
2345794,20:37:00,20:37:10,stop_point:SP_3148,Penent,9
2345794,20:38:00,20:38:10,stop_point:SP_519,Gallieni,10
2345794,20:39:00,20:39:10,stop_point:SP_1436,Langlade,11
2345794,20:40:00,20:40:10,stop_point:SP_3779,Rond-Point Langlade,12
2345794,20:41:00,20:41:10,stop_point:SP_3025,Gironis - Mémorial AZF,13
2345794,20:42:00,20:42:10,stop_point:SP_931,Marchant,14
2345794,20:42:00,20:42:10,stop_point:SP_2330,Hubert Curien,15
2345794,20:43:00,20:43:10,stop_point:SP_324,Maison Commune,16
2345794,20:44:00,20:44:10,stop_point:SP_2491,Oncopole Courrière,17
2345794,20:44:00,20:44:10,stop_point:SP_5097,Oncopole - Lise Enjalbert,18
2345794,20:44:00,20:44:10,stop_point:SP_3604,IUC,19
2345794,20:45:00,20:45:10,stop_point:SP_3185,Route d'Espagne,20
2345794,20:46:00,20:46:10,stop_point:SP_4907,Joulin,21
2345794,20:47:00,20:47:10,stop_point:SP_3258,Larrieu,22
2345794,20:49:00,20:49:10,stop_point:SP_265,Clairfont,23
2345794,20:50:00,20:50:10,stop_point:SP_1374,Frênes,24
2345794,20:51:00,20:51:10,stop_point:SP_2247,Claire Fontaine,25
2345794,20:51:00,20:51:10,stop_point:SP_4000,Ecole Récébédou,26
2345794,20:52:00,20:52:10,stop_point:SP_4916,Ctre Cial Portet - Entrée 5,27
2345794,20:53:00,20:53:10,stop_point:SP_2008,Palanques,28
2345794,20:54:00,20:54:10,stop_point:SP_741,Ctre Cial Portet - Entrée 1,29
2345794,20:55:00,20:55:10,stop_point:SP_311,Bd de l'Europe,30
2345794,20:55:00,20:55:10,stop_point:SP_2882,Stade,31
2345794,20:56:00,20:56:10,stop_point:SP_3831,Occitanie,32
2345794,20:57:00,20:57:10,stop_point:SP_1947,Commerce,33
2345794,20:58:00,20:58:10,stop_point:SP_1897,Bosquets,34
2345794,20:59:00,20:59:10,stop_point:SP_4522,Jean Jaurès,35
2345794,21:01:00,21:01:10,stop_point:SP_4521,Portet Gare SNCF,36
2345795,21:00:00,21:00:10,stop_point:SP_461,Empalot,1
2345795,21:02:00,21:02:10,stop_point:SP_5378,Passerelle A. Conti,2
2345795,21:02:00,21:02:10,stop_point:SP_3506,Daste,3
2345795,21:03:00,21:03:10,stop_point:SP_806,Stadium Est,4
2345795,21:04:00,21:04:10,stop_point:SP_1012,Stadium Ouest,5
2345795,21:05:00,21:05:10,stop_point:SP_3759,Croix de Pierre,6
2345795,21:06:00,21:06:10,stop_point:SP_3915,Roc,7
2345795,21:07:00,21:07:10,stop_point:SP_3822,Barrière de Muret,8
2345795,21:07:00,21:07:10,stop_point:SP_3148,Penent,9
2345795,21:08:00,21:08:10,stop_point:SP_519,Gallieni,10
2345795,21:09:00,21:09:10,stop_point:SP_1436,Langlade,11
2345795,21:10:00,21:10:10,stop_point:SP_3779,Rond-Point Langlade,12
2345795,21:11:00,21:11:10,stop_point:SP_3025,Gironis - Mémorial AZF,13
2345795,21:12:00,21:12:10,stop_point:SP_931,Marchant,14
2345795,21:12:00,21:12:10,stop_point:SP_2330,Hubert Curien,15
2345795,21:13:00,21:13:10,stop_point:SP_324,Maison Commune,16
2345795,21:14:00,21:14:10,stop_point:SP_2491,Oncopole Courrière,17
2345795,21:14:00,21:14:10,stop_point:SP_5097,Oncopole - Lise Enjalbert,18
2345795,21:14:00,21:14:10,stop_point:SP_3604,IUC,19
2345795,21:15:00,21:15:10,stop_point:SP_3185,Route d'Espagne,20
2345795,21:16:00,21:16:10,stop_point:SP_4907,Joulin,21
2345795,21:17:00,21:17:10,stop_point:SP_3258,Larrieu,22
2345795,21:19:00,21:19:10,stop_point:SP_265,Clairfont,23
2345795,21:20:00,21:20:10,stop_point:SP_1374,Frênes,24
2345795,21:21:00,21:21:10,stop_point:SP_2247,Claire Fontaine,25
2345795,21:21:00,21:21:10,stop_point:SP_4000,Ecole Récébédou,26
2345795,21:22:00,21:22:10,stop_point:SP_4916,Ctre Cial Portet - Entrée 5,27
2345795,21:23:00,21:23:10,stop_point:SP_2008,Palanques,28
2345795,21:24:00,21:24:10,stop_point:SP_741,Ctre Cial Portet - Entrée 1,29
2345795,21:25:00,21:25:10,stop_point:SP_311,Bd de l'Europe,30
2345795,21:25:00,21:25:10,stop_point:SP_2882,Stade,31
2345795,21:26:00,21:26:10,stop_point:SP_3831,Occitanie,32
2345795,21:27:00,21:27:10,stop_point:SP_1947,Commerce,33
2345795,21:28:00,21:28:10,stop_point:SP_1897,Bosquets,34
2345795,21:29:00,21:29:10,stop_point:SP_4522,Jean Jaurès,35
2345795,21:31:00,21:31:10,stop_point:SP_4521,Portet Gare SNCF,36
2345796,21:30:00,21:30:10,stop_point:SP_461,Empalot,1
2345796,21:32:00,21:32:10,stop_point:SP_5378,Passerelle A. Conti,2
2345796,21:32:00,21:32:10,stop_point:SP_3506,Daste,3
2345796,21:33:00,21:33:10,stop_point:SP_806,Stadium Est,4
2345796,21:34:00,21:34:10,stop_point:SP_1012,Stadium Ouest,5
2345796,21:35:00,21:35:10,stop_point:SP_3759,Croix de Pierre,6
2345796,21:36:00,21:36:10,stop_point:SP_3915,Roc,7
2345796,21:37:00,21:37:10,stop_point:SP_3822,Barrière de Muret,8
2345796,21:37:00,21:37:10,stop_point:SP_3148,Penent,9
2345796,21:38:00,21:38:10,stop_point:SP_519,Gallieni,10
2345796,21:39:00,21:39:10,stop_point:SP_1436,Langlade,11
2345796,21:40:00,21:40:10,stop_point:SP_3779,Rond-Point Langlade,12
2345796,21:41:00,21:41:10,stop_point:SP_3025,Gironis - Mémorial AZF,13
2345796,21:42:00,21:42:10,stop_point:SP_931,Marchant,14
2345796,21:42:00,21:42:10,stop_point:SP_2330,Hubert Curien,15
2345796,21:43:00,21:43:10,stop_point:SP_324,Maison Commune,16
2345796,21:44:00,21:44:10,stop_point:SP_2491,Oncopole Courrière,17
2345796,21:44:00,21:44:10,stop_point:SP_5097,Oncopole - Lise Enjalbert,18
2345796,21:44:00,21:44:10,stop_point:SP_3604,IUC,19
2345796,21:45:00,21:45:10,stop_point:SP_3185,Route d'Espagne,20
2345796,21:45:00,21:45:10,stop_point:SP_4907,Joulin,21
2345796,21:46:00,21:46:10,stop_point:SP_3258,Larrieu,22
2345796,21:48:00,21:48:10,stop_point:SP_265,Clairfont,23
2345796,21:49:00,21:49:10,stop_point:SP_1374,Frênes,24
2345796,21:50:00,21:50:10,stop_point:SP_2247,Claire Fontaine,25
2345796,21:50:00,21:50:10,stop_point:SP_4000,Ecole Récébédou,26
2345796,21:51:00,21:51:10,stop_point:SP_4916,Ctre Cial Portet - Entrée 5,27
2345796,21:52:00,21:52:10,stop_point:SP_2008,Palanques,28
2345796,21:53:00,21:53:10,stop_point:SP_741,Ctre Cial Portet - Entrée 1,29
2345796,21:53:00,21:53:10,stop_point:SP_311,Bd de l'Europe,30
2345796,21:54:00,21:54:10,stop_point:SP_2882,Stade,31
2345796,21:55:00,21:55:10,stop_point:SP_3831,Occitanie,32
2345796,21:55:00,21:55:10,stop_point:SP_1947,Commerce,33
2345796,21:56:00,21:56:10,stop_point:SP_1897,Bosquets,34
2345796,21:57:00,21:57:10,stop_point:SP_4522,Jean Jaurès,35
2345796,21:59:00,21:59:10,stop_point:SP_4521,Portet Gare SNCF,36
2345797,22:00:00,22:00:10,stop_point:SP_461,Empalot,1
2345797,22:02:00,22:02:10,stop_point:SP_5378,Passerelle A. Conti,2
2345797,22:02:00,22:02:10,stop_point:SP_3506,Daste,3
2345797,22:03:00,22:03:10,stop_point:SP_806,Stadium Est,4
2345797,22:04:00,22:04:10,stop_point:SP_1012,Stadium Ouest,5
2345797,22:05:00,22:05:10,stop_point:SP_3759,Croix de Pierre,6
2345797,22:06:00,22:06:10,stop_point:SP_3915,Roc,7
2345797,22:07:00,22:07:10,stop_point:SP_3822,Barrière de Muret,8
2345797,22:07:00,22:07:10,stop_point:SP_3148,Penent,9
2345797,22:08:00,22:08:10,stop_point:SP_519,Gallieni,10
2345797,22:09:00,22:09:10,stop_point:SP_1436,Langlade,11
2345797,22:10:00,22:10:10,stop_point:SP_3779,Rond-Point Langlade,12
2345797,22:11:00,22:11:10,stop_point:SP_3025,Gironis - Mémorial AZF,13
2345797,22:12:00,22:12:10,stop_point:SP_931,Marchant,14
2345797,22:12:00,22:12:10,stop_point:SP_2330,Hubert Curien,15
2345797,22:13:00,22:13:10,stop_point:SP_324,Maison Commune,16
2345797,22:14:00,22:14:10,stop_point:SP_2491,Oncopole Courrière,17
2345797,22:14:00,22:14:10,stop_point:SP_5097,Oncopole - Lise Enjalbert,18
2345797,22:14:00,22:14:10,stop_point:SP_3604,IUC,19
2345797,22:15:00,22:15:10,stop_point:SP_3185,Route d'Espagne,20
2345797,22:15:00,22:15:10,stop_point:SP_4907,Joulin,21
2345797,22:16:00,22:16:10,stop_point:SP_3258,Larrieu,22
2345797,22:18:00,22:18:10,stop_point:SP_265,Clairfont,23
2345797,22:19:00,22:19:10,stop_point:SP_1374,Frênes,24
2345797,22:20:00,22:20:10,stop_point:SP_2247,Claire Fontaine,25
2345797,22:20:00,22:20:10,stop_point:SP_4000,Ecole Récébédou,26
2345797,22:21:00,22:21:10,stop_point:SP_4916,Ctre Cial Portet - Entrée 5,27
2345797,22:22:00,22:22:10,stop_point:SP_2008,Palanques,28
2345797,22:23:00,22:23:10,stop_point:SP_741,Ctre Cial Portet - Entrée 1,29
2345797,22:23:00,22:23:10,stop_point:SP_311,Bd de l'Europe,30
2345797,22:24:00,22:24:10,stop_point:SP_2882,Stade,31
2345797,22:25:00,22:25:10,stop_point:SP_3831,Occitanie,32
2345797,22:25:00,22:25:10,stop_point:SP_1947,Commerce,33
2345797,22:26:00,22:26:10,stop_point:SP_1897,Bosquets,34
2345797,22:27:00,22:27:10,stop_point:SP_4522,Jean Jaurès,35
2345797,22:29:00,22:29:10,stop_point:SP_4521,Portet Gare SNCF,36
2345798,22:30:00,22:30:10,stop_point:SP_461,Empalot,1
2345798,22:32:00,22:32:10,stop_point:SP_5378,Passerelle A. Conti,2
2345798,22:32:00,22:32:10,stop_point:SP_3506,Daste,3
2345798,22:33:00,22:33:10,stop_point:SP_806,Stadium Est,4
2345798,22:34:00,22:34:10,stop_point:SP_1012,Stadium Ouest,5
2345798,22:35:00,22:35:10,stop_point:SP_3759,Croix de Pierre,6
2345798,22:36:00,22:36:10,stop_point:SP_3915,Roc,7
2345798,22:37:00,22:37:10,stop_point:SP_3822,Barrière de Muret,8
2345798,22:37:00,22:37:10,stop_point:SP_3148,Penent,9
2345798,22:38:00,22:38:10,stop_point:SP_519,Gallieni,10
2345798,22:39:00,22:39:10,stop_point:SP_1436,Langlade,11
2345798,22:40:00,22:40:10,stop_point:SP_3779,Rond-Point Langlade,12
2345798,22:41:00,22:41:10,stop_point:SP_3025,Gironis - Mémorial AZF,13
2345798,22:42:00,22:42:10,stop_point:SP_931,Marchant,14
2345798,22:42:00,22:42:10,stop_point:SP_2330,Hubert Curien,15
2345798,22:43:00,22:43:10,stop_point:SP_324,Maison Commune,16
2345798,22:44:00,22:44:10,stop_point:SP_2491,Oncopole Courrière,17
2345798,22:44:00,22:44:10,stop_point:SP_5097,Oncopole - Lise Enjalbert,18
2345798,22:44:00,22:44:10,stop_point:SP_3604,IUC,19
2345798,22:45:00,22:45:10,stop_point:SP_3185,Route d'Espagne,20
2345798,22:45:00,22:45:10,stop_point:SP_4907,Joulin,21
2345798,22:46:00,22:46:10,stop_point:SP_3258,Larrieu,22
2345798,22:48:00,22:48:10,stop_point:SP_265,Clairfont,23
2345798,22:49:00,22:49:10,stop_point:SP_1374,Frênes,24
2345798,22:50:00,22:50:10,stop_point:SP_2247,Claire Fontaine,25
2345798,22:50:00,22:50:10,stop_point:SP_4000,Ecole Récébédou,26
2345798,22:51:00,22:51:10,stop_point:SP_4916,Ctre Cial Portet - Entrée 5,27
2345798,22:52:00,22:52:10,stop_point:SP_2008,Palanques,28
2345798,22:53:00,22:53:10,stop_point:SP_741,Ctre Cial Portet - Entrée 1,29
2345798,22:53:00,22:53:10,stop_point:SP_311,Bd de l'Europe,30
2345798,22:54:00,22:54:10,stop_point:SP_2882,Stade,31
2345798,22:55:00,22:55:10,stop_point:SP_3831,Occitanie,32
2345798,22:55:00,22:55:10,stop_point:SP_1947,Commerce,33
2345798,22:56:00,22:56:10,stop_point:SP_1897,Bosquets,34
2345798,22:57:00,22:57:10,stop_point:SP_4522,Jean Jaurès,35
2345798,22:59:00,22:59:10,stop_point:SP_4521,Portet Gare SNCF,36
2345799,23:00:00,23:00:10,stop_point:SP_461,Empalot,1
2345799,23:02:00,23:02:10,stop_point:SP_5378,Passerelle A. Conti,2
2345799,23:02:00,23:02:10,stop_point:SP_3506,Daste,3
2345799,23:03:00,23:03:10,stop_point:SP_806,Stadium Est,4
2345799,23:04:00,23:04:10,stop_point:SP_1012,Stadium Ouest,5
2345799,23:05:00,23:05:10,stop_point:SP_3759,Croix de Pierre,6
2345799,23:06:00,23:06:10,stop_point:SP_3915,Roc,7
2345799,23:07:00,23:07:10,stop_point:SP_3822,Barrière de Muret,8
2345799,23:07:00,23:07:10,stop_point:SP_3148,Penent,9
2345799,23:08:00,23:08:10,stop_point:SP_519,Gallieni,10
2345799,23:09:00,23:09:10,stop_point:SP_1436,Langlade,11
2345799,23:10:00,23:10:10,stop_point:SP_3779,Rond-Point Langlade,12
2345799,23:11:00,23:11:10,stop_point:SP_3025,Gironis - Mémorial AZF,13
2345799,23:12:00,23:12:10,stop_point:SP_931,Marchant,14
2345799,23:12:00,23:12:10,stop_point:SP_2330,Hubert Curien,15
2345799,23:13:00,23:13:10,stop_point:SP_324,Maison Commune,16
2345799,23:14:00,23:14:10,stop_point:SP_2491,Oncopole Courrière,17
2345799,23:14:00,23:14:10,stop_point:SP_5097,Oncopole - Lise Enjalbert,18
2345799,23:14:00,23:14:10,stop_point:SP_3604,IUC,19
2345799,23:15:00,23:15:10,stop_point:SP_3185,Route d'Espagne,20
2345799,23:15:00,23:15:10,stop_point:SP_4907,Joulin,21
2345799,23:16:00,23:16:10,stop_point:SP_3258,Larrieu,22
2345799,23:18:00,23:18:10,stop_point:SP_265,Clairfont,23
2345799,23:19:00,23:19:10,stop_point:SP_1374,Frênes,24
2345799,23:20:00,23:20:10,stop_point:SP_2247,Claire Fontaine,25
2345799,23:20:00,23:20:10,stop_point:SP_4000,Ecole Récébédou,26
2345799,23:21:00,23:21:10,stop_point:SP_4916,Ctre Cial Portet - Entrée 5,27
2345799,23:22:00,23:22:10,stop_point:SP_2008,Palanques,28
2345799,23:23:00,23:23:10,stop_point:SP_741,Ctre Cial Portet - Entrée 1,29
2345799,23:23:00,23:23:10,stop_point:SP_311,Bd de l'Europe,30
2345799,23:24:00,23:24:10,stop_point:SP_2882,Stade,31
2345799,23:25:00,23:25:10,stop_point:SP_3831,Occitanie,32
2345799,23:25:00,23:25:10,stop_point:SP_1947,Commerce,33
2345799,23:26:00,23:26:10,stop_point:SP_1897,Bosquets,34
2345799,23:27:00,23:27:10,stop_point:SP_4522,Jean Jaurès,35
2345799,23:29:00,23:29:10,stop_point:SP_4521,Portet Gare SNCF,36
2345800,23:30:00,23:30:10,stop_point:SP_461,Empalot,1
2345800,23:32:00,23:32:10,stop_point:SP_5378,Passerelle A. Conti,2
2345800,23:32:00,23:32:10,stop_point:SP_3506,Daste,3
2345800,23:33:00,23:33:10,stop_point:SP_806,Stadium Est,4
2345800,23:34:00,23:34:10,stop_point:SP_1012,Stadium Ouest,5
2345800,23:35:00,23:35:10,stop_point:SP_3759,Croix de Pierre,6
2345800,23:36:00,23:36:10,stop_point:SP_3915,Roc,7
2345800,23:37:00,23:37:10,stop_point:SP_3822,Barrière de Muret,8
2345800,23:37:00,23:37:10,stop_point:SP_3148,Penent,9
2345800,23:38:00,23:38:10,stop_point:SP_519,Gallieni,10
2345800,23:39:00,23:39:10,stop_point:SP_1436,Langlade,11
2345800,23:40:00,23:40:10,stop_point:SP_3779,Rond-Point Langlade,12
2345800,23:41:00,23:41:10,stop_point:SP_3025,Gironis - Mémorial AZF,13
2345800,23:42:00,23:42:10,stop_point:SP_931,Marchant,14
2345800,23:42:00,23:42:10,stop_point:SP_2330,Hubert Curien,15
2345800,23:43:00,23:43:10,stop_point:SP_324,Maison Commune,16
2345800,23:44:00,23:44:10,stop_point:SP_2491,Oncopole Courrière,17
2345800,23:44:00,23:44:10,stop_point:SP_5097,Oncopole - Lise Enjalbert,18
2345800,23:44:00,23:44:10,stop_point:SP_3604,IUC,19
2345800,23:45:00,23:45:10,stop_point:SP_3185,Route d'Espagne,20
2345800,23:45:00,23:45:10,stop_point:SP_4907,Joulin,21
2345800,23:46:00,23:46:10,stop_point:SP_3258,Larrieu,22
2345800,23:48:00,23:48:10,stop_point:SP_265,Clairfont,23
2345800,23:49:00,23:49:10,stop_point:SP_1374,Frênes,24
2345800,23:50:00,23:50:10,stop_point:SP_2247,Claire Fontaine,25
2345800,23:50:00,23:50:10,stop_point:SP_4000,Ecole Récébédou,26
2345800,23:51:00,23:51:10,stop_point:SP_4916,Ctre Cial Portet - Entrée 5,27
2345800,23:52:00,23:52:10,stop_point:SP_2008,Palanques,28
2345800,23:53:00,23:53:10,stop_point:SP_741,Ctre Cial Portet - Entrée 1,29
2345800,23:53:00,23:53:10,stop_point:SP_311,Bd de l'Europe,30
2345800,23:54:00,23:54:10,stop_point:SP_2882,Stade,31
2345800,23:55:00,23:55:10,stop_point:SP_3831,Occitanie,32
2345800,23:55:00,23:55:10,stop_point:SP_1947,Commerce,33
2345800,23:56:00,23:56:10,stop_point:SP_1897,Bosquets,34
2345800,23:57:00,23:57:10,stop_point:SP_4522,Jean Jaurès,35
2345800,23:59:00,23:59:10,stop_point:SP_4521,Portet Gare SNCF,36
2345801,24:00:00,24:00:10,stop_point:SP_461,Empalot,1
2345801,24:02:00,24:02:10,stop_point:SP_5378,Passerelle A. Conti,2
2345801,24:02:00,24:02:10,stop_point:SP_3506,Daste,3
2345801,24:03:00,24:03:10,stop_point:SP_806,Stadium Est,4
2345801,24:04:00,24:04:10,stop_point:SP_1012,Stadium Ouest,5
2345801,24:05:00,24:05:10,stop_point:SP_3759,Croix de Pierre,6
2345801,24:06:00,24:06:10,stop_point:SP_3915,Roc,7
2345801,24:07:00,24:07:10,stop_point:SP_3822,Barrière de Muret,8
2345801,24:07:00,24:07:10,stop_point:SP_3148,Penent,9
2345801,24:08:00,24:08:10,stop_point:SP_519,Gallieni,10
2345801,24:09:00,24:09:10,stop_point:SP_1436,Langlade,11
2345801,24:10:00,24:10:10,stop_point:SP_3779,Rond-Point Langlade,12
2345801,24:11:00,24:11:10,stop_point:SP_3025,Gironis - Mémorial AZF,13
2345801,24:12:00,24:12:10,stop_point:SP_931,Marchant,14
2345801,24:12:00,24:12:10,stop_point:SP_2330,Hubert Curien,15
2345801,24:13:00,24:13:10,stop_point:SP_324,Maison Commune,16
2345801,24:14:00,24:14:10,stop_point:SP_2491,Oncopole Courrière,17
2345801,24:14:00,24:14:10,stop_point:SP_5097,Oncopole - Lise Enjalbert,18
2345801,24:14:00,24:14:10,stop_point:SP_3604,IUC,19
2345801,24:15:00,24:15:10,stop_point:SP_3185,Route d'Espagne,20
2345801,24:15:00,24:15:10,stop_point:SP_4907,Joulin,21
2345801,24:16:00,24:16:10,stop_point:SP_3258,Larrieu,22
2345801,24:18:00,24:18:10,stop_point:SP_265,Clairfont,23
2345801,24:19:00,24:19:10,stop_point:SP_1374,Frênes,24
2345801,24:20:00,24:20:10,stop_point:SP_2247,Claire Fontaine,25
2345801,24:20:00,24:20:10,stop_point:SP_4000,Ecole Récébédou,26
2345801,24:21:00,24:21:10,stop_point:SP_4916,Ctre Cial Portet - Entrée 5,27
2345801,24:22:00,24:22:10,stop_point:SP_2008,Palanques,28
2345801,24:23:00,24:23:10,stop_point:SP_741,Ctre Cial Portet - Entrée 1,29
2345801,24:23:00,24:23:10,stop_point:SP_311,Bd de l'Europe,30
2345801,24:24:00,24:24:10,stop_point:SP_2882,Stade,31
2345801,24:25:00,24:25:10,stop_point:SP_3831,Occitanie,32
2345801,24:25:00,24:25:10,stop_point:SP_1947,Commerce,33
2345801,24:26:00,24:26:10,stop_point:SP_1897,Bosquets,34
2345801,24:27:00,24:27:10,stop_point:SP_4522,Jean Jaurès,35
2345801,24:29:00,24:29:10,stop_point:SP_4521,Portet Gare SNCF,36
2345802,24:30:00,24:30:10,stop_point:SP_461,Empalot,1
2345802,24:32:00,24:32:10,stop_point:SP_5378,Passerelle A. Conti,2
2345802,24:32:00,24:32:10,stop_point:SP_3506,Daste,3
2345802,24:33:00,24:33:10,stop_point:SP_806,Stadium Est,4
2345802,24:34:00,24:34:10,stop_point:SP_1012,Stadium Ouest,5
2345802,24:35:00,24:35:10,stop_point:SP_3759,Croix de Pierre,6
2345802,24:36:00,24:36:10,stop_point:SP_3915,Roc,7
2345802,24:36:00,24:36:10,stop_point:SP_3822,Barrière de Muret,8
2345802,24:37:00,24:37:10,stop_point:SP_3148,Penent,9
2345802,24:38:00,24:38:10,stop_point:SP_519,Gallieni,10
2345802,24:38:00,24:38:10,stop_point:SP_1436,Langlade,11
2345802,24:39:00,24:39:10,stop_point:SP_3779,Rond-Point Langlade,12
2345802,24:40:00,24:40:10,stop_point:SP_3025,Gironis - Mémorial AZF,13
2345802,24:41:00,24:41:10,stop_point:SP_931,Marchant,14
2345802,24:41:00,24:41:10,stop_point:SP_2330,Hubert Curien,15
2345802,24:42:00,24:42:10,stop_point:SP_324,Maison Commune,16
2345802,24:43:00,24:43:10,stop_point:SP_2491,Oncopole Courrière,17
2345802,24:43:00,24:43:10,stop_point:SP_5097,Oncopole - Lise Enjalbert,18
2345802,24:43:00,24:43:10,stop_point:SP_3604,IUC,19
2345802,24:44:00,24:44:10,stop_point:SP_3185,Route d'Espagne,20
2345802,24:44:00,24:44:10,stop_point:SP_4907,Joulin,21
2345802,24:45:00,24:45:10,stop_point:SP_3258,Larrieu,22
2345802,24:47:00,24:47:10,stop_point:SP_265,Clairfont,23
2345802,24:48:00,24:48:10,stop_point:SP_1374,Frênes,24
2345802,24:49:00,24:49:10,stop_point:SP_2247,Claire Fontaine,25
2345802,24:49:00,24:49:10,stop_point:SP_4000,Ecole Récébédou,26
2345802,24:50:00,24:50:10,stop_point:SP_4916,Ctre Cial Portet - Entrée 5,27
2345802,24:51:00,24:51:10,stop_point:SP_2008,Palanques,28
2345802,24:52:00,24:52:10,stop_point:SP_741,Ctre Cial Portet - Entrée 1,29
2345802,24:52:00,24:52:10,stop_point:SP_311,Bd de l'Europe,30
2345802,24:53:00,24:53:10,stop_point:SP_2882,Stade,31
2345802,24:54:00,24:54:10,stop_point:SP_3831,Occitanie,32
2345802,24:54:00,24:54:10,stop_point:SP_1947,Commerce,33
2345802,24:55:00,24:55:10,stop_point:SP_1897,Bosquets,34
2345802,24:56:00,24:56:10,stop_point:SP_4522,Jean Jaurès,35
2345802,24:58:00,24:58:10,stop_point:SP_4521,Portet Gare SNCF,36
2345803,25:00:00,25:00:10,stop_point:SP_461,Empalot,1
2345803,25:02:00,25:02:10,stop_point:SP_5378,Passerelle A. Conti,2
2345803,25:02:00,25:02:10,stop_point:SP_3506,Daste,3
2345803,25:03:00,25:03:10,stop_point:SP_806,Stadium Est,4
2345803,25:04:00,25:04:10,stop_point:SP_1012,Stadium Ouest,5
2345803,25:05:00,25:05:10,stop_point:SP_3759,Croix de Pierre,6
2345803,25:06:00,25:06:10,stop_point:SP_3915,Roc,7
2345803,25:06:00,25:06:10,stop_point:SP_3822,Barrière de Muret,8
2345803,25:07:00,25:07:10,stop_point:SP_3148,Penent,9
2345803,25:08:00,25:08:10,stop_point:SP_519,Gallieni,10
2345803,25:08:00,25:08:10,stop_point:SP_1436,Langlade,11
2345803,25:09:00,25:09:10,stop_point:SP_3779,Rond-Point Langlade,12
2345803,25:10:00,25:10:10,stop_point:SP_3025,Gironis - Mémorial AZF,13
2345803,25:11:00,25:11:10,stop_point:SP_931,Marchant,14
2345803,25:11:00,25:11:10,stop_point:SP_2330,Hubert Curien,15
2345803,25:12:00,25:12:10,stop_point:SP_324,Maison Commune,16
2345803,25:13:00,25:13:10,stop_point:SP_2491,Oncopole Courrière,17
2345803,25:13:00,25:13:10,stop_point:SP_5097,Oncopole - Lise Enjalbert,18
2345803,25:13:00,25:13:10,stop_point:SP_3604,IUC,19
2345803,25:14:00,25:14:10,stop_point:SP_3185,Route d'Espagne,20
2345803,25:14:00,25:14:10,stop_point:SP_4907,Joulin,21
2345803,25:15:00,25:15:10,stop_point:SP_3258,Larrieu,22
2345803,25:17:00,25:17:10,stop_point:SP_265,Clairfont,23
2345803,25:18:00,25:18:10,stop_point:SP_1374,Frênes,24
2345803,25:19:00,25:19:10,stop_point:SP_2247,Claire Fontaine,25
2345803,25:19:00,25:19:10,stop_point:SP_4000,Ecole Récébédou,26
2345803,25:20:00,25:20:10,stop_point:SP_4916,Ctre Cial Portet - Entrée 5,27
2345803,25:21:00,25:21:10,stop_point:SP_2008,Palanques,28
2345803,25:22:00,25:22:10,stop_point:SP_741,Ctre Cial Portet - Entrée 1,29
2345803,25:22:00,25:22:10,stop_point:SP_311,Bd de l'Europe,30
2345803,25:23:00,25:23:10,stop_point:SP_2882,Stade,31
2345803,25:24:00,25:24:10,stop_point:SP_3831,Occitanie,32
2345803,25:24:00,25:24:10,stop_point:SP_1947,Commerce,33
2345803,25:25:00,25:25:10,stop_point:SP_1897,Bosquets,34
2345803,25:26:00,25:26:10,stop_point:SP_4522,Jean Jaurès,35
2345803,25:28:00,25:28:10,stop_point:SP_4521,Portet Gare SNCF,36
2345804,05:40:00,05:40:10,stop_point:SP_4521,Portet Gare SNCF,1
2345804,05:42:00,05:42:10,stop_point:SP_4529,Jean Jaurès,2
2345804,05:43:00,05:43:10,stop_point:SP_4773,Désiré,3
2345804,05:44:00,05:44:10,stop_point:SP_70,Eglise de Portet,4
2345804,05:45:00,05:45:10,stop_point:SP_1427,Commerce,5
2345804,05:45:00,05:45:10,stop_point:SP_1451,Occitanie,6
2345804,05:46:00,05:46:10,stop_point:SP_2980,Stade,7
2345804,05:47:00,05:47:10,stop_point:SP_3234,Bd de l'Europe,8
2345804,05:48:00,05:48:10,stop_point:SP_2173,Ctre Cial Portet - Entrée 1,9
2345804,05:49:00,05:49:10,stop_point:SP_1454,Palanques,10
2345804,05:49:00,05:49:10,stop_point:SP_4410,Ctre Cial Portet - Entrée 5,11
2345804,05:50:00,05:50:10,stop_point:SP_2564,Ecole Récébédou,12
2345804,05:50:00,05:50:10,stop_point:SP_795,Claire Fontaine,13
2345804,05:51:00,05:51:10,stop_point:SP_415,Frênes,14
2345804,05:52:00,05:52:10,stop_point:SP_4940,Clairfont,15
2345804,05:54:00,05:54:10,stop_point:SP_320,Larrieu,16
2345804,05:55:00,05:55:10,stop_point:SP_4906,Joulin,17
2345804,05:55:00,05:55:10,stop_point:SP_3681,Route d'Espagne,18
2345804,05:56:00,05:56:10,stop_point:SP_2892,IUC,19
2345804,05:56:00,05:56:10,stop_point:SP_5096,Oncopole - Lise Enjalbert,20
2345804,05:57:00,05:57:10,stop_point:SP_2663,Oncopole Courrière,21
2345804,05:58:00,05:58:10,stop_point:SP_116,Maison Commune,22
2345804,05:58:00,05:58:10,stop_point:SP_1334,Hubert Curien,23
2345804,05:59:00,05:59:10,stop_point:SP_1973,Marchant,24
2345804,06:00:00,06:00:10,stop_point:SP_3988,Gironis - Mémorial AZF,25
2345804,06:01:00,06:01:10,stop_point:SP_3430,Rond-Point Langlade,26
2345804,06:02:00,06:02:10,stop_point:SP_657,Langlade,27
2345804,06:03:00,06:03:10,stop_point:SP_1579,Gallieni,28
2345804,06:04:00,06:04:10,stop_point:SP_1859,Penent,29
2345804,06:04:00,06:04:10,stop_point:SP_3122,Barrière de Muret,30
2345804,06:05:00,06:05:10,stop_point:SP_3422,Roc,31
2345804,06:06:00,06:06:10,stop_point:SP_1188,Croix de Pierre,32
2345804,06:07:00,06:07:10,stop_point:SP_58,Stadium Ouest,33
2345804,06:08:00,06:08:10,stop_point:SP_3098,Stadium Est,34
2345804,06:10:00,06:10:10,stop_point:SP_461,Empalot,35
2345805,06:10:00,06:10:10,stop_point:SP_4521,Portet Gare SNCF,1
2345805,06:12:00,06:12:10,stop_point:SP_4529,Jean Jaurès,2
2345805,06:13:00,06:13:10,stop_point:SP_4773,Désiré,3
2345805,06:14:00,06:14:10,stop_point:SP_70,Eglise de Portet,4
2345805,06:15:00,06:15:10,stop_point:SP_1427,Commerce,5
2345805,06:15:00,06:15:10,stop_point:SP_1451,Occitanie,6
2345805,06:16:00,06:16:10,stop_point:SP_2980,Stade,7
2345805,06:17:00,06:17:10,stop_point:SP_3234,Bd de l'Europe,8
2345805,06:18:00,06:18:10,stop_point:SP_2173,Ctre Cial Portet - Entrée 1,9
2345805,06:19:00,06:19:10,stop_point:SP_1454,Palanques,10
2345805,06:19:00,06:19:10,stop_point:SP_4410,Ctre Cial Portet - Entrée 5,11
2345805,06:20:00,06:20:10,stop_point:SP_2564,Ecole Récébédou,12
2345805,06:20:00,06:20:10,stop_point:SP_795,Claire Fontaine,13
2345805,06:21:00,06:21:10,stop_point:SP_415,Frênes,14
2345805,06:22:00,06:22:10,stop_point:SP_4940,Clairfont,15
2345805,06:24:00,06:24:10,stop_point:SP_320,Larrieu,16
2345805,06:25:00,06:25:10,stop_point:SP_4906,Joulin,17
2345805,06:25:00,06:25:10,stop_point:SP_3681,Route d'Espagne,18
2345805,06:26:00,06:26:10,stop_point:SP_2892,IUC,19
2345805,06:26:00,06:26:10,stop_point:SP_5096,Oncopole - Lise Enjalbert,20
2345805,06:27:00,06:27:10,stop_point:SP_2663,Oncopole Courrière,21
2345805,06:28:00,06:28:10,stop_point:SP_116,Maison Commune,22
2345805,06:28:00,06:28:10,stop_point:SP_1334,Hubert Curien,23
2345805,06:29:00,06:29:10,stop_point:SP_1973,Marchant,24
2345805,06:30:00,06:30:10,stop_point:SP_3988,Gironis - Mémorial AZF,25
2345805,06:31:00,06:31:10,stop_point:SP_3430,Rond-Point Langlade,26
2345805,06:32:00,06:32:10,stop_point:SP_657,Langlade,27
2345805,06:33:00,06:33:10,stop_point:SP_1579,Gallieni,28
2345805,06:34:00,06:34:10,stop_point:SP_1859,Penent,29
2345805,06:34:00,06:34:10,stop_point:SP_3122,Barrière de Muret,30
2345805,06:35:00,06:35:10,stop_point:SP_3422,Roc,31
2345805,06:36:00,06:36:10,stop_point:SP_1188,Croix de Pierre,32
2345805,06:37:00,06:37:10,stop_point:SP_58,Stadium Ouest,33
2345805,06:38:00,06:38:10,stop_point:SP_3098,Stadium Est,34
2345805,06:40:00,06:40:10,stop_point:SP_461,Empalot,35
2345806,06:40:00,06:40:10,stop_point:SP_4521,Portet Gare SNCF,1
2345806,06:42:00,06:42:10,stop_point:SP_4529,Jean Jaurès,2
2345806,06:43:00,06:43:10,stop_point:SP_4773,Désiré,3
2345806,06:44:00,06:44:10,stop_point:SP_70,Eglise de Portet,4
2345806,06:45:00,06:45:10,stop_point:SP_1427,Commerce,5
2345806,06:45:00,06:45:10,stop_point:SP_1451,Occitanie,6
2345806,06:46:00,06:46:10,stop_point:SP_2980,Stade,7
2345806,06:47:00,06:47:10,stop_point:SP_3234,Bd de l'Europe,8
2345806,06:48:00,06:48:10,stop_point:SP_2173,Ctre Cial Portet - Entrée 1,9
2345806,06:49:00,06:49:10,stop_point:SP_1454,Palanques,10
2345806,06:49:00,06:49:10,stop_point:SP_4410,Ctre Cial Portet - Entrée 5,11
2345806,06:50:00,06:50:10,stop_point:SP_2564,Ecole Récébédou,12
2345806,06:50:00,06:50:10,stop_point:SP_795,Claire Fontaine,13
2345806,06:51:00,06:51:10,stop_point:SP_415,Frênes,14
2345806,06:52:00,06:52:10,stop_point:SP_4940,Clairfont,15
2345806,06:54:00,06:54:10,stop_point:SP_320,Larrieu,16
2345806,06:55:00,06:55:10,stop_point:SP_4906,Joulin,17
2345806,06:55:00,06:55:10,stop_point:SP_3681,Route d'Espagne,18
2345806,06:56:00,06:56:10,stop_point:SP_2892,IUC,19
2345806,06:56:00,06:56:10,stop_point:SP_5096,Oncopole - Lise Enjalbert,20
2345806,06:57:00,06:57:10,stop_point:SP_2663,Oncopole Courrière,21
2345806,06:58:00,06:58:10,stop_point:SP_116,Maison Commune,22
2345806,06:58:00,06:58:10,stop_point:SP_1334,Hubert Curien,23
2345806,06:59:00,06:59:10,stop_point:SP_1973,Marchant,24
2345806,07:00:00,07:00:10,stop_point:SP_3988,Gironis - Mémorial AZF,25
2345806,07:01:00,07:01:10,stop_point:SP_3430,Rond-Point Langlade,26
2345806,07:02:00,07:02:10,stop_point:SP_657,Langlade,27
2345806,07:03:00,07:03:10,stop_point:SP_1579,Gallieni,28
2345806,07:04:00,07:04:10,stop_point:SP_1859,Penent,29
2345806,07:04:00,07:04:10,stop_point:SP_3122,Barrière de Muret,30
2345806,07:05:00,07:05:10,stop_point:SP_3422,Roc,31
2345806,07:06:00,07:06:10,stop_point:SP_1188,Croix de Pierre,32
2345806,07:07:00,07:07:10,stop_point:SP_58,Stadium Ouest,33
2345806,07:08:00,07:08:10,stop_point:SP_3098,Stadium Est,34
2345806,07:11:00,07:11:10,stop_point:SP_461,Empalot,35
2345807,07:05:00,07:05:10,stop_point:SP_4521,Portet Gare SNCF,1
2345807,07:07:00,07:07:10,stop_point:SP_4529,Jean Jaurès,2
2345807,07:08:00,07:08:10,stop_point:SP_4773,Désiré,3
2345807,07:09:00,07:09:10,stop_point:SP_70,Eglise de Portet,4
2345807,07:10:00,07:10:10,stop_point:SP_1427,Commerce,5
2345807,07:10:00,07:10:10,stop_point:SP_1451,Occitanie,6
2345807,07:11:00,07:11:10,stop_point:SP_2980,Stade,7
2345807,07:12:00,07:12:10,stop_point:SP_3234,Bd de l'Europe,8
2345807,07:13:00,07:13:10,stop_point:SP_2173,Ctre Cial Portet - Entrée 1,9
2345807,07:14:00,07:14:10,stop_point:SP_1454,Palanques,10
2345807,07:14:00,07:14:10,stop_point:SP_4410,Ctre Cial Portet - Entrée 5,11
2345807,07:15:00,07:15:10,stop_point:SP_2564,Ecole Récébédou,12
2345807,07:15:00,07:15:10,stop_point:SP_795,Claire Fontaine,13
2345807,07:16:00,07:16:10,stop_point:SP_415,Frênes,14
2345807,07:17:00,07:17:10,stop_point:SP_4940,Clairfont,15
2345807,07:19:00,07:19:10,stop_point:SP_320,Larrieu,16
2345807,07:20:00,07:20:10,stop_point:SP_4906,Joulin,17
2345807,07:20:00,07:20:10,stop_point:SP_3681,Route d'Espagne,18
2345807,07:21:00,07:21:10,stop_point:SP_2892,IUC,19
2345807,07:21:00,07:21:10,stop_point:SP_5096,Oncopole - Lise Enjalbert,20
2345807,07:22:00,07:22:10,stop_point:SP_2663,Oncopole Courrière,21
2345807,07:23:00,07:23:10,stop_point:SP_116,Maison Commune,22
2345807,07:23:00,07:23:10,stop_point:SP_1334,Hubert Curien,23
2345807,07:24:00,07:24:10,stop_point:SP_1973,Marchant,24
2345807,07:25:00,07:25:10,stop_point:SP_3988,Gironis - Mémorial AZF,25
2345807,07:26:00,07:26:10,stop_point:SP_3430,Rond-Point Langlade,26
2345807,07:27:00,07:27:10,stop_point:SP_657,Langlade,27
2345807,07:28:00,07:28:10,stop_point:SP_1579,Gallieni,28
2345807,07:29:00,07:29:10,stop_point:SP_1859,Penent,29
2345807,07:29:00,07:29:10,stop_point:SP_3122,Barrière de Muret,30
2345807,07:30:00,07:30:10,stop_point:SP_3422,Roc,31
2345807,07:31:00,07:31:10,stop_point:SP_1188,Croix de Pierre,32
2345807,07:32:00,07:32:10,stop_point:SP_58,Stadium Ouest,33
2345807,07:33:00,07:33:10,stop_point:SP_3098,Stadium Est,34
2345807,07:36:00,07:36:10,stop_point:SP_461,Empalot,35
2345808,07:25:00,07:25:10,stop_point:SP_4521,Portet Gare SNCF,1
2345808,07:27:00,07:27:10,stop_point:SP_4529,Jean Jaurès,2
2345808,07:28:00,07:28:10,stop_point:SP_4773,Désiré,3
2345808,07:29:00,07:29:10,stop_point:SP_70,Eglise de Portet,4
2345808,07:30:00,07:30:10,stop_point:SP_1427,Commerce,5
2345808,07:30:00,07:30:10,stop_point:SP_1451,Occitanie,6
2345808,07:31:00,07:31:10,stop_point:SP_2980,Stade,7
2345808,07:32:00,07:32:10,stop_point:SP_3234,Bd de l'Europe,8
2345808,07:33:00,07:33:10,stop_point:SP_2173,Ctre Cial Portet - Entrée 1,9
2345808,07:34:00,07:34:10,stop_point:SP_1454,Palanques,10
2345808,07:34:00,07:34:10,stop_point:SP_4410,Ctre Cial Portet - Entrée 5,11
2345808,07:35:00,07:35:10,stop_point:SP_2564,Ecole Récébédou,12
2345808,07:35:00,07:35:10,stop_point:SP_795,Claire Fontaine,13
2345808,07:36:00,07:36:10,stop_point:SP_415,Frênes,14
2345808,07:37:00,07:37:10,stop_point:SP_4940,Clairfont,15
2345808,07:39:00,07:39:10,stop_point:SP_320,Larrieu,16
2345808,07:40:00,07:40:10,stop_point:SP_4906,Joulin,17
2345808,07:40:00,07:40:10,stop_point:SP_3681,Route d'Espagne,18
2345808,07:41:00,07:41:10,stop_point:SP_2892,IUC,19
2345808,07:41:00,07:41:10,stop_point:SP_5096,Oncopole - Lise Enjalbert,20
2345808,07:42:00,07:42:10,stop_point:SP_2663,Oncopole Courrière,21
2345808,07:43:00,07:43:10,stop_point:SP_116,Maison Commune,22
2345808,07:43:00,07:43:10,stop_point:SP_1334,Hubert Curien,23
2345808,07:44:00,07:44:10,stop_point:SP_1973,Marchant,24
2345808,07:45:00,07:45:10,stop_point:SP_3988,Gironis - Mémorial AZF,25
2345808,07:46:00,07:46:10,stop_point:SP_3430,Rond-Point Langlade,26
2345808,07:47:00,07:47:10,stop_point:SP_657,Langlade,27
2345808,07:48:00,07:48:10,stop_point:SP_1579,Gallieni,28
2345808,07:49:00,07:49:10,stop_point:SP_1859,Penent,29
2345808,07:49:00,07:49:10,stop_point:SP_3122,Barrière de Muret,30
2345808,07:50:00,07:50:10,stop_point:SP_3422,Roc,31
2345808,07:51:00,07:51:10,stop_point:SP_1188,Croix de Pierre,32
2345808,07:52:00,07:52:10,stop_point:SP_58,Stadium Ouest,33
2345808,07:53:00,07:53:10,stop_point:SP_3098,Stadium Est,34
2345808,07:56:00,07:56:10,stop_point:SP_461,Empalot,35
2345809,07:45:00,07:45:10,stop_point:SP_4521,Portet Gare SNCF,1
2345809,07:47:00,07:47:10,stop_point:SP_4529,Jean Jaurès,2
2345809,07:48:00,07:48:10,stop_point:SP_4773,Désiré,3
2345809,07:49:00,07:49:10,stop_point:SP_70,Eglise de Portet,4
2345809,07:50:00,07:50:10,stop_point:SP_1427,Commerce,5
2345809,07:50:00,07:50:10,stop_point:SP_1451,Occitanie,6
2345809,07:51:00,07:51:10,stop_point:SP_2980,Stade,7
2345809,07:52:00,07:52:10,stop_point:SP_3234,Bd de l'Europe,8
2345809,07:53:00,07:53:10,stop_point:SP_2173,Ctre Cial Portet - Entrée 1,9
2345809,07:54:00,07:54:10,stop_point:SP_1454,Palanques,10
2345809,07:54:00,07:54:10,stop_point:SP_4410,Ctre Cial Portet - Entrée 5,11
2345809,07:55:00,07:55:10,stop_point:SP_2564,Ecole Récébédou,12
2345809,07:55:00,07:55:10,stop_point:SP_795,Claire Fontaine,13
2345809,07:56:00,07:56:10,stop_point:SP_415,Frênes,14
2345809,07:57:00,07:57:10,stop_point:SP_4940,Clairfont,15
2345809,07:59:00,07:59:10,stop_point:SP_320,Larrieu,16
2345809,08:00:00,08:00:10,stop_point:SP_4906,Joulin,17
2345809,08:00:00,08:00:10,stop_point:SP_3681,Route d'Espagne,18
2345809,08:01:00,08:01:10,stop_point:SP_2892,IUC,19
2345809,08:01:00,08:01:10,stop_point:SP_5096,Oncopole - Lise Enjalbert,20
2345809,08:02:00,08:02:10,stop_point:SP_2663,Oncopole Courrière,21
2345809,08:03:00,08:03:10,stop_point:SP_116,Maison Commune,22
2345809,08:03:00,08:03:10,stop_point:SP_1334,Hubert Curien,23
2345809,08:04:00,08:04:10,stop_point:SP_1973,Marchant,24
2345809,08:05:00,08:05:10,stop_point:SP_3988,Gironis - Mémorial AZF,25
2345809,08:06:00,08:06:10,stop_point:SP_3430,Rond-Point Langlade,26
2345809,08:07:00,08:07:10,stop_point:SP_657,Langlade,27
2345809,08:08:00,08:08:10,stop_point:SP_1579,Gallieni,28
2345809,08:09:00,08:09:10,stop_point:SP_1859,Penent,29
2345809,08:09:00,08:09:10,stop_point:SP_3122,Barrière de Muret,30
2345809,08:10:00,08:10:10,stop_point:SP_3422,Roc,31
2345809,08:11:00,08:11:10,stop_point:SP_1188,Croix de Pierre,32
2345809,08:12:00,08:12:10,stop_point:SP_58,Stadium Ouest,33
2345809,08:13:00,08:13:10,stop_point:SP_3098,Stadium Est,34
2345809,08:16:00,08:16:10,stop_point:SP_461,Empalot,35
2345810,08:05:00,08:05:10,stop_point:SP_4521,Portet Gare SNCF,1
2345810,08:07:00,08:07:10,stop_point:SP_4529,Jean Jaurès,2
2345810,08:08:00,08:08:10,stop_point:SP_4773,Désiré,3
2345810,08:09:00,08:09:10,stop_point:SP_70,Eglise de Portet,4
2345810,08:10:00,08:10:10,stop_point:SP_1427,Commerce,5
2345810,08:11:00,08:11:10,stop_point:SP_1451,Occitanie,6
2345810,08:12:00,08:12:10,stop_point:SP_2980,Stade,7
2345810,08:13:00,08:13:10,stop_point:SP_3234,Bd de l'Europe,8
2345810,08:14:00,08:14:10,stop_point:SP_2173,Ctre Cial Portet - Entrée 1,9
2345810,08:15:00,08:15:10,stop_point:SP_1454,Palanques,10
2345810,08:15:00,08:15:10,stop_point:SP_4410,Ctre Cial Portet - Entrée 5,11
2345810,08:16:00,08:16:10,stop_point:SP_2564,Ecole Récébédou,12
2345810,08:16:00,08:16:10,stop_point:SP_795,Claire Fontaine,13
2345810,08:17:00,08:17:10,stop_point:SP_415,Frênes,14
2345810,08:18:00,08:18:10,stop_point:SP_4940,Clairfont,15
2345810,08:20:00,08:20:10,stop_point:SP_320,Larrieu,16
2345810,08:21:00,08:21:10,stop_point:SP_4906,Joulin,17
2345810,08:21:00,08:21:10,stop_point:SP_3681,Route d'Espagne,18
2345810,08:22:00,08:22:10,stop_point:SP_2892,IUC,19
2345810,08:22:00,08:22:10,stop_point:SP_5096,Oncopole - Lise Enjalbert,20
2345810,08:23:00,08:23:10,stop_point:SP_2663,Oncopole Courrière,21
2345810,08:24:00,08:24:10,stop_point:SP_116,Maison Commune,22
2345810,08:24:00,08:24:10,stop_point:SP_1334,Hubert Curien,23
2345810,08:25:00,08:25:10,stop_point:SP_1973,Marchant,24
2345810,08:26:00,08:26:10,stop_point:SP_3988,Gironis - Mémorial AZF,25
2345810,08:27:00,08:27:10,stop_point:SP_3430,Rond-Point Langlade,26
2345810,08:28:00,08:28:10,stop_point:SP_657,Langlade,27
2345810,08:29:00,08:29:10,stop_point:SP_1579,Gallieni,28
2345810,08:30:00,08:30:10,stop_point:SP_1859,Penent,29
2345810,08:30:00,08:30:10,stop_point:SP_3122,Barrière de Muret,30
2345810,08:31:00,08:31:10,stop_point:SP_3422,Roc,31
2345810,08:32:00,08:32:10,stop_point:SP_1188,Croix de Pierre,32
2345810,08:33:00,08:33:10,stop_point:SP_58,Stadium Ouest,33
2345810,08:34:00,08:34:10,stop_point:SP_3098,Stadium Est,34
2345810,08:37:00,08:37:10,stop_point:SP_461,Empalot,35
2345811,08:25:00,08:25:10,stop_point:SP_4521,Portet Gare SNCF,1
2345811,08:27:00,08:27:10,stop_point:SP_4529,Jean Jaurès,2
2345811,08:28:00,08:28:10,stop_point:SP_4773,Désiré,3
2345811,08:29:00,08:29:10,stop_point:SP_70,Eglise de Portet,4
2345811,08:30:00,08:30:10,stop_point:SP_1427,Commerce,5
2345811,08:31:00,08:31:10,stop_point:SP_1451,Occitanie,6
2345811,08:32:00,08:32:10,stop_point:SP_2980,Stade,7
2345811,08:33:00,08:33:10,stop_point:SP_3234,Bd de l'Europe,8
2345811,08:34:00,08:34:10,stop_point:SP_2173,Ctre Cial Portet - Entrée 1,9
2345811,08:35:00,08:35:10,stop_point:SP_1454,Palanques,10
2345811,08:35:00,08:35:10,stop_point:SP_4410,Ctre Cial Portet - Entrée 5,11
2345811,08:36:00,08:36:10,stop_point:SP_2564,Ecole Récébédou,12
2345811,08:36:00,08:36:10,stop_point:SP_795,Claire Fontaine,13
2345811,08:37:00,08:37:10,stop_point:SP_415,Frênes,14
2345811,08:38:00,08:38:10,stop_point:SP_4940,Clairfont,15
2345811,08:40:00,08:40:10,stop_point:SP_320,Larrieu,16
2345811,08:41:00,08:41:10,stop_point:SP_4906,Joulin,17
2345811,08:41:00,08:41:10,stop_point:SP_3681,Route d'Espagne,18
2345811,08:42:00,08:42:10,stop_point:SP_2892,IUC,19
2345811,08:42:00,08:42:10,stop_point:SP_5096,Oncopole - Lise Enjalbert,20
2345811,08:43:00,08:43:10,stop_point:SP_2663,Oncopole Courrière,21
2345811,08:44:00,08:44:10,stop_point:SP_116,Maison Commune,22
2345811,08:44:00,08:44:10,stop_point:SP_1334,Hubert Curien,23
2345811,08:45:00,08:45:10,stop_point:SP_1973,Marchant,24
2345811,08:46:00,08:46:10,stop_point:SP_3988,Gironis - Mémorial AZF,25
2345811,08:47:00,08:47:10,stop_point:SP_3430,Rond-Point Langlade,26
2345811,08:48:00,08:48:10,stop_point:SP_657,Langlade,27
2345811,08:49:00,08:49:10,stop_point:SP_1579,Gallieni,28
2345811,08:50:00,08:50:10,stop_point:SP_1859,Penent,29
2345811,08:50:00,08:50:10,stop_point:SP_3122,Barrière de Muret,30
2345811,08:51:00,08:51:10,stop_point:SP_3422,Roc,31
2345811,08:52:00,08:52:10,stop_point:SP_1188,Croix de Pierre,32
2345811,08:53:00,08:53:10,stop_point:SP_58,Stadium Ouest,33
2345811,08:54:00,08:54:10,stop_point:SP_3098,Stadium Est,34
2345811,08:57:00,08:57:10,stop_point:SP_461,Empalot,35
2345812,08:45:00,08:45:10,stop_point:SP_4521,Portet Gare SNCF,1
2345812,08:47:00,08:47:10,stop_point:SP_4529,Jean Jaurès,2
2345812,08:48:00,08:48:10,stop_point:SP_4773,Désiré,3
2345812,08:49:00,08:49:10,stop_point:SP_70,Eglise de Portet,4
2345812,08:50:00,08:50:10,stop_point:SP_1427,Commerce,5
2345812,08:51:00,08:51:10,stop_point:SP_1451,Occitanie,6
2345812,08:52:00,08:52:10,stop_point:SP_2980,Stade,7
2345812,08:53:00,08:53:10,stop_point:SP_3234,Bd de l'Europe,8
2345812,08:54:00,08:54:10,stop_point:SP_2173,Ctre Cial Portet - Entrée 1,9
2345812,08:55:00,08:55:10,stop_point:SP_1454,Palanques,10
2345812,08:55:00,08:55:10,stop_point:SP_4410,Ctre Cial Portet - Entrée 5,11
2345812,08:56:00,08:56:10,stop_point:SP_2564,Ecole Récébédou,12
2345812,08:56:00,08:56:10,stop_point:SP_795,Claire Fontaine,13
2345812,08:57:00,08:57:10,stop_point:SP_415,Frênes,14
2345812,08:58:00,08:58:10,stop_point:SP_4940,Clairfont,15
2345812,09:00:00,09:00:10,stop_point:SP_320,Larrieu,16
2345812,09:01:00,09:01:10,stop_point:SP_4906,Joulin,17
2345812,09:01:00,09:01:10,stop_point:SP_3681,Route d'Espagne,18
2345812,09:02:00,09:02:10,stop_point:SP_2892,IUC,19
2345812,09:02:00,09:02:10,stop_point:SP_5096,Oncopole - Lise Enjalbert,20
2345812,09:03:00,09:03:10,stop_point:SP_2663,Oncopole Courrière,21
2345812,09:04:00,09:04:10,stop_point:SP_116,Maison Commune,22
2345812,09:04:00,09:04:10,stop_point:SP_1334,Hubert Curien,23
2345812,09:05:00,09:05:10,stop_point:SP_1973,Marchant,24
2345812,09:06:00,09:06:10,stop_point:SP_3988,Gironis - Mémorial AZF,25
2345812,09:07:00,09:07:10,stop_point:SP_3430,Rond-Point Langlade,26
2345812,09:09:00,09:09:10,stop_point:SP_657,Langlade,27
2345812,09:09:00,09:09:10,stop_point:SP_1579,Gallieni,28
2345812,09:10:00,09:10:10,stop_point:SP_1859,Penent,29
2345812,09:11:00,09:11:10,stop_point:SP_3122,Barrière de Muret,30
2345812,09:12:00,09:12:10,stop_point:SP_3422,Roc,31
2345812,09:13:00,09:13:10,stop_point:SP_1188,Croix de Pierre,32
2345812,09:14:00,09:14:10,stop_point:SP_58,Stadium Ouest,33
2345812,09:15:00,09:15:10,stop_point:SP_3098,Stadium Est,34
2345812,09:18:00,09:18:10,stop_point:SP_461,Empalot,35
2345813,09:05:00,09:05:10,stop_point:SP_4521,Portet Gare SNCF,1
2345813,09:07:00,09:07:10,stop_point:SP_4529,Jean Jaurès,2
2345813,09:08:00,09:08:10,stop_point:SP_4773,Désiré,3
2345813,09:09:00,09:09:10,stop_point:SP_70,Eglise de Portet,4
2345813,09:10:00,09:10:10,stop_point:SP_1427,Commerce,5
2345813,09:11:00,09:11:10,stop_point:SP_1451,Occitanie,6
2345813,09:12:00,09:12:10,stop_point:SP_2980,Stade,7
2345813,09:13:00,09:13:10,stop_point:SP_3234,Bd de l'Europe,8
2345813,09:14:00,09:14:10,stop_point:SP_2173,Ctre Cial Portet - Entrée 1,9
2345813,09:15:00,09:15:10,stop_point:SP_1454,Palanques,10
2345813,09:15:00,09:15:10,stop_point:SP_4410,Ctre Cial Portet - Entrée 5,11
2345813,09:16:00,09:16:10,stop_point:SP_2564,Ecole Récébédou,12
2345813,09:16:00,09:16:10,stop_point:SP_795,Claire Fontaine,13
2345813,09:17:00,09:17:10,stop_point:SP_415,Frênes,14
2345813,09:18:00,09:18:10,stop_point:SP_4940,Clairfont,15
2345813,09:20:00,09:20:10,stop_point:SP_320,Larrieu,16
2345813,09:21:00,09:21:10,stop_point:SP_4906,Joulin,17
2345813,09:21:00,09:21:10,stop_point:SP_3681,Route d'Espagne,18
2345813,09:22:00,09:22:10,stop_point:SP_2892,IUC,19
2345813,09:22:00,09:22:10,stop_point:SP_5096,Oncopole - Lise Enjalbert,20
2345813,09:23:00,09:23:10,stop_point:SP_2663,Oncopole Courrière,21
2345813,09:24:00,09:24:10,stop_point:SP_116,Maison Commune,22
2345813,09:24:00,09:24:10,stop_point:SP_1334,Hubert Curien,23
2345813,09:25:00,09:25:10,stop_point:SP_1973,Marchant,24
2345813,09:26:00,09:26:10,stop_point:SP_3988,Gironis - Mémorial AZF,25
2345813,09:27:00,09:27:10,stop_point:SP_3430,Rond-Point Langlade,26
2345813,09:29:00,09:29:10,stop_point:SP_657,Langlade,27
2345813,09:29:00,09:29:10,stop_point:SP_1579,Gallieni,28
2345813,09:30:00,09:30:10,stop_point:SP_1859,Penent,29
2345813,09:31:00,09:31:10,stop_point:SP_3122,Barrière de Muret,30
2345813,09:32:00,09:32:10,stop_point:SP_3422,Roc,31
2345813,09:33:00,09:33:10,stop_point:SP_1188,Croix de Pierre,32
2345813,09:34:00,09:34:10,stop_point:SP_58,Stadium Ouest,33
2345813,09:35:00,09:35:10,stop_point:SP_3098,Stadium Est,34
2345813,09:38:00,09:38:10,stop_point:SP_461,Empalot,35
2345814,09:25:00,09:25:10,stop_point:SP_4521,Portet Gare SNCF,1
2345814,09:27:00,09:27:10,stop_point:SP_4529,Jean Jaurès,2
2345814,09:28:00,09:28:10,stop_point:SP_4773,Désiré,3
2345814,09:29:00,09:29:10,stop_point:SP_70,Eglise de Portet,4
2345814,09:30:00,09:30:10,stop_point:SP_1427,Commerce,5
2345814,09:31:00,09:31:10,stop_point:SP_1451,Occitanie,6
2345814,09:32:00,09:32:10,stop_point:SP_2980,Stade,7
2345814,09:33:00,09:33:10,stop_point:SP_3234,Bd de l'Europe,8
2345814,09:34:00,09:34:10,stop_point:SP_2173,Ctre Cial Portet - Entrée 1,9
2345814,09:35:00,09:35:10,stop_point:SP_1454,Palanques,10
2345814,09:35:00,09:35:10,stop_point:SP_4410,Ctre Cial Portet - Entrée 5,11
2345814,09:36:00,09:36:10,stop_point:SP_2564,Ecole Récébédou,12
2345814,09:36:00,09:36:10,stop_point:SP_795,Claire Fontaine,13
2345814,09:37:00,09:37:10,stop_point:SP_415,Frênes,14
2345814,09:38:00,09:38:10,stop_point:SP_4940,Clairfont,15
2345814,09:40:00,09:40:10,stop_point:SP_320,Larrieu,16
2345814,09:41:00,09:41:10,stop_point:SP_4906,Joulin,17
2345814,09:41:00,09:41:10,stop_point:SP_3681,Route d'Espagne,18
2345814,09:42:00,09:42:10,stop_point:SP_2892,IUC,19
2345814,09:42:00,09:42:10,stop_point:SP_5096,Oncopole - Lise Enjalbert,20
2345814,09:43:00,09:43:10,stop_point:SP_2663,Oncopole Courrière,21
2345814,09:44:00,09:44:10,stop_point:SP_116,Maison Commune,22
2345814,09:44:00,09:44:10,stop_point:SP_1334,Hubert Curien,23
2345814,09:45:00,09:45:10,stop_point:SP_1973,Marchant,24
2345814,09:46:00,09:46:10,stop_point:SP_3988,Gironis - Mémorial AZF,25
2345814,09:47:00,09:47:10,stop_point:SP_3430,Rond-Point Langlade,26
2345814,09:49:00,09:49:10,stop_point:SP_657,Langlade,27
2345814,09:49:00,09:49:10,stop_point:SP_1579,Gallieni,28
2345814,09:50:00,09:50:10,stop_point:SP_1859,Penent,29
2345814,09:51:00,09:51:10,stop_point:SP_3122,Barrière de Muret,30
2345814,09:52:00,09:52:10,stop_point:SP_3422,Roc,31
2345814,09:53:00,09:53:10,stop_point:SP_1188,Croix de Pierre,32
2345814,09:54:00,09:54:10,stop_point:SP_58,Stadium Ouest,33
2345814,09:55:00,09:55:10,stop_point:SP_3098,Stadium Est,34
2345814,09:58:00,09:58:10,stop_point:SP_461,Empalot,35
2345815,09:45:00,09:45:10,stop_point:SP_4521,Portet Gare SNCF,1
2345815,09:47:00,09:47:10,stop_point:SP_4529,Jean Jaurès,2
2345815,09:48:00,09:48:10,stop_point:SP_4773,Désiré,3
2345815,09:49:00,09:49:10,stop_point:SP_70,Eglise de Portet,4
2345815,09:50:00,09:50:10,stop_point:SP_1427,Commerce,5
2345815,09:51:00,09:51:10,stop_point:SP_1451,Occitanie,6
2345815,09:52:00,09:52:10,stop_point:SP_2980,Stade,7
2345815,09:53:00,09:53:10,stop_point:SP_3234,Bd de l'Europe,8
2345815,09:54:00,09:54:10,stop_point:SP_2173,Ctre Cial Portet - Entrée 1,9
2345815,09:55:00,09:55:10,stop_point:SP_1454,Palanques,10
2345815,09:55:00,09:55:10,stop_point:SP_4410,Ctre Cial Portet - Entrée 5,11
2345815,09:56:00,09:56:10,stop_point:SP_2564,Ecole Récébédou,12
2345815,09:56:00,09:56:10,stop_point:SP_795,Claire Fontaine,13
2345815,09:57:00,09:57:10,stop_point:SP_415,Frênes,14
2345815,09:58:00,09:58:10,stop_point:SP_4940,Clairfont,15
2345815,10:00:00,10:00:10,stop_point:SP_320,Larrieu,16
2345815,10:01:00,10:01:10,stop_point:SP_4906,Joulin,17
2345815,10:01:00,10:01:10,stop_point:SP_3681,Route d'Espagne,18
2345815,10:02:00,10:02:10,stop_point:SP_2892,IUC,19
2345815,10:02:00,10:02:10,stop_point:SP_5096,Oncopole - Lise Enjalbert,20
2345815,10:03:00,10:03:10,stop_point:SP_2663,Oncopole Courrière,21
2345815,10:04:00,10:04:10,stop_point:SP_116,Maison Commune,22
2345815,10:04:00,10:04:10,stop_point:SP_1334,Hubert Curien,23
2345815,10:05:00,10:05:10,stop_point:SP_1973,Marchant,24
2345815,10:06:00,10:06:10,stop_point:SP_3988,Gironis - Mémorial AZF,25
2345815,10:07:00,10:07:10,stop_point:SP_3430,Rond-Point Langlade,26
2345815,10:09:00,10:09:10,stop_point:SP_657,Langlade,27
2345815,10:09:00,10:09:10,stop_point:SP_1579,Gallieni,28
2345815,10:10:00,10:10:10,stop_point:SP_1859,Penent,29
2345815,10:11:00,10:11:10,stop_point:SP_3122,Barrière de Muret,30
2345815,10:12:00,10:12:10,stop_point:SP_3422,Roc,31
2345815,10:13:00,10:13:10,stop_point:SP_1188,Croix de Pierre,32
2345815,10:14:00,10:14:10,stop_point:SP_58,Stadium Ouest,33
2345815,10:15:00,10:15:10,stop_point:SP_3098,Stadium Est,34
2345815,10:18:00,10:18:10,stop_point:SP_461,Empalot,35
2345816,10:05:00,10:05:10,stop_point:SP_4521,Portet Gare SNCF,1
2345816,10:07:00,10:07:10,stop_point:SP_4529,Jean Jaurès,2
2345816,10:09:00,10:09:10,stop_point:SP_4773,Désiré,3
2345816,10:10:00,10:10:10,stop_point:SP_70,Eglise de Portet,4
2345816,10:11:00,10:11:10,stop_point:SP_1427,Commerce,5
2345816,10:11:00,10:11:10,stop_point:SP_1451,Occitanie,6
2345816,10:13:00,10:13:10,stop_point:SP_2980,Stade,7
2345816,10:14:00,10:14:10,stop_point:SP_3234,Bd de l'Europe,8
2345816,10:15:00,10:15:10,stop_point:SP_2173,Ctre Cial Portet - Entrée 1,9
2345816,10:16:00,10:16:10,stop_point:SP_1454,Palanques,10
2345816,10:16:00,10:16:10,stop_point:SP_4410,Ctre Cial Portet - Entrée 5,11
2345816,10:17:00,10:17:10,stop_point:SP_2564,Ecole Récébédou,12
2345816,10:18:00,10:18:10,stop_point:SP_795,Claire Fontaine,13
2345816,10:19:00,10:19:10,stop_point:SP_415,Frênes,14
2345816,10:20:00,10:20:10,stop_point:SP_4940,Clairfont,15
2345816,10:22:00,10:22:10,stop_point:SP_320,Larrieu,16
2345816,10:23:00,10:23:10,stop_point:SP_4906,Joulin,17
2345816,10:23:00,10:23:10,stop_point:SP_3681,Route d'Espagne,18
2345816,10:24:00,10:24:10,stop_point:SP_2892,IUC,19
2345816,10:24:00,10:24:10,stop_point:SP_5096,Oncopole - Lise Enjalbert,20
2345816,10:25:00,10:25:10,stop_point:SP_2663,Oncopole Courrière,21
2345816,10:26:00,10:26:10,stop_point:SP_116,Maison Commune,22
2345816,10:26:00,10:26:10,stop_point:SP_1334,Hubert Curien,23
2345816,10:27:00,10:27:10,stop_point:SP_1973,Marchant,24
2345816,10:28:00,10:28:10,stop_point:SP_3988,Gironis - Mémorial AZF,25
2345816,10:29:00,10:29:10,stop_point:SP_3430,Rond-Point Langlade,26
2345816,10:31:00,10:31:10,stop_point:SP_657,Langlade,27
2345816,10:31:00,10:31:10,stop_point:SP_1579,Gallieni,28
2345816,10:32:00,10:32:10,stop_point:SP_1859,Penent,29
2345816,10:33:00,10:33:10,stop_point:SP_3122,Barrière de Muret,30
2345816,10:34:00,10:34:10,stop_point:SP_3422,Roc,31
2345816,10:35:00,10:35:10,stop_point:SP_1188,Croix de Pierre,32
2345816,10:36:00,10:36:10,stop_point:SP_58,Stadium Ouest,33
2345816,10:37:00,10:37:10,stop_point:SP_3098,Stadium Est,34
2345816,10:40:00,10:40:10,stop_point:SP_461,Empalot,35
2345817,10:25:00,10:25:10,stop_point:SP_4521,Portet Gare SNCF,1
2345817,10:27:00,10:27:10,stop_point:SP_4529,Jean Jaurès,2
2345817,10:29:00,10:29:10,stop_point:SP_4773,Désiré,3
2345817,10:30:00,10:30:10,stop_point:SP_70,Eglise de Portet,4
2345817,10:31:00,10:31:10,stop_point:SP_1427,Commerce,5
2345817,10:31:00,10:31:10,stop_point:SP_1451,Occitanie,6
2345817,10:33:00,10:33:10,stop_point:SP_2980,Stade,7
2345817,10:34:00,10:34:10,stop_point:SP_3234,Bd de l'Europe,8
2345817,10:35:00,10:35:10,stop_point:SP_2173,Ctre Cial Portet - Entrée 1,9
2345817,10:36:00,10:36:10,stop_point:SP_1454,Palanques,10
2345817,10:36:00,10:36:10,stop_point:SP_4410,Ctre Cial Portet - Entrée 5,11
2345817,10:37:00,10:37:10,stop_point:SP_2564,Ecole Récébédou,12
2345817,10:38:00,10:38:10,stop_point:SP_795,Claire Fontaine,13
2345817,10:39:00,10:39:10,stop_point:SP_415,Frênes,14
2345817,10:40:00,10:40:10,stop_point:SP_4940,Clairfont,15
2345817,10:42:00,10:42:10,stop_point:SP_320,Larrieu,16
2345817,10:43:00,10:43:10,stop_point:SP_4906,Joulin,17
2345817,10:43:00,10:43:10,stop_point:SP_3681,Route d'Espagne,18
2345817,10:44:00,10:44:10,stop_point:SP_2892,IUC,19
2345817,10:44:00,10:44:10,stop_point:SP_5096,Oncopole - Lise Enjalbert,20
2345817,10:45:00,10:45:10,stop_point:SP_2663,Oncopole Courrière,21
2345817,10:46:00,10:46:10,stop_point:SP_116,Maison Commune,22
2345817,10:46:00,10:46:10,stop_point:SP_1334,Hubert Curien,23
2345817,10:47:00,10:47:10,stop_point:SP_1973,Marchant,24
2345817,10:48:00,10:48:10,stop_point:SP_3988,Gironis - Mémorial AZF,25
2345817,10:49:00,10:49:10,stop_point:SP_3430,Rond-Point Langlade,26
2345817,10:51:00,10:51:10,stop_point:SP_657,Langlade,27
2345817,10:51:00,10:51:10,stop_point:SP_1579,Gallieni,28
2345817,10:52:00,10:52:10,stop_point:SP_1859,Penent,29
2345817,10:53:00,10:53:10,stop_point:SP_3122,Barrière de Muret,30
2345817,10:54:00,10:54:10,stop_point:SP_3422,Roc,31
2345817,10:55:00,10:55:10,stop_point:SP_1188,Croix de Pierre,32
2345817,10:56:00,10:56:10,stop_point:SP_58,Stadium Ouest,33
2345817,10:57:00,10:57:10,stop_point:SP_3098,Stadium Est,34
2345817,11:00:00,11:00:10,stop_point:SP_461,Empalot,35
2345818,10:45:00,10:45:10,stop_point:SP_4521,Portet Gare SNCF,1
2345818,10:47:00,10:47:10,stop_point:SP_4529,Jean Jaurès,2
2345818,10:49:00,10:49:10,stop_point:SP_4773,Désiré,3
2345818,10:50:00,10:50:10,stop_point:SP_70,Eglise de Portet,4
2345818,10:51:00,10:51:10,stop_point:SP_1427,Commerce,5
2345818,10:51:00,10:51:10,stop_point:SP_1451,Occitanie,6
2345818,10:53:00,10:53:10,stop_point:SP_2980,Stade,7
2345818,10:54:00,10:54:10,stop_point:SP_3234,Bd de l'Europe,8
2345818,10:55:00,10:55:10,stop_point:SP_2173,Ctre Cial Portet - Entrée 1,9
2345818,10:56:00,10:56:10,stop_point:SP_1454,Palanques,10
2345818,10:56:00,10:56:10,stop_point:SP_4410,Ctre Cial Portet - Entrée 5,11
2345818,10:57:00,10:57:10,stop_point:SP_2564,Ecole Récébédou,12
2345818,10:58:00,10:58:10,stop_point:SP_795,Claire Fontaine,13
2345818,10:59:00,10:59:10,stop_point:SP_415,Frênes,14
2345818,11:00:00,11:00:10,stop_point:SP_4940,Clairfont,15
2345818,11:02:00,11:02:10,stop_point:SP_320,Larrieu,16
2345818,11:03:00,11:03:10,stop_point:SP_4906,Joulin,17
2345818,11:03:00,11:03:10,stop_point:SP_3681,Route d'Espagne,18
2345818,11:04:00,11:04:10,stop_point:SP_2892,IUC,19
2345818,11:04:00,11:04:10,stop_point:SP_5096,Oncopole - Lise Enjalbert,20
2345818,11:05:00,11:05:10,stop_point:SP_2663,Oncopole Courrière,21
2345818,11:06:00,11:06:10,stop_point:SP_116,Maison Commune,22
2345818,11:06:00,11:06:10,stop_point:SP_1334,Hubert Curien,23
2345818,11:07:00,11:07:10,stop_point:SP_1973,Marchant,24
2345818,11:08:00,11:08:10,stop_point:SP_3988,Gironis - Mémorial AZF,25
2345818,11:09:00,11:09:10,stop_point:SP_3430,Rond-Point Langlade,26
2345818,11:11:00,11:11:10,stop_point:SP_657,Langlade,27
2345818,11:11:00,11:11:10,stop_point:SP_1579,Gallieni,28
2345818,11:12:00,11:12:10,stop_point:SP_1859,Penent,29
2345818,11:13:00,11:13:10,stop_point:SP_3122,Barrière de Muret,30
2345818,11:14:00,11:14:10,stop_point:SP_3422,Roc,31
2345818,11:15:00,11:15:10,stop_point:SP_1188,Croix de Pierre,32
2345818,11:16:00,11:16:10,stop_point:SP_58,Stadium Ouest,33
2345818,11:17:00,11:17:10,stop_point:SP_3098,Stadium Est,34
2345818,11:20:00,11:20:10,stop_point:SP_461,Empalot,35
2345819,11:05:00,11:05:10,stop_point:SP_4521,Portet Gare SNCF,1
2345819,11:07:00,11:07:10,stop_point:SP_4529,Jean Jaurès,2
2345819,11:09:00,11:09:10,stop_point:SP_4773,Désiré,3
2345819,11:10:00,11:10:10,stop_point:SP_70,Eglise de Portet,4
2345819,11:11:00,11:11:10,stop_point:SP_1427,Commerce,5
2345819,11:11:00,11:11:10,stop_point:SP_1451,Occitanie,6
2345819,11:13:00,11:13:10,stop_point:SP_2980,Stade,7
2345819,11:14:00,11:14:10,stop_point:SP_3234,Bd de l'Europe,8
2345819,11:15:00,11:15:10,stop_point:SP_2173,Ctre Cial Portet - Entrée 1,9
2345819,11:16:00,11:16:10,stop_point:SP_1454,Palanques,10
2345819,11:16:00,11:16:10,stop_point:SP_4410,Ctre Cial Portet - Entrée 5,11
2345819,11:17:00,11:17:10,stop_point:SP_2564,Ecole Récébédou,12
2345819,11:18:00,11:18:10,stop_point:SP_795,Claire Fontaine,13
2345819,11:19:00,11:19:10,stop_point:SP_415,Frênes,14
2345819,11:20:00,11:20:10,stop_point:SP_4940,Clairfont,15
2345819,11:22:00,11:22:10,stop_point:SP_320,Larrieu,16
2345819,11:23:00,11:23:10,stop_point:SP_4906,Joulin,17
2345819,11:23:00,11:23:10,stop_point:SP_3681,Route d'Espagne,18
2345819,11:24:00,11:24:10,stop_point:SP_2892,IUC,19
2345819,11:24:00,11:24:10,stop_point:SP_5096,Oncopole - Lise Enjalbert,20
2345819,11:25:00,11:25:10,stop_point:SP_2663,Oncopole Courrière,21
2345819,11:26:00,11:26:10,stop_point:SP_116,Maison Commune,22
2345819,11:26:00,11:26:10,stop_point:SP_1334,Hubert Curien,23
2345819,11:27:00,11:27:10,stop_point:SP_1973,Marchant,24
2345819,11:28:00,11:28:10,stop_point:SP_3988,Gironis - Mémorial AZF,25
2345819,11:29:00,11:29:10,stop_point:SP_3430,Rond-Point Langlade,26
2345819,11:31:00,11:31:10,stop_point:SP_657,Langlade,27
2345819,11:31:00,11:31:10,stop_point:SP_1579,Gallieni,28
2345819,11:32:00,11:32:10,stop_point:SP_1859,Penent,29
2345819,11:33:00,11:33:10,stop_point:SP_3122,Barrière de Muret,30
2345819,11:34:00,11:34:10,stop_point:SP_3422,Roc,31
2345819,11:35:00,11:35:10,stop_point:SP_1188,Croix de Pierre,32
2345819,11:36:00,11:36:10,stop_point:SP_58,Stadium Ouest,33
2345819,11:38:00,11:38:10,stop_point:SP_3098,Stadium Est,34
2345819,11:41:00,11:41:10,stop_point:SP_461,Empalot,35
2345820,11:25:00,11:25:10,stop_point:SP_4521,Portet Gare SNCF,1
2345820,11:27:00,11:27:10,stop_point:SP_4529,Jean Jaurès,2
2345820,11:29:00,11:29:10,stop_point:SP_4773,Désiré,3
2345820,11:30:00,11:30:10,stop_point:SP_70,Eglise de Portet,4
2345820,11:31:00,11:31:10,stop_point:SP_1427,Commerce,5
2345820,11:31:00,11:31:10,stop_point:SP_1451,Occitanie,6
2345820,11:33:00,11:33:10,stop_point:SP_2980,Stade,7
2345820,11:34:00,11:34:10,stop_point:SP_3234,Bd de l'Europe,8
2345820,11:35:00,11:35:10,stop_point:SP_2173,Ctre Cial Portet - Entrée 1,9
2345820,11:36:00,11:36:10,stop_point:SP_1454,Palanques,10
2345820,11:36:00,11:36:10,stop_point:SP_4410,Ctre Cial Portet - Entrée 5,11
2345820,11:37:00,11:37:10,stop_point:SP_2564,Ecole Récébédou,12
2345820,11:38:00,11:38:10,stop_point:SP_795,Claire Fontaine,13
2345820,11:39:00,11:39:10,stop_point:SP_415,Frênes,14
2345820,11:40:00,11:40:10,stop_point:SP_4940,Clairfont,15
2345820,11:42:00,11:42:10,stop_point:SP_320,Larrieu,16
2345820,11:43:00,11:43:10,stop_point:SP_4906,Joulin,17
2345820,11:43:00,11:43:10,stop_point:SP_3681,Route d'Espagne,18
2345820,11:44:00,11:44:10,stop_point:SP_2892,IUC,19
2345820,11:44:00,11:44:10,stop_point:SP_5096,Oncopole - Lise Enjalbert,20
2345820,11:45:00,11:45:10,stop_point:SP_2663,Oncopole Courrière,21
2345820,11:46:00,11:46:10,stop_point:SP_116,Maison Commune,22
2345820,11:46:00,11:46:10,stop_point:SP_1334,Hubert Curien,23
2345820,11:47:00,11:47:10,stop_point:SP_1973,Marchant,24
2345820,11:48:00,11:48:10,stop_point:SP_3988,Gironis - Mémorial AZF,25
2345820,11:49:00,11:49:10,stop_point:SP_3430,Rond-Point Langlade,26
2345820,11:51:00,11:51:10,stop_point:SP_657,Langlade,27
2345820,11:51:00,11:51:10,stop_point:SP_1579,Gallieni,28
2345820,11:52:00,11:52:10,stop_point:SP_1859,Penent,29
2345820,11:53:00,11:53:10,stop_point:SP_3122,Barrière de Muret,30
2345820,11:54:00,11:54:10,stop_point:SP_3422,Roc,31
2345820,11:55:00,11:55:10,stop_point:SP_1188,Croix de Pierre,32
2345820,11:56:00,11:56:10,stop_point:SP_58,Stadium Ouest,33
2345820,11:58:00,11:58:10,stop_point:SP_3098,Stadium Est,34
2345820,12:01:00,12:01:10,stop_point:SP_461,Empalot,35
2345821,11:45:00,11:45:10,stop_point:SP_4521,Portet Gare SNCF,1
2345821,11:47:00,11:47:10,stop_point:SP_4529,Jean Jaurès,2
2345821,11:49:00,11:49:10,stop_point:SP_4773,Désiré,3
2345821,11:50:00,11:50:10,stop_point:SP_70,Eglise de Portet,4
2345821,11:51:00,11:51:10,stop_point:SP_1427,Commerce,5
2345821,11:51:00,11:51:10,stop_point:SP_1451,Occitanie,6
2345821,11:53:00,11:53:10,stop_point:SP_2980,Stade,7
2345821,11:54:00,11:54:10,stop_point:SP_3234,Bd de l'Europe,8
2345821,11:55:00,11:55:10,stop_point:SP_2173,Ctre Cial Portet - Entrée 1,9
2345821,11:56:00,11:56:10,stop_point:SP_1454,Palanques,10
2345821,11:56:00,11:56:10,stop_point:SP_4410,Ctre Cial Portet - Entrée 5,11
2345821,11:57:00,11:57:10,stop_point:SP_2564,Ecole Récébédou,12
2345821,11:58:00,11:58:10,stop_point:SP_795,Claire Fontaine,13
2345821,11:59:00,11:59:10,stop_point:SP_415,Frênes,14
2345821,12:00:00,12:00:10,stop_point:SP_4940,Clairfont,15
2345821,12:02:00,12:02:10,stop_point:SP_320,Larrieu,16
2345821,12:03:00,12:03:10,stop_point:SP_4906,Joulin,17
2345821,12:03:00,12:03:10,stop_point:SP_3681,Route d'Espagne,18
2345821,12:04:00,12:04:10,stop_point:SP_2892,IUC,19
2345821,12:04:00,12:04:10,stop_point:SP_5096,Oncopole - Lise Enjalbert,20
2345821,12:05:00,12:05:10,stop_point:SP_2663,Oncopole Courrière,21
2345821,12:06:00,12:06:10,stop_point:SP_116,Maison Commune,22
2345821,12:06:00,12:06:10,stop_point:SP_1334,Hubert Curien,23
2345821,12:07:00,12:07:10,stop_point:SP_1973,Marchant,24
2345821,12:08:00,12:08:10,stop_point:SP_3988,Gironis - Mémorial AZF,25
2345821,12:09:00,12:09:10,stop_point:SP_3430,Rond-Point Langlade,26
2345821,12:11:00,12:11:10,stop_point:SP_657,Langlade,27
2345821,12:11:00,12:11:10,stop_point:SP_1579,Gallieni,28
2345821,12:12:00,12:12:10,stop_point:SP_1859,Penent,29
2345821,12:13:00,12:13:10,stop_point:SP_3122,Barrière de Muret,30
2345821,12:14:00,12:14:10,stop_point:SP_3422,Roc,31
2345821,12:15:00,12:15:10,stop_point:SP_1188,Croix de Pierre,32
2345821,12:16:00,12:16:10,stop_point:SP_58,Stadium Ouest,33
2345821,12:18:00,12:18:10,stop_point:SP_3098,Stadium Est,34
2345821,12:21:00,12:21:10,stop_point:SP_461,Empalot,35
2345822,12:05:00,12:05:10,stop_point:SP_4521,Portet Gare SNCF,1
2345822,12:07:00,12:07:10,stop_point:SP_4529,Jean Jaurès,2
2345822,12:09:00,12:09:10,stop_point:SP_4773,Désiré,3
2345822,12:10:00,12:10:10,stop_point:SP_70,Eglise de Portet,4
2345822,12:11:00,12:11:10,stop_point:SP_1427,Commerce,5
2345822,12:11:00,12:11:10,stop_point:SP_1451,Occitanie,6
2345822,12:13:00,12:13:10,stop_point:SP_2980,Stade,7
2345822,12:14:00,12:14:10,stop_point:SP_3234,Bd de l'Europe,8
2345822,12:15:00,12:15:10,stop_point:SP_2173,Ctre Cial Portet - Entrée 1,9
2345822,12:16:00,12:16:10,stop_point:SP_1454,Palanques,10
2345822,12:16:00,12:16:10,stop_point:SP_4410,Ctre Cial Portet - Entrée 5,11
2345822,12:17:00,12:17:10,stop_point:SP_2564,Ecole Récébédou,12
2345822,12:18:00,12:18:10,stop_point:SP_795,Claire Fontaine,13
2345822,12:19:00,12:19:10,stop_point:SP_415,Frênes,14
2345822,12:20:00,12:20:10,stop_point:SP_4940,Clairfont,15
2345822,12:22:00,12:22:10,stop_point:SP_320,Larrieu,16
2345822,12:23:00,12:23:10,stop_point:SP_4906,Joulin,17
2345822,12:23:00,12:23:10,stop_point:SP_3681,Route d'Espagne,18
2345822,12:24:00,12:24:10,stop_point:SP_2892,IUC,19
2345822,12:24:00,12:24:10,stop_point:SP_5096,Oncopole - Lise Enjalbert,20
2345822,12:25:00,12:25:10,stop_point:SP_2663,Oncopole Courrière,21
2345822,12:26:00,12:26:10,stop_point:SP_116,Maison Commune,22
2345822,12:26:00,12:26:10,stop_point:SP_1334,Hubert Curien,23
2345822,12:27:00,12:27:10,stop_point:SP_1973,Marchant,24
2345822,12:28:00,12:28:10,stop_point:SP_3988,Gironis - Mémorial AZF,25
2345822,12:29:00,12:29:10,stop_point:SP_3430,Rond-Point Langlade,26
2345822,12:31:00,12:31:10,stop_point:SP_657,Langlade,27
2345822,12:31:00,12:31:10,stop_point:SP_1579,Gallieni,28
2345822,12:32:00,12:32:10,stop_point:SP_1859,Penent,29
2345822,12:33:00,12:33:10,stop_point:SP_3122,Barrière de Muret,30
2345822,12:34:00,12:34:10,stop_point:SP_3422,Roc,31
2345822,12:35:00,12:35:10,stop_point:SP_1188,Croix de Pierre,32
2345822,12:36:00,12:36:10,stop_point:SP_58,Stadium Ouest,33
2345822,12:38:00,12:38:10,stop_point:SP_3098,Stadium Est,34
2345822,12:41:00,12:41:10,stop_point:SP_461,Empalot,35
2345823,12:25:00,12:25:10,stop_point:SP_4521,Portet Gare SNCF,1
2345823,12:27:00,12:27:10,stop_point:SP_4529,Jean Jaurès,2
2345823,12:29:00,12:29:10,stop_point:SP_4773,Désiré,3
2345823,12:30:00,12:30:10,stop_point:SP_70,Eglise de Portet,4
2345823,12:31:00,12:31:10,stop_point:SP_1427,Commerce,5
2345823,12:31:00,12:31:10,stop_point:SP_1451,Occitanie,6
2345823,12:33:00,12:33:10,stop_point:SP_2980,Stade,7
2345823,12:34:00,12:34:10,stop_point:SP_3234,Bd de l'Europe,8
2345823,12:35:00,12:35:10,stop_point:SP_2173,Ctre Cial Portet - Entrée 1,9
2345823,12:36:00,12:36:10,stop_point:SP_1454,Palanques,10
2345823,12:36:00,12:36:10,stop_point:SP_4410,Ctre Cial Portet - Entrée 5,11
2345823,12:37:00,12:37:10,stop_point:SP_2564,Ecole Récébédou,12
2345823,12:38:00,12:38:10,stop_point:SP_795,Claire Fontaine,13
2345823,12:39:00,12:39:10,stop_point:SP_415,Frênes,14
2345823,12:40:00,12:40:10,stop_point:SP_4940,Clairfont,15
2345823,12:42:00,12:42:10,stop_point:SP_320,Larrieu,16
2345823,12:43:00,12:43:10,stop_point:SP_4906,Joulin,17
2345823,12:43:00,12:43:10,stop_point:SP_3681,Route d'Espagne,18
2345823,12:44:00,12:44:10,stop_point:SP_2892,IUC,19
2345823,12:44:00,12:44:10,stop_point:SP_5096,Oncopole - Lise Enjalbert,20
2345823,12:45:00,12:45:10,stop_point:SP_2663,Oncopole Courrière,21
2345823,12:46:00,12:46:10,stop_point:SP_116,Maison Commune,22
2345823,12:46:00,12:46:10,stop_point:SP_1334,Hubert Curien,23
2345823,12:47:00,12:47:10,stop_point:SP_1973,Marchant,24
2345823,12:48:00,12:48:10,stop_point:SP_3988,Gironis - Mémorial AZF,25
2345823,12:49:00,12:49:10,stop_point:SP_3430,Rond-Point Langlade,26
2345823,12:51:00,12:51:10,stop_point:SP_657,Langlade,27
2345823,12:51:00,12:51:10,stop_point:SP_1579,Gallieni,28
2345823,12:52:00,12:52:10,stop_point:SP_1859,Penent,29
2345823,12:53:00,12:53:10,stop_point:SP_3122,Barrière de Muret,30
2345823,12:54:00,12:54:10,stop_point:SP_3422,Roc,31
2345823,12:55:00,12:55:10,stop_point:SP_1188,Croix de Pierre,32
2345823,12:56:00,12:56:10,stop_point:SP_58,Stadium Ouest,33
2345823,12:58:00,12:58:10,stop_point:SP_3098,Stadium Est,34
2345823,13:01:00,13:01:10,stop_point:SP_461,Empalot,35
2345824,12:45:00,12:45:10,stop_point:SP_4521,Portet Gare SNCF,1
2345824,12:47:00,12:47:10,stop_point:SP_4529,Jean Jaurès,2
2345824,12:49:00,12:49:10,stop_point:SP_4773,Désiré,3
2345824,12:50:00,12:50:10,stop_point:SP_70,Eglise de Portet,4
2345824,12:51:00,12:51:10,stop_point:SP_1427,Commerce,5
2345824,12:51:00,12:51:10,stop_point:SP_1451,Occitanie,6
2345824,12:53:00,12:53:10,stop_point:SP_2980,Stade,7
2345824,12:54:00,12:54:10,stop_point:SP_3234,Bd de l'Europe,8
2345824,12:55:00,12:55:10,stop_point:SP_2173,Ctre Cial Portet - Entrée 1,9
2345824,12:56:00,12:56:10,stop_point:SP_1454,Palanques,10
2345824,12:56:00,12:56:10,stop_point:SP_4410,Ctre Cial Portet - Entrée 5,11
2345824,12:57:00,12:57:10,stop_point:SP_2564,Ecole Récébédou,12
2345824,12:58:00,12:58:10,stop_point:SP_795,Claire Fontaine,13
2345824,12:59:00,12:59:10,stop_point:SP_415,Frênes,14
2345824,13:00:00,13:00:10,stop_point:SP_4940,Clairfont,15
2345824,13:02:00,13:02:10,stop_point:SP_320,Larrieu,16
2345824,13:03:00,13:03:10,stop_point:SP_4906,Joulin,17
2345824,13:03:00,13:03:10,stop_point:SP_3681,Route d'Espagne,18
2345824,13:04:00,13:04:10,stop_point:SP_2892,IUC,19
2345824,13:04:00,13:04:10,stop_point:SP_5096,Oncopole - Lise Enjalbert,20
2345824,13:05:00,13:05:10,stop_point:SP_2663,Oncopole Courrière,21
2345824,13:06:00,13:06:10,stop_point:SP_116,Maison Commune,22
2345824,13:06:00,13:06:10,stop_point:SP_1334,Hubert Curien,23
2345824,13:07:00,13:07:10,stop_point:SP_1973,Marchant,24
2345824,13:08:00,13:08:10,stop_point:SP_3988,Gironis - Mémorial AZF,25
2345824,13:09:00,13:09:10,stop_point:SP_3430,Rond-Point Langlade,26
2345824,13:11:00,13:11:10,stop_point:SP_657,Langlade,27
2345824,13:11:00,13:11:10,stop_point:SP_1579,Gallieni,28
2345824,13:12:00,13:12:10,stop_point:SP_1859,Penent,29
2345824,13:13:00,13:13:10,stop_point:SP_3122,Barrière de Muret,30
2345824,13:14:00,13:14:10,stop_point:SP_3422,Roc,31
2345824,13:15:00,13:15:10,stop_point:SP_1188,Croix de Pierre,32
2345824,13:16:00,13:16:10,stop_point:SP_58,Stadium Ouest,33
2345824,13:18:00,13:18:10,stop_point:SP_3098,Stadium Est,34
2345824,13:21:00,13:21:10,stop_point:SP_461,Empalot,35
2345825,13:05:00,13:05:10,stop_point:SP_4521,Portet Gare SNCF,1
2345825,13:07:00,13:07:10,stop_point:SP_4529,Jean Jaurès,2
2345825,13:09:00,13:09:10,stop_point:SP_4773,Désiré,3
2345825,13:10:00,13:10:10,stop_point:SP_70,Eglise de Portet,4
2345825,13:11:00,13:11:10,stop_point:SP_1427,Commerce,5
2345825,13:11:00,13:11:10,stop_point:SP_1451,Occitanie,6
2345825,13:13:00,13:13:10,stop_point:SP_2980,Stade,7
2345825,13:14:00,13:14:10,stop_point:SP_3234,Bd de l'Europe,8
2345825,13:15:00,13:15:10,stop_point:SP_2173,Ctre Cial Portet - Entrée 1,9
2345825,13:16:00,13:16:10,stop_point:SP_1454,Palanques,10
2345825,13:16:00,13:16:10,stop_point:SP_4410,Ctre Cial Portet - Entrée 5,11
2345825,13:17:00,13:17:10,stop_point:SP_2564,Ecole Récébédou,12
2345825,13:18:00,13:18:10,stop_point:SP_795,Claire Fontaine,13
2345825,13:19:00,13:19:10,stop_point:SP_415,Frênes,14
2345825,13:20:00,13:20:10,stop_point:SP_4940,Clairfont,15
2345825,13:22:00,13:22:10,stop_point:SP_320,Larrieu,16
2345825,13:23:00,13:23:10,stop_point:SP_4906,Joulin,17
2345825,13:23:00,13:23:10,stop_point:SP_3681,Route d'Espagne,18
2345825,13:24:00,13:24:10,stop_point:SP_2892,IUC,19
2345825,13:24:00,13:24:10,stop_point:SP_5096,Oncopole - Lise Enjalbert,20
2345825,13:25:00,13:25:10,stop_point:SP_2663,Oncopole Courrière,21
2345825,13:26:00,13:26:10,stop_point:SP_116,Maison Commune,22
2345825,13:26:00,13:26:10,stop_point:SP_1334,Hubert Curien,23
2345825,13:27:00,13:27:10,stop_point:SP_1973,Marchant,24
2345825,13:28:00,13:28:10,stop_point:SP_3988,Gironis - Mémorial AZF,25
2345825,13:29:00,13:29:10,stop_point:SP_3430,Rond-Point Langlade,26
2345825,13:31:00,13:31:10,stop_point:SP_657,Langlade,27
2345825,13:31:00,13:31:10,stop_point:SP_1579,Gallieni,28
2345825,13:32:00,13:32:10,stop_point:SP_1859,Penent,29
2345825,13:33:00,13:33:10,stop_point:SP_3122,Barrière de Muret,30
2345825,13:34:00,13:34:10,stop_point:SP_3422,Roc,31
2345825,13:35:00,13:35:10,stop_point:SP_1188,Croix de Pierre,32
2345825,13:36:00,13:36:10,stop_point:SP_58,Stadium Ouest,33
2345825,13:38:00,13:38:10,stop_point:SP_3098,Stadium Est,34
2345825,13:41:00,13:41:10,stop_point:SP_461,Empalot,35
2345826,13:25:00,13:25:10,stop_point:SP_4521,Portet Gare SNCF,1
2345826,13:27:00,13:27:10,stop_point:SP_4529,Jean Jaurès,2
2345826,13:29:00,13:29:10,stop_point:SP_4773,Désiré,3
2345826,13:30:00,13:30:10,stop_point:SP_70,Eglise de Portet,4
2345826,13:31:00,13:31:10,stop_point:SP_1427,Commerce,5
2345826,13:31:00,13:31:10,stop_point:SP_1451,Occitanie,6
2345826,13:33:00,13:33:10,stop_point:SP_2980,Stade,7
2345826,13:34:00,13:34:10,stop_point:SP_3234,Bd de l'Europe,8
2345826,13:35:00,13:35:10,stop_point:SP_2173,Ctre Cial Portet - Entrée 1,9
2345826,13:36:00,13:36:10,stop_point:SP_1454,Palanques,10
2345826,13:36:00,13:36:10,stop_point:SP_4410,Ctre Cial Portet - Entrée 5,11
2345826,13:37:00,13:37:10,stop_point:SP_2564,Ecole Récébédou,12
2345826,13:38:00,13:38:10,stop_point:SP_795,Claire Fontaine,13
2345826,13:39:00,13:39:10,stop_point:SP_415,Frênes,14
2345826,13:40:00,13:40:10,stop_point:SP_4940,Clairfont,15
2345826,13:42:00,13:42:10,stop_point:SP_320,Larrieu,16
2345826,13:43:00,13:43:10,stop_point:SP_4906,Joulin,17
2345826,13:43:00,13:43:10,stop_point:SP_3681,Route d'Espagne,18
2345826,13:44:00,13:44:10,stop_point:SP_2892,IUC,19
2345826,13:44:00,13:44:10,stop_point:SP_5096,Oncopole - Lise Enjalbert,20
2345826,13:45:00,13:45:10,stop_point:SP_2663,Oncopole Courrière,21
2345826,13:46:00,13:46:10,stop_point:SP_116,Maison Commune,22
2345826,13:46:00,13:46:10,stop_point:SP_1334,Hubert Curien,23
2345826,13:47:00,13:47:10,stop_point:SP_1973,Marchant,24
2345826,13:48:00,13:48:10,stop_point:SP_3988,Gironis - Mémorial AZF,25
2345826,13:49:00,13:49:10,stop_point:SP_3430,Rond-Point Langlade,26
2345826,13:51:00,13:51:10,stop_point:SP_657,Langlade,27
2345826,13:51:00,13:51:10,stop_point:SP_1579,Gallieni,28
2345826,13:52:00,13:52:10,stop_point:SP_1859,Penent,29
2345826,13:53:00,13:53:10,stop_point:SP_3122,Barrière de Muret,30
2345826,13:54:00,13:54:10,stop_point:SP_3422,Roc,31
2345826,13:55:00,13:55:10,stop_point:SP_1188,Croix de Pierre,32
2345826,13:56:00,13:56:10,stop_point:SP_58,Stadium Ouest,33
2345826,13:58:00,13:58:10,stop_point:SP_3098,Stadium Est,34
2345826,14:01:00,14:01:10,stop_point:SP_461,Empalot,35
2345827,13:45:00,13:45:10,stop_point:SP_4521,Portet Gare SNCF,1
2345827,13:47:00,13:47:10,stop_point:SP_4529,Jean Jaurès,2
2345827,13:49:00,13:49:10,stop_point:SP_4773,Désiré,3
2345827,13:50:00,13:50:10,stop_point:SP_70,Eglise de Portet,4
2345827,13:51:00,13:51:10,stop_point:SP_1427,Commerce,5
2345827,13:51:00,13:51:10,stop_point:SP_1451,Occitanie,6
2345827,13:53:00,13:53:10,stop_point:SP_2980,Stade,7
2345827,13:54:00,13:54:10,stop_point:SP_3234,Bd de l'Europe,8
2345827,13:55:00,13:55:10,stop_point:SP_2173,Ctre Cial Portet - Entrée 1,9
2345827,13:56:00,13:56:10,stop_point:SP_1454,Palanques,10
2345827,13:56:00,13:56:10,stop_point:SP_4410,Ctre Cial Portet - Entrée 5,11
2345827,13:57:00,13:57:10,stop_point:SP_2564,Ecole Récébédou,12
2345827,13:58:00,13:58:10,stop_point:SP_795,Claire Fontaine,13
2345827,13:59:00,13:59:10,stop_point:SP_415,Frênes,14
2345827,14:00:00,14:00:10,stop_point:SP_4940,Clairfont,15
2345827,14:02:00,14:02:10,stop_point:SP_320,Larrieu,16
2345827,14:03:00,14:03:10,stop_point:SP_4906,Joulin,17
2345827,14:03:00,14:03:10,stop_point:SP_3681,Route d'Espagne,18
2345827,14:04:00,14:04:10,stop_point:SP_2892,IUC,19
2345827,14:04:00,14:04:10,stop_point:SP_5096,Oncopole - Lise Enjalbert,20
2345827,14:05:00,14:05:10,stop_point:SP_2663,Oncopole Courrière,21
2345827,14:06:00,14:06:10,stop_point:SP_116,Maison Commune,22
2345827,14:06:00,14:06:10,stop_point:SP_1334,Hubert Curien,23
2345827,14:07:00,14:07:10,stop_point:SP_1973,Marchant,24
2345827,14:08:00,14:08:10,stop_point:SP_3988,Gironis - Mémorial AZF,25
2345827,14:09:00,14:09:10,stop_point:SP_3430,Rond-Point Langlade,26
2345827,14:11:00,14:11:10,stop_point:SP_657,Langlade,27
2345827,14:11:00,14:11:10,stop_point:SP_1579,Gallieni,28
2345827,14:12:00,14:12:10,stop_point:SP_1859,Penent,29
2345827,14:13:00,14:13:10,stop_point:SP_3122,Barrière de Muret,30
2345827,14:14:00,14:14:10,stop_point:SP_3422,Roc,31
2345827,14:15:00,14:15:10,stop_point:SP_1188,Croix de Pierre,32
2345827,14:16:00,14:16:10,stop_point:SP_58,Stadium Ouest,33
2345827,14:18:00,14:18:10,stop_point:SP_3098,Stadium Est,34
2345827,14:21:00,14:21:10,stop_point:SP_461,Empalot,35
2345828,14:05:00,14:05:10,stop_point:SP_4521,Portet Gare SNCF,1
2345828,14:07:00,14:07:10,stop_point:SP_4529,Jean Jaurès,2
2345828,14:09:00,14:09:10,stop_point:SP_4773,Désiré,3
2345828,14:10:00,14:10:10,stop_point:SP_70,Eglise de Portet,4
2345828,14:11:00,14:11:10,stop_point:SP_1427,Commerce,5
2345828,14:11:00,14:11:10,stop_point:SP_1451,Occitanie,6
2345828,14:13:00,14:13:10,stop_point:SP_2980,Stade,7
2345828,14:14:00,14:14:10,stop_point:SP_3234,Bd de l'Europe,8
2345828,14:15:00,14:15:10,stop_point:SP_2173,Ctre Cial Portet - Entrée 1,9
2345828,14:16:00,14:16:10,stop_point:SP_1454,Palanques,10
2345828,14:16:00,14:16:10,stop_point:SP_4410,Ctre Cial Portet - Entrée 5,11
2345828,14:17:00,14:17:10,stop_point:SP_2564,Ecole Récébédou,12
2345828,14:18:00,14:18:10,stop_point:SP_795,Claire Fontaine,13
2345828,14:19:00,14:19:10,stop_point:SP_415,Frênes,14
2345828,14:20:00,14:20:10,stop_point:SP_4940,Clairfont,15
2345828,14:22:00,14:22:10,stop_point:SP_320,Larrieu,16
2345828,14:23:00,14:23:10,stop_point:SP_4906,Joulin,17
2345828,14:24:00,14:24:10,stop_point:SP_3681,Route d'Espagne,18
2345828,14:25:00,14:25:10,stop_point:SP_2892,IUC,19
2345828,14:25:00,14:25:10,stop_point:SP_5096,Oncopole - Lise Enjalbert,20
2345828,14:26:00,14:26:10,stop_point:SP_2663,Oncopole Courrière,21
2345828,14:27:00,14:27:10,stop_point:SP_116,Maison Commune,22
2345828,14:27:00,14:27:10,stop_point:SP_1334,Hubert Curien,23
2345828,14:28:00,14:28:10,stop_point:SP_1973,Marchant,24
2345828,14:29:00,14:29:10,stop_point:SP_3988,Gironis - Mémorial AZF,25
2345828,14:30:00,14:30:10,stop_point:SP_3430,Rond-Point Langlade,26
2345828,14:32:00,14:32:10,stop_point:SP_657,Langlade,27
2345828,14:32:00,14:32:10,stop_point:SP_1579,Gallieni,28
2345828,14:33:00,14:33:10,stop_point:SP_1859,Penent,29
2345828,14:34:00,14:34:10,stop_point:SP_3122,Barrière de Muret,30
2345828,14:35:00,14:35:10,stop_point:SP_3422,Roc,31
2345828,14:36:00,14:36:10,stop_point:SP_1188,Croix de Pierre,32
2345828,14:37:00,14:37:10,stop_point:SP_58,Stadium Ouest,33
2345828,14:39:00,14:39:10,stop_point:SP_3098,Stadium Est,34
2345828,14:42:00,14:42:10,stop_point:SP_461,Empalot,35
2345829,14:25:00,14:25:10,stop_point:SP_4521,Portet Gare SNCF,1
2345829,14:27:00,14:27:10,stop_point:SP_4529,Jean Jaurès,2
2345829,14:29:00,14:29:10,stop_point:SP_4773,Désiré,3
2345829,14:30:00,14:30:10,stop_point:SP_70,Eglise de Portet,4
2345829,14:31:00,14:31:10,stop_point:SP_1427,Commerce,5
2345829,14:31:00,14:31:10,stop_point:SP_1451,Occitanie,6
2345829,14:33:00,14:33:10,stop_point:SP_2980,Stade,7
2345829,14:34:00,14:34:10,stop_point:SP_3234,Bd de l'Europe,8
2345829,14:35:00,14:35:10,stop_point:SP_2173,Ctre Cial Portet - Entrée 1,9
2345829,14:36:00,14:36:10,stop_point:SP_1454,Palanques,10
2345829,14:36:00,14:36:10,stop_point:SP_4410,Ctre Cial Portet - Entrée 5,11
2345829,14:37:00,14:37:10,stop_point:SP_2564,Ecole Récébédou,12
2345829,14:38:00,14:38:10,stop_point:SP_795,Claire Fontaine,13
2345829,14:39:00,14:39:10,stop_point:SP_415,Frênes,14
2345829,14:40:00,14:40:10,stop_point:SP_4940,Clairfont,15
2345829,14:42:00,14:42:10,stop_point:SP_320,Larrieu,16
2345829,14:43:00,14:43:10,stop_point:SP_4906,Joulin,17
2345829,14:44:00,14:44:10,stop_point:SP_3681,Route d'Espagne,18
2345829,14:45:00,14:45:10,stop_point:SP_2892,IUC,19
2345829,14:45:00,14:45:10,stop_point:SP_5096,Oncopole - Lise Enjalbert,20
2345829,14:46:00,14:46:10,stop_point:SP_2663,Oncopole Courrière,21
2345829,14:47:00,14:47:10,stop_point:SP_116,Maison Commune,22
2345829,14:47:00,14:47:10,stop_point:SP_1334,Hubert Curien,23
2345829,14:48:00,14:48:10,stop_point:SP_1973,Marchant,24
2345829,14:49:00,14:49:10,stop_point:SP_3988,Gironis - Mémorial AZF,25
2345829,14:50:00,14:50:10,stop_point:SP_3430,Rond-Point Langlade,26
2345829,14:52:00,14:52:10,stop_point:SP_657,Langlade,27
2345829,14:53:00,14:53:10,stop_point:SP_1579,Gallieni,28
2345829,14:54:00,14:54:10,stop_point:SP_1859,Penent,29
2345829,14:54:00,14:54:10,stop_point:SP_3122,Barrière de Muret,30
2345829,14:56:00,14:56:10,stop_point:SP_3422,Roc,31
2345829,14:57:00,14:57:10,stop_point:SP_1188,Croix de Pierre,32
2345829,14:58:00,14:58:10,stop_point:SP_58,Stadium Ouest,33
2345829,15:00:00,15:00:10,stop_point:SP_3098,Stadium Est,34
2345829,15:03:00,15:03:10,stop_point:SP_461,Empalot,35
2345830,14:45:00,14:45:10,stop_point:SP_4521,Portet Gare SNCF,1
2345830,14:47:00,14:47:10,stop_point:SP_4529,Jean Jaurès,2
2345830,14:49:00,14:49:10,stop_point:SP_4773,Désiré,3
2345830,14:50:00,14:50:10,stop_point:SP_70,Eglise de Portet,4
2345830,14:51:00,14:51:10,stop_point:SP_1427,Commerce,5
2345830,14:51:00,14:51:10,stop_point:SP_1451,Occitanie,6
2345830,14:53:00,14:53:10,stop_point:SP_2980,Stade,7
2345830,14:54:00,14:54:10,stop_point:SP_3234,Bd de l'Europe,8
2345830,14:55:00,14:55:10,stop_point:SP_2173,Ctre Cial Portet - Entrée 1,9
2345830,14:56:00,14:56:10,stop_point:SP_1454,Palanques,10
2345830,14:56:00,14:56:10,stop_point:SP_4410,Ctre Cial Portet - Entrée 5,11
2345830,14:57:00,14:57:10,stop_point:SP_2564,Ecole Récébédou,12
2345830,14:58:00,14:58:10,stop_point:SP_795,Claire Fontaine,13
2345830,14:59:00,14:59:10,stop_point:SP_415,Frênes,14
2345830,15:00:00,15:00:10,stop_point:SP_4940,Clairfont,15
2345830,15:02:00,15:02:10,stop_point:SP_320,Larrieu,16
2345830,15:03:00,15:03:10,stop_point:SP_4906,Joulin,17
2345830,15:04:00,15:04:10,stop_point:SP_3681,Route d'Espagne,18
2345830,15:05:00,15:05:10,stop_point:SP_2892,IUC,19
2345830,15:05:00,15:05:10,stop_point:SP_5096,Oncopole - Lise Enjalbert,20
2345830,15:06:00,15:06:10,stop_point:SP_2663,Oncopole Courrière,21
2345830,15:07:00,15:07:10,stop_point:SP_116,Maison Commune,22
2345830,15:07:00,15:07:10,stop_point:SP_1334,Hubert Curien,23
2345830,15:08:00,15:08:10,stop_point:SP_1973,Marchant,24
2345830,15:09:00,15:09:10,stop_point:SP_3988,Gironis - Mémorial AZF,25
2345830,15:10:00,15:10:10,stop_point:SP_3430,Rond-Point Langlade,26
2345830,15:12:00,15:12:10,stop_point:SP_657,Langlade,27
2345830,15:13:00,15:13:10,stop_point:SP_1579,Gallieni,28
2345830,15:14:00,15:14:10,stop_point:SP_1859,Penent,29
2345830,15:14:00,15:14:10,stop_point:SP_3122,Barrière de Muret,30
2345830,15:16:00,15:16:10,stop_point:SP_3422,Roc,31
2345830,15:17:00,15:17:10,stop_point:SP_1188,Croix de Pierre,32
2345830,15:18:00,15:18:10,stop_point:SP_58,Stadium Ouest,33
2345830,15:20:00,15:20:10,stop_point:SP_3098,Stadium Est,34
2345830,15:23:00,15:23:10,stop_point:SP_461,Empalot,35
2345831,15:05:00,15:05:10,stop_point:SP_4521,Portet Gare SNCF,1
2345831,15:07:00,15:07:10,stop_point:SP_4529,Jean Jaurès,2
2345831,15:09:00,15:09:10,stop_point:SP_4773,Désiré,3
2345831,15:10:00,15:10:10,stop_point:SP_70,Eglise de Portet,4
2345831,15:11:00,15:11:10,stop_point:SP_1427,Commerce,5
2345831,15:11:00,15:11:10,stop_point:SP_1451,Occitanie,6
2345831,15:13:00,15:13:10,stop_point:SP_2980,Stade,7
2345831,15:14:00,15:14:10,stop_point:SP_3234,Bd de l'Europe,8
2345831,15:15:00,15:15:10,stop_point:SP_2173,Ctre Cial Portet - Entrée 1,9
2345831,15:16:00,15:16:10,stop_point:SP_1454,Palanques,10
2345831,15:16:00,15:16:10,stop_point:SP_4410,Ctre Cial Portet - Entrée 5,11
2345831,15:17:00,15:17:10,stop_point:SP_2564,Ecole Récébédou,12
2345831,15:18:00,15:18:10,stop_point:SP_795,Claire Fontaine,13
2345831,15:19:00,15:19:10,stop_point:SP_415,Frênes,14
2345831,15:20:00,15:20:10,stop_point:SP_4940,Clairfont,15
2345831,15:22:00,15:22:10,stop_point:SP_320,Larrieu,16
2345831,15:23:00,15:23:10,stop_point:SP_4906,Joulin,17
2345831,15:24:00,15:24:10,stop_point:SP_3681,Route d'Espagne,18
2345831,15:25:00,15:25:10,stop_point:SP_2892,IUC,19
2345831,15:25:00,15:25:10,stop_point:SP_5096,Oncopole - Lise Enjalbert,20
2345831,15:26:00,15:26:10,stop_point:SP_2663,Oncopole Courrière,21
2345831,15:27:00,15:27:10,stop_point:SP_116,Maison Commune,22
2345831,15:27:00,15:27:10,stop_point:SP_1334,Hubert Curien,23
2345831,15:28:00,15:28:10,stop_point:SP_1973,Marchant,24
2345831,15:29:00,15:29:10,stop_point:SP_3988,Gironis - Mémorial AZF,25
2345831,15:30:00,15:30:10,stop_point:SP_3430,Rond-Point Langlade,26
2345831,15:32:00,15:32:10,stop_point:SP_657,Langlade,27
2345831,15:33:00,15:33:10,stop_point:SP_1579,Gallieni,28
2345831,15:34:00,15:34:10,stop_point:SP_1859,Penent,29
2345831,15:34:00,15:34:10,stop_point:SP_3122,Barrière de Muret,30
2345831,15:36:00,15:36:10,stop_point:SP_3422,Roc,31
2345831,15:37:00,15:37:10,stop_point:SP_1188,Croix de Pierre,32
2345831,15:38:00,15:38:10,stop_point:SP_58,Stadium Ouest,33
2345831,15:40:00,15:40:10,stop_point:SP_3098,Stadium Est,34
2345831,15:43:00,15:43:10,stop_point:SP_461,Empalot,35
2345832,15:25:00,15:25:10,stop_point:SP_4521,Portet Gare SNCF,1
2345832,15:27:00,15:27:10,stop_point:SP_4529,Jean Jaurès,2
2345832,15:29:00,15:29:10,stop_point:SP_4773,Désiré,3
2345832,15:30:00,15:30:10,stop_point:SP_70,Eglise de Portet,4
2345832,15:31:00,15:31:10,stop_point:SP_1427,Commerce,5
2345832,15:31:00,15:31:10,stop_point:SP_1451,Occitanie,6
2345832,15:33:00,15:33:10,stop_point:SP_2980,Stade,7
2345832,15:34:00,15:34:10,stop_point:SP_3234,Bd de l'Europe,8
2345832,15:35:00,15:35:10,stop_point:SP_2173,Ctre Cial Portet - Entrée 1,9
2345832,15:36:00,15:36:10,stop_point:SP_1454,Palanques,10
2345832,15:36:00,15:36:10,stop_point:SP_4410,Ctre Cial Portet - Entrée 5,11
2345832,15:37:00,15:37:10,stop_point:SP_2564,Ecole Récébédou,12
2345832,15:38:00,15:38:10,stop_point:SP_795,Claire Fontaine,13
2345832,15:39:00,15:39:10,stop_point:SP_415,Frênes,14
2345832,15:40:00,15:40:10,stop_point:SP_4940,Clairfont,15
2345832,15:42:00,15:42:10,stop_point:SP_320,Larrieu,16
2345832,15:43:00,15:43:10,stop_point:SP_4906,Joulin,17
2345832,15:44:00,15:44:10,stop_point:SP_3681,Route d'Espagne,18
2345832,15:45:00,15:45:10,stop_point:SP_2892,IUC,19
2345832,15:45:00,15:45:10,stop_point:SP_5096,Oncopole - Lise Enjalbert,20
2345832,15:46:00,15:46:10,stop_point:SP_2663,Oncopole Courrière,21
2345832,15:47:00,15:47:10,stop_point:SP_116,Maison Commune,22
2345832,15:47:00,15:47:10,stop_point:SP_1334,Hubert Curien,23
2345832,15:48:00,15:48:10,stop_point:SP_1973,Marchant,24
2345832,15:49:00,15:49:10,stop_point:SP_3988,Gironis - Mémorial AZF,25
2345832,15:50:00,15:50:10,stop_point:SP_3430,Rond-Point Langlade,26
2345832,15:52:00,15:52:10,stop_point:SP_657,Langlade,27
2345832,15:53:00,15:53:10,stop_point:SP_1579,Gallieni,28
2345832,15:54:00,15:54:10,stop_point:SP_1859,Penent,29
2345832,15:54:00,15:54:10,stop_point:SP_3122,Barrière de Muret,30
2345832,15:56:00,15:56:10,stop_point:SP_3422,Roc,31
2345832,15:57:00,15:57:10,stop_point:SP_1188,Croix de Pierre,32
2345832,15:58:00,15:58:10,stop_point:SP_58,Stadium Ouest,33
2345832,16:00:00,16:00:10,stop_point:SP_3098,Stadium Est,34
2345832,16:03:00,16:03:10,stop_point:SP_461,Empalot,35
2345833,15:45:00,15:45:10,stop_point:SP_4521,Portet Gare SNCF,1
2345833,15:47:00,15:47:10,stop_point:SP_4529,Jean Jaurès,2
2345833,15:49:00,15:49:10,stop_point:SP_4773,Désiré,3
2345833,15:50:00,15:50:10,stop_point:SP_70,Eglise de Portet,4
2345833,15:51:00,15:51:10,stop_point:SP_1427,Commerce,5
2345833,15:51:00,15:51:10,stop_point:SP_1451,Occitanie,6
2345833,15:53:00,15:53:10,stop_point:SP_2980,Stade,7
2345833,15:54:00,15:54:10,stop_point:SP_3234,Bd de l'Europe,8
2345833,15:55:00,15:55:10,stop_point:SP_2173,Ctre Cial Portet - Entrée 1,9
2345833,15:56:00,15:56:10,stop_point:SP_1454,Palanques,10
2345833,15:56:00,15:56:10,stop_point:SP_4410,Ctre Cial Portet - Entrée 5,11
2345833,15:57:00,15:57:10,stop_point:SP_2564,Ecole Récébédou,12
2345833,15:58:00,15:58:10,stop_point:SP_795,Claire Fontaine,13
2345833,15:59:00,15:59:10,stop_point:SP_415,Frênes,14
2345833,16:00:00,16:00:10,stop_point:SP_4940,Clairfont,15
2345833,16:02:00,16:02:10,stop_point:SP_320,Larrieu,16
2345833,16:03:00,16:03:10,stop_point:SP_4906,Joulin,17
2345833,16:04:00,16:04:10,stop_point:SP_3681,Route d'Espagne,18
2345833,16:05:00,16:05:10,stop_point:SP_2892,IUC,19
2345833,16:05:00,16:05:10,stop_point:SP_5096,Oncopole - Lise Enjalbert,20
2345833,16:06:00,16:06:10,stop_point:SP_2663,Oncopole Courrière,21
2345833,16:07:00,16:07:10,stop_point:SP_116,Maison Commune,22
2345833,16:07:00,16:07:10,stop_point:SP_1334,Hubert Curien,23
2345833,16:08:00,16:08:10,stop_point:SP_1973,Marchant,24
2345833,16:09:00,16:09:10,stop_point:SP_3988,Gironis - Mémorial AZF,25
2345833,16:10:00,16:10:10,stop_point:SP_3430,Rond-Point Langlade,26
2345833,16:12:00,16:12:10,stop_point:SP_657,Langlade,27
2345833,16:13:00,16:13:10,stop_point:SP_1579,Gallieni,28
2345833,16:14:00,16:14:10,stop_point:SP_1859,Penent,29
2345833,16:14:00,16:14:10,stop_point:SP_3122,Barrière de Muret,30
2345833,16:16:00,16:16:10,stop_point:SP_3422,Roc,31
2345833,16:17:00,16:17:10,stop_point:SP_1188,Croix de Pierre,32
2345833,16:18:00,16:18:10,stop_point:SP_58,Stadium Ouest,33
2345833,16:20:00,16:20:10,stop_point:SP_3098,Stadium Est,34
2345833,16:23:00,16:23:10,stop_point:SP_461,Empalot,35
2345834,16:05:00,16:05:10,stop_point:SP_4521,Portet Gare SNCF,1
2345834,16:07:00,16:07:10,stop_point:SP_4529,Jean Jaurès,2
2345834,16:09:00,16:09:10,stop_point:SP_4773,Désiré,3
2345834,16:10:00,16:10:10,stop_point:SP_70,Eglise de Portet,4
2345834,16:11:00,16:11:10,stop_point:SP_1427,Commerce,5
2345834,16:11:00,16:11:10,stop_point:SP_1451,Occitanie,6
2345834,16:13:00,16:13:10,stop_point:SP_2980,Stade,7
2345834,16:14:00,16:14:10,stop_point:SP_3234,Bd de l'Europe,8
2345834,16:15:00,16:15:10,stop_point:SP_2173,Ctre Cial Portet - Entrée 1,9
2345834,16:16:00,16:16:10,stop_point:SP_1454,Palanques,10
2345834,16:16:00,16:16:10,stop_point:SP_4410,Ctre Cial Portet - Entrée 5,11
2345834,16:17:00,16:17:10,stop_point:SP_2564,Ecole Récébédou,12
2345834,16:18:00,16:18:10,stop_point:SP_795,Claire Fontaine,13
2345834,16:19:00,16:19:10,stop_point:SP_415,Frênes,14
2345834,16:20:00,16:20:10,stop_point:SP_4940,Clairfont,15
2345834,16:22:00,16:22:10,stop_point:SP_320,Larrieu,16
2345834,16:23:00,16:23:10,stop_point:SP_4906,Joulin,17
2345834,16:24:00,16:24:10,stop_point:SP_3681,Route d'Espagne,18
2345834,16:25:00,16:25:10,stop_point:SP_2892,IUC,19
2345834,16:25:00,16:25:10,stop_point:SP_5096,Oncopole - Lise Enjalbert,20
2345834,16:26:00,16:26:10,stop_point:SP_2663,Oncopole Courrière,21
2345834,16:27:00,16:27:10,stop_point:SP_116,Maison Commune,22
2345834,16:27:00,16:27:10,stop_point:SP_1334,Hubert Curien,23
2345834,16:28:00,16:28:10,stop_point:SP_1973,Marchant,24
2345834,16:29:00,16:29:10,stop_point:SP_3988,Gironis - Mémorial AZF,25
2345834,16:30:00,16:30:10,stop_point:SP_3430,Rond-Point Langlade,26
2345834,16:32:00,16:32:10,stop_point:SP_657,Langlade,27
2345834,16:33:00,16:33:10,stop_point:SP_1579,Gallieni,28
2345834,16:34:00,16:34:10,stop_point:SP_1859,Penent,29
2345834,16:34:00,16:34:10,stop_point:SP_3122,Barrière de Muret,30
2345834,16:36:00,16:36:10,stop_point:SP_3422,Roc,31
2345834,16:37:00,16:37:10,stop_point:SP_1188,Croix de Pierre,32
2345834,16:38:00,16:38:10,stop_point:SP_58,Stadium Ouest,33
2345834,16:40:00,16:40:10,stop_point:SP_3098,Stadium Est,34
2345834,16:43:00,16:43:10,stop_point:SP_461,Empalot,35
2345835,16:25:00,16:25:10,stop_point:SP_4521,Portet Gare SNCF,1
2345835,16:27:00,16:27:10,stop_point:SP_4529,Jean Jaurès,2
2345835,16:29:00,16:29:10,stop_point:SP_4773,Désiré,3
2345835,16:30:00,16:30:10,stop_point:SP_70,Eglise de Portet,4
2345835,16:31:00,16:31:10,stop_point:SP_1427,Commerce,5
2345835,16:31:00,16:31:10,stop_point:SP_1451,Occitanie,6
2345835,16:33:00,16:33:10,stop_point:SP_2980,Stade,7
2345835,16:34:00,16:34:10,stop_point:SP_3234,Bd de l'Europe,8
2345835,16:35:00,16:35:10,stop_point:SP_2173,Ctre Cial Portet - Entrée 1,9
2345835,16:36:00,16:36:10,stop_point:SP_1454,Palanques,10
2345835,16:36:00,16:36:10,stop_point:SP_4410,Ctre Cial Portet - Entrée 5,11
2345835,16:37:00,16:37:10,stop_point:SP_2564,Ecole Récébédou,12
2345835,16:38:00,16:38:10,stop_point:SP_795,Claire Fontaine,13
2345835,16:39:00,16:39:10,stop_point:SP_415,Frênes,14
2345835,16:40:00,16:40:10,stop_point:SP_4940,Clairfont,15
2345835,16:42:00,16:42:10,stop_point:SP_320,Larrieu,16
2345835,16:43:00,16:43:10,stop_point:SP_4906,Joulin,17
2345835,16:44:00,16:44:10,stop_point:SP_3681,Route d'Espagne,18
2345835,16:45:00,16:45:10,stop_point:SP_2892,IUC,19
2345835,16:45:00,16:45:10,stop_point:SP_5096,Oncopole - Lise Enjalbert,20
2345835,16:46:00,16:46:10,stop_point:SP_2663,Oncopole Courrière,21
2345835,16:47:00,16:47:10,stop_point:SP_116,Maison Commune,22
2345835,16:47:00,16:47:10,stop_point:SP_1334,Hubert Curien,23
2345835,16:48:00,16:48:10,stop_point:SP_1973,Marchant,24
2345835,16:49:00,16:49:10,stop_point:SP_3988,Gironis - Mémorial AZF,25
2345835,16:50:00,16:50:10,stop_point:SP_3430,Rond-Point Langlade,26
2345835,16:52:00,16:52:10,stop_point:SP_657,Langlade,27
2345835,16:53:00,16:53:10,stop_point:SP_1579,Gallieni,28
2345835,16:54:00,16:54:10,stop_point:SP_1859,Penent,29
2345835,16:54:00,16:54:10,stop_point:SP_3122,Barrière de Muret,30
2345835,16:56:00,16:56:10,stop_point:SP_3422,Roc,31
2345835,16:57:00,16:57:10,stop_point:SP_1188,Croix de Pierre,32
2345835,16:58:00,16:58:10,stop_point:SP_58,Stadium Ouest,33
2345835,17:00:00,17:00:10,stop_point:SP_3098,Stadium Est,34
2345835,17:03:00,17:03:10,stop_point:SP_461,Empalot,35
2345836,16:45:00,16:45:10,stop_point:SP_4521,Portet Gare SNCF,1
2345836,16:47:00,16:47:10,stop_point:SP_4529,Jean Jaurès,2
2345836,16:49:00,16:49:10,stop_point:SP_4773,Désiré,3
2345836,16:50:00,16:50:10,stop_point:SP_70,Eglise de Portet,4
2345836,16:51:00,16:51:10,stop_point:SP_1427,Commerce,5
2345836,16:51:00,16:51:10,stop_point:SP_1451,Occitanie,6
2345836,16:53:00,16:53:10,stop_point:SP_2980,Stade,7
2345836,16:54:00,16:54:10,stop_point:SP_3234,Bd de l'Europe,8
2345836,16:55:00,16:55:10,stop_point:SP_2173,Ctre Cial Portet - Entrée 1,9
2345836,16:56:00,16:56:10,stop_point:SP_1454,Palanques,10
2345836,16:56:00,16:56:10,stop_point:SP_4410,Ctre Cial Portet - Entrée 5,11
2345836,16:57:00,16:57:10,stop_point:SP_2564,Ecole Récébédou,12
2345836,16:58:00,16:58:10,stop_point:SP_795,Claire Fontaine,13
2345836,16:59:00,16:59:10,stop_point:SP_415,Frênes,14
2345836,17:00:00,17:00:10,stop_point:SP_4940,Clairfont,15
2345836,17:02:00,17:02:10,stop_point:SP_320,Larrieu,16
2345836,17:03:00,17:03:10,stop_point:SP_4906,Joulin,17
2345836,17:04:00,17:04:10,stop_point:SP_3681,Route d'Espagne,18
2345836,17:05:00,17:05:10,stop_point:SP_2892,IUC,19
2345836,17:05:00,17:05:10,stop_point:SP_5096,Oncopole - Lise Enjalbert,20
2345836,17:06:00,17:06:10,stop_point:SP_2663,Oncopole Courrière,21
2345836,17:07:00,17:07:10,stop_point:SP_116,Maison Commune,22
2345836,17:07:00,17:07:10,stop_point:SP_1334,Hubert Curien,23
2345836,17:08:00,17:08:10,stop_point:SP_1973,Marchant,24
2345836,17:09:00,17:09:10,stop_point:SP_3988,Gironis - Mémorial AZF,25
2345836,17:10:00,17:10:10,stop_point:SP_3430,Rond-Point Langlade,26
2345836,17:12:00,17:12:10,stop_point:SP_657,Langlade,27
2345836,17:13:00,17:13:10,stop_point:SP_1579,Gallieni,28
2345836,17:14:00,17:14:10,stop_point:SP_1859,Penent,29
2345836,17:14:00,17:14:10,stop_point:SP_3122,Barrière de Muret,30
2345836,17:16:00,17:16:10,stop_point:SP_3422,Roc,31
2345836,17:17:00,17:17:10,stop_point:SP_1188,Croix de Pierre,32
2345836,17:18:00,17:18:10,stop_point:SP_58,Stadium Ouest,33
2345836,17:20:00,17:20:10,stop_point:SP_3098,Stadium Est,34
2345836,17:23:00,17:23:10,stop_point:SP_461,Empalot,35
2345837,17:05:00,17:05:10,stop_point:SP_4521,Portet Gare SNCF,1
2345837,17:07:00,17:07:10,stop_point:SP_4529,Jean Jaurès,2
2345837,17:09:00,17:09:10,stop_point:SP_4773,Désiré,3
2345837,17:10:00,17:10:10,stop_point:SP_70,Eglise de Portet,4
2345837,17:11:00,17:11:10,stop_point:SP_1427,Commerce,5
2345837,17:11:00,17:11:10,stop_point:SP_1451,Occitanie,6
2345837,17:13:00,17:13:10,stop_point:SP_2980,Stade,7
2345837,17:14:00,17:14:10,stop_point:SP_3234,Bd de l'Europe,8
2345837,17:15:00,17:15:10,stop_point:SP_2173,Ctre Cial Portet - Entrée 1,9
2345837,17:16:00,17:16:10,stop_point:SP_1454,Palanques,10
2345837,17:16:00,17:16:10,stop_point:SP_4410,Ctre Cial Portet - Entrée 5,11
2345837,17:17:00,17:17:10,stop_point:SP_2564,Ecole Récébédou,12
2345837,17:18:00,17:18:10,stop_point:SP_795,Claire Fontaine,13
2345837,17:19:00,17:19:10,stop_point:SP_415,Frênes,14
2345837,17:20:00,17:20:10,stop_point:SP_4940,Clairfont,15
2345837,17:22:00,17:22:10,stop_point:SP_320,Larrieu,16
2345837,17:23:00,17:23:10,stop_point:SP_4906,Joulin,17
2345837,17:24:00,17:24:10,stop_point:SP_3681,Route d'Espagne,18
2345837,17:25:00,17:25:10,stop_point:SP_2892,IUC,19
2345837,17:25:00,17:25:10,stop_point:SP_5096,Oncopole - Lise Enjalbert,20
2345837,17:26:00,17:26:10,stop_point:SP_2663,Oncopole Courrière,21
2345837,17:27:00,17:27:10,stop_point:SP_116,Maison Commune,22
2345837,17:27:00,17:27:10,stop_point:SP_1334,Hubert Curien,23
2345837,17:28:00,17:28:10,stop_point:SP_1973,Marchant,24
2345837,17:29:00,17:29:10,stop_point:SP_3988,Gironis - Mémorial AZF,25
2345837,17:30:00,17:30:10,stop_point:SP_3430,Rond-Point Langlade,26
2345837,17:32:00,17:32:10,stop_point:SP_657,Langlade,27
2345837,17:33:00,17:33:10,stop_point:SP_1579,Gallieni,28
2345837,17:34:00,17:34:10,stop_point:SP_1859,Penent,29
2345837,17:34:00,17:34:10,stop_point:SP_3122,Barrière de Muret,30
2345837,17:36:00,17:36:10,stop_point:SP_3422,Roc,31
2345837,17:37:00,17:37:10,stop_point:SP_1188,Croix de Pierre,32
2345837,17:38:00,17:38:10,stop_point:SP_58,Stadium Ouest,33
2345837,17:40:00,17:40:10,stop_point:SP_3098,Stadium Est,34
2345837,17:43:00,17:43:10,stop_point:SP_461,Empalot,35
2345838,17:25:00,17:25:10,stop_point:SP_4521,Portet Gare SNCF,1
2345838,17:27:00,17:27:10,stop_point:SP_4529,Jean Jaurès,2
2345838,17:29:00,17:29:10,stop_point:SP_4773,Désiré,3
2345838,17:30:00,17:30:10,stop_point:SP_70,Eglise de Portet,4
2345838,17:31:00,17:31:10,stop_point:SP_1427,Commerce,5
2345838,17:31:00,17:31:10,stop_point:SP_1451,Occitanie,6
2345838,17:33:00,17:33:10,stop_point:SP_2980,Stade,7
2345838,17:34:00,17:34:10,stop_point:SP_3234,Bd de l'Europe,8
2345838,17:35:00,17:35:10,stop_point:SP_2173,Ctre Cial Portet - Entrée 1,9
2345838,17:36:00,17:36:10,stop_point:SP_1454,Palanques,10
2345838,17:36:00,17:36:10,stop_point:SP_4410,Ctre Cial Portet - Entrée 5,11
2345838,17:37:00,17:37:10,stop_point:SP_2564,Ecole Récébédou,12
2345838,17:38:00,17:38:10,stop_point:SP_795,Claire Fontaine,13
2345838,17:39:00,17:39:10,stop_point:SP_415,Frênes,14
2345838,17:40:00,17:40:10,stop_point:SP_4940,Clairfont,15
2345838,17:42:00,17:42:10,stop_point:SP_320,Larrieu,16
2345838,17:43:00,17:43:10,stop_point:SP_4906,Joulin,17
2345838,17:44:00,17:44:10,stop_point:SP_3681,Route d'Espagne,18
2345838,17:45:00,17:45:10,stop_point:SP_2892,IUC,19
2345838,17:45:00,17:45:10,stop_point:SP_5096,Oncopole - Lise Enjalbert,20
2345838,17:46:00,17:46:10,stop_point:SP_2663,Oncopole Courrière,21
2345838,17:47:00,17:47:10,stop_point:SP_116,Maison Commune,22
2345838,17:47:00,17:47:10,stop_point:SP_1334,Hubert Curien,23
2345838,17:48:00,17:48:10,stop_point:SP_1973,Marchant,24
2345838,17:49:00,17:49:10,stop_point:SP_3988,Gironis - Mémorial AZF,25
2345838,17:50:00,17:50:10,stop_point:SP_3430,Rond-Point Langlade,26
2345838,17:52:00,17:52:10,stop_point:SP_657,Langlade,27
2345838,17:53:00,17:53:10,stop_point:SP_1579,Gallieni,28
2345838,17:54:00,17:54:10,stop_point:SP_1859,Penent,29
2345838,17:54:00,17:54:10,stop_point:SP_3122,Barrière de Muret,30
2345838,17:56:00,17:56:10,stop_point:SP_3422,Roc,31
2345838,17:57:00,17:57:10,stop_point:SP_1188,Croix de Pierre,32
2345838,17:58:00,17:58:10,stop_point:SP_58,Stadium Ouest,33
2345838,18:00:00,18:00:10,stop_point:SP_3098,Stadium Est,34
2345838,18:03:00,18:03:10,stop_point:SP_461,Empalot,35
2345839,17:45:00,17:45:10,stop_point:SP_4521,Portet Gare SNCF,1
2345839,17:47:00,17:47:10,stop_point:SP_4529,Jean Jaurès,2
2345839,17:49:00,17:49:10,stop_point:SP_4773,Désiré,3
2345839,17:50:00,17:50:10,stop_point:SP_70,Eglise de Portet,4
2345839,17:51:00,17:51:10,stop_point:SP_1427,Commerce,5
2345839,17:51:00,17:51:10,stop_point:SP_1451,Occitanie,6
2345839,17:53:00,17:53:10,stop_point:SP_2980,Stade,7
2345839,17:54:00,17:54:10,stop_point:SP_3234,Bd de l'Europe,8
2345839,17:55:00,17:55:10,stop_point:SP_2173,Ctre Cial Portet - Entrée 1,9
2345839,17:56:00,17:56:10,stop_point:SP_1454,Palanques,10
2345839,17:56:00,17:56:10,stop_point:SP_4410,Ctre Cial Portet - Entrée 5,11
2345839,17:57:00,17:57:10,stop_point:SP_2564,Ecole Récébédou,12
2345839,17:58:00,17:58:10,stop_point:SP_795,Claire Fontaine,13
2345839,17:59:00,17:59:10,stop_point:SP_415,Frênes,14
2345839,18:00:00,18:00:10,stop_point:SP_4940,Clairfont,15
2345839,18:02:00,18:02:10,stop_point:SP_320,Larrieu,16
2345839,18:03:00,18:03:10,stop_point:SP_4906,Joulin,17
2345839,18:04:00,18:04:10,stop_point:SP_3681,Route d'Espagne,18
2345839,18:05:00,18:05:10,stop_point:SP_2892,IUC,19
2345839,18:05:00,18:05:10,stop_point:SP_5096,Oncopole - Lise Enjalbert,20
2345839,18:06:00,18:06:10,stop_point:SP_2663,Oncopole Courrière,21
2345839,18:07:00,18:07:10,stop_point:SP_116,Maison Commune,22
2345839,18:07:00,18:07:10,stop_point:SP_1334,Hubert Curien,23
2345839,18:08:00,18:08:10,stop_point:SP_1973,Marchant,24
2345839,18:09:00,18:09:10,stop_point:SP_3988,Gironis - Mémorial AZF,25
2345839,18:10:00,18:10:10,stop_point:SP_3430,Rond-Point Langlade,26
2345839,18:12:00,18:12:10,stop_point:SP_657,Langlade,27
2345839,18:13:00,18:13:10,stop_point:SP_1579,Gallieni,28
2345839,18:14:00,18:14:10,stop_point:SP_1859,Penent,29
2345839,18:14:00,18:14:10,stop_point:SP_3122,Barrière de Muret,30
2345839,18:16:00,18:16:10,stop_point:SP_3422,Roc,31
2345839,18:17:00,18:17:10,stop_point:SP_1188,Croix de Pierre,32
2345839,18:18:00,18:18:10,stop_point:SP_58,Stadium Ouest,33
2345839,18:20:00,18:20:10,stop_point:SP_3098,Stadium Est,34
2345839,18:23:00,18:23:10,stop_point:SP_461,Empalot,35
2345840,18:05:00,18:05:10,stop_point:SP_4521,Portet Gare SNCF,1
2345840,18:07:00,18:07:10,stop_point:SP_4529,Jean Jaurès,2
2345840,18:09:00,18:09:10,stop_point:SP_4773,Désiré,3
2345840,18:10:00,18:10:10,stop_point:SP_70,Eglise de Portet,4
2345840,18:11:00,18:11:10,stop_point:SP_1427,Commerce,5
2345840,18:11:00,18:11:10,stop_point:SP_1451,Occitanie,6
2345840,18:13:00,18:13:10,stop_point:SP_2980,Stade,7
2345840,18:14:00,18:14:10,stop_point:SP_3234,Bd de l'Europe,8
2345840,18:15:00,18:15:10,stop_point:SP_2173,Ctre Cial Portet - Entrée 1,9
2345840,18:16:00,18:16:10,stop_point:SP_1454,Palanques,10
2345840,18:16:00,18:16:10,stop_point:SP_4410,Ctre Cial Portet - Entrée 5,11
2345840,18:17:00,18:17:10,stop_point:SP_2564,Ecole Récébédou,12
2345840,18:18:00,18:18:10,stop_point:SP_795,Claire Fontaine,13
2345840,18:19:00,18:19:10,stop_point:SP_415,Frênes,14
2345840,18:20:00,18:20:10,stop_point:SP_4940,Clairfont,15
2345840,18:22:00,18:22:10,stop_point:SP_320,Larrieu,16
2345840,18:23:00,18:23:10,stop_point:SP_4906,Joulin,17
2345840,18:24:00,18:24:10,stop_point:SP_3681,Route d'Espagne,18
2345840,18:25:00,18:25:10,stop_point:SP_2892,IUC,19
2345840,18:25:00,18:25:10,stop_point:SP_5096,Oncopole - Lise Enjalbert,20
2345840,18:26:00,18:26:10,stop_point:SP_2663,Oncopole Courrière,21
2345840,18:27:00,18:27:10,stop_point:SP_116,Maison Commune,22
2345840,18:27:00,18:27:10,stop_point:SP_1334,Hubert Curien,23
2345840,18:28:00,18:28:10,stop_point:SP_1973,Marchant,24
2345840,18:29:00,18:29:10,stop_point:SP_3988,Gironis - Mémorial AZF,25
2345840,18:30:00,18:30:10,stop_point:SP_3430,Rond-Point Langlade,26
2345840,18:32:00,18:32:10,stop_point:SP_657,Langlade,27
2345840,18:33:00,18:33:10,stop_point:SP_1579,Gallieni,28
2345840,18:34:00,18:34:10,stop_point:SP_1859,Penent,29
2345840,18:34:00,18:34:10,stop_point:SP_3122,Barrière de Muret,30
2345840,18:36:00,18:36:10,stop_point:SP_3422,Roc,31
2345840,18:37:00,18:37:10,stop_point:SP_1188,Croix de Pierre,32
2345840,18:38:00,18:38:10,stop_point:SP_58,Stadium Ouest,33
2345840,18:40:00,18:40:10,stop_point:SP_3098,Stadium Est,34
2345840,18:43:00,18:43:10,stop_point:SP_461,Empalot,35
2345841,18:25:00,18:25:10,stop_point:SP_4521,Portet Gare SNCF,1
2345841,18:27:00,18:27:10,stop_point:SP_4529,Jean Jaurès,2
2345841,18:29:00,18:29:10,stop_point:SP_4773,Désiré,3
2345841,18:30:00,18:30:10,stop_point:SP_70,Eglise de Portet,4
2345841,18:31:00,18:31:10,stop_point:SP_1427,Commerce,5
2345841,18:31:00,18:31:10,stop_point:SP_1451,Occitanie,6
2345841,18:33:00,18:33:10,stop_point:SP_2980,Stade,7
2345841,18:34:00,18:34:10,stop_point:SP_3234,Bd de l'Europe,8
2345841,18:35:00,18:35:10,stop_point:SP_2173,Ctre Cial Portet - Entrée 1,9
2345841,18:36:00,18:36:10,stop_point:SP_1454,Palanques,10
2345841,18:36:00,18:36:10,stop_point:SP_4410,Ctre Cial Portet - Entrée 5,11
2345841,18:37:00,18:37:10,stop_point:SP_2564,Ecole Récébédou,12
2345841,18:38:00,18:38:10,stop_point:SP_795,Claire Fontaine,13
2345841,18:39:00,18:39:10,stop_point:SP_415,Frênes,14
2345841,18:40:00,18:40:10,stop_point:SP_4940,Clairfont,15
2345841,18:42:00,18:42:10,stop_point:SP_320,Larrieu,16
2345841,18:43:00,18:43:10,stop_point:SP_4906,Joulin,17
2345841,18:44:00,18:44:10,stop_point:SP_3681,Route d'Espagne,18
2345841,18:45:00,18:45:10,stop_point:SP_2892,IUC,19
2345841,18:45:00,18:45:10,stop_point:SP_5096,Oncopole - Lise Enjalbert,20
2345841,18:46:00,18:46:10,stop_point:SP_2663,Oncopole Courrière,21
2345841,18:47:00,18:47:10,stop_point:SP_116,Maison Commune,22
2345841,18:47:00,18:47:10,stop_point:SP_1334,Hubert Curien,23
2345841,18:48:00,18:48:10,stop_point:SP_1973,Marchant,24
2345841,18:49:00,18:49:10,stop_point:SP_3988,Gironis - Mémorial AZF,25
2345841,18:50:00,18:50:10,stop_point:SP_3430,Rond-Point Langlade,26
2345841,18:52:00,18:52:10,stop_point:SP_657,Langlade,27
2345841,18:53:00,18:53:10,stop_point:SP_1579,Gallieni,28
2345841,18:54:00,18:54:10,stop_point:SP_1859,Penent,29
2345841,18:54:00,18:54:10,stop_point:SP_3122,Barrière de Muret,30
2345841,18:56:00,18:56:10,stop_point:SP_3422,Roc,31
2345841,18:57:00,18:57:10,stop_point:SP_1188,Croix de Pierre,32
2345841,18:58:00,18:58:10,stop_point:SP_58,Stadium Ouest,33
2345841,19:00:00,19:00:10,stop_point:SP_3098,Stadium Est,34
2345841,19:03:00,19:03:10,stop_point:SP_461,Empalot,35
2345842,18:45:00,18:45:10,stop_point:SP_4521,Portet Gare SNCF,1
2345842,18:47:00,18:47:10,stop_point:SP_4529,Jean Jaurès,2
2345842,18:49:00,18:49:10,stop_point:SP_4773,Désiré,3
2345842,18:50:00,18:50:10,stop_point:SP_70,Eglise de Portet,4
2345842,18:51:00,18:51:10,stop_point:SP_1427,Commerce,5
2345842,18:51:00,18:51:10,stop_point:SP_1451,Occitanie,6
2345842,18:53:00,18:53:10,stop_point:SP_2980,Stade,7
2345842,18:54:00,18:54:10,stop_point:SP_3234,Bd de l'Europe,8
2345842,18:55:00,18:55:10,stop_point:SP_2173,Ctre Cial Portet - Entrée 1,9
2345842,18:56:00,18:56:10,stop_point:SP_1454,Palanques,10
2345842,18:56:00,18:56:10,stop_point:SP_4410,Ctre Cial Portet - Entrée 5,11
2345842,18:57:00,18:57:10,stop_point:SP_2564,Ecole Récébédou,12
2345842,18:58:00,18:58:10,stop_point:SP_795,Claire Fontaine,13
2345842,18:59:00,18:59:10,stop_point:SP_415,Frênes,14
2345842,19:00:00,19:00:10,stop_point:SP_4940,Clairfont,15
2345842,19:02:00,19:02:10,stop_point:SP_320,Larrieu,16
2345842,19:03:00,19:03:10,stop_point:SP_4906,Joulin,17
2345842,19:04:00,19:04:10,stop_point:SP_3681,Route d'Espagne,18
2345842,19:05:00,19:05:10,stop_point:SP_2892,IUC,19
2345842,19:05:00,19:05:10,stop_point:SP_5096,Oncopole - Lise Enjalbert,20
2345842,19:06:00,19:06:10,stop_point:SP_2663,Oncopole Courrière,21
2345842,19:07:00,19:07:10,stop_point:SP_116,Maison Commune,22
2345842,19:07:00,19:07:10,stop_point:SP_1334,Hubert Curien,23
2345842,19:08:00,19:08:10,stop_point:SP_1973,Marchant,24
2345842,19:09:00,19:09:10,stop_point:SP_3988,Gironis - Mémorial AZF,25
2345842,19:10:00,19:10:10,stop_point:SP_3430,Rond-Point Langlade,26
2345842,19:12:00,19:12:10,stop_point:SP_657,Langlade,27
2345842,19:13:00,19:13:10,stop_point:SP_1579,Gallieni,28
2345842,19:14:00,19:14:10,stop_point:SP_1859,Penent,29
2345842,19:14:00,19:14:10,stop_point:SP_3122,Barrière de Muret,30
2345842,19:16:00,19:16:10,stop_point:SP_3422,Roc,31
2345842,19:17:00,19:17:10,stop_point:SP_1188,Croix de Pierre,32
2345842,19:18:00,19:18:10,stop_point:SP_58,Stadium Ouest,33
2345842,19:20:00,19:20:10,stop_point:SP_3098,Stadium Est,34
2345842,19:23:00,19:23:10,stop_point:SP_461,Empalot,35
2345843,19:05:00,19:05:10,stop_point:SP_4521,Portet Gare SNCF,1
2345843,19:07:00,19:07:10,stop_point:SP_4529,Jean Jaurès,2
2345843,19:09:00,19:09:10,stop_point:SP_4773,Désiré,3
2345843,19:10:00,19:10:10,stop_point:SP_70,Eglise de Portet,4
2345843,19:11:00,19:11:10,stop_point:SP_1427,Commerce,5
2345843,19:11:00,19:11:10,stop_point:SP_1451,Occitanie,6
2345843,19:13:00,19:13:10,stop_point:SP_2980,Stade,7
2345843,19:14:00,19:14:10,stop_point:SP_3234,Bd de l'Europe,8
2345843,19:15:00,19:15:10,stop_point:SP_2173,Ctre Cial Portet - Entrée 1,9
2345843,19:16:00,19:16:10,stop_point:SP_1454,Palanques,10
2345843,19:16:00,19:16:10,stop_point:SP_4410,Ctre Cial Portet - Entrée 5,11
2345843,19:17:00,19:17:10,stop_point:SP_2564,Ecole Récébédou,12
2345843,19:18:00,19:18:10,stop_point:SP_795,Claire Fontaine,13
2345843,19:19:00,19:19:10,stop_point:SP_415,Frênes,14
2345843,19:20:00,19:20:10,stop_point:SP_4940,Clairfont,15
2345843,19:22:00,19:22:10,stop_point:SP_320,Larrieu,16
2345843,19:23:00,19:23:10,stop_point:SP_4906,Joulin,17
2345843,19:23:00,19:23:10,stop_point:SP_3681,Route d'Espagne,18
2345843,19:24:00,19:24:10,stop_point:SP_2892,IUC,19
2345843,19:24:00,19:24:10,stop_point:SP_5096,Oncopole - Lise Enjalbert,20
2345843,19:25:00,19:25:10,stop_point:SP_2663,Oncopole Courrière,21
2345843,19:26:00,19:26:10,stop_point:SP_116,Maison Commune,22
2345843,19:26:00,19:26:10,stop_point:SP_1334,Hubert Curien,23
2345843,19:27:00,19:27:10,stop_point:SP_1973,Marchant,24
2345843,19:28:00,19:28:10,stop_point:SP_3988,Gironis - Mémorial AZF,25
2345843,19:29:00,19:29:10,stop_point:SP_3430,Rond-Point Langlade,26
2345843,19:31:00,19:31:10,stop_point:SP_657,Langlade,27
2345843,19:31:00,19:31:10,stop_point:SP_1579,Gallieni,28
2345843,19:32:00,19:32:10,stop_point:SP_1859,Penent,29
2345843,19:33:00,19:33:10,stop_point:SP_3122,Barrière de Muret,30
2345843,19:34:00,19:34:10,stop_point:SP_3422,Roc,31
2345843,19:35:00,19:35:10,stop_point:SP_1188,Croix de Pierre,32
2345843,19:36:00,19:36:10,stop_point:SP_58,Stadium Ouest,33
2345843,19:38:00,19:38:10,stop_point:SP_3098,Stadium Est,34
2345843,19:41:00,19:41:10,stop_point:SP_461,Empalot,35
2345844,19:25:00,19:25:10,stop_point:SP_4521,Portet Gare SNCF,1
2345844,19:27:00,19:27:10,stop_point:SP_4529,Jean Jaurès,2
2345844,19:29:00,19:29:10,stop_point:SP_4773,Désiré,3
2345844,19:30:00,19:30:10,stop_point:SP_70,Eglise de Portet,4
2345844,19:31:00,19:31:10,stop_point:SP_1427,Commerce,5
2345844,19:31:00,19:31:10,stop_point:SP_1451,Occitanie,6
2345844,19:33:00,19:33:10,stop_point:SP_2980,Stade,7
2345844,19:34:00,19:34:10,stop_point:SP_3234,Bd de l'Europe,8
2345844,19:35:00,19:35:10,stop_point:SP_2173,Ctre Cial Portet - Entrée 1,9
2345844,19:36:00,19:36:10,stop_point:SP_1454,Palanques,10
2345844,19:36:00,19:36:10,stop_point:SP_4410,Ctre Cial Portet - Entrée 5,11
2345844,19:37:00,19:37:10,stop_point:SP_2564,Ecole Récébédou,12
2345844,19:38:00,19:38:10,stop_point:SP_795,Claire Fontaine,13
2345844,19:39:00,19:39:10,stop_point:SP_415,Frênes,14
2345844,19:40:00,19:40:10,stop_point:SP_4940,Clairfont,15
2345844,19:42:00,19:42:10,stop_point:SP_320,Larrieu,16
2345844,19:43:00,19:43:10,stop_point:SP_4906,Joulin,17
2345844,19:43:00,19:43:10,stop_point:SP_3681,Route d'Espagne,18
2345844,19:44:00,19:44:10,stop_point:SP_2892,IUC,19
2345844,19:44:00,19:44:10,stop_point:SP_5096,Oncopole - Lise Enjalbert,20
2345844,19:45:00,19:45:10,stop_point:SP_2663,Oncopole Courrière,21
2345844,19:46:00,19:46:10,stop_point:SP_116,Maison Commune,22
2345844,19:46:00,19:46:10,stop_point:SP_1334,Hubert Curien,23
2345844,19:47:00,19:47:10,stop_point:SP_1973,Marchant,24
2345844,19:48:00,19:48:10,stop_point:SP_3988,Gironis - Mémorial AZF,25
2345844,19:49:00,19:49:10,stop_point:SP_3430,Rond-Point Langlade,26
2345844,19:51:00,19:51:10,stop_point:SP_657,Langlade,27
2345844,19:51:00,19:51:10,stop_point:SP_1579,Gallieni,28
2345844,19:52:00,19:52:10,stop_point:SP_1859,Penent,29
2345844,19:53:00,19:53:10,stop_point:SP_3122,Barrière de Muret,30
2345844,19:54:00,19:54:10,stop_point:SP_3422,Roc,31
2345844,19:55:00,19:55:10,stop_point:SP_1188,Croix de Pierre,32
2345844,19:56:00,19:56:10,stop_point:SP_58,Stadium Ouest,33
2345844,19:58:00,19:58:10,stop_point:SP_3098,Stadium Est,34
2345844,20:01:00,20:01:10,stop_point:SP_461,Empalot,35
2345845,19:45:00,19:45:10,stop_point:SP_4521,Portet Gare SNCF,1
2345845,19:47:00,19:47:10,stop_point:SP_4529,Jean Jaurès,2
2345845,19:49:00,19:49:10,stop_point:SP_4773,Désiré,3
2345845,19:50:00,19:50:10,stop_point:SP_70,Eglise de Portet,4
2345845,19:51:00,19:51:10,stop_point:SP_1427,Commerce,5
2345845,19:51:00,19:51:10,stop_point:SP_1451,Occitanie,6
2345845,19:53:00,19:53:10,stop_point:SP_2980,Stade,7
2345845,19:54:00,19:54:10,stop_point:SP_3234,Bd de l'Europe,8
2345845,19:55:00,19:55:10,stop_point:SP_2173,Ctre Cial Portet - Entrée 1,9
2345845,19:56:00,19:56:10,stop_point:SP_1454,Palanques,10
2345845,19:56:00,19:56:10,stop_point:SP_4410,Ctre Cial Portet - Entrée 5,11
2345845,19:57:00,19:57:10,stop_point:SP_2564,Ecole Récébédou,12
2345845,19:58:00,19:58:10,stop_point:SP_795,Claire Fontaine,13
2345845,19:59:00,19:59:10,stop_point:SP_415,Frênes,14
2345845,20:00:00,20:00:10,stop_point:SP_4940,Clairfont,15
2345845,20:02:00,20:02:10,stop_point:SP_320,Larrieu,16
2345845,20:03:00,20:03:10,stop_point:SP_4906,Joulin,17
2345845,20:03:00,20:03:10,stop_point:SP_3681,Route d'Espagne,18
2345845,20:04:00,20:04:10,stop_point:SP_2892,IUC,19
2345845,20:04:00,20:04:10,stop_point:SP_5096,Oncopole - Lise Enjalbert,20
2345845,20:05:00,20:05:10,stop_point:SP_2663,Oncopole Courrière,21
2345845,20:06:00,20:06:10,stop_point:SP_116,Maison Commune,22
2345845,20:06:00,20:06:10,stop_point:SP_1334,Hubert Curien,23
2345845,20:07:00,20:07:10,stop_point:SP_1973,Marchant,24
2345845,20:08:00,20:08:10,stop_point:SP_3988,Gironis - Mémorial AZF,25
2345845,20:09:00,20:09:10,stop_point:SP_3430,Rond-Point Langlade,26
2345845,20:11:00,20:11:10,stop_point:SP_657,Langlade,27
2345845,20:11:00,20:11:10,stop_point:SP_1579,Gallieni,28
2345845,20:12:00,20:12:10,stop_point:SP_1859,Penent,29
2345845,20:13:00,20:13:10,stop_point:SP_3122,Barrière de Muret,30
2345845,20:14:00,20:14:10,stop_point:SP_3422,Roc,31
2345845,20:15:00,20:15:10,stop_point:SP_1188,Croix de Pierre,32
2345845,20:16:00,20:16:10,stop_point:SP_58,Stadium Ouest,33
2345845,20:17:00,20:17:10,stop_point:SP_3098,Stadium Est,34
2345845,20:20:00,20:20:10,stop_point:SP_461,Empalot,35
2345846,20:05:00,20:05:10,stop_point:SP_4521,Portet Gare SNCF,1
2345846,20:07:00,20:07:10,stop_point:SP_4529,Jean Jaurès,2
2345846,20:08:00,20:08:10,stop_point:SP_4773,Désiré,3
2345846,20:09:00,20:09:10,stop_point:SP_70,Eglise de Portet,4
2345846,20:10:00,20:10:10,stop_point:SP_1427,Commerce,5
2345846,20:11:00,20:11:10,stop_point:SP_1451,Occitanie,6
2345846,20:12:00,20:12:10,stop_point:SP_2980,Stade,7
2345846,20:13:00,20:13:10,stop_point:SP_3234,Bd de l'Europe,8
2345846,20:14:00,20:14:10,stop_point:SP_2173,Ctre Cial Portet - Entrée 1,9
2345846,20:15:00,20:15:10,stop_point:SP_1454,Palanques,10
2345846,20:15:00,20:15:10,stop_point:SP_4410,Ctre Cial Portet - Entrée 5,11
2345846,20:16:00,20:16:10,stop_point:SP_2564,Ecole Récébédou,12
2345846,20:16:00,20:16:10,stop_point:SP_795,Claire Fontaine,13
2345846,20:17:00,20:17:10,stop_point:SP_415,Frênes,14
2345846,20:18:00,20:18:10,stop_point:SP_4940,Clairfont,15
2345846,20:20:00,20:20:10,stop_point:SP_320,Larrieu,16
2345846,20:21:00,20:21:10,stop_point:SP_4906,Joulin,17
2345846,20:21:00,20:21:10,stop_point:SP_3681,Route d'Espagne,18
2345846,20:22:00,20:22:10,stop_point:SP_2892,IUC,19
2345846,20:22:00,20:22:10,stop_point:SP_5096,Oncopole - Lise Enjalbert,20
2345846,20:23:00,20:23:10,stop_point:SP_2663,Oncopole Courrière,21
2345846,20:24:00,20:24:10,stop_point:SP_116,Maison Commune,22
2345846,20:24:00,20:24:10,stop_point:SP_1334,Hubert Curien,23
2345846,20:25:00,20:25:10,stop_point:SP_1973,Marchant,24
2345846,20:26:00,20:26:10,stop_point:SP_3988,Gironis - Mémorial AZF,25
2345846,20:27:00,20:27:10,stop_point:SP_3430,Rond-Point Langlade,26
2345846,20:29:00,20:29:10,stop_point:SP_657,Langlade,27
2345846,20:29:00,20:29:10,stop_point:SP_1579,Gallieni,28
2345846,20:30:00,20:30:10,stop_point:SP_1859,Penent,29
2345846,20:31:00,20:31:10,stop_point:SP_3122,Barrière de Muret,30
2345846,20:32:00,20:32:10,stop_point:SP_3422,Roc,31
2345846,20:33:00,20:33:10,stop_point:SP_1188,Croix de Pierre,32
2345846,20:34:00,20:34:10,stop_point:SP_58,Stadium Ouest,33
2345846,20:35:00,20:35:10,stop_point:SP_3098,Stadium Est,34
2345846,20:38:00,20:38:10,stop_point:SP_461,Empalot,35
2345847,20:25:00,20:25:10,stop_point:SP_4521,Portet Gare SNCF,1
2345847,20:27:00,20:27:10,stop_point:SP_4529,Jean Jaurès,2
2345847,20:28:00,20:28:10,stop_point:SP_4773,Désiré,3
2345847,20:29:00,20:29:10,stop_point:SP_70,Eglise de Portet,4
2345847,20:30:00,20:30:10,stop_point:SP_1427,Commerce,5
2345847,20:31:00,20:31:10,stop_point:SP_1451,Occitanie,6
2345847,20:32:00,20:32:10,stop_point:SP_2980,Stade,7
2345847,20:33:00,20:33:10,stop_point:SP_3234,Bd de l'Europe,8
2345847,20:34:00,20:34:10,stop_point:SP_2173,Ctre Cial Portet - Entrée 1,9
2345847,20:35:00,20:35:10,stop_point:SP_1454,Palanques,10
2345847,20:35:00,20:35:10,stop_point:SP_4410,Ctre Cial Portet - Entrée 5,11
2345847,20:36:00,20:36:10,stop_point:SP_2564,Ecole Récébédou,12
2345847,20:36:00,20:36:10,stop_point:SP_795,Claire Fontaine,13
2345847,20:37:00,20:37:10,stop_point:SP_415,Frênes,14
2345847,20:38:00,20:38:10,stop_point:SP_4940,Clairfont,15
2345847,20:40:00,20:40:10,stop_point:SP_320,Larrieu,16
2345847,20:41:00,20:41:10,stop_point:SP_4906,Joulin,17
2345847,20:41:00,20:41:10,stop_point:SP_3681,Route d'Espagne,18
2345847,20:42:00,20:42:10,stop_point:SP_2892,IUC,19
2345847,20:42:00,20:42:10,stop_point:SP_5096,Oncopole - Lise Enjalbert,20
2345847,20:43:00,20:43:10,stop_point:SP_2663,Oncopole Courrière,21
2345847,20:44:00,20:44:10,stop_point:SP_116,Maison Commune,22
2345847,20:44:00,20:44:10,stop_point:SP_1334,Hubert Curien,23
2345847,20:45:00,20:45:10,stop_point:SP_1973,Marchant,24
2345847,20:46:00,20:46:10,stop_point:SP_3988,Gironis - Mémorial AZF,25
2345847,20:47:00,20:47:10,stop_point:SP_3430,Rond-Point Langlade,26
2345847,20:49:00,20:49:10,stop_point:SP_657,Langlade,27
2345847,20:49:00,20:49:10,stop_point:SP_1579,Gallieni,28
2345847,20:50:00,20:50:10,stop_point:SP_1859,Penent,29
2345847,20:51:00,20:51:10,stop_point:SP_3122,Barrière de Muret,30
2345847,20:52:00,20:52:10,stop_point:SP_3422,Roc,31
2345847,20:53:00,20:53:10,stop_point:SP_1188,Croix de Pierre,32
2345847,20:54:00,20:54:10,stop_point:SP_58,Stadium Ouest,33
2345847,20:55:00,20:55:10,stop_point:SP_3098,Stadium Est,34
2345847,20:58:00,20:58:10,stop_point:SP_461,Empalot,35
2345848,20:45:00,20:45:10,stop_point:SP_4521,Portet Gare SNCF,1
2345848,20:47:00,20:47:10,stop_point:SP_4529,Jean Jaurès,2
2345848,20:48:00,20:48:10,stop_point:SP_4773,Désiré,3
2345848,20:49:00,20:49:10,stop_point:SP_70,Eglise de Portet,4
2345848,20:50:00,20:50:10,stop_point:SP_1427,Commerce,5
2345848,20:51:00,20:51:10,stop_point:SP_1451,Occitanie,6
2345848,20:52:00,20:52:10,stop_point:SP_2980,Stade,7
2345848,20:53:00,20:53:10,stop_point:SP_3234,Bd de l'Europe,8
2345848,20:54:00,20:54:10,stop_point:SP_2173,Ctre Cial Portet - Entrée 1,9
2345848,20:55:00,20:55:10,stop_point:SP_1454,Palanques,10
2345848,20:55:00,20:55:10,stop_point:SP_4410,Ctre Cial Portet - Entrée 5,11
2345848,20:56:00,20:56:10,stop_point:SP_2564,Ecole Récébédou,12
2345848,20:56:00,20:56:10,stop_point:SP_795,Claire Fontaine,13
2345848,20:57:00,20:57:10,stop_point:SP_415,Frênes,14
2345848,20:58:00,20:58:10,stop_point:SP_4940,Clairfont,15
2345848,21:00:00,21:00:10,stop_point:SP_320,Larrieu,16
2345848,21:01:00,21:01:10,stop_point:SP_4906,Joulin,17
2345848,21:01:00,21:01:10,stop_point:SP_3681,Route d'Espagne,18
2345848,21:02:00,21:02:10,stop_point:SP_2892,IUC,19
2345848,21:02:00,21:02:10,stop_point:SP_5096,Oncopole - Lise Enjalbert,20
2345848,21:03:00,21:03:10,stop_point:SP_2663,Oncopole Courrière,21
2345848,21:04:00,21:04:10,stop_point:SP_116,Maison Commune,22
2345848,21:04:00,21:04:10,stop_point:SP_1334,Hubert Curien,23
2345848,21:05:00,21:05:10,stop_point:SP_1973,Marchant,24
2345848,21:06:00,21:06:10,stop_point:SP_3988,Gironis - Mémorial AZF,25
2345848,21:07:00,21:07:10,stop_point:SP_3430,Rond-Point Langlade,26
2345848,21:09:00,21:09:10,stop_point:SP_657,Langlade,27
2345848,21:09:00,21:09:10,stop_point:SP_1579,Gallieni,28
2345848,21:10:00,21:10:10,stop_point:SP_1859,Penent,29
2345848,21:11:00,21:11:10,stop_point:SP_3122,Barrière de Muret,30
2345848,21:12:00,21:12:10,stop_point:SP_3422,Roc,31
2345848,21:13:00,21:13:10,stop_point:SP_1188,Croix de Pierre,32
2345848,21:14:00,21:14:10,stop_point:SP_58,Stadium Ouest,33
2345848,21:15:00,21:15:10,stop_point:SP_3098,Stadium Est,34
2345848,21:18:00,21:18:10,stop_point:SP_461,Empalot,35
2345849,21:15:00,21:15:10,stop_point:SP_4521,Portet Gare SNCF,1
2345849,21:17:00,21:17:10,stop_point:SP_4529,Jean Jaurès,2
2345849,21:18:00,21:18:10,stop_point:SP_4773,Désiré,3
2345849,21:19:00,21:19:10,stop_point:SP_70,Eglise de Portet,4
2345849,21:20:00,21:20:10,stop_point:SP_1427,Commerce,5
2345849,21:20:00,21:20:10,stop_point:SP_1451,Occitanie,6
2345849,21:21:00,21:21:10,stop_point:SP_2980,Stade,7
2345849,21:22:00,21:22:10,stop_point:SP_3234,Bd de l'Europe,8
2345849,21:23:00,21:23:10,stop_point:SP_2173,Ctre Cial Portet - Entrée 1,9
2345849,21:24:00,21:24:10,stop_point:SP_1454,Palanques,10
2345849,21:24:00,21:24:10,stop_point:SP_4410,Ctre Cial Portet - Entrée 5,11
2345849,21:25:00,21:25:10,stop_point:SP_2564,Ecole Récébédou,12
2345849,21:25:00,21:25:10,stop_point:SP_795,Claire Fontaine,13
2345849,21:26:00,21:26:10,stop_point:SP_415,Frênes,14
2345849,21:27:00,21:27:10,stop_point:SP_4940,Clairfont,15
2345849,21:29:00,21:29:10,stop_point:SP_320,Larrieu,16
2345849,21:30:00,21:30:10,stop_point:SP_4906,Joulin,17
2345849,21:30:00,21:30:10,stop_point:SP_3681,Route d'Espagne,18
2345849,21:31:00,21:31:10,stop_point:SP_2892,IUC,19
2345849,21:31:00,21:31:10,stop_point:SP_5096,Oncopole - Lise Enjalbert,20
2345849,21:32:00,21:32:10,stop_point:SP_2663,Oncopole Courrière,21
2345849,21:33:00,21:33:10,stop_point:SP_116,Maison Commune,22
2345849,21:33:00,21:33:10,stop_point:SP_1334,Hubert Curien,23
2345849,21:34:00,21:34:10,stop_point:SP_1973,Marchant,24
2345849,21:35:00,21:35:10,stop_point:SP_3988,Gironis - Mémorial AZF,25
2345849,21:36:00,21:36:10,stop_point:SP_3430,Rond-Point Langlade,26
2345849,21:38:00,21:38:10,stop_point:SP_657,Langlade,27
2345849,21:38:00,21:38:10,stop_point:SP_1579,Gallieni,28
2345849,21:39:00,21:39:10,stop_point:SP_1859,Penent,29
2345849,21:40:00,21:40:10,stop_point:SP_3122,Barrière de Muret,30
2345849,21:41:00,21:41:10,stop_point:SP_3422,Roc,31
2345849,21:42:00,21:42:10,stop_point:SP_1188,Croix de Pierre,32
2345849,21:43:00,21:43:10,stop_point:SP_58,Stadium Ouest,33
2345849,21:44:00,21:44:10,stop_point:SP_3098,Stadium Est,34
2345849,21:47:00,21:47:10,stop_point:SP_461,Empalot,35
2345850,21:45:00,21:45:10,stop_point:SP_4521,Portet Gare SNCF,1
2345850,21:47:00,21:47:10,stop_point:SP_4529,Jean Jaurès,2
2345850,21:48:00,21:48:10,stop_point:SP_4773,Désiré,3
2345850,21:49:00,21:49:10,stop_point:SP_70,Eglise de Portet,4
2345850,21:50:00,21:50:10,stop_point:SP_1427,Commerce,5
2345850,21:50:00,21:50:10,stop_point:SP_1451,Occitanie,6
2345850,21:51:00,21:51:10,stop_point:SP_2980,Stade,7
2345850,21:52:00,21:52:10,stop_point:SP_3234,Bd de l'Europe,8
2345850,21:53:00,21:53:10,stop_point:SP_2173,Ctre Cial Portet - Entrée 1,9
2345850,21:54:00,21:54:10,stop_point:SP_1454,Palanques,10
2345850,21:54:00,21:54:10,stop_point:SP_4410,Ctre Cial Portet - Entrée 5,11
2345850,21:55:00,21:55:10,stop_point:SP_2564,Ecole Récébédou,12
2345850,21:55:00,21:55:10,stop_point:SP_795,Claire Fontaine,13
2345850,21:56:00,21:56:10,stop_point:SP_415,Frênes,14
2345850,21:57:00,21:57:10,stop_point:SP_4940,Clairfont,15
2345850,21:59:00,21:59:10,stop_point:SP_320,Larrieu,16
2345850,22:00:00,22:00:10,stop_point:SP_4906,Joulin,17
2345850,22:00:00,22:00:10,stop_point:SP_3681,Route d'Espagne,18
2345850,22:01:00,22:01:10,stop_point:SP_2892,IUC,19
2345850,22:01:00,22:01:10,stop_point:SP_5096,Oncopole - Lise Enjalbert,20
2345850,22:02:00,22:02:10,stop_point:SP_2663,Oncopole Courrière,21
2345850,22:03:00,22:03:10,stop_point:SP_116,Maison Commune,22
2345850,22:03:00,22:03:10,stop_point:SP_1334,Hubert Curien,23
2345850,22:04:00,22:04:10,stop_point:SP_1973,Marchant,24
2345850,22:05:00,22:05:10,stop_point:SP_3988,Gironis - Mémorial AZF,25
2345850,22:06:00,22:06:10,stop_point:SP_3430,Rond-Point Langlade,26
2345850,22:08:00,22:08:10,stop_point:SP_657,Langlade,27
2345850,22:08:00,22:08:10,stop_point:SP_1579,Gallieni,28
2345850,22:09:00,22:09:10,stop_point:SP_1859,Penent,29
2345850,22:10:00,22:10:10,stop_point:SP_3122,Barrière de Muret,30
2345850,22:11:00,22:11:10,stop_point:SP_3422,Roc,31
2345850,22:12:00,22:12:10,stop_point:SP_1188,Croix de Pierre,32
2345850,22:13:00,22:13:10,stop_point:SP_58,Stadium Ouest,33
2345850,22:14:00,22:14:10,stop_point:SP_3098,Stadium Est,34
2345850,22:17:00,22:17:10,stop_point:SP_461,Empalot,35
2345851,22:15:00,22:15:10,stop_point:SP_4521,Portet Gare SNCF,1
2345851,22:17:00,22:17:10,stop_point:SP_4529,Jean Jaurès,2
2345851,22:18:00,22:18:10,stop_point:SP_4773,Désiré,3
2345851,22:19:00,22:19:10,stop_point:SP_70,Eglise de Portet,4
2345851,22:20:00,22:20:10,stop_point:SP_1427,Commerce,5
2345851,22:20:00,22:20:10,stop_point:SP_1451,Occitanie,6
2345851,22:21:00,22:21:10,stop_point:SP_2980,Stade,7
2345851,22:22:00,22:22:10,stop_point:SP_3234,Bd de l'Europe,8
2345851,22:23:00,22:23:10,stop_point:SP_2173,Ctre Cial Portet - Entrée 1,9
2345851,22:24:00,22:24:10,stop_point:SP_1454,Palanques,10
2345851,22:24:00,22:24:10,stop_point:SP_4410,Ctre Cial Portet - Entrée 5,11
2345851,22:25:00,22:25:10,stop_point:SP_2564,Ecole Récébédou,12
2345851,22:25:00,22:25:10,stop_point:SP_795,Claire Fontaine,13
2345851,22:26:00,22:26:10,stop_point:SP_415,Frênes,14
2345851,22:27:00,22:27:10,stop_point:SP_4940,Clairfont,15
2345851,22:29:00,22:29:10,stop_point:SP_320,Larrieu,16
2345851,22:30:00,22:30:10,stop_point:SP_4906,Joulin,17
2345851,22:30:00,22:30:10,stop_point:SP_3681,Route d'Espagne,18
2345851,22:31:00,22:31:10,stop_point:SP_2892,IUC,19
2345851,22:31:00,22:31:10,stop_point:SP_5096,Oncopole - Lise Enjalbert,20
2345851,22:32:00,22:32:10,stop_point:SP_2663,Oncopole Courrière,21
2345851,22:33:00,22:33:10,stop_point:SP_116,Maison Commune,22
2345851,22:33:00,22:33:10,stop_point:SP_1334,Hubert Curien,23
2345851,22:34:00,22:34:10,stop_point:SP_1973,Marchant,24
2345851,22:35:00,22:35:10,stop_point:SP_3988,Gironis - Mémorial AZF,25
2345851,22:36:00,22:36:10,stop_point:SP_3430,Rond-Point Langlade,26
2345851,22:37:00,22:37:10,stop_point:SP_657,Langlade,27
2345851,22:38:00,22:38:10,stop_point:SP_1579,Gallieni,28
2345851,22:39:00,22:39:10,stop_point:SP_1859,Penent,29
2345851,22:39:00,22:39:10,stop_point:SP_3122,Barrière de Muret,30
2345851,22:40:00,22:40:10,stop_point:SP_3422,Roc,31
2345851,22:41:00,22:41:10,stop_point:SP_1188,Croix de Pierre,32
2345851,22:42:00,22:42:10,stop_point:SP_58,Stadium Ouest,33
2345851,22:43:00,22:43:10,stop_point:SP_3098,Stadium Est,34
2345851,22:46:00,22:46:10,stop_point:SP_461,Empalot,35
2345852,22:45:00,22:45:10,stop_point:SP_4521,Portet Gare SNCF,1
2345852,22:47:00,22:47:10,stop_point:SP_4529,Jean Jaurès,2
2345852,22:48:00,22:48:10,stop_point:SP_4773,Désiré,3
2345852,22:49:00,22:49:10,stop_point:SP_70,Eglise de Portet,4
2345852,22:50:00,22:50:10,stop_point:SP_1427,Commerce,5
2345852,22:50:00,22:50:10,stop_point:SP_1451,Occitanie,6
2345852,22:51:00,22:51:10,stop_point:SP_2980,Stade,7
2345852,22:52:00,22:52:10,stop_point:SP_3234,Bd de l'Europe,8
2345852,22:53:00,22:53:10,stop_point:SP_2173,Ctre Cial Portet - Entrée 1,9
2345852,22:54:00,22:54:10,stop_point:SP_1454,Palanques,10
2345852,22:54:00,22:54:10,stop_point:SP_4410,Ctre Cial Portet - Entrée 5,11
2345852,22:55:00,22:55:10,stop_point:SP_2564,Ecole Récébédou,12
2345852,22:55:00,22:55:10,stop_point:SP_795,Claire Fontaine,13
2345852,22:56:00,22:56:10,stop_point:SP_415,Frênes,14
2345852,22:57:00,22:57:10,stop_point:SP_4940,Clairfont,15
2345852,22:59:00,22:59:10,stop_point:SP_320,Larrieu,16
2345852,23:00:00,23:00:10,stop_point:SP_4906,Joulin,17
2345852,23:00:00,23:00:10,stop_point:SP_3681,Route d'Espagne,18
2345852,23:01:00,23:01:10,stop_point:SP_2892,IUC,19
2345852,23:01:00,23:01:10,stop_point:SP_5096,Oncopole - Lise Enjalbert,20
2345852,23:02:00,23:02:10,stop_point:SP_2663,Oncopole Courrière,21
2345852,23:03:00,23:03:10,stop_point:SP_116,Maison Commune,22
2345852,23:03:00,23:03:10,stop_point:SP_1334,Hubert Curien,23
2345852,23:04:00,23:04:10,stop_point:SP_1973,Marchant,24
2345852,23:05:00,23:05:10,stop_point:SP_3988,Gironis - Mémorial AZF,25
2345852,23:06:00,23:06:10,stop_point:SP_3430,Rond-Point Langlade,26
2345852,23:07:00,23:07:10,stop_point:SP_657,Langlade,27
2345852,23:08:00,23:08:10,stop_point:SP_1579,Gallieni,28
2345852,23:09:00,23:09:10,stop_point:SP_1859,Penent,29
2345852,23:09:00,23:09:10,stop_point:SP_3122,Barrière de Muret,30
2345852,23:10:00,23:10:10,stop_point:SP_3422,Roc,31
2345852,23:11:00,23:11:10,stop_point:SP_1188,Croix de Pierre,32
2345852,23:12:00,23:12:10,stop_point:SP_58,Stadium Ouest,33
2345852,23:13:00,23:13:10,stop_point:SP_3098,Stadium Est,34
2345852,23:16:00,23:16:10,stop_point:SP_461,Empalot,35
2345853,23:15:00,23:15:10,stop_point:SP_4521,Portet Gare SNCF,1
2345853,23:17:00,23:17:10,stop_point:SP_4529,Jean Jaurès,2
2345853,23:18:00,23:18:10,stop_point:SP_4773,Désiré,3
2345853,23:19:00,23:19:10,stop_point:SP_70,Eglise de Portet,4
2345853,23:20:00,23:20:10,stop_point:SP_1427,Commerce,5
2345853,23:20:00,23:20:10,stop_point:SP_1451,Occitanie,6
2345853,23:21:00,23:21:10,stop_point:SP_2980,Stade,7
2345853,23:22:00,23:22:10,stop_point:SP_3234,Bd de l'Europe,8
2345853,23:23:00,23:23:10,stop_point:SP_2173,Ctre Cial Portet - Entrée 1,9
2345853,23:24:00,23:24:10,stop_point:SP_1454,Palanques,10
2345853,23:24:00,23:24:10,stop_point:SP_4410,Ctre Cial Portet - Entrée 5,11
2345853,23:25:00,23:25:10,stop_point:SP_2564,Ecole Récébédou,12
2345853,23:25:00,23:25:10,stop_point:SP_795,Claire Fontaine,13
2345853,23:26:00,23:26:10,stop_point:SP_415,Frênes,14
2345853,23:27:00,23:27:10,stop_point:SP_4940,Clairfont,15
2345853,23:29:00,23:29:10,stop_point:SP_320,Larrieu,16
2345853,23:30:00,23:30:10,stop_point:SP_4906,Joulin,17
2345853,23:30:00,23:30:10,stop_point:SP_3681,Route d'Espagne,18
2345853,23:31:00,23:31:10,stop_point:SP_2892,IUC,19
2345853,23:31:00,23:31:10,stop_point:SP_5096,Oncopole - Lise Enjalbert,20
2345853,23:32:00,23:32:10,stop_point:SP_2663,Oncopole Courrière,21
2345853,23:33:00,23:33:10,stop_point:SP_116,Maison Commune,22
2345853,23:33:00,23:33:10,stop_point:SP_1334,Hubert Curien,23
2345853,23:34:00,23:34:10,stop_point:SP_1973,Marchant,24
2345853,23:35:00,23:35:10,stop_point:SP_3988,Gironis - Mémorial AZF,25
2345853,23:36:00,23:36:10,stop_point:SP_3430,Rond-Point Langlade,26
2345853,23:37:00,23:37:10,stop_point:SP_657,Langlade,27
2345853,23:38:00,23:38:10,stop_point:SP_1579,Gallieni,28
2345853,23:39:00,23:39:10,stop_point:SP_1859,Penent,29
2345853,23:39:00,23:39:10,stop_point:SP_3122,Barrière de Muret,30
2345853,23:40:00,23:40:10,stop_point:SP_3422,Roc,31
2345853,23:41:00,23:41:10,stop_point:SP_1188,Croix de Pierre,32
2345853,23:42:00,23:42:10,stop_point:SP_58,Stadium Ouest,33
2345853,23:43:00,23:43:10,stop_point:SP_3098,Stadium Est,34
2345853,23:46:00,23:46:10,stop_point:SP_461,Empalot,35
2345854,23:45:00,23:45:10,stop_point:SP_4521,Portet Gare SNCF,1
2345854,23:47:00,23:47:10,stop_point:SP_4529,Jean Jaurès,2
2345854,23:48:00,23:48:10,stop_point:SP_4773,Désiré,3
2345854,23:49:00,23:49:10,stop_point:SP_70,Eglise de Portet,4
2345854,23:50:00,23:50:10,stop_point:SP_1427,Commerce,5
2345854,23:50:00,23:50:10,stop_point:SP_1451,Occitanie,6
2345854,23:51:00,23:51:10,stop_point:SP_2980,Stade,7
2345854,23:52:00,23:52:10,stop_point:SP_3234,Bd de l'Europe,8
2345854,23:53:00,23:53:10,stop_point:SP_2173,Ctre Cial Portet - Entrée 1,9
2345854,23:54:00,23:54:10,stop_point:SP_1454,Palanques,10
2345854,23:54:00,23:54:10,stop_point:SP_4410,Ctre Cial Portet - Entrée 5,11
2345854,23:55:00,23:55:10,stop_point:SP_2564,Ecole Récébédou,12
2345854,23:55:00,23:55:10,stop_point:SP_795,Claire Fontaine,13
2345854,23:56:00,23:56:10,stop_point:SP_415,Frênes,14
2345854,23:57:00,23:57:10,stop_point:SP_4940,Clairfont,15
2345854,23:59:00,23:59:10,stop_point:SP_320,Larrieu,16
2345854,24:00:00,24:00:10,stop_point:SP_4906,Joulin,17
2345854,24:00:00,24:00:10,stop_point:SP_3681,Route d'Espagne,18
2345854,24:01:00,24:01:10,stop_point:SP_2892,IUC,19
2345854,24:01:00,24:01:10,stop_point:SP_5096,Oncopole - Lise Enjalbert,20
2345854,24:02:00,24:02:10,stop_point:SP_2663,Oncopole Courrière,21
2345854,24:03:00,24:03:10,stop_point:SP_116,Maison Commune,22
2345854,24:03:00,24:03:10,stop_point:SP_1334,Hubert Curien,23
2345854,24:04:00,24:04:10,stop_point:SP_1973,Marchant,24
2345854,24:05:00,24:05:10,stop_point:SP_3988,Gironis - Mémorial AZF,25
2345854,24:06:00,24:06:10,stop_point:SP_3430,Rond-Point Langlade,26
2345854,24:07:00,24:07:10,stop_point:SP_657,Langlade,27
2345854,24:08:00,24:08:10,stop_point:SP_1579,Gallieni,28
2345854,24:09:00,24:09:10,stop_point:SP_1859,Penent,29
2345854,24:09:00,24:09:10,stop_point:SP_3122,Barrière de Muret,30
2345854,24:10:00,24:10:10,stop_point:SP_3422,Roc,31
2345854,24:11:00,24:11:10,stop_point:SP_1188,Croix de Pierre,32
2345854,24:12:00,24:12:10,stop_point:SP_58,Stadium Ouest,33
2345854,24:13:00,24:13:10,stop_point:SP_3098,Stadium Est,34
2345854,24:16:00,24:16:10,stop_point:SP_461,Empalot,35
2345855,24:15:00,24:15:10,stop_point:SP_4521,Portet Gare SNCF,1
2345855,24:17:00,24:17:10,stop_point:SP_4529,Jean Jaurès,2
2345855,24:18:00,24:18:10,stop_point:SP_4773,Désiré,3
2345855,24:19:00,24:19:10,stop_point:SP_70,Eglise de Portet,4
2345855,24:20:00,24:20:10,stop_point:SP_1427,Commerce,5
2345855,24:20:00,24:20:10,stop_point:SP_1451,Occitanie,6
2345855,24:21:00,24:21:10,stop_point:SP_2980,Stade,7
2345855,24:22:00,24:22:10,stop_point:SP_3234,Bd de l'Europe,8
2345855,24:23:00,24:23:10,stop_point:SP_2173,Ctre Cial Portet - Entrée 1,9
2345855,24:24:00,24:24:10,stop_point:SP_1454,Palanques,10
2345855,24:24:00,24:24:10,stop_point:SP_4410,Ctre Cial Portet - Entrée 5,11
2345855,24:25:00,24:25:10,stop_point:SP_2564,Ecole Récébédou,12
2345855,24:25:00,24:25:10,stop_point:SP_795,Claire Fontaine,13
2345855,24:26:00,24:26:10,stop_point:SP_415,Frênes,14
2345855,24:27:00,24:27:10,stop_point:SP_4940,Clairfont,15
2345855,24:29:00,24:29:10,stop_point:SP_320,Larrieu,16
2345855,24:30:00,24:30:10,stop_point:SP_4906,Joulin,17
2345855,24:30:00,24:30:10,stop_point:SP_3681,Route d'Espagne,18
2345855,24:31:00,24:31:10,stop_point:SP_2892,IUC,19
2345855,24:31:00,24:31:10,stop_point:SP_5096,Oncopole - Lise Enjalbert,20
2345855,24:32:00,24:32:10,stop_point:SP_2663,Oncopole Courrière,21
2345855,24:33:00,24:33:10,stop_point:SP_116,Maison Commune,22
2345855,24:33:00,24:33:10,stop_point:SP_1334,Hubert Curien,23
2345855,24:34:00,24:34:10,stop_point:SP_1973,Marchant,24
2345855,24:35:00,24:35:10,stop_point:SP_3988,Gironis - Mémorial AZF,25
2345855,24:36:00,24:36:10,stop_point:SP_3430,Rond-Point Langlade,26
2345855,24:37:00,24:37:10,stop_point:SP_657,Langlade,27
2345855,24:37:00,24:37:10,stop_point:SP_1579,Gallieni,28
2345855,24:38:00,24:38:10,stop_point:SP_1859,Penent,29
2345855,24:39:00,24:39:10,stop_point:SP_3122,Barrière de Muret,30
2345855,24:39:00,24:39:10,stop_point:SP_3422,Roc,31
2345855,24:40:00,24:40:10,stop_point:SP_1188,Croix de Pierre,32
2345855,24:41:00,24:41:10,stop_point:SP_58,Stadium Ouest,33
2345855,24:42:00,24:42:10,stop_point:SP_3098,Stadium Est,34
2345855,24:45:00,24:45:10,stop_point:SP_461,Empalot,35
2345856,24:40:00,24:40:10,stop_point:SP_4521,Portet Gare SNCF,1
2345856,24:42:00,24:42:10,stop_point:SP_4529,Jean Jaurès,2
2345856,24:43:00,24:43:10,stop_point:SP_4773,Désiré,3
2345856,24:44:00,24:44:10,stop_point:SP_70,Eglise de Portet,4
2345856,24:45:00,24:45:10,stop_point:SP_1427,Commerce,5
2345856,24:45:00,24:45:10,stop_point:SP_1451,Occitanie,6
2345856,24:46:00,24:46:10,stop_point:SP_2980,Stade,7
2345856,24:47:00,24:47:10,stop_point:SP_3234,Bd de l'Europe,8
2345856,24:48:00,24:48:10,stop_point:SP_2173,Ctre Cial Portet - Entrée 1,9
2345856,24:49:00,24:49:10,stop_point:SP_1454,Palanques,10
2345856,24:49:00,24:49:10,stop_point:SP_4410,Ctre Cial Portet - Entrée 5,11
2345856,24:50:00,24:50:10,stop_point:SP_2564,Ecole Récébédou,12
2345856,24:50:00,24:50:10,stop_point:SP_795,Claire Fontaine,13
2345856,24:51:00,24:51:10,stop_point:SP_415,Frênes,14
2345856,24:52:00,24:52:10,stop_point:SP_4940,Clairfont,15
2345856,24:54:00,24:54:10,stop_point:SP_320,Larrieu,16
2345856,24:55:00,24:55:10,stop_point:SP_4906,Joulin,17
2345856,24:55:00,24:55:10,stop_point:SP_3681,Route d'Espagne,18
2345856,24:56:00,24:56:10,stop_point:SP_2892,IUC,19
2345856,24:56:00,24:56:10,stop_point:SP_5096,Oncopole - Lise Enjalbert,20
2345856,24:57:00,24:57:10,stop_point:SP_2663,Oncopole Courrière,21
2345856,24:58:00,24:58:10,stop_point:SP_116,Maison Commune,22
2345856,24:58:00,24:58:10,stop_point:SP_1334,Hubert Curien,23
2345856,24:59:00,24:59:10,stop_point:SP_1973,Marchant,24
2345856,25:00:00,25:00:10,stop_point:SP_3988,Gironis - Mémorial AZF,25
2345856,25:01:00,25:01:10,stop_point:SP_3430,Rond-Point Langlade,26
2345856,25:02:00,25:02:10,stop_point:SP_657,Langlade,27
2345856,25:02:00,25:02:10,stop_point:SP_1579,Gallieni,28
2345856,25:03:00,25:03:10,stop_point:SP_1859,Penent,29
2345856,25:04:00,25:04:10,stop_point:SP_3122,Barrière de Muret,30
2345856,25:04:00,25:04:10,stop_point:SP_3422,Roc,31
2345856,25:05:00,25:05:10,stop_point:SP_1188,Croix de Pierre,32
2345856,25:06:00,25:06:10,stop_point:SP_58,Stadium Ouest,33
2345856,25:07:00,25:07:10,stop_point:SP_3098,Stadium Est,34
2345856,25:09:00,25:09:10,stop_point:SP_461,Empalot,35
2345857,25:05:00,25:05:10,stop_point:SP_4521,Portet Gare SNCF,1
2345857,25:07:00,25:07:10,stop_point:SP_4529,Jean Jaurès,2
2345857,25:08:00,25:08:10,stop_point:SP_4773,Désiré,3
2345857,25:09:00,25:09:10,stop_point:SP_70,Eglise de Portet,4
2345857,25:10:00,25:10:10,stop_point:SP_1427,Commerce,5
2345857,25:10:00,25:10:10,stop_point:SP_1451,Occitanie,6
2345857,25:11:00,25:11:10,stop_point:SP_2980,Stade,7
2345857,25:12:00,25:12:10,stop_point:SP_3234,Bd de l'Europe,8
2345857,25:13:00,25:13:10,stop_point:SP_2173,Ctre Cial Portet - Entrée 1,9
2345857,25:14:00,25:14:10,stop_point:SP_1454,Palanques,10
2345857,25:14:00,25:14:10,stop_point:SP_4410,Ctre Cial Portet - Entrée 5,11
2345857,25:15:00,25:15:10,stop_point:SP_2564,Ecole Récébédou,12
2345857,25:15:00,25:15:10,stop_point:SP_795,Claire Fontaine,13
2345857,25:16:00,25:16:10,stop_point:SP_415,Frênes,14
2345857,25:17:00,25:17:10,stop_point:SP_4940,Clairfont,15
2345857,25:19:00,25:19:10,stop_point:SP_320,Larrieu,16
2345857,25:20:00,25:20:10,stop_point:SP_4906,Joulin,17
2345857,25:20:00,25:20:10,stop_point:SP_3681,Route d'Espagne,18
2345857,25:21:00,25:21:10,stop_point:SP_2892,IUC,19
2345857,25:21:00,25:21:10,stop_point:SP_5096,Oncopole - Lise Enjalbert,20
2345857,25:22:00,25:22:10,stop_point:SP_2663,Oncopole Courrière,21
2345857,25:23:00,25:23:10,stop_point:SP_116,Maison Commune,22
2345857,25:23:00,25:23:10,stop_point:SP_1334,Hubert Curien,23
2345857,25:24:00,25:24:10,stop_point:SP_1973,Marchant,24
2345857,25:25:00,25:25:10,stop_point:SP_3988,Gironis - Mémorial AZF,25
2345857,25:26:00,25:26:10,stop_point:SP_3430,Rond-Point Langlade,26
2345857,25:27:00,25:27:10,stop_point:SP_657,Langlade,27
2345857,25:27:00,25:27:10,stop_point:SP_1579,Gallieni,28
2345857,25:28:00,25:28:10,stop_point:SP_1859,Penent,29
2345857,25:29:00,25:29:10,stop_point:SP_3122,Barrière de Muret,30
2345857,25:29:00,25:29:10,stop_point:SP_3422,Roc,31
2345857,25:30:00,25:30:10,stop_point:SP_1188,Croix de Pierre,32
2345857,25:31:00,25:31:10,stop_point:SP_58,Stadium Ouest,33
2345857,25:32:00,25:32:10,stop_point:SP_3098,Stadium Est,34
2345857,25:34:00,25:34:10,stop_point:SP_461,Empalot,35
2345858,05:15:00,05:15:10,stop_point:SP_461,Empalot,1
2345858,05:17:00,05:17:10,stop_point:SP_5378,Passerelle A. Conti,2
2345858,05:17:00,05:17:10,stop_point:SP_3506,Daste,3
2345858,05:18:00,05:18:10,stop_point:SP_806,Stadium Est,4
2345858,05:19:00,05:19:10,stop_point:SP_1012,Stadium Ouest,5
2345858,05:20:00,05:20:10,stop_point:SP_3759,Croix de Pierre,6
2345858,05:21:00,05:21:10,stop_point:SP_3915,Roc,7
2345858,05:21:00,05:21:10,stop_point:SP_3822,Barrière de Muret,8
2345858,05:22:00,05:22:10,stop_point:SP_3148,Penent,9
2345858,05:23:00,05:23:10,stop_point:SP_519,Gallieni,10
2345858,05:23:00,05:23:10,stop_point:SP_1436,Langlade,11
2345858,05:24:00,05:24:10,stop_point:SP_3779,Rond-Point Langlade,12
2345858,05:25:00,05:25:10,stop_point:SP_3025,Gironis - Mémorial AZF,13
2345858,05:26:00,05:26:10,stop_point:SP_931,Marchant,14
2345858,05:26:00,05:26:10,stop_point:SP_2330,Hubert Curien,15
2345858,05:27:00,05:27:10,stop_point:SP_324,Maison Commune,16
2345858,05:28:00,05:28:10,stop_point:SP_2491,Oncopole Courrière,17
2345858,05:28:00,05:28:10,stop_point:SP_5097,Oncopole - Lise Enjalbert,18
2345858,05:28:00,05:28:10,stop_point:SP_3604,IUC,19
2345858,05:29:00,05:29:10,stop_point:SP_3185,Route d'Espagne,20
2345858,05:29:00,05:29:10,stop_point:SP_4907,Joulin,21
2345858,05:30:00,05:30:10,stop_point:SP_3258,Larrieu,22
2345858,05:32:00,05:32:10,stop_point:SP_265,Clairfont,23
2345858,05:33:00,05:33:10,stop_point:SP_1374,Frênes,24
2345858,05:34:00,05:34:10,stop_point:SP_2247,Claire Fontaine,25
2345858,05:34:00,05:34:10,stop_point:SP_4000,Ecole Récébédou,26
2345858,05:35:00,05:35:10,stop_point:SP_4916,Ctre Cial Portet - Entrée 5,27
2345858,05:36:00,05:36:10,stop_point:SP_2008,Palanques,28
2345858,05:37:00,05:37:10,stop_point:SP_741,Ctre Cial Portet - Entrée 1,29
2345858,05:38:00,05:38:10,stop_point:SP_311,Bd de l'Europe,30
2345858,05:39:00,05:39:10,stop_point:SP_2882,Stade,31
2345858,05:40:00,05:40:10,stop_point:SP_3831,Occitanie,32
2345858,05:41:00,05:41:10,stop_point:SP_1947,Commerce,33
2345858,05:42:00,05:42:10,stop_point:SP_1897,Bosquets,34
2345858,05:43:00,05:43:10,stop_point:SP_4522,Jean Jaurès,35
2345858,05:45:00,05:45:10,stop_point:SP_4521,Portet Gare SNCF,36
2345859,05:40:00,05:40:10,stop_point:SP_461,Empalot,1
2345859,05:42:00,05:42:10,stop_point:SP_5378,Passerelle A. Conti,2
2345859,05:42:00,05:42:10,stop_point:SP_3506,Daste,3
2345859,05:43:00,05:43:10,stop_point:SP_806,Stadium Est,4
2345859,05:44:00,05:44:10,stop_point:SP_1012,Stadium Ouest,5
2345859,05:45:00,05:45:10,stop_point:SP_3759,Croix de Pierre,6
2345859,05:46:00,05:46:10,stop_point:SP_3915,Roc,7
2345859,05:47:00,05:47:10,stop_point:SP_3822,Barrière de Muret,8
2345859,05:47:00,05:47:10,stop_point:SP_3148,Penent,9
2345859,05:48:00,05:48:10,stop_point:SP_519,Gallieni,10
2345859,05:49:00,05:49:10,stop_point:SP_1436,Langlade,11
2345859,05:50:00,05:50:10,stop_point:SP_3779,Rond-Point Langlade,12
2345859,05:51:00,05:51:10,stop_point:SP_3025,Gironis - Mémorial AZF,13
2345859,05:52:00,05:52:10,stop_point:SP_931,Marchant,14
2345859,05:52:00,05:52:10,stop_point:SP_2330,Hubert Curien,15
2345859,05:53:00,05:53:10,stop_point:SP_324,Maison Commune,16
2345859,05:54:00,05:54:10,stop_point:SP_2491,Oncopole Courrière,17
2345859,05:54:00,05:54:10,stop_point:SP_5097,Oncopole - Lise Enjalbert,18
2345859,05:54:00,05:54:10,stop_point:SP_3604,IUC,19
2345859,05:55:00,05:55:10,stop_point:SP_3185,Route d'Espagne,20
2345859,05:56:00,05:56:10,stop_point:SP_4907,Joulin,21
2345859,05:57:00,05:57:10,stop_point:SP_3258,Larrieu,22
2345859,05:59:00,05:59:10,stop_point:SP_265,Clairfont,23
2345859,06:00:00,06:00:10,stop_point:SP_1374,Frênes,24
2345859,06:01:00,06:01:10,stop_point:SP_2247,Claire Fontaine,25
2345859,06:01:00,06:01:10,stop_point:SP_4000,Ecole Récébédou,26
2345859,06:02:00,06:02:10,stop_point:SP_4916,Ctre Cial Portet - Entrée 5,27
2345859,06:03:00,06:03:10,stop_point:SP_2008,Palanques,28
2345859,06:04:00,06:04:10,stop_point:SP_741,Ctre Cial Portet - Entrée 1,29
2345859,06:05:00,06:05:10,stop_point:SP_311,Bd de l'Europe,30
2345859,06:06:00,06:06:10,stop_point:SP_2882,Stade,31
2345859,06:07:00,06:07:10,stop_point:SP_3831,Occitanie,32
2345859,06:08:00,06:08:10,stop_point:SP_1947,Commerce,33
2345859,06:09:00,06:09:10,stop_point:SP_1897,Bosquets,34
2345859,06:10:00,06:10:10,stop_point:SP_4522,Jean Jaurès,35
2345859,06:12:00,06:12:10,stop_point:SP_4521,Portet Gare SNCF,36
2345860,06:01:00,06:01:10,stop_point:SP_461,Empalot,1
2345860,06:03:00,06:03:10,stop_point:SP_5378,Passerelle A. Conti,2
2345860,06:03:00,06:03:10,stop_point:SP_3506,Daste,3
2345860,06:04:00,06:04:10,stop_point:SP_806,Stadium Est,4
2345860,06:05:00,06:05:10,stop_point:SP_1012,Stadium Ouest,5
2345860,06:06:00,06:06:10,stop_point:SP_3759,Croix de Pierre,6
2345860,06:07:00,06:07:10,stop_point:SP_3915,Roc,7
2345860,06:08:00,06:08:10,stop_point:SP_3822,Barrière de Muret,8
2345860,06:08:00,06:08:10,stop_point:SP_3148,Penent,9
2345860,06:09:00,06:09:10,stop_point:SP_519,Gallieni,10
2345860,06:10:00,06:10:10,stop_point:SP_1436,Langlade,11
2345860,06:11:00,06:11:10,stop_point:SP_3779,Rond-Point Langlade,12
2345860,06:12:00,06:12:10,stop_point:SP_3025,Gironis - Mémorial AZF,13
2345860,06:13:00,06:13:10,stop_point:SP_931,Marchant,14
2345860,06:14:00,06:14:10,stop_point:SP_2330,Hubert Curien,15
2345860,06:14:00,06:14:10,stop_point:SP_324,Maison Commune,16
2345860,06:15:00,06:15:10,stop_point:SP_2491,Oncopole Courrière,17
2345860,06:16:00,06:16:10,stop_point:SP_5097,Oncopole - Lise Enjalbert,18
2345860,06:16:00,06:16:10,stop_point:SP_3604,IUC,19
2345860,06:17:00,06:17:10,stop_point:SP_3185,Route d'Espagne,20
2345860,06:18:00,06:18:10,stop_point:SP_4907,Joulin,21
2345860,06:19:00,06:19:10,stop_point:SP_3258,Larrieu,22
2345860,06:21:00,06:21:10,stop_point:SP_265,Clairfont,23
2345860,06:22:00,06:22:10,stop_point:SP_1374,Frênes,24
2345860,06:23:00,06:23:10,stop_point:SP_2247,Claire Fontaine,25
2345860,06:23:00,06:23:10,stop_point:SP_4000,Ecole Récébédou,26
2345860,06:24:00,06:24:10,stop_point:SP_4916,Ctre Cial Portet - Entrée 5,27
2345860,06:25:00,06:25:10,stop_point:SP_2008,Palanques,28
2345860,06:26:00,06:26:10,stop_point:SP_741,Ctre Cial Portet - Entrée 1,29
2345860,06:27:00,06:27:10,stop_point:SP_311,Bd de l'Europe,30
2345860,06:28:00,06:28:10,stop_point:SP_2882,Stade,31
2345860,06:29:00,06:29:10,stop_point:SP_3831,Occitanie,32
2345860,06:30:00,06:30:10,stop_point:SP_1947,Commerce,33
2345860,06:31:00,06:31:10,stop_point:SP_1897,Bosquets,34
2345860,06:32:00,06:32:10,stop_point:SP_4522,Jean Jaurès,35
2345860,06:34:00,06:34:10,stop_point:SP_4521,Portet Gare SNCF,36
2345861,06:22:00,06:22:10,stop_point:SP_461,Empalot,1
2345861,06:24:00,06:24:10,stop_point:SP_5378,Passerelle A. Conti,2
2345861,06:24:00,06:24:10,stop_point:SP_3506,Daste,3
2345861,06:25:00,06:25:10,stop_point:SP_806,Stadium Est,4
2345861,06:26:00,06:26:10,stop_point:SP_1012,Stadium Ouest,5
2345861,06:27:00,06:27:10,stop_point:SP_3759,Croix de Pierre,6
2345861,06:28:00,06:28:10,stop_point:SP_3915,Roc,7
2345861,06:29:00,06:29:10,stop_point:SP_3822,Barrière de Muret,8
2345861,06:30:00,06:30:10,stop_point:SP_3148,Penent,9
2345861,06:31:00,06:31:10,stop_point:SP_519,Gallieni,10
2345861,06:32:00,06:32:10,stop_point:SP_1436,Langlade,11
2345861,06:33:00,06:33:10,stop_point:SP_3779,Rond-Point Langlade,12
2345861,06:34:00,06:34:10,stop_point:SP_3025,Gironis - Mémorial AZF,13
2345861,06:35:00,06:35:10,stop_point:SP_931,Marchant,14
2345861,06:36:00,06:36:10,stop_point:SP_2330,Hubert Curien,15
2345861,06:36:00,06:36:10,stop_point:SP_324,Maison Commune,16
2345861,06:37:00,06:37:10,stop_point:SP_2491,Oncopole Courrière,17
2345861,06:38:00,06:38:10,stop_point:SP_5097,Oncopole - Lise Enjalbert,18
2345861,06:38:00,06:38:10,stop_point:SP_3604,IUC,19
2345861,06:39:00,06:39:10,stop_point:SP_3185,Route d'Espagne,20
2345861,06:40:00,06:40:10,stop_point:SP_4907,Joulin,21
2345861,06:41:00,06:41:10,stop_point:SP_3258,Larrieu,22
2345861,06:43:00,06:43:10,stop_point:SP_265,Clairfont,23
2345861,06:44:00,06:44:10,stop_point:SP_1374,Frênes,24
2345861,06:45:00,06:45:10,stop_point:SP_2247,Claire Fontaine,25
2345861,06:45:00,06:45:10,stop_point:SP_4000,Ecole Récébédou,26
2345861,06:46:00,06:46:10,stop_point:SP_4916,Ctre Cial Portet - Entrée 5,27
2345861,06:47:00,06:47:10,stop_point:SP_2008,Palanques,28
2345861,06:48:00,06:48:10,stop_point:SP_741,Ctre Cial Portet - Entrée 1,29
2345861,06:49:00,06:49:10,stop_point:SP_311,Bd de l'Europe,30
2345861,06:50:00,06:50:10,stop_point:SP_2882,Stade,31
2345861,06:51:00,06:51:10,stop_point:SP_3831,Occitanie,32
2345861,06:52:00,06:52:10,stop_point:SP_1947,Commerce,33
2345861,06:53:00,06:53:10,stop_point:SP_1897,Bosquets,34
2345861,06:55:00,06:55:10,stop_point:SP_4522,Jean Jaurès,35
2345861,06:57:00,06:57:10,stop_point:SP_4521,Portet Gare SNCF,36
2345862,06:42:00,06:42:10,stop_point:SP_461,Empalot,1
2345862,06:44:00,06:44:10,stop_point:SP_5378,Passerelle A. Conti,2
2345862,06:44:00,06:44:10,stop_point:SP_3506,Daste,3
2345862,06:45:00,06:45:10,stop_point:SP_806,Stadium Est,4
2345862,06:46:00,06:46:10,stop_point:SP_1012,Stadium Ouest,5
2345862,06:47:00,06:47:10,stop_point:SP_3759,Croix de Pierre,6
2345862,06:48:00,06:48:10,stop_point:SP_3915,Roc,7
2345862,06:49:00,06:49:10,stop_point:SP_3822,Barrière de Muret,8
2345862,06:50:00,06:50:10,stop_point:SP_3148,Penent,9
2345862,06:51:00,06:51:10,stop_point:SP_519,Gallieni,10
2345862,06:52:00,06:52:10,stop_point:SP_1436,Langlade,11
2345862,06:53:00,06:53:10,stop_point:SP_3779,Rond-Point Langlade,12
2345862,06:54:00,06:54:10,stop_point:SP_3025,Gironis - Mémorial AZF,13
2345862,06:55:00,06:55:10,stop_point:SP_931,Marchant,14
2345862,06:56:00,06:56:10,stop_point:SP_2330,Hubert Curien,15
2345862,06:56:00,06:56:10,stop_point:SP_324,Maison Commune,16
2345862,06:57:00,06:57:10,stop_point:SP_2491,Oncopole Courrière,17
2345862,06:58:00,06:58:10,stop_point:SP_5097,Oncopole - Lise Enjalbert,18
2345862,06:58:00,06:58:10,stop_point:SP_3604,IUC,19
2345862,06:59:00,06:59:10,stop_point:SP_3185,Route d'Espagne,20
2345862,07:00:00,07:00:10,stop_point:SP_4907,Joulin,21
2345862,07:01:00,07:01:10,stop_point:SP_3258,Larrieu,22
2345862,07:03:00,07:03:10,stop_point:SP_265,Clairfont,23
2345862,07:04:00,07:04:10,stop_point:SP_1374,Frênes,24
2345862,07:05:00,07:05:10,stop_point:SP_2247,Claire Fontaine,25
2345862,07:05:00,07:05:10,stop_point:SP_4000,Ecole Récébédou,26
2345862,07:06:00,07:06:10,stop_point:SP_4916,Ctre Cial Portet - Entrée 5,27
2345862,07:07:00,07:07:10,stop_point:SP_2008,Palanques,28
2345862,07:08:00,07:08:10,stop_point:SP_741,Ctre Cial Portet - Entrée 1,29
2345862,07:09:00,07:09:10,stop_point:SP_311,Bd de l'Europe,30
2345862,07:10:00,07:10:10,stop_point:SP_2882,Stade,31
2345862,07:11:00,07:11:10,stop_point:SP_3831,Occitanie,32
2345862,07:12:00,07:12:10,stop_point:SP_1947,Commerce,33
2345862,07:13:00,07:13:10,stop_point:SP_1897,Bosquets,34
2345862,07:15:00,07:15:10,stop_point:SP_4522,Jean Jaurès,35
2345862,07:17:00,07:17:10,stop_point:SP_4521,Portet Gare SNCF,36
2345863,06:52:00,06:52:10,stop_point:SP_461,Empalot,1
2345863,06:54:00,06:54:10,stop_point:SP_5378,Passerelle A. Conti,2
2345863,06:54:00,06:54:10,stop_point:SP_3506,Daste,3
2345863,06:55:00,06:55:10,stop_point:SP_806,Stadium Est,4
2345863,06:56:00,06:56:10,stop_point:SP_1012,Stadium Ouest,5
2345863,06:57:00,06:57:10,stop_point:SP_3759,Croix de Pierre,6
2345863,06:58:00,06:58:10,stop_point:SP_3915,Roc,7
2345863,06:59:00,06:59:10,stop_point:SP_3822,Barrière de Muret,8
2345863,07:00:00,07:00:10,stop_point:SP_3148,Penent,9
2345863,07:01:00,07:01:10,stop_point:SP_519,Gallieni,10
2345863,07:02:00,07:02:10,stop_point:SP_1436,Langlade,11
2345863,07:03:00,07:03:10,stop_point:SP_3779,Rond-Point Langlade,12
2345863,07:04:00,07:04:10,stop_point:SP_3025,Gironis - Mémorial AZF,13
2345863,07:05:00,07:05:10,stop_point:SP_931,Marchant,14
2345863,07:06:00,07:06:10,stop_point:SP_2330,Hubert Curien,15
2345863,07:06:00,07:06:10,stop_point:SP_324,Maison Commune,16
2345863,07:07:00,07:07:10,stop_point:SP_2491,Oncopole Courrière,17
2345863,07:08:00,07:08:10,stop_point:SP_5097,Oncopole - Lise Enjalbert,18
2345863,07:08:00,07:08:10,stop_point:SP_3604,IUC,19
2345863,07:09:00,07:09:10,stop_point:SP_3185,Route d'Espagne,20
2345863,07:10:00,07:10:10,stop_point:SP_4907,Joulin,21
2345863,07:11:00,07:11:10,stop_point:SP_3258,Larrieu,22
2345863,07:13:00,07:13:10,stop_point:SP_265,Clairfont,23
2345863,07:14:00,07:14:10,stop_point:SP_1374,Frênes,24
2345863,07:15:00,07:15:10,stop_point:SP_2247,Claire Fontaine,25
2345863,07:15:00,07:15:10,stop_point:SP_4000,Ecole Récébédou,26
2345863,07:16:00,07:16:10,stop_point:SP_4916,Ctre Cial Portet - Entrée 5,27
2345863,07:17:00,07:17:10,stop_point:SP_2008,Palanques,28
2345863,07:18:00,07:18:10,stop_point:SP_741,Ctre Cial Portet - Entrée 1,29
2345863,07:19:00,07:19:10,stop_point:SP_311,Bd de l'Europe,30
2345863,07:20:00,07:20:10,stop_point:SP_2882,Stade,31
2345863,07:21:00,07:21:10,stop_point:SP_3831,Occitanie,32
2345863,07:22:00,07:22:10,stop_point:SP_1947,Commerce,33
2345863,07:23:00,07:23:10,stop_point:SP_1897,Bosquets,34
2345863,07:25:00,07:25:10,stop_point:SP_4522,Jean Jaurès,35
2345863,07:27:00,07:27:10,stop_point:SP_4521,Portet Gare SNCF,36
2345864,07:01:00,07:01:10,stop_point:SP_461,Empalot,1
2345864,07:03:00,07:03:10,stop_point:SP_5378,Passerelle A. Conti,2
2345864,07:03:00,07:03:10,stop_point:SP_3506,Daste,3
2345864,07:04:00,07:04:10,stop_point:SP_806,Stadium Est,4
2345864,07:05:00,07:05:10,stop_point:SP_1012,Stadium Ouest,5
2345864,07:06:00,07:06:10,stop_point:SP_3759,Croix de Pierre,6
2345864,07:07:00,07:07:10,stop_point:SP_3915,Roc,7
2345864,07:08:00,07:08:10,stop_point:SP_3822,Barrière de Muret,8
2345864,07:09:00,07:09:10,stop_point:SP_3148,Penent,9
2345864,07:10:00,07:10:10,stop_point:SP_519,Gallieni,10
2345864,07:11:00,07:11:10,stop_point:SP_1436,Langlade,11
2345864,07:12:00,07:12:10,stop_point:SP_3779,Rond-Point Langlade,12
2345864,07:13:00,07:13:10,stop_point:SP_3025,Gironis - Mémorial AZF,13
2345864,07:14:00,07:14:10,stop_point:SP_931,Marchant,14
2345864,07:15:00,07:15:10,stop_point:SP_2330,Hubert Curien,15
2345864,07:15:00,07:15:10,stop_point:SP_324,Maison Commune,16
2345864,07:16:00,07:16:10,stop_point:SP_2491,Oncopole Courrière,17
2345864,07:17:00,07:17:10,stop_point:SP_5097,Oncopole - Lise Enjalbert,18
2345864,07:17:00,07:17:10,stop_point:SP_3604,IUC,19
2345864,07:18:00,07:18:10,stop_point:SP_3185,Route d'Espagne,20
2345864,07:19:00,07:19:10,stop_point:SP_4907,Joulin,21
2345864,07:20:00,07:20:10,stop_point:SP_3258,Larrieu,22
2345864,07:22:00,07:22:10,stop_point:SP_265,Clairfont,23
2345864,07:23:00,07:23:10,stop_point:SP_1374,Frênes,24
2345864,07:24:00,07:24:10,stop_point:SP_2247,Claire Fontaine,25
2345864,07:24:00,07:24:10,stop_point:SP_4000,Ecole Récébédou,26
2345864,07:25:00,07:25:10,stop_point:SP_4916,Ctre Cial Portet - Entrée 5,27
2345864,07:26:00,07:26:10,stop_point:SP_2008,Palanques,28
2345864,07:27:00,07:27:10,stop_point:SP_741,Ctre Cial Portet - Entrée 1,29
2345864,07:28:00,07:28:10,stop_point:SP_311,Bd de l'Europe,30
2345864,07:29:00,07:29:10,stop_point:SP_2882,Stade,31
2345864,07:30:00,07:30:10,stop_point:SP_3831,Occitanie,32
2345864,07:31:00,07:31:10,stop_point:SP_1947,Commerce,33
2345864,07:32:00,07:32:10,stop_point:SP_1897,Bosquets,34
2345864,07:34:00,07:34:10,stop_point:SP_4522,Jean Jaurès,35
2345864,07:36:00,07:36:10,stop_point:SP_4521,Portet Gare SNCF,36
2345865,07:10:00,07:10:10,stop_point:SP_461,Empalot,1
2345865,07:12:00,07:12:10,stop_point:SP_5378,Passerelle A. Conti,2
2345865,07:12:00,07:12:10,stop_point:SP_3506,Daste,3
2345865,07:13:00,07:13:10,stop_point:SP_806,Stadium Est,4
2345865,07:14:00,07:14:10,stop_point:SP_1012,Stadium Ouest,5
2345865,07:15:00,07:15:10,stop_point:SP_3759,Croix de Pierre,6
2345865,07:16:00,07:16:10,stop_point:SP_3915,Roc,7
2345865,07:17:00,07:17:10,stop_point:SP_3822,Barrière de Muret,8
2345865,07:18:00,07:18:10,stop_point:SP_3148,Penent,9
2345865,07:19:00,07:19:10,stop_point:SP_519,Gallieni,10
2345865,07:20:00,07:20:10,stop_point:SP_1436,Langlade,11
2345865,07:21:00,07:21:10,stop_point:SP_3779,Rond-Point Langlade,12
2345865,07:22:00,07:22:10,stop_point:SP_3025,Gironis - Mémorial AZF,13
2345865,07:23:00,07:23:10,stop_point:SP_931,Marchant,14
2345865,07:24:00,07:24:10,stop_point:SP_2330,Hubert Curien,15
2345865,07:24:00,07:24:10,stop_point:SP_324,Maison Commune,16
2345865,07:25:00,07:25:10,stop_point:SP_2491,Oncopole Courrière,17
2345865,07:26:00,07:26:10,stop_point:SP_5097,Oncopole - Lise Enjalbert,18
2345865,07:26:00,07:26:10,stop_point:SP_3604,IUC,19
2345865,07:27:00,07:27:10,stop_point:SP_3185,Route d'Espagne,20
2345865,07:28:00,07:28:10,stop_point:SP_4907,Joulin,21
2345865,07:29:00,07:29:10,stop_point:SP_3258,Larrieu,22
2345865,07:31:00,07:31:10,stop_point:SP_265,Clairfont,23
2345865,07:32:00,07:32:10,stop_point:SP_1374,Frênes,24
2345865,07:33:00,07:33:10,stop_point:SP_2247,Claire Fontaine,25
2345865,07:33:00,07:33:10,stop_point:SP_4000,Ecole Récébédou,26
2345865,07:34:00,07:34:10,stop_point:SP_4916,Ctre Cial Portet - Entrée 5,27
2345865,07:35:00,07:35:10,stop_point:SP_2008,Palanques,28
2345865,07:36:00,07:36:10,stop_point:SP_741,Ctre Cial Portet - Entrée 1,29
2345865,07:37:00,07:37:10,stop_point:SP_311,Bd de l'Europe,30
2345865,07:38:00,07:38:10,stop_point:SP_2882,Stade,31
2345865,07:39:00,07:39:10,stop_point:SP_3831,Occitanie,32
2345865,07:40:00,07:40:10,stop_point:SP_1947,Commerce,33
2345865,07:41:00,07:41:10,stop_point:SP_1897,Bosquets,34
2345865,07:43:00,07:43:10,stop_point:SP_4522,Jean Jaurès,35
2345865,07:45:00,07:45:10,stop_point:SP_4521,Portet Gare SNCF,36
2345866,07:19:00,07:19:10,stop_point:SP_461,Empalot,1
2345866,07:21:00,07:21:10,stop_point:SP_5378,Passerelle A. Conti,2
2345866,07:22:00,07:22:10,stop_point:SP_3506,Daste,3
2345866,07:23:00,07:23:10,stop_point:SP_806,Stadium Est,4
2345866,07:24:00,07:24:10,stop_point:SP_1012,Stadium Ouest,5
2345866,07:25:00,07:25:10,stop_point:SP_3759,Croix de Pierre,6
2345866,07:26:00,07:26:10,stop_point:SP_3915,Roc,7
2345866,07:27:00,07:27:10,stop_point:SP_3822,Barrière de Muret,8
2345866,07:28:00,07:28:10,stop_point:SP_3148,Penent,9
2345866,07:29:00,07:29:10,stop_point:SP_519,Gallieni,10
2345866,07:30:00,07:30:10,stop_point:SP_1436,Langlade,11
2345866,07:31:00,07:31:10,stop_point:SP_3779,Rond-Point Langlade,12
2345866,07:32:00,07:32:10,stop_point:SP_3025,Gironis - Mémorial AZF,13
2345866,07:33:00,07:33:10,stop_point:SP_931,Marchant,14
2345866,07:34:00,07:34:10,stop_point:SP_2330,Hubert Curien,15
2345866,07:35:00,07:35:10,stop_point:SP_324,Maison Commune,16
2345866,07:36:00,07:36:10,stop_point:SP_2491,Oncopole Courrière,17
2345866,07:37:00,07:37:10,stop_point:SP_5097,Oncopole - Lise Enjalbert,18
2345866,07:37:00,07:37:10,stop_point:SP_3604,IUC,19
2345866,07:38:00,07:38:10,stop_point:SP_3185,Route d'Espagne,20
2345866,07:39:00,07:39:10,stop_point:SP_4907,Joulin,21
2345866,07:40:00,07:40:10,stop_point:SP_3258,Larrieu,22
2345866,07:42:00,07:42:10,stop_point:SP_265,Clairfont,23
2345866,07:43:00,07:43:10,stop_point:SP_1374,Frênes,24
2345866,07:44:00,07:44:10,stop_point:SP_2247,Claire Fontaine,25
2345866,07:44:00,07:44:10,stop_point:SP_4000,Ecole Récébédou,26
2345866,07:45:00,07:45:10,stop_point:SP_4916,Ctre Cial Portet - Entrée 5,27
2345866,07:46:00,07:46:10,stop_point:SP_2008,Palanques,28
2345866,07:47:00,07:47:10,stop_point:SP_741,Ctre Cial Portet - Entrée 1,29
2345866,07:48:00,07:48:10,stop_point:SP_311,Bd de l'Europe,30
2345866,07:49:00,07:49:10,stop_point:SP_2882,Stade,31
2345866,07:50:00,07:50:10,stop_point:SP_3831,Occitanie,32
2345866,07:51:00,07:51:10,stop_point:SP_1947,Commerce,33
2345866,07:52:00,07:52:10,stop_point:SP_1897,Bosquets,34
2345866,07:54:00,07:54:10,stop_point:SP_4522,Jean Jaurès,35
2345866,07:56:00,07:56:10,stop_point:SP_4521,Portet Gare SNCF,36
2345867,07:28:00,07:28:10,stop_point:SP_461,Empalot,1
2345867,07:30:00,07:30:10,stop_point:SP_5378,Passerelle A. Conti,2
2345867,07:31:00,07:31:10,stop_point:SP_3506,Daste,3
2345867,07:32:00,07:32:10,stop_point:SP_806,Stadium Est,4
2345867,07:33:00,07:33:10,stop_point:SP_1012,Stadium Ouest,5
2345867,07:34:00,07:34:10,stop_point:SP_3759,Croix de Pierre,6
2345867,07:35:00,07:35:10,stop_point:SP_3915,Roc,7
2345867,07:36:00,07:36:10,stop_point:SP_3822,Barrière de Muret,8
2345867,07:37:00,07:37:10,stop_point:SP_3148,Penent,9
2345867,07:38:00,07:38:10,stop_point:SP_519,Gallieni,10
2345867,07:39:00,07:39:10,stop_point:SP_1436,Langlade,11
2345867,07:40:00,07:40:10,stop_point:SP_3779,Rond-Point Langlade,12
2345867,07:41:00,07:41:10,stop_point:SP_3025,Gironis - Mémorial AZF,13
2345867,07:42:00,07:42:10,stop_point:SP_931,Marchant,14
2345867,07:43:00,07:43:10,stop_point:SP_2330,Hubert Curien,15
2345867,07:44:00,07:44:10,stop_point:SP_324,Maison Commune,16
2345867,07:45:00,07:45:10,stop_point:SP_2491,Oncopole Courrière,17
2345867,07:46:00,07:46:10,stop_point:SP_5097,Oncopole - Lise Enjalbert,18
2345867,07:46:00,07:46:10,stop_point:SP_3604,IUC,19
2345867,07:47:00,07:47:10,stop_point:SP_3185,Route d'Espagne,20
2345867,07:48:00,07:48:10,stop_point:SP_4907,Joulin,21
2345867,07:49:00,07:49:10,stop_point:SP_3258,Larrieu,22
2345867,07:51:00,07:51:10,stop_point:SP_265,Clairfont,23
2345867,07:52:00,07:52:10,stop_point:SP_1374,Frênes,24
2345867,07:53:00,07:53:10,stop_point:SP_2247,Claire Fontaine,25
2345867,07:53:00,07:53:10,stop_point:SP_4000,Ecole Récébédou,26
2345867,07:54:00,07:54:10,stop_point:SP_4916,Ctre Cial Portet - Entrée 5,27
2345867,07:55:00,07:55:10,stop_point:SP_2008,Palanques,28
2345867,07:56:00,07:56:10,stop_point:SP_741,Ctre Cial Portet - Entrée 1,29
2345867,07:57:00,07:57:10,stop_point:SP_311,Bd de l'Europe,30
2345867,07:58:00,07:58:10,stop_point:SP_2882,Stade,31
2345867,07:59:00,07:59:10,stop_point:SP_3831,Occitanie,32
2345867,08:00:00,08:00:10,stop_point:SP_1947,Commerce,33
2345867,08:01:00,08:01:10,stop_point:SP_1897,Bosquets,34
2345867,08:03:00,08:03:10,stop_point:SP_4522,Jean Jaurès,35
2345867,08:05:00,08:05:10,stop_point:SP_4521,Portet Gare SNCF,36
2345868,07:32:00,07:32:10,stop_point:SP_461,Empalot,1
2345868,07:34:00,07:34:10,stop_point:SP_5378,Passerelle A. Conti,2
2345868,07:35:00,07:35:10,stop_point:SP_3506,Daste,3
2345868,07:36:00,07:36:10,stop_point:SP_806,Stadium Est,4
2345868,07:37:00,07:37:10,stop_point:SP_1012,Stadium Ouest,5
2345868,07:38:00,07:38:10,stop_point:SP_3759,Croix de Pierre,6
2345868,07:39:00,07:39:10,stop_point:SP_3915,Roc,7
2345868,07:40:00,07:40:10,stop_point:SP_3822,Barrière de Muret,8
2345868,07:41:00,07:41:10,stop_point:SP_3148,Penent,9
2345868,07:43:00,07:43:10,stop_point:SP_519,Gallieni,10
2345868,07:44:00,07:44:10,stop_point:SP_1436,Langlade,11
2345868,07:45:00,07:45:10,stop_point:SP_3779,Rond-Point Langlade,12
2345868,07:46:00,07:46:10,stop_point:SP_3025,Gironis - Mémorial AZF,13
2345868,07:47:00,07:47:10,stop_point:SP_931,Marchant,14
2345868,07:48:00,07:48:10,stop_point:SP_2330,Hubert Curien,15
2345868,07:48:00,07:48:10,stop_point:SP_324,Maison Commune,16
2345868,07:50:00,07:50:10,stop_point:SP_2491,Oncopole Courrière,17
2345868,07:50:00,07:50:10,stop_point:SP_5097,Oncopole - Lise Enjalbert,18
2345868,07:51:00,07:51:10,stop_point:SP_3604,IUC,19
2345868,07:52:00,07:52:10,stop_point:SP_2892,IUC,20
2345869,07:37:00,07:37:10,stop_point:SP_461,Empalot,1
2345869,07:39:00,07:39:10,stop_point:SP_5378,Passerelle A. Conti,2
2345869,07:40:00,07:40:10,stop_point:SP_3506,Daste,3
2345869,07:41:00,07:41:10,stop_point:SP_806,Stadium Est,4
2345869,07:42:00,07:42:10,stop_point:SP_1012,Stadium Ouest,5
2345869,07:43:00,07:43:10,stop_point:SP_3759,Croix de Pierre,6
2345869,07:44:00,07:44:10,stop_point:SP_3915,Roc,7
2345869,07:45:00,07:45:10,stop_point:SP_3822,Barrière de Muret,8
2345869,07:46:00,07:46:10,stop_point:SP_3148,Penent,9
2345869,07:47:00,07:47:10,stop_point:SP_519,Gallieni,10
2345869,07:48:00,07:48:10,stop_point:SP_1436,Langlade,11
2345869,07:49:00,07:49:10,stop_point:SP_3779,Rond-Point Langlade,12
2345869,07:50:00,07:50:10,stop_point:SP_3025,Gironis - Mémorial AZF,13
2345869,07:51:00,07:51:10,stop_point:SP_931,Marchant,14
2345869,07:52:00,07:52:10,stop_point:SP_2330,Hubert Curien,15
2345869,07:53:00,07:53:10,stop_point:SP_324,Maison Commune,16
2345869,07:54:00,07:54:10,stop_point:SP_2491,Oncopole Courrière,17
2345869,07:55:00,07:55:10,stop_point:SP_5097,Oncopole - Lise Enjalbert,18
2345869,07:55:00,07:55:10,stop_point:SP_3604,IUC,19
2345869,07:56:00,07:56:10,stop_point:SP_3185,Route d'Espagne,20
2345869,07:57:00,07:57:10,stop_point:SP_4907,Joulin,21
2345869,07:58:00,07:58:10,stop_point:SP_3258,Larrieu,22
2345869,08:00:00,08:00:10,stop_point:SP_265,Clairfont,23
2345869,08:01:00,08:01:10,stop_point:SP_1374,Frênes,24
2345869,08:02:00,08:02:10,stop_point:SP_2247,Claire Fontaine,25
2345869,08:02:00,08:02:10,stop_point:SP_4000,Ecole Récébédou,26
2345869,08:03:00,08:03:10,stop_point:SP_4916,Ctre Cial Portet - Entrée 5,27
2345869,08:04:00,08:04:10,stop_point:SP_2008,Palanques,28
2345869,08:05:00,08:05:10,stop_point:SP_741,Ctre Cial Portet - Entrée 1,29
2345869,08:06:00,08:06:10,stop_point:SP_311,Bd de l'Europe,30
2345869,08:07:00,08:07:10,stop_point:SP_2882,Stade,31
2345869,08:08:00,08:08:10,stop_point:SP_3831,Occitanie,32
2345869,08:09:00,08:09:10,stop_point:SP_1947,Commerce,33
2345869,08:10:00,08:10:10,stop_point:SP_1897,Bosquets,34
2345869,08:12:00,08:12:10,stop_point:SP_4522,Jean Jaurès,35
2345869,08:14:00,08:14:10,stop_point:SP_4521,Portet Gare SNCF,36
2345870,07:41:00,07:41:10,stop_point:SP_461,Empalot,1
2345870,07:43:00,07:43:10,stop_point:SP_5378,Passerelle A. Conti,2
2345870,07:44:00,07:44:10,stop_point:SP_3506,Daste,3
2345870,07:45:00,07:45:10,stop_point:SP_806,Stadium Est,4
2345870,07:46:00,07:46:10,stop_point:SP_1012,Stadium Ouest,5
2345870,07:47:00,07:47:10,stop_point:SP_3759,Croix de Pierre,6
2345870,07:48:00,07:48:10,stop_point:SP_3915,Roc,7
2345870,07:49:00,07:49:10,stop_point:SP_3822,Barrière de Muret,8
2345870,07:50:00,07:50:10,stop_point:SP_3148,Penent,9
2345870,07:52:00,07:52:10,stop_point:SP_519,Gallieni,10
2345870,07:53:00,07:53:10,stop_point:SP_1436,Langlade,11
2345870,07:54:00,07:54:10,stop_point:SP_3779,Rond-Point Langlade,12
2345870,07:55:00,07:55:10,stop_point:SP_3025,Gironis - Mémorial AZF,13
2345870,07:56:00,07:56:10,stop_point:SP_931,Marchant,14
2345870,07:57:00,07:57:10,stop_point:SP_2330,Hubert Curien,15
2345870,07:57:00,07:57:10,stop_point:SP_324,Maison Commune,16
2345870,07:59:00,07:59:10,stop_point:SP_2491,Oncopole Courrière,17
2345870,07:59:00,07:59:10,stop_point:SP_5097,Oncopole - Lise Enjalbert,18
2345870,08:00:00,08:00:10,stop_point:SP_3604,IUC,19
2345870,08:01:00,08:01:10,stop_point:SP_2892,IUC,20
2345871,07:46:00,07:46:10,stop_point:SP_461,Empalot,1
2345871,07:48:00,07:48:10,stop_point:SP_5378,Passerelle A. Conti,2
2345871,07:49:00,07:49:10,stop_point:SP_3506,Daste,3
2345871,07:50:00,07:50:10,stop_point:SP_806,Stadium Est,4
2345871,07:51:00,07:51:10,stop_point:SP_1012,Stadium Ouest,5
2345871,07:52:00,07:52:10,stop_point:SP_3759,Croix de Pierre,6
2345871,07:53:00,07:53:10,stop_point:SP_3915,Roc,7
2345871,07:54:00,07:54:10,stop_point:SP_3822,Barrière de Muret,8
2345871,07:55:00,07:55:10,stop_point:SP_3148,Penent,9
2345871,07:56:00,07:56:10,stop_point:SP_519,Gallieni,10
2345871,07:57:00,07:57:10,stop_point:SP_1436,Langlade,11
2345871,07:58:00,07:58:10,stop_point:SP_3779,Rond-Point Langlade,12
2345871,07:59:00,07:59:10,stop_point:SP_3025,Gironis - Mémorial AZF,13
2345871,08:00:00,08:00:10,stop_point:SP_931,Marchant,14
2345871,08:01:00,08:01:10,stop_point:SP_2330,Hubert Curien,15
2345871,08:02:00,08:02:10,stop_point:SP_324,Maison Commune,16
2345871,08:03:00,08:03:10,stop_point:SP_2491,Oncopole Courrière,17
2345871,08:04:00,08:04:10,stop_point:SP_5097,Oncopole - Lise Enjalbert,18
2345871,08:04:00,08:04:10,stop_point:SP_3604,IUC,19
2345871,08:05:00,08:05:10,stop_point:SP_3185,Route d'Espagne,20
2345871,08:06:00,08:06:10,stop_point:SP_4907,Joulin,21
2345871,08:07:00,08:07:10,stop_point:SP_3258,Larrieu,22
2345871,08:09:00,08:09:10,stop_point:SP_265,Clairfont,23
2345871,08:10:00,08:10:10,stop_point:SP_1374,Frênes,24
2345871,08:11:00,08:11:10,stop_point:SP_2247,Claire Fontaine,25
2345871,08:11:00,08:11:10,stop_point:SP_4000,Ecole Récébédou,26
2345871,08:12:00,08:12:10,stop_point:SP_4916,Ctre Cial Portet - Entrée 5,27
2345871,08:13:00,08:13:10,stop_point:SP_2008,Palanques,28
2345871,08:14:00,08:14:10,stop_point:SP_741,Ctre Cial Portet - Entrée 1,29
2345871,08:15:00,08:15:10,stop_point:SP_311,Bd de l'Europe,30
2345871,08:16:00,08:16:10,stop_point:SP_2882,Stade,31
2345871,08:17:00,08:17:10,stop_point:SP_3831,Occitanie,32
2345871,08:18:00,08:18:10,stop_point:SP_1947,Commerce,33
2345871,08:19:00,08:19:10,stop_point:SP_1897,Bosquets,34
2345871,08:21:00,08:21:10,stop_point:SP_4522,Jean Jaurès,35
2345871,08:23:00,08:23:10,stop_point:SP_4521,Portet Gare SNCF,36
2345872,07:55:00,07:55:10,stop_point:SP_461,Empalot,1
2345872,07:57:00,07:57:10,stop_point:SP_5378,Passerelle A. Conti,2
2345872,07:58:00,07:58:10,stop_point:SP_3506,Daste,3
2345872,07:59:00,07:59:10,stop_point:SP_806,Stadium Est,4
2345872,08:00:00,08:00:10,stop_point:SP_1012,Stadium Ouest,5
2345872,08:01:00,08:01:10,stop_point:SP_3759,Croix de Pierre,6
2345872,08:02:00,08:02:10,stop_point:SP_3915,Roc,7
2345872,08:03:00,08:03:10,stop_point:SP_3822,Barrière de Muret,8
2345872,08:04:00,08:04:10,stop_point:SP_3148,Penent,9
2345872,08:06:00,08:06:10,stop_point:SP_519,Gallieni,10
2345872,08:07:00,08:07:10,stop_point:SP_1436,Langlade,11
2345872,08:08:00,08:08:10,stop_point:SP_3779,Rond-Point Langlade,12
2345872,08:09:00,08:09:10,stop_point:SP_3025,Gironis - Mémorial AZF,13
2345872,08:10:00,08:10:10,stop_point:SP_931,Marchant,14
2345872,08:11:00,08:11:10,stop_point:SP_2330,Hubert Curien,15
2345872,08:12:00,08:12:10,stop_point:SP_324,Maison Commune,16
2345872,08:13:00,08:13:10,stop_point:SP_2491,Oncopole Courrière,17
2345872,08:14:00,08:14:10,stop_point:SP_5097,Oncopole - Lise Enjalbert,18
2345872,08:14:00,08:14:10,stop_point:SP_3604,IUC,19
2345872,08:15:00,08:15:10,stop_point:SP_3185,Route d'Espagne,20
2345872,08:16:00,08:16:10,stop_point:SP_4907,Joulin,21
2345872,08:17:00,08:17:10,stop_point:SP_3258,Larrieu,22
2345872,08:19:00,08:19:10,stop_point:SP_265,Clairfont,23
2345872,08:20:00,08:20:10,stop_point:SP_1374,Frênes,24
2345872,08:21:00,08:21:10,stop_point:SP_2247,Claire Fontaine,25
2345872,08:21:00,08:21:10,stop_point:SP_4000,Ecole Récébédou,26
2345872,08:22:00,08:22:10,stop_point:SP_4916,Ctre Cial Portet - Entrée 5,27
2345872,08:23:00,08:23:10,stop_point:SP_2008,Palanques,28
2345872,08:24:00,08:24:10,stop_point:SP_741,Ctre Cial Portet - Entrée 1,29
2345872,08:25:00,08:25:10,stop_point:SP_311,Bd de l'Europe,30
2345872,08:26:00,08:26:10,stop_point:SP_2882,Stade,31
2345872,08:27:00,08:27:10,stop_point:SP_3831,Occitanie,32
2345872,08:28:00,08:28:10,stop_point:SP_1947,Commerce,33
2345872,08:29:00,08:29:10,stop_point:SP_1897,Bosquets,34
2345872,08:31:00,08:31:10,stop_point:SP_4522,Jean Jaurès,35
2345872,08:33:00,08:33:10,stop_point:SP_4521,Portet Gare SNCF,36
2345873,07:59:00,07:59:10,stop_point:SP_461,Empalot,1
2345873,08:01:00,08:01:10,stop_point:SP_5378,Passerelle A. Conti,2
2345873,08:02:00,08:02:10,stop_point:SP_3506,Daste,3
2345873,08:04:00,08:04:10,stop_point:SP_806,Stadium Est,4
2345873,08:05:00,08:05:10,stop_point:SP_1012,Stadium Ouest,5
2345873,08:06:00,08:06:10,stop_point:SP_3759,Croix de Pierre,6
2345873,08:07:00,08:07:10,stop_point:SP_3915,Roc,7
2345873,08:08:00,08:08:10,stop_point:SP_3822,Barrière de Muret,8
2345873,08:09:00,08:09:10,stop_point:SP_3148,Penent,9
2345873,08:11:00,08:11:10,stop_point:SP_519,Gallieni,10
2345873,08:12:00,08:12:10,stop_point:SP_1436,Langlade,11
2345873,08:13:00,08:13:10,stop_point:SP_3779,Rond-Point Langlade,12
2345873,08:14:00,08:14:10,stop_point:SP_3025,Gironis - Mémorial AZF,13
2345873,08:15:00,08:15:10,stop_point:SP_931,Marchant,14
2345873,08:16:00,08:16:10,stop_point:SP_2330,Hubert Curien,15
2345873,08:16:00,08:16:10,stop_point:SP_324,Maison Commune,16
2345873,08:18:00,08:18:10,stop_point:SP_2491,Oncopole Courrière,17
2345873,08:18:00,08:18:10,stop_point:SP_5097,Oncopole - Lise Enjalbert,18
2345873,08:19:00,08:19:10,stop_point:SP_3604,IUC,19
2345873,08:20:00,08:20:10,stop_point:SP_2892,IUC,20
2345874,08:04:00,08:04:10,stop_point:SP_461,Empalot,1
2345874,08:06:00,08:06:10,stop_point:SP_5378,Passerelle A. Conti,2
2345874,08:07:00,08:07:10,stop_point:SP_3506,Daste,3
2345874,08:09:00,08:09:10,stop_point:SP_806,Stadium Est,4
2345874,08:10:00,08:10:10,stop_point:SP_1012,Stadium Ouest,5
2345874,08:11:00,08:11:10,stop_point:SP_3759,Croix de Pierre,6
2345874,08:12:00,08:12:10,stop_point:SP_3915,Roc,7
2345874,08:13:00,08:13:10,stop_point:SP_3822,Barrière de Muret,8
2345874,08:14:00,08:14:10,stop_point:SP_3148,Penent,9
2345874,08:16:00,08:16:10,stop_point:SP_519,Gallieni,10
2345874,08:17:00,08:17:10,stop_point:SP_1436,Langlade,11
2345874,08:18:00,08:18:10,stop_point:SP_3779,Rond-Point Langlade,12
2345874,08:19:00,08:19:10,stop_point:SP_3025,Gironis - Mémorial AZF,13
2345874,08:20:00,08:20:10,stop_point:SP_931,Marchant,14
2345874,08:21:00,08:21:10,stop_point:SP_2330,Hubert Curien,15
2345874,08:22:00,08:22:10,stop_point:SP_324,Maison Commune,16
2345874,08:23:00,08:23:10,stop_point:SP_2491,Oncopole Courrière,17
2345874,08:24:00,08:24:10,stop_point:SP_5097,Oncopole - Lise Enjalbert,18
2345874,08:24:00,08:24:10,stop_point:SP_3604,IUC,19
2345874,08:25:00,08:25:10,stop_point:SP_3185,Route d'Espagne,20
2345874,08:26:00,08:26:10,stop_point:SP_4907,Joulin,21
2345874,08:27:00,08:27:10,stop_point:SP_3258,Larrieu,22
2345874,08:29:00,08:29:10,stop_point:SP_265,Clairfont,23
2345874,08:30:00,08:30:10,stop_point:SP_1374,Frênes,24
2345874,08:31:00,08:31:10,stop_point:SP_2247,Claire Fontaine,25
2345874,08:31:00,08:31:10,stop_point:SP_4000,Ecole Récébédou,26
2345874,08:32:00,08:32:10,stop_point:SP_4916,Ctre Cial Portet - Entrée 5,27
2345874,08:33:00,08:33:10,stop_point:SP_2008,Palanques,28
2345874,08:34:00,08:34:10,stop_point:SP_741,Ctre Cial Portet - Entrée 1,29
2345874,08:35:00,08:35:10,stop_point:SP_311,Bd de l'Europe,30
2345874,08:36:00,08:36:10,stop_point:SP_2882,Stade,31
2345874,08:37:00,08:37:10,stop_point:SP_3831,Occitanie,32
2345874,08:38:00,08:38:10,stop_point:SP_1947,Commerce,33
2345874,08:39:00,08:39:10,stop_point:SP_1897,Bosquets,34
2345874,08:41:00,08:41:10,stop_point:SP_4522,Jean Jaurès,35
2345874,08:43:00,08:43:10,stop_point:SP_4521,Portet Gare SNCF,36
2345875,08:08:00,08:08:10,stop_point:SP_461,Empalot,1
2345875,08:10:00,08:10:10,stop_point:SP_5378,Passerelle A. Conti,2
2345875,08:11:00,08:11:10,stop_point:SP_3506,Daste,3
2345875,08:13:00,08:13:10,stop_point:SP_806,Stadium Est,4
2345875,08:14:00,08:14:10,stop_point:SP_1012,Stadium Ouest,5
2345875,08:15:00,08:15:10,stop_point:SP_3759,Croix de Pierre,6
2345875,08:16:00,08:16:10,stop_point:SP_3915,Roc,7
2345875,08:17:00,08:17:10,stop_point:SP_3822,Barrière de Muret,8
2345875,08:18:00,08:18:10,stop_point:SP_3148,Penent,9
2345875,08:20:00,08:20:10,stop_point:SP_519,Gallieni,10
2345875,08:21:00,08:21:10,stop_point:SP_1436,Langlade,11
2345875,08:22:00,08:22:10,stop_point:SP_3779,Rond-Point Langlade,12
2345875,08:23:00,08:23:10,stop_point:SP_3025,Gironis - Mémorial AZF,13
2345875,08:24:00,08:24:10,stop_point:SP_931,Marchant,14
2345875,08:25:00,08:25:10,stop_point:SP_2330,Hubert Curien,15
2345875,08:25:00,08:25:10,stop_point:SP_324,Maison Commune,16
2345875,08:27:00,08:27:10,stop_point:SP_2491,Oncopole Courrière,17
2345875,08:27:00,08:27:10,stop_point:SP_5097,Oncopole - Lise Enjalbert,18
2345875,08:28:00,08:28:10,stop_point:SP_3604,IUC,19
2345875,08:29:00,08:29:10,stop_point:SP_2892,IUC,20
2345876,08:12:00,08:12:10,stop_point:SP_461,Empalot,1
2345876,08:14:00,08:14:10,stop_point:SP_5378,Passerelle A. Conti,2
2345876,08:15:00,08:15:10,stop_point:SP_3506,Daste,3
2345876,08:17:00,08:17:10,stop_point:SP_806,Stadium Est,4
2345876,08:18:00,08:18:10,stop_point:SP_1012,Stadium Ouest,5
2345876,08:19:00,08:19:10,stop_point:SP_3759,Croix de Pierre,6
2345876,08:20:00,08:20:10,stop_point:SP_3915,Roc,7
2345876,08:21:00,08:21:10,stop_point:SP_3822,Barrière de Muret,8
2345876,08:22:00,08:22:10,stop_point:SP_3148,Penent,9
2345876,08:24:00,08:24:10,stop_point:SP_519,Gallieni,10
2345876,08:25:00,08:25:10,stop_point:SP_1436,Langlade,11
2345876,08:26:00,08:26:10,stop_point:SP_3779,Rond-Point Langlade,12
2345876,08:27:00,08:27:10,stop_point:SP_3025,Gironis - Mémorial AZF,13
2345876,08:28:00,08:28:10,stop_point:SP_931,Marchant,14
2345876,08:29:00,08:29:10,stop_point:SP_2330,Hubert Curien,15
2345876,08:30:00,08:30:10,stop_point:SP_324,Maison Commune,16
2345876,08:31:00,08:31:10,stop_point:SP_2491,Oncopole Courrière,17
2345876,08:32:00,08:32:10,stop_point:SP_5097,Oncopole - Lise Enjalbert,18
2345876,08:32:00,08:32:10,stop_point:SP_3604,IUC,19
2345876,08:33:00,08:33:10,stop_point:SP_3185,Route d'Espagne,20
2345876,08:34:00,08:34:10,stop_point:SP_4907,Joulin,21
2345876,08:35:00,08:35:10,stop_point:SP_3258,Larrieu,22
2345876,08:37:00,08:37:10,stop_point:SP_265,Clairfont,23
2345876,08:38:00,08:38:10,stop_point:SP_1374,Frênes,24
2345876,08:39:00,08:39:10,stop_point:SP_2247,Claire Fontaine,25
2345876,08:39:00,08:39:10,stop_point:SP_4000,Ecole Récébédou,26
2345876,08:40:00,08:40:10,stop_point:SP_4916,Ctre Cial Portet - Entrée 5,27
2345876,08:41:00,08:41:10,stop_point:SP_2008,Palanques,28
2345876,08:42:00,08:42:10,stop_point:SP_741,Ctre Cial Portet - Entrée 1,29
2345876,08:43:00,08:43:10,stop_point:SP_311,Bd de l'Europe,30
2345876,08:44:00,08:44:10,stop_point:SP_2882,Stade,31
2345876,08:45:00,08:45:10,stop_point:SP_3831,Occitanie,32
2345876,08:46:00,08:46:10,stop_point:SP_1947,Commerce,33
2345876,08:47:00,08:47:10,stop_point:SP_1897,Bosquets,34
2345876,08:49:00,08:49:10,stop_point:SP_4522,Jean Jaurès,35
2345876,08:51:00,08:51:10,stop_point:SP_4521,Portet Gare SNCF,36
2345877,08:20:00,08:20:10,stop_point:SP_461,Empalot,1
2345877,08:22:00,08:22:10,stop_point:SP_5378,Passerelle A. Conti,2
2345877,08:23:00,08:23:10,stop_point:SP_3506,Daste,3
2345877,08:25:00,08:25:10,stop_point:SP_806,Stadium Est,4
2345877,08:26:00,08:26:10,stop_point:SP_1012,Stadium Ouest,5
2345877,08:27:00,08:27:10,stop_point:SP_3759,Croix de Pierre,6
2345877,08:28:00,08:28:10,stop_point:SP_3915,Roc,7
2345877,08:29:00,08:29:10,stop_point:SP_3822,Barrière de Muret,8
2345877,08:30:00,08:30:10,stop_point:SP_3148,Penent,9
2345877,08:32:00,08:32:10,stop_point:SP_519,Gallieni,10
2345877,08:33:00,08:33:10,stop_point:SP_1436,Langlade,11
2345877,08:34:00,08:34:10,stop_point:SP_3779,Rond-Point Langlade,12
2345877,08:35:00,08:35:10,stop_point:SP_3025,Gironis - Mémorial AZF,13
2345877,08:36:00,08:36:10,stop_point:SP_931,Marchant,14
2345877,08:37:00,08:37:10,stop_point:SP_2330,Hubert Curien,15
2345877,08:38:00,08:38:10,stop_point:SP_324,Maison Commune,16
2345877,08:39:00,08:39:10,stop_point:SP_2491,Oncopole Courrière,17
2345877,08:40:00,08:40:10,stop_point:SP_5097,Oncopole - Lise Enjalbert,18
2345877,08:40:00,08:40:10,stop_point:SP_3604,IUC,19
2345877,08:41:00,08:41:10,stop_point:SP_3185,Route d'Espagne,20
2345877,08:42:00,08:42:10,stop_point:SP_4907,Joulin,21
2345877,08:43:00,08:43:10,stop_point:SP_3258,Larrieu,22
2345877,08:45:00,08:45:10,stop_point:SP_265,Clairfont,23
2345877,08:46:00,08:46:10,stop_point:SP_1374,Frênes,24
2345877,08:47:00,08:47:10,stop_point:SP_2247,Claire Fontaine,25
2345877,08:47:00,08:47:10,stop_point:SP_4000,Ecole Récébédou,26
2345877,08:48:00,08:48:10,stop_point:SP_4916,Ctre Cial Portet - Entrée 5,27
2345877,08:49:00,08:49:10,stop_point:SP_2008,Palanques,28
2345877,08:50:00,08:50:10,stop_point:SP_741,Ctre Cial Portet - Entrée 1,29
2345877,08:51:00,08:51:10,stop_point:SP_311,Bd de l'Europe,30
2345877,08:52:00,08:52:10,stop_point:SP_2882,Stade,31
2345877,08:53:00,08:53:10,stop_point:SP_3831,Occitanie,32
2345877,08:54:00,08:54:10,stop_point:SP_1947,Commerce,33
2345877,08:55:00,08:55:10,stop_point:SP_1897,Bosquets,34
2345877,08:57:00,08:57:10,stop_point:SP_4522,Jean Jaurès,35
2345877,08:59:00,08:59:10,stop_point:SP_4521,Portet Gare SNCF,36
2345878,08:24:00,08:24:10,stop_point:SP_461,Empalot,1
2345878,08:26:00,08:26:10,stop_point:SP_5378,Passerelle A. Conti,2
2345878,08:27:00,08:27:10,stop_point:SP_3506,Daste,3
2345878,08:29:00,08:29:10,stop_point:SP_806,Stadium Est,4
2345878,08:30:00,08:30:10,stop_point:SP_1012,Stadium Ouest,5
2345878,08:31:00,08:31:10,stop_point:SP_3759,Croix de Pierre,6
2345878,08:32:00,08:32:10,stop_point:SP_3915,Roc,7
2345878,08:33:00,08:33:10,stop_point:SP_3822,Barrière de Muret,8
2345878,08:34:00,08:34:10,stop_point:SP_3148,Penent,9
2345878,08:36:00,08:36:10,stop_point:SP_519,Gallieni,10
2345878,08:37:00,08:37:10,stop_point:SP_1436,Langlade,11
2345878,08:38:00,08:38:10,stop_point:SP_3779,Rond-Point Langlade,12
2345878,08:39:00,08:39:10,stop_point:SP_3025,Gironis - Mémorial AZF,13
2345878,08:40:00,08:40:10,stop_point:SP_931,Marchant,14
2345878,08:41:00,08:41:10,stop_point:SP_2330,Hubert Curien,15
2345878,08:42:00,08:42:10,stop_point:SP_324,Maison Commune,16
2345878,08:44:00,08:44:10,stop_point:SP_2491,Oncopole Courrière,17
2345878,08:44:00,08:44:10,stop_point:SP_5097,Oncopole - Lise Enjalbert,18
2345878,08:44:00,08:44:10,stop_point:SP_3604,IUC,19
2345878,08:46:00,08:46:10,stop_point:SP_2892,IUC,20
2345879,08:28:00,08:28:10,stop_point:SP_461,Empalot,1
2345879,08:30:00,08:30:10,stop_point:SP_5378,Passerelle A. Conti,2
2345879,08:31:00,08:31:10,stop_point:SP_3506,Daste,3
2345879,08:33:00,08:33:10,stop_point:SP_806,Stadium Est,4
2345879,08:34:00,08:34:10,stop_point:SP_1012,Stadium Ouest,5
2345879,08:35:00,08:35:10,stop_point:SP_3759,Croix de Pierre,6
2345879,08:36:00,08:36:10,stop_point:SP_3915,Roc,7
2345879,08:37:00,08:37:10,stop_point:SP_3822,Barrière de Muret,8
2345879,08:38:00,08:38:10,stop_point:SP_3148,Penent,9
2345879,08:40:00,08:40:10,stop_point:SP_519,Gallieni,10
2345879,08:41:00,08:41:10,stop_point:SP_1436,Langlade,11
2345879,08:42:00,08:42:10,stop_point:SP_3779,Rond-Point Langlade,12
2345879,08:43:00,08:43:10,stop_point:SP_3025,Gironis - Mémorial AZF,13
2345879,08:44:00,08:44:10,stop_point:SP_931,Marchant,14
2345879,08:45:00,08:45:10,stop_point:SP_2330,Hubert Curien,15
2345879,08:46:00,08:46:10,stop_point:SP_324,Maison Commune,16
2345879,08:47:00,08:47:10,stop_point:SP_2491,Oncopole Courrière,17
2345879,08:48:00,08:48:10,stop_point:SP_5097,Oncopole - Lise Enjalbert,18
2345879,08:48:00,08:48:10,stop_point:SP_3604,IUC,19
2345879,08:49:00,08:49:10,stop_point:SP_3185,Route d'Espagne,20
2345879,08:50:00,08:50:10,stop_point:SP_4907,Joulin,21
2345879,08:51:00,08:51:10,stop_point:SP_3258,Larrieu,22
2345879,08:53:00,08:53:10,stop_point:SP_265,Clairfont,23
2345879,08:54:00,08:54:10,stop_point:SP_1374,Frênes,24
2345879,08:55:00,08:55:10,stop_point:SP_2247,Claire Fontaine,25
2345879,08:55:00,08:55:10,stop_point:SP_4000,Ecole Récébédou,26
2345879,08:56:00,08:56:10,stop_point:SP_4916,Ctre Cial Portet - Entrée 5,27
2345879,08:57:00,08:57:10,stop_point:SP_2008,Palanques,28
2345879,08:58:00,08:58:10,stop_point:SP_741,Ctre Cial Portet - Entrée 1,29
2345879,08:59:00,08:59:10,stop_point:SP_311,Bd de l'Europe,30
2345879,09:00:00,09:00:10,stop_point:SP_2882,Stade,31
2345879,09:01:00,09:01:10,stop_point:SP_3831,Occitanie,32
2345879,09:02:00,09:02:10,stop_point:SP_1947,Commerce,33
2345879,09:03:00,09:03:10,stop_point:SP_1897,Bosquets,34
2345879,09:05:00,09:05:10,stop_point:SP_4522,Jean Jaurès,35
2345879,09:07:00,09:07:10,stop_point:SP_4521,Portet Gare SNCF,36
2345880,08:33:00,08:33:10,stop_point:SP_461,Empalot,1
2345880,08:35:00,08:35:10,stop_point:SP_5378,Passerelle A. Conti,2
2345880,08:36:00,08:36:10,stop_point:SP_3506,Daste,3
2345880,08:38:00,08:38:10,stop_point:SP_806,Stadium Est,4
2345880,08:39:00,08:39:10,stop_point:SP_1012,Stadium Ouest,5
2345880,08:40:00,08:40:10,stop_point:SP_3759,Croix de Pierre,6
2345880,08:41:00,08:41:10,stop_point:SP_3915,Roc,7
2345880,08:42:00,08:42:10,stop_point:SP_3822,Barrière de Muret,8
2345880,08:43:00,08:43:10,stop_point:SP_3148,Penent,9
2345880,08:45:00,08:45:10,stop_point:SP_519,Gallieni,10
2345880,08:46:00,08:46:10,stop_point:SP_1436,Langlade,11
2345880,08:47:00,08:47:10,stop_point:SP_3779,Rond-Point Langlade,12
2345880,08:48:00,08:48:10,stop_point:SP_3025,Gironis - Mémorial AZF,13
2345880,08:49:00,08:49:10,stop_point:SP_931,Marchant,14
2345880,08:50:00,08:50:10,stop_point:SP_2330,Hubert Curien,15
2345880,08:51:00,08:51:10,stop_point:SP_324,Maison Commune,16
2345880,08:53:00,08:53:10,stop_point:SP_2491,Oncopole Courrière,17
2345880,08:53:00,08:53:10,stop_point:SP_5097,Oncopole - Lise Enjalbert,18
2345880,08:53:00,08:53:10,stop_point:SP_3604,IUC,19
2345880,08:55:00,08:55:10,stop_point:SP_2892,IUC,20
2345881,08:37:00,08:37:10,stop_point:SP_461,Empalot,1
2345881,08:39:00,08:39:10,stop_point:SP_5378,Passerelle A. Conti,2
2345881,08:40:00,08:40:10,stop_point:SP_3506,Daste,3
2345881,08:42:00,08:42:10,stop_point:SP_806,Stadium Est,4
2345881,08:43:00,08:43:10,stop_point:SP_1012,Stadium Ouest,5
2345881,08:44:00,08:44:10,stop_point:SP_3759,Croix de Pierre,6
2345881,08:45:00,08:45:10,stop_point:SP_3915,Roc,7
2345881,08:46:00,08:46:10,stop_point:SP_3822,Barrière de Muret,8
2345881,08:47:00,08:47:10,stop_point:SP_3148,Penent,9
2345881,08:49:00,08:49:10,stop_point:SP_519,Gallieni,10
2345881,08:50:00,08:50:10,stop_point:SP_1436,Langlade,11
2345881,08:51:00,08:51:10,stop_point:SP_3779,Rond-Point Langlade,12
2345881,08:52:00,08:52:10,stop_point:SP_3025,Gironis - Mémorial AZF,13
2345881,08:53:00,08:53:10,stop_point:SP_931,Marchant,14
2345881,08:54:00,08:54:10,stop_point:SP_2330,Hubert Curien,15
2345881,08:55:00,08:55:10,stop_point:SP_324,Maison Commune,16
2345881,08:56:00,08:56:10,stop_point:SP_2491,Oncopole Courrière,17
2345881,08:57:00,08:57:10,stop_point:SP_5097,Oncopole - Lise Enjalbert,18
2345881,08:57:00,08:57:10,stop_point:SP_3604,IUC,19
2345881,08:58:00,08:58:10,stop_point:SP_3185,Route d'Espagne,20
2345881,08:59:00,08:59:10,stop_point:SP_4907,Joulin,21
2345881,09:00:00,09:00:10,stop_point:SP_3258,Larrieu,22
2345881,09:02:00,09:02:10,stop_point:SP_265,Clairfont,23
2345881,09:03:00,09:03:10,stop_point:SP_1374,Frênes,24
2345881,09:04:00,09:04:10,stop_point:SP_2247,Claire Fontaine,25
2345881,09:04:00,09:04:10,stop_point:SP_4000,Ecole Récébédou,26
2345881,09:05:00,09:05:10,stop_point:SP_4916,Ctre Cial Portet - Entrée 5,27
2345881,09:06:00,09:06:10,stop_point:SP_2008,Palanques,28
2345881,09:07:00,09:07:10,stop_point:SP_741,Ctre Cial Portet - Entrée 1,29
2345881,09:08:00,09:08:10,stop_point:SP_311,Bd de l'Europe,30
2345881,09:09:00,09:09:10,stop_point:SP_2882,Stade,31
2345881,09:10:00,09:10:10,stop_point:SP_3831,Occitanie,32
2345881,09:11:00,09:11:10,stop_point:SP_1947,Commerce,33
2345881,09:12:00,09:12:10,stop_point:SP_1897,Bosquets,34
2345881,09:14:00,09:14:10,stop_point:SP_4522,Jean Jaurès,35
2345881,09:16:00,09:16:10,stop_point:SP_4521,Portet Gare SNCF,36
2345882,08:46:00,08:46:10,stop_point:SP_461,Empalot,1
2345882,08:48:00,08:48:10,stop_point:SP_5378,Passerelle A. Conti,2
2345882,08:49:00,08:49:10,stop_point:SP_3506,Daste,3
2345882,08:51:00,08:51:10,stop_point:SP_806,Stadium Est,4
2345882,08:52:00,08:52:10,stop_point:SP_1012,Stadium Ouest,5
2345882,08:53:00,08:53:10,stop_point:SP_3759,Croix de Pierre,6
2345882,08:54:00,08:54:10,stop_point:SP_3915,Roc,7
2345882,08:55:00,08:55:10,stop_point:SP_3822,Barrière de Muret,8
2345882,08:56:00,08:56:10,stop_point:SP_3148,Penent,9
2345882,08:58:00,08:58:10,stop_point:SP_519,Gallieni,10
2345882,08:59:00,08:59:10,stop_point:SP_1436,Langlade,11
2345882,09:00:00,09:00:10,stop_point:SP_3779,Rond-Point Langlade,12
2345882,09:01:00,09:01:10,stop_point:SP_3025,Gironis - Mémorial AZF,13
2345882,09:02:00,09:02:10,stop_point:SP_931,Marchant,14
2345882,09:03:00,09:03:10,stop_point:SP_2330,Hubert Curien,15
2345882,09:04:00,09:04:10,stop_point:SP_324,Maison Commune,16
2345882,09:05:00,09:05:10,stop_point:SP_2491,Oncopole Courrière,17
2345882,09:06:00,09:06:10,stop_point:SP_5097,Oncopole - Lise Enjalbert,18
2345882,09:06:00,09:06:10,stop_point:SP_3604,IUC,19
2345882,09:07:00,09:07:10,stop_point:SP_3185,Route d'Espagne,20
2345882,09:08:00,09:08:10,stop_point:SP_4907,Joulin,21
2345882,09:09:00,09:09:10,stop_point:SP_3258,Larrieu,22
2345882,09:11:00,09:11:10,stop_point:SP_265,Clairfont,23
2345882,09:12:00,09:12:10,stop_point:SP_1374,Frênes,24
2345882,09:13:00,09:13:10,stop_point:SP_2247,Claire Fontaine,25
2345882,09:13:00,09:13:10,stop_point:SP_4000,Ecole Récébédou,26
2345882,09:14:00,09:14:10,stop_point:SP_4916,Ctre Cial Portet - Entrée 5,27
2345882,09:15:00,09:15:10,stop_point:SP_2008,Palanques,28
2345882,09:16:00,09:16:10,stop_point:SP_741,Ctre Cial Portet - Entrée 1,29
2345882,09:17:00,09:17:10,stop_point:SP_311,Bd de l'Europe,30
2345882,09:18:00,09:18:10,stop_point:SP_2882,Stade,31
2345882,09:19:00,09:19:10,stop_point:SP_3831,Occitanie,32
2345882,09:20:00,09:20:10,stop_point:SP_1947,Commerce,33
2345882,09:21:00,09:21:10,stop_point:SP_1897,Bosquets,34
2345882,09:23:00,09:23:10,stop_point:SP_4522,Jean Jaurès,35
2345882,09:25:00,09:25:10,stop_point:SP_4521,Portet Gare SNCF,36
2345883,08:50:00,08:50:10,stop_point:SP_461,Empalot,1
2345883,08:52:00,08:52:10,stop_point:SP_5378,Passerelle A. Conti,2
2345883,08:53:00,08:53:10,stop_point:SP_3506,Daste,3
2345883,08:55:00,08:55:10,stop_point:SP_806,Stadium Est,4
2345883,08:56:00,08:56:10,stop_point:SP_1012,Stadium Ouest,5
2345883,08:57:00,08:57:10,stop_point:SP_3759,Croix de Pierre,6
2345883,08:58:00,08:58:10,stop_point:SP_3915,Roc,7
2345883,08:59:00,08:59:10,stop_point:SP_3822,Barrière de Muret,8
2345883,09:00:00,09:00:10,stop_point:SP_3148,Penent,9
2345883,09:02:00,09:02:10,stop_point:SP_519,Gallieni,10
2345883,09:03:00,09:03:10,stop_point:SP_1436,Langlade,11
2345883,09:04:00,09:04:10,stop_point:SP_3779,Rond-Point Langlade,12
2345883,09:05:00,09:05:10,stop_point:SP_3025,Gironis - Mémorial AZF,13
2345883,09:06:00,09:06:10,stop_point:SP_931,Marchant,14
2345883,09:07:00,09:07:10,stop_point:SP_2330,Hubert Curien,15
2345883,09:08:00,09:08:10,stop_point:SP_324,Maison Commune,16
2345883,09:10:00,09:10:10,stop_point:SP_2491,Oncopole Courrière,17
2345883,09:10:00,09:10:10,stop_point:SP_5097,Oncopole - Lise Enjalbert,18
2345883,09:10:00,09:10:10,stop_point:SP_3604,IUC,19
2345883,09:12:00,09:12:10,stop_point:SP_2892,IUC,20
2345884,08:55:00,08:55:10,stop_point:SP_461,Empalot,1
2345884,08:57:00,08:57:10,stop_point:SP_5378,Passerelle A. Conti,2
2345884,08:58:00,08:58:10,stop_point:SP_3506,Daste,3
2345884,08:59:00,08:59:10,stop_point:SP_806,Stadium Est,4
2345884,09:00:00,09:00:10,stop_point:SP_1012,Stadium Ouest,5
2345884,09:01:00,09:01:10,stop_point:SP_3759,Croix de Pierre,6
2345884,09:02:00,09:02:10,stop_point:SP_3915,Roc,7
2345884,09:03:00,09:03:10,stop_point:SP_3822,Barrière de Muret,8
2345884,09:04:00,09:04:10,stop_point:SP_3148,Penent,9
2345884,09:06:00,09:06:10,stop_point:SP_519,Gallieni,10
2345884,09:07:00,09:07:10,stop_point:SP_1436,Langlade,11
2345884,09:08:00,09:08:10,stop_point:SP_3779,Rond-Point Langlade,12
2345884,09:09:00,09:09:10,stop_point:SP_3025,Gironis - Mémorial AZF,13
2345884,09:10:00,09:10:10,stop_point:SP_931,Marchant,14
2345884,09:11:00,09:11:10,stop_point:SP_2330,Hubert Curien,15
2345884,09:12:00,09:12:10,stop_point:SP_324,Maison Commune,16
2345884,09:13:00,09:13:10,stop_point:SP_2491,Oncopole Courrière,17
2345884,09:14:00,09:14:10,stop_point:SP_5097,Oncopole - Lise Enjalbert,18
2345884,09:14:00,09:14:10,stop_point:SP_3604,IUC,19
2345884,09:15:00,09:15:10,stop_point:SP_3185,Route d'Espagne,20
2345884,09:16:00,09:16:10,stop_point:SP_4907,Joulin,21
2345884,09:17:00,09:17:10,stop_point:SP_3258,Larrieu,22
2345884,09:19:00,09:19:10,stop_point:SP_265,Clairfont,23
2345884,09:20:00,09:20:10,stop_point:SP_1374,Frênes,24
2345884,09:21:00,09:21:10,stop_point:SP_2247,Claire Fontaine,25
2345884,09:21:00,09:21:10,stop_point:SP_4000,Ecole Récébédou,26
2345884,09:22:00,09:22:10,stop_point:SP_4916,Ctre Cial Portet - Entrée 5,27
2345884,09:23:00,09:23:10,stop_point:SP_2008,Palanques,28
2345884,09:24:00,09:24:10,stop_point:SP_741,Ctre Cial Portet - Entrée 1,29
2345884,09:25:00,09:25:10,stop_point:SP_311,Bd de l'Europe,30
2345884,09:26:00,09:26:10,stop_point:SP_2882,Stade,31
2345884,09:27:00,09:27:10,stop_point:SP_3831,Occitanie,32
2345884,09:28:00,09:28:10,stop_point:SP_1947,Commerce,33
2345884,09:29:00,09:29:10,stop_point:SP_1897,Bosquets,34
2345884,09:31:00,09:31:10,stop_point:SP_4522,Jean Jaurès,35
2345884,09:33:00,09:33:10,stop_point:SP_4521,Portet Gare SNCF,36
2345885,08:59:00,08:59:10,stop_point:SP_461,Empalot,1
2345885,09:01:00,09:01:10,stop_point:SP_5378,Passerelle A. Conti,2
2345885,09:02:00,09:02:10,stop_point:SP_3506,Daste,3
2345885,09:04:00,09:04:10,stop_point:SP_806,Stadium Est,4
2345885,09:05:00,09:05:10,stop_point:SP_1012,Stadium Ouest,5
2345885,09:06:00,09:06:10,stop_point:SP_3759,Croix de Pierre,6
2345885,09:07:00,09:07:10,stop_point:SP_3915,Roc,7
2345885,09:08:00,09:08:10,stop_point:SP_3822,Barrière de Muret,8
2345885,09:09:00,09:09:10,stop_point:SP_3148,Penent,9
2345885,09:11:00,09:11:10,stop_point:SP_519,Gallieni,10
2345885,09:12:00,09:12:10,stop_point:SP_1436,Langlade,11
2345885,09:13:00,09:13:10,stop_point:SP_3779,Rond-Point Langlade,12
2345885,09:14:00,09:14:10,stop_point:SP_3025,Gironis - Mémorial AZF,13
2345885,09:15:00,09:15:10,stop_point:SP_931,Marchant,14
2345885,09:16:00,09:16:10,stop_point:SP_2330,Hubert Curien,15
2345885,09:16:00,09:16:10,stop_point:SP_324,Maison Commune,16
2345885,09:18:00,09:18:10,stop_point:SP_2491,Oncopole Courrière,17
2345885,09:18:00,09:18:10,stop_point:SP_5097,Oncopole - Lise Enjalbert,18
2345885,09:19:00,09:19:10,stop_point:SP_3604,IUC,19
2345885,09:20:00,09:20:10,stop_point:SP_2892,IUC,20
2345886,09:04:00,09:04:10,stop_point:SP_461,Empalot,1
2345886,09:06:00,09:06:10,stop_point:SP_5378,Passerelle A. Conti,2
2345886,09:06:00,09:06:10,stop_point:SP_3506,Daste,3
2345886,09:07:00,09:07:10,stop_point:SP_806,Stadium Est,4
2345886,09:08:00,09:08:10,stop_point:SP_1012,Stadium Ouest,5
2345886,09:09:00,09:09:10,stop_point:SP_3759,Croix de Pierre,6
2345886,09:10:00,09:10:10,stop_point:SP_3915,Roc,7
2345886,09:11:00,09:11:10,stop_point:SP_3822,Barrière de Muret,8
2345886,09:12:00,09:12:10,stop_point:SP_3148,Penent,9
2345886,09:14:00,09:14:10,stop_point:SP_519,Gallieni,10
2345886,09:15:00,09:15:10,stop_point:SP_1436,Langlade,11
2345886,09:16:00,09:16:10,stop_point:SP_3779,Rond-Point Langlade,12
2345886,09:17:00,09:17:10,stop_point:SP_3025,Gironis - Mémorial AZF,13
2345886,09:18:00,09:18:10,stop_point:SP_931,Marchant,14
2345886,09:19:00,09:19:10,stop_point:SP_2330,Hubert Curien,15
2345886,09:20:00,09:20:10,stop_point:SP_324,Maison Commune,16
2345886,09:21:00,09:21:10,stop_point:SP_2491,Oncopole Courrière,17
2345886,09:22:00,09:22:10,stop_point:SP_5097,Oncopole - Lise Enjalbert,18
2345886,09:22:00,09:22:10,stop_point:SP_3604,IUC,19
2345886,09:23:00,09:23:10,stop_point:SP_3185,Route d'Espagne,20
2345886,09:24:00,09:24:10,stop_point:SP_4907,Joulin,21
2345886,09:25:00,09:25:10,stop_point:SP_3258,Larrieu,22
2345886,09:27:00,09:27:10,stop_point:SP_265,Clairfont,23
2345886,09:28:00,09:28:10,stop_point:SP_1374,Frênes,24
2345886,09:29:00,09:29:10,stop_point:SP_2247,Claire Fontaine,25
2345886,09:29:00,09:29:10,stop_point:SP_4000,Ecole Récébédou,26
2345886,09:30:00,09:30:10,stop_point:SP_4916,Ctre Cial Portet - Entrée 5,27
2345886,09:31:00,09:31:10,stop_point:SP_2008,Palanques,28
2345886,09:32:00,09:32:10,stop_point:SP_741,Ctre Cial Portet - Entrée 1,29
2345886,09:33:00,09:33:10,stop_point:SP_311,Bd de l'Europe,30
2345886,09:34:00,09:34:10,stop_point:SP_2882,Stade,31
2345886,09:35:00,09:35:10,stop_point:SP_3831,Occitanie,32
2345886,09:36:00,09:36:10,stop_point:SP_1947,Commerce,33
2345886,09:37:00,09:37:10,stop_point:SP_1897,Bosquets,34
2345886,09:39:00,09:39:10,stop_point:SP_4522,Jean Jaurès,35
2345886,09:41:00,09:41:10,stop_point:SP_4521,Portet Gare SNCF,36
2345887,09:13:00,09:13:10,stop_point:SP_461,Empalot,1
2345887,09:15:00,09:15:10,stop_point:SP_5378,Passerelle A. Conti,2
2345887,09:15:00,09:15:10,stop_point:SP_3506,Daste,3
2345887,09:16:00,09:16:10,stop_point:SP_806,Stadium Est,4
2345887,09:17:00,09:17:10,stop_point:SP_1012,Stadium Ouest,5
2345887,09:18:00,09:18:10,stop_point:SP_3759,Croix de Pierre,6
2345887,09:19:00,09:19:10,stop_point:SP_3915,Roc,7
2345887,09:20:00,09:20:10,stop_point:SP_3822,Barrière de Muret,8
2345887,09:21:00,09:21:10,stop_point:SP_3148,Penent,9
2345887,09:23:00,09:23:10,stop_point:SP_519,Gallieni,10
2345887,09:24:00,09:24:10,stop_point:SP_1436,Langlade,11
2345887,09:25:00,09:25:10,stop_point:SP_3779,Rond-Point Langlade,12
2345887,09:26:00,09:26:10,stop_point:SP_3025,Gironis - Mémorial AZF,13
2345887,09:27:00,09:27:10,stop_point:SP_931,Marchant,14
2345887,09:28:00,09:28:10,stop_point:SP_2330,Hubert Curien,15
2345887,09:29:00,09:29:10,stop_point:SP_324,Maison Commune,16
2345887,09:30:00,09:30:10,stop_point:SP_2491,Oncopole Courrière,17
2345887,09:31:00,09:31:10,stop_point:SP_5097,Oncopole - Lise Enjalbert,18
2345887,09:31:00,09:31:10,stop_point:SP_3604,IUC,19
2345887,09:32:00,09:32:10,stop_point:SP_3185,Route d'Espagne,20
2345887,09:33:00,09:33:10,stop_point:SP_4907,Joulin,21
2345887,09:34:00,09:34:10,stop_point:SP_3258,Larrieu,22
2345887,09:36:00,09:36:10,stop_point:SP_265,Clairfont,23
2345887,09:37:00,09:37:10,stop_point:SP_1374,Frênes,24
2345887,09:38:00,09:38:10,stop_point:SP_2247,Claire Fontaine,25
2345887,09:38:00,09:38:10,stop_point:SP_4000,Ecole Récébédou,26
2345887,09:39:00,09:39:10,stop_point:SP_4916,Ctre Cial Portet - Entrée 5,27
2345887,09:40:00,09:40:10,stop_point:SP_2008,Palanques,28
2345887,09:41:00,09:41:10,stop_point:SP_741,Ctre Cial Portet - Entrée 1,29
2345887,09:42:00,09:42:10,stop_point:SP_311,Bd de l'Europe,30
2345887,09:43:00,09:43:10,stop_point:SP_2882,Stade,31
2345887,09:44:00,09:44:10,stop_point:SP_3831,Occitanie,32
2345887,09:45:00,09:45:10,stop_point:SP_1947,Commerce,33
2345887,09:46:00,09:46:10,stop_point:SP_1897,Bosquets,34
2345887,09:48:00,09:48:10,stop_point:SP_4522,Jean Jaurès,35
2345887,09:50:00,09:50:10,stop_point:SP_4521,Portet Gare SNCF,36
2345888,09:17:00,09:17:10,stop_point:SP_461,Empalot,1
2345888,09:19:00,09:19:10,stop_point:SP_5378,Passerelle A. Conti,2
2345888,09:20:00,09:20:10,stop_point:SP_3506,Daste,3
2345888,09:22:00,09:22:10,stop_point:SP_806,Stadium Est,4
2345888,09:23:00,09:23:10,stop_point:SP_1012,Stadium Ouest,5
2345888,09:24:00,09:24:10,stop_point:SP_3759,Croix de Pierre,6
2345888,09:25:00,09:25:10,stop_point:SP_3915,Roc,7
2345888,09:26:00,09:26:10,stop_point:SP_3822,Barrière de Muret,8
2345888,09:27:00,09:27:10,stop_point:SP_3148,Penent,9
2345888,09:29:00,09:29:10,stop_point:SP_519,Gallieni,10
2345888,09:30:00,09:30:10,stop_point:SP_1436,Langlade,11
2345888,09:31:00,09:31:10,stop_point:SP_3779,Rond-Point Langlade,12
2345888,09:32:00,09:32:10,stop_point:SP_3025,Gironis - Mémorial AZF,13
2345888,09:33:00,09:33:10,stop_point:SP_931,Marchant,14
2345888,09:34:00,09:34:10,stop_point:SP_2330,Hubert Curien,15
2345888,09:34:00,09:34:10,stop_point:SP_324,Maison Commune,16
2345888,09:36:00,09:36:10,stop_point:SP_2491,Oncopole Courrière,17
2345888,09:36:00,09:36:10,stop_point:SP_5097,Oncopole - Lise Enjalbert,18
2345888,09:37:00,09:37:10,stop_point:SP_3604,IUC,19
2345888,09:38:00,09:38:10,stop_point:SP_2892,IUC,20
2345889,09:25:00,09:25:10,stop_point:SP_461,Empalot,1
2345889,09:27:00,09:27:10,stop_point:SP_5378,Passerelle A. Conti,2
2345889,09:27:00,09:27:10,stop_point:SP_3506,Daste,3
2345889,09:28:00,09:28:10,stop_point:SP_806,Stadium Est,4
2345889,09:29:00,09:29:10,stop_point:SP_1012,Stadium Ouest,5
2345889,09:30:00,09:30:10,stop_point:SP_3759,Croix de Pierre,6
2345889,09:31:00,09:31:10,stop_point:SP_3915,Roc,7
2345889,09:32:00,09:32:10,stop_point:SP_3822,Barrière de Muret,8
2345889,09:33:00,09:33:10,stop_point:SP_3148,Penent,9
2345889,09:35:00,09:35:10,stop_point:SP_519,Gallieni,10
2345889,09:36:00,09:36:10,stop_point:SP_1436,Langlade,11
2345889,09:37:00,09:37:10,stop_point:SP_3779,Rond-Point Langlade,12
2345889,09:38:00,09:38:10,stop_point:SP_3025,Gironis - Mémorial AZF,13
2345889,09:39:00,09:39:10,stop_point:SP_931,Marchant,14
2345889,09:40:00,09:40:10,stop_point:SP_2330,Hubert Curien,15
2345889,09:41:00,09:41:10,stop_point:SP_324,Maison Commune,16
2345889,09:42:00,09:42:10,stop_point:SP_2491,Oncopole Courrière,17
2345889,09:43:00,09:43:10,stop_point:SP_5097,Oncopole - Lise Enjalbert,18
2345889,09:43:00,09:43:10,stop_point:SP_3604,IUC,19
2345889,09:44:00,09:44:10,stop_point:SP_3185,Route d'Espagne,20
2345889,09:45:00,09:45:10,stop_point:SP_4907,Joulin,21
2345889,09:46:00,09:46:10,stop_point:SP_3258,Larrieu,22
2345889,09:48:00,09:48:10,stop_point:SP_265,Clairfont,23
2345889,09:49:00,09:49:10,stop_point:SP_1374,Frênes,24
2345889,09:50:00,09:50:10,stop_point:SP_2247,Claire Fontaine,25
2345889,09:50:00,09:50:10,stop_point:SP_4000,Ecole Récébédou,26
2345889,09:51:00,09:51:10,stop_point:SP_4916,Ctre Cial Portet - Entrée 5,27
2345889,09:52:00,09:52:10,stop_point:SP_2008,Palanques,28
2345889,09:53:00,09:53:10,stop_point:SP_741,Ctre Cial Portet - Entrée 1,29
2345889,09:54:00,09:54:10,stop_point:SP_311,Bd de l'Europe,30
2345889,09:55:00,09:55:10,stop_point:SP_2882,Stade,31
2345889,09:56:00,09:56:10,stop_point:SP_3831,Occitanie,32
2345889,09:57:00,09:57:10,stop_point:SP_1947,Commerce,33
2345889,09:58:00,09:58:10,stop_point:SP_1897,Bosquets,34
2345889,10:00:00,10:00:10,stop_point:SP_4522,Jean Jaurès,35
2345889,10:02:00,10:02:10,stop_point:SP_4521,Portet Gare SNCF,36
2345890,09:37:00,09:37:10,stop_point:SP_461,Empalot,1
2345890,09:39:00,09:39:10,stop_point:SP_5378,Passerelle A. Conti,2
2345890,09:39:00,09:39:10,stop_point:SP_3506,Daste,3
2345890,09:40:00,09:40:10,stop_point:SP_806,Stadium Est,4
2345890,09:41:00,09:41:10,stop_point:SP_1012,Stadium Ouest,5
2345890,09:42:00,09:42:10,stop_point:SP_3759,Croix de Pierre,6
2345890,09:43:00,09:43:10,stop_point:SP_3915,Roc,7
2345890,09:44:00,09:44:10,stop_point:SP_3822,Barrière de Muret,8
2345890,09:45:00,09:45:10,stop_point:SP_3148,Penent,9
2345890,09:47:00,09:47:10,stop_point:SP_519,Gallieni,10
2345890,09:48:00,09:48:10,stop_point:SP_1436,Langlade,11
2345890,09:49:00,09:49:10,stop_point:SP_3779,Rond-Point Langlade,12
2345890,09:50:00,09:50:10,stop_point:SP_3025,Gironis - Mémorial AZF,13
2345890,09:51:00,09:51:10,stop_point:SP_931,Marchant,14
2345890,09:52:00,09:52:10,stop_point:SP_2330,Hubert Curien,15
2345890,09:53:00,09:53:10,stop_point:SP_324,Maison Commune,16
2345890,09:54:00,09:54:10,stop_point:SP_2491,Oncopole Courrière,17
2345890,09:55:00,09:55:10,stop_point:SP_5097,Oncopole - Lise Enjalbert,18
2345890,09:55:00,09:55:10,stop_point:SP_3604,IUC,19
2345890,09:56:00,09:56:10,stop_point:SP_3185,Route d'Espagne,20
2345890,09:57:00,09:57:10,stop_point:SP_4907,Joulin,21
2345890,09:58:00,09:58:10,stop_point:SP_3258,Larrieu,22
2345890,10:00:00,10:00:10,stop_point:SP_265,Clairfont,23
2345890,10:01:00,10:01:10,stop_point:SP_1374,Frênes,24
2345890,10:02:00,10:02:10,stop_point:SP_2247,Claire Fontaine,25
2345890,10:02:00,10:02:10,stop_point:SP_4000,Ecole Récébédou,26
2345890,10:03:00,10:03:10,stop_point:SP_4916,Ctre Cial Portet - Entrée 5,27
2345890,10:04:00,10:04:10,stop_point:SP_2008,Palanques,28
2345890,10:05:00,10:05:10,stop_point:SP_741,Ctre Cial Portet - Entrée 1,29
2345890,10:06:00,10:06:10,stop_point:SP_311,Bd de l'Europe,30
2345890,10:07:00,10:07:10,stop_point:SP_2882,Stade,31
2345890,10:08:00,10:08:10,stop_point:SP_3831,Occitanie,32
2345890,10:09:00,10:09:10,stop_point:SP_1947,Commerce,33
2345890,10:10:00,10:10:10,stop_point:SP_1897,Bosquets,34
2345890,10:12:00,10:12:10,stop_point:SP_4522,Jean Jaurès,35
2345890,10:14:00,10:14:10,stop_point:SP_4521,Portet Gare SNCF,36
2345891,09:49:00,09:49:10,stop_point:SP_461,Empalot,1
2345891,09:51:00,09:51:10,stop_point:SP_5378,Passerelle A. Conti,2
2345891,09:51:00,09:51:10,stop_point:SP_3506,Daste,3
2345891,09:52:00,09:52:10,stop_point:SP_806,Stadium Est,4
2345891,09:53:00,09:53:10,stop_point:SP_1012,Stadium Ouest,5
2345891,09:54:00,09:54:10,stop_point:SP_3759,Croix de Pierre,6
2345891,09:55:00,09:55:10,stop_point:SP_3915,Roc,7
2345891,09:56:00,09:56:10,stop_point:SP_3822,Barrière de Muret,8
2345891,09:57:00,09:57:10,stop_point:SP_3148,Penent,9
2345891,09:59:00,09:59:10,stop_point:SP_519,Gallieni,10
2345891,10:00:00,10:00:10,stop_point:SP_1436,Langlade,11
2345891,10:01:00,10:01:10,stop_point:SP_3779,Rond-Point Langlade,12
2345891,10:02:00,10:02:10,stop_point:SP_3025,Gironis - Mémorial AZF,13
2345891,10:03:00,10:03:10,stop_point:SP_931,Marchant,14
2345891,10:04:00,10:04:10,stop_point:SP_2330,Hubert Curien,15
2345891,10:05:00,10:05:10,stop_point:SP_324,Maison Commune,16
2345891,10:06:00,10:06:10,stop_point:SP_2491,Oncopole Courrière,17
2345891,10:07:00,10:07:10,stop_point:SP_5097,Oncopole - Lise Enjalbert,18
2345891,10:07:00,10:07:10,stop_point:SP_3604,IUC,19
2345891,10:08:00,10:08:10,stop_point:SP_3185,Route d'Espagne,20
2345891,10:09:00,10:09:10,stop_point:SP_4907,Joulin,21
2345891,10:10:00,10:10:10,stop_point:SP_3258,Larrieu,22
2345891,10:12:00,10:12:10,stop_point:SP_265,Clairfont,23
2345891,10:13:00,10:13:10,stop_point:SP_1374,Frênes,24
2345891,10:14:00,10:14:10,stop_point:SP_2247,Claire Fontaine,25
2345891,10:14:00,10:14:10,stop_point:SP_4000,Ecole Récébédou,26
2345891,10:15:00,10:15:10,stop_point:SP_4916,Ctre Cial Portet - Entrée 5,27
2345891,10:16:00,10:16:10,stop_point:SP_2008,Palanques,28
2345891,10:17:00,10:17:10,stop_point:SP_741,Ctre Cial Portet - Entrée 1,29
2345891,10:18:00,10:18:10,stop_point:SP_311,Bd de l'Europe,30
2345891,10:19:00,10:19:10,stop_point:SP_2882,Stade,31
2345891,10:20:00,10:20:10,stop_point:SP_3831,Occitanie,32
2345891,10:21:00,10:21:10,stop_point:SP_1947,Commerce,33
2345891,10:22:00,10:22:10,stop_point:SP_1897,Bosquets,34
2345891,10:24:00,10:24:10,stop_point:SP_4522,Jean Jaurès,35
2345891,10:26:00,10:26:10,stop_point:SP_4521,Portet Gare SNCF,36
2345892,10:01:00,10:01:10,stop_point:SP_461,Empalot,1
2345892,10:03:00,10:03:10,stop_point:SP_5378,Passerelle A. Conti,2
2345892,10:03:00,10:03:10,stop_point:SP_3506,Daste,3
2345892,10:04:00,10:04:10,stop_point:SP_806,Stadium Est,4
2345892,10:05:00,10:05:10,stop_point:SP_1012,Stadium Ouest,5
2345892,10:06:00,10:06:10,stop_point:SP_3759,Croix de Pierre,6
2345892,10:07:00,10:07:10,stop_point:SP_3915,Roc,7
2345892,10:08:00,10:08:10,stop_point:SP_3822,Barrière de Muret,8
2345892,10:09:00,10:09:10,stop_point:SP_3148,Penent,9
2345892,10:11:00,10:11:10,stop_point:SP_519,Gallieni,10
2345892,10:12:00,10:12:10,stop_point:SP_1436,Langlade,11
2345892,10:13:00,10:13:10,stop_point:SP_3779,Rond-Point Langlade,12
2345892,10:14:00,10:14:10,stop_point:SP_3025,Gironis - Mémorial AZF,13
2345892,10:15:00,10:15:10,stop_point:SP_931,Marchant,14
2345892,10:16:00,10:16:10,stop_point:SP_2330,Hubert Curien,15
2345892,10:17:00,10:17:10,stop_point:SP_324,Maison Commune,16
2345892,10:18:00,10:18:10,stop_point:SP_2491,Oncopole Courrière,17
2345892,10:19:00,10:19:10,stop_point:SP_5097,Oncopole - Lise Enjalbert,18
2345892,10:19:00,10:19:10,stop_point:SP_3604,IUC,19
2345892,10:20:00,10:20:10,stop_point:SP_3185,Route d'Espagne,20
2345892,10:21:00,10:21:10,stop_point:SP_4907,Joulin,21
2345892,10:22:00,10:22:10,stop_point:SP_3258,Larrieu,22
2345892,10:24:00,10:24:10,stop_point:SP_265,Clairfont,23
2345892,10:25:00,10:25:10,stop_point:SP_1374,Frênes,24
2345892,10:26:00,10:26:10,stop_point:SP_2247,Claire Fontaine,25
2345892,10:26:00,10:26:10,stop_point:SP_4000,Ecole Récébédou,26
2345892,10:27:00,10:27:10,stop_point:SP_4916,Ctre Cial Portet - Entrée 5,27
2345892,10:28:00,10:28:10,stop_point:SP_2008,Palanques,28
2345892,10:29:00,10:29:10,stop_point:SP_741,Ctre Cial Portet - Entrée 1,29
2345892,10:30:00,10:30:10,stop_point:SP_311,Bd de l'Europe,30
2345892,10:31:00,10:31:10,stop_point:SP_2882,Stade,31
2345892,10:32:00,10:32:10,stop_point:SP_3831,Occitanie,32
2345892,10:33:00,10:33:10,stop_point:SP_1947,Commerce,33
2345892,10:34:00,10:34:10,stop_point:SP_1897,Bosquets,34
2345892,10:36:00,10:36:10,stop_point:SP_4522,Jean Jaurès,35
2345892,10:38:00,10:38:10,stop_point:SP_4521,Portet Gare SNCF,36
2345893,10:13:00,10:13:10,stop_point:SP_461,Empalot,1
2345893,10:15:00,10:15:10,stop_point:SP_5378,Passerelle A. Conti,2
2345893,10:15:00,10:15:10,stop_point:SP_3506,Daste,3
2345893,10:16:00,10:16:10,stop_point:SP_806,Stadium Est,4
2345893,10:17:00,10:17:10,stop_point:SP_1012,Stadium Ouest,5
2345893,10:18:00,10:18:10,stop_point:SP_3759,Croix de Pierre,6
2345893,10:19:00,10:19:10,stop_point:SP_3915,Roc,7
2345893,10:20:00,10:20:10,stop_point:SP_3822,Barrière de Muret,8
2345893,10:21:00,10:21:10,stop_point:SP_3148,Penent,9
2345893,10:23:00,10:23:10,stop_point:SP_519,Gallieni,10
2345893,10:24:00,10:24:10,stop_point:SP_1436,Langlade,11
2345893,10:25:00,10:25:10,stop_point:SP_3779,Rond-Point Langlade,12
2345893,10:26:00,10:26:10,stop_point:SP_3025,Gironis - Mémorial AZF,13
2345893,10:27:00,10:27:10,stop_point:SP_931,Marchant,14
2345893,10:28:00,10:28:10,stop_point:SP_2330,Hubert Curien,15
2345893,10:29:00,10:29:10,stop_point:SP_324,Maison Commune,16
2345893,10:30:00,10:30:10,stop_point:SP_2491,Oncopole Courrière,17
2345893,10:31:00,10:31:10,stop_point:SP_5097,Oncopole - Lise Enjalbert,18
2345893,10:31:00,10:31:10,stop_point:SP_3604,IUC,19
2345893,10:32:00,10:32:10,stop_point:SP_3185,Route d'Espagne,20
2345893,10:33:00,10:33:10,stop_point:SP_4907,Joulin,21
2345893,10:34:00,10:34:10,stop_point:SP_3258,Larrieu,22
2345893,10:36:00,10:36:10,stop_point:SP_265,Clairfont,23
2345893,10:37:00,10:37:10,stop_point:SP_1374,Frênes,24
2345893,10:38:00,10:38:10,stop_point:SP_2247,Claire Fontaine,25
2345893,10:38:00,10:38:10,stop_point:SP_4000,Ecole Récébédou,26
2345893,10:39:00,10:39:10,stop_point:SP_4916,Ctre Cial Portet - Entrée 5,27
2345893,10:40:00,10:40:10,stop_point:SP_2008,Palanques,28
2345893,10:41:00,10:41:10,stop_point:SP_741,Ctre Cial Portet - Entrée 1,29
2345893,10:42:00,10:42:10,stop_point:SP_311,Bd de l'Europe,30
2345893,10:43:00,10:43:10,stop_point:SP_2882,Stade,31
2345893,10:44:00,10:44:10,stop_point:SP_3831,Occitanie,32
2345893,10:45:00,10:45:10,stop_point:SP_1947,Commerce,33
2345893,10:46:00,10:46:10,stop_point:SP_1897,Bosquets,34
2345893,10:48:00,10:48:10,stop_point:SP_4522,Jean Jaurès,35
2345893,10:50:00,10:50:10,stop_point:SP_4521,Portet Gare SNCF,36
2345894,10:25:00,10:25:10,stop_point:SP_461,Empalot,1
2345894,10:27:00,10:27:10,stop_point:SP_5378,Passerelle A. Conti,2
2345894,10:27:00,10:27:10,stop_point:SP_3506,Daste,3
2345894,10:28:00,10:28:10,stop_point:SP_806,Stadium Est,4
2345894,10:29:00,10:29:10,stop_point:SP_1012,Stadium Ouest,5
2345894,10:30:00,10:30:10,stop_point:SP_3759,Croix de Pierre,6
2345894,10:31:00,10:31:10,stop_point:SP_3915,Roc,7
2345894,10:32:00,10:32:10,stop_point:SP_3822,Barrière de Muret,8
2345894,10:33:00,10:33:10,stop_point:SP_3148,Penent,9
2345894,10:35:00,10:35:10,stop_point:SP_519,Gallieni,10
2345894,10:36:00,10:36:10,stop_point:SP_1436,Langlade,11
2345894,10:37:00,10:37:10,stop_point:SP_3779,Rond-Point Langlade,12
2345894,10:38:00,10:38:10,stop_point:SP_3025,Gironis - Mémorial AZF,13
2345894,10:39:00,10:39:10,stop_point:SP_931,Marchant,14
2345894,10:40:00,10:40:10,stop_point:SP_2330,Hubert Curien,15
2345894,10:41:00,10:41:10,stop_point:SP_324,Maison Commune,16
2345894,10:42:00,10:42:10,stop_point:SP_2491,Oncopole Courrière,17
2345894,10:43:00,10:43:10,stop_point:SP_5097,Oncopole - Lise Enjalbert,18
2345894,10:43:00,10:43:10,stop_point:SP_3604,IUC,19
2345894,10:44:00,10:44:10,stop_point:SP_3185,Route d'Espagne,20
2345894,10:45:00,10:45:10,stop_point:SP_4907,Joulin,21
2345894,10:46:00,10:46:10,stop_point:SP_3258,Larrieu,22
2345894,10:48:00,10:48:10,stop_point:SP_265,Clairfont,23
2345894,10:49:00,10:49:10,stop_point:SP_1374,Frênes,24
2345894,10:50:00,10:50:10,stop_point:SP_2247,Claire Fontaine,25
2345894,10:50:00,10:50:10,stop_point:SP_4000,Ecole Récébédou,26
2345894,10:51:00,10:51:10,stop_point:SP_4916,Ctre Cial Portet - Entrée 5,27
2345894,10:52:00,10:52:10,stop_point:SP_2008,Palanques,28
2345894,10:53:00,10:53:10,stop_point:SP_741,Ctre Cial Portet - Entrée 1,29
2345894,10:54:00,10:54:10,stop_point:SP_311,Bd de l'Europe,30
2345894,10:55:00,10:55:10,stop_point:SP_2882,Stade,31
2345894,10:56:00,10:56:10,stop_point:SP_3831,Occitanie,32
2345894,10:57:00,10:57:10,stop_point:SP_1947,Commerce,33
2345894,10:58:00,10:58:10,stop_point:SP_1897,Bosquets,34
2345894,11:00:00,11:00:10,stop_point:SP_4522,Jean Jaurès,35
2345894,11:02:00,11:02:10,stop_point:SP_4521,Portet Gare SNCF,36
2345895,10:37:00,10:37:10,stop_point:SP_461,Empalot,1
2345895,10:39:00,10:39:10,stop_point:SP_5378,Passerelle A. Conti,2
2345895,10:39:00,10:39:10,stop_point:SP_3506,Daste,3
2345895,10:40:00,10:40:10,stop_point:SP_806,Stadium Est,4
2345895,10:41:00,10:41:10,stop_point:SP_1012,Stadium Ouest,5
2345895,10:42:00,10:42:10,stop_point:SP_3759,Croix de Pierre,6
2345895,10:43:00,10:43:10,stop_point:SP_3915,Roc,7
2345895,10:44:00,10:44:10,stop_point:SP_3822,Barrière de Muret,8
2345895,10:45:00,10:45:10,stop_point:SP_3148,Penent,9
2345895,10:47:00,10:47:10,stop_point:SP_519,Gallieni,10
2345895,10:48:00,10:48:10,stop_point:SP_1436,Langlade,11
2345895,10:49:00,10:49:10,stop_point:SP_3779,Rond-Point Langlade,12
2345895,10:50:00,10:50:10,stop_point:SP_3025,Gironis - Mémorial AZF,13
2345895,10:51:00,10:51:10,stop_point:SP_931,Marchant,14
2345895,10:52:00,10:52:10,stop_point:SP_2330,Hubert Curien,15
2345895,10:53:00,10:53:10,stop_point:SP_324,Maison Commune,16
2345895,10:54:00,10:54:10,stop_point:SP_2491,Oncopole Courrière,17
2345895,10:55:00,10:55:10,stop_point:SP_5097,Oncopole - Lise Enjalbert,18
2345895,10:55:00,10:55:10,stop_point:SP_3604,IUC,19
2345895,10:56:00,10:56:10,stop_point:SP_3185,Route d'Espagne,20
2345895,10:57:00,10:57:10,stop_point:SP_4907,Joulin,21
2345895,10:58:00,10:58:10,stop_point:SP_3258,Larrieu,22
2345895,11:00:00,11:00:10,stop_point:SP_265,Clairfont,23
2345895,11:01:00,11:01:10,stop_point:SP_1374,Frênes,24
2345895,11:02:00,11:02:10,stop_point:SP_2247,Claire Fontaine,25
2345895,11:02:00,11:02:10,stop_point:SP_4000,Ecole Récébédou,26
2345895,11:03:00,11:03:10,stop_point:SP_4916,Ctre Cial Portet - Entrée 5,27
2345895,11:04:00,11:04:10,stop_point:SP_2008,Palanques,28
2345895,11:05:00,11:05:10,stop_point:SP_741,Ctre Cial Portet - Entrée 1,29
2345895,11:06:00,11:06:10,stop_point:SP_311,Bd de l'Europe,30
2345895,11:07:00,11:07:10,stop_point:SP_2882,Stade,31
2345895,11:08:00,11:08:10,stop_point:SP_3831,Occitanie,32
2345895,11:09:00,11:09:10,stop_point:SP_1947,Commerce,33
2345895,11:10:00,11:10:10,stop_point:SP_1897,Bosquets,34
2345895,11:12:00,11:12:10,stop_point:SP_4522,Jean Jaurès,35
2345895,11:14:00,11:14:10,stop_point:SP_4521,Portet Gare SNCF,36
2345896,10:49:00,10:49:10,stop_point:SP_461,Empalot,1
2345896,10:51:00,10:51:10,stop_point:SP_5378,Passerelle A. Conti,2
2345896,10:51:00,10:51:10,stop_point:SP_3506,Daste,3
2345896,10:52:00,10:52:10,stop_point:SP_806,Stadium Est,4
2345896,10:53:00,10:53:10,stop_point:SP_1012,Stadium Ouest,5
2345896,10:54:00,10:54:10,stop_point:SP_3759,Croix de Pierre,6
2345896,10:55:00,10:55:10,stop_point:SP_3915,Roc,7
2345896,10:56:00,10:56:10,stop_point:SP_3822,Barrière de Muret,8
2345896,10:57:00,10:57:10,stop_point:SP_3148,Penent,9
2345896,10:59:00,10:59:10,stop_point:SP_519,Gallieni,10
2345896,11:00:00,11:00:10,stop_point:SP_1436,Langlade,11
2345896,11:01:00,11:01:10,stop_point:SP_3779,Rond-Point Langlade,12
2345896,11:02:00,11:02:10,stop_point:SP_3025,Gironis - Mémorial AZF,13
2345896,11:03:00,11:03:10,stop_point:SP_931,Marchant,14
2345896,11:04:00,11:04:10,stop_point:SP_2330,Hubert Curien,15
2345896,11:05:00,11:05:10,stop_point:SP_324,Maison Commune,16
2345896,11:06:00,11:06:10,stop_point:SP_2491,Oncopole Courrière,17
2345896,11:07:00,11:07:10,stop_point:SP_5097,Oncopole - Lise Enjalbert,18
2345896,11:07:00,11:07:10,stop_point:SP_3604,IUC,19
2345896,11:08:00,11:08:10,stop_point:SP_3185,Route d'Espagne,20
2345896,11:09:00,11:09:10,stop_point:SP_4907,Joulin,21
2345896,11:10:00,11:10:10,stop_point:SP_3258,Larrieu,22
2345896,11:12:00,11:12:10,stop_point:SP_265,Clairfont,23
2345896,11:13:00,11:13:10,stop_point:SP_1374,Frênes,24
2345896,11:14:00,11:14:10,stop_point:SP_2247,Claire Fontaine,25
2345896,11:14:00,11:14:10,stop_point:SP_4000,Ecole Récébédou,26
2345896,11:15:00,11:15:10,stop_point:SP_4916,Ctre Cial Portet - Entrée 5,27
2345896,11:16:00,11:16:10,stop_point:SP_2008,Palanques,28
2345896,11:17:00,11:17:10,stop_point:SP_741,Ctre Cial Portet - Entrée 1,29
2345896,11:18:00,11:18:10,stop_point:SP_311,Bd de l'Europe,30
2345896,11:19:00,11:19:10,stop_point:SP_2882,Stade,31
2345896,11:20:00,11:20:10,stop_point:SP_3831,Occitanie,32
2345896,11:21:00,11:21:10,stop_point:SP_1947,Commerce,33
2345896,11:22:00,11:22:10,stop_point:SP_1897,Bosquets,34
2345896,11:24:00,11:24:10,stop_point:SP_4522,Jean Jaurès,35
2345896,11:26:00,11:26:10,stop_point:SP_4521,Portet Gare SNCF,36
2345897,11:01:00,11:01:10,stop_point:SP_461,Empalot,1
2345897,11:03:00,11:03:10,stop_point:SP_5378,Passerelle A. Conti,2
2345897,11:03:00,11:03:10,stop_point:SP_3506,Daste,3
2345897,11:04:00,11:04:10,stop_point:SP_806,Stadium Est,4
2345897,11:05:00,11:05:10,stop_point:SP_1012,Stadium Ouest,5
2345897,11:06:00,11:06:10,stop_point:SP_3759,Croix de Pierre,6
2345897,11:07:00,11:07:10,stop_point:SP_3915,Roc,7
2345897,11:08:00,11:08:10,stop_point:SP_3822,Barrière de Muret,8
2345897,11:09:00,11:09:10,stop_point:SP_3148,Penent,9
2345897,11:11:00,11:11:10,stop_point:SP_519,Gallieni,10
2345897,11:12:00,11:12:10,stop_point:SP_1436,Langlade,11
2345897,11:13:00,11:13:10,stop_point:SP_3779,Rond-Point Langlade,12
2345897,11:14:00,11:14:10,stop_point:SP_3025,Gironis - Mémorial AZF,13
2345897,11:15:00,11:15:10,stop_point:SP_931,Marchant,14
2345897,11:16:00,11:16:10,stop_point:SP_2330,Hubert Curien,15
2345897,11:17:00,11:17:10,stop_point:SP_324,Maison Commune,16
2345897,11:18:00,11:18:10,stop_point:SP_2491,Oncopole Courrière,17
2345897,11:19:00,11:19:10,stop_point:SP_5097,Oncopole - Lise Enjalbert,18
2345897,11:19:00,11:19:10,stop_point:SP_3604,IUC,19
2345897,11:20:00,11:20:10,stop_point:SP_3185,Route d'Espagne,20
2345897,11:21:00,11:21:10,stop_point:SP_4907,Joulin,21
2345897,11:22:00,11:22:10,stop_point:SP_3258,Larrieu,22
2345897,11:24:00,11:24:10,stop_point:SP_265,Clairfont,23
2345897,11:25:00,11:25:10,stop_point:SP_1374,Frênes,24
2345897,11:26:00,11:26:10,stop_point:SP_2247,Claire Fontaine,25
2345897,11:26:00,11:26:10,stop_point:SP_4000,Ecole Récébédou,26
2345897,11:27:00,11:27:10,stop_point:SP_4916,Ctre Cial Portet - Entrée 5,27
2345897,11:28:00,11:28:10,stop_point:SP_2008,Palanques,28
2345897,11:29:00,11:29:10,stop_point:SP_741,Ctre Cial Portet - Entrée 1,29
2345897,11:30:00,11:30:10,stop_point:SP_311,Bd de l'Europe,30
2345897,11:31:00,11:31:10,stop_point:SP_2882,Stade,31
2345897,11:32:00,11:32:10,stop_point:SP_3831,Occitanie,32
2345897,11:33:00,11:33:10,stop_point:SP_1947,Commerce,33
2345897,11:34:00,11:34:10,stop_point:SP_1897,Bosquets,34
2345897,11:36:00,11:36:10,stop_point:SP_4522,Jean Jaurès,35
2345897,11:38:00,11:38:10,stop_point:SP_4521,Portet Gare SNCF,36
2345898,11:12:00,11:12:10,stop_point:SP_461,Empalot,1
2345898,11:14:00,11:14:10,stop_point:SP_5378,Passerelle A. Conti,2
2345898,11:14:00,11:14:10,stop_point:SP_3506,Daste,3
2345898,11:15:00,11:15:10,stop_point:SP_806,Stadium Est,4
2345898,11:16:00,11:16:10,stop_point:SP_1012,Stadium Ouest,5
2345898,11:17:00,11:17:10,stop_point:SP_3759,Croix de Pierre,6
2345898,11:18:00,11:18:10,stop_point:SP_3915,Roc,7
2345898,11:19:00,11:19:10,stop_point:SP_3822,Barrière de Muret,8
2345898,11:20:00,11:20:10,stop_point:SP_3148,Penent,9
2345898,11:22:00,11:22:10,stop_point:SP_519,Gallieni,10
2345898,11:23:00,11:23:10,stop_point:SP_1436,Langlade,11
2345898,11:24:00,11:24:10,stop_point:SP_3779,Rond-Point Langlade,12
2345898,11:25:00,11:25:10,stop_point:SP_3025,Gironis - Mémorial AZF,13
2345898,11:26:00,11:26:10,stop_point:SP_931,Marchant,14
2345898,11:27:00,11:27:10,stop_point:SP_2330,Hubert Curien,15
2345898,11:28:00,11:28:10,stop_point:SP_324,Maison Commune,16
2345898,11:29:00,11:29:10,stop_point:SP_2491,Oncopole Courrière,17
2345898,11:30:00,11:30:10,stop_point:SP_5097,Oncopole - Lise Enjalbert,18
2345898,11:30:00,11:30:10,stop_point:SP_3604,IUC,19
2345898,11:31:00,11:31:10,stop_point:SP_3185,Route d'Espagne,20
2345898,11:32:00,11:32:10,stop_point:SP_4907,Joulin,21
2345898,11:33:00,11:33:10,stop_point:SP_3258,Larrieu,22
2345898,11:35:00,11:35:10,stop_point:SP_265,Clairfont,23
2345898,11:36:00,11:36:10,stop_point:SP_1374,Frênes,24
2345898,11:37:00,11:37:10,stop_point:SP_2247,Claire Fontaine,25
2345898,11:37:00,11:37:10,stop_point:SP_4000,Ecole Récébédou,26
2345898,11:38:00,11:38:10,stop_point:SP_4916,Ctre Cial Portet - Entrée 5,27
2345898,11:39:00,11:39:10,stop_point:SP_2008,Palanques,28
2345898,11:40:00,11:40:10,stop_point:SP_741,Ctre Cial Portet - Entrée 1,29
2345898,11:41:00,11:41:10,stop_point:SP_311,Bd de l'Europe,30
2345898,11:42:00,11:42:10,stop_point:SP_2882,Stade,31
2345898,11:43:00,11:43:10,stop_point:SP_3831,Occitanie,32
2345898,11:44:00,11:44:10,stop_point:SP_1947,Commerce,33
2345898,11:45:00,11:45:10,stop_point:SP_1897,Bosquets,34
2345898,11:47:00,11:47:10,stop_point:SP_4522,Jean Jaurès,35
2345898,11:49:00,11:49:10,stop_point:SP_4521,Portet Gare SNCF,36
2345899,11:23:00,11:23:10,stop_point:SP_461,Empalot,1
2345899,11:25:00,11:25:10,stop_point:SP_5378,Passerelle A. Conti,2
2345899,11:25:00,11:25:10,stop_point:SP_3506,Daste,3
2345899,11:26:00,11:26:10,stop_point:SP_806,Stadium Est,4
2345899,11:27:00,11:27:10,stop_point:SP_1012,Stadium Ouest,5
2345899,11:28:00,11:28:10,stop_point:SP_3759,Croix de Pierre,6
2345899,11:29:00,11:29:10,stop_point:SP_3915,Roc,7
2345899,11:30:00,11:30:10,stop_point:SP_3822,Barrière de Muret,8
2345899,11:31:00,11:31:10,stop_point:SP_3148,Penent,9
2345899,11:33:00,11:33:10,stop_point:SP_519,Gallieni,10
2345899,11:34:00,11:34:10,stop_point:SP_1436,Langlade,11
2345899,11:35:00,11:35:10,stop_point:SP_3779,Rond-Point Langlade,12
2345899,11:36:00,11:36:10,stop_point:SP_3025,Gironis - Mémorial AZF,13
2345899,11:37:00,11:37:10,stop_point:SP_931,Marchant,14
2345899,11:38:00,11:38:10,stop_point:SP_2330,Hubert Curien,15
2345899,11:39:00,11:39:10,stop_point:SP_324,Maison Commune,16
2345899,11:40:00,11:40:10,stop_point:SP_2491,Oncopole Courrière,17
2345899,11:41:00,11:41:10,stop_point:SP_5097,Oncopole - Lise Enjalbert,18
2345899,11:41:00,11:41:10,stop_point:SP_3604,IUC,19
2345899,11:42:00,11:42:10,stop_point:SP_3185,Route d'Espagne,20
2345899,11:43:00,11:43:10,stop_point:SP_4907,Joulin,21
2345899,11:44:00,11:44:10,stop_point:SP_3258,Larrieu,22
2345899,11:46:00,11:46:10,stop_point:SP_265,Clairfont,23
2345899,11:47:00,11:47:10,stop_point:SP_1374,Frênes,24
2345899,11:48:00,11:48:10,stop_point:SP_2247,Claire Fontaine,25
2345899,11:48:00,11:48:10,stop_point:SP_4000,Ecole Récébédou,26
2345899,11:49:00,11:49:10,stop_point:SP_4916,Ctre Cial Portet - Entrée 5,27
2345899,11:50:00,11:50:10,stop_point:SP_2008,Palanques,28
2345899,11:51:00,11:51:10,stop_point:SP_741,Ctre Cial Portet - Entrée 1,29
2345899,11:52:00,11:52:10,stop_point:SP_311,Bd de l'Europe,30
2345899,11:53:00,11:53:10,stop_point:SP_2882,Stade,31
2345899,11:54:00,11:54:10,stop_point:SP_3831,Occitanie,32
2345899,11:55:00,11:55:10,stop_point:SP_1947,Commerce,33
2345899,11:56:00,11:56:10,stop_point:SP_1897,Bosquets,34
2345899,11:58:00,11:58:10,stop_point:SP_4522,Jean Jaurès,35
2345899,12:00:00,12:00:10,stop_point:SP_4521,Portet Gare SNCF,36
2345900,11:34:00,11:34:10,stop_point:SP_461,Empalot,1
2345900,11:36:00,11:36:10,stop_point:SP_5378,Passerelle A. Conti,2
2345900,11:36:00,11:36:10,stop_point:SP_3506,Daste,3
2345900,11:37:00,11:37:10,stop_point:SP_806,Stadium Est,4
2345900,11:38:00,11:38:10,stop_point:SP_1012,Stadium Ouest,5
2345900,11:39:00,11:39:10,stop_point:SP_3759,Croix de Pierre,6
2345900,11:40:00,11:40:10,stop_point:SP_3915,Roc,7
2345900,11:41:00,11:41:10,stop_point:SP_3822,Barrière de Muret,8
2345900,11:42:00,11:42:10,stop_point:SP_3148,Penent,9
2345900,11:44:00,11:44:10,stop_point:SP_519,Gallieni,10
2345900,11:45:00,11:45:10,stop_point:SP_1436,Langlade,11
2345900,11:46:00,11:46:10,stop_point:SP_3779,Rond-Point Langlade,12
2345900,11:47:00,11:47:10,stop_point:SP_3025,Gironis - Mémorial AZF,13
2345900,11:48:00,11:48:10,stop_point:SP_931,Marchant,14
2345900,11:49:00,11:49:10,stop_point:SP_2330,Hubert Curien,15
2345900,11:50:00,11:50:10,stop_point:SP_324,Maison Commune,16
2345900,11:51:00,11:51:10,stop_point:SP_2491,Oncopole Courrière,17
2345900,11:52:00,11:52:10,stop_point:SP_5097,Oncopole - Lise Enjalbert,18
2345900,11:52:00,11:52:10,stop_point:SP_3604,IUC,19
2345900,11:53:00,11:53:10,stop_point:SP_3185,Route d'Espagne,20
2345900,11:54:00,11:54:10,stop_point:SP_4907,Joulin,21
2345900,11:55:00,11:55:10,stop_point:SP_3258,Larrieu,22
2345900,11:57:00,11:57:10,stop_point:SP_265,Clairfont,23
2345900,11:58:00,11:58:10,stop_point:SP_1374,Frênes,24
2345900,11:59:00,11:59:10,stop_point:SP_2247,Claire Fontaine,25
2345900,11:59:00,11:59:10,stop_point:SP_4000,Ecole Récébédou,26
2345900,12:00:00,12:00:10,stop_point:SP_4916,Ctre Cial Portet - Entrée 5,27
2345900,12:01:00,12:01:10,stop_point:SP_2008,Palanques,28
2345900,12:02:00,12:02:10,stop_point:SP_741,Ctre Cial Portet - Entrée 1,29
2345900,12:03:00,12:03:10,stop_point:SP_311,Bd de l'Europe,30
2345900,12:04:00,12:04:10,stop_point:SP_2882,Stade,31
2345900,12:05:00,12:05:10,stop_point:SP_3831,Occitanie,32
2345900,12:06:00,12:06:10,stop_point:SP_1947,Commerce,33
2345900,12:07:00,12:07:10,stop_point:SP_1897,Bosquets,34
2345900,12:09:00,12:09:10,stop_point:SP_4522,Jean Jaurès,35
2345900,12:11:00,12:11:10,stop_point:SP_4521,Portet Gare SNCF,36
2345901,11:45:00,11:45:10,stop_point:SP_461,Empalot,1
2345901,11:47:00,11:47:10,stop_point:SP_5378,Passerelle A. Conti,2
2345901,11:47:00,11:47:10,stop_point:SP_3506,Daste,3
2345901,11:48:00,11:48:10,stop_point:SP_806,Stadium Est,4
2345901,11:49:00,11:49:10,stop_point:SP_1012,Stadium Ouest,5
2345901,11:50:00,11:50:10,stop_point:SP_3759,Croix de Pierre,6
2345901,11:51:00,11:51:10,stop_point:SP_3915,Roc,7
2345901,11:52:00,11:52:10,stop_point:SP_3822,Barrière de Muret,8
2345901,11:53:00,11:53:10,stop_point:SP_3148,Penent,9
2345901,11:55:00,11:55:10,stop_point:SP_519,Gallieni,10
2345901,11:56:00,11:56:10,stop_point:SP_1436,Langlade,11
2345901,11:57:00,11:57:10,stop_point:SP_3779,Rond-Point Langlade,12
2345901,11:58:00,11:58:10,stop_point:SP_3025,Gironis - Mémorial AZF,13
2345901,11:59:00,11:59:10,stop_point:SP_931,Marchant,14
2345901,12:00:00,12:00:10,stop_point:SP_2330,Hubert Curien,15
2345901,12:01:00,12:01:10,stop_point:SP_324,Maison Commune,16
2345901,12:02:00,12:02:10,stop_point:SP_2491,Oncopole Courrière,17
2345901,12:03:00,12:03:10,stop_point:SP_5097,Oncopole - Lise Enjalbert,18
2345901,12:03:00,12:03:10,stop_point:SP_3604,IUC,19
2345901,12:04:00,12:04:10,stop_point:SP_3185,Route d'Espagne,20
2345901,12:05:00,12:05:10,stop_point:SP_4907,Joulin,21
2345901,12:06:00,12:06:10,stop_point:SP_3258,Larrieu,22
2345901,12:08:00,12:08:10,stop_point:SP_265,Clairfont,23
2345901,12:09:00,12:09:10,stop_point:SP_1374,Frênes,24
2345901,12:10:00,12:10:10,stop_point:SP_2247,Claire Fontaine,25
2345901,12:10:00,12:10:10,stop_point:SP_4000,Ecole Récébédou,26
2345901,12:11:00,12:11:10,stop_point:SP_4916,Ctre Cial Portet - Entrée 5,27
2345901,12:12:00,12:12:10,stop_point:SP_2008,Palanques,28
2345901,12:13:00,12:13:10,stop_point:SP_741,Ctre Cial Portet - Entrée 1,29
2345901,12:14:00,12:14:10,stop_point:SP_311,Bd de l'Europe,30
2345901,12:15:00,12:15:10,stop_point:SP_2882,Stade,31
2345901,12:16:00,12:16:10,stop_point:SP_3831,Occitanie,32
2345901,12:17:00,12:17:10,stop_point:SP_1947,Commerce,33
2345901,12:18:00,12:18:10,stop_point:SP_1897,Bosquets,34
2345901,12:20:00,12:20:10,stop_point:SP_4522,Jean Jaurès,35
2345901,12:22:00,12:22:10,stop_point:SP_4521,Portet Gare SNCF,36
2345902,11:56:00,11:56:10,stop_point:SP_461,Empalot,1
2345902,11:58:00,11:58:10,stop_point:SP_5378,Passerelle A. Conti,2
2345902,11:58:00,11:58:10,stop_point:SP_3506,Daste,3
2345902,11:59:00,11:59:10,stop_point:SP_806,Stadium Est,4
2345902,12:00:00,12:00:10,stop_point:SP_1012,Stadium Ouest,5
2345902,12:01:00,12:01:10,stop_point:SP_3759,Croix de Pierre,6
2345902,12:02:00,12:02:10,stop_point:SP_3915,Roc,7
2345902,12:03:00,12:03:10,stop_point:SP_3822,Barrière de Muret,8
2345902,12:04:00,12:04:10,stop_point:SP_3148,Penent,9
2345902,12:06:00,12:06:10,stop_point:SP_519,Gallieni,10
2345902,12:07:00,12:07:10,stop_point:SP_1436,Langlade,11
2345902,12:08:00,12:08:10,stop_point:SP_3779,Rond-Point Langlade,12
2345902,12:09:00,12:09:10,stop_point:SP_3025,Gironis - Mémorial AZF,13
2345902,12:10:00,12:10:10,stop_point:SP_931,Marchant,14
2345902,12:11:00,12:11:10,stop_point:SP_2330,Hubert Curien,15
2345902,12:12:00,12:12:10,stop_point:SP_324,Maison Commune,16
2345902,12:13:00,12:13:10,stop_point:SP_2491,Oncopole Courrière,17
2345902,12:14:00,12:14:10,stop_point:SP_5097,Oncopole - Lise Enjalbert,18
2345902,12:14:00,12:14:10,stop_point:SP_3604,IUC,19
2345902,12:15:00,12:15:10,stop_point:SP_3185,Route d'Espagne,20
2345902,12:16:00,12:16:10,stop_point:SP_4907,Joulin,21
2345902,12:17:00,12:17:10,stop_point:SP_3258,Larrieu,22
2345902,12:19:00,12:19:10,stop_point:SP_265,Clairfont,23
2345902,12:20:00,12:20:10,stop_point:SP_1374,Frênes,24
2345902,12:21:00,12:21:10,stop_point:SP_2247,Claire Fontaine,25
2345902,12:21:00,12:21:10,stop_point:SP_4000,Ecole Récébédou,26
2345902,12:22:00,12:22:10,stop_point:SP_4916,Ctre Cial Portet - Entrée 5,27
2345902,12:23:00,12:23:10,stop_point:SP_2008,Palanques,28
2345902,12:24:00,12:24:10,stop_point:SP_741,Ctre Cial Portet - Entrée 1,29
2345902,12:25:00,12:25:10,stop_point:SP_311,Bd de l'Europe,30
2345902,12:26:00,12:26:10,stop_point:SP_2882,Stade,31
2345902,12:27:00,12:27:10,stop_point:SP_3831,Occitanie,32
2345902,12:28:00,12:28:10,stop_point:SP_1947,Commerce,33
2345902,12:29:00,12:29:10,stop_point:SP_1897,Bosquets,34
2345902,12:31:00,12:31:10,stop_point:SP_4522,Jean Jaurès,35
2345902,12:33:00,12:33:10,stop_point:SP_4521,Portet Gare SNCF,36
2345903,12:07:00,12:07:10,stop_point:SP_461,Empalot,1
2345903,12:09:00,12:09:10,stop_point:SP_5378,Passerelle A. Conti,2
2345903,12:09:00,12:09:10,stop_point:SP_3506,Daste,3
2345903,12:10:00,12:10:10,stop_point:SP_806,Stadium Est,4
2345903,12:11:00,12:11:10,stop_point:SP_1012,Stadium Ouest,5
2345903,12:12:00,12:12:10,stop_point:SP_3759,Croix de Pierre,6
2345903,12:13:00,12:13:10,stop_point:SP_3915,Roc,7
2345903,12:14:00,12:14:10,stop_point:SP_3822,Barrière de Muret,8
2345903,12:15:00,12:15:10,stop_point:SP_3148,Penent,9
2345903,12:17:00,12:17:10,stop_point:SP_519,Gallieni,10
2345903,12:18:00,12:18:10,stop_point:SP_1436,Langlade,11
2345903,12:19:00,12:19:10,stop_point:SP_3779,Rond-Point Langlade,12
2345903,12:20:00,12:20:10,stop_point:SP_3025,Gironis - Mémorial AZF,13
2345903,12:21:00,12:21:10,stop_point:SP_931,Marchant,14
2345903,12:22:00,12:22:10,stop_point:SP_2330,Hubert Curien,15
2345903,12:23:00,12:23:10,stop_point:SP_324,Maison Commune,16
2345903,12:24:00,12:24:10,stop_point:SP_2491,Oncopole Courrière,17
2345903,12:25:00,12:25:10,stop_point:SP_5097,Oncopole - Lise Enjalbert,18
2345903,12:25:00,12:25:10,stop_point:SP_3604,IUC,19
2345903,12:26:00,12:26:10,stop_point:SP_3185,Route d'Espagne,20
2345903,12:27:00,12:27:10,stop_point:SP_4907,Joulin,21
2345903,12:28:00,12:28:10,stop_point:SP_3258,Larrieu,22
2345903,12:30:00,12:30:10,stop_point:SP_265,Clairfont,23
2345903,12:31:00,12:31:10,stop_point:SP_1374,Frênes,24
2345903,12:32:00,12:32:10,stop_point:SP_2247,Claire Fontaine,25
2345903,12:32:00,12:32:10,stop_point:SP_4000,Ecole Récébédou,26
2345903,12:33:00,12:33:10,stop_point:SP_4916,Ctre Cial Portet - Entrée 5,27
2345903,12:34:00,12:34:10,stop_point:SP_2008,Palanques,28
2345903,12:35:00,12:35:10,stop_point:SP_741,Ctre Cial Portet - Entrée 1,29
2345903,12:36:00,12:36:10,stop_point:SP_311,Bd de l'Europe,30
2345903,12:37:00,12:37:10,stop_point:SP_2882,Stade,31
2345903,12:38:00,12:38:10,stop_point:SP_3831,Occitanie,32
2345903,12:39:00,12:39:10,stop_point:SP_1947,Commerce,33
2345903,12:40:00,12:40:10,stop_point:SP_1897,Bosquets,34
2345903,12:42:00,12:42:10,stop_point:SP_4522,Jean Jaurès,35
2345903,12:44:00,12:44:10,stop_point:SP_4521,Portet Gare SNCF,36
2345904,12:19:00,12:19:10,stop_point:SP_461,Empalot,1
2345904,12:21:00,12:21:10,stop_point:SP_5378,Passerelle A. Conti,2
2345904,12:21:00,12:21:10,stop_point:SP_3506,Daste,3
2345904,12:22:00,12:22:10,stop_point:SP_806,Stadium Est,4
2345904,12:23:00,12:23:10,stop_point:SP_1012,Stadium Ouest,5
2345904,12:24:00,12:24:10,stop_point:SP_3759,Croix de Pierre,6
2345904,12:25:00,12:25:10,stop_point:SP_3915,Roc,7
2345904,12:26:00,12:26:10,stop_point:SP_3822,Barrière de Muret,8
2345904,12:27:00,12:27:10,stop_point:SP_3148,Penent,9
2345904,12:29:00,12:29:10,stop_point:SP_519,Gallieni,10
2345904,12:30:00,12:30:10,stop_point:SP_1436,Langlade,11
2345904,12:31:00,12:31:10,stop_point:SP_3779,Rond-Point Langlade,12
2345904,12:32:00,12:32:10,stop_point:SP_3025,Gironis - Mémorial AZF,13
2345904,12:33:00,12:33:10,stop_point:SP_931,Marchant,14
2345904,12:34:00,12:34:10,stop_point:SP_2330,Hubert Curien,15
2345904,12:35:00,12:35:10,stop_point:SP_324,Maison Commune,16
2345904,12:36:00,12:36:10,stop_point:SP_2491,Oncopole Courrière,17
2345904,12:37:00,12:37:10,stop_point:SP_5097,Oncopole - Lise Enjalbert,18
2345904,12:37:00,12:37:10,stop_point:SP_3604,IUC,19
2345904,12:38:00,12:38:10,stop_point:SP_3185,Route d'Espagne,20
2345904,12:39:00,12:39:10,stop_point:SP_4907,Joulin,21
2345904,12:40:00,12:40:10,stop_point:SP_3258,Larrieu,22
2345904,12:42:00,12:42:10,stop_point:SP_265,Clairfont,23
2345904,12:43:00,12:43:10,stop_point:SP_1374,Frênes,24
2345904,12:44:00,12:44:10,stop_point:SP_2247,Claire Fontaine,25
2345904,12:44:00,12:44:10,stop_point:SP_4000,Ecole Récébédou,26
2345904,12:45:00,12:45:10,stop_point:SP_4916,Ctre Cial Portet - Entrée 5,27
2345904,12:46:00,12:46:10,stop_point:SP_2008,Palanques,28
2345904,12:47:00,12:47:10,stop_point:SP_741,Ctre Cial Portet - Entrée 1,29
2345904,12:48:00,12:48:10,stop_point:SP_311,Bd de l'Europe,30
2345904,12:49:00,12:49:10,stop_point:SP_2882,Stade,31
2345904,12:50:00,12:50:10,stop_point:SP_3831,Occitanie,32
2345904,12:51:00,12:51:10,stop_point:SP_1947,Commerce,33
2345904,12:52:00,12:52:10,stop_point:SP_1897,Bosquets,34
2345904,12:54:00,12:54:10,stop_point:SP_4522,Jean Jaurès,35
2345904,12:56:00,12:56:10,stop_point:SP_4521,Portet Gare SNCF,36
2345905,12:31:00,12:31:10,stop_point:SP_461,Empalot,1
2345905,12:33:00,12:33:10,stop_point:SP_5378,Passerelle A. Conti,2
2345905,12:33:00,12:33:10,stop_point:SP_3506,Daste,3
2345905,12:34:00,12:34:10,stop_point:SP_806,Stadium Est,4
2345905,12:35:00,12:35:10,stop_point:SP_1012,Stadium Ouest,5
2345905,12:36:00,12:36:10,stop_point:SP_3759,Croix de Pierre,6
2345905,12:37:00,12:37:10,stop_point:SP_3915,Roc,7
2345905,12:38:00,12:38:10,stop_point:SP_3822,Barrière de Muret,8
2345905,12:39:00,12:39:10,stop_point:SP_3148,Penent,9
2345905,12:41:00,12:41:10,stop_point:SP_519,Gallieni,10
2345905,12:42:00,12:42:10,stop_point:SP_1436,Langlade,11
2345905,12:43:00,12:43:10,stop_point:SP_3779,Rond-Point Langlade,12
2345905,12:44:00,12:44:10,stop_point:SP_3025,Gironis - Mémorial AZF,13
2345905,12:45:00,12:45:10,stop_point:SP_931,Marchant,14
2345905,12:46:00,12:46:10,stop_point:SP_2330,Hubert Curien,15
2345905,12:47:00,12:47:10,stop_point:SP_324,Maison Commune,16
2345905,12:48:00,12:48:10,stop_point:SP_2491,Oncopole Courrière,17
2345905,12:49:00,12:49:10,stop_point:SP_5097,Oncopole - Lise Enjalbert,18
2345905,12:49:00,12:49:10,stop_point:SP_3604,IUC,19
2345905,12:50:00,12:50:10,stop_point:SP_3185,Route d'Espagne,20
2345905,12:51:00,12:51:10,stop_point:SP_4907,Joulin,21
2345905,12:52:00,12:52:10,stop_point:SP_3258,Larrieu,22
2345905,12:54:00,12:54:10,stop_point:SP_265,Clairfont,23
2345905,12:55:00,12:55:10,stop_point:SP_1374,Frênes,24
2345905,12:56:00,12:56:10,stop_point:SP_2247,Claire Fontaine,25
2345905,12:56:00,12:56:10,stop_point:SP_4000,Ecole Récébédou,26
2345905,12:57:00,12:57:10,stop_point:SP_4916,Ctre Cial Portet - Entrée 5,27
2345905,12:58:00,12:58:10,stop_point:SP_2008,Palanques,28
2345905,12:59:00,12:59:10,stop_point:SP_741,Ctre Cial Portet - Entrée 1,29
2345905,13:00:00,13:00:10,stop_point:SP_311,Bd de l'Europe,30
2345905,13:01:00,13:01:10,stop_point:SP_2882,Stade,31
2345905,13:02:00,13:02:10,stop_point:SP_3831,Occitanie,32
2345905,13:03:00,13:03:10,stop_point:SP_1947,Commerce,33
2345905,13:04:00,13:04:10,stop_point:SP_1897,Bosquets,34
2345905,13:06:00,13:06:10,stop_point:SP_4522,Jean Jaurès,35
2345905,13:08:00,13:08:10,stop_point:SP_4521,Portet Gare SNCF,36
2345906,12:43:00,12:43:10,stop_point:SP_461,Empalot,1
2345906,12:45:00,12:45:10,stop_point:SP_5378,Passerelle A. Conti,2
2345906,12:45:00,12:45:10,stop_point:SP_3506,Daste,3
2345906,12:46:00,12:46:10,stop_point:SP_806,Stadium Est,4
2345906,12:47:00,12:47:10,stop_point:SP_1012,Stadium Ouest,5
2345906,12:48:00,12:48:10,stop_point:SP_3759,Croix de Pierre,6
2345906,12:49:00,12:49:10,stop_point:SP_3915,Roc,7
2345906,12:50:00,12:50:10,stop_point:SP_3822,Barrière de Muret,8
2345906,12:51:00,12:51:10,stop_point:SP_3148,Penent,9
2345906,12:53:00,12:53:10,stop_point:SP_519,Gallieni,10
2345906,12:54:00,12:54:10,stop_point:SP_1436,Langlade,11
2345906,12:55:00,12:55:10,stop_point:SP_3779,Rond-Point Langlade,12
2345906,12:56:00,12:56:10,stop_point:SP_3025,Gironis - Mémorial AZF,13
2345906,12:57:00,12:57:10,stop_point:SP_931,Marchant,14
2345906,12:58:00,12:58:10,stop_point:SP_2330,Hubert Curien,15
2345906,12:59:00,12:59:10,stop_point:SP_324,Maison Commune,16
2345906,13:00:00,13:00:10,stop_point:SP_2491,Oncopole Courrière,17
2345906,13:01:00,13:01:10,stop_point:SP_5097,Oncopole - Lise Enjalbert,18
2345906,13:01:00,13:01:10,stop_point:SP_3604,IUC,19
2345906,13:02:00,13:02:10,stop_point:SP_3185,Route d'Espagne,20
2345906,13:03:00,13:03:10,stop_point:SP_4907,Joulin,21
2345906,13:04:00,13:04:10,stop_point:SP_3258,Larrieu,22
2345906,13:06:00,13:06:10,stop_point:SP_265,Clairfont,23
2345906,13:07:00,13:07:10,stop_point:SP_1374,Frênes,24
2345906,13:08:00,13:08:10,stop_point:SP_2247,Claire Fontaine,25
2345906,13:08:00,13:08:10,stop_point:SP_4000,Ecole Récébédou,26
2345906,13:09:00,13:09:10,stop_point:SP_4916,Ctre Cial Portet - Entrée 5,27
2345906,13:10:00,13:10:10,stop_point:SP_2008,Palanques,28
2345906,13:11:00,13:11:10,stop_point:SP_741,Ctre Cial Portet - Entrée 1,29
2345906,13:12:00,13:12:10,stop_point:SP_311,Bd de l'Europe,30
2345906,13:13:00,13:13:10,stop_point:SP_2882,Stade,31
2345906,13:14:00,13:14:10,stop_point:SP_3831,Occitanie,32
2345906,13:15:00,13:15:10,stop_point:SP_1947,Commerce,33
2345906,13:16:00,13:16:10,stop_point:SP_1897,Bosquets,34
2345906,13:18:00,13:18:10,stop_point:SP_4522,Jean Jaurès,35
2345906,13:20:00,13:20:10,stop_point:SP_4521,Portet Gare SNCF,36
2345907,12:55:00,12:55:10,stop_point:SP_461,Empalot,1
2345907,12:57:00,12:57:10,stop_point:SP_5378,Passerelle A. Conti,2
2345907,12:57:00,12:57:10,stop_point:SP_3506,Daste,3
2345907,12:58:00,12:58:10,stop_point:SP_806,Stadium Est,4
2345907,12:59:00,12:59:10,stop_point:SP_1012,Stadium Ouest,5
2345907,13:00:00,13:00:10,stop_point:SP_3759,Croix de Pierre,6
2345907,13:01:00,13:01:10,stop_point:SP_3915,Roc,7
2345907,13:02:00,13:02:10,stop_point:SP_3822,Barrière de Muret,8
2345907,13:03:00,13:03:10,stop_point:SP_3148,Penent,9
2345907,13:05:00,13:05:10,stop_point:SP_519,Gallieni,10
2345907,13:06:00,13:06:10,stop_point:SP_1436,Langlade,11
2345907,13:07:00,13:07:10,stop_point:SP_3779,Rond-Point Langlade,12
2345907,13:08:00,13:08:10,stop_point:SP_3025,Gironis - Mémorial AZF,13
2345907,13:09:00,13:09:10,stop_point:SP_931,Marchant,14
2345907,13:10:00,13:10:10,stop_point:SP_2330,Hubert Curien,15
2345907,13:11:00,13:11:10,stop_point:SP_324,Maison Commune,16
2345907,13:12:00,13:12:10,stop_point:SP_2491,Oncopole Courrière,17
2345907,13:13:00,13:13:10,stop_point:SP_5097,Oncopole - Lise Enjalbert,18
2345907,13:13:00,13:13:10,stop_point:SP_3604,IUC,19
2345907,13:14:00,13:14:10,stop_point:SP_3185,Route d'Espagne,20
2345907,13:15:00,13:15:10,stop_point:SP_4907,Joulin,21
2345907,13:16:00,13:16:10,stop_point:SP_3258,Larrieu,22
2345907,13:18:00,13:18:10,stop_point:SP_265,Clairfont,23
2345907,13:19:00,13:19:10,stop_point:SP_1374,Frênes,24
2345907,13:20:00,13:20:10,stop_point:SP_2247,Claire Fontaine,25
2345907,13:20:00,13:20:10,stop_point:SP_4000,Ecole Récébédou,26
2345907,13:21:00,13:21:10,stop_point:SP_4916,Ctre Cial Portet - Entrée 5,27
2345907,13:22:00,13:22:10,stop_point:SP_2008,Palanques,28
2345907,13:23:00,13:23:10,stop_point:SP_741,Ctre Cial Portet - Entrée 1,29
2345907,13:24:00,13:24:10,stop_point:SP_311,Bd de l'Europe,30
2345907,13:25:00,13:25:10,stop_point:SP_2882,Stade,31
2345907,13:26:00,13:26:10,stop_point:SP_3831,Occitanie,32
2345907,13:27:00,13:27:10,stop_point:SP_1947,Commerce,33
2345907,13:28:00,13:28:10,stop_point:SP_1897,Bosquets,34
2345907,13:30:00,13:30:10,stop_point:SP_4522,Jean Jaurès,35
2345907,13:32:00,13:32:10,stop_point:SP_4521,Portet Gare SNCF,36
2345908,13:07:00,13:07:10,stop_point:SP_461,Empalot,1
2345908,13:09:00,13:09:10,stop_point:SP_5378,Passerelle A. Conti,2
2345908,13:09:00,13:09:10,stop_point:SP_3506,Daste,3
2345908,13:10:00,13:10:10,stop_point:SP_806,Stadium Est,4
2345908,13:11:00,13:11:10,stop_point:SP_1012,Stadium Ouest,5
2345908,13:12:00,13:12:10,stop_point:SP_3759,Croix de Pierre,6
2345908,13:13:00,13:13:10,stop_point:SP_3915,Roc,7
2345908,13:14:00,13:14:10,stop_point:SP_3822,Barrière de Muret,8
2345908,13:15:00,13:15:10,stop_point:SP_3148,Penent,9
2345908,13:17:00,13:17:10,stop_point:SP_519,Gallieni,10
2345908,13:18:00,13:18:10,stop_point:SP_1436,Langlade,11
2345908,13:19:00,13:19:10,stop_point:SP_3779,Rond-Point Langlade,12
2345908,13:20:00,13:20:10,stop_point:SP_3025,Gironis - Mémorial AZF,13
2345908,13:21:00,13:21:10,stop_point:SP_931,Marchant,14
2345908,13:22:00,13:22:10,stop_point:SP_2330,Hubert Curien,15
2345908,13:23:00,13:23:10,stop_point:SP_324,Maison Commune,16
2345908,13:24:00,13:24:10,stop_point:SP_2491,Oncopole Courrière,17
2345908,13:25:00,13:25:10,stop_point:SP_5097,Oncopole - Lise Enjalbert,18
2345908,13:25:00,13:25:10,stop_point:SP_3604,IUC,19
2345908,13:26:00,13:26:10,stop_point:SP_3185,Route d'Espagne,20
2345908,13:27:00,13:27:10,stop_point:SP_4907,Joulin,21
2345908,13:28:00,13:28:10,stop_point:SP_3258,Larrieu,22
2345908,13:30:00,13:30:10,stop_point:SP_265,Clairfont,23
2345908,13:31:00,13:31:10,stop_point:SP_1374,Frênes,24
2345908,13:32:00,13:32:10,stop_point:SP_2247,Claire Fontaine,25
2345908,13:32:00,13:32:10,stop_point:SP_4000,Ecole Récébédou,26
2345908,13:33:00,13:33:10,stop_point:SP_4916,Ctre Cial Portet - Entrée 5,27
2345908,13:34:00,13:34:10,stop_point:SP_2008,Palanques,28
2345908,13:35:00,13:35:10,stop_point:SP_741,Ctre Cial Portet - Entrée 1,29
2345908,13:36:00,13:36:10,stop_point:SP_311,Bd de l'Europe,30
2345908,13:37:00,13:37:10,stop_point:SP_2882,Stade,31
2345908,13:38:00,13:38:10,stop_point:SP_3831,Occitanie,32
2345908,13:39:00,13:39:10,stop_point:SP_1947,Commerce,33
2345908,13:40:00,13:40:10,stop_point:SP_1897,Bosquets,34
2345908,13:42:00,13:42:10,stop_point:SP_4522,Jean Jaurès,35
2345908,13:44:00,13:44:10,stop_point:SP_4521,Portet Gare SNCF,36
2345909,13:19:00,13:19:10,stop_point:SP_461,Empalot,1
2345909,13:21:00,13:21:10,stop_point:SP_5378,Passerelle A. Conti,2
2345909,13:21:00,13:21:10,stop_point:SP_3506,Daste,3
2345909,13:22:00,13:22:10,stop_point:SP_806,Stadium Est,4
2345909,13:23:00,13:23:10,stop_point:SP_1012,Stadium Ouest,5
2345909,13:24:00,13:24:10,stop_point:SP_3759,Croix de Pierre,6
2345909,13:25:00,13:25:10,stop_point:SP_3915,Roc,7
2345909,13:26:00,13:26:10,stop_point:SP_3822,Barrière de Muret,8
2345909,13:27:00,13:27:10,stop_point:SP_3148,Penent,9
2345909,13:29:00,13:29:10,stop_point:SP_519,Gallieni,10
2345909,13:30:00,13:30:10,stop_point:SP_1436,Langlade,11
2345909,13:31:00,13:31:10,stop_point:SP_3779,Rond-Point Langlade,12
2345909,13:32:00,13:32:10,stop_point:SP_3025,Gironis - Mémorial AZF,13
2345909,13:33:00,13:33:10,stop_point:SP_931,Marchant,14
2345909,13:34:00,13:34:10,stop_point:SP_2330,Hubert Curien,15
2345909,13:35:00,13:35:10,stop_point:SP_324,Maison Commune,16
2345909,13:36:00,13:36:10,stop_point:SP_2491,Oncopole Courrière,17
2345909,13:37:00,13:37:10,stop_point:SP_5097,Oncopole - Lise Enjalbert,18
2345909,13:37:00,13:37:10,stop_point:SP_3604,IUC,19
2345909,13:38:00,13:38:10,stop_point:SP_3185,Route d'Espagne,20
2345909,13:39:00,13:39:10,stop_point:SP_4907,Joulin,21
2345909,13:40:00,13:40:10,stop_point:SP_3258,Larrieu,22
2345909,13:42:00,13:42:10,stop_point:SP_265,Clairfont,23
2345909,13:43:00,13:43:10,stop_point:SP_1374,Frênes,24
2345909,13:44:00,13:44:10,stop_point:SP_2247,Claire Fontaine,25
2345909,13:44:00,13:44:10,stop_point:SP_4000,Ecole Récébédou,26
2345909,13:45:00,13:45:10,stop_point:SP_4916,Ctre Cial Portet - Entrée 5,27
2345909,13:46:00,13:46:10,stop_point:SP_2008,Palanques,28
2345909,13:47:00,13:47:10,stop_point:SP_741,Ctre Cial Portet - Entrée 1,29
2345909,13:48:00,13:48:10,stop_point:SP_311,Bd de l'Europe,30
2345909,13:49:00,13:49:10,stop_point:SP_2882,Stade,31
2345909,13:50:00,13:50:10,stop_point:SP_3831,Occitanie,32
2345909,13:51:00,13:51:10,stop_point:SP_1947,Commerce,33
2345909,13:52:00,13:52:10,stop_point:SP_1897,Bosquets,34
2345909,13:54:00,13:54:10,stop_point:SP_4522,Jean Jaurès,35
2345909,13:56:00,13:56:10,stop_point:SP_4521,Portet Gare SNCF,36
2345910,13:31:00,13:31:10,stop_point:SP_461,Empalot,1
2345910,13:33:00,13:33:10,stop_point:SP_5378,Passerelle A. Conti,2
2345910,13:33:00,13:33:10,stop_point:SP_3506,Daste,3
2345910,13:34:00,13:34:10,stop_point:SP_806,Stadium Est,4
2345910,13:35:00,13:35:10,stop_point:SP_1012,Stadium Ouest,5
2345910,13:36:00,13:36:10,stop_point:SP_3759,Croix de Pierre,6
2345910,13:37:00,13:37:10,stop_point:SP_3915,Roc,7
2345910,13:38:00,13:38:10,stop_point:SP_3822,Barrière de Muret,8
2345910,13:39:00,13:39:10,stop_point:SP_3148,Penent,9
2345910,13:41:00,13:41:10,stop_point:SP_519,Gallieni,10
2345910,13:42:00,13:42:10,stop_point:SP_1436,Langlade,11
2345910,13:43:00,13:43:10,stop_point:SP_3779,Rond-Point Langlade,12
2345910,13:44:00,13:44:10,stop_point:SP_3025,Gironis - Mémorial AZF,13
2345910,13:45:00,13:45:10,stop_point:SP_931,Marchant,14
2345910,13:46:00,13:46:10,stop_point:SP_2330,Hubert Curien,15
2345910,13:47:00,13:47:10,stop_point:SP_324,Maison Commune,16
2345910,13:48:00,13:48:10,stop_point:SP_2491,Oncopole Courrière,17
2345910,13:49:00,13:49:10,stop_point:SP_5097,Oncopole - Lise Enjalbert,18
2345910,13:49:00,13:49:10,stop_point:SP_3604,IUC,19
2345910,13:50:00,13:50:10,stop_point:SP_3185,Route d'Espagne,20
2345910,13:51:00,13:51:10,stop_point:SP_4907,Joulin,21
2345910,13:52:00,13:52:10,stop_point:SP_3258,Larrieu,22
2345910,13:54:00,13:54:10,stop_point:SP_265,Clairfont,23
2345910,13:55:00,13:55:10,stop_point:SP_1374,Frênes,24
2345910,13:56:00,13:56:10,stop_point:SP_2247,Claire Fontaine,25
2345910,13:56:00,13:56:10,stop_point:SP_4000,Ecole Récébédou,26
2345910,13:57:00,13:57:10,stop_point:SP_4916,Ctre Cial Portet - Entrée 5,27
2345910,13:58:00,13:58:10,stop_point:SP_2008,Palanques,28
2345910,13:59:00,13:59:10,stop_point:SP_741,Ctre Cial Portet - Entrée 1,29
2345910,14:00:00,14:00:10,stop_point:SP_311,Bd de l'Europe,30
2345910,14:01:00,14:01:10,stop_point:SP_2882,Stade,31
2345910,14:02:00,14:02:10,stop_point:SP_3831,Occitanie,32
2345910,14:03:00,14:03:10,stop_point:SP_1947,Commerce,33
2345910,14:04:00,14:04:10,stop_point:SP_1897,Bosquets,34
2345910,14:06:00,14:06:10,stop_point:SP_4522,Jean Jaurès,35
2345910,14:08:00,14:08:10,stop_point:SP_4521,Portet Gare SNCF,36
2345911,13:43:00,13:43:10,stop_point:SP_461,Empalot,1
2345911,13:45:00,13:45:10,stop_point:SP_5378,Passerelle A. Conti,2
2345911,13:45:00,13:45:10,stop_point:SP_3506,Daste,3
2345911,13:46:00,13:46:10,stop_point:SP_806,Stadium Est,4
2345911,13:47:00,13:47:10,stop_point:SP_1012,Stadium Ouest,5
2345911,13:48:00,13:48:10,stop_point:SP_3759,Croix de Pierre,6
2345911,13:49:00,13:49:10,stop_point:SP_3915,Roc,7
2345911,13:50:00,13:50:10,stop_point:SP_3822,Barrière de Muret,8
2345911,13:51:00,13:51:10,stop_point:SP_3148,Penent,9
2345911,13:53:00,13:53:10,stop_point:SP_519,Gallieni,10
2345911,13:54:00,13:54:10,stop_point:SP_1436,Langlade,11
2345911,13:55:00,13:55:10,stop_point:SP_3779,Rond-Point Langlade,12
2345911,13:56:00,13:56:10,stop_point:SP_3025,Gironis - Mémorial AZF,13
2345911,13:57:00,13:57:10,stop_point:SP_931,Marchant,14
2345911,13:58:00,13:58:10,stop_point:SP_2330,Hubert Curien,15
2345911,13:59:00,13:59:10,stop_point:SP_324,Maison Commune,16
2345911,14:00:00,14:00:10,stop_point:SP_2491,Oncopole Courrière,17
2345911,14:01:00,14:01:10,stop_point:SP_5097,Oncopole - Lise Enjalbert,18
2345911,14:01:00,14:01:10,stop_point:SP_3604,IUC,19
2345911,14:02:00,14:02:10,stop_point:SP_3185,Route d'Espagne,20
2345911,14:03:00,14:03:10,stop_point:SP_4907,Joulin,21
2345911,14:04:00,14:04:10,stop_point:SP_3258,Larrieu,22
2345911,14:06:00,14:06:10,stop_point:SP_265,Clairfont,23
2345911,14:07:00,14:07:10,stop_point:SP_1374,Frênes,24
2345911,14:08:00,14:08:10,stop_point:SP_2247,Claire Fontaine,25
2345911,14:08:00,14:08:10,stop_point:SP_4000,Ecole Récébédou,26
2345911,14:09:00,14:09:10,stop_point:SP_4916,Ctre Cial Portet - Entrée 5,27
2345911,14:10:00,14:10:10,stop_point:SP_2008,Palanques,28
2345911,14:11:00,14:11:10,stop_point:SP_741,Ctre Cial Portet - Entrée 1,29
2345911,14:12:00,14:12:10,stop_point:SP_311,Bd de l'Europe,30
2345911,14:13:00,14:13:10,stop_point:SP_2882,Stade,31
2345911,14:14:00,14:14:10,stop_point:SP_3831,Occitanie,32
2345911,14:15:00,14:15:10,stop_point:SP_1947,Commerce,33
2345911,14:16:00,14:16:10,stop_point:SP_1897,Bosquets,34
2345911,14:18:00,14:18:10,stop_point:SP_4522,Jean Jaurès,35
2345911,14:20:00,14:20:10,stop_point:SP_4521,Portet Gare SNCF,36
2345912,13:55:00,13:55:10,stop_point:SP_461,Empalot,1
2345912,13:57:00,13:57:10,stop_point:SP_5378,Passerelle A. Conti,2
2345912,13:57:00,13:57:10,stop_point:SP_3506,Daste,3
2345912,13:58:00,13:58:10,stop_point:SP_806,Stadium Est,4
2345912,13:59:00,13:59:10,stop_point:SP_1012,Stadium Ouest,5
2345912,14:00:00,14:00:10,stop_point:SP_3759,Croix de Pierre,6
2345912,14:01:00,14:01:10,stop_point:SP_3915,Roc,7
2345912,14:02:00,14:02:10,stop_point:SP_3822,Barrière de Muret,8
2345912,14:03:00,14:03:10,stop_point:SP_3148,Penent,9
2345912,14:05:00,14:05:10,stop_point:SP_519,Gallieni,10
2345912,14:06:00,14:06:10,stop_point:SP_1436,Langlade,11
2345912,14:07:00,14:07:10,stop_point:SP_3779,Rond-Point Langlade,12
2345912,14:08:00,14:08:10,stop_point:SP_3025,Gironis - Mémorial AZF,13
2345912,14:09:00,14:09:10,stop_point:SP_931,Marchant,14
2345912,14:10:00,14:10:10,stop_point:SP_2330,Hubert Curien,15
2345912,14:11:00,14:11:10,stop_point:SP_324,Maison Commune,16
2345912,14:12:00,14:12:10,stop_point:SP_2491,Oncopole Courrière,17
2345912,14:13:00,14:13:10,stop_point:SP_5097,Oncopole - Lise Enjalbert,18
2345912,14:13:00,14:13:10,stop_point:SP_3604,IUC,19
2345912,14:14:00,14:14:10,stop_point:SP_3185,Route d'Espagne,20
2345912,14:15:00,14:15:10,stop_point:SP_4907,Joulin,21
2345912,14:16:00,14:16:10,stop_point:SP_3258,Larrieu,22
2345912,14:18:00,14:18:10,stop_point:SP_265,Clairfont,23
2345912,14:19:00,14:19:10,stop_point:SP_1374,Frênes,24
2345912,14:20:00,14:20:10,stop_point:SP_2247,Claire Fontaine,25
2345912,14:20:00,14:20:10,stop_point:SP_4000,Ecole Récébédou,26
2345912,14:21:00,14:21:10,stop_point:SP_4916,Ctre Cial Portet - Entrée 5,27
2345912,14:22:00,14:22:10,stop_point:SP_2008,Palanques,28
2345912,14:23:00,14:23:10,stop_point:SP_741,Ctre Cial Portet - Entrée 1,29
2345912,14:24:00,14:24:10,stop_point:SP_311,Bd de l'Europe,30
2345912,14:25:00,14:25:10,stop_point:SP_2882,Stade,31
2345912,14:26:00,14:26:10,stop_point:SP_3831,Occitanie,32
2345912,14:27:00,14:27:10,stop_point:SP_1947,Commerce,33
2345912,14:28:00,14:28:10,stop_point:SP_1897,Bosquets,34
2345912,14:30:00,14:30:10,stop_point:SP_4522,Jean Jaurès,35
2345912,14:32:00,14:32:10,stop_point:SP_4521,Portet Gare SNCF,36
2345913,14:07:00,14:07:10,stop_point:SP_461,Empalot,1
2345913,14:09:00,14:09:10,stop_point:SP_5378,Passerelle A. Conti,2
2345913,14:09:00,14:09:10,stop_point:SP_3506,Daste,3
2345913,14:10:00,14:10:10,stop_point:SP_806,Stadium Est,4
2345913,14:11:00,14:11:10,stop_point:SP_1012,Stadium Ouest,5
2345913,14:12:00,14:12:10,stop_point:SP_3759,Croix de Pierre,6
2345913,14:13:00,14:13:10,stop_point:SP_3915,Roc,7
2345913,14:14:00,14:14:10,stop_point:SP_3822,Barrière de Muret,8
2345913,14:15:00,14:15:10,stop_point:SP_3148,Penent,9
2345913,14:17:00,14:17:10,stop_point:SP_519,Gallieni,10
2345913,14:18:00,14:18:10,stop_point:SP_1436,Langlade,11
2345913,14:19:00,14:19:10,stop_point:SP_3779,Rond-Point Langlade,12
2345913,14:20:00,14:20:10,stop_point:SP_3025,Gironis - Mémorial AZF,13
2345913,14:21:00,14:21:10,stop_point:SP_931,Marchant,14
2345913,14:22:00,14:22:10,stop_point:SP_2330,Hubert Curien,15
2345913,14:23:00,14:23:10,stop_point:SP_324,Maison Commune,16
2345913,14:24:00,14:24:10,stop_point:SP_2491,Oncopole Courrière,17
2345913,14:25:00,14:25:10,stop_point:SP_5097,Oncopole - Lise Enjalbert,18
2345913,14:25:00,14:25:10,stop_point:SP_3604,IUC,19
2345913,14:26:00,14:26:10,stop_point:SP_3185,Route d'Espagne,20
2345913,14:27:00,14:27:10,stop_point:SP_4907,Joulin,21
2345913,14:28:00,14:28:10,stop_point:SP_3258,Larrieu,22
2345913,14:30:00,14:30:10,stop_point:SP_265,Clairfont,23
2345913,14:31:00,14:31:10,stop_point:SP_1374,Frênes,24
2345913,14:32:00,14:32:10,stop_point:SP_2247,Claire Fontaine,25
2345913,14:32:00,14:32:10,stop_point:SP_4000,Ecole Récébédou,26
2345913,14:33:00,14:33:10,stop_point:SP_4916,Ctre Cial Portet - Entrée 5,27
2345913,14:34:00,14:34:10,stop_point:SP_2008,Palanques,28
2345913,14:35:00,14:35:10,stop_point:SP_741,Ctre Cial Portet - Entrée 1,29
2345913,14:36:00,14:36:10,stop_point:SP_311,Bd de l'Europe,30
2345913,14:37:00,14:37:10,stop_point:SP_2882,Stade,31
2345913,14:38:00,14:38:10,stop_point:SP_3831,Occitanie,32
2345913,14:39:00,14:39:10,stop_point:SP_1947,Commerce,33
2345913,14:40:00,14:40:10,stop_point:SP_1897,Bosquets,34
2345913,14:42:00,14:42:10,stop_point:SP_4522,Jean Jaurès,35
2345913,14:44:00,14:44:10,stop_point:SP_4521,Portet Gare SNCF,36
2345914,14:19:00,14:19:10,stop_point:SP_461,Empalot,1
2345914,14:21:00,14:21:10,stop_point:SP_5378,Passerelle A. Conti,2
2345914,14:21:00,14:21:10,stop_point:SP_3506,Daste,3
2345914,14:22:00,14:22:10,stop_point:SP_806,Stadium Est,4
2345914,14:23:00,14:23:10,stop_point:SP_1012,Stadium Ouest,5
2345914,14:24:00,14:24:10,stop_point:SP_3759,Croix de Pierre,6
2345914,14:25:00,14:25:10,stop_point:SP_3915,Roc,7
2345914,14:26:00,14:26:10,stop_point:SP_3822,Barrière de Muret,8
2345914,14:27:00,14:27:10,stop_point:SP_3148,Penent,9
2345914,14:29:00,14:29:10,stop_point:SP_519,Gallieni,10
2345914,14:30:00,14:30:10,stop_point:SP_1436,Langlade,11
2345914,14:31:00,14:31:10,stop_point:SP_3779,Rond-Point Langlade,12
2345914,14:32:00,14:32:10,stop_point:SP_3025,Gironis - Mémorial AZF,13
2345914,14:33:00,14:33:10,stop_point:SP_931,Marchant,14
2345914,14:34:00,14:34:10,stop_point:SP_2330,Hubert Curien,15
2345914,14:35:00,14:35:10,stop_point:SP_324,Maison Commune,16
2345914,14:36:00,14:36:10,stop_point:SP_2491,Oncopole Courrière,17
2345914,14:37:00,14:37:10,stop_point:SP_5097,Oncopole - Lise Enjalbert,18
2345914,14:37:00,14:37:10,stop_point:SP_3604,IUC,19
2345914,14:38:00,14:38:10,stop_point:SP_3185,Route d'Espagne,20
2345914,14:39:00,14:39:10,stop_point:SP_4907,Joulin,21
2345914,14:40:00,14:40:10,stop_point:SP_3258,Larrieu,22
2345914,14:42:00,14:42:10,stop_point:SP_265,Clairfont,23
2345914,14:43:00,14:43:10,stop_point:SP_1374,Frênes,24
2345914,14:44:00,14:44:10,stop_point:SP_2247,Claire Fontaine,25
2345914,14:44:00,14:44:10,stop_point:SP_4000,Ecole Récébédou,26
2345914,14:45:00,14:45:10,stop_point:SP_4916,Ctre Cial Portet - Entrée 5,27
2345914,14:46:00,14:46:10,stop_point:SP_2008,Palanques,28
2345914,14:47:00,14:47:10,stop_point:SP_741,Ctre Cial Portet - Entrée 1,29
2345914,14:48:00,14:48:10,stop_point:SP_311,Bd de l'Europe,30
2345914,14:49:00,14:49:10,stop_point:SP_2882,Stade,31
2345914,14:50:00,14:50:10,stop_point:SP_3831,Occitanie,32
2345914,14:51:00,14:51:10,stop_point:SP_1947,Commerce,33
2345914,14:52:00,14:52:10,stop_point:SP_1897,Bosquets,34
2345914,14:54:00,14:54:10,stop_point:SP_4522,Jean Jaurès,35
2345914,14:56:00,14:56:10,stop_point:SP_4521,Portet Gare SNCF,36
2345915,14:31:00,14:31:10,stop_point:SP_461,Empalot,1
2345915,14:33:00,14:33:10,stop_point:SP_5378,Passerelle A. Conti,2
2345915,14:33:00,14:33:10,stop_point:SP_3506,Daste,3
2345915,14:34:00,14:34:10,stop_point:SP_806,Stadium Est,4
2345915,14:35:00,14:35:10,stop_point:SP_1012,Stadium Ouest,5
2345915,14:36:00,14:36:10,stop_point:SP_3759,Croix de Pierre,6
2345915,14:37:00,14:37:10,stop_point:SP_3915,Roc,7
2345915,14:38:00,14:38:10,stop_point:SP_3822,Barrière de Muret,8
2345915,14:39:00,14:39:10,stop_point:SP_3148,Penent,9
2345915,14:41:00,14:41:10,stop_point:SP_519,Gallieni,10
2345915,14:42:00,14:42:10,stop_point:SP_1436,Langlade,11
2345915,14:43:00,14:43:10,stop_point:SP_3779,Rond-Point Langlade,12
2345915,14:44:00,14:44:10,stop_point:SP_3025,Gironis - Mémorial AZF,13
2345915,14:45:00,14:45:10,stop_point:SP_931,Marchant,14
2345915,14:46:00,14:46:10,stop_point:SP_2330,Hubert Curien,15
2345915,14:47:00,14:47:10,stop_point:SP_324,Maison Commune,16
2345915,14:48:00,14:48:10,stop_point:SP_2491,Oncopole Courrière,17
2345915,14:49:00,14:49:10,stop_point:SP_5097,Oncopole - Lise Enjalbert,18
2345915,14:49:00,14:49:10,stop_point:SP_3604,IUC,19
2345915,14:50:00,14:50:10,stop_point:SP_3185,Route d'Espagne,20
2345915,14:51:00,14:51:10,stop_point:SP_4907,Joulin,21
2345915,14:52:00,14:52:10,stop_point:SP_3258,Larrieu,22
2345915,14:54:00,14:54:10,stop_point:SP_265,Clairfont,23
2345915,14:55:00,14:55:10,stop_point:SP_1374,Frênes,24
2345915,14:56:00,14:56:10,stop_point:SP_2247,Claire Fontaine,25
2345915,14:56:00,14:56:10,stop_point:SP_4000,Ecole Récébédou,26
2345915,14:57:00,14:57:10,stop_point:SP_4916,Ctre Cial Portet - Entrée 5,27
2345915,14:58:00,14:58:10,stop_point:SP_2008,Palanques,28
2345915,14:59:00,14:59:10,stop_point:SP_741,Ctre Cial Portet - Entrée 1,29
2345915,15:00:00,15:00:10,stop_point:SP_311,Bd de l'Europe,30
2345915,15:01:00,15:01:10,stop_point:SP_2882,Stade,31
2345915,15:02:00,15:02:10,stop_point:SP_3831,Occitanie,32
2345915,15:03:00,15:03:10,stop_point:SP_1947,Commerce,33
2345915,15:04:00,15:04:10,stop_point:SP_1897,Bosquets,34
2345915,15:06:00,15:06:10,stop_point:SP_4522,Jean Jaurès,35
2345915,15:08:00,15:08:10,stop_point:SP_4521,Portet Gare SNCF,36
2345916,14:43:00,14:43:10,stop_point:SP_461,Empalot,1
2345916,14:45:00,14:45:10,stop_point:SP_5378,Passerelle A. Conti,2
2345916,14:45:00,14:45:10,stop_point:SP_3506,Daste,3
2345916,14:46:00,14:46:10,stop_point:SP_806,Stadium Est,4
2345916,14:47:00,14:47:10,stop_point:SP_1012,Stadium Ouest,5
2345916,14:48:00,14:48:10,stop_point:SP_3759,Croix de Pierre,6
2345916,14:49:00,14:49:10,stop_point:SP_3915,Roc,7
2345916,14:50:00,14:50:10,stop_point:SP_3822,Barrière de Muret,8
2345916,14:51:00,14:51:10,stop_point:SP_3148,Penent,9
2345916,14:53:00,14:53:10,stop_point:SP_519,Gallieni,10
2345916,14:54:00,14:54:10,stop_point:SP_1436,Langlade,11
2345916,14:55:00,14:55:10,stop_point:SP_3779,Rond-Point Langlade,12
2345916,14:56:00,14:56:10,stop_point:SP_3025,Gironis - Mémorial AZF,13
2345916,14:57:00,14:57:10,stop_point:SP_931,Marchant,14
2345916,14:58:00,14:58:10,stop_point:SP_2330,Hubert Curien,15
2345916,14:59:00,14:59:10,stop_point:SP_324,Maison Commune,16
2345916,15:00:00,15:00:10,stop_point:SP_2491,Oncopole Courrière,17
2345916,15:01:00,15:01:10,stop_point:SP_5097,Oncopole - Lise Enjalbert,18
2345916,15:01:00,15:01:10,stop_point:SP_3604,IUC,19
2345916,15:02:00,15:02:10,stop_point:SP_3185,Route d'Espagne,20
2345916,15:03:00,15:03:10,stop_point:SP_4907,Joulin,21
2345916,15:04:00,15:04:10,stop_point:SP_3258,Larrieu,22
2345916,15:06:00,15:06:10,stop_point:SP_265,Clairfont,23
2345916,15:07:00,15:07:10,stop_point:SP_1374,Frênes,24
2345916,15:08:00,15:08:10,stop_point:SP_2247,Claire Fontaine,25
2345916,15:08:00,15:08:10,stop_point:SP_4000,Ecole Récébédou,26
2345916,15:09:00,15:09:10,stop_point:SP_4916,Ctre Cial Portet - Entrée 5,27
2345916,15:10:00,15:10:10,stop_point:SP_2008,Palanques,28
2345916,15:11:00,15:11:10,stop_point:SP_741,Ctre Cial Portet - Entrée 1,29
2345916,15:12:00,15:12:10,stop_point:SP_311,Bd de l'Europe,30
2345916,15:13:00,15:13:10,stop_point:SP_2882,Stade,31
2345916,15:14:00,15:14:10,stop_point:SP_3831,Occitanie,32
2345916,15:15:00,15:15:10,stop_point:SP_1947,Commerce,33
2345916,15:16:00,15:16:10,stop_point:SP_1897,Bosquets,34
2345916,15:18:00,15:18:10,stop_point:SP_4522,Jean Jaurès,35
2345916,15:20:00,15:20:10,stop_point:SP_4521,Portet Gare SNCF,36
2345917,14:55:00,14:55:10,stop_point:SP_461,Empalot,1
2345917,14:57:00,14:57:10,stop_point:SP_5378,Passerelle A. Conti,2
2345917,14:57:00,14:57:10,stop_point:SP_3506,Daste,3
2345917,14:58:00,14:58:10,stop_point:SP_806,Stadium Est,4
2345917,14:59:00,14:59:10,stop_point:SP_1012,Stadium Ouest,5
2345917,15:00:00,15:00:10,stop_point:SP_3759,Croix de Pierre,6
2345917,15:01:00,15:01:10,stop_point:SP_3915,Roc,7
2345917,15:02:00,15:02:10,stop_point:SP_3822,Barrière de Muret,8
2345917,15:03:00,15:03:10,stop_point:SP_3148,Penent,9
2345917,15:05:00,15:05:10,stop_point:SP_519,Gallieni,10
2345917,15:06:00,15:06:10,stop_point:SP_1436,Langlade,11
2345917,15:07:00,15:07:10,stop_point:SP_3779,Rond-Point Langlade,12
2345917,15:08:00,15:08:10,stop_point:SP_3025,Gironis - Mémorial AZF,13
2345917,15:09:00,15:09:10,stop_point:SP_931,Marchant,14
2345917,15:10:00,15:10:10,stop_point:SP_2330,Hubert Curien,15
2345917,15:11:00,15:11:10,stop_point:SP_324,Maison Commune,16
2345917,15:12:00,15:12:10,stop_point:SP_2491,Oncopole Courrière,17
2345917,15:13:00,15:13:10,stop_point:SP_5097,Oncopole - Lise Enjalbert,18
2345917,15:13:00,15:13:10,stop_point:SP_3604,IUC,19
2345917,15:14:00,15:14:10,stop_point:SP_3185,Route d'Espagne,20
2345917,15:15:00,15:15:10,stop_point:SP_4907,Joulin,21
2345917,15:16:00,15:16:10,stop_point:SP_3258,Larrieu,22
2345917,15:18:00,15:18:10,stop_point:SP_265,Clairfont,23
2345917,15:19:00,15:19:10,stop_point:SP_1374,Frênes,24
2345917,15:20:00,15:20:10,stop_point:SP_2247,Claire Fontaine,25
2345917,15:20:00,15:20:10,stop_point:SP_4000,Ecole Récébédou,26
2345917,15:21:00,15:21:10,stop_point:SP_4916,Ctre Cial Portet - Entrée 5,27
2345917,15:22:00,15:22:10,stop_point:SP_2008,Palanques,28
2345917,15:23:00,15:23:10,stop_point:SP_741,Ctre Cial Portet - Entrée 1,29
2345917,15:24:00,15:24:10,stop_point:SP_311,Bd de l'Europe,30
2345917,15:25:00,15:25:10,stop_point:SP_2882,Stade,31
2345917,15:26:00,15:26:10,stop_point:SP_3831,Occitanie,32
2345917,15:27:00,15:27:10,stop_point:SP_1947,Commerce,33
2345917,15:28:00,15:28:10,stop_point:SP_1897,Bosquets,34
2345917,15:30:00,15:30:10,stop_point:SP_4522,Jean Jaurès,35
2345917,15:32:00,15:32:10,stop_point:SP_4521,Portet Gare SNCF,36
2345918,15:07:00,15:07:10,stop_point:SP_461,Empalot,1
2345918,15:09:00,15:09:10,stop_point:SP_5378,Passerelle A. Conti,2
2345918,15:09:00,15:09:10,stop_point:SP_3506,Daste,3
2345918,15:10:00,15:10:10,stop_point:SP_806,Stadium Est,4
2345918,15:11:00,15:11:10,stop_point:SP_1012,Stadium Ouest,5
2345918,15:12:00,15:12:10,stop_point:SP_3759,Croix de Pierre,6
2345918,15:13:00,15:13:10,stop_point:SP_3915,Roc,7
2345918,15:14:00,15:14:10,stop_point:SP_3822,Barrière de Muret,8
2345918,15:15:00,15:15:10,stop_point:SP_3148,Penent,9
2345918,15:17:00,15:17:10,stop_point:SP_519,Gallieni,10
2345918,15:18:00,15:18:10,stop_point:SP_1436,Langlade,11
2345918,15:19:00,15:19:10,stop_point:SP_3779,Rond-Point Langlade,12
2345918,15:20:00,15:20:10,stop_point:SP_3025,Gironis - Mémorial AZF,13
2345918,15:21:00,15:21:10,stop_point:SP_931,Marchant,14
2345918,15:22:00,15:22:10,stop_point:SP_2330,Hubert Curien,15
2345918,15:23:00,15:23:10,stop_point:SP_324,Maison Commune,16
2345918,15:24:00,15:24:10,stop_point:SP_2491,Oncopole Courrière,17
2345918,15:25:00,15:25:10,stop_point:SP_5097,Oncopole - Lise Enjalbert,18
2345918,15:25:00,15:25:10,stop_point:SP_3604,IUC,19
2345918,15:26:00,15:26:10,stop_point:SP_3185,Route d'Espagne,20
2345918,15:27:00,15:27:10,stop_point:SP_4907,Joulin,21
2345918,15:28:00,15:28:10,stop_point:SP_3258,Larrieu,22
2345918,15:30:00,15:30:10,stop_point:SP_265,Clairfont,23
2345918,15:31:00,15:31:10,stop_point:SP_1374,Frênes,24
2345918,15:32:00,15:32:10,stop_point:SP_2247,Claire Fontaine,25
2345918,15:32:00,15:32:10,stop_point:SP_4000,Ecole Récébédou,26
2345918,15:33:00,15:33:10,stop_point:SP_4916,Ctre Cial Portet - Entrée 5,27
2345918,15:34:00,15:34:10,stop_point:SP_2008,Palanques,28
2345918,15:35:00,15:35:10,stop_point:SP_741,Ctre Cial Portet - Entrée 1,29
2345918,15:36:00,15:36:10,stop_point:SP_311,Bd de l'Europe,30
2345918,15:37:00,15:37:10,stop_point:SP_2882,Stade,31
2345918,15:38:00,15:38:10,stop_point:SP_3831,Occitanie,32
2345918,15:39:00,15:39:10,stop_point:SP_1947,Commerce,33
2345918,15:40:00,15:40:10,stop_point:SP_1897,Bosquets,34
2345918,15:42:00,15:42:10,stop_point:SP_4522,Jean Jaurès,35
2345918,15:44:00,15:44:10,stop_point:SP_4521,Portet Gare SNCF,36
2345919,15:19:00,15:19:10,stop_point:SP_461,Empalot,1
2345919,15:21:00,15:21:10,stop_point:SP_5378,Passerelle A. Conti,2
2345919,15:21:00,15:21:10,stop_point:SP_3506,Daste,3
2345919,15:22:00,15:22:10,stop_point:SP_806,Stadium Est,4
2345919,15:23:00,15:23:10,stop_point:SP_1012,Stadium Ouest,5
2345919,15:24:00,15:24:10,stop_point:SP_3759,Croix de Pierre,6
2345919,15:25:00,15:25:10,stop_point:SP_3915,Roc,7
2345919,15:26:00,15:26:10,stop_point:SP_3822,Barrière de Muret,8
2345919,15:27:00,15:27:10,stop_point:SP_3148,Penent,9
2345919,15:29:00,15:29:10,stop_point:SP_519,Gallieni,10
2345919,15:30:00,15:30:10,stop_point:SP_1436,Langlade,11
2345919,15:31:00,15:31:10,stop_point:SP_3779,Rond-Point Langlade,12
2345919,15:32:00,15:32:10,stop_point:SP_3025,Gironis - Mémorial AZF,13
2345919,15:33:00,15:33:10,stop_point:SP_931,Marchant,14
2345919,15:34:00,15:34:10,stop_point:SP_2330,Hubert Curien,15
2345919,15:35:00,15:35:10,stop_point:SP_324,Maison Commune,16
2345919,15:36:00,15:36:10,stop_point:SP_2491,Oncopole Courrière,17
2345919,15:37:00,15:37:10,stop_point:SP_5097,Oncopole - Lise Enjalbert,18
2345919,15:37:00,15:37:10,stop_point:SP_3604,IUC,19
2345919,15:39:00,15:39:10,stop_point:SP_3185,Route d'Espagne,20
2345919,15:40:00,15:40:10,stop_point:SP_4907,Joulin,21
2345919,15:41:00,15:41:10,stop_point:SP_3258,Larrieu,22
2345919,15:43:00,15:43:10,stop_point:SP_265,Clairfont,23
2345919,15:44:00,15:44:10,stop_point:SP_1374,Frênes,24
2345919,15:45:00,15:45:10,stop_point:SP_2247,Claire Fontaine,25
2345919,15:45:00,15:45:10,stop_point:SP_4000,Ecole Récébédou,26
2345919,15:46:00,15:46:10,stop_point:SP_4916,Ctre Cial Portet - Entrée 5,27
2345919,15:47:00,15:47:10,stop_point:SP_2008,Palanques,28
2345919,15:48:00,15:48:10,stop_point:SP_741,Ctre Cial Portet - Entrée 1,29
2345919,15:49:00,15:49:10,stop_point:SP_311,Bd de l'Europe,30
2345919,15:50:00,15:50:10,stop_point:SP_2882,Stade,31
2345919,15:51:00,15:51:10,stop_point:SP_3831,Occitanie,32
2345919,15:52:00,15:52:10,stop_point:SP_1947,Commerce,33
2345919,15:53:00,15:53:10,stop_point:SP_1897,Bosquets,34
2345919,15:55:00,15:55:10,stop_point:SP_4522,Jean Jaurès,35
2345919,15:57:00,15:57:10,stop_point:SP_4521,Portet Gare SNCF,36
2345920,15:31:00,15:31:10,stop_point:SP_461,Empalot,1
2345920,15:33:00,15:33:10,stop_point:SP_5378,Passerelle A. Conti,2
2345920,15:33:00,15:33:10,stop_point:SP_3506,Daste,3
2345920,15:34:00,15:34:10,stop_point:SP_806,Stadium Est,4
2345920,15:35:00,15:35:10,stop_point:SP_1012,Stadium Ouest,5
2345920,15:36:00,15:36:10,stop_point:SP_3759,Croix de Pierre,6
2345920,15:37:00,15:37:10,stop_point:SP_3915,Roc,7
2345920,15:38:00,15:38:10,stop_point:SP_3822,Barrière de Muret,8
2345920,15:39:00,15:39:10,stop_point:SP_3148,Penent,9
2345920,15:41:00,15:41:10,stop_point:SP_519,Gallieni,10
2345920,15:42:00,15:42:10,stop_point:SP_1436,Langlade,11
2345920,15:43:00,15:43:10,stop_point:SP_3779,Rond-Point Langlade,12
2345920,15:44:00,15:44:10,stop_point:SP_3025,Gironis - Mémorial AZF,13
2345920,15:45:00,15:45:10,stop_point:SP_931,Marchant,14
2345920,15:46:00,15:46:10,stop_point:SP_2330,Hubert Curien,15
2345920,15:47:00,15:47:10,stop_point:SP_324,Maison Commune,16
2345920,15:48:00,15:48:10,stop_point:SP_2491,Oncopole Courrière,17
2345920,15:49:00,15:49:10,stop_point:SP_5097,Oncopole - Lise Enjalbert,18
2345920,15:49:00,15:49:10,stop_point:SP_3604,IUC,19
2345920,15:51:00,15:51:10,stop_point:SP_3185,Route d'Espagne,20
2345920,15:52:00,15:52:10,stop_point:SP_4907,Joulin,21
2345920,15:53:00,15:53:10,stop_point:SP_3258,Larrieu,22
2345920,15:55:00,15:55:10,stop_point:SP_265,Clairfont,23
2345920,15:56:00,15:56:10,stop_point:SP_1374,Frênes,24
2345920,15:57:00,15:57:10,stop_point:SP_2247,Claire Fontaine,25
2345920,15:57:00,15:57:10,stop_point:SP_4000,Ecole Récébédou,26
2345920,15:58:00,15:58:10,stop_point:SP_4916,Ctre Cial Portet - Entrée 5,27
2345920,15:59:00,15:59:10,stop_point:SP_2008,Palanques,28
2345920,16:00:00,16:00:10,stop_point:SP_741,Ctre Cial Portet - Entrée 1,29
2345920,16:01:00,16:01:10,stop_point:SP_311,Bd de l'Europe,30
2345920,16:02:00,16:02:10,stop_point:SP_2882,Stade,31
2345920,16:03:00,16:03:10,stop_point:SP_3831,Occitanie,32
2345920,16:04:00,16:04:10,stop_point:SP_1947,Commerce,33
2345920,16:05:00,16:05:10,stop_point:SP_1897,Bosquets,34
2345920,16:07:00,16:07:10,stop_point:SP_4522,Jean Jaurès,35
2345920,16:09:00,16:09:10,stop_point:SP_4521,Portet Gare SNCF,36
2345921,15:43:00,15:43:10,stop_point:SP_461,Empalot,1
2345921,15:45:00,15:45:10,stop_point:SP_5378,Passerelle A. Conti,2
2345921,15:45:00,15:45:10,stop_point:SP_3506,Daste,3
2345921,15:46:00,15:46:10,stop_point:SP_806,Stadium Est,4
2345921,15:47:00,15:47:10,stop_point:SP_1012,Stadium Ouest,5
2345921,15:48:00,15:48:10,stop_point:SP_3759,Croix de Pierre,6
2345921,15:49:00,15:49:10,stop_point:SP_3915,Roc,7
2345921,15:50:00,15:50:10,stop_point:SP_3822,Barrière de Muret,8
2345921,15:51:00,15:51:10,stop_point:SP_3148,Penent,9
2345921,15:53:00,15:53:10,stop_point:SP_519,Gallieni,10
2345921,15:54:00,15:54:10,stop_point:SP_1436,Langlade,11
2345921,15:55:00,15:55:10,stop_point:SP_3779,Rond-Point Langlade,12
2345921,15:56:00,15:56:10,stop_point:SP_3025,Gironis - Mémorial AZF,13
2345921,15:57:00,15:57:10,stop_point:SP_931,Marchant,14
2345921,15:58:00,15:58:10,stop_point:SP_2330,Hubert Curien,15
2345921,15:59:00,15:59:10,stop_point:SP_324,Maison Commune,16
2345921,16:00:00,16:00:10,stop_point:SP_2491,Oncopole Courrière,17
2345921,16:01:00,16:01:10,stop_point:SP_5097,Oncopole - Lise Enjalbert,18
2345921,16:01:00,16:01:10,stop_point:SP_3604,IUC,19
2345921,16:03:00,16:03:10,stop_point:SP_3185,Route d'Espagne,20
2345921,16:04:00,16:04:10,stop_point:SP_4907,Joulin,21
2345921,16:05:00,16:05:10,stop_point:SP_3258,Larrieu,22
2345921,16:07:00,16:07:10,stop_point:SP_265,Clairfont,23
2345921,16:08:00,16:08:10,stop_point:SP_1374,Frênes,24
2345921,16:09:00,16:09:10,stop_point:SP_2247,Claire Fontaine,25
2345921,16:09:00,16:09:10,stop_point:SP_4000,Ecole Récébédou,26
2345921,16:10:00,16:10:10,stop_point:SP_4916,Ctre Cial Portet - Entrée 5,27
2345921,16:11:00,16:11:10,stop_point:SP_2008,Palanques,28
2345921,16:12:00,16:12:10,stop_point:SP_741,Ctre Cial Portet - Entrée 1,29
2345921,16:13:00,16:13:10,stop_point:SP_311,Bd de l'Europe,30
2345921,16:14:00,16:14:10,stop_point:SP_2882,Stade,31
2345921,16:15:00,16:15:10,stop_point:SP_3831,Occitanie,32
2345921,16:16:00,16:16:10,stop_point:SP_1947,Commerce,33
2345921,16:17:00,16:17:10,stop_point:SP_1897,Bosquets,34
2345921,16:19:00,16:19:10,stop_point:SP_4522,Jean Jaurès,35
2345921,16:21:00,16:21:10,stop_point:SP_4521,Portet Gare SNCF,36
2345922,15:55:00,15:55:10,stop_point:SP_461,Empalot,1
2345922,15:57:00,15:57:10,stop_point:SP_5378,Passerelle A. Conti,2
2345922,15:57:00,15:57:10,stop_point:SP_3506,Daste,3
2345922,15:58:00,15:58:10,stop_point:SP_806,Stadium Est,4
2345922,15:59:00,15:59:10,stop_point:SP_1012,Stadium Ouest,5
2345922,16:00:00,16:00:10,stop_point:SP_3759,Croix de Pierre,6
2345922,16:01:00,16:01:10,stop_point:SP_3915,Roc,7
2345922,16:02:00,16:02:10,stop_point:SP_3822,Barrière de Muret,8
2345922,16:03:00,16:03:10,stop_point:SP_3148,Penent,9
2345922,16:05:00,16:05:10,stop_point:SP_519,Gallieni,10
2345922,16:06:00,16:06:10,stop_point:SP_1436,Langlade,11
2345922,16:07:00,16:07:10,stop_point:SP_3779,Rond-Point Langlade,12
2345922,16:08:00,16:08:10,stop_point:SP_3025,Gironis - Mémorial AZF,13
2345922,16:09:00,16:09:10,stop_point:SP_931,Marchant,14
2345922,16:10:00,16:10:10,stop_point:SP_2330,Hubert Curien,15
2345922,16:11:00,16:11:10,stop_point:SP_324,Maison Commune,16
2345922,16:12:00,16:12:10,stop_point:SP_2491,Oncopole Courrière,17
2345922,16:13:00,16:13:10,stop_point:SP_5097,Oncopole - Lise Enjalbert,18
2345922,16:13:00,16:13:10,stop_point:SP_3604,IUC,19
2345922,16:15:00,16:15:10,stop_point:SP_3185,Route d'Espagne,20
2345922,16:16:00,16:16:10,stop_point:SP_4907,Joulin,21
2345922,16:17:00,16:17:10,stop_point:SP_3258,Larrieu,22
2345922,16:19:00,16:19:10,stop_point:SP_265,Clairfont,23
2345922,16:20:00,16:20:10,stop_point:SP_1374,Frênes,24
2345922,16:21:00,16:21:10,stop_point:SP_2247,Claire Fontaine,25
2345922,16:21:00,16:21:10,stop_point:SP_4000,Ecole Récébédou,26
2345922,16:22:00,16:22:10,stop_point:SP_4916,Ctre Cial Portet - Entrée 5,27
2345922,16:23:00,16:23:10,stop_point:SP_2008,Palanques,28
2345922,16:24:00,16:24:10,stop_point:SP_741,Ctre Cial Portet - Entrée 1,29
2345922,16:25:00,16:25:10,stop_point:SP_311,Bd de l'Europe,30
2345922,16:26:00,16:26:10,stop_point:SP_2882,Stade,31
2345922,16:27:00,16:27:10,stop_point:SP_3831,Occitanie,32
2345922,16:28:00,16:28:10,stop_point:SP_1947,Commerce,33
2345922,16:29:00,16:29:10,stop_point:SP_1897,Bosquets,34
2345922,16:31:00,16:31:10,stop_point:SP_4522,Jean Jaurès,35
2345922,16:33:00,16:33:10,stop_point:SP_4521,Portet Gare SNCF,36
2345923,16:07:00,16:07:10,stop_point:SP_461,Empalot,1
2345923,16:09:00,16:09:10,stop_point:SP_5378,Passerelle A. Conti,2
2345923,16:09:00,16:09:10,stop_point:SP_3506,Daste,3
2345923,16:10:00,16:10:10,stop_point:SP_806,Stadium Est,4
2345923,16:11:00,16:11:10,stop_point:SP_1012,Stadium Ouest,5
2345923,16:12:00,16:12:10,stop_point:SP_3759,Croix de Pierre,6
2345923,16:13:00,16:13:10,stop_point:SP_3915,Roc,7
2345923,16:14:00,16:14:10,stop_point:SP_3822,Barrière de Muret,8
2345923,16:15:00,16:15:10,stop_point:SP_3148,Penent,9
2345923,16:17:00,16:17:10,stop_point:SP_519,Gallieni,10
2345923,16:18:00,16:18:10,stop_point:SP_1436,Langlade,11
2345923,16:19:00,16:19:10,stop_point:SP_3779,Rond-Point Langlade,12
2345923,16:20:00,16:20:10,stop_point:SP_3025,Gironis - Mémorial AZF,13
2345923,16:21:00,16:21:10,stop_point:SP_931,Marchant,14
2345923,16:22:00,16:22:10,stop_point:SP_2330,Hubert Curien,15
2345923,16:23:00,16:23:10,stop_point:SP_324,Maison Commune,16
2345923,16:24:00,16:24:10,stop_point:SP_2491,Oncopole Courrière,17
2345923,16:25:00,16:25:10,stop_point:SP_5097,Oncopole - Lise Enjalbert,18
2345923,16:25:00,16:25:10,stop_point:SP_3604,IUC,19
2345923,16:27:00,16:27:10,stop_point:SP_3185,Route d'Espagne,20
2345923,16:28:00,16:28:10,stop_point:SP_4907,Joulin,21
2345923,16:29:00,16:29:10,stop_point:SP_3258,Larrieu,22
2345923,16:31:00,16:31:10,stop_point:SP_265,Clairfont,23
2345923,16:32:00,16:32:10,stop_point:SP_1374,Frênes,24
2345923,16:33:00,16:33:10,stop_point:SP_2247,Claire Fontaine,25
2345923,16:33:00,16:33:10,stop_point:SP_4000,Ecole Récébédou,26
2345923,16:34:00,16:34:10,stop_point:SP_4916,Ctre Cial Portet - Entrée 5,27
2345923,16:35:00,16:35:10,stop_point:SP_2008,Palanques,28
2345923,16:36:00,16:36:10,stop_point:SP_741,Ctre Cial Portet - Entrée 1,29
2345923,16:37:00,16:37:10,stop_point:SP_311,Bd de l'Europe,30
2345923,16:38:00,16:38:10,stop_point:SP_2882,Stade,31
2345923,16:39:00,16:39:10,stop_point:SP_3831,Occitanie,32
2345923,16:40:00,16:40:10,stop_point:SP_1947,Commerce,33
2345923,16:41:00,16:41:10,stop_point:SP_1897,Bosquets,34
2345923,16:43:00,16:43:10,stop_point:SP_4522,Jean Jaurès,35
2345923,16:45:00,16:45:10,stop_point:SP_4521,Portet Gare SNCF,36
2345924,16:17:00,16:17:10,stop_point:SP_461,Empalot,1
2345924,16:19:00,16:19:10,stop_point:SP_5378,Passerelle A. Conti,2
2345924,16:19:00,16:19:10,stop_point:SP_3506,Daste,3
2345924,16:20:00,16:20:10,stop_point:SP_806,Stadium Est,4
2345924,16:21:00,16:21:10,stop_point:SP_1012,Stadium Ouest,5
2345924,16:22:00,16:22:10,stop_point:SP_3759,Croix de Pierre,6
2345924,16:23:00,16:23:10,stop_point:SP_3915,Roc,7
2345924,16:24:00,16:24:10,stop_point:SP_3822,Barrière de Muret,8
2345924,16:25:00,16:25:10,stop_point:SP_3148,Penent,9
2345924,16:27:00,16:27:10,stop_point:SP_519,Gallieni,10
2345924,16:28:00,16:28:10,stop_point:SP_1436,Langlade,11
2345924,16:29:00,16:29:10,stop_point:SP_3779,Rond-Point Langlade,12
2345924,16:30:00,16:30:10,stop_point:SP_3025,Gironis - Mémorial AZF,13
2345924,16:31:00,16:31:10,stop_point:SP_931,Marchant,14
2345924,16:32:00,16:32:10,stop_point:SP_2330,Hubert Curien,15
2345924,16:33:00,16:33:10,stop_point:SP_324,Maison Commune,16
2345924,16:34:00,16:34:10,stop_point:SP_2491,Oncopole Courrière,17
2345924,16:35:00,16:35:10,stop_point:SP_5097,Oncopole - Lise Enjalbert,18
2345924,16:35:00,16:35:10,stop_point:SP_3604,IUC,19
2345924,16:37:00,16:37:10,stop_point:SP_3185,Route d'Espagne,20
2345924,16:38:00,16:38:10,stop_point:SP_4907,Joulin,21
2345924,16:39:00,16:39:10,stop_point:SP_3258,Larrieu,22
2345924,16:41:00,16:41:10,stop_point:SP_265,Clairfont,23
2345924,16:42:00,16:42:10,stop_point:SP_1374,Frênes,24
2345924,16:43:00,16:43:10,stop_point:SP_2247,Claire Fontaine,25
2345924,16:43:00,16:43:10,stop_point:SP_4000,Ecole Récébédou,26
2345924,16:44:00,16:44:10,stop_point:SP_4916,Ctre Cial Portet - Entrée 5,27
2345924,16:45:00,16:45:10,stop_point:SP_2008,Palanques,28
2345924,16:46:00,16:46:10,stop_point:SP_741,Ctre Cial Portet - Entrée 1,29
2345924,16:47:00,16:47:10,stop_point:SP_311,Bd de l'Europe,30
2345924,16:48:00,16:48:10,stop_point:SP_2882,Stade,31
2345924,16:49:00,16:49:10,stop_point:SP_3831,Occitanie,32
2345924,16:50:00,16:50:10,stop_point:SP_1947,Commerce,33
2345924,16:51:00,16:51:10,stop_point:SP_1897,Bosquets,34
2345924,16:53:00,16:53:10,stop_point:SP_4522,Jean Jaurès,35
2345924,16:55:00,16:55:10,stop_point:SP_4521,Portet Gare SNCF,36
2345925,16:26:00,16:26:10,stop_point:SP_461,Empalot,1
2345925,16:28:00,16:28:10,stop_point:SP_5378,Passerelle A. Conti,2
2345925,16:28:00,16:28:10,stop_point:SP_3506,Daste,3
2345925,16:29:00,16:29:10,stop_point:SP_806,Stadium Est,4
2345925,16:30:00,16:30:10,stop_point:SP_1012,Stadium Ouest,5
2345925,16:31:00,16:31:10,stop_point:SP_3759,Croix de Pierre,6
2345925,16:32:00,16:32:10,stop_point:SP_3915,Roc,7
2345925,16:33:00,16:33:10,stop_point:SP_3822,Barrière de Muret,8
2345925,16:34:00,16:34:10,stop_point:SP_3148,Penent,9
2345925,16:36:00,16:36:10,stop_point:SP_519,Gallieni,10
2345925,16:37:00,16:37:10,stop_point:SP_1436,Langlade,11
2345925,16:38:00,16:38:10,stop_point:SP_3779,Rond-Point Langlade,12
2345925,16:39:00,16:39:10,stop_point:SP_3025,Gironis - Mémorial AZF,13
2345925,16:40:00,16:40:10,stop_point:SP_931,Marchant,14
2345925,16:41:00,16:41:10,stop_point:SP_2330,Hubert Curien,15
2345925,16:42:00,16:42:10,stop_point:SP_324,Maison Commune,16
2345925,16:43:00,16:43:10,stop_point:SP_2491,Oncopole Courrière,17
2345925,16:44:00,16:44:10,stop_point:SP_5097,Oncopole - Lise Enjalbert,18
2345925,16:44:00,16:44:10,stop_point:SP_3604,IUC,19
2345925,16:46:00,16:46:10,stop_point:SP_3185,Route d'Espagne,20
2345925,16:47:00,16:47:10,stop_point:SP_4907,Joulin,21
2345925,16:48:00,16:48:10,stop_point:SP_3258,Larrieu,22
2345925,16:50:00,16:50:10,stop_point:SP_265,Clairfont,23
2345925,16:51:00,16:51:10,stop_point:SP_1374,Frênes,24
2345925,16:52:00,16:52:10,stop_point:SP_2247,Claire Fontaine,25
2345925,16:52:00,16:52:10,stop_point:SP_4000,Ecole Récébédou,26
2345925,16:53:00,16:53:10,stop_point:SP_4916,Ctre Cial Portet - Entrée 5,27
2345925,16:54:00,16:54:10,stop_point:SP_2008,Palanques,28
2345925,16:55:00,16:55:10,stop_point:SP_741,Ctre Cial Portet - Entrée 1,29
2345925,16:56:00,16:56:10,stop_point:SP_311,Bd de l'Europe,30
2345925,16:57:00,16:57:10,stop_point:SP_2882,Stade,31
2345925,16:58:00,16:58:10,stop_point:SP_3831,Occitanie,32
2345925,16:59:00,16:59:10,stop_point:SP_1947,Commerce,33
2345925,17:00:00,17:00:10,stop_point:SP_1897,Bosquets,34
2345925,17:02:00,17:02:10,stop_point:SP_4522,Jean Jaurès,35
2345925,17:04:00,17:04:10,stop_point:SP_4521,Portet Gare SNCF,36
2345926,16:35:00,16:35:10,stop_point:SP_461,Empalot,1
2345926,16:37:00,16:37:10,stop_point:SP_5378,Passerelle A. Conti,2
2345926,16:37:00,16:37:10,stop_point:SP_3506,Daste,3
2345926,16:38:00,16:38:10,stop_point:SP_806,Stadium Est,4
2345926,16:39:00,16:39:10,stop_point:SP_1012,Stadium Ouest,5
2345926,16:40:00,16:40:10,stop_point:SP_3759,Croix de Pierre,6
2345926,16:41:00,16:41:10,stop_point:SP_3915,Roc,7
2345926,16:42:00,16:42:10,stop_point:SP_3822,Barrière de Muret,8
2345926,16:43:00,16:43:10,stop_point:SP_3148,Penent,9
2345926,16:45:00,16:45:10,stop_point:SP_519,Gallieni,10
2345926,16:46:00,16:46:10,stop_point:SP_1436,Langlade,11
2345926,16:47:00,16:47:10,stop_point:SP_3779,Rond-Point Langlade,12
2345926,16:48:00,16:48:10,stop_point:SP_3025,Gironis - Mémorial AZF,13
2345926,16:49:00,16:49:10,stop_point:SP_931,Marchant,14
2345926,16:50:00,16:50:10,stop_point:SP_2330,Hubert Curien,15
2345926,16:51:00,16:51:10,stop_point:SP_324,Maison Commune,16
2345926,16:52:00,16:52:10,stop_point:SP_2491,Oncopole Courrière,17
2345926,16:53:00,16:53:10,stop_point:SP_5097,Oncopole - Lise Enjalbert,18
2345926,16:53:00,16:53:10,stop_point:SP_3604,IUC,19
2345926,16:55:00,16:55:10,stop_point:SP_3185,Route d'Espagne,20
2345926,16:56:00,16:56:10,stop_point:SP_4907,Joulin,21
2345926,16:57:00,16:57:10,stop_point:SP_3258,Larrieu,22
2345926,16:59:00,16:59:10,stop_point:SP_265,Clairfont,23
2345926,17:00:00,17:00:10,stop_point:SP_1374,Frênes,24
2345926,17:01:00,17:01:10,stop_point:SP_2247,Claire Fontaine,25
2345926,17:01:00,17:01:10,stop_point:SP_4000,Ecole Récébédou,26
2345926,17:02:00,17:02:10,stop_point:SP_4916,Ctre Cial Portet - Entrée 5,27
2345926,17:03:00,17:03:10,stop_point:SP_2008,Palanques,28
2345926,17:04:00,17:04:10,stop_point:SP_741,Ctre Cial Portet - Entrée 1,29
2345926,17:05:00,17:05:10,stop_point:SP_311,Bd de l'Europe,30
2345926,17:06:00,17:06:10,stop_point:SP_2882,Stade,31
2345926,17:07:00,17:07:10,stop_point:SP_3831,Occitanie,32
2345926,17:08:00,17:08:10,stop_point:SP_1947,Commerce,33
2345926,17:09:00,17:09:10,stop_point:SP_1897,Bosquets,34
2345926,17:11:00,17:11:10,stop_point:SP_4522,Jean Jaurès,35
2345926,17:13:00,17:13:10,stop_point:SP_4521,Portet Gare SNCF,36
2345927,16:44:00,16:44:10,stop_point:SP_461,Empalot,1
2345927,16:46:00,16:46:10,stop_point:SP_5378,Passerelle A. Conti,2
2345927,16:46:00,16:46:10,stop_point:SP_3506,Daste,3
2345927,16:47:00,16:47:10,stop_point:SP_806,Stadium Est,4
2345927,16:48:00,16:48:10,stop_point:SP_1012,Stadium Ouest,5
2345927,16:49:00,16:49:10,stop_point:SP_3759,Croix de Pierre,6
2345927,16:50:00,16:50:10,stop_point:SP_3915,Roc,7
2345927,16:51:00,16:51:10,stop_point:SP_3822,Barrière de Muret,8
2345927,16:52:00,16:52:10,stop_point:SP_3148,Penent,9
2345927,16:54:00,16:54:10,stop_point:SP_519,Gallieni,10
2345927,16:55:00,16:55:10,stop_point:SP_1436,Langlade,11
2345927,16:56:00,16:56:10,stop_point:SP_3779,Rond-Point Langlade,12
2345927,16:57:00,16:57:10,stop_point:SP_3025,Gironis - Mémorial AZF,13
2345927,16:58:00,16:58:10,stop_point:SP_931,Marchant,14
2345927,16:59:00,16:59:10,stop_point:SP_2330,Hubert Curien,15
2345927,17:00:00,17:00:10,stop_point:SP_324,Maison Commune,16
2345927,17:01:00,17:01:10,stop_point:SP_2491,Oncopole Courrière,17
2345927,17:02:00,17:02:10,stop_point:SP_5097,Oncopole - Lise Enjalbert,18
2345927,17:02:00,17:02:10,stop_point:SP_3604,IUC,19
2345927,17:04:00,17:04:10,stop_point:SP_3185,Route d'Espagne,20
2345927,17:05:00,17:05:10,stop_point:SP_4907,Joulin,21
2345927,17:06:00,17:06:10,stop_point:SP_3258,Larrieu,22
2345927,17:08:00,17:08:10,stop_point:SP_265,Clairfont,23
2345927,17:09:00,17:09:10,stop_point:SP_1374,Frênes,24
2345927,17:10:00,17:10:10,stop_point:SP_2247,Claire Fontaine,25
2345927,17:10:00,17:10:10,stop_point:SP_4000,Ecole Récébédou,26
2345927,17:11:00,17:11:10,stop_point:SP_4916,Ctre Cial Portet - Entrée 5,27
2345927,17:12:00,17:12:10,stop_point:SP_2008,Palanques,28
2345927,17:13:00,17:13:10,stop_point:SP_741,Ctre Cial Portet - Entrée 1,29
2345927,17:14:00,17:14:10,stop_point:SP_311,Bd de l'Europe,30
2345927,17:15:00,17:15:10,stop_point:SP_2882,Stade,31
2345927,17:16:00,17:16:10,stop_point:SP_3831,Occitanie,32
2345927,17:17:00,17:17:10,stop_point:SP_1947,Commerce,33
2345927,17:18:00,17:18:10,stop_point:SP_1897,Bosquets,34
2345927,17:20:00,17:20:10,stop_point:SP_4522,Jean Jaurès,35
2345927,17:22:00,17:22:10,stop_point:SP_4521,Portet Gare SNCF,36
2345928,16:53:00,16:53:10,stop_point:SP_461,Empalot,1
2345928,16:55:00,16:55:10,stop_point:SP_5378,Passerelle A. Conti,2
2345928,16:55:00,16:55:10,stop_point:SP_3506,Daste,3
2345928,16:56:00,16:56:10,stop_point:SP_806,Stadium Est,4
2345928,16:57:00,16:57:10,stop_point:SP_1012,Stadium Ouest,5
2345928,16:58:00,16:58:10,stop_point:SP_3759,Croix de Pierre,6
2345928,16:59:00,16:59:10,stop_point:SP_3915,Roc,7
2345928,17:00:00,17:00:10,stop_point:SP_3822,Barrière de Muret,8
2345928,17:01:00,17:01:10,stop_point:SP_3148,Penent,9
2345928,17:03:00,17:03:10,stop_point:SP_519,Gallieni,10
2345928,17:04:00,17:04:10,stop_point:SP_1436,Langlade,11
2345928,17:05:00,17:05:10,stop_point:SP_3779,Rond-Point Langlade,12
2345928,17:06:00,17:06:10,stop_point:SP_3025,Gironis - Mémorial AZF,13
2345928,17:07:00,17:07:10,stop_point:SP_931,Marchant,14
2345928,17:08:00,17:08:10,stop_point:SP_2330,Hubert Curien,15
2345928,17:09:00,17:09:10,stop_point:SP_324,Maison Commune,16
2345928,17:10:00,17:10:10,stop_point:SP_2491,Oncopole Courrière,17
2345928,17:11:00,17:11:10,stop_point:SP_5097,Oncopole - Lise Enjalbert,18
2345928,17:11:00,17:11:10,stop_point:SP_3604,IUC,19
2345928,17:13:00,17:13:10,stop_point:SP_3185,Route d'Espagne,20
2345928,17:14:00,17:14:10,stop_point:SP_4907,Joulin,21
2345928,17:15:00,17:15:10,stop_point:SP_3258,Larrieu,22
2345928,17:17:00,17:17:10,stop_point:SP_265,Clairfont,23
2345928,17:18:00,17:18:10,stop_point:SP_1374,Frênes,24
2345928,17:19:00,17:19:10,stop_point:SP_2247,Claire Fontaine,25
2345928,17:19:00,17:19:10,stop_point:SP_4000,Ecole Récébédou,26
2345928,17:20:00,17:20:10,stop_point:SP_4916,Ctre Cial Portet - Entrée 5,27
2345928,17:21:00,17:21:10,stop_point:SP_2008,Palanques,28
2345928,17:22:00,17:22:10,stop_point:SP_741,Ctre Cial Portet - Entrée 1,29
2345928,17:23:00,17:23:10,stop_point:SP_311,Bd de l'Europe,30
2345928,17:24:00,17:24:10,stop_point:SP_2882,Stade,31
2345928,17:25:00,17:25:10,stop_point:SP_3831,Occitanie,32
2345928,17:26:00,17:26:10,stop_point:SP_1947,Commerce,33
2345928,17:27:00,17:27:10,stop_point:SP_1897,Bosquets,34
2345928,17:29:00,17:29:10,stop_point:SP_4522,Jean Jaurès,35
2345928,17:31:00,17:31:10,stop_point:SP_4521,Portet Gare SNCF,36
2345929,17:00:00,17:00:10,stop_point:SP_461,Empalot,1
2345929,17:02:00,17:02:10,stop_point:SP_5378,Passerelle A. Conti,2
2345929,17:03:00,17:03:10,stop_point:SP_3506,Daste,3
2345929,17:04:00,17:04:10,stop_point:SP_806,Stadium Est,4
2345929,17:05:00,17:05:10,stop_point:SP_1012,Stadium Ouest,5
2345929,17:06:00,17:06:10,stop_point:SP_3759,Croix de Pierre,6
2345929,17:07:00,17:07:10,stop_point:SP_3915,Roc,7
2345929,17:08:00,17:08:10,stop_point:SP_3822,Barrière de Muret,8
2345929,17:09:00,17:09:10,stop_point:SP_3148,Penent,9
2345929,17:11:00,17:11:10,stop_point:SP_519,Gallieni,10
2345929,17:12:00,17:12:10,stop_point:SP_1436,Langlade,11
2345929,17:13:00,17:13:10,stop_point:SP_3779,Rond-Point Langlade,12
2345929,17:14:00,17:14:10,stop_point:SP_3025,Gironis - Mémorial AZF,13
2345929,17:15:00,17:15:10,stop_point:SP_931,Marchant,14
2345929,17:16:00,17:16:10,stop_point:SP_2330,Hubert Curien,15
2345929,17:16:00,17:16:10,stop_point:SP_324,Maison Commune,16
2345929,17:18:00,17:18:10,stop_point:SP_2491,Oncopole Courrière,17
2345929,17:18:00,17:18:10,stop_point:SP_5097,Oncopole - Lise Enjalbert,18
2345929,17:19:00,17:19:10,stop_point:SP_3604,IUC,19
2345929,17:20:00,17:20:10,stop_point:SP_2892,IUC,20
2345930,17:02:00,17:02:10,stop_point:SP_461,Empalot,1
2345930,17:04:00,17:04:10,stop_point:SP_5378,Passerelle A. Conti,2
2345930,17:04:00,17:04:10,stop_point:SP_3506,Daste,3
2345930,17:05:00,17:05:10,stop_point:SP_806,Stadium Est,4
2345930,17:06:00,17:06:10,stop_point:SP_1012,Stadium Ouest,5
2345930,17:07:00,17:07:10,stop_point:SP_3759,Croix de Pierre,6
2345930,17:08:00,17:08:10,stop_point:SP_3915,Roc,7
2345930,17:09:00,17:09:10,stop_point:SP_3822,Barrière de Muret,8
2345930,17:10:00,17:10:10,stop_point:SP_3148,Penent,9
2345930,17:12:00,17:12:10,stop_point:SP_519,Gallieni,10
2345930,17:13:00,17:13:10,stop_point:SP_1436,Langlade,11
2345930,17:14:00,17:14:10,stop_point:SP_3779,Rond-Point Langlade,12
2345930,17:15:00,17:15:10,stop_point:SP_3025,Gironis - Mémorial AZF,13
2345930,17:16:00,17:16:10,stop_point:SP_931,Marchant,14
2345930,17:17:00,17:17:10,stop_point:SP_2330,Hubert Curien,15
2345930,17:18:00,17:18:10,stop_point:SP_324,Maison Commune,16
2345930,17:19:00,17:19:10,stop_point:SP_2491,Oncopole Courrière,17
2345930,17:20:00,17:20:10,stop_point:SP_5097,Oncopole - Lise Enjalbert,18
2345930,17:20:00,17:20:10,stop_point:SP_3604,IUC,19
2345930,17:22:00,17:22:10,stop_point:SP_3185,Route d'Espagne,20
2345930,17:23:00,17:23:10,stop_point:SP_4907,Joulin,21
2345930,17:24:00,17:24:10,stop_point:SP_3258,Larrieu,22
2345930,17:26:00,17:26:10,stop_point:SP_265,Clairfont,23
2345930,17:27:00,17:27:10,stop_point:SP_1374,Frênes,24
2345930,17:28:00,17:28:10,stop_point:SP_2247,Claire Fontaine,25
2345930,17:28:00,17:28:10,stop_point:SP_4000,Ecole Récébédou,26
2345930,17:29:00,17:29:10,stop_point:SP_4916,Ctre Cial Portet - Entrée 5,27
2345930,17:30:00,17:30:10,stop_point:SP_2008,Palanques,28
2345930,17:31:00,17:31:10,stop_point:SP_741,Ctre Cial Portet - Entrée 1,29
2345930,17:32:00,17:32:10,stop_point:SP_311,Bd de l'Europe,30
2345930,17:33:00,17:33:10,stop_point:SP_2882,Stade,31
2345930,17:34:00,17:34:10,stop_point:SP_3831,Occitanie,32
2345930,17:35:00,17:35:10,stop_point:SP_1947,Commerce,33
2345930,17:36:00,17:36:10,stop_point:SP_1897,Bosquets,34
2345930,17:38:00,17:38:10,stop_point:SP_4522,Jean Jaurès,35
2345930,17:40:00,17:40:10,stop_point:SP_4521,Portet Gare SNCF,36
2345931,17:09:00,17:09:10,stop_point:SP_461,Empalot,1
2345931,17:11:00,17:11:10,stop_point:SP_5378,Passerelle A. Conti,2
2345931,17:12:00,17:12:10,stop_point:SP_3506,Daste,3
2345931,17:13:00,17:13:10,stop_point:SP_806,Stadium Est,4
2345931,17:14:00,17:14:10,stop_point:SP_1012,Stadium Ouest,5
2345931,17:15:00,17:15:10,stop_point:SP_3759,Croix de Pierre,6
2345931,17:16:00,17:16:10,stop_point:SP_3915,Roc,7
2345931,17:17:00,17:17:10,stop_point:SP_3822,Barrière de Muret,8
2345931,17:18:00,17:18:10,stop_point:SP_3148,Penent,9
2345931,17:20:00,17:20:10,stop_point:SP_519,Gallieni,10
2345931,17:21:00,17:21:10,stop_point:SP_1436,Langlade,11
2345931,17:22:00,17:22:10,stop_point:SP_3779,Rond-Point Langlade,12
2345931,17:23:00,17:23:10,stop_point:SP_3025,Gironis - Mémorial AZF,13
2345931,17:24:00,17:24:10,stop_point:SP_931,Marchant,14
2345931,17:25:00,17:25:10,stop_point:SP_2330,Hubert Curien,15
2345931,17:25:00,17:25:10,stop_point:SP_324,Maison Commune,16
2345931,17:27:00,17:27:10,stop_point:SP_2491,Oncopole Courrière,17
2345931,17:27:00,17:27:10,stop_point:SP_5097,Oncopole - Lise Enjalbert,18
2345931,17:28:00,17:28:10,stop_point:SP_3604,IUC,19
2345931,17:29:00,17:29:10,stop_point:SP_2892,IUC,20
2345932,17:11:00,17:11:10,stop_point:SP_461,Empalot,1
2345932,17:13:00,17:13:10,stop_point:SP_5378,Passerelle A. Conti,2
2345932,17:13:00,17:13:10,stop_point:SP_3506,Daste,3
2345932,17:14:00,17:14:10,stop_point:SP_806,Stadium Est,4
2345932,17:15:00,17:15:10,stop_point:SP_1012,Stadium Ouest,5
2345932,17:16:00,17:16:10,stop_point:SP_3759,Croix de Pierre,6
2345932,17:17:00,17:17:10,stop_point:SP_3915,Roc,7
2345932,17:18:00,17:18:10,stop_point:SP_3822,Barrière de Muret,8
2345932,17:19:00,17:19:10,stop_point:SP_3148,Penent,9
2345932,17:21:00,17:21:10,stop_point:SP_519,Gallieni,10
2345932,17:22:00,17:22:10,stop_point:SP_1436,Langlade,11
2345932,17:23:00,17:23:10,stop_point:SP_3779,Rond-Point Langlade,12
2345932,17:24:00,17:24:10,stop_point:SP_3025,Gironis - Mémorial AZF,13
2345932,17:25:00,17:25:10,stop_point:SP_931,Marchant,14
2345932,17:26:00,17:26:10,stop_point:SP_2330,Hubert Curien,15
2345932,17:27:00,17:27:10,stop_point:SP_324,Maison Commune,16
2345932,17:28:00,17:28:10,stop_point:SP_2491,Oncopole Courrière,17
2345932,17:29:00,17:29:10,stop_point:SP_5097,Oncopole - Lise Enjalbert,18
2345932,17:29:00,17:29:10,stop_point:SP_3604,IUC,19
2345932,17:31:00,17:31:10,stop_point:SP_3185,Route d'Espagne,20
2345932,17:32:00,17:32:10,stop_point:SP_4907,Joulin,21
2345932,17:33:00,17:33:10,stop_point:SP_3258,Larrieu,22
2345932,17:35:00,17:35:10,stop_point:SP_265,Clairfont,23
2345932,17:36:00,17:36:10,stop_point:SP_1374,Frênes,24
2345932,17:37:00,17:37:10,stop_point:SP_2247,Claire Fontaine,25
2345932,17:37:00,17:37:10,stop_point:SP_4000,Ecole Récébédou,26
2345932,17:38:00,17:38:10,stop_point:SP_4916,Ctre Cial Portet - Entrée 5,27
2345932,17:39:00,17:39:10,stop_point:SP_2008,Palanques,28
2345932,17:40:00,17:40:10,stop_point:SP_741,Ctre Cial Portet - Entrée 1,29
2345932,17:41:00,17:41:10,stop_point:SP_311,Bd de l'Europe,30
2345932,17:42:00,17:42:10,stop_point:SP_2882,Stade,31
2345932,17:43:00,17:43:10,stop_point:SP_3831,Occitanie,32
2345932,17:44:00,17:44:10,stop_point:SP_1947,Commerce,33
2345932,17:45:00,17:45:10,stop_point:SP_1897,Bosquets,34
2345932,17:47:00,17:47:10,stop_point:SP_4522,Jean Jaurès,35
2345932,17:49:00,17:49:10,stop_point:SP_4521,Portet Gare SNCF,36
2345933,17:20:00,17:20:10,stop_point:SP_461,Empalot,1
2345933,17:22:00,17:22:10,stop_point:SP_5378,Passerelle A. Conti,2
2345933,17:22:00,17:22:10,stop_point:SP_3506,Daste,3
2345933,17:23:00,17:23:10,stop_point:SP_806,Stadium Est,4
2345933,17:24:00,17:24:10,stop_point:SP_1012,Stadium Ouest,5
2345933,17:25:00,17:25:10,stop_point:SP_3759,Croix de Pierre,6
2345933,17:26:00,17:26:10,stop_point:SP_3915,Roc,7
2345933,17:27:00,17:27:10,stop_point:SP_3822,Barrière de Muret,8
2345933,17:28:00,17:28:10,stop_point:SP_3148,Penent,9
2345933,17:30:00,17:30:10,stop_point:SP_519,Gallieni,10
2345933,17:31:00,17:31:10,stop_point:SP_1436,Langlade,11
2345933,17:32:00,17:32:10,stop_point:SP_3779,Rond-Point Langlade,12
2345933,17:33:00,17:33:10,stop_point:SP_3025,Gironis - Mémorial AZF,13
2345933,17:34:00,17:34:10,stop_point:SP_931,Marchant,14
2345933,17:35:00,17:35:10,stop_point:SP_2330,Hubert Curien,15
2345933,17:36:00,17:36:10,stop_point:SP_324,Maison Commune,16
2345933,17:37:00,17:37:10,stop_point:SP_2491,Oncopole Courrière,17
2345933,17:38:00,17:38:10,stop_point:SP_5097,Oncopole - Lise Enjalbert,18
2345933,17:38:00,17:38:10,stop_point:SP_3604,IUC,19
2345933,17:40:00,17:40:10,stop_point:SP_3185,Route d'Espagne,20
2345933,17:41:00,17:41:10,stop_point:SP_4907,Joulin,21
2345933,17:42:00,17:42:10,stop_point:SP_3258,Larrieu,22
2345933,17:44:00,17:44:10,stop_point:SP_265,Clairfont,23
2345933,17:45:00,17:45:10,stop_point:SP_1374,Frênes,24
2345933,17:46:00,17:46:10,stop_point:SP_2247,Claire Fontaine,25
2345933,17:46:00,17:46:10,stop_point:SP_4000,Ecole Récébédou,26
2345933,17:47:00,17:47:10,stop_point:SP_4916,Ctre Cial Portet - Entrée 5,27
2345933,17:48:00,17:48:10,stop_point:SP_2008,Palanques,28
2345933,17:49:00,17:49:10,stop_point:SP_741,Ctre Cial Portet - Entrée 1,29
2345933,17:50:00,17:50:10,stop_point:SP_311,Bd de l'Europe,30
2345933,17:51:00,17:51:10,stop_point:SP_2882,Stade,31
2345933,17:52:00,17:52:10,stop_point:SP_3831,Occitanie,32
2345933,17:53:00,17:53:10,stop_point:SP_1947,Commerce,33
2345933,17:54:00,17:54:10,stop_point:SP_1897,Bosquets,34
2345933,17:56:00,17:56:10,stop_point:SP_4522,Jean Jaurès,35
2345933,17:58:00,17:58:10,stop_point:SP_4521,Portet Gare SNCF,36
2345934,17:26:00,17:26:10,stop_point:SP_461,Empalot,1
2345934,17:28:00,17:28:10,stop_point:SP_5378,Passerelle A. Conti,2
2345934,17:29:00,17:29:10,stop_point:SP_3506,Daste,3
2345934,17:30:00,17:30:10,stop_point:SP_806,Stadium Est,4
2345934,17:31:00,17:31:10,stop_point:SP_1012,Stadium Ouest,5
2345934,17:32:00,17:32:10,stop_point:SP_3759,Croix de Pierre,6
2345934,17:33:00,17:33:10,stop_point:SP_3915,Roc,7
2345934,17:34:00,17:34:10,stop_point:SP_3822,Barrière de Muret,8
2345934,17:35:00,17:35:10,stop_point:SP_3148,Penent,9
2345934,17:37:00,17:37:10,stop_point:SP_519,Gallieni,10
2345934,17:38:00,17:38:10,stop_point:SP_1436,Langlade,11
2345934,17:39:00,17:39:10,stop_point:SP_3779,Rond-Point Langlade,12
2345934,17:40:00,17:40:10,stop_point:SP_3025,Gironis - Mémorial AZF,13
2345934,17:41:00,17:41:10,stop_point:SP_931,Marchant,14
2345934,17:42:00,17:42:10,stop_point:SP_2330,Hubert Curien,15
2345934,17:42:00,17:42:10,stop_point:SP_324,Maison Commune,16
2345934,17:44:00,17:44:10,stop_point:SP_2491,Oncopole Courrière,17
2345934,17:44:00,17:44:10,stop_point:SP_5097,Oncopole - Lise Enjalbert,18
2345934,17:45:00,17:45:10,stop_point:SP_3604,IUC,19
2345934,17:46:00,17:46:10,stop_point:SP_2892,IUC,20
2345935,17:29:00,17:29:10,stop_point:SP_461,Empalot,1
2345935,17:31:00,17:31:10,stop_point:SP_5378,Passerelle A. Conti,2
2345935,17:31:00,17:31:10,stop_point:SP_3506,Daste,3
2345935,17:32:00,17:32:10,stop_point:SP_806,Stadium Est,4
2345935,17:33:00,17:33:10,stop_point:SP_1012,Stadium Ouest,5
2345935,17:34:00,17:34:10,stop_point:SP_3759,Croix de Pierre,6
2345935,17:35:00,17:35:10,stop_point:SP_3915,Roc,7
2345935,17:36:00,17:36:10,stop_point:SP_3822,Barrière de Muret,8
2345935,17:37:00,17:37:10,stop_point:SP_3148,Penent,9
2345935,17:39:00,17:39:10,stop_point:SP_519,Gallieni,10
2345935,17:40:00,17:40:10,stop_point:SP_1436,Langlade,11
2345935,17:41:00,17:41:10,stop_point:SP_3779,Rond-Point Langlade,12
2345935,17:42:00,17:42:10,stop_point:SP_3025,Gironis - Mémorial AZF,13
2345935,17:43:00,17:43:10,stop_point:SP_931,Marchant,14
2345935,17:44:00,17:44:10,stop_point:SP_2330,Hubert Curien,15
2345935,17:45:00,17:45:10,stop_point:SP_324,Maison Commune,16
2345935,17:46:00,17:46:10,stop_point:SP_2491,Oncopole Courrière,17
2345935,17:47:00,17:47:10,stop_point:SP_5097,Oncopole - Lise Enjalbert,18
2345935,17:47:00,17:47:10,stop_point:SP_3604,IUC,19
2345935,17:49:00,17:49:10,stop_point:SP_3185,Route d'Espagne,20
2345935,17:50:00,17:50:10,stop_point:SP_4907,Joulin,21
2345935,17:51:00,17:51:10,stop_point:SP_3258,Larrieu,22
2345935,17:53:00,17:53:10,stop_point:SP_265,Clairfont,23
2345935,17:54:00,17:54:10,stop_point:SP_1374,Frênes,24
2345935,17:55:00,17:55:10,stop_point:SP_2247,Claire Fontaine,25
2345935,17:55:00,17:55:10,stop_point:SP_4000,Ecole Récébédou,26
2345935,17:56:00,17:56:10,stop_point:SP_4916,Ctre Cial Portet - Entrée 5,27
2345935,17:57:00,17:57:10,stop_point:SP_2008,Palanques,28
2345935,17:58:00,17:58:10,stop_point:SP_741,Ctre Cial Portet - Entrée 1,29
2345935,17:59:00,17:59:10,stop_point:SP_311,Bd de l'Europe,30
2345935,18:00:00,18:00:10,stop_point:SP_2882,Stade,31
2345935,18:01:00,18:01:10,stop_point:SP_3831,Occitanie,32
2345935,18:02:00,18:02:10,stop_point:SP_1947,Commerce,33
2345935,18:03:00,18:03:10,stop_point:SP_1897,Bosquets,34
2345935,18:05:00,18:05:10,stop_point:SP_4522,Jean Jaurès,35
2345935,18:07:00,18:07:10,stop_point:SP_4521,Portet Gare SNCF,36
2345936,17:35:00,17:35:10,stop_point:SP_461,Empalot,1
2345936,17:37:00,17:37:10,stop_point:SP_5378,Passerelle A. Conti,2
2345936,17:38:00,17:38:10,stop_point:SP_3506,Daste,3
2345936,17:39:00,17:39:10,stop_point:SP_806,Stadium Est,4
2345936,17:40:00,17:40:10,stop_point:SP_1012,Stadium Ouest,5
2345936,17:41:00,17:41:10,stop_point:SP_3759,Croix de Pierre,6
2345936,17:42:00,17:42:10,stop_point:SP_3915,Roc,7
2345936,17:43:00,17:43:10,stop_point:SP_3822,Barrière de Muret,8
2345936,17:44:00,17:44:10,stop_point:SP_3148,Penent,9
2345936,17:46:00,17:46:10,stop_point:SP_519,Gallieni,10
2345936,17:47:00,17:47:10,stop_point:SP_1436,Langlade,11
2345936,17:48:00,17:48:10,stop_point:SP_3779,Rond-Point Langlade,12
2345936,17:49:00,17:49:10,stop_point:SP_3025,Gironis - Mémorial AZF,13
2345936,17:50:00,17:50:10,stop_point:SP_931,Marchant,14
2345936,17:51:00,17:51:10,stop_point:SP_2330,Hubert Curien,15
2345936,17:51:00,17:51:10,stop_point:SP_324,Maison Commune,16
2345936,17:53:00,17:53:10,stop_point:SP_2491,Oncopole Courrière,17
2345936,17:53:00,17:53:10,stop_point:SP_5097,Oncopole - Lise Enjalbert,18
2345936,17:54:00,17:54:10,stop_point:SP_3604,IUC,19
2345936,17:55:00,17:55:10,stop_point:SP_2892,IUC,20
2345937,17:38:00,17:38:10,stop_point:SP_461,Empalot,1
2345937,17:40:00,17:40:10,stop_point:SP_5378,Passerelle A. Conti,2
2345937,17:40:00,17:40:10,stop_point:SP_3506,Daste,3
2345937,17:41:00,17:41:10,stop_point:SP_806,Stadium Est,4
2345937,17:42:00,17:42:10,stop_point:SP_1012,Stadium Ouest,5
2345937,17:43:00,17:43:10,stop_point:SP_3759,Croix de Pierre,6
2345937,17:44:00,17:44:10,stop_point:SP_3915,Roc,7
2345937,17:45:00,17:45:10,stop_point:SP_3822,Barrière de Muret,8
2345937,17:46:00,17:46:10,stop_point:SP_3148,Penent,9
2345937,17:48:00,17:48:10,stop_point:SP_519,Gallieni,10
2345937,17:49:00,17:49:10,stop_point:SP_1436,Langlade,11
2345937,17:50:00,17:50:10,stop_point:SP_3779,Rond-Point Langlade,12
2345937,17:51:00,17:51:10,stop_point:SP_3025,Gironis - Mémorial AZF,13
2345937,17:52:00,17:52:10,stop_point:SP_931,Marchant,14
2345937,17:53:00,17:53:10,stop_point:SP_2330,Hubert Curien,15
2345937,17:54:00,17:54:10,stop_point:SP_324,Maison Commune,16
2345937,17:55:00,17:55:10,stop_point:SP_2491,Oncopole Courrière,17
2345937,17:56:00,17:56:10,stop_point:SP_5097,Oncopole - Lise Enjalbert,18
2345937,17:56:00,17:56:10,stop_point:SP_3604,IUC,19
2345937,17:58:00,17:58:10,stop_point:SP_3185,Route d'Espagne,20
2345937,17:59:00,17:59:10,stop_point:SP_4907,Joulin,21
2345937,18:00:00,18:00:10,stop_point:SP_3258,Larrieu,22
2345937,18:02:00,18:02:10,stop_point:SP_265,Clairfont,23
2345937,18:03:00,18:03:10,stop_point:SP_1374,Frênes,24
2345937,18:04:00,18:04:10,stop_point:SP_2247,Claire Fontaine,25
2345937,18:04:00,18:04:10,stop_point:SP_4000,Ecole Récébédou,26
2345937,18:05:00,18:05:10,stop_point:SP_4916,Ctre Cial Portet - Entrée 5,27
2345937,18:06:00,18:06:10,stop_point:SP_2008,Palanques,28
2345937,18:07:00,18:07:10,stop_point:SP_741,Ctre Cial Portet - Entrée 1,29
2345937,18:08:00,18:08:10,stop_point:SP_311,Bd de l'Europe,30
2345937,18:09:00,18:09:10,stop_point:SP_2882,Stade,31
2345937,18:10:00,18:10:10,stop_point:SP_3831,Occitanie,32
2345937,18:11:00,18:11:10,stop_point:SP_1947,Commerce,33
2345937,18:12:00,18:12:10,stop_point:SP_1897,Bosquets,34
2345937,18:14:00,18:14:10,stop_point:SP_4522,Jean Jaurès,35
2345937,18:16:00,18:16:10,stop_point:SP_4521,Portet Gare SNCF,36
2345938,17:47:00,17:47:10,stop_point:SP_461,Empalot,1
2345938,17:49:00,17:49:10,stop_point:SP_5378,Passerelle A. Conti,2
2345938,17:49:00,17:49:10,stop_point:SP_3506,Daste,3
2345938,17:50:00,17:50:10,stop_point:SP_806,Stadium Est,4
2345938,17:51:00,17:51:10,stop_point:SP_1012,Stadium Ouest,5
2345938,17:52:00,17:52:10,stop_point:SP_3759,Croix de Pierre,6
2345938,17:53:00,17:53:10,stop_point:SP_3915,Roc,7
2345938,17:54:00,17:54:10,stop_point:SP_3822,Barrière de Muret,8
2345938,17:55:00,17:55:10,stop_point:SP_3148,Penent,9
2345938,17:57:00,17:57:10,stop_point:SP_519,Gallieni,10
2345938,17:58:00,17:58:10,stop_point:SP_1436,Langlade,11
2345938,17:59:00,17:59:10,stop_point:SP_3779,Rond-Point Langlade,12
2345938,18:00:00,18:00:10,stop_point:SP_3025,Gironis - Mémorial AZF,13
2345938,18:01:00,18:01:10,stop_point:SP_931,Marchant,14
2345938,18:02:00,18:02:10,stop_point:SP_2330,Hubert Curien,15
2345938,18:03:00,18:03:10,stop_point:SP_324,Maison Commune,16
2345938,18:04:00,18:04:10,stop_point:SP_2491,Oncopole Courrière,17
2345938,18:05:00,18:05:10,stop_point:SP_5097,Oncopole - Lise Enjalbert,18
2345938,18:05:00,18:05:10,stop_point:SP_3604,IUC,19
2345938,18:07:00,18:07:10,stop_point:SP_3185,Route d'Espagne,20
2345938,18:08:00,18:08:10,stop_point:SP_4907,Joulin,21
2345938,18:09:00,18:09:10,stop_point:SP_3258,Larrieu,22
2345938,18:11:00,18:11:10,stop_point:SP_265,Clairfont,23
2345938,18:12:00,18:12:10,stop_point:SP_1374,Frênes,24
2345938,18:13:00,18:13:10,stop_point:SP_2247,Claire Fontaine,25
2345938,18:13:00,18:13:10,stop_point:SP_4000,Ecole Récébédou,26
2345938,18:14:00,18:14:10,stop_point:SP_4916,Ctre Cial Portet - Entrée 5,27
2345938,18:15:00,18:15:10,stop_point:SP_2008,Palanques,28
2345938,18:16:00,18:16:10,stop_point:SP_741,Ctre Cial Portet - Entrée 1,29
2345938,18:17:00,18:17:10,stop_point:SP_311,Bd de l'Europe,30
2345938,18:18:00,18:18:10,stop_point:SP_2882,Stade,31
2345938,18:19:00,18:19:10,stop_point:SP_3831,Occitanie,32
2345938,18:20:00,18:20:10,stop_point:SP_1947,Commerce,33
2345938,18:21:00,18:21:10,stop_point:SP_1897,Bosquets,34
2345938,18:23:00,18:23:10,stop_point:SP_4522,Jean Jaurès,35
2345938,18:25:00,18:25:10,stop_point:SP_4521,Portet Gare SNCF,36
2345939,17:51:00,17:51:10,stop_point:SP_461,Empalot,1
2345939,17:53:00,17:53:10,stop_point:SP_5378,Passerelle A. Conti,2
2345939,17:54:00,17:54:10,stop_point:SP_3506,Daste,3
2345939,17:55:00,17:55:10,stop_point:SP_806,Stadium Est,4
2345939,17:56:00,17:56:10,stop_point:SP_1012,Stadium Ouest,5
2345939,17:57:00,17:57:10,stop_point:SP_3759,Croix de Pierre,6
2345939,17:58:00,17:58:10,stop_point:SP_3915,Roc,7
2345939,17:59:00,17:59:10,stop_point:SP_3822,Barrière de Muret,8
2345939,18:00:00,18:00:10,stop_point:SP_3148,Penent,9
2345939,18:02:00,18:02:10,stop_point:SP_519,Gallieni,10
2345939,18:03:00,18:03:10,stop_point:SP_1436,Langlade,11
2345939,18:04:00,18:04:10,stop_point:SP_3779,Rond-Point Langlade,12
2345939,18:05:00,18:05:10,stop_point:SP_3025,Gironis - Mémorial AZF,13
2345939,18:06:00,18:06:10,stop_point:SP_931,Marchant,14
2345939,18:07:00,18:07:10,stop_point:SP_2330,Hubert Curien,15
2345939,18:07:00,18:07:10,stop_point:SP_324,Maison Commune,16
2345939,18:09:00,18:09:10,stop_point:SP_2491,Oncopole Courrière,17
2345939,18:09:00,18:09:10,stop_point:SP_5097,Oncopole - Lise Enjalbert,18
2345939,18:10:00,18:10:10,stop_point:SP_3604,IUC,19
2345939,18:11:00,18:11:10,stop_point:SP_2892,IUC,20
2345940,17:56:00,17:56:10,stop_point:SP_461,Empalot,1
2345940,17:58:00,17:58:10,stop_point:SP_5378,Passerelle A. Conti,2
2345940,17:58:00,17:58:10,stop_point:SP_3506,Daste,3
2345940,17:59:00,17:59:10,stop_point:SP_806,Stadium Est,4
2345940,18:00:00,18:00:10,stop_point:SP_1012,Stadium Ouest,5
2345940,18:01:00,18:01:10,stop_point:SP_3759,Croix de Pierre,6
2345940,18:02:00,18:02:10,stop_point:SP_3915,Roc,7
2345940,18:03:00,18:03:10,stop_point:SP_3822,Barrière de Muret,8
2345940,18:04:00,18:04:10,stop_point:SP_3148,Penent,9
2345940,18:06:00,18:06:10,stop_point:SP_519,Gallieni,10
2345940,18:07:00,18:07:10,stop_point:SP_1436,Langlade,11
2345940,18:08:00,18:08:10,stop_point:SP_3779,Rond-Point Langlade,12
2345940,18:09:00,18:09:10,stop_point:SP_3025,Gironis - Mémorial AZF,13
2345940,18:10:00,18:10:10,stop_point:SP_931,Marchant,14
2345940,18:11:00,18:11:10,stop_point:SP_2330,Hubert Curien,15
2345940,18:12:00,18:12:10,stop_point:SP_324,Maison Commune,16
2345940,18:13:00,18:13:10,stop_point:SP_2491,Oncopole Courrière,17
2345940,18:14:00,18:14:10,stop_point:SP_5097,Oncopole - Lise Enjalbert,18
2345940,18:14:00,18:14:10,stop_point:SP_3604,IUC,19
2345940,18:16:00,18:16:10,stop_point:SP_3185,Route d'Espagne,20
2345940,18:17:00,18:17:10,stop_point:SP_4907,Joulin,21
2345940,18:18:00,18:18:10,stop_point:SP_3258,Larrieu,22
2345940,18:20:00,18:20:10,stop_point:SP_265,Clairfont,23
2345940,18:21:00,18:21:10,stop_point:SP_1374,Frênes,24
2345940,18:22:00,18:22:10,stop_point:SP_2247,Claire Fontaine,25
2345940,18:22:00,18:22:10,stop_point:SP_4000,Ecole Récébédou,26
2345940,18:23:00,18:23:10,stop_point:SP_4916,Ctre Cial Portet - Entrée 5,27
2345940,18:24:00,18:24:10,stop_point:SP_2008,Palanques,28
2345940,18:25:00,18:25:10,stop_point:SP_741,Ctre Cial Portet - Entrée 1,29
2345940,18:26:00,18:26:10,stop_point:SP_311,Bd de l'Europe,30
2345940,18:27:00,18:27:10,stop_point:SP_2882,Stade,31
2345940,18:28:00,18:28:10,stop_point:SP_3831,Occitanie,32
2345940,18:29:00,18:29:10,stop_point:SP_1947,Commerce,33
2345940,18:30:00,18:30:10,stop_point:SP_1897,Bosquets,34
2345940,18:32:00,18:32:10,stop_point:SP_4522,Jean Jaurès,35
2345940,18:34:00,18:34:10,stop_point:SP_4521,Portet Gare SNCF,36
2345941,17:59:00,17:59:10,stop_point:SP_461,Empalot,1
2345941,18:01:00,18:01:10,stop_point:SP_5378,Passerelle A. Conti,2
2345941,18:02:00,18:02:10,stop_point:SP_3506,Daste,3
2345941,18:03:00,18:03:10,stop_point:SP_806,Stadium Est,4
2345941,18:04:00,18:04:10,stop_point:SP_1012,Stadium Ouest,5
2345941,18:05:00,18:05:10,stop_point:SP_3759,Croix de Pierre,6
2345941,18:06:00,18:06:10,stop_point:SP_3915,Roc,7
2345941,18:07:00,18:07:10,stop_point:SP_3822,Barrière de Muret,8
2345941,18:08:00,18:08:10,stop_point:SP_3148,Penent,9
2345941,18:10:00,18:10:10,stop_point:SP_519,Gallieni,10
2345941,18:11:00,18:11:10,stop_point:SP_1436,Langlade,11
2345941,18:12:00,18:12:10,stop_point:SP_3779,Rond-Point Langlade,12
2345941,18:13:00,18:13:10,stop_point:SP_3025,Gironis - Mémorial AZF,13
2345941,18:14:00,18:14:10,stop_point:SP_931,Marchant,14
2345941,18:15:00,18:15:10,stop_point:SP_2330,Hubert Curien,15
2345941,18:15:00,18:15:10,stop_point:SP_324,Maison Commune,16
2345941,18:17:00,18:17:10,stop_point:SP_2491,Oncopole Courrière,17
2345941,18:17:00,18:17:10,stop_point:SP_5097,Oncopole - Lise Enjalbert,18
2345941,18:18:00,18:18:10,stop_point:SP_3604,IUC,19
2345941,18:19:00,18:19:10,stop_point:SP_2892,IUC,20
2345942,18:05:00,18:05:10,stop_point:SP_461,Empalot,1
2345942,18:07:00,18:07:10,stop_point:SP_5378,Passerelle A. Conti,2
2345942,18:07:00,18:07:10,stop_point:SP_3506,Daste,3
2345942,18:08:00,18:08:10,stop_point:SP_806,Stadium Est,4
2345942,18:09:00,18:09:10,stop_point:SP_1012,Stadium Ouest,5
2345942,18:10:00,18:10:10,stop_point:SP_3759,Croix de Pierre,6
2345942,18:11:00,18:11:10,stop_point:SP_3915,Roc,7
2345942,18:12:00,18:12:10,stop_point:SP_3822,Barrière de Muret,8
2345942,18:13:00,18:13:10,stop_point:SP_3148,Penent,9
2345942,18:15:00,18:15:10,stop_point:SP_519,Gallieni,10
2345942,18:16:00,18:16:10,stop_point:SP_1436,Langlade,11
2345942,18:17:00,18:17:10,stop_point:SP_3779,Rond-Point Langlade,12
2345942,18:18:00,18:18:10,stop_point:SP_3025,Gironis - Mémorial AZF,13
2345942,18:19:00,18:19:10,stop_point:SP_931,Marchant,14
2345942,18:20:00,18:20:10,stop_point:SP_2330,Hubert Curien,15
2345942,18:21:00,18:21:10,stop_point:SP_324,Maison Commune,16
2345942,18:22:00,18:22:10,stop_point:SP_2491,Oncopole Courrière,17
2345942,18:23:00,18:23:10,stop_point:SP_5097,Oncopole - Lise Enjalbert,18
2345942,18:23:00,18:23:10,stop_point:SP_3604,IUC,19
2345942,18:25:00,18:25:10,stop_point:SP_3185,Route d'Espagne,20
2345942,18:26:00,18:26:10,stop_point:SP_4907,Joulin,21
2345942,18:27:00,18:27:10,stop_point:SP_3258,Larrieu,22
2345942,18:29:00,18:29:10,stop_point:SP_265,Clairfont,23
2345942,18:30:00,18:30:10,stop_point:SP_1374,Frênes,24
2345942,18:31:00,18:31:10,stop_point:SP_2247,Claire Fontaine,25
2345942,18:31:00,18:31:10,stop_point:SP_4000,Ecole Récébédou,26
2345942,18:32:00,18:32:10,stop_point:SP_4916,Ctre Cial Portet - Entrée 5,27
2345942,18:33:00,18:33:10,stop_point:SP_2008,Palanques,28
2345942,18:34:00,18:34:10,stop_point:SP_741,Ctre Cial Portet - Entrée 1,29
2345942,18:35:00,18:35:10,stop_point:SP_311,Bd de l'Europe,30
2345942,18:36:00,18:36:10,stop_point:SP_2882,Stade,31
2345942,18:37:00,18:37:10,stop_point:SP_3831,Occitanie,32
2345942,18:38:00,18:38:10,stop_point:SP_1947,Commerce,33
2345942,18:39:00,18:39:10,stop_point:SP_1897,Bosquets,34
2345942,18:41:00,18:41:10,stop_point:SP_4522,Jean Jaurès,35
2345942,18:43:00,18:43:10,stop_point:SP_4521,Portet Gare SNCF,36
2345943,18:14:00,18:14:10,stop_point:SP_461,Empalot,1
2345943,18:16:00,18:16:10,stop_point:SP_5378,Passerelle A. Conti,2
2345943,18:16:00,18:16:10,stop_point:SP_3506,Daste,3
2345943,18:17:00,18:17:10,stop_point:SP_806,Stadium Est,4
2345943,18:18:00,18:18:10,stop_point:SP_1012,Stadium Ouest,5
2345943,18:19:00,18:19:10,stop_point:SP_3759,Croix de Pierre,6
2345943,18:20:00,18:20:10,stop_point:SP_3915,Roc,7
2345943,18:21:00,18:21:10,stop_point:SP_3822,Barrière de Muret,8
2345943,18:22:00,18:22:10,stop_point:SP_3148,Penent,9
2345943,18:24:00,18:24:10,stop_point:SP_519,Gallieni,10
2345943,18:25:00,18:25:10,stop_point:SP_1436,Langlade,11
2345943,18:26:00,18:26:10,stop_point:SP_3779,Rond-Point Langlade,12
2345943,18:27:00,18:27:10,stop_point:SP_3025,Gironis - Mémorial AZF,13
2345943,18:28:00,18:28:10,stop_point:SP_931,Marchant,14
2345943,18:29:00,18:29:10,stop_point:SP_2330,Hubert Curien,15
2345943,18:30:00,18:30:10,stop_point:SP_324,Maison Commune,16
2345943,18:31:00,18:31:10,stop_point:SP_2491,Oncopole Courrière,17
2345943,18:32:00,18:32:10,stop_point:SP_5097,Oncopole - Lise Enjalbert,18
2345943,18:32:00,18:32:10,stop_point:SP_3604,IUC,19
2345943,18:33:00,18:33:10,stop_point:SP_3185,Route d'Espagne,20
2345943,18:34:00,18:34:10,stop_point:SP_4907,Joulin,21
2345943,18:35:00,18:35:10,stop_point:SP_3258,Larrieu,22
2345943,18:37:00,18:37:10,stop_point:SP_265,Clairfont,23
2345943,18:38:00,18:38:10,stop_point:SP_1374,Frênes,24
2345943,18:39:00,18:39:10,stop_point:SP_2247,Claire Fontaine,25
2345943,18:39:00,18:39:10,stop_point:SP_4000,Ecole Récébédou,26
2345943,18:40:00,18:40:10,stop_point:SP_4916,Ctre Cial Portet - Entrée 5,27
2345943,18:41:00,18:41:10,stop_point:SP_2008,Palanques,28
2345943,18:42:00,18:42:10,stop_point:SP_741,Ctre Cial Portet - Entrée 1,29
2345943,18:43:00,18:43:10,stop_point:SP_311,Bd de l'Europe,30
2345943,18:44:00,18:44:10,stop_point:SP_2882,Stade,31
2345943,18:45:00,18:45:10,stop_point:SP_3831,Occitanie,32
2345943,18:46:00,18:46:10,stop_point:SP_1947,Commerce,33
2345943,18:47:00,18:47:10,stop_point:SP_1897,Bosquets,34
2345943,18:49:00,18:49:10,stop_point:SP_4522,Jean Jaurès,35
2345943,18:51:00,18:51:10,stop_point:SP_4521,Portet Gare SNCF,36
2345944,18:23:00,18:23:10,stop_point:SP_461,Empalot,1
2345944,18:25:00,18:25:10,stop_point:SP_5378,Passerelle A. Conti,2
2345944,18:25:00,18:25:10,stop_point:SP_3506,Daste,3
2345944,18:26:00,18:26:10,stop_point:SP_806,Stadium Est,4
2345944,18:27:00,18:27:10,stop_point:SP_1012,Stadium Ouest,5
2345944,18:28:00,18:28:10,stop_point:SP_3759,Croix de Pierre,6
2345944,18:29:00,18:29:10,stop_point:SP_3915,Roc,7
2345944,18:30:00,18:30:10,stop_point:SP_3822,Barrière de Muret,8
2345944,18:31:00,18:31:10,stop_point:SP_3148,Penent,9
2345944,18:33:00,18:33:10,stop_point:SP_519,Gallieni,10
2345944,18:34:00,18:34:10,stop_point:SP_1436,Langlade,11
2345944,18:35:00,18:35:10,stop_point:SP_3779,Rond-Point Langlade,12
2345944,18:36:00,18:36:10,stop_point:SP_3025,Gironis - Mémorial AZF,13
2345944,18:37:00,18:37:10,stop_point:SP_931,Marchant,14
2345944,18:38:00,18:38:10,stop_point:SP_2330,Hubert Curien,15
2345944,18:38:00,18:38:10,stop_point:SP_324,Maison Commune,16
2345944,18:39:00,18:39:10,stop_point:SP_2491,Oncopole Courrière,17
2345944,18:40:00,18:40:10,stop_point:SP_5097,Oncopole - Lise Enjalbert,18
2345944,18:40:00,18:40:10,stop_point:SP_3604,IUC,19
2345944,18:41:00,18:41:10,stop_point:SP_3185,Route d'Espagne,20
2345944,18:42:00,18:42:10,stop_point:SP_4907,Joulin,21
2345944,18:43:00,18:43:10,stop_point:SP_3258,Larrieu,22
2345944,18:45:00,18:45:10,stop_point:SP_265,Clairfont,23
2345944,18:46:00,18:46:10,stop_point:SP_1374,Frênes,24
2345944,18:47:00,18:47:10,stop_point:SP_2247,Claire Fontaine,25
2345944,18:47:00,18:47:10,stop_point:SP_4000,Ecole Récébédou,26
2345944,18:48:00,18:48:10,stop_point:SP_4916,Ctre Cial Portet - Entrée 5,27
2345944,18:49:00,18:49:10,stop_point:SP_2008,Palanques,28
2345944,18:50:00,18:50:10,stop_point:SP_741,Ctre Cial Portet - Entrée 1,29
2345944,18:51:00,18:51:10,stop_point:SP_311,Bd de l'Europe,30
2345944,18:52:00,18:52:10,stop_point:SP_2882,Stade,31
2345944,18:53:00,18:53:10,stop_point:SP_3831,Occitanie,32
2345944,18:54:00,18:54:10,stop_point:SP_1947,Commerce,33
2345944,18:55:00,18:55:10,stop_point:SP_1897,Bosquets,34
2345944,18:57:00,18:57:10,stop_point:SP_4522,Jean Jaurès,35
2345944,18:59:00,18:59:10,stop_point:SP_4521,Portet Gare SNCF,36
2345945,18:32:00,18:32:10,stop_point:SP_461,Empalot,1
2345945,18:34:00,18:34:10,stop_point:SP_5378,Passerelle A. Conti,2
2345945,18:34:00,18:34:10,stop_point:SP_3506,Daste,3
2345945,18:35:00,18:35:10,stop_point:SP_806,Stadium Est,4
2345945,18:36:00,18:36:10,stop_point:SP_1012,Stadium Ouest,5
2345945,18:37:00,18:37:10,stop_point:SP_3759,Croix de Pierre,6
2345945,18:38:00,18:38:10,stop_point:SP_3915,Roc,7
2345945,18:39:00,18:39:10,stop_point:SP_3822,Barrière de Muret,8
2345945,18:40:00,18:40:10,stop_point:SP_3148,Penent,9
2345945,18:42:00,18:42:10,stop_point:SP_519,Gallieni,10
2345945,18:43:00,18:43:10,stop_point:SP_1436,Langlade,11
2345945,18:44:00,18:44:10,stop_point:SP_3779,Rond-Point Langlade,12
2345945,18:45:00,18:45:10,stop_point:SP_3025,Gironis - Mémorial AZF,13
2345945,18:46:00,18:46:10,stop_point:SP_931,Marchant,14
2345945,18:47:00,18:47:10,stop_point:SP_2330,Hubert Curien,15
2345945,18:47:00,18:47:10,stop_point:SP_324,Maison Commune,16
2345945,18:48:00,18:48:10,stop_point:SP_2491,Oncopole Courrière,17
2345945,18:49:00,18:49:10,stop_point:SP_5097,Oncopole - Lise Enjalbert,18
2345945,18:49:00,18:49:10,stop_point:SP_3604,IUC,19
2345945,18:50:00,18:50:10,stop_point:SP_3185,Route d'Espagne,20
2345945,18:51:00,18:51:10,stop_point:SP_4907,Joulin,21
2345945,18:52:00,18:52:10,stop_point:SP_3258,Larrieu,22
2345945,18:54:00,18:54:10,stop_point:SP_265,Clairfont,23
2345945,18:55:00,18:55:10,stop_point:SP_1374,Frênes,24
2345945,18:56:00,18:56:10,stop_point:SP_2247,Claire Fontaine,25
2345945,18:56:00,18:56:10,stop_point:SP_4000,Ecole Récébédou,26
2345945,18:57:00,18:57:10,stop_point:SP_4916,Ctre Cial Portet - Entrée 5,27
2345945,18:58:00,18:58:10,stop_point:SP_2008,Palanques,28
2345945,18:59:00,18:59:10,stop_point:SP_741,Ctre Cial Portet - Entrée 1,29
2345945,19:00:00,19:00:10,stop_point:SP_311,Bd de l'Europe,30
2345945,19:01:00,19:01:10,stop_point:SP_2882,Stade,31
2345945,19:02:00,19:02:10,stop_point:SP_3831,Occitanie,32
2345945,19:03:00,19:03:10,stop_point:SP_1947,Commerce,33
2345945,19:04:00,19:04:10,stop_point:SP_1897,Bosquets,34
2345945,19:06:00,19:06:10,stop_point:SP_4522,Jean Jaurès,35
2345945,19:08:00,19:08:10,stop_point:SP_4521,Portet Gare SNCF,36
2345946,18:41:00,18:41:10,stop_point:SP_461,Empalot,1
2345946,18:43:00,18:43:10,stop_point:SP_5378,Passerelle A. Conti,2
2345946,18:43:00,18:43:10,stop_point:SP_3506,Daste,3
2345946,18:44:00,18:44:10,stop_point:SP_806,Stadium Est,4
2345946,18:45:00,18:45:10,stop_point:SP_1012,Stadium Ouest,5
2345946,18:46:00,18:46:10,stop_point:SP_3759,Croix de Pierre,6
2345946,18:47:00,18:47:10,stop_point:SP_3915,Roc,7
2345946,18:48:00,18:48:10,stop_point:SP_3822,Barrière de Muret,8
2345946,18:49:00,18:49:10,stop_point:SP_3148,Penent,9
2345946,18:51:00,18:51:10,stop_point:SP_519,Gallieni,10
2345946,18:52:00,18:52:10,stop_point:SP_1436,Langlade,11
2345946,18:53:00,18:53:10,stop_point:SP_3779,Rond-Point Langlade,12
2345946,18:54:00,18:54:10,stop_point:SP_3025,Gironis - Mémorial AZF,13
2345946,18:55:00,18:55:10,stop_point:SP_931,Marchant,14
2345946,18:56:00,18:56:10,stop_point:SP_2330,Hubert Curien,15
2345946,18:56:00,18:56:10,stop_point:SP_324,Maison Commune,16
2345946,18:57:00,18:57:10,stop_point:SP_2491,Oncopole Courrière,17
2345946,18:58:00,18:58:10,stop_point:SP_5097,Oncopole - Lise Enjalbert,18
2345946,18:58:00,18:58:10,stop_point:SP_3604,IUC,19
2345946,18:59:00,18:59:10,stop_point:SP_3185,Route d'Espagne,20
2345946,19:00:00,19:00:10,stop_point:SP_4907,Joulin,21
2345946,19:01:00,19:01:10,stop_point:SP_3258,Larrieu,22
2345946,19:03:00,19:03:10,stop_point:SP_265,Clairfont,23
2345946,19:04:00,19:04:10,stop_point:SP_1374,Frênes,24
2345946,19:05:00,19:05:10,stop_point:SP_2247,Claire Fontaine,25
2345946,19:05:00,19:05:10,stop_point:SP_4000,Ecole Récébédou,26
2345946,19:06:00,19:06:10,stop_point:SP_4916,Ctre Cial Portet - Entrée 5,27
2345946,19:07:00,19:07:10,stop_point:SP_2008,Palanques,28
2345946,19:08:00,19:08:10,stop_point:SP_741,Ctre Cial Portet - Entrée 1,29
2345946,19:09:00,19:09:10,stop_point:SP_311,Bd de l'Europe,30
2345946,19:10:00,19:10:10,stop_point:SP_2882,Stade,31
2345946,19:11:00,19:11:10,stop_point:SP_3831,Occitanie,32
2345946,19:12:00,19:12:10,stop_point:SP_1947,Commerce,33
2345946,19:13:00,19:13:10,stop_point:SP_1897,Bosquets,34
2345946,19:15:00,19:15:10,stop_point:SP_4522,Jean Jaurès,35
2345946,19:17:00,19:17:10,stop_point:SP_4521,Portet Gare SNCF,36
2345947,18:50:00,18:50:10,stop_point:SP_461,Empalot,1
2345947,18:52:00,18:52:10,stop_point:SP_5378,Passerelle A. Conti,2
2345947,18:52:00,18:52:10,stop_point:SP_3506,Daste,3
2345947,18:53:00,18:53:10,stop_point:SP_806,Stadium Est,4
2345947,18:54:00,18:54:10,stop_point:SP_1012,Stadium Ouest,5
2345947,18:55:00,18:55:10,stop_point:SP_3759,Croix de Pierre,6
2345947,18:56:00,18:56:10,stop_point:SP_3915,Roc,7
2345947,18:57:00,18:57:10,stop_point:SP_3822,Barrière de Muret,8
2345947,18:58:00,18:58:10,stop_point:SP_3148,Penent,9
2345947,19:00:00,19:00:10,stop_point:SP_519,Gallieni,10
2345947,19:01:00,19:01:10,stop_point:SP_1436,Langlade,11
2345947,19:02:00,19:02:10,stop_point:SP_3779,Rond-Point Langlade,12
2345947,19:03:00,19:03:10,stop_point:SP_3025,Gironis - Mémorial AZF,13
2345947,19:04:00,19:04:10,stop_point:SP_931,Marchant,14
2345947,19:05:00,19:05:10,stop_point:SP_2330,Hubert Curien,15
2345947,19:05:00,19:05:10,stop_point:SP_324,Maison Commune,16
2345947,19:06:00,19:06:10,stop_point:SP_2491,Oncopole Courrière,17
2345947,19:07:00,19:07:10,stop_point:SP_5097,Oncopole - Lise Enjalbert,18
2345947,19:07:00,19:07:10,stop_point:SP_3604,IUC,19
2345947,19:08:00,19:08:10,stop_point:SP_3185,Route d'Espagne,20
2345947,19:09:00,19:09:10,stop_point:SP_4907,Joulin,21
2345947,19:10:00,19:10:10,stop_point:SP_3258,Larrieu,22
2345947,19:12:00,19:12:10,stop_point:SP_265,Clairfont,23
2345947,19:13:00,19:13:10,stop_point:SP_1374,Frênes,24
2345947,19:14:00,19:14:10,stop_point:SP_2247,Claire Fontaine,25
2345947,19:14:00,19:14:10,stop_point:SP_4000,Ecole Récébédou,26
2345947,19:15:00,19:15:10,stop_point:SP_4916,Ctre Cial Portet - Entrée 5,27
2345947,19:16:00,19:16:10,stop_point:SP_2008,Palanques,28
2345947,19:17:00,19:17:10,stop_point:SP_741,Ctre Cial Portet - Entrée 1,29
2345947,19:18:00,19:18:10,stop_point:SP_311,Bd de l'Europe,30
2345947,19:19:00,19:19:10,stop_point:SP_2882,Stade,31
2345947,19:20:00,19:20:10,stop_point:SP_3831,Occitanie,32
2345947,19:21:00,19:21:10,stop_point:SP_1947,Commerce,33
2345947,19:22:00,19:22:10,stop_point:SP_1897,Bosquets,34
2345947,19:24:00,19:24:10,stop_point:SP_4522,Jean Jaurès,35
2345947,19:26:00,19:26:10,stop_point:SP_4521,Portet Gare SNCF,36
2345948,19:00:00,19:00:10,stop_point:SP_461,Empalot,1
2345948,19:02:00,19:02:10,stop_point:SP_5378,Passerelle A. Conti,2
2345948,19:02:00,19:02:10,stop_point:SP_3506,Daste,3
2345948,19:03:00,19:03:10,stop_point:SP_806,Stadium Est,4
2345948,19:04:00,19:04:10,stop_point:SP_1012,Stadium Ouest,5
2345948,19:05:00,19:05:10,stop_point:SP_3759,Croix de Pierre,6
2345948,19:06:00,19:06:10,stop_point:SP_3915,Roc,7
2345948,19:07:00,19:07:10,stop_point:SP_3822,Barrière de Muret,8
2345948,19:08:00,19:08:10,stop_point:SP_3148,Penent,9
2345948,19:10:00,19:10:10,stop_point:SP_519,Gallieni,10
2345948,19:11:00,19:11:10,stop_point:SP_1436,Langlade,11
2345948,19:12:00,19:12:10,stop_point:SP_3779,Rond-Point Langlade,12
2345948,19:13:00,19:13:10,stop_point:SP_3025,Gironis - Mémorial AZF,13
2345948,19:14:00,19:14:10,stop_point:SP_931,Marchant,14
2345948,19:15:00,19:15:10,stop_point:SP_2330,Hubert Curien,15
2345948,19:15:00,19:15:10,stop_point:SP_324,Maison Commune,16
2345948,19:16:00,19:16:10,stop_point:SP_2491,Oncopole Courrière,17
2345948,19:17:00,19:17:10,stop_point:SP_5097,Oncopole - Lise Enjalbert,18
2345948,19:17:00,19:17:10,stop_point:SP_3604,IUC,19
2345948,19:18:00,19:18:10,stop_point:SP_3185,Route d'Espagne,20
2345948,19:19:00,19:19:10,stop_point:SP_4907,Joulin,21
2345948,19:20:00,19:20:10,stop_point:SP_3258,Larrieu,22
2345948,19:22:00,19:22:10,stop_point:SP_265,Clairfont,23
2345948,19:23:00,19:23:10,stop_point:SP_1374,Frênes,24
2345948,19:24:00,19:24:10,stop_point:SP_2247,Claire Fontaine,25
2345948,19:24:00,19:24:10,stop_point:SP_4000,Ecole Récébédou,26
2345948,19:25:00,19:25:10,stop_point:SP_4916,Ctre Cial Portet - Entrée 5,27
2345948,19:26:00,19:26:10,stop_point:SP_2008,Palanques,28
2345948,19:27:00,19:27:10,stop_point:SP_741,Ctre Cial Portet - Entrée 1,29
2345948,19:28:00,19:28:10,stop_point:SP_311,Bd de l'Europe,30
2345948,19:29:00,19:29:10,stop_point:SP_2882,Stade,31
2345948,19:30:00,19:30:10,stop_point:SP_3831,Occitanie,32
2345948,19:31:00,19:31:10,stop_point:SP_1947,Commerce,33
2345948,19:32:00,19:32:10,stop_point:SP_1897,Bosquets,34
2345948,19:34:00,19:34:10,stop_point:SP_4522,Jean Jaurès,35
2345948,19:36:00,19:36:10,stop_point:SP_4521,Portet Gare SNCF,36
2345949,19:14:00,19:14:10,stop_point:SP_461,Empalot,1
2345949,19:16:00,19:16:10,stop_point:SP_5378,Passerelle A. Conti,2
2345949,19:16:00,19:16:10,stop_point:SP_3506,Daste,3
2345949,19:17:00,19:17:10,stop_point:SP_806,Stadium Est,4
2345949,19:18:00,19:18:10,stop_point:SP_1012,Stadium Ouest,5
2345949,19:19:00,19:19:10,stop_point:SP_3759,Croix de Pierre,6
2345949,19:20:00,19:20:10,stop_point:SP_3915,Roc,7
2345949,19:21:00,19:21:10,stop_point:SP_3822,Barrière de Muret,8
2345949,19:22:00,19:22:10,stop_point:SP_3148,Penent,9
2345949,19:23:00,19:23:10,stop_point:SP_519,Gallieni,10
2345949,19:24:00,19:24:10,stop_point:SP_1436,Langlade,11
2345949,19:25:00,19:25:10,stop_point:SP_3779,Rond-Point Langlade,12
2345949,19:26:00,19:26:10,stop_point:SP_3025,Gironis - Mémorial AZF,13
2345949,19:27:00,19:27:10,stop_point:SP_931,Marchant,14
2345949,19:28:00,19:28:10,stop_point:SP_2330,Hubert Curien,15
2345949,19:28:00,19:28:10,stop_point:SP_324,Maison Commune,16
2345949,19:29:00,19:29:10,stop_point:SP_2491,Oncopole Courrière,17
2345949,19:30:00,19:30:10,stop_point:SP_5097,Oncopole - Lise Enjalbert,18
2345949,19:30:00,19:30:10,stop_point:SP_3604,IUC,19
2345949,19:31:00,19:31:10,stop_point:SP_3185,Route d'Espagne,20
2345949,19:32:00,19:32:10,stop_point:SP_4907,Joulin,21
2345949,19:33:00,19:33:10,stop_point:SP_3258,Larrieu,22
2345949,19:35:00,19:35:10,stop_point:SP_265,Clairfont,23
2345949,19:36:00,19:36:10,stop_point:SP_1374,Frênes,24
2345949,19:37:00,19:37:10,stop_point:SP_2247,Claire Fontaine,25
2345949,19:37:00,19:37:10,stop_point:SP_4000,Ecole Récébédou,26
2345949,19:38:00,19:38:10,stop_point:SP_4916,Ctre Cial Portet - Entrée 5,27
2345949,19:39:00,19:39:10,stop_point:SP_2008,Palanques,28
2345949,19:40:00,19:40:10,stop_point:SP_741,Ctre Cial Portet - Entrée 1,29
2345949,19:41:00,19:41:10,stop_point:SP_311,Bd de l'Europe,30
2345949,19:42:00,19:42:10,stop_point:SP_2882,Stade,31
2345949,19:43:00,19:43:10,stop_point:SP_3831,Occitanie,32
2345949,19:44:00,19:44:10,stop_point:SP_1947,Commerce,33
2345949,19:45:00,19:45:10,stop_point:SP_1897,Bosquets,34
2345949,19:46:00,19:46:10,stop_point:SP_4522,Jean Jaurès,35
2345949,19:48:00,19:48:10,stop_point:SP_4521,Portet Gare SNCF,36
2345950,19:29:00,19:29:10,stop_point:SP_461,Empalot,1
2345950,19:31:00,19:31:10,stop_point:SP_5378,Passerelle A. Conti,2
2345950,19:31:00,19:31:10,stop_point:SP_3506,Daste,3
2345950,19:32:00,19:32:10,stop_point:SP_806,Stadium Est,4
2345950,19:33:00,19:33:10,stop_point:SP_1012,Stadium Ouest,5
2345950,19:34:00,19:34:10,stop_point:SP_3759,Croix de Pierre,6
2345950,19:35:00,19:35:10,stop_point:SP_3915,Roc,7
2345950,19:36:00,19:36:10,stop_point:SP_3822,Barrière de Muret,8
2345950,19:37:00,19:37:10,stop_point:SP_3148,Penent,9
2345950,19:38:00,19:38:10,stop_point:SP_519,Gallieni,10
2345950,19:39:00,19:39:10,stop_point:SP_1436,Langlade,11
2345950,19:40:00,19:40:10,stop_point:SP_3779,Rond-Point Langlade,12
2345950,19:41:00,19:41:10,stop_point:SP_3025,Gironis - Mémorial AZF,13
2345950,19:42:00,19:42:10,stop_point:SP_931,Marchant,14
2345950,19:43:00,19:43:10,stop_point:SP_2330,Hubert Curien,15
2345950,19:43:00,19:43:10,stop_point:SP_324,Maison Commune,16
2345950,19:44:00,19:44:10,stop_point:SP_2491,Oncopole Courrière,17
2345950,19:45:00,19:45:10,stop_point:SP_5097,Oncopole - Lise Enjalbert,18
2345950,19:45:00,19:45:10,stop_point:SP_3604,IUC,19
2345950,19:46:00,19:46:10,stop_point:SP_3185,Route d'Espagne,20
2345950,19:47:00,19:47:10,stop_point:SP_4907,Joulin,21
2345950,19:48:00,19:48:10,stop_point:SP_3258,Larrieu,22
2345950,19:50:00,19:50:10,stop_point:SP_265,Clairfont,23
2345950,19:51:00,19:51:10,stop_point:SP_1374,Frênes,24
2345950,19:52:00,19:52:10,stop_point:SP_2247,Claire Fontaine,25
2345950,19:52:00,19:52:10,stop_point:SP_4000,Ecole Récébédou,26
2345950,19:53:00,19:53:10,stop_point:SP_4916,Ctre Cial Portet - Entrée 5,27
2345950,19:54:00,19:54:10,stop_point:SP_2008,Palanques,28
2345950,19:55:00,19:55:10,stop_point:SP_741,Ctre Cial Portet - Entrée 1,29
2345950,19:56:00,19:56:10,stop_point:SP_311,Bd de l'Europe,30
2345950,19:57:00,19:57:10,stop_point:SP_2882,Stade,31
2345950,19:58:00,19:58:10,stop_point:SP_3831,Occitanie,32
2345950,19:59:00,19:59:10,stop_point:SP_1947,Commerce,33
2345950,20:00:00,20:00:10,stop_point:SP_1897,Bosquets,34
2345950,20:01:00,20:01:10,stop_point:SP_4522,Jean Jaurès,35
2345950,20:03:00,20:03:10,stop_point:SP_4521,Portet Gare SNCF,36
2345951,19:44:00,19:44:10,stop_point:SP_461,Empalot,1
2345951,19:46:00,19:46:10,stop_point:SP_5378,Passerelle A. Conti,2
2345951,19:46:00,19:46:10,stop_point:SP_3506,Daste,3
2345951,19:47:00,19:47:10,stop_point:SP_806,Stadium Est,4
2345951,19:48:00,19:48:10,stop_point:SP_1012,Stadium Ouest,5
2345951,19:49:00,19:49:10,stop_point:SP_3759,Croix de Pierre,6
2345951,19:50:00,19:50:10,stop_point:SP_3915,Roc,7
2345951,19:51:00,19:51:10,stop_point:SP_3822,Barrière de Muret,8
2345951,19:52:00,19:52:10,stop_point:SP_3148,Penent,9
2345951,19:53:00,19:53:10,stop_point:SP_519,Gallieni,10
2345951,19:54:00,19:54:10,stop_point:SP_1436,Langlade,11
2345951,19:55:00,19:55:10,stop_point:SP_3779,Rond-Point Langlade,12
2345951,19:56:00,19:56:10,stop_point:SP_3025,Gironis - Mémorial AZF,13
2345951,19:57:00,19:57:10,stop_point:SP_931,Marchant,14
2345951,19:58:00,19:58:10,stop_point:SP_2330,Hubert Curien,15
2345951,19:58:00,19:58:10,stop_point:SP_324,Maison Commune,16
2345951,19:59:00,19:59:10,stop_point:SP_2491,Oncopole Courrière,17
2345951,20:00:00,20:00:10,stop_point:SP_5097,Oncopole - Lise Enjalbert,18
2345951,20:00:00,20:00:10,stop_point:SP_3604,IUC,19
2345951,20:01:00,20:01:10,stop_point:SP_3185,Route d'Espagne,20
2345951,20:02:00,20:02:10,stop_point:SP_4907,Joulin,21
2345951,20:03:00,20:03:10,stop_point:SP_3258,Larrieu,22
2345951,20:05:00,20:05:10,stop_point:SP_265,Clairfont,23
2345951,20:06:00,20:06:10,stop_point:SP_1374,Frênes,24
2345951,20:07:00,20:07:10,stop_point:SP_2247,Claire Fontaine,25
2345951,20:07:00,20:07:10,stop_point:SP_4000,Ecole Récébédou,26
2345951,20:08:00,20:08:10,stop_point:SP_4916,Ctre Cial Portet - Entrée 5,27
2345951,20:09:00,20:09:10,stop_point:SP_2008,Palanques,28
2345951,20:10:00,20:10:10,stop_point:SP_741,Ctre Cial Portet - Entrée 1,29
2345951,20:11:00,20:11:10,stop_point:SP_311,Bd de l'Europe,30
2345951,20:12:00,20:12:10,stop_point:SP_2882,Stade,31
2345951,20:13:00,20:13:10,stop_point:SP_3831,Occitanie,32
2345951,20:14:00,20:14:10,stop_point:SP_1947,Commerce,33
2345951,20:15:00,20:15:10,stop_point:SP_1897,Bosquets,34
2345951,20:16:00,20:16:10,stop_point:SP_4522,Jean Jaurès,35
2345951,20:18:00,20:18:10,stop_point:SP_4521,Portet Gare SNCF,36
2345952,19:59:00,19:59:10,stop_point:SP_461,Empalot,1
2345952,20:01:00,20:01:10,stop_point:SP_5378,Passerelle A. Conti,2
2345952,20:01:00,20:01:10,stop_point:SP_3506,Daste,3
2345952,20:02:00,20:02:10,stop_point:SP_806,Stadium Est,4
2345952,20:03:00,20:03:10,stop_point:SP_1012,Stadium Ouest,5
2345952,20:04:00,20:04:10,stop_point:SP_3759,Croix de Pierre,6
2345952,20:05:00,20:05:10,stop_point:SP_3915,Roc,7
2345952,20:06:00,20:06:10,stop_point:SP_3822,Barrière de Muret,8
2345952,20:07:00,20:07:10,stop_point:SP_3148,Penent,9
2345952,20:08:00,20:08:10,stop_point:SP_519,Gallieni,10
2345952,20:09:00,20:09:10,stop_point:SP_1436,Langlade,11
2345952,20:10:00,20:10:10,stop_point:SP_3779,Rond-Point Langlade,12
2345952,20:11:00,20:11:10,stop_point:SP_3025,Gironis - Mémorial AZF,13
2345952,20:12:00,20:12:10,stop_point:SP_931,Marchant,14
2345952,20:13:00,20:13:10,stop_point:SP_2330,Hubert Curien,15
2345952,20:13:00,20:13:10,stop_point:SP_324,Maison Commune,16
2345952,20:14:00,20:14:10,stop_point:SP_2491,Oncopole Courrière,17
2345952,20:15:00,20:15:10,stop_point:SP_5097,Oncopole - Lise Enjalbert,18
2345952,20:15:00,20:15:10,stop_point:SP_3604,IUC,19
2345952,20:16:00,20:16:10,stop_point:SP_3185,Route d'Espagne,20
2345952,20:16:00,20:16:10,stop_point:SP_4907,Joulin,21
2345952,20:17:00,20:17:10,stop_point:SP_3258,Larrieu,22
2345952,20:19:00,20:19:10,stop_point:SP_265,Clairfont,23
2345952,20:20:00,20:20:10,stop_point:SP_1374,Frênes,24
2345952,20:21:00,20:21:10,stop_point:SP_2247,Claire Fontaine,25
2345952,20:21:00,20:21:10,stop_point:SP_4000,Ecole Récébédou,26
2345952,20:22:00,20:22:10,stop_point:SP_4916,Ctre Cial Portet - Entrée 5,27
2345952,20:23:00,20:23:10,stop_point:SP_2008,Palanques,28
2345952,20:24:00,20:24:10,stop_point:SP_741,Ctre Cial Portet - Entrée 1,29
2345952,20:25:00,20:25:10,stop_point:SP_311,Bd de l'Europe,30
2345952,20:26:00,20:26:10,stop_point:SP_2882,Stade,31
2345952,20:27:00,20:27:10,stop_point:SP_3831,Occitanie,32
2345952,20:28:00,20:28:10,stop_point:SP_1947,Commerce,33
2345952,20:29:00,20:29:10,stop_point:SP_1897,Bosquets,34
2345952,20:30:00,20:30:10,stop_point:SP_4522,Jean Jaurès,35
2345952,20:32:00,20:32:10,stop_point:SP_4521,Portet Gare SNCF,36
2345953,20:14:00,20:14:10,stop_point:SP_461,Empalot,1
2345953,20:16:00,20:16:10,stop_point:SP_5378,Passerelle A. Conti,2
2345953,20:16:00,20:16:10,stop_point:SP_3506,Daste,3
2345953,20:17:00,20:17:10,stop_point:SP_806,Stadium Est,4
2345953,20:18:00,20:18:10,stop_point:SP_1012,Stadium Ouest,5
2345953,20:19:00,20:19:10,stop_point:SP_3759,Croix de Pierre,6
2345953,20:20:00,20:20:10,stop_point:SP_3915,Roc,7
2345953,20:21:00,20:21:10,stop_point:SP_3822,Barrière de Muret,8
2345953,20:22:00,20:22:10,stop_point:SP_3148,Penent,9
2345953,20:23:00,20:23:10,stop_point:SP_519,Gallieni,10
2345953,20:24:00,20:24:10,stop_point:SP_1436,Langlade,11
2345953,20:25:00,20:25:10,stop_point:SP_3779,Rond-Point Langlade,12
2345953,20:26:00,20:26:10,stop_point:SP_3025,Gironis - Mémorial AZF,13
2345953,20:27:00,20:27:10,stop_point:SP_931,Marchant,14
2345953,20:28:00,20:28:10,stop_point:SP_2330,Hubert Curien,15
2345953,20:28:00,20:28:10,stop_point:SP_324,Maison Commune,16
2345953,20:29:00,20:29:10,stop_point:SP_2491,Oncopole Courrière,17
2345953,20:30:00,20:30:10,stop_point:SP_5097,Oncopole - Lise Enjalbert,18
2345953,20:30:00,20:30:10,stop_point:SP_3604,IUC,19
2345953,20:31:00,20:31:10,stop_point:SP_3185,Route d'Espagne,20
2345953,20:31:00,20:31:10,stop_point:SP_4907,Joulin,21
2345953,20:32:00,20:32:10,stop_point:SP_3258,Larrieu,22
2345953,20:34:00,20:34:10,stop_point:SP_265,Clairfont,23
2345953,20:35:00,20:35:10,stop_point:SP_1374,Frênes,24
2345953,20:36:00,20:36:10,stop_point:SP_2247,Claire Fontaine,25
2345953,20:36:00,20:36:10,stop_point:SP_4000,Ecole Récébédou,26
2345953,20:37:00,20:37:10,stop_point:SP_4916,Ctre Cial Portet - Entrée 5,27
2345953,20:38:00,20:38:10,stop_point:SP_2008,Palanques,28
2345953,20:39:00,20:39:10,stop_point:SP_741,Ctre Cial Portet - Entrée 1,29
2345953,20:40:00,20:40:10,stop_point:SP_311,Bd de l'Europe,30
2345953,20:40:00,20:40:10,stop_point:SP_2882,Stade,31
2345953,20:41:00,20:41:10,stop_point:SP_3831,Occitanie,32
2345953,20:42:00,20:42:10,stop_point:SP_1947,Commerce,33
2345953,20:43:00,20:43:10,stop_point:SP_1897,Bosquets,34
2345953,20:44:00,20:44:10,stop_point:SP_4522,Jean Jaurès,35
2345953,20:46:00,20:46:10,stop_point:SP_4521,Portet Gare SNCF,36
2345954,20:34:00,20:34:10,stop_point:SP_461,Empalot,1
2345954,20:36:00,20:36:10,stop_point:SP_5378,Passerelle A. Conti,2
2345954,20:36:00,20:36:10,stop_point:SP_3506,Daste,3
2345954,20:37:00,20:37:10,stop_point:SP_806,Stadium Est,4
2345954,20:38:00,20:38:10,stop_point:SP_1012,Stadium Ouest,5
2345954,20:39:00,20:39:10,stop_point:SP_3759,Croix de Pierre,6
2345954,20:40:00,20:40:10,stop_point:SP_3915,Roc,7
2345954,20:41:00,20:41:10,stop_point:SP_3822,Barrière de Muret,8
2345954,20:42:00,20:42:10,stop_point:SP_3148,Penent,9
2345954,20:43:00,20:43:10,stop_point:SP_519,Gallieni,10
2345954,20:44:00,20:44:10,stop_point:SP_1436,Langlade,11
2345954,20:45:00,20:45:10,stop_point:SP_3779,Rond-Point Langlade,12
2345954,20:46:00,20:46:10,stop_point:SP_3025,Gironis - Mémorial AZF,13
2345954,20:47:00,20:47:10,stop_point:SP_931,Marchant,14
2345954,20:48:00,20:48:10,stop_point:SP_2330,Hubert Curien,15
2345954,20:48:00,20:48:10,stop_point:SP_324,Maison Commune,16
2345954,20:49:00,20:49:10,stop_point:SP_2491,Oncopole Courrière,17
2345954,20:50:00,20:50:10,stop_point:SP_5097,Oncopole - Lise Enjalbert,18
2345954,20:50:00,20:50:10,stop_point:SP_3604,IUC,19
2345954,20:51:00,20:51:10,stop_point:SP_3185,Route d'Espagne,20
2345954,20:51:00,20:51:10,stop_point:SP_4907,Joulin,21
2345954,20:52:00,20:52:10,stop_point:SP_3258,Larrieu,22
2345954,20:54:00,20:54:10,stop_point:SP_265,Clairfont,23
2345954,20:55:00,20:55:10,stop_point:SP_1374,Frênes,24
2345954,20:56:00,20:56:10,stop_point:SP_2247,Claire Fontaine,25
2345954,20:56:00,20:56:10,stop_point:SP_4000,Ecole Récébédou,26
2345954,20:57:00,20:57:10,stop_point:SP_4916,Ctre Cial Portet - Entrée 5,27
2345954,20:58:00,20:58:10,stop_point:SP_2008,Palanques,28
2345954,20:59:00,20:59:10,stop_point:SP_741,Ctre Cial Portet - Entrée 1,29
2345954,21:00:00,21:00:10,stop_point:SP_311,Bd de l'Europe,30
2345954,21:00:00,21:00:10,stop_point:SP_2882,Stade,31
2345954,21:01:00,21:01:10,stop_point:SP_3831,Occitanie,32
2345954,21:02:00,21:02:10,stop_point:SP_1947,Commerce,33
2345954,21:03:00,21:03:10,stop_point:SP_1897,Bosquets,34
2345954,21:04:00,21:04:10,stop_point:SP_4522,Jean Jaurès,35
2345954,21:06:00,21:06:10,stop_point:SP_4521,Portet Gare SNCF,36
2345955,20:54:00,20:54:10,stop_point:SP_461,Empalot,1
2345955,20:56:00,20:56:10,stop_point:SP_5378,Passerelle A. Conti,2
2345955,20:56:00,20:56:10,stop_point:SP_3506,Daste,3
2345955,20:57:00,20:57:10,stop_point:SP_806,Stadium Est,4
2345955,20:58:00,20:58:10,stop_point:SP_1012,Stadium Ouest,5
2345955,20:59:00,20:59:10,stop_point:SP_3759,Croix de Pierre,6
2345955,21:00:00,21:00:10,stop_point:SP_3915,Roc,7
2345955,21:01:00,21:01:10,stop_point:SP_3822,Barrière de Muret,8
2345955,21:01:00,21:01:10,stop_point:SP_3148,Penent,9
2345955,21:02:00,21:02:10,stop_point:SP_519,Gallieni,10
2345955,21:03:00,21:03:10,stop_point:SP_1436,Langlade,11
2345955,21:04:00,21:04:10,stop_point:SP_3779,Rond-Point Langlade,12
2345955,21:05:00,21:05:10,stop_point:SP_3025,Gironis - Mémorial AZF,13
2345955,21:06:00,21:06:10,stop_point:SP_931,Marchant,14
2345955,21:06:00,21:06:10,stop_point:SP_2330,Hubert Curien,15
2345955,21:07:00,21:07:10,stop_point:SP_324,Maison Commune,16
2345955,21:08:00,21:08:10,stop_point:SP_2491,Oncopole Courrière,17
2345955,21:08:00,21:08:10,stop_point:SP_5097,Oncopole - Lise Enjalbert,18
2345955,21:08:00,21:08:10,stop_point:SP_3604,IUC,19
2345955,21:09:00,21:09:10,stop_point:SP_3185,Route d'Espagne,20
2345955,21:09:00,21:09:10,stop_point:SP_4907,Joulin,21
2345955,21:10:00,21:10:10,stop_point:SP_3258,Larrieu,22
2345955,21:12:00,21:12:10,stop_point:SP_265,Clairfont,23
2345955,21:13:00,21:13:10,stop_point:SP_1374,Frênes,24
2345955,21:14:00,21:14:10,stop_point:SP_2247,Claire Fontaine,25
2345955,21:14:00,21:14:10,stop_point:SP_4000,Ecole Récébédou,26
2345955,21:15:00,21:15:10,stop_point:SP_4916,Ctre Cial Portet - Entrée 5,27
2345955,21:16:00,21:16:10,stop_point:SP_2008,Palanques,28
2345955,21:17:00,21:17:10,stop_point:SP_741,Ctre Cial Portet - Entrée 1,29
2345955,21:18:00,21:18:10,stop_point:SP_311,Bd de l'Europe,30
2345955,21:18:00,21:18:10,stop_point:SP_2882,Stade,31
2345955,21:19:00,21:19:10,stop_point:SP_3831,Occitanie,32
2345955,21:20:00,21:20:10,stop_point:SP_1947,Commerce,33
2345955,21:21:00,21:21:10,stop_point:SP_1897,Bosquets,34
2345955,21:22:00,21:22:10,stop_point:SP_4522,Jean Jaurès,35
2345955,21:24:00,21:24:10,stop_point:SP_4521,Portet Gare SNCF,36
2345956,21:14:00,21:14:10,stop_point:SP_461,Empalot,1
2345956,21:16:00,21:16:10,stop_point:SP_5378,Passerelle A. Conti,2
2345956,21:16:00,21:16:10,stop_point:SP_3506,Daste,3
2345956,21:17:00,21:17:10,stop_point:SP_806,Stadium Est,4
2345956,21:18:00,21:18:10,stop_point:SP_1012,Stadium Ouest,5
2345956,21:19:00,21:19:10,stop_point:SP_3759,Croix de Pierre,6
2345956,21:20:00,21:20:10,stop_point:SP_3915,Roc,7
2345956,21:21:00,21:21:10,stop_point:SP_3822,Barrière de Muret,8
2345956,21:21:00,21:21:10,stop_point:SP_3148,Penent,9
2345956,21:22:00,21:22:10,stop_point:SP_519,Gallieni,10
2345956,21:23:00,21:23:10,stop_point:SP_1436,Langlade,11
2345956,21:24:00,21:24:10,stop_point:SP_3779,Rond-Point Langlade,12
2345956,21:25:00,21:25:10,stop_point:SP_3025,Gironis - Mémorial AZF,13
2345956,21:26:00,21:26:10,stop_point:SP_931,Marchant,14
2345956,21:26:00,21:26:10,stop_point:SP_2330,Hubert Curien,15
2345956,21:27:00,21:27:10,stop_point:SP_324,Maison Commune,16
2345956,21:28:00,21:28:10,stop_point:SP_2491,Oncopole Courrière,17
2345956,21:28:00,21:28:10,stop_point:SP_5097,Oncopole - Lise Enjalbert,18
2345956,21:28:00,21:28:10,stop_point:SP_3604,IUC,19
2345956,21:29:00,21:29:10,stop_point:SP_3185,Route d'Espagne,20
2345956,21:29:00,21:29:10,stop_point:SP_4907,Joulin,21
2345956,21:30:00,21:30:10,stop_point:SP_3258,Larrieu,22
2345956,21:32:00,21:32:10,stop_point:SP_265,Clairfont,23
2345956,21:33:00,21:33:10,stop_point:SP_1374,Frênes,24
2345956,21:34:00,21:34:10,stop_point:SP_2247,Claire Fontaine,25
2345956,21:34:00,21:34:10,stop_point:SP_4000,Ecole Récébédou,26
2345956,21:35:00,21:35:10,stop_point:SP_4916,Ctre Cial Portet - Entrée 5,27
2345956,21:36:00,21:36:10,stop_point:SP_2008,Palanques,28
2345956,21:37:00,21:37:10,stop_point:SP_741,Ctre Cial Portet - Entrée 1,29
2345956,21:38:00,21:38:10,stop_point:SP_311,Bd de l'Europe,30
2345956,21:38:00,21:38:10,stop_point:SP_2882,Stade,31
2345956,21:39:00,21:39:10,stop_point:SP_3831,Occitanie,32
2345956,21:40:00,21:40:10,stop_point:SP_1947,Commerce,33
2345956,21:41:00,21:41:10,stop_point:SP_1897,Bosquets,34
2345956,21:42:00,21:42:10,stop_point:SP_4522,Jean Jaurès,35
2345956,21:44:00,21:44:10,stop_point:SP_4521,Portet Gare SNCF,36
2345957,21:35:00,21:35:10,stop_point:SP_461,Empalot,1
2345957,21:37:00,21:37:10,stop_point:SP_5378,Passerelle A. Conti,2
2345957,21:37:00,21:37:10,stop_point:SP_3506,Daste,3
2345957,21:38:00,21:38:10,stop_point:SP_806,Stadium Est,4
2345957,21:39:00,21:39:10,stop_point:SP_1012,Stadium Ouest,5
2345957,21:40:00,21:40:10,stop_point:SP_3759,Croix de Pierre,6
2345957,21:41:00,21:41:10,stop_point:SP_3915,Roc,7
2345957,21:42:00,21:42:10,stop_point:SP_3822,Barrière de Muret,8
2345957,21:42:00,21:42:10,stop_point:SP_3148,Penent,9
2345957,21:43:00,21:43:10,stop_point:SP_519,Gallieni,10
2345957,21:44:00,21:44:10,stop_point:SP_1436,Langlade,11
2345957,21:45:00,21:45:10,stop_point:SP_3779,Rond-Point Langlade,12
2345957,21:46:00,21:46:10,stop_point:SP_3025,Gironis - Mémorial AZF,13
2345957,21:47:00,21:47:10,stop_point:SP_931,Marchant,14
2345957,21:47:00,21:47:10,stop_point:SP_2330,Hubert Curien,15
2345957,21:48:00,21:48:10,stop_point:SP_324,Maison Commune,16
2345957,21:49:00,21:49:10,stop_point:SP_2491,Oncopole Courrière,17
2345957,21:49:00,21:49:10,stop_point:SP_5097,Oncopole - Lise Enjalbert,18
2345957,21:49:00,21:49:10,stop_point:SP_3604,IUC,19
2345957,21:50:00,21:50:10,stop_point:SP_3185,Route d'Espagne,20
2345957,21:50:00,21:50:10,stop_point:SP_4907,Joulin,21
2345957,21:51:00,21:51:10,stop_point:SP_3258,Larrieu,22
2345957,21:53:00,21:53:10,stop_point:SP_265,Clairfont,23
2345957,21:54:00,21:54:10,stop_point:SP_1374,Frênes,24
2345957,21:55:00,21:55:10,stop_point:SP_2247,Claire Fontaine,25
2345957,21:55:00,21:55:10,stop_point:SP_4000,Ecole Récébédou,26
2345957,21:56:00,21:56:10,stop_point:SP_4916,Ctre Cial Portet - Entrée 5,27
2345957,21:57:00,21:57:10,stop_point:SP_2008,Palanques,28
2345957,21:58:00,21:58:10,stop_point:SP_741,Ctre Cial Portet - Entrée 1,29
2345957,21:59:00,21:59:10,stop_point:SP_311,Bd de l'Europe,30
2345957,21:59:00,21:59:10,stop_point:SP_2882,Stade,31
2345957,22:00:00,22:00:10,stop_point:SP_3831,Occitanie,32
2345957,22:01:00,22:01:10,stop_point:SP_1947,Commerce,33
2345957,22:02:00,22:02:10,stop_point:SP_1897,Bosquets,34
2345957,22:03:00,22:03:10,stop_point:SP_4522,Jean Jaurès,35
2345957,22:05:00,22:05:10,stop_point:SP_4521,Portet Gare SNCF,36
2345958,22:00:00,22:00:10,stop_point:SP_461,Empalot,1
2345958,22:02:00,22:02:10,stop_point:SP_5378,Passerelle A. Conti,2
2345958,22:02:00,22:02:10,stop_point:SP_3506,Daste,3
2345958,22:03:00,22:03:10,stop_point:SP_806,Stadium Est,4
2345958,22:04:00,22:04:10,stop_point:SP_1012,Stadium Ouest,5
2345958,22:05:00,22:05:10,stop_point:SP_3759,Croix de Pierre,6
2345958,22:06:00,22:06:10,stop_point:SP_3915,Roc,7
2345958,22:07:00,22:07:10,stop_point:SP_3822,Barrière de Muret,8
2345958,22:07:00,22:07:10,stop_point:SP_3148,Penent,9
2345958,22:08:00,22:08:10,stop_point:SP_519,Gallieni,10
2345958,22:09:00,22:09:10,stop_point:SP_1436,Langlade,11
2345958,22:10:00,22:10:10,stop_point:SP_3779,Rond-Point Langlade,12
2345958,22:11:00,22:11:10,stop_point:SP_3025,Gironis - Mémorial AZF,13
2345958,22:12:00,22:12:10,stop_point:SP_931,Marchant,14
2345958,22:12:00,22:12:10,stop_point:SP_2330,Hubert Curien,15
2345958,22:13:00,22:13:10,stop_point:SP_324,Maison Commune,16
2345958,22:14:00,22:14:10,stop_point:SP_2491,Oncopole Courrière,17
2345958,22:14:00,22:14:10,stop_point:SP_5097,Oncopole - Lise Enjalbert,18
2345958,22:14:00,22:14:10,stop_point:SP_3604,IUC,19
2345958,22:15:00,22:15:10,stop_point:SP_3185,Route d'Espagne,20
2345958,22:15:00,22:15:10,stop_point:SP_4907,Joulin,21
2345958,22:16:00,22:16:10,stop_point:SP_3258,Larrieu,22
2345958,22:18:00,22:18:10,stop_point:SP_265,Clairfont,23
2345958,22:19:00,22:19:10,stop_point:SP_1374,Frênes,24
2345958,22:20:00,22:20:10,stop_point:SP_2247,Claire Fontaine,25
2345958,22:20:00,22:20:10,stop_point:SP_4000,Ecole Récébédou,26
2345958,22:21:00,22:21:10,stop_point:SP_4916,Ctre Cial Portet - Entrée 5,27
2345958,22:22:00,22:22:10,stop_point:SP_2008,Palanques,28
2345958,22:23:00,22:23:10,stop_point:SP_741,Ctre Cial Portet - Entrée 1,29
2345958,22:24:00,22:24:10,stop_point:SP_311,Bd de l'Europe,30
2345958,22:24:00,22:24:10,stop_point:SP_2882,Stade,31
2345958,22:25:00,22:25:10,stop_point:SP_3831,Occitanie,32
2345958,22:26:00,22:26:10,stop_point:SP_1947,Commerce,33
2345958,22:27:00,22:27:10,stop_point:SP_1897,Bosquets,34
2345958,22:28:00,22:28:10,stop_point:SP_4522,Jean Jaurès,35
2345958,22:30:00,22:30:10,stop_point:SP_4521,Portet Gare SNCF,36
2345959,22:30:00,22:30:10,stop_point:SP_461,Empalot,1
2345959,22:32:00,22:32:10,stop_point:SP_5378,Passerelle A. Conti,2
2345959,22:32:00,22:32:10,stop_point:SP_3506,Daste,3
2345959,22:33:00,22:33:10,stop_point:SP_806,Stadium Est,4
2345959,22:34:00,22:34:10,stop_point:SP_1012,Stadium Ouest,5
2345959,22:35:00,22:35:10,stop_point:SP_3759,Croix de Pierre,6
2345959,22:36:00,22:36:10,stop_point:SP_3915,Roc,7
2345959,22:37:00,22:37:10,stop_point:SP_3822,Barrière de Muret,8
2345959,22:37:00,22:37:10,stop_point:SP_3148,Penent,9
2345959,22:38:00,22:38:10,stop_point:SP_519,Gallieni,10
2345959,22:39:00,22:39:10,stop_point:SP_1436,Langlade,11
2345959,22:40:00,22:40:10,stop_point:SP_3779,Rond-Point Langlade,12
2345959,22:41:00,22:41:10,stop_point:SP_3025,Gironis - Mémorial AZF,13
2345959,22:42:00,22:42:10,stop_point:SP_931,Marchant,14
2345959,22:42:00,22:42:10,stop_point:SP_2330,Hubert Curien,15
2345959,22:43:00,22:43:10,stop_point:SP_324,Maison Commune,16
2345959,22:44:00,22:44:10,stop_point:SP_2491,Oncopole Courrière,17
2345959,22:44:00,22:44:10,stop_point:SP_5097,Oncopole - Lise Enjalbert,18
2345959,22:44:00,22:44:10,stop_point:SP_3604,IUC,19
2345959,22:45:00,22:45:10,stop_point:SP_3185,Route d'Espagne,20
2345959,22:45:00,22:45:10,stop_point:SP_4907,Joulin,21
2345959,22:46:00,22:46:10,stop_point:SP_3258,Larrieu,22
2345959,22:48:00,22:48:10,stop_point:SP_265,Clairfont,23
2345959,22:49:00,22:49:10,stop_point:SP_1374,Frênes,24
2345959,22:50:00,22:50:10,stop_point:SP_2247,Claire Fontaine,25
2345959,22:50:00,22:50:10,stop_point:SP_4000,Ecole Récébédou,26
2345959,22:51:00,22:51:10,stop_point:SP_4916,Ctre Cial Portet - Entrée 5,27
2345959,22:52:00,22:52:10,stop_point:SP_2008,Palanques,28
2345959,22:53:00,22:53:10,stop_point:SP_741,Ctre Cial Portet - Entrée 1,29
2345959,22:54:00,22:54:10,stop_point:SP_311,Bd de l'Europe,30
2345959,22:54:00,22:54:10,stop_point:SP_2882,Stade,31
2345959,22:55:00,22:55:10,stop_point:SP_3831,Occitanie,32
2345959,22:56:00,22:56:10,stop_point:SP_1947,Commerce,33
2345959,22:57:00,22:57:10,stop_point:SP_1897,Bosquets,34
2345959,22:58:00,22:58:10,stop_point:SP_4522,Jean Jaurès,35
2345959,23:00:00,23:00:10,stop_point:SP_4521,Portet Gare SNCF,36
2345960,23:00:00,23:00:10,stop_point:SP_461,Empalot,1
2345960,23:02:00,23:02:10,stop_point:SP_5378,Passerelle A. Conti,2
2345960,23:02:00,23:02:10,stop_point:SP_3506,Daste,3
2345960,23:03:00,23:03:10,stop_point:SP_806,Stadium Est,4
2345960,23:04:00,23:04:10,stop_point:SP_1012,Stadium Ouest,5
2345960,23:05:00,23:05:10,stop_point:SP_3759,Croix de Pierre,6
2345960,23:06:00,23:06:10,stop_point:SP_3915,Roc,7
2345960,23:06:00,23:06:10,stop_point:SP_3822,Barrière de Muret,8
2345960,23:07:00,23:07:10,stop_point:SP_3148,Penent,9
2345960,23:08:00,23:08:10,stop_point:SP_519,Gallieni,10
2345960,23:08:00,23:08:10,stop_point:SP_1436,Langlade,11
2345960,23:09:00,23:09:10,stop_point:SP_3779,Rond-Point Langlade,12
2345960,23:10:00,23:10:10,stop_point:SP_3025,Gironis - Mémorial AZF,13
2345960,23:11:00,23:11:10,stop_point:SP_931,Marchant,14
2345960,23:11:00,23:11:10,stop_point:SP_2330,Hubert Curien,15
2345960,23:12:00,23:12:10,stop_point:SP_324,Maison Commune,16
2345960,23:13:00,23:13:10,stop_point:SP_2491,Oncopole Courrière,17
2345960,23:13:00,23:13:10,stop_point:SP_5097,Oncopole - Lise Enjalbert,18
2345960,23:13:00,23:13:10,stop_point:SP_3604,IUC,19
2345960,23:14:00,23:14:10,stop_point:SP_3185,Route d'Espagne,20
2345960,23:14:00,23:14:10,stop_point:SP_4907,Joulin,21
2345960,23:15:00,23:15:10,stop_point:SP_3258,Larrieu,22
2345960,23:17:00,23:17:10,stop_point:SP_265,Clairfont,23
2345960,23:18:00,23:18:10,stop_point:SP_1374,Frênes,24
2345960,23:19:00,23:19:10,stop_point:SP_2247,Claire Fontaine,25
2345960,23:19:00,23:19:10,stop_point:SP_4000,Ecole Récébédou,26
2345960,23:20:00,23:20:10,stop_point:SP_4916,Ctre Cial Portet - Entrée 5,27
2345960,23:21:00,23:21:10,stop_point:SP_2008,Palanques,28
2345960,23:22:00,23:22:10,stop_point:SP_741,Ctre Cial Portet - Entrée 1,29
2345960,23:23:00,23:23:10,stop_point:SP_311,Bd de l'Europe,30
2345960,23:23:00,23:23:10,stop_point:SP_2882,Stade,31
2345960,23:24:00,23:24:10,stop_point:SP_3831,Occitanie,32
2345960,23:25:00,23:25:10,stop_point:SP_1947,Commerce,33
2345960,23:26:00,23:26:10,stop_point:SP_1897,Bosquets,34
2345960,23:27:00,23:27:10,stop_point:SP_4522,Jean Jaurès,35
2345960,23:29:00,23:29:10,stop_point:SP_4521,Portet Gare SNCF,36
2345961,23:30:00,23:30:10,stop_point:SP_461,Empalot,1
2345961,23:32:00,23:32:10,stop_point:SP_5378,Passerelle A. Conti,2
2345961,23:32:00,23:32:10,stop_point:SP_3506,Daste,3
2345961,23:33:00,23:33:10,stop_point:SP_806,Stadium Est,4
2345961,23:34:00,23:34:10,stop_point:SP_1012,Stadium Ouest,5
2345961,23:35:00,23:35:10,stop_point:SP_3759,Croix de Pierre,6
2345961,23:36:00,23:36:10,stop_point:SP_3915,Roc,7
2345961,23:36:00,23:36:10,stop_point:SP_3822,Barrière de Muret,8
2345961,23:37:00,23:37:10,stop_point:SP_3148,Penent,9
2345961,23:38:00,23:38:10,stop_point:SP_519,Gallieni,10
2345961,23:38:00,23:38:10,stop_point:SP_1436,Langlade,11
2345961,23:39:00,23:39:10,stop_point:SP_3779,Rond-Point Langlade,12
2345961,23:40:00,23:40:10,stop_point:SP_3025,Gironis - Mémorial AZF,13
2345961,23:41:00,23:41:10,stop_point:SP_931,Marchant,14
2345961,23:41:00,23:41:10,stop_point:SP_2330,Hubert Curien,15
2345961,23:42:00,23:42:10,stop_point:SP_324,Maison Commune,16
2345961,23:43:00,23:43:10,stop_point:SP_2491,Oncopole Courrière,17
2345961,23:43:00,23:43:10,stop_point:SP_5097,Oncopole - Lise Enjalbert,18
2345961,23:43:00,23:43:10,stop_point:SP_3604,IUC,19
2345961,23:44:00,23:44:10,stop_point:SP_3185,Route d'Espagne,20
2345961,23:44:00,23:44:10,stop_point:SP_4907,Joulin,21
2345961,23:45:00,23:45:10,stop_point:SP_3258,Larrieu,22
2345961,23:47:00,23:47:10,stop_point:SP_265,Clairfont,23
2345961,23:48:00,23:48:10,stop_point:SP_1374,Frênes,24
2345961,23:49:00,23:49:10,stop_point:SP_2247,Claire Fontaine,25
2345961,23:49:00,23:49:10,stop_point:SP_4000,Ecole Récébédou,26
2345961,23:50:00,23:50:10,stop_point:SP_4916,Ctre Cial Portet - Entrée 5,27
2345961,23:51:00,23:51:10,stop_point:SP_2008,Palanques,28
2345961,23:52:00,23:52:10,stop_point:SP_741,Ctre Cial Portet - Entrée 1,29
2345961,23:53:00,23:53:10,stop_point:SP_311,Bd de l'Europe,30
2345961,23:53:00,23:53:10,stop_point:SP_2882,Stade,31
2345961,23:54:00,23:54:10,stop_point:SP_3831,Occitanie,32
2345961,23:55:00,23:55:10,stop_point:SP_1947,Commerce,33
2345961,23:56:00,23:56:10,stop_point:SP_1897,Bosquets,34
2345961,23:57:00,23:57:10,stop_point:SP_4522,Jean Jaurès,35
2345961,23:59:00,23:59:10,stop_point:SP_4521,Portet Gare SNCF,36
2345962,24:00:00,24:00:10,stop_point:SP_461,Empalot,1
2345962,24:02:00,24:02:10,stop_point:SP_5378,Passerelle A. Conti,2
2345962,24:02:00,24:02:10,stop_point:SP_3506,Daste,3
2345962,24:03:00,24:03:10,stop_point:SP_806,Stadium Est,4
2345962,24:04:00,24:04:10,stop_point:SP_1012,Stadium Ouest,5
2345962,24:05:00,24:05:10,stop_point:SP_3759,Croix de Pierre,6
2345962,24:06:00,24:06:10,stop_point:SP_3915,Roc,7
2345962,24:06:00,24:06:10,stop_point:SP_3822,Barrière de Muret,8
2345962,24:07:00,24:07:10,stop_point:SP_3148,Penent,9
2345962,24:08:00,24:08:10,stop_point:SP_519,Gallieni,10
2345962,24:08:00,24:08:10,stop_point:SP_1436,Langlade,11
2345962,24:09:00,24:09:10,stop_point:SP_3779,Rond-Point Langlade,12
2345962,24:10:00,24:10:10,stop_point:SP_3025,Gironis - Mémorial AZF,13
2345962,24:11:00,24:11:10,stop_point:SP_931,Marchant,14
2345962,24:11:00,24:11:10,stop_point:SP_2330,Hubert Curien,15
2345962,24:12:00,24:12:10,stop_point:SP_324,Maison Commune,16
2345962,24:13:00,24:13:10,stop_point:SP_2491,Oncopole Courrière,17
2345962,24:13:00,24:13:10,stop_point:SP_5097,Oncopole - Lise Enjalbert,18
2345962,24:13:00,24:13:10,stop_point:SP_3604,IUC,19
2345962,24:14:00,24:14:10,stop_point:SP_3185,Route d'Espagne,20
2345962,24:14:00,24:14:10,stop_point:SP_4907,Joulin,21
2345962,24:15:00,24:15:10,stop_point:SP_3258,Larrieu,22
2345962,24:17:00,24:17:10,stop_point:SP_265,Clairfont,23
2345962,24:18:00,24:18:10,stop_point:SP_1374,Frênes,24
2345962,24:19:00,24:19:10,stop_point:SP_2247,Claire Fontaine,25
2345962,24:19:00,24:19:10,stop_point:SP_4000,Ecole Récébédou,26
2345962,24:20:00,24:20:10,stop_point:SP_4916,Ctre Cial Portet - Entrée 5,27
2345962,24:21:00,24:21:10,stop_point:SP_2008,Palanques,28
2345962,24:22:00,24:22:10,stop_point:SP_741,Ctre Cial Portet - Entrée 1,29
2345962,24:23:00,24:23:10,stop_point:SP_311,Bd de l'Europe,30
2345962,24:23:00,24:23:10,stop_point:SP_2882,Stade,31
2345962,24:24:00,24:24:10,stop_point:SP_3831,Occitanie,32
2345962,24:25:00,24:25:10,stop_point:SP_1947,Commerce,33
2345962,24:26:00,24:26:10,stop_point:SP_1897,Bosquets,34
2345962,24:27:00,24:27:10,stop_point:SP_4522,Jean Jaurès,35
2345962,24:29:00,24:29:10,stop_point:SP_4521,Portet Gare SNCF,36
2345963,24:30:00,24:30:10,stop_point:SP_461,Empalot,1
2345963,24:32:00,24:32:10,stop_point:SP_5378,Passerelle A. Conti,2
2345963,24:32:00,24:32:10,stop_point:SP_3506,Daste,3
2345963,24:33:00,24:33:10,stop_point:SP_806,Stadium Est,4
2345963,24:34:00,24:34:10,stop_point:SP_1012,Stadium Ouest,5
2345963,24:35:00,24:35:10,stop_point:SP_3759,Croix de Pierre,6
2345963,24:36:00,24:36:10,stop_point:SP_3915,Roc,7
2345963,24:36:00,24:36:10,stop_point:SP_3822,Barrière de Muret,8
2345963,24:37:00,24:37:10,stop_point:SP_3148,Penent,9
2345963,24:38:00,24:38:10,stop_point:SP_519,Gallieni,10
2345963,24:38:00,24:38:10,stop_point:SP_1436,Langlade,11
2345963,24:39:00,24:39:10,stop_point:SP_3779,Rond-Point Langlade,12
2345963,24:40:00,24:40:10,stop_point:SP_3025,Gironis - Mémorial AZF,13
2345963,24:41:00,24:41:10,stop_point:SP_931,Marchant,14
2345963,24:41:00,24:41:10,stop_point:SP_2330,Hubert Curien,15
2345963,24:42:00,24:42:10,stop_point:SP_324,Maison Commune,16
2345963,24:43:00,24:43:10,stop_point:SP_2491,Oncopole Courrière,17
2345963,24:43:00,24:43:10,stop_point:SP_5097,Oncopole - Lise Enjalbert,18
2345963,24:43:00,24:43:10,stop_point:SP_3604,IUC,19
2345963,24:44:00,24:44:10,stop_point:SP_3185,Route d'Espagne,20
2345963,24:44:00,24:44:10,stop_point:SP_4907,Joulin,21
2345963,24:45:00,24:45:10,stop_point:SP_3258,Larrieu,22
2345963,24:47:00,24:47:10,stop_point:SP_265,Clairfont,23
2345963,24:48:00,24:48:10,stop_point:SP_1374,Frênes,24
2345963,24:49:00,24:49:10,stop_point:SP_2247,Claire Fontaine,25
2345963,24:49:00,24:49:10,stop_point:SP_4000,Ecole Récébédou,26
2345963,24:50:00,24:50:10,stop_point:SP_4916,Ctre Cial Portet - Entrée 5,27
2345963,24:51:00,24:51:10,stop_point:SP_2008,Palanques,28
2345963,24:52:00,24:52:10,stop_point:SP_741,Ctre Cial Portet - Entrée 1,29
2345963,24:53:00,24:53:10,stop_point:SP_311,Bd de l'Europe,30
2345963,24:53:00,24:53:10,stop_point:SP_2882,Stade,31
2345963,24:54:00,24:54:10,stop_point:SP_3831,Occitanie,32
2345963,24:55:00,24:55:10,stop_point:SP_1947,Commerce,33
2345963,24:56:00,24:56:10,stop_point:SP_1897,Bosquets,34
2345963,24:57:00,24:57:10,stop_point:SP_4522,Jean Jaurès,35
2345963,24:59:00,24:59:10,stop_point:SP_4521,Portet Gare SNCF,36
2345964,25:00:00,25:00:10,stop_point:SP_461,Empalot,1
2345964,25:02:00,25:02:10,stop_point:SP_5378,Passerelle A. Conti,2
2345964,25:02:00,25:02:10,stop_point:SP_3506,Daste,3
2345964,25:03:00,25:03:10,stop_point:SP_806,Stadium Est,4
2345964,25:04:00,25:04:10,stop_point:SP_1012,Stadium Ouest,5
2345964,25:05:00,25:05:10,stop_point:SP_3759,Croix de Pierre,6
2345964,25:06:00,25:06:10,stop_point:SP_3915,Roc,7
2345964,25:06:00,25:06:10,stop_point:SP_3822,Barrière de Muret,8
2345964,25:07:00,25:07:10,stop_point:SP_3148,Penent,9
2345964,25:08:00,25:08:10,stop_point:SP_519,Gallieni,10
2345964,25:08:00,25:08:10,stop_point:SP_1436,Langlade,11
2345964,25:09:00,25:09:10,stop_point:SP_3779,Rond-Point Langlade,12
2345964,25:10:00,25:10:10,stop_point:SP_3025,Gironis - Mémorial AZF,13
2345964,25:11:00,25:11:10,stop_point:SP_931,Marchant,14
2345964,25:11:00,25:11:10,stop_point:SP_2330,Hubert Curien,15
2345964,25:12:00,25:12:10,stop_point:SP_324,Maison Commune,16
2345964,25:13:00,25:13:10,stop_point:SP_2491,Oncopole Courrière,17
2345964,25:13:00,25:13:10,stop_point:SP_5097,Oncopole - Lise Enjalbert,18
2345964,25:13:00,25:13:10,stop_point:SP_3604,IUC,19
2345964,25:14:00,25:14:10,stop_point:SP_3185,Route d'Espagne,20
2345964,25:14:00,25:14:10,stop_point:SP_4907,Joulin,21
2345964,25:15:00,25:15:10,stop_point:SP_3258,Larrieu,22
2345964,25:17:00,25:17:10,stop_point:SP_265,Clairfont,23
2345964,25:18:00,25:18:10,stop_point:SP_1374,Frênes,24
2345964,25:19:00,25:19:10,stop_point:SP_2247,Claire Fontaine,25
2345964,25:19:00,25:19:10,stop_point:SP_4000,Ecole Récébédou,26
2345964,25:20:00,25:20:10,stop_point:SP_4916,Ctre Cial Portet - Entrée 5,27
2345964,25:21:00,25:21:10,stop_point:SP_2008,Palanques,28
2345964,25:22:00,25:22:10,stop_point:SP_741,Ctre Cial Portet - Entrée 1,29
2345964,25:23:00,25:23:10,stop_point:SP_311,Bd de l'Europe,30
2345964,25:23:00,25:23:10,stop_point:SP_2882,Stade,31
2345964,25:24:00,25:24:10,stop_point:SP_3831,Occitanie,32
2345964,25:25:00,25:25:10,stop_point:SP_1947,Commerce,33
2345964,25:26:00,25:26:10,stop_point:SP_1897,Bosquets,34
2345964,25:27:00,25:27:10,stop_point:SP_4522,Jean Jaurès,35
2345964,25:29:00,25:29:10,stop_point:SP_4521,Portet Gare SNCF,36
2345965,07:52:00,07:52:10,stop_point:SP_2892,IUC,1
2345965,07:52:00,07:52:10,stop_point:SP_5096,Oncopole - Lise Enjalbert,2
2345965,07:53:00,07:53:10,stop_point:SP_2663,Oncopole Courrière,3
2345965,07:54:00,07:54:10,stop_point:SP_116,Maison Commune,4
2345965,07:54:00,07:54:10,stop_point:SP_1334,Hubert Curien,5
2345965,07:55:00,07:55:10,stop_point:SP_1973,Marchant,6
2345965,07:56:00,07:56:10,stop_point:SP_3988,Gironis - Mémorial AZF,7
2345965,07:57:00,07:57:10,stop_point:SP_3430,Rond-Point Langlade,8
2345965,07:59:00,07:59:10,stop_point:SP_657,Langlade,9
2345965,08:00:00,08:00:10,stop_point:SP_1579,Gallieni,10
2345965,08:01:00,08:01:10,stop_point:SP_1859,Penent,11
2345965,08:02:00,08:02:10,stop_point:SP_3122,Barrière de Muret,12
2345965,08:04:00,08:04:10,stop_point:SP_3422,Roc,13
2345965,08:05:00,08:05:10,stop_point:SP_1188,Croix de Pierre,14
2345965,08:06:00,08:06:10,stop_point:SP_58,Stadium Ouest,15
2345965,08:07:00,08:07:10,stop_point:SP_3098,Stadium Est,16
2345965,08:10:00,08:10:10,stop_point:SP_461,Empalot,17
2345966,08:01:00,08:01:10,stop_point:SP_2892,IUC,1
2345966,08:01:00,08:01:10,stop_point:SP_5096,Oncopole - Lise Enjalbert,2
2345966,08:02:00,08:02:10,stop_point:SP_2663,Oncopole Courrière,3
2345966,08:03:00,08:03:10,stop_point:SP_116,Maison Commune,4
2345966,08:03:00,08:03:10,stop_point:SP_1334,Hubert Curien,5
2345966,08:04:00,08:04:10,stop_point:SP_1973,Marchant,6
2345966,08:05:00,08:05:10,stop_point:SP_3988,Gironis - Mémorial AZF,7
2345966,08:06:00,08:06:10,stop_point:SP_3430,Rond-Point Langlade,8
2345966,08:08:00,08:08:10,stop_point:SP_657,Langlade,9
2345966,08:09:00,08:09:10,stop_point:SP_1579,Gallieni,10
2345966,08:10:00,08:10:10,stop_point:SP_1859,Penent,11
2345966,08:11:00,08:11:10,stop_point:SP_3122,Barrière de Muret,12
2345966,08:13:00,08:13:10,stop_point:SP_3422,Roc,13
2345966,08:14:00,08:14:10,stop_point:SP_1188,Croix de Pierre,14
2345966,08:15:00,08:15:10,stop_point:SP_58,Stadium Ouest,15
2345966,08:16:00,08:16:10,stop_point:SP_3098,Stadium Est,16
2345966,08:19:00,08:19:10,stop_point:SP_461,Empalot,17
2345967,08:20:00,08:20:10,stop_point:SP_2892,IUC,1
2345967,08:20:00,08:20:10,stop_point:SP_5096,Oncopole - Lise Enjalbert,2
2345967,08:21:00,08:21:10,stop_point:SP_2663,Oncopole Courrière,3
2345967,08:22:00,08:22:10,stop_point:SP_116,Maison Commune,4
2345967,08:22:00,08:22:10,stop_point:SP_1334,Hubert Curien,5
2345967,08:23:00,08:23:10,stop_point:SP_1973,Marchant,6
2345967,08:24:00,08:24:10,stop_point:SP_3988,Gironis - Mémorial AZF,7
2345967,08:25:00,08:25:10,stop_point:SP_3430,Rond-Point Langlade,8
2345967,08:27:00,08:27:10,stop_point:SP_657,Langlade,9
2345967,08:28:00,08:28:10,stop_point:SP_1579,Gallieni,10
2345967,08:29:00,08:29:10,stop_point:SP_1859,Penent,11
2345967,08:30:00,08:30:10,stop_point:SP_3122,Barrière de Muret,12
2345967,08:32:00,08:32:10,stop_point:SP_3422,Roc,13
2345967,08:33:00,08:33:10,stop_point:SP_1188,Croix de Pierre,14
2345967,08:34:00,08:34:10,stop_point:SP_58,Stadium Ouest,15
2345967,08:35:00,08:35:10,stop_point:SP_3098,Stadium Est,16
2345967,08:38:00,08:38:10,stop_point:SP_461,Empalot,17
2345968,08:29:00,08:29:10,stop_point:SP_2892,IUC,1
2345968,08:29:00,08:29:10,stop_point:SP_5096,Oncopole - Lise Enjalbert,2
2345968,08:30:00,08:30:10,stop_point:SP_2663,Oncopole Courrière,3
2345968,08:31:00,08:31:10,stop_point:SP_116,Maison Commune,4
2345968,08:31:00,08:31:10,stop_point:SP_1334,Hubert Curien,5
2345968,08:32:00,08:32:10,stop_point:SP_1973,Marchant,6
2345968,08:33:00,08:33:10,stop_point:SP_3988,Gironis - Mémorial AZF,7
2345968,08:34:00,08:34:10,stop_point:SP_3430,Rond-Point Langlade,8
2345968,08:36:00,08:36:10,stop_point:SP_657,Langlade,9
2345968,08:37:00,08:37:10,stop_point:SP_1579,Gallieni,10
2345968,08:38:00,08:38:10,stop_point:SP_1859,Penent,11
2345968,08:39:00,08:39:10,stop_point:SP_3122,Barrière de Muret,12
2345968,08:41:00,08:41:10,stop_point:SP_3422,Roc,13
2345968,08:42:00,08:42:10,stop_point:SP_1188,Croix de Pierre,14
2345968,08:43:00,08:43:10,stop_point:SP_58,Stadium Ouest,15
2345968,08:44:00,08:44:10,stop_point:SP_3098,Stadium Est,16
2345968,08:47:00,08:47:10,stop_point:SP_461,Empalot,17
2345969,08:46:00,08:46:10,stop_point:SP_2892,IUC,1
2345969,08:46:00,08:46:10,stop_point:SP_5096,Oncopole - Lise Enjalbert,2
2345969,08:47:00,08:47:10,stop_point:SP_2663,Oncopole Courrière,3
2345969,08:48:00,08:48:10,stop_point:SP_116,Maison Commune,4
2345969,08:48:00,08:48:10,stop_point:SP_1334,Hubert Curien,5
2345969,08:49:00,08:49:10,stop_point:SP_1973,Marchant,6
2345969,08:50:00,08:50:10,stop_point:SP_3988,Gironis - Mémorial AZF,7
2345969,08:51:00,08:51:10,stop_point:SP_3430,Rond-Point Langlade,8
2345969,08:53:00,08:53:10,stop_point:SP_657,Langlade,9
2345969,08:54:00,08:54:10,stop_point:SP_1579,Gallieni,10
2345969,08:55:00,08:55:10,stop_point:SP_1859,Penent,11
2345969,08:56:00,08:56:10,stop_point:SP_3122,Barrière de Muret,12
2345969,08:58:00,08:58:10,stop_point:SP_3422,Roc,13
2345969,08:59:00,08:59:10,stop_point:SP_1188,Croix de Pierre,14
2345969,09:00:00,09:00:10,stop_point:SP_58,Stadium Ouest,15
2345969,09:01:00,09:01:10,stop_point:SP_3098,Stadium Est,16
2345969,09:04:00,09:04:10,stop_point:SP_461,Empalot,17
2345970,08:55:00,08:55:10,stop_point:SP_2892,IUC,1
2345970,08:55:00,08:55:10,stop_point:SP_5096,Oncopole - Lise Enjalbert,2
2345970,08:56:00,08:56:10,stop_point:SP_2663,Oncopole Courrière,3
2345970,08:57:00,08:57:10,stop_point:SP_116,Maison Commune,4
2345970,08:57:00,08:57:10,stop_point:SP_1334,Hubert Curien,5
2345970,08:58:00,08:58:10,stop_point:SP_1973,Marchant,6
2345970,08:59:00,08:59:10,stop_point:SP_3988,Gironis - Mémorial AZF,7
2345970,09:00:00,09:00:10,stop_point:SP_3430,Rond-Point Langlade,8
2345970,09:02:00,09:02:10,stop_point:SP_657,Langlade,9
2345970,09:03:00,09:03:10,stop_point:SP_1579,Gallieni,10
2345970,09:04:00,09:04:10,stop_point:SP_1859,Penent,11
2345970,09:05:00,09:05:10,stop_point:SP_3122,Barrière de Muret,12
2345970,09:07:00,09:07:10,stop_point:SP_3422,Roc,13
2345970,09:08:00,09:08:10,stop_point:SP_1188,Croix de Pierre,14
2345970,09:09:00,09:09:10,stop_point:SP_58,Stadium Ouest,15
2345970,09:10:00,09:10:10,stop_point:SP_3098,Stadium Est,16
2345970,09:13:00,09:13:10,stop_point:SP_461,Empalot,17
2345971,16:27:00,16:27:10,stop_point:SP_2892,IUC,1
2345971,16:27:00,16:27:10,stop_point:SP_5096,Oncopole - Lise Enjalbert,2
2345971,16:28:00,16:28:10,stop_point:SP_2663,Oncopole Courrière,3
2345971,16:29:00,16:29:10,stop_point:SP_116,Maison Commune,4
2345971,16:30:00,16:30:10,stop_point:SP_1334,Hubert Curien,5
2345971,16:31:00,16:31:10,stop_point:SP_1973,Marchant,6
2345971,16:32:00,16:32:10,stop_point:SP_3988,Gironis - Mémorial AZF,7
2345971,16:33:00,16:33:10,stop_point:SP_3430,Rond-Point Langlade,8
2345971,16:35:00,16:35:10,stop_point:SP_657,Langlade,9
2345971,16:36:00,16:36:10,stop_point:SP_1579,Gallieni,10
2345971,16:38:00,16:38:10,stop_point:SP_1859,Penent,11
2345971,16:39:00,16:39:10,stop_point:SP_3122,Barrière de Muret,12
2345971,16:40:00,16:40:10,stop_point:SP_3422,Roc,13
2345971,16:42:00,16:42:10,stop_point:SP_1188,Croix de Pierre,14
2345971,16:43:00,16:43:10,stop_point:SP_58,Stadium Ouest,15
2345971,16:44:00,16:44:10,stop_point:SP_3098,Stadium Est,16
2345971,16:47:00,16:47:10,stop_point:SP_461,Empalot,17
2345972,16:36:00,16:36:10,stop_point:SP_2892,IUC,1
2345972,16:36:00,16:36:10,stop_point:SP_5096,Oncopole - Lise Enjalbert,2
2345972,16:37:00,16:37:10,stop_point:SP_2663,Oncopole Courrière,3
2345972,16:38:00,16:38:10,stop_point:SP_116,Maison Commune,4
2345972,16:39:00,16:39:10,stop_point:SP_1334,Hubert Curien,5
2345972,16:40:00,16:40:10,stop_point:SP_1973,Marchant,6
2345972,16:41:00,16:41:10,stop_point:SP_3988,Gironis - Mémorial AZF,7
2345972,16:42:00,16:42:10,stop_point:SP_3430,Rond-Point Langlade,8
2345972,16:44:00,16:44:10,stop_point:SP_657,Langlade,9
2345972,16:45:00,16:45:10,stop_point:SP_1579,Gallieni,10
2345972,16:47:00,16:47:10,stop_point:SP_1859,Penent,11
2345972,16:48:00,16:48:10,stop_point:SP_3122,Barrière de Muret,12
2345972,16:49:00,16:49:10,stop_point:SP_3422,Roc,13
2345972,16:51:00,16:51:10,stop_point:SP_1188,Croix de Pierre,14
2345972,16:52:00,16:52:10,stop_point:SP_58,Stadium Ouest,15
2345972,16:53:00,16:53:10,stop_point:SP_3098,Stadium Est,16
2345972,16:56:00,16:56:10,stop_point:SP_461,Empalot,17
2345973,16:53:00,16:53:10,stop_point:SP_2892,IUC,1
2345973,16:53:00,16:53:10,stop_point:SP_5096,Oncopole - Lise Enjalbert,2
2345973,16:54:00,16:54:10,stop_point:SP_2663,Oncopole Courrière,3
2345973,16:55:00,16:55:10,stop_point:SP_116,Maison Commune,4
2345973,16:56:00,16:56:10,stop_point:SP_1334,Hubert Curien,5
2345973,16:57:00,16:57:10,stop_point:SP_1973,Marchant,6
2345973,16:58:00,16:58:10,stop_point:SP_3988,Gironis - Mémorial AZF,7
2345973,16:59:00,16:59:10,stop_point:SP_3430,Rond-Point Langlade,8
2345973,17:01:00,17:01:10,stop_point:SP_657,Langlade,9
2345973,17:02:00,17:02:10,stop_point:SP_1579,Gallieni,10
2345973,17:04:00,17:04:10,stop_point:SP_1859,Penent,11
2345973,17:05:00,17:05:10,stop_point:SP_3122,Barrière de Muret,12
2345973,17:06:00,17:06:10,stop_point:SP_3422,Roc,13
2345973,17:08:00,17:08:10,stop_point:SP_1188,Croix de Pierre,14
2345973,17:09:00,17:09:10,stop_point:SP_58,Stadium Ouest,15
2345973,17:10:00,17:10:10,stop_point:SP_3098,Stadium Est,16
2345973,17:13:00,17:13:10,stop_point:SP_461,Empalot,17
2345974,17:03:00,17:03:10,stop_point:SP_2892,IUC,1
2345974,17:03:00,17:03:10,stop_point:SP_5096,Oncopole - Lise Enjalbert,2
2345974,17:04:00,17:04:10,stop_point:SP_2663,Oncopole Courrière,3
2345974,17:05:00,17:05:10,stop_point:SP_116,Maison Commune,4
2345974,17:06:00,17:06:10,stop_point:SP_1334,Hubert Curien,5
2345974,17:07:00,17:07:10,stop_point:SP_1973,Marchant,6
2345974,17:08:00,17:08:10,stop_point:SP_3988,Gironis - Mémorial AZF,7
2345974,17:09:00,17:09:10,stop_point:SP_3430,Rond-Point Langlade,8
2345974,17:11:00,17:11:10,stop_point:SP_657,Langlade,9
2345974,17:12:00,17:12:10,stop_point:SP_1579,Gallieni,10
2345974,17:14:00,17:14:10,stop_point:SP_1859,Penent,11
2345974,17:15:00,17:15:10,stop_point:SP_3122,Barrière de Muret,12
2345974,17:16:00,17:16:10,stop_point:SP_3422,Roc,13
2345974,17:18:00,17:18:10,stop_point:SP_1188,Croix de Pierre,14
2345974,17:19:00,17:19:10,stop_point:SP_58,Stadium Ouest,15
2345974,17:20:00,17:20:10,stop_point:SP_3098,Stadium Est,16
2345974,17:23:00,17:23:10,stop_point:SP_461,Empalot,17
2345975,17:20:00,17:20:10,stop_point:SP_2892,IUC,1
2345975,17:20:00,17:20:10,stop_point:SP_5096,Oncopole - Lise Enjalbert,2
2345975,17:21:00,17:21:10,stop_point:SP_2663,Oncopole Courrière,3
2345975,17:22:00,17:22:10,stop_point:SP_116,Maison Commune,4
2345975,17:23:00,17:23:10,stop_point:SP_1334,Hubert Curien,5
2345975,17:24:00,17:24:10,stop_point:SP_1973,Marchant,6
2345975,17:25:00,17:25:10,stop_point:SP_3988,Gironis - Mémorial AZF,7
2345975,17:26:00,17:26:10,stop_point:SP_3430,Rond-Point Langlade,8
2345975,17:28:00,17:28:10,stop_point:SP_657,Langlade,9
2345975,17:29:00,17:29:10,stop_point:SP_1579,Gallieni,10
2345975,17:31:00,17:31:10,stop_point:SP_1859,Penent,11
2345975,17:32:00,17:32:10,stop_point:SP_3122,Barrière de Muret,12
2345975,17:33:00,17:33:10,stop_point:SP_3422,Roc,13
2345975,17:35:00,17:35:10,stop_point:SP_1188,Croix de Pierre,14
2345975,17:36:00,17:36:10,stop_point:SP_58,Stadium Ouest,15
2345975,17:37:00,17:37:10,stop_point:SP_3098,Stadium Est,16
2345975,17:40:00,17:40:10,stop_point:SP_461,Empalot,17
2345976,17:29:00,17:29:10,stop_point:SP_2892,IUC,1
2345976,17:29:00,17:29:10,stop_point:SP_5096,Oncopole - Lise Enjalbert,2
2345976,17:30:00,17:30:10,stop_point:SP_2663,Oncopole Courrière,3
2345976,17:31:00,17:31:10,stop_point:SP_116,Maison Commune,4
2345976,17:32:00,17:32:10,stop_point:SP_1334,Hubert Curien,5
2345976,17:33:00,17:33:10,stop_point:SP_1973,Marchant,6
2345976,17:34:00,17:34:10,stop_point:SP_3988,Gironis - Mémorial AZF,7
2345976,17:35:00,17:35:10,stop_point:SP_3430,Rond-Point Langlade,8
2345976,17:37:00,17:37:10,stop_point:SP_657,Langlade,9
2345976,17:38:00,17:38:10,stop_point:SP_1579,Gallieni,10
2345976,17:40:00,17:40:10,stop_point:SP_1859,Penent,11
2345976,17:41:00,17:41:10,stop_point:SP_3122,Barrière de Muret,12
2345976,17:42:00,17:42:10,stop_point:SP_3422,Roc,13
2345976,17:44:00,17:44:10,stop_point:SP_1188,Croix de Pierre,14
2345976,17:45:00,17:45:10,stop_point:SP_58,Stadium Ouest,15
2345976,17:46:00,17:46:10,stop_point:SP_3098,Stadium Est,16
2345976,17:49:00,17:49:10,stop_point:SP_461,Empalot,17
2345977,17:46:00,17:46:10,stop_point:SP_2892,IUC,1
2345977,17:46:00,17:46:10,stop_point:SP_5096,Oncopole - Lise Enjalbert,2
2345977,17:47:00,17:47:10,stop_point:SP_2663,Oncopole Courrière,3
2345977,17:48:00,17:48:10,stop_point:SP_116,Maison Commune,4
2345977,17:49:00,17:49:10,stop_point:SP_1334,Hubert Curien,5
2345977,17:50:00,17:50:10,stop_point:SP_1973,Marchant,6
2345977,17:51:00,17:51:10,stop_point:SP_3988,Gironis - Mémorial AZF,7
2345977,17:52:00,17:52:10,stop_point:SP_3430,Rond-Point Langlade,8
2345977,17:54:00,17:54:10,stop_point:SP_657,Langlade,9
2345977,17:55:00,17:55:10,stop_point:SP_1579,Gallieni,10
2345977,17:57:00,17:57:10,stop_point:SP_1859,Penent,11
2345977,17:58:00,17:58:10,stop_point:SP_3122,Barrière de Muret,12
2345977,17:59:00,17:59:10,stop_point:SP_3422,Roc,13
2345977,18:01:00,18:01:10,stop_point:SP_1188,Croix de Pierre,14
2345977,18:02:00,18:02:10,stop_point:SP_58,Stadium Ouest,15
2345977,18:03:00,18:03:10,stop_point:SP_3098,Stadium Est,16
2345977,18:06:00,18:06:10,stop_point:SP_461,Empalot,17
2345978,17:55:00,17:55:10,stop_point:SP_2892,IUC,1
2345978,17:55:00,17:55:10,stop_point:SP_5096,Oncopole - Lise Enjalbert,2
2345978,17:56:00,17:56:10,stop_point:SP_2663,Oncopole Courrière,3
2345978,17:57:00,17:57:10,stop_point:SP_116,Maison Commune,4
2345978,17:58:00,17:58:10,stop_point:SP_1334,Hubert Curien,5
2345978,17:59:00,17:59:10,stop_point:SP_1973,Marchant,6
2345978,18:00:00,18:00:10,stop_point:SP_3988,Gironis - Mémorial AZF,7
2345978,18:01:00,18:01:10,stop_point:SP_3430,Rond-Point Langlade,8
2345978,18:03:00,18:03:10,stop_point:SP_657,Langlade,9
2345978,18:04:00,18:04:10,stop_point:SP_1579,Gallieni,10
2345978,18:06:00,18:06:10,stop_point:SP_1859,Penent,11
2345978,18:07:00,18:07:10,stop_point:SP_3122,Barrière de Muret,12
2345978,18:08:00,18:08:10,stop_point:SP_3422,Roc,13
2345978,18:10:00,18:10:10,stop_point:SP_1188,Croix de Pierre,14
2345978,18:11:00,18:11:10,stop_point:SP_58,Stadium Ouest,15
2345978,18:12:00,18:12:10,stop_point:SP_3098,Stadium Est,16
2345978,18:15:00,18:15:10,stop_point:SP_461,Empalot,17
2345979,18:11:00,18:11:10,stop_point:SP_2892,IUC,1
2345979,18:11:00,18:11:10,stop_point:SP_5096,Oncopole - Lise Enjalbert,2
2345979,18:12:00,18:12:10,stop_point:SP_2663,Oncopole Courrière,3
2345979,18:13:00,18:13:10,stop_point:SP_116,Maison Commune,4
2345979,18:14:00,18:14:10,stop_point:SP_1334,Hubert Curien,5
2345979,18:15:00,18:15:10,stop_point:SP_1973,Marchant,6
2345979,18:16:00,18:16:10,stop_point:SP_3988,Gironis - Mémorial AZF,7
2345979,18:17:00,18:17:10,stop_point:SP_3430,Rond-Point Langlade,8
2345979,18:19:00,18:19:10,stop_point:SP_657,Langlade,9
2345979,18:20:00,18:20:10,stop_point:SP_1579,Gallieni,10
2345979,18:22:00,18:22:10,stop_point:SP_1859,Penent,11
2345979,18:23:00,18:23:10,stop_point:SP_3122,Barrière de Muret,12
2345979,18:24:00,18:24:10,stop_point:SP_3422,Roc,13
2345979,18:26:00,18:26:10,stop_point:SP_1188,Croix de Pierre,14
2345979,18:27:00,18:27:10,stop_point:SP_58,Stadium Ouest,15
2345979,18:28:00,18:28:10,stop_point:SP_3098,Stadium Est,16
2345979,18:31:00,18:31:10,stop_point:SP_461,Empalot,17
2345980,18:19:00,18:19:10,stop_point:SP_2892,IUC,1
2345980,18:19:00,18:19:10,stop_point:SP_5096,Oncopole - Lise Enjalbert,2
2345980,18:20:00,18:20:10,stop_point:SP_2663,Oncopole Courrière,3
2345980,18:21:00,18:21:10,stop_point:SP_116,Maison Commune,4
2345980,18:22:00,18:22:10,stop_point:SP_1334,Hubert Curien,5
2345980,18:23:00,18:23:10,stop_point:SP_1973,Marchant,6
2345980,18:24:00,18:24:10,stop_point:SP_3988,Gironis - Mémorial AZF,7
2345980,18:25:00,18:25:10,stop_point:SP_3430,Rond-Point Langlade,8
2345980,18:27:00,18:27:10,stop_point:SP_657,Langlade,9
2345980,18:28:00,18:28:10,stop_point:SP_1579,Gallieni,10
2345980,18:30:00,18:30:10,stop_point:SP_1859,Penent,11
2345980,18:31:00,18:31:10,stop_point:SP_3122,Barrière de Muret,12
2345980,18:32:00,18:32:10,stop_point:SP_3422,Roc,13
2345980,18:34:00,18:34:10,stop_point:SP_1188,Croix de Pierre,14
2345980,18:35:00,18:35:10,stop_point:SP_58,Stadium Ouest,15
2345980,18:36:00,18:36:10,stop_point:SP_3098,Stadium Est,16
2345980,18:39:00,18:39:10,stop_point:SP_461,Empalot,17
2345981,05:15:00,05:15:10,stop_point:SP_4521,Portet Gare SNCF,1
2345981,05:17:00,05:17:10,stop_point:SP_4529,Jean Jaurès,2
2345981,05:18:00,05:18:10,stop_point:SP_4773,Désiré,3
2345981,05:19:00,05:19:10,stop_point:SP_70,Eglise de Portet,4
2345981,05:20:00,05:20:10,stop_point:SP_1427,Commerce,5
2345981,05:20:00,05:20:10,stop_point:SP_1451,Occitanie,6
2345981,05:21:00,05:21:10,stop_point:SP_2980,Stade,7
2345981,05:22:00,05:22:10,stop_point:SP_3234,Bd de l'Europe,8
2345981,05:23:00,05:23:10,stop_point:SP_2173,Ctre Cial Portet - Entrée 1,9
2345981,05:24:00,05:24:10,stop_point:SP_1454,Palanques,10
2345981,05:25:00,05:25:10,stop_point:SP_4410,Ctre Cial Portet - Entrée 5,11
2345981,05:26:00,05:26:10,stop_point:SP_2564,Ecole Récébédou,12
2345981,05:26:00,05:26:10,stop_point:SP_795,Claire Fontaine,13
2345981,05:27:00,05:27:10,stop_point:SP_415,Frênes,14
2345981,05:28:00,05:28:10,stop_point:SP_4940,Clairfont,15
2345981,05:30:00,05:30:10,stop_point:SP_320,Larrieu,16
2345981,05:31:00,05:31:10,stop_point:SP_4906,Joulin,17
2345981,05:31:00,05:31:10,stop_point:SP_3681,Route d'Espagne,18
2345981,05:32:00,05:32:10,stop_point:SP_2892,IUC,19
2345981,05:32:00,05:32:10,stop_point:SP_5096,Oncopole - Lise Enjalbert,20
2345981,05:33:00,05:33:10,stop_point:SP_2663,Oncopole Courrière,21
2345981,05:33:00,05:33:10,stop_point:SP_116,Maison Commune,22
2345981,05:34:00,05:34:10,stop_point:SP_1334,Hubert Curien,23
2345981,05:35:00,05:35:10,stop_point:SP_1973,Marchant,24
2345981,05:35:00,05:35:10,stop_point:SP_3988,Gironis - Mémorial AZF,25
2345981,05:36:00,05:36:10,stop_point:SP_3430,Rond-Point Langlade,26
2345981,05:37:00,05:37:10,stop_point:SP_657,Langlade,27
2345981,05:38:00,05:38:10,stop_point:SP_1579,Gallieni,28
2345981,05:39:00,05:39:10,stop_point:SP_1859,Penent,29
2345981,05:39:00,05:39:10,stop_point:SP_3122,Barrière de Muret,30
2345981,05:40:00,05:40:10,stop_point:SP_3422,Roc,31
2345981,05:41:00,05:41:10,stop_point:SP_1188,Croix de Pierre,32
2345981,05:42:00,05:42:10,stop_point:SP_58,Stadium Ouest,33
2345981,05:43:00,05:43:10,stop_point:SP_3098,Stadium Est,34
2345981,05:45:00,05:45:10,stop_point:SP_461,Empalot,35
2345982,05:45:00,05:45:10,stop_point:SP_4521,Portet Gare SNCF,1
2345982,05:47:00,05:47:10,stop_point:SP_4529,Jean Jaurès,2
2345982,05:48:00,05:48:10,stop_point:SP_4773,Désiré,3
2345982,05:49:00,05:49:10,stop_point:SP_70,Eglise de Portet,4
2345982,05:50:00,05:50:10,stop_point:SP_1427,Commerce,5
2345982,05:50:00,05:50:10,stop_point:SP_1451,Occitanie,6
2345982,05:51:00,05:51:10,stop_point:SP_2980,Stade,7
2345982,05:52:00,05:52:10,stop_point:SP_3234,Bd de l'Europe,8
2345982,05:53:00,05:53:10,stop_point:SP_2173,Ctre Cial Portet - Entrée 1,9
2345982,05:54:00,05:54:10,stop_point:SP_1454,Palanques,10
2345982,05:55:00,05:55:10,stop_point:SP_4410,Ctre Cial Portet - Entrée 5,11
2345982,05:56:00,05:56:10,stop_point:SP_2564,Ecole Récébédou,12
2345982,05:56:00,05:56:10,stop_point:SP_795,Claire Fontaine,13
2345982,05:57:00,05:57:10,stop_point:SP_415,Frênes,14
2345982,05:58:00,05:58:10,stop_point:SP_4940,Clairfont,15
2345982,06:00:00,06:00:10,stop_point:SP_320,Larrieu,16
2345982,06:01:00,06:01:10,stop_point:SP_4906,Joulin,17
2345982,06:01:00,06:01:10,stop_point:SP_3681,Route d'Espagne,18
2345982,06:02:00,06:02:10,stop_point:SP_2892,IUC,19
2345982,06:02:00,06:02:10,stop_point:SP_5096,Oncopole - Lise Enjalbert,20
2345982,06:03:00,06:03:10,stop_point:SP_2663,Oncopole Courrière,21
2345982,06:03:00,06:03:10,stop_point:SP_116,Maison Commune,22
2345982,06:04:00,06:04:10,stop_point:SP_1334,Hubert Curien,23
2345982,06:05:00,06:05:10,stop_point:SP_1973,Marchant,24
2345982,06:05:00,06:05:10,stop_point:SP_3988,Gironis - Mémorial AZF,25
2345982,06:06:00,06:06:10,stop_point:SP_3430,Rond-Point Langlade,26
2345982,06:07:00,06:07:10,stop_point:SP_657,Langlade,27
2345982,06:08:00,06:08:10,stop_point:SP_1579,Gallieni,28
2345982,06:09:00,06:09:10,stop_point:SP_1859,Penent,29
2345982,06:09:00,06:09:10,stop_point:SP_3122,Barrière de Muret,30
2345982,06:10:00,06:10:10,stop_point:SP_3422,Roc,31
2345982,06:11:00,06:11:10,stop_point:SP_1188,Croix de Pierre,32
2345982,06:12:00,06:12:10,stop_point:SP_58,Stadium Ouest,33
2345982,06:13:00,06:13:10,stop_point:SP_3098,Stadium Est,34
2345982,06:15:00,06:15:10,stop_point:SP_461,Empalot,35
2345983,06:05:00,06:05:10,stop_point:SP_4521,Portet Gare SNCF,1
2345983,06:07:00,06:07:10,stop_point:SP_4529,Jean Jaurès,2
2345983,06:08:00,06:08:10,stop_point:SP_4773,Désiré,3
2345983,06:09:00,06:09:10,stop_point:SP_70,Eglise de Portet,4
2345983,06:10:00,06:10:10,stop_point:SP_1427,Commerce,5
2345983,06:10:00,06:10:10,stop_point:SP_1451,Occitanie,6
2345983,06:11:00,06:11:10,stop_point:SP_2980,Stade,7
2345983,06:12:00,06:12:10,stop_point:SP_3234,Bd de l'Europe,8
2345983,06:13:00,06:13:10,stop_point:SP_2173,Ctre Cial Portet - Entrée 1,9
2345983,06:14:00,06:14:10,stop_point:SP_1454,Palanques,10
2345983,06:15:00,06:15:10,stop_point:SP_4410,Ctre Cial Portet - Entrée 5,11
2345983,06:16:00,06:16:10,stop_point:SP_2564,Ecole Récébédou,12
2345983,06:17:00,06:17:10,stop_point:SP_795,Claire Fontaine,13
2345983,06:18:00,06:18:10,stop_point:SP_415,Frênes,14
2345983,06:19:00,06:19:10,stop_point:SP_4940,Clairfont,15
2345983,06:21:00,06:21:10,stop_point:SP_320,Larrieu,16
2345983,06:22:00,06:22:10,stop_point:SP_4906,Joulin,17
2345983,06:22:00,06:22:10,stop_point:SP_3681,Route d'Espagne,18
2345983,06:23:00,06:23:10,stop_point:SP_2892,IUC,19
2345983,06:23:00,06:23:10,stop_point:SP_5096,Oncopole - Lise Enjalbert,20
2345983,06:24:00,06:24:10,stop_point:SP_2663,Oncopole Courrière,21
2345983,06:25:00,06:25:10,stop_point:SP_116,Maison Commune,22
2345983,06:25:00,06:25:10,stop_point:SP_1334,Hubert Curien,23
2345983,06:26:00,06:26:10,stop_point:SP_1973,Marchant,24
2345983,06:27:00,06:27:10,stop_point:SP_3988,Gironis - Mémorial AZF,25
2345983,06:28:00,06:28:10,stop_point:SP_3430,Rond-Point Langlade,26
2345983,06:30:00,06:30:10,stop_point:SP_657,Langlade,27
2345983,06:30:00,06:30:10,stop_point:SP_1579,Gallieni,28
2345983,06:31:00,06:31:10,stop_point:SP_1859,Penent,29
2345983,06:32:00,06:32:10,stop_point:SP_3122,Barrière de Muret,30
2345983,06:33:00,06:33:10,stop_point:SP_3422,Roc,31
2345983,06:34:00,06:34:10,stop_point:SP_1188,Croix de Pierre,32
2345983,06:35:00,06:35:10,stop_point:SP_58,Stadium Ouest,33
2345983,06:36:00,06:36:10,stop_point:SP_3098,Stadium Est,34
2345983,06:38:00,06:38:10,stop_point:SP_461,Empalot,35
2345984,06:17:00,06:17:10,stop_point:SP_4521,Portet Gare SNCF,1
2345984,06:20:00,06:20:10,stop_point:SP_4529,Jean Jaurès,2
2345984,06:21:00,06:21:10,stop_point:SP_4773,Désiré,3
2345984,06:22:00,06:22:10,stop_point:SP_70,Eglise de Portet,4
2345984,06:23:00,06:23:10,stop_point:SP_1427,Commerce,5
2345984,06:23:00,06:23:10,stop_point:SP_1451,Occitanie,6
2345984,06:24:00,06:24:10,stop_point:SP_2980,Stade,7
2345984,06:25:00,06:25:10,stop_point:SP_3234,Bd de l'Europe,8
2345984,06:26:00,06:26:10,stop_point:SP_2173,Ctre Cial Portet - Entrée 1,9
2345984,06:27:00,06:27:10,stop_point:SP_1454,Palanques,10
2345984,06:28:00,06:28:10,stop_point:SP_4410,Ctre Cial Portet - Entrée 5,11
2345984,06:29:00,06:29:10,stop_point:SP_2564,Ecole Récébédou,12
2345984,06:30:00,06:30:10,stop_point:SP_795,Claire Fontaine,13
2345984,06:31:00,06:31:10,stop_point:SP_415,Frênes,14
2345984,06:32:00,06:32:10,stop_point:SP_4940,Clairfont,15
2345984,06:34:00,06:34:10,stop_point:SP_320,Larrieu,16
2345984,06:35:00,06:35:10,stop_point:SP_4906,Joulin,17
2345984,06:35:00,06:35:10,stop_point:SP_3681,Route d'Espagne,18
2345984,06:36:00,06:36:10,stop_point:SP_2892,IUC,19
2345984,06:36:00,06:36:10,stop_point:SP_5096,Oncopole - Lise Enjalbert,20
2345984,06:37:00,06:37:10,stop_point:SP_2663,Oncopole Courrière,21
2345984,06:38:00,06:38:10,stop_point:SP_116,Maison Commune,22
2345984,06:38:00,06:38:10,stop_point:SP_1334,Hubert Curien,23
2345984,06:39:00,06:39:10,stop_point:SP_1973,Marchant,24
2345984,06:40:00,06:40:10,stop_point:SP_3988,Gironis - Mémorial AZF,25
2345984,06:41:00,06:41:10,stop_point:SP_3430,Rond-Point Langlade,26
2345984,06:43:00,06:43:10,stop_point:SP_657,Langlade,27
2345984,06:43:00,06:43:10,stop_point:SP_1579,Gallieni,28
2345984,06:44:00,06:44:10,stop_point:SP_1859,Penent,29
2345984,06:45:00,06:45:10,stop_point:SP_3122,Barrière de Muret,30
2345984,06:46:00,06:46:10,stop_point:SP_3422,Roc,31
2345984,06:47:00,06:47:10,stop_point:SP_1188,Croix de Pierre,32
2345984,06:48:00,06:48:10,stop_point:SP_58,Stadium Ouest,33
2345984,06:49:00,06:49:10,stop_point:SP_3098,Stadium Est,34
2345984,06:51:00,06:51:10,stop_point:SP_461,Empalot,35
2345985,06:28:00,06:28:10,stop_point:SP_4521,Portet Gare SNCF,1
2345985,06:31:00,06:31:10,stop_point:SP_4529,Jean Jaurès,2
2345985,06:32:00,06:32:10,stop_point:SP_4773,Désiré,3
2345985,06:33:00,06:33:10,stop_point:SP_70,Eglise de Portet,4
2345985,06:34:00,06:34:10,stop_point:SP_1427,Commerce,5
2345985,06:34:00,06:34:10,stop_point:SP_1451,Occitanie,6
2345985,06:35:00,06:35:10,stop_point:SP_2980,Stade,7
2345985,06:36:00,06:36:10,stop_point:SP_3234,Bd de l'Europe,8
2345985,06:37:00,06:37:10,stop_point:SP_2173,Ctre Cial Portet - Entrée 1,9
2345985,06:38:00,06:38:10,stop_point:SP_1454,Palanques,10
2345985,06:39:00,06:39:10,stop_point:SP_4410,Ctre Cial Portet - Entrée 5,11
2345985,06:40:00,06:40:10,stop_point:SP_2564,Ecole Récébédou,12
2345985,06:41:00,06:41:10,stop_point:SP_795,Claire Fontaine,13
2345985,06:42:00,06:42:10,stop_point:SP_415,Frênes,14
2345985,06:43:00,06:43:10,stop_point:SP_4940,Clairfont,15
2345985,06:45:00,06:45:10,stop_point:SP_320,Larrieu,16
2345985,06:46:00,06:46:10,stop_point:SP_4906,Joulin,17
2345985,06:46:00,06:46:10,stop_point:SP_3681,Route d'Espagne,18
2345985,06:47:00,06:47:10,stop_point:SP_2892,IUC,19
2345985,06:47:00,06:47:10,stop_point:SP_5096,Oncopole - Lise Enjalbert,20
2345985,06:48:00,06:48:10,stop_point:SP_2663,Oncopole Courrière,21
2345985,06:49:00,06:49:10,stop_point:SP_116,Maison Commune,22
2345985,06:49:00,06:49:10,stop_point:SP_1334,Hubert Curien,23
2345985,06:50:00,06:50:10,stop_point:SP_1973,Marchant,24
2345985,06:51:00,06:51:10,stop_point:SP_3988,Gironis - Mémorial AZF,25
2345985,06:52:00,06:52:10,stop_point:SP_3430,Rond-Point Langlade,26
2345985,06:54:00,06:54:10,stop_point:SP_657,Langlade,27
2345985,06:55:00,06:55:10,stop_point:SP_1579,Gallieni,28
2345985,06:56:00,06:56:10,stop_point:SP_1859,Penent,29
2345985,06:56:00,06:56:10,stop_point:SP_3122,Barrière de Muret,30
2345985,06:58:00,06:58:10,stop_point:SP_3422,Roc,31
2345985,06:59:00,06:59:10,stop_point:SP_1188,Croix de Pierre,32
2345985,07:00:00,07:00:10,stop_point:SP_58,Stadium Ouest,33
2345985,07:01:00,07:01:10,stop_point:SP_3098,Stadium Est,34
2345985,07:03:00,07:03:10,stop_point:SP_461,Empalot,35
2345986,06:38:00,06:38:10,stop_point:SP_4521,Portet Gare SNCF,1
2345986,06:41:00,06:41:10,stop_point:SP_4529,Jean Jaurès,2
2345986,06:42:00,06:42:10,stop_point:SP_4773,Désiré,3
2345986,06:43:00,06:43:10,stop_point:SP_70,Eglise de Portet,4
2345986,06:44:00,06:44:10,stop_point:SP_1427,Commerce,5
2345986,06:44:00,06:44:10,stop_point:SP_1451,Occitanie,6
2345986,06:45:00,06:45:10,stop_point:SP_2980,Stade,7
2345986,06:46:00,06:46:10,stop_point:SP_3234,Bd de l'Europe,8
2345986,06:47:00,06:47:10,stop_point:SP_2173,Ctre Cial Portet - Entrée 1,9
2345986,06:48:00,06:48:10,stop_point:SP_1454,Palanques,10
2345986,06:49:00,06:49:10,stop_point:SP_4410,Ctre Cial Portet - Entrée 5,11
2345986,06:50:00,06:50:10,stop_point:SP_2564,Ecole Récébédou,12
2345986,06:51:00,06:51:10,stop_point:SP_795,Claire Fontaine,13
2345986,06:52:00,06:52:10,stop_point:SP_415,Frênes,14
2345986,06:53:00,06:53:10,stop_point:SP_4940,Clairfont,15
2345986,06:55:00,06:55:10,stop_point:SP_320,Larrieu,16
2345986,06:56:00,06:56:10,stop_point:SP_4906,Joulin,17
2345986,06:56:00,06:56:10,stop_point:SP_3681,Route d'Espagne,18
2345986,06:57:00,06:57:10,stop_point:SP_2892,IUC,19
2345986,06:57:00,06:57:10,stop_point:SP_5096,Oncopole - Lise Enjalbert,20
2345986,06:58:00,06:58:10,stop_point:SP_2663,Oncopole Courrière,21
2345986,06:59:00,06:59:10,stop_point:SP_116,Maison Commune,22
2345986,06:59:00,06:59:10,stop_point:SP_1334,Hubert Curien,23
2345986,07:00:00,07:00:10,stop_point:SP_1973,Marchant,24
2345986,07:01:00,07:01:10,stop_point:SP_3988,Gironis - Mémorial AZF,25
2345986,07:02:00,07:02:10,stop_point:SP_3430,Rond-Point Langlade,26
2345986,07:04:00,07:04:10,stop_point:SP_657,Langlade,27
2345986,07:05:00,07:05:10,stop_point:SP_1579,Gallieni,28
2345986,07:06:00,07:06:10,stop_point:SP_1859,Penent,29
2345986,07:06:00,07:06:10,stop_point:SP_3122,Barrière de Muret,30
2345986,07:08:00,07:08:10,stop_point:SP_3422,Roc,31
2345986,07:09:00,07:09:10,stop_point:SP_1188,Croix de Pierre,32
2345986,07:10:00,07:10:10,stop_point:SP_58,Stadium Ouest,33
2345986,07:11:00,07:11:10,stop_point:SP_3098,Stadium Est,34
2345986,07:13:00,07:13:10,stop_point:SP_461,Empalot,35
2345987,06:47:00,06:47:10,stop_point:SP_4521,Portet Gare SNCF,1
2345987,06:50:00,06:50:10,stop_point:SP_4529,Jean Jaurès,2
2345987,06:51:00,06:51:10,stop_point:SP_4773,Désiré,3
2345987,06:52:00,06:52:10,stop_point:SP_70,Eglise de Portet,4
2345987,06:53:00,06:53:10,stop_point:SP_1427,Commerce,5
2345987,06:53:00,06:53:10,stop_point:SP_1451,Occitanie,6
2345987,06:54:00,06:54:10,stop_point:SP_2980,Stade,7
2345987,06:55:00,06:55:10,stop_point:SP_3234,Bd de l'Europe,8
2345987,06:56:00,06:56:10,stop_point:SP_2173,Ctre Cial Portet - Entrée 1,9
2345987,06:57:00,06:57:10,stop_point:SP_1454,Palanques,10
2345987,06:58:00,06:58:10,stop_point:SP_4410,Ctre Cial Portet - Entrée 5,11
2345987,06:59:00,06:59:10,stop_point:SP_2564,Ecole Récébédou,12
2345987,07:00:00,07:00:10,stop_point:SP_795,Claire Fontaine,13
2345987,07:01:00,07:01:10,stop_point:SP_415,Frênes,14
2345987,07:02:00,07:02:10,stop_point:SP_4940,Clairfont,15
2345987,07:04:00,07:04:10,stop_point:SP_320,Larrieu,16
2345987,07:05:00,07:05:10,stop_point:SP_4906,Joulin,17
2345987,07:05:00,07:05:10,stop_point:SP_3681,Route d'Espagne,18
2345987,07:06:00,07:06:10,stop_point:SP_2892,IUC,19
2345987,07:06:00,07:06:10,stop_point:SP_5096,Oncopole - Lise Enjalbert,20
2345987,07:07:00,07:07:10,stop_point:SP_2663,Oncopole Courrière,21
2345987,07:08:00,07:08:10,stop_point:SP_116,Maison Commune,22
2345987,07:08:00,07:08:10,stop_point:SP_1334,Hubert Curien,23
2345987,07:09:00,07:09:10,stop_point:SP_1973,Marchant,24
2345987,07:10:00,07:10:10,stop_point:SP_3988,Gironis - Mémorial AZF,25
2345987,07:11:00,07:11:10,stop_point:SP_3430,Rond-Point Langlade,26
2345987,07:13:00,07:13:10,stop_point:SP_657,Langlade,27
2345987,07:14:00,07:14:10,stop_point:SP_1579,Gallieni,28
2345987,07:15:00,07:15:10,stop_point:SP_1859,Penent,29
2345987,07:15:00,07:15:10,stop_point:SP_3122,Barrière de Muret,30
2345987,07:17:00,07:17:10,stop_point:SP_3422,Roc,31
2345987,07:18:00,07:18:10,stop_point:SP_1188,Croix de Pierre,32
2345987,07:19:00,07:19:10,stop_point:SP_58,Stadium Ouest,33
2345987,07:20:00,07:20:10,stop_point:SP_3098,Stadium Est,34
2345987,07:22:00,07:22:10,stop_point:SP_461,Empalot,35
2345988,06:56:00,06:56:10,stop_point:SP_4521,Portet Gare SNCF,1
2345988,06:59:00,06:59:10,stop_point:SP_4529,Jean Jaurès,2
2345988,07:00:00,07:00:10,stop_point:SP_4773,Désiré,3
2345988,07:01:00,07:01:10,stop_point:SP_70,Eglise de Portet,4
2345988,07:02:00,07:02:10,stop_point:SP_1427,Commerce,5
2345988,07:03:00,07:03:10,stop_point:SP_1451,Occitanie,6
2345988,07:04:00,07:04:10,stop_point:SP_2980,Stade,7
2345988,07:05:00,07:05:10,stop_point:SP_3234,Bd de l'Europe,8
2345988,07:06:00,07:06:10,stop_point:SP_2173,Ctre Cial Portet - Entrée 1,9
2345988,07:07:00,07:07:10,stop_point:SP_1454,Palanques,10
2345988,07:08:00,07:08:10,stop_point:SP_4410,Ctre Cial Portet - Entrée 5,11
2345988,07:09:00,07:09:10,stop_point:SP_2564,Ecole Récébédou,12
2345988,07:10:00,07:10:10,stop_point:SP_795,Claire Fontaine,13
2345988,07:11:00,07:11:10,stop_point:SP_415,Frênes,14
2345988,07:12:00,07:12:10,stop_point:SP_4940,Clairfont,15
2345988,07:14:00,07:14:10,stop_point:SP_320,Larrieu,16
2345988,07:15:00,07:15:10,stop_point:SP_4906,Joulin,17
2345988,07:15:00,07:15:10,stop_point:SP_3681,Route d'Espagne,18
2345988,07:16:00,07:16:10,stop_point:SP_2892,IUC,19
2345988,07:16:00,07:16:10,stop_point:SP_5096,Oncopole - Lise Enjalbert,20
2345988,07:17:00,07:17:10,stop_point:SP_2663,Oncopole Courrière,21
2345988,07:18:00,07:18:10,stop_point:SP_116,Maison Commune,22
2345988,07:18:00,07:18:10,stop_point:SP_1334,Hubert Curien,23
2345988,07:19:00,07:19:10,stop_point:SP_1973,Marchant,24
2345988,07:20:00,07:20:10,stop_point:SP_3988,Gironis - Mémorial AZF,25
2345988,07:21:00,07:21:10,stop_point:SP_3430,Rond-Point Langlade,26
2345988,07:23:00,07:23:10,stop_point:SP_657,Langlade,27
2345988,07:24:00,07:24:10,stop_point:SP_1579,Gallieni,28
2345988,07:25:00,07:25:10,stop_point:SP_1859,Penent,29
2345988,07:26:00,07:26:10,stop_point:SP_3122,Barrière de Muret,30
2345988,07:28:00,07:28:10,stop_point:SP_3422,Roc,31
2345988,07:29:00,07:29:10,stop_point:SP_1188,Croix de Pierre,32
2345988,07:30:00,07:30:10,stop_point:SP_58,Stadium Ouest,33
2345988,07:31:00,07:31:10,stop_point:SP_3098,Stadium Est,34
2345988,07:33:00,07:33:10,stop_point:SP_461,Empalot,35
2345989,07:05:00,07:05:10,stop_point:SP_4521,Portet Gare SNCF,1
2345989,07:08:00,07:08:10,stop_point:SP_4529,Jean Jaurès,2
2345989,07:09:00,07:09:10,stop_point:SP_4773,Désiré,3
2345989,07:10:00,07:10:10,stop_point:SP_70,Eglise de Portet,4
2345989,07:11:00,07:11:10,stop_point:SP_1427,Commerce,5
2345989,07:12:00,07:12:10,stop_point:SP_1451,Occitanie,6
2345989,07:13:00,07:13:10,stop_point:SP_2980,Stade,7
2345989,07:14:00,07:14:10,stop_point:SP_3234,Bd de l'Europe,8
2345989,07:15:00,07:15:10,stop_point:SP_2173,Ctre Cial Portet - Entrée 1,9
2345989,07:16:00,07:16:10,stop_point:SP_1454,Palanques,10
2345989,07:17:00,07:17:10,stop_point:SP_4410,Ctre Cial Portet - Entrée 5,11
2345989,07:18:00,07:18:10,stop_point:SP_2564,Ecole Récébédou,12
2345989,07:19:00,07:19:10,stop_point:SP_795,Claire Fontaine,13
2345989,07:20:00,07:20:10,stop_point:SP_415,Frênes,14
2345989,07:21:00,07:21:10,stop_point:SP_4940,Clairfont,15
2345989,07:23:00,07:23:10,stop_point:SP_320,Larrieu,16
2345989,07:24:00,07:24:10,stop_point:SP_4906,Joulin,17
2345989,07:24:00,07:24:10,stop_point:SP_3681,Route d'Espagne,18
2345989,07:25:00,07:25:10,stop_point:SP_2892,IUC,19
2345989,07:25:00,07:25:10,stop_point:SP_5096,Oncopole - Lise Enjalbert,20
2345989,07:26:00,07:26:10,stop_point:SP_2663,Oncopole Courrière,21
2345989,07:27:00,07:27:10,stop_point:SP_116,Maison Commune,22
2345989,07:27:00,07:27:10,stop_point:SP_1334,Hubert Curien,23
2345989,07:28:00,07:28:10,stop_point:SP_1973,Marchant,24
2345989,07:29:00,07:29:10,stop_point:SP_3988,Gironis - Mémorial AZF,25
2345989,07:30:00,07:30:10,stop_point:SP_3430,Rond-Point Langlade,26
2345989,07:32:00,07:32:10,stop_point:SP_657,Langlade,27
2345989,07:33:00,07:33:10,stop_point:SP_1579,Gallieni,28
2345989,07:34:00,07:34:10,stop_point:SP_1859,Penent,29
2345989,07:35:00,07:35:10,stop_point:SP_3122,Barrière de Muret,30
2345989,07:37:00,07:37:10,stop_point:SP_3422,Roc,31
2345989,07:38:00,07:38:10,stop_point:SP_1188,Croix de Pierre,32
2345989,07:39:00,07:39:10,stop_point:SP_58,Stadium Ouest,33
2345989,07:40:00,07:40:10,stop_point:SP_3098,Stadium Est,34
2345989,07:42:00,07:42:10,stop_point:SP_461,Empalot,35
2345990,07:13:00,07:13:10,stop_point:SP_4521,Portet Gare SNCF,1
2345990,07:16:00,07:16:10,stop_point:SP_4529,Jean Jaurès,2
2345990,07:17:00,07:17:10,stop_point:SP_4773,Désiré,3
2345990,07:18:00,07:18:10,stop_point:SP_70,Eglise de Portet,4
2345990,07:19:00,07:19:10,stop_point:SP_1427,Commerce,5
2345990,07:20:00,07:20:10,stop_point:SP_1451,Occitanie,6
2345990,07:21:00,07:21:10,stop_point:SP_2980,Stade,7
2345990,07:22:00,07:22:10,stop_point:SP_3234,Bd de l'Europe,8
2345990,07:23:00,07:23:10,stop_point:SP_2173,Ctre Cial Portet - Entrée 1,9
2345990,07:24:00,07:24:10,stop_point:SP_1454,Palanques,10
2345990,07:25:00,07:25:10,stop_point:SP_4410,Ctre Cial Portet - Entrée 5,11
2345990,07:26:00,07:26:10,stop_point:SP_2564,Ecole Récébédou,12
2345990,07:27:00,07:27:10,stop_point:SP_795,Claire Fontaine,13
2345990,07:28:00,07:28:10,stop_point:SP_415,Frênes,14
2345990,07:29:00,07:29:10,stop_point:SP_4940,Clairfont,15
2345990,07:31:00,07:31:10,stop_point:SP_320,Larrieu,16
2345990,07:32:00,07:32:10,stop_point:SP_4906,Joulin,17
2345990,07:32:00,07:32:10,stop_point:SP_3681,Route d'Espagne,18
2345990,07:33:00,07:33:10,stop_point:SP_2892,IUC,19
2345990,07:33:00,07:33:10,stop_point:SP_5096,Oncopole - Lise Enjalbert,20
2345990,07:34:00,07:34:10,stop_point:SP_2663,Oncopole Courrière,21
2345990,07:35:00,07:35:10,stop_point:SP_116,Maison Commune,22
2345990,07:35:00,07:35:10,stop_point:SP_1334,Hubert Curien,23
2345990,07:36:00,07:36:10,stop_point:SP_1973,Marchant,24
2345990,07:37:00,07:37:10,stop_point:SP_3988,Gironis - Mémorial AZF,25
2345990,07:38:00,07:38:10,stop_point:SP_3430,Rond-Point Langlade,26
2345990,07:40:00,07:40:10,stop_point:SP_657,Langlade,27
2345990,07:41:00,07:41:10,stop_point:SP_1579,Gallieni,28
2345990,07:42:00,07:42:10,stop_point:SP_1859,Penent,29
2345990,07:43:00,07:43:10,stop_point:SP_3122,Barrière de Muret,30
2345990,07:45:00,07:45:10,stop_point:SP_3422,Roc,31
2345990,07:46:00,07:46:10,stop_point:SP_1188,Croix de Pierre,32
2345990,07:47:00,07:47:10,stop_point:SP_58,Stadium Ouest,33
2345990,07:48:00,07:48:10,stop_point:SP_3098,Stadium Est,34
2345990,07:51:00,07:51:10,stop_point:SP_461,Empalot,35
2345991,07:21:00,07:21:10,stop_point:SP_4521,Portet Gare SNCF,1
2345991,07:24:00,07:24:10,stop_point:SP_4529,Jean Jaurès,2
2345991,07:25:00,07:25:10,stop_point:SP_4773,Désiré,3
2345991,07:26:00,07:26:10,stop_point:SP_70,Eglise de Portet,4
2345991,07:27:00,07:27:10,stop_point:SP_1427,Commerce,5
2345991,07:28:00,07:28:10,stop_point:SP_1451,Occitanie,6
2345991,07:29:00,07:29:10,stop_point:SP_2980,Stade,7
2345991,07:30:00,07:30:10,stop_point:SP_3234,Bd de l'Europe,8
2345991,07:31:00,07:31:10,stop_point:SP_2173,Ctre Cial Portet - Entrée 1,9
2345991,07:32:00,07:32:10,stop_point:SP_1454,Palanques,10
2345991,07:33:00,07:33:10,stop_point:SP_4410,Ctre Cial Portet - Entrée 5,11
2345991,07:34:00,07:34:10,stop_point:SP_2564,Ecole Récébédou,12
2345991,07:35:00,07:35:10,stop_point:SP_795,Claire Fontaine,13
2345991,07:36:00,07:36:10,stop_point:SP_415,Frênes,14
2345991,07:37:00,07:37:10,stop_point:SP_4940,Clairfont,15
2345991,07:39:00,07:39:10,stop_point:SP_320,Larrieu,16
2345991,07:40:00,07:40:10,stop_point:SP_4906,Joulin,17
2345991,07:40:00,07:40:10,stop_point:SP_3681,Route d'Espagne,18
2345991,07:41:00,07:41:10,stop_point:SP_2892,IUC,19
2345991,07:41:00,07:41:10,stop_point:SP_5096,Oncopole - Lise Enjalbert,20
2345991,07:42:00,07:42:10,stop_point:SP_2663,Oncopole Courrière,21
2345991,07:43:00,07:43:10,stop_point:SP_116,Maison Commune,22
2345991,07:43:00,07:43:10,stop_point:SP_1334,Hubert Curien,23
2345991,07:44:00,07:44:10,stop_point:SP_1973,Marchant,24
2345991,07:45:00,07:45:10,stop_point:SP_3988,Gironis - Mémorial AZF,25
2345991,07:46:00,07:46:10,stop_point:SP_3430,Rond-Point Langlade,26
2345991,07:48:00,07:48:10,stop_point:SP_657,Langlade,27
2345991,07:49:00,07:49:10,stop_point:SP_1579,Gallieni,28
2345991,07:50:00,07:50:10,stop_point:SP_1859,Penent,29
2345991,07:51:00,07:51:10,stop_point:SP_3122,Barrière de Muret,30
2345991,07:53:00,07:53:10,stop_point:SP_3422,Roc,31
2345991,07:54:00,07:54:10,stop_point:SP_1188,Croix de Pierre,32
2345991,07:55:00,07:55:10,stop_point:SP_58,Stadium Ouest,33
2345991,07:56:00,07:56:10,stop_point:SP_3098,Stadium Est,34
2345991,07:59:00,07:59:10,stop_point:SP_461,Empalot,35
2345992,07:29:00,07:29:10,stop_point:SP_4521,Portet Gare SNCF,1
2345992,07:32:00,07:32:10,stop_point:SP_4529,Jean Jaurès,2
2345992,07:33:00,07:33:10,stop_point:SP_4773,Désiré,3
2345992,07:34:00,07:34:10,stop_point:SP_70,Eglise de Portet,4
2345992,07:35:00,07:35:10,stop_point:SP_1427,Commerce,5
2345992,07:36:00,07:36:10,stop_point:SP_1451,Occitanie,6
2345992,07:37:00,07:37:10,stop_point:SP_2980,Stade,7
2345992,07:38:00,07:38:10,stop_point:SP_3234,Bd de l'Europe,8
2345992,07:39:00,07:39:10,stop_point:SP_2173,Ctre Cial Portet - Entrée 1,9
2345992,07:40:00,07:40:10,stop_point:SP_1454,Palanques,10
2345992,07:41:00,07:41:10,stop_point:SP_4410,Ctre Cial Portet - Entrée 5,11
2345992,07:42:00,07:42:10,stop_point:SP_2564,Ecole Récébédou,12
2345992,07:43:00,07:43:10,stop_point:SP_795,Claire Fontaine,13
2345992,07:44:00,07:44:10,stop_point:SP_415,Frênes,14
2345992,07:45:00,07:45:10,stop_point:SP_4940,Clairfont,15
2345992,07:47:00,07:47:10,stop_point:SP_320,Larrieu,16
2345992,07:48:00,07:48:10,stop_point:SP_4906,Joulin,17
2345992,07:48:00,07:48:10,stop_point:SP_3681,Route d'Espagne,18
2345992,07:49:00,07:49:10,stop_point:SP_2892,IUC,19
2345992,07:49:00,07:49:10,stop_point:SP_5096,Oncopole - Lise Enjalbert,20
2345992,07:50:00,07:50:10,stop_point:SP_2663,Oncopole Courrière,21
2345992,07:51:00,07:51:10,stop_point:SP_116,Maison Commune,22
2345992,07:51:00,07:51:10,stop_point:SP_1334,Hubert Curien,23
2345992,07:52:00,07:52:10,stop_point:SP_1973,Marchant,24
2345992,07:53:00,07:53:10,stop_point:SP_3988,Gironis - Mémorial AZF,25
2345992,07:54:00,07:54:10,stop_point:SP_3430,Rond-Point Langlade,26
2345992,07:56:00,07:56:10,stop_point:SP_657,Langlade,27
2345992,07:57:00,07:57:10,stop_point:SP_1579,Gallieni,28
2345992,07:58:00,07:58:10,stop_point:SP_1859,Penent,29
2345992,07:59:00,07:59:10,stop_point:SP_3122,Barrière de Muret,30
2345992,08:01:00,08:01:10,stop_point:SP_3422,Roc,31
2345992,08:02:00,08:02:10,stop_point:SP_1188,Croix de Pierre,32
2345992,08:03:00,08:03:10,stop_point:SP_58,Stadium Ouest,33
2345992,08:04:00,08:04:10,stop_point:SP_3098,Stadium Est,34
2345992,08:07:00,08:07:10,stop_point:SP_461,Empalot,35
2345993,07:37:00,07:37:10,stop_point:SP_4521,Portet Gare SNCF,1
2345993,07:41:00,07:41:10,stop_point:SP_4529,Jean Jaurès,2
2345993,07:42:00,07:42:10,stop_point:SP_4773,Désiré,3
2345993,07:43:00,07:43:10,stop_point:SP_70,Eglise de Portet,4
2345993,07:44:00,07:44:10,stop_point:SP_1427,Commerce,5
2345993,07:45:00,07:45:10,stop_point:SP_1451,Occitanie,6
2345993,07:46:00,07:46:10,stop_point:SP_2980,Stade,7
2345993,07:47:00,07:47:10,stop_point:SP_3234,Bd de l'Europe,8
2345993,07:48:00,07:48:10,stop_point:SP_2173,Ctre Cial Portet - Entrée 1,9
2345993,07:49:00,07:49:10,stop_point:SP_1454,Palanques,10
2345993,07:50:00,07:50:10,stop_point:SP_4410,Ctre Cial Portet - Entrée 5,11
2345993,07:51:00,07:51:10,stop_point:SP_2564,Ecole Récébédou,12
2345993,07:52:00,07:52:10,stop_point:SP_795,Claire Fontaine,13
2345993,07:53:00,07:53:10,stop_point:SP_415,Frênes,14
2345993,07:54:00,07:54:10,stop_point:SP_4940,Clairfont,15
2345993,07:56:00,07:56:10,stop_point:SP_320,Larrieu,16
2345993,07:57:00,07:57:10,stop_point:SP_4906,Joulin,17
2345993,07:57:00,07:57:10,stop_point:SP_3681,Route d'Espagne,18
2345993,07:58:00,07:58:10,stop_point:SP_2892,IUC,19
2345993,07:58:00,07:58:10,stop_point:SP_5096,Oncopole - Lise Enjalbert,20
2345993,07:59:00,07:59:10,stop_point:SP_2663,Oncopole Courrière,21
2345993,08:00:00,08:00:10,stop_point:SP_116,Maison Commune,22
2345993,08:00:00,08:00:10,stop_point:SP_1334,Hubert Curien,23
2345993,08:01:00,08:01:10,stop_point:SP_1973,Marchant,24
2345993,08:02:00,08:02:10,stop_point:SP_3988,Gironis - Mémorial AZF,25
2345993,08:03:00,08:03:10,stop_point:SP_3430,Rond-Point Langlade,26
2345993,08:05:00,08:05:10,stop_point:SP_657,Langlade,27
2345993,08:06:00,08:06:10,stop_point:SP_1579,Gallieni,28
2345993,08:07:00,08:07:10,stop_point:SP_1859,Penent,29
2345993,08:08:00,08:08:10,stop_point:SP_3122,Barrière de Muret,30
2345993,08:10:00,08:10:10,stop_point:SP_3422,Roc,31
2345993,08:11:00,08:11:10,stop_point:SP_1188,Croix de Pierre,32
2345993,08:12:00,08:12:10,stop_point:SP_58,Stadium Ouest,33
2345993,08:13:00,08:13:10,stop_point:SP_3098,Stadium Est,34
2345993,08:16:00,08:16:10,stop_point:SP_461,Empalot,35
2345994,07:46:00,07:46:10,stop_point:SP_4521,Portet Gare SNCF,1
2345994,07:50:00,07:50:10,stop_point:SP_4529,Jean Jaurès,2
2345994,07:51:00,07:51:10,stop_point:SP_4773,Désiré,3
2345994,07:52:00,07:52:10,stop_point:SP_70,Eglise de Portet,4
2345994,07:53:00,07:53:10,stop_point:SP_1427,Commerce,5
2345994,07:54:00,07:54:10,stop_point:SP_1451,Occitanie,6
2345994,07:55:00,07:55:10,stop_point:SP_2980,Stade,7
2345994,07:56:00,07:56:10,stop_point:SP_3234,Bd de l'Europe,8
2345994,07:57:00,07:57:10,stop_point:SP_2173,Ctre Cial Portet - Entrée 1,9
2345994,07:58:00,07:58:10,stop_point:SP_1454,Palanques,10
2345994,07:59:00,07:59:10,stop_point:SP_4410,Ctre Cial Portet - Entrée 5,11
2345994,08:00:00,08:00:10,stop_point:SP_2564,Ecole Récébédou,12
2345994,08:01:00,08:01:10,stop_point:SP_795,Claire Fontaine,13
2345994,08:02:00,08:02:10,stop_point:SP_415,Frênes,14
2345994,08:03:00,08:03:10,stop_point:SP_4940,Clairfont,15
2345994,08:05:00,08:05:10,stop_point:SP_320,Larrieu,16
2345994,08:06:00,08:06:10,stop_point:SP_4906,Joulin,17
2345994,08:06:00,08:06:10,stop_point:SP_3681,Route d'Espagne,18
2345994,08:07:00,08:07:10,stop_point:SP_2892,IUC,19
2345994,08:07:00,08:07:10,stop_point:SP_5096,Oncopole - Lise Enjalbert,20
2345994,08:08:00,08:08:10,stop_point:SP_2663,Oncopole Courrière,21
2345994,08:09:00,08:09:10,stop_point:SP_116,Maison Commune,22
2345994,08:09:00,08:09:10,stop_point:SP_1334,Hubert Curien,23
2345994,08:10:00,08:10:10,stop_point:SP_1973,Marchant,24
2345994,08:11:00,08:11:10,stop_point:SP_3988,Gironis - Mémorial AZF,25
2345994,08:12:00,08:12:10,stop_point:SP_3430,Rond-Point Langlade,26
2345994,08:14:00,08:14:10,stop_point:SP_657,Langlade,27
2345994,08:15:00,08:15:10,stop_point:SP_1579,Gallieni,28
2345994,08:16:00,08:16:10,stop_point:SP_1859,Penent,29
2345994,08:17:00,08:17:10,stop_point:SP_3122,Barrière de Muret,30
2345994,08:19:00,08:19:10,stop_point:SP_3422,Roc,31
2345994,08:20:00,08:20:10,stop_point:SP_1188,Croix de Pierre,32
2345994,08:21:00,08:21:10,stop_point:SP_58,Stadium Ouest,33
2345994,08:22:00,08:22:10,stop_point:SP_3098,Stadium Est,34
2345994,08:25:00,08:25:10,stop_point:SP_461,Empalot,35
2345995,07:55:00,07:55:10,stop_point:SP_4521,Portet Gare SNCF,1
2345995,07:59:00,07:59:10,stop_point:SP_4529,Jean Jaurès,2
2345995,08:00:00,08:00:10,stop_point:SP_4773,Désiré,3
2345995,08:01:00,08:01:10,stop_point:SP_70,Eglise de Portet,4
2345995,08:02:00,08:02:10,stop_point:SP_1427,Commerce,5
2345995,08:03:00,08:03:10,stop_point:SP_1451,Occitanie,6
2345995,08:04:00,08:04:10,stop_point:SP_2980,Stade,7
2345995,08:05:00,08:05:10,stop_point:SP_3234,Bd de l'Europe,8
2345995,08:06:00,08:06:10,stop_point:SP_2173,Ctre Cial Portet - Entrée 1,9
2345995,08:07:00,08:07:10,stop_point:SP_1454,Palanques,10
2345995,08:08:00,08:08:10,stop_point:SP_4410,Ctre Cial Portet - Entrée 5,11
2345995,08:09:00,08:09:10,stop_point:SP_2564,Ecole Récébédou,12
2345995,08:10:00,08:10:10,stop_point:SP_795,Claire Fontaine,13
2345995,08:11:00,08:11:10,stop_point:SP_415,Frênes,14
2345995,08:12:00,08:12:10,stop_point:SP_4940,Clairfont,15
2345995,08:14:00,08:14:10,stop_point:SP_320,Larrieu,16
2345995,08:15:00,08:15:10,stop_point:SP_4906,Joulin,17
2345995,08:15:00,08:15:10,stop_point:SP_3681,Route d'Espagne,18
2345995,08:16:00,08:16:10,stop_point:SP_2892,IUC,19
2345995,08:16:00,08:16:10,stop_point:SP_5096,Oncopole - Lise Enjalbert,20
2345995,08:17:00,08:17:10,stop_point:SP_2663,Oncopole Courrière,21
2345995,08:18:00,08:18:10,stop_point:SP_116,Maison Commune,22
2345995,08:18:00,08:18:10,stop_point:SP_1334,Hubert Curien,23
2345995,08:19:00,08:19:10,stop_point:SP_1973,Marchant,24
2345995,08:20:00,08:20:10,stop_point:SP_3988,Gironis - Mémorial AZF,25
2345995,08:21:00,08:21:10,stop_point:SP_3430,Rond-Point Langlade,26
2345995,08:23:00,08:23:10,stop_point:SP_657,Langlade,27
2345995,08:24:00,08:24:10,stop_point:SP_1579,Gallieni,28
2345995,08:25:00,08:25:10,stop_point:SP_1859,Penent,29
2345995,08:26:00,08:26:10,stop_point:SP_3122,Barrière de Muret,30
2345995,08:28:00,08:28:10,stop_point:SP_3422,Roc,31
2345995,08:29:00,08:29:10,stop_point:SP_1188,Croix de Pierre,32
2345995,08:30:00,08:30:10,stop_point:SP_58,Stadium Ouest,33
2345995,08:31:00,08:31:10,stop_point:SP_3098,Stadium Est,34
2345995,08:34:00,08:34:10,stop_point:SP_461,Empalot,35
2345996,08:04:00,08:04:10,stop_point:SP_4521,Portet Gare SNCF,1
2345996,08:08:00,08:08:10,stop_point:SP_4529,Jean Jaurès,2
2345996,08:09:00,08:09:10,stop_point:SP_4773,Désiré,3
2345996,08:10:00,08:10:10,stop_point:SP_70,Eglise de Portet,4
2345996,08:11:00,08:11:10,stop_point:SP_1427,Commerce,5
2345996,08:12:00,08:12:10,stop_point:SP_1451,Occitanie,6
2345996,08:13:00,08:13:10,stop_point:SP_2980,Stade,7
2345996,08:14:00,08:14:10,stop_point:SP_3234,Bd de l'Europe,8
2345996,08:15:00,08:15:10,stop_point:SP_2173,Ctre Cial Portet - Entrée 1,9
2345996,08:16:00,08:16:10,stop_point:SP_1454,Palanques,10
2345996,08:17:00,08:17:10,stop_point:SP_4410,Ctre Cial Portet - Entrée 5,11
2345996,08:18:00,08:18:10,stop_point:SP_2564,Ecole Récébédou,12
2345996,08:19:00,08:19:10,stop_point:SP_795,Claire Fontaine,13
2345996,08:20:00,08:20:10,stop_point:SP_415,Frênes,14
2345996,08:21:00,08:21:10,stop_point:SP_4940,Clairfont,15
2345996,08:23:00,08:23:10,stop_point:SP_320,Larrieu,16
2345996,08:24:00,08:24:10,stop_point:SP_4906,Joulin,17
2345996,08:24:00,08:24:10,stop_point:SP_3681,Route d'Espagne,18
2345996,08:25:00,08:25:10,stop_point:SP_2892,IUC,19
2345996,08:25:00,08:25:10,stop_point:SP_5096,Oncopole - Lise Enjalbert,20
2345996,08:26:00,08:26:10,stop_point:SP_2663,Oncopole Courrière,21
2345996,08:27:00,08:27:10,stop_point:SP_116,Maison Commune,22
2345996,08:27:00,08:27:10,stop_point:SP_1334,Hubert Curien,23
2345996,08:28:00,08:28:10,stop_point:SP_1973,Marchant,24
2345996,08:29:00,08:29:10,stop_point:SP_3988,Gironis - Mémorial AZF,25
2345996,08:30:00,08:30:10,stop_point:SP_3430,Rond-Point Langlade,26
2345996,08:32:00,08:32:10,stop_point:SP_657,Langlade,27
2345996,08:33:00,08:33:10,stop_point:SP_1579,Gallieni,28
2345996,08:34:00,08:34:10,stop_point:SP_1859,Penent,29
2345996,08:35:00,08:35:10,stop_point:SP_3122,Barrière de Muret,30
2345996,08:37:00,08:37:10,stop_point:SP_3422,Roc,31
2345996,08:38:00,08:38:10,stop_point:SP_1188,Croix de Pierre,32
2345996,08:39:00,08:39:10,stop_point:SP_58,Stadium Ouest,33
2345996,08:40:00,08:40:10,stop_point:SP_3098,Stadium Est,34
2345996,08:43:00,08:43:10,stop_point:SP_461,Empalot,35
2345997,08:13:00,08:13:10,stop_point:SP_4521,Portet Gare SNCF,1
2345997,08:17:00,08:17:10,stop_point:SP_4529,Jean Jaurès,2
2345997,08:18:00,08:18:10,stop_point:SP_4773,Désiré,3
2345997,08:19:00,08:19:10,stop_point:SP_70,Eglise de Portet,4
2345997,08:20:00,08:20:10,stop_point:SP_1427,Commerce,5
2345997,08:21:00,08:21:10,stop_point:SP_1451,Occitanie,6
2345997,08:22:00,08:22:10,stop_point:SP_2980,Stade,7
2345997,08:23:00,08:23:10,stop_point:SP_3234,Bd de l'Europe,8
2345997,08:24:00,08:24:10,stop_point:SP_2173,Ctre Cial Portet - Entrée 1,9
2345997,08:25:00,08:25:10,stop_point:SP_1454,Palanques,10
2345997,08:26:00,08:26:10,stop_point:SP_4410,Ctre Cial Portet - Entrée 5,11
2345997,08:27:00,08:27:10,stop_point:SP_2564,Ecole Récébédou,12
2345997,08:28:00,08:28:10,stop_point:SP_795,Claire Fontaine,13
2345997,08:29:00,08:29:10,stop_point:SP_415,Frênes,14
2345997,08:30:00,08:30:10,stop_point:SP_4940,Clairfont,15
2345997,08:32:00,08:32:10,stop_point:SP_320,Larrieu,16
2345997,08:33:00,08:33:10,stop_point:SP_4906,Joulin,17
2345997,08:33:00,08:33:10,stop_point:SP_3681,Route d'Espagne,18
2345997,08:34:00,08:34:10,stop_point:SP_2892,IUC,19
2345997,08:34:00,08:34:10,stop_point:SP_5096,Oncopole - Lise Enjalbert,20
2345997,08:35:00,08:35:10,stop_point:SP_2663,Oncopole Courrière,21
2345997,08:36:00,08:36:10,stop_point:SP_116,Maison Commune,22
2345997,08:36:00,08:36:10,stop_point:SP_1334,Hubert Curien,23
2345997,08:37:00,08:37:10,stop_point:SP_1973,Marchant,24
2345997,08:38:00,08:38:10,stop_point:SP_3988,Gironis - Mémorial AZF,25
2345997,08:39:00,08:39:10,stop_point:SP_3430,Rond-Point Langlade,26
2345997,08:41:00,08:41:10,stop_point:SP_657,Langlade,27
2345997,08:42:00,08:42:10,stop_point:SP_1579,Gallieni,28
2345997,08:43:00,08:43:10,stop_point:SP_1859,Penent,29
2345997,08:44:00,08:44:10,stop_point:SP_3122,Barrière de Muret,30
2345997,08:46:00,08:46:10,stop_point:SP_3422,Roc,31
2345997,08:47:00,08:47:10,stop_point:SP_1188,Croix de Pierre,32
2345997,08:48:00,08:48:10,stop_point:SP_58,Stadium Ouest,33
2345997,08:49:00,08:49:10,stop_point:SP_3098,Stadium Est,34
2345997,08:52:00,08:52:10,stop_point:SP_461,Empalot,35
2345998,08:22:00,08:22:10,stop_point:SP_4521,Portet Gare SNCF,1
2345998,08:26:00,08:26:10,stop_point:SP_4529,Jean Jaurès,2
2345998,08:27:00,08:27:10,stop_point:SP_4773,Désiré,3
2345998,08:28:00,08:28:10,stop_point:SP_70,Eglise de Portet,4
2345998,08:29:00,08:29:10,stop_point:SP_1427,Commerce,5
2345998,08:30:00,08:30:10,stop_point:SP_1451,Occitanie,6
2345998,08:31:00,08:31:10,stop_point:SP_2980,Stade,7
2345998,08:32:00,08:32:10,stop_point:SP_3234,Bd de l'Europe,8
2345998,08:33:00,08:33:10,stop_point:SP_2173,Ctre Cial Portet - Entrée 1,9
2345998,08:34:00,08:34:10,stop_point:SP_1454,Palanques,10
2345998,08:35:00,08:35:10,stop_point:SP_4410,Ctre Cial Portet - Entrée 5,11
2345998,08:36:00,08:36:10,stop_point:SP_2564,Ecole Récébédou,12
2345998,08:37:00,08:37:10,stop_point:SP_795,Claire Fontaine,13
2345998,08:38:00,08:38:10,stop_point:SP_415,Frênes,14
2345998,08:39:00,08:39:10,stop_point:SP_4940,Clairfont,15
2345998,08:41:00,08:41:10,stop_point:SP_320,Larrieu,16
2345998,08:42:00,08:42:10,stop_point:SP_4906,Joulin,17
2345998,08:42:00,08:42:10,stop_point:SP_3681,Route d'Espagne,18
2345998,08:43:00,08:43:10,stop_point:SP_2892,IUC,19
2345998,08:43:00,08:43:10,stop_point:SP_5096,Oncopole - Lise Enjalbert,20
2345998,08:44:00,08:44:10,stop_point:SP_2663,Oncopole Courrière,21
2345998,08:45:00,08:45:10,stop_point:SP_116,Maison Commune,22
2345998,08:45:00,08:45:10,stop_point:SP_1334,Hubert Curien,23
2345998,08:46:00,08:46:10,stop_point:SP_1973,Marchant,24
2345998,08:47:00,08:47:10,stop_point:SP_3988,Gironis - Mémorial AZF,25
2345998,08:48:00,08:48:10,stop_point:SP_3430,Rond-Point Langlade,26
2345998,08:50:00,08:50:10,stop_point:SP_657,Langlade,27
2345998,08:51:00,08:51:10,stop_point:SP_1579,Gallieni,28
2345998,08:52:00,08:52:10,stop_point:SP_1859,Penent,29
2345998,08:53:00,08:53:10,stop_point:SP_3122,Barrière de Muret,30
2345998,08:55:00,08:55:10,stop_point:SP_3422,Roc,31
2345998,08:56:00,08:56:10,stop_point:SP_1188,Croix de Pierre,32
2345998,08:57:00,08:57:10,stop_point:SP_58,Stadium Ouest,33
2345998,08:58:00,08:58:10,stop_point:SP_3098,Stadium Est,34
2345998,09:01:00,09:01:10,stop_point:SP_461,Empalot,35
2345999,08:31:00,08:31:10,stop_point:SP_4521,Portet Gare SNCF,1
2345999,08:35:00,08:35:10,stop_point:SP_4529,Jean Jaurès,2
2345999,08:36:00,08:36:10,stop_point:SP_4773,Désiré,3
2345999,08:37:00,08:37:10,stop_point:SP_70,Eglise de Portet,4
2345999,08:38:00,08:38:10,stop_point:SP_1427,Commerce,5
2345999,08:39:00,08:39:10,stop_point:SP_1451,Occitanie,6
2345999,08:40:00,08:40:10,stop_point:SP_2980,Stade,7
2345999,08:41:00,08:41:10,stop_point:SP_3234,Bd de l'Europe,8
2345999,08:42:00,08:42:10,stop_point:SP_2173,Ctre Cial Portet - Entrée 1,9
2345999,08:43:00,08:43:10,stop_point:SP_1454,Palanques,10
2345999,08:44:00,08:44:10,stop_point:SP_4410,Ctre Cial Portet - Entrée 5,11
2345999,08:45:00,08:45:10,stop_point:SP_2564,Ecole Récébédou,12
2345999,08:46:00,08:46:10,stop_point:SP_795,Claire Fontaine,13
2345999,08:47:00,08:47:10,stop_point:SP_415,Frênes,14
2345999,08:48:00,08:48:10,stop_point:SP_4940,Clairfont,15
2345999,08:50:00,08:50:10,stop_point:SP_320,Larrieu,16
2345999,08:51:00,08:51:10,stop_point:SP_4906,Joulin,17
2345999,08:51:00,08:51:10,stop_point:SP_3681,Route d'Espagne,18
2345999,08:52:00,08:52:10,stop_point:SP_2892,IUC,19
2345999,08:52:00,08:52:10,stop_point:SP_5096,Oncopole - Lise Enjalbert,20
2345999,08:53:00,08:53:10,stop_point:SP_2663,Oncopole Courrière,21
2345999,08:54:00,08:54:10,stop_point:SP_116,Maison Commune,22
2345999,08:54:00,08:54:10,stop_point:SP_1334,Hubert Curien,23
2345999,08:55:00,08:55:10,stop_point:SP_1973,Marchant,24
2345999,08:56:00,08:56:10,stop_point:SP_3988,Gironis - Mémorial AZF,25
2345999,08:57:00,08:57:10,stop_point:SP_3430,Rond-Point Langlade,26
2345999,08:59:00,08:59:10,stop_point:SP_657,Langlade,27
2345999,09:00:00,09:00:10,stop_point:SP_1579,Gallieni,28
2345999,09:01:00,09:01:10,stop_point:SP_1859,Penent,29
2345999,09:02:00,09:02:10,stop_point:SP_3122,Barrière de Muret,30
2345999,09:04:00,09:04:10,stop_point:SP_3422,Roc,31
2345999,09:05:00,09:05:10,stop_point:SP_1188,Croix de Pierre,32
2345999,09:06:00,09:06:10,stop_point:SP_58,Stadium Ouest,33
2345999,09:07:00,09:07:10,stop_point:SP_3098,Stadium Est,34
2345999,09:10:00,09:10:10,stop_point:SP_461,Empalot,35
2346000,08:41:00,08:41:10,stop_point:SP_4521,Portet Gare SNCF,1
2346000,08:45:00,08:45:10,stop_point:SP_4529,Jean Jaurès,2
2346000,08:46:00,08:46:10,stop_point:SP_4773,Désiré,3
2346000,08:47:00,08:47:10,stop_point:SP_70,Eglise de Portet,4
2346000,08:48:00,08:48:10,stop_point:SP_1427,Commerce,5
2346000,08:49:00,08:49:10,stop_point:SP_1451,Occitanie,6
2346000,08:50:00,08:50:10,stop_point:SP_2980,Stade,7
2346000,08:51:00,08:51:10,stop_point:SP_3234,Bd de l'Europe,8
2346000,08:52:00,08:52:10,stop_point:SP_2173,Ctre Cial Portet - Entrée 1,9
2346000,08:53:00,08:53:10,stop_point:SP_1454,Palanques,10
2346000,08:54:00,08:54:10,stop_point:SP_4410,Ctre Cial Portet - Entrée 5,11
2346000,08:55:00,08:55:10,stop_point:SP_2564,Ecole Récébédou,12
2346000,08:56:00,08:56:10,stop_point:SP_795,Claire Fontaine,13
2346000,08:57:00,08:57:10,stop_point:SP_415,Frênes,14
2346000,08:58:00,08:58:10,stop_point:SP_4940,Clairfont,15
2346000,09:00:00,09:00:10,stop_point:SP_320,Larrieu,16
2346000,09:01:00,09:01:10,stop_point:SP_4906,Joulin,17
2346000,09:01:00,09:01:10,stop_point:SP_3681,Route d'Espagne,18
2346000,09:02:00,09:02:10,stop_point:SP_2892,IUC,19
2346000,09:02:00,09:02:10,stop_point:SP_5096,Oncopole - Lise Enjalbert,20
2346000,09:03:00,09:03:10,stop_point:SP_2663,Oncopole Courrière,21
2346000,09:04:00,09:04:10,stop_point:SP_116,Maison Commune,22
2346000,09:04:00,09:04:10,stop_point:SP_1334,Hubert Curien,23
2346000,09:05:00,09:05:10,stop_point:SP_1973,Marchant,24
2346000,09:06:00,09:06:10,stop_point:SP_3988,Gironis - Mémorial AZF,25
2346000,09:07:00,09:07:10,stop_point:SP_3430,Rond-Point Langlade,26
2346000,09:09:00,09:09:10,stop_point:SP_657,Langlade,27
2346000,09:10:00,09:10:10,stop_point:SP_1579,Gallieni,28
2346000,09:11:00,09:11:10,stop_point:SP_1859,Penent,29
2346000,09:12:00,09:12:10,stop_point:SP_3122,Barrière de Muret,30
2346000,09:14:00,09:14:10,stop_point:SP_3422,Roc,31
2346000,09:15:00,09:15:10,stop_point:SP_1188,Croix de Pierre,32
2346000,09:16:00,09:16:10,stop_point:SP_58,Stadium Ouest,33
2346000,09:17:00,09:17:10,stop_point:SP_3098,Stadium Est,34
2346000,09:20:00,09:20:10,stop_point:SP_461,Empalot,35
2346001,08:53:00,08:53:10,stop_point:SP_4521,Portet Gare SNCF,1
2346001,08:57:00,08:57:10,stop_point:SP_4529,Jean Jaurès,2
2346001,08:58:00,08:58:10,stop_point:SP_4773,Désiré,3
2346001,08:59:00,08:59:10,stop_point:SP_70,Eglise de Portet,4
2346001,09:00:00,09:00:10,stop_point:SP_1427,Commerce,5
2346001,09:01:00,09:01:10,stop_point:SP_1451,Occitanie,6
2346001,09:02:00,09:02:10,stop_point:SP_2980,Stade,7
2346001,09:03:00,09:03:10,stop_point:SP_3234,Bd de l'Europe,8
2346001,09:04:00,09:04:10,stop_point:SP_2173,Ctre Cial Portet - Entrée 1,9
2346001,09:05:00,09:05:10,stop_point:SP_1454,Palanques,10
2346001,09:06:00,09:06:10,stop_point:SP_4410,Ctre Cial Portet - Entrée 5,11
2346001,09:07:00,09:07:10,stop_point:SP_2564,Ecole Récébédou,12
2346001,09:08:00,09:08:10,stop_point:SP_795,Claire Fontaine,13
2346001,09:09:00,09:09:10,stop_point:SP_415,Frênes,14
2346001,09:10:00,09:10:10,stop_point:SP_4940,Clairfont,15
2346001,09:12:00,09:12:10,stop_point:SP_320,Larrieu,16
2346001,09:13:00,09:13:10,stop_point:SP_4906,Joulin,17
2346001,09:13:00,09:13:10,stop_point:SP_3681,Route d'Espagne,18
2346001,09:14:00,09:14:10,stop_point:SP_2892,IUC,19
2346001,09:14:00,09:14:10,stop_point:SP_5096,Oncopole - Lise Enjalbert,20
2346001,09:15:00,09:15:10,stop_point:SP_2663,Oncopole Courrière,21
2346001,09:16:00,09:16:10,stop_point:SP_116,Maison Commune,22
2346001,09:16:00,09:16:10,stop_point:SP_1334,Hubert Curien,23
2346001,09:17:00,09:17:10,stop_point:SP_1973,Marchant,24
2346001,09:18:00,09:18:10,stop_point:SP_3988,Gironis - Mémorial AZF,25
2346001,09:19:00,09:19:10,stop_point:SP_3430,Rond-Point Langlade,26
2346001,09:21:00,09:21:10,stop_point:SP_657,Langlade,27
2346001,09:22:00,09:22:10,stop_point:SP_1579,Gallieni,28
2346001,09:23:00,09:23:10,stop_point:SP_1859,Penent,29
2346001,09:23:00,09:23:10,stop_point:SP_3122,Barrière de Muret,30
2346001,09:25:00,09:25:10,stop_point:SP_3422,Roc,31
2346001,09:26:00,09:26:10,stop_point:SP_1188,Croix de Pierre,32
2346001,09:27:00,09:27:10,stop_point:SP_58,Stadium Ouest,33
2346001,09:28:00,09:28:10,stop_point:SP_3098,Stadium Est,34
2346001,09:31:00,09:31:10,stop_point:SP_461,Empalot,35
2346002,09:05:00,09:05:10,stop_point:SP_4521,Portet Gare SNCF,1
2346002,09:08:00,09:08:10,stop_point:SP_4529,Jean Jaurès,2
2346002,09:09:00,09:09:10,stop_point:SP_4773,Désiré,3
2346002,09:10:00,09:10:10,stop_point:SP_70,Eglise de Portet,4
2346002,09:11:00,09:11:10,stop_point:SP_1427,Commerce,5
2346002,09:12:00,09:12:10,stop_point:SP_1451,Occitanie,6
2346002,09:13:00,09:13:10,stop_point:SP_2980,Stade,7
2346002,09:14:00,09:14:10,stop_point:SP_3234,Bd de l'Europe,8
2346002,09:15:00,09:15:10,stop_point:SP_2173,Ctre Cial Portet - Entrée 1,9
2346002,09:16:00,09:16:10,stop_point:SP_1454,Palanques,10
2346002,09:17:00,09:17:10,stop_point:SP_4410,Ctre Cial Portet - Entrée 5,11
2346002,09:18:00,09:18:10,stop_point:SP_2564,Ecole Récébédou,12
2346002,09:19:00,09:19:10,stop_point:SP_795,Claire Fontaine,13
2346002,09:20:00,09:20:10,stop_point:SP_415,Frênes,14
2346002,09:21:00,09:21:10,stop_point:SP_4940,Clairfont,15
2346002,09:23:00,09:23:10,stop_point:SP_320,Larrieu,16
2346002,09:24:00,09:24:10,stop_point:SP_4906,Joulin,17
2346002,09:24:00,09:24:10,stop_point:SP_3681,Route d'Espagne,18
2346002,09:25:00,09:25:10,stop_point:SP_2892,IUC,19
2346002,09:25:00,09:25:10,stop_point:SP_5096,Oncopole - Lise Enjalbert,20
2346002,09:26:00,09:26:10,stop_point:SP_2663,Oncopole Courrière,21
2346002,09:27:00,09:27:10,stop_point:SP_116,Maison Commune,22
2346002,09:27:00,09:27:10,stop_point:SP_1334,Hubert Curien,23
2346002,09:28:00,09:28:10,stop_point:SP_1973,Marchant,24
2346002,09:29:00,09:29:10,stop_point:SP_3988,Gironis - Mémorial AZF,25
2346002,09:30:00,09:30:10,stop_point:SP_3430,Rond-Point Langlade,26
2346002,09:32:00,09:32:10,stop_point:SP_657,Langlade,27
2346002,09:33:00,09:33:10,stop_point:SP_1579,Gallieni,28
2346002,09:34:00,09:34:10,stop_point:SP_1859,Penent,29
2346002,09:34:00,09:34:10,stop_point:SP_3122,Barrière de Muret,30
2346002,09:36:00,09:36:10,stop_point:SP_3422,Roc,31
2346002,09:37:00,09:37:10,stop_point:SP_1188,Croix de Pierre,32
2346002,09:38:00,09:38:10,stop_point:SP_58,Stadium Ouest,33
2346002,09:39:00,09:39:10,stop_point:SP_3098,Stadium Est,34
2346002,09:42:00,09:42:10,stop_point:SP_461,Empalot,35
2346003,09:17:00,09:17:10,stop_point:SP_4521,Portet Gare SNCF,1
2346003,09:20:00,09:20:10,stop_point:SP_4529,Jean Jaurès,2
2346003,09:21:00,09:21:10,stop_point:SP_4773,Désiré,3
2346003,09:22:00,09:22:10,stop_point:SP_70,Eglise de Portet,4
2346003,09:23:00,09:23:10,stop_point:SP_1427,Commerce,5
2346003,09:24:00,09:24:10,stop_point:SP_1451,Occitanie,6
2346003,09:25:00,09:25:10,stop_point:SP_2980,Stade,7
2346003,09:26:00,09:26:10,stop_point:SP_3234,Bd de l'Europe,8
2346003,09:27:00,09:27:10,stop_point:SP_2173,Ctre Cial Portet - Entrée 1,9
2346003,09:28:00,09:28:10,stop_point:SP_1454,Palanques,10
2346003,09:29:00,09:29:10,stop_point:SP_4410,Ctre Cial Portet - Entrée 5,11
2346003,09:30:00,09:30:10,stop_point:SP_2564,Ecole Récébédou,12
2346003,09:31:00,09:31:10,stop_point:SP_795,Claire Fontaine,13
2346003,09:32:00,09:32:10,stop_point:SP_415,Frênes,14
2346003,09:33:00,09:33:10,stop_point:SP_4940,Clairfont,15
2346003,09:35:00,09:35:10,stop_point:SP_320,Larrieu,16
2346003,09:36:00,09:36:10,stop_point:SP_4906,Joulin,17
2346003,09:36:00,09:36:10,stop_point:SP_3681,Route d'Espagne,18
2346003,09:37:00,09:37:10,stop_point:SP_2892,IUC,19
2346003,09:37:00,09:37:10,stop_point:SP_5096,Oncopole - Lise Enjalbert,20
2346003,09:38:00,09:38:10,stop_point:SP_2663,Oncopole Courrière,21
2346003,09:39:00,09:39:10,stop_point:SP_116,Maison Commune,22
2346003,09:39:00,09:39:10,stop_point:SP_1334,Hubert Curien,23
2346003,09:40:00,09:40:10,stop_point:SP_1973,Marchant,24
2346003,09:41:00,09:41:10,stop_point:SP_3988,Gironis - Mémorial AZF,25
2346003,09:42:00,09:42:10,stop_point:SP_3430,Rond-Point Langlade,26
2346003,09:44:00,09:44:10,stop_point:SP_657,Langlade,27
2346003,09:45:00,09:45:10,stop_point:SP_1579,Gallieni,28
2346003,09:46:00,09:46:10,stop_point:SP_1859,Penent,29
2346003,09:46:00,09:46:10,stop_point:SP_3122,Barrière de Muret,30
2346003,09:48:00,09:48:10,stop_point:SP_3422,Roc,31
2346003,09:49:00,09:49:10,stop_point:SP_1188,Croix de Pierre,32
2346003,09:50:00,09:50:10,stop_point:SP_58,Stadium Ouest,33
2346003,09:51:00,09:51:10,stop_point:SP_3098,Stadium Est,34
2346003,09:54:00,09:54:10,stop_point:SP_461,Empalot,35
2346004,09:29:00,09:29:10,stop_point:SP_4521,Portet Gare SNCF,1
2346004,09:32:00,09:32:10,stop_point:SP_4529,Jean Jaurès,2
2346004,09:33:00,09:33:10,stop_point:SP_4773,Désiré,3
2346004,09:34:00,09:34:10,stop_point:SP_70,Eglise de Portet,4
2346004,09:35:00,09:35:10,stop_point:SP_1427,Commerce,5
2346004,09:36:00,09:36:10,stop_point:SP_1451,Occitanie,6
2346004,09:37:00,09:37:10,stop_point:SP_2980,Stade,7
2346004,09:38:00,09:38:10,stop_point:SP_3234,Bd de l'Europe,8
2346004,09:39:00,09:39:10,stop_point:SP_2173,Ctre Cial Portet - Entrée 1,9
2346004,09:40:00,09:40:10,stop_point:SP_1454,Palanques,10
2346004,09:41:00,09:41:10,stop_point:SP_4410,Ctre Cial Portet - Entrée 5,11
2346004,09:42:00,09:42:10,stop_point:SP_2564,Ecole Récébédou,12
2346004,09:43:00,09:43:10,stop_point:SP_795,Claire Fontaine,13
2346004,09:44:00,09:44:10,stop_point:SP_415,Frênes,14
2346004,09:45:00,09:45:10,stop_point:SP_4940,Clairfont,15
2346004,09:47:00,09:47:10,stop_point:SP_320,Larrieu,16
2346004,09:48:00,09:48:10,stop_point:SP_4906,Joulin,17
2346004,09:48:00,09:48:10,stop_point:SP_3681,Route d'Espagne,18
2346004,09:49:00,09:49:10,stop_point:SP_2892,IUC,19
2346004,09:49:00,09:49:10,stop_point:SP_5096,Oncopole - Lise Enjalbert,20
2346004,09:50:00,09:50:10,stop_point:SP_2663,Oncopole Courrière,21
2346004,09:51:00,09:51:10,stop_point:SP_116,Maison Commune,22
2346004,09:51:00,09:51:10,stop_point:SP_1334,Hubert Curien,23
2346004,09:52:00,09:52:10,stop_point:SP_1973,Marchant,24
2346004,09:53:00,09:53:10,stop_point:SP_3988,Gironis - Mémorial AZF,25
2346004,09:54:00,09:54:10,stop_point:SP_3430,Rond-Point Langlade,26
2346004,09:56:00,09:56:10,stop_point:SP_657,Langlade,27
2346004,09:57:00,09:57:10,stop_point:SP_1579,Gallieni,28
2346004,09:58:00,09:58:10,stop_point:SP_1859,Penent,29
2346004,09:58:00,09:58:10,stop_point:SP_3122,Barrière de Muret,30
2346004,10:00:00,10:00:10,stop_point:SP_3422,Roc,31
2346004,10:01:00,10:01:10,stop_point:SP_1188,Croix de Pierre,32
2346004,10:02:00,10:02:10,stop_point:SP_58,Stadium Ouest,33
2346004,10:03:00,10:03:10,stop_point:SP_3098,Stadium Est,34
2346004,10:06:00,10:06:10,stop_point:SP_461,Empalot,35
2346005,09:41:00,09:41:10,stop_point:SP_4521,Portet Gare SNCF,1
2346005,09:44:00,09:44:10,stop_point:SP_4529,Jean Jaurès,2
2346005,09:45:00,09:45:10,stop_point:SP_4773,Désiré,3
2346005,09:46:00,09:46:10,stop_point:SP_70,Eglise de Portet,4
2346005,09:47:00,09:47:10,stop_point:SP_1427,Commerce,5
2346005,09:48:00,09:48:10,stop_point:SP_1451,Occitanie,6
2346005,09:49:00,09:49:10,stop_point:SP_2980,Stade,7
2346005,09:50:00,09:50:10,stop_point:SP_3234,Bd de l'Europe,8
2346005,09:51:00,09:51:10,stop_point:SP_2173,Ctre Cial Portet - Entrée 1,9
2346005,09:52:00,09:52:10,stop_point:SP_1454,Palanques,10
2346005,09:53:00,09:53:10,stop_point:SP_4410,Ctre Cial Portet - Entrée 5,11
2346005,09:54:00,09:54:10,stop_point:SP_2564,Ecole Récébédou,12
2346005,09:55:00,09:55:10,stop_point:SP_795,Claire Fontaine,13
2346005,09:56:00,09:56:10,stop_point:SP_415,Frênes,14
2346005,09:57:00,09:57:10,stop_point:SP_4940,Clairfont,15
2346005,09:59:00,09:59:10,stop_point:SP_320,Larrieu,16
2346005,10:00:00,10:00:10,stop_point:SP_4906,Joulin,17
2346005,10:00:00,10:00:10,stop_point:SP_3681,Route d'Espagne,18
2346005,10:01:00,10:01:10,stop_point:SP_2892,IUC,19
2346005,10:01:00,10:01:10,stop_point:SP_5096,Oncopole - Lise Enjalbert,20
2346005,10:02:00,10:02:10,stop_point:SP_2663,Oncopole Courrière,21
2346005,10:03:00,10:03:10,stop_point:SP_116,Maison Commune,22
2346005,10:03:00,10:03:10,stop_point:SP_1334,Hubert Curien,23
2346005,10:04:00,10:04:10,stop_point:SP_1973,Marchant,24
2346005,10:05:00,10:05:10,stop_point:SP_3988,Gironis - Mémorial AZF,25
2346005,10:06:00,10:06:10,stop_point:SP_3430,Rond-Point Langlade,26
2346005,10:08:00,10:08:10,stop_point:SP_657,Langlade,27
2346005,10:09:00,10:09:10,stop_point:SP_1579,Gallieni,28
2346005,10:10:00,10:10:10,stop_point:SP_1859,Penent,29
2346005,10:10:00,10:10:10,stop_point:SP_3122,Barrière de Muret,30
2346005,10:12:00,10:12:10,stop_point:SP_3422,Roc,31
2346005,10:13:00,10:13:10,stop_point:SP_1188,Croix de Pierre,32
2346005,10:14:00,10:14:10,stop_point:SP_58,Stadium Ouest,33
2346005,10:15:00,10:15:10,stop_point:SP_3098,Stadium Est,34
2346005,10:18:00,10:18:10,stop_point:SP_461,Empalot,35
2346006,09:53:00,09:53:10,stop_point:SP_4521,Portet Gare SNCF,1
2346006,09:56:00,09:56:10,stop_point:SP_4529,Jean Jaurès,2
2346006,09:57:00,09:57:10,stop_point:SP_4773,Désiré,3
2346006,09:58:00,09:58:10,stop_point:SP_70,Eglise de Portet,4
2346006,09:59:00,09:59:10,stop_point:SP_1427,Commerce,5
2346006,10:00:00,10:00:10,stop_point:SP_1451,Occitanie,6
2346006,10:01:00,10:01:10,stop_point:SP_2980,Stade,7
2346006,10:02:00,10:02:10,stop_point:SP_3234,Bd de l'Europe,8
2346006,10:03:00,10:03:10,stop_point:SP_2173,Ctre Cial Portet - Entrée 1,9
2346006,10:04:00,10:04:10,stop_point:SP_1454,Palanques,10
2346006,10:05:00,10:05:10,stop_point:SP_4410,Ctre Cial Portet - Entrée 5,11
2346006,10:06:00,10:06:10,stop_point:SP_2564,Ecole Récébédou,12
2346006,10:07:00,10:07:10,stop_point:SP_795,Claire Fontaine,13
2346006,10:08:00,10:08:10,stop_point:SP_415,Frênes,14
2346006,10:09:00,10:09:10,stop_point:SP_4940,Clairfont,15
2346006,10:11:00,10:11:10,stop_point:SP_320,Larrieu,16
2346006,10:12:00,10:12:10,stop_point:SP_4906,Joulin,17
2346006,10:12:00,10:12:10,stop_point:SP_3681,Route d'Espagne,18
2346006,10:13:00,10:13:10,stop_point:SP_2892,IUC,19
2346006,10:13:00,10:13:10,stop_point:SP_5096,Oncopole - Lise Enjalbert,20
2346006,10:14:00,10:14:10,stop_point:SP_2663,Oncopole Courrière,21
2346006,10:15:00,10:15:10,stop_point:SP_116,Maison Commune,22
2346006,10:15:00,10:15:10,stop_point:SP_1334,Hubert Curien,23
2346006,10:16:00,10:16:10,stop_point:SP_1973,Marchant,24
2346006,10:17:00,10:17:10,stop_point:SP_3988,Gironis - Mémorial AZF,25
2346006,10:18:00,10:18:10,stop_point:SP_3430,Rond-Point Langlade,26
2346006,10:20:00,10:20:10,stop_point:SP_657,Langlade,27
2346006,10:21:00,10:21:10,stop_point:SP_1579,Gallieni,28
2346006,10:22:00,10:22:10,stop_point:SP_1859,Penent,29
2346006,10:22:00,10:22:10,stop_point:SP_3122,Barrière de Muret,30
2346006,10:24:00,10:24:10,stop_point:SP_3422,Roc,31
2346006,10:25:00,10:25:10,stop_point:SP_1188,Croix de Pierre,32
2346006,10:26:00,10:26:10,stop_point:SP_58,Stadium Ouest,33
2346006,10:27:00,10:27:10,stop_point:SP_3098,Stadium Est,34
2346006,10:30:00,10:30:10,stop_point:SP_461,Empalot,35
2346007,10:05:00,10:05:10,stop_point:SP_4521,Portet Gare SNCF,1
2346007,10:08:00,10:08:10,stop_point:SP_4529,Jean Jaurès,2
2346007,10:09:00,10:09:10,stop_point:SP_4773,Désiré,3
2346007,10:10:00,10:10:10,stop_point:SP_70,Eglise de Portet,4
2346007,10:11:00,10:11:10,stop_point:SP_1427,Commerce,5
2346007,10:12:00,10:12:10,stop_point:SP_1451,Occitanie,6
2346007,10:13:00,10:13:10,stop_point:SP_2980,Stade,7
2346007,10:14:00,10:14:10,stop_point:SP_3234,Bd de l'Europe,8
2346007,10:15:00,10:15:10,stop_point:SP_2173,Ctre Cial Portet - Entrée 1,9
2346007,10:16:00,10:16:10,stop_point:SP_1454,Palanques,10
2346007,10:17:00,10:17:10,stop_point:SP_4410,Ctre Cial Portet - Entrée 5,11
2346007,10:18:00,10:18:10,stop_point:SP_2564,Ecole Récébédou,12
2346007,10:19:00,10:19:10,stop_point:SP_795,Claire Fontaine,13
2346007,10:20:00,10:20:10,stop_point:SP_415,Frênes,14
2346007,10:21:00,10:21:10,stop_point:SP_4940,Clairfont,15
2346007,10:23:00,10:23:10,stop_point:SP_320,Larrieu,16
2346007,10:24:00,10:24:10,stop_point:SP_4906,Joulin,17
2346007,10:24:00,10:24:10,stop_point:SP_3681,Route d'Espagne,18
2346007,10:25:00,10:25:10,stop_point:SP_2892,IUC,19
2346007,10:25:00,10:25:10,stop_point:SP_5096,Oncopole - Lise Enjalbert,20
2346007,10:26:00,10:26:10,stop_point:SP_2663,Oncopole Courrière,21
2346007,10:27:00,10:27:10,stop_point:SP_116,Maison Commune,22
2346007,10:27:00,10:27:10,stop_point:SP_1334,Hubert Curien,23
2346007,10:28:00,10:28:10,stop_point:SP_1973,Marchant,24
2346007,10:29:00,10:29:10,stop_point:SP_3988,Gironis - Mémorial AZF,25
2346007,10:30:00,10:30:10,stop_point:SP_3430,Rond-Point Langlade,26
2346007,10:32:00,10:32:10,stop_point:SP_657,Langlade,27
2346007,10:33:00,10:33:10,stop_point:SP_1579,Gallieni,28
2346007,10:34:00,10:34:10,stop_point:SP_1859,Penent,29
2346007,10:34:00,10:34:10,stop_point:SP_3122,Barrière de Muret,30
2346007,10:36:00,10:36:10,stop_point:SP_3422,Roc,31
2346007,10:37:00,10:37:10,stop_point:SP_1188,Croix de Pierre,32
2346007,10:38:00,10:38:10,stop_point:SP_58,Stadium Ouest,33
2346007,10:39:00,10:39:10,stop_point:SP_3098,Stadium Est,34
2346007,10:42:00,10:42:10,stop_point:SP_461,Empalot,35
2346008,10:17:00,10:17:10,stop_point:SP_4521,Portet Gare SNCF,1
2346008,10:20:00,10:20:10,stop_point:SP_4529,Jean Jaurès,2
2346008,10:21:00,10:21:10,stop_point:SP_4773,Désiré,3
2346008,10:22:00,10:22:10,stop_point:SP_70,Eglise de Portet,4
2346008,10:23:00,10:23:10,stop_point:SP_1427,Commerce,5
2346008,10:24:00,10:24:10,stop_point:SP_1451,Occitanie,6
2346008,10:25:00,10:25:10,stop_point:SP_2980,Stade,7
2346008,10:26:00,10:26:10,stop_point:SP_3234,Bd de l'Europe,8
2346008,10:27:00,10:27:10,stop_point:SP_2173,Ctre Cial Portet - Entrée 1,9
2346008,10:28:00,10:28:10,stop_point:SP_1454,Palanques,10
2346008,10:29:00,10:29:10,stop_point:SP_4410,Ctre Cial Portet - Entrée 5,11
2346008,10:30:00,10:30:10,stop_point:SP_2564,Ecole Récébédou,12
2346008,10:31:00,10:31:10,stop_point:SP_795,Claire Fontaine,13
2346008,10:32:00,10:32:10,stop_point:SP_415,Frênes,14
2346008,10:33:00,10:33:10,stop_point:SP_4940,Clairfont,15
2346008,10:35:00,10:35:10,stop_point:SP_320,Larrieu,16
2346008,10:36:00,10:36:10,stop_point:SP_4906,Joulin,17
2346008,10:36:00,10:36:10,stop_point:SP_3681,Route d'Espagne,18
2346008,10:37:00,10:37:10,stop_point:SP_2892,IUC,19
2346008,10:37:00,10:37:10,stop_point:SP_5096,Oncopole - Lise Enjalbert,20
2346008,10:38:00,10:38:10,stop_point:SP_2663,Oncopole Courrière,21
2346008,10:39:00,10:39:10,stop_point:SP_116,Maison Commune,22
2346008,10:39:00,10:39:10,stop_point:SP_1334,Hubert Curien,23
2346008,10:40:00,10:40:10,stop_point:SP_1973,Marchant,24
2346008,10:41:00,10:41:10,stop_point:SP_3988,Gironis - Mémorial AZF,25
2346008,10:42:00,10:42:10,stop_point:SP_3430,Rond-Point Langlade,26
2346008,10:44:00,10:44:10,stop_point:SP_657,Langlade,27
2346008,10:45:00,10:45:10,stop_point:SP_1579,Gallieni,28
2346008,10:46:00,10:46:10,stop_point:SP_1859,Penent,29
2346008,10:46:00,10:46:10,stop_point:SP_3122,Barrière de Muret,30
2346008,10:48:00,10:48:10,stop_point:SP_3422,Roc,31
2346008,10:49:00,10:49:10,stop_point:SP_1188,Croix de Pierre,32
2346008,10:50:00,10:50:10,stop_point:SP_58,Stadium Ouest,33
2346008,10:51:00,10:51:10,stop_point:SP_3098,Stadium Est,34
2346008,10:54:00,10:54:10,stop_point:SP_461,Empalot,35
2346009,10:29:00,10:29:10,stop_point:SP_4521,Portet Gare SNCF,1
2346009,10:32:00,10:32:10,stop_point:SP_4529,Jean Jaurès,2
2346009,10:33:00,10:33:10,stop_point:SP_4773,Désiré,3
2346009,10:34:00,10:34:10,stop_point:SP_70,Eglise de Portet,4
2346009,10:35:00,10:35:10,stop_point:SP_1427,Commerce,5
2346009,10:36:00,10:36:10,stop_point:SP_1451,Occitanie,6
2346009,10:37:00,10:37:10,stop_point:SP_2980,Stade,7
2346009,10:38:00,10:38:10,stop_point:SP_3234,Bd de l'Europe,8
2346009,10:39:00,10:39:10,stop_point:SP_2173,Ctre Cial Portet - Entrée 1,9
2346009,10:40:00,10:40:10,stop_point:SP_1454,Palanques,10
2346009,10:41:00,10:41:10,stop_point:SP_4410,Ctre Cial Portet - Entrée 5,11
2346009,10:42:00,10:42:10,stop_point:SP_2564,Ecole Récébédou,12
2346009,10:43:00,10:43:10,stop_point:SP_795,Claire Fontaine,13
2346009,10:44:00,10:44:10,stop_point:SP_415,Frênes,14
2346009,10:45:00,10:45:10,stop_point:SP_4940,Clairfont,15
2346009,10:47:00,10:47:10,stop_point:SP_320,Larrieu,16
2346009,10:48:00,10:48:10,stop_point:SP_4906,Joulin,17
2346009,10:48:00,10:48:10,stop_point:SP_3681,Route d'Espagne,18
2346009,10:49:00,10:49:10,stop_point:SP_2892,IUC,19
2346009,10:49:00,10:49:10,stop_point:SP_5096,Oncopole - Lise Enjalbert,20
2346009,10:50:00,10:50:10,stop_point:SP_2663,Oncopole Courrière,21
2346009,10:51:00,10:51:10,stop_point:SP_116,Maison Commune,22
2346009,10:51:00,10:51:10,stop_point:SP_1334,Hubert Curien,23
2346009,10:52:00,10:52:10,stop_point:SP_1973,Marchant,24
2346009,10:53:00,10:53:10,stop_point:SP_3988,Gironis - Mémorial AZF,25
2346009,10:54:00,10:54:10,stop_point:SP_3430,Rond-Point Langlade,26
2346009,10:56:00,10:56:10,stop_point:SP_657,Langlade,27
2346009,10:57:00,10:57:10,stop_point:SP_1579,Gallieni,28
2346009,10:58:00,10:58:10,stop_point:SP_1859,Penent,29
2346009,10:58:00,10:58:10,stop_point:SP_3122,Barrière de Muret,30
2346009,11:00:00,11:00:10,stop_point:SP_3422,Roc,31
2346009,11:01:00,11:01:10,stop_point:SP_1188,Croix de Pierre,32
2346009,11:02:00,11:02:10,stop_point:SP_58,Stadium Ouest,33
2346009,11:03:00,11:03:10,stop_point:SP_3098,Stadium Est,34
2346009,11:06:00,11:06:10,stop_point:SP_461,Empalot,35
2346010,10:41:00,10:41:10,stop_point:SP_4521,Portet Gare SNCF,1
2346010,10:44:00,10:44:10,stop_point:SP_4529,Jean Jaurès,2
2346010,10:45:00,10:45:10,stop_point:SP_4773,Désiré,3
2346010,10:46:00,10:46:10,stop_point:SP_70,Eglise de Portet,4
2346010,10:47:00,10:47:10,stop_point:SP_1427,Commerce,5
2346010,10:48:00,10:48:10,stop_point:SP_1451,Occitanie,6
2346010,10:49:00,10:49:10,stop_point:SP_2980,Stade,7
2346010,10:50:00,10:50:10,stop_point:SP_3234,Bd de l'Europe,8
2346010,10:51:00,10:51:10,stop_point:SP_2173,Ctre Cial Portet - Entrée 1,9
2346010,10:52:00,10:52:10,stop_point:SP_1454,Palanques,10
2346010,10:53:00,10:53:10,stop_point:SP_4410,Ctre Cial Portet - Entrée 5,11
2346010,10:54:00,10:54:10,stop_point:SP_2564,Ecole Récébédou,12
2346010,10:55:00,10:55:10,stop_point:SP_795,Claire Fontaine,13
2346010,10:56:00,10:56:10,stop_point:SP_415,Frênes,14
2346010,10:57:00,10:57:10,stop_point:SP_4940,Clairfont,15
2346010,10:59:00,10:59:10,stop_point:SP_320,Larrieu,16
2346010,11:00:00,11:00:10,stop_point:SP_4906,Joulin,17
2346010,11:00:00,11:00:10,stop_point:SP_3681,Route d'Espagne,18
2346010,11:01:00,11:01:10,stop_point:SP_2892,IUC,19
2346010,11:01:00,11:01:10,stop_point:SP_5096,Oncopole - Lise Enjalbert,20
2346010,11:02:00,11:02:10,stop_point:SP_2663,Oncopole Courrière,21
2346010,11:03:00,11:03:10,stop_point:SP_116,Maison Commune,22
2346010,11:03:00,11:03:10,stop_point:SP_1334,Hubert Curien,23
2346010,11:04:00,11:04:10,stop_point:SP_1973,Marchant,24
2346010,11:05:00,11:05:10,stop_point:SP_3988,Gironis - Mémorial AZF,25
2346010,11:06:00,11:06:10,stop_point:SP_3430,Rond-Point Langlade,26
2346010,11:08:00,11:08:10,stop_point:SP_657,Langlade,27
2346010,11:09:00,11:09:10,stop_point:SP_1579,Gallieni,28
2346010,11:10:00,11:10:10,stop_point:SP_1859,Penent,29
2346010,11:10:00,11:10:10,stop_point:SP_3122,Barrière de Muret,30
2346010,11:12:00,11:12:10,stop_point:SP_3422,Roc,31
2346010,11:13:00,11:13:10,stop_point:SP_1188,Croix de Pierre,32
2346010,11:14:00,11:14:10,stop_point:SP_58,Stadium Ouest,33
2346010,11:15:00,11:15:10,stop_point:SP_3098,Stadium Est,34
2346010,11:18:00,11:18:10,stop_point:SP_461,Empalot,35
2346011,10:53:00,10:53:10,stop_point:SP_4521,Portet Gare SNCF,1
2346011,10:56:00,10:56:10,stop_point:SP_4529,Jean Jaurès,2
2346011,10:57:00,10:57:10,stop_point:SP_4773,Désiré,3
2346011,10:58:00,10:58:10,stop_point:SP_70,Eglise de Portet,4
2346011,10:59:00,10:59:10,stop_point:SP_1427,Commerce,5
2346011,11:00:00,11:00:10,stop_point:SP_1451,Occitanie,6
2346011,11:01:00,11:01:10,stop_point:SP_2980,Stade,7
2346011,11:02:00,11:02:10,stop_point:SP_3234,Bd de l'Europe,8
2346011,11:03:00,11:03:10,stop_point:SP_2173,Ctre Cial Portet - Entrée 1,9
2346011,11:04:00,11:04:10,stop_point:SP_1454,Palanques,10
2346011,11:05:00,11:05:10,stop_point:SP_4410,Ctre Cial Portet - Entrée 5,11
2346011,11:06:00,11:06:10,stop_point:SP_2564,Ecole Récébédou,12
2346011,11:07:00,11:07:10,stop_point:SP_795,Claire Fontaine,13
2346011,11:08:00,11:08:10,stop_point:SP_415,Frênes,14
2346011,11:09:00,11:09:10,stop_point:SP_4940,Clairfont,15
2346011,11:11:00,11:11:10,stop_point:SP_320,Larrieu,16
2346011,11:12:00,11:12:10,stop_point:SP_4906,Joulin,17
2346011,11:12:00,11:12:10,stop_point:SP_3681,Route d'Espagne,18
2346011,11:13:00,11:13:10,stop_point:SP_2892,IUC,19
2346011,11:13:00,11:13:10,stop_point:SP_5096,Oncopole - Lise Enjalbert,20
2346011,11:14:00,11:14:10,stop_point:SP_2663,Oncopole Courrière,21
2346011,11:15:00,11:15:10,stop_point:SP_116,Maison Commune,22
2346011,11:15:00,11:15:10,stop_point:SP_1334,Hubert Curien,23
2346011,11:16:00,11:16:10,stop_point:SP_1973,Marchant,24
2346011,11:17:00,11:17:10,stop_point:SP_3988,Gironis - Mémorial AZF,25
2346011,11:18:00,11:18:10,stop_point:SP_3430,Rond-Point Langlade,26
2346011,11:20:00,11:20:10,stop_point:SP_657,Langlade,27
2346011,11:21:00,11:21:10,stop_point:SP_1579,Gallieni,28
2346011,11:22:00,11:22:10,stop_point:SP_1859,Penent,29
2346011,11:22:00,11:22:10,stop_point:SP_3122,Barrière de Muret,30
2346011,11:24:00,11:24:10,stop_point:SP_3422,Roc,31
2346011,11:25:00,11:25:10,stop_point:SP_1188,Croix de Pierre,32
2346011,11:26:00,11:26:10,stop_point:SP_58,Stadium Ouest,33
2346011,11:27:00,11:27:10,stop_point:SP_3098,Stadium Est,34
2346011,11:30:00,11:30:10,stop_point:SP_461,Empalot,35
2346012,11:05:00,11:05:10,stop_point:SP_4521,Portet Gare SNCF,1
2346012,11:08:00,11:08:10,stop_point:SP_4529,Jean Jaurès,2
2346012,11:09:00,11:09:10,stop_point:SP_4773,Désiré,3
2346012,11:10:00,11:10:10,stop_point:SP_70,Eglise de Portet,4
2346012,11:11:00,11:11:10,stop_point:SP_1427,Commerce,5
2346012,11:12:00,11:12:10,stop_point:SP_1451,Occitanie,6
2346012,11:13:00,11:13:10,stop_point:SP_2980,Stade,7
2346012,11:14:00,11:14:10,stop_point:SP_3234,Bd de l'Europe,8
2346012,11:15:00,11:15:10,stop_point:SP_2173,Ctre Cial Portet - Entrée 1,9
2346012,11:16:00,11:16:10,stop_point:SP_1454,Palanques,10
2346012,11:17:00,11:17:10,stop_point:SP_4410,Ctre Cial Portet - Entrée 5,11
2346012,11:18:00,11:18:10,stop_point:SP_2564,Ecole Récébédou,12
2346012,11:19:00,11:19:10,stop_point:SP_795,Claire Fontaine,13
2346012,11:20:00,11:20:10,stop_point:SP_415,Frênes,14
2346012,11:21:00,11:21:10,stop_point:SP_4940,Clairfont,15
2346012,11:23:00,11:23:10,stop_point:SP_320,Larrieu,16
2346012,11:24:00,11:24:10,stop_point:SP_4906,Joulin,17
2346012,11:24:00,11:24:10,stop_point:SP_3681,Route d'Espagne,18
2346012,11:25:00,11:25:10,stop_point:SP_2892,IUC,19
2346012,11:25:00,11:25:10,stop_point:SP_5096,Oncopole - Lise Enjalbert,20
2346012,11:26:00,11:26:10,stop_point:SP_2663,Oncopole Courrière,21
2346012,11:27:00,11:27:10,stop_point:SP_116,Maison Commune,22
2346012,11:27:00,11:27:10,stop_point:SP_1334,Hubert Curien,23
2346012,11:28:00,11:28:10,stop_point:SP_1973,Marchant,24
2346012,11:29:00,11:29:10,stop_point:SP_3988,Gironis - Mémorial AZF,25
2346012,11:30:00,11:30:10,stop_point:SP_3430,Rond-Point Langlade,26
2346012,11:32:00,11:32:10,stop_point:SP_657,Langlade,27
2346012,11:33:00,11:33:10,stop_point:SP_1579,Gallieni,28
2346012,11:34:00,11:34:10,stop_point:SP_1859,Penent,29
2346012,11:34:00,11:34:10,stop_point:SP_3122,Barrière de Muret,30
2346012,11:36:00,11:36:10,stop_point:SP_3422,Roc,31
2346012,11:37:00,11:37:10,stop_point:SP_1188,Croix de Pierre,32
2346012,11:38:00,11:38:10,stop_point:SP_58,Stadium Ouest,33
2346012,11:39:00,11:39:10,stop_point:SP_3098,Stadium Est,34
2346012,11:42:00,11:42:10,stop_point:SP_461,Empalot,35
2346013,11:17:00,11:17:10,stop_point:SP_4521,Portet Gare SNCF,1
2346013,11:20:00,11:20:10,stop_point:SP_4529,Jean Jaurès,2
2346013,11:21:00,11:21:10,stop_point:SP_4773,Désiré,3
2346013,11:22:00,11:22:10,stop_point:SP_70,Eglise de Portet,4
2346013,11:23:00,11:23:10,stop_point:SP_1427,Commerce,5
2346013,11:24:00,11:24:10,stop_point:SP_1451,Occitanie,6
2346013,11:25:00,11:25:10,stop_point:SP_2980,Stade,7
2346013,11:26:00,11:26:10,stop_point:SP_3234,Bd de l'Europe,8
2346013,11:27:00,11:27:10,stop_point:SP_2173,Ctre Cial Portet - Entrée 1,9
2346013,11:28:00,11:28:10,stop_point:SP_1454,Palanques,10
2346013,11:29:00,11:29:10,stop_point:SP_4410,Ctre Cial Portet - Entrée 5,11
2346013,11:30:00,11:30:10,stop_point:SP_2564,Ecole Récébédou,12
2346013,11:31:00,11:31:10,stop_point:SP_795,Claire Fontaine,13
2346013,11:32:00,11:32:10,stop_point:SP_415,Frênes,14
2346013,11:33:00,11:33:10,stop_point:SP_4940,Clairfont,15
2346013,11:35:00,11:35:10,stop_point:SP_320,Larrieu,16
2346013,11:36:00,11:36:10,stop_point:SP_4906,Joulin,17
2346013,11:36:00,11:36:10,stop_point:SP_3681,Route d'Espagne,18
2346013,11:37:00,11:37:10,stop_point:SP_2892,IUC,19
2346013,11:37:00,11:37:10,stop_point:SP_5096,Oncopole - Lise Enjalbert,20
2346013,11:38:00,11:38:10,stop_point:SP_2663,Oncopole Courrière,21
2346013,11:39:00,11:39:10,stop_point:SP_116,Maison Commune,22
2346013,11:39:00,11:39:10,stop_point:SP_1334,Hubert Curien,23
2346013,11:40:00,11:40:10,stop_point:SP_1973,Marchant,24
2346013,11:41:00,11:41:10,stop_point:SP_3988,Gironis - Mémorial AZF,25
2346013,11:42:00,11:42:10,stop_point:SP_3430,Rond-Point Langlade,26
2346013,11:44:00,11:44:10,stop_point:SP_657,Langlade,27
2346013,11:45:00,11:45:10,stop_point:SP_1579,Gallieni,28
2346013,11:46:00,11:46:10,stop_point:SP_1859,Penent,29
2346013,11:46:00,11:46:10,stop_point:SP_3122,Barrière de Muret,30
2346013,11:48:00,11:48:10,stop_point:SP_3422,Roc,31
2346013,11:49:00,11:49:10,stop_point:SP_1188,Croix de Pierre,32
2346013,11:50:00,11:50:10,stop_point:SP_58,Stadium Ouest,33
2346013,11:51:00,11:51:10,stop_point:SP_3098,Stadium Est,34
2346013,11:54:00,11:54:10,stop_point:SP_461,Empalot,35
2346014,11:29:00,11:29:10,stop_point:SP_4521,Portet Gare SNCF,1
2346014,11:32:00,11:32:10,stop_point:SP_4529,Jean Jaurès,2
2346014,11:33:00,11:33:10,stop_point:SP_4773,Désiré,3
2346014,11:34:00,11:34:10,stop_point:SP_70,Eglise de Portet,4
2346014,11:35:00,11:35:10,stop_point:SP_1427,Commerce,5
2346014,11:36:00,11:36:10,stop_point:SP_1451,Occitanie,6
2346014,11:37:00,11:37:10,stop_point:SP_2980,Stade,7
2346014,11:38:00,11:38:10,stop_point:SP_3234,Bd de l'Europe,8
2346014,11:39:00,11:39:10,stop_point:SP_2173,Ctre Cial Portet - Entrée 1,9
2346014,11:40:00,11:40:10,stop_point:SP_1454,Palanques,10
2346014,11:41:00,11:41:10,stop_point:SP_4410,Ctre Cial Portet - Entrée 5,11
2346014,11:42:00,11:42:10,stop_point:SP_2564,Ecole Récébédou,12
2346014,11:43:00,11:43:10,stop_point:SP_795,Claire Fontaine,13
2346014,11:44:00,11:44:10,stop_point:SP_415,Frênes,14
2346014,11:45:00,11:45:10,stop_point:SP_4940,Clairfont,15
2346014,11:47:00,11:47:10,stop_point:SP_320,Larrieu,16
2346014,11:48:00,11:48:10,stop_point:SP_4906,Joulin,17
2346014,11:48:00,11:48:10,stop_point:SP_3681,Route d'Espagne,18
2346014,11:49:00,11:49:10,stop_point:SP_2892,IUC,19
2346014,11:49:00,11:49:10,stop_point:SP_5096,Oncopole - Lise Enjalbert,20
2346014,11:50:00,11:50:10,stop_point:SP_2663,Oncopole Courrière,21
2346014,11:51:00,11:51:10,stop_point:SP_116,Maison Commune,22
2346014,11:51:00,11:51:10,stop_point:SP_1334,Hubert Curien,23
2346014,11:52:00,11:52:10,stop_point:SP_1973,Marchant,24
2346014,11:53:00,11:53:10,stop_point:SP_3988,Gironis - Mémorial AZF,25
2346014,11:54:00,11:54:10,stop_point:SP_3430,Rond-Point Langlade,26
2346014,11:56:00,11:56:10,stop_point:SP_657,Langlade,27
2346014,11:57:00,11:57:10,stop_point:SP_1579,Gallieni,28
2346014,11:58:00,11:58:10,stop_point:SP_1859,Penent,29
2346014,11:58:00,11:58:10,stop_point:SP_3122,Barrière de Muret,30
2346014,12:00:00,12:00:10,stop_point:SP_3422,Roc,31
2346014,12:01:00,12:01:10,stop_point:SP_1188,Croix de Pierre,32
2346014,12:02:00,12:02:10,stop_point:SP_58,Stadium Ouest,33
2346014,12:03:00,12:03:10,stop_point:SP_3098,Stadium Est,34
2346014,12:06:00,12:06:10,stop_point:SP_461,Empalot,35
2346015,11:39:00,11:39:10,stop_point:SP_4521,Portet Gare SNCF,1
2346015,11:42:00,11:42:10,stop_point:SP_4529,Jean Jaurès,2
2346015,11:43:00,11:43:10,stop_point:SP_4773,Désiré,3
2346015,11:44:00,11:44:10,stop_point:SP_70,Eglise de Portet,4
2346015,11:45:00,11:45:10,stop_point:SP_1427,Commerce,5
2346015,11:46:00,11:46:10,stop_point:SP_1451,Occitanie,6
2346015,11:47:00,11:47:10,stop_point:SP_2980,Stade,7
2346015,11:48:00,11:48:10,stop_point:SP_3234,Bd de l'Europe,8
2346015,11:49:00,11:49:10,stop_point:SP_2173,Ctre Cial Portet - Entrée 1,9
2346015,11:50:00,11:50:10,stop_point:SP_1454,Palanques,10
2346015,11:51:00,11:51:10,stop_point:SP_4410,Ctre Cial Portet - Entrée 5,11
2346015,11:52:00,11:52:10,stop_point:SP_2564,Ecole Récébédou,12
2346015,11:53:00,11:53:10,stop_point:SP_795,Claire Fontaine,13
2346015,11:54:00,11:54:10,stop_point:SP_415,Frênes,14
2346015,11:55:00,11:55:10,stop_point:SP_4940,Clairfont,15
2346015,11:57:00,11:57:10,stop_point:SP_320,Larrieu,16
2346015,11:58:00,11:58:10,stop_point:SP_4906,Joulin,17
2346015,11:58:00,11:58:10,stop_point:SP_3681,Route d'Espagne,18
2346015,11:59:00,11:59:10,stop_point:SP_2892,IUC,19
2346015,11:59:00,11:59:10,stop_point:SP_5096,Oncopole - Lise Enjalbert,20
2346015,12:00:00,12:00:10,stop_point:SP_2663,Oncopole Courrière,21
2346015,12:01:00,12:01:10,stop_point:SP_116,Maison Commune,22
2346015,12:01:00,12:01:10,stop_point:SP_1334,Hubert Curien,23
2346015,12:02:00,12:02:10,stop_point:SP_1973,Marchant,24
2346015,12:03:00,12:03:10,stop_point:SP_3988,Gironis - Mémorial AZF,25
2346015,12:04:00,12:04:10,stop_point:SP_3430,Rond-Point Langlade,26
2346015,12:06:00,12:06:10,stop_point:SP_657,Langlade,27
2346015,12:07:00,12:07:10,stop_point:SP_1579,Gallieni,28
2346015,12:08:00,12:08:10,stop_point:SP_1859,Penent,29
2346015,12:08:00,12:08:10,stop_point:SP_3122,Barrière de Muret,30
2346015,12:10:00,12:10:10,stop_point:SP_3422,Roc,31
2346015,12:11:00,12:11:10,stop_point:SP_1188,Croix de Pierre,32
2346015,12:12:00,12:12:10,stop_point:SP_58,Stadium Ouest,33
2346015,12:13:00,12:13:10,stop_point:SP_3098,Stadium Est,34
2346015,12:16:00,12:16:10,stop_point:SP_461,Empalot,35
2346016,11:49:00,11:49:10,stop_point:SP_4521,Portet Gare SNCF,1
2346016,11:52:00,11:52:10,stop_point:SP_4529,Jean Jaurès,2
2346016,11:53:00,11:53:10,stop_point:SP_4773,Désiré,3
2346016,11:54:00,11:54:10,stop_point:SP_70,Eglise de Portet,4
2346016,11:55:00,11:55:10,stop_point:SP_1427,Commerce,5
2346016,11:56:00,11:56:10,stop_point:SP_1451,Occitanie,6
2346016,11:57:00,11:57:10,stop_point:SP_2980,Stade,7
2346016,11:58:00,11:58:10,stop_point:SP_3234,Bd de l'Europe,8
2346016,11:59:00,11:59:10,stop_point:SP_2173,Ctre Cial Portet - Entrée 1,9
2346016,12:00:00,12:00:10,stop_point:SP_1454,Palanques,10
2346016,12:01:00,12:01:10,stop_point:SP_4410,Ctre Cial Portet - Entrée 5,11
2346016,12:02:00,12:02:10,stop_point:SP_2564,Ecole Récébédou,12
2346016,12:03:00,12:03:10,stop_point:SP_795,Claire Fontaine,13
2346016,12:04:00,12:04:10,stop_point:SP_415,Frênes,14
2346016,12:05:00,12:05:10,stop_point:SP_4940,Clairfont,15
2346016,12:07:00,12:07:10,stop_point:SP_320,Larrieu,16
2346016,12:08:00,12:08:10,stop_point:SP_4906,Joulin,17
2346016,12:08:00,12:08:10,stop_point:SP_3681,Route d'Espagne,18
2346016,12:09:00,12:09:10,stop_point:SP_2892,IUC,19
2346016,12:09:00,12:09:10,stop_point:SP_5096,Oncopole - Lise Enjalbert,20
2346016,12:10:00,12:10:10,stop_point:SP_2663,Oncopole Courrière,21
2346016,12:11:00,12:11:10,stop_point:SP_116,Maison Commune,22
2346016,12:11:00,12:11:10,stop_point:SP_1334,Hubert Curien,23
2346016,12:12:00,12:12:10,stop_point:SP_1973,Marchant,24
2346016,12:13:00,12:13:10,stop_point:SP_3988,Gironis - Mémorial AZF,25
2346016,12:14:00,12:14:10,stop_point:SP_3430,Rond-Point Langlade,26
2346016,12:16:00,12:16:10,stop_point:SP_657,Langlade,27
2346016,12:17:00,12:17:10,stop_point:SP_1579,Gallieni,28
2346016,12:18:00,12:18:10,stop_point:SP_1859,Penent,29
2346016,12:18:00,12:18:10,stop_point:SP_3122,Barrière de Muret,30
2346016,12:20:00,12:20:10,stop_point:SP_3422,Roc,31
2346016,12:21:00,12:21:10,stop_point:SP_1188,Croix de Pierre,32
2346016,12:22:00,12:22:10,stop_point:SP_58,Stadium Ouest,33
2346016,12:23:00,12:23:10,stop_point:SP_3098,Stadium Est,34
2346016,12:26:00,12:26:10,stop_point:SP_461,Empalot,35
2346017,11:59:00,11:59:10,stop_point:SP_4521,Portet Gare SNCF,1
2346017,12:02:00,12:02:10,stop_point:SP_4529,Jean Jaurès,2
2346017,12:03:00,12:03:10,stop_point:SP_4773,Désiré,3
2346017,12:04:00,12:04:10,stop_point:SP_70,Eglise de Portet,4
2346017,12:05:00,12:05:10,stop_point:SP_1427,Commerce,5
2346017,12:06:00,12:06:10,stop_point:SP_1451,Occitanie,6
2346017,12:07:00,12:07:10,stop_point:SP_2980,Stade,7
2346017,12:08:00,12:08:10,stop_point:SP_3234,Bd de l'Europe,8
2346017,12:09:00,12:09:10,stop_point:SP_2173,Ctre Cial Portet - Entrée 1,9
2346017,12:10:00,12:10:10,stop_point:SP_1454,Palanques,10
2346017,12:11:00,12:11:10,stop_point:SP_4410,Ctre Cial Portet - Entrée 5,11
2346017,12:12:00,12:12:10,stop_point:SP_2564,Ecole Récébédou,12
2346017,12:13:00,12:13:10,stop_point:SP_795,Claire Fontaine,13
2346017,12:14:00,12:14:10,stop_point:SP_415,Frênes,14
2346017,12:15:00,12:15:10,stop_point:SP_4940,Clairfont,15
2346017,12:17:00,12:17:10,stop_point:SP_320,Larrieu,16
2346017,12:18:00,12:18:10,stop_point:SP_4906,Joulin,17
2346017,12:18:00,12:18:10,stop_point:SP_3681,Route d'Espagne,18
2346017,12:19:00,12:19:10,stop_point:SP_2892,IUC,19
2346017,12:19:00,12:19:10,stop_point:SP_5096,Oncopole - Lise Enjalbert,20
2346017,12:20:00,12:20:10,stop_point:SP_2663,Oncopole Courrière,21
2346017,12:21:00,12:21:10,stop_point:SP_116,Maison Commune,22
2346017,12:22:00,12:22:10,stop_point:SP_1334,Hubert Curien,23
2346017,12:23:00,12:23:10,stop_point:SP_1973,Marchant,24
2346017,12:24:00,12:24:10,stop_point:SP_3988,Gironis - Mémorial AZF,25
2346017,12:25:00,12:25:10,stop_point:SP_3430,Rond-Point Langlade,26
2346017,12:27:00,12:27:10,stop_point:SP_657,Langlade,27
2346017,12:28:00,12:28:10,stop_point:SP_1579,Gallieni,28
2346017,12:29:00,12:29:10,stop_point:SP_1859,Penent,29
2346017,12:29:00,12:29:10,stop_point:SP_3122,Barrière de Muret,30
2346017,12:31:00,12:31:10,stop_point:SP_3422,Roc,31
2346017,12:32:00,12:32:10,stop_point:SP_1188,Croix de Pierre,32
2346017,12:33:00,12:33:10,stop_point:SP_58,Stadium Ouest,33
2346017,12:34:00,12:34:10,stop_point:SP_3098,Stadium Est,34
2346017,12:37:00,12:37:10,stop_point:SP_461,Empalot,35
2346018,12:11:00,12:11:10,stop_point:SP_4521,Portet Gare SNCF,1
2346018,12:14:00,12:14:10,stop_point:SP_4529,Jean Jaurès,2
2346018,12:15:00,12:15:10,stop_point:SP_4773,Désiré,3
2346018,12:16:00,12:16:10,stop_point:SP_70,Eglise de Portet,4
2346018,12:17:00,12:17:10,stop_point:SP_1427,Commerce,5
2346018,12:18:00,12:18:10,stop_point:SP_1451,Occitanie,6
2346018,12:19:00,12:19:10,stop_point:SP_2980,Stade,7
2346018,12:20:00,12:20:10,stop_point:SP_3234,Bd de l'Europe,8
2346018,12:21:00,12:21:10,stop_point:SP_2173,Ctre Cial Portet - Entrée 1,9
2346018,12:22:00,12:22:10,stop_point:SP_1454,Palanques,10
2346018,12:23:00,12:23:10,stop_point:SP_4410,Ctre Cial Portet - Entrée 5,11
2346018,12:24:00,12:24:10,stop_point:SP_2564,Ecole Récébédou,12
2346018,12:25:00,12:25:10,stop_point:SP_795,Claire Fontaine,13
2346018,12:26:00,12:26:10,stop_point:SP_415,Frênes,14
2346018,12:27:00,12:27:10,stop_point:SP_4940,Clairfont,15
2346018,12:29:00,12:29:10,stop_point:SP_320,Larrieu,16
2346018,12:30:00,12:30:10,stop_point:SP_4906,Joulin,17
2346018,12:30:00,12:30:10,stop_point:SP_3681,Route d'Espagne,18
2346018,12:31:00,12:31:10,stop_point:SP_2892,IUC,19
2346018,12:31:00,12:31:10,stop_point:SP_5096,Oncopole - Lise Enjalbert,20
2346018,12:32:00,12:32:10,stop_point:SP_2663,Oncopole Courrière,21
2346018,12:33:00,12:33:10,stop_point:SP_116,Maison Commune,22
2346018,12:34:00,12:34:10,stop_point:SP_1334,Hubert Curien,23
2346018,12:35:00,12:35:10,stop_point:SP_1973,Marchant,24
2346018,12:36:00,12:36:10,stop_point:SP_3988,Gironis - Mémorial AZF,25
2346018,12:37:00,12:37:10,stop_point:SP_3430,Rond-Point Langlade,26
2346018,12:39:00,12:39:10,stop_point:SP_657,Langlade,27
2346018,12:40:00,12:40:10,stop_point:SP_1579,Gallieni,28
2346018,12:41:00,12:41:10,stop_point:SP_1859,Penent,29
2346018,12:42:00,12:42:10,stop_point:SP_3122,Barrière de Muret,30
2346018,12:44:00,12:44:10,stop_point:SP_3422,Roc,31
2346018,12:45:00,12:45:10,stop_point:SP_1188,Croix de Pierre,32
2346018,12:46:00,12:46:10,stop_point:SP_58,Stadium Ouest,33
2346018,12:47:00,12:47:10,stop_point:SP_3098,Stadium Est,34
2346018,12:50:00,12:50:10,stop_point:SP_461,Empalot,35
2346019,12:23:00,12:23:10,stop_point:SP_4521,Portet Gare SNCF,1
2346019,12:26:00,12:26:10,stop_point:SP_4529,Jean Jaurès,2
2346019,12:27:00,12:27:10,stop_point:SP_4773,Désiré,3
2346019,12:28:00,12:28:10,stop_point:SP_70,Eglise de Portet,4
2346019,12:29:00,12:29:10,stop_point:SP_1427,Commerce,5
2346019,12:30:00,12:30:10,stop_point:SP_1451,Occitanie,6
2346019,12:31:00,12:31:10,stop_point:SP_2980,Stade,7
2346019,12:32:00,12:32:10,stop_point:SP_3234,Bd de l'Europe,8
2346019,12:33:00,12:33:10,stop_point:SP_2173,Ctre Cial Portet - Entrée 1,9
2346019,12:34:00,12:34:10,stop_point:SP_1454,Palanques,10
2346019,12:35:00,12:35:10,stop_point:SP_4410,Ctre Cial Portet - Entrée 5,11
2346019,12:36:00,12:36:10,stop_point:SP_2564,Ecole Récébédou,12
2346019,12:37:00,12:37:10,stop_point:SP_795,Claire Fontaine,13
2346019,12:38:00,12:38:10,stop_point:SP_415,Frênes,14
2346019,12:39:00,12:39:10,stop_point:SP_4940,Clairfont,15
2346019,12:41:00,12:41:10,stop_point:SP_320,Larrieu,16
2346019,12:42:00,12:42:10,stop_point:SP_4906,Joulin,17
2346019,12:42:00,12:42:10,stop_point:SP_3681,Route d'Espagne,18
2346019,12:43:00,12:43:10,stop_point:SP_2892,IUC,19
2346019,12:43:00,12:43:10,stop_point:SP_5096,Oncopole - Lise Enjalbert,20
2346019,12:44:00,12:44:10,stop_point:SP_2663,Oncopole Courrière,21
2346019,12:45:00,12:45:10,stop_point:SP_116,Maison Commune,22
2346019,12:46:00,12:46:10,stop_point:SP_1334,Hubert Curien,23
2346019,12:47:00,12:47:10,stop_point:SP_1973,Marchant,24
2346019,12:48:00,12:48:10,stop_point:SP_3988,Gironis - Mémorial AZF,25
2346019,12:49:00,12:49:10,stop_point:SP_3430,Rond-Point Langlade,26
2346019,12:51:00,12:51:10,stop_point:SP_657,Langlade,27
2346019,12:52:00,12:52:10,stop_point:SP_1579,Gallieni,28
2346019,12:53:00,12:53:10,stop_point:SP_1859,Penent,29
2346019,12:54:00,12:54:10,stop_point:SP_3122,Barrière de Muret,30
2346019,12:56:00,12:56:10,stop_point:SP_3422,Roc,31
2346019,12:57:00,12:57:10,stop_point:SP_1188,Croix de Pierre,32
2346019,12:58:00,12:58:10,stop_point:SP_58,Stadium Ouest,33
2346019,12:59:00,12:59:10,stop_point:SP_3098,Stadium Est,34
2346019,13:02:00,13:02:10,stop_point:SP_461,Empalot,35
2346020,12:35:00,12:35:10,stop_point:SP_4521,Portet Gare SNCF,1
2346020,12:38:00,12:38:10,stop_point:SP_4529,Jean Jaurès,2
2346020,12:39:00,12:39:10,stop_point:SP_4773,Désiré,3
2346020,12:40:00,12:40:10,stop_point:SP_70,Eglise de Portet,4
2346020,12:41:00,12:41:10,stop_point:SP_1427,Commerce,5
2346020,12:42:00,12:42:10,stop_point:SP_1451,Occitanie,6
2346020,12:43:00,12:43:10,stop_point:SP_2980,Stade,7
2346020,12:44:00,12:44:10,stop_point:SP_3234,Bd de l'Europe,8
2346020,12:45:00,12:45:10,stop_point:SP_2173,Ctre Cial Portet - Entrée 1,9
2346020,12:46:00,12:46:10,stop_point:SP_1454,Palanques,10
2346020,12:47:00,12:47:10,stop_point:SP_4410,Ctre Cial Portet - Entrée 5,11
2346020,12:48:00,12:48:10,stop_point:SP_2564,Ecole Récébédou,12
2346020,12:49:00,12:49:10,stop_point:SP_795,Claire Fontaine,13
2346020,12:50:00,12:50:10,stop_point:SP_415,Frênes,14
2346020,12:51:00,12:51:10,stop_point:SP_4940,Clairfont,15
2346020,12:53:00,12:53:10,stop_point:SP_320,Larrieu,16
2346020,12:54:00,12:54:10,stop_point:SP_4906,Joulin,17
2346020,12:54:00,12:54:10,stop_point:SP_3681,Route d'Espagne,18
2346020,12:55:00,12:55:10,stop_point:SP_2892,IUC,19
2346020,12:55:00,12:55:10,stop_point:SP_5096,Oncopole - Lise Enjalbert,20
2346020,12:56:00,12:56:10,stop_point:SP_2663,Oncopole Courrière,21
2346020,12:57:00,12:57:10,stop_point:SP_116,Maison Commune,22
2346020,12:58:00,12:58:10,stop_point:SP_1334,Hubert Curien,23
2346020,12:59:00,12:59:10,stop_point:SP_1973,Marchant,24
2346020,13:00:00,13:00:10,stop_point:SP_3988,Gironis - Mémorial AZF,25
2346020,13:01:00,13:01:10,stop_point:SP_3430,Rond-Point Langlade,26
2346020,13:03:00,13:03:10,stop_point:SP_657,Langlade,27
2346020,13:04:00,13:04:10,stop_point:SP_1579,Gallieni,28
2346020,13:05:00,13:05:10,stop_point:SP_1859,Penent,29
2346020,13:06:00,13:06:10,stop_point:SP_3122,Barrière de Muret,30
2346020,13:08:00,13:08:10,stop_point:SP_3422,Roc,31
2346020,13:09:00,13:09:10,stop_point:SP_1188,Croix de Pierre,32
2346020,13:10:00,13:10:10,stop_point:SP_58,Stadium Ouest,33
2346020,13:11:00,13:11:10,stop_point:SP_3098,Stadium Est,34
2346020,13:14:00,13:14:10,stop_point:SP_461,Empalot,35
2346021,12:47:00,12:47:10,stop_point:SP_4521,Portet Gare SNCF,1
2346021,12:50:00,12:50:10,stop_point:SP_4529,Jean Jaurès,2
2346021,12:51:00,12:51:10,stop_point:SP_4773,Désiré,3
2346021,12:52:00,12:52:10,stop_point:SP_70,Eglise de Portet,4
2346021,12:53:00,12:53:10,stop_point:SP_1427,Commerce,5
2346021,12:54:00,12:54:10,stop_point:SP_1451,Occitanie,6
2346021,12:55:00,12:55:10,stop_point:SP_2980,Stade,7
2346021,12:56:00,12:56:10,stop_point:SP_3234,Bd de l'Europe,8
2346021,12:57:00,12:57:10,stop_point:SP_2173,Ctre Cial Portet - Entrée 1,9
2346021,12:58:00,12:58:10,stop_point:SP_1454,Palanques,10
2346021,12:59:00,12:59:10,stop_point:SP_4410,Ctre Cial Portet - Entrée 5,11
2346021,13:00:00,13:00:10,stop_point:SP_2564,Ecole Récébédou,12
2346021,13:01:00,13:01:10,stop_point:SP_795,Claire Fontaine,13
2346021,13:02:00,13:02:10,stop_point:SP_415,Frênes,14
2346021,13:03:00,13:03:10,stop_point:SP_4940,Clairfont,15
2346021,13:05:00,13:05:10,stop_point:SP_320,Larrieu,16
2346021,13:06:00,13:06:10,stop_point:SP_4906,Joulin,17
2346021,13:06:00,13:06:10,stop_point:SP_3681,Route d'Espagne,18
2346021,13:07:00,13:07:10,stop_point:SP_2892,IUC,19
2346021,13:07:00,13:07:10,stop_point:SP_5096,Oncopole - Lise Enjalbert,20
2346021,13:08:00,13:08:10,stop_point:SP_2663,Oncopole Courrière,21
2346021,13:09:00,13:09:10,stop_point:SP_116,Maison Commune,22
2346021,13:10:00,13:10:10,stop_point:SP_1334,Hubert Curien,23
2346021,13:11:00,13:11:10,stop_point:SP_1973,Marchant,24
2346021,13:12:00,13:12:10,stop_point:SP_3988,Gironis - Mémorial AZF,25
2346021,13:13:00,13:13:10,stop_point:SP_3430,Rond-Point Langlade,26
2346021,13:15:00,13:15:10,stop_point:SP_657,Langlade,27
2346021,13:16:00,13:16:10,stop_point:SP_1579,Gallieni,28
2346021,13:17:00,13:17:10,stop_point:SP_1859,Penent,29
2346021,13:18:00,13:18:10,stop_point:SP_3122,Barrière de Muret,30
2346021,13:20:00,13:20:10,stop_point:SP_3422,Roc,31
2346021,13:21:00,13:21:10,stop_point:SP_1188,Croix de Pierre,32
2346021,13:22:00,13:22:10,stop_point:SP_58,Stadium Ouest,33
2346021,13:23:00,13:23:10,stop_point:SP_3098,Stadium Est,34
2346021,13:26:00,13:26:10,stop_point:SP_461,Empalot,35
2346022,12:59:00,12:59:10,stop_point:SP_4521,Portet Gare SNCF,1
2346022,13:02:00,13:02:10,stop_point:SP_4529,Jean Jaurès,2
2346022,13:03:00,13:03:10,stop_point:SP_4773,Désiré,3
2346022,13:04:00,13:04:10,stop_point:SP_70,Eglise de Portet,4
2346022,13:05:00,13:05:10,stop_point:SP_1427,Commerce,5
2346022,13:06:00,13:06:10,stop_point:SP_1451,Occitanie,6
2346022,13:07:00,13:07:10,stop_point:SP_2980,Stade,7
2346022,13:08:00,13:08:10,stop_point:SP_3234,Bd de l'Europe,8
2346022,13:09:00,13:09:10,stop_point:SP_2173,Ctre Cial Portet - Entrée 1,9
2346022,13:10:00,13:10:10,stop_point:SP_1454,Palanques,10
2346022,13:11:00,13:11:10,stop_point:SP_4410,Ctre Cial Portet - Entrée 5,11
2346022,13:12:00,13:12:10,stop_point:SP_2564,Ecole Récébédou,12
2346022,13:13:00,13:13:10,stop_point:SP_795,Claire Fontaine,13
2346022,13:14:00,13:14:10,stop_point:SP_415,Frênes,14
2346022,13:15:00,13:15:10,stop_point:SP_4940,Clairfont,15
2346022,13:17:00,13:17:10,stop_point:SP_320,Larrieu,16
2346022,13:18:00,13:18:10,stop_point:SP_4906,Joulin,17
2346022,13:18:00,13:18:10,stop_point:SP_3681,Route d'Espagne,18
2346022,13:19:00,13:19:10,stop_point:SP_2892,IUC,19
2346022,13:19:00,13:19:10,stop_point:SP_5096,Oncopole - Lise Enjalbert,20
2346022,13:20:00,13:20:10,stop_point:SP_2663,Oncopole Courrière,21
2346022,13:21:00,13:21:10,stop_point:SP_116,Maison Commune,22
2346022,13:22:00,13:22:10,stop_point:SP_1334,Hubert Curien,23
2346022,13:23:00,13:23:10,stop_point:SP_1973,Marchant,24
2346022,13:24:00,13:24:10,stop_point:SP_3988,Gironis - Mémorial AZF,25
2346022,13:25:00,13:25:10,stop_point:SP_3430,Rond-Point Langlade,26
2346022,13:27:00,13:27:10,stop_point:SP_657,Langlade,27
2346022,13:28:00,13:28:10,stop_point:SP_1579,Gallieni,28
2346022,13:29:00,13:29:10,stop_point:SP_1859,Penent,29
2346022,13:30:00,13:30:10,stop_point:SP_3122,Barrière de Muret,30
2346022,13:32:00,13:32:10,stop_point:SP_3422,Roc,31
2346022,13:33:00,13:33:10,stop_point:SP_1188,Croix de Pierre,32
2346022,13:34:00,13:34:10,stop_point:SP_58,Stadium Ouest,33
2346022,13:35:00,13:35:10,stop_point:SP_3098,Stadium Est,34
2346022,13:38:00,13:38:10,stop_point:SP_461,Empalot,35
2346023,13:11:00,13:11:10,stop_point:SP_4521,Portet Gare SNCF,1
2346023,13:14:00,13:14:10,stop_point:SP_4529,Jean Jaurès,2
2346023,13:15:00,13:15:10,stop_point:SP_4773,Désiré,3
2346023,13:16:00,13:16:10,stop_point:SP_70,Eglise de Portet,4
2346023,13:17:00,13:17:10,stop_point:SP_1427,Commerce,5
2346023,13:18:00,13:18:10,stop_point:SP_1451,Occitanie,6
2346023,13:19:00,13:19:10,stop_point:SP_2980,Stade,7
2346023,13:20:00,13:20:10,stop_point:SP_3234,Bd de l'Europe,8
2346023,13:21:00,13:21:10,stop_point:SP_2173,Ctre Cial Portet - Entrée 1,9
2346023,13:22:00,13:22:10,stop_point:SP_1454,Palanques,10
2346023,13:23:00,13:23:10,stop_point:SP_4410,Ctre Cial Portet - Entrée 5,11
2346023,13:24:00,13:24:10,stop_point:SP_2564,Ecole Récébédou,12
2346023,13:25:00,13:25:10,stop_point:SP_795,Claire Fontaine,13
2346023,13:26:00,13:26:10,stop_point:SP_415,Frênes,14
2346023,13:27:00,13:27:10,stop_point:SP_4940,Clairfont,15
2346023,13:29:00,13:29:10,stop_point:SP_320,Larrieu,16
2346023,13:30:00,13:30:10,stop_point:SP_4906,Joulin,17
2346023,13:30:00,13:30:10,stop_point:SP_3681,Route d'Espagne,18
2346023,13:31:00,13:31:10,stop_point:SP_2892,IUC,19
2346023,13:31:00,13:31:10,stop_point:SP_5096,Oncopole - Lise Enjalbert,20
2346023,13:32:00,13:32:10,stop_point:SP_2663,Oncopole Courrière,21
2346023,13:33:00,13:33:10,stop_point:SP_116,Maison Commune,22
2346023,13:34:00,13:34:10,stop_point:SP_1334,Hubert Curien,23
2346023,13:35:00,13:35:10,stop_point:SP_1973,Marchant,24
2346023,13:36:00,13:36:10,stop_point:SP_3988,Gironis - Mémorial AZF,25
2346023,13:37:00,13:37:10,stop_point:SP_3430,Rond-Point Langlade,26
2346023,13:39:00,13:39:10,stop_point:SP_657,Langlade,27
2346023,13:40:00,13:40:10,stop_point:SP_1579,Gallieni,28
2346023,13:41:00,13:41:10,stop_point:SP_1859,Penent,29
2346023,13:41:00,13:41:10,stop_point:SP_3122,Barrière de Muret,30
2346023,13:43:00,13:43:10,stop_point:SP_3422,Roc,31
2346023,13:44:00,13:44:10,stop_point:SP_1188,Croix de Pierre,32
2346023,13:45:00,13:45:10,stop_point:SP_58,Stadium Ouest,33
2346023,13:46:00,13:46:10,stop_point:SP_3098,Stadium Est,34
2346023,13:49:00,13:49:10,stop_point:SP_461,Empalot,35
2346024,13:23:00,13:23:10,stop_point:SP_4521,Portet Gare SNCF,1
2346024,13:26:00,13:26:10,stop_point:SP_4529,Jean Jaurès,2
2346024,13:27:00,13:27:10,stop_point:SP_4773,Désiré,3
2346024,13:28:00,13:28:10,stop_point:SP_70,Eglise de Portet,4
2346024,13:29:00,13:29:10,stop_point:SP_1427,Commerce,5
2346024,13:30:00,13:30:10,stop_point:SP_1451,Occitanie,6
2346024,13:31:00,13:31:10,stop_point:SP_2980,Stade,7
2346024,13:32:00,13:32:10,stop_point:SP_3234,Bd de l'Europe,8
2346024,13:33:00,13:33:10,stop_point:SP_2173,Ctre Cial Portet - Entrée 1,9
2346024,13:34:00,13:34:10,stop_point:SP_1454,Palanques,10
2346024,13:35:00,13:35:10,stop_point:SP_4410,Ctre Cial Portet - Entrée 5,11
2346024,13:36:00,13:36:10,stop_point:SP_2564,Ecole Récébédou,12
2346024,13:37:00,13:37:10,stop_point:SP_795,Claire Fontaine,13
2346024,13:38:00,13:38:10,stop_point:SP_415,Frênes,14
2346024,13:39:00,13:39:10,stop_point:SP_4940,Clairfont,15
2346024,13:41:00,13:41:10,stop_point:SP_320,Larrieu,16
2346024,13:42:00,13:42:10,stop_point:SP_4906,Joulin,17
2346024,13:42:00,13:42:10,stop_point:SP_3681,Route d'Espagne,18
2346024,13:43:00,13:43:10,stop_point:SP_2892,IUC,19
2346024,13:43:00,13:43:10,stop_point:SP_5096,Oncopole - Lise Enjalbert,20
2346024,13:44:00,13:44:10,stop_point:SP_2663,Oncopole Courrière,21
2346024,13:45:00,13:45:10,stop_point:SP_116,Maison Commune,22
2346024,13:46:00,13:46:10,stop_point:SP_1334,Hubert Curien,23
2346024,13:47:00,13:47:10,stop_point:SP_1973,Marchant,24
2346024,13:48:00,13:48:10,stop_point:SP_3988,Gironis - Mémorial AZF,25
2346024,13:49:00,13:49:10,stop_point:SP_3430,Rond-Point Langlade,26
2346024,13:51:00,13:51:10,stop_point:SP_657,Langlade,27
2346024,13:52:00,13:52:10,stop_point:SP_1579,Gallieni,28
2346024,13:53:00,13:53:10,stop_point:SP_1859,Penent,29
2346024,13:53:00,13:53:10,stop_point:SP_3122,Barrière de Muret,30
2346024,13:55:00,13:55:10,stop_point:SP_3422,Roc,31
2346024,13:56:00,13:56:10,stop_point:SP_1188,Croix de Pierre,32
2346024,13:57:00,13:57:10,stop_point:SP_58,Stadium Ouest,33
2346024,13:58:00,13:58:10,stop_point:SP_3098,Stadium Est,34
2346024,14:01:00,14:01:10,stop_point:SP_461,Empalot,35
2346025,13:35:00,13:35:10,stop_point:SP_4521,Portet Gare SNCF,1
2346025,13:38:00,13:38:10,stop_point:SP_4529,Jean Jaurès,2
2346025,13:39:00,13:39:10,stop_point:SP_4773,Désiré,3
2346025,13:40:00,13:40:10,stop_point:SP_70,Eglise de Portet,4
2346025,13:41:00,13:41:10,stop_point:SP_1427,Commerce,5
2346025,13:42:00,13:42:10,stop_point:SP_1451,Occitanie,6
2346025,13:43:00,13:43:10,stop_point:SP_2980,Stade,7
2346025,13:44:00,13:44:10,stop_point:SP_3234,Bd de l'Europe,8
2346025,13:45:00,13:45:10,stop_point:SP_2173,Ctre Cial Portet - Entrée 1,9
2346025,13:46:00,13:46:10,stop_point:SP_1454,Palanques,10
2346025,13:47:00,13:47:10,stop_point:SP_4410,Ctre Cial Portet - Entrée 5,11
2346025,13:48:00,13:48:10,stop_point:SP_2564,Ecole Récébédou,12
2346025,13:49:00,13:49:10,stop_point:SP_795,Claire Fontaine,13
2346025,13:50:00,13:50:10,stop_point:SP_415,Frênes,14
2346025,13:51:00,13:51:10,stop_point:SP_4940,Clairfont,15
2346025,13:53:00,13:53:10,stop_point:SP_320,Larrieu,16
2346025,13:54:00,13:54:10,stop_point:SP_4906,Joulin,17
2346025,13:54:00,13:54:10,stop_point:SP_3681,Route d'Espagne,18
2346025,13:55:00,13:55:10,stop_point:SP_2892,IUC,19
2346025,13:55:00,13:55:10,stop_point:SP_5096,Oncopole - Lise Enjalbert,20
2346025,13:56:00,13:56:10,stop_point:SP_2663,Oncopole Courrière,21
2346025,13:57:00,13:57:10,stop_point:SP_116,Maison Commune,22
2346025,13:58:00,13:58:10,stop_point:SP_1334,Hubert Curien,23
2346025,13:59:00,13:59:10,stop_point:SP_1973,Marchant,24
2346025,14:00:00,14:00:10,stop_point:SP_3988,Gironis - Mémorial AZF,25
2346025,14:01:00,14:01:10,stop_point:SP_3430,Rond-Point Langlade,26
2346025,14:03:00,14:03:10,stop_point:SP_657,Langlade,27
2346025,14:04:00,14:04:10,stop_point:SP_1579,Gallieni,28
2346025,14:05:00,14:05:10,stop_point:SP_1859,Penent,29
2346025,14:05:00,14:05:10,stop_point:SP_3122,Barrière de Muret,30
2346025,14:07:00,14:07:10,stop_point:SP_3422,Roc,31
2346025,14:08:00,14:08:10,stop_point:SP_1188,Croix de Pierre,32
2346025,14:09:00,14:09:10,stop_point:SP_58,Stadium Ouest,33
2346025,14:10:00,14:10:10,stop_point:SP_3098,Stadium Est,34
2346025,14:13:00,14:13:10,stop_point:SP_461,Empalot,35
2346026,13:47:00,13:47:10,stop_point:SP_4521,Portet Gare SNCF,1
2346026,13:50:00,13:50:10,stop_point:SP_4529,Jean Jaurès,2
2346026,13:51:00,13:51:10,stop_point:SP_4773,Désiré,3
2346026,13:52:00,13:52:10,stop_point:SP_70,Eglise de Portet,4
2346026,13:53:00,13:53:10,stop_point:SP_1427,Commerce,5
2346026,13:54:00,13:54:10,stop_point:SP_1451,Occitanie,6
2346026,13:55:00,13:55:10,stop_point:SP_2980,Stade,7
2346026,13:56:00,13:56:10,stop_point:SP_3234,Bd de l'Europe,8
2346026,13:57:00,13:57:10,stop_point:SP_2173,Ctre Cial Portet - Entrée 1,9
2346026,13:58:00,13:58:10,stop_point:SP_1454,Palanques,10
2346026,13:59:00,13:59:10,stop_point:SP_4410,Ctre Cial Portet - Entrée 5,11
2346026,14:00:00,14:00:10,stop_point:SP_2564,Ecole Récébédou,12
2346026,14:01:00,14:01:10,stop_point:SP_795,Claire Fontaine,13
2346026,14:02:00,14:02:10,stop_point:SP_415,Frênes,14
2346026,14:03:00,14:03:10,stop_point:SP_4940,Clairfont,15
2346026,14:05:00,14:05:10,stop_point:SP_320,Larrieu,16
2346026,14:06:00,14:06:10,stop_point:SP_4906,Joulin,17
2346026,14:06:00,14:06:10,stop_point:SP_3681,Route d'Espagne,18
2346026,14:07:00,14:07:10,stop_point:SP_2892,IUC,19
2346026,14:07:00,14:07:10,stop_point:SP_5096,Oncopole - Lise Enjalbert,20
2346026,14:08:00,14:08:10,stop_point:SP_2663,Oncopole Courrière,21
2346026,14:09:00,14:09:10,stop_point:SP_116,Maison Commune,22
2346026,14:10:00,14:10:10,stop_point:SP_1334,Hubert Curien,23
2346026,14:11:00,14:11:10,stop_point:SP_1973,Marchant,24
2346026,14:12:00,14:12:10,stop_point:SP_3988,Gironis - Mémorial AZF,25
2346026,14:13:00,14:13:10,stop_point:SP_3430,Rond-Point Langlade,26
2346026,14:15:00,14:15:10,stop_point:SP_657,Langlade,27
2346026,14:16:00,14:16:10,stop_point:SP_1579,Gallieni,28
2346026,14:17:00,14:17:10,stop_point:SP_1859,Penent,29
2346026,14:17:00,14:17:10,stop_point:SP_3122,Barrière de Muret,30
2346026,14:19:00,14:19:10,stop_point:SP_3422,Roc,31
2346026,14:20:00,14:20:10,stop_point:SP_1188,Croix de Pierre,32
2346026,14:21:00,14:21:10,stop_point:SP_58,Stadium Ouest,33
2346026,14:22:00,14:22:10,stop_point:SP_3098,Stadium Est,34
2346026,14:25:00,14:25:10,stop_point:SP_461,Empalot,35
2346027,13:59:00,13:59:10,stop_point:SP_4521,Portet Gare SNCF,1
2346027,14:02:00,14:02:10,stop_point:SP_4529,Jean Jaurès,2
2346027,14:03:00,14:03:10,stop_point:SP_4773,Désiré,3
2346027,14:04:00,14:04:10,stop_point:SP_70,Eglise de Portet,4
2346027,14:05:00,14:05:10,stop_point:SP_1427,Commerce,5
2346027,14:06:00,14:06:10,stop_point:SP_1451,Occitanie,6
2346027,14:07:00,14:07:10,stop_point:SP_2980,Stade,7
2346027,14:08:00,14:08:10,stop_point:SP_3234,Bd de l'Europe,8
2346027,14:09:00,14:09:10,stop_point:SP_2173,Ctre Cial Portet - Entrée 1,9
2346027,14:10:00,14:10:10,stop_point:SP_1454,Palanques,10
2346027,14:11:00,14:11:10,stop_point:SP_4410,Ctre Cial Portet - Entrée 5,11
2346027,14:12:00,14:12:10,stop_point:SP_2564,Ecole Récébédou,12
2346027,14:13:00,14:13:10,stop_point:SP_795,Claire Fontaine,13
2346027,14:14:00,14:14:10,stop_point:SP_415,Frênes,14
2346027,14:15:00,14:15:10,stop_point:SP_4940,Clairfont,15
2346027,14:17:00,14:17:10,stop_point:SP_320,Larrieu,16
2346027,14:18:00,14:18:10,stop_point:SP_4906,Joulin,17
2346027,14:18:00,14:18:10,stop_point:SP_3681,Route d'Espagne,18
2346027,14:19:00,14:19:10,stop_point:SP_2892,IUC,19
2346027,14:19:00,14:19:10,stop_point:SP_5096,Oncopole - Lise Enjalbert,20
2346027,14:20:00,14:20:10,stop_point:SP_2663,Oncopole Courrière,21
2346027,14:21:00,14:21:10,stop_point:SP_116,Maison Commune,22
2346027,14:22:00,14:22:10,stop_point:SP_1334,Hubert Curien,23
2346027,14:23:00,14:23:10,stop_point:SP_1973,Marchant,24
2346027,14:24:00,14:24:10,stop_point:SP_3988,Gironis - Mémorial AZF,25
2346027,14:25:00,14:25:10,stop_point:SP_3430,Rond-Point Langlade,26
2346027,14:27:00,14:27:10,stop_point:SP_657,Langlade,27
2346027,14:28:00,14:28:10,stop_point:SP_1579,Gallieni,28
2346027,14:29:00,14:29:10,stop_point:SP_1859,Penent,29
2346027,14:29:00,14:29:10,stop_point:SP_3122,Barrière de Muret,30
2346027,14:31:00,14:31:10,stop_point:SP_3422,Roc,31
2346027,14:32:00,14:32:10,stop_point:SP_1188,Croix de Pierre,32
2346027,14:33:00,14:33:10,stop_point:SP_58,Stadium Ouest,33
2346027,14:34:00,14:34:10,stop_point:SP_3098,Stadium Est,34
2346027,14:37:00,14:37:10,stop_point:SP_461,Empalot,35
2346028,14:11:00,14:11:10,stop_point:SP_4521,Portet Gare SNCF,1
2346028,14:14:00,14:14:10,stop_point:SP_4529,Jean Jaurès,2
2346028,14:15:00,14:15:10,stop_point:SP_4773,Désiré,3
2346028,14:16:00,14:16:10,stop_point:SP_70,Eglise de Portet,4
2346028,14:17:00,14:17:10,stop_point:SP_1427,Commerce,5
2346028,14:18:00,14:18:10,stop_point:SP_1451,Occitanie,6
2346028,14:19:00,14:19:10,stop_point:SP_2980,Stade,7
2346028,14:20:00,14:20:10,stop_point:SP_3234,Bd de l'Europe,8
2346028,14:21:00,14:21:10,stop_point:SP_2173,Ctre Cial Portet - Entrée 1,9
2346028,14:22:00,14:22:10,stop_point:SP_1454,Palanques,10
2346028,14:23:00,14:23:10,stop_point:SP_4410,Ctre Cial Portet - Entrée 5,11
2346028,14:24:00,14:24:10,stop_point:SP_2564,Ecole Récébédou,12
2346028,14:25:00,14:25:10,stop_point:SP_795,Claire Fontaine,13
2346028,14:26:00,14:26:10,stop_point:SP_415,Frênes,14
2346028,14:27:00,14:27:10,stop_point:SP_4940,Clairfont,15
2346028,14:29:00,14:29:10,stop_point:SP_320,Larrieu,16
2346028,14:30:00,14:30:10,stop_point:SP_4906,Joulin,17
2346028,14:30:00,14:30:10,stop_point:SP_3681,Route d'Espagne,18
2346028,14:31:00,14:31:10,stop_point:SP_2892,IUC,19
2346028,14:31:00,14:31:10,stop_point:SP_5096,Oncopole - Lise Enjalbert,20
2346028,14:32:00,14:32:10,stop_point:SP_2663,Oncopole Courrière,21
2346028,14:33:00,14:33:10,stop_point:SP_116,Maison Commune,22
2346028,14:34:00,14:34:10,stop_point:SP_1334,Hubert Curien,23
2346028,14:35:00,14:35:10,stop_point:SP_1973,Marchant,24
2346028,14:36:00,14:36:10,stop_point:SP_3988,Gironis - Mémorial AZF,25
2346028,14:37:00,14:37:10,stop_point:SP_3430,Rond-Point Langlade,26
2346028,14:39:00,14:39:10,stop_point:SP_657,Langlade,27
2346028,14:40:00,14:40:10,stop_point:SP_1579,Gallieni,28
2346028,14:41:00,14:41:10,stop_point:SP_1859,Penent,29
2346028,14:41:00,14:41:10,stop_point:SP_3122,Barrière de Muret,30
2346028,14:43:00,14:43:10,stop_point:SP_3422,Roc,31
2346028,14:44:00,14:44:10,stop_point:SP_1188,Croix de Pierre,32
2346028,14:45:00,14:45:10,stop_point:SP_58,Stadium Ouest,33
2346028,14:46:00,14:46:10,stop_point:SP_3098,Stadium Est,34
2346028,14:49:00,14:49:10,stop_point:SP_461,Empalot,35
2346029,14:23:00,14:23:10,stop_point:SP_4521,Portet Gare SNCF,1
2346029,14:26:00,14:26:10,stop_point:SP_4529,Jean Jaurès,2
2346029,14:27:00,14:27:10,stop_point:SP_4773,Désiré,3
2346029,14:28:00,14:28:10,stop_point:SP_70,Eglise de Portet,4
2346029,14:29:00,14:29:10,stop_point:SP_1427,Commerce,5
2346029,14:30:00,14:30:10,stop_point:SP_1451,Occitanie,6
2346029,14:31:00,14:31:10,stop_point:SP_2980,Stade,7
2346029,14:32:00,14:32:10,stop_point:SP_3234,Bd de l'Europe,8
2346029,14:33:00,14:33:10,stop_point:SP_2173,Ctre Cial Portet - Entrée 1,9
2346029,14:34:00,14:34:10,stop_point:SP_1454,Palanques,10
2346029,14:35:00,14:35:10,stop_point:SP_4410,Ctre Cial Portet - Entrée 5,11
2346029,14:36:00,14:36:10,stop_point:SP_2564,Ecole Récébédou,12
2346029,14:37:00,14:37:10,stop_point:SP_795,Claire Fontaine,13
2346029,14:38:00,14:38:10,stop_point:SP_415,Frênes,14
2346029,14:39:00,14:39:10,stop_point:SP_4940,Clairfont,15
2346029,14:41:00,14:41:10,stop_point:SP_320,Larrieu,16
2346029,14:42:00,14:42:10,stop_point:SP_4906,Joulin,17
2346029,14:42:00,14:42:10,stop_point:SP_3681,Route d'Espagne,18
2346029,14:43:00,14:43:10,stop_point:SP_2892,IUC,19
2346029,14:43:00,14:43:10,stop_point:SP_5096,Oncopole - Lise Enjalbert,20
2346029,14:44:00,14:44:10,stop_point:SP_2663,Oncopole Courrière,21
2346029,14:45:00,14:45:10,stop_point:SP_116,Maison Commune,22
2346029,14:46:00,14:46:10,stop_point:SP_1334,Hubert Curien,23
2346029,14:47:00,14:47:10,stop_point:SP_1973,Marchant,24
2346029,14:48:00,14:48:10,stop_point:SP_3988,Gironis - Mémorial AZF,25
2346029,14:49:00,14:49:10,stop_point:SP_3430,Rond-Point Langlade,26
2346029,14:51:00,14:51:10,stop_point:SP_657,Langlade,27
2346029,14:52:00,14:52:10,stop_point:SP_1579,Gallieni,28
2346029,14:53:00,14:53:10,stop_point:SP_1859,Penent,29
2346029,14:53:00,14:53:10,stop_point:SP_3122,Barrière de Muret,30
2346029,14:55:00,14:55:10,stop_point:SP_3422,Roc,31
2346029,14:56:00,14:56:10,stop_point:SP_1188,Croix de Pierre,32
2346029,14:57:00,14:57:10,stop_point:SP_58,Stadium Ouest,33
2346029,14:58:00,14:58:10,stop_point:SP_3098,Stadium Est,34
2346029,15:01:00,15:01:10,stop_point:SP_461,Empalot,35
2346030,14:35:00,14:35:10,stop_point:SP_4521,Portet Gare SNCF,1
2346030,14:38:00,14:38:10,stop_point:SP_4529,Jean Jaurès,2
2346030,14:39:00,14:39:10,stop_point:SP_4773,Désiré,3
2346030,14:40:00,14:40:10,stop_point:SP_70,Eglise de Portet,4
2346030,14:41:00,14:41:10,stop_point:SP_1427,Commerce,5
2346030,14:42:00,14:42:10,stop_point:SP_1451,Occitanie,6
2346030,14:43:00,14:43:10,stop_point:SP_2980,Stade,7
2346030,14:44:00,14:44:10,stop_point:SP_3234,Bd de l'Europe,8
2346030,14:45:00,14:45:10,stop_point:SP_2173,Ctre Cial Portet - Entrée 1,9
2346030,14:46:00,14:46:10,stop_point:SP_1454,Palanques,10
2346030,14:47:00,14:47:10,stop_point:SP_4410,Ctre Cial Portet - Entrée 5,11
2346030,14:48:00,14:48:10,stop_point:SP_2564,Ecole Récébédou,12
2346030,14:49:00,14:49:10,stop_point:SP_795,Claire Fontaine,13
2346030,14:50:00,14:50:10,stop_point:SP_415,Frênes,14
2346030,14:51:00,14:51:10,stop_point:SP_4940,Clairfont,15
2346030,14:53:00,14:53:10,stop_point:SP_320,Larrieu,16
2346030,14:54:00,14:54:10,stop_point:SP_4906,Joulin,17
2346030,14:54:00,14:54:10,stop_point:SP_3681,Route d'Espagne,18
2346030,14:55:00,14:55:10,stop_point:SP_2892,IUC,19
2346030,14:55:00,14:55:10,stop_point:SP_5096,Oncopole - Lise Enjalbert,20
2346030,14:56:00,14:56:10,stop_point:SP_2663,Oncopole Courrière,21
2346030,14:57:00,14:57:10,stop_point:SP_116,Maison Commune,22
2346030,14:58:00,14:58:10,stop_point:SP_1334,Hubert Curien,23
2346030,14:59:00,14:59:10,stop_point:SP_1973,Marchant,24
2346030,15:00:00,15:00:10,stop_point:SP_3988,Gironis - Mémorial AZF,25
2346030,15:01:00,15:01:10,stop_point:SP_3430,Rond-Point Langlade,26
2346030,15:03:00,15:03:10,stop_point:SP_657,Langlade,27
2346030,15:04:00,15:04:10,stop_point:SP_1579,Gallieni,28
2346030,15:05:00,15:05:10,stop_point:SP_1859,Penent,29
2346030,15:05:00,15:05:10,stop_point:SP_3122,Barrière de Muret,30
2346030,15:07:00,15:07:10,stop_point:SP_3422,Roc,31
2346030,15:08:00,15:08:10,stop_point:SP_1188,Croix de Pierre,32
2346030,15:09:00,15:09:10,stop_point:SP_58,Stadium Ouest,33
2346030,15:10:00,15:10:10,stop_point:SP_3098,Stadium Est,34
2346030,15:13:00,15:13:10,stop_point:SP_461,Empalot,35
2346031,14:47:00,14:47:10,stop_point:SP_4521,Portet Gare SNCF,1
2346031,14:50:00,14:50:10,stop_point:SP_4529,Jean Jaurès,2
2346031,14:51:00,14:51:10,stop_point:SP_4773,Désiré,3
2346031,14:52:00,14:52:10,stop_point:SP_70,Eglise de Portet,4
2346031,14:53:00,14:53:10,stop_point:SP_1427,Commerce,5
2346031,14:54:00,14:54:10,stop_point:SP_1451,Occitanie,6
2346031,14:55:00,14:55:10,stop_point:SP_2980,Stade,7
2346031,14:56:00,14:56:10,stop_point:SP_3234,Bd de l'Europe,8
2346031,14:57:00,14:57:10,stop_point:SP_2173,Ctre Cial Portet - Entrée 1,9
2346031,14:58:00,14:58:10,stop_point:SP_1454,Palanques,10
2346031,14:59:00,14:59:10,stop_point:SP_4410,Ctre Cial Portet - Entrée 5,11
2346031,15:00:00,15:00:10,stop_point:SP_2564,Ecole Récébédou,12
2346031,15:01:00,15:01:10,stop_point:SP_795,Claire Fontaine,13
2346031,15:02:00,15:02:10,stop_point:SP_415,Frênes,14
2346031,15:03:00,15:03:10,stop_point:SP_4940,Clairfont,15
2346031,15:05:00,15:05:10,stop_point:SP_320,Larrieu,16
2346031,15:06:00,15:06:10,stop_point:SP_4906,Joulin,17
2346031,15:06:00,15:06:10,stop_point:SP_3681,Route d'Espagne,18
2346031,15:07:00,15:07:10,stop_point:SP_2892,IUC,19
2346031,15:07:00,15:07:10,stop_point:SP_5096,Oncopole - Lise Enjalbert,20
2346031,15:08:00,15:08:10,stop_point:SP_2663,Oncopole Courrière,21
2346031,15:09:00,15:09:10,stop_point:SP_116,Maison Commune,22
2346031,15:10:00,15:10:10,stop_point:SP_1334,Hubert Curien,23
2346031,15:11:00,15:11:10,stop_point:SP_1973,Marchant,24
2346031,15:12:00,15:12:10,stop_point:SP_3988,Gironis - Mémorial AZF,25
2346031,15:13:00,15:13:10,stop_point:SP_3430,Rond-Point Langlade,26
2346031,15:15:00,15:15:10,stop_point:SP_657,Langlade,27
2346031,15:16:00,15:16:10,stop_point:SP_1579,Gallieni,28
2346031,15:17:00,15:17:10,stop_point:SP_1859,Penent,29
2346031,15:17:00,15:17:10,stop_point:SP_3122,Barrière de Muret,30
2346031,15:19:00,15:19:10,stop_point:SP_3422,Roc,31
2346031,15:20:00,15:20:10,stop_point:SP_1188,Croix de Pierre,32
2346031,15:21:00,15:21:10,stop_point:SP_58,Stadium Ouest,33
2346031,15:22:00,15:22:10,stop_point:SP_3098,Stadium Est,34
2346031,15:25:00,15:25:10,stop_point:SP_461,Empalot,35
2346032,14:59:00,14:59:10,stop_point:SP_4521,Portet Gare SNCF,1
2346032,15:02:00,15:02:10,stop_point:SP_4529,Jean Jaurès,2
2346032,15:03:00,15:03:10,stop_point:SP_4773,Désiré,3
2346032,15:04:00,15:04:10,stop_point:SP_70,Eglise de Portet,4
2346032,15:05:00,15:05:10,stop_point:SP_1427,Commerce,5
2346032,15:06:00,15:06:10,stop_point:SP_1451,Occitanie,6
2346032,15:07:00,15:07:10,stop_point:SP_2980,Stade,7
2346032,15:08:00,15:08:10,stop_point:SP_3234,Bd de l'Europe,8
2346032,15:09:00,15:09:10,stop_point:SP_2173,Ctre Cial Portet - Entrée 1,9
2346032,15:10:00,15:10:10,stop_point:SP_1454,Palanques,10
2346032,15:11:00,15:11:10,stop_point:SP_4410,Ctre Cial Portet - Entrée 5,11
2346032,15:12:00,15:12:10,stop_point:SP_2564,Ecole Récébédou,12
2346032,15:13:00,15:13:10,stop_point:SP_795,Claire Fontaine,13
2346032,15:14:00,15:14:10,stop_point:SP_415,Frênes,14
2346032,15:15:00,15:15:10,stop_point:SP_4940,Clairfont,15
2346032,15:17:00,15:17:10,stop_point:SP_320,Larrieu,16
2346032,15:18:00,15:18:10,stop_point:SP_4906,Joulin,17
2346032,15:18:00,15:18:10,stop_point:SP_3681,Route d'Espagne,18
2346032,15:19:00,15:19:10,stop_point:SP_2892,IUC,19
2346032,15:19:00,15:19:10,stop_point:SP_5096,Oncopole - Lise Enjalbert,20
2346032,15:20:00,15:20:10,stop_point:SP_2663,Oncopole Courrière,21
2346032,15:21:00,15:21:10,stop_point:SP_116,Maison Commune,22
2346032,15:22:00,15:22:10,stop_point:SP_1334,Hubert Curien,23
2346032,15:23:00,15:23:10,stop_point:SP_1973,Marchant,24
2346032,15:24:00,15:24:10,stop_point:SP_3988,Gironis - Mémorial AZF,25
2346032,15:25:00,15:25:10,stop_point:SP_3430,Rond-Point Langlade,26
2346032,15:27:00,15:27:10,stop_point:SP_657,Langlade,27
2346032,15:28:00,15:28:10,stop_point:SP_1579,Gallieni,28
2346032,15:29:00,15:29:10,stop_point:SP_1859,Penent,29
2346032,15:29:00,15:29:10,stop_point:SP_3122,Barrière de Muret,30
2346032,15:31:00,15:31:10,stop_point:SP_3422,Roc,31
2346032,15:32:00,15:32:10,stop_point:SP_1188,Croix de Pierre,32
2346032,15:33:00,15:33:10,stop_point:SP_58,Stadium Ouest,33
2346032,15:34:00,15:34:10,stop_point:SP_3098,Stadium Est,34
2346032,15:37:00,15:37:10,stop_point:SP_461,Empalot,35
2346033,15:11:00,15:11:10,stop_point:SP_4521,Portet Gare SNCF,1
2346033,15:14:00,15:14:10,stop_point:SP_4529,Jean Jaurès,2
2346033,15:15:00,15:15:10,stop_point:SP_4773,Désiré,3
2346033,15:16:00,15:16:10,stop_point:SP_70,Eglise de Portet,4
2346033,15:17:00,15:17:10,stop_point:SP_1427,Commerce,5
2346033,15:18:00,15:18:10,stop_point:SP_1451,Occitanie,6
2346033,15:19:00,15:19:10,stop_point:SP_2980,Stade,7
2346033,15:20:00,15:20:10,stop_point:SP_3234,Bd de l'Europe,8
2346033,15:21:00,15:21:10,stop_point:SP_2173,Ctre Cial Portet - Entrée 1,9
2346033,15:22:00,15:22:10,stop_point:SP_1454,Palanques,10
2346033,15:23:00,15:23:10,stop_point:SP_4410,Ctre Cial Portet - Entrée 5,11
2346033,15:24:00,15:24:10,stop_point:SP_2564,Ecole Récébédou,12
2346033,15:25:00,15:25:10,stop_point:SP_795,Claire Fontaine,13
2346033,15:26:00,15:26:10,stop_point:SP_415,Frênes,14
2346033,15:27:00,15:27:10,stop_point:SP_4940,Clairfont,15
2346033,15:29:00,15:29:10,stop_point:SP_320,Larrieu,16
2346033,15:30:00,15:30:10,stop_point:SP_4906,Joulin,17
2346033,15:30:00,15:30:10,stop_point:SP_3681,Route d'Espagne,18
2346033,15:31:00,15:31:10,stop_point:SP_2892,IUC,19
2346033,15:31:00,15:31:10,stop_point:SP_5096,Oncopole - Lise Enjalbert,20
2346033,15:32:00,15:32:10,stop_point:SP_2663,Oncopole Courrière,21
2346033,15:33:00,15:33:10,stop_point:SP_116,Maison Commune,22
2346033,15:34:00,15:34:10,stop_point:SP_1334,Hubert Curien,23
2346033,15:35:00,15:35:10,stop_point:SP_1973,Marchant,24
2346033,15:36:00,15:36:10,stop_point:SP_3988,Gironis - Mémorial AZF,25
2346033,15:37:00,15:37:10,stop_point:SP_3430,Rond-Point Langlade,26
2346033,15:39:00,15:39:10,stop_point:SP_657,Langlade,27
2346033,15:40:00,15:40:10,stop_point:SP_1579,Gallieni,28
2346033,15:41:00,15:41:10,stop_point:SP_1859,Penent,29
2346033,15:42:00,15:42:10,stop_point:SP_3122,Barrière de Muret,30
2346033,15:44:00,15:44:10,stop_point:SP_3422,Roc,31
2346033,15:45:00,15:45:10,stop_point:SP_1188,Croix de Pierre,32
2346033,15:46:00,15:46:10,stop_point:SP_58,Stadium Ouest,33
2346033,15:47:00,15:47:10,stop_point:SP_3098,Stadium Est,34
2346033,15:50:00,15:50:10,stop_point:SP_461,Empalot,35
2346034,15:23:00,15:23:10,stop_point:SP_4521,Portet Gare SNCF,1
2346034,15:26:00,15:26:10,stop_point:SP_4529,Jean Jaurès,2
2346034,15:27:00,15:27:10,stop_point:SP_4773,Désiré,3
2346034,15:28:00,15:28:10,stop_point:SP_70,Eglise de Portet,4
2346034,15:29:00,15:29:10,stop_point:SP_1427,Commerce,5
2346034,15:30:00,15:30:10,stop_point:SP_1451,Occitanie,6
2346034,15:31:00,15:31:10,stop_point:SP_2980,Stade,7
2346034,15:32:00,15:32:10,stop_point:SP_3234,Bd de l'Europe,8
2346034,15:33:00,15:33:10,stop_point:SP_2173,Ctre Cial Portet - Entrée 1,9
2346034,15:34:00,15:34:10,stop_point:SP_1454,Palanques,10
2346034,15:35:00,15:35:10,stop_point:SP_4410,Ctre Cial Portet - Entrée 5,11
2346034,15:36:00,15:36:10,stop_point:SP_2564,Ecole Récébédou,12
2346034,15:37:00,15:37:10,stop_point:SP_795,Claire Fontaine,13
2346034,15:38:00,15:38:10,stop_point:SP_415,Frênes,14
2346034,15:39:00,15:39:10,stop_point:SP_4940,Clairfont,15
2346034,15:41:00,15:41:10,stop_point:SP_320,Larrieu,16
2346034,15:42:00,15:42:10,stop_point:SP_4906,Joulin,17
2346034,15:42:00,15:42:10,stop_point:SP_3681,Route d'Espagne,18
2346034,15:43:00,15:43:10,stop_point:SP_2892,IUC,19
2346034,15:43:00,15:43:10,stop_point:SP_5096,Oncopole - Lise Enjalbert,20
2346034,15:44:00,15:44:10,stop_point:SP_2663,Oncopole Courrière,21
2346034,15:45:00,15:45:10,stop_point:SP_116,Maison Commune,22
2346034,15:46:00,15:46:10,stop_point:SP_1334,Hubert Curien,23
2346034,15:47:00,15:47:10,stop_point:SP_1973,Marchant,24
2346034,15:48:00,15:48:10,stop_point:SP_3988,Gironis - Mémorial AZF,25
2346034,15:49:00,15:49:10,stop_point:SP_3430,Rond-Point Langlade,26
2346034,15:51:00,15:51:10,stop_point:SP_657,Langlade,27
2346034,15:52:00,15:52:10,stop_point:SP_1579,Gallieni,28
2346034,15:53:00,15:53:10,stop_point:SP_1859,Penent,29
2346034,15:54:00,15:54:10,stop_point:SP_3122,Barrière de Muret,30
2346034,15:56:00,15:56:10,stop_point:SP_3422,Roc,31
2346034,15:57:00,15:57:10,stop_point:SP_1188,Croix de Pierre,32
2346034,15:58:00,15:58:10,stop_point:SP_58,Stadium Ouest,33
2346034,15:59:00,15:59:10,stop_point:SP_3098,Stadium Est,34
2346034,16:02:00,16:02:10,stop_point:SP_461,Empalot,35
2346035,15:35:00,15:35:10,stop_point:SP_4521,Portet Gare SNCF,1
2346035,15:38:00,15:38:10,stop_point:SP_4529,Jean Jaurès,2
2346035,15:39:00,15:39:10,stop_point:SP_4773,Désiré,3
2346035,15:40:00,15:40:10,stop_point:SP_70,Eglise de Portet,4
2346035,15:41:00,15:41:10,stop_point:SP_1427,Commerce,5
2346035,15:42:00,15:42:10,stop_point:SP_1451,Occitanie,6
2346035,15:43:00,15:43:10,stop_point:SP_2980,Stade,7
2346035,15:44:00,15:44:10,stop_point:SP_3234,Bd de l'Europe,8
2346035,15:45:00,15:45:10,stop_point:SP_2173,Ctre Cial Portet - Entrée 1,9
2346035,15:46:00,15:46:10,stop_point:SP_1454,Palanques,10
2346035,15:47:00,15:47:10,stop_point:SP_4410,Ctre Cial Portet - Entrée 5,11
2346035,15:48:00,15:48:10,stop_point:SP_2564,Ecole Récébédou,12
2346035,15:49:00,15:49:10,stop_point:SP_795,Claire Fontaine,13
2346035,15:50:00,15:50:10,stop_point:SP_415,Frênes,14
2346035,15:51:00,15:51:10,stop_point:SP_4940,Clairfont,15
2346035,15:53:00,15:53:10,stop_point:SP_320,Larrieu,16
2346035,15:54:00,15:54:10,stop_point:SP_4906,Joulin,17
2346035,15:54:00,15:54:10,stop_point:SP_3681,Route d'Espagne,18
2346035,15:55:00,15:55:10,stop_point:SP_2892,IUC,19
2346035,15:55:00,15:55:10,stop_point:SP_5096,Oncopole - Lise Enjalbert,20
2346035,15:56:00,15:56:10,stop_point:SP_2663,Oncopole Courrière,21
2346035,15:57:00,15:57:10,stop_point:SP_116,Maison Commune,22
2346035,15:58:00,15:58:10,stop_point:SP_1334,Hubert Curien,23
2346035,15:59:00,15:59:10,stop_point:SP_1973,Marchant,24
2346035,16:00:00,16:00:10,stop_point:SP_3988,Gironis - Mémorial AZF,25
2346035,16:01:00,16:01:10,stop_point:SP_3430,Rond-Point Langlade,26
2346035,16:03:00,16:03:10,stop_point:SP_657,Langlade,27
2346035,16:04:00,16:04:10,stop_point:SP_1579,Gallieni,28
2346035,16:05:00,16:05:10,stop_point:SP_1859,Penent,29
2346035,16:06:00,16:06:10,stop_point:SP_3122,Barrière de Muret,30
2346035,16:08:00,16:08:10,stop_point:SP_3422,Roc,31
2346035,16:09:00,16:09:10,stop_point:SP_1188,Croix de Pierre,32
2346035,16:10:00,16:10:10,stop_point:SP_58,Stadium Ouest,33
2346035,16:11:00,16:11:10,stop_point:SP_3098,Stadium Est,34
2346035,16:14:00,16:14:10,stop_point:SP_461,Empalot,35
2346036,15:45:00,15:45:10,stop_point:SP_4521,Portet Gare SNCF,1
2346036,15:48:00,15:48:10,stop_point:SP_4529,Jean Jaurès,2
2346036,15:49:00,15:49:10,stop_point:SP_4773,Désiré,3
2346036,15:50:00,15:50:10,stop_point:SP_70,Eglise de Portet,4
2346036,15:51:00,15:51:10,stop_point:SP_1427,Commerce,5
2346036,15:52:00,15:52:10,stop_point:SP_1451,Occitanie,6
2346036,15:53:00,15:53:10,stop_point:SP_2980,Stade,7
2346036,15:54:00,15:54:10,stop_point:SP_3234,Bd de l'Europe,8
2346036,15:55:00,15:55:10,stop_point:SP_2173,Ctre Cial Portet - Entrée 1,9
2346036,15:56:00,15:56:10,stop_point:SP_1454,Palanques,10
2346036,15:57:00,15:57:10,stop_point:SP_4410,Ctre Cial Portet - Entrée 5,11
2346036,15:58:00,15:58:10,stop_point:SP_2564,Ecole Récébédou,12
2346036,15:59:00,15:59:10,stop_point:SP_795,Claire Fontaine,13
2346036,16:00:00,16:00:10,stop_point:SP_415,Frênes,14
2346036,16:01:00,16:01:10,stop_point:SP_4940,Clairfont,15
2346036,16:03:00,16:03:10,stop_point:SP_320,Larrieu,16
2346036,16:04:00,16:04:10,stop_point:SP_4906,Joulin,17
2346036,16:04:00,16:04:10,stop_point:SP_3681,Route d'Espagne,18
2346036,16:05:00,16:05:10,stop_point:SP_2892,IUC,19
2346036,16:05:00,16:05:10,stop_point:SP_5096,Oncopole - Lise Enjalbert,20
2346036,16:06:00,16:06:10,stop_point:SP_2663,Oncopole Courrière,21
2346036,16:07:00,16:07:10,stop_point:SP_116,Maison Commune,22
2346036,16:08:00,16:08:10,stop_point:SP_1334,Hubert Curien,23
2346036,16:09:00,16:09:10,stop_point:SP_1973,Marchant,24
2346036,16:10:00,16:10:10,stop_point:SP_3988,Gironis - Mémorial AZF,25
2346036,16:11:00,16:11:10,stop_point:SP_3430,Rond-Point Langlade,26
2346036,16:13:00,16:13:10,stop_point:SP_657,Langlade,27
2346036,16:14:00,16:14:10,stop_point:SP_1579,Gallieni,28
2346036,16:15:00,16:15:10,stop_point:SP_1859,Penent,29
2346036,16:16:00,16:16:10,stop_point:SP_3122,Barrière de Muret,30
2346036,16:18:00,16:18:10,stop_point:SP_3422,Roc,31
2346036,16:19:00,16:19:10,stop_point:SP_1188,Croix de Pierre,32
2346036,16:20:00,16:20:10,stop_point:SP_58,Stadium Ouest,33
2346036,16:21:00,16:21:10,stop_point:SP_3098,Stadium Est,34
2346036,16:24:00,16:24:10,stop_point:SP_461,Empalot,35
2346037,15:54:00,15:54:10,stop_point:SP_4521,Portet Gare SNCF,1
2346037,15:57:00,15:57:10,stop_point:SP_4529,Jean Jaurès,2
2346037,15:58:00,15:58:10,stop_point:SP_4773,Désiré,3
2346037,15:59:00,15:59:10,stop_point:SP_70,Eglise de Portet,4
2346037,16:00:00,16:00:10,stop_point:SP_1427,Commerce,5
2346037,16:01:00,16:01:10,stop_point:SP_1451,Occitanie,6
2346037,16:02:00,16:02:10,stop_point:SP_2980,Stade,7
2346037,16:03:00,16:03:10,stop_point:SP_3234,Bd de l'Europe,8
2346037,16:04:00,16:04:10,stop_point:SP_2173,Ctre Cial Portet - Entrée 1,9
2346037,16:05:00,16:05:10,stop_point:SP_1454,Palanques,10
2346037,16:06:00,16:06:10,stop_point:SP_4410,Ctre Cial Portet - Entrée 5,11
2346037,16:07:00,16:07:10,stop_point:SP_2564,Ecole Récébédou,12
2346037,16:08:00,16:08:10,stop_point:SP_795,Claire Fontaine,13
2346037,16:09:00,16:09:10,stop_point:SP_415,Frênes,14
2346037,16:10:00,16:10:10,stop_point:SP_4940,Clairfont,15
2346037,16:12:00,16:12:10,stop_point:SP_320,Larrieu,16
2346037,16:13:00,16:13:10,stop_point:SP_4906,Joulin,17
2346037,16:13:00,16:13:10,stop_point:SP_3681,Route d'Espagne,18
2346037,16:14:00,16:14:10,stop_point:SP_2892,IUC,19
2346037,16:14:00,16:14:10,stop_point:SP_5096,Oncopole - Lise Enjalbert,20
2346037,16:15:00,16:15:10,stop_point:SP_2663,Oncopole Courrière,21
2346037,16:16:00,16:16:10,stop_point:SP_116,Maison Commune,22
2346037,16:17:00,16:17:10,stop_point:SP_1334,Hubert Curien,23
2346037,16:18:00,16:18:10,stop_point:SP_1973,Marchant,24
2346037,16:19:00,16:19:10,stop_point:SP_3988,Gironis - Mémorial AZF,25
2346037,16:20:00,16:20:10,stop_point:SP_3430,Rond-Point Langlade,26
2346037,16:22:00,16:22:10,stop_point:SP_657,Langlade,27
2346037,16:23:00,16:23:10,stop_point:SP_1579,Gallieni,28
2346037,16:24:00,16:24:10,stop_point:SP_1859,Penent,29
2346037,16:25:00,16:25:10,stop_point:SP_3122,Barrière de Muret,30
2346037,16:27:00,16:27:10,stop_point:SP_3422,Roc,31
2346037,16:28:00,16:28:10,stop_point:SP_1188,Croix de Pierre,32
2346037,16:29:00,16:29:10,stop_point:SP_58,Stadium Ouest,33
2346037,16:30:00,16:30:10,stop_point:SP_3098,Stadium Est,34
2346037,16:33:00,16:33:10,stop_point:SP_461,Empalot,35
2346038,16:03:00,16:03:10,stop_point:SP_4521,Portet Gare SNCF,1
2346038,16:06:00,16:06:10,stop_point:SP_4529,Jean Jaurès,2
2346038,16:07:00,16:07:10,stop_point:SP_4773,Désiré,3
2346038,16:08:00,16:08:10,stop_point:SP_70,Eglise de Portet,4
2346038,16:09:00,16:09:10,stop_point:SP_1427,Commerce,5
2346038,16:10:00,16:10:10,stop_point:SP_1451,Occitanie,6
2346038,16:11:00,16:11:10,stop_point:SP_2980,Stade,7
2346038,16:12:00,16:12:10,stop_point:SP_3234,Bd de l'Europe,8
2346038,16:13:00,16:13:10,stop_point:SP_2173,Ctre Cial Portet - Entrée 1,9
2346038,16:14:00,16:14:10,stop_point:SP_1454,Palanques,10
2346038,16:15:00,16:15:10,stop_point:SP_4410,Ctre Cial Portet - Entrée 5,11
2346038,16:16:00,16:16:10,stop_point:SP_2564,Ecole Récébédou,12
2346038,16:17:00,16:17:10,stop_point:SP_795,Claire Fontaine,13
2346038,16:18:00,16:18:10,stop_point:SP_415,Frênes,14
2346038,16:19:00,16:19:10,stop_point:SP_4940,Clairfont,15
2346038,16:21:00,16:21:10,stop_point:SP_320,Larrieu,16
2346038,16:22:00,16:22:10,stop_point:SP_4906,Joulin,17
2346038,16:22:00,16:22:10,stop_point:SP_3681,Route d'Espagne,18
2346038,16:23:00,16:23:10,stop_point:SP_2892,IUC,19
2346038,16:23:00,16:23:10,stop_point:SP_5096,Oncopole - Lise Enjalbert,20
2346038,16:24:00,16:24:10,stop_point:SP_2663,Oncopole Courrière,21
2346038,16:25:00,16:25:10,stop_point:SP_116,Maison Commune,22
2346038,16:26:00,16:26:10,stop_point:SP_1334,Hubert Curien,23
2346038,16:27:00,16:27:10,stop_point:SP_1973,Marchant,24
2346038,16:28:00,16:28:10,stop_point:SP_3988,Gironis - Mémorial AZF,25
2346038,16:29:00,16:29:10,stop_point:SP_3430,Rond-Point Langlade,26
2346038,16:31:00,16:31:10,stop_point:SP_657,Langlade,27
2346038,16:32:00,16:32:10,stop_point:SP_1579,Gallieni,28
2346038,16:34:00,16:34:10,stop_point:SP_1859,Penent,29
2346038,16:35:00,16:35:10,stop_point:SP_3122,Barrière de Muret,30
2346038,16:36:00,16:36:10,stop_point:SP_3422,Roc,31
2346038,16:38:00,16:38:10,stop_point:SP_1188,Croix de Pierre,32
2346038,16:39:00,16:39:10,stop_point:SP_58,Stadium Ouest,33
2346038,16:40:00,16:40:10,stop_point:SP_3098,Stadium Est,34
2346038,16:43:00,16:43:10,stop_point:SP_461,Empalot,35
2346039,16:12:00,16:12:10,stop_point:SP_4521,Portet Gare SNCF,1
2346039,16:15:00,16:15:10,stop_point:SP_4529,Jean Jaurès,2
2346039,16:16:00,16:16:10,stop_point:SP_4773,Désiré,3
2346039,16:17:00,16:17:10,stop_point:SP_70,Eglise de Portet,4
2346039,16:18:00,16:18:10,stop_point:SP_1427,Commerce,5
2346039,16:19:00,16:19:10,stop_point:SP_1451,Occitanie,6
2346039,16:20:00,16:20:10,stop_point:SP_2980,Stade,7
2346039,16:21:00,16:21:10,stop_point:SP_3234,Bd de l'Europe,8
2346039,16:22:00,16:22:10,stop_point:SP_2173,Ctre Cial Portet - Entrée 1,9
2346039,16:23:00,16:23:10,stop_point:SP_1454,Palanques,10
2346039,16:24:00,16:24:10,stop_point:SP_4410,Ctre Cial Portet - Entrée 5,11
2346039,16:25:00,16:25:10,stop_point:SP_2564,Ecole Récébédou,12
2346039,16:26:00,16:26:10,stop_point:SP_795,Claire Fontaine,13
2346039,16:27:00,16:27:10,stop_point:SP_415,Frênes,14
2346039,16:28:00,16:28:10,stop_point:SP_4940,Clairfont,15
2346039,16:30:00,16:30:10,stop_point:SP_320,Larrieu,16
2346039,16:31:00,16:31:10,stop_point:SP_4906,Joulin,17
2346039,16:31:00,16:31:10,stop_point:SP_3681,Route d'Espagne,18
2346039,16:32:00,16:32:10,stop_point:SP_2892,IUC,19
2346039,16:32:00,16:32:10,stop_point:SP_5096,Oncopole - Lise Enjalbert,20
2346039,16:33:00,16:33:10,stop_point:SP_2663,Oncopole Courrière,21
2346039,16:34:00,16:34:10,stop_point:SP_116,Maison Commune,22
2346039,16:35:00,16:35:10,stop_point:SP_1334,Hubert Curien,23
2346039,16:36:00,16:36:10,stop_point:SP_1973,Marchant,24
2346039,16:37:00,16:37:10,stop_point:SP_3988,Gironis - Mémorial AZF,25
2346039,16:38:00,16:38:10,stop_point:SP_3430,Rond-Point Langlade,26
2346039,16:40:00,16:40:10,stop_point:SP_657,Langlade,27
2346039,16:41:00,16:41:10,stop_point:SP_1579,Gallieni,28
2346039,16:43:00,16:43:10,stop_point:SP_1859,Penent,29
2346039,16:44:00,16:44:10,stop_point:SP_3122,Barrière de Muret,30
2346039,16:45:00,16:45:10,stop_point:SP_3422,Roc,31
2346039,16:47:00,16:47:10,stop_point:SP_1188,Croix de Pierre,32
2346039,16:48:00,16:48:10,stop_point:SP_58,Stadium Ouest,33
2346039,16:49:00,16:49:10,stop_point:SP_3098,Stadium Est,34
2346039,16:52:00,16:52:10,stop_point:SP_461,Empalot,35
2346040,16:21:00,16:21:10,stop_point:SP_4521,Portet Gare SNCF,1
2346040,16:24:00,16:24:10,stop_point:SP_4529,Jean Jaurès,2
2346040,16:25:00,16:25:10,stop_point:SP_4773,Désiré,3
2346040,16:26:00,16:26:10,stop_point:SP_70,Eglise de Portet,4
2346040,16:27:00,16:27:10,stop_point:SP_1427,Commerce,5
2346040,16:28:00,16:28:10,stop_point:SP_1451,Occitanie,6
2346040,16:29:00,16:29:10,stop_point:SP_2980,Stade,7
2346040,16:30:00,16:30:10,stop_point:SP_3234,Bd de l'Europe,8
2346040,16:31:00,16:31:10,stop_point:SP_2173,Ctre Cial Portet - Entrée 1,9
2346040,16:32:00,16:32:10,stop_point:SP_1454,Palanques,10
2346040,16:33:00,16:33:10,stop_point:SP_4410,Ctre Cial Portet - Entrée 5,11
2346040,16:34:00,16:34:10,stop_point:SP_2564,Ecole Récébédou,12
2346040,16:35:00,16:35:10,stop_point:SP_795,Claire Fontaine,13
2346040,16:36:00,16:36:10,stop_point:SP_415,Frênes,14
2346040,16:37:00,16:37:10,stop_point:SP_4940,Clairfont,15
2346040,16:39:00,16:39:10,stop_point:SP_320,Larrieu,16
2346040,16:40:00,16:40:10,stop_point:SP_4906,Joulin,17
2346040,16:40:00,16:40:10,stop_point:SP_3681,Route d'Espagne,18
2346040,16:41:00,16:41:10,stop_point:SP_2892,IUC,19
2346040,16:41:00,16:41:10,stop_point:SP_5096,Oncopole - Lise Enjalbert,20
2346040,16:42:00,16:42:10,stop_point:SP_2663,Oncopole Courrière,21
2346040,16:43:00,16:43:10,stop_point:SP_116,Maison Commune,22
2346040,16:44:00,16:44:10,stop_point:SP_1334,Hubert Curien,23
2346040,16:45:00,16:45:10,stop_point:SP_1973,Marchant,24
2346040,16:46:00,16:46:10,stop_point:SP_3988,Gironis - Mémorial AZF,25
2346040,16:47:00,16:47:10,stop_point:SP_3430,Rond-Point Langlade,26
2346040,16:49:00,16:49:10,stop_point:SP_657,Langlade,27
2346040,16:50:00,16:50:10,stop_point:SP_1579,Gallieni,28
2346040,16:52:00,16:52:10,stop_point:SP_1859,Penent,29
2346040,16:53:00,16:53:10,stop_point:SP_3122,Barrière de Muret,30
2346040,16:54:00,16:54:10,stop_point:SP_3422,Roc,31
2346040,16:56:00,16:56:10,stop_point:SP_1188,Croix de Pierre,32
2346040,16:57:00,16:57:10,stop_point:SP_58,Stadium Ouest,33
2346040,16:58:00,16:58:10,stop_point:SP_3098,Stadium Est,34
2346040,17:01:00,17:01:10,stop_point:SP_461,Empalot,35
2346041,16:30:00,16:30:10,stop_point:SP_4521,Portet Gare SNCF,1
2346041,16:33:00,16:33:10,stop_point:SP_4529,Jean Jaurès,2
2346041,16:34:00,16:34:10,stop_point:SP_4773,Désiré,3
2346041,16:35:00,16:35:10,stop_point:SP_70,Eglise de Portet,4
2346041,16:36:00,16:36:10,stop_point:SP_1427,Commerce,5
2346041,16:37:00,16:37:10,stop_point:SP_1451,Occitanie,6
2346041,16:38:00,16:38:10,stop_point:SP_2980,Stade,7
2346041,16:39:00,16:39:10,stop_point:SP_3234,Bd de l'Europe,8
2346041,16:40:00,16:40:10,stop_point:SP_2173,Ctre Cial Portet - Entrée 1,9
2346041,16:41:00,16:41:10,stop_point:SP_1454,Palanques,10
2346041,16:42:00,16:42:10,stop_point:SP_4410,Ctre Cial Portet - Entrée 5,11
2346041,16:43:00,16:43:10,stop_point:SP_2564,Ecole Récébédou,12
2346041,16:44:00,16:44:10,stop_point:SP_795,Claire Fontaine,13
2346041,16:45:00,16:45:10,stop_point:SP_415,Frênes,14
2346041,16:46:00,16:46:10,stop_point:SP_4940,Clairfont,15
2346041,16:48:00,16:48:10,stop_point:SP_320,Larrieu,16
2346041,16:49:00,16:49:10,stop_point:SP_4906,Joulin,17
2346041,16:49:00,16:49:10,stop_point:SP_3681,Route d'Espagne,18
2346041,16:50:00,16:50:10,stop_point:SP_2892,IUC,19
2346041,16:50:00,16:50:10,stop_point:SP_5096,Oncopole - Lise Enjalbert,20
2346041,16:51:00,16:51:10,stop_point:SP_2663,Oncopole Courrière,21
2346041,16:52:00,16:52:10,stop_point:SP_116,Maison Commune,22
2346041,16:53:00,16:53:10,stop_point:SP_1334,Hubert Curien,23
2346041,16:54:00,16:54:10,stop_point:SP_1973,Marchant,24
2346041,16:55:00,16:55:10,stop_point:SP_3988,Gironis - Mémorial AZF,25
2346041,16:56:00,16:56:10,stop_point:SP_3430,Rond-Point Langlade,26
2346041,16:58:00,16:58:10,stop_point:SP_657,Langlade,27
2346041,16:59:00,16:59:10,stop_point:SP_1579,Gallieni,28
2346041,17:01:00,17:01:10,stop_point:SP_1859,Penent,29
2346041,17:02:00,17:02:10,stop_point:SP_3122,Barrière de Muret,30
2346041,17:03:00,17:03:10,stop_point:SP_3422,Roc,31
2346041,17:05:00,17:05:10,stop_point:SP_1188,Croix de Pierre,32
2346041,17:06:00,17:06:10,stop_point:SP_58,Stadium Ouest,33
2346041,17:07:00,17:07:10,stop_point:SP_3098,Stadium Est,34
2346041,17:10:00,17:10:10,stop_point:SP_461,Empalot,35
2346042,16:39:00,16:39:10,stop_point:SP_4521,Portet Gare SNCF,1
2346042,16:42:00,16:42:10,stop_point:SP_4529,Jean Jaurès,2
2346042,16:43:00,16:43:10,stop_point:SP_4773,Désiré,3
2346042,16:44:00,16:44:10,stop_point:SP_70,Eglise de Portet,4
2346042,16:45:00,16:45:10,stop_point:SP_1427,Commerce,5
2346042,16:46:00,16:46:10,stop_point:SP_1451,Occitanie,6
2346042,16:47:00,16:47:10,stop_point:SP_2980,Stade,7
2346042,16:48:00,16:48:10,stop_point:SP_3234,Bd de l'Europe,8
2346042,16:49:00,16:49:10,stop_point:SP_2173,Ctre Cial Portet - Entrée 1,9
2346042,16:50:00,16:50:10,stop_point:SP_1454,Palanques,10
2346042,16:51:00,16:51:10,stop_point:SP_4410,Ctre Cial Portet - Entrée 5,11
2346042,16:52:00,16:52:10,stop_point:SP_2564,Ecole Récébédou,12
2346042,16:53:00,16:53:10,stop_point:SP_795,Claire Fontaine,13
2346042,16:54:00,16:54:10,stop_point:SP_415,Frênes,14
2346042,16:55:00,16:55:10,stop_point:SP_4940,Clairfont,15
2346042,16:57:00,16:57:10,stop_point:SP_320,Larrieu,16
2346042,16:58:00,16:58:10,stop_point:SP_4906,Joulin,17
2346042,16:58:00,16:58:10,stop_point:SP_3681,Route d'Espagne,18
2346042,16:59:00,16:59:10,stop_point:SP_2892,IUC,19
2346042,16:59:00,16:59:10,stop_point:SP_5096,Oncopole - Lise Enjalbert,20
2346042,17:00:00,17:00:10,stop_point:SP_2663,Oncopole Courrière,21
2346042,17:01:00,17:01:10,stop_point:SP_116,Maison Commune,22
2346042,17:02:00,17:02:10,stop_point:SP_1334,Hubert Curien,23
2346042,17:03:00,17:03:10,stop_point:SP_1973,Marchant,24
2346042,17:04:00,17:04:10,stop_point:SP_3988,Gironis - Mémorial AZF,25
2346042,17:05:00,17:05:10,stop_point:SP_3430,Rond-Point Langlade,26
2346042,17:07:00,17:07:10,stop_point:SP_657,Langlade,27
2346042,17:08:00,17:08:10,stop_point:SP_1579,Gallieni,28
2346042,17:10:00,17:10:10,stop_point:SP_1859,Penent,29
2346042,17:11:00,17:11:10,stop_point:SP_3122,Barrière de Muret,30
2346042,17:12:00,17:12:10,stop_point:SP_3422,Roc,31
2346042,17:14:00,17:14:10,stop_point:SP_1188,Croix de Pierre,32
2346042,17:15:00,17:15:10,stop_point:SP_58,Stadium Ouest,33
2346042,17:16:00,17:16:10,stop_point:SP_3098,Stadium Est,34
2346042,17:19:00,17:19:10,stop_point:SP_461,Empalot,35
2346043,16:48:00,16:48:10,stop_point:SP_4521,Portet Gare SNCF,1
2346043,16:51:00,16:51:10,stop_point:SP_4529,Jean Jaurès,2
2346043,16:52:00,16:52:10,stop_point:SP_4773,Désiré,3
2346043,16:53:00,16:53:10,stop_point:SP_70,Eglise de Portet,4
2346043,16:54:00,16:54:10,stop_point:SP_1427,Commerce,5
2346043,16:55:00,16:55:10,stop_point:SP_1451,Occitanie,6
2346043,16:56:00,16:56:10,stop_point:SP_2980,Stade,7
2346043,16:57:00,16:57:10,stop_point:SP_3234,Bd de l'Europe,8
2346043,16:58:00,16:58:10,stop_point:SP_2173,Ctre Cial Portet - Entrée 1,9
2346043,16:59:00,16:59:10,stop_point:SP_1454,Palanques,10
2346043,17:00:00,17:00:10,stop_point:SP_4410,Ctre Cial Portet - Entrée 5,11
2346043,17:01:00,17:01:10,stop_point:SP_2564,Ecole Récébédou,12
2346043,17:02:00,17:02:10,stop_point:SP_795,Claire Fontaine,13
2346043,17:03:00,17:03:10,stop_point:SP_415,Frênes,14
2346043,17:04:00,17:04:10,stop_point:SP_4940,Clairfont,15
2346043,17:06:00,17:06:10,stop_point:SP_320,Larrieu,16
2346043,17:07:00,17:07:10,stop_point:SP_4906,Joulin,17
2346043,17:07:00,17:07:10,stop_point:SP_3681,Route d'Espagne,18
2346043,17:08:00,17:08:10,stop_point:SP_2892,IUC,19
2346043,17:08:00,17:08:10,stop_point:SP_5096,Oncopole - Lise Enjalbert,20
2346043,17:09:00,17:09:10,stop_point:SP_2663,Oncopole Courrière,21
2346043,17:10:00,17:10:10,stop_point:SP_116,Maison Commune,22
2346043,17:11:00,17:11:10,stop_point:SP_1334,Hubert Curien,23
2346043,17:12:00,17:12:10,stop_point:SP_1973,Marchant,24
2346043,17:13:00,17:13:10,stop_point:SP_3988,Gironis - Mémorial AZF,25
2346043,17:14:00,17:14:10,stop_point:SP_3430,Rond-Point Langlade,26
2346043,17:16:00,17:16:10,stop_point:SP_657,Langlade,27
2346043,17:17:00,17:17:10,stop_point:SP_1579,Gallieni,28
2346043,17:19:00,17:19:10,stop_point:SP_1859,Penent,29
2346043,17:20:00,17:20:10,stop_point:SP_3122,Barrière de Muret,30
2346043,17:21:00,17:21:10,stop_point:SP_3422,Roc,31
2346043,17:23:00,17:23:10,stop_point:SP_1188,Croix de Pierre,32
2346043,17:24:00,17:24:10,stop_point:SP_58,Stadium Ouest,33
2346043,17:25:00,17:25:10,stop_point:SP_3098,Stadium Est,34
2346043,17:28:00,17:28:10,stop_point:SP_461,Empalot,35
2346044,16:57:00,16:57:10,stop_point:SP_4521,Portet Gare SNCF,1
2346044,17:00:00,17:00:10,stop_point:SP_4529,Jean Jaurès,2
2346044,17:01:00,17:01:10,stop_point:SP_4773,Désiré,3
2346044,17:02:00,17:02:10,stop_point:SP_70,Eglise de Portet,4
2346044,17:03:00,17:03:10,stop_point:SP_1427,Commerce,5
2346044,17:04:00,17:04:10,stop_point:SP_1451,Occitanie,6
2346044,17:05:00,17:05:10,stop_point:SP_2980,Stade,7
2346044,17:06:00,17:06:10,stop_point:SP_3234,Bd de l'Europe,8
2346044,17:07:00,17:07:10,stop_point:SP_2173,Ctre Cial Portet - Entrée 1,9
2346044,17:08:00,17:08:10,stop_point:SP_1454,Palanques,10
2346044,17:09:00,17:09:10,stop_point:SP_4410,Ctre Cial Portet - Entrée 5,11
2346044,17:10:00,17:10:10,stop_point:SP_2564,Ecole Récébédou,12
2346044,17:11:00,17:11:10,stop_point:SP_795,Claire Fontaine,13
2346044,17:12:00,17:12:10,stop_point:SP_415,Frênes,14
2346044,17:13:00,17:13:10,stop_point:SP_4940,Clairfont,15
2346044,17:15:00,17:15:10,stop_point:SP_320,Larrieu,16
2346044,17:16:00,17:16:10,stop_point:SP_4906,Joulin,17
2346044,17:16:00,17:16:10,stop_point:SP_3681,Route d'Espagne,18
2346044,17:17:00,17:17:10,stop_point:SP_2892,IUC,19
2346044,17:17:00,17:17:10,stop_point:SP_5096,Oncopole - Lise Enjalbert,20
2346044,17:18:00,17:18:10,stop_point:SP_2663,Oncopole Courrière,21
2346044,17:19:00,17:19:10,stop_point:SP_116,Maison Commune,22
2346044,17:20:00,17:20:10,stop_point:SP_1334,Hubert Curien,23
2346044,17:21:00,17:21:10,stop_point:SP_1973,Marchant,24
2346044,17:22:00,17:22:10,stop_point:SP_3988,Gironis - Mémorial AZF,25
2346044,17:23:00,17:23:10,stop_point:SP_3430,Rond-Point Langlade,26
2346044,17:25:00,17:25:10,stop_point:SP_657,Langlade,27
2346044,17:26:00,17:26:10,stop_point:SP_1579,Gallieni,28
2346044,17:28:00,17:28:10,stop_point:SP_1859,Penent,29
2346044,17:29:00,17:29:10,stop_point:SP_3122,Barrière de Muret,30
2346044,17:30:00,17:30:10,stop_point:SP_3422,Roc,31
2346044,17:32:00,17:32:10,stop_point:SP_1188,Croix de Pierre,32
2346044,17:33:00,17:33:10,stop_point:SP_58,Stadium Ouest,33
2346044,17:34:00,17:34:10,stop_point:SP_3098,Stadium Est,34
2346044,17:37:00,17:37:10,stop_point:SP_461,Empalot,35
2346045,17:06:00,17:06:10,stop_point:SP_4521,Portet Gare SNCF,1
2346045,17:09:00,17:09:10,stop_point:SP_4529,Jean Jaurès,2
2346045,17:10:00,17:10:10,stop_point:SP_4773,Désiré,3
2346045,17:11:00,17:11:10,stop_point:SP_70,Eglise de Portet,4
2346045,17:12:00,17:12:10,stop_point:SP_1427,Commerce,5
2346045,17:13:00,17:13:10,stop_point:SP_1451,Occitanie,6
2346045,17:14:00,17:14:10,stop_point:SP_2980,Stade,7
2346045,17:15:00,17:15:10,stop_point:SP_3234,Bd de l'Europe,8
2346045,17:16:00,17:16:10,stop_point:SP_2173,Ctre Cial Portet - Entrée 1,9
2346045,17:17:00,17:17:10,stop_point:SP_1454,Palanques,10
2346045,17:18:00,17:18:10,stop_point:SP_4410,Ctre Cial Portet - Entrée 5,11
2346045,17:19:00,17:19:10,stop_point:SP_2564,Ecole Récébédou,12
2346045,17:20:00,17:20:10,stop_point:SP_795,Claire Fontaine,13
2346045,17:21:00,17:21:10,stop_point:SP_415,Frênes,14
2346045,17:22:00,17:22:10,stop_point:SP_4940,Clairfont,15
2346045,17:24:00,17:24:10,stop_point:SP_320,Larrieu,16
2346045,17:25:00,17:25:10,stop_point:SP_4906,Joulin,17
2346045,17:25:00,17:25:10,stop_point:SP_3681,Route d'Espagne,18
2346045,17:26:00,17:26:10,stop_point:SP_2892,IUC,19
2346045,17:26:00,17:26:10,stop_point:SP_5096,Oncopole - Lise Enjalbert,20
2346045,17:27:00,17:27:10,stop_point:SP_2663,Oncopole Courrière,21
2346045,17:28:00,17:28:10,stop_point:SP_116,Maison Commune,22
2346045,17:29:00,17:29:10,stop_point:SP_1334,Hubert Curien,23
2346045,17:30:00,17:30:10,stop_point:SP_1973,Marchant,24
2346045,17:31:00,17:31:10,stop_point:SP_3988,Gironis - Mémorial AZF,25
2346045,17:32:00,17:32:10,stop_point:SP_3430,Rond-Point Langlade,26
2346045,17:34:00,17:34:10,stop_point:SP_657,Langlade,27
2346045,17:35:00,17:35:10,stop_point:SP_1579,Gallieni,28
2346045,17:37:00,17:37:10,stop_point:SP_1859,Penent,29
2346045,17:38:00,17:38:10,stop_point:SP_3122,Barrière de Muret,30
2346045,17:39:00,17:39:10,stop_point:SP_3422,Roc,31
2346045,17:41:00,17:41:10,stop_point:SP_1188,Croix de Pierre,32
2346045,17:42:00,17:42:10,stop_point:SP_58,Stadium Ouest,33
2346045,17:43:00,17:43:10,stop_point:SP_3098,Stadium Est,34
2346045,17:46:00,17:46:10,stop_point:SP_461,Empalot,35
2346046,17:15:00,17:15:10,stop_point:SP_4521,Portet Gare SNCF,1
2346046,17:18:00,17:18:10,stop_point:SP_4529,Jean Jaurès,2
2346046,17:19:00,17:19:10,stop_point:SP_4773,Désiré,3
2346046,17:20:00,17:20:10,stop_point:SP_70,Eglise de Portet,4
2346046,17:21:00,17:21:10,stop_point:SP_1427,Commerce,5
2346046,17:22:00,17:22:10,stop_point:SP_1451,Occitanie,6
2346046,17:23:00,17:23:10,stop_point:SP_2980,Stade,7
2346046,17:24:00,17:24:10,stop_point:SP_3234,Bd de l'Europe,8
2346046,17:25:00,17:25:10,stop_point:SP_2173,Ctre Cial Portet - Entrée 1,9
2346046,17:26:00,17:26:10,stop_point:SP_1454,Palanques,10
2346046,17:27:00,17:27:10,stop_point:SP_4410,Ctre Cial Portet - Entrée 5,11
2346046,17:28:00,17:28:10,stop_point:SP_2564,Ecole Récébédou,12
2346046,17:29:00,17:29:10,stop_point:SP_795,Claire Fontaine,13
2346046,17:30:00,17:30:10,stop_point:SP_415,Frênes,14
2346046,17:31:00,17:31:10,stop_point:SP_4940,Clairfont,15
2346046,17:33:00,17:33:10,stop_point:SP_320,Larrieu,16
2346046,17:34:00,17:34:10,stop_point:SP_4906,Joulin,17
2346046,17:34:00,17:34:10,stop_point:SP_3681,Route d'Espagne,18
2346046,17:35:00,17:35:10,stop_point:SP_2892,IUC,19
2346046,17:35:00,17:35:10,stop_point:SP_5096,Oncopole - Lise Enjalbert,20
2346046,17:36:00,17:36:10,stop_point:SP_2663,Oncopole Courrière,21
2346046,17:37:00,17:37:10,stop_point:SP_116,Maison Commune,22
2346046,17:38:00,17:38:10,stop_point:SP_1334,Hubert Curien,23
2346046,17:39:00,17:39:10,stop_point:SP_1973,Marchant,24
2346046,17:40:00,17:40:10,stop_point:SP_3988,Gironis - Mémorial AZF,25
2346046,17:41:00,17:41:10,stop_point:SP_3430,Rond-Point Langlade,26
2346046,17:43:00,17:43:10,stop_point:SP_657,Langlade,27
2346046,17:44:00,17:44:10,stop_point:SP_1579,Gallieni,28
2346046,17:46:00,17:46:10,stop_point:SP_1859,Penent,29
2346046,17:47:00,17:47:10,stop_point:SP_3122,Barrière de Muret,30
2346046,17:48:00,17:48:10,stop_point:SP_3422,Roc,31
2346046,17:50:00,17:50:10,stop_point:SP_1188,Croix de Pierre,32
2346046,17:51:00,17:51:10,stop_point:SP_58,Stadium Ouest,33
2346046,17:52:00,17:52:10,stop_point:SP_3098,Stadium Est,34
2346046,17:55:00,17:55:10,stop_point:SP_461,Empalot,35
2346047,17:22:00,17:22:10,stop_point:SP_4521,Portet Gare SNCF,1
2346047,17:25:00,17:25:10,stop_point:SP_4529,Jean Jaurès,2
2346047,17:26:00,17:26:10,stop_point:SP_4773,Désiré,3
2346047,17:27:00,17:27:10,stop_point:SP_70,Eglise de Portet,4
2346047,17:28:00,17:28:10,stop_point:SP_1427,Commerce,5
2346047,17:29:00,17:29:10,stop_point:SP_1451,Occitanie,6
2346047,17:30:00,17:30:10,stop_point:SP_2980,Stade,7
2346047,17:31:00,17:31:10,stop_point:SP_3234,Bd de l'Europe,8
2346047,17:32:00,17:32:10,stop_point:SP_2173,Ctre Cial Portet - Entrée 1,9
2346047,17:33:00,17:33:10,stop_point:SP_1454,Palanques,10
2346047,17:34:00,17:34:10,stop_point:SP_4410,Ctre Cial Portet - Entrée 5,11
2346047,17:35:00,17:35:10,stop_point:SP_2564,Ecole Récébédou,12
2346047,17:36:00,17:36:10,stop_point:SP_795,Claire Fontaine,13
2346047,17:37:00,17:37:10,stop_point:SP_415,Frênes,14
2346047,17:38:00,17:38:10,stop_point:SP_4940,Clairfont,15
2346047,17:40:00,17:40:10,stop_point:SP_320,Larrieu,16
2346047,17:41:00,17:41:10,stop_point:SP_4906,Joulin,17
2346047,17:41:00,17:41:10,stop_point:SP_3681,Route d'Espagne,18
2346047,17:42:00,17:42:10,stop_point:SP_2892,IUC,19
2346047,17:42:00,17:42:10,stop_point:SP_5096,Oncopole - Lise Enjalbert,20
2346047,17:43:00,17:43:10,stop_point:SP_2663,Oncopole Courrière,21
2346047,17:44:00,17:44:10,stop_point:SP_116,Maison Commune,22
2346047,17:45:00,17:45:10,stop_point:SP_1334,Hubert Curien,23
2346047,17:46:00,17:46:10,stop_point:SP_1973,Marchant,24
2346047,17:47:00,17:47:10,stop_point:SP_3988,Gironis - Mémorial AZF,25
2346047,17:48:00,17:48:10,stop_point:SP_3430,Rond-Point Langlade,26
2346047,17:50:00,17:50:10,stop_point:SP_657,Langlade,27
2346047,17:51:00,17:51:10,stop_point:SP_1579,Gallieni,28
2346047,17:53:00,17:53:10,stop_point:SP_1859,Penent,29
2346047,17:54:00,17:54:10,stop_point:SP_3122,Barrière de Muret,30
2346047,17:55:00,17:55:10,stop_point:SP_3422,Roc,31
2346047,17:57:00,17:57:10,stop_point:SP_1188,Croix de Pierre,32
2346047,17:58:00,17:58:10,stop_point:SP_58,Stadium Ouest,33
2346047,17:59:00,17:59:10,stop_point:SP_3098,Stadium Est,34
2346047,18:02:00,18:02:10,stop_point:SP_461,Empalot,35
2346048,17:31:00,17:31:10,stop_point:SP_4521,Portet Gare SNCF,1
2346048,17:34:00,17:34:10,stop_point:SP_4529,Jean Jaurès,2
2346048,17:35:00,17:35:10,stop_point:SP_4773,Désiré,3
2346048,17:36:00,17:36:10,stop_point:SP_70,Eglise de Portet,4
2346048,17:37:00,17:37:10,stop_point:SP_1427,Commerce,5
2346048,17:38:00,17:38:10,stop_point:SP_1451,Occitanie,6
2346048,17:39:00,17:39:10,stop_point:SP_2980,Stade,7
2346048,17:40:00,17:40:10,stop_point:SP_3234,Bd de l'Europe,8
2346048,17:41:00,17:41:10,stop_point:SP_2173,Ctre Cial Portet - Entrée 1,9
2346048,17:42:00,17:42:10,stop_point:SP_1454,Palanques,10
2346048,17:43:00,17:43:10,stop_point:SP_4410,Ctre Cial Portet - Entrée 5,11
2346048,17:44:00,17:44:10,stop_point:SP_2564,Ecole Récébédou,12
2346048,17:45:00,17:45:10,stop_point:SP_795,Claire Fontaine,13
2346048,17:46:00,17:46:10,stop_point:SP_415,Frênes,14
2346048,17:47:00,17:47:10,stop_point:SP_4940,Clairfont,15
2346048,17:49:00,17:49:10,stop_point:SP_320,Larrieu,16
2346048,17:50:00,17:50:10,stop_point:SP_4906,Joulin,17
2346048,17:50:00,17:50:10,stop_point:SP_3681,Route d'Espagne,18
2346048,17:51:00,17:51:10,stop_point:SP_2892,IUC,19
2346048,17:51:00,17:51:10,stop_point:SP_5096,Oncopole - Lise Enjalbert,20
2346048,17:52:00,17:52:10,stop_point:SP_2663,Oncopole Courrière,21
2346048,17:53:00,17:53:10,stop_point:SP_116,Maison Commune,22
2346048,17:54:00,17:54:10,stop_point:SP_1334,Hubert Curien,23
2346048,17:55:00,17:55:10,stop_point:SP_1973,Marchant,24
2346048,17:56:00,17:56:10,stop_point:SP_3988,Gironis - Mémorial AZF,25
2346048,17:57:00,17:57:10,stop_point:SP_3430,Rond-Point Langlade,26
2346048,17:59:00,17:59:10,stop_point:SP_657,Langlade,27
2346048,18:00:00,18:00:10,stop_point:SP_1579,Gallieni,28
2346048,18:02:00,18:02:10,stop_point:SP_1859,Penent,29
2346048,18:03:00,18:03:10,stop_point:SP_3122,Barrière de Muret,30
2346048,18:04:00,18:04:10,stop_point:SP_3422,Roc,31
2346048,18:06:00,18:06:10,stop_point:SP_1188,Croix de Pierre,32
2346048,18:07:00,18:07:10,stop_point:SP_58,Stadium Ouest,33
2346048,18:08:00,18:08:10,stop_point:SP_3098,Stadium Est,34
2346048,18:11:00,18:11:10,stop_point:SP_461,Empalot,35
2346049,17:40:00,17:40:10,stop_point:SP_4521,Portet Gare SNCF,1
2346049,17:43:00,17:43:10,stop_point:SP_4529,Jean Jaurès,2
2346049,17:44:00,17:44:10,stop_point:SP_4773,Désiré,3
2346049,17:45:00,17:45:10,stop_point:SP_70,Eglise de Portet,4
2346049,17:46:00,17:46:10,stop_point:SP_1427,Commerce,5
2346049,17:47:00,17:47:10,stop_point:SP_1451,Occitanie,6
2346049,17:48:00,17:48:10,stop_point:SP_2980,Stade,7
2346049,17:49:00,17:49:10,stop_point:SP_3234,Bd de l'Europe,8
2346049,17:50:00,17:50:10,stop_point:SP_2173,Ctre Cial Portet - Entrée 1,9
2346049,17:51:00,17:51:10,stop_point:SP_1454,Palanques,10
2346049,17:52:00,17:52:10,stop_point:SP_4410,Ctre Cial Portet - Entrée 5,11
2346049,17:53:00,17:53:10,stop_point:SP_2564,Ecole Récébédou,12
2346049,17:54:00,17:54:10,stop_point:SP_795,Claire Fontaine,13
2346049,17:55:00,17:55:10,stop_point:SP_415,Frênes,14
2346049,17:56:00,17:56:10,stop_point:SP_4940,Clairfont,15
2346049,17:58:00,17:58:10,stop_point:SP_320,Larrieu,16
2346049,17:59:00,17:59:10,stop_point:SP_4906,Joulin,17
2346049,17:59:00,17:59:10,stop_point:SP_3681,Route d'Espagne,18
2346049,18:00:00,18:00:10,stop_point:SP_2892,IUC,19
2346049,18:00:00,18:00:10,stop_point:SP_5096,Oncopole - Lise Enjalbert,20
2346049,18:01:00,18:01:10,stop_point:SP_2663,Oncopole Courrière,21
2346049,18:02:00,18:02:10,stop_point:SP_116,Maison Commune,22
2346049,18:03:00,18:03:10,stop_point:SP_1334,Hubert Curien,23
2346049,18:04:00,18:04:10,stop_point:SP_1973,Marchant,24
2346049,18:05:00,18:05:10,stop_point:SP_3988,Gironis - Mémorial AZF,25
2346049,18:06:00,18:06:10,stop_point:SP_3430,Rond-Point Langlade,26
2346049,18:08:00,18:08:10,stop_point:SP_657,Langlade,27
2346049,18:09:00,18:09:10,stop_point:SP_1579,Gallieni,28
2346049,18:11:00,18:11:10,stop_point:SP_1859,Penent,29
2346049,18:12:00,18:12:10,stop_point:SP_3122,Barrière de Muret,30
2346049,18:13:00,18:13:10,stop_point:SP_3422,Roc,31
2346049,18:15:00,18:15:10,stop_point:SP_1188,Croix de Pierre,32
2346049,18:16:00,18:16:10,stop_point:SP_58,Stadium Ouest,33
2346049,18:17:00,18:17:10,stop_point:SP_3098,Stadium Est,34
2346049,18:20:00,18:20:10,stop_point:SP_461,Empalot,35
2346050,17:47:00,17:47:10,stop_point:SP_4521,Portet Gare SNCF,1
2346050,17:50:00,17:50:10,stop_point:SP_4529,Jean Jaurès,2
2346050,17:51:00,17:51:10,stop_point:SP_4773,Désiré,3
2346050,17:52:00,17:52:10,stop_point:SP_70,Eglise de Portet,4
2346050,17:53:00,17:53:10,stop_point:SP_1427,Commerce,5
2346050,17:54:00,17:54:10,stop_point:SP_1451,Occitanie,6
2346050,17:55:00,17:55:10,stop_point:SP_2980,Stade,7
2346050,17:56:00,17:56:10,stop_point:SP_3234,Bd de l'Europe,8
2346050,17:57:00,17:57:10,stop_point:SP_2173,Ctre Cial Portet - Entrée 1,9
2346050,17:58:00,17:58:10,stop_point:SP_1454,Palanques,10
2346050,17:59:00,17:59:10,stop_point:SP_4410,Ctre Cial Portet - Entrée 5,11
2346050,18:00:00,18:00:10,stop_point:SP_2564,Ecole Récébédou,12
2346050,18:01:00,18:01:10,stop_point:SP_795,Claire Fontaine,13
2346050,18:02:00,18:02:10,stop_point:SP_415,Frênes,14
2346050,18:03:00,18:03:10,stop_point:SP_4940,Clairfont,15
2346050,18:05:00,18:05:10,stop_point:SP_320,Larrieu,16
2346050,18:06:00,18:06:10,stop_point:SP_4906,Joulin,17
2346050,18:06:00,18:06:10,stop_point:SP_3681,Route d'Espagne,18
2346050,18:07:00,18:07:10,stop_point:SP_2892,IUC,19
2346050,18:07:00,18:07:10,stop_point:SP_5096,Oncopole - Lise Enjalbert,20
2346050,18:08:00,18:08:10,stop_point:SP_2663,Oncopole Courrière,21
2346050,18:09:00,18:09:10,stop_point:SP_116,Maison Commune,22
2346050,18:10:00,18:10:10,stop_point:SP_1334,Hubert Curien,23
2346050,18:11:00,18:11:10,stop_point:SP_1973,Marchant,24
2346050,18:12:00,18:12:10,stop_point:SP_3988,Gironis - Mémorial AZF,25
2346050,18:13:00,18:13:10,stop_point:SP_3430,Rond-Point Langlade,26
2346050,18:15:00,18:15:10,stop_point:SP_657,Langlade,27
2346050,18:16:00,18:16:10,stop_point:SP_1579,Gallieni,28
2346050,18:18:00,18:18:10,stop_point:SP_1859,Penent,29
2346050,18:19:00,18:19:10,stop_point:SP_3122,Barrière de Muret,30
2346050,18:20:00,18:20:10,stop_point:SP_3422,Roc,31
2346050,18:22:00,18:22:10,stop_point:SP_1188,Croix de Pierre,32
2346050,18:23:00,18:23:10,stop_point:SP_58,Stadium Ouest,33
2346050,18:24:00,18:24:10,stop_point:SP_3098,Stadium Est,34
2346050,18:27:00,18:27:10,stop_point:SP_461,Empalot,35
2346051,17:56:00,17:56:10,stop_point:SP_4521,Portet Gare SNCF,1
2346051,17:59:00,17:59:10,stop_point:SP_4529,Jean Jaurès,2
2346051,18:00:00,18:00:10,stop_point:SP_4773,Désiré,3
2346051,18:01:00,18:01:10,stop_point:SP_70,Eglise de Portet,4
2346051,18:02:00,18:02:10,stop_point:SP_1427,Commerce,5
2346051,18:03:00,18:03:10,stop_point:SP_1451,Occitanie,6
2346051,18:04:00,18:04:10,stop_point:SP_2980,Stade,7
2346051,18:05:00,18:05:10,stop_point:SP_3234,Bd de l'Europe,8
2346051,18:06:00,18:06:10,stop_point:SP_2173,Ctre Cial Portet - Entrée 1,9
2346051,18:07:00,18:07:10,stop_point:SP_1454,Palanques,10
2346051,18:08:00,18:08:10,stop_point:SP_4410,Ctre Cial Portet - Entrée 5,11
2346051,18:09:00,18:09:10,stop_point:SP_2564,Ecole Récébédou,12
2346051,18:10:00,18:10:10,stop_point:SP_795,Claire Fontaine,13
2346051,18:11:00,18:11:10,stop_point:SP_415,Frênes,14
2346051,18:12:00,18:12:10,stop_point:SP_4940,Clairfont,15
2346051,18:14:00,18:14:10,stop_point:SP_320,Larrieu,16
2346051,18:15:00,18:15:10,stop_point:SP_4906,Joulin,17
2346051,18:15:00,18:15:10,stop_point:SP_3681,Route d'Espagne,18
2346051,18:16:00,18:16:10,stop_point:SP_2892,IUC,19
2346051,18:16:00,18:16:10,stop_point:SP_5096,Oncopole - Lise Enjalbert,20
2346051,18:17:00,18:17:10,stop_point:SP_2663,Oncopole Courrière,21
2346051,18:18:00,18:18:10,stop_point:SP_116,Maison Commune,22
2346051,18:19:00,18:19:10,stop_point:SP_1334,Hubert Curien,23
2346051,18:20:00,18:20:10,stop_point:SP_1973,Marchant,24
2346051,18:21:00,18:21:10,stop_point:SP_3988,Gironis - Mémorial AZF,25
2346051,18:22:00,18:22:10,stop_point:SP_3430,Rond-Point Langlade,26
2346051,18:24:00,18:24:10,stop_point:SP_657,Langlade,27
2346051,18:25:00,18:25:10,stop_point:SP_1579,Gallieni,28
2346051,18:27:00,18:27:10,stop_point:SP_1859,Penent,29
2346051,18:28:00,18:28:10,stop_point:SP_3122,Barrière de Muret,30
2346051,18:29:00,18:29:10,stop_point:SP_3422,Roc,31
2346051,18:31:00,18:31:10,stop_point:SP_1188,Croix de Pierre,32
2346051,18:32:00,18:32:10,stop_point:SP_58,Stadium Ouest,33
2346051,18:33:00,18:33:10,stop_point:SP_3098,Stadium Est,34
2346051,18:36:00,18:36:10,stop_point:SP_461,Empalot,35
2346052,18:05:00,18:05:10,stop_point:SP_4521,Portet Gare SNCF,1
2346052,18:08:00,18:08:10,stop_point:SP_4529,Jean Jaurès,2
2346052,18:09:00,18:09:10,stop_point:SP_4773,Désiré,3
2346052,18:10:00,18:10:10,stop_point:SP_70,Eglise de Portet,4
2346052,18:11:00,18:11:10,stop_point:SP_1427,Commerce,5
2346052,18:12:00,18:12:10,stop_point:SP_1451,Occitanie,6
2346052,18:13:00,18:13:10,stop_point:SP_2980,Stade,7
2346052,18:14:00,18:14:10,stop_point:SP_3234,Bd de l'Europe,8
2346052,18:15:00,18:15:10,stop_point:SP_2173,Ctre Cial Portet - Entrée 1,9
2346052,18:16:00,18:16:10,stop_point:SP_1454,Palanques,10
2346052,18:17:00,18:17:10,stop_point:SP_4410,Ctre Cial Portet - Entrée 5,11
2346052,18:18:00,18:18:10,stop_point:SP_2564,Ecole Récébédou,12
2346052,18:18:00,18:18:10,stop_point:SP_795,Claire Fontaine,13
2346052,18:19:00,18:19:10,stop_point:SP_415,Frênes,14
2346052,18:20:00,18:20:10,stop_point:SP_4940,Clairfont,15
2346052,18:22:00,18:22:10,stop_point:SP_320,Larrieu,16
2346052,18:23:00,18:23:10,stop_point:SP_4906,Joulin,17
2346052,18:23:00,18:23:10,stop_point:SP_3681,Route d'Espagne,18
2346052,18:24:00,18:24:10,stop_point:SP_2892,IUC,19
2346052,18:24:00,18:24:10,stop_point:SP_5096,Oncopole - Lise Enjalbert,20
2346052,18:25:00,18:25:10,stop_point:SP_2663,Oncopole Courrière,21
2346052,18:26:00,18:26:10,stop_point:SP_116,Maison Commune,22
2346052,18:27:00,18:27:10,stop_point:SP_1334,Hubert Curien,23
2346052,18:28:00,18:28:10,stop_point:SP_1973,Marchant,24
2346052,18:29:00,18:29:10,stop_point:SP_3988,Gironis - Mémorial AZF,25
2346052,18:30:00,18:30:10,stop_point:SP_3430,Rond-Point Langlade,26
2346052,18:32:00,18:32:10,stop_point:SP_657,Langlade,27
2346052,18:33:00,18:33:10,stop_point:SP_1579,Gallieni,28
2346052,18:34:00,18:34:10,stop_point:SP_1859,Penent,29
2346052,18:35:00,18:35:10,stop_point:SP_3122,Barrière de Muret,30
2346052,18:37:00,18:37:10,stop_point:SP_3422,Roc,31
2346052,18:38:00,18:38:10,stop_point:SP_1188,Croix de Pierre,32
2346052,18:39:00,18:39:10,stop_point:SP_58,Stadium Ouest,33
2346052,18:40:00,18:40:10,stop_point:SP_3098,Stadium Est,34
2346052,18:43:00,18:43:10,stop_point:SP_461,Empalot,35
2346053,18:14:00,18:14:10,stop_point:SP_4521,Portet Gare SNCF,1
2346053,18:17:00,18:17:10,stop_point:SP_4529,Jean Jaurès,2
2346053,18:18:00,18:18:10,stop_point:SP_4773,Désiré,3
2346053,18:19:00,18:19:10,stop_point:SP_70,Eglise de Portet,4
2346053,18:20:00,18:20:10,stop_point:SP_1427,Commerce,5
2346053,18:21:00,18:21:10,stop_point:SP_1451,Occitanie,6
2346053,18:22:00,18:22:10,stop_point:SP_2980,Stade,7
2346053,18:23:00,18:23:10,stop_point:SP_3234,Bd de l'Europe,8
2346053,18:24:00,18:24:10,stop_point:SP_2173,Ctre Cial Portet - Entrée 1,9
2346053,18:25:00,18:25:10,stop_point:SP_1454,Palanques,10
2346053,18:26:00,18:26:10,stop_point:SP_4410,Ctre Cial Portet - Entrée 5,11
2346053,18:27:00,18:27:10,stop_point:SP_2564,Ecole Récébédou,12
2346053,18:27:00,18:27:10,stop_point:SP_795,Claire Fontaine,13
2346053,18:28:00,18:28:10,stop_point:SP_415,Frênes,14
2346053,18:29:00,18:29:10,stop_point:SP_4940,Clairfont,15
2346053,18:31:00,18:31:10,stop_point:SP_320,Larrieu,16
2346053,18:32:00,18:32:10,stop_point:SP_4906,Joulin,17
2346053,18:32:00,18:32:10,stop_point:SP_3681,Route d'Espagne,18
2346053,18:33:00,18:33:10,stop_point:SP_2892,IUC,19
2346053,18:33:00,18:33:10,stop_point:SP_5096,Oncopole - Lise Enjalbert,20
2346053,18:34:00,18:34:10,stop_point:SP_2663,Oncopole Courrière,21
2346053,18:35:00,18:35:10,stop_point:SP_116,Maison Commune,22
2346053,18:36:00,18:36:10,stop_point:SP_1334,Hubert Curien,23
2346053,18:37:00,18:37:10,stop_point:SP_1973,Marchant,24
2346053,18:38:00,18:38:10,stop_point:SP_3988,Gironis - Mémorial AZF,25
2346053,18:39:00,18:39:10,stop_point:SP_3430,Rond-Point Langlade,26
2346053,18:41:00,18:41:10,stop_point:SP_657,Langlade,27
2346053,18:42:00,18:42:10,stop_point:SP_1579,Gallieni,28
2346053,18:43:00,18:43:10,stop_point:SP_1859,Penent,29
2346053,18:44:00,18:44:10,stop_point:SP_3122,Barrière de Muret,30
2346053,18:46:00,18:46:10,stop_point:SP_3422,Roc,31
2346053,18:47:00,18:47:10,stop_point:SP_1188,Croix de Pierre,32
2346053,18:48:00,18:48:10,stop_point:SP_58,Stadium Ouest,33
2346053,18:49:00,18:49:10,stop_point:SP_3098,Stadium Est,34
2346053,18:52:00,18:52:10,stop_point:SP_461,Empalot,35
2346054,18:23:00,18:23:10,stop_point:SP_4521,Portet Gare SNCF,1
2346054,18:26:00,18:26:10,stop_point:SP_4529,Jean Jaurès,2
2346054,18:27:00,18:27:10,stop_point:SP_4773,Désiré,3
2346054,18:28:00,18:28:10,stop_point:SP_70,Eglise de Portet,4
2346054,18:29:00,18:29:10,stop_point:SP_1427,Commerce,5
2346054,18:30:00,18:30:10,stop_point:SP_1451,Occitanie,6
2346054,18:31:00,18:31:10,stop_point:SP_2980,Stade,7
2346054,18:32:00,18:32:10,stop_point:SP_3234,Bd de l'Europe,8
2346054,18:33:00,18:33:10,stop_point:SP_2173,Ctre Cial Portet - Entrée 1,9
2346054,18:34:00,18:34:10,stop_point:SP_1454,Palanques,10
2346054,18:35:00,18:35:10,stop_point:SP_4410,Ctre Cial Portet - Entrée 5,11
2346054,18:36:00,18:36:10,stop_point:SP_2564,Ecole Récébédou,12
2346054,18:36:00,18:36:10,stop_point:SP_795,Claire Fontaine,13
2346054,18:37:00,18:37:10,stop_point:SP_415,Frênes,14
2346054,18:38:00,18:38:10,stop_point:SP_4940,Clairfont,15
2346054,18:40:00,18:40:10,stop_point:SP_320,Larrieu,16
2346054,18:41:00,18:41:10,stop_point:SP_4906,Joulin,17
2346054,18:41:00,18:41:10,stop_point:SP_3681,Route d'Espagne,18
2346054,18:42:00,18:42:10,stop_point:SP_2892,IUC,19
2346054,18:42:00,18:42:10,stop_point:SP_5096,Oncopole - Lise Enjalbert,20
2346054,18:43:00,18:43:10,stop_point:SP_2663,Oncopole Courrière,21
2346054,18:44:00,18:44:10,stop_point:SP_116,Maison Commune,22
2346054,18:45:00,18:45:10,stop_point:SP_1334,Hubert Curien,23
2346054,18:46:00,18:46:10,stop_point:SP_1973,Marchant,24
2346054,18:47:00,18:47:10,stop_point:SP_3988,Gironis - Mémorial AZF,25
2346054,18:48:00,18:48:10,stop_point:SP_3430,Rond-Point Langlade,26
2346054,18:50:00,18:50:10,stop_point:SP_657,Langlade,27
2346054,18:51:00,18:51:10,stop_point:SP_1579,Gallieni,28
2346054,18:52:00,18:52:10,stop_point:SP_1859,Penent,29
2346054,18:53:00,18:53:10,stop_point:SP_3122,Barrière de Muret,30
2346054,18:55:00,18:55:10,stop_point:SP_3422,Roc,31
2346054,18:56:00,18:56:10,stop_point:SP_1188,Croix de Pierre,32
2346054,18:57:00,18:57:10,stop_point:SP_58,Stadium Ouest,33
2346054,18:58:00,18:58:10,stop_point:SP_3098,Stadium Est,34
2346054,19:01:00,19:01:10,stop_point:SP_461,Empalot,35
2346055,18:32:00,18:32:10,stop_point:SP_4521,Portet Gare SNCF,1
2346055,18:35:00,18:35:10,stop_point:SP_4529,Jean Jaurès,2
2346055,18:36:00,18:36:10,stop_point:SP_4773,Désiré,3
2346055,18:37:00,18:37:10,stop_point:SP_70,Eglise de Portet,4
2346055,18:38:00,18:38:10,stop_point:SP_1427,Commerce,5
2346055,18:39:00,18:39:10,stop_point:SP_1451,Occitanie,6
2346055,18:40:00,18:40:10,stop_point:SP_2980,Stade,7
2346055,18:41:00,18:41:10,stop_point:SP_3234,Bd de l'Europe,8
2346055,18:42:00,18:42:10,stop_point:SP_2173,Ctre Cial Portet - Entrée 1,9
2346055,18:43:00,18:43:10,stop_point:SP_1454,Palanques,10
2346055,18:44:00,18:44:10,stop_point:SP_4410,Ctre Cial Portet - Entrée 5,11
2346055,18:45:00,18:45:10,stop_point:SP_2564,Ecole Récébédou,12
2346055,18:45:00,18:45:10,stop_point:SP_795,Claire Fontaine,13
2346055,18:46:00,18:46:10,stop_point:SP_415,Frênes,14
2346055,18:47:00,18:47:10,stop_point:SP_4940,Clairfont,15
2346055,18:49:00,18:49:10,stop_point:SP_320,Larrieu,16
2346055,18:50:00,18:50:10,stop_point:SP_4906,Joulin,17
2346055,18:50:00,18:50:10,stop_point:SP_3681,Route d'Espagne,18
2346055,18:51:00,18:51:10,stop_point:SP_2892,IUC,19
2346055,18:51:00,18:51:10,stop_point:SP_5096,Oncopole - Lise Enjalbert,20
2346055,18:52:00,18:52:10,stop_point:SP_2663,Oncopole Courrière,21
2346055,18:53:00,18:53:10,stop_point:SP_116,Maison Commune,22
2346055,18:54:00,18:54:10,stop_point:SP_1334,Hubert Curien,23
2346055,18:55:00,18:55:10,stop_point:SP_1973,Marchant,24
2346055,18:56:00,18:56:10,stop_point:SP_3988,Gironis - Mémorial AZF,25
2346055,18:57:00,18:57:10,stop_point:SP_3430,Rond-Point Langlade,26
2346055,18:59:00,18:59:10,stop_point:SP_657,Langlade,27
2346055,19:00:00,19:00:10,stop_point:SP_1579,Gallieni,28
2346055,19:01:00,19:01:10,stop_point:SP_1859,Penent,29
2346055,19:02:00,19:02:10,stop_point:SP_3122,Barrière de Muret,30
2346055,19:04:00,19:04:10,stop_point:SP_3422,Roc,31
2346055,19:05:00,19:05:10,stop_point:SP_1188,Croix de Pierre,32
2346055,19:06:00,19:06:10,stop_point:SP_58,Stadium Ouest,33
2346055,19:07:00,19:07:10,stop_point:SP_3098,Stadium Est,34
2346055,19:10:00,19:10:10,stop_point:SP_461,Empalot,35
2346056,18:43:00,18:43:10,stop_point:SP_4521,Portet Gare SNCF,1
2346056,18:46:00,18:46:10,stop_point:SP_4529,Jean Jaurès,2
2346056,18:47:00,18:47:10,stop_point:SP_4773,Désiré,3
2346056,18:48:00,18:48:10,stop_point:SP_70,Eglise de Portet,4
2346056,18:49:00,18:49:10,stop_point:SP_1427,Commerce,5
2346056,18:50:00,18:50:10,stop_point:SP_1451,Occitanie,6
2346056,18:51:00,18:51:10,stop_point:SP_2980,Stade,7
2346056,18:52:00,18:52:10,stop_point:SP_3234,Bd de l'Europe,8
2346056,18:53:00,18:53:10,stop_point:SP_2173,Ctre Cial Portet - Entrée 1,9
2346056,18:54:00,18:54:10,stop_point:SP_1454,Palanques,10
2346056,18:55:00,18:55:10,stop_point:SP_4410,Ctre Cial Portet - Entrée 5,11
2346056,18:56:00,18:56:10,stop_point:SP_2564,Ecole Récébédou,12
2346056,18:56:00,18:56:10,stop_point:SP_795,Claire Fontaine,13
2346056,18:57:00,18:57:10,stop_point:SP_415,Frênes,14
2346056,18:58:00,18:58:10,stop_point:SP_4940,Clairfont,15
2346056,19:00:00,19:00:10,stop_point:SP_320,Larrieu,16
2346056,19:01:00,19:01:10,stop_point:SP_4906,Joulin,17
2346056,19:01:00,19:01:10,stop_point:SP_3681,Route d'Espagne,18
2346056,19:02:00,19:02:10,stop_point:SP_2892,IUC,19
2346056,19:02:00,19:02:10,stop_point:SP_5096,Oncopole - Lise Enjalbert,20
2346056,19:03:00,19:03:10,stop_point:SP_2663,Oncopole Courrière,21
2346056,19:04:00,19:04:10,stop_point:SP_116,Maison Commune,22
2346056,19:05:00,19:05:10,stop_point:SP_1334,Hubert Curien,23
2346056,19:06:00,19:06:10,stop_point:SP_1973,Marchant,24
2346056,19:07:00,19:07:10,stop_point:SP_3988,Gironis - Mémorial AZF,25
2346056,19:08:00,19:08:10,stop_point:SP_3430,Rond-Point Langlade,26
2346056,19:10:00,19:10:10,stop_point:SP_657,Langlade,27
2346056,19:11:00,19:11:10,stop_point:SP_1579,Gallieni,28
2346056,19:12:00,19:12:10,stop_point:SP_1859,Penent,29
2346056,19:13:00,19:13:10,stop_point:SP_3122,Barrière de Muret,30
2346056,19:15:00,19:15:10,stop_point:SP_3422,Roc,31
2346056,19:16:00,19:16:10,stop_point:SP_1188,Croix de Pierre,32
2346056,19:17:00,19:17:10,stop_point:SP_58,Stadium Ouest,33
2346056,19:18:00,19:18:10,stop_point:SP_3098,Stadium Est,34
2346056,19:21:00,19:21:10,stop_point:SP_461,Empalot,35
2346057,18:56:00,18:56:10,stop_point:SP_4521,Portet Gare SNCF,1
2346057,18:59:00,18:59:10,stop_point:SP_4529,Jean Jaurès,2
2346057,19:00:00,19:00:10,stop_point:SP_4773,Désiré,3
2346057,19:01:00,19:01:10,stop_point:SP_70,Eglise de Portet,4
2346057,19:02:00,19:02:10,stop_point:SP_1427,Commerce,5
2346057,19:03:00,19:03:10,stop_point:SP_1451,Occitanie,6
2346057,19:04:00,19:04:10,stop_point:SP_2980,Stade,7
2346057,19:05:00,19:05:10,stop_point:SP_3234,Bd de l'Europe,8
2346057,19:06:00,19:06:10,stop_point:SP_2173,Ctre Cial Portet - Entrée 1,9
2346057,19:07:00,19:07:10,stop_point:SP_1454,Palanques,10
2346057,19:08:00,19:08:10,stop_point:SP_4410,Ctre Cial Portet - Entrée 5,11
2346057,19:09:00,19:09:10,stop_point:SP_2564,Ecole Récébédou,12
2346057,19:09:00,19:09:10,stop_point:SP_795,Claire Fontaine,13
2346057,19:10:00,19:10:10,stop_point:SP_415,Frênes,14
2346057,19:11:00,19:11:10,stop_point:SP_4940,Clairfont,15
2346057,19:13:00,19:13:10,stop_point:SP_320,Larrieu,16
2346057,19:14:00,19:14:10,stop_point:SP_4906,Joulin,17
2346057,19:14:00,19:14:10,stop_point:SP_3681,Route d'Espagne,18
2346057,19:15:00,19:15:10,stop_point:SP_2892,IUC,19
2346057,19:15:00,19:15:10,stop_point:SP_5096,Oncopole - Lise Enjalbert,20
2346057,19:16:00,19:16:10,stop_point:SP_2663,Oncopole Courrière,21
2346057,19:17:00,19:17:10,stop_point:SP_116,Maison Commune,22
2346057,19:18:00,19:18:10,stop_point:SP_1334,Hubert Curien,23
2346057,19:19:00,19:19:10,stop_point:SP_1973,Marchant,24
2346057,19:20:00,19:20:10,stop_point:SP_3988,Gironis - Mémorial AZF,25
2346057,19:21:00,19:21:10,stop_point:SP_3430,Rond-Point Langlade,26
2346057,19:23:00,19:23:10,stop_point:SP_657,Langlade,27
2346057,19:24:00,19:24:10,stop_point:SP_1579,Gallieni,28
2346057,19:25:00,19:25:10,stop_point:SP_1859,Penent,29
2346057,19:26:00,19:26:10,stop_point:SP_3122,Barrière de Muret,30
2346057,19:28:00,19:28:10,stop_point:SP_3422,Roc,31
2346057,19:29:00,19:29:10,stop_point:SP_1188,Croix de Pierre,32
2346057,19:30:00,19:30:10,stop_point:SP_58,Stadium Ouest,33
2346057,19:31:00,19:31:10,stop_point:SP_3098,Stadium Est,34
2346057,19:34:00,19:34:10,stop_point:SP_461,Empalot,35
2346058,19:11:00,19:11:10,stop_point:SP_4521,Portet Gare SNCF,1
2346058,19:13:00,19:13:10,stop_point:SP_4529,Jean Jaurès,2
2346058,19:14:00,19:14:10,stop_point:SP_4773,Désiré,3
2346058,19:15:00,19:15:10,stop_point:SP_70,Eglise de Portet,4
2346058,19:16:00,19:16:10,stop_point:SP_1427,Commerce,5
2346058,19:17:00,19:17:10,stop_point:SP_1451,Occitanie,6
2346058,19:18:00,19:18:10,stop_point:SP_2980,Stade,7
2346058,19:19:00,19:19:10,stop_point:SP_3234,Bd de l'Europe,8
2346058,19:20:00,19:20:10,stop_point:SP_2173,Ctre Cial Portet - Entrée 1,9
2346058,19:21:00,19:21:10,stop_point:SP_1454,Palanques,10
2346058,19:22:00,19:22:10,stop_point:SP_4410,Ctre Cial Portet - Entrée 5,11
2346058,19:23:00,19:23:10,stop_point:SP_2564,Ecole Récébédou,12
2346058,19:23:00,19:23:10,stop_point:SP_795,Claire Fontaine,13
2346058,19:24:00,19:24:10,stop_point:SP_415,Frênes,14
2346058,19:25:00,19:25:10,stop_point:SP_4940,Clairfont,15
2346058,19:27:00,19:27:10,stop_point:SP_320,Larrieu,16
2346058,19:28:00,19:28:10,stop_point:SP_4906,Joulin,17
2346058,19:28:00,19:28:10,stop_point:SP_3681,Route d'Espagne,18
2346058,19:29:00,19:29:10,stop_point:SP_2892,IUC,19
2346058,19:29:00,19:29:10,stop_point:SP_5096,Oncopole - Lise Enjalbert,20
2346058,19:30:00,19:30:10,stop_point:SP_2663,Oncopole Courrière,21
2346058,19:31:00,19:31:10,stop_point:SP_116,Maison Commune,22
2346058,19:32:00,19:32:10,stop_point:SP_1334,Hubert Curien,23
2346058,19:33:00,19:33:10,stop_point:SP_1973,Marchant,24
2346058,19:34:00,19:34:10,stop_point:SP_3988,Gironis - Mémorial AZF,25
2346058,19:35:00,19:35:10,stop_point:SP_3430,Rond-Point Langlade,26
2346058,19:37:00,19:37:10,stop_point:SP_657,Langlade,27
2346058,19:37:00,19:37:10,stop_point:SP_1579,Gallieni,28
2346058,19:38:00,19:38:10,stop_point:SP_1859,Penent,29
2346058,19:39:00,19:39:10,stop_point:SP_3122,Barrière de Muret,30
2346058,19:40:00,19:40:10,stop_point:SP_3422,Roc,31
2346058,19:41:00,19:41:10,stop_point:SP_1188,Croix de Pierre,32
2346058,19:42:00,19:42:10,stop_point:SP_58,Stadium Ouest,33
2346058,19:43:00,19:43:10,stop_point:SP_3098,Stadium Est,34
2346058,19:46:00,19:46:10,stop_point:SP_461,Empalot,35
2346059,19:26:00,19:26:10,stop_point:SP_4521,Portet Gare SNCF,1
2346059,19:28:00,19:28:10,stop_point:SP_4529,Jean Jaurès,2
2346059,19:29:00,19:29:10,stop_point:SP_4773,Désiré,3
2346059,19:30:00,19:30:10,stop_point:SP_70,Eglise de Portet,4
2346059,19:31:00,19:31:10,stop_point:SP_1427,Commerce,5
2346059,19:32:00,19:32:10,stop_point:SP_1451,Occitanie,6
2346059,19:33:00,19:33:10,stop_point:SP_2980,Stade,7
2346059,19:34:00,19:34:10,stop_point:SP_3234,Bd de l'Europe,8
2346059,19:35:00,19:35:10,stop_point:SP_2173,Ctre Cial Portet - Entrée 1,9
2346059,19:36:00,19:36:10,stop_point:SP_1454,Palanques,10
2346059,19:37:00,19:37:10,stop_point:SP_4410,Ctre Cial Portet - Entrée 5,11
2346059,19:38:00,19:38:10,stop_point:SP_2564,Ecole Récébédou,12
2346059,19:38:00,19:38:10,stop_point:SP_795,Claire Fontaine,13
2346059,19:39:00,19:39:10,stop_point:SP_415,Frênes,14
2346059,19:40:00,19:40:10,stop_point:SP_4940,Clairfont,15
2346059,19:42:00,19:42:10,stop_point:SP_320,Larrieu,16
2346059,19:43:00,19:43:10,stop_point:SP_4906,Joulin,17
2346059,19:43:00,19:43:10,stop_point:SP_3681,Route d'Espagne,18
2346059,19:44:00,19:44:10,stop_point:SP_2892,IUC,19
2346059,19:44:00,19:44:10,stop_point:SP_5096,Oncopole - Lise Enjalbert,20
2346059,19:45:00,19:45:10,stop_point:SP_2663,Oncopole Courrière,21
2346059,19:46:00,19:46:10,stop_point:SP_116,Maison Commune,22
2346059,19:47:00,19:47:10,stop_point:SP_1334,Hubert Curien,23
2346059,19:48:00,19:48:10,stop_point:SP_1973,Marchant,24
2346059,19:49:00,19:49:10,stop_point:SP_3988,Gironis - Mémorial AZF,25
2346059,19:50:00,19:50:10,stop_point:SP_3430,Rond-Point Langlade,26
2346059,19:52:00,19:52:10,stop_point:SP_657,Langlade,27
2346059,19:52:00,19:52:10,stop_point:SP_1579,Gallieni,28
2346059,19:53:00,19:53:10,stop_point:SP_1859,Penent,29
2346059,19:54:00,19:54:10,stop_point:SP_3122,Barrière de Muret,30
2346059,19:55:00,19:55:10,stop_point:SP_3422,Roc,31
2346059,19:56:00,19:56:10,stop_point:SP_1188,Croix de Pierre,32
2346059,19:57:00,19:57:10,stop_point:SP_58,Stadium Ouest,33
2346059,19:58:00,19:58:10,stop_point:SP_3098,Stadium Est,34
2346059,20:01:00,20:01:10,stop_point:SP_461,Empalot,35
2346060,19:41:00,19:41:10,stop_point:SP_4521,Portet Gare SNCF,1
2346060,19:43:00,19:43:10,stop_point:SP_4529,Jean Jaurès,2
2346060,19:44:00,19:44:10,stop_point:SP_4773,Désiré,3
2346060,19:45:00,19:45:10,stop_point:SP_70,Eglise de Portet,4
2346060,19:46:00,19:46:10,stop_point:SP_1427,Commerce,5
2346060,19:47:00,19:47:10,stop_point:SP_1451,Occitanie,6
2346060,19:48:00,19:48:10,stop_point:SP_2980,Stade,7
2346060,19:49:00,19:49:10,stop_point:SP_3234,Bd de l'Europe,8
2346060,19:50:00,19:50:10,stop_point:SP_2173,Ctre Cial Portet - Entrée 1,9
2346060,19:51:00,19:51:10,stop_point:SP_1454,Palanques,10
2346060,19:52:00,19:52:10,stop_point:SP_4410,Ctre Cial Portet - Entrée 5,11
2346060,19:53:00,19:53:10,stop_point:SP_2564,Ecole Récébédou,12
2346060,19:53:00,19:53:10,stop_point:SP_795,Claire Fontaine,13
2346060,19:54:00,19:54:10,stop_point:SP_415,Frênes,14
2346060,19:55:00,19:55:10,stop_point:SP_4940,Clairfont,15
2346060,19:57:00,19:57:10,stop_point:SP_320,Larrieu,16
2346060,19:58:00,19:58:10,stop_point:SP_4906,Joulin,17
2346060,19:58:00,19:58:10,stop_point:SP_3681,Route d'Espagne,18
2346060,19:59:00,19:59:10,stop_point:SP_2892,IUC,19
2346060,19:59:00,19:59:10,stop_point:SP_5096,Oncopole - Lise Enjalbert,20
2346060,20:00:00,20:00:10,stop_point:SP_2663,Oncopole Courrière,21
2346060,20:01:00,20:01:10,stop_point:SP_116,Maison Commune,22
2346060,20:02:00,20:02:10,stop_point:SP_1334,Hubert Curien,23
2346060,20:03:00,20:03:10,stop_point:SP_1973,Marchant,24
2346060,20:04:00,20:04:10,stop_point:SP_3988,Gironis - Mémorial AZF,25
2346060,20:05:00,20:05:10,stop_point:SP_3430,Rond-Point Langlade,26
2346060,20:07:00,20:07:10,stop_point:SP_657,Langlade,27
2346060,20:07:00,20:07:10,stop_point:SP_1579,Gallieni,28
2346060,20:08:00,20:08:10,stop_point:SP_1859,Penent,29
2346060,20:09:00,20:09:10,stop_point:SP_3122,Barrière de Muret,30
2346060,20:10:00,20:10:10,stop_point:SP_3422,Roc,31
2346060,20:11:00,20:11:10,stop_point:SP_1188,Croix de Pierre,32
2346060,20:12:00,20:12:10,stop_point:SP_58,Stadium Ouest,33
2346060,20:13:00,20:13:10,stop_point:SP_3098,Stadium Est,34
2346060,20:16:00,20:16:10,stop_point:SP_461,Empalot,35
2346061,19:56:00,19:56:10,stop_point:SP_4521,Portet Gare SNCF,1
2346061,19:58:00,19:58:10,stop_point:SP_4529,Jean Jaurès,2
2346061,19:59:00,19:59:10,stop_point:SP_4773,Désiré,3
2346061,20:00:00,20:00:10,stop_point:SP_70,Eglise de Portet,4
2346061,20:01:00,20:01:10,stop_point:SP_1427,Commerce,5
2346061,20:02:00,20:02:10,stop_point:SP_1451,Occitanie,6
2346061,20:03:00,20:03:10,stop_point:SP_2980,Stade,7
2346061,20:04:00,20:04:10,stop_point:SP_3234,Bd de l'Europe,8
2346061,20:05:00,20:05:10,stop_point:SP_2173,Ctre Cial Portet - Entrée 1,9
2346061,20:06:00,20:06:10,stop_point:SP_1454,Palanques,10
2346061,20:07:00,20:07:10,stop_point:SP_4410,Ctre Cial Portet - Entrée 5,11
2346061,20:08:00,20:08:10,stop_point:SP_2564,Ecole Récébédou,12
2346061,20:08:00,20:08:10,stop_point:SP_795,Claire Fontaine,13
2346061,20:09:00,20:09:10,stop_point:SP_415,Frênes,14
2346061,20:10:00,20:10:10,stop_point:SP_4940,Clairfont,15
2346061,20:12:00,20:12:10,stop_point:SP_320,Larrieu,16
2346061,20:13:00,20:13:10,stop_point:SP_4906,Joulin,17
2346061,20:13:00,20:13:10,stop_point:SP_3681,Route d'Espagne,18
2346061,20:14:00,20:14:10,stop_point:SP_2892,IUC,19
2346061,20:14:00,20:14:10,stop_point:SP_5096,Oncopole - Lise Enjalbert,20
2346061,20:15:00,20:15:10,stop_point:SP_2663,Oncopole Courrière,21
2346061,20:16:00,20:16:10,stop_point:SP_116,Maison Commune,22
2346061,20:17:00,20:17:10,stop_point:SP_1334,Hubert Curien,23
2346061,20:18:00,20:18:10,stop_point:SP_1973,Marchant,24
2346061,20:19:00,20:19:10,stop_point:SP_3988,Gironis - Mémorial AZF,25
2346061,20:20:00,20:20:10,stop_point:SP_3430,Rond-Point Langlade,26
2346061,20:22:00,20:22:10,stop_point:SP_657,Langlade,27
2346061,20:22:00,20:22:10,stop_point:SP_1579,Gallieni,28
2346061,20:23:00,20:23:10,stop_point:SP_1859,Penent,29
2346061,20:24:00,20:24:10,stop_point:SP_3122,Barrière de Muret,30
2346061,20:25:00,20:25:10,stop_point:SP_3422,Roc,31
2346061,20:26:00,20:26:10,stop_point:SP_1188,Croix de Pierre,32
2346061,20:27:00,20:27:10,stop_point:SP_58,Stadium Ouest,33
2346061,20:28:00,20:28:10,stop_point:SP_3098,Stadium Est,34
2346061,20:31:00,20:31:10,stop_point:SP_461,Empalot,35
2346062,20:12:00,20:12:10,stop_point:SP_4521,Portet Gare SNCF,1
2346062,20:14:00,20:14:10,stop_point:SP_4529,Jean Jaurès,2
2346062,20:15:00,20:15:10,stop_point:SP_4773,Désiré,3
2346062,20:16:00,20:16:10,stop_point:SP_70,Eglise de Portet,4
2346062,20:17:00,20:17:10,stop_point:SP_1427,Commerce,5
2346062,20:18:00,20:18:10,stop_point:SP_1451,Occitanie,6
2346062,20:19:00,20:19:10,stop_point:SP_2980,Stade,7
2346062,20:20:00,20:20:10,stop_point:SP_3234,Bd de l'Europe,8
2346062,20:21:00,20:21:10,stop_point:SP_2173,Ctre Cial Portet - Entrée 1,9
2346062,20:22:00,20:22:10,stop_point:SP_1454,Palanques,10
2346062,20:23:00,20:23:10,stop_point:SP_4410,Ctre Cial Portet - Entrée 5,11
2346062,20:24:00,20:24:10,stop_point:SP_2564,Ecole Récébédou,12
2346062,20:24:00,20:24:10,stop_point:SP_795,Claire Fontaine,13
2346062,20:25:00,20:25:10,stop_point:SP_415,Frênes,14
2346062,20:26:00,20:26:10,stop_point:SP_4940,Clairfont,15
2346062,20:28:00,20:28:10,stop_point:SP_320,Larrieu,16
2346062,20:29:00,20:29:10,stop_point:SP_4906,Joulin,17
2346062,20:29:00,20:29:10,stop_point:SP_3681,Route d'Espagne,18
2346062,20:30:00,20:30:10,stop_point:SP_2892,IUC,19
2346062,20:30:00,20:30:10,stop_point:SP_5096,Oncopole - Lise Enjalbert,20
2346062,20:31:00,20:31:10,stop_point:SP_2663,Oncopole Courrière,21
2346062,20:32:00,20:32:10,stop_point:SP_116,Maison Commune,22
2346062,20:32:00,20:32:10,stop_point:SP_1334,Hubert Curien,23
2346062,20:33:00,20:33:10,stop_point:SP_1973,Marchant,24
2346062,20:34:00,20:34:10,stop_point:SP_3988,Gironis - Mémorial AZF,25
2346062,20:35:00,20:35:10,stop_point:SP_3430,Rond-Point Langlade,26
2346062,20:37:00,20:37:10,stop_point:SP_657,Langlade,27
2346062,20:37:00,20:37:10,stop_point:SP_1579,Gallieni,28
2346062,20:38:00,20:38:10,stop_point:SP_1859,Penent,29
2346062,20:39:00,20:39:10,stop_point:SP_3122,Barrière de Muret,30
2346062,20:40:00,20:40:10,stop_point:SP_3422,Roc,31
2346062,20:41:00,20:41:10,stop_point:SP_1188,Croix de Pierre,32
2346062,20:42:00,20:42:10,stop_point:SP_58,Stadium Ouest,33
2346062,20:43:00,20:43:10,stop_point:SP_3098,Stadium Est,34
2346062,20:46:00,20:46:10,stop_point:SP_461,Empalot,35
2346063,20:29:00,20:29:10,stop_point:SP_4521,Portet Gare SNCF,1
2346063,20:31:00,20:31:10,stop_point:SP_4529,Jean Jaurès,2
2346063,20:32:00,20:32:10,stop_point:SP_4773,Désiré,3
2346063,20:33:00,20:33:10,stop_point:SP_70,Eglise de Portet,4
2346063,20:34:00,20:34:10,stop_point:SP_1427,Commerce,5
2346063,20:35:00,20:35:10,stop_point:SP_1451,Occitanie,6
2346063,20:36:00,20:36:10,stop_point:SP_2980,Stade,7
2346063,20:37:00,20:37:10,stop_point:SP_3234,Bd de l'Europe,8
2346063,20:38:00,20:38:10,stop_point:SP_2173,Ctre Cial Portet - Entrée 1,9
2346063,20:39:00,20:39:10,stop_point:SP_1454,Palanques,10
2346063,20:40:00,20:40:10,stop_point:SP_4410,Ctre Cial Portet - Entrée 5,11
2346063,20:41:00,20:41:10,stop_point:SP_2564,Ecole Récébédou,12
2346063,20:41:00,20:41:10,stop_point:SP_795,Claire Fontaine,13
2346063,20:42:00,20:42:10,stop_point:SP_415,Frênes,14
2346063,20:43:00,20:43:10,stop_point:SP_4940,Clairfont,15
2346063,20:45:00,20:45:10,stop_point:SP_320,Larrieu,16
2346063,20:46:00,20:46:10,stop_point:SP_4906,Joulin,17
2346063,20:46:00,20:46:10,stop_point:SP_3681,Route d'Espagne,18
2346063,20:47:00,20:47:10,stop_point:SP_2892,IUC,19
2346063,20:47:00,20:47:10,stop_point:SP_5096,Oncopole - Lise Enjalbert,20
2346063,20:48:00,20:48:10,stop_point:SP_2663,Oncopole Courrière,21
2346063,20:49:00,20:49:10,stop_point:SP_116,Maison Commune,22
2346063,20:49:00,20:49:10,stop_point:SP_1334,Hubert Curien,23
2346063,20:50:00,20:50:10,stop_point:SP_1973,Marchant,24
2346063,20:51:00,20:51:10,stop_point:SP_3988,Gironis - Mémorial AZF,25
2346063,20:52:00,20:52:10,stop_point:SP_3430,Rond-Point Langlade,26
2346063,20:54:00,20:54:10,stop_point:SP_657,Langlade,27
2346063,20:54:00,20:54:10,stop_point:SP_1579,Gallieni,28
2346063,20:55:00,20:55:10,stop_point:SP_1859,Penent,29
2346063,20:56:00,20:56:10,stop_point:SP_3122,Barrière de Muret,30
2346063,20:57:00,20:57:10,stop_point:SP_3422,Roc,31
2346063,20:58:00,20:58:10,stop_point:SP_1188,Croix de Pierre,32
2346063,20:59:00,20:59:10,stop_point:SP_58,Stadium Ouest,33
2346063,21:00:00,21:00:10,stop_point:SP_3098,Stadium Est,34
2346063,21:03:00,21:03:10,stop_point:SP_461,Empalot,35
2346064,20:54:00,20:54:10,stop_point:SP_4521,Portet Gare SNCF,1
2346064,20:56:00,20:56:10,stop_point:SP_4529,Jean Jaurès,2
2346064,20:57:00,20:57:10,stop_point:SP_4773,Désiré,3
2346064,20:58:00,20:58:10,stop_point:SP_70,Eglise de Portet,4
2346064,20:59:00,20:59:10,stop_point:SP_1427,Commerce,5
2346064,21:00:00,21:00:10,stop_point:SP_1451,Occitanie,6
2346064,21:01:00,21:01:10,stop_point:SP_2980,Stade,7
2346064,21:02:00,21:02:10,stop_point:SP_3234,Bd de l'Europe,8
2346064,21:03:00,21:03:10,stop_point:SP_2173,Ctre Cial Portet - Entrée 1,9
2346064,21:04:00,21:04:10,stop_point:SP_1454,Palanques,10
2346064,21:05:00,21:05:10,stop_point:SP_4410,Ctre Cial Portet - Entrée 5,11
2346064,21:06:00,21:06:10,stop_point:SP_2564,Ecole Récébédou,12
2346064,21:06:00,21:06:10,stop_point:SP_795,Claire Fontaine,13
2346064,21:07:00,21:07:10,stop_point:SP_415,Frênes,14
2346064,21:08:00,21:08:10,stop_point:SP_4940,Clairfont,15
2346064,21:10:00,21:10:10,stop_point:SP_320,Larrieu,16
2346064,21:11:00,21:11:10,stop_point:SP_4906,Joulin,17
2346064,21:11:00,21:11:10,stop_point:SP_3681,Route d'Espagne,18
2346064,21:12:00,21:12:10,stop_point:SP_2892,IUC,19
2346064,21:12:00,21:12:10,stop_point:SP_5096,Oncopole - Lise Enjalbert,20
2346064,21:13:00,21:13:10,stop_point:SP_2663,Oncopole Courrière,21
2346064,21:13:00,21:13:10,stop_point:SP_116,Maison Commune,22
2346064,21:14:00,21:14:10,stop_point:SP_1334,Hubert Curien,23
2346064,21:15:00,21:15:10,stop_point:SP_1973,Marchant,24
2346064,21:15:00,21:15:10,stop_point:SP_3988,Gironis - Mémorial AZF,25
2346064,21:16:00,21:16:10,stop_point:SP_3430,Rond-Point Langlade,26
2346064,21:18:00,21:18:10,stop_point:SP_657,Langlade,27
2346064,21:18:00,21:18:10,stop_point:SP_1579,Gallieni,28
2346064,21:19:00,21:19:10,stop_point:SP_1859,Penent,29
2346064,21:20:00,21:20:10,stop_point:SP_3122,Barrière de Muret,30
2346064,21:21:00,21:21:10,stop_point:SP_3422,Roc,31
2346064,21:22:00,21:22:10,stop_point:SP_1188,Croix de Pierre,32
2346064,21:23:00,21:23:10,stop_point:SP_58,Stadium Ouest,33
2346064,21:24:00,21:24:10,stop_point:SP_3098,Stadium Est,34
2346064,21:27:00,21:27:10,stop_point:SP_461,Empalot,35
2346065,21:19:00,21:19:10,stop_point:SP_4521,Portet Gare SNCF,1
2346065,21:21:00,21:21:10,stop_point:SP_4529,Jean Jaurès,2
2346065,21:22:00,21:22:10,stop_point:SP_4773,Désiré,3
2346065,21:23:00,21:23:10,stop_point:SP_70,Eglise de Portet,4
2346065,21:24:00,21:24:10,stop_point:SP_1427,Commerce,5
2346065,21:25:00,21:25:10,stop_point:SP_1451,Occitanie,6
2346065,21:26:00,21:26:10,stop_point:SP_2980,Stade,7
2346065,21:27:00,21:27:10,stop_point:SP_3234,Bd de l'Europe,8
2346065,21:28:00,21:28:10,stop_point:SP_2173,Ctre Cial Portet - Entrée 1,9
2346065,21:29:00,21:29:10,stop_point:SP_1454,Palanques,10
2346065,21:30:00,21:30:10,stop_point:SP_4410,Ctre Cial Portet - Entrée 5,11
2346065,21:31:00,21:31:10,stop_point:SP_2564,Ecole Récébédou,12
2346065,21:31:00,21:31:10,stop_point:SP_795,Claire Fontaine,13
2346065,21:32:00,21:32:10,stop_point:SP_415,Frênes,14
2346065,21:33:00,21:33:10,stop_point:SP_4940,Clairfont,15
2346065,21:35:00,21:35:10,stop_point:SP_320,Larrieu,16
2346065,21:36:00,21:36:10,stop_point:SP_4906,Joulin,17
2346065,21:36:00,21:36:10,stop_point:SP_3681,Route d'Espagne,18
2346065,21:37:00,21:37:10,stop_point:SP_2892,IUC,19
2346065,21:37:00,21:37:10,stop_point:SP_5096,Oncopole - Lise Enjalbert,20
2346065,21:38:00,21:38:10,stop_point:SP_2663,Oncopole Courrière,21
2346065,21:38:00,21:38:10,stop_point:SP_116,Maison Commune,22
2346065,21:39:00,21:39:10,stop_point:SP_1334,Hubert Curien,23
2346065,21:40:00,21:40:10,stop_point:SP_1973,Marchant,24
2346065,21:40:00,21:40:10,stop_point:SP_3988,Gironis - Mémorial AZF,25
2346065,21:41:00,21:41:10,stop_point:SP_3430,Rond-Point Langlade,26
2346065,21:43:00,21:43:10,stop_point:SP_657,Langlade,27
2346065,21:43:00,21:43:10,stop_point:SP_1579,Gallieni,28
2346065,21:44:00,21:44:10,stop_point:SP_1859,Penent,29
2346065,21:45:00,21:45:10,stop_point:SP_3122,Barrière de Muret,30
2346065,21:46:00,21:46:10,stop_point:SP_3422,Roc,31
2346065,21:47:00,21:47:10,stop_point:SP_1188,Croix de Pierre,32
2346065,21:48:00,21:48:10,stop_point:SP_58,Stadium Ouest,33
2346065,21:49:00,21:49:10,stop_point:SP_3098,Stadium Est,34
2346065,21:52:00,21:52:10,stop_point:SP_461,Empalot,35
2346066,21:45:00,21:45:10,stop_point:SP_4521,Portet Gare SNCF,1
2346066,21:47:00,21:47:10,stop_point:SP_4529,Jean Jaurès,2
2346066,21:48:00,21:48:10,stop_point:SP_4773,Désiré,3
2346066,21:49:00,21:49:10,stop_point:SP_70,Eglise de Portet,4
2346066,21:50:00,21:50:10,stop_point:SP_1427,Commerce,5
2346066,21:51:00,21:51:10,stop_point:SP_1451,Occitanie,6
2346066,21:52:00,21:52:10,stop_point:SP_2980,Stade,7
2346066,21:53:00,21:53:10,stop_point:SP_3234,Bd de l'Europe,8
2346066,21:54:00,21:54:10,stop_point:SP_2173,Ctre Cial Portet - Entrée 1,9
2346066,21:55:00,21:55:10,stop_point:SP_1454,Palanques,10
2346066,21:56:00,21:56:10,stop_point:SP_4410,Ctre Cial Portet - Entrée 5,11
2346066,21:57:00,21:57:10,stop_point:SP_2564,Ecole Récébédou,12
2346066,21:57:00,21:57:10,stop_point:SP_795,Claire Fontaine,13
2346066,21:58:00,21:58:10,stop_point:SP_415,Frênes,14
2346066,21:59:00,21:59:10,stop_point:SP_4940,Clairfont,15
2346066,22:01:00,22:01:10,stop_point:SP_320,Larrieu,16
2346066,22:02:00,22:02:10,stop_point:SP_4906,Joulin,17
2346066,22:02:00,22:02:10,stop_point:SP_3681,Route d'Espagne,18
2346066,22:03:00,22:03:10,stop_point:SP_2892,IUC,19
2346066,22:03:00,22:03:10,stop_point:SP_5096,Oncopole - Lise Enjalbert,20
2346066,22:04:00,22:04:10,stop_point:SP_2663,Oncopole Courrière,21
2346066,22:04:00,22:04:10,stop_point:SP_116,Maison Commune,22
2346066,22:05:00,22:05:10,stop_point:SP_1334,Hubert Curien,23
2346066,22:06:00,22:06:10,stop_point:SP_1973,Marchant,24
2346066,22:06:00,22:06:10,stop_point:SP_3988,Gironis - Mémorial AZF,25
2346066,22:07:00,22:07:10,stop_point:SP_3430,Rond-Point Langlade,26
2346066,22:08:00,22:08:10,stop_point:SP_657,Langlade,27
2346066,22:09:00,22:09:10,stop_point:SP_1579,Gallieni,28
2346066,22:10:00,22:10:10,stop_point:SP_1859,Penent,29
2346066,22:10:00,22:10:10,stop_point:SP_3122,Barrière de Muret,30
2346066,22:11:00,22:11:10,stop_point:SP_3422,Roc,31
2346066,22:12:00,22:12:10,stop_point:SP_1188,Croix de Pierre,32
2346066,22:13:00,22:13:10,stop_point:SP_58,Stadium Ouest,33
2346066,22:14:00,22:14:10,stop_point:SP_3098,Stadium Est,34
2346066,22:17:00,22:17:10,stop_point:SP_461,Empalot,35
2346067,22:15:00,22:15:10,stop_point:SP_4521,Portet Gare SNCF,1
2346067,22:17:00,22:17:10,stop_point:SP_4529,Jean Jaurès,2
2346067,22:18:00,22:18:10,stop_point:SP_4773,Désiré,3
2346067,22:19:00,22:19:10,stop_point:SP_70,Eglise de Portet,4
2346067,22:20:00,22:20:10,stop_point:SP_1427,Commerce,5
2346067,22:20:00,22:20:10,stop_point:SP_1451,Occitanie,6
2346067,22:21:00,22:21:10,stop_point:SP_2980,Stade,7
2346067,22:22:00,22:22:10,stop_point:SP_3234,Bd de l'Europe,8
2346067,22:23:00,22:23:10,stop_point:SP_2173,Ctre Cial Portet - Entrée 1,9
2346067,22:24:00,22:24:10,stop_point:SP_1454,Palanques,10
2346067,22:25:00,22:25:10,stop_point:SP_4410,Ctre Cial Portet - Entrée 5,11
2346067,22:26:00,22:26:10,stop_point:SP_2564,Ecole Récébédou,12
2346067,22:26:00,22:26:10,stop_point:SP_795,Claire Fontaine,13
2346067,22:27:00,22:27:10,stop_point:SP_415,Frênes,14
2346067,22:28:00,22:28:10,stop_point:SP_4940,Clairfont,15
2346067,22:30:00,22:30:10,stop_point:SP_320,Larrieu,16
2346067,22:31:00,22:31:10,stop_point:SP_4906,Joulin,17
2346067,22:31:00,22:31:10,stop_point:SP_3681,Route d'Espagne,18
2346067,22:32:00,22:32:10,stop_point:SP_2892,IUC,19
2346067,22:32:00,22:32:10,stop_point:SP_5096,Oncopole - Lise Enjalbert,20
2346067,22:33:00,22:33:10,stop_point:SP_2663,Oncopole Courrière,21
2346067,22:33:00,22:33:10,stop_point:SP_116,Maison Commune,22
2346067,22:34:00,22:34:10,stop_point:SP_1334,Hubert Curien,23
2346067,22:35:00,22:35:10,stop_point:SP_1973,Marchant,24
2346067,22:35:00,22:35:10,stop_point:SP_3988,Gironis - Mémorial AZF,25
2346067,22:36:00,22:36:10,stop_point:SP_3430,Rond-Point Langlade,26
2346067,22:37:00,22:37:10,stop_point:SP_657,Langlade,27
2346067,22:38:00,22:38:10,stop_point:SP_1579,Gallieni,28
2346067,22:39:00,22:39:10,stop_point:SP_1859,Penent,29
2346067,22:39:00,22:39:10,stop_point:SP_3122,Barrière de Muret,30
2346067,22:40:00,22:40:10,stop_point:SP_3422,Roc,31
2346067,22:41:00,22:41:10,stop_point:SP_1188,Croix de Pierre,32
2346067,22:42:00,22:42:10,stop_point:SP_58,Stadium Ouest,33
2346067,22:43:00,22:43:10,stop_point:SP_3098,Stadium Est,34
2346067,22:45:00,22:45:10,stop_point:SP_461,Empalot,35
2346068,22:45:00,22:45:10,stop_point:SP_4521,Portet Gare SNCF,1
2346068,22:47:00,22:47:10,stop_point:SP_4529,Jean Jaurès,2
2346068,22:48:00,22:48:10,stop_point:SP_4773,Désiré,3
2346068,22:49:00,22:49:10,stop_point:SP_70,Eglise de Portet,4
2346068,22:50:00,22:50:10,stop_point:SP_1427,Commerce,5
2346068,22:50:00,22:50:10,stop_point:SP_1451,Occitanie,6
2346068,22:51:00,22:51:10,stop_point:SP_2980,Stade,7
2346068,22:52:00,22:52:10,stop_point:SP_3234,Bd de l'Europe,8
2346068,22:53:00,22:53:10,stop_point:SP_2173,Ctre Cial Portet - Entrée 1,9
2346068,22:54:00,22:54:10,stop_point:SP_1454,Palanques,10
2346068,22:55:00,22:55:10,stop_point:SP_4410,Ctre Cial Portet - Entrée 5,11
2346068,22:56:00,22:56:10,stop_point:SP_2564,Ecole Récébédou,12
2346068,22:56:00,22:56:10,stop_point:SP_795,Claire Fontaine,13
2346068,22:57:00,22:57:10,stop_point:SP_415,Frênes,14
2346068,22:58:00,22:58:10,stop_point:SP_4940,Clairfont,15
2346068,23:00:00,23:00:10,stop_point:SP_320,Larrieu,16
2346068,23:01:00,23:01:10,stop_point:SP_4906,Joulin,17
2346068,23:01:00,23:01:10,stop_point:SP_3681,Route d'Espagne,18
2346068,23:02:00,23:02:10,stop_point:SP_2892,IUC,19
2346068,23:02:00,23:02:10,stop_point:SP_5096,Oncopole - Lise Enjalbert,20
2346068,23:03:00,23:03:10,stop_point:SP_2663,Oncopole Courrière,21
2346068,23:03:00,23:03:10,stop_point:SP_116,Maison Commune,22
2346068,23:04:00,23:04:10,stop_point:SP_1334,Hubert Curien,23
2346068,23:05:00,23:05:10,stop_point:SP_1973,Marchant,24
2346068,23:05:00,23:05:10,stop_point:SP_3988,Gironis - Mémorial AZF,25
2346068,23:06:00,23:06:10,stop_point:SP_3430,Rond-Point Langlade,26
2346068,23:07:00,23:07:10,stop_point:SP_657,Langlade,27
2346068,23:08:00,23:08:10,stop_point:SP_1579,Gallieni,28
2346068,23:09:00,23:09:10,stop_point:SP_1859,Penent,29
2346068,23:09:00,23:09:10,stop_point:SP_3122,Barrière de Muret,30
2346068,23:10:00,23:10:10,stop_point:SP_3422,Roc,31
2346068,23:11:00,23:11:10,stop_point:SP_1188,Croix de Pierre,32
2346068,23:12:00,23:12:10,stop_point:SP_58,Stadium Ouest,33
2346068,23:13:00,23:13:10,stop_point:SP_3098,Stadium Est,34
2346068,23:15:00,23:15:10,stop_point:SP_461,Empalot,35
2346069,23:15:00,23:15:10,stop_point:SP_4521,Portet Gare SNCF,1
2346069,23:17:00,23:17:10,stop_point:SP_4529,Jean Jaurès,2
2346069,23:18:00,23:18:10,stop_point:SP_4773,Désiré,3
2346069,23:19:00,23:19:10,stop_point:SP_70,Eglise de Portet,4
2346069,23:20:00,23:20:10,stop_point:SP_1427,Commerce,5
2346069,23:20:00,23:20:10,stop_point:SP_1451,Occitanie,6
2346069,23:21:00,23:21:10,stop_point:SP_2980,Stade,7
2346069,23:22:00,23:22:10,stop_point:SP_3234,Bd de l'Europe,8
2346069,23:23:00,23:23:10,stop_point:SP_2173,Ctre Cial Portet - Entrée 1,9
2346069,23:24:00,23:24:10,stop_point:SP_1454,Palanques,10
2346069,23:25:00,23:25:10,stop_point:SP_4410,Ctre Cial Portet - Entrée 5,11
2346069,23:26:00,23:26:10,stop_point:SP_2564,Ecole Récébédou,12
2346069,23:26:00,23:26:10,stop_point:SP_795,Claire Fontaine,13
2346069,23:27:00,23:27:10,stop_point:SP_415,Frênes,14
2346069,23:28:00,23:28:10,stop_point:SP_4940,Clairfont,15
2346069,23:30:00,23:30:10,stop_point:SP_320,Larrieu,16
2346069,23:31:00,23:31:10,stop_point:SP_4906,Joulin,17
2346069,23:31:00,23:31:10,stop_point:SP_3681,Route d'Espagne,18
2346069,23:32:00,23:32:10,stop_point:SP_2892,IUC,19
2346069,23:32:00,23:32:10,stop_point:SP_5096,Oncopole - Lise Enjalbert,20
2346069,23:33:00,23:33:10,stop_point:SP_2663,Oncopole Courrière,21
2346069,23:33:00,23:33:10,stop_point:SP_116,Maison Commune,22
2346069,23:34:00,23:34:10,stop_point:SP_1334,Hubert Curien,23
2346069,23:35:00,23:35:10,stop_point:SP_1973,Marchant,24
2346069,23:35:00,23:35:10,stop_point:SP_3988,Gironis - Mémorial AZF,25
2346069,23:36:00,23:36:10,stop_point:SP_3430,Rond-Point Langlade,26
2346069,23:37:00,23:37:10,stop_point:SP_657,Langlade,27
2346069,23:38:00,23:38:10,stop_point:SP_1579,Gallieni,28
2346069,23:39:00,23:39:10,stop_point:SP_1859,Penent,29
2346069,23:39:00,23:39:10,stop_point:SP_3122,Barrière de Muret,30
2346069,23:40:00,23:40:10,stop_point:SP_3422,Roc,31
2346069,23:41:00,23:41:10,stop_point:SP_1188,Croix de Pierre,32
2346069,23:42:00,23:42:10,stop_point:SP_58,Stadium Ouest,33
2346069,23:43:00,23:43:10,stop_point:SP_3098,Stadium Est,34
2346069,23:45:00,23:45:10,stop_point:SP_461,Empalot,35
2346070,23:45:00,23:45:10,stop_point:SP_4521,Portet Gare SNCF,1
2346070,23:47:00,23:47:10,stop_point:SP_4529,Jean Jaurès,2
2346070,23:48:00,23:48:10,stop_point:SP_4773,Désiré,3
2346070,23:49:00,23:49:10,stop_point:SP_70,Eglise de Portet,4
2346070,23:50:00,23:50:10,stop_point:SP_1427,Commerce,5
2346070,23:50:00,23:50:10,stop_point:SP_1451,Occitanie,6
2346070,23:51:00,23:51:10,stop_point:SP_2980,Stade,7
2346070,23:52:00,23:52:10,stop_point:SP_3234,Bd de l'Europe,8
2346070,23:53:00,23:53:10,stop_point:SP_2173,Ctre Cial Portet - Entrée 1,9
2346070,23:54:00,23:54:10,stop_point:SP_1454,Palanques,10
2346070,23:55:00,23:55:10,stop_point:SP_4410,Ctre Cial Portet - Entrée 5,11
2346070,23:56:00,23:56:10,stop_point:SP_2564,Ecole Récébédou,12
2346070,23:56:00,23:56:10,stop_point:SP_795,Claire Fontaine,13
2346070,23:57:00,23:57:10,stop_point:SP_415,Frênes,14
2346070,23:58:00,23:58:10,stop_point:SP_4940,Clairfont,15
2346070,24:00:00,24:00:10,stop_point:SP_320,Larrieu,16
2346070,24:01:00,24:01:10,stop_point:SP_4906,Joulin,17
2346070,24:01:00,24:01:10,stop_point:SP_3681,Route d'Espagne,18
2346070,24:02:00,24:02:10,stop_point:SP_2892,IUC,19
2346070,24:02:00,24:02:10,stop_point:SP_5096,Oncopole - Lise Enjalbert,20
2346070,24:03:00,24:03:10,stop_point:SP_2663,Oncopole Courrière,21
2346070,24:03:00,24:03:10,stop_point:SP_116,Maison Commune,22
2346070,24:04:00,24:04:10,stop_point:SP_1334,Hubert Curien,23
2346070,24:05:00,24:05:10,stop_point:SP_1973,Marchant,24
2346070,24:05:00,24:05:10,stop_point:SP_3988,Gironis - Mémorial AZF,25
2346070,24:06:00,24:06:10,stop_point:SP_3430,Rond-Point Langlade,26
2346070,24:07:00,24:07:10,stop_point:SP_657,Langlade,27
2346070,24:08:00,24:08:10,stop_point:SP_1579,Gallieni,28
2346070,24:09:00,24:09:10,stop_point:SP_1859,Penent,29
2346070,24:09:00,24:09:10,stop_point:SP_3122,Barrière de Muret,30
2346070,24:10:00,24:10:10,stop_point:SP_3422,Roc,31
2346070,24:11:00,24:11:10,stop_point:SP_1188,Croix de Pierre,32
2346070,24:12:00,24:12:10,stop_point:SP_58,Stadium Ouest,33
2346070,24:13:00,24:13:10,stop_point:SP_3098,Stadium Est,34
2346070,24:15:00,24:15:10,stop_point:SP_461,Empalot,35
2346071,24:15:00,24:15:10,stop_point:SP_4521,Portet Gare SNCF,1
2346071,24:17:00,24:17:10,stop_point:SP_4529,Jean Jaurès,2
2346071,24:18:00,24:18:10,stop_point:SP_4773,Désiré,3
2346071,24:19:00,24:19:10,stop_point:SP_70,Eglise de Portet,4
2346071,24:20:00,24:20:10,stop_point:SP_1427,Commerce,5
2346071,24:20:00,24:20:10,stop_point:SP_1451,Occitanie,6
2346071,24:21:00,24:21:10,stop_point:SP_2980,Stade,7
2346071,24:22:00,24:22:10,stop_point:SP_3234,Bd de l'Europe,8
2346071,24:23:00,24:23:10,stop_point:SP_2173,Ctre Cial Portet - Entrée 1,9
2346071,24:24:00,24:24:10,stop_point:SP_1454,Palanques,10
2346071,24:25:00,24:25:10,stop_point:SP_4410,Ctre Cial Portet - Entrée 5,11
2346071,24:26:00,24:26:10,stop_point:SP_2564,Ecole Récébédou,12
2346071,24:26:00,24:26:10,stop_point:SP_795,Claire Fontaine,13
2346071,24:27:00,24:27:10,stop_point:SP_415,Frênes,14
2346071,24:28:00,24:28:10,stop_point:SP_4940,Clairfont,15
2346071,24:30:00,24:30:10,stop_point:SP_320,Larrieu,16
2346071,24:31:00,24:31:10,stop_point:SP_4906,Joulin,17
2346071,24:31:00,24:31:10,stop_point:SP_3681,Route d'Espagne,18
2346071,24:32:00,24:32:10,stop_point:SP_2892,IUC,19
2346071,24:32:00,24:32:10,stop_point:SP_5096,Oncopole - Lise Enjalbert,20
2346071,24:33:00,24:33:10,stop_point:SP_2663,Oncopole Courrière,21
2346071,24:33:00,24:33:10,stop_point:SP_116,Maison Commune,22
2346071,24:33:00,24:33:10,stop_point:SP_1334,Hubert Curien,23
2346071,24:34:00,24:34:10,stop_point:SP_1973,Marchant,24
2346071,24:35:00,24:35:10,stop_point:SP_3988,Gironis - Mémorial AZF,25
2346071,24:35:00,24:35:10,stop_point:SP_3430,Rond-Point Langlade,26
2346071,24:36:00,24:36:10,stop_point:SP_657,Langlade,27
2346071,24:37:00,24:37:10,stop_point:SP_1579,Gallieni,28
2346071,24:38:00,24:38:10,stop_point:SP_1859,Penent,29
2346071,24:38:00,24:38:10,stop_point:SP_3122,Barrière de Muret,30
2346071,24:39:00,24:39:10,stop_point:SP_3422,Roc,31
2346071,24:40:00,24:40:10,stop_point:SP_1188,Croix de Pierre,32
2346071,24:41:00,24:41:10,stop_point:SP_58,Stadium Ouest,33
2346071,24:42:00,24:42:10,stop_point:SP_3098,Stadium Est,34
2346071,24:44:00,24:44:10,stop_point:SP_461,Empalot,35
2346072,24:40:00,24:40:10,stop_point:SP_4521,Portet Gare SNCF,1
2346072,24:42:00,24:42:10,stop_point:SP_4529,Jean Jaurès,2
2346072,24:43:00,24:43:10,stop_point:SP_4773,Désiré,3
2346072,24:44:00,24:44:10,stop_point:SP_70,Eglise de Portet,4
2346072,24:45:00,24:45:10,stop_point:SP_1427,Commerce,5
2346072,24:45:00,24:45:10,stop_point:SP_1451,Occitanie,6
2346072,24:46:00,24:46:10,stop_point:SP_2980,Stade,7
2346072,24:47:00,24:47:10,stop_point:SP_3234,Bd de l'Europe,8
2346072,24:48:00,24:48:10,stop_point:SP_2173,Ctre Cial Portet - Entrée 1,9
2346072,24:49:00,24:49:10,stop_point:SP_1454,Palanques,10
2346072,24:50:00,24:50:10,stop_point:SP_4410,Ctre Cial Portet - Entrée 5,11
2346072,24:51:00,24:51:10,stop_point:SP_2564,Ecole Récébédou,12
2346072,24:51:00,24:51:10,stop_point:SP_795,Claire Fontaine,13
2346072,24:52:00,24:52:10,stop_point:SP_415,Frênes,14
2346072,24:53:00,24:53:10,stop_point:SP_4940,Clairfont,15
2346072,24:55:00,24:55:10,stop_point:SP_320,Larrieu,16
2346072,24:56:00,24:56:10,stop_point:SP_4906,Joulin,17
2346072,24:56:00,24:56:10,stop_point:SP_3681,Route d'Espagne,18
2346072,24:57:00,24:57:10,stop_point:SP_2892,IUC,19
2346072,24:57:00,24:57:10,stop_point:SP_5096,Oncopole - Lise Enjalbert,20
2346072,24:58:00,24:58:10,stop_point:SP_2663,Oncopole Courrière,21
2346072,24:58:00,24:58:10,stop_point:SP_116,Maison Commune,22
2346072,24:58:00,24:58:10,stop_point:SP_1334,Hubert Curien,23
2346072,24:59:00,24:59:10,stop_point:SP_1973,Marchant,24
2346072,25:00:00,25:00:10,stop_point:SP_3988,Gironis - Mémorial AZF,25
2346072,25:00:00,25:00:10,stop_point:SP_3430,Rond-Point Langlade,26
2346072,25:01:00,25:01:10,stop_point:SP_657,Langlade,27
2346072,25:02:00,25:02:10,stop_point:SP_1579,Gallieni,28
2346072,25:03:00,25:03:10,stop_point:SP_1859,Penent,29
2346072,25:03:00,25:03:10,stop_point:SP_3122,Barrière de Muret,30
2346072,25:04:00,25:04:10,stop_point:SP_3422,Roc,31
2346072,25:05:00,25:05:10,stop_point:SP_1188,Croix de Pierre,32
2346072,25:06:00,25:06:10,stop_point:SP_58,Stadium Ouest,33
2346072,25:07:00,25:07:10,stop_point:SP_3098,Stadium Est,34
2346072,25:09:00,25:09:10,stop_point:SP_461,Empalot,35
2346073,25:05:00,25:05:10,stop_point:SP_4521,Portet Gare SNCF,1
2346073,25:07:00,25:07:10,stop_point:SP_4529,Jean Jaurès,2
2346073,25:08:00,25:08:10,stop_point:SP_4773,Désiré,3
2346073,25:09:00,25:09:10,stop_point:SP_70,Eglise de Portet,4
2346073,25:10:00,25:10:10,stop_point:SP_1427,Commerce,5
2346073,25:10:00,25:10:10,stop_point:SP_1451,Occitanie,6
2346073,25:11:00,25:11:10,stop_point:SP_2980,Stade,7
2346073,25:12:00,25:12:10,stop_point:SP_3234,Bd de l'Europe,8
2346073,25:13:00,25:13:10,stop_point:SP_2173,Ctre Cial Portet - Entrée 1,9
2346073,25:14:00,25:14:10,stop_point:SP_1454,Palanques,10
2346073,25:15:00,25:15:10,stop_point:SP_4410,Ctre Cial Portet - Entrée 5,11
2346073,25:16:00,25:16:10,stop_point:SP_2564,Ecole Récébédou,12
2346073,25:16:00,25:16:10,stop_point:SP_795,Claire Fontaine,13
2346073,25:17:00,25:17:10,stop_point:SP_415,Frênes,14
2346073,25:18:00,25:18:10,stop_point:SP_4940,Clairfont,15
2346073,25:20:00,25:20:10,stop_point:SP_320,Larrieu,16
2346073,25:21:00,25:21:10,stop_point:SP_4906,Joulin,17
2346073,25:21:00,25:21:10,stop_point:SP_3681,Route d'Espagne,18
2346073,25:22:00,25:22:10,stop_point:SP_2892,IUC,19
2346073,25:22:00,25:22:10,stop_point:SP_5096,Oncopole - Lise Enjalbert,20
2346073,25:23:00,25:23:10,stop_point:SP_2663,Oncopole Courrière,21
2346073,25:23:00,25:23:10,stop_point:SP_116,Maison Commune,22
2346073,25:23:00,25:23:10,stop_point:SP_1334,Hubert Curien,23
2346073,25:24:00,25:24:10,stop_point:SP_1973,Marchant,24
2346073,25:25:00,25:25:10,stop_point:SP_3988,Gironis - Mémorial AZF,25
2346073,25:25:00,25:25:10,stop_point:SP_3430,Rond-Point Langlade,26
2346073,25:26:00,25:26:10,stop_point:SP_657,Langlade,27
2346073,25:27:00,25:27:10,stop_point:SP_1579,Gallieni,28
2346073,25:28:00,25:28:10,stop_point:SP_1859,Penent,29
2346073,25:28:00,25:28:10,stop_point:SP_3122,Barrière de Muret,30
2346073,25:29:00,25:29:10,stop_point:SP_3422,Roc,31
2346073,25:30:00,25:30:10,stop_point:SP_1188,Croix de Pierre,32
2346073,25:31:00,25:31:10,stop_point:SP_58,Stadium Ouest,33
2346073,25:32:00,25:32:10,stop_point:SP_3098,Stadium Est,34
2346073,25:34:00,25:34:10,stop_point:SP_461,Empalot,35
2346074,05:55:00,05:55:10,stop_point:SP_461,Empalot,1
2346074,05:57:00,05:57:10,stop_point:SP_5378,Passerelle A. Conti,2
2346074,05:57:00,05:57:10,stop_point:SP_3506,Daste,3
2346074,05:58:00,05:58:10,stop_point:SP_806,Stadium Est,4
2346074,05:59:00,05:59:10,stop_point:SP_1012,Stadium Ouest,5
2346074,06:00:00,06:00:10,stop_point:SP_3759,Croix de Pierre,6
2346074,06:01:00,06:01:10,stop_point:SP_3915,Roc,7
2346074,06:01:00,06:01:10,stop_point:SP_3822,Barrière de Muret,8
2346074,06:02:00,06:02:10,stop_point:SP_3148,Penent,9
2346074,06:03:00,06:03:10,stop_point:SP_519,Gallieni,10
2346074,06:03:00,06:03:10,stop_point:SP_1436,Langlade,11
2346074,06:04:00,06:04:10,stop_point:SP_3779,Rond-Point Langlade,12
2346074,06:05:00,06:05:10,stop_point:SP_3025,Gironis - Mémorial AZF,13
2346074,06:06:00,06:06:10,stop_point:SP_931,Marchant,14
2346074,06:07:00,06:07:10,stop_point:SP_2330,Hubert Curien,15
2346074,06:07:00,06:07:10,stop_point:SP_324,Maison Commune,16
2346074,06:08:00,06:08:10,stop_point:SP_2491,Oncopole Courrière,17
2346074,06:09:00,06:09:10,stop_point:SP_5097,Oncopole - Lise Enjalbert,18
2346074,06:09:00,06:09:10,stop_point:SP_3604,IUC,19
2346074,06:10:00,06:10:10,stop_point:SP_3185,Route d'Espagne,20
2346074,06:10:00,06:10:10,stop_point:SP_4907,Joulin,21
2346074,06:11:00,06:11:10,stop_point:SP_3258,Larrieu,22
2346074,06:13:00,06:13:10,stop_point:SP_265,Clairfont,23
2346074,06:14:00,06:14:10,stop_point:SP_1374,Frênes,24
2346074,06:15:00,06:15:10,stop_point:SP_2247,Claire Fontaine,25
2346074,06:15:00,06:15:10,stop_point:SP_4000,Ecole Récébédou,26
2346074,06:16:00,06:16:10,stop_point:SP_4916,Ctre Cial Portet - Entrée 5,27
2346074,06:17:00,06:17:10,stop_point:SP_2008,Palanques,28
2346074,06:18:00,06:18:10,stop_point:SP_741,Ctre Cial Portet - Entrée 1,29
2346074,06:19:00,06:19:10,stop_point:SP_311,Bd de l'Europe,30
2346074,06:19:00,06:19:10,stop_point:SP_2882,Stade,31
2346074,06:20:00,06:20:10,stop_point:SP_3831,Occitanie,32
2346074,06:21:00,06:21:10,stop_point:SP_1947,Commerce,33
2346074,06:22:00,06:22:10,stop_point:SP_1897,Bosquets,34
2346074,06:23:00,06:23:10,stop_point:SP_4522,Jean Jaurès,35
2346074,06:25:00,06:25:10,stop_point:SP_4521,Portet Gare SNCF,36
2346075,06:30:00,06:30:10,stop_point:SP_461,Empalot,1
2346075,06:32:00,06:32:10,stop_point:SP_5378,Passerelle A. Conti,2
2346075,06:32:00,06:32:10,stop_point:SP_3506,Daste,3
2346075,06:33:00,06:33:10,stop_point:SP_806,Stadium Est,4
2346075,06:34:00,06:34:10,stop_point:SP_1012,Stadium Ouest,5
2346075,06:35:00,06:35:10,stop_point:SP_3759,Croix de Pierre,6
2346075,06:36:00,06:36:10,stop_point:SP_3915,Roc,7
2346075,06:36:00,06:36:10,stop_point:SP_3822,Barrière de Muret,8
2346075,06:37:00,06:37:10,stop_point:SP_3148,Penent,9
2346075,06:38:00,06:38:10,stop_point:SP_519,Gallieni,10
2346075,06:38:00,06:38:10,stop_point:SP_1436,Langlade,11
2346075,06:39:00,06:39:10,stop_point:SP_3779,Rond-Point Langlade,12
2346075,06:40:00,06:40:10,stop_point:SP_3025,Gironis - Mémorial AZF,13
2346075,06:41:00,06:41:10,stop_point:SP_931,Marchant,14
2346075,06:42:00,06:42:10,stop_point:SP_2330,Hubert Curien,15
2346075,06:42:00,06:42:10,stop_point:SP_324,Maison Commune,16
2346075,06:43:00,06:43:10,stop_point:SP_2491,Oncopole Courrière,17
2346075,06:44:00,06:44:10,stop_point:SP_5097,Oncopole - Lise Enjalbert,18
2346075,06:44:00,06:44:10,stop_point:SP_3604,IUC,19
2346075,06:45:00,06:45:10,stop_point:SP_3185,Route d'Espagne,20
2346075,06:45:00,06:45:10,stop_point:SP_4907,Joulin,21
2346075,06:46:00,06:46:10,stop_point:SP_3258,Larrieu,22
2346075,06:48:00,06:48:10,stop_point:SP_265,Clairfont,23
2346075,06:49:00,06:49:10,stop_point:SP_1374,Frênes,24
2346075,06:50:00,06:50:10,stop_point:SP_2247,Claire Fontaine,25
2346075,06:50:00,06:50:10,stop_point:SP_4000,Ecole Récébédou,26
2346075,06:51:00,06:51:10,stop_point:SP_4916,Ctre Cial Portet - Entrée 5,27
2346075,06:52:00,06:52:10,stop_point:SP_2008,Palanques,28
2346075,06:53:00,06:53:10,stop_point:SP_741,Ctre Cial Portet - Entrée 1,29
2346075,06:54:00,06:54:10,stop_point:SP_311,Bd de l'Europe,30
2346075,06:54:00,06:54:10,stop_point:SP_2882,Stade,31
2346075,06:55:00,06:55:10,stop_point:SP_3831,Occitanie,32
2346075,06:56:00,06:56:10,stop_point:SP_1947,Commerce,33
2346075,06:57:00,06:57:10,stop_point:SP_1897,Bosquets,34
2346075,06:58:00,06:58:10,stop_point:SP_4522,Jean Jaurès,35
2346075,07:00:00,07:00:10,stop_point:SP_4521,Portet Gare SNCF,36
2346076,07:00:00,07:00:10,stop_point:SP_461,Empalot,1
2346076,07:02:00,07:02:10,stop_point:SP_5378,Passerelle A. Conti,2
2346076,07:02:00,07:02:10,stop_point:SP_3506,Daste,3
2346076,07:03:00,07:03:10,stop_point:SP_806,Stadium Est,4
2346076,07:04:00,07:04:10,stop_point:SP_1012,Stadium Ouest,5
2346076,07:05:00,07:05:10,stop_point:SP_3759,Croix de Pierre,6
2346076,07:06:00,07:06:10,stop_point:SP_3915,Roc,7
2346076,07:06:00,07:06:10,stop_point:SP_3822,Barrière de Muret,8
2346076,07:07:00,07:07:10,stop_point:SP_3148,Penent,9
2346076,07:08:00,07:08:10,stop_point:SP_519,Gallieni,10
2346076,07:08:00,07:08:10,stop_point:SP_1436,Langlade,11
2346076,07:09:00,07:09:10,stop_point:SP_3779,Rond-Point Langlade,12
2346076,07:10:00,07:10:10,stop_point:SP_3025,Gironis - Mémorial AZF,13
2346076,07:11:00,07:11:10,stop_point:SP_931,Marchant,14
2346076,07:12:00,07:12:10,stop_point:SP_2330,Hubert Curien,15
2346076,07:12:00,07:12:10,stop_point:SP_324,Maison Commune,16
2346076,07:13:00,07:13:10,stop_point:SP_2491,Oncopole Courrière,17
2346076,07:14:00,07:14:10,stop_point:SP_5097,Oncopole - Lise Enjalbert,18
2346076,07:14:00,07:14:10,stop_point:SP_3604,IUC,19
2346076,07:15:00,07:15:10,stop_point:SP_3185,Route d'Espagne,20
2346076,07:15:00,07:15:10,stop_point:SP_4907,Joulin,21
2346076,07:16:00,07:16:10,stop_point:SP_3258,Larrieu,22
2346076,07:18:00,07:18:10,stop_point:SP_265,Clairfont,23
2346076,07:19:00,07:19:10,stop_point:SP_1374,Frênes,24
2346076,07:20:00,07:20:10,stop_point:SP_2247,Claire Fontaine,25
2346076,07:20:00,07:20:10,stop_point:SP_4000,Ecole Récébédou,26
2346076,07:21:00,07:21:10,stop_point:SP_4916,Ctre Cial Portet - Entrée 5,27
2346076,07:22:00,07:22:10,stop_point:SP_2008,Palanques,28
2346076,07:23:00,07:23:10,stop_point:SP_741,Ctre Cial Portet - Entrée 1,29
2346076,07:24:00,07:24:10,stop_point:SP_311,Bd de l'Europe,30
2346076,07:24:00,07:24:10,stop_point:SP_2882,Stade,31
2346076,07:25:00,07:25:10,stop_point:SP_3831,Occitanie,32
2346076,07:26:00,07:26:10,stop_point:SP_1947,Commerce,33
2346076,07:27:00,07:27:10,stop_point:SP_1897,Bosquets,34
2346076,07:28:00,07:28:10,stop_point:SP_4522,Jean Jaurès,35
2346076,07:30:00,07:30:10,stop_point:SP_4521,Portet Gare SNCF,36
2346077,07:30:00,07:30:10,stop_point:SP_461,Empalot,1
2346077,07:32:00,07:32:10,stop_point:SP_5378,Passerelle A. Conti,2
2346077,07:32:00,07:32:10,stop_point:SP_3506,Daste,3
2346077,07:33:00,07:33:10,stop_point:SP_806,Stadium Est,4
2346077,07:34:00,07:34:10,stop_point:SP_1012,Stadium Ouest,5
2346077,07:35:00,07:35:10,stop_point:SP_3759,Croix de Pierre,6
2346077,07:36:00,07:36:10,stop_point:SP_3915,Roc,7
2346077,07:36:00,07:36:10,stop_point:SP_3822,Barrière de Muret,8
2346077,07:37:00,07:37:10,stop_point:SP_3148,Penent,9
2346077,07:38:00,07:38:10,stop_point:SP_519,Gallieni,10
2346077,07:38:00,07:38:10,stop_point:SP_1436,Langlade,11
2346077,07:39:00,07:39:10,stop_point:SP_3779,Rond-Point Langlade,12
2346077,07:40:00,07:40:10,stop_point:SP_3025,Gironis - Mémorial AZF,13
2346077,07:41:00,07:41:10,stop_point:SP_931,Marchant,14
2346077,07:42:00,07:42:10,stop_point:SP_2330,Hubert Curien,15
2346077,07:42:00,07:42:10,stop_point:SP_324,Maison Commune,16
2346077,07:43:00,07:43:10,stop_point:SP_2491,Oncopole Courrière,17
2346077,07:44:00,07:44:10,stop_point:SP_5097,Oncopole - Lise Enjalbert,18
2346077,07:44:00,07:44:10,stop_point:SP_3604,IUC,19
2346077,07:45:00,07:45:10,stop_point:SP_3185,Route d'Espagne,20
2346077,07:45:00,07:45:10,stop_point:SP_4907,Joulin,21
2346077,07:46:00,07:46:10,stop_point:SP_3258,Larrieu,22
2346077,07:48:00,07:48:10,stop_point:SP_265,Clairfont,23
2346077,07:49:00,07:49:10,stop_point:SP_1374,Frênes,24
2346077,07:50:00,07:50:10,stop_point:SP_2247,Claire Fontaine,25
2346077,07:50:00,07:50:10,stop_point:SP_4000,Ecole Récébédou,26
2346077,07:51:00,07:51:10,stop_point:SP_4916,Ctre Cial Portet - Entrée 5,27
2346077,07:52:00,07:52:10,stop_point:SP_2008,Palanques,28
2346077,07:53:00,07:53:10,stop_point:SP_741,Ctre Cial Portet - Entrée 1,29
2346077,07:54:00,07:54:10,stop_point:SP_311,Bd de l'Europe,30
2346077,07:54:00,07:54:10,stop_point:SP_2882,Stade,31
2346077,07:55:00,07:55:10,stop_point:SP_3831,Occitanie,32
2346077,07:56:00,07:56:10,stop_point:SP_1947,Commerce,33
2346077,07:57:00,07:57:10,stop_point:SP_1897,Bosquets,34
2346077,07:58:00,07:58:10,stop_point:SP_4522,Jean Jaurès,35
2346077,08:00:00,08:00:10,stop_point:SP_4521,Portet Gare SNCF,36
2346078,08:00:00,08:00:10,stop_point:SP_461,Empalot,1
2346078,08:02:00,08:02:10,stop_point:SP_5378,Passerelle A. Conti,2
2346078,08:02:00,08:02:10,stop_point:SP_3506,Daste,3
2346078,08:03:00,08:03:10,stop_point:SP_806,Stadium Est,4
2346078,08:04:00,08:04:10,stop_point:SP_1012,Stadium Ouest,5
2346078,08:05:00,08:05:10,stop_point:SP_3759,Croix de Pierre,6
2346078,08:06:00,08:06:10,stop_point:SP_3915,Roc,7
2346078,08:07:00,08:07:10,stop_point:SP_3822,Barrière de Muret,8
2346078,08:07:00,08:07:10,stop_point:SP_3148,Penent,9
2346078,08:08:00,08:08:10,stop_point:SP_519,Gallieni,10
2346078,08:09:00,08:09:10,stop_point:SP_1436,Langlade,11
2346078,08:10:00,08:10:10,stop_point:SP_3779,Rond-Point Langlade,12
2346078,08:11:00,08:11:10,stop_point:SP_3025,Gironis - Mémorial AZF,13
2346078,08:12:00,08:12:10,stop_point:SP_931,Marchant,14
2346078,08:13:00,08:13:10,stop_point:SP_2330,Hubert Curien,15
2346078,08:13:00,08:13:10,stop_point:SP_324,Maison Commune,16
2346078,08:14:00,08:14:10,stop_point:SP_2491,Oncopole Courrière,17
2346078,08:15:00,08:15:10,stop_point:SP_5097,Oncopole - Lise Enjalbert,18
2346078,08:15:00,08:15:10,stop_point:SP_3604,IUC,19
2346078,08:16:00,08:16:10,stop_point:SP_3185,Route d'Espagne,20
2346078,08:16:00,08:16:10,stop_point:SP_4907,Joulin,21
2346078,08:17:00,08:17:10,stop_point:SP_3258,Larrieu,22
2346078,08:19:00,08:19:10,stop_point:SP_265,Clairfont,23
2346078,08:20:00,08:20:10,stop_point:SP_1374,Frênes,24
2346078,08:21:00,08:21:10,stop_point:SP_2247,Claire Fontaine,25
2346078,08:21:00,08:21:10,stop_point:SP_4000,Ecole Récébédou,26
2346078,08:22:00,08:22:10,stop_point:SP_4916,Ctre Cial Portet - Entrée 5,27
2346078,08:23:00,08:23:10,stop_point:SP_2008,Palanques,28
2346078,08:24:00,08:24:10,stop_point:SP_741,Ctre Cial Portet - Entrée 1,29
2346078,08:25:00,08:25:10,stop_point:SP_311,Bd de l'Europe,30
2346078,08:25:00,08:25:10,stop_point:SP_2882,Stade,31
2346078,08:26:00,08:26:10,stop_point:SP_3831,Occitanie,32
2346078,08:27:00,08:27:10,stop_point:SP_1947,Commerce,33
2346078,08:28:00,08:28:10,stop_point:SP_1897,Bosquets,34
2346078,08:29:00,08:29:10,stop_point:SP_4522,Jean Jaurès,35
2346078,08:31:00,08:31:10,stop_point:SP_4521,Portet Gare SNCF,36
2346079,08:30:00,08:30:10,stop_point:SP_461,Empalot,1
2346079,08:32:00,08:32:10,stop_point:SP_5378,Passerelle A. Conti,2
2346079,08:32:00,08:32:10,stop_point:SP_3506,Daste,3
2346079,08:33:00,08:33:10,stop_point:SP_806,Stadium Est,4
2346079,08:34:00,08:34:10,stop_point:SP_1012,Stadium Ouest,5
2346079,08:35:00,08:35:10,stop_point:SP_3759,Croix de Pierre,6
2346079,08:36:00,08:36:10,stop_point:SP_3915,Roc,7
2346079,08:37:00,08:37:10,stop_point:SP_3822,Barrière de Muret,8
2346079,08:37:00,08:37:10,stop_point:SP_3148,Penent,9
2346079,08:38:00,08:38:10,stop_point:SP_519,Gallieni,10
2346079,08:39:00,08:39:10,stop_point:SP_1436,Langlade,11
2346079,08:40:00,08:40:10,stop_point:SP_3779,Rond-Point Langlade,12
2346079,08:41:00,08:41:10,stop_point:SP_3025,Gironis - Mémorial AZF,13
2346079,08:42:00,08:42:10,stop_point:SP_931,Marchant,14
2346079,08:43:00,08:43:10,stop_point:SP_2330,Hubert Curien,15
2346079,08:43:00,08:43:10,stop_point:SP_324,Maison Commune,16
2346079,08:44:00,08:44:10,stop_point:SP_2491,Oncopole Courrière,17
2346079,08:45:00,08:45:10,stop_point:SP_5097,Oncopole - Lise Enjalbert,18
2346079,08:45:00,08:45:10,stop_point:SP_3604,IUC,19
2346079,08:46:00,08:46:10,stop_point:SP_3185,Route d'Espagne,20
2346079,08:46:00,08:46:10,stop_point:SP_4907,Joulin,21
2346079,08:47:00,08:47:10,stop_point:SP_3258,Larrieu,22
2346079,08:49:00,08:49:10,stop_point:SP_265,Clairfont,23
2346079,08:50:00,08:50:10,stop_point:SP_1374,Frênes,24
2346079,08:51:00,08:51:10,stop_point:SP_2247,Claire Fontaine,25
2346079,08:51:00,08:51:10,stop_point:SP_4000,Ecole Récébédou,26
2346079,08:52:00,08:52:10,stop_point:SP_4916,Ctre Cial Portet - Entrée 5,27
2346079,08:53:00,08:53:10,stop_point:SP_2008,Palanques,28
2346079,08:54:00,08:54:10,stop_point:SP_741,Ctre Cial Portet - Entrée 1,29
2346079,08:55:00,08:55:10,stop_point:SP_311,Bd de l'Europe,30
2346079,08:55:00,08:55:10,stop_point:SP_2882,Stade,31
2346079,08:56:00,08:56:10,stop_point:SP_3831,Occitanie,32
2346079,08:57:00,08:57:10,stop_point:SP_1947,Commerce,33
2346079,08:58:00,08:58:10,stop_point:SP_1897,Bosquets,34
2346079,08:59:00,08:59:10,stop_point:SP_4522,Jean Jaurès,35
2346079,09:01:00,09:01:10,stop_point:SP_4521,Portet Gare SNCF,36
2346080,09:00:00,09:00:10,stop_point:SP_461,Empalot,1
2346080,09:02:00,09:02:10,stop_point:SP_5378,Passerelle A. Conti,2
2346080,09:02:00,09:02:10,stop_point:SP_3506,Daste,3
2346080,09:03:00,09:03:10,stop_point:SP_806,Stadium Est,4
2346080,09:04:00,09:04:10,stop_point:SP_1012,Stadium Ouest,5
2346080,09:05:00,09:05:10,stop_point:SP_3759,Croix de Pierre,6
2346080,09:06:00,09:06:10,stop_point:SP_3915,Roc,7
2346080,09:07:00,09:07:10,stop_point:SP_3822,Barrière de Muret,8
2346080,09:07:00,09:07:10,stop_point:SP_3148,Penent,9
2346080,09:08:00,09:08:10,stop_point:SP_519,Gallieni,10
2346080,09:09:00,09:09:10,stop_point:SP_1436,Langlade,11
2346080,09:10:00,09:10:10,stop_point:SP_3779,Rond-Point Langlade,12
2346080,09:11:00,09:11:10,stop_point:SP_3025,Gironis - Mémorial AZF,13
2346080,09:12:00,09:12:10,stop_point:SP_931,Marchant,14
2346080,09:13:00,09:13:10,stop_point:SP_2330,Hubert Curien,15
2346080,09:13:00,09:13:10,stop_point:SP_324,Maison Commune,16
2346080,09:14:00,09:14:10,stop_point:SP_2491,Oncopole Courrière,17
2346080,09:15:00,09:15:10,stop_point:SP_5097,Oncopole - Lise Enjalbert,18
2346080,09:15:00,09:15:10,stop_point:SP_3604,IUC,19
2346080,09:16:00,09:16:10,stop_point:SP_3185,Route d'Espagne,20
2346080,09:16:00,09:16:10,stop_point:SP_4907,Joulin,21
2346080,09:17:00,09:17:10,stop_point:SP_3258,Larrieu,22
2346080,09:19:00,09:19:10,stop_point:SP_265,Clairfont,23
2346080,09:20:00,09:20:10,stop_point:SP_1374,Frênes,24
2346080,09:21:00,09:21:10,stop_point:SP_2247,Claire Fontaine,25
2346080,09:21:00,09:21:10,stop_point:SP_4000,Ecole Récébédou,26
2346080,09:22:00,09:22:10,stop_point:SP_4916,Ctre Cial Portet - Entrée 5,27
2346080,09:23:00,09:23:10,stop_point:SP_2008,Palanques,28
2346080,09:24:00,09:24:10,stop_point:SP_741,Ctre Cial Portet - Entrée 1,29
2346080,09:25:00,09:25:10,stop_point:SP_311,Bd de l'Europe,30
2346080,09:25:00,09:25:10,stop_point:SP_2882,Stade,31
2346080,09:26:00,09:26:10,stop_point:SP_3831,Occitanie,32
2346080,09:27:00,09:27:10,stop_point:SP_1947,Commerce,33
2346080,09:28:00,09:28:10,stop_point:SP_1897,Bosquets,34
2346080,09:29:00,09:29:10,stop_point:SP_4522,Jean Jaurès,35
2346080,09:31:00,09:31:10,stop_point:SP_4521,Portet Gare SNCF,36
2346081,09:30:00,09:30:10,stop_point:SP_461,Empalot,1
2346081,09:32:00,09:32:10,stop_point:SP_5378,Passerelle A. Conti,2
2346081,09:32:00,09:32:10,stop_point:SP_3506,Daste,3
2346081,09:33:00,09:33:10,stop_point:SP_806,Stadium Est,4
2346081,09:34:00,09:34:10,stop_point:SP_1012,Stadium Ouest,5
2346081,09:35:00,09:35:10,stop_point:SP_3759,Croix de Pierre,6
2346081,09:36:00,09:36:10,stop_point:SP_3915,Roc,7
2346081,09:37:00,09:37:10,stop_point:SP_3822,Barrière de Muret,8
2346081,09:37:00,09:37:10,stop_point:SP_3148,Penent,9
2346081,09:38:00,09:38:10,stop_point:SP_519,Gallieni,10
2346081,09:39:00,09:39:10,stop_point:SP_1436,Langlade,11
2346081,09:40:00,09:40:10,stop_point:SP_3779,Rond-Point Langlade,12
2346081,09:41:00,09:41:10,stop_point:SP_3025,Gironis - Mémorial AZF,13
2346081,09:42:00,09:42:10,stop_point:SP_931,Marchant,14
2346081,09:43:00,09:43:10,stop_point:SP_2330,Hubert Curien,15
2346081,09:43:00,09:43:10,stop_point:SP_324,Maison Commune,16
2346081,09:44:00,09:44:10,stop_point:SP_2491,Oncopole Courrière,17
2346081,09:45:00,09:45:10,stop_point:SP_5097,Oncopole - Lise Enjalbert,18
2346081,09:45:00,09:45:10,stop_point:SP_3604,IUC,19
2346081,09:46:00,09:46:10,stop_point:SP_3185,Route d'Espagne,20
2346081,09:46:00,09:46:10,stop_point:SP_4907,Joulin,21
2346081,09:47:00,09:47:10,stop_point:SP_3258,Larrieu,22
2346081,09:49:00,09:49:10,stop_point:SP_265,Clairfont,23
2346081,09:50:00,09:50:10,stop_point:SP_1374,Frênes,24
2346081,09:51:00,09:51:10,stop_point:SP_2247,Claire Fontaine,25
2346081,09:51:00,09:51:10,stop_point:SP_4000,Ecole Récébédou,26
2346081,09:52:00,09:52:10,stop_point:SP_4916,Ctre Cial Portet - Entrée 5,27
2346081,09:53:00,09:53:10,stop_point:SP_2008,Palanques,28
2346081,09:54:00,09:54:10,stop_point:SP_741,Ctre Cial Portet - Entrée 1,29
2346081,09:55:00,09:55:10,stop_point:SP_311,Bd de l'Europe,30
2346081,09:55:00,09:55:10,stop_point:SP_2882,Stade,31
2346081,09:56:00,09:56:10,stop_point:SP_3831,Occitanie,32
2346081,09:57:00,09:57:10,stop_point:SP_1947,Commerce,33
2346081,09:58:00,09:58:10,stop_point:SP_1897,Bosquets,34
2346081,09:59:00,09:59:10,stop_point:SP_4522,Jean Jaurès,35
2346081,10:01:00,10:01:10,stop_point:SP_4521,Portet Gare SNCF,36
2346082,10:00:00,10:00:10,stop_point:SP_461,Empalot,1
2346082,10:02:00,10:02:10,stop_point:SP_5378,Passerelle A. Conti,2
2346082,10:02:00,10:02:10,stop_point:SP_3506,Daste,3
2346082,10:03:00,10:03:10,stop_point:SP_806,Stadium Est,4
2346082,10:04:00,10:04:10,stop_point:SP_1012,Stadium Ouest,5
2346082,10:05:00,10:05:10,stop_point:SP_3759,Croix de Pierre,6
2346082,10:06:00,10:06:10,stop_point:SP_3915,Roc,7
2346082,10:07:00,10:07:10,stop_point:SP_3822,Barrière de Muret,8
2346082,10:07:00,10:07:10,stop_point:SP_3148,Penent,9
2346082,10:08:00,10:08:10,stop_point:SP_519,Gallieni,10
2346082,10:09:00,10:09:10,stop_point:SP_1436,Langlade,11
2346082,10:10:00,10:10:10,stop_point:SP_3779,Rond-Point Langlade,12
2346082,10:11:00,10:11:10,stop_point:SP_3025,Gironis - Mémorial AZF,13
2346082,10:12:00,10:12:10,stop_point:SP_931,Marchant,14
2346082,10:13:00,10:13:10,stop_point:SP_2330,Hubert Curien,15
2346082,10:13:00,10:13:10,stop_point:SP_324,Maison Commune,16
2346082,10:14:00,10:14:10,stop_point:SP_2491,Oncopole Courrière,17
2346082,10:15:00,10:15:10,stop_point:SP_5097,Oncopole - Lise Enjalbert,18
2346082,10:15:00,10:15:10,stop_point:SP_3604,IUC,19
2346082,10:16:00,10:16:10,stop_point:SP_3185,Route d'Espagne,20
2346082,10:17:00,10:17:10,stop_point:SP_4907,Joulin,21
2346082,10:18:00,10:18:10,stop_point:SP_3258,Larrieu,22
2346082,10:20:00,10:20:10,stop_point:SP_265,Clairfont,23
2346082,10:21:00,10:21:10,stop_point:SP_1374,Frênes,24
2346082,10:22:00,10:22:10,stop_point:SP_2247,Claire Fontaine,25
2346082,10:22:00,10:22:10,stop_point:SP_4000,Ecole Récébédou,26
2346082,10:23:00,10:23:10,stop_point:SP_4916,Ctre Cial Portet - Entrée 5,27
2346082,10:24:00,10:24:10,stop_point:SP_2008,Palanques,28
2346082,10:25:00,10:25:10,stop_point:SP_741,Ctre Cial Portet - Entrée 1,29
2346082,10:26:00,10:26:10,stop_point:SP_311,Bd de l'Europe,30
2346082,10:27:00,10:27:10,stop_point:SP_2882,Stade,31
2346082,10:28:00,10:28:10,stop_point:SP_3831,Occitanie,32
2346082,10:29:00,10:29:10,stop_point:SP_1947,Commerce,33
2346082,10:30:00,10:30:10,stop_point:SP_1897,Bosquets,34
2346082,10:31:00,10:31:10,stop_point:SP_4522,Jean Jaurès,35
2346082,10:33:00,10:33:10,stop_point:SP_4521,Portet Gare SNCF,36
2346083,10:30:00,10:30:10,stop_point:SP_461,Empalot,1
2346083,10:32:00,10:32:10,stop_point:SP_5378,Passerelle A. Conti,2
2346083,10:32:00,10:32:10,stop_point:SP_3506,Daste,3
2346083,10:33:00,10:33:10,stop_point:SP_806,Stadium Est,4
2346083,10:34:00,10:34:10,stop_point:SP_1012,Stadium Ouest,5
2346083,10:35:00,10:35:10,stop_point:SP_3759,Croix de Pierre,6
2346083,10:36:00,10:36:10,stop_point:SP_3915,Roc,7
2346083,10:37:00,10:37:10,stop_point:SP_3822,Barrière de Muret,8
2346083,10:37:00,10:37:10,stop_point:SP_3148,Penent,9
2346083,10:38:00,10:38:10,stop_point:SP_519,Gallieni,10
2346083,10:39:00,10:39:10,stop_point:SP_1436,Langlade,11
2346083,10:40:00,10:40:10,stop_point:SP_3779,Rond-Point Langlade,12
2346083,10:41:00,10:41:10,stop_point:SP_3025,Gironis - Mémorial AZF,13
2346083,10:42:00,10:42:10,stop_point:SP_931,Marchant,14
2346083,10:43:00,10:43:10,stop_point:SP_2330,Hubert Curien,15
2346083,10:43:00,10:43:10,stop_point:SP_324,Maison Commune,16
2346083,10:44:00,10:44:10,stop_point:SP_2491,Oncopole Courrière,17
2346083,10:45:00,10:45:10,stop_point:SP_5097,Oncopole - Lise Enjalbert,18
2346083,10:45:00,10:45:10,stop_point:SP_3604,IUC,19
2346083,10:46:00,10:46:10,stop_point:SP_3185,Route d'Espagne,20
2346083,10:47:00,10:47:10,stop_point:SP_4907,Joulin,21
2346083,10:48:00,10:48:10,stop_point:SP_3258,Larrieu,22
2346083,10:50:00,10:50:10,stop_point:SP_265,Clairfont,23
2346083,10:51:00,10:51:10,stop_point:SP_1374,Frênes,24
2346083,10:52:00,10:52:10,stop_point:SP_2247,Claire Fontaine,25
2346083,10:52:00,10:52:10,stop_point:SP_4000,Ecole Récébédou,26
2346083,10:53:00,10:53:10,stop_point:SP_4916,Ctre Cial Portet - Entrée 5,27
2346083,10:54:00,10:54:10,stop_point:SP_2008,Palanques,28
2346083,10:55:00,10:55:10,stop_point:SP_741,Ctre Cial Portet - Entrée 1,29
2346083,10:56:00,10:56:10,stop_point:SP_311,Bd de l'Europe,30
2346083,10:57:00,10:57:10,stop_point:SP_2882,Stade,31
2346083,10:58:00,10:58:10,stop_point:SP_3831,Occitanie,32
2346083,10:59:00,10:59:10,stop_point:SP_1947,Commerce,33
2346083,11:00:00,11:00:10,stop_point:SP_1897,Bosquets,34
2346083,11:01:00,11:01:10,stop_point:SP_4522,Jean Jaurès,35
2346083,11:03:00,11:03:10,stop_point:SP_4521,Portet Gare SNCF,36
2346084,11:00:00,11:00:10,stop_point:SP_461,Empalot,1
2346084,11:02:00,11:02:10,stop_point:SP_5378,Passerelle A. Conti,2
2346084,11:02:00,11:02:10,stop_point:SP_3506,Daste,3
2346084,11:03:00,11:03:10,stop_point:SP_806,Stadium Est,4
2346084,11:04:00,11:04:10,stop_point:SP_1012,Stadium Ouest,5
2346084,11:05:00,11:05:10,stop_point:SP_3759,Croix de Pierre,6
2346084,11:06:00,11:06:10,stop_point:SP_3915,Roc,7
2346084,11:07:00,11:07:10,stop_point:SP_3822,Barrière de Muret,8
2346084,11:08:00,11:08:10,stop_point:SP_3148,Penent,9
2346084,11:09:00,11:09:10,stop_point:SP_519,Gallieni,10
2346084,11:10:00,11:10:10,stop_point:SP_1436,Langlade,11
2346084,11:11:00,11:11:10,stop_point:SP_3779,Rond-Point Langlade,12
2346084,11:12:00,11:12:10,stop_point:SP_3025,Gironis - Mémorial AZF,13
2346084,11:13:00,11:13:10,stop_point:SP_931,Marchant,14
2346084,11:14:00,11:14:10,stop_point:SP_2330,Hubert Curien,15
2346084,11:14:00,11:14:10,stop_point:SP_324,Maison Commune,16
2346084,11:15:00,11:15:10,stop_point:SP_2491,Oncopole Courrière,17
2346084,11:16:00,11:16:10,stop_point:SP_5097,Oncopole - Lise Enjalbert,18
2346084,11:16:00,11:16:10,stop_point:SP_3604,IUC,19
2346084,11:17:00,11:17:10,stop_point:SP_3185,Route d'Espagne,20
2346084,11:18:00,11:18:10,stop_point:SP_4907,Joulin,21
2346084,11:19:00,11:19:10,stop_point:SP_3258,Larrieu,22
2346084,11:21:00,11:21:10,stop_point:SP_265,Clairfont,23
2346084,11:22:00,11:22:10,stop_point:SP_1374,Frênes,24
2346084,11:23:00,11:23:10,stop_point:SP_2247,Claire Fontaine,25
2346084,11:23:00,11:23:10,stop_point:SP_4000,Ecole Récébédou,26
2346084,11:24:00,11:24:10,stop_point:SP_4916,Ctre Cial Portet - Entrée 5,27
2346084,11:25:00,11:25:10,stop_point:SP_2008,Palanques,28
2346084,11:26:00,11:26:10,stop_point:SP_741,Ctre Cial Portet - Entrée 1,29
2346084,11:27:00,11:27:10,stop_point:SP_311,Bd de l'Europe,30
2346084,11:28:00,11:28:10,stop_point:SP_2882,Stade,31
2346084,11:29:00,11:29:10,stop_point:SP_3831,Occitanie,32
2346084,11:30:00,11:30:10,stop_point:SP_1947,Commerce,33
2346084,11:31:00,11:31:10,stop_point:SP_1897,Bosquets,34
2346084,11:32:00,11:32:10,stop_point:SP_4522,Jean Jaurès,35
2346084,11:34:00,11:34:10,stop_point:SP_4521,Portet Gare SNCF,36
2346085,11:30:00,11:30:10,stop_point:SP_461,Empalot,1
2346085,11:32:00,11:32:10,stop_point:SP_5378,Passerelle A. Conti,2
2346085,11:32:00,11:32:10,stop_point:SP_3506,Daste,3
2346085,11:33:00,11:33:10,stop_point:SP_806,Stadium Est,4
2346085,11:34:00,11:34:10,stop_point:SP_1012,Stadium Ouest,5
2346085,11:35:00,11:35:10,stop_point:SP_3759,Croix de Pierre,6
2346085,11:36:00,11:36:10,stop_point:SP_3915,Roc,7
2346085,11:37:00,11:37:10,stop_point:SP_3822,Barrière de Muret,8
2346085,11:38:00,11:38:10,stop_point:SP_3148,Penent,9
2346085,11:39:00,11:39:10,stop_point:SP_519,Gallieni,10
2346085,11:40:00,11:40:10,stop_point:SP_1436,Langlade,11
2346085,11:41:00,11:41:10,stop_point:SP_3779,Rond-Point Langlade,12
2346085,11:42:00,11:42:10,stop_point:SP_3025,Gironis - Mémorial AZF,13
2346085,11:43:00,11:43:10,stop_point:SP_931,Marchant,14
2346085,11:44:00,11:44:10,stop_point:SP_2330,Hubert Curien,15
2346085,11:44:00,11:44:10,stop_point:SP_324,Maison Commune,16
2346085,11:45:00,11:45:10,stop_point:SP_2491,Oncopole Courrière,17
2346085,11:46:00,11:46:10,stop_point:SP_5097,Oncopole - Lise Enjalbert,18
2346085,11:46:00,11:46:10,stop_point:SP_3604,IUC,19
2346085,11:47:00,11:47:10,stop_point:SP_3185,Route d'Espagne,20
2346085,11:48:00,11:48:10,stop_point:SP_4907,Joulin,21
2346085,11:49:00,11:49:10,stop_point:SP_3258,Larrieu,22
2346085,11:51:00,11:51:10,stop_point:SP_265,Clairfont,23
2346085,11:52:00,11:52:10,stop_point:SP_1374,Frênes,24
2346085,11:53:00,11:53:10,stop_point:SP_2247,Claire Fontaine,25
2346085,11:53:00,11:53:10,stop_point:SP_4000,Ecole Récébédou,26
2346085,11:54:00,11:54:10,stop_point:SP_4916,Ctre Cial Portet - Entrée 5,27
2346085,11:55:00,11:55:10,stop_point:SP_2008,Palanques,28
2346085,11:56:00,11:56:10,stop_point:SP_741,Ctre Cial Portet - Entrée 1,29
2346085,11:57:00,11:57:10,stop_point:SP_311,Bd de l'Europe,30
2346085,11:58:00,11:58:10,stop_point:SP_2882,Stade,31
2346085,11:59:00,11:59:10,stop_point:SP_3831,Occitanie,32
2346085,12:00:00,12:00:10,stop_point:SP_1947,Commerce,33
2346085,12:01:00,12:01:10,stop_point:SP_1897,Bosquets,34
2346085,12:02:00,12:02:10,stop_point:SP_4522,Jean Jaurès,35
2346085,12:04:00,12:04:10,stop_point:SP_4521,Portet Gare SNCF,36
2346086,12:00:00,12:00:10,stop_point:SP_461,Empalot,1
2346086,12:02:00,12:02:10,stop_point:SP_5378,Passerelle A. Conti,2
2346086,12:02:00,12:02:10,stop_point:SP_3506,Daste,3
2346086,12:03:00,12:03:10,stop_point:SP_806,Stadium Est,4
2346086,12:04:00,12:04:10,stop_point:SP_1012,Stadium Ouest,5
2346086,12:05:00,12:05:10,stop_point:SP_3759,Croix de Pierre,6
2346086,12:06:00,12:06:10,stop_point:SP_3915,Roc,7
2346086,12:07:00,12:07:10,stop_point:SP_3822,Barrière de Muret,8
2346086,12:08:00,12:08:10,stop_point:SP_3148,Penent,9
2346086,12:09:00,12:09:10,stop_point:SP_519,Gallieni,10
2346086,12:10:00,12:10:10,stop_point:SP_1436,Langlade,11
2346086,12:11:00,12:11:10,stop_point:SP_3779,Rond-Point Langlade,12
2346086,12:12:00,12:12:10,stop_point:SP_3025,Gironis - Mémorial AZF,13
2346086,12:13:00,12:13:10,stop_point:SP_931,Marchant,14
2346086,12:14:00,12:14:10,stop_point:SP_2330,Hubert Curien,15
2346086,12:14:00,12:14:10,stop_point:SP_324,Maison Commune,16
2346086,12:15:00,12:15:10,stop_point:SP_2491,Oncopole Courrière,17
2346086,12:16:00,12:16:10,stop_point:SP_5097,Oncopole - Lise Enjalbert,18
2346086,12:16:00,12:16:10,stop_point:SP_3604,IUC,19
2346086,12:17:00,12:17:10,stop_point:SP_3185,Route d'Espagne,20
2346086,12:18:00,12:18:10,stop_point:SP_4907,Joulin,21
2346086,12:19:00,12:19:10,stop_point:SP_3258,Larrieu,22
2346086,12:21:00,12:21:10,stop_point:SP_265,Clairfont,23
2346086,12:22:00,12:22:10,stop_point:SP_1374,Frênes,24
2346086,12:23:00,12:23:10,stop_point:SP_2247,Claire Fontaine,25
2346086,12:23:00,12:23:10,stop_point:SP_4000,Ecole Récébédou,26
2346086,12:24:00,12:24:10,stop_point:SP_4916,Ctre Cial Portet - Entrée 5,27
2346086,12:25:00,12:25:10,stop_point:SP_2008,Palanques,28
2346086,12:26:00,12:26:10,stop_point:SP_741,Ctre Cial Portet - Entrée 1,29
2346086,12:27:00,12:27:10,stop_point:SP_311,Bd de l'Europe,30
2346086,12:28:00,12:28:10,stop_point:SP_2882,Stade,31
2346086,12:29:00,12:29:10,stop_point:SP_3831,Occitanie,32
2346086,12:30:00,12:30:10,stop_point:SP_1947,Commerce,33
2346086,12:31:00,12:31:10,stop_point:SP_1897,Bosquets,34
2346086,12:32:00,12:32:10,stop_point:SP_4522,Jean Jaurès,35
2346086,12:34:00,12:34:10,stop_point:SP_4521,Portet Gare SNCF,36
2346087,12:30:00,12:30:10,stop_point:SP_461,Empalot,1
2346087,12:32:00,12:32:10,stop_point:SP_5378,Passerelle A. Conti,2
2346087,12:32:00,12:32:10,stop_point:SP_3506,Daste,3
2346087,12:33:00,12:33:10,stop_point:SP_806,Stadium Est,4
2346087,12:34:00,12:34:10,stop_point:SP_1012,Stadium Ouest,5
2346087,12:35:00,12:35:10,stop_point:SP_3759,Croix de Pierre,6
2346087,12:36:00,12:36:10,stop_point:SP_3915,Roc,7
2346087,12:37:00,12:37:10,stop_point:SP_3822,Barrière de Muret,8
2346087,12:38:00,12:38:10,stop_point:SP_3148,Penent,9
2346087,12:39:00,12:39:10,stop_point:SP_519,Gallieni,10
2346087,12:40:00,12:40:10,stop_point:SP_1436,Langlade,11
2346087,12:41:00,12:41:10,stop_point:SP_3779,Rond-Point Langlade,12
2346087,12:42:00,12:42:10,stop_point:SP_3025,Gironis - Mémorial AZF,13
2346087,12:43:00,12:43:10,stop_point:SP_931,Marchant,14
2346087,12:44:00,12:44:10,stop_point:SP_2330,Hubert Curien,15
2346087,12:44:00,12:44:10,stop_point:SP_324,Maison Commune,16
2346087,12:45:00,12:45:10,stop_point:SP_2491,Oncopole Courrière,17
2346087,12:46:00,12:46:10,stop_point:SP_5097,Oncopole - Lise Enjalbert,18
2346087,12:46:00,12:46:10,stop_point:SP_3604,IUC,19
2346087,12:47:00,12:47:10,stop_point:SP_3185,Route d'Espagne,20
2346087,12:48:00,12:48:10,stop_point:SP_4907,Joulin,21
2346087,12:49:00,12:49:10,stop_point:SP_3258,Larrieu,22
2346087,12:51:00,12:51:10,stop_point:SP_265,Clairfont,23
2346087,12:52:00,12:52:10,stop_point:SP_1374,Frênes,24
2346087,12:53:00,12:53:10,stop_point:SP_2247,Claire Fontaine,25
2346087,12:53:00,12:53:10,stop_point:SP_4000,Ecole Récébédou,26
2346087,12:54:00,12:54:10,stop_point:SP_4916,Ctre Cial Portet - Entrée 5,27
2346087,12:55:00,12:55:10,stop_point:SP_2008,Palanques,28
2346087,12:56:00,12:56:10,stop_point:SP_741,Ctre Cial Portet - Entrée 1,29
2346087,12:57:00,12:57:10,stop_point:SP_311,Bd de l'Europe,30
2346087,12:58:00,12:58:10,stop_point:SP_2882,Stade,31
2346087,12:59:00,12:59:10,stop_point:SP_3831,Occitanie,32
2346087,13:00:00,13:00:10,stop_point:SP_1947,Commerce,33
2346087,13:01:00,13:01:10,stop_point:SP_1897,Bosquets,34
2346087,13:02:00,13:02:10,stop_point:SP_4522,Jean Jaurès,35
2346087,13:04:00,13:04:10,stop_point:SP_4521,Portet Gare SNCF,36
2346088,13:00:00,13:00:10,stop_point:SP_461,Empalot,1
2346088,13:02:00,13:02:10,stop_point:SP_5378,Passerelle A. Conti,2
2346088,13:02:00,13:02:10,stop_point:SP_3506,Daste,3
2346088,13:03:00,13:03:10,stop_point:SP_806,Stadium Est,4
2346088,13:04:00,13:04:10,stop_point:SP_1012,Stadium Ouest,5
2346088,13:05:00,13:05:10,stop_point:SP_3759,Croix de Pierre,6
2346088,13:06:00,13:06:10,stop_point:SP_3915,Roc,7
2346088,13:07:00,13:07:10,stop_point:SP_3822,Barrière de Muret,8
2346088,13:08:00,13:08:10,stop_point:SP_3148,Penent,9
2346088,13:09:00,13:09:10,stop_point:SP_519,Gallieni,10
2346088,13:10:00,13:10:10,stop_point:SP_1436,Langlade,11
2346088,13:11:00,13:11:10,stop_point:SP_3779,Rond-Point Langlade,12
2346088,13:12:00,13:12:10,stop_point:SP_3025,Gironis - Mémorial AZF,13
2346088,13:13:00,13:13:10,stop_point:SP_931,Marchant,14
2346088,13:14:00,13:14:10,stop_point:SP_2330,Hubert Curien,15
2346088,13:14:00,13:14:10,stop_point:SP_324,Maison Commune,16
2346088,13:15:00,13:15:10,stop_point:SP_2491,Oncopole Courrière,17
2346088,13:16:00,13:16:10,stop_point:SP_5097,Oncopole - Lise Enjalbert,18
2346088,13:16:00,13:16:10,stop_point:SP_3604,IUC,19
2346088,13:17:00,13:17:10,stop_point:SP_3185,Route d'Espagne,20
2346088,13:18:00,13:18:10,stop_point:SP_4907,Joulin,21
2346088,13:19:00,13:19:10,stop_point:SP_3258,Larrieu,22
2346088,13:21:00,13:21:10,stop_point:SP_265,Clairfont,23
2346088,13:22:00,13:22:10,stop_point:SP_1374,Frênes,24
2346088,13:23:00,13:23:10,stop_point:SP_2247,Claire Fontaine,25
2346088,13:23:00,13:23:10,stop_point:SP_4000,Ecole Récébédou,26
2346088,13:24:00,13:24:10,stop_point:SP_4916,Ctre Cial Portet - Entrée 5,27
2346088,13:25:00,13:25:10,stop_point:SP_2008,Palanques,28
2346088,13:26:00,13:26:10,stop_point:SP_741,Ctre Cial Portet - Entrée 1,29
2346088,13:27:00,13:27:10,stop_point:SP_311,Bd de l'Europe,30
2346088,13:28:00,13:28:10,stop_point:SP_2882,Stade,31
2346088,13:29:00,13:29:10,stop_point:SP_3831,Occitanie,32
2346088,13:30:00,13:30:10,stop_point:SP_1947,Commerce,33
2346088,13:31:00,13:31:10,stop_point:SP_1897,Bosquets,34
2346088,13:32:00,13:32:10,stop_point:SP_4522,Jean Jaurès,35
2346088,13:34:00,13:34:10,stop_point:SP_4521,Portet Gare SNCF,36
2346089,13:30:00,13:30:10,stop_point:SP_461,Empalot,1
2346089,13:32:00,13:32:10,stop_point:SP_5378,Passerelle A. Conti,2
2346089,13:32:00,13:32:10,stop_point:SP_3506,Daste,3
2346089,13:33:00,13:33:10,stop_point:SP_806,Stadium Est,4
2346089,13:34:00,13:34:10,stop_point:SP_1012,Stadium Ouest,5
2346089,13:35:00,13:35:10,stop_point:SP_3759,Croix de Pierre,6
2346089,13:36:00,13:36:10,stop_point:SP_3915,Roc,7
2346089,13:37:00,13:37:10,stop_point:SP_3822,Barrière de Muret,8
2346089,13:38:00,13:38:10,stop_point:SP_3148,Penent,9
2346089,13:39:00,13:39:10,stop_point:SP_519,Gallieni,10
2346089,13:40:00,13:40:10,stop_point:SP_1436,Langlade,11
2346089,13:41:00,13:41:10,stop_point:SP_3779,Rond-Point Langlade,12
2346089,13:42:00,13:42:10,stop_point:SP_3025,Gironis - Mémorial AZF,13
2346089,13:43:00,13:43:10,stop_point:SP_931,Marchant,14
2346089,13:44:00,13:44:10,stop_point:SP_2330,Hubert Curien,15
2346089,13:44:00,13:44:10,stop_point:SP_324,Maison Commune,16
2346089,13:45:00,13:45:10,stop_point:SP_2491,Oncopole Courrière,17
2346089,13:46:00,13:46:10,stop_point:SP_5097,Oncopole - Lise Enjalbert,18
2346089,13:46:00,13:46:10,stop_point:SP_3604,IUC,19
2346089,13:47:00,13:47:10,stop_point:SP_3185,Route d'Espagne,20
2346089,13:48:00,13:48:10,stop_point:SP_4907,Joulin,21
2346089,13:49:00,13:49:10,stop_point:SP_3258,Larrieu,22
2346089,13:51:00,13:51:10,stop_point:SP_265,Clairfont,23
2346089,13:52:00,13:52:10,stop_point:SP_1374,Frênes,24
2346089,13:53:00,13:53:10,stop_point:SP_2247,Claire Fontaine,25
2346089,13:53:00,13:53:10,stop_point:SP_4000,Ecole Récébédou,26
2346089,13:54:00,13:54:10,stop_point:SP_4916,Ctre Cial Portet - Entrée 5,27
2346089,13:55:00,13:55:10,stop_point:SP_2008,Palanques,28
2346089,13:56:00,13:56:10,stop_point:SP_741,Ctre Cial Portet - Entrée 1,29
2346089,13:57:00,13:57:10,stop_point:SP_311,Bd de l'Europe,30
2346089,13:58:00,13:58:10,stop_point:SP_2882,Stade,31
2346089,13:59:00,13:59:10,stop_point:SP_3831,Occitanie,32
2346089,14:00:00,14:00:10,stop_point:SP_1947,Commerce,33
2346089,14:01:00,14:01:10,stop_point:SP_1897,Bosquets,34
2346089,14:02:00,14:02:10,stop_point:SP_4522,Jean Jaurès,35
2346089,14:04:00,14:04:10,stop_point:SP_4521,Portet Gare SNCF,36
2346090,14:00:00,14:00:10,stop_point:SP_461,Empalot,1
2346090,14:02:00,14:02:10,stop_point:SP_5378,Passerelle A. Conti,2
2346090,14:02:00,14:02:10,stop_point:SP_3506,Daste,3
2346090,14:03:00,14:03:10,stop_point:SP_806,Stadium Est,4
2346090,14:04:00,14:04:10,stop_point:SP_1012,Stadium Ouest,5
2346090,14:05:00,14:05:10,stop_point:SP_3759,Croix de Pierre,6
2346090,14:06:00,14:06:10,stop_point:SP_3915,Roc,7
2346090,14:07:00,14:07:10,stop_point:SP_3822,Barrière de Muret,8
2346090,14:08:00,14:08:10,stop_point:SP_3148,Penent,9
2346090,14:09:00,14:09:10,stop_point:SP_519,Gallieni,10
2346090,14:10:00,14:10:10,stop_point:SP_1436,Langlade,11
2346090,14:11:00,14:11:10,stop_point:SP_3779,Rond-Point Langlade,12
2346090,14:12:00,14:12:10,stop_point:SP_3025,Gironis - Mémorial AZF,13
2346090,14:13:00,14:13:10,stop_point:SP_931,Marchant,14
2346090,14:14:00,14:14:10,stop_point:SP_2330,Hubert Curien,15
2346090,14:14:00,14:14:10,stop_point:SP_324,Maison Commune,16
2346090,14:15:00,14:15:10,stop_point:SP_2491,Oncopole Courrière,17
2346090,14:16:00,14:16:10,stop_point:SP_5097,Oncopole - Lise Enjalbert,18
2346090,14:16:00,14:16:10,stop_point:SP_3604,IUC,19
2346090,14:17:00,14:17:10,stop_point:SP_3185,Route d'Espagne,20
2346090,14:18:00,14:18:10,stop_point:SP_4907,Joulin,21
2346090,14:19:00,14:19:10,stop_point:SP_3258,Larrieu,22
2346090,14:21:00,14:21:10,stop_point:SP_265,Clairfont,23
2346090,14:22:00,14:22:10,stop_point:SP_1374,Frênes,24
2346090,14:23:00,14:23:10,stop_point:SP_2247,Claire Fontaine,25
2346090,14:23:00,14:23:10,stop_point:SP_4000,Ecole Récébédou,26
2346090,14:24:00,14:24:10,stop_point:SP_4916,Ctre Cial Portet - Entrée 5,27
2346090,14:25:00,14:25:10,stop_point:SP_2008,Palanques,28
2346090,14:26:00,14:26:10,stop_point:SP_741,Ctre Cial Portet - Entrée 1,29
2346090,14:27:00,14:27:10,stop_point:SP_311,Bd de l'Europe,30
2346090,14:28:00,14:28:10,stop_point:SP_2882,Stade,31
2346090,14:29:00,14:29:10,stop_point:SP_3831,Occitanie,32
2346090,14:30:00,14:30:10,stop_point:SP_1947,Commerce,33
2346090,14:31:00,14:31:10,stop_point:SP_1897,Bosquets,34
2346090,14:32:00,14:32:10,stop_point:SP_4522,Jean Jaurès,35
2346090,14:34:00,14:34:10,stop_point:SP_4521,Portet Gare SNCF,36
2346091,14:30:00,14:30:10,stop_point:SP_461,Empalot,1
2346091,14:32:00,14:32:10,stop_point:SP_5378,Passerelle A. Conti,2
2346091,14:32:00,14:32:10,stop_point:SP_3506,Daste,3
2346091,14:33:00,14:33:10,stop_point:SP_806,Stadium Est,4
2346091,14:34:00,14:34:10,stop_point:SP_1012,Stadium Ouest,5
2346091,14:35:00,14:35:10,stop_point:SP_3759,Croix de Pierre,6
2346091,14:36:00,14:36:10,stop_point:SP_3915,Roc,7
2346091,14:37:00,14:37:10,stop_point:SP_3822,Barrière de Muret,8
2346091,14:37:00,14:37:10,stop_point:SP_3148,Penent,9
2346091,14:38:00,14:38:10,stop_point:SP_519,Gallieni,10
2346091,14:39:00,14:39:10,stop_point:SP_1436,Langlade,11
2346091,14:40:00,14:40:10,stop_point:SP_3779,Rond-Point Langlade,12
2346091,14:41:00,14:41:10,stop_point:SP_3025,Gironis - Mémorial AZF,13
2346091,14:42:00,14:42:10,stop_point:SP_931,Marchant,14
2346091,14:43:00,14:43:10,stop_point:SP_2330,Hubert Curien,15
2346091,14:43:00,14:43:10,stop_point:SP_324,Maison Commune,16
2346091,14:44:00,14:44:10,stop_point:SP_2491,Oncopole Courrière,17
2346091,14:45:00,14:45:10,stop_point:SP_5097,Oncopole - Lise Enjalbert,18
2346091,14:45:00,14:45:10,stop_point:SP_3604,IUC,19
2346091,14:46:00,14:46:10,stop_point:SP_3185,Route d'Espagne,20
2346091,14:47:00,14:47:10,stop_point:SP_4907,Joulin,21
2346091,14:48:00,14:48:10,stop_point:SP_3258,Larrieu,22
2346091,14:50:00,14:50:10,stop_point:SP_265,Clairfont,23
2346091,14:51:00,14:51:10,stop_point:SP_1374,Frênes,24
2346091,14:52:00,14:52:10,stop_point:SP_2247,Claire Fontaine,25
2346091,14:52:00,14:52:10,stop_point:SP_4000,Ecole Récébédou,26
2346091,14:53:00,14:53:10,stop_point:SP_4916,Ctre Cial Portet - Entrée 5,27
2346091,14:54:00,14:54:10,stop_point:SP_2008,Palanques,28
2346091,14:55:00,14:55:10,stop_point:SP_741,Ctre Cial Portet - Entrée 1,29
2346091,14:56:00,14:56:10,stop_point:SP_311,Bd de l'Europe,30
2346091,14:57:00,14:57:10,stop_point:SP_2882,Stade,31
2346091,14:58:00,14:58:10,stop_point:SP_3831,Occitanie,32
2346091,14:59:00,14:59:10,stop_point:SP_1947,Commerce,33
2346091,15:00:00,15:00:10,stop_point:SP_1897,Bosquets,34
2346091,15:01:00,15:01:10,stop_point:SP_4522,Jean Jaurès,35
2346091,15:03:00,15:03:10,stop_point:SP_4521,Portet Gare SNCF,36
2346092,15:00:00,15:00:10,stop_point:SP_461,Empalot,1
2346092,15:02:00,15:02:10,stop_point:SP_5378,Passerelle A. Conti,2
2346092,15:02:00,15:02:10,stop_point:SP_3506,Daste,3
2346092,15:03:00,15:03:10,stop_point:SP_806,Stadium Est,4
2346092,15:04:00,15:04:10,stop_point:SP_1012,Stadium Ouest,5
2346092,15:05:00,15:05:10,stop_point:SP_3759,Croix de Pierre,6
2346092,15:06:00,15:06:10,stop_point:SP_3915,Roc,7
2346092,15:07:00,15:07:10,stop_point:SP_3822,Barrière de Muret,8
2346092,15:07:00,15:07:10,stop_point:SP_3148,Penent,9
2346092,15:08:00,15:08:10,stop_point:SP_519,Gallieni,10
2346092,15:09:00,15:09:10,stop_point:SP_1436,Langlade,11
2346092,15:10:00,15:10:10,stop_point:SP_3779,Rond-Point Langlade,12
2346092,15:11:00,15:11:10,stop_point:SP_3025,Gironis - Mémorial AZF,13
2346092,15:12:00,15:12:10,stop_point:SP_931,Marchant,14
2346092,15:13:00,15:13:10,stop_point:SP_2330,Hubert Curien,15
2346092,15:13:00,15:13:10,stop_point:SP_324,Maison Commune,16
2346092,15:14:00,15:14:10,stop_point:SP_2491,Oncopole Courrière,17
2346092,15:15:00,15:15:10,stop_point:SP_5097,Oncopole - Lise Enjalbert,18
2346092,15:15:00,15:15:10,stop_point:SP_3604,IUC,19
2346092,15:16:00,15:16:10,stop_point:SP_3185,Route d'Espagne,20
2346092,15:17:00,15:17:10,stop_point:SP_4907,Joulin,21
2346092,15:18:00,15:18:10,stop_point:SP_3258,Larrieu,22
2346092,15:20:00,15:20:10,stop_point:SP_265,Clairfont,23
2346092,15:21:00,15:21:10,stop_point:SP_1374,Frênes,24
2346092,15:22:00,15:22:10,stop_point:SP_2247,Claire Fontaine,25
2346092,15:22:00,15:22:10,stop_point:SP_4000,Ecole Récébédou,26
2346092,15:23:00,15:23:10,stop_point:SP_4916,Ctre Cial Portet - Entrée 5,27
2346092,15:24:00,15:24:10,stop_point:SP_2008,Palanques,28
2346092,15:25:00,15:25:10,stop_point:SP_741,Ctre Cial Portet - Entrée 1,29
2346092,15:26:00,15:26:10,stop_point:SP_311,Bd de l'Europe,30
2346092,15:27:00,15:27:10,stop_point:SP_2882,Stade,31
2346092,15:28:00,15:28:10,stop_point:SP_3831,Occitanie,32
2346092,15:29:00,15:29:10,stop_point:SP_1947,Commerce,33
2346092,15:30:00,15:30:10,stop_point:SP_1897,Bosquets,34
2346092,15:31:00,15:31:10,stop_point:SP_4522,Jean Jaurès,35
2346092,15:33:00,15:33:10,stop_point:SP_4521,Portet Gare SNCF,36
2346093,15:30:00,15:30:10,stop_point:SP_461,Empalot,1
2346093,15:32:00,15:32:10,stop_point:SP_5378,Passerelle A. Conti,2
2346093,15:32:00,15:32:10,stop_point:SP_3506,Daste,3
2346093,15:33:00,15:33:10,stop_point:SP_806,Stadium Est,4
2346093,15:34:00,15:34:10,stop_point:SP_1012,Stadium Ouest,5
2346093,15:35:00,15:35:10,stop_point:SP_3759,Croix de Pierre,6
2346093,15:36:00,15:36:10,stop_point:SP_3915,Roc,7
2346093,15:37:00,15:37:10,stop_point:SP_3822,Barrière de Muret,8
2346093,15:37:00,15:37:10,stop_point:SP_3148,Penent,9
2346093,15:38:00,15:38:10,stop_point:SP_519,Gallieni,10
2346093,15:39:00,15:39:10,stop_point:SP_1436,Langlade,11
2346093,15:40:00,15:40:10,stop_point:SP_3779,Rond-Point Langlade,12
2346093,15:41:00,15:41:10,stop_point:SP_3025,Gironis - Mémorial AZF,13
2346093,15:42:00,15:42:10,stop_point:SP_931,Marchant,14
2346093,15:43:00,15:43:10,stop_point:SP_2330,Hubert Curien,15
2346093,15:43:00,15:43:10,stop_point:SP_324,Maison Commune,16
2346093,15:44:00,15:44:10,stop_point:SP_2491,Oncopole Courrière,17
2346093,15:45:00,15:45:10,stop_point:SP_5097,Oncopole - Lise Enjalbert,18
2346093,15:45:00,15:45:10,stop_point:SP_3604,IUC,19
2346093,15:46:00,15:46:10,stop_point:SP_3185,Route d'Espagne,20
2346093,15:47:00,15:47:10,stop_point:SP_4907,Joulin,21
2346093,15:48:00,15:48:10,stop_point:SP_3258,Larrieu,22
2346093,15:50:00,15:50:10,stop_point:SP_265,Clairfont,23
2346093,15:51:00,15:51:10,stop_point:SP_1374,Frênes,24
2346093,15:52:00,15:52:10,stop_point:SP_2247,Claire Fontaine,25
2346093,15:52:00,15:52:10,stop_point:SP_4000,Ecole Récébédou,26
2346093,15:53:00,15:53:10,stop_point:SP_4916,Ctre Cial Portet - Entrée 5,27
2346093,15:54:00,15:54:10,stop_point:SP_2008,Palanques,28
2346093,15:55:00,15:55:10,stop_point:SP_741,Ctre Cial Portet - Entrée 1,29
2346093,15:56:00,15:56:10,stop_point:SP_311,Bd de l'Europe,30
2346093,15:57:00,15:57:10,stop_point:SP_2882,Stade,31
2346093,15:58:00,15:58:10,stop_point:SP_3831,Occitanie,32
2346093,15:59:00,15:59:10,stop_point:SP_1947,Commerce,33
2346093,16:00:00,16:00:10,stop_point:SP_1897,Bosquets,34
2346093,16:01:00,16:01:10,stop_point:SP_4522,Jean Jaurès,35
2346093,16:03:00,16:03:10,stop_point:SP_4521,Portet Gare SNCF,36
2346094,16:00:00,16:00:10,stop_point:SP_461,Empalot,1
2346094,16:02:00,16:02:10,stop_point:SP_5378,Passerelle A. Conti,2
2346094,16:02:00,16:02:10,stop_point:SP_3506,Daste,3
2346094,16:03:00,16:03:10,stop_point:SP_806,Stadium Est,4
2346094,16:04:00,16:04:10,stop_point:SP_1012,Stadium Ouest,5
2346094,16:05:00,16:05:10,stop_point:SP_3759,Croix de Pierre,6
2346094,16:06:00,16:06:10,stop_point:SP_3915,Roc,7
2346094,16:07:00,16:07:10,stop_point:SP_3822,Barrière de Muret,8
2346094,16:07:00,16:07:10,stop_point:SP_3148,Penent,9
2346094,16:08:00,16:08:10,stop_point:SP_519,Gallieni,10
2346094,16:09:00,16:09:10,stop_point:SP_1436,Langlade,11
2346094,16:10:00,16:10:10,stop_point:SP_3779,Rond-Point Langlade,12
2346094,16:11:00,16:11:10,stop_point:SP_3025,Gironis - Mémorial AZF,13
2346094,16:12:00,16:12:10,stop_point:SP_931,Marchant,14
2346094,16:13:00,16:13:10,stop_point:SP_2330,Hubert Curien,15
2346094,16:13:00,16:13:10,stop_point:SP_324,Maison Commune,16
2346094,16:14:00,16:14:10,stop_point:SP_2491,Oncopole Courrière,17
2346094,16:15:00,16:15:10,stop_point:SP_5097,Oncopole - Lise Enjalbert,18
2346094,16:15:00,16:15:10,stop_point:SP_3604,IUC,19
2346094,16:16:00,16:16:10,stop_point:SP_3185,Route d'Espagne,20
2346094,16:17:00,16:17:10,stop_point:SP_4907,Joulin,21
2346094,16:18:00,16:18:10,stop_point:SP_3258,Larrieu,22
2346094,16:20:00,16:20:10,stop_point:SP_265,Clairfont,23
2346094,16:21:00,16:21:10,stop_point:SP_1374,Frênes,24
2346094,16:22:00,16:22:10,stop_point:SP_2247,Claire Fontaine,25
2346094,16:22:00,16:22:10,stop_point:SP_4000,Ecole Récébédou,26
2346094,16:23:00,16:23:10,stop_point:SP_4916,Ctre Cial Portet - Entrée 5,27
2346094,16:24:00,16:24:10,stop_point:SP_2008,Palanques,28
2346094,16:25:00,16:25:10,stop_point:SP_741,Ctre Cial Portet - Entrée 1,29
2346094,16:26:00,16:26:10,stop_point:SP_311,Bd de l'Europe,30
2346094,16:27:00,16:27:10,stop_point:SP_2882,Stade,31
2346094,16:28:00,16:28:10,stop_point:SP_3831,Occitanie,32
2346094,16:29:00,16:29:10,stop_point:SP_1947,Commerce,33
2346094,16:30:00,16:30:10,stop_point:SP_1897,Bosquets,34
2346094,16:31:00,16:31:10,stop_point:SP_4522,Jean Jaurès,35
2346094,16:33:00,16:33:10,stop_point:SP_4521,Portet Gare SNCF,36
2346095,16:30:00,16:30:10,stop_point:SP_461,Empalot,1
2346095,16:32:00,16:32:10,stop_point:SP_5378,Passerelle A. Conti,2
2346095,16:32:00,16:32:10,stop_point:SP_3506,Daste,3
2346095,16:33:00,16:33:10,stop_point:SP_806,Stadium Est,4
2346095,16:34:00,16:34:10,stop_point:SP_1012,Stadium Ouest,5
2346095,16:35:00,16:35:10,stop_point:SP_3759,Croix de Pierre,6
2346095,16:36:00,16:36:10,stop_point:SP_3915,Roc,7
2346095,16:37:00,16:37:10,stop_point:SP_3822,Barrière de Muret,8
2346095,16:37:00,16:37:10,stop_point:SP_3148,Penent,9
2346095,16:38:00,16:38:10,stop_point:SP_519,Gallieni,10
2346095,16:39:00,16:39:10,stop_point:SP_1436,Langlade,11
2346095,16:40:00,16:40:10,stop_point:SP_3779,Rond-Point Langlade,12
2346095,16:41:00,16:41:10,stop_point:SP_3025,Gironis - Mémorial AZF,13
2346095,16:42:00,16:42:10,stop_point:SP_931,Marchant,14
2346095,16:43:00,16:43:10,stop_point:SP_2330,Hubert Curien,15
2346095,16:43:00,16:43:10,stop_point:SP_324,Maison Commune,16
2346095,16:44:00,16:44:10,stop_point:SP_2491,Oncopole Courrière,17
2346095,16:45:00,16:45:10,stop_point:SP_5097,Oncopole - Lise Enjalbert,18
2346095,16:45:00,16:45:10,stop_point:SP_3604,IUC,19
2346095,16:46:00,16:46:10,stop_point:SP_3185,Route d'Espagne,20
2346095,16:47:00,16:47:10,stop_point:SP_4907,Joulin,21
2346095,16:48:00,16:48:10,stop_point:SP_3258,Larrieu,22
2346095,16:50:00,16:50:10,stop_point:SP_265,Clairfont,23
2346095,16:51:00,16:51:10,stop_point:SP_1374,Frênes,24
2346095,16:52:00,16:52:10,stop_point:SP_2247,Claire Fontaine,25
2346095,16:52:00,16:52:10,stop_point:SP_4000,Ecole Récébédou,26
2346095,16:53:00,16:53:10,stop_point:SP_4916,Ctre Cial Portet - Entrée 5,27
2346095,16:54:00,16:54:10,stop_point:SP_2008,Palanques,28
2346095,16:55:00,16:55:10,stop_point:SP_741,Ctre Cial Portet - Entrée 1,29
2346095,16:56:00,16:56:10,stop_point:SP_311,Bd de l'Europe,30
2346095,16:57:00,16:57:10,stop_point:SP_2882,Stade,31
2346095,16:58:00,16:58:10,stop_point:SP_3831,Occitanie,32
2346095,16:59:00,16:59:10,stop_point:SP_1947,Commerce,33
2346095,17:00:00,17:00:10,stop_point:SP_1897,Bosquets,34
2346095,17:01:00,17:01:10,stop_point:SP_4522,Jean Jaurès,35
2346095,17:03:00,17:03:10,stop_point:SP_4521,Portet Gare SNCF,36
2346096,17:00:00,17:00:10,stop_point:SP_461,Empalot,1
2346096,17:02:00,17:02:10,stop_point:SP_5378,Passerelle A. Conti,2
2346096,17:02:00,17:02:10,stop_point:SP_3506,Daste,3
2346096,17:03:00,17:03:10,stop_point:SP_806,Stadium Est,4
2346096,17:04:00,17:04:10,stop_point:SP_1012,Stadium Ouest,5
2346096,17:05:00,17:05:10,stop_point:SP_3759,Croix de Pierre,6
2346096,17:06:00,17:06:10,stop_point:SP_3915,Roc,7
2346096,17:07:00,17:07:10,stop_point:SP_3822,Barrière de Muret,8
2346096,17:07:00,17:07:10,stop_point:SP_3148,Penent,9
2346096,17:08:00,17:08:10,stop_point:SP_519,Gallieni,10
2346096,17:09:00,17:09:10,stop_point:SP_1436,Langlade,11
2346096,17:10:00,17:10:10,stop_point:SP_3779,Rond-Point Langlade,12
2346096,17:11:00,17:11:10,stop_point:SP_3025,Gironis - Mémorial AZF,13
2346096,17:12:00,17:12:10,stop_point:SP_931,Marchant,14
2346096,17:13:00,17:13:10,stop_point:SP_2330,Hubert Curien,15
2346096,17:13:00,17:13:10,stop_point:SP_324,Maison Commune,16
2346096,17:14:00,17:14:10,stop_point:SP_2491,Oncopole Courrière,17
2346096,17:15:00,17:15:10,stop_point:SP_5097,Oncopole - Lise Enjalbert,18
2346096,17:15:00,17:15:10,stop_point:SP_3604,IUC,19
2346096,17:16:00,17:16:10,stop_point:SP_3185,Route d'Espagne,20
2346096,17:17:00,17:17:10,stop_point:SP_4907,Joulin,21
2346096,17:18:00,17:18:10,stop_point:SP_3258,Larrieu,22
2346096,17:20:00,17:20:10,stop_point:SP_265,Clairfont,23
2346096,17:21:00,17:21:10,stop_point:SP_1374,Frênes,24
2346096,17:22:00,17:22:10,stop_point:SP_2247,Claire Fontaine,25
2346096,17:22:00,17:22:10,stop_point:SP_4000,Ecole Récébédou,26
2346096,17:23:00,17:23:10,stop_point:SP_4916,Ctre Cial Portet - Entrée 5,27
2346096,17:24:00,17:24:10,stop_point:SP_2008,Palanques,28
2346096,17:25:00,17:25:10,stop_point:SP_741,Ctre Cial Portet - Entrée 1,29
2346096,17:26:00,17:26:10,stop_point:SP_311,Bd de l'Europe,30
2346096,17:27:00,17:27:10,stop_point:SP_2882,Stade,31
2346096,17:28:00,17:28:10,stop_point:SP_3831,Occitanie,32
2346096,17:29:00,17:29:10,stop_point:SP_1947,Commerce,33
2346096,17:30:00,17:30:10,stop_point:SP_1897,Bosquets,34
2346096,17:31:00,17:31:10,stop_point:SP_4522,Jean Jaurès,35
2346096,17:33:00,17:33:10,stop_point:SP_4521,Portet Gare SNCF,36
2346097,17:30:00,17:30:10,stop_point:SP_461,Empalot,1
2346097,17:32:00,17:32:10,stop_point:SP_5378,Passerelle A. Conti,2
2346097,17:32:00,17:32:10,stop_point:SP_3506,Daste,3
2346097,17:33:00,17:33:10,stop_point:SP_806,Stadium Est,4
2346097,17:34:00,17:34:10,stop_point:SP_1012,Stadium Ouest,5
2346097,17:35:00,17:35:10,stop_point:SP_3759,Croix de Pierre,6
2346097,17:36:00,17:36:10,stop_point:SP_3915,Roc,7
2346097,17:37:00,17:37:10,stop_point:SP_3822,Barrière de Muret,8
2346097,17:37:00,17:37:10,stop_point:SP_3148,Penent,9
2346097,17:38:00,17:38:10,stop_point:SP_519,Gallieni,10
2346097,17:39:00,17:39:10,stop_point:SP_1436,Langlade,11
2346097,17:40:00,17:40:10,stop_point:SP_3779,Rond-Point Langlade,12
2346097,17:41:00,17:41:10,stop_point:SP_3025,Gironis - Mémorial AZF,13
2346097,17:42:00,17:42:10,stop_point:SP_931,Marchant,14
2346097,17:43:00,17:43:10,stop_point:SP_2330,Hubert Curien,15
2346097,17:43:00,17:43:10,stop_point:SP_324,Maison Commune,16
2346097,17:44:00,17:44:10,stop_point:SP_2491,Oncopole Courrière,17
2346097,17:45:00,17:45:10,stop_point:SP_5097,Oncopole - Lise Enjalbert,18
2346097,17:45:00,17:45:10,stop_point:SP_3604,IUC,19
2346097,17:46:00,17:46:10,stop_point:SP_3185,Route d'Espagne,20
2346097,17:47:00,17:47:10,stop_point:SP_4907,Joulin,21
2346097,17:48:00,17:48:10,stop_point:SP_3258,Larrieu,22
2346097,17:50:00,17:50:10,stop_point:SP_265,Clairfont,23
2346097,17:51:00,17:51:10,stop_point:SP_1374,Frênes,24
2346097,17:52:00,17:52:10,stop_point:SP_2247,Claire Fontaine,25
2346097,17:52:00,17:52:10,stop_point:SP_4000,Ecole Récébédou,26
2346097,17:53:00,17:53:10,stop_point:SP_4916,Ctre Cial Portet - Entrée 5,27
2346097,17:54:00,17:54:10,stop_point:SP_2008,Palanques,28
2346097,17:55:00,17:55:10,stop_point:SP_741,Ctre Cial Portet - Entrée 1,29
2346097,17:56:00,17:56:10,stop_point:SP_311,Bd de l'Europe,30
2346097,17:57:00,17:57:10,stop_point:SP_2882,Stade,31
2346097,17:58:00,17:58:10,stop_point:SP_3831,Occitanie,32
2346097,17:59:00,17:59:10,stop_point:SP_1947,Commerce,33
2346097,18:00:00,18:00:10,stop_point:SP_1897,Bosquets,34
2346097,18:01:00,18:01:10,stop_point:SP_4522,Jean Jaurès,35
2346097,18:03:00,18:03:10,stop_point:SP_4521,Portet Gare SNCF,36
2346098,18:00:00,18:00:10,stop_point:SP_461,Empalot,1
2346098,18:02:00,18:02:10,stop_point:SP_5378,Passerelle A. Conti,2
2346098,18:02:00,18:02:10,stop_point:SP_3506,Daste,3
2346098,18:03:00,18:03:10,stop_point:SP_806,Stadium Est,4
2346098,18:04:00,18:04:10,stop_point:SP_1012,Stadium Ouest,5
2346098,18:05:00,18:05:10,stop_point:SP_3759,Croix de Pierre,6
2346098,18:06:00,18:06:10,stop_point:SP_3915,Roc,7
2346098,18:07:00,18:07:10,stop_point:SP_3822,Barrière de Muret,8
2346098,18:08:00,18:08:10,stop_point:SP_3148,Penent,9
2346098,18:09:00,18:09:10,stop_point:SP_519,Gallieni,10
2346098,18:10:00,18:10:10,stop_point:SP_1436,Langlade,11
2346098,18:11:00,18:11:10,stop_point:SP_3779,Rond-Point Langlade,12
2346098,18:12:00,18:12:10,stop_point:SP_3025,Gironis - Mémorial AZF,13
2346098,18:13:00,18:13:10,stop_point:SP_931,Marchant,14
2346098,18:14:00,18:14:10,stop_point:SP_2330,Hubert Curien,15
2346098,18:14:00,18:14:10,stop_point:SP_324,Maison Commune,16
2346098,18:15:00,18:15:10,stop_point:SP_2491,Oncopole Courrière,17
2346098,18:16:00,18:16:10,stop_point:SP_5097,Oncopole - Lise Enjalbert,18
2346098,18:16:00,18:16:10,stop_point:SP_3604,IUC,19
2346098,18:17:00,18:17:10,stop_point:SP_3185,Route d'Espagne,20
2346098,18:18:00,18:18:10,stop_point:SP_4907,Joulin,21
2346098,18:19:00,18:19:10,stop_point:SP_3258,Larrieu,22
2346098,18:21:00,18:21:10,stop_point:SP_265,Clairfont,23
2346098,18:22:00,18:22:10,stop_point:SP_1374,Frênes,24
2346098,18:23:00,18:23:10,stop_point:SP_2247,Claire Fontaine,25
2346098,18:23:00,18:23:10,stop_point:SP_4000,Ecole Récébédou,26
2346098,18:24:00,18:24:10,stop_point:SP_4916,Ctre Cial Portet - Entrée 5,27
2346098,18:25:00,18:25:10,stop_point:SP_2008,Palanques,28
2346098,18:26:00,18:26:10,stop_point:SP_741,Ctre Cial Portet - Entrée 1,29
2346098,18:27:00,18:27:10,stop_point:SP_311,Bd de l'Europe,30
2346098,18:28:00,18:28:10,stop_point:SP_2882,Stade,31
2346098,18:29:00,18:29:10,stop_point:SP_3831,Occitanie,32
2346098,18:30:00,18:30:10,stop_point:SP_1947,Commerce,33
2346098,18:31:00,18:31:10,stop_point:SP_1897,Bosquets,34
2346098,18:32:00,18:32:10,stop_point:SP_4522,Jean Jaurès,35
2346098,18:34:00,18:34:10,stop_point:SP_4521,Portet Gare SNCF,36
2346099,18:30:00,18:30:10,stop_point:SP_461,Empalot,1
2346099,18:32:00,18:32:10,stop_point:SP_5378,Passerelle A. Conti,2
2346099,18:32:00,18:32:10,stop_point:SP_3506,Daste,3
2346099,18:33:00,18:33:10,stop_point:SP_806,Stadium Est,4
2346099,18:34:00,18:34:10,stop_point:SP_1012,Stadium Ouest,5
2346099,18:35:00,18:35:10,stop_point:SP_3759,Croix de Pierre,6
2346099,18:36:00,18:36:10,stop_point:SP_3915,Roc,7
2346099,18:37:00,18:37:10,stop_point:SP_3822,Barrière de Muret,8
2346099,18:38:00,18:38:10,stop_point:SP_3148,Penent,9
2346099,18:39:00,18:39:10,stop_point:SP_519,Gallieni,10
2346099,18:40:00,18:40:10,stop_point:SP_1436,Langlade,11
2346099,18:41:00,18:41:10,stop_point:SP_3779,Rond-Point Langlade,12
2346099,18:42:00,18:42:10,stop_point:SP_3025,Gironis - Mémorial AZF,13
2346099,18:43:00,18:43:10,stop_point:SP_931,Marchant,14
2346099,18:44:00,18:44:10,stop_point:SP_2330,Hubert Curien,15
2346099,18:44:00,18:44:10,stop_point:SP_324,Maison Commune,16
2346099,18:45:00,18:45:10,stop_point:SP_2491,Oncopole Courrière,17
2346099,18:46:00,18:46:10,stop_point:SP_5097,Oncopole - Lise Enjalbert,18
2346099,18:46:00,18:46:10,stop_point:SP_3604,IUC,19
2346099,18:47:00,18:47:10,stop_point:SP_3185,Route d'Espagne,20
2346099,18:48:00,18:48:10,stop_point:SP_4907,Joulin,21
2346099,18:49:00,18:49:10,stop_point:SP_3258,Larrieu,22
2346099,18:51:00,18:51:10,stop_point:SP_265,Clairfont,23
2346099,18:52:00,18:52:10,stop_point:SP_1374,Frênes,24
2346099,18:53:00,18:53:10,stop_point:SP_2247,Claire Fontaine,25
2346099,18:53:00,18:53:10,stop_point:SP_4000,Ecole Récébédou,26
2346099,18:54:00,18:54:10,stop_point:SP_4916,Ctre Cial Portet - Entrée 5,27
2346099,18:55:00,18:55:10,stop_point:SP_2008,Palanques,28
2346099,18:56:00,18:56:10,stop_point:SP_741,Ctre Cial Portet - Entrée 1,29
2346099,18:57:00,18:57:10,stop_point:SP_311,Bd de l'Europe,30
2346099,18:58:00,18:58:10,stop_point:SP_2882,Stade,31
2346099,18:59:00,18:59:10,stop_point:SP_3831,Occitanie,32
2346099,19:00:00,19:00:10,stop_point:SP_1947,Commerce,33
2346099,19:01:00,19:01:10,stop_point:SP_1897,Bosquets,34
2346099,19:02:00,19:02:10,stop_point:SP_4522,Jean Jaurès,35
2346099,19:04:00,19:04:10,stop_point:SP_4521,Portet Gare SNCF,36
2346100,19:00:00,19:00:10,stop_point:SP_461,Empalot,1
2346100,19:02:00,19:02:10,stop_point:SP_5378,Passerelle A. Conti,2
2346100,19:02:00,19:02:10,stop_point:SP_3506,Daste,3
2346100,19:03:00,19:03:10,stop_point:SP_806,Stadium Est,4
2346100,19:04:00,19:04:10,stop_point:SP_1012,Stadium Ouest,5
2346100,19:05:00,19:05:10,stop_point:SP_3759,Croix de Pierre,6
2346100,19:06:00,19:06:10,stop_point:SP_3915,Roc,7
2346100,19:07:00,19:07:10,stop_point:SP_3822,Barrière de Muret,8
2346100,19:08:00,19:08:10,stop_point:SP_3148,Penent,9
2346100,19:09:00,19:09:10,stop_point:SP_519,Gallieni,10
2346100,19:10:00,19:10:10,stop_point:SP_1436,Langlade,11
2346100,19:11:00,19:11:10,stop_point:SP_3779,Rond-Point Langlade,12
2346100,19:12:00,19:12:10,stop_point:SP_3025,Gironis - Mémorial AZF,13
2346100,19:13:00,19:13:10,stop_point:SP_931,Marchant,14
2346100,19:14:00,19:14:10,stop_point:SP_2330,Hubert Curien,15
2346100,19:14:00,19:14:10,stop_point:SP_324,Maison Commune,16
2346100,19:15:00,19:15:10,stop_point:SP_2491,Oncopole Courrière,17
2346100,19:16:00,19:16:10,stop_point:SP_5097,Oncopole - Lise Enjalbert,18
2346100,19:16:00,19:16:10,stop_point:SP_3604,IUC,19
2346100,19:17:00,19:17:10,stop_point:SP_3185,Route d'Espagne,20
2346100,19:18:00,19:18:10,stop_point:SP_4907,Joulin,21
2346100,19:19:00,19:19:10,stop_point:SP_3258,Larrieu,22
2346100,19:21:00,19:21:10,stop_point:SP_265,Clairfont,23
2346100,19:22:00,19:22:10,stop_point:SP_1374,Frênes,24
2346100,19:23:00,19:23:10,stop_point:SP_2247,Claire Fontaine,25
2346100,19:23:00,19:23:10,stop_point:SP_4000,Ecole Récébédou,26
2346100,19:24:00,19:24:10,stop_point:SP_4916,Ctre Cial Portet - Entrée 5,27
2346100,19:25:00,19:25:10,stop_point:SP_2008,Palanques,28
2346100,19:26:00,19:26:10,stop_point:SP_741,Ctre Cial Portet - Entrée 1,29
2346100,19:27:00,19:27:10,stop_point:SP_311,Bd de l'Europe,30
2346100,19:27:00,19:27:10,stop_point:SP_2882,Stade,31
2346100,19:28:00,19:28:10,stop_point:SP_3831,Occitanie,32
2346100,19:29:00,19:29:10,stop_point:SP_1947,Commerce,33
2346100,19:30:00,19:30:10,stop_point:SP_1897,Bosquets,34
2346100,19:31:00,19:31:10,stop_point:SP_4522,Jean Jaurès,35
2346100,19:33:00,19:33:10,stop_point:SP_4521,Portet Gare SNCF,36
2346101,19:30:00,19:30:10,stop_point:SP_461,Empalot,1
2346101,19:32:00,19:32:10,stop_point:SP_5378,Passerelle A. Conti,2
2346101,19:32:00,19:32:10,stop_point:SP_3506,Daste,3
2346101,19:33:00,19:33:10,stop_point:SP_806,Stadium Est,4
2346101,19:34:00,19:34:10,stop_point:SP_1012,Stadium Ouest,5
2346101,19:35:00,19:35:10,stop_point:SP_3759,Croix de Pierre,6
2346101,19:36:00,19:36:10,stop_point:SP_3915,Roc,7
2346101,19:37:00,19:37:10,stop_point:SP_3822,Barrière de Muret,8
2346101,19:37:00,19:37:10,stop_point:SP_3148,Penent,9
2346101,19:38:00,19:38:10,stop_point:SP_519,Gallieni,10
2346101,19:39:00,19:39:10,stop_point:SP_1436,Langlade,11
2346101,19:40:00,19:40:10,stop_point:SP_3779,Rond-Point Langlade,12
2346101,19:41:00,19:41:10,stop_point:SP_3025,Gironis - Mémorial AZF,13
2346101,19:42:00,19:42:10,stop_point:SP_931,Marchant,14
2346101,19:43:00,19:43:10,stop_point:SP_2330,Hubert Curien,15
2346101,19:43:00,19:43:10,stop_point:SP_324,Maison Commune,16
2346101,19:44:00,19:44:10,stop_point:SP_2491,Oncopole Courrière,17
2346101,19:45:00,19:45:10,stop_point:SP_5097,Oncopole - Lise Enjalbert,18
2346101,19:45:00,19:45:10,stop_point:SP_3604,IUC,19
2346101,19:46:00,19:46:10,stop_point:SP_3185,Route d'Espagne,20
2346101,19:47:00,19:47:10,stop_point:SP_4907,Joulin,21
2346101,19:48:00,19:48:10,stop_point:SP_3258,Larrieu,22
2346101,19:50:00,19:50:10,stop_point:SP_265,Clairfont,23
2346101,19:51:00,19:51:10,stop_point:SP_1374,Frênes,24
2346101,19:52:00,19:52:10,stop_point:SP_2247,Claire Fontaine,25
2346101,19:52:00,19:52:10,stop_point:SP_4000,Ecole Récébédou,26
2346101,19:53:00,19:53:10,stop_point:SP_4916,Ctre Cial Portet - Entrée 5,27
2346101,19:54:00,19:54:10,stop_point:SP_2008,Palanques,28
2346101,19:55:00,19:55:10,stop_point:SP_741,Ctre Cial Portet - Entrée 1,29
2346101,19:56:00,19:56:10,stop_point:SP_311,Bd de l'Europe,30
2346101,19:56:00,19:56:10,stop_point:SP_2882,Stade,31
2346101,19:57:00,19:57:10,stop_point:SP_3831,Occitanie,32
2346101,19:58:00,19:58:10,stop_point:SP_1947,Commerce,33
2346101,19:59:00,19:59:10,stop_point:SP_1897,Bosquets,34
2346101,20:00:00,20:00:10,stop_point:SP_4522,Jean Jaurès,35
2346101,20:02:00,20:02:10,stop_point:SP_4521,Portet Gare SNCF,36
2346102,20:00:00,20:00:10,stop_point:SP_461,Empalot,1
2346102,20:02:00,20:02:10,stop_point:SP_5378,Passerelle A. Conti,2
2346102,20:02:00,20:02:10,stop_point:SP_3506,Daste,3
2346102,20:03:00,20:03:10,stop_point:SP_806,Stadium Est,4
2346102,20:04:00,20:04:10,stop_point:SP_1012,Stadium Ouest,5
2346102,20:05:00,20:05:10,stop_point:SP_3759,Croix de Pierre,6
2346102,20:06:00,20:06:10,stop_point:SP_3915,Roc,7
2346102,20:07:00,20:07:10,stop_point:SP_3822,Barrière de Muret,8
2346102,20:07:00,20:07:10,stop_point:SP_3148,Penent,9
2346102,20:08:00,20:08:10,stop_point:SP_519,Gallieni,10
2346102,20:09:00,20:09:10,stop_point:SP_1436,Langlade,11
2346102,20:10:00,20:10:10,stop_point:SP_3779,Rond-Point Langlade,12
2346102,20:11:00,20:11:10,stop_point:SP_3025,Gironis - Mémorial AZF,13
2346102,20:12:00,20:12:10,stop_point:SP_931,Marchant,14
2346102,20:13:00,20:13:10,stop_point:SP_2330,Hubert Curien,15
2346102,20:13:00,20:13:10,stop_point:SP_324,Maison Commune,16
2346102,20:14:00,20:14:10,stop_point:SP_2491,Oncopole Courrière,17
2346102,20:15:00,20:15:10,stop_point:SP_5097,Oncopole - Lise Enjalbert,18
2346102,20:15:00,20:15:10,stop_point:SP_3604,IUC,19
2346102,20:16:00,20:16:10,stop_point:SP_3185,Route d'Espagne,20
2346102,20:17:00,20:17:10,stop_point:SP_4907,Joulin,21
2346102,20:18:00,20:18:10,stop_point:SP_3258,Larrieu,22
2346102,20:20:00,20:20:10,stop_point:SP_265,Clairfont,23
2346102,20:21:00,20:21:10,stop_point:SP_1374,Frênes,24
2346102,20:22:00,20:22:10,stop_point:SP_2247,Claire Fontaine,25
2346102,20:22:00,20:22:10,stop_point:SP_4000,Ecole Récébédou,26
2346102,20:23:00,20:23:10,stop_point:SP_4916,Ctre Cial Portet - Entrée 5,27
2346102,20:24:00,20:24:10,stop_point:SP_2008,Palanques,28
2346102,20:25:00,20:25:10,stop_point:SP_741,Ctre Cial Portet - Entrée 1,29
2346102,20:26:00,20:26:10,stop_point:SP_311,Bd de l'Europe,30
2346102,20:26:00,20:26:10,stop_point:SP_2882,Stade,31
2346102,20:27:00,20:27:10,stop_point:SP_3831,Occitanie,32
2346102,20:28:00,20:28:10,stop_point:SP_1947,Commerce,33
2346102,20:29:00,20:29:10,stop_point:SP_1897,Bosquets,34
2346102,20:30:00,20:30:10,stop_point:SP_4522,Jean Jaurès,35
2346102,20:32:00,20:32:10,stop_point:SP_4521,Portet Gare SNCF,36
2346103,20:30:00,20:30:10,stop_point:SP_461,Empalot,1
2346103,20:32:00,20:32:10,stop_point:SP_5378,Passerelle A. Conti,2
2346103,20:32:00,20:32:10,stop_point:SP_3506,Daste,3
2346103,20:33:00,20:33:10,stop_point:SP_806,Stadium Est,4
2346103,20:34:00,20:34:10,stop_point:SP_1012,Stadium Ouest,5
2346103,20:35:00,20:35:10,stop_point:SP_3759,Croix de Pierre,6
2346103,20:36:00,20:36:10,stop_point:SP_3915,Roc,7
2346103,20:36:00,20:36:10,stop_point:SP_3822,Barrière de Muret,8
2346103,20:37:00,20:37:10,stop_point:SP_3148,Penent,9
2346103,20:38:00,20:38:10,stop_point:SP_519,Gallieni,10
2346103,20:38:00,20:38:10,stop_point:SP_1436,Langlade,11
2346103,20:39:00,20:39:10,stop_point:SP_3779,Rond-Point Langlade,12
2346103,20:40:00,20:40:10,stop_point:SP_3025,Gironis - Mémorial AZF,13
2346103,20:41:00,20:41:10,stop_point:SP_931,Marchant,14
2346103,20:42:00,20:42:10,stop_point:SP_2330,Hubert Curien,15
2346103,20:42:00,20:42:10,stop_point:SP_324,Maison Commune,16
2346103,20:43:00,20:43:10,stop_point:SP_2491,Oncopole Courrière,17
2346103,20:44:00,20:44:10,stop_point:SP_5097,Oncopole - Lise Enjalbert,18
2346103,20:44:00,20:44:10,stop_point:SP_3604,IUC,19
2346103,20:45:00,20:45:10,stop_point:SP_3185,Route d'Espagne,20
2346103,20:46:00,20:46:10,stop_point:SP_4907,Joulin,21
2346103,20:47:00,20:47:10,stop_point:SP_3258,Larrieu,22
2346103,20:49:00,20:49:10,stop_point:SP_265,Clairfont,23
2346103,20:50:00,20:50:10,stop_point:SP_1374,Frênes,24
2346103,20:51:00,20:51:10,stop_point:SP_2247,Claire Fontaine,25
2346103,20:51:00,20:51:10,stop_point:SP_4000,Ecole Récébédou,26
2346103,20:52:00,20:52:10,stop_point:SP_4916,Ctre Cial Portet - Entrée 5,27
2346103,20:53:00,20:53:10,stop_point:SP_2008,Palanques,28
2346103,20:54:00,20:54:10,stop_point:SP_741,Ctre Cial Portet - Entrée 1,29
2346103,20:54:00,20:54:10,stop_point:SP_311,Bd de l'Europe,30
2346103,20:55:00,20:55:10,stop_point:SP_2882,Stade,31
2346103,20:56:00,20:56:10,stop_point:SP_3831,Occitanie,32
2346103,20:56:00,20:56:10,stop_point:SP_1947,Commerce,33
2346103,20:57:00,20:57:10,stop_point:SP_1897,Bosquets,34
2346103,20:58:00,20:58:10,stop_point:SP_4522,Jean Jaurès,35
2346103,21:00:00,21:00:10,stop_point:SP_4521,Portet Gare SNCF,36
2346104,21:00:00,21:00:10,stop_point:SP_461,Empalot,1
2346104,21:02:00,21:02:10,stop_point:SP_5378,Passerelle A. Conti,2
2346104,21:02:00,21:02:10,stop_point:SP_3506,Daste,3
2346104,21:03:00,21:03:10,stop_point:SP_806,Stadium Est,4
2346104,21:04:00,21:04:10,stop_point:SP_1012,Stadium Ouest,5
2346104,21:05:00,21:05:10,stop_point:SP_3759,Croix de Pierre,6
2346104,21:06:00,21:06:10,stop_point:SP_3915,Roc,7
2346104,21:06:00,21:06:10,stop_point:SP_3822,Barrière de Muret,8
2346104,21:07:00,21:07:10,stop_point:SP_3148,Penent,9
2346104,21:08:00,21:08:10,stop_point:SP_519,Gallieni,10
2346104,21:08:00,21:08:10,stop_point:SP_1436,Langlade,11
2346104,21:09:00,21:09:10,stop_point:SP_3779,Rond-Point Langlade,12
2346104,21:10:00,21:10:10,stop_point:SP_3025,Gironis - Mémorial AZF,13
2346104,21:11:00,21:11:10,stop_point:SP_931,Marchant,14
2346104,21:11:00,21:11:10,stop_point:SP_2330,Hubert Curien,15
2346104,21:12:00,21:12:10,stop_point:SP_324,Maison Commune,16
2346104,21:13:00,21:13:10,stop_point:SP_2491,Oncopole Courrière,17
2346104,21:13:00,21:13:10,stop_point:SP_5097,Oncopole - Lise Enjalbert,18
2346104,21:13:00,21:13:10,stop_point:SP_3604,IUC,19
2346104,21:14:00,21:14:10,stop_point:SP_3185,Route d'Espagne,20
2346104,21:15:00,21:15:10,stop_point:SP_4907,Joulin,21
2346104,21:16:00,21:16:10,stop_point:SP_3258,Larrieu,22
2346104,21:18:00,21:18:10,stop_point:SP_265,Clairfont,23
2346104,21:19:00,21:19:10,stop_point:SP_1374,Frênes,24
2346104,21:20:00,21:20:10,stop_point:SP_2247,Claire Fontaine,25
2346104,21:20:00,21:20:10,stop_point:SP_4000,Ecole Récébédou,26
2346104,21:21:00,21:21:10,stop_point:SP_4916,Ctre Cial Portet - Entrée 5,27
2346104,21:22:00,21:22:10,stop_point:SP_2008,Palanques,28
2346104,21:23:00,21:23:10,stop_point:SP_741,Ctre Cial Portet - Entrée 1,29
2346104,21:23:00,21:23:10,stop_point:SP_311,Bd de l'Europe,30
2346104,21:24:00,21:24:10,stop_point:SP_2882,Stade,31
2346104,21:25:00,21:25:10,stop_point:SP_3831,Occitanie,32
2346104,21:25:00,21:25:10,stop_point:SP_1947,Commerce,33
2346104,21:26:00,21:26:10,stop_point:SP_1897,Bosquets,34
2346104,21:27:00,21:27:10,stop_point:SP_4522,Jean Jaurès,35
2346104,21:29:00,21:29:10,stop_point:SP_4521,Portet Gare SNCF,36
2346105,21:30:00,21:30:10,stop_point:SP_461,Empalot,1
2346105,21:32:00,21:32:10,stop_point:SP_5378,Passerelle A. Conti,2
2346105,21:32:00,21:32:10,stop_point:SP_3506,Daste,3
2346105,21:33:00,21:33:10,stop_point:SP_806,Stadium Est,4
2346105,21:34:00,21:34:10,stop_point:SP_1012,Stadium Ouest,5
2346105,21:35:00,21:35:10,stop_point:SP_3759,Croix de Pierre,6
2346105,21:36:00,21:36:10,stop_point:SP_3915,Roc,7
2346105,21:36:00,21:36:10,stop_point:SP_3822,Barrière de Muret,8
2346105,21:37:00,21:37:10,stop_point:SP_3148,Penent,9
2346105,21:38:00,21:38:10,stop_point:SP_519,Gallieni,10
2346105,21:38:00,21:38:10,stop_point:SP_1436,Langlade,11
2346105,21:39:00,21:39:10,stop_point:SP_3779,Rond-Point Langlade,12
2346105,21:40:00,21:40:10,stop_point:SP_3025,Gironis - Mémorial AZF,13
2346105,21:41:00,21:41:10,stop_point:SP_931,Marchant,14
2346105,21:41:00,21:41:10,stop_point:SP_2330,Hubert Curien,15
2346105,21:42:00,21:42:10,stop_point:SP_324,Maison Commune,16
2346105,21:43:00,21:43:10,stop_point:SP_2491,Oncopole Courrière,17
2346105,21:43:00,21:43:10,stop_point:SP_5097,Oncopole - Lise Enjalbert,18
2346105,21:43:00,21:43:10,stop_point:SP_3604,IUC,19
2346105,21:44:00,21:44:10,stop_point:SP_3185,Route d'Espagne,20
2346105,21:44:00,21:44:10,stop_point:SP_4907,Joulin,21
2346105,21:45:00,21:45:10,stop_point:SP_3258,Larrieu,22
2346105,21:47:00,21:47:10,stop_point:SP_265,Clairfont,23
2346105,21:48:00,21:48:10,stop_point:SP_1374,Frênes,24
2346105,21:49:00,21:49:10,stop_point:SP_2247,Claire Fontaine,25
2346105,21:49:00,21:49:10,stop_point:SP_4000,Ecole Récébédou,26
2346105,21:50:00,21:50:10,stop_point:SP_4916,Ctre Cial Portet - Entrée 5,27
2346105,21:51:00,21:51:10,stop_point:SP_2008,Palanques,28
2346105,21:52:00,21:52:10,stop_point:SP_741,Ctre Cial Portet - Entrée 1,29
2346105,21:52:00,21:52:10,stop_point:SP_311,Bd de l'Europe,30
2346105,21:53:00,21:53:10,stop_point:SP_2882,Stade,31
2346105,21:54:00,21:54:10,stop_point:SP_3831,Occitanie,32
2346105,21:54:00,21:54:10,stop_point:SP_1947,Commerce,33
2346105,21:55:00,21:55:10,stop_point:SP_1897,Bosquets,34
2346105,21:56:00,21:56:10,stop_point:SP_4522,Jean Jaurès,35
2346105,21:58:00,21:58:10,stop_point:SP_4521,Portet Gare SNCF,36
2346106,22:00:00,22:00:10,stop_point:SP_461,Empalot,1
2346106,22:02:00,22:02:10,stop_point:SP_5378,Passerelle A. Conti,2
2346106,22:02:00,22:02:10,stop_point:SP_3506,Daste,3
2346106,22:03:00,22:03:10,stop_point:SP_806,Stadium Est,4
2346106,22:04:00,22:04:10,stop_point:SP_1012,Stadium Ouest,5
2346106,22:05:00,22:05:10,stop_point:SP_3759,Croix de Pierre,6
2346106,22:06:00,22:06:10,stop_point:SP_3915,Roc,7
2346106,22:06:00,22:06:10,stop_point:SP_3822,Barrière de Muret,8
2346106,22:07:00,22:07:10,stop_point:SP_3148,Penent,9
2346106,22:08:00,22:08:10,stop_point:SP_519,Gallieni,10
2346106,22:08:00,22:08:10,stop_point:SP_1436,Langlade,11
2346106,22:09:00,22:09:10,stop_point:SP_3779,Rond-Point Langlade,12
2346106,22:10:00,22:10:10,stop_point:SP_3025,Gironis - Mémorial AZF,13
2346106,22:11:00,22:11:10,stop_point:SP_931,Marchant,14
2346106,22:11:00,22:11:10,stop_point:SP_2330,Hubert Curien,15
2346106,22:12:00,22:12:10,stop_point:SP_324,Maison Commune,16
2346106,22:13:00,22:13:10,stop_point:SP_2491,Oncopole Courrière,17
2346106,22:13:00,22:13:10,stop_point:SP_5097,Oncopole - Lise Enjalbert,18
2346106,22:13:00,22:13:10,stop_point:SP_3604,IUC,19
2346106,22:14:00,22:14:10,stop_point:SP_3185,Route d'Espagne,20
2346106,22:14:00,22:14:10,stop_point:SP_4907,Joulin,21
2346106,22:15:00,22:15:10,stop_point:SP_3258,Larrieu,22
2346106,22:17:00,22:17:10,stop_point:SP_265,Clairfont,23
2346106,22:18:00,22:18:10,stop_point:SP_1374,Frênes,24
2346106,22:19:00,22:19:10,stop_point:SP_2247,Claire Fontaine,25
2346106,22:19:00,22:19:10,stop_point:SP_4000,Ecole Récébédou,26
2346106,22:20:00,22:20:10,stop_point:SP_4916,Ctre Cial Portet - Entrée 5,27
2346106,22:21:00,22:21:10,stop_point:SP_2008,Palanques,28
2346106,22:22:00,22:22:10,stop_point:SP_741,Ctre Cial Portet - Entrée 1,29
2346106,22:22:00,22:22:10,stop_point:SP_311,Bd de l'Europe,30
2346106,22:23:00,22:23:10,stop_point:SP_2882,Stade,31
2346106,22:24:00,22:24:10,stop_point:SP_3831,Occitanie,32
2346106,22:24:00,22:24:10,stop_point:SP_1947,Commerce,33
2346106,22:25:00,22:25:10,stop_point:SP_1897,Bosquets,34
2346106,22:26:00,22:26:10,stop_point:SP_4522,Jean Jaurès,35
2346106,22:28:00,22:28:10,stop_point:SP_4521,Portet Gare SNCF,36
2346107,22:30:00,22:30:10,stop_point:SP_461,Empalot,1
2346107,22:32:00,22:32:10,stop_point:SP_5378,Passerelle A. Conti,2
2346107,22:32:00,22:32:10,stop_point:SP_3506,Daste,3
2346107,22:33:00,22:33:10,stop_point:SP_806,Stadium Est,4
2346107,22:34:00,22:34:10,stop_point:SP_1012,Stadium Ouest,5
2346107,22:35:00,22:35:10,stop_point:SP_3759,Croix de Pierre,6
2346107,22:36:00,22:36:10,stop_point:SP_3915,Roc,7
2346107,22:36:00,22:36:10,stop_point:SP_3822,Barrière de Muret,8
2346107,22:37:00,22:37:10,stop_point:SP_3148,Penent,9
2346107,22:38:00,22:38:10,stop_point:SP_519,Gallieni,10
2346107,22:38:00,22:38:10,stop_point:SP_1436,Langlade,11
2346107,22:39:00,22:39:10,stop_point:SP_3779,Rond-Point Langlade,12
2346107,22:40:00,22:40:10,stop_point:SP_3025,Gironis - Mémorial AZF,13
2346107,22:41:00,22:41:10,stop_point:SP_931,Marchant,14
2346107,22:41:00,22:41:10,stop_point:SP_2330,Hubert Curien,15
2346107,22:42:00,22:42:10,stop_point:SP_324,Maison Commune,16
2346107,22:43:00,22:43:10,stop_point:SP_2491,Oncopole Courrière,17
2346107,22:43:00,22:43:10,stop_point:SP_5097,Oncopole - Lise Enjalbert,18
2346107,22:43:00,22:43:10,stop_point:SP_3604,IUC,19
2346107,22:44:00,22:44:10,stop_point:SP_3185,Route d'Espagne,20
2346107,22:44:00,22:44:10,stop_point:SP_4907,Joulin,21
2346107,22:45:00,22:45:10,stop_point:SP_3258,Larrieu,22
2346107,22:47:00,22:47:10,stop_point:SP_265,Clairfont,23
2346107,22:48:00,22:48:10,stop_point:SP_1374,Frênes,24
2346107,22:49:00,22:49:10,stop_point:SP_2247,Claire Fontaine,25
2346107,22:49:00,22:49:10,stop_point:SP_4000,Ecole Récébédou,26
2346107,22:50:00,22:50:10,stop_point:SP_4916,Ctre Cial Portet - Entrée 5,27
2346107,22:51:00,22:51:10,stop_point:SP_2008,Palanques,28
2346107,22:52:00,22:52:10,stop_point:SP_741,Ctre Cial Portet - Entrée 1,29
2346107,22:52:00,22:52:10,stop_point:SP_311,Bd de l'Europe,30
2346107,22:53:00,22:53:10,stop_point:SP_2882,Stade,31
2346107,22:54:00,22:54:10,stop_point:SP_3831,Occitanie,32
2346107,22:54:00,22:54:10,stop_point:SP_1947,Commerce,33
2346107,22:55:00,22:55:10,stop_point:SP_1897,Bosquets,34
2346107,22:56:00,22:56:10,stop_point:SP_4522,Jean Jaurès,35
2346107,22:58:00,22:58:10,stop_point:SP_4521,Portet Gare SNCF,36
2346108,23:00:00,23:00:10,stop_point:SP_461,Empalot,1
2346108,23:02:00,23:02:10,stop_point:SP_5378,Passerelle A. Conti,2
2346108,23:02:00,23:02:10,stop_point:SP_3506,Daste,3
2346108,23:03:00,23:03:10,stop_point:SP_806,Stadium Est,4
2346108,23:04:00,23:04:10,stop_point:SP_1012,Stadium Ouest,5
2346108,23:05:00,23:05:10,stop_point:SP_3759,Croix de Pierre,6
2346108,23:06:00,23:06:10,stop_point:SP_3915,Roc,7
2346108,23:06:00,23:06:10,stop_point:SP_3822,Barrière de Muret,8
2346108,23:07:00,23:07:10,stop_point:SP_3148,Penent,9
2346108,23:08:00,23:08:10,stop_point:SP_519,Gallieni,10
2346108,23:08:00,23:08:10,stop_point:SP_1436,Langlade,11
2346108,23:09:00,23:09:10,stop_point:SP_3779,Rond-Point Langlade,12
2346108,23:10:00,23:10:10,stop_point:SP_3025,Gironis - Mémorial AZF,13
2346108,23:11:00,23:11:10,stop_point:SP_931,Marchant,14
2346108,23:11:00,23:11:10,stop_point:SP_2330,Hubert Curien,15
2346108,23:12:00,23:12:10,stop_point:SP_324,Maison Commune,16
2346108,23:13:00,23:13:10,stop_point:SP_2491,Oncopole Courrière,17
2346108,23:13:00,23:13:10,stop_point:SP_5097,Oncopole - Lise Enjalbert,18
2346108,23:13:00,23:13:10,stop_point:SP_3604,IUC,19
2346108,23:14:00,23:14:10,stop_point:SP_3185,Route d'Espagne,20
2346108,23:14:00,23:14:10,stop_point:SP_4907,Joulin,21
2346108,23:15:00,23:15:10,stop_point:SP_3258,Larrieu,22
2346108,23:17:00,23:17:10,stop_point:SP_265,Clairfont,23
2346108,23:18:00,23:18:10,stop_point:SP_1374,Frênes,24
2346108,23:19:00,23:19:10,stop_point:SP_2247,Claire Fontaine,25
2346108,23:19:00,23:19:10,stop_point:SP_4000,Ecole Récébédou,26
2346108,23:20:00,23:20:10,stop_point:SP_4916,Ctre Cial Portet - Entrée 5,27
2346108,23:21:00,23:21:10,stop_point:SP_2008,Palanques,28
2346108,23:22:00,23:22:10,stop_point:SP_741,Ctre Cial Portet - Entrée 1,29
2346108,23:22:00,23:22:10,stop_point:SP_311,Bd de l'Europe,30
2346108,23:23:00,23:23:10,stop_point:SP_2882,Stade,31
2346108,23:24:00,23:24:10,stop_point:SP_3831,Occitanie,32
2346108,23:24:00,23:24:10,stop_point:SP_1947,Commerce,33
2346108,23:25:00,23:25:10,stop_point:SP_1897,Bosquets,34
2346108,23:26:00,23:26:10,stop_point:SP_4522,Jean Jaurès,35
2346108,23:28:00,23:28:10,stop_point:SP_4521,Portet Gare SNCF,36
2346109,23:30:00,23:30:10,stop_point:SP_461,Empalot,1
2346109,23:32:00,23:32:10,stop_point:SP_5378,Passerelle A. Conti,2
2346109,23:32:00,23:32:10,stop_point:SP_3506,Daste,3
2346109,23:33:00,23:33:10,stop_point:SP_806,Stadium Est,4
2346109,23:34:00,23:34:10,stop_point:SP_1012,Stadium Ouest,5
2346109,23:35:00,23:35:10,stop_point:SP_3759,Croix de Pierre,6
2346109,23:36:00,23:36:10,stop_point:SP_3915,Roc,7
2346109,23:36:00,23:36:10,stop_point:SP_3822,Barrière de Muret,8
2346109,23:37:00,23:37:10,stop_point:SP_3148,Penent,9
2346109,23:38:00,23:38:10,stop_point:SP_519,Gallieni,10
2346109,23:38:00,23:38:10,stop_point:SP_1436,Langlade,11
2346109,23:39:00,23:39:10,stop_point:SP_3779,Rond-Point Langlade,12
2346109,23:40:00,23:40:10,stop_point:SP_3025,Gironis - Mémorial AZF,13
2346109,23:41:00,23:41:10,stop_point:SP_931,Marchant,14
2346109,23:41:00,23:41:10,stop_point:SP_2330,Hubert Curien,15
2346109,23:42:00,23:42:10,stop_point:SP_324,Maison Commune,16
2346109,23:43:00,23:43:10,stop_point:SP_2491,Oncopole Courrière,17
2346109,23:43:00,23:43:10,stop_point:SP_5097,Oncopole - Lise Enjalbert,18
2346109,23:43:00,23:43:10,stop_point:SP_3604,IUC,19
2346109,23:44:00,23:44:10,stop_point:SP_3185,Route d'Espagne,20
2346109,23:44:00,23:44:10,stop_point:SP_4907,Joulin,21
2346109,23:45:00,23:45:10,stop_point:SP_3258,Larrieu,22
2346109,23:47:00,23:47:10,stop_point:SP_265,Clairfont,23
2346109,23:48:00,23:48:10,stop_point:SP_1374,Frênes,24
2346109,23:49:00,23:49:10,stop_point:SP_2247,Claire Fontaine,25
2346109,23:49:00,23:49:10,stop_point:SP_4000,Ecole Récébédou,26
2346109,23:50:00,23:50:10,stop_point:SP_4916,Ctre Cial Portet - Entrée 5,27
2346109,23:51:00,23:51:10,stop_point:SP_2008,Palanques,28
2346109,23:52:00,23:52:10,stop_point:SP_741,Ctre Cial Portet - Entrée 1,29
2346109,23:52:00,23:52:10,stop_point:SP_311,Bd de l'Europe,30
2346109,23:53:00,23:53:10,stop_point:SP_2882,Stade,31
2346109,23:54:00,23:54:10,stop_point:SP_3831,Occitanie,32
2346109,23:54:00,23:54:10,stop_point:SP_1947,Commerce,33
2346109,23:55:00,23:55:10,stop_point:SP_1897,Bosquets,34
2346109,23:56:00,23:56:10,stop_point:SP_4522,Jean Jaurès,35
2346109,23:58:00,23:58:10,stop_point:SP_4521,Portet Gare SNCF,36
2346110,24:00:00,24:00:10,stop_point:SP_461,Empalot,1
2346110,24:02:00,24:02:10,stop_point:SP_5378,Passerelle A. Conti,2
2346110,24:02:00,24:02:10,stop_point:SP_3506,Daste,3
2346110,24:03:00,24:03:10,stop_point:SP_806,Stadium Est,4
2346110,24:04:00,24:04:10,stop_point:SP_1012,Stadium Ouest,5
2346110,24:05:00,24:05:10,stop_point:SP_3759,Croix de Pierre,6
2346110,24:06:00,24:06:10,stop_point:SP_3915,Roc,7
2346110,24:06:00,24:06:10,stop_point:SP_3822,Barrière de Muret,8
2346110,24:07:00,24:07:10,stop_point:SP_3148,Penent,9
2346110,24:08:00,24:08:10,stop_point:SP_519,Gallieni,10
2346110,24:08:00,24:08:10,stop_point:SP_1436,Langlade,11
2346110,24:09:00,24:09:10,stop_point:SP_3779,Rond-Point Langlade,12
2346110,24:10:00,24:10:10,stop_point:SP_3025,Gironis - Mémorial AZF,13
2346110,24:11:00,24:11:10,stop_point:SP_931,Marchant,14
2346110,24:11:00,24:11:10,stop_point:SP_2330,Hubert Curien,15
2346110,24:12:00,24:12:10,stop_point:SP_324,Maison Commune,16
2346110,24:13:00,24:13:10,stop_point:SP_2491,Oncopole Courrière,17
2346110,24:13:00,24:13:10,stop_point:SP_5097,Oncopole - Lise Enjalbert,18
2346110,24:13:00,24:13:10,stop_point:SP_3604,IUC,19
2346110,24:14:00,24:14:10,stop_point:SP_3185,Route d'Espagne,20
2346110,24:14:00,24:14:10,stop_point:SP_4907,Joulin,21
2346110,24:15:00,24:15:10,stop_point:SP_3258,Larrieu,22
2346110,24:17:00,24:17:10,stop_point:SP_265,Clairfont,23
2346110,24:18:00,24:18:10,stop_point:SP_1374,Frênes,24
2346110,24:19:00,24:19:10,stop_point:SP_2247,Claire Fontaine,25
2346110,24:19:00,24:19:10,stop_point:SP_4000,Ecole Récébédou,26
2346110,24:20:00,24:20:10,stop_point:SP_4916,Ctre Cial Portet - Entrée 5,27
2346110,24:21:00,24:21:10,stop_point:SP_2008,Palanques,28
2346110,24:22:00,24:22:10,stop_point:SP_741,Ctre Cial Portet - Entrée 1,29
2346110,24:22:00,24:22:10,stop_point:SP_311,Bd de l'Europe,30
2346110,24:23:00,24:23:10,stop_point:SP_2882,Stade,31
2346110,24:24:00,24:24:10,stop_point:SP_3831,Occitanie,32
2346110,24:24:00,24:24:10,stop_point:SP_1947,Commerce,33
2346110,24:25:00,24:25:10,stop_point:SP_1897,Bosquets,34
2346110,24:26:00,24:26:10,stop_point:SP_4522,Jean Jaurès,35
2346110,24:28:00,24:28:10,stop_point:SP_4521,Portet Gare SNCF,36
2346111,24:30:00,24:30:10,stop_point:SP_461,Empalot,1
2346111,24:32:00,24:32:10,stop_point:SP_5378,Passerelle A. Conti,2
2346111,24:32:00,24:32:10,stop_point:SP_3506,Daste,3
2346111,24:33:00,24:33:10,stop_point:SP_806,Stadium Est,4
2346111,24:34:00,24:34:10,stop_point:SP_1012,Stadium Ouest,5
2346111,24:35:00,24:35:10,stop_point:SP_3759,Croix de Pierre,6
2346111,24:36:00,24:36:10,stop_point:SP_3915,Roc,7
2346111,24:36:00,24:36:10,stop_point:SP_3822,Barrière de Muret,8
2346111,24:37:00,24:37:10,stop_point:SP_3148,Penent,9
2346111,24:38:00,24:38:10,stop_point:SP_519,Gallieni,10
2346111,24:38:00,24:38:10,stop_point:SP_1436,Langlade,11
2346111,24:39:00,24:39:10,stop_point:SP_3779,Rond-Point Langlade,12
2346111,24:40:00,24:40:10,stop_point:SP_3025,Gironis - Mémorial AZF,13
2346111,24:41:00,24:41:10,stop_point:SP_931,Marchant,14
2346111,24:41:00,24:41:10,stop_point:SP_2330,Hubert Curien,15
2346111,24:42:00,24:42:10,stop_point:SP_324,Maison Commune,16
2346111,24:43:00,24:43:10,stop_point:SP_2491,Oncopole Courrière,17
2346111,24:43:00,24:43:10,stop_point:SP_5097,Oncopole - Lise Enjalbert,18
2346111,24:43:00,24:43:10,stop_point:SP_3604,IUC,19
2346111,24:44:00,24:44:10,stop_point:SP_3185,Route d'Espagne,20
2346111,24:44:00,24:44:10,stop_point:SP_4907,Joulin,21
2346111,24:45:00,24:45:10,stop_point:SP_3258,Larrieu,22
2346111,24:47:00,24:47:10,stop_point:SP_265,Clairfont,23
2346111,24:48:00,24:48:10,stop_point:SP_1374,Frênes,24
2346111,24:49:00,24:49:10,stop_point:SP_2247,Claire Fontaine,25
2346111,24:49:00,24:49:10,stop_point:SP_4000,Ecole Récébédou,26
2346111,24:50:00,24:50:10,stop_point:SP_4916,Ctre Cial Portet - Entrée 5,27
2346111,24:51:00,24:51:10,stop_point:SP_2008,Palanques,28
2346111,24:52:00,24:52:10,stop_point:SP_741,Ctre Cial Portet - Entrée 1,29
2346111,24:52:00,24:52:10,stop_point:SP_311,Bd de l'Europe,30
2346111,24:53:00,24:53:10,stop_point:SP_2882,Stade,31
2346111,24:54:00,24:54:10,stop_point:SP_3831,Occitanie,32
2346111,24:54:00,24:54:10,stop_point:SP_1947,Commerce,33
2346111,24:55:00,24:55:10,stop_point:SP_1897,Bosquets,34
2346111,24:56:00,24:56:10,stop_point:SP_4522,Jean Jaurès,35
2346111,24:58:00,24:58:10,stop_point:SP_4521,Portet Gare SNCF,36
2346112,06:10:00,06:10:10,stop_point:SP_4521,Portet Gare SNCF,1
2346112,06:12:00,06:12:10,stop_point:SP_4529,Jean Jaurès,2
2346112,06:13:00,06:13:10,stop_point:SP_4773,Désiré,3
2346112,06:14:00,06:14:10,stop_point:SP_70,Eglise de Portet,4
2346112,06:15:00,06:15:10,stop_point:SP_1427,Commerce,5
2346112,06:15:00,06:15:10,stop_point:SP_1451,Occitanie,6
2346112,06:16:00,06:16:10,stop_point:SP_2980,Stade,7
2346112,06:17:00,06:17:10,stop_point:SP_3234,Bd de l'Europe,8
2346112,06:17:00,06:17:10,stop_point:SP_2173,Ctre Cial Portet - Entrée 1,9
2346112,06:18:00,06:18:10,stop_point:SP_1454,Palanques,10
2346112,06:19:00,06:19:10,stop_point:SP_4410,Ctre Cial Portet - Entrée 5,11
2346112,06:20:00,06:20:10,stop_point:SP_2564,Ecole Récébédou,12
2346112,06:20:00,06:20:10,stop_point:SP_795,Claire Fontaine,13
2346112,06:21:00,06:21:10,stop_point:SP_415,Frênes,14
2346112,06:22:00,06:22:10,stop_point:SP_4940,Clairfont,15
2346112,06:23:00,06:23:10,stop_point:SP_320,Larrieu,16
2346112,06:24:00,06:24:10,stop_point:SP_4906,Joulin,17
2346112,06:24:00,06:24:10,stop_point:SP_3681,Route d'Espagne,18
2346112,06:25:00,06:25:10,stop_point:SP_2892,IUC,19
2346112,06:25:00,06:25:10,stop_point:SP_5096,Oncopole - Lise Enjalbert,20
2346112,06:26:00,06:26:10,stop_point:SP_2663,Oncopole Courrière,21
2346112,06:26:00,06:26:10,stop_point:SP_116,Maison Commune,22
2346112,06:27:00,06:27:10,stop_point:SP_1334,Hubert Curien,23
2346112,06:28:00,06:28:10,stop_point:SP_1973,Marchant,24
2346112,06:28:00,06:28:10,stop_point:SP_3988,Gironis - Mémorial AZF,25
2346112,06:29:00,06:29:10,stop_point:SP_3430,Rond-Point Langlade,26
2346112,06:30:00,06:30:10,stop_point:SP_657,Langlade,27
2346112,06:31:00,06:31:10,stop_point:SP_1579,Gallieni,28
2346112,06:32:00,06:32:10,stop_point:SP_1859,Penent,29
2346112,06:32:00,06:32:10,stop_point:SP_3122,Barrière de Muret,30
2346112,06:33:00,06:33:10,stop_point:SP_3422,Roc,31
2346112,06:34:00,06:34:10,stop_point:SP_1188,Croix de Pierre,32
2346112,06:35:00,06:35:10,stop_point:SP_58,Stadium Ouest,33
2346112,06:36:00,06:36:10,stop_point:SP_3098,Stadium Est,34
2346112,06:38:00,06:38:10,stop_point:SP_461,Empalot,35
2346113,06:45:00,06:45:10,stop_point:SP_4521,Portet Gare SNCF,1
2346113,06:47:00,06:47:10,stop_point:SP_4529,Jean Jaurès,2
2346113,06:48:00,06:48:10,stop_point:SP_4773,Désiré,3
2346113,06:49:00,06:49:10,stop_point:SP_70,Eglise de Portet,4
2346113,06:50:00,06:50:10,stop_point:SP_1427,Commerce,5
2346113,06:50:00,06:50:10,stop_point:SP_1451,Occitanie,6
2346113,06:51:00,06:51:10,stop_point:SP_2980,Stade,7
2346113,06:52:00,06:52:10,stop_point:SP_3234,Bd de l'Europe,8
2346113,06:52:00,06:52:10,stop_point:SP_2173,Ctre Cial Portet - Entrée 1,9
2346113,06:53:00,06:53:10,stop_point:SP_1454,Palanques,10
2346113,06:54:00,06:54:10,stop_point:SP_4410,Ctre Cial Portet - Entrée 5,11
2346113,06:55:00,06:55:10,stop_point:SP_2564,Ecole Récébédou,12
2346113,06:55:00,06:55:10,stop_point:SP_795,Claire Fontaine,13
2346113,06:56:00,06:56:10,stop_point:SP_415,Frênes,14
2346113,06:57:00,06:57:10,stop_point:SP_4940,Clairfont,15
2346113,06:58:00,06:58:10,stop_point:SP_320,Larrieu,16
2346113,06:59:00,06:59:10,stop_point:SP_4906,Joulin,17
2346113,06:59:00,06:59:10,stop_point:SP_3681,Route d'Espagne,18
2346113,07:00:00,07:00:10,stop_point:SP_2892,IUC,19
2346113,07:00:00,07:00:10,stop_point:SP_5096,Oncopole - Lise Enjalbert,20
2346113,07:01:00,07:01:10,stop_point:SP_2663,Oncopole Courrière,21
2346113,07:01:00,07:01:10,stop_point:SP_116,Maison Commune,22
2346113,07:02:00,07:02:10,stop_point:SP_1334,Hubert Curien,23
2346113,07:03:00,07:03:10,stop_point:SP_1973,Marchant,24
2346113,07:03:00,07:03:10,stop_point:SP_3988,Gironis - Mémorial AZF,25
2346113,07:04:00,07:04:10,stop_point:SP_3430,Rond-Point Langlade,26
2346113,07:05:00,07:05:10,stop_point:SP_657,Langlade,27
2346113,07:06:00,07:06:10,stop_point:SP_1579,Gallieni,28
2346113,07:07:00,07:07:10,stop_point:SP_1859,Penent,29
2346113,07:07:00,07:07:10,stop_point:SP_3122,Barrière de Muret,30
2346113,07:08:00,07:08:10,stop_point:SP_3422,Roc,31
2346113,07:09:00,07:09:10,stop_point:SP_1188,Croix de Pierre,32
2346113,07:10:00,07:10:10,stop_point:SP_58,Stadium Ouest,33
2346113,07:11:00,07:11:10,stop_point:SP_3098,Stadium Est,34
2346113,07:13:00,07:13:10,stop_point:SP_461,Empalot,35
2346114,07:15:00,07:15:10,stop_point:SP_4521,Portet Gare SNCF,1
2346114,07:17:00,07:17:10,stop_point:SP_4529,Jean Jaurès,2
2346114,07:18:00,07:18:10,stop_point:SP_4773,Désiré,3
2346114,07:19:00,07:19:10,stop_point:SP_70,Eglise de Portet,4
2346114,07:20:00,07:20:10,stop_point:SP_1427,Commerce,5
2346114,07:20:00,07:20:10,stop_point:SP_1451,Occitanie,6
2346114,07:21:00,07:21:10,stop_point:SP_2980,Stade,7
2346114,07:22:00,07:22:10,stop_point:SP_3234,Bd de l'Europe,8
2346114,07:22:00,07:22:10,stop_point:SP_2173,Ctre Cial Portet - Entrée 1,9
2346114,07:23:00,07:23:10,stop_point:SP_1454,Palanques,10
2346114,07:24:00,07:24:10,stop_point:SP_4410,Ctre Cial Portet - Entrée 5,11
2346114,07:25:00,07:25:10,stop_point:SP_2564,Ecole Récébédou,12
2346114,07:25:00,07:25:10,stop_point:SP_795,Claire Fontaine,13
2346114,07:26:00,07:26:10,stop_point:SP_415,Frênes,14
2346114,07:27:00,07:27:10,stop_point:SP_4940,Clairfont,15
2346114,07:28:00,07:28:10,stop_point:SP_320,Larrieu,16
2346114,07:29:00,07:29:10,stop_point:SP_4906,Joulin,17
2346114,07:29:00,07:29:10,stop_point:SP_3681,Route d'Espagne,18
2346114,07:30:00,07:30:10,stop_point:SP_2892,IUC,19
2346114,07:30:00,07:30:10,stop_point:SP_5096,Oncopole - Lise Enjalbert,20
2346114,07:31:00,07:31:10,stop_point:SP_2663,Oncopole Courrière,21
2346114,07:31:00,07:31:10,stop_point:SP_116,Maison Commune,22
2346114,07:32:00,07:32:10,stop_point:SP_1334,Hubert Curien,23
2346114,07:33:00,07:33:10,stop_point:SP_1973,Marchant,24
2346114,07:33:00,07:33:10,stop_point:SP_3988,Gironis - Mémorial AZF,25
2346114,07:34:00,07:34:10,stop_point:SP_3430,Rond-Point Langlade,26
2346114,07:35:00,07:35:10,stop_point:SP_657,Langlade,27
2346114,07:36:00,07:36:10,stop_point:SP_1579,Gallieni,28
2346114,07:37:00,07:37:10,stop_point:SP_1859,Penent,29
2346114,07:37:00,07:37:10,stop_point:SP_3122,Barrière de Muret,30
2346114,07:38:00,07:38:10,stop_point:SP_3422,Roc,31
2346114,07:39:00,07:39:10,stop_point:SP_1188,Croix de Pierre,32
2346114,07:40:00,07:40:10,stop_point:SP_58,Stadium Ouest,33
2346114,07:41:00,07:41:10,stop_point:SP_3098,Stadium Est,34
2346114,07:43:00,07:43:10,stop_point:SP_461,Empalot,35
2346115,07:45:00,07:45:10,stop_point:SP_4521,Portet Gare SNCF,1
2346115,07:47:00,07:47:10,stop_point:SP_4529,Jean Jaurès,2
2346115,07:48:00,07:48:10,stop_point:SP_4773,Désiré,3
2346115,07:49:00,07:49:10,stop_point:SP_70,Eglise de Portet,4
2346115,07:50:00,07:50:10,stop_point:SP_1427,Commerce,5
2346115,07:50:00,07:50:10,stop_point:SP_1451,Occitanie,6
2346115,07:51:00,07:51:10,stop_point:SP_2980,Stade,7
2346115,07:52:00,07:52:10,stop_point:SP_3234,Bd de l'Europe,8
2346115,07:52:00,07:52:10,stop_point:SP_2173,Ctre Cial Portet - Entrée 1,9
2346115,07:53:00,07:53:10,stop_point:SP_1454,Palanques,10
2346115,07:54:00,07:54:10,stop_point:SP_4410,Ctre Cial Portet - Entrée 5,11
2346115,07:55:00,07:55:10,stop_point:SP_2564,Ecole Récébédou,12
2346115,07:55:00,07:55:10,stop_point:SP_795,Claire Fontaine,13
2346115,07:56:00,07:56:10,stop_point:SP_415,Frênes,14
2346115,07:57:00,07:57:10,stop_point:SP_4940,Clairfont,15
2346115,07:58:00,07:58:10,stop_point:SP_320,Larrieu,16
2346115,07:59:00,07:59:10,stop_point:SP_4906,Joulin,17
2346115,07:59:00,07:59:10,stop_point:SP_3681,Route d'Espagne,18
2346115,08:00:00,08:00:10,stop_point:SP_2892,IUC,19
2346115,08:00:00,08:00:10,stop_point:SP_5096,Oncopole - Lise Enjalbert,20
2346115,08:01:00,08:01:10,stop_point:SP_2663,Oncopole Courrière,21
2346115,08:01:00,08:01:10,stop_point:SP_116,Maison Commune,22
2346115,08:02:00,08:02:10,stop_point:SP_1334,Hubert Curien,23
2346115,08:03:00,08:03:10,stop_point:SP_1973,Marchant,24
2346115,08:03:00,08:03:10,stop_point:SP_3988,Gironis - Mémorial AZF,25
2346115,08:04:00,08:04:10,stop_point:SP_3430,Rond-Point Langlade,26
2346115,08:05:00,08:05:10,stop_point:SP_657,Langlade,27
2346115,08:06:00,08:06:10,stop_point:SP_1579,Gallieni,28
2346115,08:07:00,08:07:10,stop_point:SP_1859,Penent,29
2346115,08:07:00,08:07:10,stop_point:SP_3122,Barrière de Muret,30
2346115,08:08:00,08:08:10,stop_point:SP_3422,Roc,31
2346115,08:09:00,08:09:10,stop_point:SP_1188,Croix de Pierre,32
2346115,08:10:00,08:10:10,stop_point:SP_58,Stadium Ouest,33
2346115,08:11:00,08:11:10,stop_point:SP_3098,Stadium Est,34
2346115,08:13:00,08:13:10,stop_point:SP_461,Empalot,35
2346116,08:15:00,08:15:10,stop_point:SP_4521,Portet Gare SNCF,1
2346116,08:17:00,08:17:10,stop_point:SP_4529,Jean Jaurès,2
2346116,08:18:00,08:18:10,stop_point:SP_4773,Désiré,3
2346116,08:19:00,08:19:10,stop_point:SP_70,Eglise de Portet,4
2346116,08:20:00,08:20:10,stop_point:SP_1427,Commerce,5
2346116,08:20:00,08:20:10,stop_point:SP_1451,Occitanie,6
2346116,08:21:00,08:21:10,stop_point:SP_2980,Stade,7
2346116,08:22:00,08:22:10,stop_point:SP_3234,Bd de l'Europe,8
2346116,08:23:00,08:23:10,stop_point:SP_2173,Ctre Cial Portet - Entrée 1,9
2346116,08:24:00,08:24:10,stop_point:SP_1454,Palanques,10
2346116,08:25:00,08:25:10,stop_point:SP_4410,Ctre Cial Portet - Entrée 5,11
2346116,08:26:00,08:26:10,stop_point:SP_2564,Ecole Récébédou,12
2346116,08:26:00,08:26:10,stop_point:SP_795,Claire Fontaine,13
2346116,08:27:00,08:27:10,stop_point:SP_415,Frênes,14
2346116,08:28:00,08:28:10,stop_point:SP_4940,Clairfont,15
2346116,08:29:00,08:29:10,stop_point:SP_320,Larrieu,16
2346116,08:30:00,08:30:10,stop_point:SP_4906,Joulin,17
2346116,08:30:00,08:30:10,stop_point:SP_3681,Route d'Espagne,18
2346116,08:31:00,08:31:10,stop_point:SP_2892,IUC,19
2346116,08:31:00,08:31:10,stop_point:SP_5096,Oncopole - Lise Enjalbert,20
2346116,08:32:00,08:32:10,stop_point:SP_2663,Oncopole Courrière,21
2346116,08:32:00,08:32:10,stop_point:SP_116,Maison Commune,22
2346116,08:33:00,08:33:10,stop_point:SP_1334,Hubert Curien,23
2346116,08:34:00,08:34:10,stop_point:SP_1973,Marchant,24
2346116,08:34:00,08:34:10,stop_point:SP_3988,Gironis - Mémorial AZF,25
2346116,08:35:00,08:35:10,stop_point:SP_3430,Rond-Point Langlade,26
2346116,08:36:00,08:36:10,stop_point:SP_657,Langlade,27
2346116,08:37:00,08:37:10,stop_point:SP_1579,Gallieni,28
2346116,08:38:00,08:38:10,stop_point:SP_1859,Penent,29
2346116,08:38:00,08:38:10,stop_point:SP_3122,Barrière de Muret,30
2346116,08:39:00,08:39:10,stop_point:SP_3422,Roc,31
2346116,08:40:00,08:40:10,stop_point:SP_1188,Croix de Pierre,32
2346116,08:41:00,08:41:10,stop_point:SP_58,Stadium Ouest,33
2346116,08:42:00,08:42:10,stop_point:SP_3098,Stadium Est,34
2346116,08:45:00,08:45:10,stop_point:SP_461,Empalot,35
2346117,08:45:00,08:45:10,stop_point:SP_4521,Portet Gare SNCF,1
2346117,08:47:00,08:47:10,stop_point:SP_4529,Jean Jaurès,2
2346117,08:48:00,08:48:10,stop_point:SP_4773,Désiré,3
2346117,08:49:00,08:49:10,stop_point:SP_70,Eglise de Portet,4
2346117,08:50:00,08:50:10,stop_point:SP_1427,Commerce,5
2346117,08:50:00,08:50:10,stop_point:SP_1451,Occitanie,6
2346117,08:51:00,08:51:10,stop_point:SP_2980,Stade,7
2346117,08:52:00,08:52:10,stop_point:SP_3234,Bd de l'Europe,8
2346117,08:53:00,08:53:10,stop_point:SP_2173,Ctre Cial Portet - Entrée 1,9
2346117,08:54:00,08:54:10,stop_point:SP_1454,Palanques,10
2346117,08:55:00,08:55:10,stop_point:SP_4410,Ctre Cial Portet - Entrée 5,11
2346117,08:56:00,08:56:10,stop_point:SP_2564,Ecole Récébédou,12
2346117,08:56:00,08:56:10,stop_point:SP_795,Claire Fontaine,13
2346117,08:57:00,08:57:10,stop_point:SP_415,Frênes,14
2346117,08:58:00,08:58:10,stop_point:SP_4940,Clairfont,15
2346117,08:59:00,08:59:10,stop_point:SP_320,Larrieu,16
2346117,09:00:00,09:00:10,stop_point:SP_4906,Joulin,17
2346117,09:00:00,09:00:10,stop_point:SP_3681,Route d'Espagne,18
2346117,09:01:00,09:01:10,stop_point:SP_2892,IUC,19
2346117,09:01:00,09:01:10,stop_point:SP_5096,Oncopole - Lise Enjalbert,20
2346117,09:02:00,09:02:10,stop_point:SP_2663,Oncopole Courrière,21
2346117,09:02:00,09:02:10,stop_point:SP_116,Maison Commune,22
2346117,09:03:00,09:03:10,stop_point:SP_1334,Hubert Curien,23
2346117,09:04:00,09:04:10,stop_point:SP_1973,Marchant,24
2346117,09:04:00,09:04:10,stop_point:SP_3988,Gironis - Mémorial AZF,25
2346117,09:05:00,09:05:10,stop_point:SP_3430,Rond-Point Langlade,26
2346117,09:06:00,09:06:10,stop_point:SP_657,Langlade,27
2346117,09:07:00,09:07:10,stop_point:SP_1579,Gallieni,28
2346117,09:08:00,09:08:10,stop_point:SP_1859,Penent,29
2346117,09:08:00,09:08:10,stop_point:SP_3122,Barrière de Muret,30
2346117,09:09:00,09:09:10,stop_point:SP_3422,Roc,31
2346117,09:10:00,09:10:10,stop_point:SP_1188,Croix de Pierre,32
2346117,09:11:00,09:11:10,stop_point:SP_58,Stadium Ouest,33
2346117,09:12:00,09:12:10,stop_point:SP_3098,Stadium Est,34
2346117,09:15:00,09:15:10,stop_point:SP_461,Empalot,35
2346118,09:15:00,09:15:10,stop_point:SP_4521,Portet Gare SNCF,1
2346118,09:17:00,09:17:10,stop_point:SP_4529,Jean Jaurès,2
2346118,09:18:00,09:18:10,stop_point:SP_4773,Désiré,3
2346118,09:19:00,09:19:10,stop_point:SP_70,Eglise de Portet,4
2346118,09:20:00,09:20:10,stop_point:SP_1427,Commerce,5
2346118,09:20:00,09:20:10,stop_point:SP_1451,Occitanie,6
2346118,09:21:00,09:21:10,stop_point:SP_2980,Stade,7
2346118,09:22:00,09:22:10,stop_point:SP_3234,Bd de l'Europe,8
2346118,09:23:00,09:23:10,stop_point:SP_2173,Ctre Cial Portet - Entrée 1,9
2346118,09:24:00,09:24:10,stop_point:SP_1454,Palanques,10
2346118,09:25:00,09:25:10,stop_point:SP_4410,Ctre Cial Portet - Entrée 5,11
2346118,09:26:00,09:26:10,stop_point:SP_2564,Ecole Récébédou,12
2346118,09:26:00,09:26:10,stop_point:SP_795,Claire Fontaine,13
2346118,09:27:00,09:27:10,stop_point:SP_415,Frênes,14
2346118,09:28:00,09:28:10,stop_point:SP_4940,Clairfont,15
2346118,09:29:00,09:29:10,stop_point:SP_320,Larrieu,16
2346118,09:30:00,09:30:10,stop_point:SP_4906,Joulin,17
2346118,09:30:00,09:30:10,stop_point:SP_3681,Route d'Espagne,18
2346118,09:31:00,09:31:10,stop_point:SP_2892,IUC,19
2346118,09:31:00,09:31:10,stop_point:SP_5096,Oncopole - Lise Enjalbert,20
2346118,09:32:00,09:32:10,stop_point:SP_2663,Oncopole Courrière,21
2346118,09:33:00,09:33:10,stop_point:SP_116,Maison Commune,22
2346118,09:34:00,09:34:10,stop_point:SP_1334,Hubert Curien,23
2346118,09:35:00,09:35:10,stop_point:SP_1973,Marchant,24
2346118,09:36:00,09:36:10,stop_point:SP_3988,Gironis - Mémorial AZF,25
2346118,09:37:00,09:37:10,stop_point:SP_3430,Rond-Point Langlade,26
2346118,09:38:00,09:38:10,stop_point:SP_657,Langlade,27
2346118,09:39:00,09:39:10,stop_point:SP_1579,Gallieni,28
2346118,09:40:00,09:40:10,stop_point:SP_1859,Penent,29
2346118,09:40:00,09:40:10,stop_point:SP_3122,Barrière de Muret,30
2346118,09:41:00,09:41:10,stop_point:SP_3422,Roc,31
2346118,09:42:00,09:42:10,stop_point:SP_1188,Croix de Pierre,32
2346118,09:43:00,09:43:10,stop_point:SP_58,Stadium Ouest,33
2346118,09:44:00,09:44:10,stop_point:SP_3098,Stadium Est,34
2346118,09:47:00,09:47:10,stop_point:SP_461,Empalot,35
2346119,09:45:00,09:45:10,stop_point:SP_4521,Portet Gare SNCF,1
2346119,09:47:00,09:47:10,stop_point:SP_4529,Jean Jaurès,2
2346119,09:48:00,09:48:10,stop_point:SP_4773,Désiré,3
2346119,09:49:00,09:49:10,stop_point:SP_70,Eglise de Portet,4
2346119,09:50:00,09:50:10,stop_point:SP_1427,Commerce,5
2346119,09:50:00,09:50:10,stop_point:SP_1451,Occitanie,6
2346119,09:51:00,09:51:10,stop_point:SP_2980,Stade,7
2346119,09:52:00,09:52:10,stop_point:SP_3234,Bd de l'Europe,8
2346119,09:53:00,09:53:10,stop_point:SP_2173,Ctre Cial Portet - Entrée 1,9
2346119,09:54:00,09:54:10,stop_point:SP_1454,Palanques,10
2346119,09:55:00,09:55:10,stop_point:SP_4410,Ctre Cial Portet - Entrée 5,11
2346119,09:56:00,09:56:10,stop_point:SP_2564,Ecole Récébédou,12
2346119,09:56:00,09:56:10,stop_point:SP_795,Claire Fontaine,13
2346119,09:57:00,09:57:10,stop_point:SP_415,Frênes,14
2346119,09:58:00,09:58:10,stop_point:SP_4940,Clairfont,15
2346119,09:59:00,09:59:10,stop_point:SP_320,Larrieu,16
2346119,10:00:00,10:00:10,stop_point:SP_4906,Joulin,17
2346119,10:00:00,10:00:10,stop_point:SP_3681,Route d'Espagne,18
2346119,10:01:00,10:01:10,stop_point:SP_2892,IUC,19
2346119,10:01:00,10:01:10,stop_point:SP_5096,Oncopole - Lise Enjalbert,20
2346119,10:02:00,10:02:10,stop_point:SP_2663,Oncopole Courrière,21
2346119,10:03:00,10:03:10,stop_point:SP_116,Maison Commune,22
2346119,10:04:00,10:04:10,stop_point:SP_1334,Hubert Curien,23
2346119,10:05:00,10:05:10,stop_point:SP_1973,Marchant,24
2346119,10:06:00,10:06:10,stop_point:SP_3988,Gironis - Mémorial AZF,25
2346119,10:07:00,10:07:10,stop_point:SP_3430,Rond-Point Langlade,26
2346119,10:08:00,10:08:10,stop_point:SP_657,Langlade,27
2346119,10:09:00,10:09:10,stop_point:SP_1579,Gallieni,28
2346119,10:10:00,10:10:10,stop_point:SP_1859,Penent,29
2346119,10:10:00,10:10:10,stop_point:SP_3122,Barrière de Muret,30
2346119,10:11:00,10:11:10,stop_point:SP_3422,Roc,31
2346119,10:12:00,10:12:10,stop_point:SP_1188,Croix de Pierre,32
2346119,10:13:00,10:13:10,stop_point:SP_58,Stadium Ouest,33
2346119,10:14:00,10:14:10,stop_point:SP_3098,Stadium Est,34
2346119,10:17:00,10:17:10,stop_point:SP_461,Empalot,35
2346120,10:15:00,10:15:10,stop_point:SP_4521,Portet Gare SNCF,1
2346120,10:17:00,10:17:10,stop_point:SP_4529,Jean Jaurès,2
2346120,10:18:00,10:18:10,stop_point:SP_4773,Désiré,3
2346120,10:19:00,10:19:10,stop_point:SP_70,Eglise de Portet,4
2346120,10:20:00,10:20:10,stop_point:SP_1427,Commerce,5
2346120,10:20:00,10:20:10,stop_point:SP_1451,Occitanie,6
2346120,10:21:00,10:21:10,stop_point:SP_2980,Stade,7
2346120,10:22:00,10:22:10,stop_point:SP_3234,Bd de l'Europe,8
2346120,10:23:00,10:23:10,stop_point:SP_2173,Ctre Cial Portet - Entrée 1,9
2346120,10:24:00,10:24:10,stop_point:SP_1454,Palanques,10
2346120,10:25:00,10:25:10,stop_point:SP_4410,Ctre Cial Portet - Entrée 5,11
2346120,10:26:00,10:26:10,stop_point:SP_2564,Ecole Récébédou,12
2346120,10:26:00,10:26:10,stop_point:SP_795,Claire Fontaine,13
2346120,10:27:00,10:27:10,stop_point:SP_415,Frênes,14
2346120,10:28:00,10:28:10,stop_point:SP_4940,Clairfont,15
2346120,10:30:00,10:30:10,stop_point:SP_320,Larrieu,16
2346120,10:31:00,10:31:10,stop_point:SP_4906,Joulin,17
2346120,10:31:00,10:31:10,stop_point:SP_3681,Route d'Espagne,18
2346120,10:32:00,10:32:10,stop_point:SP_2892,IUC,19
2346120,10:32:00,10:32:10,stop_point:SP_5096,Oncopole - Lise Enjalbert,20
2346120,10:33:00,10:33:10,stop_point:SP_2663,Oncopole Courrière,21
2346120,10:34:00,10:34:10,stop_point:SP_116,Maison Commune,22
2346120,10:35:00,10:35:10,stop_point:SP_1334,Hubert Curien,23
2346120,10:36:00,10:36:10,stop_point:SP_1973,Marchant,24
2346120,10:37:00,10:37:10,stop_point:SP_3988,Gironis - Mémorial AZF,25
2346120,10:38:00,10:38:10,stop_point:SP_3430,Rond-Point Langlade,26
2346120,10:39:00,10:39:10,stop_point:SP_657,Langlade,27
2346120,10:40:00,10:40:10,stop_point:SP_1579,Gallieni,28
2346120,10:41:00,10:41:10,stop_point:SP_1859,Penent,29
2346120,10:41:00,10:41:10,stop_point:SP_3122,Barrière de Muret,30
2346120,10:42:00,10:42:10,stop_point:SP_3422,Roc,31
2346120,10:43:00,10:43:10,stop_point:SP_1188,Croix de Pierre,32
2346120,10:44:00,10:44:10,stop_point:SP_58,Stadium Ouest,33
2346120,10:45:00,10:45:10,stop_point:SP_3098,Stadium Est,34
2346120,10:48:00,10:48:10,stop_point:SP_461,Empalot,35
2346121,10:45:00,10:45:10,stop_point:SP_4521,Portet Gare SNCF,1
2346121,10:47:00,10:47:10,stop_point:SP_4529,Jean Jaurès,2
2346121,10:48:00,10:48:10,stop_point:SP_4773,Désiré,3
2346121,10:49:00,10:49:10,stop_point:SP_70,Eglise de Portet,4
2346121,10:50:00,10:50:10,stop_point:SP_1427,Commerce,5
2346121,10:50:00,10:50:10,stop_point:SP_1451,Occitanie,6
2346121,10:51:00,10:51:10,stop_point:SP_2980,Stade,7
2346121,10:52:00,10:52:10,stop_point:SP_3234,Bd de l'Europe,8
2346121,10:53:00,10:53:10,stop_point:SP_2173,Ctre Cial Portet - Entrée 1,9
2346121,10:54:00,10:54:10,stop_point:SP_1454,Palanques,10
2346121,10:55:00,10:55:10,stop_point:SP_4410,Ctre Cial Portet - Entrée 5,11
2346121,10:56:00,10:56:10,stop_point:SP_2564,Ecole Récébédou,12
2346121,10:56:00,10:56:10,stop_point:SP_795,Claire Fontaine,13
2346121,10:57:00,10:57:10,stop_point:SP_415,Frênes,14
2346121,10:58:00,10:58:10,stop_point:SP_4940,Clairfont,15
2346121,11:00:00,11:00:10,stop_point:SP_320,Larrieu,16
2346121,11:01:00,11:01:10,stop_point:SP_4906,Joulin,17
2346121,11:01:00,11:01:10,stop_point:SP_3681,Route d'Espagne,18
2346121,11:02:00,11:02:10,stop_point:SP_2892,IUC,19
2346121,11:02:00,11:02:10,stop_point:SP_5096,Oncopole - Lise Enjalbert,20
2346121,11:03:00,11:03:10,stop_point:SP_2663,Oncopole Courrière,21
2346121,11:04:00,11:04:10,stop_point:SP_116,Maison Commune,22
2346121,11:05:00,11:05:10,stop_point:SP_1334,Hubert Curien,23
2346121,11:06:00,11:06:10,stop_point:SP_1973,Marchant,24
2346121,11:07:00,11:07:10,stop_point:SP_3988,Gironis - Mémorial AZF,25
2346121,11:08:00,11:08:10,stop_point:SP_3430,Rond-Point Langlade,26
2346121,11:09:00,11:09:10,stop_point:SP_657,Langlade,27
2346121,11:10:00,11:10:10,stop_point:SP_1579,Gallieni,28
2346121,11:11:00,11:11:10,stop_point:SP_1859,Penent,29
2346121,11:11:00,11:11:10,stop_point:SP_3122,Barrière de Muret,30
2346121,11:12:00,11:12:10,stop_point:SP_3422,Roc,31
2346121,11:13:00,11:13:10,stop_point:SP_1188,Croix de Pierre,32
2346121,11:14:00,11:14:10,stop_point:SP_58,Stadium Ouest,33
2346121,11:15:00,11:15:10,stop_point:SP_3098,Stadium Est,34
2346121,11:18:00,11:18:10,stop_point:SP_461,Empalot,35
2346122,11:15:00,11:15:10,stop_point:SP_4521,Portet Gare SNCF,1
2346122,11:17:00,11:17:10,stop_point:SP_4529,Jean Jaurès,2
2346122,11:18:00,11:18:10,stop_point:SP_4773,Désiré,3
2346122,11:19:00,11:19:10,stop_point:SP_70,Eglise de Portet,4
2346122,11:20:00,11:20:10,stop_point:SP_1427,Commerce,5
2346122,11:20:00,11:20:10,stop_point:SP_1451,Occitanie,6
2346122,11:21:00,11:21:10,stop_point:SP_2980,Stade,7
2346122,11:22:00,11:22:10,stop_point:SP_3234,Bd de l'Europe,8
2346122,11:23:00,11:23:10,stop_point:SP_2173,Ctre Cial Portet - Entrée 1,9
2346122,11:24:00,11:24:10,stop_point:SP_1454,Palanques,10
2346122,11:25:00,11:25:10,stop_point:SP_4410,Ctre Cial Portet - Entrée 5,11
2346122,11:26:00,11:26:10,stop_point:SP_2564,Ecole Récébédou,12
2346122,11:26:00,11:26:10,stop_point:SP_795,Claire Fontaine,13
2346122,11:27:00,11:27:10,stop_point:SP_415,Frênes,14
2346122,11:28:00,11:28:10,stop_point:SP_4940,Clairfont,15
2346122,11:30:00,11:30:10,stop_point:SP_320,Larrieu,16
2346122,11:31:00,11:31:10,stop_point:SP_4906,Joulin,17
2346122,11:31:00,11:31:10,stop_point:SP_3681,Route d'Espagne,18
2346122,11:32:00,11:32:10,stop_point:SP_2892,IUC,19
2346122,11:32:00,11:32:10,stop_point:SP_5096,Oncopole - Lise Enjalbert,20
2346122,11:33:00,11:33:10,stop_point:SP_2663,Oncopole Courrière,21
2346122,11:34:00,11:34:10,stop_point:SP_116,Maison Commune,22
2346122,11:35:00,11:35:10,stop_point:SP_1334,Hubert Curien,23
2346122,11:36:00,11:36:10,stop_point:SP_1973,Marchant,24
2346122,11:37:00,11:37:10,stop_point:SP_3988,Gironis - Mémorial AZF,25
2346122,11:38:00,11:38:10,stop_point:SP_3430,Rond-Point Langlade,26
2346122,11:40:00,11:40:10,stop_point:SP_657,Langlade,27
2346122,11:40:00,11:40:10,stop_point:SP_1579,Gallieni,28
2346122,11:41:00,11:41:10,stop_point:SP_1859,Penent,29
2346122,11:42:00,11:42:10,stop_point:SP_3122,Barrière de Muret,30
2346122,11:43:00,11:43:10,stop_point:SP_3422,Roc,31
2346122,11:44:00,11:44:10,stop_point:SP_1188,Croix de Pierre,32
2346122,11:45:00,11:45:10,stop_point:SP_58,Stadium Ouest,33
2346122,11:46:00,11:46:10,stop_point:SP_3098,Stadium Est,34
2346122,11:49:00,11:49:10,stop_point:SP_461,Empalot,35
2346123,11:45:00,11:45:10,stop_point:SP_4521,Portet Gare SNCF,1
2346123,11:47:00,11:47:10,stop_point:SP_4529,Jean Jaurès,2
2346123,11:48:00,11:48:10,stop_point:SP_4773,Désiré,3
2346123,11:49:00,11:49:10,stop_point:SP_70,Eglise de Portet,4
2346123,11:50:00,11:50:10,stop_point:SP_1427,Commerce,5
2346123,11:50:00,11:50:10,stop_point:SP_1451,Occitanie,6
2346123,11:51:00,11:51:10,stop_point:SP_2980,Stade,7
2346123,11:52:00,11:52:10,stop_point:SP_3234,Bd de l'Europe,8
2346123,11:53:00,11:53:10,stop_point:SP_2173,Ctre Cial Portet - Entrée 1,9
2346123,11:54:00,11:54:10,stop_point:SP_1454,Palanques,10
2346123,11:55:00,11:55:10,stop_point:SP_4410,Ctre Cial Portet - Entrée 5,11
2346123,11:56:00,11:56:10,stop_point:SP_2564,Ecole Récébédou,12
2346123,11:56:00,11:56:10,stop_point:SP_795,Claire Fontaine,13
2346123,11:57:00,11:57:10,stop_point:SP_415,Frênes,14
2346123,11:58:00,11:58:10,stop_point:SP_4940,Clairfont,15
2346123,12:00:00,12:00:10,stop_point:SP_320,Larrieu,16
2346123,12:01:00,12:01:10,stop_point:SP_4906,Joulin,17
2346123,12:01:00,12:01:10,stop_point:SP_3681,Route d'Espagne,18
2346123,12:02:00,12:02:10,stop_point:SP_2892,IUC,19
2346123,12:02:00,12:02:10,stop_point:SP_5096,Oncopole - Lise Enjalbert,20
2346123,12:03:00,12:03:10,stop_point:SP_2663,Oncopole Courrière,21
2346123,12:04:00,12:04:10,stop_point:SP_116,Maison Commune,22
2346123,12:05:00,12:05:10,stop_point:SP_1334,Hubert Curien,23
2346123,12:06:00,12:06:10,stop_point:SP_1973,Marchant,24
2346123,12:07:00,12:07:10,stop_point:SP_3988,Gironis - Mémorial AZF,25
2346123,12:08:00,12:08:10,stop_point:SP_3430,Rond-Point Langlade,26
2346123,12:10:00,12:10:10,stop_point:SP_657,Langlade,27
2346123,12:10:00,12:10:10,stop_point:SP_1579,Gallieni,28
2346123,12:11:00,12:11:10,stop_point:SP_1859,Penent,29
2346123,12:12:00,12:12:10,stop_point:SP_3122,Barrière de Muret,30
2346123,12:13:00,12:13:10,stop_point:SP_3422,Roc,31
2346123,12:14:00,12:14:10,stop_point:SP_1188,Croix de Pierre,32
2346123,12:15:00,12:15:10,stop_point:SP_58,Stadium Ouest,33
2346123,12:16:00,12:16:10,stop_point:SP_3098,Stadium Est,34
2346123,12:19:00,12:19:10,stop_point:SP_461,Empalot,35
2346124,12:15:00,12:15:10,stop_point:SP_4521,Portet Gare SNCF,1
2346124,12:17:00,12:17:10,stop_point:SP_4529,Jean Jaurès,2
2346124,12:18:00,12:18:10,stop_point:SP_4773,Désiré,3
2346124,12:19:00,12:19:10,stop_point:SP_70,Eglise de Portet,4
2346124,12:20:00,12:20:10,stop_point:SP_1427,Commerce,5
2346124,12:20:00,12:20:10,stop_point:SP_1451,Occitanie,6
2346124,12:21:00,12:21:10,stop_point:SP_2980,Stade,7
2346124,12:22:00,12:22:10,stop_point:SP_3234,Bd de l'Europe,8
2346124,12:23:00,12:23:10,stop_point:SP_2173,Ctre Cial Portet - Entrée 1,9
2346124,12:24:00,12:24:10,stop_point:SP_1454,Palanques,10
2346124,12:25:00,12:25:10,stop_point:SP_4410,Ctre Cial Portet - Entrée 5,11
2346124,12:26:00,12:26:10,stop_point:SP_2564,Ecole Récébédou,12
2346124,12:26:00,12:26:10,stop_point:SP_795,Claire Fontaine,13
2346124,12:27:00,12:27:10,stop_point:SP_415,Frênes,14
2346124,12:28:00,12:28:10,stop_point:SP_4940,Clairfont,15
2346124,12:30:00,12:30:10,stop_point:SP_320,Larrieu,16
2346124,12:31:00,12:31:10,stop_point:SP_4906,Joulin,17
2346124,12:31:00,12:31:10,stop_point:SP_3681,Route d'Espagne,18
2346124,12:32:00,12:32:10,stop_point:SP_2892,IUC,19
2346124,12:32:00,12:32:10,stop_point:SP_5096,Oncopole - Lise Enjalbert,20
2346124,12:33:00,12:33:10,stop_point:SP_2663,Oncopole Courrière,21
2346124,12:34:00,12:34:10,stop_point:SP_116,Maison Commune,22
2346124,12:35:00,12:35:10,stop_point:SP_1334,Hubert Curien,23
2346124,12:36:00,12:36:10,stop_point:SP_1973,Marchant,24
2346124,12:37:00,12:37:10,stop_point:SP_3988,Gironis - Mémorial AZF,25
2346124,12:38:00,12:38:10,stop_point:SP_3430,Rond-Point Langlade,26
2346124,12:40:00,12:40:10,stop_point:SP_657,Langlade,27
2346124,12:40:00,12:40:10,stop_point:SP_1579,Gallieni,28
2346124,12:41:00,12:41:10,stop_point:SP_1859,Penent,29
2346124,12:42:00,12:42:10,stop_point:SP_3122,Barrière de Muret,30
2346124,12:43:00,12:43:10,stop_point:SP_3422,Roc,31
2346124,12:44:00,12:44:10,stop_point:SP_1188,Croix de Pierre,32
2346124,12:45:00,12:45:10,stop_point:SP_58,Stadium Ouest,33
2346124,12:46:00,12:46:10,stop_point:SP_3098,Stadium Est,34
2346124,12:49:00,12:49:10,stop_point:SP_461,Empalot,35
2346125,12:45:00,12:45:10,stop_point:SP_4521,Portet Gare SNCF,1
2346125,12:47:00,12:47:10,stop_point:SP_4529,Jean Jaurès,2
2346125,12:48:00,12:48:10,stop_point:SP_4773,Désiré,3
2346125,12:49:00,12:49:10,stop_point:SP_70,Eglise de Portet,4
2346125,12:50:00,12:50:10,stop_point:SP_1427,Commerce,5
2346125,12:50:00,12:50:10,stop_point:SP_1451,Occitanie,6
2346125,12:51:00,12:51:10,stop_point:SP_2980,Stade,7
2346125,12:52:00,12:52:10,stop_point:SP_3234,Bd de l'Europe,8
2346125,12:53:00,12:53:10,stop_point:SP_2173,Ctre Cial Portet - Entrée 1,9
2346125,12:54:00,12:54:10,stop_point:SP_1454,Palanques,10
2346125,12:55:00,12:55:10,stop_point:SP_4410,Ctre Cial Portet - Entrée 5,11
2346125,12:56:00,12:56:10,stop_point:SP_2564,Ecole Récébédou,12
2346125,12:56:00,12:56:10,stop_point:SP_795,Claire Fontaine,13
2346125,12:57:00,12:57:10,stop_point:SP_415,Frênes,14
2346125,12:58:00,12:58:10,stop_point:SP_4940,Clairfont,15
2346125,13:00:00,13:00:10,stop_point:SP_320,Larrieu,16
2346125,13:01:00,13:01:10,stop_point:SP_4906,Joulin,17
2346125,13:01:00,13:01:10,stop_point:SP_3681,Route d'Espagne,18
2346125,13:02:00,13:02:10,stop_point:SP_2892,IUC,19
2346125,13:02:00,13:02:10,stop_point:SP_5096,Oncopole - Lise Enjalbert,20
2346125,13:03:00,13:03:10,stop_point:SP_2663,Oncopole Courrière,21
2346125,13:04:00,13:04:10,stop_point:SP_116,Maison Commune,22
2346125,13:05:00,13:05:10,stop_point:SP_1334,Hubert Curien,23
2346125,13:06:00,13:06:10,stop_point:SP_1973,Marchant,24
2346125,13:07:00,13:07:10,stop_point:SP_3988,Gironis - Mémorial AZF,25
2346125,13:08:00,13:08:10,stop_point:SP_3430,Rond-Point Langlade,26
2346125,13:10:00,13:10:10,stop_point:SP_657,Langlade,27
2346125,13:10:00,13:10:10,stop_point:SP_1579,Gallieni,28
2346125,13:11:00,13:11:10,stop_point:SP_1859,Penent,29
2346125,13:12:00,13:12:10,stop_point:SP_3122,Barrière de Muret,30
2346125,13:13:00,13:13:10,stop_point:SP_3422,Roc,31
2346125,13:14:00,13:14:10,stop_point:SP_1188,Croix de Pierre,32
2346125,13:15:00,13:15:10,stop_point:SP_58,Stadium Ouest,33
2346125,13:16:00,13:16:10,stop_point:SP_3098,Stadium Est,34
2346125,13:19:00,13:19:10,stop_point:SP_461,Empalot,35
2346126,13:15:00,13:15:10,stop_point:SP_4521,Portet Gare SNCF,1
2346126,13:17:00,13:17:10,stop_point:SP_4529,Jean Jaurès,2
2346126,13:18:00,13:18:10,stop_point:SP_4773,Désiré,3
2346126,13:19:00,13:19:10,stop_point:SP_70,Eglise de Portet,4
2346126,13:20:00,13:20:10,stop_point:SP_1427,Commerce,5
2346126,13:20:00,13:20:10,stop_point:SP_1451,Occitanie,6
2346126,13:21:00,13:21:10,stop_point:SP_2980,Stade,7
2346126,13:22:00,13:22:10,stop_point:SP_3234,Bd de l'Europe,8
2346126,13:23:00,13:23:10,stop_point:SP_2173,Ctre Cial Portet - Entrée 1,9
2346126,13:24:00,13:24:10,stop_point:SP_1454,Palanques,10
2346126,13:25:00,13:25:10,stop_point:SP_4410,Ctre Cial Portet - Entrée 5,11
2346126,13:26:00,13:26:10,stop_point:SP_2564,Ecole Récébédou,12
2346126,13:26:00,13:26:10,stop_point:SP_795,Claire Fontaine,13
2346126,13:27:00,13:27:10,stop_point:SP_415,Frênes,14
2346126,13:28:00,13:28:10,stop_point:SP_4940,Clairfont,15
2346126,13:30:00,13:30:10,stop_point:SP_320,Larrieu,16
2346126,13:31:00,13:31:10,stop_point:SP_4906,Joulin,17
2346126,13:31:00,13:31:10,stop_point:SP_3681,Route d'Espagne,18
2346126,13:32:00,13:32:10,stop_point:SP_2892,IUC,19
2346126,13:32:00,13:32:10,stop_point:SP_5096,Oncopole - Lise Enjalbert,20
2346126,13:33:00,13:33:10,stop_point:SP_2663,Oncopole Courrière,21
2346126,13:34:00,13:34:10,stop_point:SP_116,Maison Commune,22
2346126,13:35:00,13:35:10,stop_point:SP_1334,Hubert Curien,23
2346126,13:36:00,13:36:10,stop_point:SP_1973,Marchant,24
2346126,13:37:00,13:37:10,stop_point:SP_3988,Gironis - Mémorial AZF,25
2346126,13:38:00,13:38:10,stop_point:SP_3430,Rond-Point Langlade,26
2346126,13:40:00,13:40:10,stop_point:SP_657,Langlade,27
2346126,13:40:00,13:40:10,stop_point:SP_1579,Gallieni,28
2346126,13:41:00,13:41:10,stop_point:SP_1859,Penent,29
2346126,13:42:00,13:42:10,stop_point:SP_3122,Barrière de Muret,30
2346126,13:43:00,13:43:10,stop_point:SP_3422,Roc,31
2346126,13:44:00,13:44:10,stop_point:SP_1188,Croix de Pierre,32
2346126,13:45:00,13:45:10,stop_point:SP_58,Stadium Ouest,33
2346126,13:46:00,13:46:10,stop_point:SP_3098,Stadium Est,34
2346126,13:49:00,13:49:10,stop_point:SP_461,Empalot,35
2346127,13:45:00,13:45:10,stop_point:SP_4521,Portet Gare SNCF,1
2346127,13:47:00,13:47:10,stop_point:SP_4529,Jean Jaurès,2
2346127,13:48:00,13:48:10,stop_point:SP_4773,Désiré,3
2346127,13:49:00,13:49:10,stop_point:SP_70,Eglise de Portet,4
2346127,13:50:00,13:50:10,stop_point:SP_1427,Commerce,5
2346127,13:50:00,13:50:10,stop_point:SP_1451,Occitanie,6
2346127,13:51:00,13:51:10,stop_point:SP_2980,Stade,7
2346127,13:52:00,13:52:10,stop_point:SP_3234,Bd de l'Europe,8
2346127,13:53:00,13:53:10,stop_point:SP_2173,Ctre Cial Portet - Entrée 1,9
2346127,13:54:00,13:54:10,stop_point:SP_1454,Palanques,10
2346127,13:55:00,13:55:10,stop_point:SP_4410,Ctre Cial Portet - Entrée 5,11
2346127,13:56:00,13:56:10,stop_point:SP_2564,Ecole Récébédou,12
2346127,13:56:00,13:56:10,stop_point:SP_795,Claire Fontaine,13
2346127,13:57:00,13:57:10,stop_point:SP_415,Frênes,14
2346127,13:58:00,13:58:10,stop_point:SP_4940,Clairfont,15
2346127,14:00:00,14:00:10,stop_point:SP_320,Larrieu,16
2346127,14:01:00,14:01:10,stop_point:SP_4906,Joulin,17
2346127,14:01:00,14:01:10,stop_point:SP_3681,Route d'Espagne,18
2346127,14:02:00,14:02:10,stop_point:SP_2892,IUC,19
2346127,14:02:00,14:02:10,stop_point:SP_5096,Oncopole - Lise Enjalbert,20
2346127,14:03:00,14:03:10,stop_point:SP_2663,Oncopole Courrière,21
2346127,14:04:00,14:04:10,stop_point:SP_116,Maison Commune,22
2346127,14:05:00,14:05:10,stop_point:SP_1334,Hubert Curien,23
2346127,14:06:00,14:06:10,stop_point:SP_1973,Marchant,24
2346127,14:07:00,14:07:10,stop_point:SP_3988,Gironis - Mémorial AZF,25
2346127,14:08:00,14:08:10,stop_point:SP_3430,Rond-Point Langlade,26
2346127,14:10:00,14:10:10,stop_point:SP_657,Langlade,27
2346127,14:10:00,14:10:10,stop_point:SP_1579,Gallieni,28
2346127,14:11:00,14:11:10,stop_point:SP_1859,Penent,29
2346127,14:12:00,14:12:10,stop_point:SP_3122,Barrière de Muret,30
2346127,14:13:00,14:13:10,stop_point:SP_3422,Roc,31
2346127,14:14:00,14:14:10,stop_point:SP_1188,Croix de Pierre,32
2346127,14:15:00,14:15:10,stop_point:SP_58,Stadium Ouest,33
2346127,14:16:00,14:16:10,stop_point:SP_3098,Stadium Est,34
2346127,14:19:00,14:19:10,stop_point:SP_461,Empalot,35
2346128,14:15:00,14:15:10,stop_point:SP_4521,Portet Gare SNCF,1
2346128,14:17:00,14:17:10,stop_point:SP_4529,Jean Jaurès,2
2346128,14:18:00,14:18:10,stop_point:SP_4773,Désiré,3
2346128,14:19:00,14:19:10,stop_point:SP_70,Eglise de Portet,4
2346128,14:20:00,14:20:10,stop_point:SP_1427,Commerce,5
2346128,14:20:00,14:20:10,stop_point:SP_1451,Occitanie,6
2346128,14:21:00,14:21:10,stop_point:SP_2980,Stade,7
2346128,14:22:00,14:22:10,stop_point:SP_3234,Bd de l'Europe,8
2346128,14:23:00,14:23:10,stop_point:SP_2173,Ctre Cial Portet - Entrée 1,9
2346128,14:24:00,14:24:10,stop_point:SP_1454,Palanques,10
2346128,14:25:00,14:25:10,stop_point:SP_4410,Ctre Cial Portet - Entrée 5,11
2346128,14:26:00,14:26:10,stop_point:SP_2564,Ecole Récébédou,12
2346128,14:26:00,14:26:10,stop_point:SP_795,Claire Fontaine,13
2346128,14:27:00,14:27:10,stop_point:SP_415,Frênes,14
2346128,14:28:00,14:28:10,stop_point:SP_4940,Clairfont,15
2346128,14:30:00,14:30:10,stop_point:SP_320,Larrieu,16
2346128,14:31:00,14:31:10,stop_point:SP_4906,Joulin,17
2346128,14:31:00,14:31:10,stop_point:SP_3681,Route d'Espagne,18
2346128,14:32:00,14:32:10,stop_point:SP_2892,IUC,19
2346128,14:32:00,14:32:10,stop_point:SP_5096,Oncopole - Lise Enjalbert,20
2346128,14:33:00,14:33:10,stop_point:SP_2663,Oncopole Courrière,21
2346128,14:34:00,14:34:10,stop_point:SP_116,Maison Commune,22
2346128,14:35:00,14:35:10,stop_point:SP_1334,Hubert Curien,23
2346128,14:36:00,14:36:10,stop_point:SP_1973,Marchant,24
2346128,14:37:00,14:37:10,stop_point:SP_3988,Gironis - Mémorial AZF,25
2346128,14:38:00,14:38:10,stop_point:SP_3430,Rond-Point Langlade,26
2346128,14:40:00,14:40:10,stop_point:SP_657,Langlade,27
2346128,14:40:00,14:40:10,stop_point:SP_1579,Gallieni,28
2346128,14:41:00,14:41:10,stop_point:SP_1859,Penent,29
2346128,14:42:00,14:42:10,stop_point:SP_3122,Barrière de Muret,30
2346128,14:43:00,14:43:10,stop_point:SP_3422,Roc,31
2346128,14:44:00,14:44:10,stop_point:SP_1188,Croix de Pierre,32
2346128,14:45:00,14:45:10,stop_point:SP_58,Stadium Ouest,33
2346128,14:46:00,14:46:10,stop_point:SP_3098,Stadium Est,34
2346128,14:49:00,14:49:10,stop_point:SP_461,Empalot,35
2346129,14:45:00,14:45:10,stop_point:SP_4521,Portet Gare SNCF,1
2346129,14:47:00,14:47:10,stop_point:SP_4529,Jean Jaurès,2
2346129,14:48:00,14:48:10,stop_point:SP_4773,Désiré,3
2346129,14:49:00,14:49:10,stop_point:SP_70,Eglise de Portet,4
2346129,14:50:00,14:50:10,stop_point:SP_1427,Commerce,5
2346129,14:50:00,14:50:10,stop_point:SP_1451,Occitanie,6
2346129,14:51:00,14:51:10,stop_point:SP_2980,Stade,7
2346129,14:52:00,14:52:10,stop_point:SP_3234,Bd de l'Europe,8
2346129,14:53:00,14:53:10,stop_point:SP_2173,Ctre Cial Portet - Entrée 1,9
2346129,14:54:00,14:54:10,stop_point:SP_1454,Palanques,10
2346129,14:55:00,14:55:10,stop_point:SP_4410,Ctre Cial Portet - Entrée 5,11
2346129,14:56:00,14:56:10,stop_point:SP_2564,Ecole Récébédou,12
2346129,14:56:00,14:56:10,stop_point:SP_795,Claire Fontaine,13
2346129,14:57:00,14:57:10,stop_point:SP_415,Frênes,14
2346129,14:58:00,14:58:10,stop_point:SP_4940,Clairfont,15
2346129,15:00:00,15:00:10,stop_point:SP_320,Larrieu,16
2346129,15:01:00,15:01:10,stop_point:SP_4906,Joulin,17
2346129,15:01:00,15:01:10,stop_point:SP_3681,Route d'Espagne,18
2346129,15:02:00,15:02:10,stop_point:SP_2892,IUC,19
2346129,15:02:00,15:02:10,stop_point:SP_5096,Oncopole - Lise Enjalbert,20
2346129,15:03:00,15:03:10,stop_point:SP_2663,Oncopole Courrière,21
2346129,15:04:00,15:04:10,stop_point:SP_116,Maison Commune,22
2346129,15:05:00,15:05:10,stop_point:SP_1334,Hubert Curien,23
2346129,15:06:00,15:06:10,stop_point:SP_1973,Marchant,24
2346129,15:07:00,15:07:10,stop_point:SP_3988,Gironis - Mémorial AZF,25
2346129,15:08:00,15:08:10,stop_point:SP_3430,Rond-Point Langlade,26
2346129,15:10:00,15:10:10,stop_point:SP_657,Langlade,27
2346129,15:10:00,15:10:10,stop_point:SP_1579,Gallieni,28
2346129,15:11:00,15:11:10,stop_point:SP_1859,Penent,29
2346129,15:12:00,15:12:10,stop_point:SP_3122,Barrière de Muret,30
2346129,15:13:00,15:13:10,stop_point:SP_3422,Roc,31
2346129,15:14:00,15:14:10,stop_point:SP_1188,Croix de Pierre,32
2346129,15:15:00,15:15:10,stop_point:SP_58,Stadium Ouest,33
2346129,15:16:00,15:16:10,stop_point:SP_3098,Stadium Est,34
2346129,15:19:00,15:19:10,stop_point:SP_461,Empalot,35
2346130,15:15:00,15:15:10,stop_point:SP_4521,Portet Gare SNCF,1
2346130,15:17:00,15:17:10,stop_point:SP_4529,Jean Jaurès,2
2346130,15:18:00,15:18:10,stop_point:SP_4773,Désiré,3
2346130,15:19:00,15:19:10,stop_point:SP_70,Eglise de Portet,4
2346130,15:20:00,15:20:10,stop_point:SP_1427,Commerce,5
2346130,15:20:00,15:20:10,stop_point:SP_1451,Occitanie,6
2346130,15:21:00,15:21:10,stop_point:SP_2980,Stade,7
2346130,15:22:00,15:22:10,stop_point:SP_3234,Bd de l'Europe,8
2346130,15:23:00,15:23:10,stop_point:SP_2173,Ctre Cial Portet - Entrée 1,9
2346130,15:24:00,15:24:10,stop_point:SP_1454,Palanques,10
2346130,15:25:00,15:25:10,stop_point:SP_4410,Ctre Cial Portet - Entrée 5,11
2346130,15:26:00,15:26:10,stop_point:SP_2564,Ecole Récébédou,12
2346130,15:26:00,15:26:10,stop_point:SP_795,Claire Fontaine,13
2346130,15:27:00,15:27:10,stop_point:SP_415,Frênes,14
2346130,15:28:00,15:28:10,stop_point:SP_4940,Clairfont,15
2346130,15:30:00,15:30:10,stop_point:SP_320,Larrieu,16
2346130,15:31:00,15:31:10,stop_point:SP_4906,Joulin,17
2346130,15:31:00,15:31:10,stop_point:SP_3681,Route d'Espagne,18
2346130,15:32:00,15:32:10,stop_point:SP_2892,IUC,19
2346130,15:32:00,15:32:10,stop_point:SP_5096,Oncopole - Lise Enjalbert,20
2346130,15:33:00,15:33:10,stop_point:SP_2663,Oncopole Courrière,21
2346130,15:34:00,15:34:10,stop_point:SP_116,Maison Commune,22
2346130,15:35:00,15:35:10,stop_point:SP_1334,Hubert Curien,23
2346130,15:36:00,15:36:10,stop_point:SP_1973,Marchant,24
2346130,15:37:00,15:37:10,stop_point:SP_3988,Gironis - Mémorial AZF,25
2346130,15:38:00,15:38:10,stop_point:SP_3430,Rond-Point Langlade,26
2346130,15:40:00,15:40:10,stop_point:SP_657,Langlade,27
2346130,15:40:00,15:40:10,stop_point:SP_1579,Gallieni,28
2346130,15:41:00,15:41:10,stop_point:SP_1859,Penent,29
2346130,15:42:00,15:42:10,stop_point:SP_3122,Barrière de Muret,30
2346130,15:43:00,15:43:10,stop_point:SP_3422,Roc,31
2346130,15:44:00,15:44:10,stop_point:SP_1188,Croix de Pierre,32
2346130,15:45:00,15:45:10,stop_point:SP_58,Stadium Ouest,33
2346130,15:46:00,15:46:10,stop_point:SP_3098,Stadium Est,34
2346130,15:49:00,15:49:10,stop_point:SP_461,Empalot,35
2346131,15:45:00,15:45:10,stop_point:SP_4521,Portet Gare SNCF,1
2346131,15:47:00,15:47:10,stop_point:SP_4529,Jean Jaurès,2
2346131,15:48:00,15:48:10,stop_point:SP_4773,Désiré,3
2346131,15:49:00,15:49:10,stop_point:SP_70,Eglise de Portet,4
2346131,15:50:00,15:50:10,stop_point:SP_1427,Commerce,5
2346131,15:50:00,15:50:10,stop_point:SP_1451,Occitanie,6
2346131,15:51:00,15:51:10,stop_point:SP_2980,Stade,7
2346131,15:52:00,15:52:10,stop_point:SP_3234,Bd de l'Europe,8
2346131,15:53:00,15:53:10,stop_point:SP_2173,Ctre Cial Portet - Entrée 1,9
2346131,15:54:00,15:54:10,stop_point:SP_1454,Palanques,10
2346131,15:55:00,15:55:10,stop_point:SP_4410,Ctre Cial Portet - Entrée 5,11
2346131,15:56:00,15:56:10,stop_point:SP_2564,Ecole Récébédou,12
2346131,15:56:00,15:56:10,stop_point:SP_795,Claire Fontaine,13
2346131,15:57:00,15:57:10,stop_point:SP_415,Frênes,14
2346131,15:58:00,15:58:10,stop_point:SP_4940,Clairfont,15
2346131,16:00:00,16:00:10,stop_point:SP_320,Larrieu,16
2346131,16:01:00,16:01:10,stop_point:SP_4906,Joulin,17
2346131,16:01:00,16:01:10,stop_point:SP_3681,Route d'Espagne,18
2346131,16:02:00,16:02:10,stop_point:SP_2892,IUC,19
2346131,16:02:00,16:02:10,stop_point:SP_5096,Oncopole - Lise Enjalbert,20
2346131,16:03:00,16:03:10,stop_point:SP_2663,Oncopole Courrière,21
2346131,16:04:00,16:04:10,stop_point:SP_116,Maison Commune,22
2346131,16:05:00,16:05:10,stop_point:SP_1334,Hubert Curien,23
2346131,16:06:00,16:06:10,stop_point:SP_1973,Marchant,24
2346131,16:07:00,16:07:10,stop_point:SP_3988,Gironis - Mémorial AZF,25
2346131,16:08:00,16:08:10,stop_point:SP_3430,Rond-Point Langlade,26
2346131,16:10:00,16:10:10,stop_point:SP_657,Langlade,27
2346131,16:10:00,16:10:10,stop_point:SP_1579,Gallieni,28
2346131,16:11:00,16:11:10,stop_point:SP_1859,Penent,29
2346131,16:12:00,16:12:10,stop_point:SP_3122,Barrière de Muret,30
2346131,16:13:00,16:13:10,stop_point:SP_3422,Roc,31
2346131,16:14:00,16:14:10,stop_point:SP_1188,Croix de Pierre,32
2346131,16:15:00,16:15:10,stop_point:SP_58,Stadium Ouest,33
2346131,16:16:00,16:16:10,stop_point:SP_3098,Stadium Est,34
2346131,16:19:00,16:19:10,stop_point:SP_461,Empalot,35
2346132,16:15:00,16:15:10,stop_point:SP_4521,Portet Gare SNCF,1
2346132,16:17:00,16:17:10,stop_point:SP_4529,Jean Jaurès,2
2346132,16:18:00,16:18:10,stop_point:SP_4773,Désiré,3
2346132,16:19:00,16:19:10,stop_point:SP_70,Eglise de Portet,4
2346132,16:20:00,16:20:10,stop_point:SP_1427,Commerce,5
2346132,16:20:00,16:20:10,stop_point:SP_1451,Occitanie,6
2346132,16:21:00,16:21:10,stop_point:SP_2980,Stade,7
2346132,16:22:00,16:22:10,stop_point:SP_3234,Bd de l'Europe,8
2346132,16:23:00,16:23:10,stop_point:SP_2173,Ctre Cial Portet - Entrée 1,9
2346132,16:24:00,16:24:10,stop_point:SP_1454,Palanques,10
2346132,16:25:00,16:25:10,stop_point:SP_4410,Ctre Cial Portet - Entrée 5,11
2346132,16:26:00,16:26:10,stop_point:SP_2564,Ecole Récébédou,12
2346132,16:26:00,16:26:10,stop_point:SP_795,Claire Fontaine,13
2346132,16:27:00,16:27:10,stop_point:SP_415,Frênes,14
2346132,16:28:00,16:28:10,stop_point:SP_4940,Clairfont,15
2346132,16:30:00,16:30:10,stop_point:SP_320,Larrieu,16
2346132,16:31:00,16:31:10,stop_point:SP_4906,Joulin,17
2346132,16:31:00,16:31:10,stop_point:SP_3681,Route d'Espagne,18
2346132,16:32:00,16:32:10,stop_point:SP_2892,IUC,19
2346132,16:32:00,16:32:10,stop_point:SP_5096,Oncopole - Lise Enjalbert,20
2346132,16:33:00,16:33:10,stop_point:SP_2663,Oncopole Courrière,21
2346132,16:34:00,16:34:10,stop_point:SP_116,Maison Commune,22
2346132,16:35:00,16:35:10,stop_point:SP_1334,Hubert Curien,23
2346132,16:36:00,16:36:10,stop_point:SP_1973,Marchant,24
2346132,16:37:00,16:37:10,stop_point:SP_3988,Gironis - Mémorial AZF,25
2346132,16:38:00,16:38:10,stop_point:SP_3430,Rond-Point Langlade,26
2346132,16:40:00,16:40:10,stop_point:SP_657,Langlade,27
2346132,16:40:00,16:40:10,stop_point:SP_1579,Gallieni,28
2346132,16:41:00,16:41:10,stop_point:SP_1859,Penent,29
2346132,16:42:00,16:42:10,stop_point:SP_3122,Barrière de Muret,30
2346132,16:43:00,16:43:10,stop_point:SP_3422,Roc,31
2346132,16:44:00,16:44:10,stop_point:SP_1188,Croix de Pierre,32
2346132,16:45:00,16:45:10,stop_point:SP_58,Stadium Ouest,33
2346132,16:46:00,16:46:10,stop_point:SP_3098,Stadium Est,34
2346132,16:49:00,16:49:10,stop_point:SP_461,Empalot,35
2346133,16:45:00,16:45:10,stop_point:SP_4521,Portet Gare SNCF,1
2346133,16:47:00,16:47:10,stop_point:SP_4529,Jean Jaurès,2
2346133,16:48:00,16:48:10,stop_point:SP_4773,Désiré,3
2346133,16:49:00,16:49:10,stop_point:SP_70,Eglise de Portet,4
2346133,16:50:00,16:50:10,stop_point:SP_1427,Commerce,5
2346133,16:50:00,16:50:10,stop_point:SP_1451,Occitanie,6
2346133,16:51:00,16:51:10,stop_point:SP_2980,Stade,7
2346133,16:52:00,16:52:10,stop_point:SP_3234,Bd de l'Europe,8
2346133,16:53:00,16:53:10,stop_point:SP_2173,Ctre Cial Portet - Entrée 1,9
2346133,16:54:00,16:54:10,stop_point:SP_1454,Palanques,10
2346133,16:55:00,16:55:10,stop_point:SP_4410,Ctre Cial Portet - Entrée 5,11
2346133,16:56:00,16:56:10,stop_point:SP_2564,Ecole Récébédou,12
2346133,16:56:00,16:56:10,stop_point:SP_795,Claire Fontaine,13
2346133,16:57:00,16:57:10,stop_point:SP_415,Frênes,14
2346133,16:58:00,16:58:10,stop_point:SP_4940,Clairfont,15
2346133,17:00:00,17:00:10,stop_point:SP_320,Larrieu,16
2346133,17:01:00,17:01:10,stop_point:SP_4906,Joulin,17
2346133,17:01:00,17:01:10,stop_point:SP_3681,Route d'Espagne,18
2346133,17:02:00,17:02:10,stop_point:SP_2892,IUC,19
2346133,17:02:00,17:02:10,stop_point:SP_5096,Oncopole - Lise Enjalbert,20
2346133,17:03:00,17:03:10,stop_point:SP_2663,Oncopole Courrière,21
2346133,17:04:00,17:04:10,stop_point:SP_116,Maison Commune,22
2346133,17:05:00,17:05:10,stop_point:SP_1334,Hubert Curien,23
2346133,17:06:00,17:06:10,stop_point:SP_1973,Marchant,24
2346133,17:07:00,17:07:10,stop_point:SP_3988,Gironis - Mémorial AZF,25
2346133,17:08:00,17:08:10,stop_point:SP_3430,Rond-Point Langlade,26
2346133,17:10:00,17:10:10,stop_point:SP_657,Langlade,27
2346133,17:10:00,17:10:10,stop_point:SP_1579,Gallieni,28
2346133,17:11:00,17:11:10,stop_point:SP_1859,Penent,29
2346133,17:12:00,17:12:10,stop_point:SP_3122,Barrière de Muret,30
2346133,17:13:00,17:13:10,stop_point:SP_3422,Roc,31
2346133,17:14:00,17:14:10,stop_point:SP_1188,Croix de Pierre,32
2346133,17:15:00,17:15:10,stop_point:SP_58,Stadium Ouest,33
2346133,17:16:00,17:16:10,stop_point:SP_3098,Stadium Est,34
2346133,17:19:00,17:19:10,stop_point:SP_461,Empalot,35
2346134,17:15:00,17:15:10,stop_point:SP_4521,Portet Gare SNCF,1
2346134,17:17:00,17:17:10,stop_point:SP_4529,Jean Jaurès,2
2346134,17:18:00,17:18:10,stop_point:SP_4773,Désiré,3
2346134,17:19:00,17:19:10,stop_point:SP_70,Eglise de Portet,4
2346134,17:20:00,17:20:10,stop_point:SP_1427,Commerce,5
2346134,17:20:00,17:20:10,stop_point:SP_1451,Occitanie,6
2346134,17:21:00,17:21:10,stop_point:SP_2980,Stade,7
2346134,17:22:00,17:22:10,stop_point:SP_3234,Bd de l'Europe,8
2346134,17:23:00,17:23:10,stop_point:SP_2173,Ctre Cial Portet - Entrée 1,9
2346134,17:24:00,17:24:10,stop_point:SP_1454,Palanques,10
2346134,17:25:00,17:25:10,stop_point:SP_4410,Ctre Cial Portet - Entrée 5,11
2346134,17:26:00,17:26:10,stop_point:SP_2564,Ecole Récébédou,12
2346134,17:26:00,17:26:10,stop_point:SP_795,Claire Fontaine,13
2346134,17:27:00,17:27:10,stop_point:SP_415,Frênes,14
2346134,17:28:00,17:28:10,stop_point:SP_4940,Clairfont,15
2346134,17:30:00,17:30:10,stop_point:SP_320,Larrieu,16
2346134,17:31:00,17:31:10,stop_point:SP_4906,Joulin,17
2346134,17:31:00,17:31:10,stop_point:SP_3681,Route d'Espagne,18
2346134,17:32:00,17:32:10,stop_point:SP_2892,IUC,19
2346134,17:32:00,17:32:10,stop_point:SP_5096,Oncopole - Lise Enjalbert,20
2346134,17:33:00,17:33:10,stop_point:SP_2663,Oncopole Courrière,21
2346134,17:34:00,17:34:10,stop_point:SP_116,Maison Commune,22
2346134,17:35:00,17:35:10,stop_point:SP_1334,Hubert Curien,23
2346134,17:36:00,17:36:10,stop_point:SP_1973,Marchant,24
2346134,17:37:00,17:37:10,stop_point:SP_3988,Gironis - Mémorial AZF,25
2346134,17:38:00,17:38:10,stop_point:SP_3430,Rond-Point Langlade,26
2346134,17:40:00,17:40:10,stop_point:SP_657,Langlade,27
2346134,17:40:00,17:40:10,stop_point:SP_1579,Gallieni,28
2346134,17:41:00,17:41:10,stop_point:SP_1859,Penent,29
2346134,17:42:00,17:42:10,stop_point:SP_3122,Barrière de Muret,30
2346134,17:43:00,17:43:10,stop_point:SP_3422,Roc,31
2346134,17:44:00,17:44:10,stop_point:SP_1188,Croix de Pierre,32
2346134,17:45:00,17:45:10,stop_point:SP_58,Stadium Ouest,33
2346134,17:46:00,17:46:10,stop_point:SP_3098,Stadium Est,34
2346134,17:49:00,17:49:10,stop_point:SP_461,Empalot,35
2346135,17:45:00,17:45:10,stop_point:SP_4521,Portet Gare SNCF,1
2346135,17:47:00,17:47:10,stop_point:SP_4529,Jean Jaurès,2
2346135,17:48:00,17:48:10,stop_point:SP_4773,Désiré,3
2346135,17:49:00,17:49:10,stop_point:SP_70,Eglise de Portet,4
2346135,17:50:00,17:50:10,stop_point:SP_1427,Commerce,5
2346135,17:50:00,17:50:10,stop_point:SP_1451,Occitanie,6
2346135,17:51:00,17:51:10,stop_point:SP_2980,Stade,7
2346135,17:52:00,17:52:10,stop_point:SP_3234,Bd de l'Europe,8
2346135,17:53:00,17:53:10,stop_point:SP_2173,Ctre Cial Portet - Entrée 1,9
2346135,17:54:00,17:54:10,stop_point:SP_1454,Palanques,10
2346135,17:55:00,17:55:10,stop_point:SP_4410,Ctre Cial Portet - Entrée 5,11
2346135,17:56:00,17:56:10,stop_point:SP_2564,Ecole Récébédou,12
2346135,17:56:00,17:56:10,stop_point:SP_795,Claire Fontaine,13
2346135,17:57:00,17:57:10,stop_point:SP_415,Frênes,14
2346135,17:58:00,17:58:10,stop_point:SP_4940,Clairfont,15
2346135,18:00:00,18:00:10,stop_point:SP_320,Larrieu,16
2346135,18:01:00,18:01:10,stop_point:SP_4906,Joulin,17
2346135,18:01:00,18:01:10,stop_point:SP_3681,Route d'Espagne,18
2346135,18:02:00,18:02:10,stop_point:SP_2892,IUC,19
2346135,18:02:00,18:02:10,stop_point:SP_5096,Oncopole - Lise Enjalbert,20
2346135,18:03:00,18:03:10,stop_point:SP_2663,Oncopole Courrière,21
2346135,18:04:00,18:04:10,stop_point:SP_116,Maison Commune,22
2346135,18:05:00,18:05:10,stop_point:SP_1334,Hubert Curien,23
2346135,18:06:00,18:06:10,stop_point:SP_1973,Marchant,24
2346135,18:07:00,18:07:10,stop_point:SP_3988,Gironis - Mémorial AZF,25
2346135,18:08:00,18:08:10,stop_point:SP_3430,Rond-Point Langlade,26
2346135,18:10:00,18:10:10,stop_point:SP_657,Langlade,27
2346135,18:10:00,18:10:10,stop_point:SP_1579,Gallieni,28
2346135,18:11:00,18:11:10,stop_point:SP_1859,Penent,29
2346135,18:12:00,18:12:10,stop_point:SP_3122,Barrière de Muret,30
2346135,18:13:00,18:13:10,stop_point:SP_3422,Roc,31
2346135,18:14:00,18:14:10,stop_point:SP_1188,Croix de Pierre,32
2346135,18:15:00,18:15:10,stop_point:SP_58,Stadium Ouest,33
2346135,18:16:00,18:16:10,stop_point:SP_3098,Stadium Est,34
2346135,18:19:00,18:19:10,stop_point:SP_461,Empalot,35
2346136,18:15:00,18:15:10,stop_point:SP_4521,Portet Gare SNCF,1
2346136,18:17:00,18:17:10,stop_point:SP_4529,Jean Jaurès,2
2346136,18:18:00,18:18:10,stop_point:SP_4773,Désiré,3
2346136,18:19:00,18:19:10,stop_point:SP_70,Eglise de Portet,4
2346136,18:20:00,18:20:10,stop_point:SP_1427,Commerce,5
2346136,18:20:00,18:20:10,stop_point:SP_1451,Occitanie,6
2346136,18:21:00,18:21:10,stop_point:SP_2980,Stade,7
2346136,18:22:00,18:22:10,stop_point:SP_3234,Bd de l'Europe,8
2346136,18:23:00,18:23:10,stop_point:SP_2173,Ctre Cial Portet - Entrée 1,9
2346136,18:24:00,18:24:10,stop_point:SP_1454,Palanques,10
2346136,18:25:00,18:25:10,stop_point:SP_4410,Ctre Cial Portet - Entrée 5,11
2346136,18:26:00,18:26:10,stop_point:SP_2564,Ecole Récébédou,12
2346136,18:26:00,18:26:10,stop_point:SP_795,Claire Fontaine,13
2346136,18:27:00,18:27:10,stop_point:SP_415,Frênes,14
2346136,18:28:00,18:28:10,stop_point:SP_4940,Clairfont,15
2346136,18:30:00,18:30:10,stop_point:SP_320,Larrieu,16
2346136,18:31:00,18:31:10,stop_point:SP_4906,Joulin,17
2346136,18:31:00,18:31:10,stop_point:SP_3681,Route d'Espagne,18
2346136,18:32:00,18:32:10,stop_point:SP_2892,IUC,19
2346136,18:32:00,18:32:10,stop_point:SP_5096,Oncopole - Lise Enjalbert,20
2346136,18:33:00,18:33:10,stop_point:SP_2663,Oncopole Courrière,21
2346136,18:34:00,18:34:10,stop_point:SP_116,Maison Commune,22
2346136,18:35:00,18:35:10,stop_point:SP_1334,Hubert Curien,23
2346136,18:36:00,18:36:10,stop_point:SP_1973,Marchant,24
2346136,18:37:00,18:37:10,stop_point:SP_3988,Gironis - Mémorial AZF,25
2346136,18:38:00,18:38:10,stop_point:SP_3430,Rond-Point Langlade,26
2346136,18:40:00,18:40:10,stop_point:SP_657,Langlade,27
2346136,18:40:00,18:40:10,stop_point:SP_1579,Gallieni,28
2346136,18:41:00,18:41:10,stop_point:SP_1859,Penent,29
2346136,18:42:00,18:42:10,stop_point:SP_3122,Barrière de Muret,30
2346136,18:43:00,18:43:10,stop_point:SP_3422,Roc,31
2346136,18:44:00,18:44:10,stop_point:SP_1188,Croix de Pierre,32
2346136,18:45:00,18:45:10,stop_point:SP_58,Stadium Ouest,33
2346136,18:46:00,18:46:10,stop_point:SP_3098,Stadium Est,34
2346136,18:49:00,18:49:10,stop_point:SP_461,Empalot,35
2346137,18:45:00,18:45:10,stop_point:SP_4521,Portet Gare SNCF,1
2346137,18:47:00,18:47:10,stop_point:SP_4529,Jean Jaurès,2
2346137,18:48:00,18:48:10,stop_point:SP_4773,Désiré,3
2346137,18:49:00,18:49:10,stop_point:SP_70,Eglise de Portet,4
2346137,18:50:00,18:50:10,stop_point:SP_1427,Commerce,5
2346137,18:50:00,18:50:10,stop_point:SP_1451,Occitanie,6
2346137,18:51:00,18:51:10,stop_point:SP_2980,Stade,7
2346137,18:52:00,18:52:10,stop_point:SP_3234,Bd de l'Europe,8
2346137,18:53:00,18:53:10,stop_point:SP_2173,Ctre Cial Portet - Entrée 1,9
2346137,18:54:00,18:54:10,stop_point:SP_1454,Palanques,10
2346137,18:55:00,18:55:10,stop_point:SP_4410,Ctre Cial Portet - Entrée 5,11
2346137,18:56:00,18:56:10,stop_point:SP_2564,Ecole Récébédou,12
2346137,18:56:00,18:56:10,stop_point:SP_795,Claire Fontaine,13
2346137,18:57:00,18:57:10,stop_point:SP_415,Frênes,14
2346137,18:58:00,18:58:10,stop_point:SP_4940,Clairfont,15
2346137,19:00:00,19:00:10,stop_point:SP_320,Larrieu,16
2346137,19:01:00,19:01:10,stop_point:SP_4906,Joulin,17
2346137,19:01:00,19:01:10,stop_point:SP_3681,Route d'Espagne,18
2346137,19:02:00,19:02:10,stop_point:SP_2892,IUC,19
2346137,19:02:00,19:02:10,stop_point:SP_5096,Oncopole - Lise Enjalbert,20
2346137,19:03:00,19:03:10,stop_point:SP_2663,Oncopole Courrière,21
2346137,19:04:00,19:04:10,stop_point:SP_116,Maison Commune,22
2346137,19:05:00,19:05:10,stop_point:SP_1334,Hubert Curien,23
2346137,19:06:00,19:06:10,stop_point:SP_1973,Marchant,24
2346137,19:07:00,19:07:10,stop_point:SP_3988,Gironis - Mémorial AZF,25
2346137,19:08:00,19:08:10,stop_point:SP_3430,Rond-Point Langlade,26
2346137,19:10:00,19:10:10,stop_point:SP_657,Langlade,27
2346137,19:10:00,19:10:10,stop_point:SP_1579,Gallieni,28
2346137,19:11:00,19:11:10,stop_point:SP_1859,Penent,29
2346137,19:12:00,19:12:10,stop_point:SP_3122,Barrière de Muret,30
2346137,19:13:00,19:13:10,stop_point:SP_3422,Roc,31
2346137,19:14:00,19:14:10,stop_point:SP_1188,Croix de Pierre,32
2346137,19:15:00,19:15:10,stop_point:SP_58,Stadium Ouest,33
2346137,19:16:00,19:16:10,stop_point:SP_3098,Stadium Est,34
2346137,19:19:00,19:19:10,stop_point:SP_461,Empalot,35
2346138,19:15:00,19:15:10,stop_point:SP_4521,Portet Gare SNCF,1
2346138,19:17:00,19:17:10,stop_point:SP_4529,Jean Jaurès,2
2346138,19:18:00,19:18:10,stop_point:SP_4773,Désiré,3
2346138,19:19:00,19:19:10,stop_point:SP_70,Eglise de Portet,4
2346138,19:20:00,19:20:10,stop_point:SP_1427,Commerce,5
2346138,19:20:00,19:20:10,stop_point:SP_1451,Occitanie,6
2346138,19:21:00,19:21:10,stop_point:SP_2980,Stade,7
2346138,19:22:00,19:22:10,stop_point:SP_3234,Bd de l'Europe,8
2346138,19:23:00,19:23:10,stop_point:SP_2173,Ctre Cial Portet - Entrée 1,9
2346138,19:24:00,19:24:10,stop_point:SP_1454,Palanques,10
2346138,19:25:00,19:25:10,stop_point:SP_4410,Ctre Cial Portet - Entrée 5,11
2346138,19:26:00,19:26:10,stop_point:SP_2564,Ecole Récébédou,12
2346138,19:26:00,19:26:10,stop_point:SP_795,Claire Fontaine,13
2346138,19:27:00,19:27:10,stop_point:SP_415,Frênes,14
2346138,19:28:00,19:28:10,stop_point:SP_4940,Clairfont,15
2346138,19:30:00,19:30:10,stop_point:SP_320,Larrieu,16
2346138,19:31:00,19:31:10,stop_point:SP_4906,Joulin,17
2346138,19:31:00,19:31:10,stop_point:SP_3681,Route d'Espagne,18
2346138,19:32:00,19:32:10,stop_point:SP_2892,IUC,19
2346138,19:32:00,19:32:10,stop_point:SP_5096,Oncopole - Lise Enjalbert,20
2346138,19:33:00,19:33:10,stop_point:SP_2663,Oncopole Courrière,21
2346138,19:33:00,19:33:10,stop_point:SP_116,Maison Commune,22
2346138,19:34:00,19:34:10,stop_point:SP_1334,Hubert Curien,23
2346138,19:35:00,19:35:10,stop_point:SP_1973,Marchant,24
2346138,19:35:00,19:35:10,stop_point:SP_3988,Gironis - Mémorial AZF,25
2346138,19:36:00,19:36:10,stop_point:SP_3430,Rond-Point Langlade,26
2346138,19:38:00,19:38:10,stop_point:SP_657,Langlade,27
2346138,19:38:00,19:38:10,stop_point:SP_1579,Gallieni,28
2346138,19:39:00,19:39:10,stop_point:SP_1859,Penent,29
2346138,19:40:00,19:40:10,stop_point:SP_3122,Barrière de Muret,30
2346138,19:41:00,19:41:10,stop_point:SP_3422,Roc,31
2346138,19:42:00,19:42:10,stop_point:SP_1188,Croix de Pierre,32
2346138,19:43:00,19:43:10,stop_point:SP_58,Stadium Ouest,33
2346138,19:44:00,19:44:10,stop_point:SP_3098,Stadium Est,34
2346138,19:47:00,19:47:10,stop_point:SP_461,Empalot,35
2346139,19:45:00,19:45:10,stop_point:SP_4521,Portet Gare SNCF,1
2346139,19:47:00,19:47:10,stop_point:SP_4529,Jean Jaurès,2
2346139,19:48:00,19:48:10,stop_point:SP_4773,Désiré,3
2346139,19:49:00,19:49:10,stop_point:SP_70,Eglise de Portet,4
2346139,19:50:00,19:50:10,stop_point:SP_1427,Commerce,5
2346139,19:50:00,19:50:10,stop_point:SP_1451,Occitanie,6
2346139,19:51:00,19:51:10,stop_point:SP_2980,Stade,7
2346139,19:52:00,19:52:10,stop_point:SP_3234,Bd de l'Europe,8
2346139,19:53:00,19:53:10,stop_point:SP_2173,Ctre Cial Portet - Entrée 1,9
2346139,19:54:00,19:54:10,stop_point:SP_1454,Palanques,10
2346139,19:55:00,19:55:10,stop_point:SP_4410,Ctre Cial Portet - Entrée 5,11
2346139,19:56:00,19:56:10,stop_point:SP_2564,Ecole Récébédou,12
2346139,19:56:00,19:56:10,stop_point:SP_795,Claire Fontaine,13
2346139,19:57:00,19:57:10,stop_point:SP_415,Frênes,14
2346139,19:58:00,19:58:10,stop_point:SP_4940,Clairfont,15
2346139,20:00:00,20:00:10,stop_point:SP_320,Larrieu,16
2346139,20:01:00,20:01:10,stop_point:SP_4906,Joulin,17
2346139,20:01:00,20:01:10,stop_point:SP_3681,Route d'Espagne,18
2346139,20:02:00,20:02:10,stop_point:SP_2892,IUC,19
2346139,20:02:00,20:02:10,stop_point:SP_5096,Oncopole - Lise Enjalbert,20
2346139,20:03:00,20:03:10,stop_point:SP_2663,Oncopole Courrière,21
2346139,20:03:00,20:03:10,stop_point:SP_116,Maison Commune,22
2346139,20:04:00,20:04:10,stop_point:SP_1334,Hubert Curien,23
2346139,20:05:00,20:05:10,stop_point:SP_1973,Marchant,24
2346139,20:05:00,20:05:10,stop_point:SP_3988,Gironis - Mémorial AZF,25
2346139,20:06:00,20:06:10,stop_point:SP_3430,Rond-Point Langlade,26
2346139,20:08:00,20:08:10,stop_point:SP_657,Langlade,27
2346139,20:08:00,20:08:10,stop_point:SP_1579,Gallieni,28
2346139,20:09:00,20:09:10,stop_point:SP_1859,Penent,29
2346139,20:10:00,20:10:10,stop_point:SP_3122,Barrière de Muret,30
2346139,20:11:00,20:11:10,stop_point:SP_3422,Roc,31
2346139,20:12:00,20:12:10,stop_point:SP_1188,Croix de Pierre,32
2346139,20:13:00,20:13:10,stop_point:SP_58,Stadium Ouest,33
2346139,20:14:00,20:14:10,stop_point:SP_3098,Stadium Est,34
2346139,20:17:00,20:17:10,stop_point:SP_461,Empalot,35
2346140,20:15:00,20:15:10,stop_point:SP_4521,Portet Gare SNCF,1
2346140,20:17:00,20:17:10,stop_point:SP_4529,Jean Jaurès,2
2346140,20:18:00,20:18:10,stop_point:SP_4773,Désiré,3
2346140,20:19:00,20:19:10,stop_point:SP_70,Eglise de Portet,4
2346140,20:20:00,20:20:10,stop_point:SP_1427,Commerce,5
2346140,20:20:00,20:20:10,stop_point:SP_1451,Occitanie,6
2346140,20:21:00,20:21:10,stop_point:SP_2980,Stade,7
2346140,20:22:00,20:22:10,stop_point:SP_3234,Bd de l'Europe,8
2346140,20:23:00,20:23:10,stop_point:SP_2173,Ctre Cial Portet - Entrée 1,9
2346140,20:24:00,20:24:10,stop_point:SP_1454,Palanques,10
2346140,20:25:00,20:25:10,stop_point:SP_4410,Ctre Cial Portet - Entrée 5,11
2346140,20:26:00,20:26:10,stop_point:SP_2564,Ecole Récébédou,12
2346140,20:26:00,20:26:10,stop_point:SP_795,Claire Fontaine,13
2346140,20:27:00,20:27:10,stop_point:SP_415,Frênes,14
2346140,20:28:00,20:28:10,stop_point:SP_4940,Clairfont,15
2346140,20:29:00,20:29:10,stop_point:SP_320,Larrieu,16
2346140,20:30:00,20:30:10,stop_point:SP_4906,Joulin,17
2346140,20:30:00,20:30:10,stop_point:SP_3681,Route d'Espagne,18
2346140,20:31:00,20:31:10,stop_point:SP_2892,IUC,19
2346140,20:31:00,20:31:10,stop_point:SP_5096,Oncopole - Lise Enjalbert,20
2346140,20:32:00,20:32:10,stop_point:SP_2663,Oncopole Courrière,21
2346140,20:32:00,20:32:10,stop_point:SP_116,Maison Commune,22
2346140,20:33:00,20:33:10,stop_point:SP_1334,Hubert Curien,23
2346140,20:34:00,20:34:10,stop_point:SP_1973,Marchant,24
2346140,20:34:00,20:34:10,stop_point:SP_3988,Gironis - Mémorial AZF,25
2346140,20:35:00,20:35:10,stop_point:SP_3430,Rond-Point Langlade,26
2346140,20:37:00,20:37:10,stop_point:SP_657,Langlade,27
2346140,20:37:00,20:37:10,stop_point:SP_1579,Gallieni,28
2346140,20:38:00,20:38:10,stop_point:SP_1859,Penent,29
2346140,20:39:00,20:39:10,stop_point:SP_3122,Barrière de Muret,30
2346140,20:40:00,20:40:10,stop_point:SP_3422,Roc,31
2346140,20:41:00,20:41:10,stop_point:SP_1188,Croix de Pierre,32
2346140,20:42:00,20:42:10,stop_point:SP_58,Stadium Ouest,33
2346140,20:43:00,20:43:10,stop_point:SP_3098,Stadium Est,34
2346140,20:46:00,20:46:10,stop_point:SP_461,Empalot,35
2346141,20:45:00,20:45:10,stop_point:SP_4521,Portet Gare SNCF,1
2346141,20:47:00,20:47:10,stop_point:SP_4529,Jean Jaurès,2
2346141,20:48:00,20:48:10,stop_point:SP_4773,Désiré,3
2346141,20:49:00,20:49:10,stop_point:SP_70,Eglise de Portet,4
2346141,20:50:00,20:50:10,stop_point:SP_1427,Commerce,5
2346141,20:50:00,20:50:10,stop_point:SP_1451,Occitanie,6
2346141,20:51:00,20:51:10,stop_point:SP_2980,Stade,7
2346141,20:52:00,20:52:10,stop_point:SP_3234,Bd de l'Europe,8
2346141,20:52:00,20:52:10,stop_point:SP_2173,Ctre Cial Portet - Entrée 1,9
2346141,20:53:00,20:53:10,stop_point:SP_1454,Palanques,10
2346141,20:54:00,20:54:10,stop_point:SP_4410,Ctre Cial Portet - Entrée 5,11
2346141,20:55:00,20:55:10,stop_point:SP_2564,Ecole Récébédou,12
2346141,20:55:00,20:55:10,stop_point:SP_795,Claire Fontaine,13
2346141,20:56:00,20:56:10,stop_point:SP_415,Frênes,14
2346141,20:57:00,20:57:10,stop_point:SP_4940,Clairfont,15
2346141,20:58:00,20:58:10,stop_point:SP_320,Larrieu,16
2346141,20:59:00,20:59:10,stop_point:SP_4906,Joulin,17
2346141,20:59:00,20:59:10,stop_point:SP_3681,Route d'Espagne,18
2346141,21:00:00,21:00:10,stop_point:SP_2892,IUC,19
2346141,21:00:00,21:00:10,stop_point:SP_5096,Oncopole - Lise Enjalbert,20
2346141,21:01:00,21:01:10,stop_point:SP_2663,Oncopole Courrière,21
2346141,21:01:00,21:01:10,stop_point:SP_116,Maison Commune,22
2346141,21:02:00,21:02:10,stop_point:SP_1334,Hubert Curien,23
2346141,21:03:00,21:03:10,stop_point:SP_1973,Marchant,24
2346141,21:03:00,21:03:10,stop_point:SP_3988,Gironis - Mémorial AZF,25
2346141,21:04:00,21:04:10,stop_point:SP_3430,Rond-Point Langlade,26
2346141,21:06:00,21:06:10,stop_point:SP_657,Langlade,27
2346141,21:06:00,21:06:10,stop_point:SP_1579,Gallieni,28
2346141,21:07:00,21:07:10,stop_point:SP_1859,Penent,29
2346141,21:08:00,21:08:10,stop_point:SP_3122,Barrière de Muret,30
2346141,21:09:00,21:09:10,stop_point:SP_3422,Roc,31
2346141,21:10:00,21:10:10,stop_point:SP_1188,Croix de Pierre,32
2346141,21:11:00,21:11:10,stop_point:SP_58,Stadium Ouest,33
2346141,21:12:00,21:12:10,stop_point:SP_3098,Stadium Est,34
2346141,21:15:00,21:15:10,stop_point:SP_461,Empalot,35
2346142,21:15:00,21:15:10,stop_point:SP_4521,Portet Gare SNCF,1
2346142,21:17:00,21:17:10,stop_point:SP_4529,Jean Jaurès,2
2346142,21:18:00,21:18:10,stop_point:SP_4773,Désiré,3
2346142,21:19:00,21:19:10,stop_point:SP_70,Eglise de Portet,4
2346142,21:20:00,21:20:10,stop_point:SP_1427,Commerce,5
2346142,21:20:00,21:20:10,stop_point:SP_1451,Occitanie,6
2346142,21:21:00,21:21:10,stop_point:SP_2980,Stade,7
2346142,21:22:00,21:22:10,stop_point:SP_3234,Bd de l'Europe,8
2346142,21:22:00,21:22:10,stop_point:SP_2173,Ctre Cial Portet - Entrée 1,9
2346142,21:23:00,21:23:10,stop_point:SP_1454,Palanques,10
2346142,21:24:00,21:24:10,stop_point:SP_4410,Ctre Cial Portet - Entrée 5,11
2346142,21:25:00,21:25:10,stop_point:SP_2564,Ecole Récébédou,12
2346142,21:25:00,21:25:10,stop_point:SP_795,Claire Fontaine,13
2346142,21:26:00,21:26:10,stop_point:SP_415,Frênes,14
2346142,21:27:00,21:27:10,stop_point:SP_4940,Clairfont,15
2346142,21:28:00,21:28:10,stop_point:SP_320,Larrieu,16
2346142,21:29:00,21:29:10,stop_point:SP_4906,Joulin,17
2346142,21:29:00,21:29:10,stop_point:SP_3681,Route d'Espagne,18
2346142,21:30:00,21:30:10,stop_point:SP_2892,IUC,19
2346142,21:30:00,21:30:10,stop_point:SP_5096,Oncopole - Lise Enjalbert,20
2346142,21:31:00,21:31:10,stop_point:SP_2663,Oncopole Courrière,21
2346142,21:31:00,21:31:10,stop_point:SP_116,Maison Commune,22
2346142,21:32:00,21:32:10,stop_point:SP_1334,Hubert Curien,23
2346142,21:33:00,21:33:10,stop_point:SP_1973,Marchant,24
2346142,21:33:00,21:33:10,stop_point:SP_3988,Gironis - Mémorial AZF,25
2346142,21:34:00,21:34:10,stop_point:SP_3430,Rond-Point Langlade,26
2346142,21:35:00,21:35:10,stop_point:SP_657,Langlade,27
2346142,21:36:00,21:36:10,stop_point:SP_1579,Gallieni,28
2346142,21:37:00,21:37:10,stop_point:SP_1859,Penent,29
2346142,21:37:00,21:37:10,stop_point:SP_3122,Barrière de Muret,30
2346142,21:38:00,21:38:10,stop_point:SP_3422,Roc,31
2346142,21:39:00,21:39:10,stop_point:SP_1188,Croix de Pierre,32
2346142,21:40:00,21:40:10,stop_point:SP_58,Stadium Ouest,33
2346142,21:41:00,21:41:10,stop_point:SP_3098,Stadium Est,34
2346142,21:44:00,21:44:10,stop_point:SP_461,Empalot,35
2346143,21:45:00,21:45:10,stop_point:SP_4521,Portet Gare SNCF,1
2346143,21:47:00,21:47:10,stop_point:SP_4529,Jean Jaurès,2
2346143,21:48:00,21:48:10,stop_point:SP_4773,Désiré,3
2346143,21:49:00,21:49:10,stop_point:SP_70,Eglise de Portet,4
2346143,21:50:00,21:50:10,stop_point:SP_1427,Commerce,5
2346143,21:50:00,21:50:10,stop_point:SP_1451,Occitanie,6
2346143,21:51:00,21:51:10,stop_point:SP_2980,Stade,7
2346143,21:52:00,21:52:10,stop_point:SP_3234,Bd de l'Europe,8
2346143,21:52:00,21:52:10,stop_point:SP_2173,Ctre Cial Portet - Entrée 1,9
2346143,21:53:00,21:53:10,stop_point:SP_1454,Palanques,10
2346143,21:54:00,21:54:10,stop_point:SP_4410,Ctre Cial Portet - Entrée 5,11
2346143,21:55:00,21:55:10,stop_point:SP_2564,Ecole Récébédou,12
2346143,21:55:00,21:55:10,stop_point:SP_795,Claire Fontaine,13
2346143,21:56:00,21:56:10,stop_point:SP_415,Frênes,14
2346143,21:57:00,21:57:10,stop_point:SP_4940,Clairfont,15
2346143,21:58:00,21:58:10,stop_point:SP_320,Larrieu,16
2346143,21:59:00,21:59:10,stop_point:SP_4906,Joulin,17
2346143,21:59:00,21:59:10,stop_point:SP_3681,Route d'Espagne,18
2346143,22:00:00,22:00:10,stop_point:SP_2892,IUC,19
2346143,22:00:00,22:00:10,stop_point:SP_5096,Oncopole - Lise Enjalbert,20
2346143,22:01:00,22:01:10,stop_point:SP_2663,Oncopole Courrière,21
2346143,22:01:00,22:01:10,stop_point:SP_116,Maison Commune,22
2346143,22:02:00,22:02:10,stop_point:SP_1334,Hubert Curien,23
2346143,22:03:00,22:03:10,stop_point:SP_1973,Marchant,24
2346143,22:03:00,22:03:10,stop_point:SP_3988,Gironis - Mémorial AZF,25
2346143,22:04:00,22:04:10,stop_point:SP_3430,Rond-Point Langlade,26
2346143,22:05:00,22:05:10,stop_point:SP_657,Langlade,27
2346143,22:06:00,22:06:10,stop_point:SP_1579,Gallieni,28
2346143,22:07:00,22:07:10,stop_point:SP_1859,Penent,29
2346143,22:07:00,22:07:10,stop_point:SP_3122,Barrière de Muret,30
2346143,22:08:00,22:08:10,stop_point:SP_3422,Roc,31
2346143,22:09:00,22:09:10,stop_point:SP_1188,Croix de Pierre,32
2346143,22:10:00,22:10:10,stop_point:SP_58,Stadium Ouest,33
2346143,22:11:00,22:11:10,stop_point:SP_3098,Stadium Est,34
2346143,22:14:00,22:14:10,stop_point:SP_461,Empalot,35
2346144,22:15:00,22:15:10,stop_point:SP_4521,Portet Gare SNCF,1
2346144,22:17:00,22:17:10,stop_point:SP_4529,Jean Jaurès,2
2346144,22:18:00,22:18:10,stop_point:SP_4773,Désiré,3
2346144,22:19:00,22:19:10,stop_point:SP_70,Eglise de Portet,4
2346144,22:20:00,22:20:10,stop_point:SP_1427,Commerce,5
2346144,22:20:00,22:20:10,stop_point:SP_1451,Occitanie,6
2346144,22:21:00,22:21:10,stop_point:SP_2980,Stade,7
2346144,22:22:00,22:22:10,stop_point:SP_3234,Bd de l'Europe,8
2346144,22:22:00,22:22:10,stop_point:SP_2173,Ctre Cial Portet - Entrée 1,9
2346144,22:23:00,22:23:10,stop_point:SP_1454,Palanques,10
2346144,22:24:00,22:24:10,stop_point:SP_4410,Ctre Cial Portet - Entrée 5,11
2346144,22:25:00,22:25:10,stop_point:SP_2564,Ecole Récébédou,12
2346144,22:25:00,22:25:10,stop_point:SP_795,Claire Fontaine,13
2346144,22:26:00,22:26:10,stop_point:SP_415,Frênes,14
2346144,22:27:00,22:27:10,stop_point:SP_4940,Clairfont,15
2346144,22:28:00,22:28:10,stop_point:SP_320,Larrieu,16
2346144,22:29:00,22:29:10,stop_point:SP_4906,Joulin,17
2346144,22:29:00,22:29:10,stop_point:SP_3681,Route d'Espagne,18
2346144,22:30:00,22:30:10,stop_point:SP_2892,IUC,19
2346144,22:30:00,22:30:10,stop_point:SP_5096,Oncopole - Lise Enjalbert,20
2346144,22:31:00,22:31:10,stop_point:SP_2663,Oncopole Courrière,21
2346144,22:31:00,22:31:10,stop_point:SP_116,Maison Commune,22
2346144,22:32:00,22:32:10,stop_point:SP_1334,Hubert Curien,23
2346144,22:33:00,22:33:10,stop_point:SP_1973,Marchant,24
2346144,22:33:00,22:33:10,stop_point:SP_3988,Gironis - Mémorial AZF,25
2346144,22:34:00,22:34:10,stop_point:SP_3430,Rond-Point Langlade,26
2346144,22:35:00,22:35:10,stop_point:SP_657,Langlade,27
2346144,22:36:00,22:36:10,stop_point:SP_1579,Gallieni,28
2346144,22:37:00,22:37:10,stop_point:SP_1859,Penent,29
2346144,22:37:00,22:37:10,stop_point:SP_3122,Barrière de Muret,30
2346144,22:38:00,22:38:10,stop_point:SP_3422,Roc,31
2346144,22:39:00,22:39:10,stop_point:SP_1188,Croix de Pierre,32
2346144,22:40:00,22:40:10,stop_point:SP_58,Stadium Ouest,33
2346144,22:41:00,22:41:10,stop_point:SP_3098,Stadium Est,34
2346144,22:44:00,22:44:10,stop_point:SP_461,Empalot,35
2346145,22:45:00,22:45:10,stop_point:SP_4521,Portet Gare SNCF,1
2346145,22:47:00,22:47:10,stop_point:SP_4529,Jean Jaurès,2
2346145,22:48:00,22:48:10,stop_point:SP_4773,Désiré,3
2346145,22:49:00,22:49:10,stop_point:SP_70,Eglise de Portet,4
2346145,22:50:00,22:50:10,stop_point:SP_1427,Commerce,5
2346145,22:50:00,22:50:10,stop_point:SP_1451,Occitanie,6
2346145,22:51:00,22:51:10,stop_point:SP_2980,Stade,7
2346145,22:52:00,22:52:10,stop_point:SP_3234,Bd de l'Europe,8
2346145,22:52:00,22:52:10,stop_point:SP_2173,Ctre Cial Portet - Entrée 1,9
2346145,22:53:00,22:53:10,stop_point:SP_1454,Palanques,10
2346145,22:54:00,22:54:10,stop_point:SP_4410,Ctre Cial Portet - Entrée 5,11
2346145,22:55:00,22:55:10,stop_point:SP_2564,Ecole Récébédou,12
2346145,22:55:00,22:55:10,stop_point:SP_795,Claire Fontaine,13
2346145,22:56:00,22:56:10,stop_point:SP_415,Frênes,14
2346145,22:57:00,22:57:10,stop_point:SP_4940,Clairfont,15
2346145,22:58:00,22:58:10,stop_point:SP_320,Larrieu,16
2346145,22:59:00,22:59:10,stop_point:SP_4906,Joulin,17
2346145,22:59:00,22:59:10,stop_point:SP_3681,Route d'Espagne,18
2346145,23:00:00,23:00:10,stop_point:SP_2892,IUC,19
2346145,23:00:00,23:00:10,stop_point:SP_5096,Oncopole - Lise Enjalbert,20
2346145,23:01:00,23:01:10,stop_point:SP_2663,Oncopole Courrière,21
2346145,23:01:00,23:01:10,stop_point:SP_116,Maison Commune,22
2346145,23:02:00,23:02:10,stop_point:SP_1334,Hubert Curien,23
2346145,23:03:00,23:03:10,stop_point:SP_1973,Marchant,24
2346145,23:03:00,23:03:10,stop_point:SP_3988,Gironis - Mémorial AZF,25
2346145,23:04:00,23:04:10,stop_point:SP_3430,Rond-Point Langlade,26
2346145,23:05:00,23:05:10,stop_point:SP_657,Langlade,27
2346145,23:06:00,23:06:10,stop_point:SP_1579,Gallieni,28
2346145,23:07:00,23:07:10,stop_point:SP_1859,Penent,29
2346145,23:07:00,23:07:10,stop_point:SP_3122,Barrière de Muret,30
2346145,23:08:00,23:08:10,stop_point:SP_3422,Roc,31
2346145,23:09:00,23:09:10,stop_point:SP_1188,Croix de Pierre,32
2346145,23:10:00,23:10:10,stop_point:SP_58,Stadium Ouest,33
2346145,23:11:00,23:11:10,stop_point:SP_3098,Stadium Est,34
2346145,23:14:00,23:14:10,stop_point:SP_461,Empalot,35
2346146,23:15:00,23:15:10,stop_point:SP_4521,Portet Gare SNCF,1
2346146,23:17:00,23:17:10,stop_point:SP_4529,Jean Jaurès,2
2346146,23:18:00,23:18:10,stop_point:SP_4773,Désiré,3
2346146,23:19:00,23:19:10,stop_point:SP_70,Eglise de Portet,4
2346146,23:20:00,23:20:10,stop_point:SP_1427,Commerce,5
2346146,23:20:00,23:20:10,stop_point:SP_1451,Occitanie,6
2346146,23:21:00,23:21:10,stop_point:SP_2980,Stade,7
2346146,23:22:00,23:22:10,stop_point:SP_3234,Bd de l'Europe,8
2346146,23:22:00,23:22:10,stop_point:SP_2173,Ctre Cial Portet - Entrée 1,9
2346146,23:23:00,23:23:10,stop_point:SP_1454,Palanques,10
2346146,23:24:00,23:24:10,stop_point:SP_4410,Ctre Cial Portet - Entrée 5,11
2346146,23:25:00,23:25:10,stop_point:SP_2564,Ecole Récébédou,12
2346146,23:25:00,23:25:10,stop_point:SP_795,Claire Fontaine,13
2346146,23:26:00,23:26:10,stop_point:SP_415,Frênes,14
2346146,23:27:00,23:27:10,stop_point:SP_4940,Clairfont,15
2346146,23:28:00,23:28:10,stop_point:SP_320,Larrieu,16
2346146,23:29:00,23:29:10,stop_point:SP_4906,Joulin,17
2346146,23:29:00,23:29:10,stop_point:SP_3681,Route d'Espagne,18
2346146,23:30:00,23:30:10,stop_point:SP_2892,IUC,19
2346146,23:30:00,23:30:10,stop_point:SP_5096,Oncopole - Lise Enjalbert,20
2346146,23:31:00,23:31:10,stop_point:SP_2663,Oncopole Courrière,21
2346146,23:31:00,23:31:10,stop_point:SP_116,Maison Commune,22
2346146,23:32:00,23:32:10,stop_point:SP_1334,Hubert Curien,23
2346146,23:33:00,23:33:10,stop_point:SP_1973,Marchant,24
2346146,23:33:00,23:33:10,stop_point:SP_3988,Gironis - Mémorial AZF,25
2346146,23:34:00,23:34:10,stop_point:SP_3430,Rond-Point Langlade,26
2346146,23:35:00,23:35:10,stop_point:SP_657,Langlade,27
2346146,23:36:00,23:36:10,stop_point:SP_1579,Gallieni,28
2346146,23:37:00,23:37:10,stop_point:SP_1859,Penent,29
2346146,23:37:00,23:37:10,stop_point:SP_3122,Barrière de Muret,30
2346146,23:38:00,23:38:10,stop_point:SP_3422,Roc,31
2346146,23:39:00,23:39:10,stop_point:SP_1188,Croix de Pierre,32
2346146,23:40:00,23:40:10,stop_point:SP_58,Stadium Ouest,33
2346146,23:41:00,23:41:10,stop_point:SP_3098,Stadium Est,34
2346146,23:44:00,23:44:10,stop_point:SP_461,Empalot,35
2346147,23:45:00,23:45:10,stop_point:SP_4521,Portet Gare SNCF,1
2346147,23:47:00,23:47:10,stop_point:SP_4529,Jean Jaurès,2
2346147,23:48:00,23:48:10,stop_point:SP_4773,Désiré,3
2346147,23:49:00,23:49:10,stop_point:SP_70,Eglise de Portet,4
2346147,23:50:00,23:50:10,stop_point:SP_1427,Commerce,5
2346147,23:50:00,23:50:10,stop_point:SP_1451,Occitanie,6
2346147,23:51:00,23:51:10,stop_point:SP_2980,Stade,7
2346147,23:52:00,23:52:10,stop_point:SP_3234,Bd de l'Europe,8
2346147,23:52:00,23:52:10,stop_point:SP_2173,Ctre Cial Portet - Entrée 1,9
2346147,23:53:00,23:53:10,stop_point:SP_1454,Palanques,10
2346147,23:54:00,23:54:10,stop_point:SP_4410,Ctre Cial Portet - Entrée 5,11
2346147,23:55:00,23:55:10,stop_point:SP_2564,Ecole Récébédou,12
2346147,23:55:00,23:55:10,stop_point:SP_795,Claire Fontaine,13
2346147,23:56:00,23:56:10,stop_point:SP_415,Frênes,14
2346147,23:57:00,23:57:10,stop_point:SP_4940,Clairfont,15
2346147,23:58:00,23:58:10,stop_point:SP_320,Larrieu,16
2346147,23:59:00,23:59:10,stop_point:SP_4906,Joulin,17
2346147,23:59:00,23:59:10,stop_point:SP_3681,Route d'Espagne,18
2346147,24:00:00,24:00:10,stop_point:SP_2892,IUC,19
2346147,24:00:00,24:00:10,stop_point:SP_5096,Oncopole - Lise Enjalbert,20
2346147,24:01:00,24:01:10,stop_point:SP_2663,Oncopole Courrière,21
2346147,24:01:00,24:01:10,stop_point:SP_116,Maison Commune,22
2346147,24:02:00,24:02:10,stop_point:SP_1334,Hubert Curien,23
2346147,24:03:00,24:03:10,stop_point:SP_1973,Marchant,24
2346147,24:03:00,24:03:10,stop_point:SP_3988,Gironis - Mémorial AZF,25
2346147,24:04:00,24:04:10,stop_point:SP_3430,Rond-Point Langlade,26
2346147,24:05:00,24:05:10,stop_point:SP_657,Langlade,27
2346147,24:06:00,24:06:10,stop_point:SP_1579,Gallieni,28
2346147,24:07:00,24:07:10,stop_point:SP_1859,Penent,29
2346147,24:07:00,24:07:10,stop_point:SP_3122,Barrière de Muret,30
2346147,24:08:00,24:08:10,stop_point:SP_3422,Roc,31
2346147,24:09:00,24:09:10,stop_point:SP_1188,Croix de Pierre,32
2346147,24:10:00,24:10:10,stop_point:SP_58,Stadium Ouest,33
2346147,24:11:00,24:11:10,stop_point:SP_3098,Stadium Est,34
2346147,24:13:00,24:13:10,stop_point:SP_461,Empalot,35
2346148,24:15:00,24:15:10,stop_point:SP_4521,Portet Gare SNCF,1
2346148,24:17:00,24:17:10,stop_point:SP_4529,Jean Jaurès,2
2346148,24:18:00,24:18:10,stop_point:SP_4773,Désiré,3
2346148,24:19:00,24:19:10,stop_point:SP_70,Eglise de Portet,4
2346148,24:20:00,24:20:10,stop_point:SP_1427,Commerce,5
2346148,24:20:00,24:20:10,stop_point:SP_1451,Occitanie,6
2346148,24:21:00,24:21:10,stop_point:SP_2980,Stade,7
2346148,24:22:00,24:22:10,stop_point:SP_3234,Bd de l'Europe,8
2346148,24:22:00,24:22:10,stop_point:SP_2173,Ctre Cial Portet - Entrée 1,9
2346148,24:23:00,24:23:10,stop_point:SP_1454,Palanques,10
2346148,24:24:00,24:24:10,stop_point:SP_4410,Ctre Cial Portet - Entrée 5,11
2346148,24:25:00,24:25:10,stop_point:SP_2564,Ecole Récébédou,12
2346148,24:25:00,24:25:10,stop_point:SP_795,Claire Fontaine,13
2346148,24:26:00,24:26:10,stop_point:SP_415,Frênes,14
2346148,24:27:00,24:27:10,stop_point:SP_4940,Clairfont,15
2346148,24:28:00,24:28:10,stop_point:SP_320,Larrieu,16
2346148,24:29:00,24:29:10,stop_point:SP_4906,Joulin,17
2346148,24:29:00,24:29:10,stop_point:SP_3681,Route d'Espagne,18
2346148,24:30:00,24:30:10,stop_point:SP_2892,IUC,19
2346148,24:30:00,24:30:10,stop_point:SP_5096,Oncopole - Lise Enjalbert,20
2346148,24:31:00,24:31:10,stop_point:SP_2663,Oncopole Courrière,21
2346148,24:31:00,24:31:10,stop_point:SP_116,Maison Commune,22
2346148,24:32:00,24:32:10,stop_point:SP_1334,Hubert Curien,23
2346148,24:33:00,24:33:10,stop_point:SP_1973,Marchant,24
2346148,24:33:00,24:33:10,stop_point:SP_3988,Gironis - Mémorial AZF,25
2346148,24:34:00,24:34:10,stop_point:SP_3430,Rond-Point Langlade,26
2346148,24:35:00,24:35:10,stop_point:SP_657,Langlade,27
2346148,24:36:00,24:36:10,stop_point:SP_1579,Gallieni,28
2346148,24:37:00,24:37:10,stop_point:SP_1859,Penent,29
2346148,24:37:00,24:37:10,stop_point:SP_3122,Barrière de Muret,30
2346148,24:38:00,24:38:10,stop_point:SP_3422,Roc,31
2346148,24:39:00,24:39:10,stop_point:SP_1188,Croix de Pierre,32
2346148,24:40:00,24:40:10,stop_point:SP_58,Stadium Ouest,33
2346148,24:41:00,24:41:10,stop_point:SP_3098,Stadium Est,34
2346148,24:43:00,24:43:10,stop_point:SP_461,Empalot,35
2346149,24:40:00,24:40:10,stop_point:SP_4521,Portet Gare SNCF,1
2346149,24:42:00,24:42:10,stop_point:SP_4529,Jean Jaurès,2
2346149,24:43:00,24:43:10,stop_point:SP_4773,Désiré,3
2346149,24:44:00,24:44:10,stop_point:SP_70,Eglise de Portet,4
2346149,24:45:00,24:45:10,stop_point:SP_1427,Commerce,5
2346149,24:45:00,24:45:10,stop_point:SP_1451,Occitanie,6
2346149,24:46:00,24:46:10,stop_point:SP_2980,Stade,7
2346149,24:47:00,24:47:10,stop_point:SP_3234,Bd de l'Europe,8
2346149,24:47:00,24:47:10,stop_point:SP_2173,Ctre Cial Portet - Entrée 1,9
2346149,24:48:00,24:48:10,stop_point:SP_1454,Palanques,10
2346149,24:49:00,24:49:10,stop_point:SP_4410,Ctre Cial Portet - Entrée 5,11
2346149,24:50:00,24:50:10,stop_point:SP_2564,Ecole Récébédou,12
2346149,24:50:00,24:50:10,stop_point:SP_795,Claire Fontaine,13
2346149,24:51:00,24:51:10,stop_point:SP_415,Frênes,14
2346149,24:52:00,24:52:10,stop_point:SP_4940,Clairfont,15
2346149,24:53:00,24:53:10,stop_point:SP_320,Larrieu,16
2346149,24:54:00,24:54:10,stop_point:SP_4906,Joulin,17
2346149,24:54:00,24:54:10,stop_point:SP_3681,Route d'Espagne,18
2346149,24:55:00,24:55:10,stop_point:SP_2892,IUC,19
2346149,24:55:00,24:55:10,stop_point:SP_5096,Oncopole - Lise Enjalbert,20
2346149,24:56:00,24:56:10,stop_point:SP_2663,Oncopole Courrière,21
2346149,24:56:00,24:56:10,stop_point:SP_116,Maison Commune,22
2346149,24:57:00,24:57:10,stop_point:SP_1334,Hubert Curien,23
2346149,24:58:00,24:58:10,stop_point:SP_1973,Marchant,24
2346149,24:58:00,24:58:10,stop_point:SP_3988,Gironis - Mémorial AZF,25
2346149,24:59:00,24:59:10,stop_point:SP_3430,Rond-Point Langlade,26
2346149,25:00:00,25:00:10,stop_point:SP_657,Langlade,27
2346149,25:01:00,25:01:10,stop_point:SP_1579,Gallieni,28
2346149,25:02:00,25:02:10,stop_point:SP_1859,Penent,29
2346149,25:02:00,25:02:10,stop_point:SP_3122,Barrière de Muret,30
2346149,25:03:00,25:03:10,stop_point:SP_3422,Roc,31
2346149,25:04:00,25:04:10,stop_point:SP_1188,Croix de Pierre,32
2346149,25:05:00,25:05:10,stop_point:SP_58,Stadium Ouest,33
2346149,25:06:00,25:06:10,stop_point:SP_3098,Stadium Est,34
2346149,25:08:00,25:08:10,stop_point:SP_461,Empalot,35
