trip_id,arrival_time,departure_time,stop_id,stop_name,stop_sequence
2307316,07:00:00,07:00:10,stop_point:SP_3200,Jolimont,1
2307316,07:02:00,07:02:10,stop_point:SP_91,Chaumière,2
2307316,07:03:00,07:03:10,stop_point:SP_2865,Heredia,3
2307316,07:04:00,07:04:10,stop_point:SP_1152,Soupetard Salonique,4
2307316,07:05:00,07:05:10,stop_point:SP_3402,Coquille,5
2307316,07:06:00,07:06:10,stop_point:SP_2952,Jean Chaubet,6
2307316,07:07:00,07:07:10,stop_point:SP_1352,Achiary,7
2307316,07:08:00,07:08:10,stop_point:SP_109,Av. Raymond Naves,8
2307316,07:09:00,07:09:10,stop_point:SP_2670,Lafilaire,9
2307316,07:09:00,07:09:10,stop_point:SP_1692,Limayrac,10
2307316,07:09:00,07:09:10,stop_point:SP_2496,Balansa,11
2307316,07:10:00,07:10:10,stop_point:SP_2997,Jacinthes,12
2307316,07:10:00,07:10:10,stop_point:SP_2665,Baroux,13
2307316,07:11:00,07:11:10,stop_point:SP_407,Firmis,14
2307316,07:12:00,07:12:10,stop_point:SP_3653,Pugens,15
2307316,07:12:00,07:12:10,stop_point:SP_1135,Mont Ventoux,16
2307316,07:13:00,07:13:10,stop_point:SP_1337,Allègre,17
2307316,07:14:00,07:14:10,stop_point:SP_487,Ledormeur,18
2307316,07:15:00,07:15:10,stop_point:SP_1385,Garin,19
2307316,07:16:00,07:16:10,stop_point:SP_1759,Tahiti,20
2307316,07:17:00,07:17:10,stop_point:SP_882,Bréguet,21
2307316,07:18:00,07:18:10,stop_point:SP_3083,Piste des Géants,22
2307316,07:19:00,07:19:10,stop_point:SP_5276,Gonin,23
2307316,07:20:00,07:20:10,stop_point:SP_4963,Armentières,24
2307316,07:21:00,07:21:10,stop_point:SP_3890,Védrines,25
2307316,07:22:00,07:22:10,stop_point:SP_2545,Rodier,26
2307316,07:23:00,07:23:10,stop_point:SP_2730,Clément Ader,27
2307316,07:25:00,07:25:10,stop_point:SP_2661,CNES- IAS,28
2307316,07:26:00,07:26:10,stop_point:SP_3799,ENAC,29
2307316,07:27:00,07:27:10,stop_point:SP_2792,LAAS,30
2307316,07:29:00,07:29:10,stop_point:SP_2607,Giordano Bruno,31
2307316,07:30:00,07:30:10,stop_point:SP_474,Sports Universitaires,32
2307316,07:31:00,07:31:10,stop_point:SP_1854,Naturopole,33
2307316,07:32:00,07:32:10,stop_point:SP_548,Ramonville,34
2307317,07:50:00,07:50:10,stop_point:SP_3200,Jolimont,1
2307317,07:52:00,07:52:10,stop_point:SP_91,Chaumière,2
2307317,07:53:00,07:53:10,stop_point:SP_2865,Heredia,3
2307317,07:54:00,07:54:10,stop_point:SP_1152,Soupetard Salonique,4
2307317,07:55:00,07:55:10,stop_point:SP_3402,Coquille,5
2307317,07:56:00,07:56:10,stop_point:SP_2952,Jean Chaubet,6
2307317,07:57:00,07:57:10,stop_point:SP_1352,Achiary,7
2307317,07:58:00,07:58:10,stop_point:SP_109,Av. Raymond Naves,8
2307317,07:59:00,07:59:10,stop_point:SP_2670,Lafilaire,9
2307317,07:59:00,07:59:10,stop_point:SP_1692,Limayrac,10
2307317,07:59:00,07:59:10,stop_point:SP_2496,Balansa,11
2307317,08:00:00,08:00:10,stop_point:SP_2997,Jacinthes,12
2307317,08:00:00,08:00:10,stop_point:SP_2665,Baroux,13
2307317,08:01:00,08:01:10,stop_point:SP_407,Firmis,14
2307317,08:02:00,08:02:10,stop_point:SP_3653,Pugens,15
2307317,08:02:00,08:02:10,stop_point:SP_1135,Mont Ventoux,16
2307317,08:03:00,08:03:10,stop_point:SP_1337,Allègre,17
2307317,08:04:00,08:04:10,stop_point:SP_487,Ledormeur,18
2307317,08:05:00,08:05:10,stop_point:SP_1385,Garin,19
2307317,08:06:00,08:06:10,stop_point:SP_1759,Tahiti,20
2307317,08:07:00,08:07:10,stop_point:SP_882,Bréguet,21
2307317,08:08:00,08:08:10,stop_point:SP_3083,Piste des Géants,22
2307317,08:09:00,08:09:10,stop_point:SP_5276,Gonin,23
2307317,08:10:00,08:10:10,stop_point:SP_4963,Armentières,24
2307317,08:11:00,08:11:10,stop_point:SP_3890,Védrines,25
2307317,08:12:00,08:12:10,stop_point:SP_2545,Rodier,26
2307317,08:13:00,08:13:10,stop_point:SP_2730,Clément Ader,27
2307317,08:15:00,08:15:10,stop_point:SP_2661,CNES- IAS,28
2307317,08:16:00,08:16:10,stop_point:SP_3799,ENAC,29
2307317,08:17:00,08:17:10,stop_point:SP_2792,LAAS,30
2307317,08:19:00,08:19:10,stop_point:SP_2607,Giordano Bruno,31
2307317,08:20:00,08:20:10,stop_point:SP_474,Sports Universitaires,32
2307317,08:21:00,08:21:10,stop_point:SP_1854,Naturopole,33
2307317,08:22:00,08:22:10,stop_point:SP_548,Ramonville,34
2307318,08:40:00,08:40:10,stop_point:SP_3200,Jolimont,1
2307318,08:42:00,08:42:10,stop_point:SP_91,Chaumière,2
2307318,08:43:00,08:43:10,stop_point:SP_2865,Heredia,3
2307318,08:44:00,08:44:10,stop_point:SP_1152,Soupetard Salonique,4
2307318,08:45:00,08:45:10,stop_point:SP_3402,Coquille,5
2307318,08:46:00,08:46:10,stop_point:SP_2952,Jean Chaubet,6
2307318,08:47:00,08:47:10,stop_point:SP_1352,Achiary,7
2307318,08:49:00,08:49:10,stop_point:SP_109,Av. Raymond Naves,8
2307318,08:49:00,08:49:10,stop_point:SP_2670,Lafilaire,9
2307318,08:50:00,08:50:10,stop_point:SP_1692,Limayrac,10
2307318,08:50:00,08:50:10,stop_point:SP_2496,Balansa,11
2307318,08:51:00,08:51:10,stop_point:SP_2997,Jacinthes,12
2307318,08:51:00,08:51:10,stop_point:SP_2665,Baroux,13
2307318,08:52:00,08:52:10,stop_point:SP_407,Firmis,14
2307318,08:53:00,08:53:10,stop_point:SP_3653,Pugens,15
2307318,08:53:00,08:53:10,stop_point:SP_1135,Mont Ventoux,16
2307318,08:54:00,08:54:10,stop_point:SP_1337,Allègre,17
2307318,08:55:00,08:55:10,stop_point:SP_487,Ledormeur,18
2307318,08:56:00,08:56:10,stop_point:SP_1385,Garin,19
2307318,08:57:00,08:57:10,stop_point:SP_1759,Tahiti,20
2307318,08:58:00,08:58:10,stop_point:SP_882,Bréguet,21
2307318,08:59:00,08:59:10,stop_point:SP_3083,Piste des Géants,22
2307318,09:00:00,09:00:10,stop_point:SP_5276,Gonin,23
2307318,09:01:00,09:01:10,stop_point:SP_4963,Armentières,24
2307318,09:02:00,09:02:10,stop_point:SP_3890,Védrines,25
2307318,09:03:00,09:03:10,stop_point:SP_2545,Rodier,26
2307318,09:04:00,09:04:10,stop_point:SP_2730,Clément Ader,27
2307318,09:06:00,09:06:10,stop_point:SP_2661,CNES- IAS,28
2307318,09:07:00,09:07:10,stop_point:SP_3799,ENAC,29
2307318,09:08:00,09:08:10,stop_point:SP_2792,LAAS,30
2307318,09:10:00,09:10:10,stop_point:SP_2607,Giordano Bruno,31
2307318,09:11:00,09:11:10,stop_point:SP_474,Sports Universitaires,32
2307318,09:12:00,09:12:10,stop_point:SP_1854,Naturopole,33
2307318,09:13:00,09:13:10,stop_point:SP_548,Ramonville,34
2307319,09:30:00,09:30:10,stop_point:SP_3200,Jolimont,1
2307319,09:32:00,09:32:10,stop_point:SP_91,Chaumière,2
2307319,09:33:00,09:33:10,stop_point:SP_2865,Heredia,3
2307319,09:34:00,09:34:10,stop_point:SP_1152,Soupetard Salonique,4
2307319,09:35:00,09:35:10,stop_point:SP_3402,Coquille,5
2307319,09:36:00,09:36:10,stop_point:SP_2952,Jean Chaubet,6
2307319,09:37:00,09:37:10,stop_point:SP_1352,Achiary,7
2307319,09:39:00,09:39:10,stop_point:SP_109,Av. Raymond Naves,8
2307319,09:39:00,09:39:10,stop_point:SP_2670,Lafilaire,9
2307319,09:40:00,09:40:10,stop_point:SP_1692,Limayrac,10
2307319,09:40:00,09:40:10,stop_point:SP_2496,Balansa,11
2307319,09:41:00,09:41:10,stop_point:SP_2997,Jacinthes,12
2307319,09:41:00,09:41:10,stop_point:SP_2665,Baroux,13
2307319,09:42:00,09:42:10,stop_point:SP_407,Firmis,14
2307319,09:43:00,09:43:10,stop_point:SP_3653,Pugens,15
2307319,09:43:00,09:43:10,stop_point:SP_1135,Mont Ventoux,16
2307319,09:44:00,09:44:10,stop_point:SP_1337,Allègre,17
2307319,09:45:00,09:45:10,stop_point:SP_487,Ledormeur,18
2307319,09:46:00,09:46:10,stop_point:SP_1385,Garin,19
2307319,09:47:00,09:47:10,stop_point:SP_1759,Tahiti,20
2307319,09:48:00,09:48:10,stop_point:SP_882,Bréguet,21
2307319,09:49:00,09:49:10,stop_point:SP_3083,Piste des Géants,22
2307319,09:50:00,09:50:10,stop_point:SP_5276,Gonin,23
2307319,09:51:00,09:51:10,stop_point:SP_4963,Armentières,24
2307319,09:52:00,09:52:10,stop_point:SP_3890,Védrines,25
2307319,09:53:00,09:53:10,stop_point:SP_2545,Rodier,26
2307319,09:54:00,09:54:10,stop_point:SP_2730,Clément Ader,27
2307319,09:56:00,09:56:10,stop_point:SP_2661,CNES- IAS,28
2307319,09:57:00,09:57:10,stop_point:SP_3799,ENAC,29
2307319,09:58:00,09:58:10,stop_point:SP_2792,LAAS,30
2307319,10:00:00,10:00:10,stop_point:SP_2607,Giordano Bruno,31
2307319,10:01:00,10:01:10,stop_point:SP_474,Sports Universitaires,32
2307319,10:02:00,10:02:10,stop_point:SP_1854,Naturopole,33
2307319,10:03:00,10:03:10,stop_point:SP_548,Ramonville,34
2307320,10:20:00,10:20:10,stop_point:SP_3200,Jolimont,1
2307320,10:22:00,10:22:10,stop_point:SP_91,Chaumière,2
2307320,10:23:00,10:23:10,stop_point:SP_2865,Heredia,3
2307320,10:24:00,10:24:10,stop_point:SP_1152,Soupetard Salonique,4
2307320,10:25:00,10:25:10,stop_point:SP_3402,Coquille,5
2307320,10:26:00,10:26:10,stop_point:SP_2952,Jean Chaubet,6
2307320,10:27:00,10:27:10,stop_point:SP_1352,Achiary,7
2307320,10:29:00,10:29:10,stop_point:SP_109,Av. Raymond Naves,8
2307320,10:29:00,10:29:10,stop_point:SP_2670,Lafilaire,9
2307320,10:30:00,10:30:10,stop_point:SP_1692,Limayrac,10
2307320,10:30:00,10:30:10,stop_point:SP_2496,Balansa,11
2307320,10:31:00,10:31:10,stop_point:SP_2997,Jacinthes,12
2307320,10:31:00,10:31:10,stop_point:SP_2665,Baroux,13
2307320,10:32:00,10:32:10,stop_point:SP_407,Firmis,14
2307320,10:33:00,10:33:10,stop_point:SP_3653,Pugens,15
2307320,10:33:00,10:33:10,stop_point:SP_1135,Mont Ventoux,16
2307320,10:34:00,10:34:10,stop_point:SP_1337,Allègre,17
2307320,10:35:00,10:35:10,stop_point:SP_487,Ledormeur,18
2307320,10:36:00,10:36:10,stop_point:SP_1385,Garin,19
2307320,10:37:00,10:37:10,stop_point:SP_1759,Tahiti,20
2307320,10:38:00,10:38:10,stop_point:SP_882,Bréguet,21
2307320,10:39:00,10:39:10,stop_point:SP_3083,Piste des Géants,22
2307320,10:40:00,10:40:10,stop_point:SP_5276,Gonin,23
2307320,10:41:00,10:41:10,stop_point:SP_4963,Armentières,24
2307320,10:42:00,10:42:10,stop_point:SP_3890,Védrines,25
2307320,10:43:00,10:43:10,stop_point:SP_2545,Rodier,26
2307320,10:44:00,10:44:10,stop_point:SP_2730,Clément Ader,27
2307320,10:46:00,10:46:10,stop_point:SP_2661,CNES- IAS,28
2307320,10:47:00,10:47:10,stop_point:SP_3799,ENAC,29
2307320,10:48:00,10:48:10,stop_point:SP_2792,LAAS,30
2307320,10:50:00,10:50:10,stop_point:SP_2607,Giordano Bruno,31
2307320,10:51:00,10:51:10,stop_point:SP_474,Sports Universitaires,32
2307320,10:52:00,10:52:10,stop_point:SP_1854,Naturopole,33
2307320,10:53:00,10:53:10,stop_point:SP_548,Ramonville,34
2307321,11:10:00,11:10:10,stop_point:SP_3200,Jolimont,1
2307321,11:12:00,11:12:10,stop_point:SP_91,Chaumière,2
2307321,11:13:00,11:13:10,stop_point:SP_2865,Heredia,3
2307321,11:14:00,11:14:10,stop_point:SP_1152,Soupetard Salonique,4
2307321,11:15:00,11:15:10,stop_point:SP_3402,Coquille,5
2307321,11:16:00,11:16:10,stop_point:SP_2952,Jean Chaubet,6
2307321,11:17:00,11:17:10,stop_point:SP_1352,Achiary,7
2307321,11:19:00,11:19:10,stop_point:SP_109,Av. Raymond Naves,8
2307321,11:19:00,11:19:10,stop_point:SP_2670,Lafilaire,9
2307321,11:20:00,11:20:10,stop_point:SP_1692,Limayrac,10
2307321,11:20:00,11:20:10,stop_point:SP_2496,Balansa,11
2307321,11:21:00,11:21:10,stop_point:SP_2997,Jacinthes,12
2307321,11:21:00,11:21:10,stop_point:SP_2665,Baroux,13
2307321,11:22:00,11:22:10,stop_point:SP_407,Firmis,14
2307321,11:23:00,11:23:10,stop_point:SP_3653,Pugens,15
2307321,11:23:00,11:23:10,stop_point:SP_1135,Mont Ventoux,16
2307321,11:24:00,11:24:10,stop_point:SP_1337,Allègre,17
2307321,11:25:00,11:25:10,stop_point:SP_487,Ledormeur,18
2307321,11:26:00,11:26:10,stop_point:SP_1385,Garin,19
2307321,11:27:00,11:27:10,stop_point:SP_1759,Tahiti,20
2307321,11:28:00,11:28:10,stop_point:SP_882,Bréguet,21
2307321,11:29:00,11:29:10,stop_point:SP_3083,Piste des Géants,22
2307321,11:30:00,11:30:10,stop_point:SP_5276,Gonin,23
2307321,11:31:00,11:31:10,stop_point:SP_4963,Armentières,24
2307321,11:32:00,11:32:10,stop_point:SP_3890,Védrines,25
2307321,11:33:00,11:33:10,stop_point:SP_2545,Rodier,26
2307321,11:34:00,11:34:10,stop_point:SP_2730,Clément Ader,27
2307321,11:36:00,11:36:10,stop_point:SP_2661,CNES- IAS,28
2307321,11:37:00,11:37:10,stop_point:SP_3799,ENAC,29
2307321,11:38:00,11:38:10,stop_point:SP_2792,LAAS,30
2307321,11:40:00,11:40:10,stop_point:SP_2607,Giordano Bruno,31
2307321,11:41:00,11:41:10,stop_point:SP_474,Sports Universitaires,32
2307321,11:42:00,11:42:10,stop_point:SP_1854,Naturopole,33
2307321,11:43:00,11:43:10,stop_point:SP_548,Ramonville,34
2307322,12:00:00,12:00:10,stop_point:SP_3200,Jolimont,1
2307322,12:02:00,12:02:10,stop_point:SP_91,Chaumière,2
2307322,12:03:00,12:03:10,stop_point:SP_2865,Heredia,3
2307322,12:04:00,12:04:10,stop_point:SP_1152,Soupetard Salonique,4
2307322,12:05:00,12:05:10,stop_point:SP_3402,Coquille,5
2307322,12:06:00,12:06:10,stop_point:SP_2952,Jean Chaubet,6
2307322,12:07:00,12:07:10,stop_point:SP_1352,Achiary,7
2307322,12:09:00,12:09:10,stop_point:SP_109,Av. Raymond Naves,8
2307322,12:09:00,12:09:10,stop_point:SP_2670,Lafilaire,9
2307322,12:10:00,12:10:10,stop_point:SP_1692,Limayrac,10
2307322,12:10:00,12:10:10,stop_point:SP_2496,Balansa,11
2307322,12:11:00,12:11:10,stop_point:SP_2997,Jacinthes,12
2307322,12:11:00,12:11:10,stop_point:SP_2665,Baroux,13
2307322,12:12:00,12:12:10,stop_point:SP_407,Firmis,14
2307322,12:13:00,12:13:10,stop_point:SP_3653,Pugens,15
2307322,12:13:00,12:13:10,stop_point:SP_1135,Mont Ventoux,16
2307322,12:14:00,12:14:10,stop_point:SP_1337,Allègre,17
2307322,12:15:00,12:15:10,stop_point:SP_487,Ledormeur,18
2307322,12:16:00,12:16:10,stop_point:SP_1385,Garin,19
2307322,12:17:00,12:17:10,stop_point:SP_1759,Tahiti,20
2307322,12:18:00,12:18:10,stop_point:SP_882,Bréguet,21
2307322,12:19:00,12:19:10,stop_point:SP_3083,Piste des Géants,22
2307322,12:20:00,12:20:10,stop_point:SP_5276,Gonin,23
2307322,12:21:00,12:21:10,stop_point:SP_4963,Armentières,24
2307322,12:22:00,12:22:10,stop_point:SP_3890,Védrines,25
2307322,12:23:00,12:23:10,stop_point:SP_2545,Rodier,26
2307322,12:24:00,12:24:10,stop_point:SP_2730,Clément Ader,27
2307322,12:26:00,12:26:10,stop_point:SP_2661,CNES- IAS,28
2307322,12:27:00,12:27:10,stop_point:SP_3799,ENAC,29
2307322,12:28:00,12:28:10,stop_point:SP_2792,LAAS,30
2307322,12:30:00,12:30:10,stop_point:SP_2607,Giordano Bruno,31
2307322,12:31:00,12:31:10,stop_point:SP_474,Sports Universitaires,32
2307322,12:32:00,12:32:10,stop_point:SP_1854,Naturopole,33
2307322,12:33:00,12:33:10,stop_point:SP_548,Ramonville,34
2307323,12:50:00,12:50:10,stop_point:SP_3200,Jolimont,1
2307323,12:52:00,12:52:10,stop_point:SP_91,Chaumière,2
2307323,12:53:00,12:53:10,stop_point:SP_2865,Heredia,3
2307323,12:54:00,12:54:10,stop_point:SP_1152,Soupetard Salonique,4
2307323,12:55:00,12:55:10,stop_point:SP_3402,Coquille,5
2307323,12:56:00,12:56:10,stop_point:SP_2952,Jean Chaubet,6
2307323,12:57:00,12:57:10,stop_point:SP_1352,Achiary,7
2307323,12:59:00,12:59:10,stop_point:SP_109,Av. Raymond Naves,8
2307323,12:59:00,12:59:10,stop_point:SP_2670,Lafilaire,9
2307323,13:00:00,13:00:10,stop_point:SP_1692,Limayrac,10
2307323,13:00:00,13:00:10,stop_point:SP_2496,Balansa,11
2307323,13:01:00,13:01:10,stop_point:SP_2997,Jacinthes,12
2307323,13:01:00,13:01:10,stop_point:SP_2665,Baroux,13
2307323,13:02:00,13:02:10,stop_point:SP_407,Firmis,14
2307323,13:03:00,13:03:10,stop_point:SP_3653,Pugens,15
2307323,13:03:00,13:03:10,stop_point:SP_1135,Mont Ventoux,16
2307323,13:04:00,13:04:10,stop_point:SP_1337,Allègre,17
2307323,13:05:00,13:05:10,stop_point:SP_487,Ledormeur,18
2307323,13:06:00,13:06:10,stop_point:SP_1385,Garin,19
2307323,13:07:00,13:07:10,stop_point:SP_1759,Tahiti,20
2307323,13:08:00,13:08:10,stop_point:SP_882,Bréguet,21
2307323,13:09:00,13:09:10,stop_point:SP_3083,Piste des Géants,22
2307323,13:10:00,13:10:10,stop_point:SP_5276,Gonin,23
2307323,13:11:00,13:11:10,stop_point:SP_4963,Armentières,24
2307323,13:12:00,13:12:10,stop_point:SP_3890,Védrines,25
2307323,13:13:00,13:13:10,stop_point:SP_2545,Rodier,26
2307323,13:14:00,13:14:10,stop_point:SP_2730,Clément Ader,27
2307323,13:16:00,13:16:10,stop_point:SP_2661,CNES- IAS,28
2307323,13:17:00,13:17:10,stop_point:SP_3799,ENAC,29
2307323,13:18:00,13:18:10,stop_point:SP_2792,LAAS,30
2307323,13:20:00,13:20:10,stop_point:SP_2607,Giordano Bruno,31
2307323,13:21:00,13:21:10,stop_point:SP_474,Sports Universitaires,32
2307323,13:22:00,13:22:10,stop_point:SP_1854,Naturopole,33
2307323,13:23:00,13:23:10,stop_point:SP_548,Ramonville,34
2307324,13:40:00,13:40:10,stop_point:SP_3200,Jolimont,1
2307324,13:42:00,13:42:10,stop_point:SP_91,Chaumière,2
2307324,13:43:00,13:43:10,stop_point:SP_2865,Heredia,3
2307324,13:44:00,13:44:10,stop_point:SP_1152,Soupetard Salonique,4
2307324,13:45:00,13:45:10,stop_point:SP_3402,Coquille,5
2307324,13:46:00,13:46:10,stop_point:SP_2952,Jean Chaubet,6
2307324,13:47:00,13:47:10,stop_point:SP_1352,Achiary,7
2307324,13:49:00,13:49:10,stop_point:SP_109,Av. Raymond Naves,8
2307324,13:49:00,13:49:10,stop_point:SP_2670,Lafilaire,9
2307324,13:50:00,13:50:10,stop_point:SP_1692,Limayrac,10
2307324,13:50:00,13:50:10,stop_point:SP_2496,Balansa,11
2307324,13:51:00,13:51:10,stop_point:SP_2997,Jacinthes,12
2307324,13:51:00,13:51:10,stop_point:SP_2665,Baroux,13
2307324,13:52:00,13:52:10,stop_point:SP_407,Firmis,14
2307324,13:53:00,13:53:10,stop_point:SP_3653,Pugens,15
2307324,13:53:00,13:53:10,stop_point:SP_1135,Mont Ventoux,16
2307324,13:54:00,13:54:10,stop_point:SP_1337,Allègre,17
2307324,13:55:00,13:55:10,stop_point:SP_487,Ledormeur,18
2307324,13:56:00,13:56:10,stop_point:SP_1385,Garin,19
2307324,13:57:00,13:57:10,stop_point:SP_1759,Tahiti,20
2307324,13:58:00,13:58:10,stop_point:SP_882,Bréguet,21
2307324,13:59:00,13:59:10,stop_point:SP_3083,Piste des Géants,22
2307324,14:00:00,14:00:10,stop_point:SP_5276,Gonin,23
2307324,14:01:00,14:01:10,stop_point:SP_4963,Armentières,24
2307324,14:02:00,14:02:10,stop_point:SP_3890,Védrines,25
2307324,14:03:00,14:03:10,stop_point:SP_2545,Rodier,26
2307324,14:04:00,14:04:10,stop_point:SP_2730,Clément Ader,27
2307324,14:06:00,14:06:10,stop_point:SP_2661,CNES- IAS,28
2307324,14:07:00,14:07:10,stop_point:SP_3799,ENAC,29
2307324,14:08:00,14:08:10,stop_point:SP_2792,LAAS,30
2307324,14:10:00,14:10:10,stop_point:SP_2607,Giordano Bruno,31
2307324,14:11:00,14:11:10,stop_point:SP_474,Sports Universitaires,32
2307324,14:12:00,14:12:10,stop_point:SP_1854,Naturopole,33
2307324,14:13:00,14:13:10,stop_point:SP_548,Ramonville,34
2307325,14:05:00,14:05:10,stop_point:SP_3200,Jolimont,1
2307325,14:07:00,14:07:10,stop_point:SP_91,Chaumière,2
2307325,14:08:00,14:08:10,stop_point:SP_2865,Heredia,3
2307325,14:09:00,14:09:10,stop_point:SP_1152,Soupetard Salonique,4
2307325,14:10:00,14:10:10,stop_point:SP_3402,Coquille,5
2307325,14:11:00,14:11:10,stop_point:SP_2952,Jean Chaubet,6
2307325,14:12:00,14:12:10,stop_point:SP_1352,Achiary,7
2307325,14:14:00,14:14:10,stop_point:SP_109,Av. Raymond Naves,8
2307325,14:14:00,14:14:10,stop_point:SP_2670,Lafilaire,9
2307325,14:15:00,14:15:10,stop_point:SP_1692,Limayrac,10
2307325,14:15:00,14:15:10,stop_point:SP_2496,Balansa,11
2307325,14:16:00,14:16:10,stop_point:SP_2997,Jacinthes,12
2307325,14:16:00,14:16:10,stop_point:SP_2665,Baroux,13
2307325,14:17:00,14:17:10,stop_point:SP_407,Firmis,14
2307325,14:18:00,14:18:10,stop_point:SP_3653,Pugens,15
2307325,14:18:00,14:18:10,stop_point:SP_1135,Mont Ventoux,16
2307325,14:19:00,14:19:10,stop_point:SP_1337,Allègre,17
2307325,14:20:00,14:20:10,stop_point:SP_487,Ledormeur,18
2307325,14:21:00,14:21:10,stop_point:SP_1385,Garin,19
2307325,14:22:00,14:22:10,stop_point:SP_1759,Tahiti,20
2307325,14:23:00,14:23:10,stop_point:SP_882,Bréguet,21
2307325,14:24:00,14:24:10,stop_point:SP_3083,Piste des Géants,22
2307325,14:25:00,14:25:10,stop_point:SP_5276,Gonin,23
2307325,14:26:00,14:26:10,stop_point:SP_4963,Armentières,24
2307325,14:27:00,14:27:10,stop_point:SP_3890,Védrines,25
2307325,14:28:00,14:28:10,stop_point:SP_2545,Rodier,26
2307325,14:29:00,14:29:10,stop_point:SP_2730,Clément Ader,27
2307325,14:31:00,14:31:10,stop_point:SP_2661,CNES- IAS,28
2307325,14:32:00,14:32:10,stop_point:SP_3799,ENAC,29
2307325,14:33:00,14:33:10,stop_point:SP_2792,LAAS,30
2307325,14:35:00,14:35:10,stop_point:SP_2607,Giordano Bruno,31
2307325,14:36:00,14:36:10,stop_point:SP_474,Sports Universitaires,32
2307325,14:37:00,14:37:10,stop_point:SP_1854,Naturopole,33
2307325,14:38:00,14:38:10,stop_point:SP_548,Ramonville,34
2307326,14:30:00,14:30:10,stop_point:SP_3200,Jolimont,1
2307326,14:32:00,14:32:10,stop_point:SP_91,Chaumière,2
2307326,14:33:00,14:33:10,stop_point:SP_2865,Heredia,3
2307326,14:34:00,14:34:10,stop_point:SP_1152,Soupetard Salonique,4
2307326,14:35:00,14:35:10,stop_point:SP_3402,Coquille,5
2307326,14:36:00,14:36:10,stop_point:SP_2952,Jean Chaubet,6
2307326,14:37:00,14:37:10,stop_point:SP_1352,Achiary,7
2307326,14:39:00,14:39:10,stop_point:SP_109,Av. Raymond Naves,8
2307326,14:39:00,14:39:10,stop_point:SP_2670,Lafilaire,9
2307326,14:40:00,14:40:10,stop_point:SP_1692,Limayrac,10
2307326,14:40:00,14:40:10,stop_point:SP_2496,Balansa,11
2307326,14:41:00,14:41:10,stop_point:SP_2997,Jacinthes,12
2307326,14:41:00,14:41:10,stop_point:SP_2665,Baroux,13
2307326,14:42:00,14:42:10,stop_point:SP_407,Firmis,14
2307326,14:43:00,14:43:10,stop_point:SP_3653,Pugens,15
2307326,14:43:00,14:43:10,stop_point:SP_1135,Mont Ventoux,16
2307326,14:44:00,14:44:10,stop_point:SP_1337,Allègre,17
2307326,14:45:00,14:45:10,stop_point:SP_487,Ledormeur,18
2307326,14:46:00,14:46:10,stop_point:SP_1385,Garin,19
2307326,14:47:00,14:47:10,stop_point:SP_1759,Tahiti,20
2307326,14:48:00,14:48:10,stop_point:SP_882,Bréguet,21
2307326,14:49:00,14:49:10,stop_point:SP_3083,Piste des Géants,22
2307326,14:50:00,14:50:10,stop_point:SP_5276,Gonin,23
2307326,14:51:00,14:51:10,stop_point:SP_4963,Armentières,24
2307326,14:52:00,14:52:10,stop_point:SP_3890,Védrines,25
2307326,14:53:00,14:53:10,stop_point:SP_2545,Rodier,26
2307326,14:54:00,14:54:10,stop_point:SP_2730,Clément Ader,27
2307326,14:56:00,14:56:10,stop_point:SP_2661,CNES- IAS,28
2307326,14:57:00,14:57:10,stop_point:SP_3799,ENAC,29
2307326,14:58:00,14:58:10,stop_point:SP_2792,LAAS,30
2307326,15:00:00,15:00:10,stop_point:SP_2607,Giordano Bruno,31
2307326,15:01:00,15:01:10,stop_point:SP_474,Sports Universitaires,32
2307326,15:02:00,15:02:10,stop_point:SP_1854,Naturopole,33
2307326,15:03:00,15:03:10,stop_point:SP_548,Ramonville,34
2307327,14:55:00,14:55:10,stop_point:SP_3200,Jolimont,1
2307327,14:57:00,14:57:10,stop_point:SP_91,Chaumière,2
2307327,14:58:00,14:58:10,stop_point:SP_2865,Heredia,3
2307327,14:59:00,14:59:10,stop_point:SP_1152,Soupetard Salonique,4
2307327,15:00:00,15:00:10,stop_point:SP_3402,Coquille,5
2307327,15:01:00,15:01:10,stop_point:SP_2952,Jean Chaubet,6
2307327,15:02:00,15:02:10,stop_point:SP_1352,Achiary,7
2307327,15:04:00,15:04:10,stop_point:SP_109,Av. Raymond Naves,8
2307327,15:04:00,15:04:10,stop_point:SP_2670,Lafilaire,9
2307327,15:05:00,15:05:10,stop_point:SP_1692,Limayrac,10
2307327,15:05:00,15:05:10,stop_point:SP_2496,Balansa,11
2307327,15:06:00,15:06:10,stop_point:SP_2997,Jacinthes,12
2307327,15:06:00,15:06:10,stop_point:SP_2665,Baroux,13
2307327,15:07:00,15:07:10,stop_point:SP_407,Firmis,14
2307327,15:08:00,15:08:10,stop_point:SP_3653,Pugens,15
2307327,15:08:00,15:08:10,stop_point:SP_1135,Mont Ventoux,16
2307327,15:09:00,15:09:10,stop_point:SP_1337,Allègre,17
2307327,15:10:00,15:10:10,stop_point:SP_487,Ledormeur,18
2307327,15:11:00,15:11:10,stop_point:SP_1385,Garin,19
2307327,15:12:00,15:12:10,stop_point:SP_1759,Tahiti,20
2307327,15:13:00,15:13:10,stop_point:SP_882,Bréguet,21
2307327,15:14:00,15:14:10,stop_point:SP_3083,Piste des Géants,22
2307327,15:15:00,15:15:10,stop_point:SP_5276,Gonin,23
2307327,15:16:00,15:16:10,stop_point:SP_4963,Armentières,24
2307327,15:17:00,15:17:10,stop_point:SP_3890,Védrines,25
2307327,15:18:00,15:18:10,stop_point:SP_2545,Rodier,26
2307327,15:19:00,15:19:10,stop_point:SP_2730,Clément Ader,27
2307327,15:21:00,15:21:10,stop_point:SP_2661,CNES- IAS,28
2307327,15:22:00,15:22:10,stop_point:SP_3799,ENAC,29
2307327,15:23:00,15:23:10,stop_point:SP_2792,LAAS,30
2307327,15:25:00,15:25:10,stop_point:SP_2607,Giordano Bruno,31
2307327,15:26:00,15:26:10,stop_point:SP_474,Sports Universitaires,32
2307327,15:27:00,15:27:10,stop_point:SP_1854,Naturopole,33
2307327,15:28:00,15:28:10,stop_point:SP_548,Ramonville,34
2307328,15:20:00,15:20:10,stop_point:SP_3200,Jolimont,1
2307328,15:22:00,15:22:10,stop_point:SP_91,Chaumière,2
2307328,15:23:00,15:23:10,stop_point:SP_2865,Heredia,3
2307328,15:24:00,15:24:10,stop_point:SP_1152,Soupetard Salonique,4
2307328,15:25:00,15:25:10,stop_point:SP_3402,Coquille,5
2307328,15:26:00,15:26:10,stop_point:SP_2952,Jean Chaubet,6
2307328,15:27:00,15:27:10,stop_point:SP_1352,Achiary,7
2307328,15:29:00,15:29:10,stop_point:SP_109,Av. Raymond Naves,8
2307328,15:29:00,15:29:10,stop_point:SP_2670,Lafilaire,9
2307328,15:30:00,15:30:10,stop_point:SP_1692,Limayrac,10
2307328,15:30:00,15:30:10,stop_point:SP_2496,Balansa,11
2307328,15:31:00,15:31:10,stop_point:SP_2997,Jacinthes,12
2307328,15:31:00,15:31:10,stop_point:SP_2665,Baroux,13
2307328,15:32:00,15:32:10,stop_point:SP_407,Firmis,14
2307328,15:33:00,15:33:10,stop_point:SP_3653,Pugens,15
2307328,15:33:00,15:33:10,stop_point:SP_1135,Mont Ventoux,16
2307328,15:34:00,15:34:10,stop_point:SP_1337,Allègre,17
2307328,15:35:00,15:35:10,stop_point:SP_487,Ledormeur,18
2307328,15:36:00,15:36:10,stop_point:SP_1385,Garin,19
2307328,15:37:00,15:37:10,stop_point:SP_1759,Tahiti,20
2307328,15:38:00,15:38:10,stop_point:SP_882,Bréguet,21
2307328,15:39:00,15:39:10,stop_point:SP_3083,Piste des Géants,22
2307328,15:40:00,15:40:10,stop_point:SP_5276,Gonin,23
2307328,15:41:00,15:41:10,stop_point:SP_4963,Armentières,24
2307328,15:42:00,15:42:10,stop_point:SP_3890,Védrines,25
2307328,15:43:00,15:43:10,stop_point:SP_2545,Rodier,26
2307328,15:44:00,15:44:10,stop_point:SP_2730,Clément Ader,27
2307328,15:46:00,15:46:10,stop_point:SP_2661,CNES- IAS,28
2307328,15:47:00,15:47:10,stop_point:SP_3799,ENAC,29
2307328,15:48:00,15:48:10,stop_point:SP_2792,LAAS,30
2307328,15:50:00,15:50:10,stop_point:SP_2607,Giordano Bruno,31
2307328,15:51:00,15:51:10,stop_point:SP_474,Sports Universitaires,32
2307328,15:52:00,15:52:10,stop_point:SP_1854,Naturopole,33
2307328,15:53:00,15:53:10,stop_point:SP_548,Ramonville,34
2307329,15:45:00,15:45:10,stop_point:SP_3200,Jolimont,1
2307329,15:47:00,15:47:10,stop_point:SP_91,Chaumière,2
2307329,15:48:00,15:48:10,stop_point:SP_2865,Heredia,3
2307329,15:49:00,15:49:10,stop_point:SP_1152,Soupetard Salonique,4
2307329,15:50:00,15:50:10,stop_point:SP_3402,Coquille,5
2307329,15:51:00,15:51:10,stop_point:SP_2952,Jean Chaubet,6
2307329,15:52:00,15:52:10,stop_point:SP_1352,Achiary,7
2307329,15:54:00,15:54:10,stop_point:SP_109,Av. Raymond Naves,8
2307329,15:54:00,15:54:10,stop_point:SP_2670,Lafilaire,9
2307329,15:55:00,15:55:10,stop_point:SP_1692,Limayrac,10
2307329,15:55:00,15:55:10,stop_point:SP_2496,Balansa,11
2307329,15:56:00,15:56:10,stop_point:SP_2997,Jacinthes,12
2307329,15:56:00,15:56:10,stop_point:SP_2665,Baroux,13
2307329,15:57:00,15:57:10,stop_point:SP_407,Firmis,14
2307329,15:58:00,15:58:10,stop_point:SP_3653,Pugens,15
2307329,15:58:00,15:58:10,stop_point:SP_1135,Mont Ventoux,16
2307329,15:59:00,15:59:10,stop_point:SP_1337,Allègre,17
2307329,16:00:00,16:00:10,stop_point:SP_487,Ledormeur,18
2307329,16:01:00,16:01:10,stop_point:SP_1385,Garin,19
2307329,16:02:00,16:02:10,stop_point:SP_1759,Tahiti,20
2307329,16:03:00,16:03:10,stop_point:SP_882,Bréguet,21
2307329,16:04:00,16:04:10,stop_point:SP_3083,Piste des Géants,22
2307329,16:05:00,16:05:10,stop_point:SP_5276,Gonin,23
2307329,16:06:00,16:06:10,stop_point:SP_4963,Armentières,24
2307329,16:07:00,16:07:10,stop_point:SP_3890,Védrines,25
2307329,16:08:00,16:08:10,stop_point:SP_2545,Rodier,26
2307329,16:09:00,16:09:10,stop_point:SP_2730,Clément Ader,27
2307329,16:11:00,16:11:10,stop_point:SP_2661,CNES- IAS,28
2307329,16:12:00,16:12:10,stop_point:SP_3799,ENAC,29
2307329,16:13:00,16:13:10,stop_point:SP_2792,LAAS,30
2307329,16:15:00,16:15:10,stop_point:SP_2607,Giordano Bruno,31
2307329,16:16:00,16:16:10,stop_point:SP_474,Sports Universitaires,32
2307329,16:17:00,16:17:10,stop_point:SP_1854,Naturopole,33
2307329,16:18:00,16:18:10,stop_point:SP_548,Ramonville,34
2307330,16:10:00,16:10:10,stop_point:SP_3200,Jolimont,1
2307330,16:12:00,16:12:10,stop_point:SP_91,Chaumière,2
2307330,16:13:00,16:13:10,stop_point:SP_2865,Heredia,3
2307330,16:14:00,16:14:10,stop_point:SP_1152,Soupetard Salonique,4
2307330,16:15:00,16:15:10,stop_point:SP_3402,Coquille,5
2307330,16:16:00,16:16:10,stop_point:SP_2952,Jean Chaubet,6
2307330,16:17:00,16:17:10,stop_point:SP_1352,Achiary,7
2307330,16:19:00,16:19:10,stop_point:SP_109,Av. Raymond Naves,8
2307330,16:19:00,16:19:10,stop_point:SP_2670,Lafilaire,9
2307330,16:20:00,16:20:10,stop_point:SP_1692,Limayrac,10
2307330,16:20:00,16:20:10,stop_point:SP_2496,Balansa,11
2307330,16:21:00,16:21:10,stop_point:SP_2997,Jacinthes,12
2307330,16:21:00,16:21:10,stop_point:SP_2665,Baroux,13
2307330,16:22:00,16:22:10,stop_point:SP_407,Firmis,14
2307330,16:23:00,16:23:10,stop_point:SP_3653,Pugens,15
2307330,16:23:00,16:23:10,stop_point:SP_1135,Mont Ventoux,16
2307330,16:24:00,16:24:10,stop_point:SP_1337,Allègre,17
2307330,16:25:00,16:25:10,stop_point:SP_487,Ledormeur,18
2307330,16:26:00,16:26:10,stop_point:SP_1385,Garin,19
2307330,16:27:00,16:27:10,stop_point:SP_1759,Tahiti,20
2307330,16:28:00,16:28:10,stop_point:SP_882,Bréguet,21
2307330,16:29:00,16:29:10,stop_point:SP_3083,Piste des Géants,22
2307330,16:30:00,16:30:10,stop_point:SP_5276,Gonin,23
2307330,16:31:00,16:31:10,stop_point:SP_4963,Armentières,24
2307330,16:32:00,16:32:10,stop_point:SP_3890,Védrines,25
2307330,16:33:00,16:33:10,stop_point:SP_2545,Rodier,26
2307330,16:34:00,16:34:10,stop_point:SP_2730,Clément Ader,27
2307330,16:36:00,16:36:10,stop_point:SP_2661,CNES- IAS,28
2307330,16:37:00,16:37:10,stop_point:SP_3799,ENAC,29
2307330,16:38:00,16:38:10,stop_point:SP_2792,LAAS,30
2307330,16:40:00,16:40:10,stop_point:SP_2607,Giordano Bruno,31
2307330,16:41:00,16:41:10,stop_point:SP_474,Sports Universitaires,32
2307330,16:42:00,16:42:10,stop_point:SP_1854,Naturopole,33
2307330,16:43:00,16:43:10,stop_point:SP_548,Ramonville,34
2307331,16:35:00,16:35:10,stop_point:SP_3200,Jolimont,1
2307331,16:37:00,16:37:10,stop_point:SP_91,Chaumière,2
2307331,16:38:00,16:38:10,stop_point:SP_2865,Heredia,3
2307331,16:39:00,16:39:10,stop_point:SP_1152,Soupetard Salonique,4
2307331,16:40:00,16:40:10,stop_point:SP_3402,Coquille,5
2307331,16:41:00,16:41:10,stop_point:SP_2952,Jean Chaubet,6
2307331,16:42:00,16:42:10,stop_point:SP_1352,Achiary,7
2307331,16:44:00,16:44:10,stop_point:SP_109,Av. Raymond Naves,8
2307331,16:44:00,16:44:10,stop_point:SP_2670,Lafilaire,9
2307331,16:45:00,16:45:10,stop_point:SP_1692,Limayrac,10
2307331,16:45:00,16:45:10,stop_point:SP_2496,Balansa,11
2307331,16:46:00,16:46:10,stop_point:SP_2997,Jacinthes,12
2307331,16:46:00,16:46:10,stop_point:SP_2665,Baroux,13
2307331,16:47:00,16:47:10,stop_point:SP_407,Firmis,14
2307331,16:48:00,16:48:10,stop_point:SP_3653,Pugens,15
2307331,16:48:00,16:48:10,stop_point:SP_1135,Mont Ventoux,16
2307331,16:49:00,16:49:10,stop_point:SP_1337,Allègre,17
2307331,16:50:00,16:50:10,stop_point:SP_487,Ledormeur,18
2307331,16:51:00,16:51:10,stop_point:SP_1385,Garin,19
2307331,16:52:00,16:52:10,stop_point:SP_1759,Tahiti,20
2307331,16:53:00,16:53:10,stop_point:SP_882,Bréguet,21
2307331,16:54:00,16:54:10,stop_point:SP_3083,Piste des Géants,22
2307331,16:55:00,16:55:10,stop_point:SP_5276,Gonin,23
2307331,16:56:00,16:56:10,stop_point:SP_4963,Armentières,24
2307331,16:57:00,16:57:10,stop_point:SP_3890,Védrines,25
2307331,16:58:00,16:58:10,stop_point:SP_2545,Rodier,26
2307331,16:59:00,16:59:10,stop_point:SP_2730,Clément Ader,27
2307331,17:01:00,17:01:10,stop_point:SP_2661,CNES- IAS,28
2307331,17:02:00,17:02:10,stop_point:SP_3799,ENAC,29
2307331,17:03:00,17:03:10,stop_point:SP_2792,LAAS,30
2307331,17:05:00,17:05:10,stop_point:SP_2607,Giordano Bruno,31
2307331,17:06:00,17:06:10,stop_point:SP_474,Sports Universitaires,32
2307331,17:07:00,17:07:10,stop_point:SP_1854,Naturopole,33
2307331,17:08:00,17:08:10,stop_point:SP_548,Ramonville,34
2307332,17:00:00,17:00:10,stop_point:SP_3200,Jolimont,1
2307332,17:02:00,17:02:10,stop_point:SP_91,Chaumière,2
2307332,17:03:00,17:03:10,stop_point:SP_2865,Heredia,3
2307332,17:04:00,17:04:10,stop_point:SP_1152,Soupetard Salonique,4
2307332,17:05:00,17:05:10,stop_point:SP_3402,Coquille,5
2307332,17:06:00,17:06:10,stop_point:SP_2952,Jean Chaubet,6
2307332,17:07:00,17:07:10,stop_point:SP_1352,Achiary,7
2307332,17:09:00,17:09:10,stop_point:SP_109,Av. Raymond Naves,8
2307332,17:09:00,17:09:10,stop_point:SP_2670,Lafilaire,9
2307332,17:10:00,17:10:10,stop_point:SP_1692,Limayrac,10
2307332,17:10:00,17:10:10,stop_point:SP_2496,Balansa,11
2307332,17:11:00,17:11:10,stop_point:SP_2997,Jacinthes,12
2307332,17:11:00,17:11:10,stop_point:SP_2665,Baroux,13
2307332,17:12:00,17:12:10,stop_point:SP_407,Firmis,14
2307332,17:13:00,17:13:10,stop_point:SP_3653,Pugens,15
2307332,17:13:00,17:13:10,stop_point:SP_1135,Mont Ventoux,16
2307332,17:14:00,17:14:10,stop_point:SP_1337,Allègre,17
2307332,17:15:00,17:15:10,stop_point:SP_487,Ledormeur,18
2307332,17:16:00,17:16:10,stop_point:SP_1385,Garin,19
2307332,17:17:00,17:17:10,stop_point:SP_1759,Tahiti,20
2307332,17:18:00,17:18:10,stop_point:SP_882,Bréguet,21
2307332,17:19:00,17:19:10,stop_point:SP_3083,Piste des Géants,22
2307332,17:20:00,17:20:10,stop_point:SP_5276,Gonin,23
2307332,17:21:00,17:21:10,stop_point:SP_4963,Armentières,24
2307332,17:22:00,17:22:10,stop_point:SP_3890,Védrines,25
2307332,17:23:00,17:23:10,stop_point:SP_2545,Rodier,26
2307332,17:24:00,17:24:10,stop_point:SP_2730,Clément Ader,27
2307332,17:26:00,17:26:10,stop_point:SP_2661,CNES- IAS,28
2307332,17:27:00,17:27:10,stop_point:SP_3799,ENAC,29
2307332,17:28:00,17:28:10,stop_point:SP_2792,LAAS,30
2307332,17:30:00,17:30:10,stop_point:SP_2607,Giordano Bruno,31
2307332,17:31:00,17:31:10,stop_point:SP_474,Sports Universitaires,32
2307332,17:32:00,17:32:10,stop_point:SP_1854,Naturopole,33
2307332,17:33:00,17:33:10,stop_point:SP_548,Ramonville,34
2307333,17:25:00,17:25:10,stop_point:SP_3200,Jolimont,1
2307333,17:27:00,17:27:10,stop_point:SP_91,Chaumière,2
2307333,17:28:00,17:28:10,stop_point:SP_2865,Heredia,3
2307333,17:29:00,17:29:10,stop_point:SP_1152,Soupetard Salonique,4
2307333,17:30:00,17:30:10,stop_point:SP_3402,Coquille,5
2307333,17:31:00,17:31:10,stop_point:SP_2952,Jean Chaubet,6
2307333,17:32:00,17:32:10,stop_point:SP_1352,Achiary,7
2307333,17:34:00,17:34:10,stop_point:SP_109,Av. Raymond Naves,8
2307333,17:34:00,17:34:10,stop_point:SP_2670,Lafilaire,9
2307333,17:35:00,17:35:10,stop_point:SP_1692,Limayrac,10
2307333,17:35:00,17:35:10,stop_point:SP_2496,Balansa,11
2307333,17:36:00,17:36:10,stop_point:SP_2997,Jacinthes,12
2307333,17:36:00,17:36:10,stop_point:SP_2665,Baroux,13
2307333,17:37:00,17:37:10,stop_point:SP_407,Firmis,14
2307333,17:38:00,17:38:10,stop_point:SP_3653,Pugens,15
2307333,17:38:00,17:38:10,stop_point:SP_1135,Mont Ventoux,16
2307333,17:39:00,17:39:10,stop_point:SP_1337,Allègre,17
2307333,17:40:00,17:40:10,stop_point:SP_487,Ledormeur,18
2307333,17:41:00,17:41:10,stop_point:SP_1385,Garin,19
2307333,17:42:00,17:42:10,stop_point:SP_1759,Tahiti,20
2307333,17:43:00,17:43:10,stop_point:SP_882,Bréguet,21
2307333,17:44:00,17:44:10,stop_point:SP_3083,Piste des Géants,22
2307333,17:45:00,17:45:10,stop_point:SP_5276,Gonin,23
2307333,17:46:00,17:46:10,stop_point:SP_4963,Armentières,24
2307333,17:47:00,17:47:10,stop_point:SP_3890,Védrines,25
2307333,17:48:00,17:48:10,stop_point:SP_2545,Rodier,26
2307333,17:49:00,17:49:10,stop_point:SP_2730,Clément Ader,27
2307333,17:51:00,17:51:10,stop_point:SP_2661,CNES- IAS,28
2307333,17:52:00,17:52:10,stop_point:SP_3799,ENAC,29
2307333,17:53:00,17:53:10,stop_point:SP_2792,LAAS,30
2307333,17:55:00,17:55:10,stop_point:SP_2607,Giordano Bruno,31
2307333,17:56:00,17:56:10,stop_point:SP_474,Sports Universitaires,32
2307333,17:57:00,17:57:10,stop_point:SP_1854,Naturopole,33
2307333,17:58:00,17:58:10,stop_point:SP_548,Ramonville,34
2307334,17:50:00,17:50:10,stop_point:SP_3200,Jolimont,1
2307334,17:52:00,17:52:10,stop_point:SP_91,Chaumière,2
2307334,17:53:00,17:53:10,stop_point:SP_2865,Heredia,3
2307334,17:54:00,17:54:10,stop_point:SP_1152,Soupetard Salonique,4
2307334,17:55:00,17:55:10,stop_point:SP_3402,Coquille,5
2307334,17:56:00,17:56:10,stop_point:SP_2952,Jean Chaubet,6
2307334,17:57:00,17:57:10,stop_point:SP_1352,Achiary,7
2307334,17:59:00,17:59:10,stop_point:SP_109,Av. Raymond Naves,8
2307334,17:59:00,17:59:10,stop_point:SP_2670,Lafilaire,9
2307334,18:00:00,18:00:10,stop_point:SP_1692,Limayrac,10
2307334,18:00:00,18:00:10,stop_point:SP_2496,Balansa,11
2307334,18:01:00,18:01:10,stop_point:SP_2997,Jacinthes,12
2307334,18:01:00,18:01:10,stop_point:SP_2665,Baroux,13
2307334,18:02:00,18:02:10,stop_point:SP_407,Firmis,14
2307334,18:03:00,18:03:10,stop_point:SP_3653,Pugens,15
2307334,18:03:00,18:03:10,stop_point:SP_1135,Mont Ventoux,16
2307334,18:04:00,18:04:10,stop_point:SP_1337,Allègre,17
2307334,18:05:00,18:05:10,stop_point:SP_487,Ledormeur,18
2307334,18:06:00,18:06:10,stop_point:SP_1385,Garin,19
2307334,18:07:00,18:07:10,stop_point:SP_1759,Tahiti,20
2307334,18:08:00,18:08:10,stop_point:SP_882,Bréguet,21
2307334,18:09:00,18:09:10,stop_point:SP_3083,Piste des Géants,22
2307334,18:10:00,18:10:10,stop_point:SP_5276,Gonin,23
2307334,18:11:00,18:11:10,stop_point:SP_4963,Armentières,24
2307334,18:12:00,18:12:10,stop_point:SP_3890,Védrines,25
2307334,18:13:00,18:13:10,stop_point:SP_2545,Rodier,26
2307334,18:14:00,18:14:10,stop_point:SP_2730,Clément Ader,27
2307334,18:16:00,18:16:10,stop_point:SP_2661,CNES- IAS,28
2307334,18:17:00,18:17:10,stop_point:SP_3799,ENAC,29
2307334,18:18:00,18:18:10,stop_point:SP_2792,LAAS,30
2307334,18:20:00,18:20:10,stop_point:SP_2607,Giordano Bruno,31
2307334,18:21:00,18:21:10,stop_point:SP_474,Sports Universitaires,32
2307334,18:22:00,18:22:10,stop_point:SP_1854,Naturopole,33
2307334,18:23:00,18:23:10,stop_point:SP_548,Ramonville,34
2307335,18:15:00,18:15:10,stop_point:SP_3200,Jolimont,1
2307335,18:17:00,18:17:10,stop_point:SP_91,Chaumière,2
2307335,18:18:00,18:18:10,stop_point:SP_2865,Heredia,3
2307335,18:19:00,18:19:10,stop_point:SP_1152,Soupetard Salonique,4
2307335,18:20:00,18:20:10,stop_point:SP_3402,Coquille,5
2307335,18:21:00,18:21:10,stop_point:SP_2952,Jean Chaubet,6
2307335,18:22:00,18:22:10,stop_point:SP_1352,Achiary,7
2307335,18:24:00,18:24:10,stop_point:SP_109,Av. Raymond Naves,8
2307335,18:24:00,18:24:10,stop_point:SP_2670,Lafilaire,9
2307335,18:25:00,18:25:10,stop_point:SP_1692,Limayrac,10
2307335,18:25:00,18:25:10,stop_point:SP_2496,Balansa,11
2307335,18:26:00,18:26:10,stop_point:SP_2997,Jacinthes,12
2307335,18:26:00,18:26:10,stop_point:SP_2665,Baroux,13
2307335,18:27:00,18:27:10,stop_point:SP_407,Firmis,14
2307335,18:28:00,18:28:10,stop_point:SP_3653,Pugens,15
2307335,18:28:00,18:28:10,stop_point:SP_1135,Mont Ventoux,16
2307335,18:29:00,18:29:10,stop_point:SP_1337,Allègre,17
2307335,18:30:00,18:30:10,stop_point:SP_487,Ledormeur,18
2307335,18:31:00,18:31:10,stop_point:SP_1385,Garin,19
2307335,18:32:00,18:32:10,stop_point:SP_1759,Tahiti,20
2307335,18:33:00,18:33:10,stop_point:SP_882,Bréguet,21
2307335,18:34:00,18:34:10,stop_point:SP_3083,Piste des Géants,22
2307335,18:35:00,18:35:10,stop_point:SP_5276,Gonin,23
2307335,18:36:00,18:36:10,stop_point:SP_4963,Armentières,24
2307335,18:37:00,18:37:10,stop_point:SP_3890,Védrines,25
2307335,18:38:00,18:38:10,stop_point:SP_2545,Rodier,26
2307335,18:39:00,18:39:10,stop_point:SP_2730,Clément Ader,27
2307335,18:41:00,18:41:10,stop_point:SP_2661,CNES- IAS,28
2307335,18:42:00,18:42:10,stop_point:SP_3799,ENAC,29
2307335,18:43:00,18:43:10,stop_point:SP_2792,LAAS,30
2307335,18:45:00,18:45:10,stop_point:SP_2607,Giordano Bruno,31
2307335,18:46:00,18:46:10,stop_point:SP_474,Sports Universitaires,32
2307335,18:47:00,18:47:10,stop_point:SP_1854,Naturopole,33
2307335,18:48:00,18:48:10,stop_point:SP_548,Ramonville,34
2307336,18:40:00,18:40:10,stop_point:SP_3200,Jolimont,1
2307336,18:42:00,18:42:10,stop_point:SP_91,Chaumière,2
2307336,18:43:00,18:43:10,stop_point:SP_2865,Heredia,3
2307336,18:44:00,18:44:10,stop_point:SP_1152,Soupetard Salonique,4
2307336,18:45:00,18:45:10,stop_point:SP_3402,Coquille,5
2307336,18:46:00,18:46:10,stop_point:SP_2952,Jean Chaubet,6
2307336,18:47:00,18:47:10,stop_point:SP_1352,Achiary,7
2307336,18:49:00,18:49:10,stop_point:SP_109,Av. Raymond Naves,8
2307336,18:49:00,18:49:10,stop_point:SP_2670,Lafilaire,9
2307336,18:50:00,18:50:10,stop_point:SP_1692,Limayrac,10
2307336,18:50:00,18:50:10,stop_point:SP_2496,Balansa,11
2307336,18:51:00,18:51:10,stop_point:SP_2997,Jacinthes,12
2307336,18:51:00,18:51:10,stop_point:SP_2665,Baroux,13
2307336,18:52:00,18:52:10,stop_point:SP_407,Firmis,14
2307336,18:53:00,18:53:10,stop_point:SP_3653,Pugens,15
2307336,18:53:00,18:53:10,stop_point:SP_1135,Mont Ventoux,16
2307336,18:54:00,18:54:10,stop_point:SP_1337,Allègre,17
2307336,18:55:00,18:55:10,stop_point:SP_487,Ledormeur,18
2307336,18:56:00,18:56:10,stop_point:SP_1385,Garin,19
2307336,18:57:00,18:57:10,stop_point:SP_1759,Tahiti,20
2307336,18:58:00,18:58:10,stop_point:SP_882,Bréguet,21
2307336,18:59:00,18:59:10,stop_point:SP_3083,Piste des Géants,22
2307336,19:00:00,19:00:10,stop_point:SP_5276,Gonin,23
2307336,19:01:00,19:01:10,stop_point:SP_4963,Armentières,24
2307336,19:02:00,19:02:10,stop_point:SP_3890,Védrines,25
2307336,19:03:00,19:03:10,stop_point:SP_2545,Rodier,26
2307336,19:04:00,19:04:10,stop_point:SP_2730,Clément Ader,27
2307336,19:06:00,19:06:10,stop_point:SP_2661,CNES- IAS,28
2307336,19:07:00,19:07:10,stop_point:SP_3799,ENAC,29
2307336,19:08:00,19:08:10,stop_point:SP_2792,LAAS,30
2307336,19:10:00,19:10:10,stop_point:SP_2607,Giordano Bruno,31
2307336,19:11:00,19:11:10,stop_point:SP_474,Sports Universitaires,32
2307336,19:12:00,19:12:10,stop_point:SP_1854,Naturopole,33
2307336,19:13:00,19:13:10,stop_point:SP_548,Ramonville,34
2307337,19:05:00,19:05:10,stop_point:SP_3200,Jolimont,1
2307337,19:07:00,19:07:10,stop_point:SP_91,Chaumière,2
2307337,19:08:00,19:08:10,stop_point:SP_2865,Heredia,3
2307337,19:09:00,19:09:10,stop_point:SP_1152,Soupetard Salonique,4
2307337,19:10:00,19:10:10,stop_point:SP_3402,Coquille,5
2307337,19:11:00,19:11:10,stop_point:SP_2952,Jean Chaubet,6
2307337,19:12:00,19:12:10,stop_point:SP_1352,Achiary,7
2307337,19:14:00,19:14:10,stop_point:SP_109,Av. Raymond Naves,8
2307337,19:14:00,19:14:10,stop_point:SP_2670,Lafilaire,9
2307337,19:15:00,19:15:10,stop_point:SP_1692,Limayrac,10
2307337,19:15:00,19:15:10,stop_point:SP_2496,Balansa,11
2307337,19:16:00,19:16:10,stop_point:SP_2997,Jacinthes,12
2307337,19:16:00,19:16:10,stop_point:SP_2665,Baroux,13
2307337,19:17:00,19:17:10,stop_point:SP_407,Firmis,14
2307337,19:18:00,19:18:10,stop_point:SP_3653,Pugens,15
2307337,19:18:00,19:18:10,stop_point:SP_1135,Mont Ventoux,16
2307337,19:19:00,19:19:10,stop_point:SP_1337,Allègre,17
2307337,19:20:00,19:20:10,stop_point:SP_487,Ledormeur,18
2307337,19:21:00,19:21:10,stop_point:SP_1385,Garin,19
2307337,19:22:00,19:22:10,stop_point:SP_1759,Tahiti,20
2307337,19:23:00,19:23:10,stop_point:SP_882,Bréguet,21
2307337,19:24:00,19:24:10,stop_point:SP_3083,Piste des Géants,22
2307337,19:25:00,19:25:10,stop_point:SP_5276,Gonin,23
2307337,19:26:00,19:26:10,stop_point:SP_4963,Armentières,24
2307337,19:27:00,19:27:10,stop_point:SP_3890,Védrines,25
2307337,19:28:00,19:28:10,stop_point:SP_2545,Rodier,26
2307337,19:29:00,19:29:10,stop_point:SP_2730,Clément Ader,27
2307337,19:31:00,19:31:10,stop_point:SP_2661,CNES- IAS,28
2307337,19:32:00,19:32:10,stop_point:SP_3799,ENAC,29
2307337,19:33:00,19:33:10,stop_point:SP_2792,LAAS,30
2307337,19:35:00,19:35:10,stop_point:SP_2607,Giordano Bruno,31
2307337,19:36:00,19:36:10,stop_point:SP_474,Sports Universitaires,32
2307337,19:37:00,19:37:10,stop_point:SP_1854,Naturopole,33
2307337,19:38:00,19:38:10,stop_point:SP_548,Ramonville,34
2307338,19:30:00,19:30:10,stop_point:SP_3200,Jolimont,1
2307338,19:32:00,19:32:10,stop_point:SP_91,Chaumière,2
2307338,19:33:00,19:33:10,stop_point:SP_2865,Heredia,3
2307338,19:34:00,19:34:10,stop_point:SP_1152,Soupetard Salonique,4
2307338,19:35:00,19:35:10,stop_point:SP_3402,Coquille,5
2307338,19:36:00,19:36:10,stop_point:SP_2952,Jean Chaubet,6
2307338,19:37:00,19:37:10,stop_point:SP_1352,Achiary,7
2307338,19:39:00,19:39:10,stop_point:SP_109,Av. Raymond Naves,8
2307338,19:39:00,19:39:10,stop_point:SP_2670,Lafilaire,9
2307338,19:40:00,19:40:10,stop_point:SP_1692,Limayrac,10
2307338,19:40:00,19:40:10,stop_point:SP_2496,Balansa,11
2307338,19:41:00,19:41:10,stop_point:SP_2997,Jacinthes,12
2307338,19:41:00,19:41:10,stop_point:SP_2665,Baroux,13
2307338,19:42:00,19:42:10,stop_point:SP_407,Firmis,14
2307338,19:43:00,19:43:10,stop_point:SP_3653,Pugens,15
2307338,19:43:00,19:43:10,stop_point:SP_1135,Mont Ventoux,16
2307338,19:44:00,19:44:10,stop_point:SP_1337,Allègre,17
2307338,19:45:00,19:45:10,stop_point:SP_487,Ledormeur,18
2307338,19:46:00,19:46:10,stop_point:SP_1385,Garin,19
2307338,19:47:00,19:47:10,stop_point:SP_1759,Tahiti,20
2307338,19:48:00,19:48:10,stop_point:SP_882,Bréguet,21
2307338,19:49:00,19:49:10,stop_point:SP_3083,Piste des Géants,22
2307338,19:50:00,19:50:10,stop_point:SP_5276,Gonin,23
2307338,19:51:00,19:51:10,stop_point:SP_4963,Armentières,24
2307338,19:52:00,19:52:10,stop_point:SP_3890,Védrines,25
2307338,19:53:00,19:53:10,stop_point:SP_2545,Rodier,26
2307338,19:54:00,19:54:10,stop_point:SP_2730,Clément Ader,27
2307338,19:56:00,19:56:10,stop_point:SP_2661,CNES- IAS,28
2307338,19:57:00,19:57:10,stop_point:SP_3799,ENAC,29
2307338,19:58:00,19:58:10,stop_point:SP_2792,LAAS,30
2307338,20:00:00,20:00:10,stop_point:SP_2607,Giordano Bruno,31
2307338,20:01:00,20:01:10,stop_point:SP_474,Sports Universitaires,32
2307338,20:02:00,20:02:10,stop_point:SP_1854,Naturopole,33
2307338,20:03:00,20:03:10,stop_point:SP_548,Ramonville,34
2307339,07:00:00,07:00:10,stop_point:SP_548,Ramonville,1
2307339,07:02:00,07:02:10,stop_point:SP_3112,Naturopole,2
2307339,07:03:00,07:03:10,stop_point:SP_3474,Sports Universitaires,3
2307339,07:04:00,07:04:10,stop_point:SP_3508,Giordano Bruno,4
2307339,07:05:00,07:05:10,stop_point:SP_1412,LAAS,5
2307339,07:06:00,07:06:10,stop_point:SP_3860,ENAC,6
2307339,07:07:00,07:07:10,stop_point:SP_3735,CNES- IAS,7
2307339,07:09:00,07:09:10,stop_point:SP_1844,Clément Ader,8
2307339,07:10:00,07:10:10,stop_point:SP_737,Rodier,9
2307339,07:11:00,07:11:10,stop_point:SP_875,Védrines,10
2307339,07:12:00,07:12:10,stop_point:SP_4961,Armentières,11
2307339,07:13:00,07:13:10,stop_point:SP_4720,Gonin,12
2307339,07:14:00,07:14:10,stop_point:SP_603,Piste des Géants,13
2307339,07:15:00,07:15:10,stop_point:SP_340,Bréguet,14
2307339,07:16:00,07:16:10,stop_point:SP_2304,Tahiti,15
2307339,07:18:00,07:18:10,stop_point:SP_2562,Garin,16
2307339,07:20:00,07:20:10,stop_point:SP_2590,Ledormeur,17
2307339,07:21:00,07:21:10,stop_point:SP_3494,Allègre,18
2307339,07:22:00,07:22:10,stop_point:SP_1206,Mont Ventoux,19
2307339,07:23:00,07:23:10,stop_point:SP_1860,Firmis,20
2307339,07:24:00,07:24:10,stop_point:SP_2799,Baroux,21
2307339,07:24:00,07:24:10,stop_point:SP_718,Jacinthes,22
2307339,07:25:00,07:25:10,stop_point:SP_2225,Balansa,23
2307339,07:25:00,07:25:10,stop_point:SP_3505,Limayrac,24
2307339,07:26:00,07:26:10,stop_point:SP_258,Lafilaire,25
2307339,07:26:00,07:26:10,stop_point:SP_3381,Av. Raymond Naves,26
2307339,07:28:00,07:28:10,stop_point:SP_993,Achiary,27
2307339,07:29:00,07:29:10,stop_point:SP_3477,Jean Chaubet,28
2307339,07:30:00,07:30:10,stop_point:SP_2259,Coquille,29
2307339,07:31:00,07:31:10,stop_point:SP_3648,Soupetard Salonique,30
2307339,07:32:00,07:32:10,stop_point:SP_3569,Heredia,31
2307339,07:33:00,07:33:10,stop_point:SP_1024,Chaumière,32
2307339,07:35:00,07:35:10,stop_point:SP_3200,Jolimont,33
2307340,07:50:00,07:50:10,stop_point:SP_548,Ramonville,1
2307340,07:52:00,07:52:10,stop_point:SP_3112,Naturopole,2
2307340,07:53:00,07:53:10,stop_point:SP_3474,Sports Universitaires,3
2307340,07:54:00,07:54:10,stop_point:SP_3508,Giordano Bruno,4
2307340,07:55:00,07:55:10,stop_point:SP_1412,LAAS,5
2307340,07:56:00,07:56:10,stop_point:SP_3860,ENAC,6
2307340,07:57:00,07:57:10,stop_point:SP_3735,CNES- IAS,7
2307340,07:59:00,07:59:10,stop_point:SP_1844,Clément Ader,8
2307340,08:00:00,08:00:10,stop_point:SP_737,Rodier,9
2307340,08:01:00,08:01:10,stop_point:SP_875,Védrines,10
2307340,08:02:00,08:02:10,stop_point:SP_4961,Armentières,11
2307340,08:03:00,08:03:10,stop_point:SP_4720,Gonin,12
2307340,08:04:00,08:04:10,stop_point:SP_603,Piste des Géants,13
2307340,08:05:00,08:05:10,stop_point:SP_340,Bréguet,14
2307340,08:06:00,08:06:10,stop_point:SP_2304,Tahiti,15
2307340,08:08:00,08:08:10,stop_point:SP_2562,Garin,16
2307340,08:10:00,08:10:10,stop_point:SP_2590,Ledormeur,17
2307340,08:11:00,08:11:10,stop_point:SP_3494,Allègre,18
2307340,08:12:00,08:12:10,stop_point:SP_1206,Mont Ventoux,19
2307340,08:13:00,08:13:10,stop_point:SP_1860,Firmis,20
2307340,08:14:00,08:14:10,stop_point:SP_2799,Baroux,21
2307340,08:14:00,08:14:10,stop_point:SP_718,Jacinthes,22
2307340,08:15:00,08:15:10,stop_point:SP_2225,Balansa,23
2307340,08:15:00,08:15:10,stop_point:SP_3505,Limayrac,24
2307340,08:16:00,08:16:10,stop_point:SP_258,Lafilaire,25
2307340,08:16:00,08:16:10,stop_point:SP_3381,Av. Raymond Naves,26
2307340,08:18:00,08:18:10,stop_point:SP_993,Achiary,27
2307340,08:19:00,08:19:10,stop_point:SP_3477,Jean Chaubet,28
2307340,08:20:00,08:20:10,stop_point:SP_2259,Coquille,29
2307340,08:21:00,08:21:10,stop_point:SP_3648,Soupetard Salonique,30
2307340,08:22:00,08:22:10,stop_point:SP_3569,Heredia,31
2307340,08:23:00,08:23:10,stop_point:SP_1024,Chaumière,32
2307340,08:25:00,08:25:10,stop_point:SP_3200,Jolimont,33
2307341,08:40:00,08:40:10,stop_point:SP_548,Ramonville,1
2307341,08:42:00,08:42:10,stop_point:SP_3112,Naturopole,2
2307341,08:43:00,08:43:10,stop_point:SP_3474,Sports Universitaires,3
2307341,08:44:00,08:44:10,stop_point:SP_3508,Giordano Bruno,4
2307341,08:45:00,08:45:10,stop_point:SP_1412,LAAS,5
2307341,08:46:00,08:46:10,stop_point:SP_3860,ENAC,6
2307341,08:47:00,08:47:10,stop_point:SP_3735,CNES- IAS,7
2307341,08:49:00,08:49:10,stop_point:SP_1844,Clément Ader,8
2307341,08:50:00,08:50:10,stop_point:SP_737,Rodier,9
2307341,08:51:00,08:51:10,stop_point:SP_875,Védrines,10
2307341,08:52:00,08:52:10,stop_point:SP_4961,Armentières,11
2307341,08:53:00,08:53:10,stop_point:SP_4720,Gonin,12
2307341,08:54:00,08:54:10,stop_point:SP_603,Piste des Géants,13
2307341,08:55:00,08:55:10,stop_point:SP_340,Bréguet,14
2307341,08:56:00,08:56:10,stop_point:SP_2304,Tahiti,15
2307341,08:58:00,08:58:10,stop_point:SP_2562,Garin,16
2307341,09:00:00,09:00:10,stop_point:SP_2590,Ledormeur,17
2307341,09:01:00,09:01:10,stop_point:SP_3494,Allègre,18
2307341,09:02:00,09:02:10,stop_point:SP_1206,Mont Ventoux,19
2307341,09:03:00,09:03:10,stop_point:SP_1860,Firmis,20
2307341,09:04:00,09:04:10,stop_point:SP_2799,Baroux,21
2307341,09:04:00,09:04:10,stop_point:SP_718,Jacinthes,22
2307341,09:05:00,09:05:10,stop_point:SP_2225,Balansa,23
2307341,09:05:00,09:05:10,stop_point:SP_3505,Limayrac,24
2307341,09:06:00,09:06:10,stop_point:SP_258,Lafilaire,25
2307341,09:06:00,09:06:10,stop_point:SP_3381,Av. Raymond Naves,26
2307341,09:08:00,09:08:10,stop_point:SP_993,Achiary,27
2307341,09:09:00,09:09:10,stop_point:SP_3477,Jean Chaubet,28
2307341,09:10:00,09:10:10,stop_point:SP_2259,Coquille,29
2307341,09:11:00,09:11:10,stop_point:SP_3648,Soupetard Salonique,30
2307341,09:12:00,09:12:10,stop_point:SP_3569,Heredia,31
2307341,09:13:00,09:13:10,stop_point:SP_1024,Chaumière,32
2307341,09:15:00,09:15:10,stop_point:SP_3200,Jolimont,33
2307342,09:30:00,09:30:10,stop_point:SP_548,Ramonville,1
2307342,09:32:00,09:32:10,stop_point:SP_3112,Naturopole,2
2307342,09:33:00,09:33:10,stop_point:SP_3474,Sports Universitaires,3
2307342,09:34:00,09:34:10,stop_point:SP_3508,Giordano Bruno,4
2307342,09:35:00,09:35:10,stop_point:SP_1412,LAAS,5
2307342,09:36:00,09:36:10,stop_point:SP_3860,ENAC,6
2307342,09:37:00,09:37:10,stop_point:SP_3735,CNES- IAS,7
2307342,09:39:00,09:39:10,stop_point:SP_1844,Clément Ader,8
2307342,09:40:00,09:40:10,stop_point:SP_737,Rodier,9
2307342,09:41:00,09:41:10,stop_point:SP_875,Védrines,10
2307342,09:42:00,09:42:10,stop_point:SP_4961,Armentières,11
2307342,09:43:00,09:43:10,stop_point:SP_4720,Gonin,12
2307342,09:44:00,09:44:10,stop_point:SP_603,Piste des Géants,13
2307342,09:45:00,09:45:10,stop_point:SP_340,Bréguet,14
2307342,09:46:00,09:46:10,stop_point:SP_2304,Tahiti,15
2307342,09:48:00,09:48:10,stop_point:SP_2562,Garin,16
2307342,09:50:00,09:50:10,stop_point:SP_2590,Ledormeur,17
2307342,09:51:00,09:51:10,stop_point:SP_3494,Allègre,18
2307342,09:52:00,09:52:10,stop_point:SP_1206,Mont Ventoux,19
2307342,09:53:00,09:53:10,stop_point:SP_1860,Firmis,20
2307342,09:54:00,09:54:10,stop_point:SP_2799,Baroux,21
2307342,09:54:00,09:54:10,stop_point:SP_718,Jacinthes,22
2307342,09:55:00,09:55:10,stop_point:SP_2225,Balansa,23
2307342,09:55:00,09:55:10,stop_point:SP_3505,Limayrac,24
2307342,09:56:00,09:56:10,stop_point:SP_258,Lafilaire,25
2307342,09:56:00,09:56:10,stop_point:SP_3381,Av. Raymond Naves,26
2307342,09:58:00,09:58:10,stop_point:SP_993,Achiary,27
2307342,09:59:00,09:59:10,stop_point:SP_3477,Jean Chaubet,28
2307342,10:00:00,10:00:10,stop_point:SP_2259,Coquille,29
2307342,10:01:00,10:01:10,stop_point:SP_3648,Soupetard Salonique,30
2307342,10:02:00,10:02:10,stop_point:SP_3569,Heredia,31
2307342,10:03:00,10:03:10,stop_point:SP_1024,Chaumière,32
2307342,10:05:00,10:05:10,stop_point:SP_3200,Jolimont,33
2307343,10:20:00,10:20:10,stop_point:SP_548,Ramonville,1
2307343,10:22:00,10:22:10,stop_point:SP_3112,Naturopole,2
2307343,10:23:00,10:23:10,stop_point:SP_3474,Sports Universitaires,3
2307343,10:24:00,10:24:10,stop_point:SP_3508,Giordano Bruno,4
2307343,10:25:00,10:25:10,stop_point:SP_1412,LAAS,5
2307343,10:26:00,10:26:10,stop_point:SP_3860,ENAC,6
2307343,10:27:00,10:27:10,stop_point:SP_3735,CNES- IAS,7
2307343,10:29:00,10:29:10,stop_point:SP_1844,Clément Ader,8
2307343,10:30:00,10:30:10,stop_point:SP_737,Rodier,9
2307343,10:31:00,10:31:10,stop_point:SP_875,Védrines,10
2307343,10:32:00,10:32:10,stop_point:SP_4961,Armentières,11
2307343,10:33:00,10:33:10,stop_point:SP_4720,Gonin,12
2307343,10:34:00,10:34:10,stop_point:SP_603,Piste des Géants,13
2307343,10:35:00,10:35:10,stop_point:SP_340,Bréguet,14
2307343,10:36:00,10:36:10,stop_point:SP_2304,Tahiti,15
2307343,10:38:00,10:38:10,stop_point:SP_2562,Garin,16
2307343,10:40:00,10:40:10,stop_point:SP_2590,Ledormeur,17
2307343,10:41:00,10:41:10,stop_point:SP_3494,Allègre,18
2307343,10:42:00,10:42:10,stop_point:SP_1206,Mont Ventoux,19
2307343,10:43:00,10:43:10,stop_point:SP_1860,Firmis,20
2307343,10:44:00,10:44:10,stop_point:SP_2799,Baroux,21
2307343,10:44:00,10:44:10,stop_point:SP_718,Jacinthes,22
2307343,10:45:00,10:45:10,stop_point:SP_2225,Balansa,23
2307343,10:45:00,10:45:10,stop_point:SP_3505,Limayrac,24
2307343,10:46:00,10:46:10,stop_point:SP_258,Lafilaire,25
2307343,10:46:00,10:46:10,stop_point:SP_3381,Av. Raymond Naves,26
2307343,10:48:00,10:48:10,stop_point:SP_993,Achiary,27
2307343,10:49:00,10:49:10,stop_point:SP_3477,Jean Chaubet,28
2307343,10:50:00,10:50:10,stop_point:SP_2259,Coquille,29
2307343,10:51:00,10:51:10,stop_point:SP_3648,Soupetard Salonique,30
2307343,10:52:00,10:52:10,stop_point:SP_3569,Heredia,31
2307343,10:53:00,10:53:10,stop_point:SP_1024,Chaumière,32
2307343,10:55:00,10:55:10,stop_point:SP_3200,Jolimont,33
2307344,11:10:00,11:10:10,stop_point:SP_548,Ramonville,1
2307344,11:12:00,11:12:10,stop_point:SP_3112,Naturopole,2
2307344,11:13:00,11:13:10,stop_point:SP_3474,Sports Universitaires,3
2307344,11:14:00,11:14:10,stop_point:SP_3508,Giordano Bruno,4
2307344,11:15:00,11:15:10,stop_point:SP_1412,LAAS,5
2307344,11:16:00,11:16:10,stop_point:SP_3860,ENAC,6
2307344,11:17:00,11:17:10,stop_point:SP_3735,CNES- IAS,7
2307344,11:19:00,11:19:10,stop_point:SP_1844,Clément Ader,8
2307344,11:20:00,11:20:10,stop_point:SP_737,Rodier,9
2307344,11:21:00,11:21:10,stop_point:SP_875,Védrines,10
2307344,11:22:00,11:22:10,stop_point:SP_4961,Armentières,11
2307344,11:23:00,11:23:10,stop_point:SP_4720,Gonin,12
2307344,11:24:00,11:24:10,stop_point:SP_603,Piste des Géants,13
2307344,11:25:00,11:25:10,stop_point:SP_340,Bréguet,14
2307344,11:26:00,11:26:10,stop_point:SP_2304,Tahiti,15
2307344,11:28:00,11:28:10,stop_point:SP_2562,Garin,16
2307344,11:30:00,11:30:10,stop_point:SP_2590,Ledormeur,17
2307344,11:31:00,11:31:10,stop_point:SP_3494,Allègre,18
2307344,11:32:00,11:32:10,stop_point:SP_1206,Mont Ventoux,19
2307344,11:33:00,11:33:10,stop_point:SP_1860,Firmis,20
2307344,11:34:00,11:34:10,stop_point:SP_2799,Baroux,21
2307344,11:34:00,11:34:10,stop_point:SP_718,Jacinthes,22
2307344,11:35:00,11:35:10,stop_point:SP_2225,Balansa,23
2307344,11:35:00,11:35:10,stop_point:SP_3505,Limayrac,24
2307344,11:36:00,11:36:10,stop_point:SP_258,Lafilaire,25
2307344,11:36:00,11:36:10,stop_point:SP_3381,Av. Raymond Naves,26
2307344,11:38:00,11:38:10,stop_point:SP_993,Achiary,27
2307344,11:39:00,11:39:10,stop_point:SP_3477,Jean Chaubet,28
2307344,11:40:00,11:40:10,stop_point:SP_2259,Coquille,29
2307344,11:41:00,11:41:10,stop_point:SP_3648,Soupetard Salonique,30
2307344,11:42:00,11:42:10,stop_point:SP_3569,Heredia,31
2307344,11:43:00,11:43:10,stop_point:SP_1024,Chaumière,32
2307344,11:45:00,11:45:10,stop_point:SP_3200,Jolimont,33
2307345,12:00:00,12:00:10,stop_point:SP_548,Ramonville,1
2307345,12:02:00,12:02:10,stop_point:SP_3112,Naturopole,2
2307345,12:03:00,12:03:10,stop_point:SP_3474,Sports Universitaires,3
2307345,12:04:00,12:04:10,stop_point:SP_3508,Giordano Bruno,4
2307345,12:05:00,12:05:10,stop_point:SP_1412,LAAS,5
2307345,12:06:00,12:06:10,stop_point:SP_3860,ENAC,6
2307345,12:07:00,12:07:10,stop_point:SP_3735,CNES- IAS,7
2307345,12:09:00,12:09:10,stop_point:SP_1844,Clément Ader,8
2307345,12:10:00,12:10:10,stop_point:SP_737,Rodier,9
2307345,12:11:00,12:11:10,stop_point:SP_875,Védrines,10
2307345,12:12:00,12:12:10,stop_point:SP_4961,Armentières,11
2307345,12:13:00,12:13:10,stop_point:SP_4720,Gonin,12
2307345,12:14:00,12:14:10,stop_point:SP_603,Piste des Géants,13
2307345,12:15:00,12:15:10,stop_point:SP_340,Bréguet,14
2307345,12:16:00,12:16:10,stop_point:SP_2304,Tahiti,15
2307345,12:18:00,12:18:10,stop_point:SP_2562,Garin,16
2307345,12:20:00,12:20:10,stop_point:SP_2590,Ledormeur,17
2307345,12:21:00,12:21:10,stop_point:SP_3494,Allègre,18
2307345,12:22:00,12:22:10,stop_point:SP_1206,Mont Ventoux,19
2307345,12:23:00,12:23:10,stop_point:SP_1860,Firmis,20
2307345,12:24:00,12:24:10,stop_point:SP_2799,Baroux,21
2307345,12:24:00,12:24:10,stop_point:SP_718,Jacinthes,22
2307345,12:25:00,12:25:10,stop_point:SP_2225,Balansa,23
2307345,12:25:00,12:25:10,stop_point:SP_3505,Limayrac,24
2307345,12:26:00,12:26:10,stop_point:SP_258,Lafilaire,25
2307345,12:26:00,12:26:10,stop_point:SP_3381,Av. Raymond Naves,26
2307345,12:28:00,12:28:10,stop_point:SP_993,Achiary,27
2307345,12:29:00,12:29:10,stop_point:SP_3477,Jean Chaubet,28
2307345,12:30:00,12:30:10,stop_point:SP_2259,Coquille,29
2307345,12:31:00,12:31:10,stop_point:SP_3648,Soupetard Salonique,30
2307345,12:32:00,12:32:10,stop_point:SP_3569,Heredia,31
2307345,12:33:00,12:33:10,stop_point:SP_1024,Chaumière,32
2307345,12:35:00,12:35:10,stop_point:SP_3200,Jolimont,33
2307346,12:50:00,12:50:10,stop_point:SP_548,Ramonville,1
2307346,12:52:00,12:52:10,stop_point:SP_3112,Naturopole,2
2307346,12:53:00,12:53:10,stop_point:SP_3474,Sports Universitaires,3
2307346,12:54:00,12:54:10,stop_point:SP_3508,Giordano Bruno,4
2307346,12:55:00,12:55:10,stop_point:SP_1412,LAAS,5
2307346,12:56:00,12:56:10,stop_point:SP_3860,ENAC,6
2307346,12:57:00,12:57:10,stop_point:SP_3735,CNES- IAS,7
2307346,12:59:00,12:59:10,stop_point:SP_1844,Clément Ader,8
2307346,13:00:00,13:00:10,stop_point:SP_737,Rodier,9
2307346,13:01:00,13:01:10,stop_point:SP_875,Védrines,10
2307346,13:02:00,13:02:10,stop_point:SP_4961,Armentières,11
2307346,13:03:00,13:03:10,stop_point:SP_4720,Gonin,12
2307346,13:04:00,13:04:10,stop_point:SP_603,Piste des Géants,13
2307346,13:05:00,13:05:10,stop_point:SP_340,Bréguet,14
2307346,13:06:00,13:06:10,stop_point:SP_2304,Tahiti,15
2307346,13:08:00,13:08:10,stop_point:SP_2562,Garin,16
2307346,13:10:00,13:10:10,stop_point:SP_2590,Ledormeur,17
2307346,13:11:00,13:11:10,stop_point:SP_3494,Allègre,18
2307346,13:12:00,13:12:10,stop_point:SP_1206,Mont Ventoux,19
2307346,13:13:00,13:13:10,stop_point:SP_1860,Firmis,20
2307346,13:14:00,13:14:10,stop_point:SP_2799,Baroux,21
2307346,13:14:00,13:14:10,stop_point:SP_718,Jacinthes,22
2307346,13:15:00,13:15:10,stop_point:SP_2225,Balansa,23
2307346,13:15:00,13:15:10,stop_point:SP_3505,Limayrac,24
2307346,13:16:00,13:16:10,stop_point:SP_258,Lafilaire,25
2307346,13:16:00,13:16:10,stop_point:SP_3381,Av. Raymond Naves,26
2307346,13:18:00,13:18:10,stop_point:SP_993,Achiary,27
2307346,13:19:00,13:19:10,stop_point:SP_3477,Jean Chaubet,28
2307346,13:20:00,13:20:10,stop_point:SP_2259,Coquille,29
2307346,13:21:00,13:21:10,stop_point:SP_3648,Soupetard Salonique,30
2307346,13:22:00,13:22:10,stop_point:SP_3569,Heredia,31
2307346,13:23:00,13:23:10,stop_point:SP_1024,Chaumière,32
2307346,13:25:00,13:25:10,stop_point:SP_3200,Jolimont,33
2307347,13:15:00,13:15:10,stop_point:SP_548,Ramonville,1
2307347,13:17:00,13:17:10,stop_point:SP_3112,Naturopole,2
2307347,13:18:00,13:18:10,stop_point:SP_3474,Sports Universitaires,3
2307347,13:19:00,13:19:10,stop_point:SP_3508,Giordano Bruno,4
2307347,13:20:00,13:20:10,stop_point:SP_1412,LAAS,5
2307347,13:21:00,13:21:10,stop_point:SP_3860,ENAC,6
2307347,13:22:00,13:22:10,stop_point:SP_3735,CNES- IAS,7
2307347,13:24:00,13:24:10,stop_point:SP_1844,Clément Ader,8
2307347,13:25:00,13:25:10,stop_point:SP_737,Rodier,9
2307347,13:26:00,13:26:10,stop_point:SP_875,Védrines,10
2307347,13:27:00,13:27:10,stop_point:SP_4961,Armentières,11
2307347,13:28:00,13:28:10,stop_point:SP_4720,Gonin,12
2307347,13:29:00,13:29:10,stop_point:SP_603,Piste des Géants,13
2307347,13:30:00,13:30:10,stop_point:SP_340,Bréguet,14
2307347,13:31:00,13:31:10,stop_point:SP_2304,Tahiti,15
2307347,13:33:00,13:33:10,stop_point:SP_2562,Garin,16
2307347,13:35:00,13:35:10,stop_point:SP_2590,Ledormeur,17
2307347,13:36:00,13:36:10,stop_point:SP_3494,Allègre,18
2307347,13:37:00,13:37:10,stop_point:SP_1206,Mont Ventoux,19
2307347,13:38:00,13:38:10,stop_point:SP_1860,Firmis,20
2307347,13:39:00,13:39:10,stop_point:SP_2799,Baroux,21
2307347,13:39:00,13:39:10,stop_point:SP_718,Jacinthes,22
2307347,13:40:00,13:40:10,stop_point:SP_2225,Balansa,23
2307347,13:40:00,13:40:10,stop_point:SP_3505,Limayrac,24
2307347,13:41:00,13:41:10,stop_point:SP_258,Lafilaire,25
2307347,13:41:00,13:41:10,stop_point:SP_3381,Av. Raymond Naves,26
2307347,13:43:00,13:43:10,stop_point:SP_993,Achiary,27
2307347,13:44:00,13:44:10,stop_point:SP_3477,Jean Chaubet,28
2307347,13:45:00,13:45:10,stop_point:SP_2259,Coquille,29
2307347,13:46:00,13:46:10,stop_point:SP_3648,Soupetard Salonique,30
2307347,13:47:00,13:47:10,stop_point:SP_3569,Heredia,31
2307347,13:48:00,13:48:10,stop_point:SP_1024,Chaumière,32
2307347,13:50:00,13:50:10,stop_point:SP_3200,Jolimont,33
2307348,13:40:00,13:40:10,stop_point:SP_548,Ramonville,1
2307348,13:42:00,13:42:10,stop_point:SP_3112,Naturopole,2
2307348,13:43:00,13:43:10,stop_point:SP_3474,Sports Universitaires,3
2307348,13:44:00,13:44:10,stop_point:SP_3508,Giordano Bruno,4
2307348,13:45:00,13:45:10,stop_point:SP_1412,LAAS,5
2307348,13:46:00,13:46:10,stop_point:SP_3860,ENAC,6
2307348,13:47:00,13:47:10,stop_point:SP_3735,CNES- IAS,7
2307348,13:49:00,13:49:10,stop_point:SP_1844,Clément Ader,8
2307348,13:50:00,13:50:10,stop_point:SP_737,Rodier,9
2307348,13:51:00,13:51:10,stop_point:SP_875,Védrines,10
2307348,13:52:00,13:52:10,stop_point:SP_4961,Armentières,11
2307348,13:53:00,13:53:10,stop_point:SP_4720,Gonin,12
2307348,13:54:00,13:54:10,stop_point:SP_603,Piste des Géants,13
2307348,13:55:00,13:55:10,stop_point:SP_340,Bréguet,14
2307348,13:56:00,13:56:10,stop_point:SP_2304,Tahiti,15
2307348,13:58:00,13:58:10,stop_point:SP_2562,Garin,16
2307348,14:00:00,14:00:10,stop_point:SP_2590,Ledormeur,17
2307348,14:01:00,14:01:10,stop_point:SP_3494,Allègre,18
2307348,14:02:00,14:02:10,stop_point:SP_1206,Mont Ventoux,19
2307348,14:03:00,14:03:10,stop_point:SP_1860,Firmis,20
2307348,14:04:00,14:04:10,stop_point:SP_2799,Baroux,21
2307348,14:04:00,14:04:10,stop_point:SP_718,Jacinthes,22
2307348,14:05:00,14:05:10,stop_point:SP_2225,Balansa,23
2307348,14:05:00,14:05:10,stop_point:SP_3505,Limayrac,24
2307348,14:06:00,14:06:10,stop_point:SP_258,Lafilaire,25
2307348,14:06:00,14:06:10,stop_point:SP_3381,Av. Raymond Naves,26
2307348,14:08:00,14:08:10,stop_point:SP_993,Achiary,27
2307348,14:09:00,14:09:10,stop_point:SP_3477,Jean Chaubet,28
2307348,14:10:00,14:10:10,stop_point:SP_2259,Coquille,29
2307348,14:11:00,14:11:10,stop_point:SP_3648,Soupetard Salonique,30
2307348,14:12:00,14:12:10,stop_point:SP_3569,Heredia,31
2307348,14:13:00,14:13:10,stop_point:SP_1024,Chaumière,32
2307348,14:15:00,14:15:10,stop_point:SP_3200,Jolimont,33
2307349,14:05:00,14:05:10,stop_point:SP_548,Ramonville,1
2307349,14:07:00,14:07:10,stop_point:SP_3112,Naturopole,2
2307349,14:08:00,14:08:10,stop_point:SP_3474,Sports Universitaires,3
2307349,14:09:00,14:09:10,stop_point:SP_3508,Giordano Bruno,4
2307349,14:10:00,14:10:10,stop_point:SP_1412,LAAS,5
2307349,14:11:00,14:11:10,stop_point:SP_3860,ENAC,6
2307349,14:12:00,14:12:10,stop_point:SP_3735,CNES- IAS,7
2307349,14:14:00,14:14:10,stop_point:SP_1844,Clément Ader,8
2307349,14:15:00,14:15:10,stop_point:SP_737,Rodier,9
2307349,14:16:00,14:16:10,stop_point:SP_875,Védrines,10
2307349,14:17:00,14:17:10,stop_point:SP_4961,Armentières,11
2307349,14:18:00,14:18:10,stop_point:SP_4720,Gonin,12
2307349,14:19:00,14:19:10,stop_point:SP_603,Piste des Géants,13
2307349,14:20:00,14:20:10,stop_point:SP_340,Bréguet,14
2307349,14:21:00,14:21:10,stop_point:SP_2304,Tahiti,15
2307349,14:23:00,14:23:10,stop_point:SP_2562,Garin,16
2307349,14:25:00,14:25:10,stop_point:SP_2590,Ledormeur,17
2307349,14:26:00,14:26:10,stop_point:SP_3494,Allègre,18
2307349,14:27:00,14:27:10,stop_point:SP_1206,Mont Ventoux,19
2307349,14:28:00,14:28:10,stop_point:SP_1860,Firmis,20
2307349,14:29:00,14:29:10,stop_point:SP_2799,Baroux,21
2307349,14:29:00,14:29:10,stop_point:SP_718,Jacinthes,22
2307349,14:30:00,14:30:10,stop_point:SP_2225,Balansa,23
2307349,14:30:00,14:30:10,stop_point:SP_3505,Limayrac,24
2307349,14:31:00,14:31:10,stop_point:SP_258,Lafilaire,25
2307349,14:31:00,14:31:10,stop_point:SP_3381,Av. Raymond Naves,26
2307349,14:33:00,14:33:10,stop_point:SP_993,Achiary,27
2307349,14:34:00,14:34:10,stop_point:SP_3477,Jean Chaubet,28
2307349,14:35:00,14:35:10,stop_point:SP_2259,Coquille,29
2307349,14:36:00,14:36:10,stop_point:SP_3648,Soupetard Salonique,30
2307349,14:37:00,14:37:10,stop_point:SP_3569,Heredia,31
2307349,14:38:00,14:38:10,stop_point:SP_1024,Chaumière,32
2307349,14:40:00,14:40:10,stop_point:SP_3200,Jolimont,33
2307350,14:30:00,14:30:10,stop_point:SP_548,Ramonville,1
2307350,14:32:00,14:32:10,stop_point:SP_3112,Naturopole,2
2307350,14:33:00,14:33:10,stop_point:SP_3474,Sports Universitaires,3
2307350,14:34:00,14:34:10,stop_point:SP_3508,Giordano Bruno,4
2307350,14:35:00,14:35:10,stop_point:SP_1412,LAAS,5
2307350,14:36:00,14:36:10,stop_point:SP_3860,ENAC,6
2307350,14:37:00,14:37:10,stop_point:SP_3735,CNES- IAS,7
2307350,14:39:00,14:39:10,stop_point:SP_1844,Clément Ader,8
2307350,14:40:00,14:40:10,stop_point:SP_737,Rodier,9
2307350,14:41:00,14:41:10,stop_point:SP_875,Védrines,10
2307350,14:42:00,14:42:10,stop_point:SP_4961,Armentières,11
2307350,14:43:00,14:43:10,stop_point:SP_4720,Gonin,12
2307350,14:44:00,14:44:10,stop_point:SP_603,Piste des Géants,13
2307350,14:45:00,14:45:10,stop_point:SP_340,Bréguet,14
2307350,14:46:00,14:46:10,stop_point:SP_2304,Tahiti,15
2307350,14:48:00,14:48:10,stop_point:SP_2562,Garin,16
2307350,14:50:00,14:50:10,stop_point:SP_2590,Ledormeur,17
2307350,14:51:00,14:51:10,stop_point:SP_3494,Allègre,18
2307350,14:52:00,14:52:10,stop_point:SP_1206,Mont Ventoux,19
2307350,14:53:00,14:53:10,stop_point:SP_1860,Firmis,20
2307350,14:54:00,14:54:10,stop_point:SP_2799,Baroux,21
2307350,14:54:00,14:54:10,stop_point:SP_718,Jacinthes,22
2307350,14:55:00,14:55:10,stop_point:SP_2225,Balansa,23
2307350,14:55:00,14:55:10,stop_point:SP_3505,Limayrac,24
2307350,14:56:00,14:56:10,stop_point:SP_258,Lafilaire,25
2307350,14:56:00,14:56:10,stop_point:SP_3381,Av. Raymond Naves,26
2307350,14:58:00,14:58:10,stop_point:SP_993,Achiary,27
2307350,14:59:00,14:59:10,stop_point:SP_3477,Jean Chaubet,28
2307350,15:00:00,15:00:10,stop_point:SP_2259,Coquille,29
2307350,15:01:00,15:01:10,stop_point:SP_3648,Soupetard Salonique,30
2307350,15:02:00,15:02:10,stop_point:SP_3569,Heredia,31
2307350,15:03:00,15:03:10,stop_point:SP_1024,Chaumière,32
2307350,15:05:00,15:05:10,stop_point:SP_3200,Jolimont,33
2307351,14:55:00,14:55:10,stop_point:SP_548,Ramonville,1
2307351,14:57:00,14:57:10,stop_point:SP_3112,Naturopole,2
2307351,14:58:00,14:58:10,stop_point:SP_3474,Sports Universitaires,3
2307351,14:59:00,14:59:10,stop_point:SP_3508,Giordano Bruno,4
2307351,15:00:00,15:00:10,stop_point:SP_1412,LAAS,5
2307351,15:01:00,15:01:10,stop_point:SP_3860,ENAC,6
2307351,15:02:00,15:02:10,stop_point:SP_3735,CNES- IAS,7
2307351,15:04:00,15:04:10,stop_point:SP_1844,Clément Ader,8
2307351,15:05:00,15:05:10,stop_point:SP_737,Rodier,9
2307351,15:06:00,15:06:10,stop_point:SP_875,Védrines,10
2307351,15:07:00,15:07:10,stop_point:SP_4961,Armentières,11
2307351,15:08:00,15:08:10,stop_point:SP_4720,Gonin,12
2307351,15:09:00,15:09:10,stop_point:SP_603,Piste des Géants,13
2307351,15:10:00,15:10:10,stop_point:SP_340,Bréguet,14
2307351,15:11:00,15:11:10,stop_point:SP_2304,Tahiti,15
2307351,15:13:00,15:13:10,stop_point:SP_2562,Garin,16
2307351,15:15:00,15:15:10,stop_point:SP_2590,Ledormeur,17
2307351,15:16:00,15:16:10,stop_point:SP_3494,Allègre,18
2307351,15:17:00,15:17:10,stop_point:SP_1206,Mont Ventoux,19
2307351,15:18:00,15:18:10,stop_point:SP_1860,Firmis,20
2307351,15:19:00,15:19:10,stop_point:SP_2799,Baroux,21
2307351,15:19:00,15:19:10,stop_point:SP_718,Jacinthes,22
2307351,15:20:00,15:20:10,stop_point:SP_2225,Balansa,23
2307351,15:20:00,15:20:10,stop_point:SP_3505,Limayrac,24
2307351,15:21:00,15:21:10,stop_point:SP_258,Lafilaire,25
2307351,15:21:00,15:21:10,stop_point:SP_3381,Av. Raymond Naves,26
2307351,15:23:00,15:23:10,stop_point:SP_993,Achiary,27
2307351,15:24:00,15:24:10,stop_point:SP_3477,Jean Chaubet,28
2307351,15:25:00,15:25:10,stop_point:SP_2259,Coquille,29
2307351,15:26:00,15:26:10,stop_point:SP_3648,Soupetard Salonique,30
2307351,15:27:00,15:27:10,stop_point:SP_3569,Heredia,31
2307351,15:28:00,15:28:10,stop_point:SP_1024,Chaumière,32
2307351,15:30:00,15:30:10,stop_point:SP_3200,Jolimont,33
2307352,15:20:00,15:20:10,stop_point:SP_548,Ramonville,1
2307352,15:22:00,15:22:10,stop_point:SP_3112,Naturopole,2
2307352,15:23:00,15:23:10,stop_point:SP_3474,Sports Universitaires,3
2307352,15:24:00,15:24:10,stop_point:SP_3508,Giordano Bruno,4
2307352,15:25:00,15:25:10,stop_point:SP_1412,LAAS,5
2307352,15:26:00,15:26:10,stop_point:SP_3860,ENAC,6
2307352,15:27:00,15:27:10,stop_point:SP_3735,CNES- IAS,7
2307352,15:29:00,15:29:10,stop_point:SP_1844,Clément Ader,8
2307352,15:30:00,15:30:10,stop_point:SP_737,Rodier,9
2307352,15:31:00,15:31:10,stop_point:SP_875,Védrines,10
2307352,15:32:00,15:32:10,stop_point:SP_4961,Armentières,11
2307352,15:33:00,15:33:10,stop_point:SP_4720,Gonin,12
2307352,15:34:00,15:34:10,stop_point:SP_603,Piste des Géants,13
2307352,15:35:00,15:35:10,stop_point:SP_340,Bréguet,14
2307352,15:36:00,15:36:10,stop_point:SP_2304,Tahiti,15
2307352,15:38:00,15:38:10,stop_point:SP_2562,Garin,16
2307352,15:40:00,15:40:10,stop_point:SP_2590,Ledormeur,17
2307352,15:41:00,15:41:10,stop_point:SP_3494,Allègre,18
2307352,15:42:00,15:42:10,stop_point:SP_1206,Mont Ventoux,19
2307352,15:43:00,15:43:10,stop_point:SP_1860,Firmis,20
2307352,15:44:00,15:44:10,stop_point:SP_2799,Baroux,21
2307352,15:44:00,15:44:10,stop_point:SP_718,Jacinthes,22
2307352,15:45:00,15:45:10,stop_point:SP_2225,Balansa,23
2307352,15:45:00,15:45:10,stop_point:SP_3505,Limayrac,24
2307352,15:46:00,15:46:10,stop_point:SP_258,Lafilaire,25
2307352,15:46:00,15:46:10,stop_point:SP_3381,Av. Raymond Naves,26
2307352,15:48:00,15:48:10,stop_point:SP_993,Achiary,27
2307352,15:49:00,15:49:10,stop_point:SP_3477,Jean Chaubet,28
2307352,15:50:00,15:50:10,stop_point:SP_2259,Coquille,29
2307352,15:51:00,15:51:10,stop_point:SP_3648,Soupetard Salonique,30
2307352,15:52:00,15:52:10,stop_point:SP_3569,Heredia,31
2307352,15:53:00,15:53:10,stop_point:SP_1024,Chaumière,32
2307352,15:55:00,15:55:10,stop_point:SP_3200,Jolimont,33
2307353,15:45:00,15:45:10,stop_point:SP_548,Ramonville,1
2307353,15:47:00,15:47:10,stop_point:SP_3112,Naturopole,2
2307353,15:48:00,15:48:10,stop_point:SP_3474,Sports Universitaires,3
2307353,15:49:00,15:49:10,stop_point:SP_3508,Giordano Bruno,4
2307353,15:50:00,15:50:10,stop_point:SP_1412,LAAS,5
2307353,15:51:00,15:51:10,stop_point:SP_3860,ENAC,6
2307353,15:52:00,15:52:10,stop_point:SP_3735,CNES- IAS,7
2307353,15:54:00,15:54:10,stop_point:SP_1844,Clément Ader,8
2307353,15:55:00,15:55:10,stop_point:SP_737,Rodier,9
2307353,15:56:00,15:56:10,stop_point:SP_875,Védrines,10
2307353,15:57:00,15:57:10,stop_point:SP_4961,Armentières,11
2307353,15:58:00,15:58:10,stop_point:SP_4720,Gonin,12
2307353,15:59:00,15:59:10,stop_point:SP_603,Piste des Géants,13
2307353,16:00:00,16:00:10,stop_point:SP_340,Bréguet,14
2307353,16:01:00,16:01:10,stop_point:SP_2304,Tahiti,15
2307353,16:03:00,16:03:10,stop_point:SP_2562,Garin,16
2307353,16:05:00,16:05:10,stop_point:SP_2590,Ledormeur,17
2307353,16:06:00,16:06:10,stop_point:SP_3494,Allègre,18
2307353,16:07:00,16:07:10,stop_point:SP_1206,Mont Ventoux,19
2307353,16:08:00,16:08:10,stop_point:SP_1860,Firmis,20
2307353,16:09:00,16:09:10,stop_point:SP_2799,Baroux,21
2307353,16:09:00,16:09:10,stop_point:SP_718,Jacinthes,22
2307353,16:10:00,16:10:10,stop_point:SP_2225,Balansa,23
2307353,16:10:00,16:10:10,stop_point:SP_3505,Limayrac,24
2307353,16:11:00,16:11:10,stop_point:SP_258,Lafilaire,25
2307353,16:11:00,16:11:10,stop_point:SP_3381,Av. Raymond Naves,26
2307353,16:13:00,16:13:10,stop_point:SP_993,Achiary,27
2307353,16:14:00,16:14:10,stop_point:SP_3477,Jean Chaubet,28
2307353,16:15:00,16:15:10,stop_point:SP_2259,Coquille,29
2307353,16:16:00,16:16:10,stop_point:SP_3648,Soupetard Salonique,30
2307353,16:17:00,16:17:10,stop_point:SP_3569,Heredia,31
2307353,16:18:00,16:18:10,stop_point:SP_1024,Chaumière,32
2307353,16:20:00,16:20:10,stop_point:SP_3200,Jolimont,33
2307354,16:10:00,16:10:10,stop_point:SP_548,Ramonville,1
2307354,16:12:00,16:12:10,stop_point:SP_3112,Naturopole,2
2307354,16:13:00,16:13:10,stop_point:SP_3474,Sports Universitaires,3
2307354,16:14:00,16:14:10,stop_point:SP_3508,Giordano Bruno,4
2307354,16:15:00,16:15:10,stop_point:SP_1412,LAAS,5
2307354,16:16:00,16:16:10,stop_point:SP_3860,ENAC,6
2307354,16:17:00,16:17:10,stop_point:SP_3735,CNES- IAS,7
2307354,16:19:00,16:19:10,stop_point:SP_1844,Clément Ader,8
2307354,16:20:00,16:20:10,stop_point:SP_737,Rodier,9
2307354,16:21:00,16:21:10,stop_point:SP_875,Védrines,10
2307354,16:22:00,16:22:10,stop_point:SP_4961,Armentières,11
2307354,16:23:00,16:23:10,stop_point:SP_4720,Gonin,12
2307354,16:24:00,16:24:10,stop_point:SP_603,Piste des Géants,13
2307354,16:25:00,16:25:10,stop_point:SP_340,Bréguet,14
2307354,16:26:00,16:26:10,stop_point:SP_2304,Tahiti,15
2307354,16:28:00,16:28:10,stop_point:SP_2562,Garin,16
2307354,16:30:00,16:30:10,stop_point:SP_2590,Ledormeur,17
2307354,16:31:00,16:31:10,stop_point:SP_3494,Allègre,18
2307354,16:32:00,16:32:10,stop_point:SP_1206,Mont Ventoux,19
2307354,16:33:00,16:33:10,stop_point:SP_1860,Firmis,20
2307354,16:34:00,16:34:10,stop_point:SP_2799,Baroux,21
2307354,16:34:00,16:34:10,stop_point:SP_718,Jacinthes,22
2307354,16:35:00,16:35:10,stop_point:SP_2225,Balansa,23
2307354,16:35:00,16:35:10,stop_point:SP_3505,Limayrac,24
2307354,16:36:00,16:36:10,stop_point:SP_258,Lafilaire,25
2307354,16:36:00,16:36:10,stop_point:SP_3381,Av. Raymond Naves,26
2307354,16:38:00,16:38:10,stop_point:SP_993,Achiary,27
2307354,16:39:00,16:39:10,stop_point:SP_3477,Jean Chaubet,28
2307354,16:40:00,16:40:10,stop_point:SP_2259,Coquille,29
2307354,16:41:00,16:41:10,stop_point:SP_3648,Soupetard Salonique,30
2307354,16:42:00,16:42:10,stop_point:SP_3569,Heredia,31
2307354,16:43:00,16:43:10,stop_point:SP_1024,Chaumière,32
2307354,16:45:00,16:45:10,stop_point:SP_3200,Jolimont,33
2307355,16:35:00,16:35:10,stop_point:SP_548,Ramonville,1
2307355,16:37:00,16:37:10,stop_point:SP_3112,Naturopole,2
2307355,16:38:00,16:38:10,stop_point:SP_3474,Sports Universitaires,3
2307355,16:39:00,16:39:10,stop_point:SP_3508,Giordano Bruno,4
2307355,16:40:00,16:40:10,stop_point:SP_1412,LAAS,5
2307355,16:41:00,16:41:10,stop_point:SP_3860,ENAC,6
2307355,16:42:00,16:42:10,stop_point:SP_3735,CNES- IAS,7
2307355,16:44:00,16:44:10,stop_point:SP_1844,Clément Ader,8
2307355,16:45:00,16:45:10,stop_point:SP_737,Rodier,9
2307355,16:46:00,16:46:10,stop_point:SP_875,Védrines,10
2307355,16:47:00,16:47:10,stop_point:SP_4961,Armentières,11
2307355,16:48:00,16:48:10,stop_point:SP_4720,Gonin,12
2307355,16:49:00,16:49:10,stop_point:SP_603,Piste des Géants,13
2307355,16:50:00,16:50:10,stop_point:SP_340,Bréguet,14
2307355,16:51:00,16:51:10,stop_point:SP_2304,Tahiti,15
2307355,16:53:00,16:53:10,stop_point:SP_2562,Garin,16
2307355,16:55:00,16:55:10,stop_point:SP_2590,Ledormeur,17
2307355,16:56:00,16:56:10,stop_point:SP_3494,Allègre,18
2307355,16:57:00,16:57:10,stop_point:SP_1206,Mont Ventoux,19
2307355,16:58:00,16:58:10,stop_point:SP_1860,Firmis,20
2307355,16:59:00,16:59:10,stop_point:SP_2799,Baroux,21
2307355,16:59:00,16:59:10,stop_point:SP_718,Jacinthes,22
2307355,17:00:00,17:00:10,stop_point:SP_2225,Balansa,23
2307355,17:00:00,17:00:10,stop_point:SP_3505,Limayrac,24
2307355,17:01:00,17:01:10,stop_point:SP_258,Lafilaire,25
2307355,17:01:00,17:01:10,stop_point:SP_3381,Av. Raymond Naves,26
2307355,17:03:00,17:03:10,stop_point:SP_993,Achiary,27
2307355,17:04:00,17:04:10,stop_point:SP_3477,Jean Chaubet,28
2307355,17:05:00,17:05:10,stop_point:SP_2259,Coquille,29
2307355,17:06:00,17:06:10,stop_point:SP_3648,Soupetard Salonique,30
2307355,17:07:00,17:07:10,stop_point:SP_3569,Heredia,31
2307355,17:08:00,17:08:10,stop_point:SP_1024,Chaumière,32
2307355,17:10:00,17:10:10,stop_point:SP_3200,Jolimont,33
2307356,17:00:00,17:00:10,stop_point:SP_548,Ramonville,1
2307356,17:02:00,17:02:10,stop_point:SP_3112,Naturopole,2
2307356,17:03:00,17:03:10,stop_point:SP_3474,Sports Universitaires,3
2307356,17:04:00,17:04:10,stop_point:SP_3508,Giordano Bruno,4
2307356,17:05:00,17:05:10,stop_point:SP_1412,LAAS,5
2307356,17:06:00,17:06:10,stop_point:SP_3860,ENAC,6
2307356,17:07:00,17:07:10,stop_point:SP_3735,CNES- IAS,7
2307356,17:09:00,17:09:10,stop_point:SP_1844,Clément Ader,8
2307356,17:10:00,17:10:10,stop_point:SP_737,Rodier,9
2307356,17:11:00,17:11:10,stop_point:SP_875,Védrines,10
2307356,17:12:00,17:12:10,stop_point:SP_4961,Armentières,11
2307356,17:13:00,17:13:10,stop_point:SP_4720,Gonin,12
2307356,17:14:00,17:14:10,stop_point:SP_603,Piste des Géants,13
2307356,17:15:00,17:15:10,stop_point:SP_340,Bréguet,14
2307356,17:16:00,17:16:10,stop_point:SP_2304,Tahiti,15
2307356,17:18:00,17:18:10,stop_point:SP_2562,Garin,16
2307356,17:20:00,17:20:10,stop_point:SP_2590,Ledormeur,17
2307356,17:21:00,17:21:10,stop_point:SP_3494,Allègre,18
2307356,17:22:00,17:22:10,stop_point:SP_1206,Mont Ventoux,19
2307356,17:23:00,17:23:10,stop_point:SP_1860,Firmis,20
2307356,17:24:00,17:24:10,stop_point:SP_2799,Baroux,21
2307356,17:24:00,17:24:10,stop_point:SP_718,Jacinthes,22
2307356,17:25:00,17:25:10,stop_point:SP_2225,Balansa,23
2307356,17:25:00,17:25:10,stop_point:SP_3505,Limayrac,24
2307356,17:26:00,17:26:10,stop_point:SP_258,Lafilaire,25
2307356,17:26:00,17:26:10,stop_point:SP_3381,Av. Raymond Naves,26
2307356,17:28:00,17:28:10,stop_point:SP_993,Achiary,27
2307356,17:29:00,17:29:10,stop_point:SP_3477,Jean Chaubet,28
2307356,17:30:00,17:30:10,stop_point:SP_2259,Coquille,29
2307356,17:31:00,17:31:10,stop_point:SP_3648,Soupetard Salonique,30
2307356,17:32:00,17:32:10,stop_point:SP_3569,Heredia,31
2307356,17:33:00,17:33:10,stop_point:SP_1024,Chaumière,32
2307356,17:35:00,17:35:10,stop_point:SP_3200,Jolimont,33
2307357,17:25:00,17:25:10,stop_point:SP_548,Ramonville,1
2307357,17:27:00,17:27:10,stop_point:SP_3112,Naturopole,2
2307357,17:28:00,17:28:10,stop_point:SP_3474,Sports Universitaires,3
2307357,17:29:00,17:29:10,stop_point:SP_3508,Giordano Bruno,4
2307357,17:30:00,17:30:10,stop_point:SP_1412,LAAS,5
2307357,17:31:00,17:31:10,stop_point:SP_3860,ENAC,6
2307357,17:32:00,17:32:10,stop_point:SP_3735,CNES- IAS,7
2307357,17:34:00,17:34:10,stop_point:SP_1844,Clément Ader,8
2307357,17:35:00,17:35:10,stop_point:SP_737,Rodier,9
2307357,17:36:00,17:36:10,stop_point:SP_875,Védrines,10
2307357,17:37:00,17:37:10,stop_point:SP_4961,Armentières,11
2307357,17:38:00,17:38:10,stop_point:SP_4720,Gonin,12
2307357,17:39:00,17:39:10,stop_point:SP_603,Piste des Géants,13
2307357,17:40:00,17:40:10,stop_point:SP_340,Bréguet,14
2307357,17:41:00,17:41:10,stop_point:SP_2304,Tahiti,15
2307357,17:43:00,17:43:10,stop_point:SP_2562,Garin,16
2307357,17:45:00,17:45:10,stop_point:SP_2590,Ledormeur,17
2307357,17:46:00,17:46:10,stop_point:SP_3494,Allègre,18
2307357,17:47:00,17:47:10,stop_point:SP_1206,Mont Ventoux,19
2307357,17:48:00,17:48:10,stop_point:SP_1860,Firmis,20
2307357,17:49:00,17:49:10,stop_point:SP_2799,Baroux,21
2307357,17:49:00,17:49:10,stop_point:SP_718,Jacinthes,22
2307357,17:50:00,17:50:10,stop_point:SP_2225,Balansa,23
2307357,17:50:00,17:50:10,stop_point:SP_3505,Limayrac,24
2307357,17:51:00,17:51:10,stop_point:SP_258,Lafilaire,25
2307357,17:51:00,17:51:10,stop_point:SP_3381,Av. Raymond Naves,26
2307357,17:53:00,17:53:10,stop_point:SP_993,Achiary,27
2307357,17:54:00,17:54:10,stop_point:SP_3477,Jean Chaubet,28
2307357,17:55:00,17:55:10,stop_point:SP_2259,Coquille,29
2307357,17:56:00,17:56:10,stop_point:SP_3648,Soupetard Salonique,30
2307357,17:57:00,17:57:10,stop_point:SP_3569,Heredia,31
2307357,17:58:00,17:58:10,stop_point:SP_1024,Chaumière,32
2307357,18:00:00,18:00:10,stop_point:SP_3200,Jolimont,33
2307358,17:50:00,17:50:10,stop_point:SP_548,Ramonville,1
2307358,17:52:00,17:52:10,stop_point:SP_3112,Naturopole,2
2307358,17:53:00,17:53:10,stop_point:SP_3474,Sports Universitaires,3
2307358,17:54:00,17:54:10,stop_point:SP_3508,Giordano Bruno,4
2307358,17:55:00,17:55:10,stop_point:SP_1412,LAAS,5
2307358,17:56:00,17:56:10,stop_point:SP_3860,ENAC,6
2307358,17:57:00,17:57:10,stop_point:SP_3735,CNES- IAS,7
2307358,17:59:00,17:59:10,stop_point:SP_1844,Clément Ader,8
2307358,18:00:00,18:00:10,stop_point:SP_737,Rodier,9
2307358,18:01:00,18:01:10,stop_point:SP_875,Védrines,10
2307358,18:02:00,18:02:10,stop_point:SP_4961,Armentières,11
2307358,18:03:00,18:03:10,stop_point:SP_4720,Gonin,12
2307358,18:04:00,18:04:10,stop_point:SP_603,Piste des Géants,13
2307358,18:05:00,18:05:10,stop_point:SP_340,Bréguet,14
2307358,18:06:00,18:06:10,stop_point:SP_2304,Tahiti,15
2307358,18:08:00,18:08:10,stop_point:SP_2562,Garin,16
2307358,18:10:00,18:10:10,stop_point:SP_2590,Ledormeur,17
2307358,18:11:00,18:11:10,stop_point:SP_3494,Allègre,18
2307358,18:12:00,18:12:10,stop_point:SP_1206,Mont Ventoux,19
2307358,18:13:00,18:13:10,stop_point:SP_1860,Firmis,20
2307358,18:14:00,18:14:10,stop_point:SP_2799,Baroux,21
2307358,18:14:00,18:14:10,stop_point:SP_718,Jacinthes,22
2307358,18:15:00,18:15:10,stop_point:SP_2225,Balansa,23
2307358,18:15:00,18:15:10,stop_point:SP_3505,Limayrac,24
2307358,18:16:00,18:16:10,stop_point:SP_258,Lafilaire,25
2307358,18:16:00,18:16:10,stop_point:SP_3381,Av. Raymond Naves,26
2307358,18:18:00,18:18:10,stop_point:SP_993,Achiary,27
2307358,18:19:00,18:19:10,stop_point:SP_3477,Jean Chaubet,28
2307358,18:20:00,18:20:10,stop_point:SP_2259,Coquille,29
2307358,18:21:00,18:21:10,stop_point:SP_3648,Soupetard Salonique,30
2307358,18:22:00,18:22:10,stop_point:SP_3569,Heredia,31
2307358,18:23:00,18:23:10,stop_point:SP_1024,Chaumière,32
2307358,18:25:00,18:25:10,stop_point:SP_3200,Jolimont,33
2307359,18:15:00,18:15:10,stop_point:SP_548,Ramonville,1
2307359,18:17:00,18:17:10,stop_point:SP_3112,Naturopole,2
2307359,18:18:00,18:18:10,stop_point:SP_3474,Sports Universitaires,3
2307359,18:19:00,18:19:10,stop_point:SP_3508,Giordano Bruno,4
2307359,18:20:00,18:20:10,stop_point:SP_1412,LAAS,5
2307359,18:21:00,18:21:10,stop_point:SP_3860,ENAC,6
2307359,18:22:00,18:22:10,stop_point:SP_3735,CNES- IAS,7
2307359,18:24:00,18:24:10,stop_point:SP_1844,Clément Ader,8
2307359,18:25:00,18:25:10,stop_point:SP_737,Rodier,9
2307359,18:26:00,18:26:10,stop_point:SP_875,Védrines,10
2307359,18:27:00,18:27:10,stop_point:SP_4961,Armentières,11
2307359,18:28:00,18:28:10,stop_point:SP_4720,Gonin,12
2307359,18:29:00,18:29:10,stop_point:SP_603,Piste des Géants,13
2307359,18:30:00,18:30:10,stop_point:SP_340,Bréguet,14
2307359,18:31:00,18:31:10,stop_point:SP_2304,Tahiti,15
2307359,18:33:00,18:33:10,stop_point:SP_2562,Garin,16
2307359,18:35:00,18:35:10,stop_point:SP_2590,Ledormeur,17
2307359,18:36:00,18:36:10,stop_point:SP_3494,Allègre,18
2307359,18:37:00,18:37:10,stop_point:SP_1206,Mont Ventoux,19
2307359,18:38:00,18:38:10,stop_point:SP_1860,Firmis,20
2307359,18:39:00,18:39:10,stop_point:SP_2799,Baroux,21
2307359,18:39:00,18:39:10,stop_point:SP_718,Jacinthes,22
2307359,18:40:00,18:40:10,stop_point:SP_2225,Balansa,23
2307359,18:40:00,18:40:10,stop_point:SP_3505,Limayrac,24
2307359,18:41:00,18:41:10,stop_point:SP_258,Lafilaire,25
2307359,18:41:00,18:41:10,stop_point:SP_3381,Av. Raymond Naves,26
2307359,18:43:00,18:43:10,stop_point:SP_993,Achiary,27
2307359,18:44:00,18:44:10,stop_point:SP_3477,Jean Chaubet,28
2307359,18:45:00,18:45:10,stop_point:SP_2259,Coquille,29
2307359,18:46:00,18:46:10,stop_point:SP_3648,Soupetard Salonique,30
2307359,18:47:00,18:47:10,stop_point:SP_3569,Heredia,31
2307359,18:48:00,18:48:10,stop_point:SP_1024,Chaumière,32
2307359,18:50:00,18:50:10,stop_point:SP_3200,Jolimont,33
2307360,18:40:00,18:40:10,stop_point:SP_548,Ramonville,1
2307360,18:42:00,18:42:10,stop_point:SP_3112,Naturopole,2
2307360,18:43:00,18:43:10,stop_point:SP_3474,Sports Universitaires,3
2307360,18:44:00,18:44:10,stop_point:SP_3508,Giordano Bruno,4
2307360,18:45:00,18:45:10,stop_point:SP_1412,LAAS,5
2307360,18:46:00,18:46:10,stop_point:SP_3860,ENAC,6
2307360,18:47:00,18:47:10,stop_point:SP_3735,CNES- IAS,7
2307360,18:49:00,18:49:10,stop_point:SP_1844,Clément Ader,8
2307360,18:50:00,18:50:10,stop_point:SP_737,Rodier,9
2307360,18:51:00,18:51:10,stop_point:SP_875,Védrines,10
2307360,18:52:00,18:52:10,stop_point:SP_4961,Armentières,11
2307360,18:53:00,18:53:10,stop_point:SP_4720,Gonin,12
2307360,18:54:00,18:54:10,stop_point:SP_603,Piste des Géants,13
2307360,18:55:00,18:55:10,stop_point:SP_340,Bréguet,14
2307360,18:56:00,18:56:10,stop_point:SP_2304,Tahiti,15
2307360,18:58:00,18:58:10,stop_point:SP_2562,Garin,16
2307360,19:00:00,19:00:10,stop_point:SP_2590,Ledormeur,17
2307360,19:01:00,19:01:10,stop_point:SP_3494,Allègre,18
2307360,19:02:00,19:02:10,stop_point:SP_1206,Mont Ventoux,19
2307360,19:03:00,19:03:10,stop_point:SP_1860,Firmis,20
2307360,19:04:00,19:04:10,stop_point:SP_2799,Baroux,21
2307360,19:04:00,19:04:10,stop_point:SP_718,Jacinthes,22
2307360,19:05:00,19:05:10,stop_point:SP_2225,Balansa,23
2307360,19:05:00,19:05:10,stop_point:SP_3505,Limayrac,24
2307360,19:06:00,19:06:10,stop_point:SP_258,Lafilaire,25
2307360,19:06:00,19:06:10,stop_point:SP_3381,Av. Raymond Naves,26
2307360,19:08:00,19:08:10,stop_point:SP_993,Achiary,27
2307360,19:09:00,19:09:10,stop_point:SP_3477,Jean Chaubet,28
2307360,19:10:00,19:10:10,stop_point:SP_2259,Coquille,29
2307360,19:11:00,19:11:10,stop_point:SP_3648,Soupetard Salonique,30
2307360,19:12:00,19:12:10,stop_point:SP_3569,Heredia,31
2307360,19:13:00,19:13:10,stop_point:SP_1024,Chaumière,32
2307360,19:15:00,19:15:10,stop_point:SP_3200,Jolimont,33
2307361,19:05:00,19:05:10,stop_point:SP_548,Ramonville,1
2307361,19:07:00,19:07:10,stop_point:SP_3112,Naturopole,2
2307361,19:08:00,19:08:10,stop_point:SP_3474,Sports Universitaires,3
2307361,19:09:00,19:09:10,stop_point:SP_3508,Giordano Bruno,4
2307361,19:10:00,19:10:10,stop_point:SP_1412,LAAS,5
2307361,19:11:00,19:11:10,stop_point:SP_3860,ENAC,6
2307361,19:12:00,19:12:10,stop_point:SP_3735,CNES- IAS,7
2307361,19:14:00,19:14:10,stop_point:SP_1844,Clément Ader,8
2307361,19:15:00,19:15:10,stop_point:SP_737,Rodier,9
2307361,19:16:00,19:16:10,stop_point:SP_875,Védrines,10
2307361,19:17:00,19:17:10,stop_point:SP_4961,Armentières,11
2307361,19:18:00,19:18:10,stop_point:SP_4720,Gonin,12
2307361,19:19:00,19:19:10,stop_point:SP_603,Piste des Géants,13
2307361,19:20:00,19:20:10,stop_point:SP_340,Bréguet,14
2307361,19:21:00,19:21:10,stop_point:SP_2304,Tahiti,15
2307361,19:23:00,19:23:10,stop_point:SP_2562,Garin,16
2307361,19:25:00,19:25:10,stop_point:SP_2590,Ledormeur,17
2307361,19:26:00,19:26:10,stop_point:SP_3494,Allègre,18
2307361,19:27:00,19:27:10,stop_point:SP_1206,Mont Ventoux,19
2307361,19:28:00,19:28:10,stop_point:SP_1860,Firmis,20
2307361,19:29:00,19:29:10,stop_point:SP_2799,Baroux,21
2307361,19:29:00,19:29:10,stop_point:SP_718,Jacinthes,22
2307361,19:30:00,19:30:10,stop_point:SP_2225,Balansa,23
2307361,19:30:00,19:30:10,stop_point:SP_3505,Limayrac,24
2307361,19:31:00,19:31:10,stop_point:SP_258,Lafilaire,25
2307361,19:31:00,19:31:10,stop_point:SP_3381,Av. Raymond Naves,26
2307361,19:33:00,19:33:10,stop_point:SP_993,Achiary,27
2307361,19:34:00,19:34:10,stop_point:SP_3477,Jean Chaubet,28
2307361,19:35:00,19:35:10,stop_point:SP_2259,Coquille,29
2307361,19:36:00,19:36:10,stop_point:SP_3648,Soupetard Salonique,30
2307361,19:37:00,19:37:10,stop_point:SP_3569,Heredia,31
2307361,19:38:00,19:38:10,stop_point:SP_1024,Chaumière,32
2307361,19:40:00,19:40:10,stop_point:SP_3200,Jolimont,33
2307362,19:30:00,19:30:10,stop_point:SP_548,Ramonville,1
2307362,19:32:00,19:32:10,stop_point:SP_3112,Naturopole,2
2307362,19:33:00,19:33:10,stop_point:SP_3474,Sports Universitaires,3
2307362,19:34:00,19:34:10,stop_point:SP_3508,Giordano Bruno,4
2307362,19:35:00,19:35:10,stop_point:SP_1412,LAAS,5
2307362,19:36:00,19:36:10,stop_point:SP_3860,ENAC,6
2307362,19:37:00,19:37:10,stop_point:SP_3735,CNES- IAS,7
2307362,19:39:00,19:39:10,stop_point:SP_1844,Clément Ader,8
2307362,19:40:00,19:40:10,stop_point:SP_737,Rodier,9
2307362,19:41:00,19:41:10,stop_point:SP_875,Védrines,10
2307362,19:42:00,19:42:10,stop_point:SP_4961,Armentières,11
2307362,19:43:00,19:43:10,stop_point:SP_4720,Gonin,12
2307362,19:44:00,19:44:10,stop_point:SP_603,Piste des Géants,13
2307362,19:45:00,19:45:10,stop_point:SP_340,Bréguet,14
2307362,19:46:00,19:46:10,stop_point:SP_2304,Tahiti,15
2307362,19:48:00,19:48:10,stop_point:SP_2562,Garin,16
2307362,19:50:00,19:50:10,stop_point:SP_2590,Ledormeur,17
2307362,19:51:00,19:51:10,stop_point:SP_3494,Allègre,18
2307362,19:52:00,19:52:10,stop_point:SP_1206,Mont Ventoux,19
2307362,19:53:00,19:53:10,stop_point:SP_1860,Firmis,20
2307362,19:54:00,19:54:10,stop_point:SP_2799,Baroux,21
2307362,19:54:00,19:54:10,stop_point:SP_718,Jacinthes,22
2307362,19:55:00,19:55:10,stop_point:SP_2225,Balansa,23
2307362,19:55:00,19:55:10,stop_point:SP_3505,Limayrac,24
2307362,19:56:00,19:56:10,stop_point:SP_258,Lafilaire,25
2307362,19:56:00,19:56:10,stop_point:SP_3381,Av. Raymond Naves,26
2307362,19:58:00,19:58:10,stop_point:SP_993,Achiary,27
2307362,19:59:00,19:59:10,stop_point:SP_3477,Jean Chaubet,28
2307362,20:00:00,20:00:10,stop_point:SP_2259,Coquille,29
2307362,20:01:00,20:01:10,stop_point:SP_3648,Soupetard Salonique,30
2307362,20:02:00,20:02:10,stop_point:SP_3569,Heredia,31
2307362,20:03:00,20:03:10,stop_point:SP_1024,Chaumière,32
2307362,20:05:00,20:05:10,stop_point:SP_3200,Jolimont,33
2307363,05:50:00,05:50:10,stop_point:SP_3200,Jolimont,1
2307363,05:52:00,05:52:10,stop_point:SP_91,Chaumière,2
2307363,05:52:00,05:52:10,stop_point:SP_2865,Heredia,3
2307363,05:53:00,05:53:10,stop_point:SP_1152,Soupetard Salonique,4
2307363,05:54:00,05:54:10,stop_point:SP_3402,Coquille,5
2307363,05:55:00,05:55:10,stop_point:SP_2952,Jean Chaubet,6
2307363,05:56:00,05:56:10,stop_point:SP_1352,Achiary,7
2307363,05:58:00,05:58:10,stop_point:SP_109,Av. Raymond Naves,8
2307363,05:58:00,05:58:10,stop_point:SP_2670,Lafilaire,9
2307363,05:59:00,05:59:10,stop_point:SP_1692,Limayrac,10
2307363,05:59:00,05:59:10,stop_point:SP_2496,Balansa,11
2307363,06:00:00,06:00:10,stop_point:SP_2997,Jacinthes,12
2307363,06:00:00,06:00:10,stop_point:SP_2665,Baroux,13
2307363,06:01:00,06:01:10,stop_point:SP_407,Firmis,14
2307363,06:02:00,06:02:10,stop_point:SP_3653,Pugens,15
2307363,06:02:00,06:02:10,stop_point:SP_1135,Mont Ventoux,16
2307363,06:03:00,06:03:10,stop_point:SP_1337,Allègre,17
2307363,06:04:00,06:04:10,stop_point:SP_487,Ledormeur,18
2307363,06:05:00,06:05:10,stop_point:SP_1385,Garin,19
2307363,06:06:00,06:06:10,stop_point:SP_1759,Tahiti,20
2307363,06:07:00,06:07:10,stop_point:SP_882,Bréguet,21
2307363,06:08:00,06:08:10,stop_point:SP_3083,Piste des Géants,22
2307363,06:09:00,06:09:10,stop_point:SP_5276,Gonin,23
2307363,06:10:00,06:10:10,stop_point:SP_4963,Armentières,24
2307363,06:11:00,06:11:10,stop_point:SP_3890,Védrines,25
2307363,06:12:00,06:12:10,stop_point:SP_2545,Rodier,26
2307363,06:13:00,06:13:10,stop_point:SP_2730,Clément Ader,27
2307363,06:15:00,06:15:10,stop_point:SP_2661,CNES- IAS,28
2307363,06:16:00,06:16:10,stop_point:SP_3799,ENAC,29
2307363,06:17:00,06:17:10,stop_point:SP_2792,LAAS,30
2307363,06:19:00,06:19:10,stop_point:SP_2607,Giordano Bruno,31
2307363,06:20:00,06:20:10,stop_point:SP_474,Sports Universitaires,32
2307363,06:21:00,06:21:10,stop_point:SP_1854,Naturopole,33
2307363,06:23:00,06:23:10,stop_point:SP_548,Ramonville,34
2307364,06:17:00,06:17:10,stop_point:SP_3200,Jolimont,1
2307364,06:19:00,06:19:10,stop_point:SP_91,Chaumière,2
2307364,06:19:00,06:19:10,stop_point:SP_2865,Heredia,3
2307364,06:20:00,06:20:10,stop_point:SP_1152,Soupetard Salonique,4
2307364,06:21:00,06:21:10,stop_point:SP_3402,Coquille,5
2307364,06:22:00,06:22:10,stop_point:SP_2952,Jean Chaubet,6
2307364,06:23:00,06:23:10,stop_point:SP_1352,Achiary,7
2307364,06:25:00,06:25:10,stop_point:SP_109,Av. Raymond Naves,8
2307364,06:25:00,06:25:10,stop_point:SP_2670,Lafilaire,9
2307364,06:26:00,06:26:10,stop_point:SP_1692,Limayrac,10
2307364,06:26:00,06:26:10,stop_point:SP_2496,Balansa,11
2307364,06:27:00,06:27:10,stop_point:SP_2997,Jacinthes,12
2307364,06:27:00,06:27:10,stop_point:SP_2665,Baroux,13
2307364,06:28:00,06:28:10,stop_point:SP_407,Firmis,14
2307364,06:29:00,06:29:10,stop_point:SP_3653,Pugens,15
2307364,06:29:00,06:29:10,stop_point:SP_1135,Mont Ventoux,16
2307364,06:30:00,06:30:10,stop_point:SP_1337,Allègre,17
2307364,06:31:00,06:31:10,stop_point:SP_487,Ledormeur,18
2307364,06:32:00,06:32:10,stop_point:SP_1385,Garin,19
2307364,06:33:00,06:33:10,stop_point:SP_1759,Tahiti,20
2307364,06:34:00,06:34:10,stop_point:SP_882,Bréguet,21
2307364,06:35:00,06:35:10,stop_point:SP_3083,Piste des Géants,22
2307364,06:36:00,06:36:10,stop_point:SP_5276,Gonin,23
2307364,06:37:00,06:37:10,stop_point:SP_4963,Armentières,24
2307364,06:38:00,06:38:10,stop_point:SP_3890,Védrines,25
2307364,06:39:00,06:39:10,stop_point:SP_2545,Rodier,26
2307364,06:40:00,06:40:10,stop_point:SP_2730,Clément Ader,27
2307364,06:42:00,06:42:10,stop_point:SP_2661,CNES- IAS,28
2307364,06:43:00,06:43:10,stop_point:SP_3799,ENAC,29
2307364,06:44:00,06:44:10,stop_point:SP_2792,LAAS,30
2307364,06:46:00,06:46:10,stop_point:SP_2607,Giordano Bruno,31
2307364,06:47:00,06:47:10,stop_point:SP_474,Sports Universitaires,32
2307364,06:48:00,06:48:10,stop_point:SP_1854,Naturopole,33
2307364,06:50:00,06:50:10,stop_point:SP_548,Ramonville,34
2307365,06:37:00,06:37:10,stop_point:SP_3200,Jolimont,1
2307365,06:39:00,06:39:10,stop_point:SP_91,Chaumière,2
2307365,06:39:00,06:39:10,stop_point:SP_2865,Heredia,3
2307365,06:40:00,06:40:10,stop_point:SP_1152,Soupetard Salonique,4
2307365,06:41:00,06:41:10,stop_point:SP_3402,Coquille,5
2307365,06:42:00,06:42:10,stop_point:SP_2952,Jean Chaubet,6
2307365,06:43:00,06:43:10,stop_point:SP_1352,Achiary,7
2307365,06:45:00,06:45:10,stop_point:SP_109,Av. Raymond Naves,8
2307365,06:45:00,06:45:10,stop_point:SP_2670,Lafilaire,9
2307365,06:46:00,06:46:10,stop_point:SP_1692,Limayrac,10
2307365,06:47:00,06:47:10,stop_point:SP_2496,Balansa,11
2307365,06:47:00,06:47:10,stop_point:SP_2997,Jacinthes,12
2307365,06:48:00,06:48:10,stop_point:SP_2665,Baroux,13
2307365,06:49:00,06:49:10,stop_point:SP_407,Firmis,14
2307365,06:50:00,06:50:10,stop_point:SP_3653,Pugens,15
2307365,06:50:00,06:50:10,stop_point:SP_1135,Mont Ventoux,16
2307365,06:51:00,06:51:10,stop_point:SP_1337,Allègre,17
2307365,06:52:00,06:52:10,stop_point:SP_487,Ledormeur,18
2307365,06:53:00,06:53:10,stop_point:SP_1385,Garin,19
2307365,06:54:00,06:54:10,stop_point:SP_1759,Tahiti,20
2307365,06:55:00,06:55:10,stop_point:SP_882,Bréguet,21
2307365,06:56:00,06:56:10,stop_point:SP_3083,Piste des Géants,22
2307365,06:57:00,06:57:10,stop_point:SP_5276,Gonin,23
2307365,06:58:00,06:58:10,stop_point:SP_4963,Armentières,24
2307365,06:59:00,06:59:10,stop_point:SP_3890,Védrines,25
2307365,07:00:00,07:00:10,stop_point:SP_2545,Rodier,26
2307365,07:01:00,07:01:10,stop_point:SP_2730,Clément Ader,27
2307365,07:04:00,07:04:10,stop_point:SP_2661,CNES- IAS,28
2307365,07:05:00,07:05:10,stop_point:SP_3799,ENAC,29
2307365,07:06:00,07:06:10,stop_point:SP_2792,LAAS,30
2307365,07:08:00,07:08:10,stop_point:SP_2607,Giordano Bruno,31
2307365,07:09:00,07:09:10,stop_point:SP_474,Sports Universitaires,32
2307365,07:10:00,07:10:10,stop_point:SP_1854,Naturopole,33
2307365,07:12:00,07:12:10,stop_point:SP_548,Ramonville,34
2307366,06:53:00,06:53:10,stop_point:SP_3200,Jolimont,1
2307366,06:55:00,06:55:10,stop_point:SP_91,Chaumière,2
2307366,06:56:00,06:56:10,stop_point:SP_2865,Heredia,3
2307366,06:57:00,06:57:10,stop_point:SP_1152,Soupetard Salonique,4
2307366,06:58:00,06:58:10,stop_point:SP_3402,Coquille,5
2307366,06:59:00,06:59:10,stop_point:SP_2952,Jean Chaubet,6
2307366,07:00:00,07:00:10,stop_point:SP_1352,Achiary,7
2307366,07:02:00,07:02:10,stop_point:SP_109,Av. Raymond Naves,8
2307366,07:02:00,07:02:10,stop_point:SP_2670,Lafilaire,9
2307366,07:03:00,07:03:10,stop_point:SP_1692,Limayrac,10
2307366,07:04:00,07:04:10,stop_point:SP_2496,Balansa,11
2307366,07:04:00,07:04:10,stop_point:SP_2997,Jacinthes,12
2307366,07:05:00,07:05:10,stop_point:SP_2665,Baroux,13
2307366,07:06:00,07:06:10,stop_point:SP_407,Firmis,14
2307366,07:07:00,07:07:10,stop_point:SP_3653,Pugens,15
2307366,07:07:00,07:07:10,stop_point:SP_1135,Mont Ventoux,16
2307366,07:08:00,07:08:10,stop_point:SP_1337,Allègre,17
2307366,07:09:00,07:09:10,stop_point:SP_487,Ledormeur,18
2307366,07:11:00,07:11:10,stop_point:SP_1385,Garin,19
2307366,07:12:00,07:12:10,stop_point:SP_1759,Tahiti,20
2307366,07:13:00,07:13:10,stop_point:SP_882,Bréguet,21
2307366,07:14:00,07:14:10,stop_point:SP_3083,Piste des Géants,22
2307366,07:15:00,07:15:10,stop_point:SP_5276,Gonin,23
2307366,07:16:00,07:16:10,stop_point:SP_4963,Armentières,24
2307366,07:17:00,07:17:10,stop_point:SP_3890,Védrines,25
2307366,07:18:00,07:18:10,stop_point:SP_2545,Rodier,26
2307366,07:19:00,07:19:10,stop_point:SP_2730,Clément Ader,27
2307366,07:22:00,07:22:10,stop_point:SP_2661,CNES- IAS,28
2307366,07:23:00,07:23:10,stop_point:SP_3799,ENAC,29
2307366,07:24:00,07:24:10,stop_point:SP_2792,LAAS,30
2307366,07:26:00,07:26:10,stop_point:SP_2607,Giordano Bruno,31
2307366,07:27:00,07:27:10,stop_point:SP_474,Sports Universitaires,32
2307366,07:28:00,07:28:10,stop_point:SP_1854,Naturopole,33
2307366,07:30:00,07:30:10,stop_point:SP_548,Ramonville,34
2307367,07:09:00,07:09:10,stop_point:SP_3200,Jolimont,1
2307367,07:11:00,07:11:10,stop_point:SP_91,Chaumière,2
2307367,07:12:00,07:12:10,stop_point:SP_2865,Heredia,3
2307367,07:13:00,07:13:10,stop_point:SP_1152,Soupetard Salonique,4
2307367,07:14:00,07:14:10,stop_point:SP_3402,Coquille,5
2307367,07:15:00,07:15:10,stop_point:SP_2952,Jean Chaubet,6
2307367,07:16:00,07:16:10,stop_point:SP_1352,Achiary,7
2307367,07:18:00,07:18:10,stop_point:SP_109,Av. Raymond Naves,8
2307367,07:18:00,07:18:10,stop_point:SP_2670,Lafilaire,9
2307367,07:19:00,07:19:10,stop_point:SP_1692,Limayrac,10
2307367,07:20:00,07:20:10,stop_point:SP_2496,Balansa,11
2307367,07:20:00,07:20:10,stop_point:SP_2997,Jacinthes,12
2307367,07:21:00,07:21:10,stop_point:SP_2665,Baroux,13
2307367,07:22:00,07:22:10,stop_point:SP_407,Firmis,14
2307367,07:23:00,07:23:10,stop_point:SP_3653,Pugens,15
2307367,07:23:00,07:23:10,stop_point:SP_1135,Mont Ventoux,16
2307367,07:24:00,07:24:10,stop_point:SP_1337,Allègre,17
2307367,07:25:00,07:25:10,stop_point:SP_487,Ledormeur,18
2307367,07:27:00,07:27:10,stop_point:SP_1385,Garin,19
2307367,07:28:00,07:28:10,stop_point:SP_1759,Tahiti,20
2307367,07:29:00,07:29:10,stop_point:SP_882,Bréguet,21
2307367,07:30:00,07:30:10,stop_point:SP_3083,Piste des Géants,22
2307367,07:31:00,07:31:10,stop_point:SP_5276,Gonin,23
2307367,07:32:00,07:32:10,stop_point:SP_4963,Armentières,24
2307367,07:33:00,07:33:10,stop_point:SP_3890,Védrines,25
2307367,07:34:00,07:34:10,stop_point:SP_2545,Rodier,26
2307367,07:35:00,07:35:10,stop_point:SP_2730,Clément Ader,27
2307367,07:38:00,07:38:10,stop_point:SP_2661,CNES- IAS,28
2307367,07:39:00,07:39:10,stop_point:SP_3799,ENAC,29
2307367,07:40:00,07:40:10,stop_point:SP_2792,LAAS,30
2307367,07:42:00,07:42:10,stop_point:SP_2607,Giordano Bruno,31
2307367,07:43:00,07:43:10,stop_point:SP_474,Sports Universitaires,32
2307367,07:44:00,07:44:10,stop_point:SP_1854,Naturopole,33
2307367,07:46:00,07:46:10,stop_point:SP_548,Ramonville,34
2307368,07:25:00,07:25:10,stop_point:SP_3200,Jolimont,1
2307368,07:28:00,07:28:10,stop_point:SP_91,Chaumière,2
2307368,07:28:00,07:28:10,stop_point:SP_2865,Heredia,3
2307368,07:30:00,07:30:10,stop_point:SP_1152,Soupetard Salonique,4
2307368,07:31:00,07:31:10,stop_point:SP_3402,Coquille,5
2307368,07:32:00,07:32:10,stop_point:SP_2952,Jean Chaubet,6
2307368,07:34:00,07:34:10,stop_point:SP_1352,Achiary,7
2307368,07:35:00,07:35:10,stop_point:SP_109,Av. Raymond Naves,8
2307368,07:36:00,07:36:10,stop_point:SP_2670,Lafilaire,9
2307368,07:37:00,07:37:10,stop_point:SP_1692,Limayrac,10
2307368,07:38:00,07:38:10,stop_point:SP_2496,Balansa,11
2307368,07:38:00,07:38:10,stop_point:SP_2997,Jacinthes,12
2307368,07:39:00,07:39:10,stop_point:SP_2665,Baroux,13
2307368,07:40:00,07:40:10,stop_point:SP_407,Firmis,14
2307368,07:41:00,07:41:10,stop_point:SP_3653,Pugens,15
2307368,07:42:00,07:42:10,stop_point:SP_1135,Mont Ventoux,16
2307368,07:43:00,07:43:10,stop_point:SP_1337,Allègre,17
2307368,07:44:00,07:44:10,stop_point:SP_487,Ledormeur,18
2307368,07:46:00,07:46:10,stop_point:SP_1385,Garin,19
2307368,07:47:00,07:47:10,stop_point:SP_1759,Tahiti,20
2307368,07:48:00,07:48:10,stop_point:SP_882,Bréguet,21
2307368,07:49:00,07:49:10,stop_point:SP_3083,Piste des Géants,22
2307368,07:50:00,07:50:10,stop_point:SP_5276,Gonin,23
2307368,07:51:00,07:51:10,stop_point:SP_4963,Armentières,24
2307368,07:53:00,07:53:10,stop_point:SP_3890,Védrines,25
2307368,07:54:00,07:54:10,stop_point:SP_2545,Rodier,26
2307368,07:55:00,07:55:10,stop_point:SP_2730,Clément Ader,27
2307368,07:58:00,07:58:10,stop_point:SP_2661,CNES- IAS,28
2307368,07:59:00,07:59:10,stop_point:SP_3799,ENAC,29
2307368,08:00:00,08:00:10,stop_point:SP_2792,LAAS,30
2307368,08:02:00,08:02:10,stop_point:SP_2607,Giordano Bruno,31
2307368,08:03:00,08:03:10,stop_point:SP_474,Sports Universitaires,32
2307368,08:04:00,08:04:10,stop_point:SP_1854,Naturopole,33
2307368,08:06:00,08:06:10,stop_point:SP_548,Ramonville,34
2307369,07:41:00,07:41:10,stop_point:SP_3200,Jolimont,1
2307369,07:44:00,07:44:10,stop_point:SP_91,Chaumière,2
2307369,07:44:00,07:44:10,stop_point:SP_2865,Heredia,3
2307369,07:46:00,07:46:10,stop_point:SP_1152,Soupetard Salonique,4
2307369,07:47:00,07:47:10,stop_point:SP_3402,Coquille,5
2307369,07:48:00,07:48:10,stop_point:SP_2952,Jean Chaubet,6
2307369,07:50:00,07:50:10,stop_point:SP_1352,Achiary,7
2307369,07:52:00,07:52:10,stop_point:SP_109,Av. Raymond Naves,8
2307369,07:53:00,07:53:10,stop_point:SP_2670,Lafilaire,9
2307369,07:54:00,07:54:10,stop_point:SP_1692,Limayrac,10
2307369,07:55:00,07:55:10,stop_point:SP_2496,Balansa,11
2307369,07:55:00,07:55:10,stop_point:SP_2997,Jacinthes,12
2307369,07:56:00,07:56:10,stop_point:SP_2665,Baroux,13
2307369,07:57:00,07:57:10,stop_point:SP_407,Firmis,14
2307369,07:58:00,07:58:10,stop_point:SP_3653,Pugens,15
2307369,07:59:00,07:59:10,stop_point:SP_1135,Mont Ventoux,16
2307369,08:00:00,08:00:10,stop_point:SP_1337,Allègre,17
2307369,08:01:00,08:01:10,stop_point:SP_487,Ledormeur,18
2307369,08:03:00,08:03:10,stop_point:SP_1385,Garin,19
2307369,08:04:00,08:04:10,stop_point:SP_1759,Tahiti,20
2307369,08:05:00,08:05:10,stop_point:SP_882,Bréguet,21
2307369,08:06:00,08:06:10,stop_point:SP_3083,Piste des Géants,22
2307369,08:07:00,08:07:10,stop_point:SP_5276,Gonin,23
2307369,08:08:00,08:08:10,stop_point:SP_4963,Armentières,24
2307369,08:10:00,08:10:10,stop_point:SP_3890,Védrines,25
2307369,08:11:00,08:11:10,stop_point:SP_2545,Rodier,26
2307369,08:12:00,08:12:10,stop_point:SP_2730,Clément Ader,27
2307369,08:15:00,08:15:10,stop_point:SP_2661,CNES- IAS,28
2307369,08:16:00,08:16:10,stop_point:SP_3799,ENAC,29
2307369,08:17:00,08:17:10,stop_point:SP_2792,LAAS,30
2307369,08:19:00,08:19:10,stop_point:SP_2607,Giordano Bruno,31
2307369,08:20:00,08:20:10,stop_point:SP_474,Sports Universitaires,32
2307369,08:21:00,08:21:10,stop_point:SP_1854,Naturopole,33
2307369,08:23:00,08:23:10,stop_point:SP_548,Ramonville,34
2307370,07:57:00,07:57:10,stop_point:SP_3200,Jolimont,1
2307370,08:00:00,08:00:10,stop_point:SP_91,Chaumière,2
2307370,08:00:00,08:00:10,stop_point:SP_2865,Heredia,3
2307370,08:02:00,08:02:10,stop_point:SP_1152,Soupetard Salonique,4
2307370,08:03:00,08:03:10,stop_point:SP_3402,Coquille,5
2307370,08:04:00,08:04:10,stop_point:SP_2952,Jean Chaubet,6
2307370,08:06:00,08:06:10,stop_point:SP_1352,Achiary,7
2307370,08:08:00,08:08:10,stop_point:SP_109,Av. Raymond Naves,8
2307370,08:09:00,08:09:10,stop_point:SP_2670,Lafilaire,9
2307370,08:10:00,08:10:10,stop_point:SP_1692,Limayrac,10
2307370,08:11:00,08:11:10,stop_point:SP_2496,Balansa,11
2307370,08:11:00,08:11:10,stop_point:SP_2997,Jacinthes,12
2307370,08:12:00,08:12:10,stop_point:SP_2665,Baroux,13
2307370,08:13:00,08:13:10,stop_point:SP_407,Firmis,14
2307370,08:14:00,08:14:10,stop_point:SP_3653,Pugens,15
2307370,08:15:00,08:15:10,stop_point:SP_1135,Mont Ventoux,16
2307370,08:16:00,08:16:10,stop_point:SP_1337,Allègre,17
2307370,08:17:00,08:17:10,stop_point:SP_487,Ledormeur,18
2307370,08:19:00,08:19:10,stop_point:SP_1385,Garin,19
2307370,08:20:00,08:20:10,stop_point:SP_1759,Tahiti,20
2307370,08:21:00,08:21:10,stop_point:SP_882,Bréguet,21
2307370,08:22:00,08:22:10,stop_point:SP_3083,Piste des Géants,22
2307370,08:23:00,08:23:10,stop_point:SP_5276,Gonin,23
2307370,08:24:00,08:24:10,stop_point:SP_4963,Armentières,24
2307370,08:26:00,08:26:10,stop_point:SP_3890,Védrines,25
2307370,08:27:00,08:27:10,stop_point:SP_2545,Rodier,26
2307370,08:28:00,08:28:10,stop_point:SP_2730,Clément Ader,27
2307370,08:31:00,08:31:10,stop_point:SP_2661,CNES- IAS,28
2307370,08:32:00,08:32:10,stop_point:SP_3799,ENAC,29
2307370,08:33:00,08:33:10,stop_point:SP_2792,LAAS,30
2307370,08:35:00,08:35:10,stop_point:SP_2607,Giordano Bruno,31
2307370,08:36:00,08:36:10,stop_point:SP_474,Sports Universitaires,32
2307370,08:37:00,08:37:10,stop_point:SP_1854,Naturopole,33
2307370,08:39:00,08:39:10,stop_point:SP_548,Ramonville,34
2307371,08:13:00,08:13:10,stop_point:SP_3200,Jolimont,1
2307371,08:16:00,08:16:10,stop_point:SP_91,Chaumière,2
2307371,08:16:00,08:16:10,stop_point:SP_2865,Heredia,3
2307371,08:18:00,08:18:10,stop_point:SP_1152,Soupetard Salonique,4
2307371,08:19:00,08:19:10,stop_point:SP_3402,Coquille,5
2307371,08:20:00,08:20:10,stop_point:SP_2952,Jean Chaubet,6
2307371,08:22:00,08:22:10,stop_point:SP_1352,Achiary,7
2307371,08:24:00,08:24:10,stop_point:SP_109,Av. Raymond Naves,8
2307371,08:25:00,08:25:10,stop_point:SP_2670,Lafilaire,9
2307371,08:26:00,08:26:10,stop_point:SP_1692,Limayrac,10
2307371,08:27:00,08:27:10,stop_point:SP_2496,Balansa,11
2307371,08:27:00,08:27:10,stop_point:SP_2997,Jacinthes,12
2307371,08:28:00,08:28:10,stop_point:SP_2665,Baroux,13
2307371,08:29:00,08:29:10,stop_point:SP_407,Firmis,14
2307371,08:30:00,08:30:10,stop_point:SP_3653,Pugens,15
2307371,08:31:00,08:31:10,stop_point:SP_1135,Mont Ventoux,16
2307371,08:32:00,08:32:10,stop_point:SP_1337,Allègre,17
2307371,08:33:00,08:33:10,stop_point:SP_487,Ledormeur,18
2307371,08:35:00,08:35:10,stop_point:SP_1385,Garin,19
2307371,08:36:00,08:36:10,stop_point:SP_1759,Tahiti,20
2307371,08:37:00,08:37:10,stop_point:SP_882,Bréguet,21
2307371,08:38:00,08:38:10,stop_point:SP_3083,Piste des Géants,22
2307371,08:39:00,08:39:10,stop_point:SP_5276,Gonin,23
2307371,08:40:00,08:40:10,stop_point:SP_4963,Armentières,24
2307371,08:42:00,08:42:10,stop_point:SP_3890,Védrines,25
2307371,08:43:00,08:43:10,stop_point:SP_2545,Rodier,26
2307371,08:44:00,08:44:10,stop_point:SP_2730,Clément Ader,27
2307371,08:47:00,08:47:10,stop_point:SP_2661,CNES- IAS,28
2307371,08:48:00,08:48:10,stop_point:SP_3799,ENAC,29
2307371,08:49:00,08:49:10,stop_point:SP_2792,LAAS,30
2307371,08:51:00,08:51:10,stop_point:SP_2607,Giordano Bruno,31
2307371,08:52:00,08:52:10,stop_point:SP_474,Sports Universitaires,32
2307371,08:53:00,08:53:10,stop_point:SP_1854,Naturopole,33
2307371,08:55:00,08:55:10,stop_point:SP_548,Ramonville,34
2307372,08:29:00,08:29:10,stop_point:SP_3200,Jolimont,1
2307372,08:32:00,08:32:10,stop_point:SP_91,Chaumière,2
2307372,08:32:00,08:32:10,stop_point:SP_2865,Heredia,3
2307372,08:34:00,08:34:10,stop_point:SP_1152,Soupetard Salonique,4
2307372,08:35:00,08:35:10,stop_point:SP_3402,Coquille,5
2307372,08:36:00,08:36:10,stop_point:SP_2952,Jean Chaubet,6
2307372,08:38:00,08:38:10,stop_point:SP_1352,Achiary,7
2307372,08:40:00,08:40:10,stop_point:SP_109,Av. Raymond Naves,8
2307372,08:41:00,08:41:10,stop_point:SP_2670,Lafilaire,9
2307372,08:42:00,08:42:10,stop_point:SP_1692,Limayrac,10
2307372,08:43:00,08:43:10,stop_point:SP_2496,Balansa,11
2307372,08:43:00,08:43:10,stop_point:SP_2997,Jacinthes,12
2307372,08:44:00,08:44:10,stop_point:SP_2665,Baroux,13
2307372,08:45:00,08:45:10,stop_point:SP_407,Firmis,14
2307372,08:46:00,08:46:10,stop_point:SP_3653,Pugens,15
2307372,08:47:00,08:47:10,stop_point:SP_1135,Mont Ventoux,16
2307372,08:48:00,08:48:10,stop_point:SP_1337,Allègre,17
2307372,08:49:00,08:49:10,stop_point:SP_487,Ledormeur,18
2307372,08:51:00,08:51:10,stop_point:SP_1385,Garin,19
2307372,08:52:00,08:52:10,stop_point:SP_1759,Tahiti,20
2307372,08:53:00,08:53:10,stop_point:SP_882,Bréguet,21
2307372,08:54:00,08:54:10,stop_point:SP_3083,Piste des Géants,22
2307372,08:55:00,08:55:10,stop_point:SP_5276,Gonin,23
2307372,08:56:00,08:56:10,stop_point:SP_4963,Armentières,24
2307372,08:58:00,08:58:10,stop_point:SP_3890,Védrines,25
2307372,08:59:00,08:59:10,stop_point:SP_2545,Rodier,26
2307372,09:00:00,09:00:10,stop_point:SP_2730,Clément Ader,27
2307372,09:03:00,09:03:10,stop_point:SP_2661,CNES- IAS,28
2307372,09:04:00,09:04:10,stop_point:SP_3799,ENAC,29
2307372,09:05:00,09:05:10,stop_point:SP_2792,LAAS,30
2307372,09:07:00,09:07:10,stop_point:SP_2607,Giordano Bruno,31
2307372,09:08:00,09:08:10,stop_point:SP_474,Sports Universitaires,32
2307372,09:09:00,09:09:10,stop_point:SP_1854,Naturopole,33
2307372,09:11:00,09:11:10,stop_point:SP_548,Ramonville,34
2307373,08:45:00,08:45:10,stop_point:SP_3200,Jolimont,1
2307373,08:48:00,08:48:10,stop_point:SP_91,Chaumière,2
2307373,08:48:00,08:48:10,stop_point:SP_2865,Heredia,3
2307373,08:50:00,08:50:10,stop_point:SP_1152,Soupetard Salonique,4
2307373,08:51:00,08:51:10,stop_point:SP_3402,Coquille,5
2307373,08:52:00,08:52:10,stop_point:SP_2952,Jean Chaubet,6
2307373,08:54:00,08:54:10,stop_point:SP_1352,Achiary,7
2307373,08:56:00,08:56:10,stop_point:SP_109,Av. Raymond Naves,8
2307373,08:57:00,08:57:10,stop_point:SP_2670,Lafilaire,9
2307373,08:58:00,08:58:10,stop_point:SP_1692,Limayrac,10
2307373,08:59:00,08:59:10,stop_point:SP_2496,Balansa,11
2307373,08:59:00,08:59:10,stop_point:SP_2997,Jacinthes,12
2307373,09:00:00,09:00:10,stop_point:SP_2665,Baroux,13
2307373,09:01:00,09:01:10,stop_point:SP_407,Firmis,14
2307373,09:02:00,09:02:10,stop_point:SP_3653,Pugens,15
2307373,09:03:00,09:03:10,stop_point:SP_1135,Mont Ventoux,16
2307373,09:04:00,09:04:10,stop_point:SP_1337,Allègre,17
2307373,09:05:00,09:05:10,stop_point:SP_487,Ledormeur,18
2307373,09:07:00,09:07:10,stop_point:SP_1385,Garin,19
2307373,09:08:00,09:08:10,stop_point:SP_1759,Tahiti,20
2307373,09:09:00,09:09:10,stop_point:SP_882,Bréguet,21
2307373,09:10:00,09:10:10,stop_point:SP_3083,Piste des Géants,22
2307373,09:11:00,09:11:10,stop_point:SP_5276,Gonin,23
2307373,09:12:00,09:12:10,stop_point:SP_4963,Armentières,24
2307373,09:13:00,09:13:10,stop_point:SP_3890,Védrines,25
2307373,09:14:00,09:14:10,stop_point:SP_2545,Rodier,26
2307373,09:15:00,09:15:10,stop_point:SP_2730,Clément Ader,27
2307373,09:18:00,09:18:10,stop_point:SP_2661,CNES- IAS,28
2307373,09:19:00,09:19:10,stop_point:SP_3799,ENAC,29
2307373,09:20:00,09:20:10,stop_point:SP_2792,LAAS,30
2307373,09:22:00,09:22:10,stop_point:SP_2607,Giordano Bruno,31
2307373,09:23:00,09:23:10,stop_point:SP_474,Sports Universitaires,32
2307373,09:24:00,09:24:10,stop_point:SP_1854,Naturopole,33
2307373,09:26:00,09:26:10,stop_point:SP_548,Ramonville,34
2307374,09:01:00,09:01:10,stop_point:SP_3200,Jolimont,1
2307374,09:04:00,09:04:10,stop_point:SP_91,Chaumière,2
2307374,09:04:00,09:04:10,stop_point:SP_2865,Heredia,3
2307374,09:06:00,09:06:10,stop_point:SP_1152,Soupetard Salonique,4
2307374,09:07:00,09:07:10,stop_point:SP_3402,Coquille,5
2307374,09:08:00,09:08:10,stop_point:SP_2952,Jean Chaubet,6
2307374,09:10:00,09:10:10,stop_point:SP_1352,Achiary,7
2307374,09:11:00,09:11:10,stop_point:SP_109,Av. Raymond Naves,8
2307374,09:12:00,09:12:10,stop_point:SP_2670,Lafilaire,9
2307374,09:13:00,09:13:10,stop_point:SP_1692,Limayrac,10
2307374,09:14:00,09:14:10,stop_point:SP_2496,Balansa,11
2307374,09:14:00,09:14:10,stop_point:SP_2997,Jacinthes,12
2307374,09:15:00,09:15:10,stop_point:SP_2665,Baroux,13
2307374,09:16:00,09:16:10,stop_point:SP_407,Firmis,14
2307374,09:17:00,09:17:10,stop_point:SP_3653,Pugens,15
2307374,09:17:00,09:17:10,stop_point:SP_1135,Mont Ventoux,16
2307374,09:18:00,09:18:10,stop_point:SP_1337,Allègre,17
2307374,09:19:00,09:19:10,stop_point:SP_487,Ledormeur,18
2307374,09:21:00,09:21:10,stop_point:SP_1385,Garin,19
2307374,09:22:00,09:22:10,stop_point:SP_1759,Tahiti,20
2307374,09:23:00,09:23:10,stop_point:SP_882,Bréguet,21
2307374,09:24:00,09:24:10,stop_point:SP_3083,Piste des Géants,22
2307374,09:25:00,09:25:10,stop_point:SP_5276,Gonin,23
2307374,09:26:00,09:26:10,stop_point:SP_4963,Armentières,24
2307374,09:27:00,09:27:10,stop_point:SP_3890,Védrines,25
2307374,09:28:00,09:28:10,stop_point:SP_2545,Rodier,26
2307374,09:29:00,09:29:10,stop_point:SP_2730,Clément Ader,27
2307374,09:32:00,09:32:10,stop_point:SP_2661,CNES- IAS,28
2307374,09:33:00,09:33:10,stop_point:SP_3799,ENAC,29
2307374,09:34:00,09:34:10,stop_point:SP_2792,LAAS,30
2307374,09:36:00,09:36:10,stop_point:SP_2607,Giordano Bruno,31
2307374,09:37:00,09:37:10,stop_point:SP_474,Sports Universitaires,32
2307374,09:38:00,09:38:10,stop_point:SP_1854,Naturopole,33
2307374,09:40:00,09:40:10,stop_point:SP_548,Ramonville,34
2307375,09:17:00,09:17:10,stop_point:SP_3200,Jolimont,1
2307375,09:20:00,09:20:10,stop_point:SP_91,Chaumière,2
2307375,09:20:00,09:20:10,stop_point:SP_2865,Heredia,3
2307375,09:22:00,09:22:10,stop_point:SP_1152,Soupetard Salonique,4
2307375,09:23:00,09:23:10,stop_point:SP_3402,Coquille,5
2307375,09:24:00,09:24:10,stop_point:SP_2952,Jean Chaubet,6
2307375,09:26:00,09:26:10,stop_point:SP_1352,Achiary,7
2307375,09:27:00,09:27:10,stop_point:SP_109,Av. Raymond Naves,8
2307375,09:28:00,09:28:10,stop_point:SP_2670,Lafilaire,9
2307375,09:29:00,09:29:10,stop_point:SP_1692,Limayrac,10
2307375,09:30:00,09:30:10,stop_point:SP_2496,Balansa,11
2307375,09:30:00,09:30:10,stop_point:SP_2997,Jacinthes,12
2307375,09:31:00,09:31:10,stop_point:SP_2665,Baroux,13
2307375,09:32:00,09:32:10,stop_point:SP_407,Firmis,14
2307375,09:33:00,09:33:10,stop_point:SP_3653,Pugens,15
2307375,09:33:00,09:33:10,stop_point:SP_1135,Mont Ventoux,16
2307375,09:34:00,09:34:10,stop_point:SP_1337,Allègre,17
2307375,09:35:00,09:35:10,stop_point:SP_487,Ledormeur,18
2307375,09:37:00,09:37:10,stop_point:SP_1385,Garin,19
2307375,09:38:00,09:38:10,stop_point:SP_1759,Tahiti,20
2307375,09:39:00,09:39:10,stop_point:SP_882,Bréguet,21
2307375,09:40:00,09:40:10,stop_point:SP_3083,Piste des Géants,22
2307375,09:41:00,09:41:10,stop_point:SP_5276,Gonin,23
2307375,09:42:00,09:42:10,stop_point:SP_4963,Armentières,24
2307375,09:43:00,09:43:10,stop_point:SP_3890,Védrines,25
2307375,09:44:00,09:44:10,stop_point:SP_2545,Rodier,26
2307375,09:45:00,09:45:10,stop_point:SP_2730,Clément Ader,27
2307375,09:48:00,09:48:10,stop_point:SP_2661,CNES- IAS,28
2307375,09:49:00,09:49:10,stop_point:SP_3799,ENAC,29
2307375,09:50:00,09:50:10,stop_point:SP_2792,LAAS,30
2307375,09:52:00,09:52:10,stop_point:SP_2607,Giordano Bruno,31
2307375,09:53:00,09:53:10,stop_point:SP_474,Sports Universitaires,32
2307375,09:54:00,09:54:10,stop_point:SP_1854,Naturopole,33
2307375,09:56:00,09:56:10,stop_point:SP_548,Ramonville,34
2307376,09:33:00,09:33:10,stop_point:SP_3200,Jolimont,1
2307376,09:35:00,09:35:10,stop_point:SP_91,Chaumière,2
2307376,09:36:00,09:36:10,stop_point:SP_2865,Heredia,3
2307376,09:37:00,09:37:10,stop_point:SP_1152,Soupetard Salonique,4
2307376,09:38:00,09:38:10,stop_point:SP_3402,Coquille,5
2307376,09:39:00,09:39:10,stop_point:SP_2952,Jean Chaubet,6
2307376,09:41:00,09:41:10,stop_point:SP_1352,Achiary,7
2307376,09:42:00,09:42:10,stop_point:SP_109,Av. Raymond Naves,8
2307376,09:43:00,09:43:10,stop_point:SP_2670,Lafilaire,9
2307376,09:44:00,09:44:10,stop_point:SP_1692,Limayrac,10
2307376,09:45:00,09:45:10,stop_point:SP_2496,Balansa,11
2307376,09:45:00,09:45:10,stop_point:SP_2997,Jacinthes,12
2307376,09:46:00,09:46:10,stop_point:SP_2665,Baroux,13
2307376,09:47:00,09:47:10,stop_point:SP_407,Firmis,14
2307376,09:48:00,09:48:10,stop_point:SP_3653,Pugens,15
2307376,09:48:00,09:48:10,stop_point:SP_1135,Mont Ventoux,16
2307376,09:49:00,09:49:10,stop_point:SP_1337,Allègre,17
2307376,09:50:00,09:50:10,stop_point:SP_487,Ledormeur,18
2307376,09:51:00,09:51:10,stop_point:SP_1385,Garin,19
2307376,09:52:00,09:52:10,stop_point:SP_1759,Tahiti,20
2307376,09:53:00,09:53:10,stop_point:SP_882,Bréguet,21
2307376,09:54:00,09:54:10,stop_point:SP_3083,Piste des Géants,22
2307376,09:55:00,09:55:10,stop_point:SP_5276,Gonin,23
2307376,09:56:00,09:56:10,stop_point:SP_4963,Armentières,24
2307376,09:57:00,09:57:10,stop_point:SP_3890,Védrines,25
2307376,09:58:00,09:58:10,stop_point:SP_2545,Rodier,26
2307376,09:59:00,09:59:10,stop_point:SP_2730,Clément Ader,27
2307376,10:02:00,10:02:10,stop_point:SP_2661,CNES- IAS,28
2307376,10:03:00,10:03:10,stop_point:SP_3799,ENAC,29
2307376,10:04:00,10:04:10,stop_point:SP_2792,LAAS,30
2307376,10:06:00,10:06:10,stop_point:SP_2607,Giordano Bruno,31
2307376,10:07:00,10:07:10,stop_point:SP_474,Sports Universitaires,32
2307376,10:08:00,10:08:10,stop_point:SP_1854,Naturopole,33
2307376,10:10:00,10:10:10,stop_point:SP_548,Ramonville,34
2307377,09:49:00,09:49:10,stop_point:SP_3200,Jolimont,1
2307377,09:51:00,09:51:10,stop_point:SP_91,Chaumière,2
2307377,09:52:00,09:52:10,stop_point:SP_2865,Heredia,3
2307377,09:53:00,09:53:10,stop_point:SP_1152,Soupetard Salonique,4
2307377,09:54:00,09:54:10,stop_point:SP_3402,Coquille,5
2307377,09:55:00,09:55:10,stop_point:SP_2952,Jean Chaubet,6
2307377,09:57:00,09:57:10,stop_point:SP_1352,Achiary,7
2307377,09:58:00,09:58:10,stop_point:SP_109,Av. Raymond Naves,8
2307377,09:59:00,09:59:10,stop_point:SP_2670,Lafilaire,9
2307377,10:00:00,10:00:10,stop_point:SP_1692,Limayrac,10
2307377,10:01:00,10:01:10,stop_point:SP_2496,Balansa,11
2307377,10:01:00,10:01:10,stop_point:SP_2997,Jacinthes,12
2307377,10:02:00,10:02:10,stop_point:SP_2665,Baroux,13
2307377,10:03:00,10:03:10,stop_point:SP_407,Firmis,14
2307377,10:04:00,10:04:10,stop_point:SP_3653,Pugens,15
2307377,10:04:00,10:04:10,stop_point:SP_1135,Mont Ventoux,16
2307377,10:05:00,10:05:10,stop_point:SP_1337,Allègre,17
2307377,10:06:00,10:06:10,stop_point:SP_487,Ledormeur,18
2307377,10:07:00,10:07:10,stop_point:SP_1385,Garin,19
2307377,10:08:00,10:08:10,stop_point:SP_1759,Tahiti,20
2307377,10:09:00,10:09:10,stop_point:SP_882,Bréguet,21
2307377,10:10:00,10:10:10,stop_point:SP_3083,Piste des Géants,22
2307377,10:11:00,10:11:10,stop_point:SP_5276,Gonin,23
2307377,10:12:00,10:12:10,stop_point:SP_4963,Armentières,24
2307377,10:13:00,10:13:10,stop_point:SP_3890,Védrines,25
2307377,10:14:00,10:14:10,stop_point:SP_2545,Rodier,26
2307377,10:15:00,10:15:10,stop_point:SP_2730,Clément Ader,27
2307377,10:18:00,10:18:10,stop_point:SP_2661,CNES- IAS,28
2307377,10:19:00,10:19:10,stop_point:SP_3799,ENAC,29
2307377,10:20:00,10:20:10,stop_point:SP_2792,LAAS,30
2307377,10:22:00,10:22:10,stop_point:SP_2607,Giordano Bruno,31
2307377,10:23:00,10:23:10,stop_point:SP_474,Sports Universitaires,32
2307377,10:24:00,10:24:10,stop_point:SP_1854,Naturopole,33
2307377,10:26:00,10:26:10,stop_point:SP_548,Ramonville,34
2307378,10:07:00,10:07:10,stop_point:SP_3200,Jolimont,1
2307378,10:09:00,10:09:10,stop_point:SP_91,Chaumière,2
2307378,10:10:00,10:10:10,stop_point:SP_2865,Heredia,3
2307378,10:11:00,10:11:10,stop_point:SP_1152,Soupetard Salonique,4
2307378,10:12:00,10:12:10,stop_point:SP_3402,Coquille,5
2307378,10:13:00,10:13:10,stop_point:SP_2952,Jean Chaubet,6
2307378,10:15:00,10:15:10,stop_point:SP_1352,Achiary,7
2307378,10:16:00,10:16:10,stop_point:SP_109,Av. Raymond Naves,8
2307378,10:17:00,10:17:10,stop_point:SP_2670,Lafilaire,9
2307378,10:18:00,10:18:10,stop_point:SP_1692,Limayrac,10
2307378,10:19:00,10:19:10,stop_point:SP_2496,Balansa,11
2307378,10:19:00,10:19:10,stop_point:SP_2997,Jacinthes,12
2307378,10:20:00,10:20:10,stop_point:SP_2665,Baroux,13
2307378,10:21:00,10:21:10,stop_point:SP_407,Firmis,14
2307378,10:22:00,10:22:10,stop_point:SP_3653,Pugens,15
2307378,10:22:00,10:22:10,stop_point:SP_1135,Mont Ventoux,16
2307378,10:23:00,10:23:10,stop_point:SP_1337,Allègre,17
2307378,10:24:00,10:24:10,stop_point:SP_487,Ledormeur,18
2307378,10:25:00,10:25:10,stop_point:SP_1385,Garin,19
2307378,10:26:00,10:26:10,stop_point:SP_1759,Tahiti,20
2307378,10:27:00,10:27:10,stop_point:SP_882,Bréguet,21
2307378,10:28:00,10:28:10,stop_point:SP_3083,Piste des Géants,22
2307378,10:29:00,10:29:10,stop_point:SP_5276,Gonin,23
2307378,10:30:00,10:30:10,stop_point:SP_4963,Armentières,24
2307378,10:31:00,10:31:10,stop_point:SP_3890,Védrines,25
2307378,10:32:00,10:32:10,stop_point:SP_2545,Rodier,26
2307378,10:33:00,10:33:10,stop_point:SP_2730,Clément Ader,27
2307378,10:36:00,10:36:10,stop_point:SP_2661,CNES- IAS,28
2307378,10:37:00,10:37:10,stop_point:SP_3799,ENAC,29
2307378,10:38:00,10:38:10,stop_point:SP_2792,LAAS,30
2307378,10:40:00,10:40:10,stop_point:SP_2607,Giordano Bruno,31
2307378,10:41:00,10:41:10,stop_point:SP_474,Sports Universitaires,32
2307378,10:42:00,10:42:10,stop_point:SP_1854,Naturopole,33
2307378,10:44:00,10:44:10,stop_point:SP_548,Ramonville,34
2307379,10:27:00,10:27:10,stop_point:SP_3200,Jolimont,1
2307379,10:29:00,10:29:10,stop_point:SP_91,Chaumière,2
2307379,10:30:00,10:30:10,stop_point:SP_2865,Heredia,3
2307379,10:31:00,10:31:10,stop_point:SP_1152,Soupetard Salonique,4
2307379,10:32:00,10:32:10,stop_point:SP_3402,Coquille,5
2307379,10:33:00,10:33:10,stop_point:SP_2952,Jean Chaubet,6
2307379,10:35:00,10:35:10,stop_point:SP_1352,Achiary,7
2307379,10:36:00,10:36:10,stop_point:SP_109,Av. Raymond Naves,8
2307379,10:37:00,10:37:10,stop_point:SP_2670,Lafilaire,9
2307379,10:38:00,10:38:10,stop_point:SP_1692,Limayrac,10
2307379,10:39:00,10:39:10,stop_point:SP_2496,Balansa,11
2307379,10:39:00,10:39:10,stop_point:SP_2997,Jacinthes,12
2307379,10:40:00,10:40:10,stop_point:SP_2665,Baroux,13
2307379,10:41:00,10:41:10,stop_point:SP_407,Firmis,14
2307379,10:42:00,10:42:10,stop_point:SP_3653,Pugens,15
2307379,10:42:00,10:42:10,stop_point:SP_1135,Mont Ventoux,16
2307379,10:43:00,10:43:10,stop_point:SP_1337,Allègre,17
2307379,10:44:00,10:44:10,stop_point:SP_487,Ledormeur,18
2307379,10:45:00,10:45:10,stop_point:SP_1385,Garin,19
2307379,10:46:00,10:46:10,stop_point:SP_1759,Tahiti,20
2307379,10:47:00,10:47:10,stop_point:SP_882,Bréguet,21
2307379,10:48:00,10:48:10,stop_point:SP_3083,Piste des Géants,22
2307379,10:49:00,10:49:10,stop_point:SP_5276,Gonin,23
2307379,10:50:00,10:50:10,stop_point:SP_4963,Armentières,24
2307379,10:51:00,10:51:10,stop_point:SP_3890,Védrines,25
2307379,10:52:00,10:52:10,stop_point:SP_2545,Rodier,26
2307379,10:53:00,10:53:10,stop_point:SP_2730,Clément Ader,27
2307379,10:56:00,10:56:10,stop_point:SP_2661,CNES- IAS,28
2307379,10:57:00,10:57:10,stop_point:SP_3799,ENAC,29
2307379,10:58:00,10:58:10,stop_point:SP_2792,LAAS,30
2307379,11:00:00,11:00:10,stop_point:SP_2607,Giordano Bruno,31
2307379,11:01:00,11:01:10,stop_point:SP_474,Sports Universitaires,32
2307379,11:02:00,11:02:10,stop_point:SP_1854,Naturopole,33
2307379,11:04:00,11:04:10,stop_point:SP_548,Ramonville,34
2307380,10:47:00,10:47:10,stop_point:SP_3200,Jolimont,1
2307380,10:49:00,10:49:10,stop_point:SP_91,Chaumière,2
2307380,10:50:00,10:50:10,stop_point:SP_2865,Heredia,3
2307380,10:51:00,10:51:10,stop_point:SP_1152,Soupetard Salonique,4
2307380,10:52:00,10:52:10,stop_point:SP_3402,Coquille,5
2307380,10:53:00,10:53:10,stop_point:SP_2952,Jean Chaubet,6
2307380,10:55:00,10:55:10,stop_point:SP_1352,Achiary,7
2307380,10:56:00,10:56:10,stop_point:SP_109,Av. Raymond Naves,8
2307380,10:57:00,10:57:10,stop_point:SP_2670,Lafilaire,9
2307380,10:58:00,10:58:10,stop_point:SP_1692,Limayrac,10
2307380,10:59:00,10:59:10,stop_point:SP_2496,Balansa,11
2307380,10:59:00,10:59:10,stop_point:SP_2997,Jacinthes,12
2307380,11:00:00,11:00:10,stop_point:SP_2665,Baroux,13
2307380,11:01:00,11:01:10,stop_point:SP_407,Firmis,14
2307380,11:02:00,11:02:10,stop_point:SP_3653,Pugens,15
2307380,11:02:00,11:02:10,stop_point:SP_1135,Mont Ventoux,16
2307380,11:03:00,11:03:10,stop_point:SP_1337,Allègre,17
2307380,11:04:00,11:04:10,stop_point:SP_487,Ledormeur,18
2307380,11:05:00,11:05:10,stop_point:SP_1385,Garin,19
2307380,11:06:00,11:06:10,stop_point:SP_1759,Tahiti,20
2307380,11:07:00,11:07:10,stop_point:SP_882,Bréguet,21
2307380,11:08:00,11:08:10,stop_point:SP_3083,Piste des Géants,22
2307380,11:09:00,11:09:10,stop_point:SP_5276,Gonin,23
2307380,11:10:00,11:10:10,stop_point:SP_4963,Armentières,24
2307380,11:11:00,11:11:10,stop_point:SP_3890,Védrines,25
2307380,11:12:00,11:12:10,stop_point:SP_2545,Rodier,26
2307380,11:13:00,11:13:10,stop_point:SP_2730,Clément Ader,27
2307380,11:16:00,11:16:10,stop_point:SP_2661,CNES- IAS,28
2307380,11:17:00,11:17:10,stop_point:SP_3799,ENAC,29
2307380,11:18:00,11:18:10,stop_point:SP_2792,LAAS,30
2307380,11:20:00,11:20:10,stop_point:SP_2607,Giordano Bruno,31
2307380,11:21:00,11:21:10,stop_point:SP_474,Sports Universitaires,32
2307380,11:22:00,11:22:10,stop_point:SP_1854,Naturopole,33
2307380,11:24:00,11:24:10,stop_point:SP_548,Ramonville,34
2307381,11:07:00,11:07:10,stop_point:SP_3200,Jolimont,1
2307381,11:09:00,11:09:10,stop_point:SP_91,Chaumière,2
2307381,11:10:00,11:10:10,stop_point:SP_2865,Heredia,3
2307381,11:11:00,11:11:10,stop_point:SP_1152,Soupetard Salonique,4
2307381,11:12:00,11:12:10,stop_point:SP_3402,Coquille,5
2307381,11:13:00,11:13:10,stop_point:SP_2952,Jean Chaubet,6
2307381,11:15:00,11:15:10,stop_point:SP_1352,Achiary,7
2307381,11:16:00,11:16:10,stop_point:SP_109,Av. Raymond Naves,8
2307381,11:17:00,11:17:10,stop_point:SP_2670,Lafilaire,9
2307381,11:18:00,11:18:10,stop_point:SP_1692,Limayrac,10
2307381,11:19:00,11:19:10,stop_point:SP_2496,Balansa,11
2307381,11:19:00,11:19:10,stop_point:SP_2997,Jacinthes,12
2307381,11:20:00,11:20:10,stop_point:SP_2665,Baroux,13
2307381,11:21:00,11:21:10,stop_point:SP_407,Firmis,14
2307381,11:22:00,11:22:10,stop_point:SP_3653,Pugens,15
2307381,11:22:00,11:22:10,stop_point:SP_1135,Mont Ventoux,16
2307381,11:23:00,11:23:10,stop_point:SP_1337,Allègre,17
2307381,11:24:00,11:24:10,stop_point:SP_487,Ledormeur,18
2307381,11:25:00,11:25:10,stop_point:SP_1385,Garin,19
2307381,11:26:00,11:26:10,stop_point:SP_1759,Tahiti,20
2307381,11:27:00,11:27:10,stop_point:SP_882,Bréguet,21
2307381,11:28:00,11:28:10,stop_point:SP_3083,Piste des Géants,22
2307381,11:29:00,11:29:10,stop_point:SP_5276,Gonin,23
2307381,11:30:00,11:30:10,stop_point:SP_4963,Armentières,24
2307381,11:31:00,11:31:10,stop_point:SP_3890,Védrines,25
2307381,11:32:00,11:32:10,stop_point:SP_2545,Rodier,26
2307381,11:33:00,11:33:10,stop_point:SP_2730,Clément Ader,27
2307381,11:36:00,11:36:10,stop_point:SP_2661,CNES- IAS,28
2307381,11:37:00,11:37:10,stop_point:SP_3799,ENAC,29
2307381,11:38:00,11:38:10,stop_point:SP_2792,LAAS,30
2307381,11:40:00,11:40:10,stop_point:SP_2607,Giordano Bruno,31
2307381,11:41:00,11:41:10,stop_point:SP_474,Sports Universitaires,32
2307381,11:42:00,11:42:10,stop_point:SP_1854,Naturopole,33
2307381,11:44:00,11:44:10,stop_point:SP_548,Ramonville,34
2307382,11:27:00,11:27:10,stop_point:SP_3200,Jolimont,1
2307382,11:29:00,11:29:10,stop_point:SP_91,Chaumière,2
2307382,11:30:00,11:30:10,stop_point:SP_2865,Heredia,3
2307382,11:31:00,11:31:10,stop_point:SP_1152,Soupetard Salonique,4
2307382,11:32:00,11:32:10,stop_point:SP_3402,Coquille,5
2307382,11:33:00,11:33:10,stop_point:SP_2952,Jean Chaubet,6
2307382,11:35:00,11:35:10,stop_point:SP_1352,Achiary,7
2307382,11:36:00,11:36:10,stop_point:SP_109,Av. Raymond Naves,8
2307382,11:37:00,11:37:10,stop_point:SP_2670,Lafilaire,9
2307382,11:38:00,11:38:10,stop_point:SP_1692,Limayrac,10
2307382,11:39:00,11:39:10,stop_point:SP_2496,Balansa,11
2307382,11:39:00,11:39:10,stop_point:SP_2997,Jacinthes,12
2307382,11:40:00,11:40:10,stop_point:SP_2665,Baroux,13
2307382,11:41:00,11:41:10,stop_point:SP_407,Firmis,14
2307382,11:42:00,11:42:10,stop_point:SP_3653,Pugens,15
2307382,11:42:00,11:42:10,stop_point:SP_1135,Mont Ventoux,16
2307382,11:43:00,11:43:10,stop_point:SP_1337,Allègre,17
2307382,11:44:00,11:44:10,stop_point:SP_487,Ledormeur,18
2307382,11:45:00,11:45:10,stop_point:SP_1385,Garin,19
2307382,11:46:00,11:46:10,stop_point:SP_1759,Tahiti,20
2307382,11:47:00,11:47:10,stop_point:SP_882,Bréguet,21
2307382,11:48:00,11:48:10,stop_point:SP_3083,Piste des Géants,22
2307382,11:49:00,11:49:10,stop_point:SP_5276,Gonin,23
2307382,11:50:00,11:50:10,stop_point:SP_4963,Armentières,24
2307382,11:51:00,11:51:10,stop_point:SP_3890,Védrines,25
2307382,11:52:00,11:52:10,stop_point:SP_2545,Rodier,26
2307382,11:53:00,11:53:10,stop_point:SP_2730,Clément Ader,27
2307382,11:56:00,11:56:10,stop_point:SP_2661,CNES- IAS,28
2307382,11:57:00,11:57:10,stop_point:SP_3799,ENAC,29
2307382,11:58:00,11:58:10,stop_point:SP_2792,LAAS,30
2307382,12:00:00,12:00:10,stop_point:SP_2607,Giordano Bruno,31
2307382,12:01:00,12:01:10,stop_point:SP_474,Sports Universitaires,32
2307382,12:02:00,12:02:10,stop_point:SP_1854,Naturopole,33
2307382,12:04:00,12:04:10,stop_point:SP_548,Ramonville,34
2307383,11:47:00,11:47:10,stop_point:SP_3200,Jolimont,1
2307383,11:49:00,11:49:10,stop_point:SP_91,Chaumière,2
2307383,11:50:00,11:50:10,stop_point:SP_2865,Heredia,3
2307383,11:51:00,11:51:10,stop_point:SP_1152,Soupetard Salonique,4
2307383,11:52:00,11:52:10,stop_point:SP_3402,Coquille,5
2307383,11:53:00,11:53:10,stop_point:SP_2952,Jean Chaubet,6
2307383,11:55:00,11:55:10,stop_point:SP_1352,Achiary,7
2307383,11:56:00,11:56:10,stop_point:SP_109,Av. Raymond Naves,8
2307383,11:57:00,11:57:10,stop_point:SP_2670,Lafilaire,9
2307383,11:58:00,11:58:10,stop_point:SP_1692,Limayrac,10
2307383,11:59:00,11:59:10,stop_point:SP_2496,Balansa,11
2307383,11:59:00,11:59:10,stop_point:SP_2997,Jacinthes,12
2307383,12:00:00,12:00:10,stop_point:SP_2665,Baroux,13
2307383,12:01:00,12:01:10,stop_point:SP_407,Firmis,14
2307383,12:02:00,12:02:10,stop_point:SP_3653,Pugens,15
2307383,12:02:00,12:02:10,stop_point:SP_1135,Mont Ventoux,16
2307383,12:03:00,12:03:10,stop_point:SP_1337,Allègre,17
2307383,12:04:00,12:04:10,stop_point:SP_487,Ledormeur,18
2307383,12:05:00,12:05:10,stop_point:SP_1385,Garin,19
2307383,12:06:00,12:06:10,stop_point:SP_1759,Tahiti,20
2307383,12:07:00,12:07:10,stop_point:SP_882,Bréguet,21
2307383,12:08:00,12:08:10,stop_point:SP_3083,Piste des Géants,22
2307383,12:09:00,12:09:10,stop_point:SP_5276,Gonin,23
2307383,12:10:00,12:10:10,stop_point:SP_4963,Armentières,24
2307383,12:11:00,12:11:10,stop_point:SP_3890,Védrines,25
2307383,12:12:00,12:12:10,stop_point:SP_2545,Rodier,26
2307383,12:13:00,12:13:10,stop_point:SP_2730,Clément Ader,27
2307383,12:16:00,12:16:10,stop_point:SP_2661,CNES- IAS,28
2307383,12:17:00,12:17:10,stop_point:SP_3799,ENAC,29
2307383,12:18:00,12:18:10,stop_point:SP_2792,LAAS,30
2307383,12:20:00,12:20:10,stop_point:SP_2607,Giordano Bruno,31
2307383,12:21:00,12:21:10,stop_point:SP_474,Sports Universitaires,32
2307383,12:22:00,12:22:10,stop_point:SP_1854,Naturopole,33
2307383,12:24:00,12:24:10,stop_point:SP_548,Ramonville,34
2307384,12:05:00,12:05:10,stop_point:SP_3200,Jolimont,1
2307384,12:07:00,12:07:10,stop_point:SP_91,Chaumière,2
2307384,12:08:00,12:08:10,stop_point:SP_2865,Heredia,3
2307384,12:09:00,12:09:10,stop_point:SP_1152,Soupetard Salonique,4
2307384,12:10:00,12:10:10,stop_point:SP_3402,Coquille,5
2307384,12:11:00,12:11:10,stop_point:SP_2952,Jean Chaubet,6
2307384,12:13:00,12:13:10,stop_point:SP_1352,Achiary,7
2307384,12:14:00,12:14:10,stop_point:SP_109,Av. Raymond Naves,8
2307384,12:15:00,12:15:10,stop_point:SP_2670,Lafilaire,9
2307384,12:16:00,12:16:10,stop_point:SP_1692,Limayrac,10
2307384,12:17:00,12:17:10,stop_point:SP_2496,Balansa,11
2307384,12:17:00,12:17:10,stop_point:SP_2997,Jacinthes,12
2307384,12:18:00,12:18:10,stop_point:SP_2665,Baroux,13
2307384,12:19:00,12:19:10,stop_point:SP_407,Firmis,14
2307384,12:20:00,12:20:10,stop_point:SP_3653,Pugens,15
2307384,12:20:00,12:20:10,stop_point:SP_1135,Mont Ventoux,16
2307384,12:21:00,12:21:10,stop_point:SP_1337,Allègre,17
2307384,12:22:00,12:22:10,stop_point:SP_487,Ledormeur,18
2307384,12:23:00,12:23:10,stop_point:SP_1385,Garin,19
2307384,12:24:00,12:24:10,stop_point:SP_1759,Tahiti,20
2307384,12:25:00,12:25:10,stop_point:SP_882,Bréguet,21
2307384,12:26:00,12:26:10,stop_point:SP_3083,Piste des Géants,22
2307384,12:27:00,12:27:10,stop_point:SP_5276,Gonin,23
2307384,12:28:00,12:28:10,stop_point:SP_4963,Armentières,24
2307384,12:29:00,12:29:10,stop_point:SP_3890,Védrines,25
2307384,12:30:00,12:30:10,stop_point:SP_2545,Rodier,26
2307384,12:31:00,12:31:10,stop_point:SP_2730,Clément Ader,27
2307384,12:34:00,12:34:10,stop_point:SP_2661,CNES- IAS,28
2307384,12:35:00,12:35:10,stop_point:SP_3799,ENAC,29
2307384,12:36:00,12:36:10,stop_point:SP_2792,LAAS,30
2307384,12:38:00,12:38:10,stop_point:SP_2607,Giordano Bruno,31
2307384,12:39:00,12:39:10,stop_point:SP_474,Sports Universitaires,32
2307384,12:40:00,12:40:10,stop_point:SP_1854,Naturopole,33
2307384,12:42:00,12:42:10,stop_point:SP_548,Ramonville,34
2307385,12:25:00,12:25:10,stop_point:SP_3200,Jolimont,1
2307385,12:27:00,12:27:10,stop_point:SP_91,Chaumière,2
2307385,12:28:00,12:28:10,stop_point:SP_2865,Heredia,3
2307385,12:29:00,12:29:10,stop_point:SP_1152,Soupetard Salonique,4
2307385,12:30:00,12:30:10,stop_point:SP_3402,Coquille,5
2307385,12:31:00,12:31:10,stop_point:SP_2952,Jean Chaubet,6
2307385,12:33:00,12:33:10,stop_point:SP_1352,Achiary,7
2307385,12:34:00,12:34:10,stop_point:SP_109,Av. Raymond Naves,8
2307385,12:35:00,12:35:10,stop_point:SP_2670,Lafilaire,9
2307385,12:36:00,12:36:10,stop_point:SP_1692,Limayrac,10
2307385,12:37:00,12:37:10,stop_point:SP_2496,Balansa,11
2307385,12:37:00,12:37:10,stop_point:SP_2997,Jacinthes,12
2307385,12:38:00,12:38:10,stop_point:SP_2665,Baroux,13
2307385,12:39:00,12:39:10,stop_point:SP_407,Firmis,14
2307385,12:40:00,12:40:10,stop_point:SP_3653,Pugens,15
2307385,12:40:00,12:40:10,stop_point:SP_1135,Mont Ventoux,16
2307385,12:41:00,12:41:10,stop_point:SP_1337,Allègre,17
2307385,12:42:00,12:42:10,stop_point:SP_487,Ledormeur,18
2307385,12:43:00,12:43:10,stop_point:SP_1385,Garin,19
2307385,12:44:00,12:44:10,stop_point:SP_1759,Tahiti,20
2307385,12:45:00,12:45:10,stop_point:SP_882,Bréguet,21
2307385,12:46:00,12:46:10,stop_point:SP_3083,Piste des Géants,22
2307385,12:47:00,12:47:10,stop_point:SP_5276,Gonin,23
2307385,12:48:00,12:48:10,stop_point:SP_4963,Armentières,24
2307385,12:49:00,12:49:10,stop_point:SP_3890,Védrines,25
2307385,12:50:00,12:50:10,stop_point:SP_2545,Rodier,26
2307385,12:51:00,12:51:10,stop_point:SP_2730,Clément Ader,27
2307385,12:54:00,12:54:10,stop_point:SP_2661,CNES- IAS,28
2307385,12:55:00,12:55:10,stop_point:SP_3799,ENAC,29
2307385,12:56:00,12:56:10,stop_point:SP_2792,LAAS,30
2307385,12:58:00,12:58:10,stop_point:SP_2607,Giordano Bruno,31
2307385,12:59:00,12:59:10,stop_point:SP_474,Sports Universitaires,32
2307385,13:00:00,13:00:10,stop_point:SP_1854,Naturopole,33
2307385,13:02:00,13:02:10,stop_point:SP_548,Ramonville,34
2307386,12:45:00,12:45:10,stop_point:SP_3200,Jolimont,1
2307386,12:47:00,12:47:10,stop_point:SP_91,Chaumière,2
2307386,12:48:00,12:48:10,stop_point:SP_2865,Heredia,3
2307386,12:49:00,12:49:10,stop_point:SP_1152,Soupetard Salonique,4
2307386,12:50:00,12:50:10,stop_point:SP_3402,Coquille,5
2307386,12:51:00,12:51:10,stop_point:SP_2952,Jean Chaubet,6
2307386,12:53:00,12:53:10,stop_point:SP_1352,Achiary,7
2307386,12:54:00,12:54:10,stop_point:SP_109,Av. Raymond Naves,8
2307386,12:55:00,12:55:10,stop_point:SP_2670,Lafilaire,9
2307386,12:56:00,12:56:10,stop_point:SP_1692,Limayrac,10
2307386,12:57:00,12:57:10,stop_point:SP_2496,Balansa,11
2307386,12:57:00,12:57:10,stop_point:SP_2997,Jacinthes,12
2307386,12:58:00,12:58:10,stop_point:SP_2665,Baroux,13
2307386,12:59:00,12:59:10,stop_point:SP_407,Firmis,14
2307386,13:00:00,13:00:10,stop_point:SP_3653,Pugens,15
2307386,13:00:00,13:00:10,stop_point:SP_1135,Mont Ventoux,16
2307386,13:01:00,13:01:10,stop_point:SP_1337,Allègre,17
2307386,13:02:00,13:02:10,stop_point:SP_487,Ledormeur,18
2307386,13:03:00,13:03:10,stop_point:SP_1385,Garin,19
2307386,13:04:00,13:04:10,stop_point:SP_1759,Tahiti,20
2307386,13:05:00,13:05:10,stop_point:SP_882,Bréguet,21
2307386,13:06:00,13:06:10,stop_point:SP_3083,Piste des Géants,22
2307386,13:07:00,13:07:10,stop_point:SP_5276,Gonin,23
2307386,13:08:00,13:08:10,stop_point:SP_4963,Armentières,24
2307386,13:09:00,13:09:10,stop_point:SP_3890,Védrines,25
2307386,13:10:00,13:10:10,stop_point:SP_2545,Rodier,26
2307386,13:11:00,13:11:10,stop_point:SP_2730,Clément Ader,27
2307386,13:14:00,13:14:10,stop_point:SP_2661,CNES- IAS,28
2307386,13:15:00,13:15:10,stop_point:SP_3799,ENAC,29
2307386,13:16:00,13:16:10,stop_point:SP_2792,LAAS,30
2307386,13:18:00,13:18:10,stop_point:SP_2607,Giordano Bruno,31
2307386,13:19:00,13:19:10,stop_point:SP_474,Sports Universitaires,32
2307386,13:20:00,13:20:10,stop_point:SP_1854,Naturopole,33
2307386,13:22:00,13:22:10,stop_point:SP_548,Ramonville,34
2307387,13:07:00,13:07:10,stop_point:SP_3200,Jolimont,1
2307387,13:09:00,13:09:10,stop_point:SP_91,Chaumière,2
2307387,13:10:00,13:10:10,stop_point:SP_2865,Heredia,3
2307387,13:11:00,13:11:10,stop_point:SP_1152,Soupetard Salonique,4
2307387,13:12:00,13:12:10,stop_point:SP_3402,Coquille,5
2307387,13:13:00,13:13:10,stop_point:SP_2952,Jean Chaubet,6
2307387,13:15:00,13:15:10,stop_point:SP_1352,Achiary,7
2307387,13:16:00,13:16:10,stop_point:SP_109,Av. Raymond Naves,8
2307387,13:17:00,13:17:10,stop_point:SP_2670,Lafilaire,9
2307387,13:18:00,13:18:10,stop_point:SP_1692,Limayrac,10
2307387,13:19:00,13:19:10,stop_point:SP_2496,Balansa,11
2307387,13:19:00,13:19:10,stop_point:SP_2997,Jacinthes,12
2307387,13:20:00,13:20:10,stop_point:SP_2665,Baroux,13
2307387,13:21:00,13:21:10,stop_point:SP_407,Firmis,14
2307387,13:22:00,13:22:10,stop_point:SP_3653,Pugens,15
2307387,13:22:00,13:22:10,stop_point:SP_1135,Mont Ventoux,16
2307387,13:23:00,13:23:10,stop_point:SP_1337,Allègre,17
2307387,13:24:00,13:24:10,stop_point:SP_487,Ledormeur,18
2307387,13:25:00,13:25:10,stop_point:SP_1385,Garin,19
2307387,13:26:00,13:26:10,stop_point:SP_1759,Tahiti,20
2307387,13:27:00,13:27:10,stop_point:SP_882,Bréguet,21
2307387,13:28:00,13:28:10,stop_point:SP_3083,Piste des Géants,22
2307387,13:29:00,13:29:10,stop_point:SP_5276,Gonin,23
2307387,13:30:00,13:30:10,stop_point:SP_4963,Armentières,24
2307387,13:31:00,13:31:10,stop_point:SP_3890,Védrines,25
2307387,13:32:00,13:32:10,stop_point:SP_2545,Rodier,26
2307387,13:33:00,13:33:10,stop_point:SP_2730,Clément Ader,27
2307387,13:36:00,13:36:10,stop_point:SP_2661,CNES- IAS,28
2307387,13:37:00,13:37:10,stop_point:SP_3799,ENAC,29
2307387,13:38:00,13:38:10,stop_point:SP_2792,LAAS,30
2307387,13:40:00,13:40:10,stop_point:SP_2607,Giordano Bruno,31
2307387,13:41:00,13:41:10,stop_point:SP_474,Sports Universitaires,32
2307387,13:42:00,13:42:10,stop_point:SP_1854,Naturopole,33
2307387,13:44:00,13:44:10,stop_point:SP_548,Ramonville,34
2307388,13:29:00,13:29:10,stop_point:SP_3200,Jolimont,1
2307388,13:31:00,13:31:10,stop_point:SP_91,Chaumière,2
2307388,13:32:00,13:32:10,stop_point:SP_2865,Heredia,3
2307388,13:33:00,13:33:10,stop_point:SP_1152,Soupetard Salonique,4
2307388,13:34:00,13:34:10,stop_point:SP_3402,Coquille,5
2307388,13:35:00,13:35:10,stop_point:SP_2952,Jean Chaubet,6
2307388,13:37:00,13:37:10,stop_point:SP_1352,Achiary,7
2307388,13:38:00,13:38:10,stop_point:SP_109,Av. Raymond Naves,8
2307388,13:39:00,13:39:10,stop_point:SP_2670,Lafilaire,9
2307388,13:40:00,13:40:10,stop_point:SP_1692,Limayrac,10
2307388,13:41:00,13:41:10,stop_point:SP_2496,Balansa,11
2307388,13:41:00,13:41:10,stop_point:SP_2997,Jacinthes,12
2307388,13:42:00,13:42:10,stop_point:SP_2665,Baroux,13
2307388,13:43:00,13:43:10,stop_point:SP_407,Firmis,14
2307388,13:44:00,13:44:10,stop_point:SP_3653,Pugens,15
2307388,13:44:00,13:44:10,stop_point:SP_1135,Mont Ventoux,16
2307388,13:45:00,13:45:10,stop_point:SP_1337,Allègre,17
2307388,13:46:00,13:46:10,stop_point:SP_487,Ledormeur,18
2307388,13:47:00,13:47:10,stop_point:SP_1385,Garin,19
2307388,13:48:00,13:48:10,stop_point:SP_1759,Tahiti,20
2307388,13:49:00,13:49:10,stop_point:SP_882,Bréguet,21
2307388,13:50:00,13:50:10,stop_point:SP_3083,Piste des Géants,22
2307388,13:51:00,13:51:10,stop_point:SP_5276,Gonin,23
2307388,13:52:00,13:52:10,stop_point:SP_4963,Armentières,24
2307388,13:53:00,13:53:10,stop_point:SP_3890,Védrines,25
2307388,13:54:00,13:54:10,stop_point:SP_2545,Rodier,26
2307388,13:55:00,13:55:10,stop_point:SP_2730,Clément Ader,27
2307388,13:58:00,13:58:10,stop_point:SP_2661,CNES- IAS,28
2307388,13:59:00,13:59:10,stop_point:SP_3799,ENAC,29
2307388,14:00:00,14:00:10,stop_point:SP_2792,LAAS,30
2307388,14:02:00,14:02:10,stop_point:SP_2607,Giordano Bruno,31
2307388,14:03:00,14:03:10,stop_point:SP_474,Sports Universitaires,32
2307388,14:04:00,14:04:10,stop_point:SP_1854,Naturopole,33
2307388,14:06:00,14:06:10,stop_point:SP_548,Ramonville,34
2307389,13:51:00,13:51:10,stop_point:SP_3200,Jolimont,1
2307389,13:53:00,13:53:10,stop_point:SP_91,Chaumière,2
2307389,13:54:00,13:54:10,stop_point:SP_2865,Heredia,3
2307389,13:55:00,13:55:10,stop_point:SP_1152,Soupetard Salonique,4
2307389,13:56:00,13:56:10,stop_point:SP_3402,Coquille,5
2307389,13:57:00,13:57:10,stop_point:SP_2952,Jean Chaubet,6
2307389,13:59:00,13:59:10,stop_point:SP_1352,Achiary,7
2307389,14:00:00,14:00:10,stop_point:SP_109,Av. Raymond Naves,8
2307389,14:01:00,14:01:10,stop_point:SP_2670,Lafilaire,9
2307389,14:02:00,14:02:10,stop_point:SP_1692,Limayrac,10
2307389,14:03:00,14:03:10,stop_point:SP_2496,Balansa,11
2307389,14:03:00,14:03:10,stop_point:SP_2997,Jacinthes,12
2307389,14:04:00,14:04:10,stop_point:SP_2665,Baroux,13
2307389,14:05:00,14:05:10,stop_point:SP_407,Firmis,14
2307389,14:06:00,14:06:10,stop_point:SP_3653,Pugens,15
2307389,14:06:00,14:06:10,stop_point:SP_1135,Mont Ventoux,16
2307389,14:07:00,14:07:10,stop_point:SP_1337,Allègre,17
2307389,14:08:00,14:08:10,stop_point:SP_487,Ledormeur,18
2307389,14:09:00,14:09:10,stop_point:SP_1385,Garin,19
2307389,14:10:00,14:10:10,stop_point:SP_1759,Tahiti,20
2307389,14:11:00,14:11:10,stop_point:SP_882,Bréguet,21
2307389,14:12:00,14:12:10,stop_point:SP_3083,Piste des Géants,22
2307389,14:13:00,14:13:10,stop_point:SP_5276,Gonin,23
2307389,14:14:00,14:14:10,stop_point:SP_4963,Armentières,24
2307389,14:15:00,14:15:10,stop_point:SP_3890,Védrines,25
2307389,14:16:00,14:16:10,stop_point:SP_2545,Rodier,26
2307389,14:17:00,14:17:10,stop_point:SP_2730,Clément Ader,27
2307389,14:20:00,14:20:10,stop_point:SP_2661,CNES- IAS,28
2307389,14:21:00,14:21:10,stop_point:SP_3799,ENAC,29
2307389,14:22:00,14:22:10,stop_point:SP_2792,LAAS,30
2307389,14:24:00,14:24:10,stop_point:SP_2607,Giordano Bruno,31
2307389,14:25:00,14:25:10,stop_point:SP_474,Sports Universitaires,32
2307389,14:26:00,14:26:10,stop_point:SP_1854,Naturopole,33
2307389,14:28:00,14:28:10,stop_point:SP_548,Ramonville,34
2307390,14:11:00,14:11:10,stop_point:SP_3200,Jolimont,1
2307390,14:13:00,14:13:10,stop_point:SP_91,Chaumière,2
2307390,14:14:00,14:14:10,stop_point:SP_2865,Heredia,3
2307390,14:15:00,14:15:10,stop_point:SP_1152,Soupetard Salonique,4
2307390,14:16:00,14:16:10,stop_point:SP_3402,Coquille,5
2307390,14:17:00,14:17:10,stop_point:SP_2952,Jean Chaubet,6
2307390,14:19:00,14:19:10,stop_point:SP_1352,Achiary,7
2307390,14:20:00,14:20:10,stop_point:SP_109,Av. Raymond Naves,8
2307390,14:21:00,14:21:10,stop_point:SP_2670,Lafilaire,9
2307390,14:22:00,14:22:10,stop_point:SP_1692,Limayrac,10
2307390,14:23:00,14:23:10,stop_point:SP_2496,Balansa,11
2307390,14:23:00,14:23:10,stop_point:SP_2997,Jacinthes,12
2307390,14:24:00,14:24:10,stop_point:SP_2665,Baroux,13
2307390,14:25:00,14:25:10,stop_point:SP_407,Firmis,14
2307390,14:26:00,14:26:10,stop_point:SP_3653,Pugens,15
2307390,14:26:00,14:26:10,stop_point:SP_1135,Mont Ventoux,16
2307390,14:27:00,14:27:10,stop_point:SP_1337,Allègre,17
2307390,14:28:00,14:28:10,stop_point:SP_487,Ledormeur,18
2307390,14:29:00,14:29:10,stop_point:SP_1385,Garin,19
2307390,14:30:00,14:30:10,stop_point:SP_1759,Tahiti,20
2307390,14:31:00,14:31:10,stop_point:SP_882,Bréguet,21
2307390,14:32:00,14:32:10,stop_point:SP_3083,Piste des Géants,22
2307390,14:33:00,14:33:10,stop_point:SP_5276,Gonin,23
2307390,14:34:00,14:34:10,stop_point:SP_4963,Armentières,24
2307390,14:35:00,14:35:10,stop_point:SP_3890,Védrines,25
2307390,14:36:00,14:36:10,stop_point:SP_2545,Rodier,26
2307390,14:37:00,14:37:10,stop_point:SP_2730,Clément Ader,27
2307390,14:40:00,14:40:10,stop_point:SP_2661,CNES- IAS,28
2307390,14:41:00,14:41:10,stop_point:SP_3799,ENAC,29
2307390,14:42:00,14:42:10,stop_point:SP_2792,LAAS,30
2307390,14:44:00,14:44:10,stop_point:SP_2607,Giordano Bruno,31
2307390,14:45:00,14:45:10,stop_point:SP_474,Sports Universitaires,32
2307390,14:46:00,14:46:10,stop_point:SP_1854,Naturopole,33
2307390,14:48:00,14:48:10,stop_point:SP_548,Ramonville,34
2307391,14:31:00,14:31:10,stop_point:SP_3200,Jolimont,1
2307391,14:33:00,14:33:10,stop_point:SP_91,Chaumière,2
2307391,14:34:00,14:34:10,stop_point:SP_2865,Heredia,3
2307391,14:35:00,14:35:10,stop_point:SP_1152,Soupetard Salonique,4
2307391,14:36:00,14:36:10,stop_point:SP_3402,Coquille,5
2307391,14:37:00,14:37:10,stop_point:SP_2952,Jean Chaubet,6
2307391,14:39:00,14:39:10,stop_point:SP_1352,Achiary,7
2307391,14:40:00,14:40:10,stop_point:SP_109,Av. Raymond Naves,8
2307391,14:41:00,14:41:10,stop_point:SP_2670,Lafilaire,9
2307391,14:42:00,14:42:10,stop_point:SP_1692,Limayrac,10
2307391,14:43:00,14:43:10,stop_point:SP_2496,Balansa,11
2307391,14:43:00,14:43:10,stop_point:SP_2997,Jacinthes,12
2307391,14:44:00,14:44:10,stop_point:SP_2665,Baroux,13
2307391,14:45:00,14:45:10,stop_point:SP_407,Firmis,14
2307391,14:46:00,14:46:10,stop_point:SP_3653,Pugens,15
2307391,14:46:00,14:46:10,stop_point:SP_1135,Mont Ventoux,16
2307391,14:47:00,14:47:10,stop_point:SP_1337,Allègre,17
2307391,14:48:00,14:48:10,stop_point:SP_487,Ledormeur,18
2307391,14:49:00,14:49:10,stop_point:SP_1385,Garin,19
2307391,14:50:00,14:50:10,stop_point:SP_1759,Tahiti,20
2307391,14:51:00,14:51:10,stop_point:SP_882,Bréguet,21
2307391,14:52:00,14:52:10,stop_point:SP_3083,Piste des Géants,22
2307391,14:53:00,14:53:10,stop_point:SP_5276,Gonin,23
2307391,14:54:00,14:54:10,stop_point:SP_4963,Armentières,24
2307391,14:55:00,14:55:10,stop_point:SP_3890,Védrines,25
2307391,14:56:00,14:56:10,stop_point:SP_2545,Rodier,26
2307391,14:57:00,14:57:10,stop_point:SP_2730,Clément Ader,27
2307391,15:00:00,15:00:10,stop_point:SP_2661,CNES- IAS,28
2307391,15:01:00,15:01:10,stop_point:SP_3799,ENAC,29
2307391,15:02:00,15:02:10,stop_point:SP_2792,LAAS,30
2307391,15:04:00,15:04:10,stop_point:SP_2607,Giordano Bruno,31
2307391,15:05:00,15:05:10,stop_point:SP_474,Sports Universitaires,32
2307391,15:06:00,15:06:10,stop_point:SP_1854,Naturopole,33
2307391,15:08:00,15:08:10,stop_point:SP_548,Ramonville,34
2307392,14:51:00,14:51:10,stop_point:SP_3200,Jolimont,1
2307392,14:53:00,14:53:10,stop_point:SP_91,Chaumière,2
2307392,14:54:00,14:54:10,stop_point:SP_2865,Heredia,3
2307392,14:55:00,14:55:10,stop_point:SP_1152,Soupetard Salonique,4
2307392,14:56:00,14:56:10,stop_point:SP_3402,Coquille,5
2307392,14:57:00,14:57:10,stop_point:SP_2952,Jean Chaubet,6
2307392,14:59:00,14:59:10,stop_point:SP_1352,Achiary,7
2307392,15:00:00,15:00:10,stop_point:SP_109,Av. Raymond Naves,8
2307392,15:01:00,15:01:10,stop_point:SP_2670,Lafilaire,9
2307392,15:02:00,15:02:10,stop_point:SP_1692,Limayrac,10
2307392,15:03:00,15:03:10,stop_point:SP_2496,Balansa,11
2307392,15:03:00,15:03:10,stop_point:SP_2997,Jacinthes,12
2307392,15:04:00,15:04:10,stop_point:SP_2665,Baroux,13
2307392,15:05:00,15:05:10,stop_point:SP_407,Firmis,14
2307392,15:06:00,15:06:10,stop_point:SP_3653,Pugens,15
2307392,15:06:00,15:06:10,stop_point:SP_1135,Mont Ventoux,16
2307392,15:07:00,15:07:10,stop_point:SP_1337,Allègre,17
2307392,15:08:00,15:08:10,stop_point:SP_487,Ledormeur,18
2307392,15:09:00,15:09:10,stop_point:SP_1385,Garin,19
2307392,15:10:00,15:10:10,stop_point:SP_1759,Tahiti,20
2307392,15:11:00,15:11:10,stop_point:SP_882,Bréguet,21
2307392,15:12:00,15:12:10,stop_point:SP_3083,Piste des Géants,22
2307392,15:13:00,15:13:10,stop_point:SP_5276,Gonin,23
2307392,15:14:00,15:14:10,stop_point:SP_4963,Armentières,24
2307392,15:15:00,15:15:10,stop_point:SP_3890,Védrines,25
2307392,15:16:00,15:16:10,stop_point:SP_2545,Rodier,26
2307392,15:17:00,15:17:10,stop_point:SP_2730,Clément Ader,27
2307392,15:20:00,15:20:10,stop_point:SP_2661,CNES- IAS,28
2307392,15:21:00,15:21:10,stop_point:SP_3799,ENAC,29
2307392,15:22:00,15:22:10,stop_point:SP_2792,LAAS,30
2307392,15:24:00,15:24:10,stop_point:SP_2607,Giordano Bruno,31
2307392,15:25:00,15:25:10,stop_point:SP_474,Sports Universitaires,32
2307392,15:26:00,15:26:10,stop_point:SP_1854,Naturopole,33
2307392,15:28:00,15:28:10,stop_point:SP_548,Ramonville,34
2307393,15:11:00,15:11:10,stop_point:SP_3200,Jolimont,1
2307393,15:13:00,15:13:10,stop_point:SP_91,Chaumière,2
2307393,15:14:00,15:14:10,stop_point:SP_2865,Heredia,3
2307393,15:15:00,15:15:10,stop_point:SP_1152,Soupetard Salonique,4
2307393,15:16:00,15:16:10,stop_point:SP_3402,Coquille,5
2307393,15:17:00,15:17:10,stop_point:SP_2952,Jean Chaubet,6
2307393,15:19:00,15:19:10,stop_point:SP_1352,Achiary,7
2307393,15:20:00,15:20:10,stop_point:SP_109,Av. Raymond Naves,8
2307393,15:21:00,15:21:10,stop_point:SP_2670,Lafilaire,9
2307393,15:22:00,15:22:10,stop_point:SP_1692,Limayrac,10
2307393,15:23:00,15:23:10,stop_point:SP_2496,Balansa,11
2307393,15:23:00,15:23:10,stop_point:SP_2997,Jacinthes,12
2307393,15:24:00,15:24:10,stop_point:SP_2665,Baroux,13
2307393,15:25:00,15:25:10,stop_point:SP_407,Firmis,14
2307393,15:26:00,15:26:10,stop_point:SP_3653,Pugens,15
2307393,15:26:00,15:26:10,stop_point:SP_1135,Mont Ventoux,16
2307393,15:27:00,15:27:10,stop_point:SP_1337,Allègre,17
2307393,15:28:00,15:28:10,stop_point:SP_487,Ledormeur,18
2307393,15:29:00,15:29:10,stop_point:SP_1385,Garin,19
2307393,15:30:00,15:30:10,stop_point:SP_1759,Tahiti,20
2307393,15:31:00,15:31:10,stop_point:SP_882,Bréguet,21
2307393,15:32:00,15:32:10,stop_point:SP_3083,Piste des Géants,22
2307393,15:33:00,15:33:10,stop_point:SP_5276,Gonin,23
2307393,15:34:00,15:34:10,stop_point:SP_4963,Armentières,24
2307393,15:35:00,15:35:10,stop_point:SP_3890,Védrines,25
2307393,15:36:00,15:36:10,stop_point:SP_2545,Rodier,26
2307393,15:37:00,15:37:10,stop_point:SP_2730,Clément Ader,27
2307393,15:40:00,15:40:10,stop_point:SP_2661,CNES- IAS,28
2307393,15:41:00,15:41:10,stop_point:SP_3799,ENAC,29
2307393,15:42:00,15:42:10,stop_point:SP_2792,LAAS,30
2307393,15:44:00,15:44:10,stop_point:SP_2607,Giordano Bruno,31
2307393,15:45:00,15:45:10,stop_point:SP_474,Sports Universitaires,32
2307393,15:46:00,15:46:10,stop_point:SP_1854,Naturopole,33
2307393,15:48:00,15:48:10,stop_point:SP_548,Ramonville,34
2307394,15:31:00,15:31:10,stop_point:SP_3200,Jolimont,1
2307394,15:33:00,15:33:10,stop_point:SP_91,Chaumière,2
2307394,15:34:00,15:34:10,stop_point:SP_2865,Heredia,3
2307394,15:35:00,15:35:10,stop_point:SP_1152,Soupetard Salonique,4
2307394,15:36:00,15:36:10,stop_point:SP_3402,Coquille,5
2307394,15:37:00,15:37:10,stop_point:SP_2952,Jean Chaubet,6
2307394,15:39:00,15:39:10,stop_point:SP_1352,Achiary,7
2307394,15:40:00,15:40:10,stop_point:SP_109,Av. Raymond Naves,8
2307394,15:41:00,15:41:10,stop_point:SP_2670,Lafilaire,9
2307394,15:42:00,15:42:10,stop_point:SP_1692,Limayrac,10
2307394,15:43:00,15:43:10,stop_point:SP_2496,Balansa,11
2307394,15:43:00,15:43:10,stop_point:SP_2997,Jacinthes,12
2307394,15:44:00,15:44:10,stop_point:SP_2665,Baroux,13
2307394,15:45:00,15:45:10,stop_point:SP_407,Firmis,14
2307394,15:46:00,15:46:10,stop_point:SP_3653,Pugens,15
2307394,15:46:00,15:46:10,stop_point:SP_1135,Mont Ventoux,16
2307394,15:47:00,15:47:10,stop_point:SP_1337,Allègre,17
2307394,15:48:00,15:48:10,stop_point:SP_487,Ledormeur,18
2307394,15:50:00,15:50:10,stop_point:SP_1385,Garin,19
2307394,15:51:00,15:51:10,stop_point:SP_1759,Tahiti,20
2307394,15:52:00,15:52:10,stop_point:SP_882,Bréguet,21
2307394,15:53:00,15:53:10,stop_point:SP_3083,Piste des Géants,22
2307394,15:54:00,15:54:10,stop_point:SP_5276,Gonin,23
2307394,15:55:00,15:55:10,stop_point:SP_4963,Armentières,24
2307394,15:56:00,15:56:10,stop_point:SP_3890,Védrines,25
2307394,15:57:00,15:57:10,stop_point:SP_2545,Rodier,26
2307394,15:58:00,15:58:10,stop_point:SP_2730,Clément Ader,27
2307394,16:01:00,16:01:10,stop_point:SP_2661,CNES- IAS,28
2307394,16:02:00,16:02:10,stop_point:SP_3799,ENAC,29
2307394,16:03:00,16:03:10,stop_point:SP_2792,LAAS,30
2307394,16:05:00,16:05:10,stop_point:SP_2607,Giordano Bruno,31
2307394,16:06:00,16:06:10,stop_point:SP_474,Sports Universitaires,32
2307394,16:07:00,16:07:10,stop_point:SP_1854,Naturopole,33
2307394,16:09:00,16:09:10,stop_point:SP_548,Ramonville,34
2307395,15:47:00,15:47:10,stop_point:SP_3200,Jolimont,1
2307395,15:49:00,15:49:10,stop_point:SP_91,Chaumière,2
2307395,15:50:00,15:50:10,stop_point:SP_2865,Heredia,3
2307395,15:51:00,15:51:10,stop_point:SP_1152,Soupetard Salonique,4
2307395,15:52:00,15:52:10,stop_point:SP_3402,Coquille,5
2307395,15:53:00,15:53:10,stop_point:SP_2952,Jean Chaubet,6
2307395,15:55:00,15:55:10,stop_point:SP_1352,Achiary,7
2307395,15:56:00,15:56:10,stop_point:SP_109,Av. Raymond Naves,8
2307395,15:57:00,15:57:10,stop_point:SP_2670,Lafilaire,9
2307395,15:58:00,15:58:10,stop_point:SP_1692,Limayrac,10
2307395,15:59:00,15:59:10,stop_point:SP_2496,Balansa,11
2307395,15:59:00,15:59:10,stop_point:SP_2997,Jacinthes,12
2307395,16:00:00,16:00:10,stop_point:SP_2665,Baroux,13
2307395,16:01:00,16:01:10,stop_point:SP_407,Firmis,14
2307395,16:02:00,16:02:10,stop_point:SP_3653,Pugens,15
2307395,16:02:00,16:02:10,stop_point:SP_1135,Mont Ventoux,16
2307395,16:03:00,16:03:10,stop_point:SP_1337,Allègre,17
2307395,16:04:00,16:04:10,stop_point:SP_487,Ledormeur,18
2307395,16:06:00,16:06:10,stop_point:SP_1385,Garin,19
2307395,16:07:00,16:07:10,stop_point:SP_1759,Tahiti,20
2307395,16:08:00,16:08:10,stop_point:SP_882,Bréguet,21
2307395,16:09:00,16:09:10,stop_point:SP_3083,Piste des Géants,22
2307395,16:10:00,16:10:10,stop_point:SP_5276,Gonin,23
2307395,16:11:00,16:11:10,stop_point:SP_4963,Armentières,24
2307395,16:12:00,16:12:10,stop_point:SP_3890,Védrines,25
2307395,16:13:00,16:13:10,stop_point:SP_2545,Rodier,26
2307395,16:14:00,16:14:10,stop_point:SP_2730,Clément Ader,27
2307395,16:17:00,16:17:10,stop_point:SP_2661,CNES- IAS,28
2307395,16:18:00,16:18:10,stop_point:SP_3799,ENAC,29
2307395,16:19:00,16:19:10,stop_point:SP_2792,LAAS,30
2307395,16:21:00,16:21:10,stop_point:SP_2607,Giordano Bruno,31
2307395,16:22:00,16:22:10,stop_point:SP_474,Sports Universitaires,32
2307395,16:23:00,16:23:10,stop_point:SP_1854,Naturopole,33
2307395,16:25:00,16:25:10,stop_point:SP_548,Ramonville,34
2307396,16:03:00,16:03:10,stop_point:SP_3200,Jolimont,1
2307396,16:06:00,16:06:10,stop_point:SP_91,Chaumière,2
2307396,16:06:00,16:06:10,stop_point:SP_2865,Heredia,3
2307396,16:08:00,16:08:10,stop_point:SP_1152,Soupetard Salonique,4
2307396,16:09:00,16:09:10,stop_point:SP_3402,Coquille,5
2307396,16:10:00,16:10:10,stop_point:SP_2952,Jean Chaubet,6
2307396,16:12:00,16:12:10,stop_point:SP_1352,Achiary,7
2307396,16:13:00,16:13:10,stop_point:SP_109,Av. Raymond Naves,8
2307396,16:14:00,16:14:10,stop_point:SP_2670,Lafilaire,9
2307396,16:15:00,16:15:10,stop_point:SP_1692,Limayrac,10
2307396,16:16:00,16:16:10,stop_point:SP_2496,Balansa,11
2307396,16:16:00,16:16:10,stop_point:SP_2997,Jacinthes,12
2307396,16:17:00,16:17:10,stop_point:SP_2665,Baroux,13
2307396,16:18:00,16:18:10,stop_point:SP_407,Firmis,14
2307396,16:19:00,16:19:10,stop_point:SP_3653,Pugens,15
2307396,16:20:00,16:20:10,stop_point:SP_1135,Mont Ventoux,16
2307396,16:21:00,16:21:10,stop_point:SP_1337,Allègre,17
2307396,16:22:00,16:22:10,stop_point:SP_487,Ledormeur,18
2307396,16:24:00,16:24:10,stop_point:SP_1385,Garin,19
2307396,16:25:00,16:25:10,stop_point:SP_1759,Tahiti,20
2307396,16:26:00,16:26:10,stop_point:SP_882,Bréguet,21
2307396,16:27:00,16:27:10,stop_point:SP_3083,Piste des Géants,22
2307396,16:28:00,16:28:10,stop_point:SP_5276,Gonin,23
2307396,16:29:00,16:29:10,stop_point:SP_4963,Armentières,24
2307396,16:30:00,16:30:10,stop_point:SP_3890,Védrines,25
2307396,16:31:00,16:31:10,stop_point:SP_2545,Rodier,26
2307396,16:32:00,16:32:10,stop_point:SP_2730,Clément Ader,27
2307396,16:35:00,16:35:10,stop_point:SP_2661,CNES- IAS,28
2307396,16:36:00,16:36:10,stop_point:SP_3799,ENAC,29
2307396,16:37:00,16:37:10,stop_point:SP_2792,LAAS,30
2307396,16:39:00,16:39:10,stop_point:SP_2607,Giordano Bruno,31
2307396,16:40:00,16:40:10,stop_point:SP_474,Sports Universitaires,32
2307396,16:41:00,16:41:10,stop_point:SP_1854,Naturopole,33
2307396,16:43:00,16:43:10,stop_point:SP_548,Ramonville,34
2307397,16:19:00,16:19:10,stop_point:SP_3200,Jolimont,1
2307397,16:22:00,16:22:10,stop_point:SP_91,Chaumière,2
2307397,16:22:00,16:22:10,stop_point:SP_2865,Heredia,3
2307397,16:24:00,16:24:10,stop_point:SP_1152,Soupetard Salonique,4
2307397,16:25:00,16:25:10,stop_point:SP_3402,Coquille,5
2307397,16:26:00,16:26:10,stop_point:SP_2952,Jean Chaubet,6
2307397,16:28:00,16:28:10,stop_point:SP_1352,Achiary,7
2307397,16:29:00,16:29:10,stop_point:SP_109,Av. Raymond Naves,8
2307397,16:30:00,16:30:10,stop_point:SP_2670,Lafilaire,9
2307397,16:31:00,16:31:10,stop_point:SP_1692,Limayrac,10
2307397,16:32:00,16:32:10,stop_point:SP_2496,Balansa,11
2307397,16:32:00,16:32:10,stop_point:SP_2997,Jacinthes,12
2307397,16:33:00,16:33:10,stop_point:SP_2665,Baroux,13
2307397,16:34:00,16:34:10,stop_point:SP_407,Firmis,14
2307397,16:35:00,16:35:10,stop_point:SP_3653,Pugens,15
2307397,16:36:00,16:36:10,stop_point:SP_1135,Mont Ventoux,16
2307397,16:37:00,16:37:10,stop_point:SP_1337,Allègre,17
2307397,16:38:00,16:38:10,stop_point:SP_487,Ledormeur,18
2307397,16:40:00,16:40:10,stop_point:SP_1385,Garin,19
2307397,16:41:00,16:41:10,stop_point:SP_1759,Tahiti,20
2307397,16:42:00,16:42:10,stop_point:SP_882,Bréguet,21
2307397,16:43:00,16:43:10,stop_point:SP_3083,Piste des Géants,22
2307397,16:44:00,16:44:10,stop_point:SP_5276,Gonin,23
2307397,16:45:00,16:45:10,stop_point:SP_4963,Armentières,24
2307397,16:46:00,16:46:10,stop_point:SP_3890,Védrines,25
2307397,16:47:00,16:47:10,stop_point:SP_2545,Rodier,26
2307397,16:48:00,16:48:10,stop_point:SP_2730,Clément Ader,27
2307397,16:51:00,16:51:10,stop_point:SP_2661,CNES- IAS,28
2307397,16:52:00,16:52:10,stop_point:SP_3799,ENAC,29
2307397,16:53:00,16:53:10,stop_point:SP_2792,LAAS,30
2307397,16:55:00,16:55:10,stop_point:SP_2607,Giordano Bruno,31
2307397,16:56:00,16:56:10,stop_point:SP_474,Sports Universitaires,32
2307397,16:57:00,16:57:10,stop_point:SP_1854,Naturopole,33
2307397,16:59:00,16:59:10,stop_point:SP_548,Ramonville,34
2307398,16:35:00,16:35:10,stop_point:SP_3200,Jolimont,1
2307398,16:38:00,16:38:10,stop_point:SP_91,Chaumière,2
2307398,16:38:00,16:38:10,stop_point:SP_2865,Heredia,3
2307398,16:40:00,16:40:10,stop_point:SP_1152,Soupetard Salonique,4
2307398,16:41:00,16:41:10,stop_point:SP_3402,Coquille,5
2307398,16:42:00,16:42:10,stop_point:SP_2952,Jean Chaubet,6
2307398,16:44:00,16:44:10,stop_point:SP_1352,Achiary,7
2307398,16:45:00,16:45:10,stop_point:SP_109,Av. Raymond Naves,8
2307398,16:46:00,16:46:10,stop_point:SP_2670,Lafilaire,9
2307398,16:47:00,16:47:10,stop_point:SP_1692,Limayrac,10
2307398,16:48:00,16:48:10,stop_point:SP_2496,Balansa,11
2307398,16:48:00,16:48:10,stop_point:SP_2997,Jacinthes,12
2307398,16:49:00,16:49:10,stop_point:SP_2665,Baroux,13
2307398,16:50:00,16:50:10,stop_point:SP_407,Firmis,14
2307398,16:51:00,16:51:10,stop_point:SP_3653,Pugens,15
2307398,16:52:00,16:52:10,stop_point:SP_1135,Mont Ventoux,16
2307398,16:53:00,16:53:10,stop_point:SP_1337,Allègre,17
2307398,16:54:00,16:54:10,stop_point:SP_487,Ledormeur,18
2307398,16:56:00,16:56:10,stop_point:SP_1385,Garin,19
2307398,16:57:00,16:57:10,stop_point:SP_1759,Tahiti,20
2307398,16:58:00,16:58:10,stop_point:SP_882,Bréguet,21
2307398,16:59:00,16:59:10,stop_point:SP_3083,Piste des Géants,22
2307398,17:00:00,17:00:10,stop_point:SP_5276,Gonin,23
2307398,17:01:00,17:01:10,stop_point:SP_4963,Armentières,24
2307398,17:03:00,17:03:10,stop_point:SP_3890,Védrines,25
2307398,17:04:00,17:04:10,stop_point:SP_2545,Rodier,26
2307398,17:05:00,17:05:10,stop_point:SP_2730,Clément Ader,27
2307398,17:08:00,17:08:10,stop_point:SP_2661,CNES- IAS,28
2307398,17:09:00,17:09:10,stop_point:SP_3799,ENAC,29
2307398,17:10:00,17:10:10,stop_point:SP_2792,LAAS,30
2307398,17:12:00,17:12:10,stop_point:SP_2607,Giordano Bruno,31
2307398,17:13:00,17:13:10,stop_point:SP_474,Sports Universitaires,32
2307398,17:14:00,17:14:10,stop_point:SP_1854,Naturopole,33
2307398,17:16:00,17:16:10,stop_point:SP_548,Ramonville,34
2307399,16:51:00,16:51:10,stop_point:SP_3200,Jolimont,1
2307399,16:54:00,16:54:10,stop_point:SP_91,Chaumière,2
2307399,16:54:00,16:54:10,stop_point:SP_2865,Heredia,3
2307399,16:56:00,16:56:10,stop_point:SP_1152,Soupetard Salonique,4
2307399,16:57:00,16:57:10,stop_point:SP_3402,Coquille,5
2307399,16:58:00,16:58:10,stop_point:SP_2952,Jean Chaubet,6
2307399,17:00:00,17:00:10,stop_point:SP_1352,Achiary,7
2307399,17:01:00,17:01:10,stop_point:SP_109,Av. Raymond Naves,8
2307399,17:02:00,17:02:10,stop_point:SP_2670,Lafilaire,9
2307399,17:03:00,17:03:10,stop_point:SP_1692,Limayrac,10
2307399,17:04:00,17:04:10,stop_point:SP_2496,Balansa,11
2307399,17:04:00,17:04:10,stop_point:SP_2997,Jacinthes,12
2307399,17:05:00,17:05:10,stop_point:SP_2665,Baroux,13
2307399,17:06:00,17:06:10,stop_point:SP_407,Firmis,14
2307399,17:07:00,17:07:10,stop_point:SP_3653,Pugens,15
2307399,17:08:00,17:08:10,stop_point:SP_1135,Mont Ventoux,16
2307399,17:09:00,17:09:10,stop_point:SP_1337,Allègre,17
2307399,17:10:00,17:10:10,stop_point:SP_487,Ledormeur,18
2307399,17:12:00,17:12:10,stop_point:SP_1385,Garin,19
2307399,17:13:00,17:13:10,stop_point:SP_1759,Tahiti,20
2307399,17:14:00,17:14:10,stop_point:SP_882,Bréguet,21
2307399,17:15:00,17:15:10,stop_point:SP_3083,Piste des Géants,22
2307399,17:16:00,17:16:10,stop_point:SP_5276,Gonin,23
2307399,17:17:00,17:17:10,stop_point:SP_4963,Armentières,24
2307399,17:19:00,17:19:10,stop_point:SP_3890,Védrines,25
2307399,17:20:00,17:20:10,stop_point:SP_2545,Rodier,26
2307399,17:22:00,17:22:10,stop_point:SP_2730,Clément Ader,27
2307399,17:25:00,17:25:10,stop_point:SP_2661,CNES- IAS,28
2307399,17:26:00,17:26:10,stop_point:SP_3799,ENAC,29
2307399,17:27:00,17:27:10,stop_point:SP_2792,LAAS,30
2307399,17:29:00,17:29:10,stop_point:SP_2607,Giordano Bruno,31
2307399,17:30:00,17:30:10,stop_point:SP_474,Sports Universitaires,32
2307399,17:31:00,17:31:10,stop_point:SP_1854,Naturopole,33
2307399,17:33:00,17:33:10,stop_point:SP_548,Ramonville,34
2307400,17:07:00,17:07:10,stop_point:SP_3200,Jolimont,1
2307400,17:10:00,17:10:10,stop_point:SP_91,Chaumière,2
2307400,17:10:00,17:10:10,stop_point:SP_2865,Heredia,3
2307400,17:12:00,17:12:10,stop_point:SP_1152,Soupetard Salonique,4
2307400,17:13:00,17:13:10,stop_point:SP_3402,Coquille,5
2307400,17:14:00,17:14:10,stop_point:SP_2952,Jean Chaubet,6
2307400,17:16:00,17:16:10,stop_point:SP_1352,Achiary,7
2307400,17:17:00,17:17:10,stop_point:SP_109,Av. Raymond Naves,8
2307400,17:18:00,17:18:10,stop_point:SP_2670,Lafilaire,9
2307400,17:19:00,17:19:10,stop_point:SP_1692,Limayrac,10
2307400,17:20:00,17:20:10,stop_point:SP_2496,Balansa,11
2307400,17:20:00,17:20:10,stop_point:SP_2997,Jacinthes,12
2307400,17:21:00,17:21:10,stop_point:SP_2665,Baroux,13
2307400,17:22:00,17:22:10,stop_point:SP_407,Firmis,14
2307400,17:23:00,17:23:10,stop_point:SP_3653,Pugens,15
2307400,17:24:00,17:24:10,stop_point:SP_1135,Mont Ventoux,16
2307400,17:25:00,17:25:10,stop_point:SP_1337,Allègre,17
2307400,17:26:00,17:26:10,stop_point:SP_487,Ledormeur,18
2307400,17:28:00,17:28:10,stop_point:SP_1385,Garin,19
2307400,17:29:00,17:29:10,stop_point:SP_1759,Tahiti,20
2307400,17:30:00,17:30:10,stop_point:SP_882,Bréguet,21
2307400,17:31:00,17:31:10,stop_point:SP_3083,Piste des Géants,22
2307400,17:32:00,17:32:10,stop_point:SP_5276,Gonin,23
2307400,17:33:00,17:33:10,stop_point:SP_4963,Armentières,24
2307400,17:35:00,17:35:10,stop_point:SP_3890,Védrines,25
2307400,17:36:00,17:36:10,stop_point:SP_2545,Rodier,26
2307400,17:38:00,17:38:10,stop_point:SP_2730,Clément Ader,27
2307400,17:41:00,17:41:10,stop_point:SP_2661,CNES- IAS,28
2307400,17:42:00,17:42:10,stop_point:SP_3799,ENAC,29
2307400,17:43:00,17:43:10,stop_point:SP_2792,LAAS,30
2307400,17:45:00,17:45:10,stop_point:SP_2607,Giordano Bruno,31
2307400,17:46:00,17:46:10,stop_point:SP_474,Sports Universitaires,32
2307400,17:47:00,17:47:10,stop_point:SP_1854,Naturopole,33
2307400,17:49:00,17:49:10,stop_point:SP_548,Ramonville,34
2307401,17:23:00,17:23:10,stop_point:SP_3200,Jolimont,1
2307401,17:26:00,17:26:10,stop_point:SP_91,Chaumière,2
2307401,17:26:00,17:26:10,stop_point:SP_2865,Heredia,3
2307401,17:28:00,17:28:10,stop_point:SP_1152,Soupetard Salonique,4
2307401,17:29:00,17:29:10,stop_point:SP_3402,Coquille,5
2307401,17:30:00,17:30:10,stop_point:SP_2952,Jean Chaubet,6
2307401,17:32:00,17:32:10,stop_point:SP_1352,Achiary,7
2307401,17:33:00,17:33:10,stop_point:SP_109,Av. Raymond Naves,8
2307401,17:34:00,17:34:10,stop_point:SP_2670,Lafilaire,9
2307401,17:35:00,17:35:10,stop_point:SP_1692,Limayrac,10
2307401,17:36:00,17:36:10,stop_point:SP_2496,Balansa,11
2307401,17:36:00,17:36:10,stop_point:SP_2997,Jacinthes,12
2307401,17:37:00,17:37:10,stop_point:SP_2665,Baroux,13
2307401,17:38:00,17:38:10,stop_point:SP_407,Firmis,14
2307401,17:39:00,17:39:10,stop_point:SP_3653,Pugens,15
2307401,17:40:00,17:40:10,stop_point:SP_1135,Mont Ventoux,16
2307401,17:41:00,17:41:10,stop_point:SP_1337,Allègre,17
2307401,17:42:00,17:42:10,stop_point:SP_487,Ledormeur,18
2307401,17:44:00,17:44:10,stop_point:SP_1385,Garin,19
2307401,17:45:00,17:45:10,stop_point:SP_1759,Tahiti,20
2307401,17:46:00,17:46:10,stop_point:SP_882,Bréguet,21
2307401,17:47:00,17:47:10,stop_point:SP_3083,Piste des Géants,22
2307401,17:48:00,17:48:10,stop_point:SP_5276,Gonin,23
2307401,17:49:00,17:49:10,stop_point:SP_4963,Armentières,24
2307401,17:51:00,17:51:10,stop_point:SP_3890,Védrines,25
2307401,17:52:00,17:52:10,stop_point:SP_2545,Rodier,26
2307401,17:53:00,17:53:10,stop_point:SP_2730,Clément Ader,27
2307401,17:56:00,17:56:10,stop_point:SP_2661,CNES- IAS,28
2307401,17:57:00,17:57:10,stop_point:SP_3799,ENAC,29
2307401,17:58:00,17:58:10,stop_point:SP_2792,LAAS,30
2307401,18:00:00,18:00:10,stop_point:SP_2607,Giordano Bruno,31
2307401,18:01:00,18:01:10,stop_point:SP_474,Sports Universitaires,32
2307401,18:02:00,18:02:10,stop_point:SP_1854,Naturopole,33
2307401,18:04:00,18:04:10,stop_point:SP_548,Ramonville,34
2307402,17:39:00,17:39:10,stop_point:SP_3200,Jolimont,1
2307402,17:42:00,17:42:10,stop_point:SP_91,Chaumière,2
2307402,17:42:00,17:42:10,stop_point:SP_2865,Heredia,3
2307402,17:44:00,17:44:10,stop_point:SP_1152,Soupetard Salonique,4
2307402,17:45:00,17:45:10,stop_point:SP_3402,Coquille,5
2307402,17:46:00,17:46:10,stop_point:SP_2952,Jean Chaubet,6
2307402,17:48:00,17:48:10,stop_point:SP_1352,Achiary,7
2307402,17:49:00,17:49:10,stop_point:SP_109,Av. Raymond Naves,8
2307402,17:50:00,17:50:10,stop_point:SP_2670,Lafilaire,9
2307402,17:51:00,17:51:10,stop_point:SP_1692,Limayrac,10
2307402,17:52:00,17:52:10,stop_point:SP_2496,Balansa,11
2307402,17:52:00,17:52:10,stop_point:SP_2997,Jacinthes,12
2307402,17:53:00,17:53:10,stop_point:SP_2665,Baroux,13
2307402,17:54:00,17:54:10,stop_point:SP_407,Firmis,14
2307402,17:55:00,17:55:10,stop_point:SP_3653,Pugens,15
2307402,17:55:00,17:55:10,stop_point:SP_1135,Mont Ventoux,16
2307402,17:56:00,17:56:10,stop_point:SP_1337,Allègre,17
2307402,17:57:00,17:57:10,stop_point:SP_487,Ledormeur,18
2307402,17:59:00,17:59:10,stop_point:SP_1385,Garin,19
2307402,18:00:00,18:00:10,stop_point:SP_1759,Tahiti,20
2307402,18:01:00,18:01:10,stop_point:SP_882,Bréguet,21
2307402,18:02:00,18:02:10,stop_point:SP_3083,Piste des Géants,22
2307402,18:03:00,18:03:10,stop_point:SP_5276,Gonin,23
2307402,18:04:00,18:04:10,stop_point:SP_4963,Armentières,24
2307402,18:06:00,18:06:10,stop_point:SP_3890,Védrines,25
2307402,18:07:00,18:07:10,stop_point:SP_2545,Rodier,26
2307402,18:08:00,18:08:10,stop_point:SP_2730,Clément Ader,27
2307402,18:11:00,18:11:10,stop_point:SP_2661,CNES- IAS,28
2307402,18:12:00,18:12:10,stop_point:SP_3799,ENAC,29
2307402,18:13:00,18:13:10,stop_point:SP_2792,LAAS,30
2307402,18:15:00,18:15:10,stop_point:SP_2607,Giordano Bruno,31
2307402,18:16:00,18:16:10,stop_point:SP_474,Sports Universitaires,32
2307402,18:17:00,18:17:10,stop_point:SP_1854,Naturopole,33
2307402,18:19:00,18:19:10,stop_point:SP_548,Ramonville,34
2307403,17:55:00,17:55:10,stop_point:SP_3200,Jolimont,1
2307403,17:58:00,17:58:10,stop_point:SP_91,Chaumière,2
2307403,17:58:00,17:58:10,stop_point:SP_2865,Heredia,3
2307403,18:00:00,18:00:10,stop_point:SP_1152,Soupetard Salonique,4
2307403,18:01:00,18:01:10,stop_point:SP_3402,Coquille,5
2307403,18:02:00,18:02:10,stop_point:SP_2952,Jean Chaubet,6
2307403,18:04:00,18:04:10,stop_point:SP_1352,Achiary,7
2307403,18:05:00,18:05:10,stop_point:SP_109,Av. Raymond Naves,8
2307403,18:06:00,18:06:10,stop_point:SP_2670,Lafilaire,9
2307403,18:07:00,18:07:10,stop_point:SP_1692,Limayrac,10
2307403,18:08:00,18:08:10,stop_point:SP_2496,Balansa,11
2307403,18:08:00,18:08:10,stop_point:SP_2997,Jacinthes,12
2307403,18:09:00,18:09:10,stop_point:SP_2665,Baroux,13
2307403,18:10:00,18:10:10,stop_point:SP_407,Firmis,14
2307403,18:11:00,18:11:10,stop_point:SP_3653,Pugens,15
2307403,18:11:00,18:11:10,stop_point:SP_1135,Mont Ventoux,16
2307403,18:12:00,18:12:10,stop_point:SP_1337,Allègre,17
2307403,18:13:00,18:13:10,stop_point:SP_487,Ledormeur,18
2307403,18:15:00,18:15:10,stop_point:SP_1385,Garin,19
2307403,18:16:00,18:16:10,stop_point:SP_1759,Tahiti,20
2307403,18:17:00,18:17:10,stop_point:SP_882,Bréguet,21
2307403,18:18:00,18:18:10,stop_point:SP_3083,Piste des Géants,22
2307403,18:19:00,18:19:10,stop_point:SP_5276,Gonin,23
2307403,18:20:00,18:20:10,stop_point:SP_4963,Armentières,24
2307403,18:22:00,18:22:10,stop_point:SP_3890,Védrines,25
2307403,18:23:00,18:23:10,stop_point:SP_2545,Rodier,26
2307403,18:24:00,18:24:10,stop_point:SP_2730,Clément Ader,27
2307403,18:27:00,18:27:10,stop_point:SP_2661,CNES- IAS,28
2307403,18:28:00,18:28:10,stop_point:SP_3799,ENAC,29
2307403,18:29:00,18:29:10,stop_point:SP_2792,LAAS,30
2307403,18:31:00,18:31:10,stop_point:SP_2607,Giordano Bruno,31
2307403,18:32:00,18:32:10,stop_point:SP_474,Sports Universitaires,32
2307403,18:33:00,18:33:10,stop_point:SP_1854,Naturopole,33
2307403,18:35:00,18:35:10,stop_point:SP_548,Ramonville,34
2307404,18:11:00,18:11:10,stop_point:SP_3200,Jolimont,1
2307404,18:14:00,18:14:10,stop_point:SP_91,Chaumière,2
2307404,18:14:00,18:14:10,stop_point:SP_2865,Heredia,3
2307404,18:16:00,18:16:10,stop_point:SP_1152,Soupetard Salonique,4
2307404,18:17:00,18:17:10,stop_point:SP_3402,Coquille,5
2307404,18:18:00,18:18:10,stop_point:SP_2952,Jean Chaubet,6
2307404,18:20:00,18:20:10,stop_point:SP_1352,Achiary,7
2307404,18:21:00,18:21:10,stop_point:SP_109,Av. Raymond Naves,8
2307404,18:22:00,18:22:10,stop_point:SP_2670,Lafilaire,9
2307404,18:23:00,18:23:10,stop_point:SP_1692,Limayrac,10
2307404,18:24:00,18:24:10,stop_point:SP_2496,Balansa,11
2307404,18:24:00,18:24:10,stop_point:SP_2997,Jacinthes,12
2307404,18:25:00,18:25:10,stop_point:SP_2665,Baroux,13
2307404,18:26:00,18:26:10,stop_point:SP_407,Firmis,14
2307404,18:27:00,18:27:10,stop_point:SP_3653,Pugens,15
2307404,18:27:00,18:27:10,stop_point:SP_1135,Mont Ventoux,16
2307404,18:28:00,18:28:10,stop_point:SP_1337,Allègre,17
2307404,18:29:00,18:29:10,stop_point:SP_487,Ledormeur,18
2307404,18:30:00,18:30:10,stop_point:SP_1385,Garin,19
2307404,18:31:00,18:31:10,stop_point:SP_1759,Tahiti,20
2307404,18:32:00,18:32:10,stop_point:SP_882,Bréguet,21
2307404,18:33:00,18:33:10,stop_point:SP_3083,Piste des Géants,22
2307404,18:34:00,18:34:10,stop_point:SP_5276,Gonin,23
2307404,18:35:00,18:35:10,stop_point:SP_4963,Armentières,24
2307404,18:37:00,18:37:10,stop_point:SP_3890,Védrines,25
2307404,18:38:00,18:38:10,stop_point:SP_2545,Rodier,26
2307404,18:39:00,18:39:10,stop_point:SP_2730,Clément Ader,27
2307404,18:42:00,18:42:10,stop_point:SP_2661,CNES- IAS,28
2307404,18:43:00,18:43:10,stop_point:SP_3799,ENAC,29
2307404,18:44:00,18:44:10,stop_point:SP_2792,LAAS,30
2307404,18:46:00,18:46:10,stop_point:SP_2607,Giordano Bruno,31
2307404,18:47:00,18:47:10,stop_point:SP_474,Sports Universitaires,32
2307404,18:48:00,18:48:10,stop_point:SP_1854,Naturopole,33
2307404,18:50:00,18:50:10,stop_point:SP_548,Ramonville,34
2307405,18:27:00,18:27:10,stop_point:SP_3200,Jolimont,1
2307405,18:30:00,18:30:10,stop_point:SP_91,Chaumière,2
2307405,18:30:00,18:30:10,stop_point:SP_2865,Heredia,3
2307405,18:32:00,18:32:10,stop_point:SP_1152,Soupetard Salonique,4
2307405,18:33:00,18:33:10,stop_point:SP_3402,Coquille,5
2307405,18:34:00,18:34:10,stop_point:SP_2952,Jean Chaubet,6
2307405,18:36:00,18:36:10,stop_point:SP_1352,Achiary,7
2307405,18:37:00,18:37:10,stop_point:SP_109,Av. Raymond Naves,8
2307405,18:38:00,18:38:10,stop_point:SP_2670,Lafilaire,9
2307405,18:39:00,18:39:10,stop_point:SP_1692,Limayrac,10
2307405,18:40:00,18:40:10,stop_point:SP_2496,Balansa,11
2307405,18:40:00,18:40:10,stop_point:SP_2997,Jacinthes,12
2307405,18:41:00,18:41:10,stop_point:SP_2665,Baroux,13
2307405,18:42:00,18:42:10,stop_point:SP_407,Firmis,14
2307405,18:43:00,18:43:10,stop_point:SP_3653,Pugens,15
2307405,18:43:00,18:43:10,stop_point:SP_1135,Mont Ventoux,16
2307405,18:44:00,18:44:10,stop_point:SP_1337,Allègre,17
2307405,18:45:00,18:45:10,stop_point:SP_487,Ledormeur,18
2307405,18:46:00,18:46:10,stop_point:SP_1385,Garin,19
2307405,18:47:00,18:47:10,stop_point:SP_1759,Tahiti,20
2307405,18:48:00,18:48:10,stop_point:SP_882,Bréguet,21
2307405,18:49:00,18:49:10,stop_point:SP_3083,Piste des Géants,22
2307405,18:50:00,18:50:10,stop_point:SP_5276,Gonin,23
2307405,18:51:00,18:51:10,stop_point:SP_4963,Armentières,24
2307405,18:52:00,18:52:10,stop_point:SP_3890,Védrines,25
2307405,18:53:00,18:53:10,stop_point:SP_2545,Rodier,26
2307405,18:54:00,18:54:10,stop_point:SP_2730,Clément Ader,27
2307405,18:57:00,18:57:10,stop_point:SP_2661,CNES- IAS,28
2307405,18:58:00,18:58:10,stop_point:SP_3799,ENAC,29
2307405,18:59:00,18:59:10,stop_point:SP_2792,LAAS,30
2307405,19:01:00,19:01:10,stop_point:SP_2607,Giordano Bruno,31
2307405,19:02:00,19:02:10,stop_point:SP_474,Sports Universitaires,32
2307405,19:03:00,19:03:10,stop_point:SP_1854,Naturopole,33
2307405,19:05:00,19:05:10,stop_point:SP_548,Ramonville,34
2307406,18:47:00,18:47:10,stop_point:SP_3200,Jolimont,1
2307406,18:50:00,18:50:10,stop_point:SP_91,Chaumière,2
2307406,18:50:00,18:50:10,stop_point:SP_2865,Heredia,3
2307406,18:52:00,18:52:10,stop_point:SP_1152,Soupetard Salonique,4
2307406,18:53:00,18:53:10,stop_point:SP_3402,Coquille,5
2307406,18:54:00,18:54:10,stop_point:SP_2952,Jean Chaubet,6
2307406,18:55:00,18:55:10,stop_point:SP_1352,Achiary,7
2307406,18:57:00,18:57:10,stop_point:SP_109,Av. Raymond Naves,8
2307406,18:57:00,18:57:10,stop_point:SP_2670,Lafilaire,9
2307406,18:58:00,18:58:10,stop_point:SP_1692,Limayrac,10
2307406,18:59:00,18:59:10,stop_point:SP_2496,Balansa,11
2307406,18:59:00,18:59:10,stop_point:SP_2997,Jacinthes,12
2307406,19:00:00,19:00:10,stop_point:SP_2665,Baroux,13
2307406,19:01:00,19:01:10,stop_point:SP_407,Firmis,14
2307406,19:02:00,19:02:10,stop_point:SP_3653,Pugens,15
2307406,19:02:00,19:02:10,stop_point:SP_1135,Mont Ventoux,16
2307406,19:03:00,19:03:10,stop_point:SP_1337,Allègre,17
2307406,19:04:00,19:04:10,stop_point:SP_487,Ledormeur,18
2307406,19:05:00,19:05:10,stop_point:SP_1385,Garin,19
2307406,19:06:00,19:06:10,stop_point:SP_1759,Tahiti,20
2307406,19:07:00,19:07:10,stop_point:SP_882,Bréguet,21
2307406,19:08:00,19:08:10,stop_point:SP_3083,Piste des Géants,22
2307406,19:09:00,19:09:10,stop_point:SP_5276,Gonin,23
2307406,19:10:00,19:10:10,stop_point:SP_4963,Armentières,24
2307406,19:11:00,19:11:10,stop_point:SP_3890,Védrines,25
2307406,19:12:00,19:12:10,stop_point:SP_2545,Rodier,26
2307406,19:13:00,19:13:10,stop_point:SP_2730,Clément Ader,27
2307406,19:16:00,19:16:10,stop_point:SP_2661,CNES- IAS,28
2307406,19:17:00,19:17:10,stop_point:SP_3799,ENAC,29
2307406,19:18:00,19:18:10,stop_point:SP_2792,LAAS,30
2307406,19:20:00,19:20:10,stop_point:SP_2607,Giordano Bruno,31
2307406,19:21:00,19:21:10,stop_point:SP_474,Sports Universitaires,32
2307406,19:22:00,19:22:10,stop_point:SP_1854,Naturopole,33
2307406,19:24:00,19:24:10,stop_point:SP_548,Ramonville,34
2307407,19:09:00,19:09:10,stop_point:SP_3200,Jolimont,1
2307407,19:12:00,19:12:10,stop_point:SP_91,Chaumière,2
2307407,19:12:00,19:12:10,stop_point:SP_2865,Heredia,3
2307407,19:14:00,19:14:10,stop_point:SP_1152,Soupetard Salonique,4
2307407,19:15:00,19:15:10,stop_point:SP_3402,Coquille,5
2307407,19:16:00,19:16:10,stop_point:SP_2952,Jean Chaubet,6
2307407,19:17:00,19:17:10,stop_point:SP_1352,Achiary,7
2307407,19:19:00,19:19:10,stop_point:SP_109,Av. Raymond Naves,8
2307407,19:19:00,19:19:10,stop_point:SP_2670,Lafilaire,9
2307407,19:20:00,19:20:10,stop_point:SP_1692,Limayrac,10
2307407,19:21:00,19:21:10,stop_point:SP_2496,Balansa,11
2307407,19:21:00,19:21:10,stop_point:SP_2997,Jacinthes,12
2307407,19:22:00,19:22:10,stop_point:SP_2665,Baroux,13
2307407,19:23:00,19:23:10,stop_point:SP_407,Firmis,14
2307407,19:24:00,19:24:10,stop_point:SP_3653,Pugens,15
2307407,19:24:00,19:24:10,stop_point:SP_1135,Mont Ventoux,16
2307407,19:25:00,19:25:10,stop_point:SP_1337,Allègre,17
2307407,19:26:00,19:26:10,stop_point:SP_487,Ledormeur,18
2307407,19:27:00,19:27:10,stop_point:SP_1385,Garin,19
2307407,19:28:00,19:28:10,stop_point:SP_1759,Tahiti,20
2307407,19:29:00,19:29:10,stop_point:SP_882,Bréguet,21
2307407,19:30:00,19:30:10,stop_point:SP_3083,Piste des Géants,22
2307407,19:31:00,19:31:10,stop_point:SP_5276,Gonin,23
2307407,19:32:00,19:32:10,stop_point:SP_4963,Armentières,24
2307407,19:33:00,19:33:10,stop_point:SP_3890,Védrines,25
2307407,19:34:00,19:34:10,stop_point:SP_2545,Rodier,26
2307407,19:35:00,19:35:10,stop_point:SP_2730,Clément Ader,27
2307407,19:37:00,19:37:10,stop_point:SP_2661,CNES- IAS,28
2307407,19:38:00,19:38:10,stop_point:SP_3799,ENAC,29
2307407,19:39:00,19:39:10,stop_point:SP_2792,LAAS,30
2307407,19:41:00,19:41:10,stop_point:SP_2607,Giordano Bruno,31
2307407,19:42:00,19:42:10,stop_point:SP_474,Sports Universitaires,32
2307407,19:43:00,19:43:10,stop_point:SP_1854,Naturopole,33
2307407,19:45:00,19:45:10,stop_point:SP_548,Ramonville,34
2307408,19:39:00,19:39:10,stop_point:SP_3200,Jolimont,1
2307408,19:41:00,19:41:10,stop_point:SP_91,Chaumière,2
2307408,19:42:00,19:42:10,stop_point:SP_2865,Heredia,3
2307408,19:43:00,19:43:10,stop_point:SP_1152,Soupetard Salonique,4
2307408,19:44:00,19:44:10,stop_point:SP_3402,Coquille,5
2307408,19:45:00,19:45:10,stop_point:SP_2952,Jean Chaubet,6
2307408,19:46:00,19:46:10,stop_point:SP_1352,Achiary,7
2307408,19:48:00,19:48:10,stop_point:SP_109,Av. Raymond Naves,8
2307408,19:48:00,19:48:10,stop_point:SP_2670,Lafilaire,9
2307408,19:49:00,19:49:10,stop_point:SP_1692,Limayrac,10
2307408,19:50:00,19:50:10,stop_point:SP_2496,Balansa,11
2307408,19:50:00,19:50:10,stop_point:SP_2997,Jacinthes,12
2307408,19:51:00,19:51:10,stop_point:SP_2665,Baroux,13
2307408,19:52:00,19:52:10,stop_point:SP_407,Firmis,14
2307408,19:53:00,19:53:10,stop_point:SP_3653,Pugens,15
2307408,19:53:00,19:53:10,stop_point:SP_1135,Mont Ventoux,16
2307408,19:54:00,19:54:10,stop_point:SP_1337,Allègre,17
2307408,19:55:00,19:55:10,stop_point:SP_487,Ledormeur,18
2307408,19:56:00,19:56:10,stop_point:SP_1385,Garin,19
2307408,19:57:00,19:57:10,stop_point:SP_1759,Tahiti,20
2307408,19:58:00,19:58:10,stop_point:SP_882,Bréguet,21
2307408,19:58:00,19:58:10,stop_point:SP_3083,Piste des Géants,22
2307408,19:59:00,19:59:10,stop_point:SP_5276,Gonin,23
2307408,20:00:00,20:00:10,stop_point:SP_4963,Armentières,24
2307408,20:01:00,20:01:10,stop_point:SP_3890,Védrines,25
2307408,20:02:00,20:02:10,stop_point:SP_2545,Rodier,26
2307408,20:03:00,20:03:10,stop_point:SP_2730,Clément Ader,27
2307408,20:05:00,20:05:10,stop_point:SP_2661,CNES- IAS,28
2307408,20:06:00,20:06:10,stop_point:SP_3799,ENAC,29
2307408,20:07:00,20:07:10,stop_point:SP_2792,LAAS,30
2307408,20:09:00,20:09:10,stop_point:SP_2607,Giordano Bruno,31
2307408,20:10:00,20:10:10,stop_point:SP_474,Sports Universitaires,32
2307408,20:11:00,20:11:10,stop_point:SP_1854,Naturopole,33
2307408,20:13:00,20:13:10,stop_point:SP_548,Ramonville,34
2307409,20:19:00,20:19:10,stop_point:SP_3200,Jolimont,1
2307409,20:21:00,20:21:10,stop_point:SP_91,Chaumière,2
2307409,20:22:00,20:22:10,stop_point:SP_2865,Heredia,3
2307409,20:23:00,20:23:10,stop_point:SP_1152,Soupetard Salonique,4
2307409,20:24:00,20:24:10,stop_point:SP_3402,Coquille,5
2307409,20:25:00,20:25:10,stop_point:SP_2952,Jean Chaubet,6
2307409,20:26:00,20:26:10,stop_point:SP_1352,Achiary,7
2307409,20:28:00,20:28:10,stop_point:SP_109,Av. Raymond Naves,8
2307409,20:28:00,20:28:10,stop_point:SP_2670,Lafilaire,9
2307409,20:29:00,20:29:10,stop_point:SP_1692,Limayrac,10
2307409,20:29:00,20:29:10,stop_point:SP_2496,Balansa,11
2307409,20:30:00,20:30:10,stop_point:SP_2997,Jacinthes,12
2307409,20:30:00,20:30:10,stop_point:SP_2665,Baroux,13
2307409,20:31:00,20:31:10,stop_point:SP_407,Firmis,14
2307409,20:32:00,20:32:10,stop_point:SP_3653,Pugens,15
2307409,20:32:00,20:32:10,stop_point:SP_1135,Mont Ventoux,16
2307409,20:33:00,20:33:10,stop_point:SP_1337,Allègre,17
2307409,20:34:00,20:34:10,stop_point:SP_487,Ledormeur,18
2307409,20:35:00,20:35:10,stop_point:SP_1385,Garin,19
2307409,20:36:00,20:36:10,stop_point:SP_1759,Tahiti,20
2307409,20:37:00,20:37:10,stop_point:SP_882,Bréguet,21
2307409,20:37:00,20:37:10,stop_point:SP_3083,Piste des Géants,22
2307409,20:38:00,20:38:10,stop_point:SP_5276,Gonin,23
2307409,20:39:00,20:39:10,stop_point:SP_4963,Armentières,24
2307409,20:40:00,20:40:10,stop_point:SP_3890,Védrines,25
2307409,20:40:00,20:40:10,stop_point:SP_2545,Rodier,26
2307409,20:41:00,20:41:10,stop_point:SP_2730,Clément Ader,27
2307409,20:43:00,20:43:10,stop_point:SP_2661,CNES- IAS,28
2307409,20:44:00,20:44:10,stop_point:SP_3799,ENAC,29
2307409,20:45:00,20:45:10,stop_point:SP_2792,LAAS,30
2307409,20:47:00,20:47:10,stop_point:SP_2607,Giordano Bruno,31
2307409,20:48:00,20:48:10,stop_point:SP_474,Sports Universitaires,32
2307409,20:49:00,20:49:10,stop_point:SP_1854,Naturopole,33
2307409,20:51:00,20:51:10,stop_point:SP_548,Ramonville,34
2307410,21:00:00,21:00:10,stop_point:SP_3200,Jolimont,1
2307410,21:02:00,21:02:10,stop_point:SP_91,Chaumière,2
2307410,21:02:00,21:02:10,stop_point:SP_2865,Heredia,3
2307410,21:03:00,21:03:10,stop_point:SP_1152,Soupetard Salonique,4
2307410,21:04:00,21:04:10,stop_point:SP_3402,Coquille,5
2307410,21:05:00,21:05:10,stop_point:SP_2952,Jean Chaubet,6
2307410,21:06:00,21:06:10,stop_point:SP_1352,Achiary,7
2307410,21:07:00,21:07:10,stop_point:SP_109,Av. Raymond Naves,8
2307410,21:08:00,21:08:10,stop_point:SP_2670,Lafilaire,9
2307410,21:08:00,21:08:10,stop_point:SP_1692,Limayrac,10
2307410,21:08:00,21:08:10,stop_point:SP_2496,Balansa,11
2307410,21:09:00,21:09:10,stop_point:SP_2997,Jacinthes,12
2307410,21:09:00,21:09:10,stop_point:SP_2665,Baroux,13
2307410,21:10:00,21:10:10,stop_point:SP_407,Firmis,14
2307410,21:11:00,21:11:10,stop_point:SP_3653,Pugens,15
2307410,21:11:00,21:11:10,stop_point:SP_1135,Mont Ventoux,16
2307410,21:12:00,21:12:10,stop_point:SP_1337,Allègre,17
2307410,21:13:00,21:13:10,stop_point:SP_487,Ledormeur,18
2307410,21:14:00,21:14:10,stop_point:SP_1385,Garin,19
2307410,21:15:00,21:15:10,stop_point:SP_1759,Tahiti,20
2307410,21:16:00,21:16:10,stop_point:SP_882,Bréguet,21
2307410,21:16:00,21:16:10,stop_point:SP_3083,Piste des Géants,22
2307410,21:17:00,21:17:10,stop_point:SP_5276,Gonin,23
2307410,21:18:00,21:18:10,stop_point:SP_4963,Armentières,24
2307410,21:19:00,21:19:10,stop_point:SP_3890,Védrines,25
2307410,21:19:00,21:19:10,stop_point:SP_2545,Rodier,26
2307410,21:20:00,21:20:10,stop_point:SP_2730,Clément Ader,27
2307410,21:22:00,21:22:10,stop_point:SP_2661,CNES- IAS,28
2307410,21:23:00,21:23:10,stop_point:SP_3799,ENAC,29
2307410,21:24:00,21:24:10,stop_point:SP_2792,LAAS,30
2307410,21:26:00,21:26:10,stop_point:SP_2607,Giordano Bruno,31
2307410,21:27:00,21:27:10,stop_point:SP_474,Sports Universitaires,32
2307410,21:28:00,21:28:10,stop_point:SP_1854,Naturopole,33
2307410,21:30:00,21:30:10,stop_point:SP_548,Ramonville,34
2307411,06:04:00,06:04:10,stop_point:SP_548,Ramonville,1
2307411,06:06:00,06:06:10,stop_point:SP_3112,Naturopole,2
2307411,06:07:00,06:07:10,stop_point:SP_3474,Sports Universitaires,3
2307411,06:08:00,06:08:10,stop_point:SP_3508,Giordano Bruno,4
2307411,06:10:00,06:10:10,stop_point:SP_1412,LAAS,5
2307411,06:11:00,06:11:10,stop_point:SP_3860,ENAC,6
2307411,06:12:00,06:12:10,stop_point:SP_3735,CNES- IAS,7
2307411,06:14:00,06:14:10,stop_point:SP_1844,Clément Ader,8
2307411,06:16:00,06:16:10,stop_point:SP_737,Rodier,9
2307411,06:16:00,06:16:10,stop_point:SP_875,Védrines,10
2307411,06:18:00,06:18:10,stop_point:SP_4961,Armentières,11
2307411,06:19:00,06:19:10,stop_point:SP_4720,Gonin,12
2307411,06:20:00,06:20:10,stop_point:SP_603,Piste des Géants,13
2307411,06:21:00,06:21:10,stop_point:SP_340,Bréguet,14
2307411,06:22:00,06:22:10,stop_point:SP_2304,Tahiti,15
2307411,06:23:00,06:23:10,stop_point:SP_2562,Garin,16
2307411,06:25:00,06:25:10,stop_point:SP_2590,Ledormeur,17
2307411,06:26:00,06:26:10,stop_point:SP_3494,Allègre,18
2307411,06:27:00,06:27:10,stop_point:SP_1206,Mont Ventoux,19
2307411,06:28:00,06:28:10,stop_point:SP_1860,Firmis,20
2307411,06:29:00,06:29:10,stop_point:SP_2799,Baroux,21
2307411,06:30:00,06:30:10,stop_point:SP_718,Jacinthes,22
2307411,06:30:00,06:30:10,stop_point:SP_2225,Balansa,23
2307411,06:31:00,06:31:10,stop_point:SP_3505,Limayrac,24
2307411,06:32:00,06:32:10,stop_point:SP_258,Lafilaire,25
2307411,06:32:00,06:32:10,stop_point:SP_3381,Av. Raymond Naves,26
2307411,06:34:00,06:34:10,stop_point:SP_993,Achiary,27
2307411,06:35:00,06:35:10,stop_point:SP_3477,Jean Chaubet,28
2307411,06:36:00,06:36:10,stop_point:SP_2259,Coquille,29
2307411,06:37:00,06:37:10,stop_point:SP_3648,Soupetard Salonique,30
2307411,06:38:00,06:38:10,stop_point:SP_3569,Heredia,31
2307411,06:39:00,06:39:10,stop_point:SP_1024,Chaumière,32
2307411,06:41:00,06:41:10,stop_point:SP_3200,Jolimont,33
2307412,06:24:00,06:24:10,stop_point:SP_548,Ramonville,1
2307412,06:26:00,06:26:10,stop_point:SP_3112,Naturopole,2
2307412,06:27:00,06:27:10,stop_point:SP_3474,Sports Universitaires,3
2307412,06:28:00,06:28:10,stop_point:SP_3508,Giordano Bruno,4
2307412,06:30:00,06:30:10,stop_point:SP_1412,LAAS,5
2307412,06:31:00,06:31:10,stop_point:SP_3860,ENAC,6
2307412,06:32:00,06:32:10,stop_point:SP_3735,CNES- IAS,7
2307412,06:34:00,06:34:10,stop_point:SP_1844,Clément Ader,8
2307412,06:36:00,06:36:10,stop_point:SP_737,Rodier,9
2307412,06:36:00,06:36:10,stop_point:SP_875,Védrines,10
2307412,06:38:00,06:38:10,stop_point:SP_4961,Armentières,11
2307412,06:39:00,06:39:10,stop_point:SP_4720,Gonin,12
2307412,06:40:00,06:40:10,stop_point:SP_603,Piste des Géants,13
2307412,06:41:00,06:41:10,stop_point:SP_340,Bréguet,14
2307412,06:42:00,06:42:10,stop_point:SP_2304,Tahiti,15
2307412,06:43:00,06:43:10,stop_point:SP_2562,Garin,16
2307412,06:45:00,06:45:10,stop_point:SP_2590,Ledormeur,17
2307412,06:46:00,06:46:10,stop_point:SP_3494,Allègre,18
2307412,06:47:00,06:47:10,stop_point:SP_1206,Mont Ventoux,19
2307412,06:48:00,06:48:10,stop_point:SP_1860,Firmis,20
2307412,06:49:00,06:49:10,stop_point:SP_2799,Baroux,21
2307412,06:50:00,06:50:10,stop_point:SP_718,Jacinthes,22
2307412,06:50:00,06:50:10,stop_point:SP_2225,Balansa,23
2307412,06:51:00,06:51:10,stop_point:SP_3505,Limayrac,24
2307412,06:52:00,06:52:10,stop_point:SP_258,Lafilaire,25
2307412,06:52:00,06:52:10,stop_point:SP_3381,Av. Raymond Naves,26
2307412,06:54:00,06:54:10,stop_point:SP_993,Achiary,27
2307412,06:55:00,06:55:10,stop_point:SP_3477,Jean Chaubet,28
2307412,06:56:00,06:56:10,stop_point:SP_2259,Coquille,29
2307412,06:57:00,06:57:10,stop_point:SP_3648,Soupetard Salonique,30
2307412,06:58:00,06:58:10,stop_point:SP_3569,Heredia,31
2307412,06:59:00,06:59:10,stop_point:SP_1024,Chaumière,32
2307412,07:01:00,07:01:10,stop_point:SP_3200,Jolimont,33
2307413,06:44:00,06:44:10,stop_point:SP_548,Ramonville,1
2307413,06:46:00,06:46:10,stop_point:SP_3112,Naturopole,2
2307413,06:47:00,06:47:10,stop_point:SP_3474,Sports Universitaires,3
2307413,06:48:00,06:48:10,stop_point:SP_3508,Giordano Bruno,4
2307413,06:50:00,06:50:10,stop_point:SP_1412,LAAS,5
2307413,06:51:00,06:51:10,stop_point:SP_3860,ENAC,6
2307413,06:52:00,06:52:10,stop_point:SP_3735,CNES- IAS,7
2307413,06:54:00,06:54:10,stop_point:SP_1844,Clément Ader,8
2307413,06:56:00,06:56:10,stop_point:SP_737,Rodier,9
2307413,06:56:00,06:56:10,stop_point:SP_875,Védrines,10
2307413,06:58:00,06:58:10,stop_point:SP_4961,Armentières,11
2307413,06:59:00,06:59:10,stop_point:SP_4720,Gonin,12
2307413,07:00:00,07:00:10,stop_point:SP_603,Piste des Géants,13
2307413,07:01:00,07:01:10,stop_point:SP_340,Bréguet,14
2307413,07:02:00,07:02:10,stop_point:SP_2304,Tahiti,15
2307413,07:03:00,07:03:10,stop_point:SP_2562,Garin,16
2307413,07:05:00,07:05:10,stop_point:SP_2590,Ledormeur,17
2307413,07:06:00,07:06:10,stop_point:SP_3494,Allègre,18
2307413,07:07:00,07:07:10,stop_point:SP_1206,Mont Ventoux,19
2307413,07:08:00,07:08:10,stop_point:SP_1860,Firmis,20
2307413,07:09:00,07:09:10,stop_point:SP_2799,Baroux,21
2307413,07:10:00,07:10:10,stop_point:SP_718,Jacinthes,22
2307413,07:11:00,07:11:10,stop_point:SP_2225,Balansa,23
2307413,07:12:00,07:12:10,stop_point:SP_3505,Limayrac,24
2307413,07:13:00,07:13:10,stop_point:SP_258,Lafilaire,25
2307413,07:14:00,07:14:10,stop_point:SP_3381,Av. Raymond Naves,26
2307413,07:15:00,07:15:10,stop_point:SP_993,Achiary,27
2307413,07:17:00,07:17:10,stop_point:SP_3477,Jean Chaubet,28
2307413,07:18:00,07:18:10,stop_point:SP_2259,Coquille,29
2307413,07:19:00,07:19:10,stop_point:SP_3648,Soupetard Salonique,30
2307413,07:21:00,07:21:10,stop_point:SP_3569,Heredia,31
2307413,07:22:00,07:22:10,stop_point:SP_1024,Chaumière,32
2307413,07:24:00,07:24:10,stop_point:SP_3200,Jolimont,33
2307414,07:01:00,07:01:10,stop_point:SP_548,Ramonville,1
2307414,07:03:00,07:03:10,stop_point:SP_3112,Naturopole,2
2307414,07:04:00,07:04:10,stop_point:SP_3474,Sports Universitaires,3
2307414,07:05:00,07:05:10,stop_point:SP_3508,Giordano Bruno,4
2307414,07:07:00,07:07:10,stop_point:SP_1412,LAAS,5
2307414,07:08:00,07:08:10,stop_point:SP_3860,ENAC,6
2307414,07:09:00,07:09:10,stop_point:SP_3735,CNES- IAS,7
2307414,07:11:00,07:11:10,stop_point:SP_1844,Clément Ader,8
2307414,07:13:00,07:13:10,stop_point:SP_737,Rodier,9
2307414,07:13:00,07:13:10,stop_point:SP_875,Védrines,10
2307414,07:15:00,07:15:10,stop_point:SP_4961,Armentières,11
2307414,07:16:00,07:16:10,stop_point:SP_4720,Gonin,12
2307414,07:17:00,07:17:10,stop_point:SP_603,Piste des Géants,13
2307414,07:18:00,07:18:10,stop_point:SP_340,Bréguet,14
2307414,07:19:00,07:19:10,stop_point:SP_2304,Tahiti,15
2307414,07:20:00,07:20:10,stop_point:SP_2562,Garin,16
2307414,07:22:00,07:22:10,stop_point:SP_2590,Ledormeur,17
2307414,07:23:00,07:23:10,stop_point:SP_3494,Allègre,18
2307414,07:24:00,07:24:10,stop_point:SP_1206,Mont Ventoux,19
2307414,07:25:00,07:25:10,stop_point:SP_1860,Firmis,20
2307414,07:26:00,07:26:10,stop_point:SP_2799,Baroux,21
2307414,07:27:00,07:27:10,stop_point:SP_718,Jacinthes,22
2307414,07:28:00,07:28:10,stop_point:SP_2225,Balansa,23
2307414,07:29:00,07:29:10,stop_point:SP_3505,Limayrac,24
2307414,07:30:00,07:30:10,stop_point:SP_258,Lafilaire,25
2307414,07:31:00,07:31:10,stop_point:SP_3381,Av. Raymond Naves,26
2307414,07:33:00,07:33:10,stop_point:SP_993,Achiary,27
2307414,07:35:00,07:35:10,stop_point:SP_3477,Jean Chaubet,28
2307414,07:36:00,07:36:10,stop_point:SP_2259,Coquille,29
2307414,07:37:00,07:37:10,stop_point:SP_3648,Soupetard Salonique,30
2307414,07:39:00,07:39:10,stop_point:SP_3569,Heredia,31
2307414,07:40:00,07:40:10,stop_point:SP_1024,Chaumière,32
2307414,07:42:00,07:42:10,stop_point:SP_3200,Jolimont,33
2307415,07:17:00,07:17:10,stop_point:SP_548,Ramonville,1
2307415,07:19:00,07:19:10,stop_point:SP_3112,Naturopole,2
2307415,07:20:00,07:20:10,stop_point:SP_3474,Sports Universitaires,3
2307415,07:21:00,07:21:10,stop_point:SP_3508,Giordano Bruno,4
2307415,07:23:00,07:23:10,stop_point:SP_1412,LAAS,5
2307415,07:24:00,07:24:10,stop_point:SP_3860,ENAC,6
2307415,07:25:00,07:25:10,stop_point:SP_3735,CNES- IAS,7
2307415,07:27:00,07:27:10,stop_point:SP_1844,Clément Ader,8
2307415,07:29:00,07:29:10,stop_point:SP_737,Rodier,9
2307415,07:29:00,07:29:10,stop_point:SP_875,Védrines,10
2307415,07:31:00,07:31:10,stop_point:SP_4961,Armentières,11
2307415,07:32:00,07:32:10,stop_point:SP_4720,Gonin,12
2307415,07:33:00,07:33:10,stop_point:SP_603,Piste des Géants,13
2307415,07:34:00,07:34:10,stop_point:SP_340,Bréguet,14
2307415,07:35:00,07:35:10,stop_point:SP_2304,Tahiti,15
2307415,07:37:00,07:37:10,stop_point:SP_2562,Garin,16
2307415,07:39:00,07:39:10,stop_point:SP_2590,Ledormeur,17
2307415,07:40:00,07:40:10,stop_point:SP_3494,Allègre,18
2307415,07:41:00,07:41:10,stop_point:SP_1206,Mont Ventoux,19
2307415,07:42:00,07:42:10,stop_point:SP_1860,Firmis,20
2307415,07:43:00,07:43:10,stop_point:SP_2799,Baroux,21
2307415,07:45:00,07:45:10,stop_point:SP_718,Jacinthes,22
2307415,07:46:00,07:46:10,stop_point:SP_2225,Balansa,23
2307415,07:47:00,07:47:10,stop_point:SP_3505,Limayrac,24
2307415,07:48:00,07:48:10,stop_point:SP_258,Lafilaire,25
2307415,07:49:00,07:49:10,stop_point:SP_3381,Av. Raymond Naves,26
2307415,07:51:00,07:51:10,stop_point:SP_993,Achiary,27
2307415,07:53:00,07:53:10,stop_point:SP_3477,Jean Chaubet,28
2307415,07:54:00,07:54:10,stop_point:SP_2259,Coquille,29
2307415,07:56:00,07:56:10,stop_point:SP_3648,Soupetard Salonique,30
2307415,07:57:00,07:57:10,stop_point:SP_3569,Heredia,31
2307415,07:58:00,07:58:10,stop_point:SP_1024,Chaumière,32
2307415,08:01:00,08:01:10,stop_point:SP_3200,Jolimont,33
2307416,07:33:00,07:33:10,stop_point:SP_548,Ramonville,1
2307416,07:35:00,07:35:10,stop_point:SP_3112,Naturopole,2
2307416,07:36:00,07:36:10,stop_point:SP_3474,Sports Universitaires,3
2307416,07:37:00,07:37:10,stop_point:SP_3508,Giordano Bruno,4
2307416,07:39:00,07:39:10,stop_point:SP_1412,LAAS,5
2307416,07:40:00,07:40:10,stop_point:SP_3860,ENAC,6
2307416,07:41:00,07:41:10,stop_point:SP_3735,CNES- IAS,7
2307416,07:43:00,07:43:10,stop_point:SP_1844,Clément Ader,8
2307416,07:45:00,07:45:10,stop_point:SP_737,Rodier,9
2307416,07:45:00,07:45:10,stop_point:SP_875,Védrines,10
2307416,07:47:00,07:47:10,stop_point:SP_4961,Armentières,11
2307416,07:48:00,07:48:10,stop_point:SP_4720,Gonin,12
2307416,07:49:00,07:49:10,stop_point:SP_603,Piste des Géants,13
2307416,07:50:00,07:50:10,stop_point:SP_340,Bréguet,14
2307416,07:51:00,07:51:10,stop_point:SP_2304,Tahiti,15
2307416,07:53:00,07:53:10,stop_point:SP_2562,Garin,16
2307416,07:55:00,07:55:10,stop_point:SP_2590,Ledormeur,17
2307416,07:56:00,07:56:10,stop_point:SP_3494,Allègre,18
2307416,07:57:00,07:57:10,stop_point:SP_1206,Mont Ventoux,19
2307416,07:58:00,07:58:10,stop_point:SP_1860,Firmis,20
2307416,07:59:00,07:59:10,stop_point:SP_2799,Baroux,21
2307416,08:01:00,08:01:10,stop_point:SP_718,Jacinthes,22
2307416,08:02:00,08:02:10,stop_point:SP_2225,Balansa,23
2307416,08:03:00,08:03:10,stop_point:SP_3505,Limayrac,24
2307416,08:04:00,08:04:10,stop_point:SP_258,Lafilaire,25
2307416,08:05:00,08:05:10,stop_point:SP_3381,Av. Raymond Naves,26
2307416,08:07:00,08:07:10,stop_point:SP_993,Achiary,27
2307416,08:09:00,08:09:10,stop_point:SP_3477,Jean Chaubet,28
2307416,08:10:00,08:10:10,stop_point:SP_2259,Coquille,29
2307416,08:12:00,08:12:10,stop_point:SP_3648,Soupetard Salonique,30
2307416,08:13:00,08:13:10,stop_point:SP_3569,Heredia,31
2307416,08:14:00,08:14:10,stop_point:SP_1024,Chaumière,32
2307416,08:17:00,08:17:10,stop_point:SP_3200,Jolimont,33
2307417,07:49:00,07:49:10,stop_point:SP_548,Ramonville,1
2307417,07:51:00,07:51:10,stop_point:SP_3112,Naturopole,2
2307417,07:52:00,07:52:10,stop_point:SP_3474,Sports Universitaires,3
2307417,07:53:00,07:53:10,stop_point:SP_3508,Giordano Bruno,4
2307417,07:55:00,07:55:10,stop_point:SP_1412,LAAS,5
2307417,07:56:00,07:56:10,stop_point:SP_3860,ENAC,6
2307417,07:57:00,07:57:10,stop_point:SP_3735,CNES- IAS,7
2307417,07:59:00,07:59:10,stop_point:SP_1844,Clément Ader,8
2307417,08:01:00,08:01:10,stop_point:SP_737,Rodier,9
2307417,08:01:00,08:01:10,stop_point:SP_875,Védrines,10
2307417,08:03:00,08:03:10,stop_point:SP_4961,Armentières,11
2307417,08:04:00,08:04:10,stop_point:SP_4720,Gonin,12
2307417,08:05:00,08:05:10,stop_point:SP_603,Piste des Géants,13
2307417,08:06:00,08:06:10,stop_point:SP_340,Bréguet,14
2307417,08:07:00,08:07:10,stop_point:SP_2304,Tahiti,15
2307417,08:09:00,08:09:10,stop_point:SP_2562,Garin,16
2307417,08:11:00,08:11:10,stop_point:SP_2590,Ledormeur,17
2307417,08:12:00,08:12:10,stop_point:SP_3494,Allègre,18
2307417,08:13:00,08:13:10,stop_point:SP_1206,Mont Ventoux,19
2307417,08:14:00,08:14:10,stop_point:SP_1860,Firmis,20
2307417,08:15:00,08:15:10,stop_point:SP_2799,Baroux,21
2307417,08:17:00,08:17:10,stop_point:SP_718,Jacinthes,22
2307417,08:18:00,08:18:10,stop_point:SP_2225,Balansa,23
2307417,08:19:00,08:19:10,stop_point:SP_3505,Limayrac,24
2307417,08:20:00,08:20:10,stop_point:SP_258,Lafilaire,25
2307417,08:21:00,08:21:10,stop_point:SP_3381,Av. Raymond Naves,26
2307417,08:23:00,08:23:10,stop_point:SP_993,Achiary,27
2307417,08:25:00,08:25:10,stop_point:SP_3477,Jean Chaubet,28
2307417,08:26:00,08:26:10,stop_point:SP_2259,Coquille,29
2307417,08:27:00,08:27:10,stop_point:SP_3648,Soupetard Salonique,30
2307417,08:29:00,08:29:10,stop_point:SP_3569,Heredia,31
2307417,08:30:00,08:30:10,stop_point:SP_1024,Chaumière,32
2307417,08:32:00,08:32:10,stop_point:SP_3200,Jolimont,33
2307418,08:05:00,08:05:10,stop_point:SP_548,Ramonville,1
2307418,08:07:00,08:07:10,stop_point:SP_3112,Naturopole,2
2307418,08:08:00,08:08:10,stop_point:SP_3474,Sports Universitaires,3
2307418,08:09:00,08:09:10,stop_point:SP_3508,Giordano Bruno,4
2307418,08:11:00,08:11:10,stop_point:SP_1412,LAAS,5
2307418,08:12:00,08:12:10,stop_point:SP_3860,ENAC,6
2307418,08:13:00,08:13:10,stop_point:SP_3735,CNES- IAS,7
2307418,08:15:00,08:15:10,stop_point:SP_1844,Clément Ader,8
2307418,08:17:00,08:17:10,stop_point:SP_737,Rodier,9
2307418,08:17:00,08:17:10,stop_point:SP_875,Védrines,10
2307418,08:19:00,08:19:10,stop_point:SP_4961,Armentières,11
2307418,08:20:00,08:20:10,stop_point:SP_4720,Gonin,12
2307418,08:21:00,08:21:10,stop_point:SP_603,Piste des Géants,13
2307418,08:22:00,08:22:10,stop_point:SP_340,Bréguet,14
2307418,08:23:00,08:23:10,stop_point:SP_2304,Tahiti,15
2307418,08:25:00,08:25:10,stop_point:SP_2562,Garin,16
2307418,08:27:00,08:27:10,stop_point:SP_2590,Ledormeur,17
2307418,08:28:00,08:28:10,stop_point:SP_3494,Allègre,18
2307418,08:29:00,08:29:10,stop_point:SP_1206,Mont Ventoux,19
2307418,08:30:00,08:30:10,stop_point:SP_1860,Firmis,20
2307418,08:31:00,08:31:10,stop_point:SP_2799,Baroux,21
2307418,08:33:00,08:33:10,stop_point:SP_718,Jacinthes,22
2307418,08:34:00,08:34:10,stop_point:SP_2225,Balansa,23
2307418,08:35:00,08:35:10,stop_point:SP_3505,Limayrac,24
2307418,08:36:00,08:36:10,stop_point:SP_258,Lafilaire,25
2307418,08:37:00,08:37:10,stop_point:SP_3381,Av. Raymond Naves,26
2307418,08:39:00,08:39:10,stop_point:SP_993,Achiary,27
2307418,08:41:00,08:41:10,stop_point:SP_3477,Jean Chaubet,28
2307418,08:42:00,08:42:10,stop_point:SP_2259,Coquille,29
2307418,08:43:00,08:43:10,stop_point:SP_3648,Soupetard Salonique,30
2307418,08:44:00,08:44:10,stop_point:SP_3569,Heredia,31
2307418,08:45:00,08:45:10,stop_point:SP_1024,Chaumière,32
2307418,08:47:00,08:47:10,stop_point:SP_3200,Jolimont,33
2307419,08:21:00,08:21:10,stop_point:SP_548,Ramonville,1
2307419,08:23:00,08:23:10,stop_point:SP_3112,Naturopole,2
2307419,08:24:00,08:24:10,stop_point:SP_3474,Sports Universitaires,3
2307419,08:25:00,08:25:10,stop_point:SP_3508,Giordano Bruno,4
2307419,08:27:00,08:27:10,stop_point:SP_1412,LAAS,5
2307419,08:28:00,08:28:10,stop_point:SP_3860,ENAC,6
2307419,08:29:00,08:29:10,stop_point:SP_3735,CNES- IAS,7
2307419,08:31:00,08:31:10,stop_point:SP_1844,Clément Ader,8
2307419,08:33:00,08:33:10,stop_point:SP_737,Rodier,9
2307419,08:33:00,08:33:10,stop_point:SP_875,Védrines,10
2307419,08:35:00,08:35:10,stop_point:SP_4961,Armentières,11
2307419,08:36:00,08:36:10,stop_point:SP_4720,Gonin,12
2307419,08:37:00,08:37:10,stop_point:SP_603,Piste des Géants,13
2307419,08:38:00,08:38:10,stop_point:SP_340,Bréguet,14
2307419,08:39:00,08:39:10,stop_point:SP_2304,Tahiti,15
2307419,08:41:00,08:41:10,stop_point:SP_2562,Garin,16
2307419,08:43:00,08:43:10,stop_point:SP_2590,Ledormeur,17
2307419,08:44:00,08:44:10,stop_point:SP_3494,Allègre,18
2307419,08:45:00,08:45:10,stop_point:SP_1206,Mont Ventoux,19
2307419,08:46:00,08:46:10,stop_point:SP_1860,Firmis,20
2307419,08:47:00,08:47:10,stop_point:SP_2799,Baroux,21
2307419,08:48:00,08:48:10,stop_point:SP_718,Jacinthes,22
2307419,08:49:00,08:49:10,stop_point:SP_2225,Balansa,23
2307419,08:50:00,08:50:10,stop_point:SP_3505,Limayrac,24
2307419,08:51:00,08:51:10,stop_point:SP_258,Lafilaire,25
2307419,08:52:00,08:52:10,stop_point:SP_3381,Av. Raymond Naves,26
2307419,08:54:00,08:54:10,stop_point:SP_993,Achiary,27
2307419,08:56:00,08:56:10,stop_point:SP_3477,Jean Chaubet,28
2307419,08:57:00,08:57:10,stop_point:SP_2259,Coquille,29
2307419,08:58:00,08:58:10,stop_point:SP_3648,Soupetard Salonique,30
2307419,08:59:00,08:59:10,stop_point:SP_3569,Heredia,31
2307419,09:00:00,09:00:10,stop_point:SP_1024,Chaumière,32
2307419,09:02:00,09:02:10,stop_point:SP_3200,Jolimont,33
2307420,08:37:00,08:37:10,stop_point:SP_548,Ramonville,1
2307420,08:39:00,08:39:10,stop_point:SP_3112,Naturopole,2
2307420,08:40:00,08:40:10,stop_point:SP_3474,Sports Universitaires,3
2307420,08:41:00,08:41:10,stop_point:SP_3508,Giordano Bruno,4
2307420,08:43:00,08:43:10,stop_point:SP_1412,LAAS,5
2307420,08:44:00,08:44:10,stop_point:SP_3860,ENAC,6
2307420,08:45:00,08:45:10,stop_point:SP_3735,CNES- IAS,7
2307420,08:47:00,08:47:10,stop_point:SP_1844,Clément Ader,8
2307420,08:49:00,08:49:10,stop_point:SP_737,Rodier,9
2307420,08:49:00,08:49:10,stop_point:SP_875,Védrines,10
2307420,08:51:00,08:51:10,stop_point:SP_4961,Armentières,11
2307420,08:52:00,08:52:10,stop_point:SP_4720,Gonin,12
2307420,08:53:00,08:53:10,stop_point:SP_603,Piste des Géants,13
2307420,08:54:00,08:54:10,stop_point:SP_340,Bréguet,14
2307420,08:55:00,08:55:10,stop_point:SP_2304,Tahiti,15
2307420,08:56:00,08:56:10,stop_point:SP_2562,Garin,16
2307420,08:58:00,08:58:10,stop_point:SP_2590,Ledormeur,17
2307420,08:59:00,08:59:10,stop_point:SP_3494,Allègre,18
2307420,09:00:00,09:00:10,stop_point:SP_1206,Mont Ventoux,19
2307420,09:01:00,09:01:10,stop_point:SP_1860,Firmis,20
2307420,09:02:00,09:02:10,stop_point:SP_2799,Baroux,21
2307420,09:03:00,09:03:10,stop_point:SP_718,Jacinthes,22
2307420,09:03:00,09:03:10,stop_point:SP_2225,Balansa,23
2307420,09:04:00,09:04:10,stop_point:SP_3505,Limayrac,24
2307420,09:05:00,09:05:10,stop_point:SP_258,Lafilaire,25
2307420,09:06:00,09:06:10,stop_point:SP_3381,Av. Raymond Naves,26
2307420,09:08:00,09:08:10,stop_point:SP_993,Achiary,27
2307420,09:10:00,09:10:10,stop_point:SP_3477,Jean Chaubet,28
2307420,09:11:00,09:11:10,stop_point:SP_2259,Coquille,29
2307420,09:12:00,09:12:10,stop_point:SP_3648,Soupetard Salonique,30
2307420,09:13:00,09:13:10,stop_point:SP_3569,Heredia,31
2307420,09:14:00,09:14:10,stop_point:SP_1024,Chaumière,32
2307420,09:16:00,09:16:10,stop_point:SP_3200,Jolimont,33
2307421,08:53:00,08:53:10,stop_point:SP_548,Ramonville,1
2307421,08:55:00,08:55:10,stop_point:SP_3112,Naturopole,2
2307421,08:56:00,08:56:10,stop_point:SP_3474,Sports Universitaires,3
2307421,08:57:00,08:57:10,stop_point:SP_3508,Giordano Bruno,4
2307421,08:59:00,08:59:10,stop_point:SP_1412,LAAS,5
2307421,09:00:00,09:00:10,stop_point:SP_3860,ENAC,6
2307421,09:01:00,09:01:10,stop_point:SP_3735,CNES- IAS,7
2307421,09:03:00,09:03:10,stop_point:SP_1844,Clément Ader,8
2307421,09:05:00,09:05:10,stop_point:SP_737,Rodier,9
2307421,09:05:00,09:05:10,stop_point:SP_875,Védrines,10
2307421,09:07:00,09:07:10,stop_point:SP_4961,Armentières,11
2307421,09:08:00,09:08:10,stop_point:SP_4720,Gonin,12
2307421,09:09:00,09:09:10,stop_point:SP_603,Piste des Géants,13
2307421,09:10:00,09:10:10,stop_point:SP_340,Bréguet,14
2307421,09:11:00,09:11:10,stop_point:SP_2304,Tahiti,15
2307421,09:12:00,09:12:10,stop_point:SP_2562,Garin,16
2307421,09:14:00,09:14:10,stop_point:SP_2590,Ledormeur,17
2307421,09:15:00,09:15:10,stop_point:SP_3494,Allègre,18
2307421,09:16:00,09:16:10,stop_point:SP_1206,Mont Ventoux,19
2307421,09:17:00,09:17:10,stop_point:SP_1860,Firmis,20
2307421,09:18:00,09:18:10,stop_point:SP_2799,Baroux,21
2307421,09:19:00,09:19:10,stop_point:SP_718,Jacinthes,22
2307421,09:19:00,09:19:10,stop_point:SP_2225,Balansa,23
2307421,09:20:00,09:20:10,stop_point:SP_3505,Limayrac,24
2307421,09:21:00,09:21:10,stop_point:SP_258,Lafilaire,25
2307421,09:22:00,09:22:10,stop_point:SP_3381,Av. Raymond Naves,26
2307421,09:23:00,09:23:10,stop_point:SP_993,Achiary,27
2307421,09:25:00,09:25:10,stop_point:SP_3477,Jean Chaubet,28
2307421,09:26:00,09:26:10,stop_point:SP_2259,Coquille,29
2307421,09:27:00,09:27:10,stop_point:SP_3648,Soupetard Salonique,30
2307421,09:28:00,09:28:10,stop_point:SP_3569,Heredia,31
2307421,09:29:00,09:29:10,stop_point:SP_1024,Chaumière,32
2307421,09:31:00,09:31:10,stop_point:SP_3200,Jolimont,33
2307422,09:11:00,09:11:10,stop_point:SP_548,Ramonville,1
2307422,09:13:00,09:13:10,stop_point:SP_3112,Naturopole,2
2307422,09:14:00,09:14:10,stop_point:SP_3474,Sports Universitaires,3
2307422,09:15:00,09:15:10,stop_point:SP_3508,Giordano Bruno,4
2307422,09:17:00,09:17:10,stop_point:SP_1412,LAAS,5
2307422,09:18:00,09:18:10,stop_point:SP_3860,ENAC,6
2307422,09:19:00,09:19:10,stop_point:SP_3735,CNES- IAS,7
2307422,09:21:00,09:21:10,stop_point:SP_1844,Clément Ader,8
2307422,09:23:00,09:23:10,stop_point:SP_737,Rodier,9
2307422,09:23:00,09:23:10,stop_point:SP_875,Védrines,10
2307422,09:25:00,09:25:10,stop_point:SP_4961,Armentières,11
2307422,09:26:00,09:26:10,stop_point:SP_4720,Gonin,12
2307422,09:27:00,09:27:10,stop_point:SP_603,Piste des Géants,13
2307422,09:28:00,09:28:10,stop_point:SP_340,Bréguet,14
2307422,09:29:00,09:29:10,stop_point:SP_2304,Tahiti,15
2307422,09:30:00,09:30:10,stop_point:SP_2562,Garin,16
2307422,09:32:00,09:32:10,stop_point:SP_2590,Ledormeur,17
2307422,09:33:00,09:33:10,stop_point:SP_3494,Allègre,18
2307422,09:34:00,09:34:10,stop_point:SP_1206,Mont Ventoux,19
2307422,09:35:00,09:35:10,stop_point:SP_1860,Firmis,20
2307422,09:36:00,09:36:10,stop_point:SP_2799,Baroux,21
2307422,09:37:00,09:37:10,stop_point:SP_718,Jacinthes,22
2307422,09:37:00,09:37:10,stop_point:SP_2225,Balansa,23
2307422,09:38:00,09:38:10,stop_point:SP_3505,Limayrac,24
2307422,09:39:00,09:39:10,stop_point:SP_258,Lafilaire,25
2307422,09:40:00,09:40:10,stop_point:SP_3381,Av. Raymond Naves,26
2307422,09:41:00,09:41:10,stop_point:SP_993,Achiary,27
2307422,09:43:00,09:43:10,stop_point:SP_3477,Jean Chaubet,28
2307422,09:44:00,09:44:10,stop_point:SP_2259,Coquille,29
2307422,09:45:00,09:45:10,stop_point:SP_3648,Soupetard Salonique,30
2307422,09:46:00,09:46:10,stop_point:SP_3569,Heredia,31
2307422,09:47:00,09:47:10,stop_point:SP_1024,Chaumière,32
2307422,09:49:00,09:49:10,stop_point:SP_3200,Jolimont,33
2307423,09:29:00,09:29:10,stop_point:SP_548,Ramonville,1
2307423,09:31:00,09:31:10,stop_point:SP_3112,Naturopole,2
2307423,09:32:00,09:32:10,stop_point:SP_3474,Sports Universitaires,3
2307423,09:33:00,09:33:10,stop_point:SP_3508,Giordano Bruno,4
2307423,09:35:00,09:35:10,stop_point:SP_1412,LAAS,5
2307423,09:36:00,09:36:10,stop_point:SP_3860,ENAC,6
2307423,09:37:00,09:37:10,stop_point:SP_3735,CNES- IAS,7
2307423,09:39:00,09:39:10,stop_point:SP_1844,Clément Ader,8
2307423,09:41:00,09:41:10,stop_point:SP_737,Rodier,9
2307423,09:41:00,09:41:10,stop_point:SP_875,Védrines,10
2307423,09:43:00,09:43:10,stop_point:SP_4961,Armentières,11
2307423,09:44:00,09:44:10,stop_point:SP_4720,Gonin,12
2307423,09:45:00,09:45:10,stop_point:SP_603,Piste des Géants,13
2307423,09:46:00,09:46:10,stop_point:SP_340,Bréguet,14
2307423,09:47:00,09:47:10,stop_point:SP_2304,Tahiti,15
2307423,09:48:00,09:48:10,stop_point:SP_2562,Garin,16
2307423,09:50:00,09:50:10,stop_point:SP_2590,Ledormeur,17
2307423,09:51:00,09:51:10,stop_point:SP_3494,Allègre,18
2307423,09:52:00,09:52:10,stop_point:SP_1206,Mont Ventoux,19
2307423,09:53:00,09:53:10,stop_point:SP_1860,Firmis,20
2307423,09:54:00,09:54:10,stop_point:SP_2799,Baroux,21
2307423,09:55:00,09:55:10,stop_point:SP_718,Jacinthes,22
2307423,09:55:00,09:55:10,stop_point:SP_2225,Balansa,23
2307423,09:56:00,09:56:10,stop_point:SP_3505,Limayrac,24
2307423,09:57:00,09:57:10,stop_point:SP_258,Lafilaire,25
2307423,09:58:00,09:58:10,stop_point:SP_3381,Av. Raymond Naves,26
2307423,09:59:00,09:59:10,stop_point:SP_993,Achiary,27
2307423,10:01:00,10:01:10,stop_point:SP_3477,Jean Chaubet,28
2307423,10:02:00,10:02:10,stop_point:SP_2259,Coquille,29
2307423,10:03:00,10:03:10,stop_point:SP_3648,Soupetard Salonique,30
2307423,10:04:00,10:04:10,stop_point:SP_3569,Heredia,31
2307423,10:05:00,10:05:10,stop_point:SP_1024,Chaumière,32
2307423,10:07:00,10:07:10,stop_point:SP_3200,Jolimont,33
2307424,09:47:00,09:47:10,stop_point:SP_548,Ramonville,1
2307424,09:49:00,09:49:10,stop_point:SP_3112,Naturopole,2
2307424,09:50:00,09:50:10,stop_point:SP_3474,Sports Universitaires,3
2307424,09:51:00,09:51:10,stop_point:SP_3508,Giordano Bruno,4
2307424,09:53:00,09:53:10,stop_point:SP_1412,LAAS,5
2307424,09:54:00,09:54:10,stop_point:SP_3860,ENAC,6
2307424,09:55:00,09:55:10,stop_point:SP_3735,CNES- IAS,7
2307424,09:57:00,09:57:10,stop_point:SP_1844,Clément Ader,8
2307424,09:59:00,09:59:10,stop_point:SP_737,Rodier,9
2307424,09:59:00,09:59:10,stop_point:SP_875,Védrines,10
2307424,10:01:00,10:01:10,stop_point:SP_4961,Armentières,11
2307424,10:02:00,10:02:10,stop_point:SP_4720,Gonin,12
2307424,10:03:00,10:03:10,stop_point:SP_603,Piste des Géants,13
2307424,10:04:00,10:04:10,stop_point:SP_340,Bréguet,14
2307424,10:05:00,10:05:10,stop_point:SP_2304,Tahiti,15
2307424,10:06:00,10:06:10,stop_point:SP_2562,Garin,16
2307424,10:08:00,10:08:10,stop_point:SP_2590,Ledormeur,17
2307424,10:09:00,10:09:10,stop_point:SP_3494,Allègre,18
2307424,10:10:00,10:10:10,stop_point:SP_1206,Mont Ventoux,19
2307424,10:11:00,10:11:10,stop_point:SP_1860,Firmis,20
2307424,10:12:00,10:12:10,stop_point:SP_2799,Baroux,21
2307424,10:13:00,10:13:10,stop_point:SP_718,Jacinthes,22
2307424,10:13:00,10:13:10,stop_point:SP_2225,Balansa,23
2307424,10:14:00,10:14:10,stop_point:SP_3505,Limayrac,24
2307424,10:15:00,10:15:10,stop_point:SP_258,Lafilaire,25
2307424,10:16:00,10:16:10,stop_point:SP_3381,Av. Raymond Naves,26
2307424,10:17:00,10:17:10,stop_point:SP_993,Achiary,27
2307424,10:19:00,10:19:10,stop_point:SP_3477,Jean Chaubet,28
2307424,10:20:00,10:20:10,stop_point:SP_2259,Coquille,29
2307424,10:21:00,10:21:10,stop_point:SP_3648,Soupetard Salonique,30
2307424,10:22:00,10:22:10,stop_point:SP_3569,Heredia,31
2307424,10:23:00,10:23:10,stop_point:SP_1024,Chaumière,32
2307424,10:25:00,10:25:10,stop_point:SP_3200,Jolimont,33
2307425,10:05:00,10:05:10,stop_point:SP_548,Ramonville,1
2307425,10:07:00,10:07:10,stop_point:SP_3112,Naturopole,2
2307425,10:08:00,10:08:10,stop_point:SP_3474,Sports Universitaires,3
2307425,10:09:00,10:09:10,stop_point:SP_3508,Giordano Bruno,4
2307425,10:11:00,10:11:10,stop_point:SP_1412,LAAS,5
2307425,10:12:00,10:12:10,stop_point:SP_3860,ENAC,6
2307425,10:13:00,10:13:10,stop_point:SP_3735,CNES- IAS,7
2307425,10:15:00,10:15:10,stop_point:SP_1844,Clément Ader,8
2307425,10:17:00,10:17:10,stop_point:SP_737,Rodier,9
2307425,10:17:00,10:17:10,stop_point:SP_875,Védrines,10
2307425,10:19:00,10:19:10,stop_point:SP_4961,Armentières,11
2307425,10:20:00,10:20:10,stop_point:SP_4720,Gonin,12
2307425,10:21:00,10:21:10,stop_point:SP_603,Piste des Géants,13
2307425,10:22:00,10:22:10,stop_point:SP_340,Bréguet,14
2307425,10:23:00,10:23:10,stop_point:SP_2304,Tahiti,15
2307425,10:24:00,10:24:10,stop_point:SP_2562,Garin,16
2307425,10:26:00,10:26:10,stop_point:SP_2590,Ledormeur,17
2307425,10:27:00,10:27:10,stop_point:SP_3494,Allègre,18
2307425,10:28:00,10:28:10,stop_point:SP_1206,Mont Ventoux,19
2307425,10:29:00,10:29:10,stop_point:SP_1860,Firmis,20
2307425,10:30:00,10:30:10,stop_point:SP_2799,Baroux,21
2307425,10:31:00,10:31:10,stop_point:SP_718,Jacinthes,22
2307425,10:31:00,10:31:10,stop_point:SP_2225,Balansa,23
2307425,10:32:00,10:32:10,stop_point:SP_3505,Limayrac,24
2307425,10:33:00,10:33:10,stop_point:SP_258,Lafilaire,25
2307425,10:34:00,10:34:10,stop_point:SP_3381,Av. Raymond Naves,26
2307425,10:35:00,10:35:10,stop_point:SP_993,Achiary,27
2307425,10:37:00,10:37:10,stop_point:SP_3477,Jean Chaubet,28
2307425,10:38:00,10:38:10,stop_point:SP_2259,Coquille,29
2307425,10:39:00,10:39:10,stop_point:SP_3648,Soupetard Salonique,30
2307425,10:40:00,10:40:10,stop_point:SP_3569,Heredia,31
2307425,10:41:00,10:41:10,stop_point:SP_1024,Chaumière,32
2307425,10:43:00,10:43:10,stop_point:SP_3200,Jolimont,33
2307426,10:23:00,10:23:10,stop_point:SP_548,Ramonville,1
2307426,10:25:00,10:25:10,stop_point:SP_3112,Naturopole,2
2307426,10:26:00,10:26:10,stop_point:SP_3474,Sports Universitaires,3
2307426,10:27:00,10:27:10,stop_point:SP_3508,Giordano Bruno,4
2307426,10:29:00,10:29:10,stop_point:SP_1412,LAAS,5
2307426,10:30:00,10:30:10,stop_point:SP_3860,ENAC,6
2307426,10:31:00,10:31:10,stop_point:SP_3735,CNES- IAS,7
2307426,10:33:00,10:33:10,stop_point:SP_1844,Clément Ader,8
2307426,10:35:00,10:35:10,stop_point:SP_737,Rodier,9
2307426,10:35:00,10:35:10,stop_point:SP_875,Védrines,10
2307426,10:37:00,10:37:10,stop_point:SP_4961,Armentières,11
2307426,10:38:00,10:38:10,stop_point:SP_4720,Gonin,12
2307426,10:39:00,10:39:10,stop_point:SP_603,Piste des Géants,13
2307426,10:40:00,10:40:10,stop_point:SP_340,Bréguet,14
2307426,10:41:00,10:41:10,stop_point:SP_2304,Tahiti,15
2307426,10:42:00,10:42:10,stop_point:SP_2562,Garin,16
2307426,10:44:00,10:44:10,stop_point:SP_2590,Ledormeur,17
2307426,10:45:00,10:45:10,stop_point:SP_3494,Allègre,18
2307426,10:46:00,10:46:10,stop_point:SP_1206,Mont Ventoux,19
2307426,10:47:00,10:47:10,stop_point:SP_1860,Firmis,20
2307426,10:48:00,10:48:10,stop_point:SP_2799,Baroux,21
2307426,10:49:00,10:49:10,stop_point:SP_718,Jacinthes,22
2307426,10:49:00,10:49:10,stop_point:SP_2225,Balansa,23
2307426,10:50:00,10:50:10,stop_point:SP_3505,Limayrac,24
2307426,10:51:00,10:51:10,stop_point:SP_258,Lafilaire,25
2307426,10:52:00,10:52:10,stop_point:SP_3381,Av. Raymond Naves,26
2307426,10:53:00,10:53:10,stop_point:SP_993,Achiary,27
2307426,10:55:00,10:55:10,stop_point:SP_3477,Jean Chaubet,28
2307426,10:56:00,10:56:10,stop_point:SP_2259,Coquille,29
2307426,10:57:00,10:57:10,stop_point:SP_3648,Soupetard Salonique,30
2307426,10:58:00,10:58:10,stop_point:SP_3569,Heredia,31
2307426,10:59:00,10:59:10,stop_point:SP_1024,Chaumière,32
2307426,11:01:00,11:01:10,stop_point:SP_3200,Jolimont,33
2307427,10:41:00,10:41:10,stop_point:SP_548,Ramonville,1
2307427,10:43:00,10:43:10,stop_point:SP_3112,Naturopole,2
2307427,10:44:00,10:44:10,stop_point:SP_3474,Sports Universitaires,3
2307427,10:45:00,10:45:10,stop_point:SP_3508,Giordano Bruno,4
2307427,10:47:00,10:47:10,stop_point:SP_1412,LAAS,5
2307427,10:48:00,10:48:10,stop_point:SP_3860,ENAC,6
2307427,10:49:00,10:49:10,stop_point:SP_3735,CNES- IAS,7
2307427,10:51:00,10:51:10,stop_point:SP_1844,Clément Ader,8
2307427,10:53:00,10:53:10,stop_point:SP_737,Rodier,9
2307427,10:53:00,10:53:10,stop_point:SP_875,Védrines,10
2307427,10:55:00,10:55:10,stop_point:SP_4961,Armentières,11
2307427,10:56:00,10:56:10,stop_point:SP_4720,Gonin,12
2307427,10:57:00,10:57:10,stop_point:SP_603,Piste des Géants,13
2307427,10:58:00,10:58:10,stop_point:SP_340,Bréguet,14
2307427,10:59:00,10:59:10,stop_point:SP_2304,Tahiti,15
2307427,11:00:00,11:00:10,stop_point:SP_2562,Garin,16
2307427,11:02:00,11:02:10,stop_point:SP_2590,Ledormeur,17
2307427,11:03:00,11:03:10,stop_point:SP_3494,Allègre,18
2307427,11:04:00,11:04:10,stop_point:SP_1206,Mont Ventoux,19
2307427,11:05:00,11:05:10,stop_point:SP_1860,Firmis,20
2307427,11:06:00,11:06:10,stop_point:SP_2799,Baroux,21
2307427,11:07:00,11:07:10,stop_point:SP_718,Jacinthes,22
2307427,11:07:00,11:07:10,stop_point:SP_2225,Balansa,23
2307427,11:08:00,11:08:10,stop_point:SP_3505,Limayrac,24
2307427,11:09:00,11:09:10,stop_point:SP_258,Lafilaire,25
2307427,11:10:00,11:10:10,stop_point:SP_3381,Av. Raymond Naves,26
2307427,11:11:00,11:11:10,stop_point:SP_993,Achiary,27
2307427,11:13:00,11:13:10,stop_point:SP_3477,Jean Chaubet,28
2307427,11:14:00,11:14:10,stop_point:SP_2259,Coquille,29
2307427,11:15:00,11:15:10,stop_point:SP_3648,Soupetard Salonique,30
2307427,11:16:00,11:16:10,stop_point:SP_3569,Heredia,31
2307427,11:17:00,11:17:10,stop_point:SP_1024,Chaumière,32
2307427,11:19:00,11:19:10,stop_point:SP_3200,Jolimont,33
2307428,10:59:00,10:59:10,stop_point:SP_548,Ramonville,1
2307428,11:01:00,11:01:10,stop_point:SP_3112,Naturopole,2
2307428,11:02:00,11:02:10,stop_point:SP_3474,Sports Universitaires,3
2307428,11:03:00,11:03:10,stop_point:SP_3508,Giordano Bruno,4
2307428,11:05:00,11:05:10,stop_point:SP_1412,LAAS,5
2307428,11:06:00,11:06:10,stop_point:SP_3860,ENAC,6
2307428,11:07:00,11:07:10,stop_point:SP_3735,CNES- IAS,7
2307428,11:09:00,11:09:10,stop_point:SP_1844,Clément Ader,8
2307428,11:11:00,11:11:10,stop_point:SP_737,Rodier,9
2307428,11:11:00,11:11:10,stop_point:SP_875,Védrines,10
2307428,11:13:00,11:13:10,stop_point:SP_4961,Armentières,11
2307428,11:14:00,11:14:10,stop_point:SP_4720,Gonin,12
2307428,11:15:00,11:15:10,stop_point:SP_603,Piste des Géants,13
2307428,11:16:00,11:16:10,stop_point:SP_340,Bréguet,14
2307428,11:17:00,11:17:10,stop_point:SP_2304,Tahiti,15
2307428,11:18:00,11:18:10,stop_point:SP_2562,Garin,16
2307428,11:20:00,11:20:10,stop_point:SP_2590,Ledormeur,17
2307428,11:21:00,11:21:10,stop_point:SP_3494,Allègre,18
2307428,11:22:00,11:22:10,stop_point:SP_1206,Mont Ventoux,19
2307428,11:23:00,11:23:10,stop_point:SP_1860,Firmis,20
2307428,11:24:00,11:24:10,stop_point:SP_2799,Baroux,21
2307428,11:25:00,11:25:10,stop_point:SP_718,Jacinthes,22
2307428,11:25:00,11:25:10,stop_point:SP_2225,Balansa,23
2307428,11:26:00,11:26:10,stop_point:SP_3505,Limayrac,24
2307428,11:27:00,11:27:10,stop_point:SP_258,Lafilaire,25
2307428,11:28:00,11:28:10,stop_point:SP_3381,Av. Raymond Naves,26
2307428,11:29:00,11:29:10,stop_point:SP_993,Achiary,27
2307428,11:31:00,11:31:10,stop_point:SP_3477,Jean Chaubet,28
2307428,11:32:00,11:32:10,stop_point:SP_2259,Coquille,29
2307428,11:33:00,11:33:10,stop_point:SP_3648,Soupetard Salonique,30
2307428,11:34:00,11:34:10,stop_point:SP_3569,Heredia,31
2307428,11:35:00,11:35:10,stop_point:SP_1024,Chaumière,32
2307428,11:37:00,11:37:10,stop_point:SP_3200,Jolimont,33
2307429,11:17:00,11:17:10,stop_point:SP_548,Ramonville,1
2307429,11:19:00,11:19:10,stop_point:SP_3112,Naturopole,2
2307429,11:20:00,11:20:10,stop_point:SP_3474,Sports Universitaires,3
2307429,11:21:00,11:21:10,stop_point:SP_3508,Giordano Bruno,4
2307429,11:23:00,11:23:10,stop_point:SP_1412,LAAS,5
2307429,11:24:00,11:24:10,stop_point:SP_3860,ENAC,6
2307429,11:25:00,11:25:10,stop_point:SP_3735,CNES- IAS,7
2307429,11:27:00,11:27:10,stop_point:SP_1844,Clément Ader,8
2307429,11:29:00,11:29:10,stop_point:SP_737,Rodier,9
2307429,11:29:00,11:29:10,stop_point:SP_875,Védrines,10
2307429,11:31:00,11:31:10,stop_point:SP_4961,Armentières,11
2307429,11:32:00,11:32:10,stop_point:SP_4720,Gonin,12
2307429,11:33:00,11:33:10,stop_point:SP_603,Piste des Géants,13
2307429,11:34:00,11:34:10,stop_point:SP_340,Bréguet,14
2307429,11:35:00,11:35:10,stop_point:SP_2304,Tahiti,15
2307429,11:36:00,11:36:10,stop_point:SP_2562,Garin,16
2307429,11:38:00,11:38:10,stop_point:SP_2590,Ledormeur,17
2307429,11:39:00,11:39:10,stop_point:SP_3494,Allègre,18
2307429,11:40:00,11:40:10,stop_point:SP_1206,Mont Ventoux,19
2307429,11:41:00,11:41:10,stop_point:SP_1860,Firmis,20
2307429,11:42:00,11:42:10,stop_point:SP_2799,Baroux,21
2307429,11:43:00,11:43:10,stop_point:SP_718,Jacinthes,22
2307429,11:43:00,11:43:10,stop_point:SP_2225,Balansa,23
2307429,11:44:00,11:44:10,stop_point:SP_3505,Limayrac,24
2307429,11:45:00,11:45:10,stop_point:SP_258,Lafilaire,25
2307429,11:46:00,11:46:10,stop_point:SP_3381,Av. Raymond Naves,26
2307429,11:47:00,11:47:10,stop_point:SP_993,Achiary,27
2307429,11:49:00,11:49:10,stop_point:SP_3477,Jean Chaubet,28
2307429,11:50:00,11:50:10,stop_point:SP_2259,Coquille,29
2307429,11:51:00,11:51:10,stop_point:SP_3648,Soupetard Salonique,30
2307429,11:52:00,11:52:10,stop_point:SP_3569,Heredia,31
2307429,11:53:00,11:53:10,stop_point:SP_1024,Chaumière,32
2307429,11:55:00,11:55:10,stop_point:SP_3200,Jolimont,33
2307430,11:35:00,11:35:10,stop_point:SP_548,Ramonville,1
2307430,11:37:00,11:37:10,stop_point:SP_3112,Naturopole,2
2307430,11:38:00,11:38:10,stop_point:SP_3474,Sports Universitaires,3
2307430,11:39:00,11:39:10,stop_point:SP_3508,Giordano Bruno,4
2307430,11:41:00,11:41:10,stop_point:SP_1412,LAAS,5
2307430,11:42:00,11:42:10,stop_point:SP_3860,ENAC,6
2307430,11:43:00,11:43:10,stop_point:SP_3735,CNES- IAS,7
2307430,11:45:00,11:45:10,stop_point:SP_1844,Clément Ader,8
2307430,11:47:00,11:47:10,stop_point:SP_737,Rodier,9
2307430,11:47:00,11:47:10,stop_point:SP_875,Védrines,10
2307430,11:49:00,11:49:10,stop_point:SP_4961,Armentières,11
2307430,11:50:00,11:50:10,stop_point:SP_4720,Gonin,12
2307430,11:51:00,11:51:10,stop_point:SP_603,Piste des Géants,13
2307430,11:52:00,11:52:10,stop_point:SP_340,Bréguet,14
2307430,11:53:00,11:53:10,stop_point:SP_2304,Tahiti,15
2307430,11:54:00,11:54:10,stop_point:SP_2562,Garin,16
2307430,11:56:00,11:56:10,stop_point:SP_2590,Ledormeur,17
2307430,11:57:00,11:57:10,stop_point:SP_3494,Allègre,18
2307430,11:58:00,11:58:10,stop_point:SP_1206,Mont Ventoux,19
2307430,11:59:00,11:59:10,stop_point:SP_1860,Firmis,20
2307430,12:00:00,12:00:10,stop_point:SP_2799,Baroux,21
2307430,12:01:00,12:01:10,stop_point:SP_718,Jacinthes,22
2307430,12:01:00,12:01:10,stop_point:SP_2225,Balansa,23
2307430,12:02:00,12:02:10,stop_point:SP_3505,Limayrac,24
2307430,12:03:00,12:03:10,stop_point:SP_258,Lafilaire,25
2307430,12:04:00,12:04:10,stop_point:SP_3381,Av. Raymond Naves,26
2307430,12:05:00,12:05:10,stop_point:SP_993,Achiary,27
2307430,12:07:00,12:07:10,stop_point:SP_3477,Jean Chaubet,28
2307430,12:08:00,12:08:10,stop_point:SP_2259,Coquille,29
2307430,12:09:00,12:09:10,stop_point:SP_3648,Soupetard Salonique,30
2307430,12:10:00,12:10:10,stop_point:SP_3569,Heredia,31
2307430,12:11:00,12:11:10,stop_point:SP_1024,Chaumière,32
2307430,12:13:00,12:13:10,stop_point:SP_3200,Jolimont,33
2307431,11:55:00,11:55:10,stop_point:SP_548,Ramonville,1
2307431,11:57:00,11:57:10,stop_point:SP_3112,Naturopole,2
2307431,11:58:00,11:58:10,stop_point:SP_3474,Sports Universitaires,3
2307431,11:59:00,11:59:10,stop_point:SP_3508,Giordano Bruno,4
2307431,12:01:00,12:01:10,stop_point:SP_1412,LAAS,5
2307431,12:02:00,12:02:10,stop_point:SP_3860,ENAC,6
2307431,12:03:00,12:03:10,stop_point:SP_3735,CNES- IAS,7
2307431,12:05:00,12:05:10,stop_point:SP_1844,Clément Ader,8
2307431,12:07:00,12:07:10,stop_point:SP_737,Rodier,9
2307431,12:07:00,12:07:10,stop_point:SP_875,Védrines,10
2307431,12:09:00,12:09:10,stop_point:SP_4961,Armentières,11
2307431,12:10:00,12:10:10,stop_point:SP_4720,Gonin,12
2307431,12:11:00,12:11:10,stop_point:SP_603,Piste des Géants,13
2307431,12:12:00,12:12:10,stop_point:SP_340,Bréguet,14
2307431,12:13:00,12:13:10,stop_point:SP_2304,Tahiti,15
2307431,12:14:00,12:14:10,stop_point:SP_2562,Garin,16
2307431,12:16:00,12:16:10,stop_point:SP_2590,Ledormeur,17
2307431,12:17:00,12:17:10,stop_point:SP_3494,Allègre,18
2307431,12:18:00,12:18:10,stop_point:SP_1206,Mont Ventoux,19
2307431,12:19:00,12:19:10,stop_point:SP_1860,Firmis,20
2307431,12:20:00,12:20:10,stop_point:SP_2799,Baroux,21
2307431,12:21:00,12:21:10,stop_point:SP_718,Jacinthes,22
2307431,12:21:00,12:21:10,stop_point:SP_2225,Balansa,23
2307431,12:22:00,12:22:10,stop_point:SP_3505,Limayrac,24
2307431,12:23:00,12:23:10,stop_point:SP_258,Lafilaire,25
2307431,12:24:00,12:24:10,stop_point:SP_3381,Av. Raymond Naves,26
2307431,12:25:00,12:25:10,stop_point:SP_993,Achiary,27
2307431,12:27:00,12:27:10,stop_point:SP_3477,Jean Chaubet,28
2307431,12:28:00,12:28:10,stop_point:SP_2259,Coquille,29
2307431,12:29:00,12:29:10,stop_point:SP_3648,Soupetard Salonique,30
2307431,12:30:00,12:30:10,stop_point:SP_3569,Heredia,31
2307431,12:31:00,12:31:10,stop_point:SP_1024,Chaumière,32
2307431,12:33:00,12:33:10,stop_point:SP_3200,Jolimont,33
2307432,12:15:00,12:15:10,stop_point:SP_548,Ramonville,1
2307432,12:17:00,12:17:10,stop_point:SP_3112,Naturopole,2
2307432,12:18:00,12:18:10,stop_point:SP_3474,Sports Universitaires,3
2307432,12:19:00,12:19:10,stop_point:SP_3508,Giordano Bruno,4
2307432,12:21:00,12:21:10,stop_point:SP_1412,LAAS,5
2307432,12:22:00,12:22:10,stop_point:SP_3860,ENAC,6
2307432,12:23:00,12:23:10,stop_point:SP_3735,CNES- IAS,7
2307432,12:25:00,12:25:10,stop_point:SP_1844,Clément Ader,8
2307432,12:27:00,12:27:10,stop_point:SP_737,Rodier,9
2307432,12:27:00,12:27:10,stop_point:SP_875,Védrines,10
2307432,12:29:00,12:29:10,stop_point:SP_4961,Armentières,11
2307432,12:30:00,12:30:10,stop_point:SP_4720,Gonin,12
2307432,12:31:00,12:31:10,stop_point:SP_603,Piste des Géants,13
2307432,12:32:00,12:32:10,stop_point:SP_340,Bréguet,14
2307432,12:33:00,12:33:10,stop_point:SP_2304,Tahiti,15
2307432,12:34:00,12:34:10,stop_point:SP_2562,Garin,16
2307432,12:36:00,12:36:10,stop_point:SP_2590,Ledormeur,17
2307432,12:37:00,12:37:10,stop_point:SP_3494,Allègre,18
2307432,12:38:00,12:38:10,stop_point:SP_1206,Mont Ventoux,19
2307432,12:39:00,12:39:10,stop_point:SP_1860,Firmis,20
2307432,12:40:00,12:40:10,stop_point:SP_2799,Baroux,21
2307432,12:41:00,12:41:10,stop_point:SP_718,Jacinthes,22
2307432,12:41:00,12:41:10,stop_point:SP_2225,Balansa,23
2307432,12:42:00,12:42:10,stop_point:SP_3505,Limayrac,24
2307432,12:43:00,12:43:10,stop_point:SP_258,Lafilaire,25
2307432,12:44:00,12:44:10,stop_point:SP_3381,Av. Raymond Naves,26
2307432,12:45:00,12:45:10,stop_point:SP_993,Achiary,27
2307432,12:47:00,12:47:10,stop_point:SP_3477,Jean Chaubet,28
2307432,12:48:00,12:48:10,stop_point:SP_2259,Coquille,29
2307432,12:49:00,12:49:10,stop_point:SP_3648,Soupetard Salonique,30
2307432,12:50:00,12:50:10,stop_point:SP_3569,Heredia,31
2307432,12:51:00,12:51:10,stop_point:SP_1024,Chaumière,32
2307432,12:53:00,12:53:10,stop_point:SP_3200,Jolimont,33
2307433,12:35:00,12:35:10,stop_point:SP_548,Ramonville,1
2307433,12:37:00,12:37:10,stop_point:SP_3112,Naturopole,2
2307433,12:38:00,12:38:10,stop_point:SP_3474,Sports Universitaires,3
2307433,12:39:00,12:39:10,stop_point:SP_3508,Giordano Bruno,4
2307433,12:41:00,12:41:10,stop_point:SP_1412,LAAS,5
2307433,12:42:00,12:42:10,stop_point:SP_3860,ENAC,6
2307433,12:43:00,12:43:10,stop_point:SP_3735,CNES- IAS,7
2307433,12:45:00,12:45:10,stop_point:SP_1844,Clément Ader,8
2307433,12:47:00,12:47:10,stop_point:SP_737,Rodier,9
2307433,12:47:00,12:47:10,stop_point:SP_875,Védrines,10
2307433,12:49:00,12:49:10,stop_point:SP_4961,Armentières,11
2307433,12:50:00,12:50:10,stop_point:SP_4720,Gonin,12
2307433,12:51:00,12:51:10,stop_point:SP_603,Piste des Géants,13
2307433,12:52:00,12:52:10,stop_point:SP_340,Bréguet,14
2307433,12:53:00,12:53:10,stop_point:SP_2304,Tahiti,15
2307433,12:54:00,12:54:10,stop_point:SP_2562,Garin,16
2307433,12:56:00,12:56:10,stop_point:SP_2590,Ledormeur,17
2307433,12:57:00,12:57:10,stop_point:SP_3494,Allègre,18
2307433,12:58:00,12:58:10,stop_point:SP_1206,Mont Ventoux,19
2307433,12:59:00,12:59:10,stop_point:SP_1860,Firmis,20
2307433,13:00:00,13:00:10,stop_point:SP_2799,Baroux,21
2307433,13:01:00,13:01:10,stop_point:SP_718,Jacinthes,22
2307433,13:01:00,13:01:10,stop_point:SP_2225,Balansa,23
2307433,13:02:00,13:02:10,stop_point:SP_3505,Limayrac,24
2307433,13:03:00,13:03:10,stop_point:SP_258,Lafilaire,25
2307433,13:04:00,13:04:10,stop_point:SP_3381,Av. Raymond Naves,26
2307433,13:05:00,13:05:10,stop_point:SP_993,Achiary,27
2307433,13:07:00,13:07:10,stop_point:SP_3477,Jean Chaubet,28
2307433,13:08:00,13:08:10,stop_point:SP_2259,Coquille,29
2307433,13:09:00,13:09:10,stop_point:SP_3648,Soupetard Salonique,30
2307433,13:10:00,13:10:10,stop_point:SP_3569,Heredia,31
2307433,13:11:00,13:11:10,stop_point:SP_1024,Chaumière,32
2307433,13:13:00,13:13:10,stop_point:SP_3200,Jolimont,33
2307434,12:55:00,12:55:10,stop_point:SP_548,Ramonville,1
2307434,12:57:00,12:57:10,stop_point:SP_3112,Naturopole,2
2307434,12:58:00,12:58:10,stop_point:SP_3474,Sports Universitaires,3
2307434,12:59:00,12:59:10,stop_point:SP_3508,Giordano Bruno,4
2307434,13:01:00,13:01:10,stop_point:SP_1412,LAAS,5
2307434,13:02:00,13:02:10,stop_point:SP_3860,ENAC,6
2307434,13:03:00,13:03:10,stop_point:SP_3735,CNES- IAS,7
2307434,13:05:00,13:05:10,stop_point:SP_1844,Clément Ader,8
2307434,13:07:00,13:07:10,stop_point:SP_737,Rodier,9
2307434,13:07:00,13:07:10,stop_point:SP_875,Védrines,10
2307434,13:09:00,13:09:10,stop_point:SP_4961,Armentières,11
2307434,13:10:00,13:10:10,stop_point:SP_4720,Gonin,12
2307434,13:11:00,13:11:10,stop_point:SP_603,Piste des Géants,13
2307434,13:12:00,13:12:10,stop_point:SP_340,Bréguet,14
2307434,13:13:00,13:13:10,stop_point:SP_2304,Tahiti,15
2307434,13:14:00,13:14:10,stop_point:SP_2562,Garin,16
2307434,13:16:00,13:16:10,stop_point:SP_2590,Ledormeur,17
2307434,13:17:00,13:17:10,stop_point:SP_3494,Allègre,18
2307434,13:18:00,13:18:10,stop_point:SP_1206,Mont Ventoux,19
2307434,13:19:00,13:19:10,stop_point:SP_1860,Firmis,20
2307434,13:20:00,13:20:10,stop_point:SP_2799,Baroux,21
2307434,13:21:00,13:21:10,stop_point:SP_718,Jacinthes,22
2307434,13:21:00,13:21:10,stop_point:SP_2225,Balansa,23
2307434,13:22:00,13:22:10,stop_point:SP_3505,Limayrac,24
2307434,13:23:00,13:23:10,stop_point:SP_258,Lafilaire,25
2307434,13:24:00,13:24:10,stop_point:SP_3381,Av. Raymond Naves,26
2307434,13:25:00,13:25:10,stop_point:SP_993,Achiary,27
2307434,13:27:00,13:27:10,stop_point:SP_3477,Jean Chaubet,28
2307434,13:28:00,13:28:10,stop_point:SP_2259,Coquille,29
2307434,13:29:00,13:29:10,stop_point:SP_3648,Soupetard Salonique,30
2307434,13:30:00,13:30:10,stop_point:SP_3569,Heredia,31
2307434,13:31:00,13:31:10,stop_point:SP_1024,Chaumière,32
2307434,13:33:00,13:33:10,stop_point:SP_3200,Jolimont,33
2307435,13:18:00,13:18:10,stop_point:SP_548,Ramonville,1
2307435,13:20:00,13:20:10,stop_point:SP_3112,Naturopole,2
2307435,13:21:00,13:21:10,stop_point:SP_3474,Sports Universitaires,3
2307435,13:22:00,13:22:10,stop_point:SP_3508,Giordano Bruno,4
2307435,13:24:00,13:24:10,stop_point:SP_1412,LAAS,5
2307435,13:25:00,13:25:10,stop_point:SP_3860,ENAC,6
2307435,13:26:00,13:26:10,stop_point:SP_3735,CNES- IAS,7
2307435,13:28:00,13:28:10,stop_point:SP_1844,Clément Ader,8
2307435,13:30:00,13:30:10,stop_point:SP_737,Rodier,9
2307435,13:30:00,13:30:10,stop_point:SP_875,Védrines,10
2307435,13:32:00,13:32:10,stop_point:SP_4961,Armentières,11
2307435,13:33:00,13:33:10,stop_point:SP_4720,Gonin,12
2307435,13:34:00,13:34:10,stop_point:SP_603,Piste des Géants,13
2307435,13:35:00,13:35:10,stop_point:SP_340,Bréguet,14
2307435,13:36:00,13:36:10,stop_point:SP_2304,Tahiti,15
2307435,13:37:00,13:37:10,stop_point:SP_2562,Garin,16
2307435,13:39:00,13:39:10,stop_point:SP_2590,Ledormeur,17
2307435,13:40:00,13:40:10,stop_point:SP_3494,Allègre,18
2307435,13:41:00,13:41:10,stop_point:SP_1206,Mont Ventoux,19
2307435,13:42:00,13:42:10,stop_point:SP_1860,Firmis,20
2307435,13:43:00,13:43:10,stop_point:SP_2799,Baroux,21
2307435,13:44:00,13:44:10,stop_point:SP_718,Jacinthes,22
2307435,13:44:00,13:44:10,stop_point:SP_2225,Balansa,23
2307435,13:45:00,13:45:10,stop_point:SP_3505,Limayrac,24
2307435,13:46:00,13:46:10,stop_point:SP_258,Lafilaire,25
2307435,13:47:00,13:47:10,stop_point:SP_3381,Av. Raymond Naves,26
2307435,13:48:00,13:48:10,stop_point:SP_993,Achiary,27
2307435,13:50:00,13:50:10,stop_point:SP_3477,Jean Chaubet,28
2307435,13:51:00,13:51:10,stop_point:SP_2259,Coquille,29
2307435,13:52:00,13:52:10,stop_point:SP_3648,Soupetard Salonique,30
2307435,13:53:00,13:53:10,stop_point:SP_3569,Heredia,31
2307435,13:54:00,13:54:10,stop_point:SP_1024,Chaumière,32
2307435,13:56:00,13:56:10,stop_point:SP_3200,Jolimont,33
2307436,13:41:00,13:41:10,stop_point:SP_548,Ramonville,1
2307436,13:43:00,13:43:10,stop_point:SP_3112,Naturopole,2
2307436,13:44:00,13:44:10,stop_point:SP_3474,Sports Universitaires,3
2307436,13:45:00,13:45:10,stop_point:SP_3508,Giordano Bruno,4
2307436,13:47:00,13:47:10,stop_point:SP_1412,LAAS,5
2307436,13:48:00,13:48:10,stop_point:SP_3860,ENAC,6
2307436,13:49:00,13:49:10,stop_point:SP_3735,CNES- IAS,7
2307436,13:51:00,13:51:10,stop_point:SP_1844,Clément Ader,8
2307436,13:53:00,13:53:10,stop_point:SP_737,Rodier,9
2307436,13:53:00,13:53:10,stop_point:SP_875,Védrines,10
2307436,13:55:00,13:55:10,stop_point:SP_4961,Armentières,11
2307436,13:56:00,13:56:10,stop_point:SP_4720,Gonin,12
2307436,13:57:00,13:57:10,stop_point:SP_603,Piste des Géants,13
2307436,13:58:00,13:58:10,stop_point:SP_340,Bréguet,14
2307436,13:59:00,13:59:10,stop_point:SP_2304,Tahiti,15
2307436,14:00:00,14:00:10,stop_point:SP_2562,Garin,16
2307436,14:02:00,14:02:10,stop_point:SP_2590,Ledormeur,17
2307436,14:03:00,14:03:10,stop_point:SP_3494,Allègre,18
2307436,14:04:00,14:04:10,stop_point:SP_1206,Mont Ventoux,19
2307436,14:05:00,14:05:10,stop_point:SP_1860,Firmis,20
2307436,14:06:00,14:06:10,stop_point:SP_2799,Baroux,21
2307436,14:07:00,14:07:10,stop_point:SP_718,Jacinthes,22
2307436,14:07:00,14:07:10,stop_point:SP_2225,Balansa,23
2307436,14:08:00,14:08:10,stop_point:SP_3505,Limayrac,24
2307436,14:09:00,14:09:10,stop_point:SP_258,Lafilaire,25
2307436,14:10:00,14:10:10,stop_point:SP_3381,Av. Raymond Naves,26
2307436,14:11:00,14:11:10,stop_point:SP_993,Achiary,27
2307436,14:13:00,14:13:10,stop_point:SP_3477,Jean Chaubet,28
2307436,14:14:00,14:14:10,stop_point:SP_2259,Coquille,29
2307436,14:15:00,14:15:10,stop_point:SP_3648,Soupetard Salonique,30
2307436,14:16:00,14:16:10,stop_point:SP_3569,Heredia,31
2307436,14:17:00,14:17:10,stop_point:SP_1024,Chaumière,32
2307436,14:19:00,14:19:10,stop_point:SP_3200,Jolimont,33
2307437,14:04:00,14:04:10,stop_point:SP_548,Ramonville,1
2307437,14:06:00,14:06:10,stop_point:SP_3112,Naturopole,2
2307437,14:07:00,14:07:10,stop_point:SP_3474,Sports Universitaires,3
2307437,14:08:00,14:08:10,stop_point:SP_3508,Giordano Bruno,4
2307437,14:10:00,14:10:10,stop_point:SP_1412,LAAS,5
2307437,14:11:00,14:11:10,stop_point:SP_3860,ENAC,6
2307437,14:12:00,14:12:10,stop_point:SP_3735,CNES- IAS,7
2307437,14:14:00,14:14:10,stop_point:SP_1844,Clément Ader,8
2307437,14:16:00,14:16:10,stop_point:SP_737,Rodier,9
2307437,14:16:00,14:16:10,stop_point:SP_875,Védrines,10
2307437,14:18:00,14:18:10,stop_point:SP_4961,Armentières,11
2307437,14:19:00,14:19:10,stop_point:SP_4720,Gonin,12
2307437,14:20:00,14:20:10,stop_point:SP_603,Piste des Géants,13
2307437,14:21:00,14:21:10,stop_point:SP_340,Bréguet,14
2307437,14:22:00,14:22:10,stop_point:SP_2304,Tahiti,15
2307437,14:23:00,14:23:10,stop_point:SP_2562,Garin,16
2307437,14:25:00,14:25:10,stop_point:SP_2590,Ledormeur,17
2307437,14:26:00,14:26:10,stop_point:SP_3494,Allègre,18
2307437,14:27:00,14:27:10,stop_point:SP_1206,Mont Ventoux,19
2307437,14:28:00,14:28:10,stop_point:SP_1860,Firmis,20
2307437,14:29:00,14:29:10,stop_point:SP_2799,Baroux,21
2307437,14:30:00,14:30:10,stop_point:SP_718,Jacinthes,22
2307437,14:30:00,14:30:10,stop_point:SP_2225,Balansa,23
2307437,14:31:00,14:31:10,stop_point:SP_3505,Limayrac,24
2307437,14:32:00,14:32:10,stop_point:SP_258,Lafilaire,25
2307437,14:33:00,14:33:10,stop_point:SP_3381,Av. Raymond Naves,26
2307437,14:34:00,14:34:10,stop_point:SP_993,Achiary,27
2307437,14:36:00,14:36:10,stop_point:SP_3477,Jean Chaubet,28
2307437,14:37:00,14:37:10,stop_point:SP_2259,Coquille,29
2307437,14:38:00,14:38:10,stop_point:SP_3648,Soupetard Salonique,30
2307437,14:39:00,14:39:10,stop_point:SP_3569,Heredia,31
2307437,14:40:00,14:40:10,stop_point:SP_1024,Chaumière,32
2307437,14:42:00,14:42:10,stop_point:SP_3200,Jolimont,33
2307438,14:27:00,14:27:10,stop_point:SP_548,Ramonville,1
2307438,14:29:00,14:29:10,stop_point:SP_3112,Naturopole,2
2307438,14:30:00,14:30:10,stop_point:SP_3474,Sports Universitaires,3
2307438,14:31:00,14:31:10,stop_point:SP_3508,Giordano Bruno,4
2307438,14:33:00,14:33:10,stop_point:SP_1412,LAAS,5
2307438,14:34:00,14:34:10,stop_point:SP_3860,ENAC,6
2307438,14:35:00,14:35:10,stop_point:SP_3735,CNES- IAS,7
2307438,14:37:00,14:37:10,stop_point:SP_1844,Clément Ader,8
2307438,14:39:00,14:39:10,stop_point:SP_737,Rodier,9
2307438,14:39:00,14:39:10,stop_point:SP_875,Védrines,10
2307438,14:41:00,14:41:10,stop_point:SP_4961,Armentières,11
2307438,14:42:00,14:42:10,stop_point:SP_4720,Gonin,12
2307438,14:43:00,14:43:10,stop_point:SP_603,Piste des Géants,13
2307438,14:44:00,14:44:10,stop_point:SP_340,Bréguet,14
2307438,14:45:00,14:45:10,stop_point:SP_2304,Tahiti,15
2307438,14:46:00,14:46:10,stop_point:SP_2562,Garin,16
2307438,14:48:00,14:48:10,stop_point:SP_2590,Ledormeur,17
2307438,14:49:00,14:49:10,stop_point:SP_3494,Allègre,18
2307438,14:50:00,14:50:10,stop_point:SP_1206,Mont Ventoux,19
2307438,14:51:00,14:51:10,stop_point:SP_1860,Firmis,20
2307438,14:52:00,14:52:10,stop_point:SP_2799,Baroux,21
2307438,14:53:00,14:53:10,stop_point:SP_718,Jacinthes,22
2307438,14:53:00,14:53:10,stop_point:SP_2225,Balansa,23
2307438,14:54:00,14:54:10,stop_point:SP_3505,Limayrac,24
2307438,14:55:00,14:55:10,stop_point:SP_258,Lafilaire,25
2307438,14:56:00,14:56:10,stop_point:SP_3381,Av. Raymond Naves,26
2307438,14:57:00,14:57:10,stop_point:SP_993,Achiary,27
2307438,14:59:00,14:59:10,stop_point:SP_3477,Jean Chaubet,28
2307438,15:00:00,15:00:10,stop_point:SP_2259,Coquille,29
2307438,15:01:00,15:01:10,stop_point:SP_3648,Soupetard Salonique,30
2307438,15:02:00,15:02:10,stop_point:SP_3569,Heredia,31
2307438,15:03:00,15:03:10,stop_point:SP_1024,Chaumière,32
2307438,15:05:00,15:05:10,stop_point:SP_3200,Jolimont,33
2307439,14:50:00,14:50:10,stop_point:SP_548,Ramonville,1
2307439,14:52:00,14:52:10,stop_point:SP_3112,Naturopole,2
2307439,14:53:00,14:53:10,stop_point:SP_3474,Sports Universitaires,3
2307439,14:54:00,14:54:10,stop_point:SP_3508,Giordano Bruno,4
2307439,14:56:00,14:56:10,stop_point:SP_1412,LAAS,5
2307439,14:57:00,14:57:10,stop_point:SP_3860,ENAC,6
2307439,14:58:00,14:58:10,stop_point:SP_3735,CNES- IAS,7
2307439,15:00:00,15:00:10,stop_point:SP_1844,Clément Ader,8
2307439,15:02:00,15:02:10,stop_point:SP_737,Rodier,9
2307439,15:02:00,15:02:10,stop_point:SP_875,Védrines,10
2307439,15:04:00,15:04:10,stop_point:SP_4961,Armentières,11
2307439,15:05:00,15:05:10,stop_point:SP_4720,Gonin,12
2307439,15:06:00,15:06:10,stop_point:SP_603,Piste des Géants,13
2307439,15:07:00,15:07:10,stop_point:SP_340,Bréguet,14
2307439,15:08:00,15:08:10,stop_point:SP_2304,Tahiti,15
2307439,15:09:00,15:09:10,stop_point:SP_2562,Garin,16
2307439,15:11:00,15:11:10,stop_point:SP_2590,Ledormeur,17
2307439,15:12:00,15:12:10,stop_point:SP_3494,Allègre,18
2307439,15:13:00,15:13:10,stop_point:SP_1206,Mont Ventoux,19
2307439,15:14:00,15:14:10,stop_point:SP_1860,Firmis,20
2307439,15:15:00,15:15:10,stop_point:SP_2799,Baroux,21
2307439,15:16:00,15:16:10,stop_point:SP_718,Jacinthes,22
2307439,15:16:00,15:16:10,stop_point:SP_2225,Balansa,23
2307439,15:17:00,15:17:10,stop_point:SP_3505,Limayrac,24
2307439,15:18:00,15:18:10,stop_point:SP_258,Lafilaire,25
2307439,15:19:00,15:19:10,stop_point:SP_3381,Av. Raymond Naves,26
2307439,15:21:00,15:21:10,stop_point:SP_993,Achiary,27
2307439,15:23:00,15:23:10,stop_point:SP_3477,Jean Chaubet,28
2307439,15:24:00,15:24:10,stop_point:SP_2259,Coquille,29
2307439,15:25:00,15:25:10,stop_point:SP_3648,Soupetard Salonique,30
2307439,15:26:00,15:26:10,stop_point:SP_3569,Heredia,31
2307439,15:27:00,15:27:10,stop_point:SP_1024,Chaumière,32
2307439,15:29:00,15:29:10,stop_point:SP_3200,Jolimont,33
2307440,15:13:00,15:13:10,stop_point:SP_548,Ramonville,1
2307440,15:15:00,15:15:10,stop_point:SP_3112,Naturopole,2
2307440,15:16:00,15:16:10,stop_point:SP_3474,Sports Universitaires,3
2307440,15:17:00,15:17:10,stop_point:SP_3508,Giordano Bruno,4
2307440,15:19:00,15:19:10,stop_point:SP_1412,LAAS,5
2307440,15:20:00,15:20:10,stop_point:SP_3860,ENAC,6
2307440,15:21:00,15:21:10,stop_point:SP_3735,CNES- IAS,7
2307440,15:23:00,15:23:10,stop_point:SP_1844,Clément Ader,8
2307440,15:25:00,15:25:10,stop_point:SP_737,Rodier,9
2307440,15:25:00,15:25:10,stop_point:SP_875,Védrines,10
2307440,15:27:00,15:27:10,stop_point:SP_4961,Armentières,11
2307440,15:28:00,15:28:10,stop_point:SP_4720,Gonin,12
2307440,15:29:00,15:29:10,stop_point:SP_603,Piste des Géants,13
2307440,15:30:00,15:30:10,stop_point:SP_340,Bréguet,14
2307440,15:31:00,15:31:10,stop_point:SP_2304,Tahiti,15
2307440,15:32:00,15:32:10,stop_point:SP_2562,Garin,16
2307440,15:34:00,15:34:10,stop_point:SP_2590,Ledormeur,17
2307440,15:35:00,15:35:10,stop_point:SP_3494,Allègre,18
2307440,15:36:00,15:36:10,stop_point:SP_1206,Mont Ventoux,19
2307440,15:37:00,15:37:10,stop_point:SP_1860,Firmis,20
2307440,15:38:00,15:38:10,stop_point:SP_2799,Baroux,21
2307440,15:39:00,15:39:10,stop_point:SP_718,Jacinthes,22
2307440,15:39:00,15:39:10,stop_point:SP_2225,Balansa,23
2307440,15:40:00,15:40:10,stop_point:SP_3505,Limayrac,24
2307440,15:41:00,15:41:10,stop_point:SP_258,Lafilaire,25
2307440,15:42:00,15:42:10,stop_point:SP_3381,Av. Raymond Naves,26
2307440,15:44:00,15:44:10,stop_point:SP_993,Achiary,27
2307440,15:46:00,15:46:10,stop_point:SP_3477,Jean Chaubet,28
2307440,15:47:00,15:47:10,stop_point:SP_2259,Coquille,29
2307440,15:48:00,15:48:10,stop_point:SP_3648,Soupetard Salonique,30
2307440,15:49:00,15:49:10,stop_point:SP_3569,Heredia,31
2307440,15:50:00,15:50:10,stop_point:SP_1024,Chaumière,32
2307440,15:52:00,15:52:10,stop_point:SP_3200,Jolimont,33
2307441,15:33:00,15:33:10,stop_point:SP_548,Ramonville,1
2307441,15:35:00,15:35:10,stop_point:SP_3112,Naturopole,2
2307441,15:36:00,15:36:10,stop_point:SP_3474,Sports Universitaires,3
2307441,15:37:00,15:37:10,stop_point:SP_3508,Giordano Bruno,4
2307441,15:39:00,15:39:10,stop_point:SP_1412,LAAS,5
2307441,15:40:00,15:40:10,stop_point:SP_3860,ENAC,6
2307441,15:41:00,15:41:10,stop_point:SP_3735,CNES- IAS,7
2307441,15:43:00,15:43:10,stop_point:SP_1844,Clément Ader,8
2307441,15:45:00,15:45:10,stop_point:SP_737,Rodier,9
2307441,15:45:00,15:45:10,stop_point:SP_875,Védrines,10
2307441,15:47:00,15:47:10,stop_point:SP_4961,Armentières,11
2307441,15:48:00,15:48:10,stop_point:SP_4720,Gonin,12
2307441,15:49:00,15:49:10,stop_point:SP_603,Piste des Géants,13
2307441,15:50:00,15:50:10,stop_point:SP_340,Bréguet,14
2307441,15:51:00,15:51:10,stop_point:SP_2304,Tahiti,15
2307441,15:52:00,15:52:10,stop_point:SP_2562,Garin,16
2307441,15:54:00,15:54:10,stop_point:SP_2590,Ledormeur,17
2307441,15:55:00,15:55:10,stop_point:SP_3494,Allègre,18
2307441,15:56:00,15:56:10,stop_point:SP_1206,Mont Ventoux,19
2307441,15:57:00,15:57:10,stop_point:SP_1860,Firmis,20
2307441,15:58:00,15:58:10,stop_point:SP_2799,Baroux,21
2307441,15:59:00,15:59:10,stop_point:SP_718,Jacinthes,22
2307441,16:00:00,16:00:10,stop_point:SP_2225,Balansa,23
2307441,16:01:00,16:01:10,stop_point:SP_3505,Limayrac,24
2307441,16:02:00,16:02:10,stop_point:SP_258,Lafilaire,25
2307441,16:03:00,16:03:10,stop_point:SP_3381,Av. Raymond Naves,26
2307441,16:05:00,16:05:10,stop_point:SP_993,Achiary,27
2307441,16:07:00,16:07:10,stop_point:SP_3477,Jean Chaubet,28
2307441,16:08:00,16:08:10,stop_point:SP_2259,Coquille,29
2307441,16:09:00,16:09:10,stop_point:SP_3648,Soupetard Salonique,30
2307441,16:11:00,16:11:10,stop_point:SP_3569,Heredia,31
2307441,16:12:00,16:12:10,stop_point:SP_1024,Chaumière,32
2307441,16:14:00,16:14:10,stop_point:SP_3200,Jolimont,33
2307442,15:51:00,15:51:10,stop_point:SP_548,Ramonville,1
2307442,15:53:00,15:53:10,stop_point:SP_3112,Naturopole,2
2307442,15:54:00,15:54:10,stop_point:SP_3474,Sports Universitaires,3
2307442,15:55:00,15:55:10,stop_point:SP_3508,Giordano Bruno,4
2307442,15:57:00,15:57:10,stop_point:SP_1412,LAAS,5
2307442,15:58:00,15:58:10,stop_point:SP_3860,ENAC,6
2307442,15:59:00,15:59:10,stop_point:SP_3735,CNES- IAS,7
2307442,16:02:00,16:02:10,stop_point:SP_1844,Clément Ader,8
2307442,16:03:00,16:03:10,stop_point:SP_737,Rodier,9
2307442,16:04:00,16:04:10,stop_point:SP_875,Védrines,10
2307442,16:06:00,16:06:10,stop_point:SP_4961,Armentières,11
2307442,16:07:00,16:07:10,stop_point:SP_4720,Gonin,12
2307442,16:08:00,16:08:10,stop_point:SP_603,Piste des Géants,13
2307442,16:09:00,16:09:10,stop_point:SP_340,Bréguet,14
2307442,16:10:00,16:10:10,stop_point:SP_2304,Tahiti,15
2307442,16:11:00,16:11:10,stop_point:SP_2562,Garin,16
2307442,16:13:00,16:13:10,stop_point:SP_2590,Ledormeur,17
2307442,16:14:00,16:14:10,stop_point:SP_3494,Allègre,18
2307442,16:15:00,16:15:10,stop_point:SP_1206,Mont Ventoux,19
2307442,16:16:00,16:16:10,stop_point:SP_1860,Firmis,20
2307442,16:17:00,16:17:10,stop_point:SP_2799,Baroux,21
2307442,16:18:00,16:18:10,stop_point:SP_718,Jacinthes,22
2307442,16:19:00,16:19:10,stop_point:SP_2225,Balansa,23
2307442,16:20:00,16:20:10,stop_point:SP_3505,Limayrac,24
2307442,16:21:00,16:21:10,stop_point:SP_258,Lafilaire,25
2307442,16:22:00,16:22:10,stop_point:SP_3381,Av. Raymond Naves,26
2307442,16:24:00,16:24:10,stop_point:SP_993,Achiary,27
2307442,16:26:00,16:26:10,stop_point:SP_3477,Jean Chaubet,28
2307442,16:27:00,16:27:10,stop_point:SP_2259,Coquille,29
2307442,16:28:00,16:28:10,stop_point:SP_3648,Soupetard Salonique,30
2307442,16:30:00,16:30:10,stop_point:SP_3569,Heredia,31
2307442,16:31:00,16:31:10,stop_point:SP_1024,Chaumière,32
2307442,16:33:00,16:33:10,stop_point:SP_3200,Jolimont,33
2307443,16:07:00,16:07:10,stop_point:SP_548,Ramonville,1
2307443,16:09:00,16:09:10,stop_point:SP_3112,Naturopole,2
2307443,16:10:00,16:10:10,stop_point:SP_3474,Sports Universitaires,3
2307443,16:11:00,16:11:10,stop_point:SP_3508,Giordano Bruno,4
2307443,16:13:00,16:13:10,stop_point:SP_1412,LAAS,5
2307443,16:14:00,16:14:10,stop_point:SP_3860,ENAC,6
2307443,16:15:00,16:15:10,stop_point:SP_3735,CNES- IAS,7
2307443,16:18:00,16:18:10,stop_point:SP_1844,Clément Ader,8
2307443,16:19:00,16:19:10,stop_point:SP_737,Rodier,9
2307443,16:20:00,16:20:10,stop_point:SP_875,Védrines,10
2307443,16:22:00,16:22:10,stop_point:SP_4961,Armentières,11
2307443,16:23:00,16:23:10,stop_point:SP_4720,Gonin,12
2307443,16:24:00,16:24:10,stop_point:SP_603,Piste des Géants,13
2307443,16:25:00,16:25:10,stop_point:SP_340,Bréguet,14
2307443,16:26:00,16:26:10,stop_point:SP_2304,Tahiti,15
2307443,16:28:00,16:28:10,stop_point:SP_2562,Garin,16
2307443,16:30:00,16:30:10,stop_point:SP_2590,Ledormeur,17
2307443,16:31:00,16:31:10,stop_point:SP_3494,Allègre,18
2307443,16:32:00,16:32:10,stop_point:SP_1206,Mont Ventoux,19
2307443,16:33:00,16:33:10,stop_point:SP_1860,Firmis,20
2307443,16:34:00,16:34:10,stop_point:SP_2799,Baroux,21
2307443,16:35:00,16:35:10,stop_point:SP_718,Jacinthes,22
2307443,16:36:00,16:36:10,stop_point:SP_2225,Balansa,23
2307443,16:37:00,16:37:10,stop_point:SP_3505,Limayrac,24
2307443,16:38:00,16:38:10,stop_point:SP_258,Lafilaire,25
2307443,16:39:00,16:39:10,stop_point:SP_3381,Av. Raymond Naves,26
2307443,16:41:00,16:41:10,stop_point:SP_993,Achiary,27
2307443,16:43:00,16:43:10,stop_point:SP_3477,Jean Chaubet,28
2307443,16:44:00,16:44:10,stop_point:SP_2259,Coquille,29
2307443,16:45:00,16:45:10,stop_point:SP_3648,Soupetard Salonique,30
2307443,16:47:00,16:47:10,stop_point:SP_3569,Heredia,31
2307443,16:48:00,16:48:10,stop_point:SP_1024,Chaumière,32
2307443,16:50:00,16:50:10,stop_point:SP_3200,Jolimont,33
2307444,16:23:00,16:23:10,stop_point:SP_548,Ramonville,1
2307444,16:25:00,16:25:10,stop_point:SP_3112,Naturopole,2
2307444,16:26:00,16:26:10,stop_point:SP_3474,Sports Universitaires,3
2307444,16:27:00,16:27:10,stop_point:SP_3508,Giordano Bruno,4
2307444,16:29:00,16:29:10,stop_point:SP_1412,LAAS,5
2307444,16:30:00,16:30:10,stop_point:SP_3860,ENAC,6
2307444,16:31:00,16:31:10,stop_point:SP_3735,CNES- IAS,7
2307444,16:34:00,16:34:10,stop_point:SP_1844,Clément Ader,8
2307444,16:36:00,16:36:10,stop_point:SP_737,Rodier,9
2307444,16:37:00,16:37:10,stop_point:SP_875,Védrines,10
2307444,16:39:00,16:39:10,stop_point:SP_4961,Armentières,11
2307444,16:40:00,16:40:10,stop_point:SP_4720,Gonin,12
2307444,16:41:00,16:41:10,stop_point:SP_603,Piste des Géants,13
2307444,16:42:00,16:42:10,stop_point:SP_340,Bréguet,14
2307444,16:43:00,16:43:10,stop_point:SP_2304,Tahiti,15
2307444,16:45:00,16:45:10,stop_point:SP_2562,Garin,16
2307444,16:47:00,16:47:10,stop_point:SP_2590,Ledormeur,17
2307444,16:48:00,16:48:10,stop_point:SP_3494,Allègre,18
2307444,16:49:00,16:49:10,stop_point:SP_1206,Mont Ventoux,19
2307444,16:50:00,16:50:10,stop_point:SP_1860,Firmis,20
2307444,16:51:00,16:51:10,stop_point:SP_2799,Baroux,21
2307444,16:52:00,16:52:10,stop_point:SP_718,Jacinthes,22
2307444,16:53:00,16:53:10,stop_point:SP_2225,Balansa,23
2307444,16:54:00,16:54:10,stop_point:SP_3505,Limayrac,24
2307444,16:55:00,16:55:10,stop_point:SP_258,Lafilaire,25
2307444,16:56:00,16:56:10,stop_point:SP_3381,Av. Raymond Naves,26
2307444,16:58:00,16:58:10,stop_point:SP_993,Achiary,27
2307444,17:00:00,17:00:10,stop_point:SP_3477,Jean Chaubet,28
2307444,17:01:00,17:01:10,stop_point:SP_2259,Coquille,29
2307444,17:03:00,17:03:10,stop_point:SP_3648,Soupetard Salonique,30
2307444,17:04:00,17:04:10,stop_point:SP_3569,Heredia,31
2307444,17:05:00,17:05:10,stop_point:SP_1024,Chaumière,32
2307444,17:08:00,17:08:10,stop_point:SP_3200,Jolimont,33
2307445,16:37:00,16:37:10,stop_point:SP_548,Ramonville,1
2307445,16:39:00,16:39:10,stop_point:SP_3112,Naturopole,2
2307445,16:40:00,16:40:10,stop_point:SP_3474,Sports Universitaires,3
2307445,16:41:00,16:41:10,stop_point:SP_3508,Giordano Bruno,4
2307445,16:43:00,16:43:10,stop_point:SP_1412,LAAS,5
2307445,16:44:00,16:44:10,stop_point:SP_3860,ENAC,6
2307445,16:45:00,16:45:10,stop_point:SP_3735,CNES- IAS,7
2307445,16:48:00,16:48:10,stop_point:SP_1844,Clément Ader,8
2307445,16:50:00,16:50:10,stop_point:SP_737,Rodier,9
2307445,16:51:00,16:51:10,stop_point:SP_875,Védrines,10
2307445,16:53:00,16:53:10,stop_point:SP_4961,Armentières,11
2307445,16:54:00,16:54:10,stop_point:SP_4720,Gonin,12
2307445,16:55:00,16:55:10,stop_point:SP_603,Piste des Géants,13
2307445,16:56:00,16:56:10,stop_point:SP_340,Bréguet,14
2307445,16:57:00,16:57:10,stop_point:SP_2304,Tahiti,15
2307445,16:59:00,16:59:10,stop_point:SP_2562,Garin,16
2307445,17:01:00,17:01:10,stop_point:SP_2590,Ledormeur,17
2307445,17:02:00,17:02:10,stop_point:SP_3494,Allègre,18
2307445,17:03:00,17:03:10,stop_point:SP_1206,Mont Ventoux,19
2307445,17:04:00,17:04:10,stop_point:SP_1860,Firmis,20
2307445,17:05:00,17:05:10,stop_point:SP_2799,Baroux,21
2307445,17:06:00,17:06:10,stop_point:SP_718,Jacinthes,22
2307445,17:07:00,17:07:10,stop_point:SP_2225,Balansa,23
2307445,17:08:00,17:08:10,stop_point:SP_3505,Limayrac,24
2307445,17:09:00,17:09:10,stop_point:SP_258,Lafilaire,25
2307445,17:10:00,17:10:10,stop_point:SP_3381,Av. Raymond Naves,26
2307445,17:12:00,17:12:10,stop_point:SP_993,Achiary,27
2307445,17:14:00,17:14:10,stop_point:SP_3477,Jean Chaubet,28
2307445,17:15:00,17:15:10,stop_point:SP_2259,Coquille,29
2307445,17:17:00,17:17:10,stop_point:SP_3648,Soupetard Salonique,30
2307445,17:18:00,17:18:10,stop_point:SP_3569,Heredia,31
2307445,17:19:00,17:19:10,stop_point:SP_1024,Chaumière,32
2307445,17:22:00,17:22:10,stop_point:SP_3200,Jolimont,33
2307446,16:52:00,16:52:10,stop_point:SP_548,Ramonville,1
2307446,16:54:00,16:54:10,stop_point:SP_3112,Naturopole,2
2307446,16:55:00,16:55:10,stop_point:SP_3474,Sports Universitaires,3
2307446,16:56:00,16:56:10,stop_point:SP_3508,Giordano Bruno,4
2307446,16:58:00,16:58:10,stop_point:SP_1412,LAAS,5
2307446,16:59:00,16:59:10,stop_point:SP_3860,ENAC,6
2307446,17:00:00,17:00:10,stop_point:SP_3735,CNES- IAS,7
2307446,17:03:00,17:03:10,stop_point:SP_1844,Clément Ader,8
2307446,17:05:00,17:05:10,stop_point:SP_737,Rodier,9
2307446,17:06:00,17:06:10,stop_point:SP_875,Védrines,10
2307446,17:08:00,17:08:10,stop_point:SP_4961,Armentières,11
2307446,17:09:00,17:09:10,stop_point:SP_4720,Gonin,12
2307446,17:10:00,17:10:10,stop_point:SP_603,Piste des Géants,13
2307446,17:11:00,17:11:10,stop_point:SP_340,Bréguet,14
2307446,17:12:00,17:12:10,stop_point:SP_2304,Tahiti,15
2307446,17:14:00,17:14:10,stop_point:SP_2562,Garin,16
2307446,17:16:00,17:16:10,stop_point:SP_2590,Ledormeur,17
2307446,17:17:00,17:17:10,stop_point:SP_3494,Allègre,18
2307446,17:18:00,17:18:10,stop_point:SP_1206,Mont Ventoux,19
2307446,17:19:00,17:19:10,stop_point:SP_1860,Firmis,20
2307446,17:20:00,17:20:10,stop_point:SP_2799,Baroux,21
2307446,17:21:00,17:21:10,stop_point:SP_718,Jacinthes,22
2307446,17:22:00,17:22:10,stop_point:SP_2225,Balansa,23
2307446,17:23:00,17:23:10,stop_point:SP_3505,Limayrac,24
2307446,17:24:00,17:24:10,stop_point:SP_258,Lafilaire,25
2307446,17:25:00,17:25:10,stop_point:SP_3381,Av. Raymond Naves,26
2307446,17:27:00,17:27:10,stop_point:SP_993,Achiary,27
2307446,17:29:00,17:29:10,stop_point:SP_3477,Jean Chaubet,28
2307446,17:30:00,17:30:10,stop_point:SP_2259,Coquille,29
2307446,17:32:00,17:32:10,stop_point:SP_3648,Soupetard Salonique,30
2307446,17:33:00,17:33:10,stop_point:SP_3569,Heredia,31
2307446,17:34:00,17:34:10,stop_point:SP_1024,Chaumière,32
2307446,17:37:00,17:37:10,stop_point:SP_3200,Jolimont,33
2307447,17:07:00,17:07:10,stop_point:SP_548,Ramonville,1
2307447,17:09:00,17:09:10,stop_point:SP_3112,Naturopole,2
2307447,17:10:00,17:10:10,stop_point:SP_3474,Sports Universitaires,3
2307447,17:11:00,17:11:10,stop_point:SP_3508,Giordano Bruno,4
2307447,17:13:00,17:13:10,stop_point:SP_1412,LAAS,5
2307447,17:14:00,17:14:10,stop_point:SP_3860,ENAC,6
2307447,17:15:00,17:15:10,stop_point:SP_3735,CNES- IAS,7
2307447,17:18:00,17:18:10,stop_point:SP_1844,Clément Ader,8
2307447,17:20:00,17:20:10,stop_point:SP_737,Rodier,9
2307447,17:21:00,17:21:10,stop_point:SP_875,Védrines,10
2307447,17:23:00,17:23:10,stop_point:SP_4961,Armentières,11
2307447,17:24:00,17:24:10,stop_point:SP_4720,Gonin,12
2307447,17:25:00,17:25:10,stop_point:SP_603,Piste des Géants,13
2307447,17:26:00,17:26:10,stop_point:SP_340,Bréguet,14
2307447,17:27:00,17:27:10,stop_point:SP_2304,Tahiti,15
2307447,17:29:00,17:29:10,stop_point:SP_2562,Garin,16
2307447,17:31:00,17:31:10,stop_point:SP_2590,Ledormeur,17
2307447,17:32:00,17:32:10,stop_point:SP_3494,Allègre,18
2307447,17:33:00,17:33:10,stop_point:SP_1206,Mont Ventoux,19
2307447,17:34:00,17:34:10,stop_point:SP_1860,Firmis,20
2307447,17:35:00,17:35:10,stop_point:SP_2799,Baroux,21
2307447,17:36:00,17:36:10,stop_point:SP_718,Jacinthes,22
2307447,17:37:00,17:37:10,stop_point:SP_2225,Balansa,23
2307447,17:38:00,17:38:10,stop_point:SP_3505,Limayrac,24
2307447,17:39:00,17:39:10,stop_point:SP_258,Lafilaire,25
2307447,17:40:00,17:40:10,stop_point:SP_3381,Av. Raymond Naves,26
2307447,17:42:00,17:42:10,stop_point:SP_993,Achiary,27
2307447,17:44:00,17:44:10,stop_point:SP_3477,Jean Chaubet,28
2307447,17:45:00,17:45:10,stop_point:SP_2259,Coquille,29
2307447,17:47:00,17:47:10,stop_point:SP_3648,Soupetard Salonique,30
2307447,17:48:00,17:48:10,stop_point:SP_3569,Heredia,31
2307447,17:49:00,17:49:10,stop_point:SP_1024,Chaumière,32
2307447,17:52:00,17:52:10,stop_point:SP_3200,Jolimont,33
2307448,17:22:00,17:22:10,stop_point:SP_548,Ramonville,1
2307448,17:24:00,17:24:10,stop_point:SP_3112,Naturopole,2
2307448,17:25:00,17:25:10,stop_point:SP_3474,Sports Universitaires,3
2307448,17:26:00,17:26:10,stop_point:SP_3508,Giordano Bruno,4
2307448,17:28:00,17:28:10,stop_point:SP_1412,LAAS,5
2307448,17:29:00,17:29:10,stop_point:SP_3860,ENAC,6
2307448,17:30:00,17:30:10,stop_point:SP_3735,CNES- IAS,7
2307448,17:33:00,17:33:10,stop_point:SP_1844,Clément Ader,8
2307448,17:35:00,17:35:10,stop_point:SP_737,Rodier,9
2307448,17:36:00,17:36:10,stop_point:SP_875,Védrines,10
2307448,17:38:00,17:38:10,stop_point:SP_4961,Armentières,11
2307448,17:39:00,17:39:10,stop_point:SP_4720,Gonin,12
2307448,17:40:00,17:40:10,stop_point:SP_603,Piste des Géants,13
2307448,17:41:00,17:41:10,stop_point:SP_340,Bréguet,14
2307448,17:42:00,17:42:10,stop_point:SP_2304,Tahiti,15
2307448,17:44:00,17:44:10,stop_point:SP_2562,Garin,16
2307448,17:46:00,17:46:10,stop_point:SP_2590,Ledormeur,17
2307448,17:47:00,17:47:10,stop_point:SP_3494,Allègre,18
2307448,17:48:00,17:48:10,stop_point:SP_1206,Mont Ventoux,19
2307448,17:49:00,17:49:10,stop_point:SP_1860,Firmis,20
2307448,17:50:00,17:50:10,stop_point:SP_2799,Baroux,21
2307448,17:51:00,17:51:10,stop_point:SP_718,Jacinthes,22
2307448,17:52:00,17:52:10,stop_point:SP_2225,Balansa,23
2307448,17:53:00,17:53:10,stop_point:SP_3505,Limayrac,24
2307448,17:54:00,17:54:10,stop_point:SP_258,Lafilaire,25
2307448,17:55:00,17:55:10,stop_point:SP_3381,Av. Raymond Naves,26
2307448,17:57:00,17:57:10,stop_point:SP_993,Achiary,27
2307448,17:59:00,17:59:10,stop_point:SP_3477,Jean Chaubet,28
2307448,18:00:00,18:00:10,stop_point:SP_2259,Coquille,29
2307448,18:02:00,18:02:10,stop_point:SP_3648,Soupetard Salonique,30
2307448,18:03:00,18:03:10,stop_point:SP_3569,Heredia,31
2307448,18:04:00,18:04:10,stop_point:SP_1024,Chaumière,32
2307448,18:07:00,18:07:10,stop_point:SP_3200,Jolimont,33
2307449,17:37:00,17:37:10,stop_point:SP_548,Ramonville,1
2307449,17:39:00,17:39:10,stop_point:SP_3112,Naturopole,2
2307449,17:40:00,17:40:10,stop_point:SP_3474,Sports Universitaires,3
2307449,17:41:00,17:41:10,stop_point:SP_3508,Giordano Bruno,4
2307449,17:43:00,17:43:10,stop_point:SP_1412,LAAS,5
2307449,17:44:00,17:44:10,stop_point:SP_3860,ENAC,6
2307449,17:45:00,17:45:10,stop_point:SP_3735,CNES- IAS,7
2307449,17:48:00,17:48:10,stop_point:SP_1844,Clément Ader,8
2307449,17:50:00,17:50:10,stop_point:SP_737,Rodier,9
2307449,17:51:00,17:51:10,stop_point:SP_875,Védrines,10
2307449,17:53:00,17:53:10,stop_point:SP_4961,Armentières,11
2307449,17:54:00,17:54:10,stop_point:SP_4720,Gonin,12
2307449,17:55:00,17:55:10,stop_point:SP_603,Piste des Géants,13
2307449,17:56:00,17:56:10,stop_point:SP_340,Bréguet,14
2307449,17:57:00,17:57:10,stop_point:SP_2304,Tahiti,15
2307449,17:59:00,17:59:10,stop_point:SP_2562,Garin,16
2307449,18:01:00,18:01:10,stop_point:SP_2590,Ledormeur,17
2307449,18:02:00,18:02:10,stop_point:SP_3494,Allègre,18
2307449,18:03:00,18:03:10,stop_point:SP_1206,Mont Ventoux,19
2307449,18:04:00,18:04:10,stop_point:SP_1860,Firmis,20
2307449,18:05:00,18:05:10,stop_point:SP_2799,Baroux,21
2307449,18:06:00,18:06:10,stop_point:SP_718,Jacinthes,22
2307449,18:07:00,18:07:10,stop_point:SP_2225,Balansa,23
2307449,18:08:00,18:08:10,stop_point:SP_3505,Limayrac,24
2307449,18:09:00,18:09:10,stop_point:SP_258,Lafilaire,25
2307449,18:10:00,18:10:10,stop_point:SP_3381,Av. Raymond Naves,26
2307449,18:12:00,18:12:10,stop_point:SP_993,Achiary,27
2307449,18:14:00,18:14:10,stop_point:SP_3477,Jean Chaubet,28
2307449,18:15:00,18:15:10,stop_point:SP_2259,Coquille,29
2307449,18:16:00,18:16:10,stop_point:SP_3648,Soupetard Salonique,30
2307449,18:18:00,18:18:10,stop_point:SP_3569,Heredia,31
2307449,18:19:00,18:19:10,stop_point:SP_1024,Chaumière,32
2307449,18:21:00,18:21:10,stop_point:SP_3200,Jolimont,33
2307450,17:52:00,17:52:10,stop_point:SP_548,Ramonville,1
2307450,17:54:00,17:54:10,stop_point:SP_3112,Naturopole,2
2307450,17:55:00,17:55:10,stop_point:SP_3474,Sports Universitaires,3
2307450,17:56:00,17:56:10,stop_point:SP_3508,Giordano Bruno,4
2307450,17:58:00,17:58:10,stop_point:SP_1412,LAAS,5
2307450,17:59:00,17:59:10,stop_point:SP_3860,ENAC,6
2307450,18:00:00,18:00:10,stop_point:SP_3735,CNES- IAS,7
2307450,18:03:00,18:03:10,stop_point:SP_1844,Clément Ader,8
2307450,18:05:00,18:05:10,stop_point:SP_737,Rodier,9
2307450,18:06:00,18:06:10,stop_point:SP_875,Védrines,10
2307450,18:08:00,18:08:10,stop_point:SP_4961,Armentières,11
2307450,18:09:00,18:09:10,stop_point:SP_4720,Gonin,12
2307450,18:10:00,18:10:10,stop_point:SP_603,Piste des Géants,13
2307450,18:11:00,18:11:10,stop_point:SP_340,Bréguet,14
2307450,18:12:00,18:12:10,stop_point:SP_2304,Tahiti,15
2307450,18:14:00,18:14:10,stop_point:SP_2562,Garin,16
2307450,18:16:00,18:16:10,stop_point:SP_2590,Ledormeur,17
2307450,18:17:00,18:17:10,stop_point:SP_3494,Allègre,18
2307450,18:18:00,18:18:10,stop_point:SP_1206,Mont Ventoux,19
2307450,18:19:00,18:19:10,stop_point:SP_1860,Firmis,20
2307450,18:20:00,18:20:10,stop_point:SP_2799,Baroux,21
2307450,18:21:00,18:21:10,stop_point:SP_718,Jacinthes,22
2307450,18:21:00,18:21:10,stop_point:SP_2225,Balansa,23
2307450,18:22:00,18:22:10,stop_point:SP_3505,Limayrac,24
2307450,18:23:00,18:23:10,stop_point:SP_258,Lafilaire,25
2307450,18:24:00,18:24:10,stop_point:SP_3381,Av. Raymond Naves,26
2307450,18:25:00,18:25:10,stop_point:SP_993,Achiary,27
2307450,18:27:00,18:27:10,stop_point:SP_3477,Jean Chaubet,28
2307450,18:28:00,18:28:10,stop_point:SP_2259,Coquille,29
2307450,18:29:00,18:29:10,stop_point:SP_3648,Soupetard Salonique,30
2307450,18:31:00,18:31:10,stop_point:SP_3569,Heredia,31
2307450,18:32:00,18:32:10,stop_point:SP_1024,Chaumière,32
2307450,18:34:00,18:34:10,stop_point:SP_3200,Jolimont,33
2307451,18:07:00,18:07:10,stop_point:SP_548,Ramonville,1
2307451,18:09:00,18:09:10,stop_point:SP_3112,Naturopole,2
2307451,18:10:00,18:10:10,stop_point:SP_3474,Sports Universitaires,3
2307451,18:11:00,18:11:10,stop_point:SP_3508,Giordano Bruno,4
2307451,18:13:00,18:13:10,stop_point:SP_1412,LAAS,5
2307451,18:14:00,18:14:10,stop_point:SP_3860,ENAC,6
2307451,18:15:00,18:15:10,stop_point:SP_3735,CNES- IAS,7
2307451,18:18:00,18:18:10,stop_point:SP_1844,Clément Ader,8
2307451,18:19:00,18:19:10,stop_point:SP_737,Rodier,9
2307451,18:20:00,18:20:10,stop_point:SP_875,Védrines,10
2307451,18:22:00,18:22:10,stop_point:SP_4961,Armentières,11
2307451,18:23:00,18:23:10,stop_point:SP_4720,Gonin,12
2307451,18:24:00,18:24:10,stop_point:SP_603,Piste des Géants,13
2307451,18:25:00,18:25:10,stop_point:SP_340,Bréguet,14
2307451,18:26:00,18:26:10,stop_point:SP_2304,Tahiti,15
2307451,18:28:00,18:28:10,stop_point:SP_2562,Garin,16
2307451,18:30:00,18:30:10,stop_point:SP_2590,Ledormeur,17
2307451,18:31:00,18:31:10,stop_point:SP_3494,Allègre,18
2307451,18:32:00,18:32:10,stop_point:SP_1206,Mont Ventoux,19
2307451,18:33:00,18:33:10,stop_point:SP_1860,Firmis,20
2307451,18:34:00,18:34:10,stop_point:SP_2799,Baroux,21
2307451,18:35:00,18:35:10,stop_point:SP_718,Jacinthes,22
2307451,18:35:00,18:35:10,stop_point:SP_2225,Balansa,23
2307451,18:36:00,18:36:10,stop_point:SP_3505,Limayrac,24
2307451,18:37:00,18:37:10,stop_point:SP_258,Lafilaire,25
2307451,18:38:00,18:38:10,stop_point:SP_3381,Av. Raymond Naves,26
2307451,18:39:00,18:39:10,stop_point:SP_993,Achiary,27
2307451,18:41:00,18:41:10,stop_point:SP_3477,Jean Chaubet,28
2307451,18:42:00,18:42:10,stop_point:SP_2259,Coquille,29
2307451,18:43:00,18:43:10,stop_point:SP_3648,Soupetard Salonique,30
2307451,18:45:00,18:45:10,stop_point:SP_3569,Heredia,31
2307451,18:46:00,18:46:10,stop_point:SP_1024,Chaumière,32
2307451,18:48:00,18:48:10,stop_point:SP_3200,Jolimont,33
2307452,18:25:00,18:25:10,stop_point:SP_548,Ramonville,1
2307452,18:27:00,18:27:10,stop_point:SP_3112,Naturopole,2
2307452,18:28:00,18:28:10,stop_point:SP_3474,Sports Universitaires,3
2307452,18:29:00,18:29:10,stop_point:SP_3508,Giordano Bruno,4
2307452,18:31:00,18:31:10,stop_point:SP_1412,LAAS,5
2307452,18:32:00,18:32:10,stop_point:SP_3860,ENAC,6
2307452,18:33:00,18:33:10,stop_point:SP_3735,CNES- IAS,7
2307452,18:35:00,18:35:10,stop_point:SP_1844,Clément Ader,8
2307452,18:37:00,18:37:10,stop_point:SP_737,Rodier,9
2307452,18:37:00,18:37:10,stop_point:SP_875,Védrines,10
2307452,18:39:00,18:39:10,stop_point:SP_4961,Armentières,11
2307452,18:40:00,18:40:10,stop_point:SP_4720,Gonin,12
2307452,18:41:00,18:41:10,stop_point:SP_603,Piste des Géants,13
2307452,18:42:00,18:42:10,stop_point:SP_340,Bréguet,14
2307452,18:43:00,18:43:10,stop_point:SP_2304,Tahiti,15
2307452,18:44:00,18:44:10,stop_point:SP_2562,Garin,16
2307452,18:46:00,18:46:10,stop_point:SP_2590,Ledormeur,17
2307452,18:47:00,18:47:10,stop_point:SP_3494,Allègre,18
2307452,18:48:00,18:48:10,stop_point:SP_1206,Mont Ventoux,19
2307452,18:49:00,18:49:10,stop_point:SP_1860,Firmis,20
2307452,18:50:00,18:50:10,stop_point:SP_2799,Baroux,21
2307452,18:51:00,18:51:10,stop_point:SP_718,Jacinthes,22
2307452,18:51:00,18:51:10,stop_point:SP_2225,Balansa,23
2307452,18:52:00,18:52:10,stop_point:SP_3505,Limayrac,24
2307452,18:53:00,18:53:10,stop_point:SP_258,Lafilaire,25
2307452,18:53:00,18:53:10,stop_point:SP_3381,Av. Raymond Naves,26
2307452,18:55:00,18:55:10,stop_point:SP_993,Achiary,27
2307452,18:56:00,18:56:10,stop_point:SP_3477,Jean Chaubet,28
2307452,18:57:00,18:57:10,stop_point:SP_2259,Coquille,29
2307452,18:58:00,18:58:10,stop_point:SP_3648,Soupetard Salonique,30
2307452,19:00:00,19:00:10,stop_point:SP_3569,Heredia,31
2307452,19:01:00,19:01:10,stop_point:SP_1024,Chaumière,32
2307452,19:03:00,19:03:10,stop_point:SP_3200,Jolimont,33
2307453,18:43:00,18:43:10,stop_point:SP_548,Ramonville,1
2307453,18:45:00,18:45:10,stop_point:SP_3112,Naturopole,2
2307453,18:46:00,18:46:10,stop_point:SP_3474,Sports Universitaires,3
2307453,18:47:00,18:47:10,stop_point:SP_3508,Giordano Bruno,4
2307453,18:49:00,18:49:10,stop_point:SP_1412,LAAS,5
2307453,18:50:00,18:50:10,stop_point:SP_3860,ENAC,6
2307453,18:51:00,18:51:10,stop_point:SP_3735,CNES- IAS,7
2307453,18:53:00,18:53:10,stop_point:SP_1844,Clément Ader,8
2307453,18:55:00,18:55:10,stop_point:SP_737,Rodier,9
2307453,18:55:00,18:55:10,stop_point:SP_875,Védrines,10
2307453,18:57:00,18:57:10,stop_point:SP_4961,Armentières,11
2307453,18:58:00,18:58:10,stop_point:SP_4720,Gonin,12
2307453,18:59:00,18:59:10,stop_point:SP_603,Piste des Géants,13
2307453,19:00:00,19:00:10,stop_point:SP_340,Bréguet,14
2307453,19:01:00,19:01:10,stop_point:SP_2304,Tahiti,15
2307453,19:02:00,19:02:10,stop_point:SP_2562,Garin,16
2307453,19:04:00,19:04:10,stop_point:SP_2590,Ledormeur,17
2307453,19:05:00,19:05:10,stop_point:SP_3494,Allègre,18
2307453,19:06:00,19:06:10,stop_point:SP_1206,Mont Ventoux,19
2307453,19:07:00,19:07:10,stop_point:SP_1860,Firmis,20
2307453,19:08:00,19:08:10,stop_point:SP_2799,Baroux,21
2307453,19:09:00,19:09:10,stop_point:SP_718,Jacinthes,22
2307453,19:09:00,19:09:10,stop_point:SP_2225,Balansa,23
2307453,19:10:00,19:10:10,stop_point:SP_3505,Limayrac,24
2307453,19:11:00,19:11:10,stop_point:SP_258,Lafilaire,25
2307453,19:11:00,19:11:10,stop_point:SP_3381,Av. Raymond Naves,26
2307453,19:13:00,19:13:10,stop_point:SP_993,Achiary,27
2307453,19:14:00,19:14:10,stop_point:SP_3477,Jean Chaubet,28
2307453,19:15:00,19:15:10,stop_point:SP_2259,Coquille,29
2307453,19:16:00,19:16:10,stop_point:SP_3648,Soupetard Salonique,30
2307453,19:17:00,19:17:10,stop_point:SP_3569,Heredia,31
2307453,19:18:00,19:18:10,stop_point:SP_1024,Chaumière,32
2307453,19:20:00,19:20:10,stop_point:SP_3200,Jolimont,33
2307454,19:01:00,19:01:10,stop_point:SP_548,Ramonville,1
2307454,19:03:00,19:03:10,stop_point:SP_3112,Naturopole,2
2307454,19:04:00,19:04:10,stop_point:SP_3474,Sports Universitaires,3
2307454,19:05:00,19:05:10,stop_point:SP_3508,Giordano Bruno,4
2307454,19:07:00,19:07:10,stop_point:SP_1412,LAAS,5
2307454,19:08:00,19:08:10,stop_point:SP_3860,ENAC,6
2307454,19:09:00,19:09:10,stop_point:SP_3735,CNES- IAS,7
2307454,19:11:00,19:11:10,stop_point:SP_1844,Clément Ader,8
2307454,19:13:00,19:13:10,stop_point:SP_737,Rodier,9
2307454,19:13:00,19:13:10,stop_point:SP_875,Védrines,10
2307454,19:15:00,19:15:10,stop_point:SP_4961,Armentières,11
2307454,19:16:00,19:16:10,stop_point:SP_4720,Gonin,12
2307454,19:17:00,19:17:10,stop_point:SP_603,Piste des Géants,13
2307454,19:18:00,19:18:10,stop_point:SP_340,Bréguet,14
2307454,19:19:00,19:19:10,stop_point:SP_2304,Tahiti,15
2307454,19:20:00,19:20:10,stop_point:SP_2562,Garin,16
2307454,19:22:00,19:22:10,stop_point:SP_2590,Ledormeur,17
2307454,19:23:00,19:23:10,stop_point:SP_3494,Allègre,18
2307454,19:24:00,19:24:10,stop_point:SP_1206,Mont Ventoux,19
2307454,19:25:00,19:25:10,stop_point:SP_1860,Firmis,20
2307454,19:26:00,19:26:10,stop_point:SP_2799,Baroux,21
2307454,19:27:00,19:27:10,stop_point:SP_718,Jacinthes,22
2307454,19:27:00,19:27:10,stop_point:SP_2225,Balansa,23
2307454,19:28:00,19:28:10,stop_point:SP_3505,Limayrac,24
2307454,19:29:00,19:29:10,stop_point:SP_258,Lafilaire,25
2307454,19:29:00,19:29:10,stop_point:SP_3381,Av. Raymond Naves,26
2307454,19:31:00,19:31:10,stop_point:SP_993,Achiary,27
2307454,19:32:00,19:32:10,stop_point:SP_3477,Jean Chaubet,28
2307454,19:33:00,19:33:10,stop_point:SP_2259,Coquille,29
2307454,19:34:00,19:34:10,stop_point:SP_3648,Soupetard Salonique,30
2307454,19:35:00,19:35:10,stop_point:SP_3569,Heredia,31
2307454,19:36:00,19:36:10,stop_point:SP_1024,Chaumière,32
2307454,19:38:00,19:38:10,stop_point:SP_3200,Jolimont,33
2307455,19:36:00,19:36:10,stop_point:SP_548,Ramonville,1
2307455,19:38:00,19:38:10,stop_point:SP_3112,Naturopole,2
2307455,19:39:00,19:39:10,stop_point:SP_3474,Sports Universitaires,3
2307455,19:40:00,19:40:10,stop_point:SP_3508,Giordano Bruno,4
2307455,19:42:00,19:42:10,stop_point:SP_1412,LAAS,5
2307455,19:43:00,19:43:10,stop_point:SP_3860,ENAC,6
2307455,19:44:00,19:44:10,stop_point:SP_3735,CNES- IAS,7
2307455,19:46:00,19:46:10,stop_point:SP_1844,Clément Ader,8
2307455,19:47:00,19:47:10,stop_point:SP_737,Rodier,9
2307455,19:48:00,19:48:10,stop_point:SP_875,Védrines,10
2307455,19:49:00,19:49:10,stop_point:SP_4961,Armentières,11
2307455,19:50:00,19:50:10,stop_point:SP_4720,Gonin,12
2307455,19:51:00,19:51:10,stop_point:SP_603,Piste des Géants,13
2307455,19:52:00,19:52:10,stop_point:SP_340,Bréguet,14
2307455,19:53:00,19:53:10,stop_point:SP_2304,Tahiti,15
2307455,19:54:00,19:54:10,stop_point:SP_2562,Garin,16
2307455,19:56:00,19:56:10,stop_point:SP_2590,Ledormeur,17
2307455,19:57:00,19:57:10,stop_point:SP_3494,Allègre,18
2307455,19:58:00,19:58:10,stop_point:SP_1206,Mont Ventoux,19
2307455,19:59:00,19:59:10,stop_point:SP_1860,Firmis,20
2307455,20:00:00,20:00:10,stop_point:SP_2799,Baroux,21
2307455,20:01:00,20:01:10,stop_point:SP_718,Jacinthes,22
2307455,20:01:00,20:01:10,stop_point:SP_2225,Balansa,23
2307455,20:02:00,20:02:10,stop_point:SP_3505,Limayrac,24
2307455,20:03:00,20:03:10,stop_point:SP_258,Lafilaire,25
2307455,20:03:00,20:03:10,stop_point:SP_3381,Av. Raymond Naves,26
2307455,20:05:00,20:05:10,stop_point:SP_993,Achiary,27
2307455,20:06:00,20:06:10,stop_point:SP_3477,Jean Chaubet,28
2307455,20:07:00,20:07:10,stop_point:SP_2259,Coquille,29
2307455,20:08:00,20:08:10,stop_point:SP_3648,Soupetard Salonique,30
2307455,20:09:00,20:09:10,stop_point:SP_3569,Heredia,31
2307455,20:10:00,20:10:10,stop_point:SP_1024,Chaumière,32
2307455,20:12:00,20:12:10,stop_point:SP_3200,Jolimont,33
2307456,20:11:00,20:11:10,stop_point:SP_548,Ramonville,1
2307456,20:13:00,20:13:10,stop_point:SP_3112,Naturopole,2
2307456,20:14:00,20:14:10,stop_point:SP_3474,Sports Universitaires,3
2307456,20:15:00,20:15:10,stop_point:SP_3508,Giordano Bruno,4
2307456,20:17:00,20:17:10,stop_point:SP_1412,LAAS,5
2307456,20:18:00,20:18:10,stop_point:SP_3860,ENAC,6
2307456,20:19:00,20:19:10,stop_point:SP_3735,CNES- IAS,7
2307456,20:21:00,20:21:10,stop_point:SP_1844,Clément Ader,8
2307456,20:22:00,20:22:10,stop_point:SP_737,Rodier,9
2307456,20:23:00,20:23:10,stop_point:SP_875,Védrines,10
2307456,20:24:00,20:24:10,stop_point:SP_4961,Armentières,11
2307456,20:25:00,20:25:10,stop_point:SP_4720,Gonin,12
2307456,20:26:00,20:26:10,stop_point:SP_603,Piste des Géants,13
2307456,20:27:00,20:27:10,stop_point:SP_340,Bréguet,14
2307456,20:28:00,20:28:10,stop_point:SP_2304,Tahiti,15
2307456,20:29:00,20:29:10,stop_point:SP_2562,Garin,16
2307456,20:31:00,20:31:10,stop_point:SP_2590,Ledormeur,17
2307456,20:32:00,20:32:10,stop_point:SP_3494,Allègre,18
2307456,20:33:00,20:33:10,stop_point:SP_1206,Mont Ventoux,19
2307456,20:34:00,20:34:10,stop_point:SP_1860,Firmis,20
2307456,20:35:00,20:35:10,stop_point:SP_2799,Baroux,21
2307456,20:36:00,20:36:10,stop_point:SP_718,Jacinthes,22
2307456,20:36:00,20:36:10,stop_point:SP_2225,Balansa,23
2307456,20:37:00,20:37:10,stop_point:SP_3505,Limayrac,24
2307456,20:38:00,20:38:10,stop_point:SP_258,Lafilaire,25
2307456,20:38:00,20:38:10,stop_point:SP_3381,Av. Raymond Naves,26
2307456,20:40:00,20:40:10,stop_point:SP_993,Achiary,27
2307456,20:41:00,20:41:10,stop_point:SP_3477,Jean Chaubet,28
2307456,20:42:00,20:42:10,stop_point:SP_2259,Coquille,29
2307456,20:43:00,20:43:10,stop_point:SP_3648,Soupetard Salonique,30
2307456,20:44:00,20:44:10,stop_point:SP_3569,Heredia,31
2307456,20:45:00,20:45:10,stop_point:SP_1024,Chaumière,32
2307456,20:47:00,20:47:10,stop_point:SP_3200,Jolimont,33
2307457,20:56:00,20:56:10,stop_point:SP_548,Ramonville,1
2307457,20:58:00,20:58:10,stop_point:SP_3112,Naturopole,2
2307457,20:59:00,20:59:10,stop_point:SP_3474,Sports Universitaires,3
2307457,21:00:00,21:00:10,stop_point:SP_3508,Giordano Bruno,4
2307457,21:02:00,21:02:10,stop_point:SP_1412,LAAS,5
2307457,21:03:00,21:03:10,stop_point:SP_3860,ENAC,6
2307457,21:04:00,21:04:10,stop_point:SP_3735,CNES- IAS,7
2307457,21:06:00,21:06:10,stop_point:SP_1844,Clément Ader,8
2307457,21:07:00,21:07:10,stop_point:SP_737,Rodier,9
2307457,21:08:00,21:08:10,stop_point:SP_875,Védrines,10
2307457,21:09:00,21:09:10,stop_point:SP_4961,Armentières,11
2307457,21:10:00,21:10:10,stop_point:SP_4720,Gonin,12
2307457,21:11:00,21:11:10,stop_point:SP_603,Piste des Géants,13
2307457,21:12:00,21:12:10,stop_point:SP_340,Bréguet,14
2307457,21:13:00,21:13:10,stop_point:SP_2304,Tahiti,15
2307457,21:14:00,21:14:10,stop_point:SP_2562,Garin,16
2307457,21:16:00,21:16:10,stop_point:SP_2590,Ledormeur,17
2307457,21:17:00,21:17:10,stop_point:SP_3494,Allègre,18
2307457,21:18:00,21:18:10,stop_point:SP_1206,Mont Ventoux,19
2307457,21:19:00,21:19:10,stop_point:SP_1860,Firmis,20
2307457,21:20:00,21:20:10,stop_point:SP_2799,Baroux,21
2307457,21:21:00,21:21:10,stop_point:SP_718,Jacinthes,22
2307457,21:21:00,21:21:10,stop_point:SP_2225,Balansa,23
2307457,21:22:00,21:22:10,stop_point:SP_3505,Limayrac,24
2307457,21:23:00,21:23:10,stop_point:SP_258,Lafilaire,25
2307457,21:23:00,21:23:10,stop_point:SP_3381,Av. Raymond Naves,26
2307457,21:25:00,21:25:10,stop_point:SP_993,Achiary,27
2307457,21:26:00,21:26:10,stop_point:SP_3477,Jean Chaubet,28
2307457,21:27:00,21:27:10,stop_point:SP_2259,Coquille,29
2307457,21:28:00,21:28:10,stop_point:SP_3648,Soupetard Salonique,30
2307457,21:29:00,21:29:10,stop_point:SP_3569,Heredia,31
2307457,21:30:00,21:30:10,stop_point:SP_1024,Chaumière,32
2307457,21:32:00,21:32:10,stop_point:SP_3200,Jolimont,33
2307458,06:00:00,06:00:10,stop_point:SP_3200,Jolimont,1
2307458,06:02:00,06:02:10,stop_point:SP_91,Chaumière,2
2307458,06:02:00,06:02:10,stop_point:SP_2865,Heredia,3
2307458,06:03:00,06:03:10,stop_point:SP_1152,Soupetard Salonique,4
2307458,06:04:00,06:04:10,stop_point:SP_3402,Coquille,5
2307458,06:05:00,06:05:10,stop_point:SP_2952,Jean Chaubet,6
2307458,06:06:00,06:06:10,stop_point:SP_1352,Achiary,7
2307458,06:08:00,06:08:10,stop_point:SP_109,Av. Raymond Naves,8
2307458,06:08:00,06:08:10,stop_point:SP_2670,Lafilaire,9
2307458,06:09:00,06:09:10,stop_point:SP_1692,Limayrac,10
2307458,06:09:00,06:09:10,stop_point:SP_2496,Balansa,11
2307458,06:10:00,06:10:10,stop_point:SP_2997,Jacinthes,12
2307458,06:10:00,06:10:10,stop_point:SP_2665,Baroux,13
2307458,06:11:00,06:11:10,stop_point:SP_407,Firmis,14
2307458,06:12:00,06:12:10,stop_point:SP_3653,Pugens,15
2307458,06:12:00,06:12:10,stop_point:SP_1135,Mont Ventoux,16
2307458,06:13:00,06:13:10,stop_point:SP_1337,Allègre,17
2307458,06:14:00,06:14:10,stop_point:SP_487,Ledormeur,18
2307458,06:15:00,06:15:10,stop_point:SP_1385,Garin,19
2307458,06:16:00,06:16:10,stop_point:SP_1759,Tahiti,20
2307458,06:17:00,06:17:10,stop_point:SP_882,Bréguet,21
2307458,06:17:00,06:17:10,stop_point:SP_3083,Piste des Géants,22
2307458,06:18:00,06:18:10,stop_point:SP_5276,Gonin,23
2307458,06:19:00,06:19:10,stop_point:SP_4963,Armentières,24
2307458,06:20:00,06:20:10,stop_point:SP_3890,Védrines,25
2307458,06:21:00,06:21:10,stop_point:SP_2545,Rodier,26
2307458,06:22:00,06:22:10,stop_point:SP_2730,Clément Ader,27
2307458,06:24:00,06:24:10,stop_point:SP_2661,CNES- IAS,28
2307458,06:25:00,06:25:10,stop_point:SP_3799,ENAC,29
2307458,06:26:00,06:26:10,stop_point:SP_2792,LAAS,30
2307458,06:28:00,06:28:10,stop_point:SP_2607,Giordano Bruno,31
2307458,06:29:00,06:29:10,stop_point:SP_474,Sports Universitaires,32
2307458,06:30:00,06:30:10,stop_point:SP_1854,Naturopole,33
2307458,06:32:00,06:32:10,stop_point:SP_548,Ramonville,34
2307459,06:35:00,06:35:10,stop_point:SP_3200,Jolimont,1
2307459,06:37:00,06:37:10,stop_point:SP_91,Chaumière,2
2307459,06:37:00,06:37:10,stop_point:SP_2865,Heredia,3
2307459,06:38:00,06:38:10,stop_point:SP_1152,Soupetard Salonique,4
2307459,06:39:00,06:39:10,stop_point:SP_3402,Coquille,5
2307459,06:40:00,06:40:10,stop_point:SP_2952,Jean Chaubet,6
2307459,06:41:00,06:41:10,stop_point:SP_1352,Achiary,7
2307459,06:43:00,06:43:10,stop_point:SP_109,Av. Raymond Naves,8
2307459,06:43:00,06:43:10,stop_point:SP_2670,Lafilaire,9
2307459,06:44:00,06:44:10,stop_point:SP_1692,Limayrac,10
2307459,06:44:00,06:44:10,stop_point:SP_2496,Balansa,11
2307459,06:45:00,06:45:10,stop_point:SP_2997,Jacinthes,12
2307459,06:45:00,06:45:10,stop_point:SP_2665,Baroux,13
2307459,06:46:00,06:46:10,stop_point:SP_407,Firmis,14
2307459,06:47:00,06:47:10,stop_point:SP_3653,Pugens,15
2307459,06:47:00,06:47:10,stop_point:SP_1135,Mont Ventoux,16
2307459,06:48:00,06:48:10,stop_point:SP_1337,Allègre,17
2307459,06:49:00,06:49:10,stop_point:SP_487,Ledormeur,18
2307459,06:50:00,06:50:10,stop_point:SP_1385,Garin,19
2307459,06:51:00,06:51:10,stop_point:SP_1759,Tahiti,20
2307459,06:52:00,06:52:10,stop_point:SP_882,Bréguet,21
2307459,06:52:00,06:52:10,stop_point:SP_3083,Piste des Géants,22
2307459,06:53:00,06:53:10,stop_point:SP_5276,Gonin,23
2307459,06:54:00,06:54:10,stop_point:SP_4963,Armentières,24
2307459,06:55:00,06:55:10,stop_point:SP_3890,Védrines,25
2307459,06:56:00,06:56:10,stop_point:SP_2545,Rodier,26
2307459,06:57:00,06:57:10,stop_point:SP_2730,Clément Ader,27
2307459,06:59:00,06:59:10,stop_point:SP_2661,CNES- IAS,28
2307459,07:00:00,07:00:10,stop_point:SP_3799,ENAC,29
2307459,07:01:00,07:01:10,stop_point:SP_2792,LAAS,30
2307459,07:03:00,07:03:10,stop_point:SP_2607,Giordano Bruno,31
2307459,07:04:00,07:04:10,stop_point:SP_474,Sports Universitaires,32
2307459,07:05:00,07:05:10,stop_point:SP_1854,Naturopole,33
2307459,07:07:00,07:07:10,stop_point:SP_548,Ramonville,34
2307460,07:05:00,07:05:10,stop_point:SP_3200,Jolimont,1
2307460,07:07:00,07:07:10,stop_point:SP_91,Chaumière,2
2307460,07:07:00,07:07:10,stop_point:SP_2865,Heredia,3
2307460,07:08:00,07:08:10,stop_point:SP_1152,Soupetard Salonique,4
2307460,07:09:00,07:09:10,stop_point:SP_3402,Coquille,5
2307460,07:10:00,07:10:10,stop_point:SP_2952,Jean Chaubet,6
2307460,07:11:00,07:11:10,stop_point:SP_1352,Achiary,7
2307460,07:13:00,07:13:10,stop_point:SP_109,Av. Raymond Naves,8
2307460,07:13:00,07:13:10,stop_point:SP_2670,Lafilaire,9
2307460,07:14:00,07:14:10,stop_point:SP_1692,Limayrac,10
2307460,07:14:00,07:14:10,stop_point:SP_2496,Balansa,11
2307460,07:15:00,07:15:10,stop_point:SP_2997,Jacinthes,12
2307460,07:15:00,07:15:10,stop_point:SP_2665,Baroux,13
2307460,07:16:00,07:16:10,stop_point:SP_407,Firmis,14
2307460,07:17:00,07:17:10,stop_point:SP_3653,Pugens,15
2307460,07:17:00,07:17:10,stop_point:SP_1135,Mont Ventoux,16
2307460,07:18:00,07:18:10,stop_point:SP_1337,Allègre,17
2307460,07:19:00,07:19:10,stop_point:SP_487,Ledormeur,18
2307460,07:20:00,07:20:10,stop_point:SP_1385,Garin,19
2307460,07:21:00,07:21:10,stop_point:SP_1759,Tahiti,20
2307460,07:22:00,07:22:10,stop_point:SP_882,Bréguet,21
2307460,07:23:00,07:23:10,stop_point:SP_3083,Piste des Géants,22
2307460,07:24:00,07:24:10,stop_point:SP_5276,Gonin,23
2307460,07:25:00,07:25:10,stop_point:SP_4963,Armentières,24
2307460,07:26:00,07:26:10,stop_point:SP_3890,Védrines,25
2307460,07:27:00,07:27:10,stop_point:SP_2545,Rodier,26
2307460,07:28:00,07:28:10,stop_point:SP_2730,Clément Ader,27
2307460,07:30:00,07:30:10,stop_point:SP_2661,CNES- IAS,28
2307460,07:31:00,07:31:10,stop_point:SP_3799,ENAC,29
2307460,07:32:00,07:32:10,stop_point:SP_2792,LAAS,30
2307460,07:34:00,07:34:10,stop_point:SP_2607,Giordano Bruno,31
2307460,07:35:00,07:35:10,stop_point:SP_474,Sports Universitaires,32
2307460,07:36:00,07:36:10,stop_point:SP_1854,Naturopole,33
2307460,07:38:00,07:38:10,stop_point:SP_548,Ramonville,34
2307461,07:35:00,07:35:10,stop_point:SP_3200,Jolimont,1
2307461,07:37:00,07:37:10,stop_point:SP_91,Chaumière,2
2307461,07:37:00,07:37:10,stop_point:SP_2865,Heredia,3
2307461,07:38:00,07:38:10,stop_point:SP_1152,Soupetard Salonique,4
2307461,07:39:00,07:39:10,stop_point:SP_3402,Coquille,5
2307461,07:40:00,07:40:10,stop_point:SP_2952,Jean Chaubet,6
2307461,07:41:00,07:41:10,stop_point:SP_1352,Achiary,7
2307461,07:43:00,07:43:10,stop_point:SP_109,Av. Raymond Naves,8
2307461,07:43:00,07:43:10,stop_point:SP_2670,Lafilaire,9
2307461,07:44:00,07:44:10,stop_point:SP_1692,Limayrac,10
2307461,07:44:00,07:44:10,stop_point:SP_2496,Balansa,11
2307461,07:45:00,07:45:10,stop_point:SP_2997,Jacinthes,12
2307461,07:45:00,07:45:10,stop_point:SP_2665,Baroux,13
2307461,07:46:00,07:46:10,stop_point:SP_407,Firmis,14
2307461,07:47:00,07:47:10,stop_point:SP_3653,Pugens,15
2307461,07:47:00,07:47:10,stop_point:SP_1135,Mont Ventoux,16
2307461,07:48:00,07:48:10,stop_point:SP_1337,Allègre,17
2307461,07:49:00,07:49:10,stop_point:SP_487,Ledormeur,18
2307461,07:50:00,07:50:10,stop_point:SP_1385,Garin,19
2307461,07:51:00,07:51:10,stop_point:SP_1759,Tahiti,20
2307461,07:52:00,07:52:10,stop_point:SP_882,Bréguet,21
2307461,07:53:00,07:53:10,stop_point:SP_3083,Piste des Géants,22
2307461,07:54:00,07:54:10,stop_point:SP_5276,Gonin,23
2307461,07:55:00,07:55:10,stop_point:SP_4963,Armentières,24
2307461,07:56:00,07:56:10,stop_point:SP_3890,Védrines,25
2307461,07:57:00,07:57:10,stop_point:SP_2545,Rodier,26
2307461,07:58:00,07:58:10,stop_point:SP_2730,Clément Ader,27
2307461,08:00:00,08:00:10,stop_point:SP_2661,CNES- IAS,28
2307461,08:01:00,08:01:10,stop_point:SP_3799,ENAC,29
2307461,08:02:00,08:02:10,stop_point:SP_2792,LAAS,30
2307461,08:04:00,08:04:10,stop_point:SP_2607,Giordano Bruno,31
2307461,08:05:00,08:05:10,stop_point:SP_474,Sports Universitaires,32
2307461,08:06:00,08:06:10,stop_point:SP_1854,Naturopole,33
2307461,08:08:00,08:08:10,stop_point:SP_548,Ramonville,34
2307462,08:05:00,08:05:10,stop_point:SP_3200,Jolimont,1
2307462,08:07:00,08:07:10,stop_point:SP_91,Chaumière,2
2307462,08:07:00,08:07:10,stop_point:SP_2865,Heredia,3
2307462,08:08:00,08:08:10,stop_point:SP_1152,Soupetard Salonique,4
2307462,08:09:00,08:09:10,stop_point:SP_3402,Coquille,5
2307462,08:10:00,08:10:10,stop_point:SP_2952,Jean Chaubet,6
2307462,08:11:00,08:11:10,stop_point:SP_1352,Achiary,7
2307462,08:13:00,08:13:10,stop_point:SP_109,Av. Raymond Naves,8
2307462,08:13:00,08:13:10,stop_point:SP_2670,Lafilaire,9
2307462,08:14:00,08:14:10,stop_point:SP_1692,Limayrac,10
2307462,08:14:00,08:14:10,stop_point:SP_2496,Balansa,11
2307462,08:15:00,08:15:10,stop_point:SP_2997,Jacinthes,12
2307462,08:15:00,08:15:10,stop_point:SP_2665,Baroux,13
2307462,08:16:00,08:16:10,stop_point:SP_407,Firmis,14
2307462,08:17:00,08:17:10,stop_point:SP_3653,Pugens,15
2307462,08:17:00,08:17:10,stop_point:SP_1135,Mont Ventoux,16
2307462,08:18:00,08:18:10,stop_point:SP_1337,Allègre,17
2307462,08:19:00,08:19:10,stop_point:SP_487,Ledormeur,18
2307462,08:20:00,08:20:10,stop_point:SP_1385,Garin,19
2307462,08:21:00,08:21:10,stop_point:SP_1759,Tahiti,20
2307462,08:22:00,08:22:10,stop_point:SP_882,Bréguet,21
2307462,08:23:00,08:23:10,stop_point:SP_3083,Piste des Géants,22
2307462,08:24:00,08:24:10,stop_point:SP_5276,Gonin,23
2307462,08:25:00,08:25:10,stop_point:SP_4963,Armentières,24
2307462,08:26:00,08:26:10,stop_point:SP_3890,Védrines,25
2307462,08:27:00,08:27:10,stop_point:SP_2545,Rodier,26
2307462,08:28:00,08:28:10,stop_point:SP_2730,Clément Ader,27
2307462,08:30:00,08:30:10,stop_point:SP_2661,CNES- IAS,28
2307462,08:31:00,08:31:10,stop_point:SP_3799,ENAC,29
2307462,08:32:00,08:32:10,stop_point:SP_2792,LAAS,30
2307462,08:34:00,08:34:10,stop_point:SP_2607,Giordano Bruno,31
2307462,08:35:00,08:35:10,stop_point:SP_474,Sports Universitaires,32
2307462,08:36:00,08:36:10,stop_point:SP_1854,Naturopole,33
2307462,08:38:00,08:38:10,stop_point:SP_548,Ramonville,34
2307463,08:35:00,08:35:10,stop_point:SP_3200,Jolimont,1
2307463,08:37:00,08:37:10,stop_point:SP_91,Chaumière,2
2307463,08:38:00,08:38:10,stop_point:SP_2865,Heredia,3
2307463,08:39:00,08:39:10,stop_point:SP_1152,Soupetard Salonique,4
2307463,08:40:00,08:40:10,stop_point:SP_3402,Coquille,5
2307463,08:41:00,08:41:10,stop_point:SP_2952,Jean Chaubet,6
2307463,08:42:00,08:42:10,stop_point:SP_1352,Achiary,7
2307463,08:44:00,08:44:10,stop_point:SP_109,Av. Raymond Naves,8
2307463,08:44:00,08:44:10,stop_point:SP_2670,Lafilaire,9
2307463,08:45:00,08:45:10,stop_point:SP_1692,Limayrac,10
2307463,08:45:00,08:45:10,stop_point:SP_2496,Balansa,11
2307463,08:46:00,08:46:10,stop_point:SP_2997,Jacinthes,12
2307463,08:46:00,08:46:10,stop_point:SP_2665,Baroux,13
2307463,08:47:00,08:47:10,stop_point:SP_407,Firmis,14
2307463,08:48:00,08:48:10,stop_point:SP_3653,Pugens,15
2307463,08:48:00,08:48:10,stop_point:SP_1135,Mont Ventoux,16
2307463,08:49:00,08:49:10,stop_point:SP_1337,Allègre,17
2307463,08:50:00,08:50:10,stop_point:SP_487,Ledormeur,18
2307463,08:51:00,08:51:10,stop_point:SP_1385,Garin,19
2307463,08:52:00,08:52:10,stop_point:SP_1759,Tahiti,20
2307463,08:53:00,08:53:10,stop_point:SP_882,Bréguet,21
2307463,08:54:00,08:54:10,stop_point:SP_3083,Piste des Géants,22
2307463,08:55:00,08:55:10,stop_point:SP_5276,Gonin,23
2307463,08:56:00,08:56:10,stop_point:SP_4963,Armentières,24
2307463,08:57:00,08:57:10,stop_point:SP_3890,Védrines,25
2307463,08:58:00,08:58:10,stop_point:SP_2545,Rodier,26
2307463,08:59:00,08:59:10,stop_point:SP_2730,Clément Ader,27
2307463,09:01:00,09:01:10,stop_point:SP_2661,CNES- IAS,28
2307463,09:02:00,09:02:10,stop_point:SP_3799,ENAC,29
2307463,09:03:00,09:03:10,stop_point:SP_2792,LAAS,30
2307463,09:05:00,09:05:10,stop_point:SP_2607,Giordano Bruno,31
2307463,09:06:00,09:06:10,stop_point:SP_474,Sports Universitaires,32
2307463,09:07:00,09:07:10,stop_point:SP_1854,Naturopole,33
2307463,09:09:00,09:09:10,stop_point:SP_548,Ramonville,34
2307464,09:05:00,09:05:10,stop_point:SP_3200,Jolimont,1
2307464,09:07:00,09:07:10,stop_point:SP_91,Chaumière,2
2307464,09:08:00,09:08:10,stop_point:SP_2865,Heredia,3
2307464,09:09:00,09:09:10,stop_point:SP_1152,Soupetard Salonique,4
2307464,09:10:00,09:10:10,stop_point:SP_3402,Coquille,5
2307464,09:11:00,09:11:10,stop_point:SP_2952,Jean Chaubet,6
2307464,09:12:00,09:12:10,stop_point:SP_1352,Achiary,7
2307464,09:14:00,09:14:10,stop_point:SP_109,Av. Raymond Naves,8
2307464,09:14:00,09:14:10,stop_point:SP_2670,Lafilaire,9
2307464,09:15:00,09:15:10,stop_point:SP_1692,Limayrac,10
2307464,09:15:00,09:15:10,stop_point:SP_2496,Balansa,11
2307464,09:16:00,09:16:10,stop_point:SP_2997,Jacinthes,12
2307464,09:16:00,09:16:10,stop_point:SP_2665,Baroux,13
2307464,09:17:00,09:17:10,stop_point:SP_407,Firmis,14
2307464,09:18:00,09:18:10,stop_point:SP_3653,Pugens,15
2307464,09:18:00,09:18:10,stop_point:SP_1135,Mont Ventoux,16
2307464,09:19:00,09:19:10,stop_point:SP_1337,Allègre,17
2307464,09:20:00,09:20:10,stop_point:SP_487,Ledormeur,18
2307464,09:21:00,09:21:10,stop_point:SP_1385,Garin,19
2307464,09:22:00,09:22:10,stop_point:SP_1759,Tahiti,20
2307464,09:23:00,09:23:10,stop_point:SP_882,Bréguet,21
2307464,09:24:00,09:24:10,stop_point:SP_3083,Piste des Géants,22
2307464,09:25:00,09:25:10,stop_point:SP_5276,Gonin,23
2307464,09:26:00,09:26:10,stop_point:SP_4963,Armentières,24
2307464,09:27:00,09:27:10,stop_point:SP_3890,Védrines,25
2307464,09:28:00,09:28:10,stop_point:SP_2545,Rodier,26
2307464,09:29:00,09:29:10,stop_point:SP_2730,Clément Ader,27
2307464,09:31:00,09:31:10,stop_point:SP_2661,CNES- IAS,28
2307464,09:32:00,09:32:10,stop_point:SP_3799,ENAC,29
2307464,09:33:00,09:33:10,stop_point:SP_2792,LAAS,30
2307464,09:35:00,09:35:10,stop_point:SP_2607,Giordano Bruno,31
2307464,09:36:00,09:36:10,stop_point:SP_474,Sports Universitaires,32
2307464,09:37:00,09:37:10,stop_point:SP_1854,Naturopole,33
2307464,09:39:00,09:39:10,stop_point:SP_548,Ramonville,34
2307465,09:35:00,09:35:10,stop_point:SP_3200,Jolimont,1
2307465,09:37:00,09:37:10,stop_point:SP_91,Chaumière,2
2307465,09:38:00,09:38:10,stop_point:SP_2865,Heredia,3
2307465,09:39:00,09:39:10,stop_point:SP_1152,Soupetard Salonique,4
2307465,09:40:00,09:40:10,stop_point:SP_3402,Coquille,5
2307465,09:41:00,09:41:10,stop_point:SP_2952,Jean Chaubet,6
2307465,09:42:00,09:42:10,stop_point:SP_1352,Achiary,7
2307465,09:44:00,09:44:10,stop_point:SP_109,Av. Raymond Naves,8
2307465,09:44:00,09:44:10,stop_point:SP_2670,Lafilaire,9
2307465,09:45:00,09:45:10,stop_point:SP_1692,Limayrac,10
2307465,09:45:00,09:45:10,stop_point:SP_2496,Balansa,11
2307465,09:46:00,09:46:10,stop_point:SP_2997,Jacinthes,12
2307465,09:46:00,09:46:10,stop_point:SP_2665,Baroux,13
2307465,09:47:00,09:47:10,stop_point:SP_407,Firmis,14
2307465,09:48:00,09:48:10,stop_point:SP_3653,Pugens,15
2307465,09:48:00,09:48:10,stop_point:SP_1135,Mont Ventoux,16
2307465,09:49:00,09:49:10,stop_point:SP_1337,Allègre,17
2307465,09:50:00,09:50:10,stop_point:SP_487,Ledormeur,18
2307465,09:51:00,09:51:10,stop_point:SP_1385,Garin,19
2307465,09:52:00,09:52:10,stop_point:SP_1759,Tahiti,20
2307465,09:53:00,09:53:10,stop_point:SP_882,Bréguet,21
2307465,09:54:00,09:54:10,stop_point:SP_3083,Piste des Géants,22
2307465,09:55:00,09:55:10,stop_point:SP_5276,Gonin,23
2307465,09:56:00,09:56:10,stop_point:SP_4963,Armentières,24
2307465,09:57:00,09:57:10,stop_point:SP_3890,Védrines,25
2307465,09:58:00,09:58:10,stop_point:SP_2545,Rodier,26
2307465,09:59:00,09:59:10,stop_point:SP_2730,Clément Ader,27
2307465,10:01:00,10:01:10,stop_point:SP_2661,CNES- IAS,28
2307465,10:02:00,10:02:10,stop_point:SP_3799,ENAC,29
2307465,10:03:00,10:03:10,stop_point:SP_2792,LAAS,30
2307465,10:05:00,10:05:10,stop_point:SP_2607,Giordano Bruno,31
2307465,10:06:00,10:06:10,stop_point:SP_474,Sports Universitaires,32
2307465,10:07:00,10:07:10,stop_point:SP_1854,Naturopole,33
2307465,10:09:00,10:09:10,stop_point:SP_548,Ramonville,34
2307466,10:05:00,10:05:10,stop_point:SP_3200,Jolimont,1
2307466,10:07:00,10:07:10,stop_point:SP_91,Chaumière,2
2307466,10:08:00,10:08:10,stop_point:SP_2865,Heredia,3
2307466,10:09:00,10:09:10,stop_point:SP_1152,Soupetard Salonique,4
2307466,10:10:00,10:10:10,stop_point:SP_3402,Coquille,5
2307466,10:11:00,10:11:10,stop_point:SP_2952,Jean Chaubet,6
2307466,10:12:00,10:12:10,stop_point:SP_1352,Achiary,7
2307466,10:14:00,10:14:10,stop_point:SP_109,Av. Raymond Naves,8
2307466,10:14:00,10:14:10,stop_point:SP_2670,Lafilaire,9
2307466,10:15:00,10:15:10,stop_point:SP_1692,Limayrac,10
2307466,10:15:00,10:15:10,stop_point:SP_2496,Balansa,11
2307466,10:16:00,10:16:10,stop_point:SP_2997,Jacinthes,12
2307466,10:16:00,10:16:10,stop_point:SP_2665,Baroux,13
2307466,10:17:00,10:17:10,stop_point:SP_407,Firmis,14
2307466,10:18:00,10:18:10,stop_point:SP_3653,Pugens,15
2307466,10:18:00,10:18:10,stop_point:SP_1135,Mont Ventoux,16
2307466,10:19:00,10:19:10,stop_point:SP_1337,Allègre,17
2307466,10:20:00,10:20:10,stop_point:SP_487,Ledormeur,18
2307466,10:21:00,10:21:10,stop_point:SP_1385,Garin,19
2307466,10:22:00,10:22:10,stop_point:SP_1759,Tahiti,20
2307466,10:23:00,10:23:10,stop_point:SP_882,Bréguet,21
2307466,10:24:00,10:24:10,stop_point:SP_3083,Piste des Géants,22
2307466,10:25:00,10:25:10,stop_point:SP_5276,Gonin,23
2307466,10:26:00,10:26:10,stop_point:SP_4963,Armentières,24
2307466,10:27:00,10:27:10,stop_point:SP_3890,Védrines,25
2307466,10:28:00,10:28:10,stop_point:SP_2545,Rodier,26
2307466,10:29:00,10:29:10,stop_point:SP_2730,Clément Ader,27
2307466,10:31:00,10:31:10,stop_point:SP_2661,CNES- IAS,28
2307466,10:32:00,10:32:10,stop_point:SP_3799,ENAC,29
2307466,10:33:00,10:33:10,stop_point:SP_2792,LAAS,30
2307466,10:35:00,10:35:10,stop_point:SP_2607,Giordano Bruno,31
2307466,10:36:00,10:36:10,stop_point:SP_474,Sports Universitaires,32
2307466,10:37:00,10:37:10,stop_point:SP_1854,Naturopole,33
2307466,10:39:00,10:39:10,stop_point:SP_548,Ramonville,34
2307467,10:35:00,10:35:10,stop_point:SP_3200,Jolimont,1
2307467,10:37:00,10:37:10,stop_point:SP_91,Chaumière,2
2307467,10:38:00,10:38:10,stop_point:SP_2865,Heredia,3
2307467,10:39:00,10:39:10,stop_point:SP_1152,Soupetard Salonique,4
2307467,10:40:00,10:40:10,stop_point:SP_3402,Coquille,5
2307467,10:41:00,10:41:10,stop_point:SP_2952,Jean Chaubet,6
2307467,10:42:00,10:42:10,stop_point:SP_1352,Achiary,7
2307467,10:44:00,10:44:10,stop_point:SP_109,Av. Raymond Naves,8
2307467,10:44:00,10:44:10,stop_point:SP_2670,Lafilaire,9
2307467,10:45:00,10:45:10,stop_point:SP_1692,Limayrac,10
2307467,10:45:00,10:45:10,stop_point:SP_2496,Balansa,11
2307467,10:46:00,10:46:10,stop_point:SP_2997,Jacinthes,12
2307467,10:46:00,10:46:10,stop_point:SP_2665,Baroux,13
2307467,10:47:00,10:47:10,stop_point:SP_407,Firmis,14
2307467,10:48:00,10:48:10,stop_point:SP_3653,Pugens,15
2307467,10:48:00,10:48:10,stop_point:SP_1135,Mont Ventoux,16
2307467,10:49:00,10:49:10,stop_point:SP_1337,Allègre,17
2307467,10:50:00,10:50:10,stop_point:SP_487,Ledormeur,18
2307467,10:51:00,10:51:10,stop_point:SP_1385,Garin,19
2307467,10:52:00,10:52:10,stop_point:SP_1759,Tahiti,20
2307467,10:53:00,10:53:10,stop_point:SP_882,Bréguet,21
2307467,10:54:00,10:54:10,stop_point:SP_3083,Piste des Géants,22
2307467,10:55:00,10:55:10,stop_point:SP_5276,Gonin,23
2307467,10:56:00,10:56:10,stop_point:SP_4963,Armentières,24
2307467,10:57:00,10:57:10,stop_point:SP_3890,Védrines,25
2307467,10:58:00,10:58:10,stop_point:SP_2545,Rodier,26
2307467,10:59:00,10:59:10,stop_point:SP_2730,Clément Ader,27
2307467,11:01:00,11:01:10,stop_point:SP_2661,CNES- IAS,28
2307467,11:02:00,11:02:10,stop_point:SP_3799,ENAC,29
2307467,11:03:00,11:03:10,stop_point:SP_2792,LAAS,30
2307467,11:05:00,11:05:10,stop_point:SP_2607,Giordano Bruno,31
2307467,11:06:00,11:06:10,stop_point:SP_474,Sports Universitaires,32
2307467,11:07:00,11:07:10,stop_point:SP_1854,Naturopole,33
2307467,11:09:00,11:09:10,stop_point:SP_548,Ramonville,34
2307468,11:05:00,11:05:10,stop_point:SP_3200,Jolimont,1
2307468,11:07:00,11:07:10,stop_point:SP_91,Chaumière,2
2307468,11:08:00,11:08:10,stop_point:SP_2865,Heredia,3
2307468,11:09:00,11:09:10,stop_point:SP_1152,Soupetard Salonique,4
2307468,11:10:00,11:10:10,stop_point:SP_3402,Coquille,5
2307468,11:11:00,11:11:10,stop_point:SP_2952,Jean Chaubet,6
2307468,11:12:00,11:12:10,stop_point:SP_1352,Achiary,7
2307468,11:14:00,11:14:10,stop_point:SP_109,Av. Raymond Naves,8
2307468,11:14:00,11:14:10,stop_point:SP_2670,Lafilaire,9
2307468,11:15:00,11:15:10,stop_point:SP_1692,Limayrac,10
2307468,11:15:00,11:15:10,stop_point:SP_2496,Balansa,11
2307468,11:16:00,11:16:10,stop_point:SP_2997,Jacinthes,12
2307468,11:16:00,11:16:10,stop_point:SP_2665,Baroux,13
2307468,11:17:00,11:17:10,stop_point:SP_407,Firmis,14
2307468,11:18:00,11:18:10,stop_point:SP_3653,Pugens,15
2307468,11:18:00,11:18:10,stop_point:SP_1135,Mont Ventoux,16
2307468,11:19:00,11:19:10,stop_point:SP_1337,Allègre,17
2307468,11:20:00,11:20:10,stop_point:SP_487,Ledormeur,18
2307468,11:21:00,11:21:10,stop_point:SP_1385,Garin,19
2307468,11:22:00,11:22:10,stop_point:SP_1759,Tahiti,20
2307468,11:23:00,11:23:10,stop_point:SP_882,Bréguet,21
2307468,11:24:00,11:24:10,stop_point:SP_3083,Piste des Géants,22
2307468,11:25:00,11:25:10,stop_point:SP_5276,Gonin,23
2307468,11:26:00,11:26:10,stop_point:SP_4963,Armentières,24
2307468,11:27:00,11:27:10,stop_point:SP_3890,Védrines,25
2307468,11:28:00,11:28:10,stop_point:SP_2545,Rodier,26
2307468,11:29:00,11:29:10,stop_point:SP_2730,Clément Ader,27
2307468,11:31:00,11:31:10,stop_point:SP_2661,CNES- IAS,28
2307468,11:32:00,11:32:10,stop_point:SP_3799,ENAC,29
2307468,11:33:00,11:33:10,stop_point:SP_2792,LAAS,30
2307468,11:35:00,11:35:10,stop_point:SP_2607,Giordano Bruno,31
2307468,11:36:00,11:36:10,stop_point:SP_474,Sports Universitaires,32
2307468,11:37:00,11:37:10,stop_point:SP_1854,Naturopole,33
2307468,11:39:00,11:39:10,stop_point:SP_548,Ramonville,34
2307469,11:35:00,11:35:10,stop_point:SP_3200,Jolimont,1
2307469,11:37:00,11:37:10,stop_point:SP_91,Chaumière,2
2307469,11:38:00,11:38:10,stop_point:SP_2865,Heredia,3
2307469,11:39:00,11:39:10,stop_point:SP_1152,Soupetard Salonique,4
2307469,11:40:00,11:40:10,stop_point:SP_3402,Coquille,5
2307469,11:41:00,11:41:10,stop_point:SP_2952,Jean Chaubet,6
2307469,11:42:00,11:42:10,stop_point:SP_1352,Achiary,7
2307469,11:44:00,11:44:10,stop_point:SP_109,Av. Raymond Naves,8
2307469,11:44:00,11:44:10,stop_point:SP_2670,Lafilaire,9
2307469,11:45:00,11:45:10,stop_point:SP_1692,Limayrac,10
2307469,11:45:00,11:45:10,stop_point:SP_2496,Balansa,11
2307469,11:46:00,11:46:10,stop_point:SP_2997,Jacinthes,12
2307469,11:46:00,11:46:10,stop_point:SP_2665,Baroux,13
2307469,11:47:00,11:47:10,stop_point:SP_407,Firmis,14
2307469,11:48:00,11:48:10,stop_point:SP_3653,Pugens,15
2307469,11:48:00,11:48:10,stop_point:SP_1135,Mont Ventoux,16
2307469,11:49:00,11:49:10,stop_point:SP_1337,Allègre,17
2307469,11:50:00,11:50:10,stop_point:SP_487,Ledormeur,18
2307469,11:51:00,11:51:10,stop_point:SP_1385,Garin,19
2307469,11:52:00,11:52:10,stop_point:SP_1759,Tahiti,20
2307469,11:53:00,11:53:10,stop_point:SP_882,Bréguet,21
2307469,11:54:00,11:54:10,stop_point:SP_3083,Piste des Géants,22
2307469,11:55:00,11:55:10,stop_point:SP_5276,Gonin,23
2307469,11:56:00,11:56:10,stop_point:SP_4963,Armentières,24
2307469,11:57:00,11:57:10,stop_point:SP_3890,Védrines,25
2307469,11:58:00,11:58:10,stop_point:SP_2545,Rodier,26
2307469,11:59:00,11:59:10,stop_point:SP_2730,Clément Ader,27
2307469,12:01:00,12:01:10,stop_point:SP_2661,CNES- IAS,28
2307469,12:02:00,12:02:10,stop_point:SP_3799,ENAC,29
2307469,12:03:00,12:03:10,stop_point:SP_2792,LAAS,30
2307469,12:05:00,12:05:10,stop_point:SP_2607,Giordano Bruno,31
2307469,12:06:00,12:06:10,stop_point:SP_474,Sports Universitaires,32
2307469,12:07:00,12:07:10,stop_point:SP_1854,Naturopole,33
2307469,12:09:00,12:09:10,stop_point:SP_548,Ramonville,34
2307470,12:05:00,12:05:10,stop_point:SP_3200,Jolimont,1
2307470,12:07:00,12:07:10,stop_point:SP_91,Chaumière,2
2307470,12:08:00,12:08:10,stop_point:SP_2865,Heredia,3
2307470,12:09:00,12:09:10,stop_point:SP_1152,Soupetard Salonique,4
2307470,12:10:00,12:10:10,stop_point:SP_3402,Coquille,5
2307470,12:11:00,12:11:10,stop_point:SP_2952,Jean Chaubet,6
2307470,12:12:00,12:12:10,stop_point:SP_1352,Achiary,7
2307470,12:14:00,12:14:10,stop_point:SP_109,Av. Raymond Naves,8
2307470,12:14:00,12:14:10,stop_point:SP_2670,Lafilaire,9
2307470,12:15:00,12:15:10,stop_point:SP_1692,Limayrac,10
2307470,12:15:00,12:15:10,stop_point:SP_2496,Balansa,11
2307470,12:16:00,12:16:10,stop_point:SP_2997,Jacinthes,12
2307470,12:16:00,12:16:10,stop_point:SP_2665,Baroux,13
2307470,12:17:00,12:17:10,stop_point:SP_407,Firmis,14
2307470,12:18:00,12:18:10,stop_point:SP_3653,Pugens,15
2307470,12:18:00,12:18:10,stop_point:SP_1135,Mont Ventoux,16
2307470,12:19:00,12:19:10,stop_point:SP_1337,Allègre,17
2307470,12:20:00,12:20:10,stop_point:SP_487,Ledormeur,18
2307470,12:21:00,12:21:10,stop_point:SP_1385,Garin,19
2307470,12:22:00,12:22:10,stop_point:SP_1759,Tahiti,20
2307470,12:23:00,12:23:10,stop_point:SP_882,Bréguet,21
2307470,12:24:00,12:24:10,stop_point:SP_3083,Piste des Géants,22
2307470,12:25:00,12:25:10,stop_point:SP_5276,Gonin,23
2307470,12:26:00,12:26:10,stop_point:SP_4963,Armentières,24
2307470,12:27:00,12:27:10,stop_point:SP_3890,Védrines,25
2307470,12:28:00,12:28:10,stop_point:SP_2545,Rodier,26
2307470,12:29:00,12:29:10,stop_point:SP_2730,Clément Ader,27
2307470,12:31:00,12:31:10,stop_point:SP_2661,CNES- IAS,28
2307470,12:32:00,12:32:10,stop_point:SP_3799,ENAC,29
2307470,12:33:00,12:33:10,stop_point:SP_2792,LAAS,30
2307470,12:35:00,12:35:10,stop_point:SP_2607,Giordano Bruno,31
2307470,12:36:00,12:36:10,stop_point:SP_474,Sports Universitaires,32
2307470,12:37:00,12:37:10,stop_point:SP_1854,Naturopole,33
2307470,12:39:00,12:39:10,stop_point:SP_548,Ramonville,34
2307471,12:35:00,12:35:10,stop_point:SP_3200,Jolimont,1
2307471,12:37:00,12:37:10,stop_point:SP_91,Chaumière,2
2307471,12:38:00,12:38:10,stop_point:SP_2865,Heredia,3
2307471,12:39:00,12:39:10,stop_point:SP_1152,Soupetard Salonique,4
2307471,12:40:00,12:40:10,stop_point:SP_3402,Coquille,5
2307471,12:41:00,12:41:10,stop_point:SP_2952,Jean Chaubet,6
2307471,12:42:00,12:42:10,stop_point:SP_1352,Achiary,7
2307471,12:44:00,12:44:10,stop_point:SP_109,Av. Raymond Naves,8
2307471,12:44:00,12:44:10,stop_point:SP_2670,Lafilaire,9
2307471,12:45:00,12:45:10,stop_point:SP_1692,Limayrac,10
2307471,12:45:00,12:45:10,stop_point:SP_2496,Balansa,11
2307471,12:46:00,12:46:10,stop_point:SP_2997,Jacinthes,12
2307471,12:46:00,12:46:10,stop_point:SP_2665,Baroux,13
2307471,12:47:00,12:47:10,stop_point:SP_407,Firmis,14
2307471,12:48:00,12:48:10,stop_point:SP_3653,Pugens,15
2307471,12:48:00,12:48:10,stop_point:SP_1135,Mont Ventoux,16
2307471,12:49:00,12:49:10,stop_point:SP_1337,Allègre,17
2307471,12:50:00,12:50:10,stop_point:SP_487,Ledormeur,18
2307471,12:51:00,12:51:10,stop_point:SP_1385,Garin,19
2307471,12:52:00,12:52:10,stop_point:SP_1759,Tahiti,20
2307471,12:53:00,12:53:10,stop_point:SP_882,Bréguet,21
2307471,12:54:00,12:54:10,stop_point:SP_3083,Piste des Géants,22
2307471,12:55:00,12:55:10,stop_point:SP_5276,Gonin,23
2307471,12:56:00,12:56:10,stop_point:SP_4963,Armentières,24
2307471,12:57:00,12:57:10,stop_point:SP_3890,Védrines,25
2307471,12:58:00,12:58:10,stop_point:SP_2545,Rodier,26
2307471,12:59:00,12:59:10,stop_point:SP_2730,Clément Ader,27
2307471,13:01:00,13:01:10,stop_point:SP_2661,CNES- IAS,28
2307471,13:02:00,13:02:10,stop_point:SP_3799,ENAC,29
2307471,13:03:00,13:03:10,stop_point:SP_2792,LAAS,30
2307471,13:05:00,13:05:10,stop_point:SP_2607,Giordano Bruno,31
2307471,13:06:00,13:06:10,stop_point:SP_474,Sports Universitaires,32
2307471,13:07:00,13:07:10,stop_point:SP_1854,Naturopole,33
2307471,13:09:00,13:09:10,stop_point:SP_548,Ramonville,34
2307472,13:05:00,13:05:10,stop_point:SP_3200,Jolimont,1
2307472,13:07:00,13:07:10,stop_point:SP_91,Chaumière,2
2307472,13:08:00,13:08:10,stop_point:SP_2865,Heredia,3
2307472,13:09:00,13:09:10,stop_point:SP_1152,Soupetard Salonique,4
2307472,13:10:00,13:10:10,stop_point:SP_3402,Coquille,5
2307472,13:11:00,13:11:10,stop_point:SP_2952,Jean Chaubet,6
2307472,13:12:00,13:12:10,stop_point:SP_1352,Achiary,7
2307472,13:14:00,13:14:10,stop_point:SP_109,Av. Raymond Naves,8
2307472,13:14:00,13:14:10,stop_point:SP_2670,Lafilaire,9
2307472,13:15:00,13:15:10,stop_point:SP_1692,Limayrac,10
2307472,13:15:00,13:15:10,stop_point:SP_2496,Balansa,11
2307472,13:16:00,13:16:10,stop_point:SP_2997,Jacinthes,12
2307472,13:16:00,13:16:10,stop_point:SP_2665,Baroux,13
2307472,13:17:00,13:17:10,stop_point:SP_407,Firmis,14
2307472,13:18:00,13:18:10,stop_point:SP_3653,Pugens,15
2307472,13:18:00,13:18:10,stop_point:SP_1135,Mont Ventoux,16
2307472,13:19:00,13:19:10,stop_point:SP_1337,Allègre,17
2307472,13:20:00,13:20:10,stop_point:SP_487,Ledormeur,18
2307472,13:21:00,13:21:10,stop_point:SP_1385,Garin,19
2307472,13:22:00,13:22:10,stop_point:SP_1759,Tahiti,20
2307472,13:23:00,13:23:10,stop_point:SP_882,Bréguet,21
2307472,13:24:00,13:24:10,stop_point:SP_3083,Piste des Géants,22
2307472,13:25:00,13:25:10,stop_point:SP_5276,Gonin,23
2307472,13:26:00,13:26:10,stop_point:SP_4963,Armentières,24
2307472,13:27:00,13:27:10,stop_point:SP_3890,Védrines,25
2307472,13:28:00,13:28:10,stop_point:SP_2545,Rodier,26
2307472,13:29:00,13:29:10,stop_point:SP_2730,Clément Ader,27
2307472,13:31:00,13:31:10,stop_point:SP_2661,CNES- IAS,28
2307472,13:32:00,13:32:10,stop_point:SP_3799,ENAC,29
2307472,13:33:00,13:33:10,stop_point:SP_2792,LAAS,30
2307472,13:35:00,13:35:10,stop_point:SP_2607,Giordano Bruno,31
2307472,13:36:00,13:36:10,stop_point:SP_474,Sports Universitaires,32
2307472,13:37:00,13:37:10,stop_point:SP_1854,Naturopole,33
2307472,13:39:00,13:39:10,stop_point:SP_548,Ramonville,34
2307473,13:35:00,13:35:10,stop_point:SP_3200,Jolimont,1
2307473,13:37:00,13:37:10,stop_point:SP_91,Chaumière,2
2307473,13:38:00,13:38:10,stop_point:SP_2865,Heredia,3
2307473,13:39:00,13:39:10,stop_point:SP_1152,Soupetard Salonique,4
2307473,13:40:00,13:40:10,stop_point:SP_3402,Coquille,5
2307473,13:41:00,13:41:10,stop_point:SP_2952,Jean Chaubet,6
2307473,13:42:00,13:42:10,stop_point:SP_1352,Achiary,7
2307473,13:44:00,13:44:10,stop_point:SP_109,Av. Raymond Naves,8
2307473,13:44:00,13:44:10,stop_point:SP_2670,Lafilaire,9
2307473,13:45:00,13:45:10,stop_point:SP_1692,Limayrac,10
2307473,13:45:00,13:45:10,stop_point:SP_2496,Balansa,11
2307473,13:46:00,13:46:10,stop_point:SP_2997,Jacinthes,12
2307473,13:46:00,13:46:10,stop_point:SP_2665,Baroux,13
2307473,13:47:00,13:47:10,stop_point:SP_407,Firmis,14
2307473,13:48:00,13:48:10,stop_point:SP_3653,Pugens,15
2307473,13:48:00,13:48:10,stop_point:SP_1135,Mont Ventoux,16
2307473,13:49:00,13:49:10,stop_point:SP_1337,Allègre,17
2307473,13:50:00,13:50:10,stop_point:SP_487,Ledormeur,18
2307473,13:51:00,13:51:10,stop_point:SP_1385,Garin,19
2307473,13:52:00,13:52:10,stop_point:SP_1759,Tahiti,20
2307473,13:53:00,13:53:10,stop_point:SP_882,Bréguet,21
2307473,13:54:00,13:54:10,stop_point:SP_3083,Piste des Géants,22
2307473,13:55:00,13:55:10,stop_point:SP_5276,Gonin,23
2307473,13:56:00,13:56:10,stop_point:SP_4963,Armentières,24
2307473,13:57:00,13:57:10,stop_point:SP_3890,Védrines,25
2307473,13:58:00,13:58:10,stop_point:SP_2545,Rodier,26
2307473,13:59:00,13:59:10,stop_point:SP_2730,Clément Ader,27
2307473,14:01:00,14:01:10,stop_point:SP_2661,CNES- IAS,28
2307473,14:02:00,14:02:10,stop_point:SP_3799,ENAC,29
2307473,14:03:00,14:03:10,stop_point:SP_2792,LAAS,30
2307473,14:05:00,14:05:10,stop_point:SP_2607,Giordano Bruno,31
2307473,14:06:00,14:06:10,stop_point:SP_474,Sports Universitaires,32
2307473,14:07:00,14:07:10,stop_point:SP_1854,Naturopole,33
2307473,14:09:00,14:09:10,stop_point:SP_548,Ramonville,34
2307474,14:05:00,14:05:10,stop_point:SP_3200,Jolimont,1
2307474,14:07:00,14:07:10,stop_point:SP_91,Chaumière,2
2307474,14:08:00,14:08:10,stop_point:SP_2865,Heredia,3
2307474,14:09:00,14:09:10,stop_point:SP_1152,Soupetard Salonique,4
2307474,14:10:00,14:10:10,stop_point:SP_3402,Coquille,5
2307474,14:11:00,14:11:10,stop_point:SP_2952,Jean Chaubet,6
2307474,14:12:00,14:12:10,stop_point:SP_1352,Achiary,7
2307474,14:14:00,14:14:10,stop_point:SP_109,Av. Raymond Naves,8
2307474,14:14:00,14:14:10,stop_point:SP_2670,Lafilaire,9
2307474,14:15:00,14:15:10,stop_point:SP_1692,Limayrac,10
2307474,14:15:00,14:15:10,stop_point:SP_2496,Balansa,11
2307474,14:16:00,14:16:10,stop_point:SP_2997,Jacinthes,12
2307474,14:16:00,14:16:10,stop_point:SP_2665,Baroux,13
2307474,14:17:00,14:17:10,stop_point:SP_407,Firmis,14
2307474,14:18:00,14:18:10,stop_point:SP_3653,Pugens,15
2307474,14:18:00,14:18:10,stop_point:SP_1135,Mont Ventoux,16
2307474,14:19:00,14:19:10,stop_point:SP_1337,Allègre,17
2307474,14:20:00,14:20:10,stop_point:SP_487,Ledormeur,18
2307474,14:21:00,14:21:10,stop_point:SP_1385,Garin,19
2307474,14:22:00,14:22:10,stop_point:SP_1759,Tahiti,20
2307474,14:23:00,14:23:10,stop_point:SP_882,Bréguet,21
2307474,14:24:00,14:24:10,stop_point:SP_3083,Piste des Géants,22
2307474,14:25:00,14:25:10,stop_point:SP_5276,Gonin,23
2307474,14:26:00,14:26:10,stop_point:SP_4963,Armentières,24
2307474,14:27:00,14:27:10,stop_point:SP_3890,Védrines,25
2307474,14:28:00,14:28:10,stop_point:SP_2545,Rodier,26
2307474,14:29:00,14:29:10,stop_point:SP_2730,Clément Ader,27
2307474,14:31:00,14:31:10,stop_point:SP_2661,CNES- IAS,28
2307474,14:32:00,14:32:10,stop_point:SP_3799,ENAC,29
2307474,14:33:00,14:33:10,stop_point:SP_2792,LAAS,30
2307474,14:35:00,14:35:10,stop_point:SP_2607,Giordano Bruno,31
2307474,14:36:00,14:36:10,stop_point:SP_474,Sports Universitaires,32
2307474,14:37:00,14:37:10,stop_point:SP_1854,Naturopole,33
2307474,14:39:00,14:39:10,stop_point:SP_548,Ramonville,34
2307475,14:30:00,14:30:10,stop_point:SP_3200,Jolimont,1
2307475,14:32:00,14:32:10,stop_point:SP_91,Chaumière,2
2307475,14:33:00,14:33:10,stop_point:SP_2865,Heredia,3
2307475,14:34:00,14:34:10,stop_point:SP_1152,Soupetard Salonique,4
2307475,14:35:00,14:35:10,stop_point:SP_3402,Coquille,5
2307475,14:36:00,14:36:10,stop_point:SP_2952,Jean Chaubet,6
2307475,14:37:00,14:37:10,stop_point:SP_1352,Achiary,7
2307475,14:39:00,14:39:10,stop_point:SP_109,Av. Raymond Naves,8
2307475,14:39:00,14:39:10,stop_point:SP_2670,Lafilaire,9
2307475,14:40:00,14:40:10,stop_point:SP_1692,Limayrac,10
2307475,14:40:00,14:40:10,stop_point:SP_2496,Balansa,11
2307475,14:41:00,14:41:10,stop_point:SP_2997,Jacinthes,12
2307475,14:41:00,14:41:10,stop_point:SP_2665,Baroux,13
2307475,14:42:00,14:42:10,stop_point:SP_407,Firmis,14
2307475,14:43:00,14:43:10,stop_point:SP_3653,Pugens,15
2307475,14:43:00,14:43:10,stop_point:SP_1135,Mont Ventoux,16
2307475,14:44:00,14:44:10,stop_point:SP_1337,Allègre,17
2307475,14:45:00,14:45:10,stop_point:SP_487,Ledormeur,18
2307475,14:46:00,14:46:10,stop_point:SP_1385,Garin,19
2307475,14:47:00,14:47:10,stop_point:SP_1759,Tahiti,20
2307475,14:48:00,14:48:10,stop_point:SP_882,Bréguet,21
2307475,14:49:00,14:49:10,stop_point:SP_3083,Piste des Géants,22
2307475,14:50:00,14:50:10,stop_point:SP_5276,Gonin,23
2307475,14:51:00,14:51:10,stop_point:SP_4963,Armentières,24
2307475,14:52:00,14:52:10,stop_point:SP_3890,Védrines,25
2307475,14:53:00,14:53:10,stop_point:SP_2545,Rodier,26
2307475,14:54:00,14:54:10,stop_point:SP_2730,Clément Ader,27
2307475,14:56:00,14:56:10,stop_point:SP_2661,CNES- IAS,28
2307475,14:57:00,14:57:10,stop_point:SP_3799,ENAC,29
2307475,14:58:00,14:58:10,stop_point:SP_2792,LAAS,30
2307475,15:00:00,15:00:10,stop_point:SP_2607,Giordano Bruno,31
2307475,15:01:00,15:01:10,stop_point:SP_474,Sports Universitaires,32
2307475,15:02:00,15:02:10,stop_point:SP_1854,Naturopole,33
2307475,15:04:00,15:04:10,stop_point:SP_548,Ramonville,34
2307476,14:50:00,14:50:10,stop_point:SP_3200,Jolimont,1
2307476,14:52:00,14:52:10,stop_point:SP_91,Chaumière,2
2307476,14:53:00,14:53:10,stop_point:SP_2865,Heredia,3
2307476,14:54:00,14:54:10,stop_point:SP_1152,Soupetard Salonique,4
2307476,14:55:00,14:55:10,stop_point:SP_3402,Coquille,5
2307476,14:56:00,14:56:10,stop_point:SP_2952,Jean Chaubet,6
2307476,14:57:00,14:57:10,stop_point:SP_1352,Achiary,7
2307476,14:59:00,14:59:10,stop_point:SP_109,Av. Raymond Naves,8
2307476,14:59:00,14:59:10,stop_point:SP_2670,Lafilaire,9
2307476,15:00:00,15:00:10,stop_point:SP_1692,Limayrac,10
2307476,15:00:00,15:00:10,stop_point:SP_2496,Balansa,11
2307476,15:01:00,15:01:10,stop_point:SP_2997,Jacinthes,12
2307476,15:01:00,15:01:10,stop_point:SP_2665,Baroux,13
2307476,15:02:00,15:02:10,stop_point:SP_407,Firmis,14
2307476,15:03:00,15:03:10,stop_point:SP_3653,Pugens,15
2307476,15:03:00,15:03:10,stop_point:SP_1135,Mont Ventoux,16
2307476,15:04:00,15:04:10,stop_point:SP_1337,Allègre,17
2307476,15:05:00,15:05:10,stop_point:SP_487,Ledormeur,18
2307476,15:06:00,15:06:10,stop_point:SP_1385,Garin,19
2307476,15:07:00,15:07:10,stop_point:SP_1759,Tahiti,20
2307476,15:08:00,15:08:10,stop_point:SP_882,Bréguet,21
2307476,15:09:00,15:09:10,stop_point:SP_3083,Piste des Géants,22
2307476,15:10:00,15:10:10,stop_point:SP_5276,Gonin,23
2307476,15:11:00,15:11:10,stop_point:SP_4963,Armentières,24
2307476,15:12:00,15:12:10,stop_point:SP_3890,Védrines,25
2307476,15:13:00,15:13:10,stop_point:SP_2545,Rodier,26
2307476,15:14:00,15:14:10,stop_point:SP_2730,Clément Ader,27
2307476,15:16:00,15:16:10,stop_point:SP_2661,CNES- IAS,28
2307476,15:17:00,15:17:10,stop_point:SP_3799,ENAC,29
2307476,15:18:00,15:18:10,stop_point:SP_2792,LAAS,30
2307476,15:20:00,15:20:10,stop_point:SP_2607,Giordano Bruno,31
2307476,15:21:00,15:21:10,stop_point:SP_474,Sports Universitaires,32
2307476,15:22:00,15:22:10,stop_point:SP_1854,Naturopole,33
2307476,15:24:00,15:24:10,stop_point:SP_548,Ramonville,34
2307477,15:10:00,15:10:10,stop_point:SP_3200,Jolimont,1
2307477,15:12:00,15:12:10,stop_point:SP_91,Chaumière,2
2307477,15:13:00,15:13:10,stop_point:SP_2865,Heredia,3
2307477,15:14:00,15:14:10,stop_point:SP_1152,Soupetard Salonique,4
2307477,15:15:00,15:15:10,stop_point:SP_3402,Coquille,5
2307477,15:16:00,15:16:10,stop_point:SP_2952,Jean Chaubet,6
2307477,15:17:00,15:17:10,stop_point:SP_1352,Achiary,7
2307477,15:19:00,15:19:10,stop_point:SP_109,Av. Raymond Naves,8
2307477,15:19:00,15:19:10,stop_point:SP_2670,Lafilaire,9
2307477,15:20:00,15:20:10,stop_point:SP_1692,Limayrac,10
2307477,15:20:00,15:20:10,stop_point:SP_2496,Balansa,11
2307477,15:21:00,15:21:10,stop_point:SP_2997,Jacinthes,12
2307477,15:21:00,15:21:10,stop_point:SP_2665,Baroux,13
2307477,15:22:00,15:22:10,stop_point:SP_407,Firmis,14
2307477,15:23:00,15:23:10,stop_point:SP_3653,Pugens,15
2307477,15:23:00,15:23:10,stop_point:SP_1135,Mont Ventoux,16
2307477,15:24:00,15:24:10,stop_point:SP_1337,Allègre,17
2307477,15:25:00,15:25:10,stop_point:SP_487,Ledormeur,18
2307477,15:26:00,15:26:10,stop_point:SP_1385,Garin,19
2307477,15:27:00,15:27:10,stop_point:SP_1759,Tahiti,20
2307477,15:28:00,15:28:10,stop_point:SP_882,Bréguet,21
2307477,15:29:00,15:29:10,stop_point:SP_3083,Piste des Géants,22
2307477,15:30:00,15:30:10,stop_point:SP_5276,Gonin,23
2307477,15:31:00,15:31:10,stop_point:SP_4963,Armentières,24
2307477,15:32:00,15:32:10,stop_point:SP_3890,Védrines,25
2307477,15:33:00,15:33:10,stop_point:SP_2545,Rodier,26
2307477,15:34:00,15:34:10,stop_point:SP_2730,Clément Ader,27
2307477,15:36:00,15:36:10,stop_point:SP_2661,CNES- IAS,28
2307477,15:37:00,15:37:10,stop_point:SP_3799,ENAC,29
2307477,15:38:00,15:38:10,stop_point:SP_2792,LAAS,30
2307477,15:40:00,15:40:10,stop_point:SP_2607,Giordano Bruno,31
2307477,15:41:00,15:41:10,stop_point:SP_474,Sports Universitaires,32
2307477,15:42:00,15:42:10,stop_point:SP_1854,Naturopole,33
2307477,15:44:00,15:44:10,stop_point:SP_548,Ramonville,34
2307478,15:30:00,15:30:10,stop_point:SP_3200,Jolimont,1
2307478,15:32:00,15:32:10,stop_point:SP_91,Chaumière,2
2307478,15:33:00,15:33:10,stop_point:SP_2865,Heredia,3
2307478,15:34:00,15:34:10,stop_point:SP_1152,Soupetard Salonique,4
2307478,15:35:00,15:35:10,stop_point:SP_3402,Coquille,5
2307478,15:36:00,15:36:10,stop_point:SP_2952,Jean Chaubet,6
2307478,15:37:00,15:37:10,stop_point:SP_1352,Achiary,7
2307478,15:39:00,15:39:10,stop_point:SP_109,Av. Raymond Naves,8
2307478,15:39:00,15:39:10,stop_point:SP_2670,Lafilaire,9
2307478,15:40:00,15:40:10,stop_point:SP_1692,Limayrac,10
2307478,15:40:00,15:40:10,stop_point:SP_2496,Balansa,11
2307478,15:41:00,15:41:10,stop_point:SP_2997,Jacinthes,12
2307478,15:41:00,15:41:10,stop_point:SP_2665,Baroux,13
2307478,15:42:00,15:42:10,stop_point:SP_407,Firmis,14
2307478,15:43:00,15:43:10,stop_point:SP_3653,Pugens,15
2307478,15:43:00,15:43:10,stop_point:SP_1135,Mont Ventoux,16
2307478,15:44:00,15:44:10,stop_point:SP_1337,Allègre,17
2307478,15:45:00,15:45:10,stop_point:SP_487,Ledormeur,18
2307478,15:46:00,15:46:10,stop_point:SP_1385,Garin,19
2307478,15:47:00,15:47:10,stop_point:SP_1759,Tahiti,20
2307478,15:48:00,15:48:10,stop_point:SP_882,Bréguet,21
2307478,15:49:00,15:49:10,stop_point:SP_3083,Piste des Géants,22
2307478,15:50:00,15:50:10,stop_point:SP_5276,Gonin,23
2307478,15:51:00,15:51:10,stop_point:SP_4963,Armentières,24
2307478,15:52:00,15:52:10,stop_point:SP_3890,Védrines,25
2307478,15:53:00,15:53:10,stop_point:SP_2545,Rodier,26
2307478,15:54:00,15:54:10,stop_point:SP_2730,Clément Ader,27
2307478,15:56:00,15:56:10,stop_point:SP_2661,CNES- IAS,28
2307478,15:57:00,15:57:10,stop_point:SP_3799,ENAC,29
2307478,15:58:00,15:58:10,stop_point:SP_2792,LAAS,30
2307478,16:00:00,16:00:10,stop_point:SP_2607,Giordano Bruno,31
2307478,16:01:00,16:01:10,stop_point:SP_474,Sports Universitaires,32
2307478,16:02:00,16:02:10,stop_point:SP_1854,Naturopole,33
2307478,16:04:00,16:04:10,stop_point:SP_548,Ramonville,34
2307479,15:50:00,15:50:10,stop_point:SP_3200,Jolimont,1
2307479,15:52:00,15:52:10,stop_point:SP_91,Chaumière,2
2307479,15:53:00,15:53:10,stop_point:SP_2865,Heredia,3
2307479,15:54:00,15:54:10,stop_point:SP_1152,Soupetard Salonique,4
2307479,15:55:00,15:55:10,stop_point:SP_3402,Coquille,5
2307479,15:56:00,15:56:10,stop_point:SP_2952,Jean Chaubet,6
2307479,15:57:00,15:57:10,stop_point:SP_1352,Achiary,7
2307479,15:59:00,15:59:10,stop_point:SP_109,Av. Raymond Naves,8
2307479,15:59:00,15:59:10,stop_point:SP_2670,Lafilaire,9
2307479,16:00:00,16:00:10,stop_point:SP_1692,Limayrac,10
2307479,16:00:00,16:00:10,stop_point:SP_2496,Balansa,11
2307479,16:01:00,16:01:10,stop_point:SP_2997,Jacinthes,12
2307479,16:01:00,16:01:10,stop_point:SP_2665,Baroux,13
2307479,16:02:00,16:02:10,stop_point:SP_407,Firmis,14
2307479,16:03:00,16:03:10,stop_point:SP_3653,Pugens,15
2307479,16:03:00,16:03:10,stop_point:SP_1135,Mont Ventoux,16
2307479,16:04:00,16:04:10,stop_point:SP_1337,Allègre,17
2307479,16:05:00,16:05:10,stop_point:SP_487,Ledormeur,18
2307479,16:06:00,16:06:10,stop_point:SP_1385,Garin,19
2307479,16:07:00,16:07:10,stop_point:SP_1759,Tahiti,20
2307479,16:08:00,16:08:10,stop_point:SP_882,Bréguet,21
2307479,16:09:00,16:09:10,stop_point:SP_3083,Piste des Géants,22
2307479,16:10:00,16:10:10,stop_point:SP_5276,Gonin,23
2307479,16:11:00,16:11:10,stop_point:SP_4963,Armentières,24
2307479,16:12:00,16:12:10,stop_point:SP_3890,Védrines,25
2307479,16:13:00,16:13:10,stop_point:SP_2545,Rodier,26
2307479,16:14:00,16:14:10,stop_point:SP_2730,Clément Ader,27
2307479,16:16:00,16:16:10,stop_point:SP_2661,CNES- IAS,28
2307479,16:17:00,16:17:10,stop_point:SP_3799,ENAC,29
2307479,16:18:00,16:18:10,stop_point:SP_2792,LAAS,30
2307479,16:20:00,16:20:10,stop_point:SP_2607,Giordano Bruno,31
2307479,16:21:00,16:21:10,stop_point:SP_474,Sports Universitaires,32
2307479,16:22:00,16:22:10,stop_point:SP_1854,Naturopole,33
2307479,16:24:00,16:24:10,stop_point:SP_548,Ramonville,34
2307480,16:10:00,16:10:10,stop_point:SP_3200,Jolimont,1
2307480,16:12:00,16:12:10,stop_point:SP_91,Chaumière,2
2307480,16:13:00,16:13:10,stop_point:SP_2865,Heredia,3
2307480,16:14:00,16:14:10,stop_point:SP_1152,Soupetard Salonique,4
2307480,16:15:00,16:15:10,stop_point:SP_3402,Coquille,5
2307480,16:16:00,16:16:10,stop_point:SP_2952,Jean Chaubet,6
2307480,16:17:00,16:17:10,stop_point:SP_1352,Achiary,7
2307480,16:19:00,16:19:10,stop_point:SP_109,Av. Raymond Naves,8
2307480,16:19:00,16:19:10,stop_point:SP_2670,Lafilaire,9
2307480,16:20:00,16:20:10,stop_point:SP_1692,Limayrac,10
2307480,16:20:00,16:20:10,stop_point:SP_2496,Balansa,11
2307480,16:21:00,16:21:10,stop_point:SP_2997,Jacinthes,12
2307480,16:21:00,16:21:10,stop_point:SP_2665,Baroux,13
2307480,16:22:00,16:22:10,stop_point:SP_407,Firmis,14
2307480,16:23:00,16:23:10,stop_point:SP_3653,Pugens,15
2307480,16:23:00,16:23:10,stop_point:SP_1135,Mont Ventoux,16
2307480,16:24:00,16:24:10,stop_point:SP_1337,Allègre,17
2307480,16:25:00,16:25:10,stop_point:SP_487,Ledormeur,18
2307480,16:26:00,16:26:10,stop_point:SP_1385,Garin,19
2307480,16:27:00,16:27:10,stop_point:SP_1759,Tahiti,20
2307480,16:28:00,16:28:10,stop_point:SP_882,Bréguet,21
2307480,16:29:00,16:29:10,stop_point:SP_3083,Piste des Géants,22
2307480,16:30:00,16:30:10,stop_point:SP_5276,Gonin,23
2307480,16:31:00,16:31:10,stop_point:SP_4963,Armentières,24
2307480,16:32:00,16:32:10,stop_point:SP_3890,Védrines,25
2307480,16:33:00,16:33:10,stop_point:SP_2545,Rodier,26
2307480,16:34:00,16:34:10,stop_point:SP_2730,Clément Ader,27
2307480,16:36:00,16:36:10,stop_point:SP_2661,CNES- IAS,28
2307480,16:37:00,16:37:10,stop_point:SP_3799,ENAC,29
2307480,16:38:00,16:38:10,stop_point:SP_2792,LAAS,30
2307480,16:40:00,16:40:10,stop_point:SP_2607,Giordano Bruno,31
2307480,16:41:00,16:41:10,stop_point:SP_474,Sports Universitaires,32
2307480,16:42:00,16:42:10,stop_point:SP_1854,Naturopole,33
2307480,16:44:00,16:44:10,stop_point:SP_548,Ramonville,34
2307481,16:30:00,16:30:10,stop_point:SP_3200,Jolimont,1
2307481,16:32:00,16:32:10,stop_point:SP_91,Chaumière,2
2307481,16:33:00,16:33:10,stop_point:SP_2865,Heredia,3
2307481,16:34:00,16:34:10,stop_point:SP_1152,Soupetard Salonique,4
2307481,16:35:00,16:35:10,stop_point:SP_3402,Coquille,5
2307481,16:36:00,16:36:10,stop_point:SP_2952,Jean Chaubet,6
2307481,16:37:00,16:37:10,stop_point:SP_1352,Achiary,7
2307481,16:39:00,16:39:10,stop_point:SP_109,Av. Raymond Naves,8
2307481,16:39:00,16:39:10,stop_point:SP_2670,Lafilaire,9
2307481,16:40:00,16:40:10,stop_point:SP_1692,Limayrac,10
2307481,16:40:00,16:40:10,stop_point:SP_2496,Balansa,11
2307481,16:41:00,16:41:10,stop_point:SP_2997,Jacinthes,12
2307481,16:41:00,16:41:10,stop_point:SP_2665,Baroux,13
2307481,16:42:00,16:42:10,stop_point:SP_407,Firmis,14
2307481,16:43:00,16:43:10,stop_point:SP_3653,Pugens,15
2307481,16:43:00,16:43:10,stop_point:SP_1135,Mont Ventoux,16
2307481,16:44:00,16:44:10,stop_point:SP_1337,Allègre,17
2307481,16:45:00,16:45:10,stop_point:SP_487,Ledormeur,18
2307481,16:46:00,16:46:10,stop_point:SP_1385,Garin,19
2307481,16:47:00,16:47:10,stop_point:SP_1759,Tahiti,20
2307481,16:48:00,16:48:10,stop_point:SP_882,Bréguet,21
2307481,16:49:00,16:49:10,stop_point:SP_3083,Piste des Géants,22
2307481,16:50:00,16:50:10,stop_point:SP_5276,Gonin,23
2307481,16:51:00,16:51:10,stop_point:SP_4963,Armentières,24
2307481,16:52:00,16:52:10,stop_point:SP_3890,Védrines,25
2307481,16:53:00,16:53:10,stop_point:SP_2545,Rodier,26
2307481,16:54:00,16:54:10,stop_point:SP_2730,Clément Ader,27
2307481,16:56:00,16:56:10,stop_point:SP_2661,CNES- IAS,28
2307481,16:57:00,16:57:10,stop_point:SP_3799,ENAC,29
2307481,16:58:00,16:58:10,stop_point:SP_2792,LAAS,30
2307481,17:00:00,17:00:10,stop_point:SP_2607,Giordano Bruno,31
2307481,17:01:00,17:01:10,stop_point:SP_474,Sports Universitaires,32
2307481,17:02:00,17:02:10,stop_point:SP_1854,Naturopole,33
2307481,17:04:00,17:04:10,stop_point:SP_548,Ramonville,34
2307482,16:50:00,16:50:10,stop_point:SP_3200,Jolimont,1
2307482,16:52:00,16:52:10,stop_point:SP_91,Chaumière,2
2307482,16:53:00,16:53:10,stop_point:SP_2865,Heredia,3
2307482,16:54:00,16:54:10,stop_point:SP_1152,Soupetard Salonique,4
2307482,16:55:00,16:55:10,stop_point:SP_3402,Coquille,5
2307482,16:56:00,16:56:10,stop_point:SP_2952,Jean Chaubet,6
2307482,16:57:00,16:57:10,stop_point:SP_1352,Achiary,7
2307482,16:59:00,16:59:10,stop_point:SP_109,Av. Raymond Naves,8
2307482,16:59:00,16:59:10,stop_point:SP_2670,Lafilaire,9
2307482,17:00:00,17:00:10,stop_point:SP_1692,Limayrac,10
2307482,17:00:00,17:00:10,stop_point:SP_2496,Balansa,11
2307482,17:01:00,17:01:10,stop_point:SP_2997,Jacinthes,12
2307482,17:01:00,17:01:10,stop_point:SP_2665,Baroux,13
2307482,17:02:00,17:02:10,stop_point:SP_407,Firmis,14
2307482,17:03:00,17:03:10,stop_point:SP_3653,Pugens,15
2307482,17:03:00,17:03:10,stop_point:SP_1135,Mont Ventoux,16
2307482,17:04:00,17:04:10,stop_point:SP_1337,Allègre,17
2307482,17:05:00,17:05:10,stop_point:SP_487,Ledormeur,18
2307482,17:06:00,17:06:10,stop_point:SP_1385,Garin,19
2307482,17:07:00,17:07:10,stop_point:SP_1759,Tahiti,20
2307482,17:08:00,17:08:10,stop_point:SP_882,Bréguet,21
2307482,17:09:00,17:09:10,stop_point:SP_3083,Piste des Géants,22
2307482,17:10:00,17:10:10,stop_point:SP_5276,Gonin,23
2307482,17:11:00,17:11:10,stop_point:SP_4963,Armentières,24
2307482,17:12:00,17:12:10,stop_point:SP_3890,Védrines,25
2307482,17:13:00,17:13:10,stop_point:SP_2545,Rodier,26
2307482,17:14:00,17:14:10,stop_point:SP_2730,Clément Ader,27
2307482,17:16:00,17:16:10,stop_point:SP_2661,CNES- IAS,28
2307482,17:17:00,17:17:10,stop_point:SP_3799,ENAC,29
2307482,17:18:00,17:18:10,stop_point:SP_2792,LAAS,30
2307482,17:20:00,17:20:10,stop_point:SP_2607,Giordano Bruno,31
2307482,17:21:00,17:21:10,stop_point:SP_474,Sports Universitaires,32
2307482,17:22:00,17:22:10,stop_point:SP_1854,Naturopole,33
2307482,17:24:00,17:24:10,stop_point:SP_548,Ramonville,34
2307483,17:10:00,17:10:10,stop_point:SP_3200,Jolimont,1
2307483,17:12:00,17:12:10,stop_point:SP_91,Chaumière,2
2307483,17:13:00,17:13:10,stop_point:SP_2865,Heredia,3
2307483,17:14:00,17:14:10,stop_point:SP_1152,Soupetard Salonique,4
2307483,17:15:00,17:15:10,stop_point:SP_3402,Coquille,5
2307483,17:16:00,17:16:10,stop_point:SP_2952,Jean Chaubet,6
2307483,17:17:00,17:17:10,stop_point:SP_1352,Achiary,7
2307483,17:19:00,17:19:10,stop_point:SP_109,Av. Raymond Naves,8
2307483,17:19:00,17:19:10,stop_point:SP_2670,Lafilaire,9
2307483,17:20:00,17:20:10,stop_point:SP_1692,Limayrac,10
2307483,17:20:00,17:20:10,stop_point:SP_2496,Balansa,11
2307483,17:21:00,17:21:10,stop_point:SP_2997,Jacinthes,12
2307483,17:21:00,17:21:10,stop_point:SP_2665,Baroux,13
2307483,17:22:00,17:22:10,stop_point:SP_407,Firmis,14
2307483,17:23:00,17:23:10,stop_point:SP_3653,Pugens,15
2307483,17:23:00,17:23:10,stop_point:SP_1135,Mont Ventoux,16
2307483,17:24:00,17:24:10,stop_point:SP_1337,Allègre,17
2307483,17:25:00,17:25:10,stop_point:SP_487,Ledormeur,18
2307483,17:26:00,17:26:10,stop_point:SP_1385,Garin,19
2307483,17:27:00,17:27:10,stop_point:SP_1759,Tahiti,20
2307483,17:28:00,17:28:10,stop_point:SP_882,Bréguet,21
2307483,17:29:00,17:29:10,stop_point:SP_3083,Piste des Géants,22
2307483,17:30:00,17:30:10,stop_point:SP_5276,Gonin,23
2307483,17:31:00,17:31:10,stop_point:SP_4963,Armentières,24
2307483,17:32:00,17:32:10,stop_point:SP_3890,Védrines,25
2307483,17:33:00,17:33:10,stop_point:SP_2545,Rodier,26
2307483,17:34:00,17:34:10,stop_point:SP_2730,Clément Ader,27
2307483,17:36:00,17:36:10,stop_point:SP_2661,CNES- IAS,28
2307483,17:37:00,17:37:10,stop_point:SP_3799,ENAC,29
2307483,17:38:00,17:38:10,stop_point:SP_2792,LAAS,30
2307483,17:40:00,17:40:10,stop_point:SP_2607,Giordano Bruno,31
2307483,17:41:00,17:41:10,stop_point:SP_474,Sports Universitaires,32
2307483,17:42:00,17:42:10,stop_point:SP_1854,Naturopole,33
2307483,17:44:00,17:44:10,stop_point:SP_548,Ramonville,34
2307484,17:30:00,17:30:10,stop_point:SP_3200,Jolimont,1
2307484,17:32:00,17:32:10,stop_point:SP_91,Chaumière,2
2307484,17:33:00,17:33:10,stop_point:SP_2865,Heredia,3
2307484,17:34:00,17:34:10,stop_point:SP_1152,Soupetard Salonique,4
2307484,17:35:00,17:35:10,stop_point:SP_3402,Coquille,5
2307484,17:36:00,17:36:10,stop_point:SP_2952,Jean Chaubet,6
2307484,17:37:00,17:37:10,stop_point:SP_1352,Achiary,7
2307484,17:39:00,17:39:10,stop_point:SP_109,Av. Raymond Naves,8
2307484,17:39:00,17:39:10,stop_point:SP_2670,Lafilaire,9
2307484,17:40:00,17:40:10,stop_point:SP_1692,Limayrac,10
2307484,17:40:00,17:40:10,stop_point:SP_2496,Balansa,11
2307484,17:41:00,17:41:10,stop_point:SP_2997,Jacinthes,12
2307484,17:41:00,17:41:10,stop_point:SP_2665,Baroux,13
2307484,17:42:00,17:42:10,stop_point:SP_407,Firmis,14
2307484,17:43:00,17:43:10,stop_point:SP_3653,Pugens,15
2307484,17:43:00,17:43:10,stop_point:SP_1135,Mont Ventoux,16
2307484,17:44:00,17:44:10,stop_point:SP_1337,Allègre,17
2307484,17:45:00,17:45:10,stop_point:SP_487,Ledormeur,18
2307484,17:46:00,17:46:10,stop_point:SP_1385,Garin,19
2307484,17:47:00,17:47:10,stop_point:SP_1759,Tahiti,20
2307484,17:48:00,17:48:10,stop_point:SP_882,Bréguet,21
2307484,17:49:00,17:49:10,stop_point:SP_3083,Piste des Géants,22
2307484,17:50:00,17:50:10,stop_point:SP_5276,Gonin,23
2307484,17:51:00,17:51:10,stop_point:SP_4963,Armentières,24
2307484,17:52:00,17:52:10,stop_point:SP_3890,Védrines,25
2307484,17:53:00,17:53:10,stop_point:SP_2545,Rodier,26
2307484,17:54:00,17:54:10,stop_point:SP_2730,Clément Ader,27
2307484,17:56:00,17:56:10,stop_point:SP_2661,CNES- IAS,28
2307484,17:57:00,17:57:10,stop_point:SP_3799,ENAC,29
2307484,17:58:00,17:58:10,stop_point:SP_2792,LAAS,30
2307484,18:00:00,18:00:10,stop_point:SP_2607,Giordano Bruno,31
2307484,18:01:00,18:01:10,stop_point:SP_474,Sports Universitaires,32
2307484,18:02:00,18:02:10,stop_point:SP_1854,Naturopole,33
2307484,18:04:00,18:04:10,stop_point:SP_548,Ramonville,34
2307485,17:50:00,17:50:10,stop_point:SP_3200,Jolimont,1
2307485,17:52:00,17:52:10,stop_point:SP_91,Chaumière,2
2307485,17:53:00,17:53:10,stop_point:SP_2865,Heredia,3
2307485,17:54:00,17:54:10,stop_point:SP_1152,Soupetard Salonique,4
2307485,17:55:00,17:55:10,stop_point:SP_3402,Coquille,5
2307485,17:56:00,17:56:10,stop_point:SP_2952,Jean Chaubet,6
2307485,17:57:00,17:57:10,stop_point:SP_1352,Achiary,7
2307485,17:59:00,17:59:10,stop_point:SP_109,Av. Raymond Naves,8
2307485,17:59:00,17:59:10,stop_point:SP_2670,Lafilaire,9
2307485,18:00:00,18:00:10,stop_point:SP_1692,Limayrac,10
2307485,18:00:00,18:00:10,stop_point:SP_2496,Balansa,11
2307485,18:01:00,18:01:10,stop_point:SP_2997,Jacinthes,12
2307485,18:01:00,18:01:10,stop_point:SP_2665,Baroux,13
2307485,18:02:00,18:02:10,stop_point:SP_407,Firmis,14
2307485,18:03:00,18:03:10,stop_point:SP_3653,Pugens,15
2307485,18:03:00,18:03:10,stop_point:SP_1135,Mont Ventoux,16
2307485,18:04:00,18:04:10,stop_point:SP_1337,Allègre,17
2307485,18:05:00,18:05:10,stop_point:SP_487,Ledormeur,18
2307485,18:06:00,18:06:10,stop_point:SP_1385,Garin,19
2307485,18:07:00,18:07:10,stop_point:SP_1759,Tahiti,20
2307485,18:08:00,18:08:10,stop_point:SP_882,Bréguet,21
2307485,18:09:00,18:09:10,stop_point:SP_3083,Piste des Géants,22
2307485,18:10:00,18:10:10,stop_point:SP_5276,Gonin,23
2307485,18:11:00,18:11:10,stop_point:SP_4963,Armentières,24
2307485,18:12:00,18:12:10,stop_point:SP_3890,Védrines,25
2307485,18:13:00,18:13:10,stop_point:SP_2545,Rodier,26
2307485,18:14:00,18:14:10,stop_point:SP_2730,Clément Ader,27
2307485,18:16:00,18:16:10,stop_point:SP_2661,CNES- IAS,28
2307485,18:17:00,18:17:10,stop_point:SP_3799,ENAC,29
2307485,18:18:00,18:18:10,stop_point:SP_2792,LAAS,30
2307485,18:20:00,18:20:10,stop_point:SP_2607,Giordano Bruno,31
2307485,18:21:00,18:21:10,stop_point:SP_474,Sports Universitaires,32
2307485,18:22:00,18:22:10,stop_point:SP_1854,Naturopole,33
2307485,18:24:00,18:24:10,stop_point:SP_548,Ramonville,34
2307486,18:05:00,18:05:10,stop_point:SP_3200,Jolimont,1
2307486,18:07:00,18:07:10,stop_point:SP_91,Chaumière,2
2307486,18:08:00,18:08:10,stop_point:SP_2865,Heredia,3
2307486,18:09:00,18:09:10,stop_point:SP_1152,Soupetard Salonique,4
2307486,18:10:00,18:10:10,stop_point:SP_3402,Coquille,5
2307486,18:11:00,18:11:10,stop_point:SP_2952,Jean Chaubet,6
2307486,18:12:00,18:12:10,stop_point:SP_1352,Achiary,7
2307486,18:14:00,18:14:10,stop_point:SP_109,Av. Raymond Naves,8
2307486,18:14:00,18:14:10,stop_point:SP_2670,Lafilaire,9
2307486,18:15:00,18:15:10,stop_point:SP_1692,Limayrac,10
2307486,18:15:00,18:15:10,stop_point:SP_2496,Balansa,11
2307486,18:16:00,18:16:10,stop_point:SP_2997,Jacinthes,12
2307486,18:16:00,18:16:10,stop_point:SP_2665,Baroux,13
2307486,18:17:00,18:17:10,stop_point:SP_407,Firmis,14
2307486,18:18:00,18:18:10,stop_point:SP_3653,Pugens,15
2307486,18:18:00,18:18:10,stop_point:SP_1135,Mont Ventoux,16
2307486,18:19:00,18:19:10,stop_point:SP_1337,Allègre,17
2307486,18:20:00,18:20:10,stop_point:SP_487,Ledormeur,18
2307486,18:21:00,18:21:10,stop_point:SP_1385,Garin,19
2307486,18:22:00,18:22:10,stop_point:SP_1759,Tahiti,20
2307486,18:23:00,18:23:10,stop_point:SP_882,Bréguet,21
2307486,18:24:00,18:24:10,stop_point:SP_3083,Piste des Géants,22
2307486,18:25:00,18:25:10,stop_point:SP_5276,Gonin,23
2307486,18:26:00,18:26:10,stop_point:SP_4963,Armentières,24
2307486,18:27:00,18:27:10,stop_point:SP_3890,Védrines,25
2307486,18:28:00,18:28:10,stop_point:SP_2545,Rodier,26
2307486,18:29:00,18:29:10,stop_point:SP_2730,Clément Ader,27
2307486,18:31:00,18:31:10,stop_point:SP_2661,CNES- IAS,28
2307486,18:32:00,18:32:10,stop_point:SP_3799,ENAC,29
2307486,18:33:00,18:33:10,stop_point:SP_2792,LAAS,30
2307486,18:35:00,18:35:10,stop_point:SP_2607,Giordano Bruno,31
2307486,18:36:00,18:36:10,stop_point:SP_474,Sports Universitaires,32
2307486,18:37:00,18:37:10,stop_point:SP_1854,Naturopole,33
2307486,18:39:00,18:39:10,stop_point:SP_548,Ramonville,34
2307487,18:25:00,18:25:10,stop_point:SP_3200,Jolimont,1
2307487,18:27:00,18:27:10,stop_point:SP_91,Chaumière,2
2307487,18:28:00,18:28:10,stop_point:SP_2865,Heredia,3
2307487,18:29:00,18:29:10,stop_point:SP_1152,Soupetard Salonique,4
2307487,18:30:00,18:30:10,stop_point:SP_3402,Coquille,5
2307487,18:31:00,18:31:10,stop_point:SP_2952,Jean Chaubet,6
2307487,18:32:00,18:32:10,stop_point:SP_1352,Achiary,7
2307487,18:34:00,18:34:10,stop_point:SP_109,Av. Raymond Naves,8
2307487,18:34:00,18:34:10,stop_point:SP_2670,Lafilaire,9
2307487,18:35:00,18:35:10,stop_point:SP_1692,Limayrac,10
2307487,18:35:00,18:35:10,stop_point:SP_2496,Balansa,11
2307487,18:36:00,18:36:10,stop_point:SP_2997,Jacinthes,12
2307487,18:36:00,18:36:10,stop_point:SP_2665,Baroux,13
2307487,18:37:00,18:37:10,stop_point:SP_407,Firmis,14
2307487,18:38:00,18:38:10,stop_point:SP_3653,Pugens,15
2307487,18:38:00,18:38:10,stop_point:SP_1135,Mont Ventoux,16
2307487,18:39:00,18:39:10,stop_point:SP_1337,Allègre,17
2307487,18:40:00,18:40:10,stop_point:SP_487,Ledormeur,18
2307487,18:41:00,18:41:10,stop_point:SP_1385,Garin,19
2307487,18:42:00,18:42:10,stop_point:SP_1759,Tahiti,20
2307487,18:43:00,18:43:10,stop_point:SP_882,Bréguet,21
2307487,18:44:00,18:44:10,stop_point:SP_3083,Piste des Géants,22
2307487,18:45:00,18:45:10,stop_point:SP_5276,Gonin,23
2307487,18:46:00,18:46:10,stop_point:SP_4963,Armentières,24
2307487,18:47:00,18:47:10,stop_point:SP_3890,Védrines,25
2307487,18:48:00,18:48:10,stop_point:SP_2545,Rodier,26
2307487,18:49:00,18:49:10,stop_point:SP_2730,Clément Ader,27
2307487,18:51:00,18:51:10,stop_point:SP_2661,CNES- IAS,28
2307487,18:52:00,18:52:10,stop_point:SP_3799,ENAC,29
2307487,18:53:00,18:53:10,stop_point:SP_2792,LAAS,30
2307487,18:55:00,18:55:10,stop_point:SP_2607,Giordano Bruno,31
2307487,18:56:00,18:56:10,stop_point:SP_474,Sports Universitaires,32
2307487,18:57:00,18:57:10,stop_point:SP_1854,Naturopole,33
2307487,18:59:00,18:59:10,stop_point:SP_548,Ramonville,34
2307488,18:45:00,18:45:10,stop_point:SP_3200,Jolimont,1
2307488,18:47:00,18:47:10,stop_point:SP_91,Chaumière,2
2307488,18:48:00,18:48:10,stop_point:SP_2865,Heredia,3
2307488,18:49:00,18:49:10,stop_point:SP_1152,Soupetard Salonique,4
2307488,18:50:00,18:50:10,stop_point:SP_3402,Coquille,5
2307488,18:51:00,18:51:10,stop_point:SP_2952,Jean Chaubet,6
2307488,18:52:00,18:52:10,stop_point:SP_1352,Achiary,7
2307488,18:54:00,18:54:10,stop_point:SP_109,Av. Raymond Naves,8
2307488,18:54:00,18:54:10,stop_point:SP_2670,Lafilaire,9
2307488,18:55:00,18:55:10,stop_point:SP_1692,Limayrac,10
2307488,18:55:00,18:55:10,stop_point:SP_2496,Balansa,11
2307488,18:56:00,18:56:10,stop_point:SP_2997,Jacinthes,12
2307488,18:56:00,18:56:10,stop_point:SP_2665,Baroux,13
2307488,18:57:00,18:57:10,stop_point:SP_407,Firmis,14
2307488,18:58:00,18:58:10,stop_point:SP_3653,Pugens,15
2307488,18:58:00,18:58:10,stop_point:SP_1135,Mont Ventoux,16
2307488,18:59:00,18:59:10,stop_point:SP_1337,Allègre,17
2307488,19:00:00,19:00:10,stop_point:SP_487,Ledormeur,18
2307488,19:01:00,19:01:10,stop_point:SP_1385,Garin,19
2307488,19:02:00,19:02:10,stop_point:SP_1759,Tahiti,20
2307488,19:03:00,19:03:10,stop_point:SP_882,Bréguet,21
2307488,19:04:00,19:04:10,stop_point:SP_3083,Piste des Géants,22
2307488,19:05:00,19:05:10,stop_point:SP_5276,Gonin,23
2307488,19:06:00,19:06:10,stop_point:SP_4963,Armentières,24
2307488,19:07:00,19:07:10,stop_point:SP_3890,Védrines,25
2307488,19:08:00,19:08:10,stop_point:SP_2545,Rodier,26
2307488,19:09:00,19:09:10,stop_point:SP_2730,Clément Ader,27
2307488,19:11:00,19:11:10,stop_point:SP_2661,CNES- IAS,28
2307488,19:12:00,19:12:10,stop_point:SP_3799,ENAC,29
2307488,19:13:00,19:13:10,stop_point:SP_2792,LAAS,30
2307488,19:15:00,19:15:10,stop_point:SP_2607,Giordano Bruno,31
2307488,19:16:00,19:16:10,stop_point:SP_474,Sports Universitaires,32
2307488,19:17:00,19:17:10,stop_point:SP_1854,Naturopole,33
2307488,19:19:00,19:19:10,stop_point:SP_548,Ramonville,34
2307489,19:15:00,19:15:10,stop_point:SP_3200,Jolimont,1
2307489,19:17:00,19:17:10,stop_point:SP_91,Chaumière,2
2307489,19:18:00,19:18:10,stop_point:SP_2865,Heredia,3
2307489,19:19:00,19:19:10,stop_point:SP_1152,Soupetard Salonique,4
2307489,19:20:00,19:20:10,stop_point:SP_3402,Coquille,5
2307489,19:21:00,19:21:10,stop_point:SP_2952,Jean Chaubet,6
2307489,19:22:00,19:22:10,stop_point:SP_1352,Achiary,7
2307489,19:24:00,19:24:10,stop_point:SP_109,Av. Raymond Naves,8
2307489,19:24:00,19:24:10,stop_point:SP_2670,Lafilaire,9
2307489,19:25:00,19:25:10,stop_point:SP_1692,Limayrac,10
2307489,19:25:00,19:25:10,stop_point:SP_2496,Balansa,11
2307489,19:26:00,19:26:10,stop_point:SP_2997,Jacinthes,12
2307489,19:26:00,19:26:10,stop_point:SP_2665,Baroux,13
2307489,19:27:00,19:27:10,stop_point:SP_407,Firmis,14
2307489,19:28:00,19:28:10,stop_point:SP_3653,Pugens,15
2307489,19:28:00,19:28:10,stop_point:SP_1135,Mont Ventoux,16
2307489,19:29:00,19:29:10,stop_point:SP_1337,Allègre,17
2307489,19:30:00,19:30:10,stop_point:SP_487,Ledormeur,18
2307489,19:31:00,19:31:10,stop_point:SP_1385,Garin,19
2307489,19:32:00,19:32:10,stop_point:SP_1759,Tahiti,20
2307489,19:33:00,19:33:10,stop_point:SP_882,Bréguet,21
2307489,19:34:00,19:34:10,stop_point:SP_3083,Piste des Géants,22
2307489,19:35:00,19:35:10,stop_point:SP_5276,Gonin,23
2307489,19:36:00,19:36:10,stop_point:SP_4963,Armentières,24
2307489,19:37:00,19:37:10,stop_point:SP_3890,Védrines,25
2307489,19:38:00,19:38:10,stop_point:SP_2545,Rodier,26
2307489,19:39:00,19:39:10,stop_point:SP_2730,Clément Ader,27
2307489,19:41:00,19:41:10,stop_point:SP_2661,CNES- IAS,28
2307489,19:42:00,19:42:10,stop_point:SP_3799,ENAC,29
2307489,19:43:00,19:43:10,stop_point:SP_2792,LAAS,30
2307489,19:45:00,19:45:10,stop_point:SP_2607,Giordano Bruno,31
2307489,19:46:00,19:46:10,stop_point:SP_474,Sports Universitaires,32
2307489,19:47:00,19:47:10,stop_point:SP_1854,Naturopole,33
2307489,19:49:00,19:49:10,stop_point:SP_548,Ramonville,34
2307490,19:45:00,19:45:10,stop_point:SP_3200,Jolimont,1
2307490,19:47:00,19:47:10,stop_point:SP_91,Chaumière,2
2307490,19:48:00,19:48:10,stop_point:SP_2865,Heredia,3
2307490,19:49:00,19:49:10,stop_point:SP_1152,Soupetard Salonique,4
2307490,19:50:00,19:50:10,stop_point:SP_3402,Coquille,5
2307490,19:51:00,19:51:10,stop_point:SP_2952,Jean Chaubet,6
2307490,19:52:00,19:52:10,stop_point:SP_1352,Achiary,7
2307490,19:54:00,19:54:10,stop_point:SP_109,Av. Raymond Naves,8
2307490,19:54:00,19:54:10,stop_point:SP_2670,Lafilaire,9
2307490,19:55:00,19:55:10,stop_point:SP_1692,Limayrac,10
2307490,19:55:00,19:55:10,stop_point:SP_2496,Balansa,11
2307490,19:56:00,19:56:10,stop_point:SP_2997,Jacinthes,12
2307490,19:56:00,19:56:10,stop_point:SP_2665,Baroux,13
2307490,19:57:00,19:57:10,stop_point:SP_407,Firmis,14
2307490,19:58:00,19:58:10,stop_point:SP_3653,Pugens,15
2307490,19:58:00,19:58:10,stop_point:SP_1135,Mont Ventoux,16
2307490,19:59:00,19:59:10,stop_point:SP_1337,Allègre,17
2307490,20:00:00,20:00:10,stop_point:SP_487,Ledormeur,18
2307490,20:01:00,20:01:10,stop_point:SP_1385,Garin,19
2307490,20:02:00,20:02:10,stop_point:SP_1759,Tahiti,20
2307490,20:03:00,20:03:10,stop_point:SP_882,Bréguet,21
2307490,20:04:00,20:04:10,stop_point:SP_3083,Piste des Géants,22
2307490,20:05:00,20:05:10,stop_point:SP_5276,Gonin,23
2307490,20:06:00,20:06:10,stop_point:SP_4963,Armentières,24
2307490,20:07:00,20:07:10,stop_point:SP_3890,Védrines,25
2307490,20:08:00,20:08:10,stop_point:SP_2545,Rodier,26
2307490,20:09:00,20:09:10,stop_point:SP_2730,Clément Ader,27
2307490,20:11:00,20:11:10,stop_point:SP_2661,CNES- IAS,28
2307490,20:12:00,20:12:10,stop_point:SP_3799,ENAC,29
2307490,20:13:00,20:13:10,stop_point:SP_2792,LAAS,30
2307490,20:15:00,20:15:10,stop_point:SP_2607,Giordano Bruno,31
2307490,20:16:00,20:16:10,stop_point:SP_474,Sports Universitaires,32
2307490,20:17:00,20:17:10,stop_point:SP_1854,Naturopole,33
2307490,20:19:00,20:19:10,stop_point:SP_548,Ramonville,34
2307491,20:20:00,20:20:10,stop_point:SP_3200,Jolimont,1
2307491,20:22:00,20:22:10,stop_point:SP_91,Chaumière,2
2307491,20:22:00,20:22:10,stop_point:SP_2865,Heredia,3
2307491,20:23:00,20:23:10,stop_point:SP_1152,Soupetard Salonique,4
2307491,20:24:00,20:24:10,stop_point:SP_3402,Coquille,5
2307491,20:25:00,20:25:10,stop_point:SP_2952,Jean Chaubet,6
2307491,20:26:00,20:26:10,stop_point:SP_1352,Achiary,7
2307491,20:28:00,20:28:10,stop_point:SP_109,Av. Raymond Naves,8
2307491,20:28:00,20:28:10,stop_point:SP_2670,Lafilaire,9
2307491,20:29:00,20:29:10,stop_point:SP_1692,Limayrac,10
2307491,20:29:00,20:29:10,stop_point:SP_2496,Balansa,11
2307491,20:30:00,20:30:10,stop_point:SP_2997,Jacinthes,12
2307491,20:30:00,20:30:10,stop_point:SP_2665,Baroux,13
2307491,20:31:00,20:31:10,stop_point:SP_407,Firmis,14
2307491,20:32:00,20:32:10,stop_point:SP_3653,Pugens,15
2307491,20:32:00,20:32:10,stop_point:SP_1135,Mont Ventoux,16
2307491,20:33:00,20:33:10,stop_point:SP_1337,Allègre,17
2307491,20:34:00,20:34:10,stop_point:SP_487,Ledormeur,18
2307491,20:35:00,20:35:10,stop_point:SP_1385,Garin,19
2307491,20:36:00,20:36:10,stop_point:SP_1759,Tahiti,20
2307491,20:37:00,20:37:10,stop_point:SP_882,Bréguet,21
2307491,20:37:00,20:37:10,stop_point:SP_3083,Piste des Géants,22
2307491,20:38:00,20:38:10,stop_point:SP_5276,Gonin,23
2307491,20:39:00,20:39:10,stop_point:SP_4963,Armentières,24
2307491,20:40:00,20:40:10,stop_point:SP_3890,Védrines,25
2307491,20:40:00,20:40:10,stop_point:SP_2545,Rodier,26
2307491,20:41:00,20:41:10,stop_point:SP_2730,Clément Ader,27
2307491,20:43:00,20:43:10,stop_point:SP_2661,CNES- IAS,28
2307491,20:44:00,20:44:10,stop_point:SP_3799,ENAC,29
2307491,20:45:00,20:45:10,stop_point:SP_2792,LAAS,30
2307491,20:47:00,20:47:10,stop_point:SP_2607,Giordano Bruno,31
2307491,20:48:00,20:48:10,stop_point:SP_474,Sports Universitaires,32
2307491,20:49:00,20:49:10,stop_point:SP_1854,Naturopole,33
2307491,20:51:00,20:51:10,stop_point:SP_548,Ramonville,34
2307492,21:00:00,21:00:10,stop_point:SP_3200,Jolimont,1
2307492,21:02:00,21:02:10,stop_point:SP_91,Chaumière,2
2307492,21:02:00,21:02:10,stop_point:SP_2865,Heredia,3
2307492,21:03:00,21:03:10,stop_point:SP_1152,Soupetard Salonique,4
2307492,21:04:00,21:04:10,stop_point:SP_3402,Coquille,5
2307492,21:05:00,21:05:10,stop_point:SP_2952,Jean Chaubet,6
2307492,21:06:00,21:06:10,stop_point:SP_1352,Achiary,7
2307492,21:08:00,21:08:10,stop_point:SP_109,Av. Raymond Naves,8
2307492,21:08:00,21:08:10,stop_point:SP_2670,Lafilaire,9
2307492,21:09:00,21:09:10,stop_point:SP_1692,Limayrac,10
2307492,21:09:00,21:09:10,stop_point:SP_2496,Balansa,11
2307492,21:10:00,21:10:10,stop_point:SP_2997,Jacinthes,12
2307492,21:10:00,21:10:10,stop_point:SP_2665,Baroux,13
2307492,21:11:00,21:11:10,stop_point:SP_407,Firmis,14
2307492,21:12:00,21:12:10,stop_point:SP_3653,Pugens,15
2307492,21:12:00,21:12:10,stop_point:SP_1135,Mont Ventoux,16
2307492,21:13:00,21:13:10,stop_point:SP_1337,Allègre,17
2307492,21:14:00,21:14:10,stop_point:SP_487,Ledormeur,18
2307492,21:15:00,21:15:10,stop_point:SP_1385,Garin,19
2307492,21:16:00,21:16:10,stop_point:SP_1759,Tahiti,20
2307492,21:17:00,21:17:10,stop_point:SP_882,Bréguet,21
2307492,21:17:00,21:17:10,stop_point:SP_3083,Piste des Géants,22
2307492,21:18:00,21:18:10,stop_point:SP_5276,Gonin,23
2307492,21:19:00,21:19:10,stop_point:SP_4963,Armentières,24
2307492,21:20:00,21:20:10,stop_point:SP_3890,Védrines,25
2307492,21:20:00,21:20:10,stop_point:SP_2545,Rodier,26
2307492,21:21:00,21:21:10,stop_point:SP_2730,Clément Ader,27
2307492,21:23:00,21:23:10,stop_point:SP_2661,CNES- IAS,28
2307492,21:24:00,21:24:10,stop_point:SP_3799,ENAC,29
2307492,21:25:00,21:25:10,stop_point:SP_2792,LAAS,30
2307492,21:27:00,21:27:10,stop_point:SP_2607,Giordano Bruno,31
2307492,21:28:00,21:28:10,stop_point:SP_474,Sports Universitaires,32
2307492,21:29:00,21:29:10,stop_point:SP_1854,Naturopole,33
2307492,21:31:00,21:31:10,stop_point:SP_548,Ramonville,34
2307493,06:05:00,06:05:10,stop_point:SP_548,Ramonville,1
2307493,06:07:00,06:07:10,stop_point:SP_3112,Naturopole,2
2307493,06:08:00,06:08:10,stop_point:SP_3474,Sports Universitaires,3
2307493,06:09:00,06:09:10,stop_point:SP_3508,Giordano Bruno,4
2307493,06:10:00,06:10:10,stop_point:SP_1412,LAAS,5
2307493,06:11:00,06:11:10,stop_point:SP_3860,ENAC,6
2307493,06:12:00,06:12:10,stop_point:SP_3735,CNES- IAS,7
2307493,06:14:00,06:14:10,stop_point:SP_1844,Clément Ader,8
2307493,06:15:00,06:15:10,stop_point:SP_737,Rodier,9
2307493,06:16:00,06:16:10,stop_point:SP_875,Védrines,10
2307493,06:17:00,06:17:10,stop_point:SP_4961,Armentières,11
2307493,06:18:00,06:18:10,stop_point:SP_4720,Gonin,12
2307493,06:19:00,06:19:10,stop_point:SP_603,Piste des Géants,13
2307493,06:20:00,06:20:10,stop_point:SP_340,Bréguet,14
2307493,06:21:00,06:21:10,stop_point:SP_2304,Tahiti,15
2307493,06:22:00,06:22:10,stop_point:SP_2562,Garin,16
2307493,06:24:00,06:24:10,stop_point:SP_2590,Ledormeur,17
2307493,06:25:00,06:25:10,stop_point:SP_3494,Allègre,18
2307493,06:26:00,06:26:10,stop_point:SP_1206,Mont Ventoux,19
2307493,06:27:00,06:27:10,stop_point:SP_1860,Firmis,20
2307493,06:28:00,06:28:10,stop_point:SP_2799,Baroux,21
2307493,06:29:00,06:29:10,stop_point:SP_718,Jacinthes,22
2307493,06:29:00,06:29:10,stop_point:SP_2225,Balansa,23
2307493,06:30:00,06:30:10,stop_point:SP_3505,Limayrac,24
2307493,06:31:00,06:31:10,stop_point:SP_258,Lafilaire,25
2307493,06:31:00,06:31:10,stop_point:SP_3381,Av. Raymond Naves,26
2307493,06:33:00,06:33:10,stop_point:SP_993,Achiary,27
2307493,06:34:00,06:34:10,stop_point:SP_3477,Jean Chaubet,28
2307493,06:35:00,06:35:10,stop_point:SP_2259,Coquille,29
2307493,06:36:00,06:36:10,stop_point:SP_3648,Soupetard Salonique,30
2307493,06:37:00,06:37:10,stop_point:SP_3569,Heredia,31
2307493,06:38:00,06:38:10,stop_point:SP_1024,Chaumière,32
2307493,06:40:00,06:40:10,stop_point:SP_3200,Jolimont,33
2307494,06:35:00,06:35:10,stop_point:SP_548,Ramonville,1
2307494,06:37:00,06:37:10,stop_point:SP_3112,Naturopole,2
2307494,06:38:00,06:38:10,stop_point:SP_3474,Sports Universitaires,3
2307494,06:39:00,06:39:10,stop_point:SP_3508,Giordano Bruno,4
2307494,06:40:00,06:40:10,stop_point:SP_1412,LAAS,5
2307494,06:41:00,06:41:10,stop_point:SP_3860,ENAC,6
2307494,06:42:00,06:42:10,stop_point:SP_3735,CNES- IAS,7
2307494,06:44:00,06:44:10,stop_point:SP_1844,Clément Ader,8
2307494,06:45:00,06:45:10,stop_point:SP_737,Rodier,9
2307494,06:46:00,06:46:10,stop_point:SP_875,Védrines,10
2307494,06:47:00,06:47:10,stop_point:SP_4961,Armentières,11
2307494,06:48:00,06:48:10,stop_point:SP_4720,Gonin,12
2307494,06:49:00,06:49:10,stop_point:SP_603,Piste des Géants,13
2307494,06:50:00,06:50:10,stop_point:SP_340,Bréguet,14
2307494,06:51:00,06:51:10,stop_point:SP_2304,Tahiti,15
2307494,06:52:00,06:52:10,stop_point:SP_2562,Garin,16
2307494,06:54:00,06:54:10,stop_point:SP_2590,Ledormeur,17
2307494,06:55:00,06:55:10,stop_point:SP_3494,Allègre,18
2307494,06:56:00,06:56:10,stop_point:SP_1206,Mont Ventoux,19
2307494,06:57:00,06:57:10,stop_point:SP_1860,Firmis,20
2307494,06:58:00,06:58:10,stop_point:SP_2799,Baroux,21
2307494,06:59:00,06:59:10,stop_point:SP_718,Jacinthes,22
2307494,06:59:00,06:59:10,stop_point:SP_2225,Balansa,23
2307494,07:00:00,07:00:10,stop_point:SP_3505,Limayrac,24
2307494,07:01:00,07:01:10,stop_point:SP_258,Lafilaire,25
2307494,07:01:00,07:01:10,stop_point:SP_3381,Av. Raymond Naves,26
2307494,07:03:00,07:03:10,stop_point:SP_993,Achiary,27
2307494,07:04:00,07:04:10,stop_point:SP_3477,Jean Chaubet,28
2307494,07:05:00,07:05:10,stop_point:SP_2259,Coquille,29
2307494,07:06:00,07:06:10,stop_point:SP_3648,Soupetard Salonique,30
2307494,07:07:00,07:07:10,stop_point:SP_3569,Heredia,31
2307494,07:08:00,07:08:10,stop_point:SP_1024,Chaumière,32
2307494,07:10:00,07:10:10,stop_point:SP_3200,Jolimont,33
2307495,07:05:00,07:05:10,stop_point:SP_548,Ramonville,1
2307495,07:07:00,07:07:10,stop_point:SP_3112,Naturopole,2
2307495,07:08:00,07:08:10,stop_point:SP_3474,Sports Universitaires,3
2307495,07:09:00,07:09:10,stop_point:SP_3508,Giordano Bruno,4
2307495,07:10:00,07:10:10,stop_point:SP_1412,LAAS,5
2307495,07:11:00,07:11:10,stop_point:SP_3860,ENAC,6
2307495,07:12:00,07:12:10,stop_point:SP_3735,CNES- IAS,7
2307495,07:14:00,07:14:10,stop_point:SP_1844,Clément Ader,8
2307495,07:15:00,07:15:10,stop_point:SP_737,Rodier,9
2307495,07:16:00,07:16:10,stop_point:SP_875,Védrines,10
2307495,07:17:00,07:17:10,stop_point:SP_4961,Armentières,11
2307495,07:18:00,07:18:10,stop_point:SP_4720,Gonin,12
2307495,07:19:00,07:19:10,stop_point:SP_603,Piste des Géants,13
2307495,07:20:00,07:20:10,stop_point:SP_340,Bréguet,14
2307495,07:21:00,07:21:10,stop_point:SP_2304,Tahiti,15
2307495,07:23:00,07:23:10,stop_point:SP_2562,Garin,16
2307495,07:25:00,07:25:10,stop_point:SP_2590,Ledormeur,17
2307495,07:26:00,07:26:10,stop_point:SP_3494,Allègre,18
2307495,07:27:00,07:27:10,stop_point:SP_1206,Mont Ventoux,19
2307495,07:28:00,07:28:10,stop_point:SP_1860,Firmis,20
2307495,07:29:00,07:29:10,stop_point:SP_2799,Baroux,21
2307495,07:30:00,07:30:10,stop_point:SP_718,Jacinthes,22
2307495,07:30:00,07:30:10,stop_point:SP_2225,Balansa,23
2307495,07:31:00,07:31:10,stop_point:SP_3505,Limayrac,24
2307495,07:32:00,07:32:10,stop_point:SP_258,Lafilaire,25
2307495,07:32:00,07:32:10,stop_point:SP_3381,Av. Raymond Naves,26
2307495,07:34:00,07:34:10,stop_point:SP_993,Achiary,27
2307495,07:35:00,07:35:10,stop_point:SP_3477,Jean Chaubet,28
2307495,07:36:00,07:36:10,stop_point:SP_2259,Coquille,29
2307495,07:37:00,07:37:10,stop_point:SP_3648,Soupetard Salonique,30
2307495,07:38:00,07:38:10,stop_point:SP_3569,Heredia,31
2307495,07:39:00,07:39:10,stop_point:SP_1024,Chaumière,32
2307495,07:41:00,07:41:10,stop_point:SP_3200,Jolimont,33
2307496,07:35:00,07:35:10,stop_point:SP_548,Ramonville,1
2307496,07:37:00,07:37:10,stop_point:SP_3112,Naturopole,2
2307496,07:38:00,07:38:10,stop_point:SP_3474,Sports Universitaires,3
2307496,07:39:00,07:39:10,stop_point:SP_3508,Giordano Bruno,4
2307496,07:40:00,07:40:10,stop_point:SP_1412,LAAS,5
2307496,07:41:00,07:41:10,stop_point:SP_3860,ENAC,6
2307496,07:42:00,07:42:10,stop_point:SP_3735,CNES- IAS,7
2307496,07:44:00,07:44:10,stop_point:SP_1844,Clément Ader,8
2307496,07:45:00,07:45:10,stop_point:SP_737,Rodier,9
2307496,07:46:00,07:46:10,stop_point:SP_875,Védrines,10
2307496,07:47:00,07:47:10,stop_point:SP_4961,Armentières,11
2307496,07:48:00,07:48:10,stop_point:SP_4720,Gonin,12
2307496,07:49:00,07:49:10,stop_point:SP_603,Piste des Géants,13
2307496,07:50:00,07:50:10,stop_point:SP_340,Bréguet,14
2307496,07:51:00,07:51:10,stop_point:SP_2304,Tahiti,15
2307496,07:53:00,07:53:10,stop_point:SP_2562,Garin,16
2307496,07:55:00,07:55:10,stop_point:SP_2590,Ledormeur,17
2307496,07:56:00,07:56:10,stop_point:SP_3494,Allègre,18
2307496,07:57:00,07:57:10,stop_point:SP_1206,Mont Ventoux,19
2307496,07:58:00,07:58:10,stop_point:SP_1860,Firmis,20
2307496,07:59:00,07:59:10,stop_point:SP_2799,Baroux,21
2307496,08:00:00,08:00:10,stop_point:SP_718,Jacinthes,22
2307496,08:00:00,08:00:10,stop_point:SP_2225,Balansa,23
2307496,08:01:00,08:01:10,stop_point:SP_3505,Limayrac,24
2307496,08:02:00,08:02:10,stop_point:SP_258,Lafilaire,25
2307496,08:02:00,08:02:10,stop_point:SP_3381,Av. Raymond Naves,26
2307496,08:04:00,08:04:10,stop_point:SP_993,Achiary,27
2307496,08:05:00,08:05:10,stop_point:SP_3477,Jean Chaubet,28
2307496,08:06:00,08:06:10,stop_point:SP_2259,Coquille,29
2307496,08:07:00,08:07:10,stop_point:SP_3648,Soupetard Salonique,30
2307496,08:08:00,08:08:10,stop_point:SP_3569,Heredia,31
2307496,08:09:00,08:09:10,stop_point:SP_1024,Chaumière,32
2307496,08:11:00,08:11:10,stop_point:SP_3200,Jolimont,33
2307497,08:05:00,08:05:10,stop_point:SP_548,Ramonville,1
2307497,08:07:00,08:07:10,stop_point:SP_3112,Naturopole,2
2307497,08:08:00,08:08:10,stop_point:SP_3474,Sports Universitaires,3
2307497,08:09:00,08:09:10,stop_point:SP_3508,Giordano Bruno,4
2307497,08:10:00,08:10:10,stop_point:SP_1412,LAAS,5
2307497,08:11:00,08:11:10,stop_point:SP_3860,ENAC,6
2307497,08:12:00,08:12:10,stop_point:SP_3735,CNES- IAS,7
2307497,08:14:00,08:14:10,stop_point:SP_1844,Clément Ader,8
2307497,08:16:00,08:16:10,stop_point:SP_737,Rodier,9
2307497,08:16:00,08:16:10,stop_point:SP_875,Védrines,10
2307497,08:18:00,08:18:10,stop_point:SP_4961,Armentières,11
2307497,08:19:00,08:19:10,stop_point:SP_4720,Gonin,12
2307497,08:20:00,08:20:10,stop_point:SP_603,Piste des Géants,13
2307497,08:21:00,08:21:10,stop_point:SP_340,Bréguet,14
2307497,08:22:00,08:22:10,stop_point:SP_2304,Tahiti,15
2307497,08:24:00,08:24:10,stop_point:SP_2562,Garin,16
2307497,08:26:00,08:26:10,stop_point:SP_2590,Ledormeur,17
2307497,08:27:00,08:27:10,stop_point:SP_3494,Allègre,18
2307497,08:28:00,08:28:10,stop_point:SP_1206,Mont Ventoux,19
2307497,08:29:00,08:29:10,stop_point:SP_1860,Firmis,20
2307497,08:30:00,08:30:10,stop_point:SP_2799,Baroux,21
2307497,08:31:00,08:31:10,stop_point:SP_718,Jacinthes,22
2307497,08:31:00,08:31:10,stop_point:SP_2225,Balansa,23
2307497,08:32:00,08:32:10,stop_point:SP_3505,Limayrac,24
2307497,08:33:00,08:33:10,stop_point:SP_258,Lafilaire,25
2307497,08:33:00,08:33:10,stop_point:SP_3381,Av. Raymond Naves,26
2307497,08:35:00,08:35:10,stop_point:SP_993,Achiary,27
2307497,08:36:00,08:36:10,stop_point:SP_3477,Jean Chaubet,28
2307497,08:37:00,08:37:10,stop_point:SP_2259,Coquille,29
2307497,08:38:00,08:38:10,stop_point:SP_3648,Soupetard Salonique,30
2307497,08:40:00,08:40:10,stop_point:SP_3569,Heredia,31
2307497,08:41:00,08:41:10,stop_point:SP_1024,Chaumière,32
2307497,08:43:00,08:43:10,stop_point:SP_3200,Jolimont,33
2307498,08:35:00,08:35:10,stop_point:SP_548,Ramonville,1
2307498,08:37:00,08:37:10,stop_point:SP_3112,Naturopole,2
2307498,08:38:00,08:38:10,stop_point:SP_3474,Sports Universitaires,3
2307498,08:39:00,08:39:10,stop_point:SP_3508,Giordano Bruno,4
2307498,08:40:00,08:40:10,stop_point:SP_1412,LAAS,5
2307498,08:41:00,08:41:10,stop_point:SP_3860,ENAC,6
2307498,08:42:00,08:42:10,stop_point:SP_3735,CNES- IAS,7
2307498,08:44:00,08:44:10,stop_point:SP_1844,Clément Ader,8
2307498,08:46:00,08:46:10,stop_point:SP_737,Rodier,9
2307498,08:46:00,08:46:10,stop_point:SP_875,Védrines,10
2307498,08:48:00,08:48:10,stop_point:SP_4961,Armentières,11
2307498,08:49:00,08:49:10,stop_point:SP_4720,Gonin,12
2307498,08:50:00,08:50:10,stop_point:SP_603,Piste des Géants,13
2307498,08:51:00,08:51:10,stop_point:SP_340,Bréguet,14
2307498,08:52:00,08:52:10,stop_point:SP_2304,Tahiti,15
2307498,08:53:00,08:53:10,stop_point:SP_2562,Garin,16
2307498,08:55:00,08:55:10,stop_point:SP_2590,Ledormeur,17
2307498,08:56:00,08:56:10,stop_point:SP_3494,Allègre,18
2307498,08:57:00,08:57:10,stop_point:SP_1206,Mont Ventoux,19
2307498,08:58:00,08:58:10,stop_point:SP_1860,Firmis,20
2307498,08:59:00,08:59:10,stop_point:SP_2799,Baroux,21
2307498,09:00:00,09:00:10,stop_point:SP_718,Jacinthes,22
2307498,09:00:00,09:00:10,stop_point:SP_2225,Balansa,23
2307498,09:01:00,09:01:10,stop_point:SP_3505,Limayrac,24
2307498,09:02:00,09:02:10,stop_point:SP_258,Lafilaire,25
2307498,09:02:00,09:02:10,stop_point:SP_3381,Av. Raymond Naves,26
2307498,09:04:00,09:04:10,stop_point:SP_993,Achiary,27
2307498,09:05:00,09:05:10,stop_point:SP_3477,Jean Chaubet,28
2307498,09:06:00,09:06:10,stop_point:SP_2259,Coquille,29
2307498,09:07:00,09:07:10,stop_point:SP_3648,Soupetard Salonique,30
2307498,09:09:00,09:09:10,stop_point:SP_3569,Heredia,31
2307498,09:10:00,09:10:10,stop_point:SP_1024,Chaumière,32
2307498,09:12:00,09:12:10,stop_point:SP_3200,Jolimont,33
2307499,09:05:00,09:05:10,stop_point:SP_548,Ramonville,1
2307499,09:07:00,09:07:10,stop_point:SP_3112,Naturopole,2
2307499,09:08:00,09:08:10,stop_point:SP_3474,Sports Universitaires,3
2307499,09:09:00,09:09:10,stop_point:SP_3508,Giordano Bruno,4
2307499,09:10:00,09:10:10,stop_point:SP_1412,LAAS,5
2307499,09:11:00,09:11:10,stop_point:SP_3860,ENAC,6
2307499,09:12:00,09:12:10,stop_point:SP_3735,CNES- IAS,7
2307499,09:14:00,09:14:10,stop_point:SP_1844,Clément Ader,8
2307499,09:16:00,09:16:10,stop_point:SP_737,Rodier,9
2307499,09:16:00,09:16:10,stop_point:SP_875,Védrines,10
2307499,09:18:00,09:18:10,stop_point:SP_4961,Armentières,11
2307499,09:19:00,09:19:10,stop_point:SP_4720,Gonin,12
2307499,09:20:00,09:20:10,stop_point:SP_603,Piste des Géants,13
2307499,09:21:00,09:21:10,stop_point:SP_340,Bréguet,14
2307499,09:22:00,09:22:10,stop_point:SP_2304,Tahiti,15
2307499,09:23:00,09:23:10,stop_point:SP_2562,Garin,16
2307499,09:25:00,09:25:10,stop_point:SP_2590,Ledormeur,17
2307499,09:26:00,09:26:10,stop_point:SP_3494,Allègre,18
2307499,09:27:00,09:27:10,stop_point:SP_1206,Mont Ventoux,19
2307499,09:28:00,09:28:10,stop_point:SP_1860,Firmis,20
2307499,09:29:00,09:29:10,stop_point:SP_2799,Baroux,21
2307499,09:30:00,09:30:10,stop_point:SP_718,Jacinthes,22
2307499,09:30:00,09:30:10,stop_point:SP_2225,Balansa,23
2307499,09:31:00,09:31:10,stop_point:SP_3505,Limayrac,24
2307499,09:32:00,09:32:10,stop_point:SP_258,Lafilaire,25
2307499,09:32:00,09:32:10,stop_point:SP_3381,Av. Raymond Naves,26
2307499,09:34:00,09:34:10,stop_point:SP_993,Achiary,27
2307499,09:35:00,09:35:10,stop_point:SP_3477,Jean Chaubet,28
2307499,09:36:00,09:36:10,stop_point:SP_2259,Coquille,29
2307499,09:37:00,09:37:10,stop_point:SP_3648,Soupetard Salonique,30
2307499,09:39:00,09:39:10,stop_point:SP_3569,Heredia,31
2307499,09:40:00,09:40:10,stop_point:SP_1024,Chaumière,32
2307499,09:42:00,09:42:10,stop_point:SP_3200,Jolimont,33
2307500,09:35:00,09:35:10,stop_point:SP_548,Ramonville,1
2307500,09:37:00,09:37:10,stop_point:SP_3112,Naturopole,2
2307500,09:38:00,09:38:10,stop_point:SP_3474,Sports Universitaires,3
2307500,09:39:00,09:39:10,stop_point:SP_3508,Giordano Bruno,4
2307500,09:40:00,09:40:10,stop_point:SP_1412,LAAS,5
2307500,09:41:00,09:41:10,stop_point:SP_3860,ENAC,6
2307500,09:42:00,09:42:10,stop_point:SP_3735,CNES- IAS,7
2307500,09:44:00,09:44:10,stop_point:SP_1844,Clément Ader,8
2307500,09:46:00,09:46:10,stop_point:SP_737,Rodier,9
2307500,09:46:00,09:46:10,stop_point:SP_875,Védrines,10
2307500,09:48:00,09:48:10,stop_point:SP_4961,Armentières,11
2307500,09:49:00,09:49:10,stop_point:SP_4720,Gonin,12
2307500,09:50:00,09:50:10,stop_point:SP_603,Piste des Géants,13
2307500,09:51:00,09:51:10,stop_point:SP_340,Bréguet,14
2307500,09:52:00,09:52:10,stop_point:SP_2304,Tahiti,15
2307500,09:53:00,09:53:10,stop_point:SP_2562,Garin,16
2307500,09:55:00,09:55:10,stop_point:SP_2590,Ledormeur,17
2307500,09:56:00,09:56:10,stop_point:SP_3494,Allègre,18
2307500,09:57:00,09:57:10,stop_point:SP_1206,Mont Ventoux,19
2307500,09:58:00,09:58:10,stop_point:SP_1860,Firmis,20
2307500,09:59:00,09:59:10,stop_point:SP_2799,Baroux,21
2307500,10:00:00,10:00:10,stop_point:SP_718,Jacinthes,22
2307500,10:00:00,10:00:10,stop_point:SP_2225,Balansa,23
2307500,10:01:00,10:01:10,stop_point:SP_3505,Limayrac,24
2307500,10:02:00,10:02:10,stop_point:SP_258,Lafilaire,25
2307500,10:02:00,10:02:10,stop_point:SP_3381,Av. Raymond Naves,26
2307500,10:04:00,10:04:10,stop_point:SP_993,Achiary,27
2307500,10:05:00,10:05:10,stop_point:SP_3477,Jean Chaubet,28
2307500,10:06:00,10:06:10,stop_point:SP_2259,Coquille,29
2307500,10:07:00,10:07:10,stop_point:SP_3648,Soupetard Salonique,30
2307500,10:09:00,10:09:10,stop_point:SP_3569,Heredia,31
2307500,10:10:00,10:10:10,stop_point:SP_1024,Chaumière,32
2307500,10:12:00,10:12:10,stop_point:SP_3200,Jolimont,33
2307501,10:05:00,10:05:10,stop_point:SP_548,Ramonville,1
2307501,10:07:00,10:07:10,stop_point:SP_3112,Naturopole,2
2307501,10:08:00,10:08:10,stop_point:SP_3474,Sports Universitaires,3
2307501,10:09:00,10:09:10,stop_point:SP_3508,Giordano Bruno,4
2307501,10:10:00,10:10:10,stop_point:SP_1412,LAAS,5
2307501,10:11:00,10:11:10,stop_point:SP_3860,ENAC,6
2307501,10:12:00,10:12:10,stop_point:SP_3735,CNES- IAS,7
2307501,10:14:00,10:14:10,stop_point:SP_1844,Clément Ader,8
2307501,10:16:00,10:16:10,stop_point:SP_737,Rodier,9
2307501,10:16:00,10:16:10,stop_point:SP_875,Védrines,10
2307501,10:18:00,10:18:10,stop_point:SP_4961,Armentières,11
2307501,10:19:00,10:19:10,stop_point:SP_4720,Gonin,12
2307501,10:20:00,10:20:10,stop_point:SP_603,Piste des Géants,13
2307501,10:21:00,10:21:10,stop_point:SP_340,Bréguet,14
2307501,10:22:00,10:22:10,stop_point:SP_2304,Tahiti,15
2307501,10:23:00,10:23:10,stop_point:SP_2562,Garin,16
2307501,10:25:00,10:25:10,stop_point:SP_2590,Ledormeur,17
2307501,10:26:00,10:26:10,stop_point:SP_3494,Allègre,18
2307501,10:27:00,10:27:10,stop_point:SP_1206,Mont Ventoux,19
2307501,10:28:00,10:28:10,stop_point:SP_1860,Firmis,20
2307501,10:29:00,10:29:10,stop_point:SP_2799,Baroux,21
2307501,10:30:00,10:30:10,stop_point:SP_718,Jacinthes,22
2307501,10:30:00,10:30:10,stop_point:SP_2225,Balansa,23
2307501,10:31:00,10:31:10,stop_point:SP_3505,Limayrac,24
2307501,10:32:00,10:32:10,stop_point:SP_258,Lafilaire,25
2307501,10:32:00,10:32:10,stop_point:SP_3381,Av. Raymond Naves,26
2307501,10:34:00,10:34:10,stop_point:SP_993,Achiary,27
2307501,10:35:00,10:35:10,stop_point:SP_3477,Jean Chaubet,28
2307501,10:36:00,10:36:10,stop_point:SP_2259,Coquille,29
2307501,10:37:00,10:37:10,stop_point:SP_3648,Soupetard Salonique,30
2307501,10:39:00,10:39:10,stop_point:SP_3569,Heredia,31
2307501,10:40:00,10:40:10,stop_point:SP_1024,Chaumière,32
2307501,10:42:00,10:42:10,stop_point:SP_3200,Jolimont,33
2307502,10:35:00,10:35:10,stop_point:SP_548,Ramonville,1
2307502,10:37:00,10:37:10,stop_point:SP_3112,Naturopole,2
2307502,10:38:00,10:38:10,stop_point:SP_3474,Sports Universitaires,3
2307502,10:39:00,10:39:10,stop_point:SP_3508,Giordano Bruno,4
2307502,10:40:00,10:40:10,stop_point:SP_1412,LAAS,5
2307502,10:41:00,10:41:10,stop_point:SP_3860,ENAC,6
2307502,10:42:00,10:42:10,stop_point:SP_3735,CNES- IAS,7
2307502,10:44:00,10:44:10,stop_point:SP_1844,Clément Ader,8
2307502,10:46:00,10:46:10,stop_point:SP_737,Rodier,9
2307502,10:46:00,10:46:10,stop_point:SP_875,Védrines,10
2307502,10:48:00,10:48:10,stop_point:SP_4961,Armentières,11
2307502,10:49:00,10:49:10,stop_point:SP_4720,Gonin,12
2307502,10:50:00,10:50:10,stop_point:SP_603,Piste des Géants,13
2307502,10:51:00,10:51:10,stop_point:SP_340,Bréguet,14
2307502,10:52:00,10:52:10,stop_point:SP_2304,Tahiti,15
2307502,10:53:00,10:53:10,stop_point:SP_2562,Garin,16
2307502,10:55:00,10:55:10,stop_point:SP_2590,Ledormeur,17
2307502,10:56:00,10:56:10,stop_point:SP_3494,Allègre,18
2307502,10:57:00,10:57:10,stop_point:SP_1206,Mont Ventoux,19
2307502,10:58:00,10:58:10,stop_point:SP_1860,Firmis,20
2307502,10:59:00,10:59:10,stop_point:SP_2799,Baroux,21
2307502,11:00:00,11:00:10,stop_point:SP_718,Jacinthes,22
2307502,11:00:00,11:00:10,stop_point:SP_2225,Balansa,23
2307502,11:01:00,11:01:10,stop_point:SP_3505,Limayrac,24
2307502,11:02:00,11:02:10,stop_point:SP_258,Lafilaire,25
2307502,11:02:00,11:02:10,stop_point:SP_3381,Av. Raymond Naves,26
2307502,11:04:00,11:04:10,stop_point:SP_993,Achiary,27
2307502,11:05:00,11:05:10,stop_point:SP_3477,Jean Chaubet,28
2307502,11:06:00,11:06:10,stop_point:SP_2259,Coquille,29
2307502,11:07:00,11:07:10,stop_point:SP_3648,Soupetard Salonique,30
2307502,11:09:00,11:09:10,stop_point:SP_3569,Heredia,31
2307502,11:10:00,11:10:10,stop_point:SP_1024,Chaumière,32
2307502,11:12:00,11:12:10,stop_point:SP_3200,Jolimont,33
2307503,11:05:00,11:05:10,stop_point:SP_548,Ramonville,1
2307503,11:07:00,11:07:10,stop_point:SP_3112,Naturopole,2
2307503,11:08:00,11:08:10,stop_point:SP_3474,Sports Universitaires,3
2307503,11:09:00,11:09:10,stop_point:SP_3508,Giordano Bruno,4
2307503,11:10:00,11:10:10,stop_point:SP_1412,LAAS,5
2307503,11:11:00,11:11:10,stop_point:SP_3860,ENAC,6
2307503,11:12:00,11:12:10,stop_point:SP_3735,CNES- IAS,7
2307503,11:14:00,11:14:10,stop_point:SP_1844,Clément Ader,8
2307503,11:16:00,11:16:10,stop_point:SP_737,Rodier,9
2307503,11:16:00,11:16:10,stop_point:SP_875,Védrines,10
2307503,11:18:00,11:18:10,stop_point:SP_4961,Armentières,11
2307503,11:19:00,11:19:10,stop_point:SP_4720,Gonin,12
2307503,11:20:00,11:20:10,stop_point:SP_603,Piste des Géants,13
2307503,11:21:00,11:21:10,stop_point:SP_340,Bréguet,14
2307503,11:22:00,11:22:10,stop_point:SP_2304,Tahiti,15
2307503,11:23:00,11:23:10,stop_point:SP_2562,Garin,16
2307503,11:25:00,11:25:10,stop_point:SP_2590,Ledormeur,17
2307503,11:26:00,11:26:10,stop_point:SP_3494,Allègre,18
2307503,11:27:00,11:27:10,stop_point:SP_1206,Mont Ventoux,19
2307503,11:28:00,11:28:10,stop_point:SP_1860,Firmis,20
2307503,11:29:00,11:29:10,stop_point:SP_2799,Baroux,21
2307503,11:30:00,11:30:10,stop_point:SP_718,Jacinthes,22
2307503,11:30:00,11:30:10,stop_point:SP_2225,Balansa,23
2307503,11:31:00,11:31:10,stop_point:SP_3505,Limayrac,24
2307503,11:32:00,11:32:10,stop_point:SP_258,Lafilaire,25
2307503,11:32:00,11:32:10,stop_point:SP_3381,Av. Raymond Naves,26
2307503,11:34:00,11:34:10,stop_point:SP_993,Achiary,27
2307503,11:35:00,11:35:10,stop_point:SP_3477,Jean Chaubet,28
2307503,11:36:00,11:36:10,stop_point:SP_2259,Coquille,29
2307503,11:37:00,11:37:10,stop_point:SP_3648,Soupetard Salonique,30
2307503,11:39:00,11:39:10,stop_point:SP_3569,Heredia,31
2307503,11:40:00,11:40:10,stop_point:SP_1024,Chaumière,32
2307503,11:42:00,11:42:10,stop_point:SP_3200,Jolimont,33
2307504,11:35:00,11:35:10,stop_point:SP_548,Ramonville,1
2307504,11:37:00,11:37:10,stop_point:SP_3112,Naturopole,2
2307504,11:38:00,11:38:10,stop_point:SP_3474,Sports Universitaires,3
2307504,11:39:00,11:39:10,stop_point:SP_3508,Giordano Bruno,4
2307504,11:40:00,11:40:10,stop_point:SP_1412,LAAS,5
2307504,11:41:00,11:41:10,stop_point:SP_3860,ENAC,6
2307504,11:42:00,11:42:10,stop_point:SP_3735,CNES- IAS,7
2307504,11:44:00,11:44:10,stop_point:SP_1844,Clément Ader,8
2307504,11:46:00,11:46:10,stop_point:SP_737,Rodier,9
2307504,11:46:00,11:46:10,stop_point:SP_875,Védrines,10
2307504,11:48:00,11:48:10,stop_point:SP_4961,Armentières,11
2307504,11:49:00,11:49:10,stop_point:SP_4720,Gonin,12
2307504,11:50:00,11:50:10,stop_point:SP_603,Piste des Géants,13
2307504,11:51:00,11:51:10,stop_point:SP_340,Bréguet,14
2307504,11:52:00,11:52:10,stop_point:SP_2304,Tahiti,15
2307504,11:53:00,11:53:10,stop_point:SP_2562,Garin,16
2307504,11:55:00,11:55:10,stop_point:SP_2590,Ledormeur,17
2307504,11:56:00,11:56:10,stop_point:SP_3494,Allègre,18
2307504,11:57:00,11:57:10,stop_point:SP_1206,Mont Ventoux,19
2307504,11:58:00,11:58:10,stop_point:SP_1860,Firmis,20
2307504,11:59:00,11:59:10,stop_point:SP_2799,Baroux,21
2307504,12:00:00,12:00:10,stop_point:SP_718,Jacinthes,22
2307504,12:00:00,12:00:10,stop_point:SP_2225,Balansa,23
2307504,12:01:00,12:01:10,stop_point:SP_3505,Limayrac,24
2307504,12:02:00,12:02:10,stop_point:SP_258,Lafilaire,25
2307504,12:02:00,12:02:10,stop_point:SP_3381,Av. Raymond Naves,26
2307504,12:04:00,12:04:10,stop_point:SP_993,Achiary,27
2307504,12:05:00,12:05:10,stop_point:SP_3477,Jean Chaubet,28
2307504,12:06:00,12:06:10,stop_point:SP_2259,Coquille,29
2307504,12:07:00,12:07:10,stop_point:SP_3648,Soupetard Salonique,30
2307504,12:09:00,12:09:10,stop_point:SP_3569,Heredia,31
2307504,12:10:00,12:10:10,stop_point:SP_1024,Chaumière,32
2307504,12:12:00,12:12:10,stop_point:SP_3200,Jolimont,33
2307505,12:05:00,12:05:10,stop_point:SP_548,Ramonville,1
2307505,12:07:00,12:07:10,stop_point:SP_3112,Naturopole,2
2307505,12:08:00,12:08:10,stop_point:SP_3474,Sports Universitaires,3
2307505,12:09:00,12:09:10,stop_point:SP_3508,Giordano Bruno,4
2307505,12:10:00,12:10:10,stop_point:SP_1412,LAAS,5
2307505,12:11:00,12:11:10,stop_point:SP_3860,ENAC,6
2307505,12:12:00,12:12:10,stop_point:SP_3735,CNES- IAS,7
2307505,12:14:00,12:14:10,stop_point:SP_1844,Clément Ader,8
2307505,12:16:00,12:16:10,stop_point:SP_737,Rodier,9
2307505,12:16:00,12:16:10,stop_point:SP_875,Védrines,10
2307505,12:18:00,12:18:10,stop_point:SP_4961,Armentières,11
2307505,12:19:00,12:19:10,stop_point:SP_4720,Gonin,12
2307505,12:20:00,12:20:10,stop_point:SP_603,Piste des Géants,13
2307505,12:21:00,12:21:10,stop_point:SP_340,Bréguet,14
2307505,12:22:00,12:22:10,stop_point:SP_2304,Tahiti,15
2307505,12:23:00,12:23:10,stop_point:SP_2562,Garin,16
2307505,12:25:00,12:25:10,stop_point:SP_2590,Ledormeur,17
2307505,12:26:00,12:26:10,stop_point:SP_3494,Allègre,18
2307505,12:27:00,12:27:10,stop_point:SP_1206,Mont Ventoux,19
2307505,12:28:00,12:28:10,stop_point:SP_1860,Firmis,20
2307505,12:29:00,12:29:10,stop_point:SP_2799,Baroux,21
2307505,12:30:00,12:30:10,stop_point:SP_718,Jacinthes,22
2307505,12:30:00,12:30:10,stop_point:SP_2225,Balansa,23
2307505,12:31:00,12:31:10,stop_point:SP_3505,Limayrac,24
2307505,12:32:00,12:32:10,stop_point:SP_258,Lafilaire,25
2307505,12:32:00,12:32:10,stop_point:SP_3381,Av. Raymond Naves,26
2307505,12:34:00,12:34:10,stop_point:SP_993,Achiary,27
2307505,12:35:00,12:35:10,stop_point:SP_3477,Jean Chaubet,28
2307505,12:36:00,12:36:10,stop_point:SP_2259,Coquille,29
2307505,12:37:00,12:37:10,stop_point:SP_3648,Soupetard Salonique,30
2307505,12:39:00,12:39:10,stop_point:SP_3569,Heredia,31
2307505,12:40:00,12:40:10,stop_point:SP_1024,Chaumière,32
2307505,12:42:00,12:42:10,stop_point:SP_3200,Jolimont,33
2307506,12:35:00,12:35:10,stop_point:SP_548,Ramonville,1
2307506,12:37:00,12:37:10,stop_point:SP_3112,Naturopole,2
2307506,12:38:00,12:38:10,stop_point:SP_3474,Sports Universitaires,3
2307506,12:39:00,12:39:10,stop_point:SP_3508,Giordano Bruno,4
2307506,12:40:00,12:40:10,stop_point:SP_1412,LAAS,5
2307506,12:41:00,12:41:10,stop_point:SP_3860,ENAC,6
2307506,12:42:00,12:42:10,stop_point:SP_3735,CNES- IAS,7
2307506,12:44:00,12:44:10,stop_point:SP_1844,Clément Ader,8
2307506,12:46:00,12:46:10,stop_point:SP_737,Rodier,9
2307506,12:46:00,12:46:10,stop_point:SP_875,Védrines,10
2307506,12:48:00,12:48:10,stop_point:SP_4961,Armentières,11
2307506,12:49:00,12:49:10,stop_point:SP_4720,Gonin,12
2307506,12:50:00,12:50:10,stop_point:SP_603,Piste des Géants,13
2307506,12:51:00,12:51:10,stop_point:SP_340,Bréguet,14
2307506,12:52:00,12:52:10,stop_point:SP_2304,Tahiti,15
2307506,12:53:00,12:53:10,stop_point:SP_2562,Garin,16
2307506,12:55:00,12:55:10,stop_point:SP_2590,Ledormeur,17
2307506,12:56:00,12:56:10,stop_point:SP_3494,Allègre,18
2307506,12:57:00,12:57:10,stop_point:SP_1206,Mont Ventoux,19
2307506,12:58:00,12:58:10,stop_point:SP_1860,Firmis,20
2307506,12:59:00,12:59:10,stop_point:SP_2799,Baroux,21
2307506,13:00:00,13:00:10,stop_point:SP_718,Jacinthes,22
2307506,13:00:00,13:00:10,stop_point:SP_2225,Balansa,23
2307506,13:01:00,13:01:10,stop_point:SP_3505,Limayrac,24
2307506,13:02:00,13:02:10,stop_point:SP_258,Lafilaire,25
2307506,13:02:00,13:02:10,stop_point:SP_3381,Av. Raymond Naves,26
2307506,13:04:00,13:04:10,stop_point:SP_993,Achiary,27
2307506,13:05:00,13:05:10,stop_point:SP_3477,Jean Chaubet,28
2307506,13:06:00,13:06:10,stop_point:SP_2259,Coquille,29
2307506,13:07:00,13:07:10,stop_point:SP_3648,Soupetard Salonique,30
2307506,13:09:00,13:09:10,stop_point:SP_3569,Heredia,31
2307506,13:10:00,13:10:10,stop_point:SP_1024,Chaumière,32
2307506,13:12:00,13:12:10,stop_point:SP_3200,Jolimont,33
2307507,13:05:00,13:05:10,stop_point:SP_548,Ramonville,1
2307507,13:07:00,13:07:10,stop_point:SP_3112,Naturopole,2
2307507,13:08:00,13:08:10,stop_point:SP_3474,Sports Universitaires,3
2307507,13:09:00,13:09:10,stop_point:SP_3508,Giordano Bruno,4
2307507,13:10:00,13:10:10,stop_point:SP_1412,LAAS,5
2307507,13:11:00,13:11:10,stop_point:SP_3860,ENAC,6
2307507,13:12:00,13:12:10,stop_point:SP_3735,CNES- IAS,7
2307507,13:14:00,13:14:10,stop_point:SP_1844,Clément Ader,8
2307507,13:16:00,13:16:10,stop_point:SP_737,Rodier,9
2307507,13:16:00,13:16:10,stop_point:SP_875,Védrines,10
2307507,13:18:00,13:18:10,stop_point:SP_4961,Armentières,11
2307507,13:19:00,13:19:10,stop_point:SP_4720,Gonin,12
2307507,13:20:00,13:20:10,stop_point:SP_603,Piste des Géants,13
2307507,13:21:00,13:21:10,stop_point:SP_340,Bréguet,14
2307507,13:22:00,13:22:10,stop_point:SP_2304,Tahiti,15
2307507,13:23:00,13:23:10,stop_point:SP_2562,Garin,16
2307507,13:25:00,13:25:10,stop_point:SP_2590,Ledormeur,17
2307507,13:26:00,13:26:10,stop_point:SP_3494,Allègre,18
2307507,13:27:00,13:27:10,stop_point:SP_1206,Mont Ventoux,19
2307507,13:28:00,13:28:10,stop_point:SP_1860,Firmis,20
2307507,13:29:00,13:29:10,stop_point:SP_2799,Baroux,21
2307507,13:30:00,13:30:10,stop_point:SP_718,Jacinthes,22
2307507,13:30:00,13:30:10,stop_point:SP_2225,Balansa,23
2307507,13:31:00,13:31:10,stop_point:SP_3505,Limayrac,24
2307507,13:32:00,13:32:10,stop_point:SP_258,Lafilaire,25
2307507,13:32:00,13:32:10,stop_point:SP_3381,Av. Raymond Naves,26
2307507,13:34:00,13:34:10,stop_point:SP_993,Achiary,27
2307507,13:35:00,13:35:10,stop_point:SP_3477,Jean Chaubet,28
2307507,13:36:00,13:36:10,stop_point:SP_2259,Coquille,29
2307507,13:37:00,13:37:10,stop_point:SP_3648,Soupetard Salonique,30
2307507,13:39:00,13:39:10,stop_point:SP_3569,Heredia,31
2307507,13:40:00,13:40:10,stop_point:SP_1024,Chaumière,32
2307507,13:42:00,13:42:10,stop_point:SP_3200,Jolimont,33
2307508,13:35:00,13:35:10,stop_point:SP_548,Ramonville,1
2307508,13:37:00,13:37:10,stop_point:SP_3112,Naturopole,2
2307508,13:38:00,13:38:10,stop_point:SP_3474,Sports Universitaires,3
2307508,13:39:00,13:39:10,stop_point:SP_3508,Giordano Bruno,4
2307508,13:40:00,13:40:10,stop_point:SP_1412,LAAS,5
2307508,13:41:00,13:41:10,stop_point:SP_3860,ENAC,6
2307508,13:42:00,13:42:10,stop_point:SP_3735,CNES- IAS,7
2307508,13:44:00,13:44:10,stop_point:SP_1844,Clément Ader,8
2307508,13:46:00,13:46:10,stop_point:SP_737,Rodier,9
2307508,13:46:00,13:46:10,stop_point:SP_875,Védrines,10
2307508,13:48:00,13:48:10,stop_point:SP_4961,Armentières,11
2307508,13:49:00,13:49:10,stop_point:SP_4720,Gonin,12
2307508,13:50:00,13:50:10,stop_point:SP_603,Piste des Géants,13
2307508,13:51:00,13:51:10,stop_point:SP_340,Bréguet,14
2307508,13:52:00,13:52:10,stop_point:SP_2304,Tahiti,15
2307508,13:53:00,13:53:10,stop_point:SP_2562,Garin,16
2307508,13:55:00,13:55:10,stop_point:SP_2590,Ledormeur,17
2307508,13:56:00,13:56:10,stop_point:SP_3494,Allègre,18
2307508,13:57:00,13:57:10,stop_point:SP_1206,Mont Ventoux,19
2307508,13:58:00,13:58:10,stop_point:SP_1860,Firmis,20
2307508,13:59:00,13:59:10,stop_point:SP_2799,Baroux,21
2307508,14:00:00,14:00:10,stop_point:SP_718,Jacinthes,22
2307508,14:00:00,14:00:10,stop_point:SP_2225,Balansa,23
2307508,14:01:00,14:01:10,stop_point:SP_3505,Limayrac,24
2307508,14:02:00,14:02:10,stop_point:SP_258,Lafilaire,25
2307508,14:02:00,14:02:10,stop_point:SP_3381,Av. Raymond Naves,26
2307508,14:04:00,14:04:10,stop_point:SP_993,Achiary,27
2307508,14:05:00,14:05:10,stop_point:SP_3477,Jean Chaubet,28
2307508,14:06:00,14:06:10,stop_point:SP_2259,Coquille,29
2307508,14:07:00,14:07:10,stop_point:SP_3648,Soupetard Salonique,30
2307508,14:09:00,14:09:10,stop_point:SP_3569,Heredia,31
2307508,14:10:00,14:10:10,stop_point:SP_1024,Chaumière,32
2307508,14:12:00,14:12:10,stop_point:SP_3200,Jolimont,33
2307509,14:05:00,14:05:10,stop_point:SP_548,Ramonville,1
2307509,14:07:00,14:07:10,stop_point:SP_3112,Naturopole,2
2307509,14:08:00,14:08:10,stop_point:SP_3474,Sports Universitaires,3
2307509,14:09:00,14:09:10,stop_point:SP_3508,Giordano Bruno,4
2307509,14:10:00,14:10:10,stop_point:SP_1412,LAAS,5
2307509,14:11:00,14:11:10,stop_point:SP_3860,ENAC,6
2307509,14:12:00,14:12:10,stop_point:SP_3735,CNES- IAS,7
2307509,14:14:00,14:14:10,stop_point:SP_1844,Clément Ader,8
2307509,14:16:00,14:16:10,stop_point:SP_737,Rodier,9
2307509,14:16:00,14:16:10,stop_point:SP_875,Védrines,10
2307509,14:18:00,14:18:10,stop_point:SP_4961,Armentières,11
2307509,14:19:00,14:19:10,stop_point:SP_4720,Gonin,12
2307509,14:20:00,14:20:10,stop_point:SP_603,Piste des Géants,13
2307509,14:21:00,14:21:10,stop_point:SP_340,Bréguet,14
2307509,14:22:00,14:22:10,stop_point:SP_2304,Tahiti,15
2307509,14:23:00,14:23:10,stop_point:SP_2562,Garin,16
2307509,14:25:00,14:25:10,stop_point:SP_2590,Ledormeur,17
2307509,14:26:00,14:26:10,stop_point:SP_3494,Allègre,18
2307509,14:27:00,14:27:10,stop_point:SP_1206,Mont Ventoux,19
2307509,14:28:00,14:28:10,stop_point:SP_1860,Firmis,20
2307509,14:29:00,14:29:10,stop_point:SP_2799,Baroux,21
2307509,14:30:00,14:30:10,stop_point:SP_718,Jacinthes,22
2307509,14:30:00,14:30:10,stop_point:SP_2225,Balansa,23
2307509,14:31:00,14:31:10,stop_point:SP_3505,Limayrac,24
2307509,14:32:00,14:32:10,stop_point:SP_258,Lafilaire,25
2307509,14:32:00,14:32:10,stop_point:SP_3381,Av. Raymond Naves,26
2307509,14:34:00,14:34:10,stop_point:SP_993,Achiary,27
2307509,14:35:00,14:35:10,stop_point:SP_3477,Jean Chaubet,28
2307509,14:36:00,14:36:10,stop_point:SP_2259,Coquille,29
2307509,14:37:00,14:37:10,stop_point:SP_3648,Soupetard Salonique,30
2307509,14:39:00,14:39:10,stop_point:SP_3569,Heredia,31
2307509,14:40:00,14:40:10,stop_point:SP_1024,Chaumière,32
2307509,14:42:00,14:42:10,stop_point:SP_3200,Jolimont,33
2307510,14:25:00,14:25:10,stop_point:SP_548,Ramonville,1
2307510,14:27:00,14:27:10,stop_point:SP_3112,Naturopole,2
2307510,14:28:00,14:28:10,stop_point:SP_3474,Sports Universitaires,3
2307510,14:29:00,14:29:10,stop_point:SP_3508,Giordano Bruno,4
2307510,14:30:00,14:30:10,stop_point:SP_1412,LAAS,5
2307510,14:31:00,14:31:10,stop_point:SP_3860,ENAC,6
2307510,14:32:00,14:32:10,stop_point:SP_3735,CNES- IAS,7
2307510,14:34:00,14:34:10,stop_point:SP_1844,Clément Ader,8
2307510,14:36:00,14:36:10,stop_point:SP_737,Rodier,9
2307510,14:36:00,14:36:10,stop_point:SP_875,Védrines,10
2307510,14:38:00,14:38:10,stop_point:SP_4961,Armentières,11
2307510,14:39:00,14:39:10,stop_point:SP_4720,Gonin,12
2307510,14:40:00,14:40:10,stop_point:SP_603,Piste des Géants,13
2307510,14:41:00,14:41:10,stop_point:SP_340,Bréguet,14
2307510,14:42:00,14:42:10,stop_point:SP_2304,Tahiti,15
2307510,14:43:00,14:43:10,stop_point:SP_2562,Garin,16
2307510,14:45:00,14:45:10,stop_point:SP_2590,Ledormeur,17
2307510,14:46:00,14:46:10,stop_point:SP_3494,Allègre,18
2307510,14:47:00,14:47:10,stop_point:SP_1206,Mont Ventoux,19
2307510,14:48:00,14:48:10,stop_point:SP_1860,Firmis,20
2307510,14:49:00,14:49:10,stop_point:SP_2799,Baroux,21
2307510,14:50:00,14:50:10,stop_point:SP_718,Jacinthes,22
2307510,14:50:00,14:50:10,stop_point:SP_2225,Balansa,23
2307510,14:51:00,14:51:10,stop_point:SP_3505,Limayrac,24
2307510,14:52:00,14:52:10,stop_point:SP_258,Lafilaire,25
2307510,14:52:00,14:52:10,stop_point:SP_3381,Av. Raymond Naves,26
2307510,14:54:00,14:54:10,stop_point:SP_993,Achiary,27
2307510,14:55:00,14:55:10,stop_point:SP_3477,Jean Chaubet,28
2307510,14:56:00,14:56:10,stop_point:SP_2259,Coquille,29
2307510,14:57:00,14:57:10,stop_point:SP_3648,Soupetard Salonique,30
2307510,14:59:00,14:59:10,stop_point:SP_3569,Heredia,31
2307510,15:00:00,15:00:10,stop_point:SP_1024,Chaumière,32
2307510,15:02:00,15:02:10,stop_point:SP_3200,Jolimont,33
2307511,14:45:00,14:45:10,stop_point:SP_548,Ramonville,1
2307511,14:47:00,14:47:10,stop_point:SP_3112,Naturopole,2
2307511,14:48:00,14:48:10,stop_point:SP_3474,Sports Universitaires,3
2307511,14:49:00,14:49:10,stop_point:SP_3508,Giordano Bruno,4
2307511,14:50:00,14:50:10,stop_point:SP_1412,LAAS,5
2307511,14:51:00,14:51:10,stop_point:SP_3860,ENAC,6
2307511,14:52:00,14:52:10,stop_point:SP_3735,CNES- IAS,7
2307511,14:54:00,14:54:10,stop_point:SP_1844,Clément Ader,8
2307511,14:56:00,14:56:10,stop_point:SP_737,Rodier,9
2307511,14:56:00,14:56:10,stop_point:SP_875,Védrines,10
2307511,14:58:00,14:58:10,stop_point:SP_4961,Armentières,11
2307511,14:59:00,14:59:10,stop_point:SP_4720,Gonin,12
2307511,15:00:00,15:00:10,stop_point:SP_603,Piste des Géants,13
2307511,15:01:00,15:01:10,stop_point:SP_340,Bréguet,14
2307511,15:02:00,15:02:10,stop_point:SP_2304,Tahiti,15
2307511,15:03:00,15:03:10,stop_point:SP_2562,Garin,16
2307511,15:05:00,15:05:10,stop_point:SP_2590,Ledormeur,17
2307511,15:06:00,15:06:10,stop_point:SP_3494,Allègre,18
2307511,15:07:00,15:07:10,stop_point:SP_1206,Mont Ventoux,19
2307511,15:08:00,15:08:10,stop_point:SP_1860,Firmis,20
2307511,15:09:00,15:09:10,stop_point:SP_2799,Baroux,21
2307511,15:10:00,15:10:10,stop_point:SP_718,Jacinthes,22
2307511,15:10:00,15:10:10,stop_point:SP_2225,Balansa,23
2307511,15:11:00,15:11:10,stop_point:SP_3505,Limayrac,24
2307511,15:12:00,15:12:10,stop_point:SP_258,Lafilaire,25
2307511,15:12:00,15:12:10,stop_point:SP_3381,Av. Raymond Naves,26
2307511,15:14:00,15:14:10,stop_point:SP_993,Achiary,27
2307511,15:15:00,15:15:10,stop_point:SP_3477,Jean Chaubet,28
2307511,15:16:00,15:16:10,stop_point:SP_2259,Coquille,29
2307511,15:17:00,15:17:10,stop_point:SP_3648,Soupetard Salonique,30
2307511,15:19:00,15:19:10,stop_point:SP_3569,Heredia,31
2307511,15:20:00,15:20:10,stop_point:SP_1024,Chaumière,32
2307511,15:22:00,15:22:10,stop_point:SP_3200,Jolimont,33
2307512,15:05:00,15:05:10,stop_point:SP_548,Ramonville,1
2307512,15:07:00,15:07:10,stop_point:SP_3112,Naturopole,2
2307512,15:08:00,15:08:10,stop_point:SP_3474,Sports Universitaires,3
2307512,15:09:00,15:09:10,stop_point:SP_3508,Giordano Bruno,4
2307512,15:10:00,15:10:10,stop_point:SP_1412,LAAS,5
2307512,15:11:00,15:11:10,stop_point:SP_3860,ENAC,6
2307512,15:12:00,15:12:10,stop_point:SP_3735,CNES- IAS,7
2307512,15:14:00,15:14:10,stop_point:SP_1844,Clément Ader,8
2307512,15:15:00,15:15:10,stop_point:SP_737,Rodier,9
2307512,15:16:00,15:16:10,stop_point:SP_875,Védrines,10
2307512,15:17:00,15:17:10,stop_point:SP_4961,Armentières,11
2307512,15:18:00,15:18:10,stop_point:SP_4720,Gonin,12
2307512,15:19:00,15:19:10,stop_point:SP_603,Piste des Géants,13
2307512,15:20:00,15:20:10,stop_point:SP_340,Bréguet,14
2307512,15:21:00,15:21:10,stop_point:SP_2304,Tahiti,15
2307512,15:22:00,15:22:10,stop_point:SP_2562,Garin,16
2307512,15:24:00,15:24:10,stop_point:SP_2590,Ledormeur,17
2307512,15:25:00,15:25:10,stop_point:SP_3494,Allègre,18
2307512,15:26:00,15:26:10,stop_point:SP_1206,Mont Ventoux,19
2307512,15:27:00,15:27:10,stop_point:SP_1860,Firmis,20
2307512,15:28:00,15:28:10,stop_point:SP_2799,Baroux,21
2307512,15:29:00,15:29:10,stop_point:SP_718,Jacinthes,22
2307512,15:29:00,15:29:10,stop_point:SP_2225,Balansa,23
2307512,15:30:00,15:30:10,stop_point:SP_3505,Limayrac,24
2307512,15:31:00,15:31:10,stop_point:SP_258,Lafilaire,25
2307512,15:31:00,15:31:10,stop_point:SP_3381,Av. Raymond Naves,26
2307512,15:33:00,15:33:10,stop_point:SP_993,Achiary,27
2307512,15:34:00,15:34:10,stop_point:SP_3477,Jean Chaubet,28
2307512,15:35:00,15:35:10,stop_point:SP_2259,Coquille,29
2307512,15:36:00,15:36:10,stop_point:SP_3648,Soupetard Salonique,30
2307512,15:38:00,15:38:10,stop_point:SP_3569,Heredia,31
2307512,15:39:00,15:39:10,stop_point:SP_1024,Chaumière,32
2307512,15:41:00,15:41:10,stop_point:SP_3200,Jolimont,33
2307513,15:25:00,15:25:10,stop_point:SP_548,Ramonville,1
2307513,15:27:00,15:27:10,stop_point:SP_3112,Naturopole,2
2307513,15:28:00,15:28:10,stop_point:SP_3474,Sports Universitaires,3
2307513,15:29:00,15:29:10,stop_point:SP_3508,Giordano Bruno,4
2307513,15:30:00,15:30:10,stop_point:SP_1412,LAAS,5
2307513,15:31:00,15:31:10,stop_point:SP_3860,ENAC,6
2307513,15:32:00,15:32:10,stop_point:SP_3735,CNES- IAS,7
2307513,15:34:00,15:34:10,stop_point:SP_1844,Clément Ader,8
2307513,15:35:00,15:35:10,stop_point:SP_737,Rodier,9
2307513,15:36:00,15:36:10,stop_point:SP_875,Védrines,10
2307513,15:37:00,15:37:10,stop_point:SP_4961,Armentières,11
2307513,15:38:00,15:38:10,stop_point:SP_4720,Gonin,12
2307513,15:39:00,15:39:10,stop_point:SP_603,Piste des Géants,13
2307513,15:40:00,15:40:10,stop_point:SP_340,Bréguet,14
2307513,15:41:00,15:41:10,stop_point:SP_2304,Tahiti,15
2307513,15:42:00,15:42:10,stop_point:SP_2562,Garin,16
2307513,15:44:00,15:44:10,stop_point:SP_2590,Ledormeur,17
2307513,15:45:00,15:45:10,stop_point:SP_3494,Allègre,18
2307513,15:46:00,15:46:10,stop_point:SP_1206,Mont Ventoux,19
2307513,15:47:00,15:47:10,stop_point:SP_1860,Firmis,20
2307513,15:48:00,15:48:10,stop_point:SP_2799,Baroux,21
2307513,15:49:00,15:49:10,stop_point:SP_718,Jacinthes,22
2307513,15:49:00,15:49:10,stop_point:SP_2225,Balansa,23
2307513,15:50:00,15:50:10,stop_point:SP_3505,Limayrac,24
2307513,15:51:00,15:51:10,stop_point:SP_258,Lafilaire,25
2307513,15:51:00,15:51:10,stop_point:SP_3381,Av. Raymond Naves,26
2307513,15:53:00,15:53:10,stop_point:SP_993,Achiary,27
2307513,15:54:00,15:54:10,stop_point:SP_3477,Jean Chaubet,28
2307513,15:55:00,15:55:10,stop_point:SP_2259,Coquille,29
2307513,15:56:00,15:56:10,stop_point:SP_3648,Soupetard Salonique,30
2307513,15:58:00,15:58:10,stop_point:SP_3569,Heredia,31
2307513,15:59:00,15:59:10,stop_point:SP_1024,Chaumière,32
2307513,16:01:00,16:01:10,stop_point:SP_3200,Jolimont,33
2307514,15:45:00,15:45:10,stop_point:SP_548,Ramonville,1
2307514,15:47:00,15:47:10,stop_point:SP_3112,Naturopole,2
2307514,15:48:00,15:48:10,stop_point:SP_3474,Sports Universitaires,3
2307514,15:49:00,15:49:10,stop_point:SP_3508,Giordano Bruno,4
2307514,15:50:00,15:50:10,stop_point:SP_1412,LAAS,5
2307514,15:51:00,15:51:10,stop_point:SP_3860,ENAC,6
2307514,15:52:00,15:52:10,stop_point:SP_3735,CNES- IAS,7
2307514,15:54:00,15:54:10,stop_point:SP_1844,Clément Ader,8
2307514,15:55:00,15:55:10,stop_point:SP_737,Rodier,9
2307514,15:56:00,15:56:10,stop_point:SP_875,Védrines,10
2307514,15:57:00,15:57:10,stop_point:SP_4961,Armentières,11
2307514,15:58:00,15:58:10,stop_point:SP_4720,Gonin,12
2307514,15:59:00,15:59:10,stop_point:SP_603,Piste des Géants,13
2307514,16:00:00,16:00:10,stop_point:SP_340,Bréguet,14
2307514,16:01:00,16:01:10,stop_point:SP_2304,Tahiti,15
2307514,16:02:00,16:02:10,stop_point:SP_2562,Garin,16
2307514,16:04:00,16:04:10,stop_point:SP_2590,Ledormeur,17
2307514,16:05:00,16:05:10,stop_point:SP_3494,Allègre,18
2307514,16:06:00,16:06:10,stop_point:SP_1206,Mont Ventoux,19
2307514,16:07:00,16:07:10,stop_point:SP_1860,Firmis,20
2307514,16:08:00,16:08:10,stop_point:SP_2799,Baroux,21
2307514,16:09:00,16:09:10,stop_point:SP_718,Jacinthes,22
2307514,16:09:00,16:09:10,stop_point:SP_2225,Balansa,23
2307514,16:10:00,16:10:10,stop_point:SP_3505,Limayrac,24
2307514,16:11:00,16:11:10,stop_point:SP_258,Lafilaire,25
2307514,16:11:00,16:11:10,stop_point:SP_3381,Av. Raymond Naves,26
2307514,16:13:00,16:13:10,stop_point:SP_993,Achiary,27
2307514,16:14:00,16:14:10,stop_point:SP_3477,Jean Chaubet,28
2307514,16:15:00,16:15:10,stop_point:SP_2259,Coquille,29
2307514,16:16:00,16:16:10,stop_point:SP_3648,Soupetard Salonique,30
2307514,16:18:00,16:18:10,stop_point:SP_3569,Heredia,31
2307514,16:19:00,16:19:10,stop_point:SP_1024,Chaumière,32
2307514,16:21:00,16:21:10,stop_point:SP_3200,Jolimont,33
2307515,16:05:00,16:05:10,stop_point:SP_548,Ramonville,1
2307515,16:07:00,16:07:10,stop_point:SP_3112,Naturopole,2
2307515,16:08:00,16:08:10,stop_point:SP_3474,Sports Universitaires,3
2307515,16:09:00,16:09:10,stop_point:SP_3508,Giordano Bruno,4
2307515,16:10:00,16:10:10,stop_point:SP_1412,LAAS,5
2307515,16:11:00,16:11:10,stop_point:SP_3860,ENAC,6
2307515,16:12:00,16:12:10,stop_point:SP_3735,CNES- IAS,7
2307515,16:14:00,16:14:10,stop_point:SP_1844,Clément Ader,8
2307515,16:15:00,16:15:10,stop_point:SP_737,Rodier,9
2307515,16:16:00,16:16:10,stop_point:SP_875,Védrines,10
2307515,16:17:00,16:17:10,stop_point:SP_4961,Armentières,11
2307515,16:18:00,16:18:10,stop_point:SP_4720,Gonin,12
2307515,16:19:00,16:19:10,stop_point:SP_603,Piste des Géants,13
2307515,16:20:00,16:20:10,stop_point:SP_340,Bréguet,14
2307515,16:21:00,16:21:10,stop_point:SP_2304,Tahiti,15
2307515,16:22:00,16:22:10,stop_point:SP_2562,Garin,16
2307515,16:24:00,16:24:10,stop_point:SP_2590,Ledormeur,17
2307515,16:25:00,16:25:10,stop_point:SP_3494,Allègre,18
2307515,16:26:00,16:26:10,stop_point:SP_1206,Mont Ventoux,19
2307515,16:27:00,16:27:10,stop_point:SP_1860,Firmis,20
2307515,16:28:00,16:28:10,stop_point:SP_2799,Baroux,21
2307515,16:29:00,16:29:10,stop_point:SP_718,Jacinthes,22
2307515,16:29:00,16:29:10,stop_point:SP_2225,Balansa,23
2307515,16:30:00,16:30:10,stop_point:SP_3505,Limayrac,24
2307515,16:31:00,16:31:10,stop_point:SP_258,Lafilaire,25
2307515,16:31:00,16:31:10,stop_point:SP_3381,Av. Raymond Naves,26
2307515,16:33:00,16:33:10,stop_point:SP_993,Achiary,27
2307515,16:34:00,16:34:10,stop_point:SP_3477,Jean Chaubet,28
2307515,16:35:00,16:35:10,stop_point:SP_2259,Coquille,29
2307515,16:36:00,16:36:10,stop_point:SP_3648,Soupetard Salonique,30
2307515,16:38:00,16:38:10,stop_point:SP_3569,Heredia,31
2307515,16:39:00,16:39:10,stop_point:SP_1024,Chaumière,32
2307515,16:41:00,16:41:10,stop_point:SP_3200,Jolimont,33
2307516,16:25:00,16:25:10,stop_point:SP_548,Ramonville,1
2307516,16:27:00,16:27:10,stop_point:SP_3112,Naturopole,2
2307516,16:28:00,16:28:10,stop_point:SP_3474,Sports Universitaires,3
2307516,16:29:00,16:29:10,stop_point:SP_3508,Giordano Bruno,4
2307516,16:30:00,16:30:10,stop_point:SP_1412,LAAS,5
2307516,16:31:00,16:31:10,stop_point:SP_3860,ENAC,6
2307516,16:32:00,16:32:10,stop_point:SP_3735,CNES- IAS,7
2307516,16:34:00,16:34:10,stop_point:SP_1844,Clément Ader,8
2307516,16:35:00,16:35:10,stop_point:SP_737,Rodier,9
2307516,16:36:00,16:36:10,stop_point:SP_875,Védrines,10
2307516,16:37:00,16:37:10,stop_point:SP_4961,Armentières,11
2307516,16:38:00,16:38:10,stop_point:SP_4720,Gonin,12
2307516,16:39:00,16:39:10,stop_point:SP_603,Piste des Géants,13
2307516,16:40:00,16:40:10,stop_point:SP_340,Bréguet,14
2307516,16:41:00,16:41:10,stop_point:SP_2304,Tahiti,15
2307516,16:42:00,16:42:10,stop_point:SP_2562,Garin,16
2307516,16:44:00,16:44:10,stop_point:SP_2590,Ledormeur,17
2307516,16:45:00,16:45:10,stop_point:SP_3494,Allègre,18
2307516,16:46:00,16:46:10,stop_point:SP_1206,Mont Ventoux,19
2307516,16:47:00,16:47:10,stop_point:SP_1860,Firmis,20
2307516,16:48:00,16:48:10,stop_point:SP_2799,Baroux,21
2307516,16:49:00,16:49:10,stop_point:SP_718,Jacinthes,22
2307516,16:49:00,16:49:10,stop_point:SP_2225,Balansa,23
2307516,16:50:00,16:50:10,stop_point:SP_3505,Limayrac,24
2307516,16:51:00,16:51:10,stop_point:SP_258,Lafilaire,25
2307516,16:51:00,16:51:10,stop_point:SP_3381,Av. Raymond Naves,26
2307516,16:53:00,16:53:10,stop_point:SP_993,Achiary,27
2307516,16:54:00,16:54:10,stop_point:SP_3477,Jean Chaubet,28
2307516,16:55:00,16:55:10,stop_point:SP_2259,Coquille,29
2307516,16:56:00,16:56:10,stop_point:SP_3648,Soupetard Salonique,30
2307516,16:58:00,16:58:10,stop_point:SP_3569,Heredia,31
2307516,16:59:00,16:59:10,stop_point:SP_1024,Chaumière,32
2307516,17:01:00,17:01:10,stop_point:SP_3200,Jolimont,33
2307517,16:45:00,16:45:10,stop_point:SP_548,Ramonville,1
2307517,16:47:00,16:47:10,stop_point:SP_3112,Naturopole,2
2307517,16:48:00,16:48:10,stop_point:SP_3474,Sports Universitaires,3
2307517,16:49:00,16:49:10,stop_point:SP_3508,Giordano Bruno,4
2307517,16:50:00,16:50:10,stop_point:SP_1412,LAAS,5
2307517,16:51:00,16:51:10,stop_point:SP_3860,ENAC,6
2307517,16:52:00,16:52:10,stop_point:SP_3735,CNES- IAS,7
2307517,16:54:00,16:54:10,stop_point:SP_1844,Clément Ader,8
2307517,16:55:00,16:55:10,stop_point:SP_737,Rodier,9
2307517,16:56:00,16:56:10,stop_point:SP_875,Védrines,10
2307517,16:57:00,16:57:10,stop_point:SP_4961,Armentières,11
2307517,16:58:00,16:58:10,stop_point:SP_4720,Gonin,12
2307517,16:59:00,16:59:10,stop_point:SP_603,Piste des Géants,13
2307517,17:00:00,17:00:10,stop_point:SP_340,Bréguet,14
2307517,17:01:00,17:01:10,stop_point:SP_2304,Tahiti,15
2307517,17:02:00,17:02:10,stop_point:SP_2562,Garin,16
2307517,17:04:00,17:04:10,stop_point:SP_2590,Ledormeur,17
2307517,17:05:00,17:05:10,stop_point:SP_3494,Allègre,18
2307517,17:06:00,17:06:10,stop_point:SP_1206,Mont Ventoux,19
2307517,17:07:00,17:07:10,stop_point:SP_1860,Firmis,20
2307517,17:08:00,17:08:10,stop_point:SP_2799,Baroux,21
2307517,17:09:00,17:09:10,stop_point:SP_718,Jacinthes,22
2307517,17:09:00,17:09:10,stop_point:SP_2225,Balansa,23
2307517,17:10:00,17:10:10,stop_point:SP_3505,Limayrac,24
2307517,17:11:00,17:11:10,stop_point:SP_258,Lafilaire,25
2307517,17:11:00,17:11:10,stop_point:SP_3381,Av. Raymond Naves,26
2307517,17:13:00,17:13:10,stop_point:SP_993,Achiary,27
2307517,17:14:00,17:14:10,stop_point:SP_3477,Jean Chaubet,28
2307517,17:15:00,17:15:10,stop_point:SP_2259,Coquille,29
2307517,17:16:00,17:16:10,stop_point:SP_3648,Soupetard Salonique,30
2307517,17:18:00,17:18:10,stop_point:SP_3569,Heredia,31
2307517,17:19:00,17:19:10,stop_point:SP_1024,Chaumière,32
2307517,17:21:00,17:21:10,stop_point:SP_3200,Jolimont,33
2307518,17:05:00,17:05:10,stop_point:SP_548,Ramonville,1
2307518,17:07:00,17:07:10,stop_point:SP_3112,Naturopole,2
2307518,17:08:00,17:08:10,stop_point:SP_3474,Sports Universitaires,3
2307518,17:09:00,17:09:10,stop_point:SP_3508,Giordano Bruno,4
2307518,17:10:00,17:10:10,stop_point:SP_1412,LAAS,5
2307518,17:11:00,17:11:10,stop_point:SP_3860,ENAC,6
2307518,17:12:00,17:12:10,stop_point:SP_3735,CNES- IAS,7
2307518,17:14:00,17:14:10,stop_point:SP_1844,Clément Ader,8
2307518,17:15:00,17:15:10,stop_point:SP_737,Rodier,9
2307518,17:16:00,17:16:10,stop_point:SP_875,Védrines,10
2307518,17:17:00,17:17:10,stop_point:SP_4961,Armentières,11
2307518,17:18:00,17:18:10,stop_point:SP_4720,Gonin,12
2307518,17:19:00,17:19:10,stop_point:SP_603,Piste des Géants,13
2307518,17:20:00,17:20:10,stop_point:SP_340,Bréguet,14
2307518,17:21:00,17:21:10,stop_point:SP_2304,Tahiti,15
2307518,17:22:00,17:22:10,stop_point:SP_2562,Garin,16
2307518,17:24:00,17:24:10,stop_point:SP_2590,Ledormeur,17
2307518,17:25:00,17:25:10,stop_point:SP_3494,Allègre,18
2307518,17:26:00,17:26:10,stop_point:SP_1206,Mont Ventoux,19
2307518,17:27:00,17:27:10,stop_point:SP_1860,Firmis,20
2307518,17:28:00,17:28:10,stop_point:SP_2799,Baroux,21
2307518,17:29:00,17:29:10,stop_point:SP_718,Jacinthes,22
2307518,17:29:00,17:29:10,stop_point:SP_2225,Balansa,23
2307518,17:30:00,17:30:10,stop_point:SP_3505,Limayrac,24
2307518,17:31:00,17:31:10,stop_point:SP_258,Lafilaire,25
2307518,17:31:00,17:31:10,stop_point:SP_3381,Av. Raymond Naves,26
2307518,17:33:00,17:33:10,stop_point:SP_993,Achiary,27
2307518,17:34:00,17:34:10,stop_point:SP_3477,Jean Chaubet,28
2307518,17:35:00,17:35:10,stop_point:SP_2259,Coquille,29
2307518,17:36:00,17:36:10,stop_point:SP_3648,Soupetard Salonique,30
2307518,17:38:00,17:38:10,stop_point:SP_3569,Heredia,31
2307518,17:39:00,17:39:10,stop_point:SP_1024,Chaumière,32
2307518,17:41:00,17:41:10,stop_point:SP_3200,Jolimont,33
2307519,17:25:00,17:25:10,stop_point:SP_548,Ramonville,1
2307519,17:27:00,17:27:10,stop_point:SP_3112,Naturopole,2
2307519,17:28:00,17:28:10,stop_point:SP_3474,Sports Universitaires,3
2307519,17:29:00,17:29:10,stop_point:SP_3508,Giordano Bruno,4
2307519,17:30:00,17:30:10,stop_point:SP_1412,LAAS,5
2307519,17:31:00,17:31:10,stop_point:SP_3860,ENAC,6
2307519,17:32:00,17:32:10,stop_point:SP_3735,CNES- IAS,7
2307519,17:34:00,17:34:10,stop_point:SP_1844,Clément Ader,8
2307519,17:35:00,17:35:10,stop_point:SP_737,Rodier,9
2307519,17:36:00,17:36:10,stop_point:SP_875,Védrines,10
2307519,17:37:00,17:37:10,stop_point:SP_4961,Armentières,11
2307519,17:38:00,17:38:10,stop_point:SP_4720,Gonin,12
2307519,17:39:00,17:39:10,stop_point:SP_603,Piste des Géants,13
2307519,17:40:00,17:40:10,stop_point:SP_340,Bréguet,14
2307519,17:41:00,17:41:10,stop_point:SP_2304,Tahiti,15
2307519,17:42:00,17:42:10,stop_point:SP_2562,Garin,16
2307519,17:44:00,17:44:10,stop_point:SP_2590,Ledormeur,17
2307519,17:45:00,17:45:10,stop_point:SP_3494,Allègre,18
2307519,17:46:00,17:46:10,stop_point:SP_1206,Mont Ventoux,19
2307519,17:47:00,17:47:10,stop_point:SP_1860,Firmis,20
2307519,17:48:00,17:48:10,stop_point:SP_2799,Baroux,21
2307519,17:49:00,17:49:10,stop_point:SP_718,Jacinthes,22
2307519,17:49:00,17:49:10,stop_point:SP_2225,Balansa,23
2307519,17:50:00,17:50:10,stop_point:SP_3505,Limayrac,24
2307519,17:51:00,17:51:10,stop_point:SP_258,Lafilaire,25
2307519,17:51:00,17:51:10,stop_point:SP_3381,Av. Raymond Naves,26
2307519,17:53:00,17:53:10,stop_point:SP_993,Achiary,27
2307519,17:54:00,17:54:10,stop_point:SP_3477,Jean Chaubet,28
2307519,17:55:00,17:55:10,stop_point:SP_2259,Coquille,29
2307519,17:56:00,17:56:10,stop_point:SP_3648,Soupetard Salonique,30
2307519,17:58:00,17:58:10,stop_point:SP_3569,Heredia,31
2307519,17:59:00,17:59:10,stop_point:SP_1024,Chaumière,32
2307519,18:01:00,18:01:10,stop_point:SP_3200,Jolimont,33
2307520,17:45:00,17:45:10,stop_point:SP_548,Ramonville,1
2307520,17:47:00,17:47:10,stop_point:SP_3112,Naturopole,2
2307520,17:48:00,17:48:10,stop_point:SP_3474,Sports Universitaires,3
2307520,17:49:00,17:49:10,stop_point:SP_3508,Giordano Bruno,4
2307520,17:50:00,17:50:10,stop_point:SP_1412,LAAS,5
2307520,17:51:00,17:51:10,stop_point:SP_3860,ENAC,6
2307520,17:52:00,17:52:10,stop_point:SP_3735,CNES- IAS,7
2307520,17:54:00,17:54:10,stop_point:SP_1844,Clément Ader,8
2307520,17:55:00,17:55:10,stop_point:SP_737,Rodier,9
2307520,17:56:00,17:56:10,stop_point:SP_875,Védrines,10
2307520,17:57:00,17:57:10,stop_point:SP_4961,Armentières,11
2307520,17:58:00,17:58:10,stop_point:SP_4720,Gonin,12
2307520,17:59:00,17:59:10,stop_point:SP_603,Piste des Géants,13
2307520,18:00:00,18:00:10,stop_point:SP_340,Bréguet,14
2307520,18:01:00,18:01:10,stop_point:SP_2304,Tahiti,15
2307520,18:02:00,18:02:10,stop_point:SP_2562,Garin,16
2307520,18:04:00,18:04:10,stop_point:SP_2590,Ledormeur,17
2307520,18:05:00,18:05:10,stop_point:SP_3494,Allègre,18
2307520,18:06:00,18:06:10,stop_point:SP_1206,Mont Ventoux,19
2307520,18:07:00,18:07:10,stop_point:SP_1860,Firmis,20
2307520,18:08:00,18:08:10,stop_point:SP_2799,Baroux,21
2307520,18:09:00,18:09:10,stop_point:SP_718,Jacinthes,22
2307520,18:09:00,18:09:10,stop_point:SP_2225,Balansa,23
2307520,18:10:00,18:10:10,stop_point:SP_3505,Limayrac,24
2307520,18:11:00,18:11:10,stop_point:SP_258,Lafilaire,25
2307520,18:11:00,18:11:10,stop_point:SP_3381,Av. Raymond Naves,26
2307520,18:13:00,18:13:10,stop_point:SP_993,Achiary,27
2307520,18:14:00,18:14:10,stop_point:SP_3477,Jean Chaubet,28
2307520,18:15:00,18:15:10,stop_point:SP_2259,Coquille,29
2307520,18:16:00,18:16:10,stop_point:SP_3648,Soupetard Salonique,30
2307520,18:18:00,18:18:10,stop_point:SP_3569,Heredia,31
2307520,18:19:00,18:19:10,stop_point:SP_1024,Chaumière,32
2307520,18:21:00,18:21:10,stop_point:SP_3200,Jolimont,33
2307521,18:05:00,18:05:10,stop_point:SP_548,Ramonville,1
2307521,18:07:00,18:07:10,stop_point:SP_3112,Naturopole,2
2307521,18:08:00,18:08:10,stop_point:SP_3474,Sports Universitaires,3
2307521,18:09:00,18:09:10,stop_point:SP_3508,Giordano Bruno,4
2307521,18:10:00,18:10:10,stop_point:SP_1412,LAAS,5
2307521,18:11:00,18:11:10,stop_point:SP_3860,ENAC,6
2307521,18:12:00,18:12:10,stop_point:SP_3735,CNES- IAS,7
2307521,18:14:00,18:14:10,stop_point:SP_1844,Clément Ader,8
2307521,18:15:00,18:15:10,stop_point:SP_737,Rodier,9
2307521,18:16:00,18:16:10,stop_point:SP_875,Védrines,10
2307521,18:17:00,18:17:10,stop_point:SP_4961,Armentières,11
2307521,18:18:00,18:18:10,stop_point:SP_4720,Gonin,12
2307521,18:19:00,18:19:10,stop_point:SP_603,Piste des Géants,13
2307521,18:20:00,18:20:10,stop_point:SP_340,Bréguet,14
2307521,18:21:00,18:21:10,stop_point:SP_2304,Tahiti,15
2307521,18:22:00,18:22:10,stop_point:SP_2562,Garin,16
2307521,18:24:00,18:24:10,stop_point:SP_2590,Ledormeur,17
2307521,18:25:00,18:25:10,stop_point:SP_3494,Allègre,18
2307521,18:26:00,18:26:10,stop_point:SP_1206,Mont Ventoux,19
2307521,18:27:00,18:27:10,stop_point:SP_1860,Firmis,20
2307521,18:28:00,18:28:10,stop_point:SP_2799,Baroux,21
2307521,18:29:00,18:29:10,stop_point:SP_718,Jacinthes,22
2307521,18:29:00,18:29:10,stop_point:SP_2225,Balansa,23
2307521,18:30:00,18:30:10,stop_point:SP_3505,Limayrac,24
2307521,18:31:00,18:31:10,stop_point:SP_258,Lafilaire,25
2307521,18:31:00,18:31:10,stop_point:SP_3381,Av. Raymond Naves,26
2307521,18:33:00,18:33:10,stop_point:SP_993,Achiary,27
2307521,18:34:00,18:34:10,stop_point:SP_3477,Jean Chaubet,28
2307521,18:35:00,18:35:10,stop_point:SP_2259,Coquille,29
2307521,18:36:00,18:36:10,stop_point:SP_3648,Soupetard Salonique,30
2307521,18:38:00,18:38:10,stop_point:SP_3569,Heredia,31
2307521,18:39:00,18:39:10,stop_point:SP_1024,Chaumière,32
2307521,18:41:00,18:41:10,stop_point:SP_3200,Jolimont,33
2307522,18:25:00,18:25:10,stop_point:SP_548,Ramonville,1
2307522,18:27:00,18:27:10,stop_point:SP_3112,Naturopole,2
2307522,18:28:00,18:28:10,stop_point:SP_3474,Sports Universitaires,3
2307522,18:29:00,18:29:10,stop_point:SP_3508,Giordano Bruno,4
2307522,18:30:00,18:30:10,stop_point:SP_1412,LAAS,5
2307522,18:31:00,18:31:10,stop_point:SP_3860,ENAC,6
2307522,18:32:00,18:32:10,stop_point:SP_3735,CNES- IAS,7
2307522,18:34:00,18:34:10,stop_point:SP_1844,Clément Ader,8
2307522,18:35:00,18:35:10,stop_point:SP_737,Rodier,9
2307522,18:36:00,18:36:10,stop_point:SP_875,Védrines,10
2307522,18:37:00,18:37:10,stop_point:SP_4961,Armentières,11
2307522,18:38:00,18:38:10,stop_point:SP_4720,Gonin,12
2307522,18:39:00,18:39:10,stop_point:SP_603,Piste des Géants,13
2307522,18:40:00,18:40:10,stop_point:SP_340,Bréguet,14
2307522,18:41:00,18:41:10,stop_point:SP_2304,Tahiti,15
2307522,18:42:00,18:42:10,stop_point:SP_2562,Garin,16
2307522,18:44:00,18:44:10,stop_point:SP_2590,Ledormeur,17
2307522,18:45:00,18:45:10,stop_point:SP_3494,Allègre,18
2307522,18:46:00,18:46:10,stop_point:SP_1206,Mont Ventoux,19
2307522,18:47:00,18:47:10,stop_point:SP_1860,Firmis,20
2307522,18:48:00,18:48:10,stop_point:SP_2799,Baroux,21
2307522,18:49:00,18:49:10,stop_point:SP_718,Jacinthes,22
2307522,18:49:00,18:49:10,stop_point:SP_2225,Balansa,23
2307522,18:50:00,18:50:10,stop_point:SP_3505,Limayrac,24
2307522,18:51:00,18:51:10,stop_point:SP_258,Lafilaire,25
2307522,18:51:00,18:51:10,stop_point:SP_3381,Av. Raymond Naves,26
2307522,18:53:00,18:53:10,stop_point:SP_993,Achiary,27
2307522,18:54:00,18:54:10,stop_point:SP_3477,Jean Chaubet,28
2307522,18:55:00,18:55:10,stop_point:SP_2259,Coquille,29
2307522,18:56:00,18:56:10,stop_point:SP_3648,Soupetard Salonique,30
2307522,18:58:00,18:58:10,stop_point:SP_3569,Heredia,31
2307522,18:59:00,18:59:10,stop_point:SP_1024,Chaumière,32
2307522,19:01:00,19:01:10,stop_point:SP_3200,Jolimont,33
2307523,18:45:00,18:45:10,stop_point:SP_548,Ramonville,1
2307523,18:47:00,18:47:10,stop_point:SP_3112,Naturopole,2
2307523,18:48:00,18:48:10,stop_point:SP_3474,Sports Universitaires,3
2307523,18:49:00,18:49:10,stop_point:SP_3508,Giordano Bruno,4
2307523,18:50:00,18:50:10,stop_point:SP_1412,LAAS,5
2307523,18:51:00,18:51:10,stop_point:SP_3860,ENAC,6
2307523,18:52:00,18:52:10,stop_point:SP_3735,CNES- IAS,7
2307523,18:54:00,18:54:10,stop_point:SP_1844,Clément Ader,8
2307523,18:55:00,18:55:10,stop_point:SP_737,Rodier,9
2307523,18:56:00,18:56:10,stop_point:SP_875,Védrines,10
2307523,18:57:00,18:57:10,stop_point:SP_4961,Armentières,11
2307523,18:58:00,18:58:10,stop_point:SP_4720,Gonin,12
2307523,18:59:00,18:59:10,stop_point:SP_603,Piste des Géants,13
2307523,19:00:00,19:00:10,stop_point:SP_340,Bréguet,14
2307523,19:01:00,19:01:10,stop_point:SP_2304,Tahiti,15
2307523,19:02:00,19:02:10,stop_point:SP_2562,Garin,16
2307523,19:04:00,19:04:10,stop_point:SP_2590,Ledormeur,17
2307523,19:05:00,19:05:10,stop_point:SP_3494,Allègre,18
2307523,19:06:00,19:06:10,stop_point:SP_1206,Mont Ventoux,19
2307523,19:07:00,19:07:10,stop_point:SP_1860,Firmis,20
2307523,19:08:00,19:08:10,stop_point:SP_2799,Baroux,21
2307523,19:09:00,19:09:10,stop_point:SP_718,Jacinthes,22
2307523,19:09:00,19:09:10,stop_point:SP_2225,Balansa,23
2307523,19:10:00,19:10:10,stop_point:SP_3505,Limayrac,24
2307523,19:11:00,19:11:10,stop_point:SP_258,Lafilaire,25
2307523,19:11:00,19:11:10,stop_point:SP_3381,Av. Raymond Naves,26
2307523,19:13:00,19:13:10,stop_point:SP_993,Achiary,27
2307523,19:14:00,19:14:10,stop_point:SP_3477,Jean Chaubet,28
2307523,19:15:00,19:15:10,stop_point:SP_2259,Coquille,29
2307523,19:16:00,19:16:10,stop_point:SP_3648,Soupetard Salonique,30
2307523,19:18:00,19:18:10,stop_point:SP_3569,Heredia,31
2307523,19:19:00,19:19:10,stop_point:SP_1024,Chaumière,32
2307523,19:21:00,19:21:10,stop_point:SP_3200,Jolimont,33
2307524,19:05:00,19:05:10,stop_point:SP_548,Ramonville,1
2307524,19:07:00,19:07:10,stop_point:SP_3112,Naturopole,2
2307524,19:08:00,19:08:10,stop_point:SP_3474,Sports Universitaires,3
2307524,19:09:00,19:09:10,stop_point:SP_3508,Giordano Bruno,4
2307524,19:10:00,19:10:10,stop_point:SP_1412,LAAS,5
2307524,19:11:00,19:11:10,stop_point:SP_3860,ENAC,6
2307524,19:12:00,19:12:10,stop_point:SP_3735,CNES- IAS,7
2307524,19:14:00,19:14:10,stop_point:SP_1844,Clément Ader,8
2307524,19:15:00,19:15:10,stop_point:SP_737,Rodier,9
2307524,19:16:00,19:16:10,stop_point:SP_875,Védrines,10
2307524,19:17:00,19:17:10,stop_point:SP_4961,Armentières,11
2307524,19:18:00,19:18:10,stop_point:SP_4720,Gonin,12
2307524,19:19:00,19:19:10,stop_point:SP_603,Piste des Géants,13
2307524,19:20:00,19:20:10,stop_point:SP_340,Bréguet,14
2307524,19:21:00,19:21:10,stop_point:SP_2304,Tahiti,15
2307524,19:22:00,19:22:10,stop_point:SP_2562,Garin,16
2307524,19:24:00,19:24:10,stop_point:SP_2590,Ledormeur,17
2307524,19:25:00,19:25:10,stop_point:SP_3494,Allègre,18
2307524,19:26:00,19:26:10,stop_point:SP_1206,Mont Ventoux,19
2307524,19:27:00,19:27:10,stop_point:SP_1860,Firmis,20
2307524,19:28:00,19:28:10,stop_point:SP_2799,Baroux,21
2307524,19:29:00,19:29:10,stop_point:SP_718,Jacinthes,22
2307524,19:29:00,19:29:10,stop_point:SP_2225,Balansa,23
2307524,19:30:00,19:30:10,stop_point:SP_3505,Limayrac,24
2307524,19:31:00,19:31:10,stop_point:SP_258,Lafilaire,25
2307524,19:31:00,19:31:10,stop_point:SP_3381,Av. Raymond Naves,26
2307524,19:33:00,19:33:10,stop_point:SP_993,Achiary,27
2307524,19:34:00,19:34:10,stop_point:SP_3477,Jean Chaubet,28
2307524,19:35:00,19:35:10,stop_point:SP_2259,Coquille,29
2307524,19:36:00,19:36:10,stop_point:SP_3648,Soupetard Salonique,30
2307524,19:37:00,19:37:10,stop_point:SP_3569,Heredia,31
2307524,19:38:00,19:38:10,stop_point:SP_1024,Chaumière,32
2307524,19:40:00,19:40:10,stop_point:SP_3200,Jolimont,33
2307525,19:30:00,19:30:10,stop_point:SP_548,Ramonville,1
2307525,19:32:00,19:32:10,stop_point:SP_3112,Naturopole,2
2307525,19:33:00,19:33:10,stop_point:SP_3474,Sports Universitaires,3
2307525,19:34:00,19:34:10,stop_point:SP_3508,Giordano Bruno,4
2307525,19:35:00,19:35:10,stop_point:SP_1412,LAAS,5
2307525,19:36:00,19:36:10,stop_point:SP_3860,ENAC,6
2307525,19:37:00,19:37:10,stop_point:SP_3735,CNES- IAS,7
2307525,19:39:00,19:39:10,stop_point:SP_1844,Clément Ader,8
2307525,19:40:00,19:40:10,stop_point:SP_737,Rodier,9
2307525,19:41:00,19:41:10,stop_point:SP_875,Védrines,10
2307525,19:42:00,19:42:10,stop_point:SP_4961,Armentières,11
2307525,19:43:00,19:43:10,stop_point:SP_4720,Gonin,12
2307525,19:44:00,19:44:10,stop_point:SP_603,Piste des Géants,13
2307525,19:45:00,19:45:10,stop_point:SP_340,Bréguet,14
2307525,19:46:00,19:46:10,stop_point:SP_2304,Tahiti,15
2307525,19:47:00,19:47:10,stop_point:SP_2562,Garin,16
2307525,19:49:00,19:49:10,stop_point:SP_2590,Ledormeur,17
2307525,19:50:00,19:50:10,stop_point:SP_3494,Allègre,18
2307525,19:51:00,19:51:10,stop_point:SP_1206,Mont Ventoux,19
2307525,19:52:00,19:52:10,stop_point:SP_1860,Firmis,20
2307525,19:53:00,19:53:10,stop_point:SP_2799,Baroux,21
2307525,19:54:00,19:54:10,stop_point:SP_718,Jacinthes,22
2307525,19:54:00,19:54:10,stop_point:SP_2225,Balansa,23
2307525,19:55:00,19:55:10,stop_point:SP_3505,Limayrac,24
2307525,19:56:00,19:56:10,stop_point:SP_258,Lafilaire,25
2307525,19:56:00,19:56:10,stop_point:SP_3381,Av. Raymond Naves,26
2307525,19:58:00,19:58:10,stop_point:SP_993,Achiary,27
2307525,19:59:00,19:59:10,stop_point:SP_3477,Jean Chaubet,28
2307525,20:00:00,20:00:10,stop_point:SP_2259,Coquille,29
2307525,20:01:00,20:01:10,stop_point:SP_3648,Soupetard Salonique,30
2307525,20:02:00,20:02:10,stop_point:SP_3569,Heredia,31
2307525,20:03:00,20:03:10,stop_point:SP_1024,Chaumière,32
2307525,20:05:00,20:05:10,stop_point:SP_3200,Jolimont,33
2307526,20:05:00,20:05:10,stop_point:SP_548,Ramonville,1
2307526,20:07:00,20:07:10,stop_point:SP_3112,Naturopole,2
2307526,20:08:00,20:08:10,stop_point:SP_3474,Sports Universitaires,3
2307526,20:09:00,20:09:10,stop_point:SP_3508,Giordano Bruno,4
2307526,20:10:00,20:10:10,stop_point:SP_1412,LAAS,5
2307526,20:11:00,20:11:10,stop_point:SP_3860,ENAC,6
2307526,20:12:00,20:12:10,stop_point:SP_3735,CNES- IAS,7
2307526,20:14:00,20:14:10,stop_point:SP_1844,Clément Ader,8
2307526,20:15:00,20:15:10,stop_point:SP_737,Rodier,9
2307526,20:16:00,20:16:10,stop_point:SP_875,Védrines,10
2307526,20:17:00,20:17:10,stop_point:SP_4961,Armentières,11
2307526,20:18:00,20:18:10,stop_point:SP_4720,Gonin,12
2307526,20:19:00,20:19:10,stop_point:SP_603,Piste des Géants,13
2307526,20:19:00,20:19:10,stop_point:SP_340,Bréguet,14
2307526,20:20:00,20:20:10,stop_point:SP_2304,Tahiti,15
2307526,20:21:00,20:21:10,stop_point:SP_2562,Garin,16
2307526,20:23:00,20:23:10,stop_point:SP_2590,Ledormeur,17
2307526,20:24:00,20:24:10,stop_point:SP_3494,Allègre,18
2307526,20:25:00,20:25:10,stop_point:SP_1206,Mont Ventoux,19
2307526,20:26:00,20:26:10,stop_point:SP_1860,Firmis,20
2307526,20:27:00,20:27:10,stop_point:SP_2799,Baroux,21
2307526,20:28:00,20:28:10,stop_point:SP_718,Jacinthes,22
2307526,20:28:00,20:28:10,stop_point:SP_2225,Balansa,23
2307526,20:29:00,20:29:10,stop_point:SP_3505,Limayrac,24
2307526,20:30:00,20:30:10,stop_point:SP_258,Lafilaire,25
2307526,20:30:00,20:30:10,stop_point:SP_3381,Av. Raymond Naves,26
2307526,20:32:00,20:32:10,stop_point:SP_993,Achiary,27
2307526,20:33:00,20:33:10,stop_point:SP_3477,Jean Chaubet,28
2307526,20:34:00,20:34:10,stop_point:SP_2259,Coquille,29
2307526,20:35:00,20:35:10,stop_point:SP_3648,Soupetard Salonique,30
2307526,20:36:00,20:36:10,stop_point:SP_3569,Heredia,31
2307526,20:37:00,20:37:10,stop_point:SP_1024,Chaumière,32
2307526,20:39:00,20:39:10,stop_point:SP_3200,Jolimont,33
2307527,20:40:00,20:40:10,stop_point:SP_548,Ramonville,1
2307527,20:42:00,20:42:10,stop_point:SP_3112,Naturopole,2
2307527,20:43:00,20:43:10,stop_point:SP_3474,Sports Universitaires,3
2307527,20:44:00,20:44:10,stop_point:SP_3508,Giordano Bruno,4
2307527,20:45:00,20:45:10,stop_point:SP_1412,LAAS,5
2307527,20:46:00,20:46:10,stop_point:SP_3860,ENAC,6
2307527,20:47:00,20:47:10,stop_point:SP_3735,CNES- IAS,7
2307527,20:49:00,20:49:10,stop_point:SP_1844,Clément Ader,8
2307527,20:50:00,20:50:10,stop_point:SP_737,Rodier,9
2307527,20:51:00,20:51:10,stop_point:SP_875,Védrines,10
2307527,20:52:00,20:52:10,stop_point:SP_4961,Armentières,11
2307527,20:53:00,20:53:10,stop_point:SP_4720,Gonin,12
2307527,20:54:00,20:54:10,stop_point:SP_603,Piste des Géants,13
2307527,20:54:00,20:54:10,stop_point:SP_340,Bréguet,14
2307527,20:55:00,20:55:10,stop_point:SP_2304,Tahiti,15
2307527,20:56:00,20:56:10,stop_point:SP_2562,Garin,16
2307527,20:58:00,20:58:10,stop_point:SP_2590,Ledormeur,17
2307527,20:59:00,20:59:10,stop_point:SP_3494,Allègre,18
2307527,21:00:00,21:00:10,stop_point:SP_1206,Mont Ventoux,19
2307527,21:01:00,21:01:10,stop_point:SP_1860,Firmis,20
2307527,21:02:00,21:02:10,stop_point:SP_2799,Baroux,21
2307527,21:03:00,21:03:10,stop_point:SP_718,Jacinthes,22
2307527,21:03:00,21:03:10,stop_point:SP_2225,Balansa,23
2307527,21:04:00,21:04:10,stop_point:SP_3505,Limayrac,24
2307527,21:05:00,21:05:10,stop_point:SP_258,Lafilaire,25
2307527,21:05:00,21:05:10,stop_point:SP_3381,Av. Raymond Naves,26
2307527,21:07:00,21:07:10,stop_point:SP_993,Achiary,27
2307527,21:08:00,21:08:10,stop_point:SP_3477,Jean Chaubet,28
2307527,21:09:00,21:09:10,stop_point:SP_2259,Coquille,29
2307527,21:10:00,21:10:10,stop_point:SP_3648,Soupetard Salonique,30
2307527,21:11:00,21:11:10,stop_point:SP_3569,Heredia,31
2307527,21:12:00,21:12:10,stop_point:SP_1024,Chaumière,32
2307527,21:14:00,21:14:10,stop_point:SP_3200,Jolimont,33
