trip_id,arrival_time,departure_time,stop_id,stop_name,stop_sequence
2291211,06:00:00,06:00:10,stop_point:SP_4007,Basso Cambo,1
2291211,06:01:00,06:01:10,stop_point:SP_1298,Place Bouillière,2
2291211,06:03:00,06:03:10,stop_point:SP_5,Desnos,3
2291211,06:03:00,06:03:10,stop_point:SP_334,Ourliac,4
2291211,06:04:00,06:04:10,stop_point:SP_5102,Lestang,5
2291211,06:05:00,06:05:10,stop_point:SP_1357,René Valmy,6
2291211,06:06:00,06:06:10,stop_point:SP_2042,Eisenhower Est,7
2291211,06:07:00,06:07:10,stop_point:SP_3730,Perpignan,8
2291211,06:07:00,06:07:10,stop_point:SP_3467,Thibaud,9
2291211,06:10:00,06:10:10,stop_point:SP_3258,Larrieu,10
2291211,06:11:00,06:11:10,stop_point:SP_265,Clairfont,11
2291211,06:12:00,06:12:10,stop_point:SP_1374,Frênes,12
2291211,06:13:00,06:13:10,stop_point:SP_2247,Claire Fontaine,13
2291211,06:13:00,06:13:10,stop_point:SP_4000,Ecole Récébédou,14
2291211,06:14:00,06:14:10,stop_point:SP_2566,Ctre Cial Portet - Entrée 5,15
2291211,06:15:00,06:15:10,stop_point:SP_2478,Saliège,16
2291211,06:16:00,06:16:10,stop_point:SP_814,Boulodrome,17
2291211,06:17:00,06:17:10,stop_point:SP_2141,Collège de Portet,18
2291211,06:18:00,06:18:10,stop_point:SP_2439,Piscine,19
2291211,06:19:00,06:19:10,stop_point:SP_3831,Occitanie,20
2291211,06:20:00,06:20:10,stop_point:SP_1947,Commerce,21
2291211,06:21:00,06:21:10,stop_point:SP_1897,Bosquets,22
2291211,06:21:00,06:21:10,stop_point:SP_1127,Désiré,23
2291211,06:21:00,06:21:10,stop_point:SP_1779,Poste de Portet,24
2291211,06:22:00,06:22:10,stop_point:SP_3136,Mairie Portet,25
2291211,06:22:00,06:22:10,stop_point:SP_2155,Ateliers Municipaux,26
2291211,06:23:00,06:23:10,stop_point:SP_11,Gauguin,27
2291211,06:24:00,06:24:10,stop_point:SP_3190,Clemenceau,28
2291211,06:24:00,06:24:10,stop_point:SP_2601,Lot. Impérial,29
2291211,06:25:00,06:25:10,stop_point:SP_3709,Portet H. Boucher,30
2291212,06:35:00,06:35:10,stop_point:SP_4007,Basso Cambo,1
2291212,06:36:00,06:36:10,stop_point:SP_1298,Place Bouillière,2
2291212,06:38:00,06:38:10,stop_point:SP_5,Desnos,3
2291212,06:38:00,06:38:10,stop_point:SP_334,Ourliac,4
2291212,06:39:00,06:39:10,stop_point:SP_5102,Lestang,5
2291212,06:40:00,06:40:10,stop_point:SP_1357,René Valmy,6
2291212,06:41:00,06:41:10,stop_point:SP_2042,Eisenhower Est,7
2291212,06:42:00,06:42:10,stop_point:SP_3730,Perpignan,8
2291212,06:42:00,06:42:10,stop_point:SP_3467,Thibaud,9
2291212,06:46:00,06:46:10,stop_point:SP_3258,Larrieu,10
2291212,06:47:00,06:47:10,stop_point:SP_265,Clairfont,11
2291212,06:48:00,06:48:10,stop_point:SP_1374,Frênes,12
2291212,06:49:00,06:49:10,stop_point:SP_2247,Claire Fontaine,13
2291212,06:49:00,06:49:10,stop_point:SP_4000,Ecole Récébédou,14
2291212,06:50:00,06:50:10,stop_point:SP_2566,Ctre Cial Portet - Entrée 5,15
2291212,06:51:00,06:51:10,stop_point:SP_2478,Saliège,16
2291212,06:52:00,06:52:10,stop_point:SP_814,Boulodrome,17
2291212,06:53:00,06:53:10,stop_point:SP_2141,Collège de Portet,18
2291212,06:54:00,06:54:10,stop_point:SP_2439,Piscine,19
2291212,06:55:00,06:55:10,stop_point:SP_3831,Occitanie,20
2291212,06:56:00,06:56:10,stop_point:SP_1947,Commerce,21
2291212,06:57:00,06:57:10,stop_point:SP_1897,Bosquets,22
2291212,06:57:00,06:57:10,stop_point:SP_1127,Désiré,23
2291212,06:57:00,06:57:10,stop_point:SP_1779,Poste de Portet,24
2291212,06:58:00,06:58:10,stop_point:SP_3136,Mairie Portet,25
2291212,06:58:00,06:58:10,stop_point:SP_2155,Ateliers Municipaux,26
2291212,06:59:00,06:59:10,stop_point:SP_11,Gauguin,27
2291212,07:00:00,07:00:10,stop_point:SP_3190,Clemenceau,28
2291212,07:00:00,07:00:10,stop_point:SP_2601,Lot. Impérial,29
2291212,07:01:00,07:01:10,stop_point:SP_3709,Portet H. Boucher,30
2291213,06:55:00,06:55:10,stop_point:SP_4007,Basso Cambo,1
2291213,06:56:00,06:56:10,stop_point:SP_1298,Place Bouillière,2
2291213,06:58:00,06:58:10,stop_point:SP_5,Desnos,3
2291213,06:59:00,06:59:10,stop_point:SP_334,Ourliac,4
2291213,07:00:00,07:00:10,stop_point:SP_5102,Lestang,5
2291213,07:01:00,07:01:10,stop_point:SP_1357,René Valmy,6
2291213,07:02:00,07:02:10,stop_point:SP_2042,Eisenhower Est,7
2291213,07:03:00,07:03:10,stop_point:SP_3730,Perpignan,8
2291213,07:03:00,07:03:10,stop_point:SP_3467,Thibaud,9
2291213,07:07:00,07:07:10,stop_point:SP_3258,Larrieu,10
2291213,07:08:00,07:08:10,stop_point:SP_265,Clairfont,11
2291213,07:09:00,07:09:10,stop_point:SP_1374,Frênes,12
2291213,07:10:00,07:10:10,stop_point:SP_2247,Claire Fontaine,13
2291213,07:10:00,07:10:10,stop_point:SP_4000,Ecole Récébédou,14
2291213,07:11:00,07:11:10,stop_point:SP_2566,Ctre Cial Portet - Entrée 5,15
2291213,07:12:00,07:12:10,stop_point:SP_2478,Saliège,16
2291213,07:13:00,07:13:10,stop_point:SP_814,Boulodrome,17
2291213,07:14:00,07:14:10,stop_point:SP_2141,Collège de Portet,18
2291213,07:15:00,07:15:10,stop_point:SP_2439,Piscine,19
2291213,07:16:00,07:16:10,stop_point:SP_3831,Occitanie,20
2291213,07:17:00,07:17:10,stop_point:SP_1947,Commerce,21
2291213,07:18:00,07:18:10,stop_point:SP_1897,Bosquets,22
2291213,07:18:00,07:18:10,stop_point:SP_1127,Désiré,23
2291213,07:18:00,07:18:10,stop_point:SP_1779,Poste de Portet,24
2291213,07:19:00,07:19:10,stop_point:SP_3136,Mairie Portet,25
2291213,07:19:00,07:19:10,stop_point:SP_2155,Ateliers Municipaux,26
2291213,07:20:00,07:20:10,stop_point:SP_11,Gauguin,27
2291213,07:21:00,07:21:10,stop_point:SP_3190,Clemenceau,28
2291213,07:21:00,07:21:10,stop_point:SP_2601,Lot. Impérial,29
2291213,07:22:00,07:22:10,stop_point:SP_3709,Portet H. Boucher,30
2291214,07:15:00,07:15:10,stop_point:SP_4007,Basso Cambo,1
2291214,07:16:00,07:16:10,stop_point:SP_1298,Place Bouillière,2
2291214,07:18:00,07:18:10,stop_point:SP_5,Desnos,3
2291214,07:19:00,07:19:10,stop_point:SP_334,Ourliac,4
2291214,07:20:00,07:20:10,stop_point:SP_5102,Lestang,5
2291214,07:21:00,07:21:10,stop_point:SP_1357,René Valmy,6
2291214,07:22:00,07:22:10,stop_point:SP_2042,Eisenhower Est,7
2291214,07:23:00,07:23:10,stop_point:SP_3730,Perpignan,8
2291214,07:24:00,07:24:10,stop_point:SP_3467,Thibaud,9
2291214,07:28:00,07:28:10,stop_point:SP_3258,Larrieu,10
2291214,07:30:00,07:30:10,stop_point:SP_265,Clairfont,11
2291214,07:31:00,07:31:10,stop_point:SP_1374,Frênes,12
2291214,07:32:00,07:32:10,stop_point:SP_2247,Claire Fontaine,13
2291214,07:33:00,07:33:10,stop_point:SP_4000,Ecole Récébédou,14
2291214,07:34:00,07:34:10,stop_point:SP_2566,Ctre Cial Portet - Entrée 5,15
2291214,07:35:00,07:35:10,stop_point:SP_2478,Saliège,16
2291214,07:36:00,07:36:10,stop_point:SP_814,Boulodrome,17
2291214,07:37:00,07:37:10,stop_point:SP_2141,Collège de Portet,18
2291214,07:38:00,07:38:10,stop_point:SP_2439,Piscine,19
2291214,07:39:00,07:39:10,stop_point:SP_3831,Occitanie,20
2291214,07:40:00,07:40:10,stop_point:SP_1947,Commerce,21
2291214,07:41:00,07:41:10,stop_point:SP_1897,Bosquets,22
2291214,07:41:00,07:41:10,stop_point:SP_1127,Désiré,23
2291214,07:41:00,07:41:10,stop_point:SP_1779,Poste de Portet,24
2291214,07:42:00,07:42:10,stop_point:SP_3136,Mairie Portet,25
2291214,07:42:00,07:42:10,stop_point:SP_2155,Ateliers Municipaux,26
2291214,07:43:00,07:43:10,stop_point:SP_11,Gauguin,27
2291214,07:44:00,07:44:10,stop_point:SP_3190,Clemenceau,28
2291214,07:44:00,07:44:10,stop_point:SP_2601,Lot. Impérial,29
2291214,07:45:00,07:45:10,stop_point:SP_3709,Portet H. Boucher,30
2291215,07:30:00,07:30:10,stop_point:SP_4007,Basso Cambo,1
2291215,07:31:00,07:31:10,stop_point:SP_1298,Place Bouillière,2
2291215,07:33:00,07:33:10,stop_point:SP_5,Desnos,3
2291215,07:34:00,07:34:10,stop_point:SP_334,Ourliac,4
2291215,07:35:00,07:35:10,stop_point:SP_5102,Lestang,5
2291215,07:36:00,07:36:10,stop_point:SP_1357,René Valmy,6
2291215,07:37:00,07:37:10,stop_point:SP_2042,Eisenhower Est,7
2291215,07:38:00,07:38:10,stop_point:SP_3730,Perpignan,8
2291215,07:39:00,07:39:10,stop_point:SP_3467,Thibaud,9
2291215,07:43:00,07:43:10,stop_point:SP_3258,Larrieu,10
2291215,07:45:00,07:45:10,stop_point:SP_265,Clairfont,11
2291215,07:46:00,07:46:10,stop_point:SP_1374,Frênes,12
2291215,07:47:00,07:47:10,stop_point:SP_2247,Claire Fontaine,13
2291215,07:48:00,07:48:10,stop_point:SP_4000,Ecole Récébédou,14
2291215,07:49:00,07:49:10,stop_point:SP_2566,Ctre Cial Portet - Entrée 5,15
2291215,07:50:00,07:50:10,stop_point:SP_2478,Saliège,16
2291215,07:51:00,07:51:10,stop_point:SP_814,Boulodrome,17
2291215,07:52:00,07:52:10,stop_point:SP_2141,Collège de Portet,18
2291215,07:53:00,07:53:10,stop_point:SP_2439,Piscine,19
2291215,07:54:00,07:54:10,stop_point:SP_3831,Occitanie,20
2291215,07:55:00,07:55:10,stop_point:SP_1947,Commerce,21
2291215,07:56:00,07:56:10,stop_point:SP_1897,Bosquets,22
2291215,07:56:00,07:56:10,stop_point:SP_1127,Désiré,23
2291215,07:56:00,07:56:10,stop_point:SP_1779,Poste de Portet,24
2291215,07:57:00,07:57:10,stop_point:SP_3136,Mairie Portet,25
2291215,07:57:00,07:57:10,stop_point:SP_2155,Ateliers Municipaux,26
2291215,07:58:00,07:58:10,stop_point:SP_11,Gauguin,27
2291215,07:59:00,07:59:10,stop_point:SP_3190,Clemenceau,28
2291215,07:59:00,07:59:10,stop_point:SP_2601,Lot. Impérial,29
2291215,08:00:00,08:00:10,stop_point:SP_3709,Portet H. Boucher,30
2291216,07:45:00,07:45:10,stop_point:SP_4007,Basso Cambo,1
2291216,07:46:00,07:46:10,stop_point:SP_1298,Place Bouillière,2
2291216,07:48:00,07:48:10,stop_point:SP_5,Desnos,3
2291216,07:49:00,07:49:10,stop_point:SP_334,Ourliac,4
2291216,07:50:00,07:50:10,stop_point:SP_5102,Lestang,5
2291216,07:51:00,07:51:10,stop_point:SP_1357,René Valmy,6
2291216,07:52:00,07:52:10,stop_point:SP_2042,Eisenhower Est,7
2291216,07:53:00,07:53:10,stop_point:SP_3730,Perpignan,8
2291216,07:54:00,07:54:10,stop_point:SP_3467,Thibaud,9
2291216,07:58:00,07:58:10,stop_point:SP_3258,Larrieu,10
2291216,08:00:00,08:00:10,stop_point:SP_265,Clairfont,11
2291216,08:01:00,08:01:10,stop_point:SP_1374,Frênes,12
2291216,08:02:00,08:02:10,stop_point:SP_2247,Claire Fontaine,13
2291216,08:02:00,08:02:10,stop_point:SP_4000,Ecole Récébédou,14
2291216,08:03:00,08:03:10,stop_point:SP_2566,Ctre Cial Portet - Entrée 5,15
2291216,08:04:00,08:04:10,stop_point:SP_2478,Saliège,16
2291216,08:05:00,08:05:10,stop_point:SP_814,Boulodrome,17
2291216,08:06:00,08:06:10,stop_point:SP_2141,Collège de Portet,18
2291216,08:07:00,08:07:10,stop_point:SP_2439,Piscine,19
2291216,08:08:00,08:08:10,stop_point:SP_3831,Occitanie,20
2291216,08:09:00,08:09:10,stop_point:SP_1947,Commerce,21
2291216,08:10:00,08:10:10,stop_point:SP_1897,Bosquets,22
2291216,08:10:00,08:10:10,stop_point:SP_1127,Désiré,23
2291216,08:10:00,08:10:10,stop_point:SP_1779,Poste de Portet,24
2291216,08:11:00,08:11:10,stop_point:SP_3136,Mairie Portet,25
2291216,08:11:00,08:11:10,stop_point:SP_2155,Ateliers Municipaux,26
2291216,08:12:00,08:12:10,stop_point:SP_11,Gauguin,27
2291216,08:13:00,08:13:10,stop_point:SP_3190,Clemenceau,28
2291216,08:13:00,08:13:10,stop_point:SP_2601,Lot. Impérial,29
2291216,08:14:00,08:14:10,stop_point:SP_3709,Portet H. Boucher,30
2291217,08:00:00,08:00:10,stop_point:SP_4007,Basso Cambo,1
2291217,08:01:00,08:01:10,stop_point:SP_1298,Place Bouillière,2
2291217,08:03:00,08:03:10,stop_point:SP_5,Desnos,3
2291217,08:04:00,08:04:10,stop_point:SP_334,Ourliac,4
2291217,08:05:00,08:05:10,stop_point:SP_5102,Lestang,5
2291217,08:06:00,08:06:10,stop_point:SP_1357,René Valmy,6
2291217,08:07:00,08:07:10,stop_point:SP_2042,Eisenhower Est,7
2291217,08:08:00,08:08:10,stop_point:SP_3730,Perpignan,8
2291217,08:09:00,08:09:10,stop_point:SP_3467,Thibaud,9
2291217,08:13:00,08:13:10,stop_point:SP_3258,Larrieu,10
2291217,08:15:00,08:15:10,stop_point:SP_265,Clairfont,11
2291217,08:16:00,08:16:10,stop_point:SP_1374,Frênes,12
2291217,08:17:00,08:17:10,stop_point:SP_2247,Claire Fontaine,13
2291217,08:17:00,08:17:10,stop_point:SP_4000,Ecole Récébédou,14
2291217,08:18:00,08:18:10,stop_point:SP_2566,Ctre Cial Portet - Entrée 5,15
2291217,08:19:00,08:19:10,stop_point:SP_2478,Saliège,16
2291217,08:20:00,08:20:10,stop_point:SP_814,Boulodrome,17
2291217,08:21:00,08:21:10,stop_point:SP_2141,Collège de Portet,18
2291217,08:22:00,08:22:10,stop_point:SP_2439,Piscine,19
2291217,08:23:00,08:23:10,stop_point:SP_3831,Occitanie,20
2291217,08:24:00,08:24:10,stop_point:SP_1947,Commerce,21
2291217,08:25:00,08:25:10,stop_point:SP_1897,Bosquets,22
2291217,08:25:00,08:25:10,stop_point:SP_1127,Désiré,23
2291217,08:25:00,08:25:10,stop_point:SP_1779,Poste de Portet,24
2291217,08:26:00,08:26:10,stop_point:SP_3136,Mairie Portet,25
2291217,08:26:00,08:26:10,stop_point:SP_2155,Ateliers Municipaux,26
2291217,08:27:00,08:27:10,stop_point:SP_11,Gauguin,27
2291217,08:28:00,08:28:10,stop_point:SP_3190,Clemenceau,28
2291217,08:28:00,08:28:10,stop_point:SP_2601,Lot. Impérial,29
2291217,08:29:00,08:29:10,stop_point:SP_3709,Portet H. Boucher,30
2291218,08:15:00,08:15:10,stop_point:SP_4007,Basso Cambo,1
2291218,08:16:00,08:16:10,stop_point:SP_1298,Place Bouillière,2
2291218,08:18:00,08:18:10,stop_point:SP_5,Desnos,3
2291218,08:19:00,08:19:10,stop_point:SP_334,Ourliac,4
2291218,08:20:00,08:20:10,stop_point:SP_5102,Lestang,5
2291218,08:21:00,08:21:10,stop_point:SP_1357,René Valmy,6
2291218,08:22:00,08:22:10,stop_point:SP_2042,Eisenhower Est,7
2291218,08:23:00,08:23:10,stop_point:SP_3730,Perpignan,8
2291218,08:24:00,08:24:10,stop_point:SP_3467,Thibaud,9
2291218,08:28:00,08:28:10,stop_point:SP_3258,Larrieu,10
2291218,08:30:00,08:30:10,stop_point:SP_265,Clairfont,11
2291218,08:31:00,08:31:10,stop_point:SP_1374,Frênes,12
2291218,08:32:00,08:32:10,stop_point:SP_2247,Claire Fontaine,13
2291218,08:32:00,08:32:10,stop_point:SP_4000,Ecole Récébédou,14
2291218,08:33:00,08:33:10,stop_point:SP_2566,Ctre Cial Portet - Entrée 5,15
2291218,08:34:00,08:34:10,stop_point:SP_2478,Saliège,16
2291218,08:35:00,08:35:10,stop_point:SP_814,Boulodrome,17
2291218,08:36:00,08:36:10,stop_point:SP_2141,Collège de Portet,18
2291218,08:37:00,08:37:10,stop_point:SP_2439,Piscine,19
2291218,08:38:00,08:38:10,stop_point:SP_3831,Occitanie,20
2291218,08:39:00,08:39:10,stop_point:SP_1947,Commerce,21
2291218,08:40:00,08:40:10,stop_point:SP_1897,Bosquets,22
2291218,08:40:00,08:40:10,stop_point:SP_1127,Désiré,23
2291218,08:40:00,08:40:10,stop_point:SP_1779,Poste de Portet,24
2291218,08:41:00,08:41:10,stop_point:SP_3136,Mairie Portet,25
2291218,08:41:00,08:41:10,stop_point:SP_2155,Ateliers Municipaux,26
2291218,08:42:00,08:42:10,stop_point:SP_11,Gauguin,27
2291218,08:43:00,08:43:10,stop_point:SP_3190,Clemenceau,28
2291218,08:43:00,08:43:10,stop_point:SP_2601,Lot. Impérial,29
2291218,08:44:00,08:44:10,stop_point:SP_3709,Portet H. Boucher,30
2291219,08:30:00,08:30:10,stop_point:SP_4007,Basso Cambo,1
2291219,08:31:00,08:31:10,stop_point:SP_1298,Place Bouillière,2
2291219,08:33:00,08:33:10,stop_point:SP_5,Desnos,3
2291219,08:34:00,08:34:10,stop_point:SP_334,Ourliac,4
2291219,08:35:00,08:35:10,stop_point:SP_5102,Lestang,5
2291219,08:36:00,08:36:10,stop_point:SP_1357,René Valmy,6
2291219,08:37:00,08:37:10,stop_point:SP_2042,Eisenhower Est,7
2291219,08:38:00,08:38:10,stop_point:SP_3730,Perpignan,8
2291219,08:39:00,08:39:10,stop_point:SP_3467,Thibaud,9
2291219,08:43:00,08:43:10,stop_point:SP_3258,Larrieu,10
2291219,08:45:00,08:45:10,stop_point:SP_265,Clairfont,11
2291219,08:46:00,08:46:10,stop_point:SP_1374,Frênes,12
2291219,08:47:00,08:47:10,stop_point:SP_2247,Claire Fontaine,13
2291219,08:47:00,08:47:10,stop_point:SP_4000,Ecole Récébédou,14
2291219,08:48:00,08:48:10,stop_point:SP_2566,Ctre Cial Portet - Entrée 5,15
2291219,08:49:00,08:49:10,stop_point:SP_2478,Saliège,16
2291219,08:50:00,08:50:10,stop_point:SP_814,Boulodrome,17
2291219,08:51:00,08:51:10,stop_point:SP_2141,Collège de Portet,18
2291219,08:52:00,08:52:10,stop_point:SP_2439,Piscine,19
2291219,08:53:00,08:53:10,stop_point:SP_3831,Occitanie,20
2291219,08:54:00,08:54:10,stop_point:SP_1947,Commerce,21
2291219,08:55:00,08:55:10,stop_point:SP_1897,Bosquets,22
2291219,08:55:00,08:55:10,stop_point:SP_1127,Désiré,23
2291219,08:55:00,08:55:10,stop_point:SP_1779,Poste de Portet,24
2291219,08:56:00,08:56:10,stop_point:SP_3136,Mairie Portet,25
2291219,08:56:00,08:56:10,stop_point:SP_2155,Ateliers Municipaux,26
2291219,08:57:00,08:57:10,stop_point:SP_11,Gauguin,27
2291219,08:58:00,08:58:10,stop_point:SP_3190,Clemenceau,28
2291219,08:58:00,08:58:10,stop_point:SP_2601,Lot. Impérial,29
2291219,08:59:00,08:59:10,stop_point:SP_3709,Portet H. Boucher,30
2291220,08:45:00,08:45:10,stop_point:SP_4007,Basso Cambo,1
2291220,08:46:00,08:46:10,stop_point:SP_1298,Place Bouillière,2
2291220,08:48:00,08:48:10,stop_point:SP_5,Desnos,3
2291220,08:49:00,08:49:10,stop_point:SP_334,Ourliac,4
2291220,08:50:00,08:50:10,stop_point:SP_5102,Lestang,5
2291220,08:51:00,08:51:10,stop_point:SP_1357,René Valmy,6
2291220,08:52:00,08:52:10,stop_point:SP_2042,Eisenhower Est,7
2291220,08:53:00,08:53:10,stop_point:SP_3730,Perpignan,8
2291220,08:54:00,08:54:10,stop_point:SP_3467,Thibaud,9
2291220,08:58:00,08:58:10,stop_point:SP_3258,Larrieu,10
2291220,09:00:00,09:00:10,stop_point:SP_265,Clairfont,11
2291220,09:01:00,09:01:10,stop_point:SP_1374,Frênes,12
2291220,09:02:00,09:02:10,stop_point:SP_2247,Claire Fontaine,13
2291220,09:02:00,09:02:10,stop_point:SP_4000,Ecole Récébédou,14
2291220,09:03:00,09:03:10,stop_point:SP_2566,Ctre Cial Portet - Entrée 5,15
2291220,09:04:00,09:04:10,stop_point:SP_2478,Saliège,16
2291220,09:05:00,09:05:10,stop_point:SP_814,Boulodrome,17
2291220,09:06:00,09:06:10,stop_point:SP_2141,Collège de Portet,18
2291220,09:07:00,09:07:10,stop_point:SP_2439,Piscine,19
2291220,09:08:00,09:08:10,stop_point:SP_3831,Occitanie,20
2291220,09:09:00,09:09:10,stop_point:SP_1947,Commerce,21
2291220,09:10:00,09:10:10,stop_point:SP_1897,Bosquets,22
2291220,09:10:00,09:10:10,stop_point:SP_1127,Désiré,23
2291220,09:10:00,09:10:10,stop_point:SP_1779,Poste de Portet,24
2291220,09:11:00,09:11:10,stop_point:SP_3136,Mairie Portet,25
2291220,09:11:00,09:11:10,stop_point:SP_2155,Ateliers Municipaux,26
2291220,09:12:00,09:12:10,stop_point:SP_11,Gauguin,27
2291220,09:13:00,09:13:10,stop_point:SP_3190,Clemenceau,28
2291220,09:13:00,09:13:10,stop_point:SP_2601,Lot. Impérial,29
2291220,09:14:00,09:14:10,stop_point:SP_3709,Portet H. Boucher,30
2291221,09:00:00,09:00:10,stop_point:SP_4007,Basso Cambo,1
2291221,09:01:00,09:01:10,stop_point:SP_1298,Place Bouillière,2
2291221,09:03:00,09:03:10,stop_point:SP_5,Desnos,3
2291221,09:04:00,09:04:10,stop_point:SP_334,Ourliac,4
2291221,09:05:00,09:05:10,stop_point:SP_5102,Lestang,5
2291221,09:06:00,09:06:10,stop_point:SP_1357,René Valmy,6
2291221,09:07:00,09:07:10,stop_point:SP_2042,Eisenhower Est,7
2291221,09:08:00,09:08:10,stop_point:SP_3730,Perpignan,8
2291221,09:09:00,09:09:10,stop_point:SP_3467,Thibaud,9
2291221,09:12:00,09:12:10,stop_point:SP_3258,Larrieu,10
2291221,09:14:00,09:14:10,stop_point:SP_265,Clairfont,11
2291221,09:15:00,09:15:10,stop_point:SP_1374,Frênes,12
2291221,09:16:00,09:16:10,stop_point:SP_2247,Claire Fontaine,13
2291221,09:16:00,09:16:10,stop_point:SP_4000,Ecole Récébédou,14
2291221,09:17:00,09:17:10,stop_point:SP_2566,Ctre Cial Portet - Entrée 5,15
2291221,09:18:00,09:18:10,stop_point:SP_2478,Saliège,16
2291221,09:19:00,09:19:10,stop_point:SP_814,Boulodrome,17
2291221,09:20:00,09:20:10,stop_point:SP_2141,Collège de Portet,18
2291221,09:21:00,09:21:10,stop_point:SP_2439,Piscine,19
2291221,09:22:00,09:22:10,stop_point:SP_3831,Occitanie,20
2291221,09:23:00,09:23:10,stop_point:SP_1947,Commerce,21
2291221,09:24:00,09:24:10,stop_point:SP_1897,Bosquets,22
2291221,09:24:00,09:24:10,stop_point:SP_1127,Désiré,23
2291221,09:24:00,09:24:10,stop_point:SP_1779,Poste de Portet,24
2291221,09:25:00,09:25:10,stop_point:SP_3136,Mairie Portet,25
2291221,09:25:00,09:25:10,stop_point:SP_2155,Ateliers Municipaux,26
2291221,09:26:00,09:26:10,stop_point:SP_11,Gauguin,27
2291221,09:27:00,09:27:10,stop_point:SP_3190,Clemenceau,28
2291221,09:27:00,09:27:10,stop_point:SP_2601,Lot. Impérial,29
2291221,09:28:00,09:28:10,stop_point:SP_3709,Portet H. Boucher,30
2291222,09:19:00,09:19:10,stop_point:SP_4007,Basso Cambo,1
2291222,09:20:00,09:20:10,stop_point:SP_1298,Place Bouillière,2
2291222,09:22:00,09:22:10,stop_point:SP_5,Desnos,3
2291222,09:23:00,09:23:10,stop_point:SP_334,Ourliac,4
2291222,09:24:00,09:24:10,stop_point:SP_5102,Lestang,5
2291222,09:25:00,09:25:10,stop_point:SP_1357,René Valmy,6
2291222,09:26:00,09:26:10,stop_point:SP_2042,Eisenhower Est,7
2291222,09:27:00,09:27:10,stop_point:SP_3730,Perpignan,8
2291222,09:28:00,09:28:10,stop_point:SP_3467,Thibaud,9
2291222,09:31:00,09:31:10,stop_point:SP_3258,Larrieu,10
2291222,09:33:00,09:33:10,stop_point:SP_265,Clairfont,11
2291222,09:34:00,09:34:10,stop_point:SP_1374,Frênes,12
2291222,09:35:00,09:35:10,stop_point:SP_2247,Claire Fontaine,13
2291222,09:35:00,09:35:10,stop_point:SP_4000,Ecole Récébédou,14
2291222,09:36:00,09:36:10,stop_point:SP_2566,Ctre Cial Portet - Entrée 5,15
2291222,09:37:00,09:37:10,stop_point:SP_2478,Saliège,16
2291222,09:38:00,09:38:10,stop_point:SP_814,Boulodrome,17
2291222,09:39:00,09:39:10,stop_point:SP_2141,Collège de Portet,18
2291222,09:40:00,09:40:10,stop_point:SP_2439,Piscine,19
2291222,09:41:00,09:41:10,stop_point:SP_3831,Occitanie,20
2291222,09:42:00,09:42:10,stop_point:SP_1947,Commerce,21
2291222,09:43:00,09:43:10,stop_point:SP_1897,Bosquets,22
2291222,09:43:00,09:43:10,stop_point:SP_1127,Désiré,23
2291222,09:43:00,09:43:10,stop_point:SP_1779,Poste de Portet,24
2291222,09:44:00,09:44:10,stop_point:SP_3136,Mairie Portet,25
2291222,09:44:00,09:44:10,stop_point:SP_2155,Ateliers Municipaux,26
2291222,09:45:00,09:45:10,stop_point:SP_11,Gauguin,27
2291222,09:46:00,09:46:10,stop_point:SP_3190,Clemenceau,28
2291222,09:46:00,09:46:10,stop_point:SP_2601,Lot. Impérial,29
2291222,09:47:00,09:47:10,stop_point:SP_3709,Portet H. Boucher,30
2291223,09:40:00,09:40:10,stop_point:SP_4007,Basso Cambo,1
2291223,09:41:00,09:41:10,stop_point:SP_1298,Place Bouillière,2
2291223,09:43:00,09:43:10,stop_point:SP_5,Desnos,3
2291223,09:44:00,09:44:10,stop_point:SP_334,Ourliac,4
2291223,09:45:00,09:45:10,stop_point:SP_5102,Lestang,5
2291223,09:46:00,09:46:10,stop_point:SP_1357,René Valmy,6
2291223,09:47:00,09:47:10,stop_point:SP_2042,Eisenhower Est,7
2291223,09:48:00,09:48:10,stop_point:SP_3730,Perpignan,8
2291223,09:49:00,09:49:10,stop_point:SP_3467,Thibaud,9
2291223,09:52:00,09:52:10,stop_point:SP_3258,Larrieu,10
2291223,09:54:00,09:54:10,stop_point:SP_265,Clairfont,11
2291223,09:55:00,09:55:10,stop_point:SP_1374,Frênes,12
2291223,09:56:00,09:56:10,stop_point:SP_2247,Claire Fontaine,13
2291223,09:56:00,09:56:10,stop_point:SP_4000,Ecole Récébédou,14
2291223,09:57:00,09:57:10,stop_point:SP_2566,Ctre Cial Portet - Entrée 5,15
2291223,09:58:00,09:58:10,stop_point:SP_2478,Saliège,16
2291223,09:59:00,09:59:10,stop_point:SP_814,Boulodrome,17
2291223,10:00:00,10:00:10,stop_point:SP_2141,Collège de Portet,18
2291223,10:01:00,10:01:10,stop_point:SP_2439,Piscine,19
2291223,10:02:00,10:02:10,stop_point:SP_3831,Occitanie,20
2291223,10:03:00,10:03:10,stop_point:SP_1947,Commerce,21
2291223,10:04:00,10:04:10,stop_point:SP_1897,Bosquets,22
2291223,10:04:00,10:04:10,stop_point:SP_1127,Désiré,23
2291223,10:04:00,10:04:10,stop_point:SP_1779,Poste de Portet,24
2291223,10:05:00,10:05:10,stop_point:SP_3136,Mairie Portet,25
2291223,10:05:00,10:05:10,stop_point:SP_2155,Ateliers Municipaux,26
2291223,10:06:00,10:06:10,stop_point:SP_11,Gauguin,27
2291223,10:07:00,10:07:10,stop_point:SP_3190,Clemenceau,28
2291223,10:07:00,10:07:10,stop_point:SP_2601,Lot. Impérial,29
2291223,10:08:00,10:08:10,stop_point:SP_3709,Portet H. Boucher,30
2291224,10:01:00,10:01:10,stop_point:SP_4007,Basso Cambo,1
2291224,10:02:00,10:02:10,stop_point:SP_1298,Place Bouillière,2
2291224,10:04:00,10:04:10,stop_point:SP_5,Desnos,3
2291224,10:05:00,10:05:10,stop_point:SP_334,Ourliac,4
2291224,10:06:00,10:06:10,stop_point:SP_5102,Lestang,5
2291224,10:07:00,10:07:10,stop_point:SP_1357,René Valmy,6
2291224,10:08:00,10:08:10,stop_point:SP_2042,Eisenhower Est,7
2291224,10:09:00,10:09:10,stop_point:SP_3730,Perpignan,8
2291224,10:10:00,10:10:10,stop_point:SP_3467,Thibaud,9
2291224,10:13:00,10:13:10,stop_point:SP_3258,Larrieu,10
2291224,10:15:00,10:15:10,stop_point:SP_265,Clairfont,11
2291224,10:16:00,10:16:10,stop_point:SP_1374,Frênes,12
2291224,10:17:00,10:17:10,stop_point:SP_2247,Claire Fontaine,13
2291224,10:17:00,10:17:10,stop_point:SP_4000,Ecole Récébédou,14
2291224,10:18:00,10:18:10,stop_point:SP_2566,Ctre Cial Portet - Entrée 5,15
2291224,10:19:00,10:19:10,stop_point:SP_2478,Saliège,16
2291224,10:20:00,10:20:10,stop_point:SP_814,Boulodrome,17
2291224,10:21:00,10:21:10,stop_point:SP_2141,Collège de Portet,18
2291224,10:22:00,10:22:10,stop_point:SP_2439,Piscine,19
2291224,10:23:00,10:23:10,stop_point:SP_3831,Occitanie,20
2291224,10:24:00,10:24:10,stop_point:SP_1947,Commerce,21
2291224,10:25:00,10:25:10,stop_point:SP_1897,Bosquets,22
2291224,10:25:00,10:25:10,stop_point:SP_1127,Désiré,23
2291224,10:25:00,10:25:10,stop_point:SP_1779,Poste de Portet,24
2291224,10:26:00,10:26:10,stop_point:SP_3136,Mairie Portet,25
2291224,10:26:00,10:26:10,stop_point:SP_2155,Ateliers Municipaux,26
2291224,10:27:00,10:27:10,stop_point:SP_11,Gauguin,27
2291224,10:28:00,10:28:10,stop_point:SP_3190,Clemenceau,28
2291224,10:28:00,10:28:10,stop_point:SP_2601,Lot. Impérial,29
2291224,10:29:00,10:29:10,stop_point:SP_3709,Portet H. Boucher,30
2291225,10:23:00,10:23:10,stop_point:SP_4007,Basso Cambo,1
2291225,10:24:00,10:24:10,stop_point:SP_1298,Place Bouillière,2
2291225,10:26:00,10:26:10,stop_point:SP_5,Desnos,3
2291225,10:27:00,10:27:10,stop_point:SP_334,Ourliac,4
2291225,10:28:00,10:28:10,stop_point:SP_5102,Lestang,5
2291225,10:29:00,10:29:10,stop_point:SP_1357,René Valmy,6
2291225,10:30:00,10:30:10,stop_point:SP_2042,Eisenhower Est,7
2291225,10:31:00,10:31:10,stop_point:SP_3730,Perpignan,8
2291225,10:32:00,10:32:10,stop_point:SP_3467,Thibaud,9
2291225,10:35:00,10:35:10,stop_point:SP_3258,Larrieu,10
2291225,10:37:00,10:37:10,stop_point:SP_265,Clairfont,11
2291225,10:38:00,10:38:10,stop_point:SP_1374,Frênes,12
2291225,10:39:00,10:39:10,stop_point:SP_2247,Claire Fontaine,13
2291225,10:39:00,10:39:10,stop_point:SP_4000,Ecole Récébédou,14
2291225,10:40:00,10:40:10,stop_point:SP_2566,Ctre Cial Portet - Entrée 5,15
2291225,10:41:00,10:41:10,stop_point:SP_2478,Saliège,16
2291225,10:42:00,10:42:10,stop_point:SP_814,Boulodrome,17
2291225,10:43:00,10:43:10,stop_point:SP_2141,Collège de Portet,18
2291225,10:44:00,10:44:10,stop_point:SP_2439,Piscine,19
2291225,10:45:00,10:45:10,stop_point:SP_3831,Occitanie,20
2291225,10:46:00,10:46:10,stop_point:SP_1947,Commerce,21
2291225,10:47:00,10:47:10,stop_point:SP_1897,Bosquets,22
2291225,10:47:00,10:47:10,stop_point:SP_1127,Désiré,23
2291225,10:47:00,10:47:10,stop_point:SP_1779,Poste de Portet,24
2291225,10:48:00,10:48:10,stop_point:SP_3136,Mairie Portet,25
2291225,10:48:00,10:48:10,stop_point:SP_2155,Ateliers Municipaux,26
2291225,10:49:00,10:49:10,stop_point:SP_11,Gauguin,27
2291225,10:50:00,10:50:10,stop_point:SP_3190,Clemenceau,28
2291225,10:50:00,10:50:10,stop_point:SP_2601,Lot. Impérial,29
2291225,10:51:00,10:51:10,stop_point:SP_3709,Portet H. Boucher,30
2291226,10:45:00,10:45:10,stop_point:SP_4007,Basso Cambo,1
2291226,10:46:00,10:46:10,stop_point:SP_1298,Place Bouillière,2
2291226,10:48:00,10:48:10,stop_point:SP_5,Desnos,3
2291226,10:49:00,10:49:10,stop_point:SP_334,Ourliac,4
2291226,10:50:00,10:50:10,stop_point:SP_5102,Lestang,5
2291226,10:51:00,10:51:10,stop_point:SP_1357,René Valmy,6
2291226,10:52:00,10:52:10,stop_point:SP_2042,Eisenhower Est,7
2291226,10:53:00,10:53:10,stop_point:SP_3730,Perpignan,8
2291226,10:54:00,10:54:10,stop_point:SP_3467,Thibaud,9
2291226,10:57:00,10:57:10,stop_point:SP_3258,Larrieu,10
2291226,10:59:00,10:59:10,stop_point:SP_265,Clairfont,11
2291226,11:00:00,11:00:10,stop_point:SP_1374,Frênes,12
2291226,11:01:00,11:01:10,stop_point:SP_2247,Claire Fontaine,13
2291226,11:01:00,11:01:10,stop_point:SP_4000,Ecole Récébédou,14
2291226,11:02:00,11:02:10,stop_point:SP_2566,Ctre Cial Portet - Entrée 5,15
2291226,11:03:00,11:03:10,stop_point:SP_2478,Saliège,16
2291226,11:04:00,11:04:10,stop_point:SP_814,Boulodrome,17
2291226,11:05:00,11:05:10,stop_point:SP_2141,Collège de Portet,18
2291226,11:06:00,11:06:10,stop_point:SP_2439,Piscine,19
2291226,11:07:00,11:07:10,stop_point:SP_3831,Occitanie,20
2291226,11:08:00,11:08:10,stop_point:SP_1947,Commerce,21
2291226,11:09:00,11:09:10,stop_point:SP_1897,Bosquets,22
2291226,11:09:00,11:09:10,stop_point:SP_1127,Désiré,23
2291226,11:09:00,11:09:10,stop_point:SP_1779,Poste de Portet,24
2291226,11:10:00,11:10:10,stop_point:SP_3136,Mairie Portet,25
2291226,11:10:00,11:10:10,stop_point:SP_2155,Ateliers Municipaux,26
2291226,11:11:00,11:11:10,stop_point:SP_11,Gauguin,27
2291226,11:12:00,11:12:10,stop_point:SP_3190,Clemenceau,28
2291226,11:12:00,11:12:10,stop_point:SP_2601,Lot. Impérial,29
2291226,11:13:00,11:13:10,stop_point:SP_3709,Portet H. Boucher,30
2291227,11:07:00,11:07:10,stop_point:SP_4007,Basso Cambo,1
2291227,11:08:00,11:08:10,stop_point:SP_1298,Place Bouillière,2
2291227,11:10:00,11:10:10,stop_point:SP_5,Desnos,3
2291227,11:11:00,11:11:10,stop_point:SP_334,Ourliac,4
2291227,11:12:00,11:12:10,stop_point:SP_5102,Lestang,5
2291227,11:13:00,11:13:10,stop_point:SP_1357,René Valmy,6
2291227,11:14:00,11:14:10,stop_point:SP_2042,Eisenhower Est,7
2291227,11:15:00,11:15:10,stop_point:SP_3730,Perpignan,8
2291227,11:16:00,11:16:10,stop_point:SP_3467,Thibaud,9
2291227,11:19:00,11:19:10,stop_point:SP_3258,Larrieu,10
2291227,11:21:00,11:21:10,stop_point:SP_265,Clairfont,11
2291227,11:22:00,11:22:10,stop_point:SP_1374,Frênes,12
2291227,11:23:00,11:23:10,stop_point:SP_2247,Claire Fontaine,13
2291227,11:23:00,11:23:10,stop_point:SP_4000,Ecole Récébédou,14
2291227,11:24:00,11:24:10,stop_point:SP_2566,Ctre Cial Portet - Entrée 5,15
2291227,11:25:00,11:25:10,stop_point:SP_2478,Saliège,16
2291227,11:26:00,11:26:10,stop_point:SP_814,Boulodrome,17
2291227,11:27:00,11:27:10,stop_point:SP_2141,Collège de Portet,18
2291227,11:28:00,11:28:10,stop_point:SP_2439,Piscine,19
2291227,11:29:00,11:29:10,stop_point:SP_3831,Occitanie,20
2291227,11:30:00,11:30:10,stop_point:SP_1947,Commerce,21
2291227,11:31:00,11:31:10,stop_point:SP_1897,Bosquets,22
2291227,11:31:00,11:31:10,stop_point:SP_1127,Désiré,23
2291227,11:31:00,11:31:10,stop_point:SP_1779,Poste de Portet,24
2291227,11:32:00,11:32:10,stop_point:SP_3136,Mairie Portet,25
2291227,11:32:00,11:32:10,stop_point:SP_2155,Ateliers Municipaux,26
2291227,11:33:00,11:33:10,stop_point:SP_11,Gauguin,27
2291227,11:34:00,11:34:10,stop_point:SP_3190,Clemenceau,28
2291227,11:34:00,11:34:10,stop_point:SP_2601,Lot. Impérial,29
2291227,11:35:00,11:35:10,stop_point:SP_3709,Portet H. Boucher,30
2291228,11:29:00,11:29:10,stop_point:SP_4007,Basso Cambo,1
2291228,11:30:00,11:30:10,stop_point:SP_1298,Place Bouillière,2
2291228,11:32:00,11:32:10,stop_point:SP_5,Desnos,3
2291228,11:33:00,11:33:10,stop_point:SP_334,Ourliac,4
2291228,11:34:00,11:34:10,stop_point:SP_5102,Lestang,5
2291228,11:35:00,11:35:10,stop_point:SP_1357,René Valmy,6
2291228,11:36:00,11:36:10,stop_point:SP_2042,Eisenhower Est,7
2291228,11:37:00,11:37:10,stop_point:SP_3730,Perpignan,8
2291228,11:38:00,11:38:10,stop_point:SP_3467,Thibaud,9
2291228,11:41:00,11:41:10,stop_point:SP_3258,Larrieu,10
2291228,11:43:00,11:43:10,stop_point:SP_265,Clairfont,11
2291228,11:44:00,11:44:10,stop_point:SP_1374,Frênes,12
2291228,11:45:00,11:45:10,stop_point:SP_2247,Claire Fontaine,13
2291228,11:45:00,11:45:10,stop_point:SP_4000,Ecole Récébédou,14
2291228,11:46:00,11:46:10,stop_point:SP_2566,Ctre Cial Portet - Entrée 5,15
2291228,11:47:00,11:47:10,stop_point:SP_2478,Saliège,16
2291228,11:48:00,11:48:10,stop_point:SP_814,Boulodrome,17
2291228,11:49:00,11:49:10,stop_point:SP_2141,Collège de Portet,18
2291228,11:50:00,11:50:10,stop_point:SP_2439,Piscine,19
2291228,11:51:00,11:51:10,stop_point:SP_3831,Occitanie,20
2291228,11:52:00,11:52:10,stop_point:SP_1947,Commerce,21
2291228,11:53:00,11:53:10,stop_point:SP_1897,Bosquets,22
2291228,11:53:00,11:53:10,stop_point:SP_1127,Désiré,23
2291228,11:53:00,11:53:10,stop_point:SP_1779,Poste de Portet,24
2291228,11:54:00,11:54:10,stop_point:SP_3136,Mairie Portet,25
2291228,11:54:00,11:54:10,stop_point:SP_2155,Ateliers Municipaux,26
2291228,11:55:00,11:55:10,stop_point:SP_11,Gauguin,27
2291228,11:56:00,11:56:10,stop_point:SP_3190,Clemenceau,28
2291228,11:56:00,11:56:10,stop_point:SP_2601,Lot. Impérial,29
2291228,11:57:00,11:57:10,stop_point:SP_3709,Portet H. Boucher,30
2291229,11:51:00,11:51:10,stop_point:SP_4007,Basso Cambo,1
2291229,11:52:00,11:52:10,stop_point:SP_1298,Place Bouillière,2
2291229,11:54:00,11:54:10,stop_point:SP_5,Desnos,3
2291229,11:55:00,11:55:10,stop_point:SP_334,Ourliac,4
2291229,11:56:00,11:56:10,stop_point:SP_5102,Lestang,5
2291229,11:57:00,11:57:10,stop_point:SP_1357,René Valmy,6
2291229,11:58:00,11:58:10,stop_point:SP_2042,Eisenhower Est,7
2291229,11:59:00,11:59:10,stop_point:SP_3730,Perpignan,8
2291229,12:00:00,12:00:10,stop_point:SP_3467,Thibaud,9
2291229,12:03:00,12:03:10,stop_point:SP_3258,Larrieu,10
2291229,12:05:00,12:05:10,stop_point:SP_265,Clairfont,11
2291229,12:06:00,12:06:10,stop_point:SP_1374,Frênes,12
2291229,12:07:00,12:07:10,stop_point:SP_2247,Claire Fontaine,13
2291229,12:07:00,12:07:10,stop_point:SP_4000,Ecole Récébédou,14
2291229,12:08:00,12:08:10,stop_point:SP_2566,Ctre Cial Portet - Entrée 5,15
2291229,12:09:00,12:09:10,stop_point:SP_2478,Saliège,16
2291229,12:10:00,12:10:10,stop_point:SP_814,Boulodrome,17
2291229,12:11:00,12:11:10,stop_point:SP_2141,Collège de Portet,18
2291229,12:12:00,12:12:10,stop_point:SP_2439,Piscine,19
2291229,12:13:00,12:13:10,stop_point:SP_3831,Occitanie,20
2291229,12:14:00,12:14:10,stop_point:SP_1947,Commerce,21
2291229,12:15:00,12:15:10,stop_point:SP_1897,Bosquets,22
2291229,12:15:00,12:15:10,stop_point:SP_1127,Désiré,23
2291229,12:15:00,12:15:10,stop_point:SP_1779,Poste de Portet,24
2291229,12:16:00,12:16:10,stop_point:SP_3136,Mairie Portet,25
2291229,12:16:00,12:16:10,stop_point:SP_2155,Ateliers Municipaux,26
2291229,12:17:00,12:17:10,stop_point:SP_11,Gauguin,27
2291229,12:18:00,12:18:10,stop_point:SP_3190,Clemenceau,28
2291229,12:18:00,12:18:10,stop_point:SP_2601,Lot. Impérial,29
2291229,12:19:00,12:19:10,stop_point:SP_3709,Portet H. Boucher,30
2291230,12:13:00,12:13:10,stop_point:SP_4007,Basso Cambo,1
2291230,12:14:00,12:14:10,stop_point:SP_1298,Place Bouillière,2
2291230,12:16:00,12:16:10,stop_point:SP_5,Desnos,3
2291230,12:17:00,12:17:10,stop_point:SP_334,Ourliac,4
2291230,12:18:00,12:18:10,stop_point:SP_5102,Lestang,5
2291230,12:19:00,12:19:10,stop_point:SP_1357,René Valmy,6
2291230,12:20:00,12:20:10,stop_point:SP_2042,Eisenhower Est,7
2291230,12:21:00,12:21:10,stop_point:SP_3730,Perpignan,8
2291230,12:22:00,12:22:10,stop_point:SP_3467,Thibaud,9
2291230,12:25:00,12:25:10,stop_point:SP_3258,Larrieu,10
2291230,12:27:00,12:27:10,stop_point:SP_265,Clairfont,11
2291230,12:28:00,12:28:10,stop_point:SP_1374,Frênes,12
2291230,12:29:00,12:29:10,stop_point:SP_2247,Claire Fontaine,13
2291230,12:29:00,12:29:10,stop_point:SP_4000,Ecole Récébédou,14
2291230,12:30:00,12:30:10,stop_point:SP_2566,Ctre Cial Portet - Entrée 5,15
2291230,12:31:00,12:31:10,stop_point:SP_2478,Saliège,16
2291230,12:32:00,12:32:10,stop_point:SP_814,Boulodrome,17
2291230,12:33:00,12:33:10,stop_point:SP_2141,Collège de Portet,18
2291230,12:34:00,12:34:10,stop_point:SP_2439,Piscine,19
2291230,12:35:00,12:35:10,stop_point:SP_3831,Occitanie,20
2291230,12:36:00,12:36:10,stop_point:SP_1947,Commerce,21
2291230,12:37:00,12:37:10,stop_point:SP_1897,Bosquets,22
2291230,12:37:00,12:37:10,stop_point:SP_1127,Désiré,23
2291230,12:37:00,12:37:10,stop_point:SP_1779,Poste de Portet,24
2291230,12:38:00,12:38:10,stop_point:SP_3136,Mairie Portet,25
2291230,12:38:00,12:38:10,stop_point:SP_2155,Ateliers Municipaux,26
2291230,12:39:00,12:39:10,stop_point:SP_11,Gauguin,27
2291230,12:40:00,12:40:10,stop_point:SP_3190,Clemenceau,28
2291230,12:40:00,12:40:10,stop_point:SP_2601,Lot. Impérial,29
2291230,12:41:00,12:41:10,stop_point:SP_3709,Portet H. Boucher,30
2291231,12:35:00,12:35:10,stop_point:SP_4007,Basso Cambo,1
2291231,12:36:00,12:36:10,stop_point:SP_1298,Place Bouillière,2
2291231,12:38:00,12:38:10,stop_point:SP_5,Desnos,3
2291231,12:39:00,12:39:10,stop_point:SP_334,Ourliac,4
2291231,12:40:00,12:40:10,stop_point:SP_5102,Lestang,5
2291231,12:41:00,12:41:10,stop_point:SP_1357,René Valmy,6
2291231,12:42:00,12:42:10,stop_point:SP_2042,Eisenhower Est,7
2291231,12:43:00,12:43:10,stop_point:SP_3730,Perpignan,8
2291231,12:44:00,12:44:10,stop_point:SP_3467,Thibaud,9
2291231,12:47:00,12:47:10,stop_point:SP_3258,Larrieu,10
2291231,12:49:00,12:49:10,stop_point:SP_265,Clairfont,11
2291231,12:50:00,12:50:10,stop_point:SP_1374,Frênes,12
2291231,12:51:00,12:51:10,stop_point:SP_2247,Claire Fontaine,13
2291231,12:51:00,12:51:10,stop_point:SP_4000,Ecole Récébédou,14
2291231,12:52:00,12:52:10,stop_point:SP_2566,Ctre Cial Portet - Entrée 5,15
2291231,12:53:00,12:53:10,stop_point:SP_2478,Saliège,16
2291231,12:54:00,12:54:10,stop_point:SP_814,Boulodrome,17
2291231,12:55:00,12:55:10,stop_point:SP_2141,Collège de Portet,18
2291231,12:56:00,12:56:10,stop_point:SP_2439,Piscine,19
2291231,12:57:00,12:57:10,stop_point:SP_3831,Occitanie,20
2291231,12:58:00,12:58:10,stop_point:SP_1947,Commerce,21
2291231,12:59:00,12:59:10,stop_point:SP_1897,Bosquets,22
2291231,12:59:00,12:59:10,stop_point:SP_1127,Désiré,23
2291231,12:59:00,12:59:10,stop_point:SP_1779,Poste de Portet,24
2291231,13:00:00,13:00:10,stop_point:SP_3136,Mairie Portet,25
2291231,13:00:00,13:00:10,stop_point:SP_2155,Ateliers Municipaux,26
2291231,13:01:00,13:01:10,stop_point:SP_11,Gauguin,27
2291231,13:02:00,13:02:10,stop_point:SP_3190,Clemenceau,28
2291231,13:02:00,13:02:10,stop_point:SP_2601,Lot. Impérial,29
2291231,13:03:00,13:03:10,stop_point:SP_3709,Portet H. Boucher,30
2291232,12:57:00,12:57:10,stop_point:SP_4007,Basso Cambo,1
2291232,12:58:00,12:58:10,stop_point:SP_1298,Place Bouillière,2
2291232,13:00:00,13:00:10,stop_point:SP_5,Desnos,3
2291232,13:01:00,13:01:10,stop_point:SP_334,Ourliac,4
2291232,13:02:00,13:02:10,stop_point:SP_5102,Lestang,5
2291232,13:03:00,13:03:10,stop_point:SP_1357,René Valmy,6
2291232,13:04:00,13:04:10,stop_point:SP_2042,Eisenhower Est,7
2291232,13:05:00,13:05:10,stop_point:SP_3730,Perpignan,8
2291232,13:06:00,13:06:10,stop_point:SP_3467,Thibaud,9
2291232,13:09:00,13:09:10,stop_point:SP_3258,Larrieu,10
2291232,13:11:00,13:11:10,stop_point:SP_265,Clairfont,11
2291232,13:12:00,13:12:10,stop_point:SP_1374,Frênes,12
2291232,13:13:00,13:13:10,stop_point:SP_2247,Claire Fontaine,13
2291232,13:13:00,13:13:10,stop_point:SP_4000,Ecole Récébédou,14
2291232,13:14:00,13:14:10,stop_point:SP_2566,Ctre Cial Portet - Entrée 5,15
2291232,13:15:00,13:15:10,stop_point:SP_2478,Saliège,16
2291232,13:16:00,13:16:10,stop_point:SP_814,Boulodrome,17
2291232,13:17:00,13:17:10,stop_point:SP_2141,Collège de Portet,18
2291232,13:18:00,13:18:10,stop_point:SP_2439,Piscine,19
2291232,13:19:00,13:19:10,stop_point:SP_3831,Occitanie,20
2291232,13:20:00,13:20:10,stop_point:SP_1947,Commerce,21
2291232,13:21:00,13:21:10,stop_point:SP_1897,Bosquets,22
2291232,13:21:00,13:21:10,stop_point:SP_1127,Désiré,23
2291232,13:21:00,13:21:10,stop_point:SP_1779,Poste de Portet,24
2291232,13:22:00,13:22:10,stop_point:SP_3136,Mairie Portet,25
2291232,13:22:00,13:22:10,stop_point:SP_2155,Ateliers Municipaux,26
2291232,13:23:00,13:23:10,stop_point:SP_11,Gauguin,27
2291232,13:24:00,13:24:10,stop_point:SP_3190,Clemenceau,28
2291232,13:24:00,13:24:10,stop_point:SP_2601,Lot. Impérial,29
2291232,13:25:00,13:25:10,stop_point:SP_3709,Portet H. Boucher,30
2291233,13:19:00,13:19:10,stop_point:SP_4007,Basso Cambo,1
2291233,13:20:00,13:20:10,stop_point:SP_1298,Place Bouillière,2
2291233,13:22:00,13:22:10,stop_point:SP_5,Desnos,3
2291233,13:23:00,13:23:10,stop_point:SP_334,Ourliac,4
2291233,13:24:00,13:24:10,stop_point:SP_5102,Lestang,5
2291233,13:25:00,13:25:10,stop_point:SP_1357,René Valmy,6
2291233,13:26:00,13:26:10,stop_point:SP_2042,Eisenhower Est,7
2291233,13:27:00,13:27:10,stop_point:SP_3730,Perpignan,8
2291233,13:28:00,13:28:10,stop_point:SP_3467,Thibaud,9
2291233,13:31:00,13:31:10,stop_point:SP_3258,Larrieu,10
2291233,13:33:00,13:33:10,stop_point:SP_265,Clairfont,11
2291233,13:34:00,13:34:10,stop_point:SP_1374,Frênes,12
2291233,13:35:00,13:35:10,stop_point:SP_2247,Claire Fontaine,13
2291233,13:36:00,13:36:10,stop_point:SP_4000,Ecole Récébédou,14
2291233,13:37:00,13:37:10,stop_point:SP_2566,Ctre Cial Portet - Entrée 5,15
2291233,13:38:00,13:38:10,stop_point:SP_2478,Saliège,16
2291233,13:39:00,13:39:10,stop_point:SP_814,Boulodrome,17
2291233,13:40:00,13:40:10,stop_point:SP_2141,Collège de Portet,18
2291233,13:41:00,13:41:10,stop_point:SP_2439,Piscine,19
2291233,13:42:00,13:42:10,stop_point:SP_3831,Occitanie,20
2291233,13:43:00,13:43:10,stop_point:SP_1947,Commerce,21
2291233,13:44:00,13:44:10,stop_point:SP_1897,Bosquets,22
2291233,13:44:00,13:44:10,stop_point:SP_1127,Désiré,23
2291233,13:45:00,13:45:10,stop_point:SP_1779,Poste de Portet,24
2291233,13:45:00,13:45:10,stop_point:SP_3136,Mairie Portet,25
2291233,13:45:00,13:45:10,stop_point:SP_2155,Ateliers Municipaux,26
2291233,13:46:00,13:46:10,stop_point:SP_11,Gauguin,27
2291233,13:47:00,13:47:10,stop_point:SP_3190,Clemenceau,28
2291233,13:48:00,13:48:10,stop_point:SP_2601,Lot. Impérial,29
2291233,13:49:00,13:49:10,stop_point:SP_3709,Portet H. Boucher,30
2291234,13:41:00,13:41:10,stop_point:SP_4007,Basso Cambo,1
2291234,13:42:00,13:42:10,stop_point:SP_1298,Place Bouillière,2
2291234,13:44:00,13:44:10,stop_point:SP_5,Desnos,3
2291234,13:45:00,13:45:10,stop_point:SP_334,Ourliac,4
2291234,13:46:00,13:46:10,stop_point:SP_5102,Lestang,5
2291234,13:47:00,13:47:10,stop_point:SP_1357,René Valmy,6
2291234,13:48:00,13:48:10,stop_point:SP_2042,Eisenhower Est,7
2291234,13:49:00,13:49:10,stop_point:SP_3730,Perpignan,8
2291234,13:50:00,13:50:10,stop_point:SP_3467,Thibaud,9
2291234,13:53:00,13:53:10,stop_point:SP_3258,Larrieu,10
2291234,13:55:00,13:55:10,stop_point:SP_265,Clairfont,11
2291234,13:56:00,13:56:10,stop_point:SP_1374,Frênes,12
2291234,13:57:00,13:57:10,stop_point:SP_2247,Claire Fontaine,13
2291234,13:58:00,13:58:10,stop_point:SP_4000,Ecole Récébédou,14
2291234,13:59:00,13:59:10,stop_point:SP_2566,Ctre Cial Portet - Entrée 5,15
2291234,14:00:00,14:00:10,stop_point:SP_2478,Saliège,16
2291234,14:01:00,14:01:10,stop_point:SP_814,Boulodrome,17
2291234,14:02:00,14:02:10,stop_point:SP_2141,Collège de Portet,18
2291234,14:03:00,14:03:10,stop_point:SP_2439,Piscine,19
2291234,14:04:00,14:04:10,stop_point:SP_3831,Occitanie,20
2291234,14:05:00,14:05:10,stop_point:SP_1947,Commerce,21
2291234,14:06:00,14:06:10,stop_point:SP_1897,Bosquets,22
2291234,14:06:00,14:06:10,stop_point:SP_1127,Désiré,23
2291234,14:07:00,14:07:10,stop_point:SP_1779,Poste de Portet,24
2291234,14:07:00,14:07:10,stop_point:SP_3136,Mairie Portet,25
2291234,14:07:00,14:07:10,stop_point:SP_2155,Ateliers Municipaux,26
2291234,14:08:00,14:08:10,stop_point:SP_11,Gauguin,27
2291234,14:09:00,14:09:10,stop_point:SP_3190,Clemenceau,28
2291234,14:10:00,14:10:10,stop_point:SP_2601,Lot. Impérial,29
2291234,14:11:00,14:11:10,stop_point:SP_3709,Portet H. Boucher,30
2291235,14:03:00,14:03:10,stop_point:SP_4007,Basso Cambo,1
2291235,14:04:00,14:04:10,stop_point:SP_1298,Place Bouillière,2
2291235,14:06:00,14:06:10,stop_point:SP_5,Desnos,3
2291235,14:07:00,14:07:10,stop_point:SP_334,Ourliac,4
2291235,14:08:00,14:08:10,stop_point:SP_5102,Lestang,5
2291235,14:09:00,14:09:10,stop_point:SP_1357,René Valmy,6
2291235,14:10:00,14:10:10,stop_point:SP_2042,Eisenhower Est,7
2291235,14:11:00,14:11:10,stop_point:SP_3730,Perpignan,8
2291235,14:12:00,14:12:10,stop_point:SP_3467,Thibaud,9
2291235,14:15:00,14:15:10,stop_point:SP_3258,Larrieu,10
2291235,14:17:00,14:17:10,stop_point:SP_265,Clairfont,11
2291235,14:18:00,14:18:10,stop_point:SP_1374,Frênes,12
2291235,14:19:00,14:19:10,stop_point:SP_2247,Claire Fontaine,13
2291235,14:20:00,14:20:10,stop_point:SP_4000,Ecole Récébédou,14
2291235,14:21:00,14:21:10,stop_point:SP_2566,Ctre Cial Portet - Entrée 5,15
2291235,14:22:00,14:22:10,stop_point:SP_2478,Saliège,16
2291235,14:23:00,14:23:10,stop_point:SP_814,Boulodrome,17
2291235,14:24:00,14:24:10,stop_point:SP_2141,Collège de Portet,18
2291235,14:25:00,14:25:10,stop_point:SP_2439,Piscine,19
2291235,14:26:00,14:26:10,stop_point:SP_3831,Occitanie,20
2291235,14:27:00,14:27:10,stop_point:SP_1947,Commerce,21
2291235,14:28:00,14:28:10,stop_point:SP_1897,Bosquets,22
2291235,14:28:00,14:28:10,stop_point:SP_1127,Désiré,23
2291235,14:29:00,14:29:10,stop_point:SP_1779,Poste de Portet,24
2291235,14:29:00,14:29:10,stop_point:SP_3136,Mairie Portet,25
2291235,14:29:00,14:29:10,stop_point:SP_2155,Ateliers Municipaux,26
2291235,14:30:00,14:30:10,stop_point:SP_11,Gauguin,27
2291235,14:31:00,14:31:10,stop_point:SP_3190,Clemenceau,28
2291235,14:32:00,14:32:10,stop_point:SP_2601,Lot. Impérial,29
2291235,14:33:00,14:33:10,stop_point:SP_3709,Portet H. Boucher,30
2291236,14:25:00,14:25:10,stop_point:SP_4007,Basso Cambo,1
2291236,14:26:00,14:26:10,stop_point:SP_1298,Place Bouillière,2
2291236,14:28:00,14:28:10,stop_point:SP_5,Desnos,3
2291236,14:29:00,14:29:10,stop_point:SP_334,Ourliac,4
2291236,14:30:00,14:30:10,stop_point:SP_5102,Lestang,5
2291236,14:31:00,14:31:10,stop_point:SP_1357,René Valmy,6
2291236,14:32:00,14:32:10,stop_point:SP_2042,Eisenhower Est,7
2291236,14:33:00,14:33:10,stop_point:SP_3730,Perpignan,8
2291236,14:34:00,14:34:10,stop_point:SP_3467,Thibaud,9
2291236,14:37:00,14:37:10,stop_point:SP_3258,Larrieu,10
2291236,14:39:00,14:39:10,stop_point:SP_265,Clairfont,11
2291236,14:40:00,14:40:10,stop_point:SP_1374,Frênes,12
2291236,14:41:00,14:41:10,stop_point:SP_2247,Claire Fontaine,13
2291236,14:42:00,14:42:10,stop_point:SP_4000,Ecole Récébédou,14
2291236,14:43:00,14:43:10,stop_point:SP_2566,Ctre Cial Portet - Entrée 5,15
2291236,14:44:00,14:44:10,stop_point:SP_2478,Saliège,16
2291236,14:45:00,14:45:10,stop_point:SP_814,Boulodrome,17
2291236,14:46:00,14:46:10,stop_point:SP_2141,Collège de Portet,18
2291236,14:47:00,14:47:10,stop_point:SP_2439,Piscine,19
2291236,14:48:00,14:48:10,stop_point:SP_3831,Occitanie,20
2291236,14:49:00,14:49:10,stop_point:SP_1947,Commerce,21
2291236,14:50:00,14:50:10,stop_point:SP_1897,Bosquets,22
2291236,14:50:00,14:50:10,stop_point:SP_1127,Désiré,23
2291236,14:51:00,14:51:10,stop_point:SP_1779,Poste de Portet,24
2291236,14:51:00,14:51:10,stop_point:SP_3136,Mairie Portet,25
2291236,14:51:00,14:51:10,stop_point:SP_2155,Ateliers Municipaux,26
2291236,14:52:00,14:52:10,stop_point:SP_11,Gauguin,27
2291236,14:53:00,14:53:10,stop_point:SP_3190,Clemenceau,28
2291236,14:54:00,14:54:10,stop_point:SP_2601,Lot. Impérial,29
2291236,14:55:00,14:55:10,stop_point:SP_3709,Portet H. Boucher,30
2291237,14:47:00,14:47:10,stop_point:SP_4007,Basso Cambo,1
2291237,14:48:00,14:48:10,stop_point:SP_1298,Place Bouillière,2
2291237,14:50:00,14:50:10,stop_point:SP_5,Desnos,3
2291237,14:51:00,14:51:10,stop_point:SP_334,Ourliac,4
2291237,14:52:00,14:52:10,stop_point:SP_5102,Lestang,5
2291237,14:53:00,14:53:10,stop_point:SP_1357,René Valmy,6
2291237,14:54:00,14:54:10,stop_point:SP_2042,Eisenhower Est,7
2291237,14:55:00,14:55:10,stop_point:SP_3730,Perpignan,8
2291237,14:56:00,14:56:10,stop_point:SP_3467,Thibaud,9
2291237,14:59:00,14:59:10,stop_point:SP_3258,Larrieu,10
2291237,15:01:00,15:01:10,stop_point:SP_265,Clairfont,11
2291237,15:02:00,15:02:10,stop_point:SP_1374,Frênes,12
2291237,15:03:00,15:03:10,stop_point:SP_2247,Claire Fontaine,13
2291237,15:04:00,15:04:10,stop_point:SP_4000,Ecole Récébédou,14
2291237,15:05:00,15:05:10,stop_point:SP_2566,Ctre Cial Portet - Entrée 5,15
2291237,15:06:00,15:06:10,stop_point:SP_2478,Saliège,16
2291237,15:07:00,15:07:10,stop_point:SP_814,Boulodrome,17
2291237,15:08:00,15:08:10,stop_point:SP_2141,Collège de Portet,18
2291237,15:09:00,15:09:10,stop_point:SP_2439,Piscine,19
2291237,15:10:00,15:10:10,stop_point:SP_3831,Occitanie,20
2291237,15:11:00,15:11:10,stop_point:SP_1947,Commerce,21
2291237,15:12:00,15:12:10,stop_point:SP_1897,Bosquets,22
2291237,15:12:00,15:12:10,stop_point:SP_1127,Désiré,23
2291237,15:13:00,15:13:10,stop_point:SP_1779,Poste de Portet,24
2291237,15:13:00,15:13:10,stop_point:SP_3136,Mairie Portet,25
2291237,15:13:00,15:13:10,stop_point:SP_2155,Ateliers Municipaux,26
2291237,15:14:00,15:14:10,stop_point:SP_11,Gauguin,27
2291237,15:15:00,15:15:10,stop_point:SP_3190,Clemenceau,28
2291237,15:16:00,15:16:10,stop_point:SP_2601,Lot. Impérial,29
2291237,15:17:00,15:17:10,stop_point:SP_3709,Portet H. Boucher,30
2291238,15:09:00,15:09:10,stop_point:SP_4007,Basso Cambo,1
2291238,15:10:00,15:10:10,stop_point:SP_1298,Place Bouillière,2
2291238,15:12:00,15:12:10,stop_point:SP_5,Desnos,3
2291238,15:13:00,15:13:10,stop_point:SP_334,Ourliac,4
2291238,15:14:00,15:14:10,stop_point:SP_5102,Lestang,5
2291238,15:15:00,15:15:10,stop_point:SP_1357,René Valmy,6
2291238,15:16:00,15:16:10,stop_point:SP_2042,Eisenhower Est,7
2291238,15:17:00,15:17:10,stop_point:SP_3730,Perpignan,8
2291238,15:18:00,15:18:10,stop_point:SP_3467,Thibaud,9
2291238,15:21:00,15:21:10,stop_point:SP_3258,Larrieu,10
2291238,15:23:00,15:23:10,stop_point:SP_265,Clairfont,11
2291238,15:24:00,15:24:10,stop_point:SP_1374,Frênes,12
2291238,15:25:00,15:25:10,stop_point:SP_2247,Claire Fontaine,13
2291238,15:26:00,15:26:10,stop_point:SP_4000,Ecole Récébédou,14
2291238,15:27:00,15:27:10,stop_point:SP_2566,Ctre Cial Portet - Entrée 5,15
2291238,15:28:00,15:28:10,stop_point:SP_2478,Saliège,16
2291238,15:29:00,15:29:10,stop_point:SP_814,Boulodrome,17
2291238,15:30:00,15:30:10,stop_point:SP_2141,Collège de Portet,18
2291238,15:31:00,15:31:10,stop_point:SP_2439,Piscine,19
2291238,15:32:00,15:32:10,stop_point:SP_3831,Occitanie,20
2291238,15:33:00,15:33:10,stop_point:SP_1947,Commerce,21
2291238,15:34:00,15:34:10,stop_point:SP_1897,Bosquets,22
2291238,15:34:00,15:34:10,stop_point:SP_1127,Désiré,23
2291238,15:35:00,15:35:10,stop_point:SP_1779,Poste de Portet,24
2291238,15:35:00,15:35:10,stop_point:SP_3136,Mairie Portet,25
2291238,15:35:00,15:35:10,stop_point:SP_2155,Ateliers Municipaux,26
2291238,15:36:00,15:36:10,stop_point:SP_11,Gauguin,27
2291238,15:37:00,15:37:10,stop_point:SP_3190,Clemenceau,28
2291238,15:38:00,15:38:10,stop_point:SP_2601,Lot. Impérial,29
2291238,15:39:00,15:39:10,stop_point:SP_3709,Portet H. Boucher,30
2291239,15:29:00,15:29:10,stop_point:SP_4007,Basso Cambo,1
2291239,15:30:00,15:30:10,stop_point:SP_1298,Place Bouillière,2
2291239,15:32:00,15:32:10,stop_point:SP_5,Desnos,3
2291239,15:33:00,15:33:10,stop_point:SP_334,Ourliac,4
2291239,15:34:00,15:34:10,stop_point:SP_5102,Lestang,5
2291239,15:35:00,15:35:10,stop_point:SP_1357,René Valmy,6
2291239,15:36:00,15:36:10,stop_point:SP_2042,Eisenhower Est,7
2291239,15:37:00,15:37:10,stop_point:SP_3730,Perpignan,8
2291239,15:38:00,15:38:10,stop_point:SP_3467,Thibaud,9
2291239,15:41:00,15:41:10,stop_point:SP_3258,Larrieu,10
2291239,15:43:00,15:43:10,stop_point:SP_265,Clairfont,11
2291239,15:44:00,15:44:10,stop_point:SP_1374,Frênes,12
2291239,15:45:00,15:45:10,stop_point:SP_2247,Claire Fontaine,13
2291239,15:46:00,15:46:10,stop_point:SP_4000,Ecole Récébédou,14
2291239,15:47:00,15:47:10,stop_point:SP_2566,Ctre Cial Portet - Entrée 5,15
2291239,15:48:00,15:48:10,stop_point:SP_2478,Saliège,16
2291239,15:49:00,15:49:10,stop_point:SP_814,Boulodrome,17
2291239,15:50:00,15:50:10,stop_point:SP_2141,Collège de Portet,18
2291239,15:51:00,15:51:10,stop_point:SP_2439,Piscine,19
2291239,15:52:00,15:52:10,stop_point:SP_3831,Occitanie,20
2291239,15:53:00,15:53:10,stop_point:SP_1947,Commerce,21
2291239,15:54:00,15:54:10,stop_point:SP_1897,Bosquets,22
2291239,15:54:00,15:54:10,stop_point:SP_1127,Désiré,23
2291239,15:55:00,15:55:10,stop_point:SP_1779,Poste de Portet,24
2291239,15:55:00,15:55:10,stop_point:SP_3136,Mairie Portet,25
2291239,15:55:00,15:55:10,stop_point:SP_2155,Ateliers Municipaux,26
2291239,15:56:00,15:56:10,stop_point:SP_11,Gauguin,27
2291239,15:57:00,15:57:10,stop_point:SP_3190,Clemenceau,28
2291239,15:58:00,15:58:10,stop_point:SP_2601,Lot. Impérial,29
2291239,15:59:00,15:59:10,stop_point:SP_3709,Portet H. Boucher,30
2291240,15:46:00,15:46:10,stop_point:SP_4007,Basso Cambo,1
2291240,15:47:00,15:47:10,stop_point:SP_1298,Place Bouillière,2
2291240,15:49:00,15:49:10,stop_point:SP_5,Desnos,3
2291240,15:50:00,15:50:10,stop_point:SP_334,Ourliac,4
2291240,15:51:00,15:51:10,stop_point:SP_5102,Lestang,5
2291240,15:52:00,15:52:10,stop_point:SP_1357,René Valmy,6
2291240,15:53:00,15:53:10,stop_point:SP_2042,Eisenhower Est,7
2291240,15:54:00,15:54:10,stop_point:SP_3730,Perpignan,8
2291240,15:55:00,15:55:10,stop_point:SP_3467,Thibaud,9
2291240,15:58:00,15:58:10,stop_point:SP_3258,Larrieu,10
2291240,16:00:00,16:00:10,stop_point:SP_265,Clairfont,11
2291240,16:01:00,16:01:10,stop_point:SP_1374,Frênes,12
2291240,16:02:00,16:02:10,stop_point:SP_2247,Claire Fontaine,13
2291240,16:03:00,16:03:10,stop_point:SP_4000,Ecole Récébédou,14
2291240,16:04:00,16:04:10,stop_point:SP_2566,Ctre Cial Portet - Entrée 5,15
2291240,16:05:00,16:05:10,stop_point:SP_2478,Saliège,16
2291240,16:06:00,16:06:10,stop_point:SP_814,Boulodrome,17
2291240,16:07:00,16:07:10,stop_point:SP_2141,Collège de Portet,18
2291240,16:08:00,16:08:10,stop_point:SP_2439,Piscine,19
2291240,16:09:00,16:09:10,stop_point:SP_3831,Occitanie,20
2291240,16:10:00,16:10:10,stop_point:SP_1947,Commerce,21
2291240,16:12:00,16:12:10,stop_point:SP_1897,Bosquets,22
2291240,16:12:00,16:12:10,stop_point:SP_1127,Désiré,23
2291240,16:13:00,16:13:10,stop_point:SP_1779,Poste de Portet,24
2291240,16:13:00,16:13:10,stop_point:SP_3136,Mairie Portet,25
2291240,16:13:00,16:13:10,stop_point:SP_2155,Ateliers Municipaux,26
2291240,16:14:00,16:14:10,stop_point:SP_11,Gauguin,27
2291240,16:15:00,16:15:10,stop_point:SP_3190,Clemenceau,28
2291240,16:16:00,16:16:10,stop_point:SP_2601,Lot. Impérial,29
2291240,16:17:00,16:17:10,stop_point:SP_3709,Portet H. Boucher,30
2291241,16:07:00,16:07:10,stop_point:SP_4007,Basso Cambo,1
2291241,16:08:00,16:08:10,stop_point:SP_1298,Place Bouillière,2
2291241,16:11:00,16:11:10,stop_point:SP_5,Desnos,3
2291241,16:12:00,16:12:10,stop_point:SP_334,Ourliac,4
2291241,16:13:00,16:13:10,stop_point:SP_5102,Lestang,5
2291241,16:14:00,16:14:10,stop_point:SP_1357,René Valmy,6
2291241,16:15:00,16:15:10,stop_point:SP_2042,Eisenhower Est,7
2291241,16:16:00,16:16:10,stop_point:SP_3730,Perpignan,8
2291241,16:17:00,16:17:10,stop_point:SP_3467,Thibaud,9
2291241,16:20:00,16:20:10,stop_point:SP_3258,Larrieu,10
2291241,16:22:00,16:22:10,stop_point:SP_265,Clairfont,11
2291241,16:23:00,16:23:10,stop_point:SP_1374,Frênes,12
2291241,16:24:00,16:24:10,stop_point:SP_2247,Claire Fontaine,13
2291241,16:25:00,16:25:10,stop_point:SP_4000,Ecole Récébédou,14
2291241,16:26:00,16:26:10,stop_point:SP_2566,Ctre Cial Portet - Entrée 5,15
2291241,16:27:00,16:27:10,stop_point:SP_2478,Saliège,16
2291241,16:28:00,16:28:10,stop_point:SP_814,Boulodrome,17
2291241,16:29:00,16:29:10,stop_point:SP_2141,Collège de Portet,18
2291241,16:30:00,16:30:10,stop_point:SP_2439,Piscine,19
2291241,16:31:00,16:31:10,stop_point:SP_3831,Occitanie,20
2291241,16:32:00,16:32:10,stop_point:SP_1947,Commerce,21
2291241,16:34:00,16:34:10,stop_point:SP_1897,Bosquets,22
2291241,16:34:00,16:34:10,stop_point:SP_1127,Désiré,23
2291241,16:35:00,16:35:10,stop_point:SP_1779,Poste de Portet,24
2291241,16:35:00,16:35:10,stop_point:SP_3136,Mairie Portet,25
2291241,16:35:00,16:35:10,stop_point:SP_2155,Ateliers Municipaux,26
2291241,16:36:00,16:36:10,stop_point:SP_11,Gauguin,27
2291241,16:37:00,16:37:10,stop_point:SP_3190,Clemenceau,28
2291241,16:38:00,16:38:10,stop_point:SP_2601,Lot. Impérial,29
2291241,16:39:00,16:39:10,stop_point:SP_3709,Portet H. Boucher,30
2291242,16:22:00,16:22:10,stop_point:SP_4007,Basso Cambo,1
2291242,16:23:00,16:23:10,stop_point:SP_1298,Place Bouillière,2
2291242,16:26:00,16:26:10,stop_point:SP_5,Desnos,3
2291242,16:27:00,16:27:10,stop_point:SP_334,Ourliac,4
2291242,16:28:00,16:28:10,stop_point:SP_5102,Lestang,5
2291242,16:29:00,16:29:10,stop_point:SP_1357,René Valmy,6
2291242,16:30:00,16:30:10,stop_point:SP_2042,Eisenhower Est,7
2291242,16:32:00,16:32:10,stop_point:SP_3730,Perpignan,8
2291242,16:33:00,16:33:10,stop_point:SP_3467,Thibaud,9
2291242,16:36:00,16:36:10,stop_point:SP_3258,Larrieu,10
2291242,16:38:00,16:38:10,stop_point:SP_265,Clairfont,11
2291242,16:39:00,16:39:10,stop_point:SP_1374,Frênes,12
2291242,16:40:00,16:40:10,stop_point:SP_2247,Claire Fontaine,13
2291242,16:41:00,16:41:10,stop_point:SP_4000,Ecole Récébédou,14
2291242,16:42:00,16:42:10,stop_point:SP_2566,Ctre Cial Portet - Entrée 5,15
2291242,16:44:00,16:44:10,stop_point:SP_2478,Saliège,16
2291242,16:45:00,16:45:10,stop_point:SP_814,Boulodrome,17
2291242,16:46:00,16:46:10,stop_point:SP_2141,Collège de Portet,18
2291242,16:47:00,16:47:10,stop_point:SP_2439,Piscine,19
2291242,16:48:00,16:48:10,stop_point:SP_3831,Occitanie,20
2291242,16:49:00,16:49:10,stop_point:SP_1947,Commerce,21
2291242,16:51:00,16:51:10,stop_point:SP_1897,Bosquets,22
2291242,16:51:00,16:51:10,stop_point:SP_1127,Désiré,23
2291242,16:52:00,16:52:10,stop_point:SP_1779,Poste de Portet,24
2291242,16:52:00,16:52:10,stop_point:SP_3136,Mairie Portet,25
2291242,16:52:00,16:52:10,stop_point:SP_2155,Ateliers Municipaux,26
2291242,16:53:00,16:53:10,stop_point:SP_11,Gauguin,27
2291242,16:54:00,16:54:10,stop_point:SP_3190,Clemenceau,28
2291242,16:55:00,16:55:10,stop_point:SP_2601,Lot. Impérial,29
2291242,16:56:00,16:56:10,stop_point:SP_3709,Portet H. Boucher,30
2291243,16:37:00,16:37:10,stop_point:SP_4007,Basso Cambo,1
2291243,16:38:00,16:38:10,stop_point:SP_1298,Place Bouillière,2
2291243,16:41:00,16:41:10,stop_point:SP_5,Desnos,3
2291243,16:42:00,16:42:10,stop_point:SP_334,Ourliac,4
2291243,16:43:00,16:43:10,stop_point:SP_5102,Lestang,5
2291243,16:44:00,16:44:10,stop_point:SP_1357,René Valmy,6
2291243,16:45:00,16:45:10,stop_point:SP_2042,Eisenhower Est,7
2291243,16:47:00,16:47:10,stop_point:SP_3730,Perpignan,8
2291243,16:48:00,16:48:10,stop_point:SP_3467,Thibaud,9
2291243,16:52:00,16:52:10,stop_point:SP_3258,Larrieu,10
2291243,16:54:00,16:54:10,stop_point:SP_265,Clairfont,11
2291243,16:55:00,16:55:10,stop_point:SP_1374,Frênes,12
2291243,16:56:00,16:56:10,stop_point:SP_2247,Claire Fontaine,13
2291243,16:57:00,16:57:10,stop_point:SP_4000,Ecole Récébédou,14
2291243,16:58:00,16:58:10,stop_point:SP_2566,Ctre Cial Portet - Entrée 5,15
2291243,17:00:00,17:00:10,stop_point:SP_2478,Saliège,16
2291243,17:01:00,17:01:10,stop_point:SP_814,Boulodrome,17
2291243,17:02:00,17:02:10,stop_point:SP_2141,Collège de Portet,18
2291243,17:03:00,17:03:10,stop_point:SP_2439,Piscine,19
2291243,17:04:00,17:04:10,stop_point:SP_3831,Occitanie,20
2291243,17:05:00,17:05:10,stop_point:SP_1947,Commerce,21
2291243,17:07:00,17:07:10,stop_point:SP_1897,Bosquets,22
2291243,17:07:00,17:07:10,stop_point:SP_1127,Désiré,23
2291243,17:08:00,17:08:10,stop_point:SP_1779,Poste de Portet,24
2291243,17:08:00,17:08:10,stop_point:SP_3136,Mairie Portet,25
2291243,17:08:00,17:08:10,stop_point:SP_2155,Ateliers Municipaux,26
2291243,17:09:00,17:09:10,stop_point:SP_11,Gauguin,27
2291243,17:10:00,17:10:10,stop_point:SP_3190,Clemenceau,28
2291243,17:11:00,17:11:10,stop_point:SP_2601,Lot. Impérial,29
2291243,17:12:00,17:12:10,stop_point:SP_3709,Portet H. Boucher,30
2291244,16:52:00,16:52:10,stop_point:SP_4007,Basso Cambo,1
2291244,16:53:00,16:53:10,stop_point:SP_1298,Place Bouillière,2
2291244,16:56:00,16:56:10,stop_point:SP_5,Desnos,3
2291244,16:57:00,16:57:10,stop_point:SP_334,Ourliac,4
2291244,16:58:00,16:58:10,stop_point:SP_5102,Lestang,5
2291244,16:59:00,16:59:10,stop_point:SP_1357,René Valmy,6
2291244,17:00:00,17:00:10,stop_point:SP_2042,Eisenhower Est,7
2291244,17:02:00,17:02:10,stop_point:SP_3730,Perpignan,8
2291244,17:03:00,17:03:10,stop_point:SP_3467,Thibaud,9
2291244,17:07:00,17:07:10,stop_point:SP_3258,Larrieu,10
2291244,17:09:00,17:09:10,stop_point:SP_265,Clairfont,11
2291244,17:10:00,17:10:10,stop_point:SP_1374,Frênes,12
2291244,17:11:00,17:11:10,stop_point:SP_2247,Claire Fontaine,13
2291244,17:12:00,17:12:10,stop_point:SP_4000,Ecole Récébédou,14
2291244,17:13:00,17:13:10,stop_point:SP_2566,Ctre Cial Portet - Entrée 5,15
2291244,17:15:00,17:15:10,stop_point:SP_2478,Saliège,16
2291244,17:16:00,17:16:10,stop_point:SP_814,Boulodrome,17
2291244,17:17:00,17:17:10,stop_point:SP_2141,Collège de Portet,18
2291244,17:18:00,17:18:10,stop_point:SP_2439,Piscine,19
2291244,17:19:00,17:19:10,stop_point:SP_3831,Occitanie,20
2291244,17:20:00,17:20:10,stop_point:SP_1947,Commerce,21
2291244,17:22:00,17:22:10,stop_point:SP_1897,Bosquets,22
2291244,17:22:00,17:22:10,stop_point:SP_1127,Désiré,23
2291244,17:23:00,17:23:10,stop_point:SP_1779,Poste de Portet,24
2291244,17:23:00,17:23:10,stop_point:SP_3136,Mairie Portet,25
2291244,17:23:00,17:23:10,stop_point:SP_2155,Ateliers Municipaux,26
2291244,17:24:00,17:24:10,stop_point:SP_11,Gauguin,27
2291244,17:25:00,17:25:10,stop_point:SP_3190,Clemenceau,28
2291244,17:26:00,17:26:10,stop_point:SP_2601,Lot. Impérial,29
2291244,17:27:00,17:27:10,stop_point:SP_3709,Portet H. Boucher,30
2291245,17:07:00,17:07:10,stop_point:SP_4007,Basso Cambo,1
2291245,17:08:00,17:08:10,stop_point:SP_1298,Place Bouillière,2
2291245,17:11:00,17:11:10,stop_point:SP_5,Desnos,3
2291245,17:12:00,17:12:10,stop_point:SP_334,Ourliac,4
2291245,17:13:00,17:13:10,stop_point:SP_5102,Lestang,5
2291245,17:14:00,17:14:10,stop_point:SP_1357,René Valmy,6
2291245,17:15:00,17:15:10,stop_point:SP_2042,Eisenhower Est,7
2291245,17:17:00,17:17:10,stop_point:SP_3730,Perpignan,8
2291245,17:19:00,17:19:10,stop_point:SP_3467,Thibaud,9
2291245,17:24:00,17:24:10,stop_point:SP_3258,Larrieu,10
2291245,17:26:00,17:26:10,stop_point:SP_265,Clairfont,11
2291245,17:27:00,17:27:10,stop_point:SP_1374,Frênes,12
2291245,17:28:00,17:28:10,stop_point:SP_2247,Claire Fontaine,13
2291245,17:29:00,17:29:10,stop_point:SP_4000,Ecole Récébédou,14
2291245,17:30:00,17:30:10,stop_point:SP_2566,Ctre Cial Portet - Entrée 5,15
2291245,17:32:00,17:32:10,stop_point:SP_2478,Saliège,16
2291245,17:33:00,17:33:10,stop_point:SP_814,Boulodrome,17
2291245,17:34:00,17:34:10,stop_point:SP_2141,Collège de Portet,18
2291245,17:35:00,17:35:10,stop_point:SP_2439,Piscine,19
2291245,17:36:00,17:36:10,stop_point:SP_3831,Occitanie,20
2291245,17:37:00,17:37:10,stop_point:SP_1947,Commerce,21
2291245,17:39:00,17:39:10,stop_point:SP_1897,Bosquets,22
2291245,17:39:00,17:39:10,stop_point:SP_1127,Désiré,23
2291245,17:40:00,17:40:10,stop_point:SP_1779,Poste de Portet,24
2291245,17:40:00,17:40:10,stop_point:SP_3136,Mairie Portet,25
2291245,17:40:00,17:40:10,stop_point:SP_2155,Ateliers Municipaux,26
2291245,17:41:00,17:41:10,stop_point:SP_11,Gauguin,27
2291245,17:42:00,17:42:10,stop_point:SP_3190,Clemenceau,28
2291245,17:43:00,17:43:10,stop_point:SP_2601,Lot. Impérial,29
2291245,17:44:00,17:44:10,stop_point:SP_3709,Portet H. Boucher,30
2291246,17:22:00,17:22:10,stop_point:SP_4007,Basso Cambo,1
2291246,17:23:00,17:23:10,stop_point:SP_1298,Place Bouillière,2
2291246,17:26:00,17:26:10,stop_point:SP_5,Desnos,3
2291246,17:27:00,17:27:10,stop_point:SP_334,Ourliac,4
2291246,17:28:00,17:28:10,stop_point:SP_5102,Lestang,5
2291246,17:29:00,17:29:10,stop_point:SP_1357,René Valmy,6
2291246,17:30:00,17:30:10,stop_point:SP_2042,Eisenhower Est,7
2291246,17:32:00,17:32:10,stop_point:SP_3730,Perpignan,8
2291246,17:34:00,17:34:10,stop_point:SP_3467,Thibaud,9
2291246,17:39:00,17:39:10,stop_point:SP_3258,Larrieu,10
2291246,17:41:00,17:41:10,stop_point:SP_265,Clairfont,11
2291246,17:42:00,17:42:10,stop_point:SP_1374,Frênes,12
2291246,17:43:00,17:43:10,stop_point:SP_2247,Claire Fontaine,13
2291246,17:44:00,17:44:10,stop_point:SP_4000,Ecole Récébédou,14
2291246,17:45:00,17:45:10,stop_point:SP_2566,Ctre Cial Portet - Entrée 5,15
2291246,17:47:00,17:47:10,stop_point:SP_2478,Saliège,16
2291246,17:48:00,17:48:10,stop_point:SP_814,Boulodrome,17
2291246,17:49:00,17:49:10,stop_point:SP_2141,Collège de Portet,18
2291246,17:50:00,17:50:10,stop_point:SP_2439,Piscine,19
2291246,17:51:00,17:51:10,stop_point:SP_3831,Occitanie,20
2291246,17:52:00,17:52:10,stop_point:SP_1947,Commerce,21
2291246,17:53:00,17:53:10,stop_point:SP_1897,Bosquets,22
2291246,17:53:00,17:53:10,stop_point:SP_1127,Désiré,23
2291246,17:54:00,17:54:10,stop_point:SP_1779,Poste de Portet,24
2291246,17:54:00,17:54:10,stop_point:SP_3136,Mairie Portet,25
2291246,17:54:00,17:54:10,stop_point:SP_2155,Ateliers Municipaux,26
2291246,17:55:00,17:55:10,stop_point:SP_11,Gauguin,27
2291246,17:56:00,17:56:10,stop_point:SP_3190,Clemenceau,28
2291246,17:57:00,17:57:10,stop_point:SP_2601,Lot. Impérial,29
2291246,17:58:00,17:58:10,stop_point:SP_3709,Portet H. Boucher,30
2291247,17:37:00,17:37:10,stop_point:SP_4007,Basso Cambo,1
2291247,17:38:00,17:38:10,stop_point:SP_1298,Place Bouillière,2
2291247,17:41:00,17:41:10,stop_point:SP_5,Desnos,3
2291247,17:42:00,17:42:10,stop_point:SP_334,Ourliac,4
2291247,17:43:00,17:43:10,stop_point:SP_5102,Lestang,5
2291247,17:44:00,17:44:10,stop_point:SP_1357,René Valmy,6
2291247,17:45:00,17:45:10,stop_point:SP_2042,Eisenhower Est,7
2291247,17:47:00,17:47:10,stop_point:SP_3730,Perpignan,8
2291247,17:49:00,17:49:10,stop_point:SP_3467,Thibaud,9
2291247,17:54:00,17:54:10,stop_point:SP_3258,Larrieu,10
2291247,17:56:00,17:56:10,stop_point:SP_265,Clairfont,11
2291247,17:57:00,17:57:10,stop_point:SP_1374,Frênes,12
2291247,17:58:00,17:58:10,stop_point:SP_2247,Claire Fontaine,13
2291247,17:59:00,17:59:10,stop_point:SP_4000,Ecole Récébédou,14
2291247,18:00:00,18:00:10,stop_point:SP_2566,Ctre Cial Portet - Entrée 5,15
2291247,18:02:00,18:02:10,stop_point:SP_2478,Saliège,16
2291247,18:03:00,18:03:10,stop_point:SP_814,Boulodrome,17
2291247,18:04:00,18:04:10,stop_point:SP_2141,Collège de Portet,18
2291247,18:05:00,18:05:10,stop_point:SP_2439,Piscine,19
2291247,18:06:00,18:06:10,stop_point:SP_3831,Occitanie,20
2291247,18:07:00,18:07:10,stop_point:SP_1947,Commerce,21
2291247,18:08:00,18:08:10,stop_point:SP_1897,Bosquets,22
2291247,18:08:00,18:08:10,stop_point:SP_1127,Désiré,23
2291247,18:09:00,18:09:10,stop_point:SP_1779,Poste de Portet,24
2291247,18:09:00,18:09:10,stop_point:SP_3136,Mairie Portet,25
2291247,18:09:00,18:09:10,stop_point:SP_2155,Ateliers Municipaux,26
2291247,18:10:00,18:10:10,stop_point:SP_11,Gauguin,27
2291247,18:11:00,18:11:10,stop_point:SP_3190,Clemenceau,28
2291247,18:12:00,18:12:10,stop_point:SP_2601,Lot. Impérial,29
2291247,18:13:00,18:13:10,stop_point:SP_3709,Portet H. Boucher,30
2291248,17:52:00,17:52:10,stop_point:SP_4007,Basso Cambo,1
2291248,17:53:00,17:53:10,stop_point:SP_1298,Place Bouillière,2
2291248,17:56:00,17:56:10,stop_point:SP_5,Desnos,3
2291248,17:57:00,17:57:10,stop_point:SP_334,Ourliac,4
2291248,17:58:00,17:58:10,stop_point:SP_5102,Lestang,5
2291248,17:59:00,17:59:10,stop_point:SP_1357,René Valmy,6
2291248,18:00:00,18:00:10,stop_point:SP_2042,Eisenhower Est,7
2291248,18:02:00,18:02:10,stop_point:SP_3730,Perpignan,8
2291248,18:03:00,18:03:10,stop_point:SP_3467,Thibaud,9
2291248,18:07:00,18:07:10,stop_point:SP_3258,Larrieu,10
2291248,18:09:00,18:09:10,stop_point:SP_265,Clairfont,11
2291248,18:10:00,18:10:10,stop_point:SP_1374,Frênes,12
2291248,18:11:00,18:11:10,stop_point:SP_2247,Claire Fontaine,13
2291248,18:12:00,18:12:10,stop_point:SP_4000,Ecole Récébédou,14
2291248,18:13:00,18:13:10,stop_point:SP_2566,Ctre Cial Portet - Entrée 5,15
2291248,18:15:00,18:15:10,stop_point:SP_2478,Saliège,16
2291248,18:16:00,18:16:10,stop_point:SP_814,Boulodrome,17
2291248,18:17:00,18:17:10,stop_point:SP_2141,Collège de Portet,18
2291248,18:18:00,18:18:10,stop_point:SP_2439,Piscine,19
2291248,18:19:00,18:19:10,stop_point:SP_3831,Occitanie,20
2291248,18:20:00,18:20:10,stop_point:SP_1947,Commerce,21
2291248,18:21:00,18:21:10,stop_point:SP_1897,Bosquets,22
2291248,18:21:00,18:21:10,stop_point:SP_1127,Désiré,23
2291248,18:22:00,18:22:10,stop_point:SP_1779,Poste de Portet,24
2291248,18:22:00,18:22:10,stop_point:SP_3136,Mairie Portet,25
2291248,18:22:00,18:22:10,stop_point:SP_2155,Ateliers Municipaux,26
2291248,18:23:00,18:23:10,stop_point:SP_11,Gauguin,27
2291248,18:24:00,18:24:10,stop_point:SP_3190,Clemenceau,28
2291248,18:25:00,18:25:10,stop_point:SP_2601,Lot. Impérial,29
2291248,18:26:00,18:26:10,stop_point:SP_3709,Portet H. Boucher,30
2291249,18:07:00,18:07:10,stop_point:SP_4007,Basso Cambo,1
2291249,18:08:00,18:08:10,stop_point:SP_1298,Place Bouillière,2
2291249,18:11:00,18:11:10,stop_point:SP_5,Desnos,3
2291249,18:12:00,18:12:10,stop_point:SP_334,Ourliac,4
2291249,18:13:00,18:13:10,stop_point:SP_5102,Lestang,5
2291249,18:14:00,18:14:10,stop_point:SP_1357,René Valmy,6
2291249,18:15:00,18:15:10,stop_point:SP_2042,Eisenhower Est,7
2291249,18:16:00,18:16:10,stop_point:SP_3730,Perpignan,8
2291249,18:17:00,18:17:10,stop_point:SP_3467,Thibaud,9
2291249,18:21:00,18:21:10,stop_point:SP_3258,Larrieu,10
2291249,18:23:00,18:23:10,stop_point:SP_265,Clairfont,11
2291249,18:24:00,18:24:10,stop_point:SP_1374,Frênes,12
2291249,18:25:00,18:25:10,stop_point:SP_2247,Claire Fontaine,13
2291249,18:26:00,18:26:10,stop_point:SP_4000,Ecole Récébédou,14
2291249,18:27:00,18:27:10,stop_point:SP_2566,Ctre Cial Portet - Entrée 5,15
2291249,18:28:00,18:28:10,stop_point:SP_2478,Saliège,16
2291249,18:29:00,18:29:10,stop_point:SP_814,Boulodrome,17
2291249,18:30:00,18:30:10,stop_point:SP_2141,Collège de Portet,18
2291249,18:31:00,18:31:10,stop_point:SP_2439,Piscine,19
2291249,18:32:00,18:32:10,stop_point:SP_3831,Occitanie,20
2291249,18:33:00,18:33:10,stop_point:SP_1947,Commerce,21
2291249,18:34:00,18:34:10,stop_point:SP_1897,Bosquets,22
2291249,18:34:00,18:34:10,stop_point:SP_1127,Désiré,23
2291249,18:35:00,18:35:10,stop_point:SP_1779,Poste de Portet,24
2291249,18:35:00,18:35:10,stop_point:SP_3136,Mairie Portet,25
2291249,18:35:00,18:35:10,stop_point:SP_2155,Ateliers Municipaux,26
2291249,18:36:00,18:36:10,stop_point:SP_11,Gauguin,27
2291249,18:37:00,18:37:10,stop_point:SP_3190,Clemenceau,28
2291249,18:38:00,18:38:10,stop_point:SP_2601,Lot. Impérial,29
2291249,18:39:00,18:39:10,stop_point:SP_3709,Portet H. Boucher,30
2291250,18:22:00,18:22:10,stop_point:SP_4007,Basso Cambo,1
2291250,18:23:00,18:23:10,stop_point:SP_1298,Place Bouillière,2
2291250,18:26:00,18:26:10,stop_point:SP_5,Desnos,3
2291250,18:27:00,18:27:10,stop_point:SP_334,Ourliac,4
2291250,18:28:00,18:28:10,stop_point:SP_5102,Lestang,5
2291250,18:29:00,18:29:10,stop_point:SP_1357,René Valmy,6
2291250,18:30:00,18:30:10,stop_point:SP_2042,Eisenhower Est,7
2291250,18:31:00,18:31:10,stop_point:SP_3730,Perpignan,8
2291250,18:32:00,18:32:10,stop_point:SP_3467,Thibaud,9
2291250,18:35:00,18:35:10,stop_point:SP_3258,Larrieu,10
2291250,18:37:00,18:37:10,stop_point:SP_265,Clairfont,11
2291250,18:38:00,18:38:10,stop_point:SP_1374,Frênes,12
2291250,18:39:00,18:39:10,stop_point:SP_2247,Claire Fontaine,13
2291250,18:40:00,18:40:10,stop_point:SP_4000,Ecole Récébédou,14
2291250,18:41:00,18:41:10,stop_point:SP_2566,Ctre Cial Portet - Entrée 5,15
2291250,18:42:00,18:42:10,stop_point:SP_2478,Saliège,16
2291250,18:43:00,18:43:10,stop_point:SP_814,Boulodrome,17
2291250,18:44:00,18:44:10,stop_point:SP_2141,Collège de Portet,18
2291250,18:45:00,18:45:10,stop_point:SP_2439,Piscine,19
2291250,18:46:00,18:46:10,stop_point:SP_3831,Occitanie,20
2291250,18:47:00,18:47:10,stop_point:SP_1947,Commerce,21
2291250,18:48:00,18:48:10,stop_point:SP_1897,Bosquets,22
2291250,18:48:00,18:48:10,stop_point:SP_1127,Désiré,23
2291250,18:49:00,18:49:10,stop_point:SP_1779,Poste de Portet,24
2291250,18:49:00,18:49:10,stop_point:SP_3136,Mairie Portet,25
2291250,18:49:00,18:49:10,stop_point:SP_2155,Ateliers Municipaux,26
2291250,18:50:00,18:50:10,stop_point:SP_11,Gauguin,27
2291250,18:51:00,18:51:10,stop_point:SP_3190,Clemenceau,28
2291250,18:52:00,18:52:10,stop_point:SP_2601,Lot. Impérial,29
2291250,18:53:00,18:53:10,stop_point:SP_3709,Portet H. Boucher,30
2291251,18:37:00,18:37:10,stop_point:SP_4007,Basso Cambo,1
2291251,18:38:00,18:38:10,stop_point:SP_1298,Place Bouillière,2
2291251,18:41:00,18:41:10,stop_point:SP_5,Desnos,3
2291251,18:42:00,18:42:10,stop_point:SP_334,Ourliac,4
2291251,18:43:00,18:43:10,stop_point:SP_5102,Lestang,5
2291251,18:44:00,18:44:10,stop_point:SP_1357,René Valmy,6
2291251,18:45:00,18:45:10,stop_point:SP_2042,Eisenhower Est,7
2291251,18:46:00,18:46:10,stop_point:SP_3730,Perpignan,8
2291251,18:47:00,18:47:10,stop_point:SP_3467,Thibaud,9
2291251,18:50:00,18:50:10,stop_point:SP_3258,Larrieu,10
2291251,18:52:00,18:52:10,stop_point:SP_265,Clairfont,11
2291251,18:53:00,18:53:10,stop_point:SP_1374,Frênes,12
2291251,18:54:00,18:54:10,stop_point:SP_2247,Claire Fontaine,13
2291251,18:54:00,18:54:10,stop_point:SP_4000,Ecole Récébédou,14
2291251,18:55:00,18:55:10,stop_point:SP_2566,Ctre Cial Portet - Entrée 5,15
2291251,18:56:00,18:56:10,stop_point:SP_2478,Saliège,16
2291251,18:57:00,18:57:10,stop_point:SP_814,Boulodrome,17
2291251,18:58:00,18:58:10,stop_point:SP_2141,Collège de Portet,18
2291251,18:59:00,18:59:10,stop_point:SP_2439,Piscine,19
2291251,19:00:00,19:00:10,stop_point:SP_3831,Occitanie,20
2291251,19:01:00,19:01:10,stop_point:SP_1947,Commerce,21
2291251,19:02:00,19:02:10,stop_point:SP_1897,Bosquets,22
2291251,19:02:00,19:02:10,stop_point:SP_1127,Désiré,23
2291251,19:03:00,19:03:10,stop_point:SP_1779,Poste de Portet,24
2291251,19:03:00,19:03:10,stop_point:SP_3136,Mairie Portet,25
2291251,19:03:00,19:03:10,stop_point:SP_2155,Ateliers Municipaux,26
2291251,19:04:00,19:04:10,stop_point:SP_11,Gauguin,27
2291251,19:05:00,19:05:10,stop_point:SP_3190,Clemenceau,28
2291251,19:06:00,19:06:10,stop_point:SP_2601,Lot. Impérial,29
2291251,19:07:00,19:07:10,stop_point:SP_3709,Portet H. Boucher,30
2291252,18:56:00,18:56:10,stop_point:SP_4007,Basso Cambo,1
2291252,18:57:00,18:57:10,stop_point:SP_1298,Place Bouillière,2
2291252,18:59:00,18:59:10,stop_point:SP_5,Desnos,3
2291252,19:00:00,19:00:10,stop_point:SP_334,Ourliac,4
2291252,19:01:00,19:01:10,stop_point:SP_5102,Lestang,5
2291252,19:02:00,19:02:10,stop_point:SP_1357,René Valmy,6
2291252,19:03:00,19:03:10,stop_point:SP_2042,Eisenhower Est,7
2291252,19:04:00,19:04:10,stop_point:SP_3730,Perpignan,8
2291252,19:05:00,19:05:10,stop_point:SP_3467,Thibaud,9
2291252,19:08:00,19:08:10,stop_point:SP_3258,Larrieu,10
2291252,19:10:00,19:10:10,stop_point:SP_265,Clairfont,11
2291252,19:11:00,19:11:10,stop_point:SP_1374,Frênes,12
2291252,19:12:00,19:12:10,stop_point:SP_2247,Claire Fontaine,13
2291252,19:12:00,19:12:10,stop_point:SP_4000,Ecole Récébédou,14
2291252,19:13:00,19:13:10,stop_point:SP_2566,Ctre Cial Portet - Entrée 5,15
2291252,19:14:00,19:14:10,stop_point:SP_2478,Saliège,16
2291252,19:15:00,19:15:10,stop_point:SP_814,Boulodrome,17
2291252,19:16:00,19:16:10,stop_point:SP_2141,Collège de Portet,18
2291252,19:17:00,19:17:10,stop_point:SP_2439,Piscine,19
2291252,19:18:00,19:18:10,stop_point:SP_3831,Occitanie,20
2291252,19:19:00,19:19:10,stop_point:SP_1947,Commerce,21
2291252,19:20:00,19:20:10,stop_point:SP_1897,Bosquets,22
2291252,19:20:00,19:20:10,stop_point:SP_1127,Désiré,23
2291252,19:21:00,19:21:10,stop_point:SP_1779,Poste de Portet,24
2291252,19:21:00,19:21:10,stop_point:SP_3136,Mairie Portet,25
2291252,19:21:00,19:21:10,stop_point:SP_2155,Ateliers Municipaux,26
2291252,19:22:00,19:22:10,stop_point:SP_11,Gauguin,27
2291252,19:23:00,19:23:10,stop_point:SP_3190,Clemenceau,28
2291252,19:24:00,19:24:10,stop_point:SP_2601,Lot. Impérial,29
2291252,19:25:00,19:25:10,stop_point:SP_3709,Portet H. Boucher,30
2291253,19:25:00,19:25:10,stop_point:SP_4007,Basso Cambo,1
2291253,19:26:00,19:26:10,stop_point:SP_1298,Place Bouillière,2
2291253,19:28:00,19:28:10,stop_point:SP_5,Desnos,3
2291253,19:28:00,19:28:10,stop_point:SP_334,Ourliac,4
2291253,19:29:00,19:29:10,stop_point:SP_5102,Lestang,5
2291253,19:30:00,19:30:10,stop_point:SP_1357,René Valmy,6
2291253,19:31:00,19:31:10,stop_point:SP_2042,Eisenhower Est,7
2291253,19:32:00,19:32:10,stop_point:SP_3730,Perpignan,8
2291253,19:33:00,19:33:10,stop_point:SP_3467,Thibaud,9
2291253,19:36:00,19:36:10,stop_point:SP_3258,Larrieu,10
2291253,19:38:00,19:38:10,stop_point:SP_265,Clairfont,11
2291253,19:39:00,19:39:10,stop_point:SP_1374,Frênes,12
2291253,19:40:00,19:40:10,stop_point:SP_2247,Claire Fontaine,13
2291253,19:40:00,19:40:10,stop_point:SP_4000,Ecole Récébédou,14
2291253,19:41:00,19:41:10,stop_point:SP_2566,Ctre Cial Portet - Entrée 5,15
2291253,19:42:00,19:42:10,stop_point:SP_2478,Saliège,16
2291253,19:43:00,19:43:10,stop_point:SP_814,Boulodrome,17
2291253,19:44:00,19:44:10,stop_point:SP_2141,Collège de Portet,18
2291253,19:45:00,19:45:10,stop_point:SP_2439,Piscine,19
2291253,19:46:00,19:46:10,stop_point:SP_3831,Occitanie,20
2291253,19:47:00,19:47:10,stop_point:SP_1947,Commerce,21
2291253,19:48:00,19:48:10,stop_point:SP_1897,Bosquets,22
2291253,19:48:00,19:48:10,stop_point:SP_1127,Désiré,23
2291253,19:48:00,19:48:10,stop_point:SP_1779,Poste de Portet,24
2291253,19:49:00,19:49:10,stop_point:SP_3136,Mairie Portet,25
2291253,19:49:00,19:49:10,stop_point:SP_2155,Ateliers Municipaux,26
2291253,19:50:00,19:50:10,stop_point:SP_11,Gauguin,27
2291253,19:51:00,19:51:10,stop_point:SP_3190,Clemenceau,28
2291253,19:51:00,19:51:10,stop_point:SP_2601,Lot. Impérial,29
2291253,19:52:00,19:52:10,stop_point:SP_3709,Portet H. Boucher,30
2291254,19:55:00,19:55:10,stop_point:SP_4007,Basso Cambo,1
2291254,19:56:00,19:56:10,stop_point:SP_1298,Place Bouillière,2
2291254,19:58:00,19:58:10,stop_point:SP_5,Desnos,3
2291254,19:58:00,19:58:10,stop_point:SP_334,Ourliac,4
2291254,19:59:00,19:59:10,stop_point:SP_5102,Lestang,5
2291254,20:00:00,20:00:10,stop_point:SP_1357,René Valmy,6
2291254,20:01:00,20:01:10,stop_point:SP_2042,Eisenhower Est,7
2291254,20:02:00,20:02:10,stop_point:SP_3730,Perpignan,8
2291254,20:03:00,20:03:10,stop_point:SP_3467,Thibaud,9
2291254,20:06:00,20:06:10,stop_point:SP_3258,Larrieu,10
2291254,20:08:00,20:08:10,stop_point:SP_265,Clairfont,11
2291254,20:09:00,20:09:10,stop_point:SP_1374,Frênes,12
2291254,20:10:00,20:10:10,stop_point:SP_2247,Claire Fontaine,13
2291254,20:10:00,20:10:10,stop_point:SP_4000,Ecole Récébédou,14
2291254,20:11:00,20:11:10,stop_point:SP_2566,Ctre Cial Portet - Entrée 5,15
2291254,20:12:00,20:12:10,stop_point:SP_2478,Saliège,16
2291254,20:12:00,20:12:10,stop_point:SP_814,Boulodrome,17
2291254,20:13:00,20:13:10,stop_point:SP_2141,Collège de Portet,18
2291254,20:14:00,20:14:10,stop_point:SP_2439,Piscine,19
2291254,20:15:00,20:15:10,stop_point:SP_3831,Occitanie,20
2291254,20:16:00,20:16:10,stop_point:SP_1947,Commerce,21
2291254,20:17:00,20:17:10,stop_point:SP_1897,Bosquets,22
2291254,20:17:00,20:17:10,stop_point:SP_1127,Désiré,23
2291254,20:17:00,20:17:10,stop_point:SP_1779,Poste de Portet,24
2291254,20:18:00,20:18:10,stop_point:SP_3136,Mairie Portet,25
2291254,20:18:00,20:18:10,stop_point:SP_2155,Ateliers Municipaux,26
2291254,20:19:00,20:19:10,stop_point:SP_11,Gauguin,27
2291254,20:20:00,20:20:10,stop_point:SP_3190,Clemenceau,28
2291254,20:20:00,20:20:10,stop_point:SP_2601,Lot. Impérial,29
2291254,20:21:00,20:21:10,stop_point:SP_3709,Portet H. Boucher,30
2291255,20:25:00,20:25:10,stop_point:SP_4007,Basso Cambo,1
2291255,20:26:00,20:26:10,stop_point:SP_1298,Place Bouillière,2
2291255,20:28:00,20:28:10,stop_point:SP_5,Desnos,3
2291255,20:28:00,20:28:10,stop_point:SP_334,Ourliac,4
2291255,20:29:00,20:29:10,stop_point:SP_5102,Lestang,5
2291255,20:30:00,20:30:10,stop_point:SP_1357,René Valmy,6
2291255,20:31:00,20:31:10,stop_point:SP_2042,Eisenhower Est,7
2291255,20:32:00,20:32:10,stop_point:SP_3730,Perpignan,8
2291255,20:32:00,20:32:10,stop_point:SP_3467,Thibaud,9
2291255,20:35:00,20:35:10,stop_point:SP_3258,Larrieu,10
2291255,20:37:00,20:37:10,stop_point:SP_265,Clairfont,11
2291255,20:38:00,20:38:10,stop_point:SP_1374,Frênes,12
2291255,20:39:00,20:39:10,stop_point:SP_2247,Claire Fontaine,13
2291255,20:39:00,20:39:10,stop_point:SP_4000,Ecole Récébédou,14
2291255,20:40:00,20:40:10,stop_point:SP_2566,Ctre Cial Portet - Entrée 5,15
2291255,20:41:00,20:41:10,stop_point:SP_2478,Saliège,16
2291255,20:41:00,20:41:10,stop_point:SP_814,Boulodrome,17
2291255,20:42:00,20:42:10,stop_point:SP_2141,Collège de Portet,18
2291255,20:43:00,20:43:10,stop_point:SP_2439,Piscine,19
2291255,20:44:00,20:44:10,stop_point:SP_3831,Occitanie,20
2291255,20:45:00,20:45:10,stop_point:SP_1947,Commerce,21
2291255,20:46:00,20:46:10,stop_point:SP_1897,Bosquets,22
2291255,20:46:00,20:46:10,stop_point:SP_1127,Désiré,23
2291255,20:46:00,20:46:10,stop_point:SP_1779,Poste de Portet,24
2291255,20:47:00,20:47:10,stop_point:SP_3136,Mairie Portet,25
2291255,20:47:00,20:47:10,stop_point:SP_2155,Ateliers Municipaux,26
2291255,20:48:00,20:48:10,stop_point:SP_11,Gauguin,27
2291255,20:49:00,20:49:10,stop_point:SP_3190,Clemenceau,28
2291255,20:49:00,20:49:10,stop_point:SP_2601,Lot. Impérial,29
2291255,20:50:00,20:50:10,stop_point:SP_3709,Portet H. Boucher,30
2291256,21:00:00,21:00:10,stop_point:SP_4007,Basso Cambo,1
2291256,21:01:00,21:01:10,stop_point:SP_1298,Place Bouillière,2
2291256,21:03:00,21:03:10,stop_point:SP_5,Desnos,3
2291256,21:03:00,21:03:10,stop_point:SP_334,Ourliac,4
2291256,21:04:00,21:04:10,stop_point:SP_5102,Lestang,5
2291256,21:05:00,21:05:10,stop_point:SP_1357,René Valmy,6
2291256,21:06:00,21:06:10,stop_point:SP_2042,Eisenhower Est,7
2291256,21:07:00,21:07:10,stop_point:SP_3730,Perpignan,8
2291256,21:07:00,21:07:10,stop_point:SP_3467,Thibaud,9
2291256,21:10:00,21:10:10,stop_point:SP_3258,Larrieu,10
2291256,21:11:00,21:11:10,stop_point:SP_265,Clairfont,11
2291256,21:12:00,21:12:10,stop_point:SP_1374,Frênes,12
2291256,21:13:00,21:13:10,stop_point:SP_2247,Claire Fontaine,13
2291256,21:13:00,21:13:10,stop_point:SP_4000,Ecole Récébédou,14
2291256,21:14:00,21:14:10,stop_point:SP_2566,Ctre Cial Portet - Entrée 5,15
2291256,21:15:00,21:15:10,stop_point:SP_2478,Saliège,16
2291256,21:15:00,21:15:10,stop_point:SP_814,Boulodrome,17
2291256,21:16:00,21:16:10,stop_point:SP_2141,Collège de Portet,18
2291256,21:17:00,21:17:10,stop_point:SP_2439,Piscine,19
2291256,21:18:00,21:18:10,stop_point:SP_3831,Occitanie,20
2291256,21:18:00,21:18:10,stop_point:SP_1947,Commerce,21
2291256,21:19:00,21:19:10,stop_point:SP_1897,Bosquets,22
2291256,21:19:00,21:19:10,stop_point:SP_1127,Désiré,23
2291256,21:19:00,21:19:10,stop_point:SP_1779,Poste de Portet,24
2291256,21:20:00,21:20:10,stop_point:SP_3136,Mairie Portet,25
2291256,21:20:00,21:20:10,stop_point:SP_2155,Ateliers Municipaux,26
2291256,21:21:00,21:21:10,stop_point:SP_11,Gauguin,27
2291256,21:22:00,21:22:10,stop_point:SP_3190,Clemenceau,28
2291256,21:22:00,21:22:10,stop_point:SP_2601,Lot. Impérial,29
2291256,21:23:00,21:23:10,stop_point:SP_3709,Portet H. Boucher,30
2291257,06:10:00,06:10:10,stop_point:SP_3709,Portet H. Boucher,1
2291257,06:11:00,06:11:10,stop_point:SP_617,Lot. Impérial,2
2291257,06:12:00,06:12:10,stop_point:SP_535,Clemenceau,3
2291257,06:13:00,06:13:10,stop_point:SP_1699,Gauguin,4
2291257,06:13:00,06:13:10,stop_point:SP_1737,Ateliers Municipaux,5
2291257,06:14:00,06:14:10,stop_point:SP_807,Mairie Portet,6
2291257,06:14:00,06:14:10,stop_point:SP_1569,Poste de Portet,7
2291257,06:15:00,06:15:10,stop_point:SP_4773,Désiré,8
2291257,06:16:00,06:16:10,stop_point:SP_70,Eglise de Portet,9
2291257,06:17:00,06:17:10,stop_point:SP_1427,Commerce,10
2291257,06:17:00,06:17:10,stop_point:SP_1451,Occitanie,11
2291257,06:18:00,06:18:10,stop_point:SP_3101,Piscine,12
2291257,06:19:00,06:19:10,stop_point:SP_300,Collège de Portet,13
2291257,06:20:00,06:20:10,stop_point:SP_1919,Boulodrome,14
2291257,06:21:00,06:21:10,stop_point:SP_1553,Saliège,15
2291257,06:22:00,06:22:10,stop_point:SP_3084,Ctre Cial Portet - Entrée 5,16
2291257,06:23:00,06:23:10,stop_point:SP_2564,Ecole Récébédou,17
2291257,06:23:00,06:23:10,stop_point:SP_795,Claire Fontaine,18
2291257,06:24:00,06:24:10,stop_point:SP_415,Frênes,19
2291257,06:25:00,06:25:10,stop_point:SP_4940,Clairfont,20
2291257,06:27:00,06:27:10,stop_point:SP_320,Larrieu,21
2291257,06:30:00,06:30:10,stop_point:SP_2589,Thibaud,22
2291257,06:31:00,06:31:10,stop_point:SP_2167,Perpignan,23
2291257,06:32:00,06:32:10,stop_point:SP_2955,Eisenhower Est,24
2291257,06:33:00,06:33:10,stop_point:SP_1948,René Valmy,25
2291257,06:34:00,06:34:10,stop_point:SP_3703,Lestang,26
2291257,06:34:00,06:34:10,stop_point:SP_2011,Ourliac,27
2291257,06:35:00,06:35:10,stop_point:SP_16,Desnos,28
2291257,06:37:00,06:37:10,stop_point:SP_1244,Place Bouillière,29
2291257,06:38:00,06:38:10,stop_point:SP_4007,Basso Cambo,30
2291258,06:35:00,06:35:10,stop_point:SP_3709,Portet H. Boucher,1
2291258,06:36:00,06:36:10,stop_point:SP_617,Lot. Impérial,2
2291258,06:37:00,06:37:10,stop_point:SP_535,Clemenceau,3
2291258,06:38:00,06:38:10,stop_point:SP_1699,Gauguin,4
2291258,06:38:00,06:38:10,stop_point:SP_1737,Ateliers Municipaux,5
2291258,06:39:00,06:39:10,stop_point:SP_807,Mairie Portet,6
2291258,06:39:00,06:39:10,stop_point:SP_1569,Poste de Portet,7
2291258,06:40:00,06:40:10,stop_point:SP_4773,Désiré,8
2291258,06:41:00,06:41:10,stop_point:SP_70,Eglise de Portet,9
2291258,06:42:00,06:42:10,stop_point:SP_1427,Commerce,10
2291258,06:43:00,06:43:10,stop_point:SP_1451,Occitanie,11
2291258,06:44:00,06:44:10,stop_point:SP_3101,Piscine,12
2291258,06:45:00,06:45:10,stop_point:SP_300,Collège de Portet,13
2291258,06:46:00,06:46:10,stop_point:SP_1919,Boulodrome,14
2291258,06:47:00,06:47:10,stop_point:SP_1553,Saliège,15
2291258,06:48:00,06:48:10,stop_point:SP_3084,Ctre Cial Portet - Entrée 5,16
2291258,06:49:00,06:49:10,stop_point:SP_2564,Ecole Récébédou,17
2291258,06:50:00,06:50:10,stop_point:SP_795,Claire Fontaine,18
2291258,06:51:00,06:51:10,stop_point:SP_415,Frênes,19
2291258,06:52:00,06:52:10,stop_point:SP_4940,Clairfont,20
2291258,06:54:00,06:54:10,stop_point:SP_320,Larrieu,21
2291258,06:57:00,06:57:10,stop_point:SP_2589,Thibaud,22
2291258,06:58:00,06:58:10,stop_point:SP_2167,Perpignan,23
2291258,06:59:00,06:59:10,stop_point:SP_2955,Eisenhower Est,24
2291258,07:00:00,07:00:10,stop_point:SP_1948,René Valmy,25
2291258,07:01:00,07:01:10,stop_point:SP_3703,Lestang,26
2291258,07:01:00,07:01:10,stop_point:SP_2011,Ourliac,27
2291258,07:02:00,07:02:10,stop_point:SP_16,Desnos,28
2291258,07:04:00,07:04:10,stop_point:SP_1244,Place Bouillière,29
2291258,07:05:00,07:05:10,stop_point:SP_4007,Basso Cambo,30
2291259,06:55:00,06:55:10,stop_point:SP_3709,Portet H. Boucher,1
2291259,06:56:00,06:56:10,stop_point:SP_617,Lot. Impérial,2
2291259,06:57:00,06:57:10,stop_point:SP_535,Clemenceau,3
2291259,06:58:00,06:58:10,stop_point:SP_1699,Gauguin,4
2291259,06:58:00,06:58:10,stop_point:SP_1737,Ateliers Municipaux,5
2291259,06:59:00,06:59:10,stop_point:SP_807,Mairie Portet,6
2291259,06:59:00,06:59:10,stop_point:SP_1569,Poste de Portet,7
2291259,07:00:00,07:00:10,stop_point:SP_4773,Désiré,8
2291259,07:01:00,07:01:10,stop_point:SP_70,Eglise de Portet,9
2291259,07:02:00,07:02:10,stop_point:SP_1427,Commerce,10
2291259,07:03:00,07:03:10,stop_point:SP_1451,Occitanie,11
2291259,07:04:00,07:04:10,stop_point:SP_3101,Piscine,12
2291259,07:05:00,07:05:10,stop_point:SP_300,Collège de Portet,13
2291259,07:06:00,07:06:10,stop_point:SP_1919,Boulodrome,14
2291259,07:07:00,07:07:10,stop_point:SP_1553,Saliège,15
2291259,07:08:00,07:08:10,stop_point:SP_3084,Ctre Cial Portet - Entrée 5,16
2291259,07:09:00,07:09:10,stop_point:SP_2564,Ecole Récébédou,17
2291259,07:10:00,07:10:10,stop_point:SP_795,Claire Fontaine,18
2291259,07:11:00,07:11:10,stop_point:SP_415,Frênes,19
2291259,07:12:00,07:12:10,stop_point:SP_4940,Clairfont,20
2291259,07:14:00,07:14:10,stop_point:SP_320,Larrieu,21
2291259,07:18:00,07:18:10,stop_point:SP_2589,Thibaud,22
2291259,07:19:00,07:19:10,stop_point:SP_2167,Perpignan,23
2291259,07:20:00,07:20:10,stop_point:SP_2955,Eisenhower Est,24
2291259,07:21:00,07:21:10,stop_point:SP_1948,René Valmy,25
2291259,07:22:00,07:22:10,stop_point:SP_3703,Lestang,26
2291259,07:23:00,07:23:10,stop_point:SP_2011,Ourliac,27
2291259,07:24:00,07:24:10,stop_point:SP_16,Desnos,28
2291259,07:26:00,07:26:10,stop_point:SP_1244,Place Bouillière,29
2291259,07:27:00,07:27:10,stop_point:SP_4007,Basso Cambo,30
2291260,07:10:00,07:10:10,stop_point:SP_3709,Portet H. Boucher,1
2291260,07:11:00,07:11:10,stop_point:SP_617,Lot. Impérial,2
2291260,07:12:00,07:12:10,stop_point:SP_535,Clemenceau,3
2291260,07:13:00,07:13:10,stop_point:SP_1699,Gauguin,4
2291260,07:13:00,07:13:10,stop_point:SP_1737,Ateliers Municipaux,5
2291260,07:14:00,07:14:10,stop_point:SP_807,Mairie Portet,6
2291260,07:14:00,07:14:10,stop_point:SP_1569,Poste de Portet,7
2291260,07:15:00,07:15:10,stop_point:SP_4773,Désiré,8
2291260,07:16:00,07:16:10,stop_point:SP_70,Eglise de Portet,9
2291260,07:17:00,07:17:10,stop_point:SP_1427,Commerce,10
2291260,07:18:00,07:18:10,stop_point:SP_1451,Occitanie,11
2291260,07:19:00,07:19:10,stop_point:SP_3101,Piscine,12
2291260,07:20:00,07:20:10,stop_point:SP_300,Collège de Portet,13
2291260,07:21:00,07:21:10,stop_point:SP_1919,Boulodrome,14
2291260,07:22:00,07:22:10,stop_point:SP_1553,Saliège,15
2291260,07:23:00,07:23:10,stop_point:SP_3084,Ctre Cial Portet - Entrée 5,16
2291260,07:24:00,07:24:10,stop_point:SP_2564,Ecole Récébédou,17
2291260,07:25:00,07:25:10,stop_point:SP_795,Claire Fontaine,18
2291260,07:26:00,07:26:10,stop_point:SP_415,Frênes,19
2291260,07:27:00,07:27:10,stop_point:SP_4940,Clairfont,20
2291260,07:29:00,07:29:10,stop_point:SP_320,Larrieu,21
2291260,07:34:00,07:34:10,stop_point:SP_2589,Thibaud,22
2291260,07:35:00,07:35:10,stop_point:SP_2167,Perpignan,23
2291260,07:36:00,07:36:10,stop_point:SP_2955,Eisenhower Est,24
2291260,07:37:00,07:37:10,stop_point:SP_1948,René Valmy,25
2291260,07:38:00,07:38:10,stop_point:SP_3703,Lestang,26
2291260,07:39:00,07:39:10,stop_point:SP_2011,Ourliac,27
2291260,07:40:00,07:40:10,stop_point:SP_16,Desnos,28
2291260,07:42:00,07:42:10,stop_point:SP_1244,Place Bouillière,29
2291260,07:43:00,07:43:10,stop_point:SP_4007,Basso Cambo,30
2291261,07:25:00,07:25:10,stop_point:SP_3709,Portet H. Boucher,1
2291261,07:26:00,07:26:10,stop_point:SP_617,Lot. Impérial,2
2291261,07:27:00,07:27:10,stop_point:SP_535,Clemenceau,3
2291261,07:29:00,07:29:10,stop_point:SP_1699,Gauguin,4
2291261,07:29:00,07:29:10,stop_point:SP_1737,Ateliers Municipaux,5
2291261,07:30:00,07:30:10,stop_point:SP_807,Mairie Portet,6
2291261,07:31:00,07:31:10,stop_point:SP_1569,Poste de Portet,7
2291261,07:32:00,07:32:10,stop_point:SP_4773,Désiré,8
2291261,07:33:00,07:33:10,stop_point:SP_70,Eglise de Portet,9
2291261,07:34:00,07:34:10,stop_point:SP_1427,Commerce,10
2291261,07:35:00,07:35:10,stop_point:SP_1451,Occitanie,11
2291261,07:36:00,07:36:10,stop_point:SP_3101,Piscine,12
2291261,07:37:00,07:37:10,stop_point:SP_300,Collège de Portet,13
2291261,07:38:00,07:38:10,stop_point:SP_1919,Boulodrome,14
2291261,07:39:00,07:39:10,stop_point:SP_1553,Saliège,15
2291261,07:40:00,07:40:10,stop_point:SP_3084,Ctre Cial Portet - Entrée 5,16
2291261,07:42:00,07:42:10,stop_point:SP_2564,Ecole Récébédou,17
2291261,07:43:00,07:43:10,stop_point:SP_795,Claire Fontaine,18
2291261,07:44:00,07:44:10,stop_point:SP_415,Frênes,19
2291261,07:45:00,07:45:10,stop_point:SP_4940,Clairfont,20
2291261,07:47:00,07:47:10,stop_point:SP_320,Larrieu,21
2291261,07:52:00,07:52:10,stop_point:SP_2589,Thibaud,22
2291261,07:53:00,07:53:10,stop_point:SP_2167,Perpignan,23
2291261,07:54:00,07:54:10,stop_point:SP_2955,Eisenhower Est,24
2291261,07:55:00,07:55:10,stop_point:SP_1948,René Valmy,25
2291261,07:56:00,07:56:10,stop_point:SP_3703,Lestang,26
2291261,07:57:00,07:57:10,stop_point:SP_2011,Ourliac,27
2291261,07:58:00,07:58:10,stop_point:SP_16,Desnos,28
2291261,08:00:00,08:00:10,stop_point:SP_1244,Place Bouillière,29
2291261,08:01:00,08:01:10,stop_point:SP_4007,Basso Cambo,30
2291262,07:40:00,07:40:10,stop_point:SP_3709,Portet H. Boucher,1
2291262,07:41:00,07:41:10,stop_point:SP_617,Lot. Impérial,2
2291262,07:42:00,07:42:10,stop_point:SP_535,Clemenceau,3
2291262,07:44:00,07:44:10,stop_point:SP_1699,Gauguin,4
2291262,07:44:00,07:44:10,stop_point:SP_1737,Ateliers Municipaux,5
2291262,07:45:00,07:45:10,stop_point:SP_807,Mairie Portet,6
2291262,07:46:00,07:46:10,stop_point:SP_1569,Poste de Portet,7
2291262,07:47:00,07:47:10,stop_point:SP_4773,Désiré,8
2291262,07:48:00,07:48:10,stop_point:SP_70,Eglise de Portet,9
2291262,07:49:00,07:49:10,stop_point:SP_1427,Commerce,10
2291262,07:50:00,07:50:10,stop_point:SP_1451,Occitanie,11
2291262,07:51:00,07:51:10,stop_point:SP_3101,Piscine,12
2291262,07:52:00,07:52:10,stop_point:SP_300,Collège de Portet,13
2291262,07:53:00,07:53:10,stop_point:SP_1919,Boulodrome,14
2291262,07:54:00,07:54:10,stop_point:SP_1553,Saliège,15
2291262,07:55:00,07:55:10,stop_point:SP_3084,Ctre Cial Portet - Entrée 5,16
2291262,07:57:00,07:57:10,stop_point:SP_2564,Ecole Récébédou,17
2291262,07:58:00,07:58:10,stop_point:SP_795,Claire Fontaine,18
2291262,07:59:00,07:59:10,stop_point:SP_415,Frênes,19
2291262,08:00:00,08:00:10,stop_point:SP_4940,Clairfont,20
2291262,08:02:00,08:02:10,stop_point:SP_320,Larrieu,21
2291262,08:07:00,08:07:10,stop_point:SP_2589,Thibaud,22
2291262,08:08:00,08:08:10,stop_point:SP_2167,Perpignan,23
2291262,08:09:00,08:09:10,stop_point:SP_2955,Eisenhower Est,24
2291262,08:10:00,08:10:10,stop_point:SP_1948,René Valmy,25
2291262,08:11:00,08:11:10,stop_point:SP_3703,Lestang,26
2291262,08:12:00,08:12:10,stop_point:SP_2011,Ourliac,27
2291262,08:13:00,08:13:10,stop_point:SP_16,Desnos,28
2291262,08:15:00,08:15:10,stop_point:SP_1244,Place Bouillière,29
2291262,08:16:00,08:16:10,stop_point:SP_4007,Basso Cambo,30
2291263,07:55:00,07:55:10,stop_point:SP_3709,Portet H. Boucher,1
2291263,07:56:00,07:56:10,stop_point:SP_617,Lot. Impérial,2
2291263,07:57:00,07:57:10,stop_point:SP_535,Clemenceau,3
2291263,07:58:00,07:58:10,stop_point:SP_1699,Gauguin,4
2291263,07:59:00,07:59:10,stop_point:SP_1737,Ateliers Municipaux,5
2291263,08:00:00,08:00:10,stop_point:SP_807,Mairie Portet,6
2291263,08:00:00,08:00:10,stop_point:SP_1569,Poste de Portet,7
2291263,08:01:00,08:01:10,stop_point:SP_4773,Désiré,8
2291263,08:02:00,08:02:10,stop_point:SP_70,Eglise de Portet,9
2291263,08:03:00,08:03:10,stop_point:SP_1427,Commerce,10
2291263,08:04:00,08:04:10,stop_point:SP_1451,Occitanie,11
2291263,08:05:00,08:05:10,stop_point:SP_3101,Piscine,12
2291263,08:06:00,08:06:10,stop_point:SP_300,Collège de Portet,13
2291263,08:07:00,08:07:10,stop_point:SP_1919,Boulodrome,14
2291263,08:08:00,08:08:10,stop_point:SP_1553,Saliège,15
2291263,08:09:00,08:09:10,stop_point:SP_3084,Ctre Cial Portet - Entrée 5,16
2291263,08:11:00,08:11:10,stop_point:SP_2564,Ecole Récébédou,17
2291263,08:12:00,08:12:10,stop_point:SP_795,Claire Fontaine,18
2291263,08:13:00,08:13:10,stop_point:SP_415,Frênes,19
2291263,08:14:00,08:14:10,stop_point:SP_4940,Clairfont,20
2291263,08:16:00,08:16:10,stop_point:SP_320,Larrieu,21
2291263,08:20:00,08:20:10,stop_point:SP_2589,Thibaud,22
2291263,08:21:00,08:21:10,stop_point:SP_2167,Perpignan,23
2291263,08:22:00,08:22:10,stop_point:SP_2955,Eisenhower Est,24
2291263,08:23:00,08:23:10,stop_point:SP_1948,René Valmy,25
2291263,08:24:00,08:24:10,stop_point:SP_3703,Lestang,26
2291263,08:25:00,08:25:10,stop_point:SP_2011,Ourliac,27
2291263,08:26:00,08:26:10,stop_point:SP_16,Desnos,28
2291263,08:28:00,08:28:10,stop_point:SP_1244,Place Bouillière,29
2291263,08:29:00,08:29:10,stop_point:SP_4007,Basso Cambo,30
2291264,08:11:00,08:11:10,stop_point:SP_3709,Portet H. Boucher,1
2291264,08:12:00,08:12:10,stop_point:SP_617,Lot. Impérial,2
2291264,08:13:00,08:13:10,stop_point:SP_535,Clemenceau,3
2291264,08:14:00,08:14:10,stop_point:SP_1699,Gauguin,4
2291264,08:15:00,08:15:10,stop_point:SP_1737,Ateliers Municipaux,5
2291264,08:16:00,08:16:10,stop_point:SP_807,Mairie Portet,6
2291264,08:16:00,08:16:10,stop_point:SP_1569,Poste de Portet,7
2291264,08:17:00,08:17:10,stop_point:SP_4773,Désiré,8
2291264,08:18:00,08:18:10,stop_point:SP_70,Eglise de Portet,9
2291264,08:19:00,08:19:10,stop_point:SP_1427,Commerce,10
2291264,08:20:00,08:20:10,stop_point:SP_1451,Occitanie,11
2291264,08:21:00,08:21:10,stop_point:SP_3101,Piscine,12
2291264,08:22:00,08:22:10,stop_point:SP_300,Collège de Portet,13
2291264,08:23:00,08:23:10,stop_point:SP_1919,Boulodrome,14
2291264,08:24:00,08:24:10,stop_point:SP_1553,Saliège,15
2291264,08:25:00,08:25:10,stop_point:SP_3084,Ctre Cial Portet - Entrée 5,16
2291264,08:27:00,08:27:10,stop_point:SP_2564,Ecole Récébédou,17
2291264,08:28:00,08:28:10,stop_point:SP_795,Claire Fontaine,18
2291264,08:29:00,08:29:10,stop_point:SP_415,Frênes,19
2291264,08:30:00,08:30:10,stop_point:SP_4940,Clairfont,20
2291264,08:32:00,08:32:10,stop_point:SP_320,Larrieu,21
2291264,08:36:00,08:36:10,stop_point:SP_2589,Thibaud,22
2291264,08:37:00,08:37:10,stop_point:SP_2167,Perpignan,23
2291264,08:38:00,08:38:10,stop_point:SP_2955,Eisenhower Est,24
2291264,08:39:00,08:39:10,stop_point:SP_1948,René Valmy,25
2291264,08:40:00,08:40:10,stop_point:SP_3703,Lestang,26
2291264,08:41:00,08:41:10,stop_point:SP_2011,Ourliac,27
2291264,08:42:00,08:42:10,stop_point:SP_16,Desnos,28
2291264,08:44:00,08:44:10,stop_point:SP_1244,Place Bouillière,29
2291264,08:45:00,08:45:10,stop_point:SP_4007,Basso Cambo,30
2291265,08:26:00,08:26:10,stop_point:SP_3709,Portet H. Boucher,1
2291265,08:27:00,08:27:10,stop_point:SP_617,Lot. Impérial,2
2291265,08:28:00,08:28:10,stop_point:SP_535,Clemenceau,3
2291265,08:29:00,08:29:10,stop_point:SP_1699,Gauguin,4
2291265,08:30:00,08:30:10,stop_point:SP_1737,Ateliers Municipaux,5
2291265,08:31:00,08:31:10,stop_point:SP_807,Mairie Portet,6
2291265,08:31:00,08:31:10,stop_point:SP_1569,Poste de Portet,7
2291265,08:32:00,08:32:10,stop_point:SP_4773,Désiré,8
2291265,08:33:00,08:33:10,stop_point:SP_70,Eglise de Portet,9
2291265,08:34:00,08:34:10,stop_point:SP_1427,Commerce,10
2291265,08:35:00,08:35:10,stop_point:SP_1451,Occitanie,11
2291265,08:36:00,08:36:10,stop_point:SP_3101,Piscine,12
2291265,08:37:00,08:37:10,stop_point:SP_300,Collège de Portet,13
2291265,08:38:00,08:38:10,stop_point:SP_1919,Boulodrome,14
2291265,08:39:00,08:39:10,stop_point:SP_1553,Saliège,15
2291265,08:40:00,08:40:10,stop_point:SP_3084,Ctre Cial Portet - Entrée 5,16
2291265,08:42:00,08:42:10,stop_point:SP_2564,Ecole Récébédou,17
2291265,08:43:00,08:43:10,stop_point:SP_795,Claire Fontaine,18
2291265,08:44:00,08:44:10,stop_point:SP_415,Frênes,19
2291265,08:45:00,08:45:10,stop_point:SP_4940,Clairfont,20
2291265,08:47:00,08:47:10,stop_point:SP_320,Larrieu,21
2291265,08:51:00,08:51:10,stop_point:SP_2589,Thibaud,22
2291265,08:52:00,08:52:10,stop_point:SP_2167,Perpignan,23
2291265,08:53:00,08:53:10,stop_point:SP_2955,Eisenhower Est,24
2291265,08:54:00,08:54:10,stop_point:SP_1948,René Valmy,25
2291265,08:55:00,08:55:10,stop_point:SP_3703,Lestang,26
2291265,08:56:00,08:56:10,stop_point:SP_2011,Ourliac,27
2291265,08:57:00,08:57:10,stop_point:SP_16,Desnos,28
2291265,08:59:00,08:59:10,stop_point:SP_1244,Place Bouillière,29
2291265,09:00:00,09:00:10,stop_point:SP_4007,Basso Cambo,30
2291266,08:42:00,08:42:10,stop_point:SP_3709,Portet H. Boucher,1
2291266,08:43:00,08:43:10,stop_point:SP_617,Lot. Impérial,2
2291266,08:44:00,08:44:10,stop_point:SP_535,Clemenceau,3
2291266,08:45:00,08:45:10,stop_point:SP_1699,Gauguin,4
2291266,08:46:00,08:46:10,stop_point:SP_1737,Ateliers Municipaux,5
2291266,08:47:00,08:47:10,stop_point:SP_807,Mairie Portet,6
2291266,08:47:00,08:47:10,stop_point:SP_1569,Poste de Portet,7
2291266,08:48:00,08:48:10,stop_point:SP_4773,Désiré,8
2291266,08:49:00,08:49:10,stop_point:SP_70,Eglise de Portet,9
2291266,08:50:00,08:50:10,stop_point:SP_1427,Commerce,10
2291266,08:51:00,08:51:10,stop_point:SP_1451,Occitanie,11
2291266,08:52:00,08:52:10,stop_point:SP_3101,Piscine,12
2291266,08:53:00,08:53:10,stop_point:SP_300,Collège de Portet,13
2291266,08:54:00,08:54:10,stop_point:SP_1919,Boulodrome,14
2291266,08:55:00,08:55:10,stop_point:SP_1553,Saliège,15
2291266,08:56:00,08:56:10,stop_point:SP_3084,Ctre Cial Portet - Entrée 5,16
2291266,08:58:00,08:58:10,stop_point:SP_2564,Ecole Récébédou,17
2291266,08:59:00,08:59:10,stop_point:SP_795,Claire Fontaine,18
2291266,09:00:00,09:00:10,stop_point:SP_415,Frênes,19
2291266,09:01:00,09:01:10,stop_point:SP_4940,Clairfont,20
2291266,09:03:00,09:03:10,stop_point:SP_320,Larrieu,21
2291266,09:07:00,09:07:10,stop_point:SP_2589,Thibaud,22
2291266,09:08:00,09:08:10,stop_point:SP_2167,Perpignan,23
2291266,09:09:00,09:09:10,stop_point:SP_2955,Eisenhower Est,24
2291266,09:10:00,09:10:10,stop_point:SP_1948,René Valmy,25
2291266,09:11:00,09:11:10,stop_point:SP_3703,Lestang,26
2291266,09:11:00,09:11:10,stop_point:SP_2011,Ourliac,27
2291266,09:12:00,09:12:10,stop_point:SP_16,Desnos,28
2291266,09:14:00,09:14:10,stop_point:SP_1244,Place Bouillière,29
2291266,09:15:00,09:15:10,stop_point:SP_4007,Basso Cambo,30
2291267,08:57:00,08:57:10,stop_point:SP_3709,Portet H. Boucher,1
2291267,08:58:00,08:58:10,stop_point:SP_617,Lot. Impérial,2
2291267,08:59:00,08:59:10,stop_point:SP_535,Clemenceau,3
2291267,09:00:00,09:00:10,stop_point:SP_1699,Gauguin,4
2291267,09:01:00,09:01:10,stop_point:SP_1737,Ateliers Municipaux,5
2291267,09:02:00,09:02:10,stop_point:SP_807,Mairie Portet,6
2291267,09:02:00,09:02:10,stop_point:SP_1569,Poste de Portet,7
2291267,09:03:00,09:03:10,stop_point:SP_4773,Désiré,8
2291267,09:04:00,09:04:10,stop_point:SP_70,Eglise de Portet,9
2291267,09:05:00,09:05:10,stop_point:SP_1427,Commerce,10
2291267,09:06:00,09:06:10,stop_point:SP_1451,Occitanie,11
2291267,09:07:00,09:07:10,stop_point:SP_3101,Piscine,12
2291267,09:08:00,09:08:10,stop_point:SP_300,Collège de Portet,13
2291267,09:09:00,09:09:10,stop_point:SP_1919,Boulodrome,14
2291267,09:10:00,09:10:10,stop_point:SP_1553,Saliège,15
2291267,09:11:00,09:11:10,stop_point:SP_3084,Ctre Cial Portet - Entrée 5,16
2291267,09:12:00,09:12:10,stop_point:SP_2564,Ecole Récébédou,17
2291267,09:13:00,09:13:10,stop_point:SP_795,Claire Fontaine,18
2291267,09:14:00,09:14:10,stop_point:SP_415,Frênes,19
2291267,09:15:00,09:15:10,stop_point:SP_4940,Clairfont,20
2291267,09:17:00,09:17:10,stop_point:SP_320,Larrieu,21
2291267,09:21:00,09:21:10,stop_point:SP_2589,Thibaud,22
2291267,09:22:00,09:22:10,stop_point:SP_2167,Perpignan,23
2291267,09:23:00,09:23:10,stop_point:SP_2955,Eisenhower Est,24
2291267,09:24:00,09:24:10,stop_point:SP_1948,René Valmy,25
2291267,09:25:00,09:25:10,stop_point:SP_3703,Lestang,26
2291267,09:25:00,09:25:10,stop_point:SP_2011,Ourliac,27
2291267,09:26:00,09:26:10,stop_point:SP_16,Desnos,28
2291267,09:28:00,09:28:10,stop_point:SP_1244,Place Bouillière,29
2291267,09:29:00,09:29:10,stop_point:SP_4007,Basso Cambo,30
2291268,09:14:00,09:14:10,stop_point:SP_3709,Portet H. Boucher,1
2291268,09:15:00,09:15:10,stop_point:SP_617,Lot. Impérial,2
2291268,09:16:00,09:16:10,stop_point:SP_535,Clemenceau,3
2291268,09:17:00,09:17:10,stop_point:SP_1699,Gauguin,4
2291268,09:17:00,09:17:10,stop_point:SP_1737,Ateliers Municipaux,5
2291268,09:18:00,09:18:10,stop_point:SP_807,Mairie Portet,6
2291268,09:18:00,09:18:10,stop_point:SP_1569,Poste de Portet,7
2291268,09:19:00,09:19:10,stop_point:SP_4773,Désiré,8
2291268,09:20:00,09:20:10,stop_point:SP_70,Eglise de Portet,9
2291268,09:21:00,09:21:10,stop_point:SP_1427,Commerce,10
2291268,09:22:00,09:22:10,stop_point:SP_1451,Occitanie,11
2291268,09:23:00,09:23:10,stop_point:SP_3101,Piscine,12
2291268,09:24:00,09:24:10,stop_point:SP_300,Collège de Portet,13
2291268,09:25:00,09:25:10,stop_point:SP_1919,Boulodrome,14
2291268,09:26:00,09:26:10,stop_point:SP_1553,Saliège,15
2291268,09:27:00,09:27:10,stop_point:SP_3084,Ctre Cial Portet - Entrée 5,16
2291268,09:28:00,09:28:10,stop_point:SP_2564,Ecole Récébédou,17
2291268,09:29:00,09:29:10,stop_point:SP_795,Claire Fontaine,18
2291268,09:30:00,09:30:10,stop_point:SP_415,Frênes,19
2291268,09:31:00,09:31:10,stop_point:SP_4940,Clairfont,20
2291268,09:33:00,09:33:10,stop_point:SP_320,Larrieu,21
2291268,09:37:00,09:37:10,stop_point:SP_2589,Thibaud,22
2291268,09:38:00,09:38:10,stop_point:SP_2167,Perpignan,23
2291268,09:39:00,09:39:10,stop_point:SP_2955,Eisenhower Est,24
2291268,09:40:00,09:40:10,stop_point:SP_1948,René Valmy,25
2291268,09:41:00,09:41:10,stop_point:SP_3703,Lestang,26
2291268,09:41:00,09:41:10,stop_point:SP_2011,Ourliac,27
2291268,09:42:00,09:42:10,stop_point:SP_16,Desnos,28
2291268,09:44:00,09:44:10,stop_point:SP_1244,Place Bouillière,29
2291268,09:45:00,09:45:10,stop_point:SP_4007,Basso Cambo,30
2291269,09:36:00,09:36:10,stop_point:SP_3709,Portet H. Boucher,1
2291269,09:37:00,09:37:10,stop_point:SP_617,Lot. Impérial,2
2291269,09:38:00,09:38:10,stop_point:SP_535,Clemenceau,3
2291269,09:39:00,09:39:10,stop_point:SP_1699,Gauguin,4
2291269,09:39:00,09:39:10,stop_point:SP_1737,Ateliers Municipaux,5
2291269,09:40:00,09:40:10,stop_point:SP_807,Mairie Portet,6
2291269,09:40:00,09:40:10,stop_point:SP_1569,Poste de Portet,7
2291269,09:41:00,09:41:10,stop_point:SP_4773,Désiré,8
2291269,09:42:00,09:42:10,stop_point:SP_70,Eglise de Portet,9
2291269,09:43:00,09:43:10,stop_point:SP_1427,Commerce,10
2291269,09:44:00,09:44:10,stop_point:SP_1451,Occitanie,11
2291269,09:45:00,09:45:10,stop_point:SP_3101,Piscine,12
2291269,09:46:00,09:46:10,stop_point:SP_300,Collège de Portet,13
2291269,09:47:00,09:47:10,stop_point:SP_1919,Boulodrome,14
2291269,09:48:00,09:48:10,stop_point:SP_1553,Saliège,15
2291269,09:49:00,09:49:10,stop_point:SP_3084,Ctre Cial Portet - Entrée 5,16
2291269,09:50:00,09:50:10,stop_point:SP_2564,Ecole Récébédou,17
2291269,09:51:00,09:51:10,stop_point:SP_795,Claire Fontaine,18
2291269,09:52:00,09:52:10,stop_point:SP_415,Frênes,19
2291269,09:53:00,09:53:10,stop_point:SP_4940,Clairfont,20
2291269,09:55:00,09:55:10,stop_point:SP_320,Larrieu,21
2291269,09:59:00,09:59:10,stop_point:SP_2589,Thibaud,22
2291269,10:00:00,10:00:10,stop_point:SP_2167,Perpignan,23
2291269,10:01:00,10:01:10,stop_point:SP_2955,Eisenhower Est,24
2291269,10:02:00,10:02:10,stop_point:SP_1948,René Valmy,25
2291269,10:03:00,10:03:10,stop_point:SP_3703,Lestang,26
2291269,10:03:00,10:03:10,stop_point:SP_2011,Ourliac,27
2291269,10:04:00,10:04:10,stop_point:SP_16,Desnos,28
2291269,10:06:00,10:06:10,stop_point:SP_1244,Place Bouillière,29
2291269,10:07:00,10:07:10,stop_point:SP_4007,Basso Cambo,30
2291270,09:58:00,09:58:10,stop_point:SP_3709,Portet H. Boucher,1
2291270,09:59:00,09:59:10,stop_point:SP_617,Lot. Impérial,2
2291270,10:00:00,10:00:10,stop_point:SP_535,Clemenceau,3
2291270,10:01:00,10:01:10,stop_point:SP_1699,Gauguin,4
2291270,10:01:00,10:01:10,stop_point:SP_1737,Ateliers Municipaux,5
2291270,10:02:00,10:02:10,stop_point:SP_807,Mairie Portet,6
2291270,10:02:00,10:02:10,stop_point:SP_1569,Poste de Portet,7
2291270,10:03:00,10:03:10,stop_point:SP_4773,Désiré,8
2291270,10:04:00,10:04:10,stop_point:SP_70,Eglise de Portet,9
2291270,10:05:00,10:05:10,stop_point:SP_1427,Commerce,10
2291270,10:06:00,10:06:10,stop_point:SP_1451,Occitanie,11
2291270,10:07:00,10:07:10,stop_point:SP_3101,Piscine,12
2291270,10:08:00,10:08:10,stop_point:SP_300,Collège de Portet,13
2291270,10:09:00,10:09:10,stop_point:SP_1919,Boulodrome,14
2291270,10:10:00,10:10:10,stop_point:SP_1553,Saliège,15
2291270,10:11:00,10:11:10,stop_point:SP_3084,Ctre Cial Portet - Entrée 5,16
2291270,10:12:00,10:12:10,stop_point:SP_2564,Ecole Récébédou,17
2291270,10:13:00,10:13:10,stop_point:SP_795,Claire Fontaine,18
2291270,10:14:00,10:14:10,stop_point:SP_415,Frênes,19
2291270,10:15:00,10:15:10,stop_point:SP_4940,Clairfont,20
2291270,10:17:00,10:17:10,stop_point:SP_320,Larrieu,21
2291270,10:21:00,10:21:10,stop_point:SP_2589,Thibaud,22
2291270,10:22:00,10:22:10,stop_point:SP_2167,Perpignan,23
2291270,10:23:00,10:23:10,stop_point:SP_2955,Eisenhower Est,24
2291270,10:24:00,10:24:10,stop_point:SP_1948,René Valmy,25
2291270,10:25:00,10:25:10,stop_point:SP_3703,Lestang,26
2291270,10:25:00,10:25:10,stop_point:SP_2011,Ourliac,27
2291270,10:26:00,10:26:10,stop_point:SP_16,Desnos,28
2291270,10:28:00,10:28:10,stop_point:SP_1244,Place Bouillière,29
2291270,10:29:00,10:29:10,stop_point:SP_4007,Basso Cambo,30
2291271,10:20:00,10:20:10,stop_point:SP_3709,Portet H. Boucher,1
2291271,10:21:00,10:21:10,stop_point:SP_617,Lot. Impérial,2
2291271,10:22:00,10:22:10,stop_point:SP_535,Clemenceau,3
2291271,10:23:00,10:23:10,stop_point:SP_1699,Gauguin,4
2291271,10:23:00,10:23:10,stop_point:SP_1737,Ateliers Municipaux,5
2291271,10:24:00,10:24:10,stop_point:SP_807,Mairie Portet,6
2291271,10:24:00,10:24:10,stop_point:SP_1569,Poste de Portet,7
2291271,10:25:00,10:25:10,stop_point:SP_4773,Désiré,8
2291271,10:26:00,10:26:10,stop_point:SP_70,Eglise de Portet,9
2291271,10:27:00,10:27:10,stop_point:SP_1427,Commerce,10
2291271,10:28:00,10:28:10,stop_point:SP_1451,Occitanie,11
2291271,10:29:00,10:29:10,stop_point:SP_3101,Piscine,12
2291271,10:30:00,10:30:10,stop_point:SP_300,Collège de Portet,13
2291271,10:31:00,10:31:10,stop_point:SP_1919,Boulodrome,14
2291271,10:32:00,10:32:10,stop_point:SP_1553,Saliège,15
2291271,10:33:00,10:33:10,stop_point:SP_3084,Ctre Cial Portet - Entrée 5,16
2291271,10:34:00,10:34:10,stop_point:SP_2564,Ecole Récébédou,17
2291271,10:35:00,10:35:10,stop_point:SP_795,Claire Fontaine,18
2291271,10:36:00,10:36:10,stop_point:SP_415,Frênes,19
2291271,10:37:00,10:37:10,stop_point:SP_4940,Clairfont,20
2291271,10:39:00,10:39:10,stop_point:SP_320,Larrieu,21
2291271,10:43:00,10:43:10,stop_point:SP_2589,Thibaud,22
2291271,10:44:00,10:44:10,stop_point:SP_2167,Perpignan,23
2291271,10:45:00,10:45:10,stop_point:SP_2955,Eisenhower Est,24
2291271,10:46:00,10:46:10,stop_point:SP_1948,René Valmy,25
2291271,10:47:00,10:47:10,stop_point:SP_3703,Lestang,26
2291271,10:47:00,10:47:10,stop_point:SP_2011,Ourliac,27
2291271,10:48:00,10:48:10,stop_point:SP_16,Desnos,28
2291271,10:50:00,10:50:10,stop_point:SP_1244,Place Bouillière,29
2291271,10:51:00,10:51:10,stop_point:SP_4007,Basso Cambo,30
2291272,10:42:00,10:42:10,stop_point:SP_3709,Portet H. Boucher,1
2291272,10:43:00,10:43:10,stop_point:SP_617,Lot. Impérial,2
2291272,10:44:00,10:44:10,stop_point:SP_535,Clemenceau,3
2291272,10:45:00,10:45:10,stop_point:SP_1699,Gauguin,4
2291272,10:45:00,10:45:10,stop_point:SP_1737,Ateliers Municipaux,5
2291272,10:46:00,10:46:10,stop_point:SP_807,Mairie Portet,6
2291272,10:46:00,10:46:10,stop_point:SP_1569,Poste de Portet,7
2291272,10:47:00,10:47:10,stop_point:SP_4773,Désiré,8
2291272,10:48:00,10:48:10,stop_point:SP_70,Eglise de Portet,9
2291272,10:49:00,10:49:10,stop_point:SP_1427,Commerce,10
2291272,10:50:00,10:50:10,stop_point:SP_1451,Occitanie,11
2291272,10:51:00,10:51:10,stop_point:SP_3101,Piscine,12
2291272,10:52:00,10:52:10,stop_point:SP_300,Collège de Portet,13
2291272,10:53:00,10:53:10,stop_point:SP_1919,Boulodrome,14
2291272,10:54:00,10:54:10,stop_point:SP_1553,Saliège,15
2291272,10:55:00,10:55:10,stop_point:SP_3084,Ctre Cial Portet - Entrée 5,16
2291272,10:56:00,10:56:10,stop_point:SP_2564,Ecole Récébédou,17
2291272,10:57:00,10:57:10,stop_point:SP_795,Claire Fontaine,18
2291272,10:58:00,10:58:10,stop_point:SP_415,Frênes,19
2291272,10:59:00,10:59:10,stop_point:SP_4940,Clairfont,20
2291272,11:01:00,11:01:10,stop_point:SP_320,Larrieu,21
2291272,11:05:00,11:05:10,stop_point:SP_2589,Thibaud,22
2291272,11:06:00,11:06:10,stop_point:SP_2167,Perpignan,23
2291272,11:07:00,11:07:10,stop_point:SP_2955,Eisenhower Est,24
2291272,11:08:00,11:08:10,stop_point:SP_1948,René Valmy,25
2291272,11:09:00,11:09:10,stop_point:SP_3703,Lestang,26
2291272,11:09:00,11:09:10,stop_point:SP_2011,Ourliac,27
2291272,11:10:00,11:10:10,stop_point:SP_16,Desnos,28
2291272,11:12:00,11:12:10,stop_point:SP_1244,Place Bouillière,29
2291272,11:13:00,11:13:10,stop_point:SP_4007,Basso Cambo,30
2291273,11:04:00,11:04:10,stop_point:SP_3709,Portet H. Boucher,1
2291273,11:05:00,11:05:10,stop_point:SP_617,Lot. Impérial,2
2291273,11:06:00,11:06:10,stop_point:SP_535,Clemenceau,3
2291273,11:07:00,11:07:10,stop_point:SP_1699,Gauguin,4
2291273,11:07:00,11:07:10,stop_point:SP_1737,Ateliers Municipaux,5
2291273,11:08:00,11:08:10,stop_point:SP_807,Mairie Portet,6
2291273,11:08:00,11:08:10,stop_point:SP_1569,Poste de Portet,7
2291273,11:09:00,11:09:10,stop_point:SP_4773,Désiré,8
2291273,11:10:00,11:10:10,stop_point:SP_70,Eglise de Portet,9
2291273,11:11:00,11:11:10,stop_point:SP_1427,Commerce,10
2291273,11:12:00,11:12:10,stop_point:SP_1451,Occitanie,11
2291273,11:13:00,11:13:10,stop_point:SP_3101,Piscine,12
2291273,11:14:00,11:14:10,stop_point:SP_300,Collège de Portet,13
2291273,11:15:00,11:15:10,stop_point:SP_1919,Boulodrome,14
2291273,11:16:00,11:16:10,stop_point:SP_1553,Saliège,15
2291273,11:17:00,11:17:10,stop_point:SP_3084,Ctre Cial Portet - Entrée 5,16
2291273,11:18:00,11:18:10,stop_point:SP_2564,Ecole Récébédou,17
2291273,11:19:00,11:19:10,stop_point:SP_795,Claire Fontaine,18
2291273,11:20:00,11:20:10,stop_point:SP_415,Frênes,19
2291273,11:21:00,11:21:10,stop_point:SP_4940,Clairfont,20
2291273,11:23:00,11:23:10,stop_point:SP_320,Larrieu,21
2291273,11:27:00,11:27:10,stop_point:SP_2589,Thibaud,22
2291273,11:28:00,11:28:10,stop_point:SP_2167,Perpignan,23
2291273,11:29:00,11:29:10,stop_point:SP_2955,Eisenhower Est,24
2291273,11:30:00,11:30:10,stop_point:SP_1948,René Valmy,25
2291273,11:31:00,11:31:10,stop_point:SP_3703,Lestang,26
2291273,11:31:00,11:31:10,stop_point:SP_2011,Ourliac,27
2291273,11:32:00,11:32:10,stop_point:SP_16,Desnos,28
2291273,11:34:00,11:34:10,stop_point:SP_1244,Place Bouillière,29
2291273,11:35:00,11:35:10,stop_point:SP_4007,Basso Cambo,30
2291274,11:26:00,11:26:10,stop_point:SP_3709,Portet H. Boucher,1
2291274,11:27:00,11:27:10,stop_point:SP_617,Lot. Impérial,2
2291274,11:28:00,11:28:10,stop_point:SP_535,Clemenceau,3
2291274,11:29:00,11:29:10,stop_point:SP_1699,Gauguin,4
2291274,11:29:00,11:29:10,stop_point:SP_1737,Ateliers Municipaux,5
2291274,11:30:00,11:30:10,stop_point:SP_807,Mairie Portet,6
2291274,11:30:00,11:30:10,stop_point:SP_1569,Poste de Portet,7
2291274,11:31:00,11:31:10,stop_point:SP_4773,Désiré,8
2291274,11:32:00,11:32:10,stop_point:SP_70,Eglise de Portet,9
2291274,11:33:00,11:33:10,stop_point:SP_1427,Commerce,10
2291274,11:34:00,11:34:10,stop_point:SP_1451,Occitanie,11
2291274,11:35:00,11:35:10,stop_point:SP_3101,Piscine,12
2291274,11:36:00,11:36:10,stop_point:SP_300,Collège de Portet,13
2291274,11:37:00,11:37:10,stop_point:SP_1919,Boulodrome,14
2291274,11:38:00,11:38:10,stop_point:SP_1553,Saliège,15
2291274,11:39:00,11:39:10,stop_point:SP_3084,Ctre Cial Portet - Entrée 5,16
2291274,11:40:00,11:40:10,stop_point:SP_2564,Ecole Récébédou,17
2291274,11:41:00,11:41:10,stop_point:SP_795,Claire Fontaine,18
2291274,11:42:00,11:42:10,stop_point:SP_415,Frênes,19
2291274,11:43:00,11:43:10,stop_point:SP_4940,Clairfont,20
2291274,11:45:00,11:45:10,stop_point:SP_320,Larrieu,21
2291274,11:49:00,11:49:10,stop_point:SP_2589,Thibaud,22
2291274,11:50:00,11:50:10,stop_point:SP_2167,Perpignan,23
2291274,11:51:00,11:51:10,stop_point:SP_2955,Eisenhower Est,24
2291274,11:52:00,11:52:10,stop_point:SP_1948,René Valmy,25
2291274,11:53:00,11:53:10,stop_point:SP_3703,Lestang,26
2291274,11:53:00,11:53:10,stop_point:SP_2011,Ourliac,27
2291274,11:54:00,11:54:10,stop_point:SP_16,Desnos,28
2291274,11:56:00,11:56:10,stop_point:SP_1244,Place Bouillière,29
2291274,11:57:00,11:57:10,stop_point:SP_4007,Basso Cambo,30
2291275,11:48:00,11:48:10,stop_point:SP_3709,Portet H. Boucher,1
2291275,11:49:00,11:49:10,stop_point:SP_617,Lot. Impérial,2
2291275,11:50:00,11:50:10,stop_point:SP_535,Clemenceau,3
2291275,11:51:00,11:51:10,stop_point:SP_1699,Gauguin,4
2291275,11:51:00,11:51:10,stop_point:SP_1737,Ateliers Municipaux,5
2291275,11:52:00,11:52:10,stop_point:SP_807,Mairie Portet,6
2291275,11:52:00,11:52:10,stop_point:SP_1569,Poste de Portet,7
2291275,11:53:00,11:53:10,stop_point:SP_4773,Désiré,8
2291275,11:54:00,11:54:10,stop_point:SP_70,Eglise de Portet,9
2291275,11:55:00,11:55:10,stop_point:SP_1427,Commerce,10
2291275,11:56:00,11:56:10,stop_point:SP_1451,Occitanie,11
2291275,11:57:00,11:57:10,stop_point:SP_3101,Piscine,12
2291275,11:58:00,11:58:10,stop_point:SP_300,Collège de Portet,13
2291275,11:59:00,11:59:10,stop_point:SP_1919,Boulodrome,14
2291275,12:00:00,12:00:10,stop_point:SP_1553,Saliège,15
2291275,12:01:00,12:01:10,stop_point:SP_3084,Ctre Cial Portet - Entrée 5,16
2291275,12:02:00,12:02:10,stop_point:SP_2564,Ecole Récébédou,17
2291275,12:03:00,12:03:10,stop_point:SP_795,Claire Fontaine,18
2291275,12:04:00,12:04:10,stop_point:SP_415,Frênes,19
2291275,12:05:00,12:05:10,stop_point:SP_4940,Clairfont,20
2291275,12:07:00,12:07:10,stop_point:SP_320,Larrieu,21
2291275,12:11:00,12:11:10,stop_point:SP_2589,Thibaud,22
2291275,12:12:00,12:12:10,stop_point:SP_2167,Perpignan,23
2291275,12:13:00,12:13:10,stop_point:SP_2955,Eisenhower Est,24
2291275,12:14:00,12:14:10,stop_point:SP_1948,René Valmy,25
2291275,12:15:00,12:15:10,stop_point:SP_3703,Lestang,26
2291275,12:15:00,12:15:10,stop_point:SP_2011,Ourliac,27
2291275,12:16:00,12:16:10,stop_point:SP_16,Desnos,28
2291275,12:18:00,12:18:10,stop_point:SP_1244,Place Bouillière,29
2291275,12:19:00,12:19:10,stop_point:SP_4007,Basso Cambo,30
2291276,12:10:00,12:10:10,stop_point:SP_3709,Portet H. Boucher,1
2291276,12:11:00,12:11:10,stop_point:SP_617,Lot. Impérial,2
2291276,12:12:00,12:12:10,stop_point:SP_535,Clemenceau,3
2291276,12:13:00,12:13:10,stop_point:SP_1699,Gauguin,4
2291276,12:13:00,12:13:10,stop_point:SP_1737,Ateliers Municipaux,5
2291276,12:14:00,12:14:10,stop_point:SP_807,Mairie Portet,6
2291276,12:14:00,12:14:10,stop_point:SP_1569,Poste de Portet,7
2291276,12:15:00,12:15:10,stop_point:SP_4773,Désiré,8
2291276,12:16:00,12:16:10,stop_point:SP_70,Eglise de Portet,9
2291276,12:17:00,12:17:10,stop_point:SP_1427,Commerce,10
2291276,12:18:00,12:18:10,stop_point:SP_1451,Occitanie,11
2291276,12:19:00,12:19:10,stop_point:SP_3101,Piscine,12
2291276,12:20:00,12:20:10,stop_point:SP_300,Collège de Portet,13
2291276,12:21:00,12:21:10,stop_point:SP_1919,Boulodrome,14
2291276,12:22:00,12:22:10,stop_point:SP_1553,Saliège,15
2291276,12:23:00,12:23:10,stop_point:SP_3084,Ctre Cial Portet - Entrée 5,16
2291276,12:24:00,12:24:10,stop_point:SP_2564,Ecole Récébédou,17
2291276,12:25:00,12:25:10,stop_point:SP_795,Claire Fontaine,18
2291276,12:26:00,12:26:10,stop_point:SP_415,Frênes,19
2291276,12:27:00,12:27:10,stop_point:SP_4940,Clairfont,20
2291276,12:29:00,12:29:10,stop_point:SP_320,Larrieu,21
2291276,12:33:00,12:33:10,stop_point:SP_2589,Thibaud,22
2291276,12:34:00,12:34:10,stop_point:SP_2167,Perpignan,23
2291276,12:35:00,12:35:10,stop_point:SP_2955,Eisenhower Est,24
2291276,12:36:00,12:36:10,stop_point:SP_1948,René Valmy,25
2291276,12:37:00,12:37:10,stop_point:SP_3703,Lestang,26
2291276,12:37:00,12:37:10,stop_point:SP_2011,Ourliac,27
2291276,12:38:00,12:38:10,stop_point:SP_16,Desnos,28
2291276,12:40:00,12:40:10,stop_point:SP_1244,Place Bouillière,29
2291276,12:41:00,12:41:10,stop_point:SP_4007,Basso Cambo,30
2291277,12:32:00,12:32:10,stop_point:SP_3709,Portet H. Boucher,1
2291277,12:33:00,12:33:10,stop_point:SP_617,Lot. Impérial,2
2291277,12:34:00,12:34:10,stop_point:SP_535,Clemenceau,3
2291277,12:35:00,12:35:10,stop_point:SP_1699,Gauguin,4
2291277,12:35:00,12:35:10,stop_point:SP_1737,Ateliers Municipaux,5
2291277,12:36:00,12:36:10,stop_point:SP_807,Mairie Portet,6
2291277,12:36:00,12:36:10,stop_point:SP_1569,Poste de Portet,7
2291277,12:37:00,12:37:10,stop_point:SP_4773,Désiré,8
2291277,12:38:00,12:38:10,stop_point:SP_70,Eglise de Portet,9
2291277,12:39:00,12:39:10,stop_point:SP_1427,Commerce,10
2291277,12:40:00,12:40:10,stop_point:SP_1451,Occitanie,11
2291277,12:41:00,12:41:10,stop_point:SP_3101,Piscine,12
2291277,12:42:00,12:42:10,stop_point:SP_300,Collège de Portet,13
2291277,12:43:00,12:43:10,stop_point:SP_1919,Boulodrome,14
2291277,12:44:00,12:44:10,stop_point:SP_1553,Saliège,15
2291277,12:45:00,12:45:10,stop_point:SP_3084,Ctre Cial Portet - Entrée 5,16
2291277,12:46:00,12:46:10,stop_point:SP_2564,Ecole Récébédou,17
2291277,12:47:00,12:47:10,stop_point:SP_795,Claire Fontaine,18
2291277,12:48:00,12:48:10,stop_point:SP_415,Frênes,19
2291277,12:49:00,12:49:10,stop_point:SP_4940,Clairfont,20
2291277,12:51:00,12:51:10,stop_point:SP_320,Larrieu,21
2291277,12:55:00,12:55:10,stop_point:SP_2589,Thibaud,22
2291277,12:56:00,12:56:10,stop_point:SP_2167,Perpignan,23
2291277,12:57:00,12:57:10,stop_point:SP_2955,Eisenhower Est,24
2291277,12:58:00,12:58:10,stop_point:SP_1948,René Valmy,25
2291277,12:59:00,12:59:10,stop_point:SP_3703,Lestang,26
2291277,12:59:00,12:59:10,stop_point:SP_2011,Ourliac,27
2291277,13:00:00,13:00:10,stop_point:SP_16,Desnos,28
2291277,13:02:00,13:02:10,stop_point:SP_1244,Place Bouillière,29
2291277,13:03:00,13:03:10,stop_point:SP_4007,Basso Cambo,30
2291278,12:54:00,12:54:10,stop_point:SP_3709,Portet H. Boucher,1
2291278,12:55:00,12:55:10,stop_point:SP_617,Lot. Impérial,2
2291278,12:56:00,12:56:10,stop_point:SP_535,Clemenceau,3
2291278,12:57:00,12:57:10,stop_point:SP_1699,Gauguin,4
2291278,12:57:00,12:57:10,stop_point:SP_1737,Ateliers Municipaux,5
2291278,12:58:00,12:58:10,stop_point:SP_807,Mairie Portet,6
2291278,12:58:00,12:58:10,stop_point:SP_1569,Poste de Portet,7
2291278,12:59:00,12:59:10,stop_point:SP_4773,Désiré,8
2291278,13:00:00,13:00:10,stop_point:SP_70,Eglise de Portet,9
2291278,13:01:00,13:01:10,stop_point:SP_1427,Commerce,10
2291278,13:02:00,13:02:10,stop_point:SP_1451,Occitanie,11
2291278,13:03:00,13:03:10,stop_point:SP_3101,Piscine,12
2291278,13:04:00,13:04:10,stop_point:SP_300,Collège de Portet,13
2291278,13:05:00,13:05:10,stop_point:SP_1919,Boulodrome,14
2291278,13:06:00,13:06:10,stop_point:SP_1553,Saliège,15
2291278,13:07:00,13:07:10,stop_point:SP_3084,Ctre Cial Portet - Entrée 5,16
2291278,13:08:00,13:08:10,stop_point:SP_2564,Ecole Récébédou,17
2291278,13:09:00,13:09:10,stop_point:SP_795,Claire Fontaine,18
2291278,13:10:00,13:10:10,stop_point:SP_415,Frênes,19
2291278,13:11:00,13:11:10,stop_point:SP_4940,Clairfont,20
2291278,13:13:00,13:13:10,stop_point:SP_320,Larrieu,21
2291278,13:17:00,13:17:10,stop_point:SP_2589,Thibaud,22
2291278,13:18:00,13:18:10,stop_point:SP_2167,Perpignan,23
2291278,13:19:00,13:19:10,stop_point:SP_2955,Eisenhower Est,24
2291278,13:20:00,13:20:10,stop_point:SP_1948,René Valmy,25
2291278,13:21:00,13:21:10,stop_point:SP_3703,Lestang,26
2291278,13:21:00,13:21:10,stop_point:SP_2011,Ourliac,27
2291278,13:22:00,13:22:10,stop_point:SP_16,Desnos,28
2291278,13:24:00,13:24:10,stop_point:SP_1244,Place Bouillière,29
2291278,13:25:00,13:25:10,stop_point:SP_4007,Basso Cambo,30
2291279,13:16:00,13:16:10,stop_point:SP_3709,Portet H. Boucher,1
2291279,13:17:00,13:17:10,stop_point:SP_617,Lot. Impérial,2
2291279,13:18:00,13:18:10,stop_point:SP_535,Clemenceau,3
2291279,13:19:00,13:19:10,stop_point:SP_1699,Gauguin,4
2291279,13:19:00,13:19:10,stop_point:SP_1737,Ateliers Municipaux,5
2291279,13:20:00,13:20:10,stop_point:SP_807,Mairie Portet,6
2291279,13:20:00,13:20:10,stop_point:SP_1569,Poste de Portet,7
2291279,13:21:00,13:21:10,stop_point:SP_4773,Désiré,8
2291279,13:22:00,13:22:10,stop_point:SP_70,Eglise de Portet,9
2291279,13:23:00,13:23:10,stop_point:SP_1427,Commerce,10
2291279,13:24:00,13:24:10,stop_point:SP_1451,Occitanie,11
2291279,13:25:00,13:25:10,stop_point:SP_3101,Piscine,12
2291279,13:26:00,13:26:10,stop_point:SP_300,Collège de Portet,13
2291279,13:27:00,13:27:10,stop_point:SP_1919,Boulodrome,14
2291279,13:28:00,13:28:10,stop_point:SP_1553,Saliège,15
2291279,13:29:00,13:29:10,stop_point:SP_3084,Ctre Cial Portet - Entrée 5,16
2291279,13:30:00,13:30:10,stop_point:SP_2564,Ecole Récébédou,17
2291279,13:31:00,13:31:10,stop_point:SP_795,Claire Fontaine,18
2291279,13:32:00,13:32:10,stop_point:SP_415,Frênes,19
2291279,13:33:00,13:33:10,stop_point:SP_4940,Clairfont,20
2291279,13:35:00,13:35:10,stop_point:SP_320,Larrieu,21
2291279,13:39:00,13:39:10,stop_point:SP_2589,Thibaud,22
2291279,13:40:00,13:40:10,stop_point:SP_2167,Perpignan,23
2291279,13:41:00,13:41:10,stop_point:SP_2955,Eisenhower Est,24
2291279,13:42:00,13:42:10,stop_point:SP_1948,René Valmy,25
2291279,13:43:00,13:43:10,stop_point:SP_3703,Lestang,26
2291279,13:43:00,13:43:10,stop_point:SP_2011,Ourliac,27
2291279,13:44:00,13:44:10,stop_point:SP_16,Desnos,28
2291279,13:46:00,13:46:10,stop_point:SP_1244,Place Bouillière,29
2291279,13:47:00,13:47:10,stop_point:SP_4007,Basso Cambo,30
2291280,13:38:00,13:38:10,stop_point:SP_3709,Portet H. Boucher,1
2291280,13:39:00,13:39:10,stop_point:SP_617,Lot. Impérial,2
2291280,13:40:00,13:40:10,stop_point:SP_535,Clemenceau,3
2291280,13:41:00,13:41:10,stop_point:SP_1699,Gauguin,4
2291280,13:41:00,13:41:10,stop_point:SP_1737,Ateliers Municipaux,5
2291280,13:42:00,13:42:10,stop_point:SP_807,Mairie Portet,6
2291280,13:42:00,13:42:10,stop_point:SP_1569,Poste de Portet,7
2291280,13:43:00,13:43:10,stop_point:SP_4773,Désiré,8
2291280,13:44:00,13:44:10,stop_point:SP_70,Eglise de Portet,9
2291280,13:45:00,13:45:10,stop_point:SP_1427,Commerce,10
2291280,13:46:00,13:46:10,stop_point:SP_1451,Occitanie,11
2291280,13:47:00,13:47:10,stop_point:SP_3101,Piscine,12
2291280,13:48:00,13:48:10,stop_point:SP_300,Collège de Portet,13
2291280,13:49:00,13:49:10,stop_point:SP_1919,Boulodrome,14
2291280,13:50:00,13:50:10,stop_point:SP_1553,Saliège,15
2291280,13:51:00,13:51:10,stop_point:SP_3084,Ctre Cial Portet - Entrée 5,16
2291280,13:52:00,13:52:10,stop_point:SP_2564,Ecole Récébédou,17
2291280,13:53:00,13:53:10,stop_point:SP_795,Claire Fontaine,18
2291280,13:54:00,13:54:10,stop_point:SP_415,Frênes,19
2291280,13:55:00,13:55:10,stop_point:SP_4940,Clairfont,20
2291280,13:57:00,13:57:10,stop_point:SP_320,Larrieu,21
2291280,14:01:00,14:01:10,stop_point:SP_2589,Thibaud,22
2291280,14:02:00,14:02:10,stop_point:SP_2167,Perpignan,23
2291280,14:03:00,14:03:10,stop_point:SP_2955,Eisenhower Est,24
2291280,14:04:00,14:04:10,stop_point:SP_1948,René Valmy,25
2291280,14:05:00,14:05:10,stop_point:SP_3703,Lestang,26
2291280,14:05:00,14:05:10,stop_point:SP_2011,Ourliac,27
2291280,14:06:00,14:06:10,stop_point:SP_16,Desnos,28
2291280,14:08:00,14:08:10,stop_point:SP_1244,Place Bouillière,29
2291280,14:09:00,14:09:10,stop_point:SP_4007,Basso Cambo,30
2291281,14:00:00,14:00:10,stop_point:SP_3709,Portet H. Boucher,1
2291281,14:01:00,14:01:10,stop_point:SP_617,Lot. Impérial,2
2291281,14:02:00,14:02:10,stop_point:SP_535,Clemenceau,3
2291281,14:03:00,14:03:10,stop_point:SP_1699,Gauguin,4
2291281,14:03:00,14:03:10,stop_point:SP_1737,Ateliers Municipaux,5
2291281,14:04:00,14:04:10,stop_point:SP_807,Mairie Portet,6
2291281,14:04:00,14:04:10,stop_point:SP_1569,Poste de Portet,7
2291281,14:05:00,14:05:10,stop_point:SP_4773,Désiré,8
2291281,14:06:00,14:06:10,stop_point:SP_70,Eglise de Portet,9
2291281,14:07:00,14:07:10,stop_point:SP_1427,Commerce,10
2291281,14:08:00,14:08:10,stop_point:SP_1451,Occitanie,11
2291281,14:09:00,14:09:10,stop_point:SP_3101,Piscine,12
2291281,14:10:00,14:10:10,stop_point:SP_300,Collège de Portet,13
2291281,14:11:00,14:11:10,stop_point:SP_1919,Boulodrome,14
2291281,14:12:00,14:12:10,stop_point:SP_1553,Saliège,15
2291281,14:13:00,14:13:10,stop_point:SP_3084,Ctre Cial Portet - Entrée 5,16
2291281,14:14:00,14:14:10,stop_point:SP_2564,Ecole Récébédou,17
2291281,14:15:00,14:15:10,stop_point:SP_795,Claire Fontaine,18
2291281,14:16:00,14:16:10,stop_point:SP_415,Frênes,19
2291281,14:17:00,14:17:10,stop_point:SP_4940,Clairfont,20
2291281,14:19:00,14:19:10,stop_point:SP_320,Larrieu,21
2291281,14:23:00,14:23:10,stop_point:SP_2589,Thibaud,22
2291281,14:24:00,14:24:10,stop_point:SP_2167,Perpignan,23
2291281,14:25:00,14:25:10,stop_point:SP_2955,Eisenhower Est,24
2291281,14:26:00,14:26:10,stop_point:SP_1948,René Valmy,25
2291281,14:27:00,14:27:10,stop_point:SP_3703,Lestang,26
2291281,14:27:00,14:27:10,stop_point:SP_2011,Ourliac,27
2291281,14:28:00,14:28:10,stop_point:SP_16,Desnos,28
2291281,14:30:00,14:30:10,stop_point:SP_1244,Place Bouillière,29
2291281,14:31:00,14:31:10,stop_point:SP_4007,Basso Cambo,30
2291282,14:22:00,14:22:10,stop_point:SP_3709,Portet H. Boucher,1
2291282,14:23:00,14:23:10,stop_point:SP_617,Lot. Impérial,2
2291282,14:24:00,14:24:10,stop_point:SP_535,Clemenceau,3
2291282,14:25:00,14:25:10,stop_point:SP_1699,Gauguin,4
2291282,14:25:00,14:25:10,stop_point:SP_1737,Ateliers Municipaux,5
2291282,14:26:00,14:26:10,stop_point:SP_807,Mairie Portet,6
2291282,14:26:00,14:26:10,stop_point:SP_1569,Poste de Portet,7
2291282,14:27:00,14:27:10,stop_point:SP_4773,Désiré,8
2291282,14:28:00,14:28:10,stop_point:SP_70,Eglise de Portet,9
2291282,14:29:00,14:29:10,stop_point:SP_1427,Commerce,10
2291282,14:30:00,14:30:10,stop_point:SP_1451,Occitanie,11
2291282,14:31:00,14:31:10,stop_point:SP_3101,Piscine,12
2291282,14:32:00,14:32:10,stop_point:SP_300,Collège de Portet,13
2291282,14:33:00,14:33:10,stop_point:SP_1919,Boulodrome,14
2291282,14:34:00,14:34:10,stop_point:SP_1553,Saliège,15
2291282,14:35:00,14:35:10,stop_point:SP_3084,Ctre Cial Portet - Entrée 5,16
2291282,14:36:00,14:36:10,stop_point:SP_2564,Ecole Récébédou,17
2291282,14:37:00,14:37:10,stop_point:SP_795,Claire Fontaine,18
2291282,14:38:00,14:38:10,stop_point:SP_415,Frênes,19
2291282,14:39:00,14:39:10,stop_point:SP_4940,Clairfont,20
2291282,14:41:00,14:41:10,stop_point:SP_320,Larrieu,21
2291282,14:45:00,14:45:10,stop_point:SP_2589,Thibaud,22
2291282,14:46:00,14:46:10,stop_point:SP_2167,Perpignan,23
2291282,14:47:00,14:47:10,stop_point:SP_2955,Eisenhower Est,24
2291282,14:48:00,14:48:10,stop_point:SP_1948,René Valmy,25
2291282,14:49:00,14:49:10,stop_point:SP_3703,Lestang,26
2291282,14:49:00,14:49:10,stop_point:SP_2011,Ourliac,27
2291282,14:50:00,14:50:10,stop_point:SP_16,Desnos,28
2291282,14:52:00,14:52:10,stop_point:SP_1244,Place Bouillière,29
2291282,14:53:00,14:53:10,stop_point:SP_4007,Basso Cambo,30
2291283,14:44:00,14:44:10,stop_point:SP_3709,Portet H. Boucher,1
2291283,14:45:00,14:45:10,stop_point:SP_617,Lot. Impérial,2
2291283,14:46:00,14:46:10,stop_point:SP_535,Clemenceau,3
2291283,14:47:00,14:47:10,stop_point:SP_1699,Gauguin,4
2291283,14:47:00,14:47:10,stop_point:SP_1737,Ateliers Municipaux,5
2291283,14:48:00,14:48:10,stop_point:SP_807,Mairie Portet,6
2291283,14:48:00,14:48:10,stop_point:SP_1569,Poste de Portet,7
2291283,14:49:00,14:49:10,stop_point:SP_4773,Désiré,8
2291283,14:50:00,14:50:10,stop_point:SP_70,Eglise de Portet,9
2291283,14:51:00,14:51:10,stop_point:SP_1427,Commerce,10
2291283,14:52:00,14:52:10,stop_point:SP_1451,Occitanie,11
2291283,14:53:00,14:53:10,stop_point:SP_3101,Piscine,12
2291283,14:54:00,14:54:10,stop_point:SP_300,Collège de Portet,13
2291283,14:55:00,14:55:10,stop_point:SP_1919,Boulodrome,14
2291283,14:56:00,14:56:10,stop_point:SP_1553,Saliège,15
2291283,14:57:00,14:57:10,stop_point:SP_3084,Ctre Cial Portet - Entrée 5,16
2291283,14:58:00,14:58:10,stop_point:SP_2564,Ecole Récébédou,17
2291283,14:59:00,14:59:10,stop_point:SP_795,Claire Fontaine,18
2291283,15:00:00,15:00:10,stop_point:SP_415,Frênes,19
2291283,15:01:00,15:01:10,stop_point:SP_4940,Clairfont,20
2291283,15:03:00,15:03:10,stop_point:SP_320,Larrieu,21
2291283,15:07:00,15:07:10,stop_point:SP_2589,Thibaud,22
2291283,15:08:00,15:08:10,stop_point:SP_2167,Perpignan,23
2291283,15:09:00,15:09:10,stop_point:SP_2955,Eisenhower Est,24
2291283,15:10:00,15:10:10,stop_point:SP_1948,René Valmy,25
2291283,15:11:00,15:11:10,stop_point:SP_3703,Lestang,26
2291283,15:11:00,15:11:10,stop_point:SP_2011,Ourliac,27
2291283,15:12:00,15:12:10,stop_point:SP_16,Desnos,28
2291283,15:14:00,15:14:10,stop_point:SP_1244,Place Bouillière,29
2291283,15:15:00,15:15:10,stop_point:SP_4007,Basso Cambo,30
2291284,15:06:00,15:06:10,stop_point:SP_3709,Portet H. Boucher,1
2291284,15:07:00,15:07:10,stop_point:SP_617,Lot. Impérial,2
2291284,15:08:00,15:08:10,stop_point:SP_535,Clemenceau,3
2291284,15:09:00,15:09:10,stop_point:SP_1699,Gauguin,4
2291284,15:09:00,15:09:10,stop_point:SP_1737,Ateliers Municipaux,5
2291284,15:10:00,15:10:10,stop_point:SP_807,Mairie Portet,6
2291284,15:10:00,15:10:10,stop_point:SP_1569,Poste de Portet,7
2291284,15:11:00,15:11:10,stop_point:SP_4773,Désiré,8
2291284,15:12:00,15:12:10,stop_point:SP_70,Eglise de Portet,9
2291284,15:13:00,15:13:10,stop_point:SP_1427,Commerce,10
2291284,15:14:00,15:14:10,stop_point:SP_1451,Occitanie,11
2291284,15:15:00,15:15:10,stop_point:SP_3101,Piscine,12
2291284,15:16:00,15:16:10,stop_point:SP_300,Collège de Portet,13
2291284,15:17:00,15:17:10,stop_point:SP_1919,Boulodrome,14
2291284,15:18:00,15:18:10,stop_point:SP_1553,Saliège,15
2291284,15:19:00,15:19:10,stop_point:SP_3084,Ctre Cial Portet - Entrée 5,16
2291284,15:20:00,15:20:10,stop_point:SP_2564,Ecole Récébédou,17
2291284,15:21:00,15:21:10,stop_point:SP_795,Claire Fontaine,18
2291284,15:22:00,15:22:10,stop_point:SP_415,Frênes,19
2291284,15:23:00,15:23:10,stop_point:SP_4940,Clairfont,20
2291284,15:25:00,15:25:10,stop_point:SP_320,Larrieu,21
2291284,15:29:00,15:29:10,stop_point:SP_2589,Thibaud,22
2291284,15:30:00,15:30:10,stop_point:SP_2167,Perpignan,23
2291284,15:31:00,15:31:10,stop_point:SP_2955,Eisenhower Est,24
2291284,15:32:00,15:32:10,stop_point:SP_1948,René Valmy,25
2291284,15:33:00,15:33:10,stop_point:SP_3703,Lestang,26
2291284,15:33:00,15:33:10,stop_point:SP_2011,Ourliac,27
2291284,15:34:00,15:34:10,stop_point:SP_16,Desnos,28
2291284,15:36:00,15:36:10,stop_point:SP_1244,Place Bouillière,29
2291284,15:37:00,15:37:10,stop_point:SP_4007,Basso Cambo,30
2291285,15:28:00,15:28:10,stop_point:SP_3709,Portet H. Boucher,1
2291285,15:29:00,15:29:10,stop_point:SP_617,Lot. Impérial,2
2291285,15:30:00,15:30:10,stop_point:SP_535,Clemenceau,3
2291285,15:31:00,15:31:10,stop_point:SP_1699,Gauguin,4
2291285,15:31:00,15:31:10,stop_point:SP_1737,Ateliers Municipaux,5
2291285,15:32:00,15:32:10,stop_point:SP_807,Mairie Portet,6
2291285,15:32:00,15:32:10,stop_point:SP_1569,Poste de Portet,7
2291285,15:33:00,15:33:10,stop_point:SP_4773,Désiré,8
2291285,15:34:00,15:34:10,stop_point:SP_70,Eglise de Portet,9
2291285,15:35:00,15:35:10,stop_point:SP_1427,Commerce,10
2291285,15:36:00,15:36:10,stop_point:SP_1451,Occitanie,11
2291285,15:37:00,15:37:10,stop_point:SP_3101,Piscine,12
2291285,15:38:00,15:38:10,stop_point:SP_300,Collège de Portet,13
2291285,15:39:00,15:39:10,stop_point:SP_1919,Boulodrome,14
2291285,15:40:00,15:40:10,stop_point:SP_1553,Saliège,15
2291285,15:41:00,15:41:10,stop_point:SP_3084,Ctre Cial Portet - Entrée 5,16
2291285,15:42:00,15:42:10,stop_point:SP_2564,Ecole Récébédou,17
2291285,15:43:00,15:43:10,stop_point:SP_795,Claire Fontaine,18
2291285,15:44:00,15:44:10,stop_point:SP_415,Frênes,19
2291285,15:45:00,15:45:10,stop_point:SP_4940,Clairfont,20
2291285,15:47:00,15:47:10,stop_point:SP_320,Larrieu,21
2291285,15:51:00,15:51:10,stop_point:SP_2589,Thibaud,22
2291285,15:52:00,15:52:10,stop_point:SP_2167,Perpignan,23
2291285,15:53:00,15:53:10,stop_point:SP_2955,Eisenhower Est,24
2291285,15:54:00,15:54:10,stop_point:SP_1948,René Valmy,25
2291285,15:55:00,15:55:10,stop_point:SP_3703,Lestang,26
2291285,15:55:00,15:55:10,stop_point:SP_2011,Ourliac,27
2291285,15:56:00,15:56:10,stop_point:SP_16,Desnos,28
2291285,15:58:00,15:58:10,stop_point:SP_1244,Place Bouillière,29
2291285,15:59:00,15:59:10,stop_point:SP_4007,Basso Cambo,30
2291286,15:49:00,15:49:10,stop_point:SP_3709,Portet H. Boucher,1
2291286,15:50:00,15:50:10,stop_point:SP_617,Lot. Impérial,2
2291286,15:51:00,15:51:10,stop_point:SP_535,Clemenceau,3
2291286,15:52:00,15:52:10,stop_point:SP_1699,Gauguin,4
2291286,15:52:00,15:52:10,stop_point:SP_1737,Ateliers Municipaux,5
2291286,15:53:00,15:53:10,stop_point:SP_807,Mairie Portet,6
2291286,15:53:00,15:53:10,stop_point:SP_1569,Poste de Portet,7
2291286,15:54:00,15:54:10,stop_point:SP_4773,Désiré,8
2291286,15:55:00,15:55:10,stop_point:SP_70,Eglise de Portet,9
2291286,15:56:00,15:56:10,stop_point:SP_1427,Commerce,10
2291286,15:57:00,15:57:10,stop_point:SP_1451,Occitanie,11
2291286,15:58:00,15:58:10,stop_point:SP_3101,Piscine,12
2291286,15:59:00,15:59:10,stop_point:SP_300,Collège de Portet,13
2291286,16:00:00,16:00:10,stop_point:SP_1919,Boulodrome,14
2291286,16:01:00,16:01:10,stop_point:SP_1553,Saliège,15
2291286,16:02:00,16:02:10,stop_point:SP_3084,Ctre Cial Portet - Entrée 5,16
2291286,16:03:00,16:03:10,stop_point:SP_2564,Ecole Récébédou,17
2291286,16:04:00,16:04:10,stop_point:SP_795,Claire Fontaine,18
2291286,16:05:00,16:05:10,stop_point:SP_415,Frênes,19
2291286,16:06:00,16:06:10,stop_point:SP_4940,Clairfont,20
2291286,16:08:00,16:08:10,stop_point:SP_320,Larrieu,21
2291286,16:13:00,16:13:10,stop_point:SP_2589,Thibaud,22
2291286,16:14:00,16:14:10,stop_point:SP_2167,Perpignan,23
2291286,16:15:00,16:15:10,stop_point:SP_2955,Eisenhower Est,24
2291286,16:16:00,16:16:10,stop_point:SP_1948,René Valmy,25
2291286,16:17:00,16:17:10,stop_point:SP_3703,Lestang,26
2291286,16:17:00,16:17:10,stop_point:SP_2011,Ourliac,27
2291286,16:18:00,16:18:10,stop_point:SP_16,Desnos,28
2291286,16:20:00,16:20:10,stop_point:SP_1244,Place Bouillière,29
2291286,16:21:00,16:21:10,stop_point:SP_4007,Basso Cambo,30
2291287,16:09:00,16:09:10,stop_point:SP_3709,Portet H. Boucher,1
2291287,16:10:00,16:10:10,stop_point:SP_617,Lot. Impérial,2
2291287,16:11:00,16:11:10,stop_point:SP_535,Clemenceau,3
2291287,16:12:00,16:12:10,stop_point:SP_1699,Gauguin,4
2291287,16:12:00,16:12:10,stop_point:SP_1737,Ateliers Municipaux,5
2291287,16:13:00,16:13:10,stop_point:SP_807,Mairie Portet,6
2291287,16:13:00,16:13:10,stop_point:SP_1569,Poste de Portet,7
2291287,16:14:00,16:14:10,stop_point:SP_4773,Désiré,8
2291287,16:15:00,16:15:10,stop_point:SP_70,Eglise de Portet,9
2291287,16:16:00,16:16:10,stop_point:SP_1427,Commerce,10
2291287,16:17:00,16:17:10,stop_point:SP_1451,Occitanie,11
2291287,16:18:00,16:18:10,stop_point:SP_3101,Piscine,12
2291287,16:19:00,16:19:10,stop_point:SP_300,Collège de Portet,13
2291287,16:20:00,16:20:10,stop_point:SP_1919,Boulodrome,14
2291287,16:21:00,16:21:10,stop_point:SP_1553,Saliège,15
2291287,16:22:00,16:22:10,stop_point:SP_3084,Ctre Cial Portet - Entrée 5,16
2291287,16:24:00,16:24:10,stop_point:SP_2564,Ecole Récébédou,17
2291287,16:25:00,16:25:10,stop_point:SP_795,Claire Fontaine,18
2291287,16:26:00,16:26:10,stop_point:SP_415,Frênes,19
2291287,16:27:00,16:27:10,stop_point:SP_4940,Clairfont,20
2291287,16:29:00,16:29:10,stop_point:SP_320,Larrieu,21
2291287,16:34:00,16:34:10,stop_point:SP_2589,Thibaud,22
2291287,16:35:00,16:35:10,stop_point:SP_2167,Perpignan,23
2291287,16:36:00,16:36:10,stop_point:SP_2955,Eisenhower Est,24
2291287,16:37:00,16:37:10,stop_point:SP_1948,René Valmy,25
2291287,16:38:00,16:38:10,stop_point:SP_3703,Lestang,26
2291287,16:38:00,16:38:10,stop_point:SP_2011,Ourliac,27
2291287,16:39:00,16:39:10,stop_point:SP_16,Desnos,28
2291287,16:41:00,16:41:10,stop_point:SP_1244,Place Bouillière,29
2291287,16:42:00,16:42:10,stop_point:SP_4007,Basso Cambo,30
2291288,16:24:00,16:24:10,stop_point:SP_3709,Portet H. Boucher,1
2291288,16:25:00,16:25:10,stop_point:SP_617,Lot. Impérial,2
2291288,16:26:00,16:26:10,stop_point:SP_535,Clemenceau,3
2291288,16:27:00,16:27:10,stop_point:SP_1699,Gauguin,4
2291288,16:27:00,16:27:10,stop_point:SP_1737,Ateliers Municipaux,5
2291288,16:28:00,16:28:10,stop_point:SP_807,Mairie Portet,6
2291288,16:28:00,16:28:10,stop_point:SP_1569,Poste de Portet,7
2291288,16:29:00,16:29:10,stop_point:SP_4773,Désiré,8
2291288,16:30:00,16:30:10,stop_point:SP_70,Eglise de Portet,9
2291288,16:31:00,16:31:10,stop_point:SP_1427,Commerce,10
2291288,16:32:00,16:32:10,stop_point:SP_1451,Occitanie,11
2291288,16:33:00,16:33:10,stop_point:SP_3101,Piscine,12
2291288,16:34:00,16:34:10,stop_point:SP_300,Collège de Portet,13
2291288,16:35:00,16:35:10,stop_point:SP_1919,Boulodrome,14
2291288,16:36:00,16:36:10,stop_point:SP_1553,Saliège,15
2291288,16:37:00,16:37:10,stop_point:SP_3084,Ctre Cial Portet - Entrée 5,16
2291288,16:39:00,16:39:10,stop_point:SP_2564,Ecole Récébédou,17
2291288,16:40:00,16:40:10,stop_point:SP_795,Claire Fontaine,18
2291288,16:41:00,16:41:10,stop_point:SP_415,Frênes,19
2291288,16:42:00,16:42:10,stop_point:SP_4940,Clairfont,20
2291288,16:44:00,16:44:10,stop_point:SP_320,Larrieu,21
2291288,16:48:00,16:48:10,stop_point:SP_2589,Thibaud,22
2291288,16:49:00,16:49:10,stop_point:SP_2167,Perpignan,23
2291288,16:50:00,16:50:10,stop_point:SP_2955,Eisenhower Est,24
2291288,16:51:00,16:51:10,stop_point:SP_1948,René Valmy,25
2291288,16:52:00,16:52:10,stop_point:SP_3703,Lestang,26
2291288,16:52:00,16:52:10,stop_point:SP_2011,Ourliac,27
2291288,16:53:00,16:53:10,stop_point:SP_16,Desnos,28
2291288,16:55:00,16:55:10,stop_point:SP_1244,Place Bouillière,29
2291288,16:56:00,16:56:10,stop_point:SP_4007,Basso Cambo,30
2291289,16:39:00,16:39:10,stop_point:SP_3709,Portet H. Boucher,1
2291289,16:40:00,16:40:10,stop_point:SP_617,Lot. Impérial,2
2291289,16:41:00,16:41:10,stop_point:SP_535,Clemenceau,3
2291289,16:42:00,16:42:10,stop_point:SP_1699,Gauguin,4
2291289,16:42:00,16:42:10,stop_point:SP_1737,Ateliers Municipaux,5
2291289,16:43:00,16:43:10,stop_point:SP_807,Mairie Portet,6
2291289,16:43:00,16:43:10,stop_point:SP_1569,Poste de Portet,7
2291289,16:44:00,16:44:10,stop_point:SP_4773,Désiré,8
2291289,16:45:00,16:45:10,stop_point:SP_70,Eglise de Portet,9
2291289,16:46:00,16:46:10,stop_point:SP_1427,Commerce,10
2291289,16:47:00,16:47:10,stop_point:SP_1451,Occitanie,11
2291289,16:48:00,16:48:10,stop_point:SP_3101,Piscine,12
2291289,16:49:00,16:49:10,stop_point:SP_300,Collège de Portet,13
2291289,16:50:00,16:50:10,stop_point:SP_1919,Boulodrome,14
2291289,16:51:00,16:51:10,stop_point:SP_1553,Saliège,15
2291289,16:52:00,16:52:10,stop_point:SP_3084,Ctre Cial Portet - Entrée 5,16
2291289,16:54:00,16:54:10,stop_point:SP_2564,Ecole Récébédou,17
2291289,16:55:00,16:55:10,stop_point:SP_795,Claire Fontaine,18
2291289,16:56:00,16:56:10,stop_point:SP_415,Frênes,19
2291289,16:57:00,16:57:10,stop_point:SP_4940,Clairfont,20
2291289,16:59:00,16:59:10,stop_point:SP_320,Larrieu,21
2291289,17:03:00,17:03:10,stop_point:SP_2589,Thibaud,22
2291289,17:04:00,17:04:10,stop_point:SP_2167,Perpignan,23
2291289,17:05:00,17:05:10,stop_point:SP_2955,Eisenhower Est,24
2291289,17:06:00,17:06:10,stop_point:SP_1948,René Valmy,25
2291289,17:07:00,17:07:10,stop_point:SP_3703,Lestang,26
2291289,17:07:00,17:07:10,stop_point:SP_2011,Ourliac,27
2291289,17:08:00,17:08:10,stop_point:SP_16,Desnos,28
2291289,17:10:00,17:10:10,stop_point:SP_1244,Place Bouillière,29
2291289,17:11:00,17:11:10,stop_point:SP_4007,Basso Cambo,30
2291290,16:54:00,16:54:10,stop_point:SP_3709,Portet H. Boucher,1
2291290,16:55:00,16:55:10,stop_point:SP_617,Lot. Impérial,2
2291290,16:56:00,16:56:10,stop_point:SP_535,Clemenceau,3
2291290,16:57:00,16:57:10,stop_point:SP_1699,Gauguin,4
2291290,16:57:00,16:57:10,stop_point:SP_1737,Ateliers Municipaux,5
2291290,16:58:00,16:58:10,stop_point:SP_807,Mairie Portet,6
2291290,16:58:00,16:58:10,stop_point:SP_1569,Poste de Portet,7
2291290,16:59:00,16:59:10,stop_point:SP_4773,Désiré,8
2291290,17:00:00,17:00:10,stop_point:SP_70,Eglise de Portet,9
2291290,17:01:00,17:01:10,stop_point:SP_1427,Commerce,10
2291290,17:02:00,17:02:10,stop_point:SP_1451,Occitanie,11
2291290,17:03:00,17:03:10,stop_point:SP_3101,Piscine,12
2291290,17:04:00,17:04:10,stop_point:SP_300,Collège de Portet,13
2291290,17:05:00,17:05:10,stop_point:SP_1919,Boulodrome,14
2291290,17:06:00,17:06:10,stop_point:SP_1553,Saliège,15
2291290,17:07:00,17:07:10,stop_point:SP_3084,Ctre Cial Portet - Entrée 5,16
2291290,17:09:00,17:09:10,stop_point:SP_2564,Ecole Récébédou,17
2291290,17:10:00,17:10:10,stop_point:SP_795,Claire Fontaine,18
2291290,17:11:00,17:11:10,stop_point:SP_415,Frênes,19
2291290,17:12:00,17:12:10,stop_point:SP_4940,Clairfont,20
2291290,17:14:00,17:14:10,stop_point:SP_320,Larrieu,21
2291290,17:19:00,17:19:10,stop_point:SP_2589,Thibaud,22
2291290,17:21:00,17:21:10,stop_point:SP_2167,Perpignan,23
2291290,17:23:00,17:23:10,stop_point:SP_2955,Eisenhower Est,24
2291290,17:24:00,17:24:10,stop_point:SP_1948,René Valmy,25
2291290,17:25:00,17:25:10,stop_point:SP_3703,Lestang,26
2291290,17:25:00,17:25:10,stop_point:SP_2011,Ourliac,27
2291290,17:26:00,17:26:10,stop_point:SP_16,Desnos,28
2291290,17:28:00,17:28:10,stop_point:SP_1244,Place Bouillière,29
2291290,17:29:00,17:29:10,stop_point:SP_4007,Basso Cambo,30
2291291,17:09:00,17:09:10,stop_point:SP_3709,Portet H. Boucher,1
2291291,17:10:00,17:10:10,stop_point:SP_617,Lot. Impérial,2
2291291,17:11:00,17:11:10,stop_point:SP_535,Clemenceau,3
2291291,17:12:00,17:12:10,stop_point:SP_1699,Gauguin,4
2291291,17:12:00,17:12:10,stop_point:SP_1737,Ateliers Municipaux,5
2291291,17:13:00,17:13:10,stop_point:SP_807,Mairie Portet,6
2291291,17:13:00,17:13:10,stop_point:SP_1569,Poste de Portet,7
2291291,17:14:00,17:14:10,stop_point:SP_4773,Désiré,8
2291291,17:15:00,17:15:10,stop_point:SP_70,Eglise de Portet,9
2291291,17:16:00,17:16:10,stop_point:SP_1427,Commerce,10
2291291,17:17:00,17:17:10,stop_point:SP_1451,Occitanie,11
2291291,17:18:00,17:18:10,stop_point:SP_3101,Piscine,12
2291291,17:19:00,17:19:10,stop_point:SP_300,Collège de Portet,13
2291291,17:20:00,17:20:10,stop_point:SP_1919,Boulodrome,14
2291291,17:21:00,17:21:10,stop_point:SP_1553,Saliège,15
2291291,17:22:00,17:22:10,stop_point:SP_3084,Ctre Cial Portet - Entrée 5,16
2291291,17:24:00,17:24:10,stop_point:SP_2564,Ecole Récébédou,17
2291291,17:25:00,17:25:10,stop_point:SP_795,Claire Fontaine,18
2291291,17:26:00,17:26:10,stop_point:SP_415,Frênes,19
2291291,17:27:00,17:27:10,stop_point:SP_4940,Clairfont,20
2291291,17:29:00,17:29:10,stop_point:SP_320,Larrieu,21
2291291,17:34:00,17:34:10,stop_point:SP_2589,Thibaud,22
2291291,17:36:00,17:36:10,stop_point:SP_2167,Perpignan,23
2291291,17:37:00,17:37:10,stop_point:SP_2955,Eisenhower Est,24
2291291,17:38:00,17:38:10,stop_point:SP_1948,René Valmy,25
2291291,17:39:00,17:39:10,stop_point:SP_3703,Lestang,26
2291291,17:39:00,17:39:10,stop_point:SP_2011,Ourliac,27
2291291,17:40:00,17:40:10,stop_point:SP_16,Desnos,28
2291291,17:42:00,17:42:10,stop_point:SP_1244,Place Bouillière,29
2291291,17:43:00,17:43:10,stop_point:SP_4007,Basso Cambo,30
2291292,17:24:00,17:24:10,stop_point:SP_3709,Portet H. Boucher,1
2291292,17:25:00,17:25:10,stop_point:SP_617,Lot. Impérial,2
2291292,17:26:00,17:26:10,stop_point:SP_535,Clemenceau,3
2291292,17:27:00,17:27:10,stop_point:SP_1699,Gauguin,4
2291292,17:27:00,17:27:10,stop_point:SP_1737,Ateliers Municipaux,5
2291292,17:28:00,17:28:10,stop_point:SP_807,Mairie Portet,6
2291292,17:28:00,17:28:10,stop_point:SP_1569,Poste de Portet,7
2291292,17:29:00,17:29:10,stop_point:SP_4773,Désiré,8
2291292,17:30:00,17:30:10,stop_point:SP_70,Eglise de Portet,9
2291292,17:31:00,17:31:10,stop_point:SP_1427,Commerce,10
2291292,17:32:00,17:32:10,stop_point:SP_1451,Occitanie,11
2291292,17:33:00,17:33:10,stop_point:SP_3101,Piscine,12
2291292,17:34:00,17:34:10,stop_point:SP_300,Collège de Portet,13
2291292,17:35:00,17:35:10,stop_point:SP_1919,Boulodrome,14
2291292,17:36:00,17:36:10,stop_point:SP_1553,Saliège,15
2291292,17:37:00,17:37:10,stop_point:SP_3084,Ctre Cial Portet - Entrée 5,16
2291292,17:39:00,17:39:10,stop_point:SP_2564,Ecole Récébédou,17
2291292,17:40:00,17:40:10,stop_point:SP_795,Claire Fontaine,18
2291292,17:41:00,17:41:10,stop_point:SP_415,Frênes,19
2291292,17:42:00,17:42:10,stop_point:SP_4940,Clairfont,20
2291292,17:44:00,17:44:10,stop_point:SP_320,Larrieu,21
2291292,17:48:00,17:48:10,stop_point:SP_2589,Thibaud,22
2291292,17:50:00,17:50:10,stop_point:SP_2167,Perpignan,23
2291292,17:51:00,17:51:10,stop_point:SP_2955,Eisenhower Est,24
2291292,17:52:00,17:52:10,stop_point:SP_1948,René Valmy,25
2291292,17:53:00,17:53:10,stop_point:SP_3703,Lestang,26
2291292,17:53:00,17:53:10,stop_point:SP_2011,Ourliac,27
2291292,17:54:00,17:54:10,stop_point:SP_16,Desnos,28
2291292,17:56:00,17:56:10,stop_point:SP_1244,Place Bouillière,29
2291292,17:57:00,17:57:10,stop_point:SP_4007,Basso Cambo,30
2291293,17:39:00,17:39:10,stop_point:SP_3709,Portet H. Boucher,1
2291293,17:40:00,17:40:10,stop_point:SP_617,Lot. Impérial,2
2291293,17:41:00,17:41:10,stop_point:SP_535,Clemenceau,3
2291293,17:42:00,17:42:10,stop_point:SP_1699,Gauguin,4
2291293,17:42:00,17:42:10,stop_point:SP_1737,Ateliers Municipaux,5
2291293,17:43:00,17:43:10,stop_point:SP_807,Mairie Portet,6
2291293,17:43:00,17:43:10,stop_point:SP_1569,Poste de Portet,7
2291293,17:44:00,17:44:10,stop_point:SP_4773,Désiré,8
2291293,17:45:00,17:45:10,stop_point:SP_70,Eglise de Portet,9
2291293,17:46:00,17:46:10,stop_point:SP_1427,Commerce,10
2291293,17:47:00,17:47:10,stop_point:SP_1451,Occitanie,11
2291293,17:48:00,17:48:10,stop_point:SP_3101,Piscine,12
2291293,17:49:00,17:49:10,stop_point:SP_300,Collège de Portet,13
2291293,17:50:00,17:50:10,stop_point:SP_1919,Boulodrome,14
2291293,17:51:00,17:51:10,stop_point:SP_1553,Saliège,15
2291293,17:52:00,17:52:10,stop_point:SP_3084,Ctre Cial Portet - Entrée 5,16
2291293,17:53:00,17:53:10,stop_point:SP_2564,Ecole Récébédou,17
2291293,17:54:00,17:54:10,stop_point:SP_795,Claire Fontaine,18
2291293,17:55:00,17:55:10,stop_point:SP_415,Frênes,19
2291293,17:56:00,17:56:10,stop_point:SP_4940,Clairfont,20
2291293,17:58:00,17:58:10,stop_point:SP_320,Larrieu,21
2291293,18:02:00,18:02:10,stop_point:SP_2589,Thibaud,22
2291293,18:04:00,18:04:10,stop_point:SP_2167,Perpignan,23
2291293,18:05:00,18:05:10,stop_point:SP_2955,Eisenhower Est,24
2291293,18:06:00,18:06:10,stop_point:SP_1948,René Valmy,25
2291293,18:07:00,18:07:10,stop_point:SP_3703,Lestang,26
2291293,18:07:00,18:07:10,stop_point:SP_2011,Ourliac,27
2291293,18:08:00,18:08:10,stop_point:SP_16,Desnos,28
2291293,18:10:00,18:10:10,stop_point:SP_1244,Place Bouillière,29
2291293,18:11:00,18:11:10,stop_point:SP_4007,Basso Cambo,30
2291294,17:54:00,17:54:10,stop_point:SP_3709,Portet H. Boucher,1
2291294,17:55:00,17:55:10,stop_point:SP_617,Lot. Impérial,2
2291294,17:56:00,17:56:10,stop_point:SP_535,Clemenceau,3
2291294,17:57:00,17:57:10,stop_point:SP_1699,Gauguin,4
2291294,17:57:00,17:57:10,stop_point:SP_1737,Ateliers Municipaux,5
2291294,17:58:00,17:58:10,stop_point:SP_807,Mairie Portet,6
2291294,17:58:00,17:58:10,stop_point:SP_1569,Poste de Portet,7
2291294,17:59:00,17:59:10,stop_point:SP_4773,Désiré,8
2291294,18:00:00,18:00:10,stop_point:SP_70,Eglise de Portet,9
2291294,18:01:00,18:01:10,stop_point:SP_1427,Commerce,10
2291294,18:02:00,18:02:10,stop_point:SP_1451,Occitanie,11
2291294,18:03:00,18:03:10,stop_point:SP_3101,Piscine,12
2291294,18:04:00,18:04:10,stop_point:SP_300,Collège de Portet,13
2291294,18:05:00,18:05:10,stop_point:SP_1919,Boulodrome,14
2291294,18:06:00,18:06:10,stop_point:SP_1553,Saliège,15
2291294,18:07:00,18:07:10,stop_point:SP_3084,Ctre Cial Portet - Entrée 5,16
2291294,18:08:00,18:08:10,stop_point:SP_2564,Ecole Récébédou,17
2291294,18:09:00,18:09:10,stop_point:SP_795,Claire Fontaine,18
2291294,18:10:00,18:10:10,stop_point:SP_415,Frênes,19
2291294,18:11:00,18:11:10,stop_point:SP_4940,Clairfont,20
2291294,18:13:00,18:13:10,stop_point:SP_320,Larrieu,21
2291294,18:17:00,18:17:10,stop_point:SP_2589,Thibaud,22
2291294,18:19:00,18:19:10,stop_point:SP_2167,Perpignan,23
2291294,18:20:00,18:20:10,stop_point:SP_2955,Eisenhower Est,24
2291294,18:21:00,18:21:10,stop_point:SP_1948,René Valmy,25
2291294,18:22:00,18:22:10,stop_point:SP_3703,Lestang,26
2291294,18:22:00,18:22:10,stop_point:SP_2011,Ourliac,27
2291294,18:23:00,18:23:10,stop_point:SP_16,Desnos,28
2291294,18:25:00,18:25:10,stop_point:SP_1244,Place Bouillière,29
2291294,18:26:00,18:26:10,stop_point:SP_4007,Basso Cambo,30
2291295,18:09:00,18:09:10,stop_point:SP_3709,Portet H. Boucher,1
2291295,18:10:00,18:10:10,stop_point:SP_617,Lot. Impérial,2
2291295,18:11:00,18:11:10,stop_point:SP_535,Clemenceau,3
2291295,18:12:00,18:12:10,stop_point:SP_1699,Gauguin,4
2291295,18:12:00,18:12:10,stop_point:SP_1737,Ateliers Municipaux,5
2291295,18:13:00,18:13:10,stop_point:SP_807,Mairie Portet,6
2291295,18:13:00,18:13:10,stop_point:SP_1569,Poste de Portet,7
2291295,18:14:00,18:14:10,stop_point:SP_4773,Désiré,8
2291295,18:15:00,18:15:10,stop_point:SP_70,Eglise de Portet,9
2291295,18:16:00,18:16:10,stop_point:SP_1427,Commerce,10
2291295,18:17:00,18:17:10,stop_point:SP_1451,Occitanie,11
2291295,18:18:00,18:18:10,stop_point:SP_3101,Piscine,12
2291295,18:19:00,18:19:10,stop_point:SP_300,Collège de Portet,13
2291295,18:20:00,18:20:10,stop_point:SP_1919,Boulodrome,14
2291295,18:21:00,18:21:10,stop_point:SP_1553,Saliège,15
2291295,18:22:00,18:22:10,stop_point:SP_3084,Ctre Cial Portet - Entrée 5,16
2291295,18:23:00,18:23:10,stop_point:SP_2564,Ecole Récébédou,17
2291295,18:24:00,18:24:10,stop_point:SP_795,Claire Fontaine,18
2291295,18:25:00,18:25:10,stop_point:SP_415,Frênes,19
2291295,18:26:00,18:26:10,stop_point:SP_4940,Clairfont,20
2291295,18:28:00,18:28:10,stop_point:SP_320,Larrieu,21
2291295,18:32:00,18:32:10,stop_point:SP_2589,Thibaud,22
2291295,18:34:00,18:34:10,stop_point:SP_2167,Perpignan,23
2291295,18:35:00,18:35:10,stop_point:SP_2955,Eisenhower Est,24
2291295,18:36:00,18:36:10,stop_point:SP_1948,René Valmy,25
2291295,18:37:00,18:37:10,stop_point:SP_3703,Lestang,26
2291295,18:37:00,18:37:10,stop_point:SP_2011,Ourliac,27
2291295,18:38:00,18:38:10,stop_point:SP_16,Desnos,28
2291295,18:40:00,18:40:10,stop_point:SP_1244,Place Bouillière,29
2291295,18:41:00,18:41:10,stop_point:SP_4007,Basso Cambo,30
2291296,18:24:00,18:24:10,stop_point:SP_3709,Portet H. Boucher,1
2291296,18:25:00,18:25:10,stop_point:SP_617,Lot. Impérial,2
2291296,18:26:00,18:26:10,stop_point:SP_535,Clemenceau,3
2291296,18:27:00,18:27:10,stop_point:SP_1699,Gauguin,4
2291296,18:27:00,18:27:10,stop_point:SP_1737,Ateliers Municipaux,5
2291296,18:28:00,18:28:10,stop_point:SP_807,Mairie Portet,6
2291296,18:28:00,18:28:10,stop_point:SP_1569,Poste de Portet,7
2291296,18:29:00,18:29:10,stop_point:SP_4773,Désiré,8
2291296,18:30:00,18:30:10,stop_point:SP_70,Eglise de Portet,9
2291296,18:31:00,18:31:10,stop_point:SP_1427,Commerce,10
2291296,18:32:00,18:32:10,stop_point:SP_1451,Occitanie,11
2291296,18:33:00,18:33:10,stop_point:SP_3101,Piscine,12
2291296,18:34:00,18:34:10,stop_point:SP_300,Collège de Portet,13
2291296,18:35:00,18:35:10,stop_point:SP_1919,Boulodrome,14
2291296,18:36:00,18:36:10,stop_point:SP_1553,Saliège,15
2291296,18:37:00,18:37:10,stop_point:SP_3084,Ctre Cial Portet - Entrée 5,16
2291296,18:38:00,18:38:10,stop_point:SP_2564,Ecole Récébédou,17
2291296,18:38:00,18:38:10,stop_point:SP_795,Claire Fontaine,18
2291296,18:39:00,18:39:10,stop_point:SP_415,Frênes,19
2291296,18:40:00,18:40:10,stop_point:SP_4940,Clairfont,20
2291296,18:42:00,18:42:10,stop_point:SP_320,Larrieu,21
2291296,18:46:00,18:46:10,stop_point:SP_2589,Thibaud,22
2291296,18:48:00,18:48:10,stop_point:SP_2167,Perpignan,23
2291296,18:49:00,18:49:10,stop_point:SP_2955,Eisenhower Est,24
2291296,18:50:00,18:50:10,stop_point:SP_1948,René Valmy,25
2291296,18:51:00,18:51:10,stop_point:SP_3703,Lestang,26
2291296,18:51:00,18:51:10,stop_point:SP_2011,Ourliac,27
2291296,18:52:00,18:52:10,stop_point:SP_16,Desnos,28
2291296,18:54:00,18:54:10,stop_point:SP_1244,Place Bouillière,29
2291296,18:55:00,18:55:10,stop_point:SP_4007,Basso Cambo,30
2291297,18:39:00,18:39:10,stop_point:SP_3709,Portet H. Boucher,1
2291297,18:40:00,18:40:10,stop_point:SP_617,Lot. Impérial,2
2291297,18:41:00,18:41:10,stop_point:SP_535,Clemenceau,3
2291297,18:42:00,18:42:10,stop_point:SP_1699,Gauguin,4
2291297,18:42:00,18:42:10,stop_point:SP_1737,Ateliers Municipaux,5
2291297,18:43:00,18:43:10,stop_point:SP_807,Mairie Portet,6
2291297,18:43:00,18:43:10,stop_point:SP_1569,Poste de Portet,7
2291297,18:44:00,18:44:10,stop_point:SP_4773,Désiré,8
2291297,18:45:00,18:45:10,stop_point:SP_70,Eglise de Portet,9
2291297,18:46:00,18:46:10,stop_point:SP_1427,Commerce,10
2291297,18:47:00,18:47:10,stop_point:SP_1451,Occitanie,11
2291297,18:48:00,18:48:10,stop_point:SP_3101,Piscine,12
2291297,18:49:00,18:49:10,stop_point:SP_300,Collège de Portet,13
2291297,18:50:00,18:50:10,stop_point:SP_1919,Boulodrome,14
2291297,18:51:00,18:51:10,stop_point:SP_1553,Saliège,15
2291297,18:52:00,18:52:10,stop_point:SP_3084,Ctre Cial Portet - Entrée 5,16
2291297,18:53:00,18:53:10,stop_point:SP_2564,Ecole Récébédou,17
2291297,18:53:00,18:53:10,stop_point:SP_795,Claire Fontaine,18
2291297,18:54:00,18:54:10,stop_point:SP_415,Frênes,19
2291297,18:55:00,18:55:10,stop_point:SP_4940,Clairfont,20
2291297,18:57:00,18:57:10,stop_point:SP_320,Larrieu,21
2291297,19:01:00,19:01:10,stop_point:SP_2589,Thibaud,22
2291297,19:03:00,19:03:10,stop_point:SP_2167,Perpignan,23
2291297,19:04:00,19:04:10,stop_point:SP_2955,Eisenhower Est,24
2291297,19:05:00,19:05:10,stop_point:SP_1948,René Valmy,25
2291297,19:06:00,19:06:10,stop_point:SP_3703,Lestang,26
2291297,19:06:00,19:06:10,stop_point:SP_2011,Ourliac,27
2291297,19:07:00,19:07:10,stop_point:SP_16,Desnos,28
2291297,19:09:00,19:09:10,stop_point:SP_1244,Place Bouillière,29
2291297,19:10:00,19:10:10,stop_point:SP_4007,Basso Cambo,30
2291298,18:56:00,18:56:10,stop_point:SP_3709,Portet H. Boucher,1
2291298,18:57:00,18:57:10,stop_point:SP_617,Lot. Impérial,2
2291298,18:58:00,18:58:10,stop_point:SP_535,Clemenceau,3
2291298,18:59:00,18:59:10,stop_point:SP_1699,Gauguin,4
2291298,18:59:00,18:59:10,stop_point:SP_1737,Ateliers Municipaux,5
2291298,19:00:00,19:00:10,stop_point:SP_807,Mairie Portet,6
2291298,19:00:00,19:00:10,stop_point:SP_1569,Poste de Portet,7
2291298,19:01:00,19:01:10,stop_point:SP_4773,Désiré,8
2291298,19:02:00,19:02:10,stop_point:SP_70,Eglise de Portet,9
2291298,19:03:00,19:03:10,stop_point:SP_1427,Commerce,10
2291298,19:03:00,19:03:10,stop_point:SP_1451,Occitanie,11
2291298,19:04:00,19:04:10,stop_point:SP_3101,Piscine,12
2291298,19:05:00,19:05:10,stop_point:SP_300,Collège de Portet,13
2291298,19:06:00,19:06:10,stop_point:SP_1919,Boulodrome,14
2291298,19:07:00,19:07:10,stop_point:SP_1553,Saliège,15
2291298,19:08:00,19:08:10,stop_point:SP_3084,Ctre Cial Portet - Entrée 5,16
2291298,19:09:00,19:09:10,stop_point:SP_2564,Ecole Récébédou,17
2291298,19:09:00,19:09:10,stop_point:SP_795,Claire Fontaine,18
2291298,19:10:00,19:10:10,stop_point:SP_415,Frênes,19
2291298,19:11:00,19:11:10,stop_point:SP_4940,Clairfont,20
2291298,19:13:00,19:13:10,stop_point:SP_320,Larrieu,21
2291298,19:17:00,19:17:10,stop_point:SP_2589,Thibaud,22
2291298,19:19:00,19:19:10,stop_point:SP_2167,Perpignan,23
2291298,19:20:00,19:20:10,stop_point:SP_2955,Eisenhower Est,24
2291298,19:21:00,19:21:10,stop_point:SP_1948,René Valmy,25
2291298,19:22:00,19:22:10,stop_point:SP_3703,Lestang,26
2291298,19:22:00,19:22:10,stop_point:SP_2011,Ourliac,27
2291298,19:23:00,19:23:10,stop_point:SP_16,Desnos,28
2291298,19:25:00,19:25:10,stop_point:SP_1244,Place Bouillière,29
2291298,19:26:00,19:26:10,stop_point:SP_4007,Basso Cambo,30
2291299,19:15:00,19:15:10,stop_point:SP_3709,Portet H. Boucher,1
2291299,19:16:00,19:16:10,stop_point:SP_617,Lot. Impérial,2
2291299,19:17:00,19:17:10,stop_point:SP_535,Clemenceau,3
2291299,19:18:00,19:18:10,stop_point:SP_1699,Gauguin,4
2291299,19:18:00,19:18:10,stop_point:SP_1737,Ateliers Municipaux,5
2291299,19:19:00,19:19:10,stop_point:SP_807,Mairie Portet,6
2291299,19:19:00,19:19:10,stop_point:SP_1569,Poste de Portet,7
2291299,19:20:00,19:20:10,stop_point:SP_4773,Désiré,8
2291299,19:21:00,19:21:10,stop_point:SP_70,Eglise de Portet,9
2291299,19:22:00,19:22:10,stop_point:SP_1427,Commerce,10
2291299,19:22:00,19:22:10,stop_point:SP_1451,Occitanie,11
2291299,19:23:00,19:23:10,stop_point:SP_3101,Piscine,12
2291299,19:24:00,19:24:10,stop_point:SP_300,Collège de Portet,13
2291299,19:25:00,19:25:10,stop_point:SP_1919,Boulodrome,14
2291299,19:26:00,19:26:10,stop_point:SP_1553,Saliège,15
2291299,19:27:00,19:27:10,stop_point:SP_3084,Ctre Cial Portet - Entrée 5,16
2291299,19:28:00,19:28:10,stop_point:SP_2564,Ecole Récébédou,17
2291299,19:28:00,19:28:10,stop_point:SP_795,Claire Fontaine,18
2291299,19:29:00,19:29:10,stop_point:SP_415,Frênes,19
2291299,19:30:00,19:30:10,stop_point:SP_4940,Clairfont,20
2291299,19:32:00,19:32:10,stop_point:SP_320,Larrieu,21
2291299,19:36:00,19:36:10,stop_point:SP_2589,Thibaud,22
2291299,19:37:00,19:37:10,stop_point:SP_2167,Perpignan,23
2291299,19:38:00,19:38:10,stop_point:SP_2955,Eisenhower Est,24
2291299,19:39:00,19:39:10,stop_point:SP_1948,René Valmy,25
2291299,19:40:00,19:40:10,stop_point:SP_3703,Lestang,26
2291299,19:40:00,19:40:10,stop_point:SP_2011,Ourliac,27
2291299,19:41:00,19:41:10,stop_point:SP_16,Desnos,28
2291299,19:43:00,19:43:10,stop_point:SP_1244,Place Bouillière,29
2291299,19:44:00,19:44:10,stop_point:SP_4007,Basso Cambo,30
2291300,19:45:00,19:45:10,stop_point:SP_3709,Portet H. Boucher,1
2291300,19:46:00,19:46:10,stop_point:SP_617,Lot. Impérial,2
2291300,19:47:00,19:47:10,stop_point:SP_535,Clemenceau,3
2291300,19:48:00,19:48:10,stop_point:SP_1699,Gauguin,4
2291300,19:48:00,19:48:10,stop_point:SP_1737,Ateliers Municipaux,5
2291300,19:49:00,19:49:10,stop_point:SP_807,Mairie Portet,6
2291300,19:49:00,19:49:10,stop_point:SP_1569,Poste de Portet,7
2291300,19:50:00,19:50:10,stop_point:SP_4773,Désiré,8
2291300,19:51:00,19:51:10,stop_point:SP_70,Eglise de Portet,9
2291300,19:52:00,19:52:10,stop_point:SP_1427,Commerce,10
2291300,19:52:00,19:52:10,stop_point:SP_1451,Occitanie,11
2291300,19:53:00,19:53:10,stop_point:SP_3101,Piscine,12
2291300,19:54:00,19:54:10,stop_point:SP_300,Collège de Portet,13
2291300,19:55:00,19:55:10,stop_point:SP_1919,Boulodrome,14
2291300,19:56:00,19:56:10,stop_point:SP_1553,Saliège,15
2291300,19:57:00,19:57:10,stop_point:SP_3084,Ctre Cial Portet - Entrée 5,16
2291300,19:58:00,19:58:10,stop_point:SP_2564,Ecole Récébédou,17
2291300,19:58:00,19:58:10,stop_point:SP_795,Claire Fontaine,18
2291300,19:59:00,19:59:10,stop_point:SP_415,Frênes,19
2291300,20:00:00,20:00:10,stop_point:SP_4940,Clairfont,20
2291300,20:02:00,20:02:10,stop_point:SP_320,Larrieu,21
2291300,20:05:00,20:05:10,stop_point:SP_2589,Thibaud,22
2291300,20:06:00,20:06:10,stop_point:SP_2167,Perpignan,23
2291300,20:07:00,20:07:10,stop_point:SP_2955,Eisenhower Est,24
2291300,20:08:00,20:08:10,stop_point:SP_1948,René Valmy,25
2291300,20:09:00,20:09:10,stop_point:SP_3703,Lestang,26
2291300,20:09:00,20:09:10,stop_point:SP_2011,Ourliac,27
2291300,20:10:00,20:10:10,stop_point:SP_16,Desnos,28
2291300,20:12:00,20:12:10,stop_point:SP_1244,Place Bouillière,29
2291300,20:13:00,20:13:10,stop_point:SP_4007,Basso Cambo,30
2291301,20:15:00,20:15:10,stop_point:SP_3709,Portet H. Boucher,1
2291301,20:16:00,20:16:10,stop_point:SP_617,Lot. Impérial,2
2291301,20:17:00,20:17:10,stop_point:SP_535,Clemenceau,3
2291301,20:18:00,20:18:10,stop_point:SP_1699,Gauguin,4
2291301,20:18:00,20:18:10,stop_point:SP_1737,Ateliers Municipaux,5
2291301,20:19:00,20:19:10,stop_point:SP_807,Mairie Portet,6
2291301,20:19:00,20:19:10,stop_point:SP_1569,Poste de Portet,7
2291301,20:20:00,20:20:10,stop_point:SP_4773,Désiré,8
2291301,20:21:00,20:21:10,stop_point:SP_70,Eglise de Portet,9
2291301,20:22:00,20:22:10,stop_point:SP_1427,Commerce,10
2291301,20:22:00,20:22:10,stop_point:SP_1451,Occitanie,11
2291301,20:23:00,20:23:10,stop_point:SP_3101,Piscine,12
2291301,20:24:00,20:24:10,stop_point:SP_300,Collège de Portet,13
2291301,20:25:00,20:25:10,stop_point:SP_1919,Boulodrome,14
2291301,20:26:00,20:26:10,stop_point:SP_1553,Saliège,15
2291301,20:27:00,20:27:10,stop_point:SP_3084,Ctre Cial Portet - Entrée 5,16
2291301,20:28:00,20:28:10,stop_point:SP_2564,Ecole Récébédou,17
2291301,20:28:00,20:28:10,stop_point:SP_795,Claire Fontaine,18
2291301,20:29:00,20:29:10,stop_point:SP_415,Frênes,19
2291301,20:30:00,20:30:10,stop_point:SP_4940,Clairfont,20
2291301,20:32:00,20:32:10,stop_point:SP_320,Larrieu,21
2291301,20:35:00,20:35:10,stop_point:SP_2589,Thibaud,22
2291301,20:36:00,20:36:10,stop_point:SP_2167,Perpignan,23
2291301,20:37:00,20:37:10,stop_point:SP_2955,Eisenhower Est,24
2291301,20:38:00,20:38:10,stop_point:SP_1948,René Valmy,25
2291301,20:39:00,20:39:10,stop_point:SP_3703,Lestang,26
2291301,20:39:00,20:39:10,stop_point:SP_2011,Ourliac,27
2291301,20:40:00,20:40:10,stop_point:SP_16,Desnos,28
2291301,20:42:00,20:42:10,stop_point:SP_1244,Place Bouillière,29
2291301,20:43:00,20:43:10,stop_point:SP_4007,Basso Cambo,30
2291302,21:00:00,21:00:10,stop_point:SP_3709,Portet H. Boucher,1
2291302,21:01:00,21:01:10,stop_point:SP_617,Lot. Impérial,2
2291302,21:02:00,21:02:10,stop_point:SP_535,Clemenceau,3
2291302,21:03:00,21:03:10,stop_point:SP_1699,Gauguin,4
2291302,21:03:00,21:03:10,stop_point:SP_1737,Ateliers Municipaux,5
2291302,21:04:00,21:04:10,stop_point:SP_807,Mairie Portet,6
2291302,21:04:00,21:04:10,stop_point:SP_1569,Poste de Portet,7
2291302,21:05:00,21:05:10,stop_point:SP_4773,Désiré,8
2291302,21:06:00,21:06:10,stop_point:SP_70,Eglise de Portet,9
2291302,21:07:00,21:07:10,stop_point:SP_1427,Commerce,10
2291302,21:07:00,21:07:10,stop_point:SP_1451,Occitanie,11
2291302,21:08:00,21:08:10,stop_point:SP_3101,Piscine,12
2291302,21:09:00,21:09:10,stop_point:SP_300,Collège de Portet,13
2291302,21:09:00,21:09:10,stop_point:SP_1919,Boulodrome,14
2291302,21:10:00,21:10:10,stop_point:SP_1553,Saliège,15
2291302,21:11:00,21:11:10,stop_point:SP_3084,Ctre Cial Portet - Entrée 5,16
2291302,21:12:00,21:12:10,stop_point:SP_2564,Ecole Récébédou,17
2291302,21:12:00,21:12:10,stop_point:SP_795,Claire Fontaine,18
2291302,21:13:00,21:13:10,stop_point:SP_415,Frênes,19
2291302,21:14:00,21:14:10,stop_point:SP_4940,Clairfont,20
2291302,21:16:00,21:16:10,stop_point:SP_320,Larrieu,21
2291302,21:19:00,21:19:10,stop_point:SP_2589,Thibaud,22
2291302,21:20:00,21:20:10,stop_point:SP_2167,Perpignan,23
2291302,21:20:00,21:20:10,stop_point:SP_2955,Eisenhower Est,24
2291302,21:21:00,21:21:10,stop_point:SP_1948,René Valmy,25
2291302,21:21:00,21:21:10,stop_point:SP_3703,Lestang,26
2291302,21:22:00,21:22:10,stop_point:SP_2011,Ourliac,27
2291302,21:22:00,21:22:10,stop_point:SP_16,Desnos,28
2291302,21:23:00,21:23:10,stop_point:SP_1244,Place Bouillière,29
2291302,21:24:00,21:24:10,stop_point:SP_4007,Basso Cambo,30
2291303,06:25:00,06:25:10,stop_point:SP_4007,Basso Cambo,1
2291303,06:26:00,06:26:10,stop_point:SP_1298,Place Bouillière,2
2291303,06:28:00,06:28:10,stop_point:SP_5,Desnos,3
2291303,06:29:00,06:29:10,stop_point:SP_334,Ourliac,4
2291303,06:30:00,06:30:10,stop_point:SP_5102,Lestang,5
2291303,06:31:00,06:31:10,stop_point:SP_1357,René Valmy,6
2291303,06:32:00,06:32:10,stop_point:SP_2042,Eisenhower Est,7
2291303,06:33:00,06:33:10,stop_point:SP_3730,Perpignan,8
2291303,06:33:00,06:33:10,stop_point:SP_3467,Thibaud,9
2291303,06:36:00,06:36:10,stop_point:SP_3258,Larrieu,10
2291303,06:37:00,06:37:10,stop_point:SP_265,Clairfont,11
2291303,06:38:00,06:38:10,stop_point:SP_1374,Frênes,12
2291303,06:39:00,06:39:10,stop_point:SP_2247,Claire Fontaine,13
2291303,06:39:00,06:39:10,stop_point:SP_4000,Ecole Récébédou,14
2291303,06:40:00,06:40:10,stop_point:SP_2566,Ctre Cial Portet - Entrée 5,15
2291303,06:41:00,06:41:10,stop_point:SP_2478,Saliège,16
2291303,06:42:00,06:42:10,stop_point:SP_814,Boulodrome,17
2291303,06:43:00,06:43:10,stop_point:SP_2141,Collège de Portet,18
2291303,06:44:00,06:44:10,stop_point:SP_2439,Piscine,19
2291303,06:45:00,06:45:10,stop_point:SP_3831,Occitanie,20
2291303,06:46:00,06:46:10,stop_point:SP_1947,Commerce,21
2291303,06:47:00,06:47:10,stop_point:SP_1897,Bosquets,22
2291303,06:47:00,06:47:10,stop_point:SP_1127,Désiré,23
2291303,06:47:00,06:47:10,stop_point:SP_1779,Poste de Portet,24
2291303,06:48:00,06:48:10,stop_point:SP_3136,Mairie Portet,25
2291303,06:48:00,06:48:10,stop_point:SP_2155,Ateliers Municipaux,26
2291303,06:49:00,06:49:10,stop_point:SP_11,Gauguin,27
2291303,06:50:00,06:50:10,stop_point:SP_3190,Clemenceau,28
2291303,06:50:00,06:50:10,stop_point:SP_2601,Lot. Impérial,29
2291303,06:51:00,06:51:10,stop_point:SP_3709,Portet H. Boucher,30
2291304,07:00:00,07:00:10,stop_point:SP_4007,Basso Cambo,1
2291304,07:01:00,07:01:10,stop_point:SP_1298,Place Bouillière,2
2291304,07:03:00,07:03:10,stop_point:SP_5,Desnos,3
2291304,07:04:00,07:04:10,stop_point:SP_334,Ourliac,4
2291304,07:05:00,07:05:10,stop_point:SP_5102,Lestang,5
2291304,07:06:00,07:06:10,stop_point:SP_1357,René Valmy,6
2291304,07:07:00,07:07:10,stop_point:SP_2042,Eisenhower Est,7
2291304,07:08:00,07:08:10,stop_point:SP_3730,Perpignan,8
2291304,07:08:00,07:08:10,stop_point:SP_3467,Thibaud,9
2291304,07:11:00,07:11:10,stop_point:SP_3258,Larrieu,10
2291304,07:12:00,07:12:10,stop_point:SP_265,Clairfont,11
2291304,07:13:00,07:13:10,stop_point:SP_1374,Frênes,12
2291304,07:14:00,07:14:10,stop_point:SP_2247,Claire Fontaine,13
2291304,07:14:00,07:14:10,stop_point:SP_4000,Ecole Récébédou,14
2291304,07:15:00,07:15:10,stop_point:SP_2566,Ctre Cial Portet - Entrée 5,15
2291304,07:16:00,07:16:10,stop_point:SP_2478,Saliège,16
2291304,07:17:00,07:17:10,stop_point:SP_814,Boulodrome,17
2291304,07:18:00,07:18:10,stop_point:SP_2141,Collège de Portet,18
2291304,07:19:00,07:19:10,stop_point:SP_2439,Piscine,19
2291304,07:20:00,07:20:10,stop_point:SP_3831,Occitanie,20
2291304,07:21:00,07:21:10,stop_point:SP_1947,Commerce,21
2291304,07:22:00,07:22:10,stop_point:SP_1897,Bosquets,22
2291304,07:22:00,07:22:10,stop_point:SP_1127,Désiré,23
2291304,07:22:00,07:22:10,stop_point:SP_1779,Poste de Portet,24
2291304,07:23:00,07:23:10,stop_point:SP_3136,Mairie Portet,25
2291304,07:23:00,07:23:10,stop_point:SP_2155,Ateliers Municipaux,26
2291304,07:24:00,07:24:10,stop_point:SP_11,Gauguin,27
2291304,07:25:00,07:25:10,stop_point:SP_3190,Clemenceau,28
2291304,07:25:00,07:25:10,stop_point:SP_2601,Lot. Impérial,29
2291304,07:26:00,07:26:10,stop_point:SP_3709,Portet H. Boucher,30
2291305,07:32:00,07:32:10,stop_point:SP_4007,Basso Cambo,1
2291305,07:33:00,07:33:10,stop_point:SP_1298,Place Bouillière,2
2291305,07:35:00,07:35:10,stop_point:SP_5,Desnos,3
2291305,07:36:00,07:36:10,stop_point:SP_334,Ourliac,4
2291305,07:37:00,07:37:10,stop_point:SP_5102,Lestang,5
2291305,07:38:00,07:38:10,stop_point:SP_1357,René Valmy,6
2291305,07:39:00,07:39:10,stop_point:SP_2042,Eisenhower Est,7
2291305,07:40:00,07:40:10,stop_point:SP_3730,Perpignan,8
2291305,07:40:00,07:40:10,stop_point:SP_3467,Thibaud,9
2291305,07:43:00,07:43:10,stop_point:SP_3258,Larrieu,10
2291305,07:45:00,07:45:10,stop_point:SP_265,Clairfont,11
2291305,07:46:00,07:46:10,stop_point:SP_1374,Frênes,12
2291305,07:47:00,07:47:10,stop_point:SP_2247,Claire Fontaine,13
2291305,07:47:00,07:47:10,stop_point:SP_4000,Ecole Récébédou,14
2291305,07:48:00,07:48:10,stop_point:SP_2566,Ctre Cial Portet - Entrée 5,15
2291305,07:49:00,07:49:10,stop_point:SP_2478,Saliège,16
2291305,07:50:00,07:50:10,stop_point:SP_814,Boulodrome,17
2291305,07:51:00,07:51:10,stop_point:SP_2141,Collège de Portet,18
2291305,07:52:00,07:52:10,stop_point:SP_2439,Piscine,19
2291305,07:53:00,07:53:10,stop_point:SP_3831,Occitanie,20
2291305,07:54:00,07:54:10,stop_point:SP_1947,Commerce,21
2291305,07:55:00,07:55:10,stop_point:SP_1897,Bosquets,22
2291305,07:55:00,07:55:10,stop_point:SP_1127,Désiré,23
2291305,07:55:00,07:55:10,stop_point:SP_1779,Poste de Portet,24
2291305,07:56:00,07:56:10,stop_point:SP_3136,Mairie Portet,25
2291305,07:56:00,07:56:10,stop_point:SP_2155,Ateliers Municipaux,26
2291305,07:57:00,07:57:10,stop_point:SP_11,Gauguin,27
2291305,07:58:00,07:58:10,stop_point:SP_3190,Clemenceau,28
2291305,07:58:00,07:58:10,stop_point:SP_2601,Lot. Impérial,29
2291305,07:59:00,07:59:10,stop_point:SP_3709,Portet H. Boucher,30
2291306,08:04:00,08:04:10,stop_point:SP_4007,Basso Cambo,1
2291306,08:05:00,08:05:10,stop_point:SP_1298,Place Bouillière,2
2291306,08:07:00,08:07:10,stop_point:SP_5,Desnos,3
2291306,08:08:00,08:08:10,stop_point:SP_334,Ourliac,4
2291306,08:09:00,08:09:10,stop_point:SP_5102,Lestang,5
2291306,08:10:00,08:10:10,stop_point:SP_1357,René Valmy,6
2291306,08:11:00,08:11:10,stop_point:SP_2042,Eisenhower Est,7
2291306,08:12:00,08:12:10,stop_point:SP_3730,Perpignan,8
2291306,08:12:00,08:12:10,stop_point:SP_3467,Thibaud,9
2291306,08:15:00,08:15:10,stop_point:SP_3258,Larrieu,10
2291306,08:17:00,08:17:10,stop_point:SP_265,Clairfont,11
2291306,08:18:00,08:18:10,stop_point:SP_1374,Frênes,12
2291306,08:19:00,08:19:10,stop_point:SP_2247,Claire Fontaine,13
2291306,08:19:00,08:19:10,stop_point:SP_4000,Ecole Récébédou,14
2291306,08:20:00,08:20:10,stop_point:SP_2566,Ctre Cial Portet - Entrée 5,15
2291306,08:21:00,08:21:10,stop_point:SP_2478,Saliège,16
2291306,08:22:00,08:22:10,stop_point:SP_814,Boulodrome,17
2291306,08:23:00,08:23:10,stop_point:SP_2141,Collège de Portet,18
2291306,08:24:00,08:24:10,stop_point:SP_2439,Piscine,19
2291306,08:25:00,08:25:10,stop_point:SP_3831,Occitanie,20
2291306,08:26:00,08:26:10,stop_point:SP_1947,Commerce,21
2291306,08:27:00,08:27:10,stop_point:SP_1897,Bosquets,22
2291306,08:27:00,08:27:10,stop_point:SP_1127,Désiré,23
2291306,08:27:00,08:27:10,stop_point:SP_1779,Poste de Portet,24
2291306,08:28:00,08:28:10,stop_point:SP_3136,Mairie Portet,25
2291306,08:28:00,08:28:10,stop_point:SP_2155,Ateliers Municipaux,26
2291306,08:29:00,08:29:10,stop_point:SP_11,Gauguin,27
2291306,08:30:00,08:30:10,stop_point:SP_3190,Clemenceau,28
2291306,08:30:00,08:30:10,stop_point:SP_2601,Lot. Impérial,29
2291306,08:31:00,08:31:10,stop_point:SP_3709,Portet H. Boucher,30
2291307,08:36:00,08:36:10,stop_point:SP_4007,Basso Cambo,1
2291307,08:37:00,08:37:10,stop_point:SP_1298,Place Bouillière,2
2291307,08:39:00,08:39:10,stop_point:SP_5,Desnos,3
2291307,08:40:00,08:40:10,stop_point:SP_334,Ourliac,4
2291307,08:41:00,08:41:10,stop_point:SP_5102,Lestang,5
2291307,08:42:00,08:42:10,stop_point:SP_1357,René Valmy,6
2291307,08:43:00,08:43:10,stop_point:SP_2042,Eisenhower Est,7
2291307,08:44:00,08:44:10,stop_point:SP_3730,Perpignan,8
2291307,08:44:00,08:44:10,stop_point:SP_3467,Thibaud,9
2291307,08:47:00,08:47:10,stop_point:SP_3258,Larrieu,10
2291307,08:49:00,08:49:10,stop_point:SP_265,Clairfont,11
2291307,08:50:00,08:50:10,stop_point:SP_1374,Frênes,12
2291307,08:51:00,08:51:10,stop_point:SP_2247,Claire Fontaine,13
2291307,08:51:00,08:51:10,stop_point:SP_4000,Ecole Récébédou,14
2291307,08:52:00,08:52:10,stop_point:SP_2566,Ctre Cial Portet - Entrée 5,15
2291307,08:53:00,08:53:10,stop_point:SP_2478,Saliège,16
2291307,08:54:00,08:54:10,stop_point:SP_814,Boulodrome,17
2291307,08:55:00,08:55:10,stop_point:SP_2141,Collège de Portet,18
2291307,08:56:00,08:56:10,stop_point:SP_2439,Piscine,19
2291307,08:57:00,08:57:10,stop_point:SP_3831,Occitanie,20
2291307,08:58:00,08:58:10,stop_point:SP_1947,Commerce,21
2291307,08:59:00,08:59:10,stop_point:SP_1897,Bosquets,22
2291307,08:59:00,08:59:10,stop_point:SP_1127,Désiré,23
2291307,08:59:00,08:59:10,stop_point:SP_1779,Poste de Portet,24
2291307,09:00:00,09:00:10,stop_point:SP_3136,Mairie Portet,25
2291307,09:00:00,09:00:10,stop_point:SP_2155,Ateliers Municipaux,26
2291307,09:01:00,09:01:10,stop_point:SP_11,Gauguin,27
2291307,09:02:00,09:02:10,stop_point:SP_3190,Clemenceau,28
2291307,09:02:00,09:02:10,stop_point:SP_2601,Lot. Impérial,29
2291307,09:03:00,09:03:10,stop_point:SP_3709,Portet H. Boucher,30
2291308,09:08:00,09:08:10,stop_point:SP_4007,Basso Cambo,1
2291308,09:09:00,09:09:10,stop_point:SP_1298,Place Bouillière,2
2291308,09:11:00,09:11:10,stop_point:SP_5,Desnos,3
2291308,09:12:00,09:12:10,stop_point:SP_334,Ourliac,4
2291308,09:13:00,09:13:10,stop_point:SP_5102,Lestang,5
2291308,09:14:00,09:14:10,stop_point:SP_1357,René Valmy,6
2291308,09:15:00,09:15:10,stop_point:SP_2042,Eisenhower Est,7
2291308,09:16:00,09:16:10,stop_point:SP_3730,Perpignan,8
2291308,09:16:00,09:16:10,stop_point:SP_3467,Thibaud,9
2291308,09:20:00,09:20:10,stop_point:SP_3258,Larrieu,10
2291308,09:22:00,09:22:10,stop_point:SP_265,Clairfont,11
2291308,09:23:00,09:23:10,stop_point:SP_1374,Frênes,12
2291308,09:24:00,09:24:10,stop_point:SP_2247,Claire Fontaine,13
2291308,09:24:00,09:24:10,stop_point:SP_4000,Ecole Récébédou,14
2291308,09:25:00,09:25:10,stop_point:SP_2566,Ctre Cial Portet - Entrée 5,15
2291308,09:26:00,09:26:10,stop_point:SP_2478,Saliège,16
2291308,09:27:00,09:27:10,stop_point:SP_814,Boulodrome,17
2291308,09:28:00,09:28:10,stop_point:SP_2141,Collège de Portet,18
2291308,09:29:00,09:29:10,stop_point:SP_2439,Piscine,19
2291308,09:30:00,09:30:10,stop_point:SP_3831,Occitanie,20
2291308,09:31:00,09:31:10,stop_point:SP_1947,Commerce,21
2291308,09:32:00,09:32:10,stop_point:SP_1897,Bosquets,22
2291308,09:32:00,09:32:10,stop_point:SP_1127,Désiré,23
2291308,09:32:00,09:32:10,stop_point:SP_1779,Poste de Portet,24
2291308,09:33:00,09:33:10,stop_point:SP_3136,Mairie Portet,25
2291308,09:33:00,09:33:10,stop_point:SP_2155,Ateliers Municipaux,26
2291308,09:34:00,09:34:10,stop_point:SP_11,Gauguin,27
2291308,09:35:00,09:35:10,stop_point:SP_3190,Clemenceau,28
2291308,09:35:00,09:35:10,stop_point:SP_2601,Lot. Impérial,29
2291308,09:36:00,09:36:10,stop_point:SP_3709,Portet H. Boucher,30
2291309,09:40:00,09:40:10,stop_point:SP_4007,Basso Cambo,1
2291309,09:41:00,09:41:10,stop_point:SP_1298,Place Bouillière,2
2291309,09:43:00,09:43:10,stop_point:SP_5,Desnos,3
2291309,09:44:00,09:44:10,stop_point:SP_334,Ourliac,4
2291309,09:45:00,09:45:10,stop_point:SP_5102,Lestang,5
2291309,09:46:00,09:46:10,stop_point:SP_1357,René Valmy,6
2291309,09:47:00,09:47:10,stop_point:SP_2042,Eisenhower Est,7
2291309,09:48:00,09:48:10,stop_point:SP_3730,Perpignan,8
2291309,09:48:00,09:48:10,stop_point:SP_3467,Thibaud,9
2291309,09:52:00,09:52:10,stop_point:SP_3258,Larrieu,10
2291309,09:54:00,09:54:10,stop_point:SP_265,Clairfont,11
2291309,09:55:00,09:55:10,stop_point:SP_1374,Frênes,12
2291309,09:56:00,09:56:10,stop_point:SP_2247,Claire Fontaine,13
2291309,09:56:00,09:56:10,stop_point:SP_4000,Ecole Récébédou,14
2291309,09:57:00,09:57:10,stop_point:SP_2566,Ctre Cial Portet - Entrée 5,15
2291309,09:59:00,09:59:10,stop_point:SP_2478,Saliège,16
2291309,10:00:00,10:00:10,stop_point:SP_814,Boulodrome,17
2291309,10:01:00,10:01:10,stop_point:SP_2141,Collège de Portet,18
2291309,10:02:00,10:02:10,stop_point:SP_2439,Piscine,19
2291309,10:03:00,10:03:10,stop_point:SP_3831,Occitanie,20
2291309,10:04:00,10:04:10,stop_point:SP_1947,Commerce,21
2291309,10:05:00,10:05:10,stop_point:SP_1897,Bosquets,22
2291309,10:05:00,10:05:10,stop_point:SP_1127,Désiré,23
2291309,10:05:00,10:05:10,stop_point:SP_1779,Poste de Portet,24
2291309,10:06:00,10:06:10,stop_point:SP_3136,Mairie Portet,25
2291309,10:06:00,10:06:10,stop_point:SP_2155,Ateliers Municipaux,26
2291309,10:07:00,10:07:10,stop_point:SP_11,Gauguin,27
2291309,10:08:00,10:08:10,stop_point:SP_3190,Clemenceau,28
2291309,10:08:00,10:08:10,stop_point:SP_2601,Lot. Impérial,29
2291309,10:09:00,10:09:10,stop_point:SP_3709,Portet H. Boucher,30
2291310,10:12:00,10:12:10,stop_point:SP_4007,Basso Cambo,1
2291310,10:13:00,10:13:10,stop_point:SP_1298,Place Bouillière,2
2291310,10:15:00,10:15:10,stop_point:SP_5,Desnos,3
2291310,10:16:00,10:16:10,stop_point:SP_334,Ourliac,4
2291310,10:17:00,10:17:10,stop_point:SP_5102,Lestang,5
2291310,10:18:00,10:18:10,stop_point:SP_1357,René Valmy,6
2291310,10:19:00,10:19:10,stop_point:SP_2042,Eisenhower Est,7
2291310,10:20:00,10:20:10,stop_point:SP_3730,Perpignan,8
2291310,10:20:00,10:20:10,stop_point:SP_3467,Thibaud,9
2291310,10:24:00,10:24:10,stop_point:SP_3258,Larrieu,10
2291310,10:26:00,10:26:10,stop_point:SP_265,Clairfont,11
2291310,10:27:00,10:27:10,stop_point:SP_1374,Frênes,12
2291310,10:28:00,10:28:10,stop_point:SP_2247,Claire Fontaine,13
2291310,10:28:00,10:28:10,stop_point:SP_4000,Ecole Récébédou,14
2291310,10:29:00,10:29:10,stop_point:SP_2566,Ctre Cial Portet - Entrée 5,15
2291310,10:31:00,10:31:10,stop_point:SP_2478,Saliège,16
2291310,10:32:00,10:32:10,stop_point:SP_814,Boulodrome,17
2291310,10:33:00,10:33:10,stop_point:SP_2141,Collège de Portet,18
2291310,10:34:00,10:34:10,stop_point:SP_2439,Piscine,19
2291310,10:35:00,10:35:10,stop_point:SP_3831,Occitanie,20
2291310,10:36:00,10:36:10,stop_point:SP_1947,Commerce,21
2291310,10:37:00,10:37:10,stop_point:SP_1897,Bosquets,22
2291310,10:37:00,10:37:10,stop_point:SP_1127,Désiré,23
2291310,10:37:00,10:37:10,stop_point:SP_1779,Poste de Portet,24
2291310,10:38:00,10:38:10,stop_point:SP_3136,Mairie Portet,25
2291310,10:38:00,10:38:10,stop_point:SP_2155,Ateliers Municipaux,26
2291310,10:39:00,10:39:10,stop_point:SP_11,Gauguin,27
2291310,10:40:00,10:40:10,stop_point:SP_3190,Clemenceau,28
2291310,10:40:00,10:40:10,stop_point:SP_2601,Lot. Impérial,29
2291310,10:41:00,10:41:10,stop_point:SP_3709,Portet H. Boucher,30
2291311,10:44:00,10:44:10,stop_point:SP_4007,Basso Cambo,1
2291311,10:45:00,10:45:10,stop_point:SP_1298,Place Bouillière,2
2291311,10:47:00,10:47:10,stop_point:SP_5,Desnos,3
2291311,10:48:00,10:48:10,stop_point:SP_334,Ourliac,4
2291311,10:49:00,10:49:10,stop_point:SP_5102,Lestang,5
2291311,10:50:00,10:50:10,stop_point:SP_1357,René Valmy,6
2291311,10:51:00,10:51:10,stop_point:SP_2042,Eisenhower Est,7
2291311,10:52:00,10:52:10,stop_point:SP_3730,Perpignan,8
2291311,10:52:00,10:52:10,stop_point:SP_3467,Thibaud,9
2291311,10:56:00,10:56:10,stop_point:SP_3258,Larrieu,10
2291311,10:58:00,10:58:10,stop_point:SP_265,Clairfont,11
2291311,10:59:00,10:59:10,stop_point:SP_1374,Frênes,12
2291311,11:00:00,11:00:10,stop_point:SP_2247,Claire Fontaine,13
2291311,11:00:00,11:00:10,stop_point:SP_4000,Ecole Récébédou,14
2291311,11:01:00,11:01:10,stop_point:SP_2566,Ctre Cial Portet - Entrée 5,15
2291311,11:03:00,11:03:10,stop_point:SP_2478,Saliège,16
2291311,11:04:00,11:04:10,stop_point:SP_814,Boulodrome,17
2291311,11:05:00,11:05:10,stop_point:SP_2141,Collège de Portet,18
2291311,11:06:00,11:06:10,stop_point:SP_2439,Piscine,19
2291311,11:07:00,11:07:10,stop_point:SP_3831,Occitanie,20
2291311,11:08:00,11:08:10,stop_point:SP_1947,Commerce,21
2291311,11:09:00,11:09:10,stop_point:SP_1897,Bosquets,22
2291311,11:09:00,11:09:10,stop_point:SP_1127,Désiré,23
2291311,11:09:00,11:09:10,stop_point:SP_1779,Poste de Portet,24
2291311,11:10:00,11:10:10,stop_point:SP_3136,Mairie Portet,25
2291311,11:10:00,11:10:10,stop_point:SP_2155,Ateliers Municipaux,26
2291311,11:11:00,11:11:10,stop_point:SP_11,Gauguin,27
2291311,11:12:00,11:12:10,stop_point:SP_3190,Clemenceau,28
2291311,11:12:00,11:12:10,stop_point:SP_2601,Lot. Impérial,29
2291311,11:13:00,11:13:10,stop_point:SP_3709,Portet H. Boucher,30
2291312,11:16:00,11:16:10,stop_point:SP_4007,Basso Cambo,1
2291312,11:17:00,11:17:10,stop_point:SP_1298,Place Bouillière,2
2291312,11:19:00,11:19:10,stop_point:SP_5,Desnos,3
2291312,11:20:00,11:20:10,stop_point:SP_334,Ourliac,4
2291312,11:21:00,11:21:10,stop_point:SP_5102,Lestang,5
2291312,11:22:00,11:22:10,stop_point:SP_1357,René Valmy,6
2291312,11:23:00,11:23:10,stop_point:SP_2042,Eisenhower Est,7
2291312,11:24:00,11:24:10,stop_point:SP_3730,Perpignan,8
2291312,11:24:00,11:24:10,stop_point:SP_3467,Thibaud,9
2291312,11:28:00,11:28:10,stop_point:SP_3258,Larrieu,10
2291312,11:30:00,11:30:10,stop_point:SP_265,Clairfont,11
2291312,11:31:00,11:31:10,stop_point:SP_1374,Frênes,12
2291312,11:32:00,11:32:10,stop_point:SP_2247,Claire Fontaine,13
2291312,11:32:00,11:32:10,stop_point:SP_4000,Ecole Récébédou,14
2291312,11:33:00,11:33:10,stop_point:SP_2566,Ctre Cial Portet - Entrée 5,15
2291312,11:35:00,11:35:10,stop_point:SP_2478,Saliège,16
2291312,11:36:00,11:36:10,stop_point:SP_814,Boulodrome,17
2291312,11:37:00,11:37:10,stop_point:SP_2141,Collège de Portet,18
2291312,11:38:00,11:38:10,stop_point:SP_2439,Piscine,19
2291312,11:39:00,11:39:10,stop_point:SP_3831,Occitanie,20
2291312,11:40:00,11:40:10,stop_point:SP_1947,Commerce,21
2291312,11:41:00,11:41:10,stop_point:SP_1897,Bosquets,22
2291312,11:41:00,11:41:10,stop_point:SP_1127,Désiré,23
2291312,11:41:00,11:41:10,stop_point:SP_1779,Poste de Portet,24
2291312,11:42:00,11:42:10,stop_point:SP_3136,Mairie Portet,25
2291312,11:42:00,11:42:10,stop_point:SP_2155,Ateliers Municipaux,26
2291312,11:43:00,11:43:10,stop_point:SP_11,Gauguin,27
2291312,11:44:00,11:44:10,stop_point:SP_3190,Clemenceau,28
2291312,11:44:00,11:44:10,stop_point:SP_2601,Lot. Impérial,29
2291312,11:45:00,11:45:10,stop_point:SP_3709,Portet H. Boucher,30
2291313,11:48:00,11:48:10,stop_point:SP_4007,Basso Cambo,1
2291313,11:49:00,11:49:10,stop_point:SP_1298,Place Bouillière,2
2291313,11:51:00,11:51:10,stop_point:SP_5,Desnos,3
2291313,11:52:00,11:52:10,stop_point:SP_334,Ourliac,4
2291313,11:53:00,11:53:10,stop_point:SP_5102,Lestang,5
2291313,11:54:00,11:54:10,stop_point:SP_1357,René Valmy,6
2291313,11:55:00,11:55:10,stop_point:SP_2042,Eisenhower Est,7
2291313,11:56:00,11:56:10,stop_point:SP_3730,Perpignan,8
2291313,11:56:00,11:56:10,stop_point:SP_3467,Thibaud,9
2291313,12:00:00,12:00:10,stop_point:SP_3258,Larrieu,10
2291313,12:02:00,12:02:10,stop_point:SP_265,Clairfont,11
2291313,12:03:00,12:03:10,stop_point:SP_1374,Frênes,12
2291313,12:04:00,12:04:10,stop_point:SP_2247,Claire Fontaine,13
2291313,12:04:00,12:04:10,stop_point:SP_4000,Ecole Récébédou,14
2291313,12:05:00,12:05:10,stop_point:SP_2566,Ctre Cial Portet - Entrée 5,15
2291313,12:07:00,12:07:10,stop_point:SP_2478,Saliège,16
2291313,12:08:00,12:08:10,stop_point:SP_814,Boulodrome,17
2291313,12:09:00,12:09:10,stop_point:SP_2141,Collège de Portet,18
2291313,12:10:00,12:10:10,stop_point:SP_2439,Piscine,19
2291313,12:11:00,12:11:10,stop_point:SP_3831,Occitanie,20
2291313,12:12:00,12:12:10,stop_point:SP_1947,Commerce,21
2291313,12:13:00,12:13:10,stop_point:SP_1897,Bosquets,22
2291313,12:13:00,12:13:10,stop_point:SP_1127,Désiré,23
2291313,12:13:00,12:13:10,stop_point:SP_1779,Poste de Portet,24
2291313,12:14:00,12:14:10,stop_point:SP_3136,Mairie Portet,25
2291313,12:14:00,12:14:10,stop_point:SP_2155,Ateliers Municipaux,26
2291313,12:15:00,12:15:10,stop_point:SP_11,Gauguin,27
2291313,12:16:00,12:16:10,stop_point:SP_3190,Clemenceau,28
2291313,12:16:00,12:16:10,stop_point:SP_2601,Lot. Impérial,29
2291313,12:17:00,12:17:10,stop_point:SP_3709,Portet H. Boucher,30
2291314,12:20:00,12:20:10,stop_point:SP_4007,Basso Cambo,1
2291314,12:21:00,12:21:10,stop_point:SP_1298,Place Bouillière,2
2291314,12:23:00,12:23:10,stop_point:SP_5,Desnos,3
2291314,12:24:00,12:24:10,stop_point:SP_334,Ourliac,4
2291314,12:25:00,12:25:10,stop_point:SP_5102,Lestang,5
2291314,12:26:00,12:26:10,stop_point:SP_1357,René Valmy,6
2291314,12:27:00,12:27:10,stop_point:SP_2042,Eisenhower Est,7
2291314,12:28:00,12:28:10,stop_point:SP_3730,Perpignan,8
2291314,12:28:00,12:28:10,stop_point:SP_3467,Thibaud,9
2291314,12:32:00,12:32:10,stop_point:SP_3258,Larrieu,10
2291314,12:34:00,12:34:10,stop_point:SP_265,Clairfont,11
2291314,12:35:00,12:35:10,stop_point:SP_1374,Frênes,12
2291314,12:36:00,12:36:10,stop_point:SP_2247,Claire Fontaine,13
2291314,12:36:00,12:36:10,stop_point:SP_4000,Ecole Récébédou,14
2291314,12:37:00,12:37:10,stop_point:SP_2566,Ctre Cial Portet - Entrée 5,15
2291314,12:39:00,12:39:10,stop_point:SP_2478,Saliège,16
2291314,12:40:00,12:40:10,stop_point:SP_814,Boulodrome,17
2291314,12:41:00,12:41:10,stop_point:SP_2141,Collège de Portet,18
2291314,12:42:00,12:42:10,stop_point:SP_2439,Piscine,19
2291314,12:43:00,12:43:10,stop_point:SP_3831,Occitanie,20
2291314,12:44:00,12:44:10,stop_point:SP_1947,Commerce,21
2291314,12:45:00,12:45:10,stop_point:SP_1897,Bosquets,22
2291314,12:45:00,12:45:10,stop_point:SP_1127,Désiré,23
2291314,12:45:00,12:45:10,stop_point:SP_1779,Poste de Portet,24
2291314,12:46:00,12:46:10,stop_point:SP_3136,Mairie Portet,25
2291314,12:46:00,12:46:10,stop_point:SP_2155,Ateliers Municipaux,26
2291314,12:47:00,12:47:10,stop_point:SP_11,Gauguin,27
2291314,12:48:00,12:48:10,stop_point:SP_3190,Clemenceau,28
2291314,12:48:00,12:48:10,stop_point:SP_2601,Lot. Impérial,29
2291314,12:49:00,12:49:10,stop_point:SP_3709,Portet H. Boucher,30
2291315,12:52:00,12:52:10,stop_point:SP_4007,Basso Cambo,1
2291315,12:53:00,12:53:10,stop_point:SP_1298,Place Bouillière,2
2291315,12:55:00,12:55:10,stop_point:SP_5,Desnos,3
2291315,12:56:00,12:56:10,stop_point:SP_334,Ourliac,4
2291315,12:57:00,12:57:10,stop_point:SP_5102,Lestang,5
2291315,12:58:00,12:58:10,stop_point:SP_1357,René Valmy,6
2291315,12:59:00,12:59:10,stop_point:SP_2042,Eisenhower Est,7
2291315,13:00:00,13:00:10,stop_point:SP_3730,Perpignan,8
2291315,13:00:00,13:00:10,stop_point:SP_3467,Thibaud,9
2291315,13:04:00,13:04:10,stop_point:SP_3258,Larrieu,10
2291315,13:06:00,13:06:10,stop_point:SP_265,Clairfont,11
2291315,13:07:00,13:07:10,stop_point:SP_1374,Frênes,12
2291315,13:08:00,13:08:10,stop_point:SP_2247,Claire Fontaine,13
2291315,13:08:00,13:08:10,stop_point:SP_4000,Ecole Récébédou,14
2291315,13:09:00,13:09:10,stop_point:SP_2566,Ctre Cial Portet - Entrée 5,15
2291315,13:11:00,13:11:10,stop_point:SP_2478,Saliège,16
2291315,13:12:00,13:12:10,stop_point:SP_814,Boulodrome,17
2291315,13:13:00,13:13:10,stop_point:SP_2141,Collège de Portet,18
2291315,13:14:00,13:14:10,stop_point:SP_2439,Piscine,19
2291315,13:15:00,13:15:10,stop_point:SP_3831,Occitanie,20
2291315,13:16:00,13:16:10,stop_point:SP_1947,Commerce,21
2291315,13:17:00,13:17:10,stop_point:SP_1897,Bosquets,22
2291315,13:17:00,13:17:10,stop_point:SP_1127,Désiré,23
2291315,13:17:00,13:17:10,stop_point:SP_1779,Poste de Portet,24
2291315,13:18:00,13:18:10,stop_point:SP_3136,Mairie Portet,25
2291315,13:18:00,13:18:10,stop_point:SP_2155,Ateliers Municipaux,26
2291315,13:19:00,13:19:10,stop_point:SP_11,Gauguin,27
2291315,13:20:00,13:20:10,stop_point:SP_3190,Clemenceau,28
2291315,13:20:00,13:20:10,stop_point:SP_2601,Lot. Impérial,29
2291315,13:21:00,13:21:10,stop_point:SP_3709,Portet H. Boucher,30
2291316,13:24:00,13:24:10,stop_point:SP_4007,Basso Cambo,1
2291316,13:25:00,13:25:10,stop_point:SP_1298,Place Bouillière,2
2291316,13:27:00,13:27:10,stop_point:SP_5,Desnos,3
2291316,13:28:00,13:28:10,stop_point:SP_334,Ourliac,4
2291316,13:29:00,13:29:10,stop_point:SP_5102,Lestang,5
2291316,13:30:00,13:30:10,stop_point:SP_1357,René Valmy,6
2291316,13:31:00,13:31:10,stop_point:SP_2042,Eisenhower Est,7
2291316,13:32:00,13:32:10,stop_point:SP_3730,Perpignan,8
2291316,13:32:00,13:32:10,stop_point:SP_3467,Thibaud,9
2291316,13:36:00,13:36:10,stop_point:SP_3258,Larrieu,10
2291316,13:38:00,13:38:10,stop_point:SP_265,Clairfont,11
2291316,13:39:00,13:39:10,stop_point:SP_1374,Frênes,12
2291316,13:40:00,13:40:10,stop_point:SP_2247,Claire Fontaine,13
2291316,13:40:00,13:40:10,stop_point:SP_4000,Ecole Récébédou,14
2291316,13:41:00,13:41:10,stop_point:SP_2566,Ctre Cial Portet - Entrée 5,15
2291316,13:43:00,13:43:10,stop_point:SP_2478,Saliège,16
2291316,13:44:00,13:44:10,stop_point:SP_814,Boulodrome,17
2291316,13:45:00,13:45:10,stop_point:SP_2141,Collège de Portet,18
2291316,13:46:00,13:46:10,stop_point:SP_2439,Piscine,19
2291316,13:47:00,13:47:10,stop_point:SP_3831,Occitanie,20
2291316,13:48:00,13:48:10,stop_point:SP_1947,Commerce,21
2291316,13:49:00,13:49:10,stop_point:SP_1897,Bosquets,22
2291316,13:49:00,13:49:10,stop_point:SP_1127,Désiré,23
2291316,13:49:00,13:49:10,stop_point:SP_1779,Poste de Portet,24
2291316,13:50:00,13:50:10,stop_point:SP_3136,Mairie Portet,25
2291316,13:50:00,13:50:10,stop_point:SP_2155,Ateliers Municipaux,26
2291316,13:51:00,13:51:10,stop_point:SP_11,Gauguin,27
2291316,13:52:00,13:52:10,stop_point:SP_3190,Clemenceau,28
2291316,13:52:00,13:52:10,stop_point:SP_2601,Lot. Impérial,29
2291316,13:53:00,13:53:10,stop_point:SP_3709,Portet H. Boucher,30
2291317,13:56:00,13:56:10,stop_point:SP_4007,Basso Cambo,1
2291317,13:57:00,13:57:10,stop_point:SP_1298,Place Bouillière,2
2291317,13:59:00,13:59:10,stop_point:SP_5,Desnos,3
2291317,14:00:00,14:00:10,stop_point:SP_334,Ourliac,4
2291317,14:01:00,14:01:10,stop_point:SP_5102,Lestang,5
2291317,14:02:00,14:02:10,stop_point:SP_1357,René Valmy,6
2291317,14:03:00,14:03:10,stop_point:SP_2042,Eisenhower Est,7
2291317,14:04:00,14:04:10,stop_point:SP_3730,Perpignan,8
2291317,14:04:00,14:04:10,stop_point:SP_3467,Thibaud,9
2291317,14:08:00,14:08:10,stop_point:SP_3258,Larrieu,10
2291317,14:10:00,14:10:10,stop_point:SP_265,Clairfont,11
2291317,14:11:00,14:11:10,stop_point:SP_1374,Frênes,12
2291317,14:12:00,14:12:10,stop_point:SP_2247,Claire Fontaine,13
2291317,14:12:00,14:12:10,stop_point:SP_4000,Ecole Récébédou,14
2291317,14:13:00,14:13:10,stop_point:SP_2566,Ctre Cial Portet - Entrée 5,15
2291317,14:15:00,14:15:10,stop_point:SP_2478,Saliège,16
2291317,14:16:00,14:16:10,stop_point:SP_814,Boulodrome,17
2291317,14:17:00,14:17:10,stop_point:SP_2141,Collège de Portet,18
2291317,14:18:00,14:18:10,stop_point:SP_2439,Piscine,19
2291317,14:19:00,14:19:10,stop_point:SP_3831,Occitanie,20
2291317,14:20:00,14:20:10,stop_point:SP_1947,Commerce,21
2291317,14:21:00,14:21:10,stop_point:SP_1897,Bosquets,22
2291317,14:21:00,14:21:10,stop_point:SP_1127,Désiré,23
2291317,14:21:00,14:21:10,stop_point:SP_1779,Poste de Portet,24
2291317,14:22:00,14:22:10,stop_point:SP_3136,Mairie Portet,25
2291317,14:22:00,14:22:10,stop_point:SP_2155,Ateliers Municipaux,26
2291317,14:23:00,14:23:10,stop_point:SP_11,Gauguin,27
2291317,14:24:00,14:24:10,stop_point:SP_3190,Clemenceau,28
2291317,14:24:00,14:24:10,stop_point:SP_2601,Lot. Impérial,29
2291317,14:25:00,14:25:10,stop_point:SP_3709,Portet H. Boucher,30
2291318,14:28:00,14:28:10,stop_point:SP_4007,Basso Cambo,1
2291318,14:29:00,14:29:10,stop_point:SP_1298,Place Bouillière,2
2291318,14:31:00,14:31:10,stop_point:SP_5,Desnos,3
2291318,14:32:00,14:32:10,stop_point:SP_334,Ourliac,4
2291318,14:33:00,14:33:10,stop_point:SP_5102,Lestang,5
2291318,14:34:00,14:34:10,stop_point:SP_1357,René Valmy,6
2291318,14:35:00,14:35:10,stop_point:SP_2042,Eisenhower Est,7
2291318,14:36:00,14:36:10,stop_point:SP_3730,Perpignan,8
2291318,14:37:00,14:37:10,stop_point:SP_3467,Thibaud,9
2291318,14:41:00,14:41:10,stop_point:SP_3258,Larrieu,10
2291318,14:43:00,14:43:10,stop_point:SP_265,Clairfont,11
2291318,14:44:00,14:44:10,stop_point:SP_1374,Frênes,12
2291318,14:45:00,14:45:10,stop_point:SP_2247,Claire Fontaine,13
2291318,14:45:00,14:45:10,stop_point:SP_4000,Ecole Récébédou,14
2291318,14:46:00,14:46:10,stop_point:SP_2566,Ctre Cial Portet - Entrée 5,15
2291318,14:48:00,14:48:10,stop_point:SP_2478,Saliège,16
2291318,14:49:00,14:49:10,stop_point:SP_814,Boulodrome,17
2291318,14:50:00,14:50:10,stop_point:SP_2141,Collège de Portet,18
2291318,14:51:00,14:51:10,stop_point:SP_2439,Piscine,19
2291318,14:52:00,14:52:10,stop_point:SP_3831,Occitanie,20
2291318,14:53:00,14:53:10,stop_point:SP_1947,Commerce,21
2291318,14:54:00,14:54:10,stop_point:SP_1897,Bosquets,22
2291318,14:54:00,14:54:10,stop_point:SP_1127,Désiré,23
2291318,14:54:00,14:54:10,stop_point:SP_1779,Poste de Portet,24
2291318,14:55:00,14:55:10,stop_point:SP_3136,Mairie Portet,25
2291318,14:55:00,14:55:10,stop_point:SP_2155,Ateliers Municipaux,26
2291318,14:56:00,14:56:10,stop_point:SP_11,Gauguin,27
2291318,14:57:00,14:57:10,stop_point:SP_3190,Clemenceau,28
2291318,14:57:00,14:57:10,stop_point:SP_2601,Lot. Impérial,29
2291318,14:58:00,14:58:10,stop_point:SP_3709,Portet H. Boucher,30
2291319,15:00:00,15:00:10,stop_point:SP_4007,Basso Cambo,1
2291319,15:01:00,15:01:10,stop_point:SP_1298,Place Bouillière,2
2291319,15:03:00,15:03:10,stop_point:SP_5,Desnos,3
2291319,15:04:00,15:04:10,stop_point:SP_334,Ourliac,4
2291319,15:05:00,15:05:10,stop_point:SP_5102,Lestang,5
2291319,15:06:00,15:06:10,stop_point:SP_1357,René Valmy,6
2291319,15:07:00,15:07:10,stop_point:SP_2042,Eisenhower Est,7
2291319,15:08:00,15:08:10,stop_point:SP_3730,Perpignan,8
2291319,15:09:00,15:09:10,stop_point:SP_3467,Thibaud,9
2291319,15:13:00,15:13:10,stop_point:SP_3258,Larrieu,10
2291319,15:15:00,15:15:10,stop_point:SP_265,Clairfont,11
2291319,15:16:00,15:16:10,stop_point:SP_1374,Frênes,12
2291319,15:17:00,15:17:10,stop_point:SP_2247,Claire Fontaine,13
2291319,15:18:00,15:18:10,stop_point:SP_4000,Ecole Récébédou,14
2291319,15:19:00,15:19:10,stop_point:SP_2566,Ctre Cial Portet - Entrée 5,15
2291319,15:21:00,15:21:10,stop_point:SP_2478,Saliège,16
2291319,15:22:00,15:22:10,stop_point:SP_814,Boulodrome,17
2291319,15:23:00,15:23:10,stop_point:SP_2141,Collège de Portet,18
2291319,15:24:00,15:24:10,stop_point:SP_2439,Piscine,19
2291319,15:25:00,15:25:10,stop_point:SP_3831,Occitanie,20
2291319,15:26:00,15:26:10,stop_point:SP_1947,Commerce,21
2291319,15:27:00,15:27:10,stop_point:SP_1897,Bosquets,22
2291319,15:27:00,15:27:10,stop_point:SP_1127,Désiré,23
2291319,15:27:00,15:27:10,stop_point:SP_1779,Poste de Portet,24
2291319,15:28:00,15:28:10,stop_point:SP_3136,Mairie Portet,25
2291319,15:28:00,15:28:10,stop_point:SP_2155,Ateliers Municipaux,26
2291319,15:29:00,15:29:10,stop_point:SP_11,Gauguin,27
2291319,15:30:00,15:30:10,stop_point:SP_3190,Clemenceau,28
2291319,15:30:00,15:30:10,stop_point:SP_2601,Lot. Impérial,29
2291319,15:31:00,15:31:10,stop_point:SP_3709,Portet H. Boucher,30
2291320,15:32:00,15:32:10,stop_point:SP_4007,Basso Cambo,1
2291320,15:33:00,15:33:10,stop_point:SP_1298,Place Bouillière,2
2291320,15:35:00,15:35:10,stop_point:SP_5,Desnos,3
2291320,15:36:00,15:36:10,stop_point:SP_334,Ourliac,4
2291320,15:37:00,15:37:10,stop_point:SP_5102,Lestang,5
2291320,15:38:00,15:38:10,stop_point:SP_1357,René Valmy,6
2291320,15:39:00,15:39:10,stop_point:SP_2042,Eisenhower Est,7
2291320,15:40:00,15:40:10,stop_point:SP_3730,Perpignan,8
2291320,15:41:00,15:41:10,stop_point:SP_3467,Thibaud,9
2291320,15:45:00,15:45:10,stop_point:SP_3258,Larrieu,10
2291320,15:47:00,15:47:10,stop_point:SP_265,Clairfont,11
2291320,15:48:00,15:48:10,stop_point:SP_1374,Frênes,12
2291320,15:49:00,15:49:10,stop_point:SP_2247,Claire Fontaine,13
2291320,15:50:00,15:50:10,stop_point:SP_4000,Ecole Récébédou,14
2291320,15:51:00,15:51:10,stop_point:SP_2566,Ctre Cial Portet - Entrée 5,15
2291320,15:54:00,15:54:10,stop_point:SP_2478,Saliège,16
2291320,15:55:00,15:55:10,stop_point:SP_814,Boulodrome,17
2291320,15:56:00,15:56:10,stop_point:SP_2141,Collège de Portet,18
2291320,15:58:00,15:58:10,stop_point:SP_2439,Piscine,19
2291320,15:59:00,15:59:10,stop_point:SP_3831,Occitanie,20
2291320,16:00:00,16:00:10,stop_point:SP_1947,Commerce,21
2291320,16:01:00,16:01:10,stop_point:SP_1897,Bosquets,22
2291320,16:01:00,16:01:10,stop_point:SP_1127,Désiré,23
2291320,16:01:00,16:01:10,stop_point:SP_1779,Poste de Portet,24
2291320,16:02:00,16:02:10,stop_point:SP_3136,Mairie Portet,25
2291320,16:02:00,16:02:10,stop_point:SP_2155,Ateliers Municipaux,26
2291320,16:03:00,16:03:10,stop_point:SP_11,Gauguin,27
2291320,16:04:00,16:04:10,stop_point:SP_3190,Clemenceau,28
2291320,16:04:00,16:04:10,stop_point:SP_2601,Lot. Impérial,29
2291320,16:05:00,16:05:10,stop_point:SP_3709,Portet H. Boucher,30
2291321,16:04:00,16:04:10,stop_point:SP_4007,Basso Cambo,1
2291321,16:05:00,16:05:10,stop_point:SP_1298,Place Bouillière,2
2291321,16:07:00,16:07:10,stop_point:SP_5,Desnos,3
2291321,16:08:00,16:08:10,stop_point:SP_334,Ourliac,4
2291321,16:09:00,16:09:10,stop_point:SP_5102,Lestang,5
2291321,16:10:00,16:10:10,stop_point:SP_1357,René Valmy,6
2291321,16:11:00,16:11:10,stop_point:SP_2042,Eisenhower Est,7
2291321,16:12:00,16:12:10,stop_point:SP_3730,Perpignan,8
2291321,16:13:00,16:13:10,stop_point:SP_3467,Thibaud,9
2291321,16:17:00,16:17:10,stop_point:SP_3258,Larrieu,10
2291321,16:19:00,16:19:10,stop_point:SP_265,Clairfont,11
2291321,16:20:00,16:20:10,stop_point:SP_1374,Frênes,12
2291321,16:21:00,16:21:10,stop_point:SP_2247,Claire Fontaine,13
2291321,16:22:00,16:22:10,stop_point:SP_4000,Ecole Récébédou,14
2291321,16:23:00,16:23:10,stop_point:SP_2566,Ctre Cial Portet - Entrée 5,15
2291321,16:25:00,16:25:10,stop_point:SP_2478,Saliège,16
2291321,16:26:00,16:26:10,stop_point:SP_814,Boulodrome,17
2291321,16:28:00,16:28:10,stop_point:SP_2141,Collège de Portet,18
2291321,16:29:00,16:29:10,stop_point:SP_2439,Piscine,19
2291321,16:30:00,16:30:10,stop_point:SP_3831,Occitanie,20
2291321,16:31:00,16:31:10,stop_point:SP_1947,Commerce,21
2291321,16:32:00,16:32:10,stop_point:SP_1897,Bosquets,22
2291321,16:32:00,16:32:10,stop_point:SP_1127,Désiré,23
2291321,16:32:00,16:32:10,stop_point:SP_1779,Poste de Portet,24
2291321,16:33:00,16:33:10,stop_point:SP_3136,Mairie Portet,25
2291321,16:33:00,16:33:10,stop_point:SP_2155,Ateliers Municipaux,26
2291321,16:34:00,16:34:10,stop_point:SP_11,Gauguin,27
2291321,16:35:00,16:35:10,stop_point:SP_3190,Clemenceau,28
2291321,16:35:00,16:35:10,stop_point:SP_2601,Lot. Impérial,29
2291321,16:36:00,16:36:10,stop_point:SP_3709,Portet H. Boucher,30
2291322,16:36:00,16:36:10,stop_point:SP_4007,Basso Cambo,1
2291322,16:37:00,16:37:10,stop_point:SP_1298,Place Bouillière,2
2291322,16:39:00,16:39:10,stop_point:SP_5,Desnos,3
2291322,16:40:00,16:40:10,stop_point:SP_334,Ourliac,4
2291322,16:41:00,16:41:10,stop_point:SP_5102,Lestang,5
2291322,16:42:00,16:42:10,stop_point:SP_1357,René Valmy,6
2291322,16:43:00,16:43:10,stop_point:SP_2042,Eisenhower Est,7
2291322,16:44:00,16:44:10,stop_point:SP_3730,Perpignan,8
2291322,16:45:00,16:45:10,stop_point:SP_3467,Thibaud,9
2291322,16:48:00,16:48:10,stop_point:SP_3258,Larrieu,10
2291322,16:50:00,16:50:10,stop_point:SP_265,Clairfont,11
2291322,16:51:00,16:51:10,stop_point:SP_1374,Frênes,12
2291322,16:52:00,16:52:10,stop_point:SP_2247,Claire Fontaine,13
2291322,16:53:00,16:53:10,stop_point:SP_4000,Ecole Récébédou,14
2291322,16:54:00,16:54:10,stop_point:SP_2566,Ctre Cial Portet - Entrée 5,15
2291322,16:56:00,16:56:10,stop_point:SP_2478,Saliège,16
2291322,16:57:00,16:57:10,stop_point:SP_814,Boulodrome,17
2291322,16:59:00,16:59:10,stop_point:SP_2141,Collège de Portet,18
2291322,17:00:00,17:00:10,stop_point:SP_2439,Piscine,19
2291322,17:01:00,17:01:10,stop_point:SP_3831,Occitanie,20
2291322,17:02:00,17:02:10,stop_point:SP_1947,Commerce,21
2291322,17:03:00,17:03:10,stop_point:SP_1897,Bosquets,22
2291322,17:03:00,17:03:10,stop_point:SP_1127,Désiré,23
2291322,17:03:00,17:03:10,stop_point:SP_1779,Poste de Portet,24
2291322,17:04:00,17:04:10,stop_point:SP_3136,Mairie Portet,25
2291322,17:04:00,17:04:10,stop_point:SP_2155,Ateliers Municipaux,26
2291322,17:05:00,17:05:10,stop_point:SP_11,Gauguin,27
2291322,17:06:00,17:06:10,stop_point:SP_3190,Clemenceau,28
2291322,17:06:00,17:06:10,stop_point:SP_2601,Lot. Impérial,29
2291322,17:07:00,17:07:10,stop_point:SP_3709,Portet H. Boucher,30
2291323,17:08:00,17:08:10,stop_point:SP_4007,Basso Cambo,1
2291323,17:09:00,17:09:10,stop_point:SP_1298,Place Bouillière,2
2291323,17:11:00,17:11:10,stop_point:SP_5,Desnos,3
2291323,17:12:00,17:12:10,stop_point:SP_334,Ourliac,4
2291323,17:13:00,17:13:10,stop_point:SP_5102,Lestang,5
2291323,17:14:00,17:14:10,stop_point:SP_1357,René Valmy,6
2291323,17:15:00,17:15:10,stop_point:SP_2042,Eisenhower Est,7
2291323,17:16:00,17:16:10,stop_point:SP_3730,Perpignan,8
2291323,17:17:00,17:17:10,stop_point:SP_3467,Thibaud,9
2291323,17:20:00,17:20:10,stop_point:SP_3258,Larrieu,10
2291323,17:22:00,17:22:10,stop_point:SP_265,Clairfont,11
2291323,17:23:00,17:23:10,stop_point:SP_1374,Frênes,12
2291323,17:24:00,17:24:10,stop_point:SP_2247,Claire Fontaine,13
2291323,17:25:00,17:25:10,stop_point:SP_4000,Ecole Récébédou,14
2291323,17:26:00,17:26:10,stop_point:SP_2566,Ctre Cial Portet - Entrée 5,15
2291323,17:28:00,17:28:10,stop_point:SP_2478,Saliège,16
2291323,17:29:00,17:29:10,stop_point:SP_814,Boulodrome,17
2291323,17:31:00,17:31:10,stop_point:SP_2141,Collège de Portet,18
2291323,17:32:00,17:32:10,stop_point:SP_2439,Piscine,19
2291323,17:33:00,17:33:10,stop_point:SP_3831,Occitanie,20
2291323,17:34:00,17:34:10,stop_point:SP_1947,Commerce,21
2291323,17:35:00,17:35:10,stop_point:SP_1897,Bosquets,22
2291323,17:35:00,17:35:10,stop_point:SP_1127,Désiré,23
2291323,17:35:00,17:35:10,stop_point:SP_1779,Poste de Portet,24
2291323,17:36:00,17:36:10,stop_point:SP_3136,Mairie Portet,25
2291323,17:36:00,17:36:10,stop_point:SP_2155,Ateliers Municipaux,26
2291323,17:37:00,17:37:10,stop_point:SP_11,Gauguin,27
2291323,17:38:00,17:38:10,stop_point:SP_3190,Clemenceau,28
2291323,17:38:00,17:38:10,stop_point:SP_2601,Lot. Impérial,29
2291323,17:39:00,17:39:10,stop_point:SP_3709,Portet H. Boucher,30
2291324,17:40:00,17:40:10,stop_point:SP_4007,Basso Cambo,1
2291324,17:41:00,17:41:10,stop_point:SP_1298,Place Bouillière,2
2291324,17:43:00,17:43:10,stop_point:SP_5,Desnos,3
2291324,17:44:00,17:44:10,stop_point:SP_334,Ourliac,4
2291324,17:45:00,17:45:10,stop_point:SP_5102,Lestang,5
2291324,17:46:00,17:46:10,stop_point:SP_1357,René Valmy,6
2291324,17:47:00,17:47:10,stop_point:SP_2042,Eisenhower Est,7
2291324,17:48:00,17:48:10,stop_point:SP_3730,Perpignan,8
2291324,17:49:00,17:49:10,stop_point:SP_3467,Thibaud,9
2291324,17:52:00,17:52:10,stop_point:SP_3258,Larrieu,10
2291324,17:54:00,17:54:10,stop_point:SP_265,Clairfont,11
2291324,17:55:00,17:55:10,stop_point:SP_1374,Frênes,12
2291324,17:56:00,17:56:10,stop_point:SP_2247,Claire Fontaine,13
2291324,17:57:00,17:57:10,stop_point:SP_4000,Ecole Récébédou,14
2291324,17:58:00,17:58:10,stop_point:SP_2566,Ctre Cial Portet - Entrée 5,15
2291324,18:00:00,18:00:10,stop_point:SP_2478,Saliège,16
2291324,18:01:00,18:01:10,stop_point:SP_814,Boulodrome,17
2291324,18:03:00,18:03:10,stop_point:SP_2141,Collège de Portet,18
2291324,18:04:00,18:04:10,stop_point:SP_2439,Piscine,19
2291324,18:05:00,18:05:10,stop_point:SP_3831,Occitanie,20
2291324,18:06:00,18:06:10,stop_point:SP_1947,Commerce,21
2291324,18:07:00,18:07:10,stop_point:SP_1897,Bosquets,22
2291324,18:07:00,18:07:10,stop_point:SP_1127,Désiré,23
2291324,18:07:00,18:07:10,stop_point:SP_1779,Poste de Portet,24
2291324,18:08:00,18:08:10,stop_point:SP_3136,Mairie Portet,25
2291324,18:08:00,18:08:10,stop_point:SP_2155,Ateliers Municipaux,26
2291324,18:09:00,18:09:10,stop_point:SP_11,Gauguin,27
2291324,18:10:00,18:10:10,stop_point:SP_3190,Clemenceau,28
2291324,18:10:00,18:10:10,stop_point:SP_2601,Lot. Impérial,29
2291324,18:11:00,18:11:10,stop_point:SP_3709,Portet H. Boucher,30
2291325,18:12:00,18:12:10,stop_point:SP_4007,Basso Cambo,1
2291325,18:13:00,18:13:10,stop_point:SP_1298,Place Bouillière,2
2291325,18:15:00,18:15:10,stop_point:SP_5,Desnos,3
2291325,18:16:00,18:16:10,stop_point:SP_334,Ourliac,4
2291325,18:17:00,18:17:10,stop_point:SP_5102,Lestang,5
2291325,18:18:00,18:18:10,stop_point:SP_1357,René Valmy,6
2291325,18:19:00,18:19:10,stop_point:SP_2042,Eisenhower Est,7
2291325,18:20:00,18:20:10,stop_point:SP_3730,Perpignan,8
2291325,18:20:00,18:20:10,stop_point:SP_3467,Thibaud,9
2291325,18:23:00,18:23:10,stop_point:SP_3258,Larrieu,10
2291325,18:25:00,18:25:10,stop_point:SP_265,Clairfont,11
2291325,18:26:00,18:26:10,stop_point:SP_1374,Frênes,12
2291325,18:27:00,18:27:10,stop_point:SP_2247,Claire Fontaine,13
2291325,18:28:00,18:28:10,stop_point:SP_4000,Ecole Récébédou,14
2291325,18:29:00,18:29:10,stop_point:SP_2566,Ctre Cial Portet - Entrée 5,15
2291325,18:31:00,18:31:10,stop_point:SP_2478,Saliège,16
2291325,18:32:00,18:32:10,stop_point:SP_814,Boulodrome,17
2291325,18:33:00,18:33:10,stop_point:SP_2141,Collège de Portet,18
2291325,18:34:00,18:34:10,stop_point:SP_2439,Piscine,19
2291325,18:35:00,18:35:10,stop_point:SP_3831,Occitanie,20
2291325,18:36:00,18:36:10,stop_point:SP_1947,Commerce,21
2291325,18:37:00,18:37:10,stop_point:SP_1897,Bosquets,22
2291325,18:37:00,18:37:10,stop_point:SP_1127,Désiré,23
2291325,18:37:00,18:37:10,stop_point:SP_1779,Poste de Portet,24
2291325,18:38:00,18:38:10,stop_point:SP_3136,Mairie Portet,25
2291325,18:38:00,18:38:10,stop_point:SP_2155,Ateliers Municipaux,26
2291325,18:39:00,18:39:10,stop_point:SP_11,Gauguin,27
2291325,18:40:00,18:40:10,stop_point:SP_3190,Clemenceau,28
2291325,18:40:00,18:40:10,stop_point:SP_2601,Lot. Impérial,29
2291325,18:41:00,18:41:10,stop_point:SP_3709,Portet H. Boucher,30
2291326,18:44:00,18:44:10,stop_point:SP_4007,Basso Cambo,1
2291326,18:45:00,18:45:10,stop_point:SP_1298,Place Bouillière,2
2291326,18:47:00,18:47:10,stop_point:SP_5,Desnos,3
2291326,18:48:00,18:48:10,stop_point:SP_334,Ourliac,4
2291326,18:49:00,18:49:10,stop_point:SP_5102,Lestang,5
2291326,18:50:00,18:50:10,stop_point:SP_1357,René Valmy,6
2291326,18:51:00,18:51:10,stop_point:SP_2042,Eisenhower Est,7
2291326,18:52:00,18:52:10,stop_point:SP_3730,Perpignan,8
2291326,18:52:00,18:52:10,stop_point:SP_3467,Thibaud,9
2291326,18:55:00,18:55:10,stop_point:SP_3258,Larrieu,10
2291326,18:57:00,18:57:10,stop_point:SP_265,Clairfont,11
2291326,18:58:00,18:58:10,stop_point:SP_1374,Frênes,12
2291326,18:59:00,18:59:10,stop_point:SP_2247,Claire Fontaine,13
2291326,19:00:00,19:00:10,stop_point:SP_4000,Ecole Récébédou,14
2291326,19:01:00,19:01:10,stop_point:SP_2566,Ctre Cial Portet - Entrée 5,15
2291326,19:03:00,19:03:10,stop_point:SP_2478,Saliège,16
2291326,19:04:00,19:04:10,stop_point:SP_814,Boulodrome,17
2291326,19:05:00,19:05:10,stop_point:SP_2141,Collège de Portet,18
2291326,19:06:00,19:06:10,stop_point:SP_2439,Piscine,19
2291326,19:07:00,19:07:10,stop_point:SP_3831,Occitanie,20
2291326,19:08:00,19:08:10,stop_point:SP_1947,Commerce,21
2291326,19:09:00,19:09:10,stop_point:SP_1897,Bosquets,22
2291326,19:09:00,19:09:10,stop_point:SP_1127,Désiré,23
2291326,19:09:00,19:09:10,stop_point:SP_1779,Poste de Portet,24
2291326,19:10:00,19:10:10,stop_point:SP_3136,Mairie Portet,25
2291326,19:10:00,19:10:10,stop_point:SP_2155,Ateliers Municipaux,26
2291326,19:11:00,19:11:10,stop_point:SP_11,Gauguin,27
2291326,19:12:00,19:12:10,stop_point:SP_3190,Clemenceau,28
2291326,19:12:00,19:12:10,stop_point:SP_2601,Lot. Impérial,29
2291326,19:13:00,19:13:10,stop_point:SP_3709,Portet H. Boucher,30
2291327,19:16:00,19:16:10,stop_point:SP_4007,Basso Cambo,1
2291327,19:17:00,19:17:10,stop_point:SP_1298,Place Bouillière,2
2291327,19:19:00,19:19:10,stop_point:SP_5,Desnos,3
2291327,19:20:00,19:20:10,stop_point:SP_334,Ourliac,4
2291327,19:21:00,19:21:10,stop_point:SP_5102,Lestang,5
2291327,19:22:00,19:22:10,stop_point:SP_1357,René Valmy,6
2291327,19:23:00,19:23:10,stop_point:SP_2042,Eisenhower Est,7
2291327,19:24:00,19:24:10,stop_point:SP_3730,Perpignan,8
2291327,19:24:00,19:24:10,stop_point:SP_3467,Thibaud,9
2291327,19:27:00,19:27:10,stop_point:SP_3258,Larrieu,10
2291327,19:29:00,19:29:10,stop_point:SP_265,Clairfont,11
2291327,19:30:00,19:30:10,stop_point:SP_1374,Frênes,12
2291327,19:31:00,19:31:10,stop_point:SP_2247,Claire Fontaine,13
2291327,19:32:00,19:32:10,stop_point:SP_4000,Ecole Récébédou,14
2291327,19:33:00,19:33:10,stop_point:SP_2566,Ctre Cial Portet - Entrée 5,15
2291327,19:34:00,19:34:10,stop_point:SP_2478,Saliège,16
2291327,19:35:00,19:35:10,stop_point:SP_814,Boulodrome,17
2291327,19:36:00,19:36:10,stop_point:SP_2141,Collège de Portet,18
2291327,19:37:00,19:37:10,stop_point:SP_2439,Piscine,19
2291327,19:38:00,19:38:10,stop_point:SP_3831,Occitanie,20
2291327,19:39:00,19:39:10,stop_point:SP_1947,Commerce,21
2291327,19:40:00,19:40:10,stop_point:SP_1897,Bosquets,22
2291327,19:40:00,19:40:10,stop_point:SP_1127,Désiré,23
2291327,19:40:00,19:40:10,stop_point:SP_1779,Poste de Portet,24
2291327,19:41:00,19:41:10,stop_point:SP_3136,Mairie Portet,25
2291327,19:41:00,19:41:10,stop_point:SP_2155,Ateliers Municipaux,26
2291327,19:42:00,19:42:10,stop_point:SP_11,Gauguin,27
2291327,19:43:00,19:43:10,stop_point:SP_3190,Clemenceau,28
2291327,19:43:00,19:43:10,stop_point:SP_2601,Lot. Impérial,29
2291327,19:44:00,19:44:10,stop_point:SP_3709,Portet H. Boucher,30
2291328,19:55:00,19:55:10,stop_point:SP_4007,Basso Cambo,1
2291328,19:56:00,19:56:10,stop_point:SP_1298,Place Bouillière,2
2291328,19:58:00,19:58:10,stop_point:SP_5,Desnos,3
2291328,19:59:00,19:59:10,stop_point:SP_334,Ourliac,4
2291328,20:00:00,20:00:10,stop_point:SP_5102,Lestang,5
2291328,20:01:00,20:01:10,stop_point:SP_1357,René Valmy,6
2291328,20:02:00,20:02:10,stop_point:SP_2042,Eisenhower Est,7
2291328,20:03:00,20:03:10,stop_point:SP_3730,Perpignan,8
2291328,20:03:00,20:03:10,stop_point:SP_3467,Thibaud,9
2291328,20:06:00,20:06:10,stop_point:SP_3258,Larrieu,10
2291328,20:08:00,20:08:10,stop_point:SP_265,Clairfont,11
2291328,20:09:00,20:09:10,stop_point:SP_1374,Frênes,12
2291328,20:10:00,20:10:10,stop_point:SP_2247,Claire Fontaine,13
2291328,20:10:00,20:10:10,stop_point:SP_4000,Ecole Récébédou,14
2291328,20:11:00,20:11:10,stop_point:SP_2566,Ctre Cial Portet - Entrée 5,15
2291328,20:12:00,20:12:10,stop_point:SP_2478,Saliège,16
2291328,20:13:00,20:13:10,stop_point:SP_814,Boulodrome,17
2291328,20:14:00,20:14:10,stop_point:SP_2141,Collège de Portet,18
2291328,20:15:00,20:15:10,stop_point:SP_2439,Piscine,19
2291328,20:16:00,20:16:10,stop_point:SP_3831,Occitanie,20
2291328,20:17:00,20:17:10,stop_point:SP_1947,Commerce,21
2291328,20:18:00,20:18:10,stop_point:SP_1897,Bosquets,22
2291328,20:18:00,20:18:10,stop_point:SP_1127,Désiré,23
2291328,20:18:00,20:18:10,stop_point:SP_1779,Poste de Portet,24
2291328,20:19:00,20:19:10,stop_point:SP_3136,Mairie Portet,25
2291328,20:19:00,20:19:10,stop_point:SP_2155,Ateliers Municipaux,26
2291328,20:20:00,20:20:10,stop_point:SP_11,Gauguin,27
2291328,20:21:00,20:21:10,stop_point:SP_3190,Clemenceau,28
2291328,20:21:00,20:21:10,stop_point:SP_2601,Lot. Impérial,29
2291328,20:22:00,20:22:10,stop_point:SP_3709,Portet H. Boucher,30
2291329,20:35:00,20:35:10,stop_point:SP_4007,Basso Cambo,1
2291329,20:36:00,20:36:10,stop_point:SP_1298,Place Bouillière,2
2291329,20:38:00,20:38:10,stop_point:SP_5,Desnos,3
2291329,20:39:00,20:39:10,stop_point:SP_334,Ourliac,4
2291329,20:40:00,20:40:10,stop_point:SP_5102,Lestang,5
2291329,20:41:00,20:41:10,stop_point:SP_1357,René Valmy,6
2291329,20:42:00,20:42:10,stop_point:SP_2042,Eisenhower Est,7
2291329,20:43:00,20:43:10,stop_point:SP_3730,Perpignan,8
2291329,20:43:00,20:43:10,stop_point:SP_3467,Thibaud,9
2291329,20:46:00,20:46:10,stop_point:SP_3258,Larrieu,10
2291329,20:48:00,20:48:10,stop_point:SP_265,Clairfont,11
2291329,20:49:00,20:49:10,stop_point:SP_1374,Frênes,12
2291329,20:50:00,20:50:10,stop_point:SP_2247,Claire Fontaine,13
2291329,20:50:00,20:50:10,stop_point:SP_4000,Ecole Récébédou,14
2291329,20:51:00,20:51:10,stop_point:SP_2566,Ctre Cial Portet - Entrée 5,15
2291329,20:52:00,20:52:10,stop_point:SP_2478,Saliège,16
2291329,20:52:00,20:52:10,stop_point:SP_814,Boulodrome,17
2291329,20:53:00,20:53:10,stop_point:SP_2141,Collège de Portet,18
2291329,20:54:00,20:54:10,stop_point:SP_2439,Piscine,19
2291329,20:55:00,20:55:10,stop_point:SP_3831,Occitanie,20
2291329,20:56:00,20:56:10,stop_point:SP_1947,Commerce,21
2291329,20:57:00,20:57:10,stop_point:SP_1897,Bosquets,22
2291329,20:57:00,20:57:10,stop_point:SP_1127,Désiré,23
2291329,20:57:00,20:57:10,stop_point:SP_1779,Poste de Portet,24
2291329,20:58:00,20:58:10,stop_point:SP_3136,Mairie Portet,25
2291329,20:58:00,20:58:10,stop_point:SP_2155,Ateliers Municipaux,26
2291329,20:59:00,20:59:10,stop_point:SP_11,Gauguin,27
2291329,21:00:00,21:00:10,stop_point:SP_3190,Clemenceau,28
2291329,21:00:00,21:00:10,stop_point:SP_2601,Lot. Impérial,29
2291329,21:01:00,21:01:10,stop_point:SP_3709,Portet H. Boucher,30
2291330,07:00:00,07:00:10,stop_point:SP_3709,Portet H. Boucher,1
2291330,07:00:00,07:00:10,stop_point:SP_617,Lot. Impérial,2
2291330,07:01:00,07:01:10,stop_point:SP_535,Clemenceau,3
2291330,07:02:00,07:02:10,stop_point:SP_1699,Gauguin,4
2291330,07:03:00,07:03:10,stop_point:SP_1737,Ateliers Municipaux,5
2291330,07:03:00,07:03:10,stop_point:SP_807,Mairie Portet,6
2291330,07:03:00,07:03:10,stop_point:SP_1569,Poste de Portet,7
2291330,07:04:00,07:04:10,stop_point:SP_4773,Désiré,8
2291330,07:05:00,07:05:10,stop_point:SP_70,Eglise de Portet,9
2291330,07:06:00,07:06:10,stop_point:SP_1427,Commerce,10
2291330,07:07:00,07:07:10,stop_point:SP_1451,Occitanie,11
2291330,07:08:00,07:08:10,stop_point:SP_3101,Piscine,12
2291330,07:09:00,07:09:10,stop_point:SP_300,Collège de Portet,13
2291330,07:10:00,07:10:10,stop_point:SP_1919,Boulodrome,14
2291330,07:11:00,07:11:10,stop_point:SP_1553,Saliège,15
2291330,07:12:00,07:12:10,stop_point:SP_3084,Ctre Cial Portet - Entrée 5,16
2291330,07:13:00,07:13:10,stop_point:SP_2564,Ecole Récébédou,17
2291330,07:13:00,07:13:10,stop_point:SP_795,Claire Fontaine,18
2291330,07:14:00,07:14:10,stop_point:SP_415,Frênes,19
2291330,07:15:00,07:15:10,stop_point:SP_4940,Clairfont,20
2291330,07:16:00,07:16:10,stop_point:SP_320,Larrieu,21
2291330,07:19:00,07:19:10,stop_point:SP_2589,Thibaud,22
2291330,07:20:00,07:20:10,stop_point:SP_2167,Perpignan,23
2291330,07:20:00,07:20:10,stop_point:SP_2955,Eisenhower Est,24
2291330,07:21:00,07:21:10,stop_point:SP_1948,René Valmy,25
2291330,07:21:00,07:21:10,stop_point:SP_3703,Lestang,26
2291330,07:22:00,07:22:10,stop_point:SP_2011,Ourliac,27
2291330,07:22:00,07:22:10,stop_point:SP_16,Desnos,28
2291330,07:23:00,07:23:10,stop_point:SP_1244,Place Bouillière,29
2291330,07:24:00,07:24:10,stop_point:SP_4007,Basso Cambo,30
2291331,07:36:00,07:36:10,stop_point:SP_3709,Portet H. Boucher,1
2291331,07:36:00,07:36:10,stop_point:SP_617,Lot. Impérial,2
2291331,07:37:00,07:37:10,stop_point:SP_535,Clemenceau,3
2291331,07:38:00,07:38:10,stop_point:SP_1699,Gauguin,4
2291331,07:39:00,07:39:10,stop_point:SP_1737,Ateliers Municipaux,5
2291331,07:39:00,07:39:10,stop_point:SP_807,Mairie Portet,6
2291331,07:39:00,07:39:10,stop_point:SP_1569,Poste de Portet,7
2291331,07:40:00,07:40:10,stop_point:SP_4773,Désiré,8
2291331,07:41:00,07:41:10,stop_point:SP_70,Eglise de Portet,9
2291331,07:42:00,07:42:10,stop_point:SP_1427,Commerce,10
2291331,07:43:00,07:43:10,stop_point:SP_1451,Occitanie,11
2291331,07:44:00,07:44:10,stop_point:SP_3101,Piscine,12
2291331,07:45:00,07:45:10,stop_point:SP_300,Collège de Portet,13
2291331,07:46:00,07:46:10,stop_point:SP_1919,Boulodrome,14
2291331,07:47:00,07:47:10,stop_point:SP_1553,Saliège,15
2291331,07:48:00,07:48:10,stop_point:SP_3084,Ctre Cial Portet - Entrée 5,16
2291331,07:49:00,07:49:10,stop_point:SP_2564,Ecole Récébédou,17
2291331,07:49:00,07:49:10,stop_point:SP_795,Claire Fontaine,18
2291331,07:50:00,07:50:10,stop_point:SP_415,Frênes,19
2291331,07:51:00,07:51:10,stop_point:SP_4940,Clairfont,20
2291331,07:52:00,07:52:10,stop_point:SP_320,Larrieu,21
2291331,07:55:00,07:55:10,stop_point:SP_2589,Thibaud,22
2291331,07:56:00,07:56:10,stop_point:SP_2167,Perpignan,23
2291331,07:56:00,07:56:10,stop_point:SP_2955,Eisenhower Est,24
2291331,07:57:00,07:57:10,stop_point:SP_1948,René Valmy,25
2291331,07:57:00,07:57:10,stop_point:SP_3703,Lestang,26
2291331,07:58:00,07:58:10,stop_point:SP_2011,Ourliac,27
2291331,07:58:00,07:58:10,stop_point:SP_16,Desnos,28
2291331,07:59:00,07:59:10,stop_point:SP_1244,Place Bouillière,29
2291331,08:00:00,08:00:10,stop_point:SP_4007,Basso Cambo,30
2291332,08:12:00,08:12:10,stop_point:SP_3709,Portet H. Boucher,1
2291332,08:12:00,08:12:10,stop_point:SP_617,Lot. Impérial,2
2291332,08:13:00,08:13:10,stop_point:SP_535,Clemenceau,3
2291332,08:14:00,08:14:10,stop_point:SP_1699,Gauguin,4
2291332,08:15:00,08:15:10,stop_point:SP_1737,Ateliers Municipaux,5
2291332,08:15:00,08:15:10,stop_point:SP_807,Mairie Portet,6
2291332,08:15:00,08:15:10,stop_point:SP_1569,Poste de Portet,7
2291332,08:16:00,08:16:10,stop_point:SP_4773,Désiré,8
2291332,08:17:00,08:17:10,stop_point:SP_70,Eglise de Portet,9
2291332,08:18:00,08:18:10,stop_point:SP_1427,Commerce,10
2291332,08:19:00,08:19:10,stop_point:SP_1451,Occitanie,11
2291332,08:20:00,08:20:10,stop_point:SP_3101,Piscine,12
2291332,08:21:00,08:21:10,stop_point:SP_300,Collège de Portet,13
2291332,08:22:00,08:22:10,stop_point:SP_1919,Boulodrome,14
2291332,08:23:00,08:23:10,stop_point:SP_1553,Saliège,15
2291332,08:24:00,08:24:10,stop_point:SP_3084,Ctre Cial Portet - Entrée 5,16
2291332,08:25:00,08:25:10,stop_point:SP_2564,Ecole Récébédou,17
2291332,08:25:00,08:25:10,stop_point:SP_795,Claire Fontaine,18
2291332,08:26:00,08:26:10,stop_point:SP_415,Frênes,19
2291332,08:27:00,08:27:10,stop_point:SP_4940,Clairfont,20
2291332,08:29:00,08:29:10,stop_point:SP_320,Larrieu,21
2291332,08:32:00,08:32:10,stop_point:SP_2589,Thibaud,22
2291332,08:33:00,08:33:10,stop_point:SP_2167,Perpignan,23
2291332,08:33:00,08:33:10,stop_point:SP_2955,Eisenhower Est,24
2291332,08:34:00,08:34:10,stop_point:SP_1948,René Valmy,25
2291332,08:34:00,08:34:10,stop_point:SP_3703,Lestang,26
2291332,08:35:00,08:35:10,stop_point:SP_2011,Ourliac,27
2291332,08:35:00,08:35:10,stop_point:SP_16,Desnos,28
2291332,08:36:00,08:36:10,stop_point:SP_1244,Place Bouillière,29
2291332,08:37:00,08:37:10,stop_point:SP_4007,Basso Cambo,30
2291333,08:48:00,08:48:10,stop_point:SP_3709,Portet H. Boucher,1
2291333,08:48:00,08:48:10,stop_point:SP_617,Lot. Impérial,2
2291333,08:49:00,08:49:10,stop_point:SP_535,Clemenceau,3
2291333,08:50:00,08:50:10,stop_point:SP_1699,Gauguin,4
2291333,08:51:00,08:51:10,stop_point:SP_1737,Ateliers Municipaux,5
2291333,08:51:00,08:51:10,stop_point:SP_807,Mairie Portet,6
2291333,08:51:00,08:51:10,stop_point:SP_1569,Poste de Portet,7
2291333,08:52:00,08:52:10,stop_point:SP_4773,Désiré,8
2291333,08:53:00,08:53:10,stop_point:SP_70,Eglise de Portet,9
2291333,08:54:00,08:54:10,stop_point:SP_1427,Commerce,10
2291333,08:55:00,08:55:10,stop_point:SP_1451,Occitanie,11
2291333,08:56:00,08:56:10,stop_point:SP_3101,Piscine,12
2291333,08:57:00,08:57:10,stop_point:SP_300,Collège de Portet,13
2291333,08:58:00,08:58:10,stop_point:SP_1919,Boulodrome,14
2291333,08:59:00,08:59:10,stop_point:SP_1553,Saliège,15
2291333,09:00:00,09:00:10,stop_point:SP_3084,Ctre Cial Portet - Entrée 5,16
2291333,09:01:00,09:01:10,stop_point:SP_2564,Ecole Récébédou,17
2291333,09:01:00,09:01:10,stop_point:SP_795,Claire Fontaine,18
2291333,09:02:00,09:02:10,stop_point:SP_415,Frênes,19
2291333,09:03:00,09:03:10,stop_point:SP_4940,Clairfont,20
2291333,09:05:00,09:05:10,stop_point:SP_320,Larrieu,21
2291333,09:08:00,09:08:10,stop_point:SP_2589,Thibaud,22
2291333,09:09:00,09:09:10,stop_point:SP_2167,Perpignan,23
2291333,09:09:00,09:09:10,stop_point:SP_2955,Eisenhower Est,24
2291333,09:10:00,09:10:10,stop_point:SP_1948,René Valmy,25
2291333,09:11:00,09:11:10,stop_point:SP_3703,Lestang,26
2291333,09:11:00,09:11:10,stop_point:SP_2011,Ourliac,27
2291333,09:12:00,09:12:10,stop_point:SP_16,Desnos,28
2291333,09:13:00,09:13:10,stop_point:SP_1244,Place Bouillière,29
2291333,09:14:00,09:14:10,stop_point:SP_4007,Basso Cambo,30
2291334,09:20:00,09:20:10,stop_point:SP_3709,Portet H. Boucher,1
2291334,09:20:00,09:20:10,stop_point:SP_617,Lot. Impérial,2
2291334,09:21:00,09:21:10,stop_point:SP_535,Clemenceau,3
2291334,09:22:00,09:22:10,stop_point:SP_1699,Gauguin,4
2291334,09:23:00,09:23:10,stop_point:SP_1737,Ateliers Municipaux,5
2291334,09:23:00,09:23:10,stop_point:SP_807,Mairie Portet,6
2291334,09:23:00,09:23:10,stop_point:SP_1569,Poste de Portet,7
2291334,09:24:00,09:24:10,stop_point:SP_4773,Désiré,8
2291334,09:25:00,09:25:10,stop_point:SP_70,Eglise de Portet,9
2291334,09:26:00,09:26:10,stop_point:SP_1427,Commerce,10
2291334,09:27:00,09:27:10,stop_point:SP_1451,Occitanie,11
2291334,09:28:00,09:28:10,stop_point:SP_3101,Piscine,12
2291334,09:29:00,09:29:10,stop_point:SP_300,Collège de Portet,13
2291334,09:30:00,09:30:10,stop_point:SP_1919,Boulodrome,14
2291334,09:31:00,09:31:10,stop_point:SP_1553,Saliège,15
2291334,09:32:00,09:32:10,stop_point:SP_3084,Ctre Cial Portet - Entrée 5,16
2291334,09:33:00,09:33:10,stop_point:SP_2564,Ecole Récébédou,17
2291334,09:33:00,09:33:10,stop_point:SP_795,Claire Fontaine,18
2291334,09:34:00,09:34:10,stop_point:SP_415,Frênes,19
2291334,09:35:00,09:35:10,stop_point:SP_4940,Clairfont,20
2291334,09:37:00,09:37:10,stop_point:SP_320,Larrieu,21
2291334,09:41:00,09:41:10,stop_point:SP_2589,Thibaud,22
2291334,09:42:00,09:42:10,stop_point:SP_2167,Perpignan,23
2291334,09:42:00,09:42:10,stop_point:SP_2955,Eisenhower Est,24
2291334,09:43:00,09:43:10,stop_point:SP_1948,René Valmy,25
2291334,09:44:00,09:44:10,stop_point:SP_3703,Lestang,26
2291334,09:44:00,09:44:10,stop_point:SP_2011,Ourliac,27
2291334,09:45:00,09:45:10,stop_point:SP_16,Desnos,28
2291334,09:46:00,09:46:10,stop_point:SP_1244,Place Bouillière,29
2291334,09:47:00,09:47:10,stop_point:SP_4007,Basso Cambo,30
2291335,09:52:00,09:52:10,stop_point:SP_3709,Portet H. Boucher,1
2291335,09:52:00,09:52:10,stop_point:SP_617,Lot. Impérial,2
2291335,09:53:00,09:53:10,stop_point:SP_535,Clemenceau,3
2291335,09:54:00,09:54:10,stop_point:SP_1699,Gauguin,4
2291335,09:55:00,09:55:10,stop_point:SP_1737,Ateliers Municipaux,5
2291335,09:55:00,09:55:10,stop_point:SP_807,Mairie Portet,6
2291335,09:55:00,09:55:10,stop_point:SP_1569,Poste de Portet,7
2291335,09:56:00,09:56:10,stop_point:SP_4773,Désiré,8
2291335,09:57:00,09:57:10,stop_point:SP_70,Eglise de Portet,9
2291335,09:58:00,09:58:10,stop_point:SP_1427,Commerce,10
2291335,09:59:00,09:59:10,stop_point:SP_1451,Occitanie,11
2291335,10:00:00,10:00:10,stop_point:SP_3101,Piscine,12
2291335,10:01:00,10:01:10,stop_point:SP_300,Collège de Portet,13
2291335,10:02:00,10:02:10,stop_point:SP_1919,Boulodrome,14
2291335,10:03:00,10:03:10,stop_point:SP_1553,Saliège,15
2291335,10:04:00,10:04:10,stop_point:SP_3084,Ctre Cial Portet - Entrée 5,16
2291335,10:06:00,10:06:10,stop_point:SP_2564,Ecole Récébédou,17
2291335,10:06:00,10:06:10,stop_point:SP_795,Claire Fontaine,18
2291335,10:07:00,10:07:10,stop_point:SP_415,Frênes,19
2291335,10:08:00,10:08:10,stop_point:SP_4940,Clairfont,20
2291335,10:10:00,10:10:10,stop_point:SP_320,Larrieu,21
2291335,10:14:00,10:14:10,stop_point:SP_2589,Thibaud,22
2291335,10:15:00,10:15:10,stop_point:SP_2167,Perpignan,23
2291335,10:15:00,10:15:10,stop_point:SP_2955,Eisenhower Est,24
2291335,10:16:00,10:16:10,stop_point:SP_1948,René Valmy,25
2291335,10:17:00,10:17:10,stop_point:SP_3703,Lestang,26
2291335,10:17:00,10:17:10,stop_point:SP_2011,Ourliac,27
2291335,10:18:00,10:18:10,stop_point:SP_16,Desnos,28
2291335,10:19:00,10:19:10,stop_point:SP_1244,Place Bouillière,29
2291335,10:20:00,10:20:10,stop_point:SP_4007,Basso Cambo,30
2291336,10:24:00,10:24:10,stop_point:SP_3709,Portet H. Boucher,1
2291336,10:24:00,10:24:10,stop_point:SP_617,Lot. Impérial,2
2291336,10:25:00,10:25:10,stop_point:SP_535,Clemenceau,3
2291336,10:26:00,10:26:10,stop_point:SP_1699,Gauguin,4
2291336,10:27:00,10:27:10,stop_point:SP_1737,Ateliers Municipaux,5
2291336,10:27:00,10:27:10,stop_point:SP_807,Mairie Portet,6
2291336,10:27:00,10:27:10,stop_point:SP_1569,Poste de Portet,7
2291336,10:28:00,10:28:10,stop_point:SP_4773,Désiré,8
2291336,10:29:00,10:29:10,stop_point:SP_70,Eglise de Portet,9
2291336,10:30:00,10:30:10,stop_point:SP_1427,Commerce,10
2291336,10:31:00,10:31:10,stop_point:SP_1451,Occitanie,11
2291336,10:32:00,10:32:10,stop_point:SP_3101,Piscine,12
2291336,10:33:00,10:33:10,stop_point:SP_300,Collège de Portet,13
2291336,10:34:00,10:34:10,stop_point:SP_1919,Boulodrome,14
2291336,10:35:00,10:35:10,stop_point:SP_1553,Saliège,15
2291336,10:36:00,10:36:10,stop_point:SP_3084,Ctre Cial Portet - Entrée 5,16
2291336,10:38:00,10:38:10,stop_point:SP_2564,Ecole Récébédou,17
2291336,10:38:00,10:38:10,stop_point:SP_795,Claire Fontaine,18
2291336,10:39:00,10:39:10,stop_point:SP_415,Frênes,19
2291336,10:40:00,10:40:10,stop_point:SP_4940,Clairfont,20
2291336,10:42:00,10:42:10,stop_point:SP_320,Larrieu,21
2291336,10:46:00,10:46:10,stop_point:SP_2589,Thibaud,22
2291336,10:47:00,10:47:10,stop_point:SP_2167,Perpignan,23
2291336,10:47:00,10:47:10,stop_point:SP_2955,Eisenhower Est,24
2291336,10:48:00,10:48:10,stop_point:SP_1948,René Valmy,25
2291336,10:49:00,10:49:10,stop_point:SP_3703,Lestang,26
2291336,10:49:00,10:49:10,stop_point:SP_2011,Ourliac,27
2291336,10:50:00,10:50:10,stop_point:SP_16,Desnos,28
2291336,10:51:00,10:51:10,stop_point:SP_1244,Place Bouillière,29
2291336,10:52:00,10:52:10,stop_point:SP_4007,Basso Cambo,30
2291337,10:56:00,10:56:10,stop_point:SP_3709,Portet H. Boucher,1
2291337,10:56:00,10:56:10,stop_point:SP_617,Lot. Impérial,2
2291337,10:57:00,10:57:10,stop_point:SP_535,Clemenceau,3
2291337,10:58:00,10:58:10,stop_point:SP_1699,Gauguin,4
2291337,10:59:00,10:59:10,stop_point:SP_1737,Ateliers Municipaux,5
2291337,10:59:00,10:59:10,stop_point:SP_807,Mairie Portet,6
2291337,10:59:00,10:59:10,stop_point:SP_1569,Poste de Portet,7
2291337,11:00:00,11:00:10,stop_point:SP_4773,Désiré,8
2291337,11:01:00,11:01:10,stop_point:SP_70,Eglise de Portet,9
2291337,11:02:00,11:02:10,stop_point:SP_1427,Commerce,10
2291337,11:03:00,11:03:10,stop_point:SP_1451,Occitanie,11
2291337,11:04:00,11:04:10,stop_point:SP_3101,Piscine,12
2291337,11:05:00,11:05:10,stop_point:SP_300,Collège de Portet,13
2291337,11:06:00,11:06:10,stop_point:SP_1919,Boulodrome,14
2291337,11:07:00,11:07:10,stop_point:SP_1553,Saliège,15
2291337,11:08:00,11:08:10,stop_point:SP_3084,Ctre Cial Portet - Entrée 5,16
2291337,11:10:00,11:10:10,stop_point:SP_2564,Ecole Récébédou,17
2291337,11:10:00,11:10:10,stop_point:SP_795,Claire Fontaine,18
2291337,11:11:00,11:11:10,stop_point:SP_415,Frênes,19
2291337,11:12:00,11:12:10,stop_point:SP_4940,Clairfont,20
2291337,11:14:00,11:14:10,stop_point:SP_320,Larrieu,21
2291337,11:18:00,11:18:10,stop_point:SP_2589,Thibaud,22
2291337,11:19:00,11:19:10,stop_point:SP_2167,Perpignan,23
2291337,11:20:00,11:20:10,stop_point:SP_2955,Eisenhower Est,24
2291337,11:21:00,11:21:10,stop_point:SP_1948,René Valmy,25
2291337,11:22:00,11:22:10,stop_point:SP_3703,Lestang,26
2291337,11:22:00,11:22:10,stop_point:SP_2011,Ourliac,27
2291337,11:23:00,11:23:10,stop_point:SP_16,Desnos,28
2291337,11:24:00,11:24:10,stop_point:SP_1244,Place Bouillière,29
2291337,11:25:00,11:25:10,stop_point:SP_4007,Basso Cambo,30
2291338,11:28:00,11:28:10,stop_point:SP_3709,Portet H. Boucher,1
2291338,11:28:00,11:28:10,stop_point:SP_617,Lot. Impérial,2
2291338,11:29:00,11:29:10,stop_point:SP_535,Clemenceau,3
2291338,11:30:00,11:30:10,stop_point:SP_1699,Gauguin,4
2291338,11:31:00,11:31:10,stop_point:SP_1737,Ateliers Municipaux,5
2291338,11:31:00,11:31:10,stop_point:SP_807,Mairie Portet,6
2291338,11:31:00,11:31:10,stop_point:SP_1569,Poste de Portet,7
2291338,11:32:00,11:32:10,stop_point:SP_4773,Désiré,8
2291338,11:33:00,11:33:10,stop_point:SP_70,Eglise de Portet,9
2291338,11:34:00,11:34:10,stop_point:SP_1427,Commerce,10
2291338,11:35:00,11:35:10,stop_point:SP_1451,Occitanie,11
2291338,11:36:00,11:36:10,stop_point:SP_3101,Piscine,12
2291338,11:37:00,11:37:10,stop_point:SP_300,Collège de Portet,13
2291338,11:38:00,11:38:10,stop_point:SP_1919,Boulodrome,14
2291338,11:39:00,11:39:10,stop_point:SP_1553,Saliège,15
2291338,11:40:00,11:40:10,stop_point:SP_3084,Ctre Cial Portet - Entrée 5,16
2291338,11:42:00,11:42:10,stop_point:SP_2564,Ecole Récébédou,17
2291338,11:42:00,11:42:10,stop_point:SP_795,Claire Fontaine,18
2291338,11:43:00,11:43:10,stop_point:SP_415,Frênes,19
2291338,11:44:00,11:44:10,stop_point:SP_4940,Clairfont,20
2291338,11:46:00,11:46:10,stop_point:SP_320,Larrieu,21
2291338,11:50:00,11:50:10,stop_point:SP_2589,Thibaud,22
2291338,11:51:00,11:51:10,stop_point:SP_2167,Perpignan,23
2291338,11:52:00,11:52:10,stop_point:SP_2955,Eisenhower Est,24
2291338,11:53:00,11:53:10,stop_point:SP_1948,René Valmy,25
2291338,11:54:00,11:54:10,stop_point:SP_3703,Lestang,26
2291338,11:54:00,11:54:10,stop_point:SP_2011,Ourliac,27
2291338,11:55:00,11:55:10,stop_point:SP_16,Desnos,28
2291338,11:56:00,11:56:10,stop_point:SP_1244,Place Bouillière,29
2291338,11:57:00,11:57:10,stop_point:SP_4007,Basso Cambo,30
2291339,12:00:00,12:00:10,stop_point:SP_3709,Portet H. Boucher,1
2291339,12:00:00,12:00:10,stop_point:SP_617,Lot. Impérial,2
2291339,12:01:00,12:01:10,stop_point:SP_535,Clemenceau,3
2291339,12:02:00,12:02:10,stop_point:SP_1699,Gauguin,4
2291339,12:03:00,12:03:10,stop_point:SP_1737,Ateliers Municipaux,5
2291339,12:03:00,12:03:10,stop_point:SP_807,Mairie Portet,6
2291339,12:03:00,12:03:10,stop_point:SP_1569,Poste de Portet,7
2291339,12:04:00,12:04:10,stop_point:SP_4773,Désiré,8
2291339,12:05:00,12:05:10,stop_point:SP_70,Eglise de Portet,9
2291339,12:06:00,12:06:10,stop_point:SP_1427,Commerce,10
2291339,12:07:00,12:07:10,stop_point:SP_1451,Occitanie,11
2291339,12:08:00,12:08:10,stop_point:SP_3101,Piscine,12
2291339,12:09:00,12:09:10,stop_point:SP_300,Collège de Portet,13
2291339,12:10:00,12:10:10,stop_point:SP_1919,Boulodrome,14
2291339,12:11:00,12:11:10,stop_point:SP_1553,Saliège,15
2291339,12:12:00,12:12:10,stop_point:SP_3084,Ctre Cial Portet - Entrée 5,16
2291339,12:14:00,12:14:10,stop_point:SP_2564,Ecole Récébédou,17
2291339,12:14:00,12:14:10,stop_point:SP_795,Claire Fontaine,18
2291339,12:15:00,12:15:10,stop_point:SP_415,Frênes,19
2291339,12:16:00,12:16:10,stop_point:SP_4940,Clairfont,20
2291339,12:18:00,12:18:10,stop_point:SP_320,Larrieu,21
2291339,12:22:00,12:22:10,stop_point:SP_2589,Thibaud,22
2291339,12:23:00,12:23:10,stop_point:SP_2167,Perpignan,23
2291339,12:24:00,12:24:10,stop_point:SP_2955,Eisenhower Est,24
2291339,12:25:00,12:25:10,stop_point:SP_1948,René Valmy,25
2291339,12:26:00,12:26:10,stop_point:SP_3703,Lestang,26
2291339,12:26:00,12:26:10,stop_point:SP_2011,Ourliac,27
2291339,12:27:00,12:27:10,stop_point:SP_16,Desnos,28
2291339,12:28:00,12:28:10,stop_point:SP_1244,Place Bouillière,29
2291339,12:29:00,12:29:10,stop_point:SP_4007,Basso Cambo,30
2291340,12:32:00,12:32:10,stop_point:SP_3709,Portet H. Boucher,1
2291340,12:32:00,12:32:10,stop_point:SP_617,Lot. Impérial,2
2291340,12:33:00,12:33:10,stop_point:SP_535,Clemenceau,3
2291340,12:34:00,12:34:10,stop_point:SP_1699,Gauguin,4
2291340,12:35:00,12:35:10,stop_point:SP_1737,Ateliers Municipaux,5
2291340,12:35:00,12:35:10,stop_point:SP_807,Mairie Portet,6
2291340,12:35:00,12:35:10,stop_point:SP_1569,Poste de Portet,7
2291340,12:36:00,12:36:10,stop_point:SP_4773,Désiré,8
2291340,12:37:00,12:37:10,stop_point:SP_70,Eglise de Portet,9
2291340,12:38:00,12:38:10,stop_point:SP_1427,Commerce,10
2291340,12:39:00,12:39:10,stop_point:SP_1451,Occitanie,11
2291340,12:40:00,12:40:10,stop_point:SP_3101,Piscine,12
2291340,12:41:00,12:41:10,stop_point:SP_300,Collège de Portet,13
2291340,12:42:00,12:42:10,stop_point:SP_1919,Boulodrome,14
2291340,12:43:00,12:43:10,stop_point:SP_1553,Saliège,15
2291340,12:44:00,12:44:10,stop_point:SP_3084,Ctre Cial Portet - Entrée 5,16
2291340,12:45:00,12:45:10,stop_point:SP_2564,Ecole Récébédou,17
2291340,12:45:00,12:45:10,stop_point:SP_795,Claire Fontaine,18
2291340,12:46:00,12:46:10,stop_point:SP_415,Frênes,19
2291340,12:47:00,12:47:10,stop_point:SP_4940,Clairfont,20
2291340,12:49:00,12:49:10,stop_point:SP_320,Larrieu,21
2291340,12:53:00,12:53:10,stop_point:SP_2589,Thibaud,22
2291340,12:54:00,12:54:10,stop_point:SP_2167,Perpignan,23
2291340,12:55:00,12:55:10,stop_point:SP_2955,Eisenhower Est,24
2291340,12:56:00,12:56:10,stop_point:SP_1948,René Valmy,25
2291340,12:57:00,12:57:10,stop_point:SP_3703,Lestang,26
2291340,12:57:00,12:57:10,stop_point:SP_2011,Ourliac,27
2291340,12:58:00,12:58:10,stop_point:SP_16,Desnos,28
2291340,12:59:00,12:59:10,stop_point:SP_1244,Place Bouillière,29
2291340,13:00:00,13:00:10,stop_point:SP_4007,Basso Cambo,30
2291341,13:04:00,13:04:10,stop_point:SP_3709,Portet H. Boucher,1
2291341,13:04:00,13:04:10,stop_point:SP_617,Lot. Impérial,2
2291341,13:05:00,13:05:10,stop_point:SP_535,Clemenceau,3
2291341,13:06:00,13:06:10,stop_point:SP_1699,Gauguin,4
2291341,13:07:00,13:07:10,stop_point:SP_1737,Ateliers Municipaux,5
2291341,13:07:00,13:07:10,stop_point:SP_807,Mairie Portet,6
2291341,13:07:00,13:07:10,stop_point:SP_1569,Poste de Portet,7
2291341,13:08:00,13:08:10,stop_point:SP_4773,Désiré,8
2291341,13:09:00,13:09:10,stop_point:SP_70,Eglise de Portet,9
2291341,13:10:00,13:10:10,stop_point:SP_1427,Commerce,10
2291341,13:11:00,13:11:10,stop_point:SP_1451,Occitanie,11
2291341,13:12:00,13:12:10,stop_point:SP_3101,Piscine,12
2291341,13:13:00,13:13:10,stop_point:SP_300,Collège de Portet,13
2291341,13:14:00,13:14:10,stop_point:SP_1919,Boulodrome,14
2291341,13:15:00,13:15:10,stop_point:SP_1553,Saliège,15
2291341,13:16:00,13:16:10,stop_point:SP_3084,Ctre Cial Portet - Entrée 5,16
2291341,13:17:00,13:17:10,stop_point:SP_2564,Ecole Récébédou,17
2291341,13:17:00,13:17:10,stop_point:SP_795,Claire Fontaine,18
2291341,13:18:00,13:18:10,stop_point:SP_415,Frênes,19
2291341,13:19:00,13:19:10,stop_point:SP_4940,Clairfont,20
2291341,13:21:00,13:21:10,stop_point:SP_320,Larrieu,21
2291341,13:25:00,13:25:10,stop_point:SP_2589,Thibaud,22
2291341,13:26:00,13:26:10,stop_point:SP_2167,Perpignan,23
2291341,13:27:00,13:27:10,stop_point:SP_2955,Eisenhower Est,24
2291341,13:28:00,13:28:10,stop_point:SP_1948,René Valmy,25
2291341,13:29:00,13:29:10,stop_point:SP_3703,Lestang,26
2291341,13:29:00,13:29:10,stop_point:SP_2011,Ourliac,27
2291341,13:30:00,13:30:10,stop_point:SP_16,Desnos,28
2291341,13:31:00,13:31:10,stop_point:SP_1244,Place Bouillière,29
2291341,13:32:00,13:32:10,stop_point:SP_4007,Basso Cambo,30
2291342,13:36:00,13:36:10,stop_point:SP_3709,Portet H. Boucher,1
2291342,13:36:00,13:36:10,stop_point:SP_617,Lot. Impérial,2
2291342,13:37:00,13:37:10,stop_point:SP_535,Clemenceau,3
2291342,13:38:00,13:38:10,stop_point:SP_1699,Gauguin,4
2291342,13:39:00,13:39:10,stop_point:SP_1737,Ateliers Municipaux,5
2291342,13:39:00,13:39:10,stop_point:SP_807,Mairie Portet,6
2291342,13:39:00,13:39:10,stop_point:SP_1569,Poste de Portet,7
2291342,13:40:00,13:40:10,stop_point:SP_4773,Désiré,8
2291342,13:41:00,13:41:10,stop_point:SP_70,Eglise de Portet,9
2291342,13:42:00,13:42:10,stop_point:SP_1427,Commerce,10
2291342,13:43:00,13:43:10,stop_point:SP_1451,Occitanie,11
2291342,13:44:00,13:44:10,stop_point:SP_3101,Piscine,12
2291342,13:45:00,13:45:10,stop_point:SP_300,Collège de Portet,13
2291342,13:46:00,13:46:10,stop_point:SP_1919,Boulodrome,14
2291342,13:47:00,13:47:10,stop_point:SP_1553,Saliège,15
2291342,13:48:00,13:48:10,stop_point:SP_3084,Ctre Cial Portet - Entrée 5,16
2291342,13:49:00,13:49:10,stop_point:SP_2564,Ecole Récébédou,17
2291342,13:49:00,13:49:10,stop_point:SP_795,Claire Fontaine,18
2291342,13:50:00,13:50:10,stop_point:SP_415,Frênes,19
2291342,13:51:00,13:51:10,stop_point:SP_4940,Clairfont,20
2291342,13:53:00,13:53:10,stop_point:SP_320,Larrieu,21
2291342,13:57:00,13:57:10,stop_point:SP_2589,Thibaud,22
2291342,13:58:00,13:58:10,stop_point:SP_2167,Perpignan,23
2291342,13:59:00,13:59:10,stop_point:SP_2955,Eisenhower Est,24
2291342,14:00:00,14:00:10,stop_point:SP_1948,René Valmy,25
2291342,14:01:00,14:01:10,stop_point:SP_3703,Lestang,26
2291342,14:01:00,14:01:10,stop_point:SP_2011,Ourliac,27
2291342,14:02:00,14:02:10,stop_point:SP_16,Desnos,28
2291342,14:03:00,14:03:10,stop_point:SP_1244,Place Bouillière,29
2291342,14:04:00,14:04:10,stop_point:SP_4007,Basso Cambo,30
2291343,14:08:00,14:08:10,stop_point:SP_3709,Portet H. Boucher,1
2291343,14:08:00,14:08:10,stop_point:SP_617,Lot. Impérial,2
2291343,14:09:00,14:09:10,stop_point:SP_535,Clemenceau,3
2291343,14:10:00,14:10:10,stop_point:SP_1699,Gauguin,4
2291343,14:11:00,14:11:10,stop_point:SP_1737,Ateliers Municipaux,5
2291343,14:11:00,14:11:10,stop_point:SP_807,Mairie Portet,6
2291343,14:11:00,14:11:10,stop_point:SP_1569,Poste de Portet,7
2291343,14:12:00,14:12:10,stop_point:SP_4773,Désiré,8
2291343,14:13:00,14:13:10,stop_point:SP_70,Eglise de Portet,9
2291343,14:14:00,14:14:10,stop_point:SP_1427,Commerce,10
2291343,14:15:00,14:15:10,stop_point:SP_1451,Occitanie,11
2291343,14:16:00,14:16:10,stop_point:SP_3101,Piscine,12
2291343,14:17:00,14:17:10,stop_point:SP_300,Collège de Portet,13
2291343,14:18:00,14:18:10,stop_point:SP_1919,Boulodrome,14
2291343,14:19:00,14:19:10,stop_point:SP_1553,Saliège,15
2291343,14:20:00,14:20:10,stop_point:SP_3084,Ctre Cial Portet - Entrée 5,16
2291343,14:22:00,14:22:10,stop_point:SP_2564,Ecole Récébédou,17
2291343,14:23:00,14:23:10,stop_point:SP_795,Claire Fontaine,18
2291343,14:24:00,14:24:10,stop_point:SP_415,Frênes,19
2291343,14:25:00,14:25:10,stop_point:SP_4940,Clairfont,20
2291343,14:27:00,14:27:10,stop_point:SP_320,Larrieu,21
2291343,14:31:00,14:31:10,stop_point:SP_2589,Thibaud,22
2291343,14:32:00,14:32:10,stop_point:SP_2167,Perpignan,23
2291343,14:33:00,14:33:10,stop_point:SP_2955,Eisenhower Est,24
2291343,14:34:00,14:34:10,stop_point:SP_1948,René Valmy,25
2291343,14:35:00,14:35:10,stop_point:SP_3703,Lestang,26
2291343,14:35:00,14:35:10,stop_point:SP_2011,Ourliac,27
2291343,14:36:00,14:36:10,stop_point:SP_16,Desnos,28
2291343,14:37:00,14:37:10,stop_point:SP_1244,Place Bouillière,29
2291343,14:38:00,14:38:10,stop_point:SP_4007,Basso Cambo,30
2291344,14:40:00,14:40:10,stop_point:SP_3709,Portet H. Boucher,1
2291344,14:40:00,14:40:10,stop_point:SP_617,Lot. Impérial,2
2291344,14:41:00,14:41:10,stop_point:SP_535,Clemenceau,3
2291344,14:42:00,14:42:10,stop_point:SP_1699,Gauguin,4
2291344,14:43:00,14:43:10,stop_point:SP_1737,Ateliers Municipaux,5
2291344,14:43:00,14:43:10,stop_point:SP_807,Mairie Portet,6
2291344,14:43:00,14:43:10,stop_point:SP_1569,Poste de Portet,7
2291344,14:44:00,14:44:10,stop_point:SP_4773,Désiré,8
2291344,14:45:00,14:45:10,stop_point:SP_70,Eglise de Portet,9
2291344,14:46:00,14:46:10,stop_point:SP_1427,Commerce,10
2291344,14:47:00,14:47:10,stop_point:SP_1451,Occitanie,11
2291344,14:48:00,14:48:10,stop_point:SP_3101,Piscine,12
2291344,14:49:00,14:49:10,stop_point:SP_300,Collège de Portet,13
2291344,14:50:00,14:50:10,stop_point:SP_1919,Boulodrome,14
2291344,14:51:00,14:51:10,stop_point:SP_1553,Saliège,15
2291344,14:52:00,14:52:10,stop_point:SP_3084,Ctre Cial Portet - Entrée 5,16
2291344,14:54:00,14:54:10,stop_point:SP_2564,Ecole Récébédou,17
2291344,14:55:00,14:55:10,stop_point:SP_795,Claire Fontaine,18
2291344,14:56:00,14:56:10,stop_point:SP_415,Frênes,19
2291344,14:57:00,14:57:10,stop_point:SP_4940,Clairfont,20
2291344,14:59:00,14:59:10,stop_point:SP_320,Larrieu,21
2291344,15:03:00,15:03:10,stop_point:SP_2589,Thibaud,22
2291344,15:04:00,15:04:10,stop_point:SP_2167,Perpignan,23
2291344,15:05:00,15:05:10,stop_point:SP_2955,Eisenhower Est,24
2291344,15:06:00,15:06:10,stop_point:SP_1948,René Valmy,25
2291344,15:07:00,15:07:10,stop_point:SP_3703,Lestang,26
2291344,15:07:00,15:07:10,stop_point:SP_2011,Ourliac,27
2291344,15:08:00,15:08:10,stop_point:SP_16,Desnos,28
2291344,15:09:00,15:09:10,stop_point:SP_1244,Place Bouillière,29
2291344,15:10:00,15:10:10,stop_point:SP_4007,Basso Cambo,30
2291345,15:12:00,15:12:10,stop_point:SP_3709,Portet H. Boucher,1
2291345,15:12:00,15:12:10,stop_point:SP_617,Lot. Impérial,2
2291345,15:13:00,15:13:10,stop_point:SP_535,Clemenceau,3
2291345,15:14:00,15:14:10,stop_point:SP_1699,Gauguin,4
2291345,15:15:00,15:15:10,stop_point:SP_1737,Ateliers Municipaux,5
2291345,15:15:00,15:15:10,stop_point:SP_807,Mairie Portet,6
2291345,15:15:00,15:15:10,stop_point:SP_1569,Poste de Portet,7
2291345,15:16:00,15:16:10,stop_point:SP_4773,Désiré,8
2291345,15:17:00,15:17:10,stop_point:SP_70,Eglise de Portet,9
2291345,15:18:00,15:18:10,stop_point:SP_1427,Commerce,10
2291345,15:19:00,15:19:10,stop_point:SP_1451,Occitanie,11
2291345,15:20:00,15:20:10,stop_point:SP_3101,Piscine,12
2291345,15:21:00,15:21:10,stop_point:SP_300,Collège de Portet,13
2291345,15:22:00,15:22:10,stop_point:SP_1919,Boulodrome,14
2291345,15:23:00,15:23:10,stop_point:SP_1553,Saliège,15
2291345,15:24:00,15:24:10,stop_point:SP_3084,Ctre Cial Portet - Entrée 5,16
2291345,15:26:00,15:26:10,stop_point:SP_2564,Ecole Récébédou,17
2291345,15:27:00,15:27:10,stop_point:SP_795,Claire Fontaine,18
2291345,15:28:00,15:28:10,stop_point:SP_415,Frênes,19
2291345,15:29:00,15:29:10,stop_point:SP_4940,Clairfont,20
2291345,15:31:00,15:31:10,stop_point:SP_320,Larrieu,21
2291345,15:35:00,15:35:10,stop_point:SP_2589,Thibaud,22
2291345,15:36:00,15:36:10,stop_point:SP_2167,Perpignan,23
2291345,15:37:00,15:37:10,stop_point:SP_2955,Eisenhower Est,24
2291345,15:38:00,15:38:10,stop_point:SP_1948,René Valmy,25
2291345,15:39:00,15:39:10,stop_point:SP_3703,Lestang,26
2291345,15:39:00,15:39:10,stop_point:SP_2011,Ourliac,27
2291345,15:40:00,15:40:10,stop_point:SP_16,Desnos,28
2291345,15:41:00,15:41:10,stop_point:SP_1244,Place Bouillière,29
2291345,15:42:00,15:42:10,stop_point:SP_4007,Basso Cambo,30
2291346,15:44:00,15:44:10,stop_point:SP_3709,Portet H. Boucher,1
2291346,15:44:00,15:44:10,stop_point:SP_617,Lot. Impérial,2
2291346,15:45:00,15:45:10,stop_point:SP_535,Clemenceau,3
2291346,15:46:00,15:46:10,stop_point:SP_1699,Gauguin,4
2291346,15:47:00,15:47:10,stop_point:SP_1737,Ateliers Municipaux,5
2291346,15:47:00,15:47:10,stop_point:SP_807,Mairie Portet,6
2291346,15:47:00,15:47:10,stop_point:SP_1569,Poste de Portet,7
2291346,15:48:00,15:48:10,stop_point:SP_4773,Désiré,8
2291346,15:49:00,15:49:10,stop_point:SP_70,Eglise de Portet,9
2291346,15:50:00,15:50:10,stop_point:SP_1427,Commerce,10
2291346,15:51:00,15:51:10,stop_point:SP_1451,Occitanie,11
2291346,15:52:00,15:52:10,stop_point:SP_3101,Piscine,12
2291346,15:53:00,15:53:10,stop_point:SP_300,Collège de Portet,13
2291346,15:54:00,15:54:10,stop_point:SP_1919,Boulodrome,14
2291346,15:55:00,15:55:10,stop_point:SP_1553,Saliège,15
2291346,15:56:00,15:56:10,stop_point:SP_3084,Ctre Cial Portet - Entrée 5,16
2291346,15:58:00,15:58:10,stop_point:SP_2564,Ecole Récébédou,17
2291346,15:59:00,15:59:10,stop_point:SP_795,Claire Fontaine,18
2291346,16:00:00,16:00:10,stop_point:SP_415,Frênes,19
2291346,16:01:00,16:01:10,stop_point:SP_4940,Clairfont,20
2291346,16:03:00,16:03:10,stop_point:SP_320,Larrieu,21
2291346,16:07:00,16:07:10,stop_point:SP_2589,Thibaud,22
2291346,16:08:00,16:08:10,stop_point:SP_2167,Perpignan,23
2291346,16:09:00,16:09:10,stop_point:SP_2955,Eisenhower Est,24
2291346,16:10:00,16:10:10,stop_point:SP_1948,René Valmy,25
2291346,16:11:00,16:11:10,stop_point:SP_3703,Lestang,26
2291346,16:11:00,16:11:10,stop_point:SP_2011,Ourliac,27
2291346,16:12:00,16:12:10,stop_point:SP_16,Desnos,28
2291346,16:13:00,16:13:10,stop_point:SP_1244,Place Bouillière,29
2291346,16:14:00,16:14:10,stop_point:SP_4007,Basso Cambo,30
2291347,16:16:00,16:16:10,stop_point:SP_3709,Portet H. Boucher,1
2291347,16:16:00,16:16:10,stop_point:SP_617,Lot. Impérial,2
2291347,16:17:00,16:17:10,stop_point:SP_535,Clemenceau,3
2291347,16:18:00,16:18:10,stop_point:SP_1699,Gauguin,4
2291347,16:19:00,16:19:10,stop_point:SP_1737,Ateliers Municipaux,5
2291347,16:19:00,16:19:10,stop_point:SP_807,Mairie Portet,6
2291347,16:19:00,16:19:10,stop_point:SP_1569,Poste de Portet,7
2291347,16:20:00,16:20:10,stop_point:SP_4773,Désiré,8
2291347,16:21:00,16:21:10,stop_point:SP_70,Eglise de Portet,9
2291347,16:22:00,16:22:10,stop_point:SP_1427,Commerce,10
2291347,16:23:00,16:23:10,stop_point:SP_1451,Occitanie,11
2291347,16:24:00,16:24:10,stop_point:SP_3101,Piscine,12
2291347,16:25:00,16:25:10,stop_point:SP_300,Collège de Portet,13
2291347,16:26:00,16:26:10,stop_point:SP_1919,Boulodrome,14
2291347,16:27:00,16:27:10,stop_point:SP_1553,Saliège,15
2291347,16:28:00,16:28:10,stop_point:SP_3084,Ctre Cial Portet - Entrée 5,16
2291347,16:30:00,16:30:10,stop_point:SP_2564,Ecole Récébédou,17
2291347,16:31:00,16:31:10,stop_point:SP_795,Claire Fontaine,18
2291347,16:32:00,16:32:10,stop_point:SP_415,Frênes,19
2291347,16:33:00,16:33:10,stop_point:SP_4940,Clairfont,20
2291347,16:35:00,16:35:10,stop_point:SP_320,Larrieu,21
2291347,16:39:00,16:39:10,stop_point:SP_2589,Thibaud,22
2291347,16:40:00,16:40:10,stop_point:SP_2167,Perpignan,23
2291347,16:41:00,16:41:10,stop_point:SP_2955,Eisenhower Est,24
2291347,16:42:00,16:42:10,stop_point:SP_1948,René Valmy,25
2291347,16:43:00,16:43:10,stop_point:SP_3703,Lestang,26
2291347,16:43:00,16:43:10,stop_point:SP_2011,Ourliac,27
2291347,16:44:00,16:44:10,stop_point:SP_16,Desnos,28
2291347,16:45:00,16:45:10,stop_point:SP_1244,Place Bouillière,29
2291347,16:46:00,16:46:10,stop_point:SP_4007,Basso Cambo,30
2291348,16:48:00,16:48:10,stop_point:SP_3709,Portet H. Boucher,1
2291348,16:48:00,16:48:10,stop_point:SP_617,Lot. Impérial,2
2291348,16:49:00,16:49:10,stop_point:SP_535,Clemenceau,3
2291348,16:50:00,16:50:10,stop_point:SP_1699,Gauguin,4
2291348,16:51:00,16:51:10,stop_point:SP_1737,Ateliers Municipaux,5
2291348,16:51:00,16:51:10,stop_point:SP_807,Mairie Portet,6
2291348,16:51:00,16:51:10,stop_point:SP_1569,Poste de Portet,7
2291348,16:52:00,16:52:10,stop_point:SP_4773,Désiré,8
2291348,16:54:00,16:54:10,stop_point:SP_70,Eglise de Portet,9
2291348,16:55:00,16:55:10,stop_point:SP_1427,Commerce,10
2291348,16:55:00,16:55:10,stop_point:SP_1451,Occitanie,11
2291348,16:57:00,16:57:10,stop_point:SP_3101,Piscine,12
2291348,16:58:00,16:58:10,stop_point:SP_300,Collège de Portet,13
2291348,16:59:00,16:59:10,stop_point:SP_1919,Boulodrome,14
2291348,17:00:00,17:00:10,stop_point:SP_1553,Saliège,15
2291348,17:01:00,17:01:10,stop_point:SP_3084,Ctre Cial Portet - Entrée 5,16
2291348,17:03:00,17:03:10,stop_point:SP_2564,Ecole Récébédou,17
2291348,17:04:00,17:04:10,stop_point:SP_795,Claire Fontaine,18
2291348,17:05:00,17:05:10,stop_point:SP_415,Frênes,19
2291348,17:06:00,17:06:10,stop_point:SP_4940,Clairfont,20
2291348,17:08:00,17:08:10,stop_point:SP_320,Larrieu,21
2291348,17:12:00,17:12:10,stop_point:SP_2589,Thibaud,22
2291348,17:13:00,17:13:10,stop_point:SP_2167,Perpignan,23
2291348,17:14:00,17:14:10,stop_point:SP_2955,Eisenhower Est,24
2291348,17:15:00,17:15:10,stop_point:SP_1948,René Valmy,25
2291348,17:16:00,17:16:10,stop_point:SP_3703,Lestang,26
2291348,17:16:00,17:16:10,stop_point:SP_2011,Ourliac,27
2291348,17:17:00,17:17:10,stop_point:SP_16,Desnos,28
2291348,17:18:00,17:18:10,stop_point:SP_1244,Place Bouillière,29
2291348,17:19:00,17:19:10,stop_point:SP_4007,Basso Cambo,30
2291349,17:20:00,17:20:10,stop_point:SP_3709,Portet H. Boucher,1
2291349,17:20:00,17:20:10,stop_point:SP_617,Lot. Impérial,2
2291349,17:21:00,17:21:10,stop_point:SP_535,Clemenceau,3
2291349,17:22:00,17:22:10,stop_point:SP_1699,Gauguin,4
2291349,17:23:00,17:23:10,stop_point:SP_1737,Ateliers Municipaux,5
2291349,17:23:00,17:23:10,stop_point:SP_807,Mairie Portet,6
2291349,17:23:00,17:23:10,stop_point:SP_1569,Poste de Portet,7
2291349,17:24:00,17:24:10,stop_point:SP_4773,Désiré,8
2291349,17:26:00,17:26:10,stop_point:SP_70,Eglise de Portet,9
2291349,17:27:00,17:27:10,stop_point:SP_1427,Commerce,10
2291349,17:27:00,17:27:10,stop_point:SP_1451,Occitanie,11
2291349,17:29:00,17:29:10,stop_point:SP_3101,Piscine,12
2291349,17:30:00,17:30:10,stop_point:SP_300,Collège de Portet,13
2291349,17:31:00,17:31:10,stop_point:SP_1919,Boulodrome,14
2291349,17:32:00,17:32:10,stop_point:SP_1553,Saliège,15
2291349,17:33:00,17:33:10,stop_point:SP_3084,Ctre Cial Portet - Entrée 5,16
2291349,17:35:00,17:35:10,stop_point:SP_2564,Ecole Récébédou,17
2291349,17:36:00,17:36:10,stop_point:SP_795,Claire Fontaine,18
2291349,17:37:00,17:37:10,stop_point:SP_415,Frênes,19
2291349,17:38:00,17:38:10,stop_point:SP_4940,Clairfont,20
2291349,17:40:00,17:40:10,stop_point:SP_320,Larrieu,21
2291349,17:44:00,17:44:10,stop_point:SP_2589,Thibaud,22
2291349,17:45:00,17:45:10,stop_point:SP_2167,Perpignan,23
2291349,17:46:00,17:46:10,stop_point:SP_2955,Eisenhower Est,24
2291349,17:47:00,17:47:10,stop_point:SP_1948,René Valmy,25
2291349,17:48:00,17:48:10,stop_point:SP_3703,Lestang,26
2291349,17:48:00,17:48:10,stop_point:SP_2011,Ourliac,27
2291349,17:49:00,17:49:10,stop_point:SP_16,Desnos,28
2291349,17:50:00,17:50:10,stop_point:SP_1244,Place Bouillière,29
2291349,17:51:00,17:51:10,stop_point:SP_4007,Basso Cambo,30
2291350,17:52:00,17:52:10,stop_point:SP_3709,Portet H. Boucher,1
2291350,17:52:00,17:52:10,stop_point:SP_617,Lot. Impérial,2
2291350,17:53:00,17:53:10,stop_point:SP_535,Clemenceau,3
2291350,17:54:00,17:54:10,stop_point:SP_1699,Gauguin,4
2291350,17:55:00,17:55:10,stop_point:SP_1737,Ateliers Municipaux,5
2291350,17:55:00,17:55:10,stop_point:SP_807,Mairie Portet,6
2291350,17:55:00,17:55:10,stop_point:SP_1569,Poste de Portet,7
2291350,17:56:00,17:56:10,stop_point:SP_4773,Désiré,8
2291350,17:58:00,17:58:10,stop_point:SP_70,Eglise de Portet,9
2291350,17:59:00,17:59:10,stop_point:SP_1427,Commerce,10
2291350,17:59:00,17:59:10,stop_point:SP_1451,Occitanie,11
2291350,18:01:00,18:01:10,stop_point:SP_3101,Piscine,12
2291350,18:02:00,18:02:10,stop_point:SP_300,Collège de Portet,13
2291350,18:03:00,18:03:10,stop_point:SP_1919,Boulodrome,14
2291350,18:04:00,18:04:10,stop_point:SP_1553,Saliège,15
2291350,18:05:00,18:05:10,stop_point:SP_3084,Ctre Cial Portet - Entrée 5,16
2291350,18:07:00,18:07:10,stop_point:SP_2564,Ecole Récébédou,17
2291350,18:08:00,18:08:10,stop_point:SP_795,Claire Fontaine,18
2291350,18:09:00,18:09:10,stop_point:SP_415,Frênes,19
2291350,18:10:00,18:10:10,stop_point:SP_4940,Clairfont,20
2291350,18:12:00,18:12:10,stop_point:SP_320,Larrieu,21
2291350,18:16:00,18:16:10,stop_point:SP_2589,Thibaud,22
2291350,18:17:00,18:17:10,stop_point:SP_2167,Perpignan,23
2291350,18:18:00,18:18:10,stop_point:SP_2955,Eisenhower Est,24
2291350,18:19:00,18:19:10,stop_point:SP_1948,René Valmy,25
2291350,18:20:00,18:20:10,stop_point:SP_3703,Lestang,26
2291350,18:20:00,18:20:10,stop_point:SP_2011,Ourliac,27
2291350,18:21:00,18:21:10,stop_point:SP_16,Desnos,28
2291350,18:22:00,18:22:10,stop_point:SP_1244,Place Bouillière,29
2291350,18:23:00,18:23:10,stop_point:SP_4007,Basso Cambo,30
2291351,18:30:00,18:30:10,stop_point:SP_3709,Portet H. Boucher,1
2291351,18:30:00,18:30:10,stop_point:SP_617,Lot. Impérial,2
2291351,18:31:00,18:31:10,stop_point:SP_535,Clemenceau,3
2291351,18:32:00,18:32:10,stop_point:SP_1699,Gauguin,4
2291351,18:33:00,18:33:10,stop_point:SP_1737,Ateliers Municipaux,5
2291351,18:33:00,18:33:10,stop_point:SP_807,Mairie Portet,6
2291351,18:33:00,18:33:10,stop_point:SP_1569,Poste de Portet,7
2291351,18:34:00,18:34:10,stop_point:SP_4773,Désiré,8
2291351,18:36:00,18:36:10,stop_point:SP_70,Eglise de Portet,9
2291351,18:37:00,18:37:10,stop_point:SP_1427,Commerce,10
2291351,18:37:00,18:37:10,stop_point:SP_1451,Occitanie,11
2291351,18:39:00,18:39:10,stop_point:SP_3101,Piscine,12
2291351,18:40:00,18:40:10,stop_point:SP_300,Collège de Portet,13
2291351,18:41:00,18:41:10,stop_point:SP_1919,Boulodrome,14
2291351,18:42:00,18:42:10,stop_point:SP_1553,Saliège,15
2291351,18:43:00,18:43:10,stop_point:SP_3084,Ctre Cial Portet - Entrée 5,16
2291351,18:45:00,18:45:10,stop_point:SP_2564,Ecole Récébédou,17
2291351,18:46:00,18:46:10,stop_point:SP_795,Claire Fontaine,18
2291351,18:47:00,18:47:10,stop_point:SP_415,Frênes,19
2291351,18:48:00,18:48:10,stop_point:SP_4940,Clairfont,20
2291351,18:50:00,18:50:10,stop_point:SP_320,Larrieu,21
2291351,18:54:00,18:54:10,stop_point:SP_2589,Thibaud,22
2291351,18:55:00,18:55:10,stop_point:SP_2167,Perpignan,23
2291351,18:56:00,18:56:10,stop_point:SP_2955,Eisenhower Est,24
2291351,18:57:00,18:57:10,stop_point:SP_1948,René Valmy,25
2291351,18:58:00,18:58:10,stop_point:SP_3703,Lestang,26
2291351,18:58:00,18:58:10,stop_point:SP_2011,Ourliac,27
2291351,18:59:00,18:59:10,stop_point:SP_16,Desnos,28
2291351,19:00:00,19:00:10,stop_point:SP_1244,Place Bouillière,29
2291351,19:01:00,19:01:10,stop_point:SP_4007,Basso Cambo,30
2291352,19:10:00,19:10:10,stop_point:SP_3709,Portet H. Boucher,1
2291352,19:10:00,19:10:10,stop_point:SP_617,Lot. Impérial,2
2291352,19:11:00,19:11:10,stop_point:SP_535,Clemenceau,3
2291352,19:12:00,19:12:10,stop_point:SP_1699,Gauguin,4
2291352,19:13:00,19:13:10,stop_point:SP_1737,Ateliers Municipaux,5
2291352,19:13:00,19:13:10,stop_point:SP_807,Mairie Portet,6
2291352,19:13:00,19:13:10,stop_point:SP_1569,Poste de Portet,7
2291352,19:14:00,19:14:10,stop_point:SP_4773,Désiré,8
2291352,19:15:00,19:15:10,stop_point:SP_70,Eglise de Portet,9
2291352,19:16:00,19:16:10,stop_point:SP_1427,Commerce,10
2291352,19:17:00,19:17:10,stop_point:SP_1451,Occitanie,11
2291352,19:18:00,19:18:10,stop_point:SP_3101,Piscine,12
2291352,19:19:00,19:19:10,stop_point:SP_300,Collège de Portet,13
2291352,19:20:00,19:20:10,stop_point:SP_1919,Boulodrome,14
2291352,19:21:00,19:21:10,stop_point:SP_1553,Saliège,15
2291352,19:22:00,19:22:10,stop_point:SP_3084,Ctre Cial Portet - Entrée 5,16
2291352,19:24:00,19:24:10,stop_point:SP_2564,Ecole Récébédou,17
2291352,19:24:00,19:24:10,stop_point:SP_795,Claire Fontaine,18
2291352,19:25:00,19:25:10,stop_point:SP_415,Frênes,19
2291352,19:26:00,19:26:10,stop_point:SP_4940,Clairfont,20
2291352,19:28:00,19:28:10,stop_point:SP_320,Larrieu,21
2291352,19:32:00,19:32:10,stop_point:SP_2589,Thibaud,22
2291352,19:33:00,19:33:10,stop_point:SP_2167,Perpignan,23
2291352,19:33:00,19:33:10,stop_point:SP_2955,Eisenhower Est,24
2291352,19:34:00,19:34:10,stop_point:SP_1948,René Valmy,25
2291352,19:35:00,19:35:10,stop_point:SP_3703,Lestang,26
2291352,19:35:00,19:35:10,stop_point:SP_2011,Ourliac,27
2291352,19:36:00,19:36:10,stop_point:SP_16,Desnos,28
2291352,19:37:00,19:37:10,stop_point:SP_1244,Place Bouillière,29
2291352,19:38:00,19:38:10,stop_point:SP_4007,Basso Cambo,30
2291353,19:50:00,19:50:10,stop_point:SP_3709,Portet H. Boucher,1
2291353,19:50:00,19:50:10,stop_point:SP_617,Lot. Impérial,2
2291353,19:51:00,19:51:10,stop_point:SP_535,Clemenceau,3
2291353,19:52:00,19:52:10,stop_point:SP_1699,Gauguin,4
2291353,19:53:00,19:53:10,stop_point:SP_1737,Ateliers Municipaux,5
2291353,19:53:00,19:53:10,stop_point:SP_807,Mairie Portet,6
2291353,19:53:00,19:53:10,stop_point:SP_1569,Poste de Portet,7
2291353,19:54:00,19:54:10,stop_point:SP_4773,Désiré,8
2291353,19:55:00,19:55:10,stop_point:SP_70,Eglise de Portet,9
2291353,19:56:00,19:56:10,stop_point:SP_1427,Commerce,10
2291353,19:57:00,19:57:10,stop_point:SP_1451,Occitanie,11
2291353,19:58:00,19:58:10,stop_point:SP_3101,Piscine,12
2291353,19:59:00,19:59:10,stop_point:SP_300,Collège de Portet,13
2291353,20:00:00,20:00:10,stop_point:SP_1919,Boulodrome,14
2291353,20:01:00,20:01:10,stop_point:SP_1553,Saliège,15
2291353,20:02:00,20:02:10,stop_point:SP_3084,Ctre Cial Portet - Entrée 5,16
2291353,20:03:00,20:03:10,stop_point:SP_2564,Ecole Récébédou,17
2291353,20:03:00,20:03:10,stop_point:SP_795,Claire Fontaine,18
2291353,20:04:00,20:04:10,stop_point:SP_415,Frênes,19
2291353,20:05:00,20:05:10,stop_point:SP_4940,Clairfont,20
2291353,20:07:00,20:07:10,stop_point:SP_320,Larrieu,21
2291353,20:10:00,20:10:10,stop_point:SP_2589,Thibaud,22
2291353,20:11:00,20:11:10,stop_point:SP_2167,Perpignan,23
2291353,20:11:00,20:11:10,stop_point:SP_2955,Eisenhower Est,24
2291353,20:12:00,20:12:10,stop_point:SP_1948,René Valmy,25
2291353,20:13:00,20:13:10,stop_point:SP_3703,Lestang,26
2291353,20:13:00,20:13:10,stop_point:SP_2011,Ourliac,27
2291353,20:14:00,20:14:10,stop_point:SP_16,Desnos,28
2291353,20:15:00,20:15:10,stop_point:SP_1244,Place Bouillière,29
2291353,20:16:00,20:16:10,stop_point:SP_4007,Basso Cambo,30
2291354,20:30:00,20:30:10,stop_point:SP_3709,Portet H. Boucher,1
2291354,20:30:00,20:30:10,stop_point:SP_617,Lot. Impérial,2
2291354,20:31:00,20:31:10,stop_point:SP_535,Clemenceau,3
2291354,20:32:00,20:32:10,stop_point:SP_1699,Gauguin,4
2291354,20:33:00,20:33:10,stop_point:SP_1737,Ateliers Municipaux,5
2291354,20:33:00,20:33:10,stop_point:SP_807,Mairie Portet,6
2291354,20:33:00,20:33:10,stop_point:SP_1569,Poste de Portet,7
2291354,20:34:00,20:34:10,stop_point:SP_4773,Désiré,8
2291354,20:35:00,20:35:10,stop_point:SP_70,Eglise de Portet,9
2291354,20:36:00,20:36:10,stop_point:SP_1427,Commerce,10
2291354,20:37:00,20:37:10,stop_point:SP_1451,Occitanie,11
2291354,20:38:00,20:38:10,stop_point:SP_3101,Piscine,12
2291354,20:39:00,20:39:10,stop_point:SP_300,Collège de Portet,13
2291354,20:40:00,20:40:10,stop_point:SP_1919,Boulodrome,14
2291354,20:41:00,20:41:10,stop_point:SP_1553,Saliège,15
2291354,20:42:00,20:42:10,stop_point:SP_3084,Ctre Cial Portet - Entrée 5,16
2291354,20:43:00,20:43:10,stop_point:SP_2564,Ecole Récébédou,17
2291354,20:43:00,20:43:10,stop_point:SP_795,Claire Fontaine,18
2291354,20:44:00,20:44:10,stop_point:SP_415,Frênes,19
2291354,20:45:00,20:45:10,stop_point:SP_4940,Clairfont,20
2291354,20:47:00,20:47:10,stop_point:SP_320,Larrieu,21
2291354,20:50:00,20:50:10,stop_point:SP_2589,Thibaud,22
2291354,20:51:00,20:51:10,stop_point:SP_2167,Perpignan,23
2291354,20:51:00,20:51:10,stop_point:SP_2955,Eisenhower Est,24
2291354,20:52:00,20:52:10,stop_point:SP_1948,René Valmy,25
2291354,20:52:00,20:52:10,stop_point:SP_3703,Lestang,26
2291354,20:53:00,20:53:10,stop_point:SP_2011,Ourliac,27
2291354,20:53:00,20:53:10,stop_point:SP_16,Desnos,28
2291354,20:54:00,20:54:10,stop_point:SP_1244,Place Bouillière,29
2291354,20:55:00,20:55:10,stop_point:SP_4007,Basso Cambo,30
