trip_id,arrival_time,departure_time,stop_id,stop_name,stop_sequence
2301804,07:10:00,07:10:10,stop_point:SP_3590,Arènes,1
2301804,07:12:00,07:12:10,stop_point:SP_794,Clinique Pasteur,2
2301804,07:13:00,07:13:10,stop_point:SP_2706,Roquemaurel,3
2301804,07:13:00,07:13:10,stop_point:SP_2743,Av. de Lombez,4
2301804,07:14:00,07:14:10,stop_point:SP_2956,Hippodrome,5
2301804,07:15:00,07:15:10,stop_point:SP_3162,Brombach,6
2301804,07:16:00,07:16:10,stop_point:SP_2467,Pont Rocade,7
2301804,07:17:00,07:17:10,stop_point:SP_1536,Les Tourelles,8
2301804,07:17:00,07:17:10,stop_point:SP_1178,Vitarelles,9
2301804,07:18:00,07:18:10,stop_point:SP_1372,Châtaigniers,10
2301804,07:19:00,07:19:10,stop_point:SP_3214,Molette,11
2301804,07:20:00,07:20:10,stop_point:SP_898,Villèle,12
2301804,07:20:00,07:20:10,stop_point:SP_3117,Mazaygues,13
2301804,07:21:00,07:21:10,stop_point:SP_1622,Corneillan,14
2301804,07:22:00,07:22:10,stop_point:SP_2217,Ardennes,15
2301804,07:22:00,07:22:10,stop_point:SP_3458,Etchepare,16
2301804,07:23:00,07:23:10,stop_point:SP_3556,Grynfogel,17
2301804,07:24:00,07:24:10,stop_point:SP_471,Ramelet Moundi,18
2301804,07:25:00,07:25:10,stop_point:SP_3024,Prat,19
2301804,07:26:00,07:26:10,stop_point:SP_2190,Cabanon,20
2301804,07:27:00,07:27:10,stop_point:SP_1044,Cascade,21
2301804,07:28:00,07:28:10,stop_point:SP_615,Bois Joly,22
2301804,07:29:00,07:29:10,stop_point:SP_3532,Petit Marquis,23
2301804,07:30:00,07:30:10,stop_point:SP_3036,Brunet Faure,24
2301804,07:31:00,07:31:10,stop_point:SP_2116,Pont,25
2301804,07:32:00,07:32:10,stop_point:SP_3997,Charlas,26
2301804,07:33:00,07:33:10,stop_point:SP_4714,Parc de Campagne,27
2301804,07:34:00,07:34:10,stop_point:SP_4712,Jules Verne,28
2301804,07:35:00,07:35:10,stop_point:SP_4713,Camélias,29
2301804,07:35:00,07:35:10,stop_point:SP_4716,Jonquilles,30
2301804,07:36:00,07:36:10,stop_point:SP_3629,Montaigne,31
2301804,07:37:00,07:37:10,stop_point:SP_1172,Maison de Retraite,32
2301804,07:37:00,07:37:10,stop_point:SP_817,Plaisance Accueil,33
2301804,07:37:00,07:37:10,stop_point:SP_3128,Capelles,34
2301804,07:38:00,07:38:10,stop_point:SP_3780,Fauvettes,35
2301804,07:39:00,07:39:10,stop_point:SP_1027,Plaisance Monestié,36
2301805,08:30:00,08:30:10,stop_point:SP_3590,Arènes,1
2301805,08:32:00,08:32:10,stop_point:SP_794,Clinique Pasteur,2
2301805,08:33:00,08:33:10,stop_point:SP_2706,Roquemaurel,3
2301805,08:33:00,08:33:10,stop_point:SP_2743,Av. de Lombez,4
2301805,08:34:00,08:34:10,stop_point:SP_2956,Hippodrome,5
2301805,08:35:00,08:35:10,stop_point:SP_3162,Brombach,6
2301805,08:36:00,08:36:10,stop_point:SP_2467,Pont Rocade,7
2301805,08:37:00,08:37:10,stop_point:SP_1536,Les Tourelles,8
2301805,08:37:00,08:37:10,stop_point:SP_1178,Vitarelles,9
2301805,08:38:00,08:38:10,stop_point:SP_1372,Châtaigniers,10
2301805,08:39:00,08:39:10,stop_point:SP_3214,Molette,11
2301805,08:40:00,08:40:10,stop_point:SP_898,Villèle,12
2301805,08:40:00,08:40:10,stop_point:SP_3117,Mazaygues,13
2301805,08:41:00,08:41:10,stop_point:SP_1622,Corneillan,14
2301805,08:42:00,08:42:10,stop_point:SP_2217,Ardennes,15
2301805,08:42:00,08:42:10,stop_point:SP_3458,Etchepare,16
2301805,08:43:00,08:43:10,stop_point:SP_3556,Grynfogel,17
2301805,08:44:00,08:44:10,stop_point:SP_471,Ramelet Moundi,18
2301805,08:45:00,08:45:10,stop_point:SP_3024,Prat,19
2301805,08:46:00,08:46:10,stop_point:SP_2190,Cabanon,20
2301805,08:47:00,08:47:10,stop_point:SP_1044,Cascade,21
2301805,08:48:00,08:48:10,stop_point:SP_615,Bois Joly,22
2301805,08:49:00,08:49:10,stop_point:SP_3532,Petit Marquis,23
2301805,08:51:00,08:51:10,stop_point:SP_3036,Brunet Faure,24
2301805,08:51:00,08:51:10,stop_point:SP_2116,Pont,25
2301805,08:53:00,08:53:10,stop_point:SP_3997,Charlas,26
2301805,08:54:00,08:54:10,stop_point:SP_4714,Parc de Campagne,27
2301805,08:56:00,08:56:10,stop_point:SP_4712,Jules Verne,28
2301805,08:56:00,08:56:10,stop_point:SP_4713,Camélias,29
2301805,08:57:00,08:57:10,stop_point:SP_4716,Jonquilles,30
2301805,08:58:00,08:58:10,stop_point:SP_3629,Montaigne,31
2301805,08:58:00,08:58:10,stop_point:SP_1172,Maison de Retraite,32
2301805,08:59:00,08:59:10,stop_point:SP_817,Plaisance Accueil,33
2301805,08:59:00,08:59:10,stop_point:SP_3128,Capelles,34
2301805,09:00:00,09:00:10,stop_point:SP_3780,Fauvettes,35
2301805,09:01:00,09:01:10,stop_point:SP_1027,Plaisance Monestié,36
2301806,09:50:00,09:50:10,stop_point:SP_3590,Arènes,1
2301806,09:52:00,09:52:10,stop_point:SP_794,Clinique Pasteur,2
2301806,09:53:00,09:53:10,stop_point:SP_2706,Roquemaurel,3
2301806,09:53:00,09:53:10,stop_point:SP_2743,Av. de Lombez,4
2301806,09:54:00,09:54:10,stop_point:SP_2956,Hippodrome,5
2301806,09:55:00,09:55:10,stop_point:SP_3162,Brombach,6
2301806,09:56:00,09:56:10,stop_point:SP_2467,Pont Rocade,7
2301806,09:57:00,09:57:10,stop_point:SP_1536,Les Tourelles,8
2301806,09:57:00,09:57:10,stop_point:SP_1178,Vitarelles,9
2301806,09:58:00,09:58:10,stop_point:SP_1372,Châtaigniers,10
2301806,09:59:00,09:59:10,stop_point:SP_3214,Molette,11
2301806,10:00:00,10:00:10,stop_point:SP_898,Villèle,12
2301806,10:00:00,10:00:10,stop_point:SP_3117,Mazaygues,13
2301806,10:01:00,10:01:10,stop_point:SP_1622,Corneillan,14
2301806,10:02:00,10:02:10,stop_point:SP_2217,Ardennes,15
2301806,10:02:00,10:02:10,stop_point:SP_3458,Etchepare,16
2301806,10:03:00,10:03:10,stop_point:SP_3556,Grynfogel,17
2301806,10:04:00,10:04:10,stop_point:SP_471,Ramelet Moundi,18
2301806,10:05:00,10:05:10,stop_point:SP_3024,Prat,19
2301806,10:07:00,10:07:10,stop_point:SP_2190,Cabanon,20
2301806,10:08:00,10:08:10,stop_point:SP_1044,Cascade,21
2301806,10:09:00,10:09:10,stop_point:SP_615,Bois Joly,22
2301806,10:10:00,10:10:10,stop_point:SP_3532,Petit Marquis,23
2301806,10:12:00,10:12:10,stop_point:SP_3036,Brunet Faure,24
2301806,10:12:00,10:12:10,stop_point:SP_2116,Pont,25
2301806,10:14:00,10:14:10,stop_point:SP_3997,Charlas,26
2301806,10:15:00,10:15:10,stop_point:SP_4714,Parc de Campagne,27
2301806,10:17:00,10:17:10,stop_point:SP_4712,Jules Verne,28
2301806,10:17:00,10:17:10,stop_point:SP_4713,Camélias,29
2301806,10:18:00,10:18:10,stop_point:SP_4716,Jonquilles,30
2301806,10:19:00,10:19:10,stop_point:SP_3629,Montaigne,31
2301806,10:19:00,10:19:10,stop_point:SP_1172,Maison de Retraite,32
2301806,10:20:00,10:20:10,stop_point:SP_817,Plaisance Accueil,33
2301806,10:20:00,10:20:10,stop_point:SP_3128,Capelles,34
2301806,10:21:00,10:21:10,stop_point:SP_3780,Fauvettes,35
2301806,10:22:00,10:22:10,stop_point:SP_1027,Plaisance Monestié,36
2301807,11:10:00,11:10:10,stop_point:SP_3590,Arènes,1
2301807,11:12:00,11:12:10,stop_point:SP_794,Clinique Pasteur,2
2301807,11:13:00,11:13:10,stop_point:SP_2706,Roquemaurel,3
2301807,11:14:00,11:14:10,stop_point:SP_2743,Av. de Lombez,4
2301807,11:15:00,11:15:10,stop_point:SP_2956,Hippodrome,5
2301807,11:16:00,11:16:10,stop_point:SP_3162,Brombach,6
2301807,11:17:00,11:17:10,stop_point:SP_2467,Pont Rocade,7
2301807,11:18:00,11:18:10,stop_point:SP_1536,Les Tourelles,8
2301807,11:19:00,11:19:10,stop_point:SP_1178,Vitarelles,9
2301807,11:20:00,11:20:10,stop_point:SP_1372,Châtaigniers,10
2301807,11:21:00,11:21:10,stop_point:SP_3214,Molette,11
2301807,11:21:00,11:21:10,stop_point:SP_898,Villèle,12
2301807,11:22:00,11:22:10,stop_point:SP_3117,Mazaygues,13
2301807,11:23:00,11:23:10,stop_point:SP_1622,Corneillan,14
2301807,11:24:00,11:24:10,stop_point:SP_2217,Ardennes,15
2301807,11:24:00,11:24:10,stop_point:SP_3458,Etchepare,16
2301807,11:25:00,11:25:10,stop_point:SP_3556,Grynfogel,17
2301807,11:26:00,11:26:10,stop_point:SP_471,Ramelet Moundi,18
2301807,11:27:00,11:27:10,stop_point:SP_3024,Prat,19
2301807,11:29:00,11:29:10,stop_point:SP_2190,Cabanon,20
2301807,11:30:00,11:30:10,stop_point:SP_1044,Cascade,21
2301807,11:31:00,11:31:10,stop_point:SP_615,Bois Joly,22
2301807,11:32:00,11:32:10,stop_point:SP_3532,Petit Marquis,23
2301807,11:33:00,11:33:10,stop_point:SP_3036,Brunet Faure,24
2301807,11:34:00,11:34:10,stop_point:SP_2116,Pont,25
2301807,11:35:00,11:35:10,stop_point:SP_3997,Charlas,26
2301807,11:37:00,11:37:10,stop_point:SP_4714,Parc de Campagne,27
2301807,11:38:00,11:38:10,stop_point:SP_4712,Jules Verne,28
2301807,11:39:00,11:39:10,stop_point:SP_4713,Camélias,29
2301807,11:39:00,11:39:10,stop_point:SP_4716,Jonquilles,30
2301807,11:40:00,11:40:10,stop_point:SP_3629,Montaigne,31
2301807,11:40:00,11:40:10,stop_point:SP_1172,Maison de Retraite,32
2301807,11:41:00,11:41:10,stop_point:SP_817,Plaisance Accueil,33
2301807,11:41:00,11:41:10,stop_point:SP_3128,Capelles,34
2301807,11:42:00,11:42:10,stop_point:SP_3780,Fauvettes,35
2301807,11:43:00,11:43:10,stop_point:SP_1027,Plaisance Monestié,36
2301808,12:25:00,12:25:10,stop_point:SP_3590,Arènes,1
2301808,12:27:00,12:27:10,stop_point:SP_794,Clinique Pasteur,2
2301808,12:28:00,12:28:10,stop_point:SP_2706,Roquemaurel,3
2301808,12:29:00,12:29:10,stop_point:SP_2743,Av. de Lombez,4
2301808,12:30:00,12:30:10,stop_point:SP_2956,Hippodrome,5
2301808,12:31:00,12:31:10,stop_point:SP_3162,Brombach,6
2301808,12:32:00,12:32:10,stop_point:SP_2467,Pont Rocade,7
2301808,12:33:00,12:33:10,stop_point:SP_1536,Les Tourelles,8
2301808,12:34:00,12:34:10,stop_point:SP_1178,Vitarelles,9
2301808,12:35:00,12:35:10,stop_point:SP_1372,Châtaigniers,10
2301808,12:36:00,12:36:10,stop_point:SP_3214,Molette,11
2301808,12:36:00,12:36:10,stop_point:SP_898,Villèle,12
2301808,12:37:00,12:37:10,stop_point:SP_3117,Mazaygues,13
2301808,12:38:00,12:38:10,stop_point:SP_1622,Corneillan,14
2301808,12:39:00,12:39:10,stop_point:SP_2217,Ardennes,15
2301808,12:39:00,12:39:10,stop_point:SP_3458,Etchepare,16
2301808,12:41:00,12:41:10,stop_point:SP_3556,Grynfogel,17
2301808,12:42:00,12:42:10,stop_point:SP_471,Ramelet Moundi,18
2301808,12:43:00,12:43:10,stop_point:SP_3024,Prat,19
2301808,12:45:00,12:45:10,stop_point:SP_2190,Cabanon,20
2301808,12:46:00,12:46:10,stop_point:SP_1044,Cascade,21
2301808,12:47:00,12:47:10,stop_point:SP_615,Bois Joly,22
2301808,12:48:00,12:48:10,stop_point:SP_3532,Petit Marquis,23
2301808,12:49:00,12:49:10,stop_point:SP_3036,Brunet Faure,24
2301808,12:50:00,12:50:10,stop_point:SP_2116,Pont,25
2301808,12:51:00,12:51:10,stop_point:SP_3997,Charlas,26
2301808,12:53:00,12:53:10,stop_point:SP_4714,Parc de Campagne,27
2301808,12:54:00,12:54:10,stop_point:SP_4712,Jules Verne,28
2301808,12:55:00,12:55:10,stop_point:SP_4713,Camélias,29
2301808,12:55:00,12:55:10,stop_point:SP_4716,Jonquilles,30
2301808,12:56:00,12:56:10,stop_point:SP_3629,Montaigne,31
2301808,12:56:00,12:56:10,stop_point:SP_1172,Maison de Retraite,32
2301808,12:57:00,12:57:10,stop_point:SP_817,Plaisance Accueil,33
2301808,12:57:00,12:57:10,stop_point:SP_3128,Capelles,34
2301808,12:58:00,12:58:10,stop_point:SP_3780,Fauvettes,35
2301808,12:59:00,12:59:10,stop_point:SP_1027,Plaisance Monestié,36
2301809,13:10:00,13:10:10,stop_point:SP_3590,Arènes,1
2301809,13:12:00,13:12:10,stop_point:SP_794,Clinique Pasteur,2
2301809,13:13:00,13:13:10,stop_point:SP_2706,Roquemaurel,3
2301809,13:14:00,13:14:10,stop_point:SP_2743,Av. de Lombez,4
2301809,13:15:00,13:15:10,stop_point:SP_2956,Hippodrome,5
2301809,13:16:00,13:16:10,stop_point:SP_3162,Brombach,6
2301809,13:17:00,13:17:10,stop_point:SP_2467,Pont Rocade,7
2301809,13:18:00,13:18:10,stop_point:SP_1536,Les Tourelles,8
2301809,13:19:00,13:19:10,stop_point:SP_1178,Vitarelles,9
2301809,13:20:00,13:20:10,stop_point:SP_1372,Châtaigniers,10
2301809,13:21:00,13:21:10,stop_point:SP_3214,Molette,11
2301809,13:21:00,13:21:10,stop_point:SP_898,Villèle,12
2301809,13:22:00,13:22:10,stop_point:SP_3117,Mazaygues,13
2301809,13:23:00,13:23:10,stop_point:SP_1622,Corneillan,14
2301809,13:24:00,13:24:10,stop_point:SP_2217,Ardennes,15
2301809,13:24:00,13:24:10,stop_point:SP_3458,Etchepare,16
2301809,13:26:00,13:26:10,stop_point:SP_3556,Grynfogel,17
2301809,13:27:00,13:27:10,stop_point:SP_471,Ramelet Moundi,18
2301809,13:28:00,13:28:10,stop_point:SP_3024,Prat,19
2301809,13:30:00,13:30:10,stop_point:SP_2190,Cabanon,20
2301809,13:31:00,13:31:10,stop_point:SP_1044,Cascade,21
2301809,13:32:00,13:32:10,stop_point:SP_615,Bois Joly,22
2301809,13:33:00,13:33:10,stop_point:SP_3532,Petit Marquis,23
2301809,13:35:00,13:35:10,stop_point:SP_3036,Brunet Faure,24
2301809,13:35:00,13:35:10,stop_point:SP_2116,Pont,25
2301809,13:37:00,13:37:10,stop_point:SP_3997,Charlas,26
2301809,13:38:00,13:38:10,stop_point:SP_4714,Parc de Campagne,27
2301809,13:40:00,13:40:10,stop_point:SP_4712,Jules Verne,28
2301809,13:40:00,13:40:10,stop_point:SP_4713,Camélias,29
2301809,13:41:00,13:41:10,stop_point:SP_4716,Jonquilles,30
2301809,13:42:00,13:42:10,stop_point:SP_3629,Montaigne,31
2301809,13:42:00,13:42:10,stop_point:SP_1172,Maison de Retraite,32
2301809,13:43:00,13:43:10,stop_point:SP_817,Plaisance Accueil,33
2301809,13:43:00,13:43:10,stop_point:SP_3128,Capelles,34
2301809,13:44:00,13:44:10,stop_point:SP_3780,Fauvettes,35
2301809,13:45:00,13:45:10,stop_point:SP_1027,Plaisance Monestié,36
2301810,13:55:00,13:55:10,stop_point:SP_3590,Arènes,1
2301810,13:57:00,13:57:10,stop_point:SP_794,Clinique Pasteur,2
2301810,13:58:00,13:58:10,stop_point:SP_2706,Roquemaurel,3
2301810,13:59:00,13:59:10,stop_point:SP_2743,Av. de Lombez,4
2301810,14:00:00,14:00:10,stop_point:SP_2956,Hippodrome,5
2301810,14:01:00,14:01:10,stop_point:SP_3162,Brombach,6
2301810,14:02:00,14:02:10,stop_point:SP_2467,Pont Rocade,7
2301810,14:03:00,14:03:10,stop_point:SP_1536,Les Tourelles,8
2301810,14:04:00,14:04:10,stop_point:SP_1178,Vitarelles,9
2301810,14:05:00,14:05:10,stop_point:SP_1372,Châtaigniers,10
2301810,14:06:00,14:06:10,stop_point:SP_3214,Molette,11
2301810,14:06:00,14:06:10,stop_point:SP_898,Villèle,12
2301810,14:07:00,14:07:10,stop_point:SP_3117,Mazaygues,13
2301810,14:08:00,14:08:10,stop_point:SP_1622,Corneillan,14
2301810,14:09:00,14:09:10,stop_point:SP_2217,Ardennes,15
2301810,14:09:00,14:09:10,stop_point:SP_3458,Etchepare,16
2301810,14:11:00,14:11:10,stop_point:SP_3556,Grynfogel,17
2301810,14:12:00,14:12:10,stop_point:SP_471,Ramelet Moundi,18
2301810,14:13:00,14:13:10,stop_point:SP_3024,Prat,19
2301810,14:14:00,14:14:10,stop_point:SP_2190,Cabanon,20
2301810,14:15:00,14:15:10,stop_point:SP_1044,Cascade,21
2301810,14:16:00,14:16:10,stop_point:SP_615,Bois Joly,22
2301810,14:17:00,14:17:10,stop_point:SP_3532,Petit Marquis,23
2301810,14:19:00,14:19:10,stop_point:SP_3036,Brunet Faure,24
2301810,14:19:00,14:19:10,stop_point:SP_2116,Pont,25
2301810,14:21:00,14:21:10,stop_point:SP_3997,Charlas,26
2301810,14:22:00,14:22:10,stop_point:SP_4714,Parc de Campagne,27
2301810,14:24:00,14:24:10,stop_point:SP_4712,Jules Verne,28
2301810,14:24:00,14:24:10,stop_point:SP_4713,Camélias,29
2301810,14:25:00,14:25:10,stop_point:SP_4716,Jonquilles,30
2301810,14:26:00,14:26:10,stop_point:SP_3629,Montaigne,31
2301810,14:26:00,14:26:10,stop_point:SP_1172,Maison de Retraite,32
2301810,14:27:00,14:27:10,stop_point:SP_817,Plaisance Accueil,33
2301810,14:27:00,14:27:10,stop_point:SP_3128,Capelles,34
2301810,14:28:00,14:28:10,stop_point:SP_3780,Fauvettes,35
2301810,14:29:00,14:29:10,stop_point:SP_1027,Plaisance Monestié,36
2301811,14:35:00,14:35:10,stop_point:SP_3590,Arènes,1
2301811,14:37:00,14:37:10,stop_point:SP_794,Clinique Pasteur,2
2301811,14:38:00,14:38:10,stop_point:SP_2706,Roquemaurel,3
2301811,14:39:00,14:39:10,stop_point:SP_2743,Av. de Lombez,4
2301811,14:40:00,14:40:10,stop_point:SP_2956,Hippodrome,5
2301811,14:41:00,14:41:10,stop_point:SP_3162,Brombach,6
2301811,14:42:00,14:42:10,stop_point:SP_2467,Pont Rocade,7
2301811,14:43:00,14:43:10,stop_point:SP_1536,Les Tourelles,8
2301811,14:44:00,14:44:10,stop_point:SP_1178,Vitarelles,9
2301811,14:45:00,14:45:10,stop_point:SP_1372,Châtaigniers,10
2301811,14:46:00,14:46:10,stop_point:SP_3214,Molette,11
2301811,14:46:00,14:46:10,stop_point:SP_898,Villèle,12
2301811,14:47:00,14:47:10,stop_point:SP_3117,Mazaygues,13
2301811,14:48:00,14:48:10,stop_point:SP_1622,Corneillan,14
2301811,14:49:00,14:49:10,stop_point:SP_2217,Ardennes,15
2301811,14:49:00,14:49:10,stop_point:SP_3458,Etchepare,16
2301811,14:51:00,14:51:10,stop_point:SP_3556,Grynfogel,17
2301811,14:52:00,14:52:10,stop_point:SP_471,Ramelet Moundi,18
2301811,14:53:00,14:53:10,stop_point:SP_3024,Prat,19
2301811,14:54:00,14:54:10,stop_point:SP_2190,Cabanon,20
2301811,14:55:00,14:55:10,stop_point:SP_1044,Cascade,21
2301811,14:56:00,14:56:10,stop_point:SP_615,Bois Joly,22
2301811,14:57:00,14:57:10,stop_point:SP_3532,Petit Marquis,23
2301811,14:58:00,14:58:10,stop_point:SP_3036,Brunet Faure,24
2301811,14:59:00,14:59:10,stop_point:SP_2116,Pont,25
2301811,15:00:00,15:00:10,stop_point:SP_3997,Charlas,26
2301811,15:02:00,15:02:10,stop_point:SP_4714,Parc de Campagne,27
2301811,15:03:00,15:03:10,stop_point:SP_4712,Jules Verne,28
2301811,15:04:00,15:04:10,stop_point:SP_4713,Camélias,29
2301811,15:04:00,15:04:10,stop_point:SP_4716,Jonquilles,30
2301811,15:05:00,15:05:10,stop_point:SP_3629,Montaigne,31
2301811,15:05:00,15:05:10,stop_point:SP_1172,Maison de Retraite,32
2301811,15:06:00,15:06:10,stop_point:SP_817,Plaisance Accueil,33
2301811,15:06:00,15:06:10,stop_point:SP_3128,Capelles,34
2301811,15:07:00,15:07:10,stop_point:SP_3780,Fauvettes,35
2301811,15:08:00,15:08:10,stop_point:SP_1027,Plaisance Monestié,36
2301812,15:15:00,15:15:10,stop_point:SP_3590,Arènes,1
2301812,15:17:00,15:17:10,stop_point:SP_794,Clinique Pasteur,2
2301812,15:18:00,15:18:10,stop_point:SP_2706,Roquemaurel,3
2301812,15:19:00,15:19:10,stop_point:SP_2743,Av. de Lombez,4
2301812,15:20:00,15:20:10,stop_point:SP_2956,Hippodrome,5
2301812,15:21:00,15:21:10,stop_point:SP_3162,Brombach,6
2301812,15:22:00,15:22:10,stop_point:SP_2467,Pont Rocade,7
2301812,15:23:00,15:23:10,stop_point:SP_1536,Les Tourelles,8
2301812,15:24:00,15:24:10,stop_point:SP_1178,Vitarelles,9
2301812,15:25:00,15:25:10,stop_point:SP_1372,Châtaigniers,10
2301812,15:26:00,15:26:10,stop_point:SP_3214,Molette,11
2301812,15:26:00,15:26:10,stop_point:SP_898,Villèle,12
2301812,15:27:00,15:27:10,stop_point:SP_3117,Mazaygues,13
2301812,15:28:00,15:28:10,stop_point:SP_1622,Corneillan,14
2301812,15:29:00,15:29:10,stop_point:SP_2217,Ardennes,15
2301812,15:29:00,15:29:10,stop_point:SP_3458,Etchepare,16
2301812,15:31:00,15:31:10,stop_point:SP_3556,Grynfogel,17
2301812,15:32:00,15:32:10,stop_point:SP_471,Ramelet Moundi,18
2301812,15:33:00,15:33:10,stop_point:SP_3024,Prat,19
2301812,15:34:00,15:34:10,stop_point:SP_2190,Cabanon,20
2301812,15:35:00,15:35:10,stop_point:SP_1044,Cascade,21
2301812,15:36:00,15:36:10,stop_point:SP_615,Bois Joly,22
2301812,15:37:00,15:37:10,stop_point:SP_3532,Petit Marquis,23
2301812,15:38:00,15:38:10,stop_point:SP_3036,Brunet Faure,24
2301812,15:39:00,15:39:10,stop_point:SP_2116,Pont,25
2301812,15:40:00,15:40:10,stop_point:SP_3997,Charlas,26
2301812,15:42:00,15:42:10,stop_point:SP_4714,Parc de Campagne,27
2301812,15:43:00,15:43:10,stop_point:SP_4712,Jules Verne,28
2301812,15:44:00,15:44:10,stop_point:SP_4713,Camélias,29
2301812,15:44:00,15:44:10,stop_point:SP_4716,Jonquilles,30
2301812,15:45:00,15:45:10,stop_point:SP_3629,Montaigne,31
2301812,15:45:00,15:45:10,stop_point:SP_1172,Maison de Retraite,32
2301812,15:46:00,15:46:10,stop_point:SP_817,Plaisance Accueil,33
2301812,15:46:00,15:46:10,stop_point:SP_3128,Capelles,34
2301812,15:47:00,15:47:10,stop_point:SP_3780,Fauvettes,35
2301812,15:48:00,15:48:10,stop_point:SP_1027,Plaisance Monestié,36
2301813,15:55:00,15:55:10,stop_point:SP_3590,Arènes,1
2301813,15:57:00,15:57:10,stop_point:SP_794,Clinique Pasteur,2
2301813,15:58:00,15:58:10,stop_point:SP_2706,Roquemaurel,3
2301813,15:59:00,15:59:10,stop_point:SP_2743,Av. de Lombez,4
2301813,16:00:00,16:00:10,stop_point:SP_2956,Hippodrome,5
2301813,16:01:00,16:01:10,stop_point:SP_3162,Brombach,6
2301813,16:02:00,16:02:10,stop_point:SP_2467,Pont Rocade,7
2301813,16:03:00,16:03:10,stop_point:SP_1536,Les Tourelles,8
2301813,16:04:00,16:04:10,stop_point:SP_1178,Vitarelles,9
2301813,16:05:00,16:05:10,stop_point:SP_1372,Châtaigniers,10
2301813,16:06:00,16:06:10,stop_point:SP_3214,Molette,11
2301813,16:06:00,16:06:10,stop_point:SP_898,Villèle,12
2301813,16:07:00,16:07:10,stop_point:SP_3117,Mazaygues,13
2301813,16:08:00,16:08:10,stop_point:SP_1622,Corneillan,14
2301813,16:09:00,16:09:10,stop_point:SP_2217,Ardennes,15
2301813,16:09:00,16:09:10,stop_point:SP_3458,Etchepare,16
2301813,16:11:00,16:11:10,stop_point:SP_3556,Grynfogel,17
2301813,16:12:00,16:12:10,stop_point:SP_471,Ramelet Moundi,18
2301813,16:13:00,16:13:10,stop_point:SP_3024,Prat,19
2301813,16:16:00,16:16:10,stop_point:SP_2190,Cabanon,20
2301813,16:17:00,16:17:10,stop_point:SP_1044,Cascade,21
2301813,16:18:00,16:18:10,stop_point:SP_615,Bois Joly,22
2301813,16:19:00,16:19:10,stop_point:SP_3532,Petit Marquis,23
2301813,16:20:00,16:20:10,stop_point:SP_3036,Brunet Faure,24
2301813,16:21:00,16:21:10,stop_point:SP_2116,Pont,25
2301813,16:22:00,16:22:10,stop_point:SP_3997,Charlas,26
2301813,16:24:00,16:24:10,stop_point:SP_4714,Parc de Campagne,27
2301813,16:25:00,16:25:10,stop_point:SP_4712,Jules Verne,28
2301813,16:26:00,16:26:10,stop_point:SP_4713,Camélias,29
2301813,16:26:00,16:26:10,stop_point:SP_4716,Jonquilles,30
2301813,16:27:00,16:27:10,stop_point:SP_3629,Montaigne,31
2301813,16:27:00,16:27:10,stop_point:SP_1172,Maison de Retraite,32
2301813,16:28:00,16:28:10,stop_point:SP_817,Plaisance Accueil,33
2301813,16:28:00,16:28:10,stop_point:SP_3128,Capelles,34
2301813,16:29:00,16:29:10,stop_point:SP_3780,Fauvettes,35
2301813,16:30:00,16:30:10,stop_point:SP_1027,Plaisance Monestié,36
2301814,16:40:00,16:40:10,stop_point:SP_3590,Arènes,1
2301814,16:42:00,16:42:10,stop_point:SP_794,Clinique Pasteur,2
2301814,16:43:00,16:43:10,stop_point:SP_2706,Roquemaurel,3
2301814,16:44:00,16:44:10,stop_point:SP_2743,Av. de Lombez,4
2301814,16:45:00,16:45:10,stop_point:SP_2956,Hippodrome,5
2301814,16:46:00,16:46:10,stop_point:SP_3162,Brombach,6
2301814,16:47:00,16:47:10,stop_point:SP_2467,Pont Rocade,7
2301814,16:48:00,16:48:10,stop_point:SP_1536,Les Tourelles,8
2301814,16:49:00,16:49:10,stop_point:SP_1178,Vitarelles,9
2301814,16:50:00,16:50:10,stop_point:SP_1372,Châtaigniers,10
2301814,16:51:00,16:51:10,stop_point:SP_3214,Molette,11
2301814,16:51:00,16:51:10,stop_point:SP_898,Villèle,12
2301814,16:52:00,16:52:10,stop_point:SP_3117,Mazaygues,13
2301814,16:53:00,16:53:10,stop_point:SP_1622,Corneillan,14
2301814,16:54:00,16:54:10,stop_point:SP_2217,Ardennes,15
2301814,16:54:00,16:54:10,stop_point:SP_3458,Etchepare,16
2301814,16:56:00,16:56:10,stop_point:SP_3556,Grynfogel,17
2301814,16:57:00,16:57:10,stop_point:SP_471,Ramelet Moundi,18
2301814,16:58:00,16:58:10,stop_point:SP_3024,Prat,19
2301814,16:59:00,16:59:10,stop_point:SP_2190,Cabanon,20
2301814,17:00:00,17:00:10,stop_point:SP_1044,Cascade,21
2301814,17:01:00,17:01:10,stop_point:SP_615,Bois Joly,22
2301814,17:02:00,17:02:10,stop_point:SP_3532,Petit Marquis,23
2301814,17:03:00,17:03:10,stop_point:SP_3036,Brunet Faure,24
2301814,17:04:00,17:04:10,stop_point:SP_2116,Pont,25
2301814,17:05:00,17:05:10,stop_point:SP_3997,Charlas,26
2301814,17:07:00,17:07:10,stop_point:SP_4714,Parc de Campagne,27
2301814,17:08:00,17:08:10,stop_point:SP_4712,Jules Verne,28
2301814,17:09:00,17:09:10,stop_point:SP_4713,Camélias,29
2301814,17:09:00,17:09:10,stop_point:SP_4716,Jonquilles,30
2301814,17:10:00,17:10:10,stop_point:SP_3629,Montaigne,31
2301814,17:10:00,17:10:10,stop_point:SP_1172,Maison de Retraite,32
2301814,17:11:00,17:11:10,stop_point:SP_817,Plaisance Accueil,33
2301814,17:11:00,17:11:10,stop_point:SP_3128,Capelles,34
2301814,17:12:00,17:12:10,stop_point:SP_3780,Fauvettes,35
2301814,17:13:00,17:13:10,stop_point:SP_1027,Plaisance Monestié,36
2301815,17:25:00,17:25:10,stop_point:SP_3590,Arènes,1
2301815,17:27:00,17:27:10,stop_point:SP_794,Clinique Pasteur,2
2301815,17:28:00,17:28:10,stop_point:SP_2706,Roquemaurel,3
2301815,17:29:00,17:29:10,stop_point:SP_2743,Av. de Lombez,4
2301815,17:30:00,17:30:10,stop_point:SP_2956,Hippodrome,5
2301815,17:31:00,17:31:10,stop_point:SP_3162,Brombach,6
2301815,17:32:00,17:32:10,stop_point:SP_2467,Pont Rocade,7
2301815,17:33:00,17:33:10,stop_point:SP_1536,Les Tourelles,8
2301815,17:34:00,17:34:10,stop_point:SP_1178,Vitarelles,9
2301815,17:35:00,17:35:10,stop_point:SP_1372,Châtaigniers,10
2301815,17:36:00,17:36:10,stop_point:SP_3214,Molette,11
2301815,17:36:00,17:36:10,stop_point:SP_898,Villèle,12
2301815,17:37:00,17:37:10,stop_point:SP_3117,Mazaygues,13
2301815,17:38:00,17:38:10,stop_point:SP_1622,Corneillan,14
2301815,17:39:00,17:39:10,stop_point:SP_2217,Ardennes,15
2301815,17:39:00,17:39:10,stop_point:SP_3458,Etchepare,16
2301815,17:41:00,17:41:10,stop_point:SP_3556,Grynfogel,17
2301815,17:42:00,17:42:10,stop_point:SP_471,Ramelet Moundi,18
2301815,17:43:00,17:43:10,stop_point:SP_3024,Prat,19
2301815,17:44:00,17:44:10,stop_point:SP_2190,Cabanon,20
2301815,17:45:00,17:45:10,stop_point:SP_1044,Cascade,21
2301815,17:46:00,17:46:10,stop_point:SP_615,Bois Joly,22
2301815,17:47:00,17:47:10,stop_point:SP_3532,Petit Marquis,23
2301815,17:49:00,17:49:10,stop_point:SP_3036,Brunet Faure,24
2301815,17:49:00,17:49:10,stop_point:SP_2116,Pont,25
2301815,17:51:00,17:51:10,stop_point:SP_3997,Charlas,26
2301815,17:52:00,17:52:10,stop_point:SP_4714,Parc de Campagne,27
2301815,17:54:00,17:54:10,stop_point:SP_4712,Jules Verne,28
2301815,17:54:00,17:54:10,stop_point:SP_4713,Camélias,29
2301815,17:55:00,17:55:10,stop_point:SP_4716,Jonquilles,30
2301815,17:56:00,17:56:10,stop_point:SP_3629,Montaigne,31
2301815,17:56:00,17:56:10,stop_point:SP_1172,Maison de Retraite,32
2301815,17:57:00,17:57:10,stop_point:SP_817,Plaisance Accueil,33
2301815,17:57:00,17:57:10,stop_point:SP_3128,Capelles,34
2301815,17:58:00,17:58:10,stop_point:SP_3780,Fauvettes,35
2301815,17:59:00,17:59:10,stop_point:SP_1027,Plaisance Monestié,36
2301816,18:05:00,18:05:10,stop_point:SP_3590,Arènes,1
2301816,18:07:00,18:07:10,stop_point:SP_794,Clinique Pasteur,2
2301816,18:08:00,18:08:10,stop_point:SP_2706,Roquemaurel,3
2301816,18:09:00,18:09:10,stop_point:SP_2743,Av. de Lombez,4
2301816,18:10:00,18:10:10,stop_point:SP_2956,Hippodrome,5
2301816,18:11:00,18:11:10,stop_point:SP_3162,Brombach,6
2301816,18:12:00,18:12:10,stop_point:SP_2467,Pont Rocade,7
2301816,18:13:00,18:13:10,stop_point:SP_1536,Les Tourelles,8
2301816,18:14:00,18:14:10,stop_point:SP_1178,Vitarelles,9
2301816,18:15:00,18:15:10,stop_point:SP_1372,Châtaigniers,10
2301816,18:16:00,18:16:10,stop_point:SP_3214,Molette,11
2301816,18:16:00,18:16:10,stop_point:SP_898,Villèle,12
2301816,18:17:00,18:17:10,stop_point:SP_3117,Mazaygues,13
2301816,18:18:00,18:18:10,stop_point:SP_1622,Corneillan,14
2301816,18:19:00,18:19:10,stop_point:SP_2217,Ardennes,15
2301816,18:19:00,18:19:10,stop_point:SP_3458,Etchepare,16
2301816,18:21:00,18:21:10,stop_point:SP_3556,Grynfogel,17
2301816,18:22:00,18:22:10,stop_point:SP_471,Ramelet Moundi,18
2301816,18:23:00,18:23:10,stop_point:SP_3024,Prat,19
2301816,18:24:00,18:24:10,stop_point:SP_2190,Cabanon,20
2301816,18:25:00,18:25:10,stop_point:SP_1044,Cascade,21
2301816,18:26:00,18:26:10,stop_point:SP_615,Bois Joly,22
2301816,18:27:00,18:27:10,stop_point:SP_3532,Petit Marquis,23
2301816,18:29:00,18:29:10,stop_point:SP_3036,Brunet Faure,24
2301816,18:29:00,18:29:10,stop_point:SP_2116,Pont,25
2301816,18:31:00,18:31:10,stop_point:SP_3997,Charlas,26
2301816,18:32:00,18:32:10,stop_point:SP_4714,Parc de Campagne,27
2301816,18:34:00,18:34:10,stop_point:SP_4712,Jules Verne,28
2301816,18:34:00,18:34:10,stop_point:SP_4713,Camélias,29
2301816,18:35:00,18:35:10,stop_point:SP_4716,Jonquilles,30
2301816,18:36:00,18:36:10,stop_point:SP_3629,Montaigne,31
2301816,18:36:00,18:36:10,stop_point:SP_1172,Maison de Retraite,32
2301816,18:37:00,18:37:10,stop_point:SP_817,Plaisance Accueil,33
2301816,18:37:00,18:37:10,stop_point:SP_3128,Capelles,34
2301816,18:38:00,18:38:10,stop_point:SP_3780,Fauvettes,35
2301816,18:39:00,18:39:10,stop_point:SP_1027,Plaisance Monestié,36
2301817,18:45:00,18:45:10,stop_point:SP_3590,Arènes,1
2301817,18:48:00,18:48:10,stop_point:SP_794,Clinique Pasteur,2
2301817,18:48:00,18:48:10,stop_point:SP_2706,Roquemaurel,3
2301817,18:49:00,18:49:10,stop_point:SP_2743,Av. de Lombez,4
2301817,18:51:00,18:51:10,stop_point:SP_2956,Hippodrome,5
2301817,18:52:00,18:52:10,stop_point:SP_3162,Brombach,6
2301817,18:53:00,18:53:10,stop_point:SP_2467,Pont Rocade,7
2301817,18:54:00,18:54:10,stop_point:SP_1536,Les Tourelles,8
2301817,18:55:00,18:55:10,stop_point:SP_1178,Vitarelles,9
2301817,18:56:00,18:56:10,stop_point:SP_1372,Châtaigniers,10
2301817,18:57:00,18:57:10,stop_point:SP_3214,Molette,11
2301817,18:57:00,18:57:10,stop_point:SP_898,Villèle,12
2301817,18:58:00,18:58:10,stop_point:SP_3117,Mazaygues,13
2301817,18:59:00,18:59:10,stop_point:SP_1622,Corneillan,14
2301817,19:00:00,19:00:10,stop_point:SP_2217,Ardennes,15
2301817,19:00:00,19:00:10,stop_point:SP_3458,Etchepare,16
2301817,19:02:00,19:02:10,stop_point:SP_3556,Grynfogel,17
2301817,19:03:00,19:03:10,stop_point:SP_471,Ramelet Moundi,18
2301817,19:04:00,19:04:10,stop_point:SP_3024,Prat,19
2301817,19:05:00,19:05:10,stop_point:SP_2190,Cabanon,20
2301817,19:06:00,19:06:10,stop_point:SP_1044,Cascade,21
2301817,19:07:00,19:07:10,stop_point:SP_615,Bois Joly,22
2301817,19:08:00,19:08:10,stop_point:SP_3532,Petit Marquis,23
2301817,19:10:00,19:10:10,stop_point:SP_3036,Brunet Faure,24
2301817,19:10:00,19:10:10,stop_point:SP_2116,Pont,25
2301817,19:12:00,19:12:10,stop_point:SP_3997,Charlas,26
2301817,19:13:00,19:13:10,stop_point:SP_4714,Parc de Campagne,27
2301817,19:15:00,19:15:10,stop_point:SP_4712,Jules Verne,28
2301817,19:15:00,19:15:10,stop_point:SP_4713,Camélias,29
2301817,19:16:00,19:16:10,stop_point:SP_4716,Jonquilles,30
2301817,19:17:00,19:17:10,stop_point:SP_3629,Montaigne,31
2301817,19:17:00,19:17:10,stop_point:SP_1172,Maison de Retraite,32
2301817,19:18:00,19:18:10,stop_point:SP_817,Plaisance Accueil,33
2301817,19:18:00,19:18:10,stop_point:SP_3128,Capelles,34
2301817,19:19:00,19:19:10,stop_point:SP_3780,Fauvettes,35
2301817,19:20:00,19:20:10,stop_point:SP_1027,Plaisance Monestié,36
2301818,19:30:00,19:30:10,stop_point:SP_3590,Arènes,1
2301818,19:33:00,19:33:10,stop_point:SP_794,Clinique Pasteur,2
2301818,19:33:00,19:33:10,stop_point:SP_2706,Roquemaurel,3
2301818,19:34:00,19:34:10,stop_point:SP_2743,Av. de Lombez,4
2301818,19:36:00,19:36:10,stop_point:SP_2956,Hippodrome,5
2301818,19:37:00,19:37:10,stop_point:SP_3162,Brombach,6
2301818,19:38:00,19:38:10,stop_point:SP_2467,Pont Rocade,7
2301818,19:39:00,19:39:10,stop_point:SP_1536,Les Tourelles,8
2301818,19:40:00,19:40:10,stop_point:SP_1178,Vitarelles,9
2301818,19:41:00,19:41:10,stop_point:SP_1372,Châtaigniers,10
2301818,19:42:00,19:42:10,stop_point:SP_3214,Molette,11
2301818,19:42:00,19:42:10,stop_point:SP_898,Villèle,12
2301818,19:43:00,19:43:10,stop_point:SP_3117,Mazaygues,13
2301818,19:44:00,19:44:10,stop_point:SP_1622,Corneillan,14
2301818,19:45:00,19:45:10,stop_point:SP_2217,Ardennes,15
2301818,19:45:00,19:45:10,stop_point:SP_3458,Etchepare,16
2301818,19:47:00,19:47:10,stop_point:SP_3556,Grynfogel,17
2301818,19:48:00,19:48:10,stop_point:SP_471,Ramelet Moundi,18
2301818,19:49:00,19:49:10,stop_point:SP_3024,Prat,19
2301818,19:50:00,19:50:10,stop_point:SP_2190,Cabanon,20
2301818,19:51:00,19:51:10,stop_point:SP_1044,Cascade,21
2301818,19:52:00,19:52:10,stop_point:SP_615,Bois Joly,22
2301818,19:53:00,19:53:10,stop_point:SP_3532,Petit Marquis,23
2301818,19:54:00,19:54:10,stop_point:SP_3036,Brunet Faure,24
2301818,19:55:00,19:55:10,stop_point:SP_2116,Pont,25
2301818,19:56:00,19:56:10,stop_point:SP_3997,Charlas,26
2301818,19:58:00,19:58:10,stop_point:SP_4714,Parc de Campagne,27
2301818,19:59:00,19:59:10,stop_point:SP_4712,Jules Verne,28
2301818,20:00:00,20:00:10,stop_point:SP_4713,Camélias,29
2301818,20:00:00,20:00:10,stop_point:SP_4716,Jonquilles,30
2301818,20:01:00,20:01:10,stop_point:SP_3629,Montaigne,31
2301818,20:01:00,20:01:10,stop_point:SP_1172,Maison de Retraite,32
2301818,20:02:00,20:02:10,stop_point:SP_817,Plaisance Accueil,33
2301818,20:02:00,20:02:10,stop_point:SP_3128,Capelles,34
2301818,20:03:00,20:03:10,stop_point:SP_3780,Fauvettes,35
2301818,20:04:00,20:04:10,stop_point:SP_1027,Plaisance Monestié,36
2301819,20:15:00,20:15:10,stop_point:SP_3590,Arènes,1
2301819,20:17:00,20:17:10,stop_point:SP_794,Clinique Pasteur,2
2301819,20:18:00,20:18:10,stop_point:SP_2706,Roquemaurel,3
2301819,20:18:00,20:18:10,stop_point:SP_2743,Av. de Lombez,4
2301819,20:19:00,20:19:10,stop_point:SP_2956,Hippodrome,5
2301819,20:20:00,20:20:10,stop_point:SP_3162,Brombach,6
2301819,20:21:00,20:21:10,stop_point:SP_2467,Pont Rocade,7
2301819,20:22:00,20:22:10,stop_point:SP_1536,Les Tourelles,8
2301819,20:23:00,20:23:10,stop_point:SP_1178,Vitarelles,9
2301819,20:24:00,20:24:10,stop_point:SP_1372,Châtaigniers,10
2301819,20:25:00,20:25:10,stop_point:SP_3214,Molette,11
2301819,20:25:00,20:25:10,stop_point:SP_898,Villèle,12
2301819,20:26:00,20:26:10,stop_point:SP_3117,Mazaygues,13
2301819,20:27:00,20:27:10,stop_point:SP_1622,Corneillan,14
2301819,20:28:00,20:28:10,stop_point:SP_2217,Ardennes,15
2301819,20:28:00,20:28:10,stop_point:SP_3458,Etchepare,16
2301819,20:30:00,20:30:10,stop_point:SP_3556,Grynfogel,17
2301819,20:31:00,20:31:10,stop_point:SP_471,Ramelet Moundi,18
2301819,20:32:00,20:32:10,stop_point:SP_3024,Prat,19
2301819,20:33:00,20:33:10,stop_point:SP_2190,Cabanon,20
2301819,20:34:00,20:34:10,stop_point:SP_1044,Cascade,21
2301819,20:35:00,20:35:10,stop_point:SP_615,Bois Joly,22
2301819,20:36:00,20:36:10,stop_point:SP_3532,Petit Marquis,23
2301819,20:37:00,20:37:10,stop_point:SP_3036,Brunet Faure,24
2301819,20:38:00,20:38:10,stop_point:SP_2116,Pont,25
2301819,20:39:00,20:39:10,stop_point:SP_3997,Charlas,26
2301819,20:41:00,20:41:10,stop_point:SP_4714,Parc de Campagne,27
2301819,20:42:00,20:42:10,stop_point:SP_4712,Jules Verne,28
2301819,20:43:00,20:43:10,stop_point:SP_4713,Camélias,29
2301819,20:43:00,20:43:10,stop_point:SP_4716,Jonquilles,30
2301819,20:44:00,20:44:10,stop_point:SP_3629,Montaigne,31
2301819,20:44:00,20:44:10,stop_point:SP_1172,Maison de Retraite,32
2301819,20:45:00,20:45:10,stop_point:SP_817,Plaisance Accueil,33
2301819,20:45:00,20:45:10,stop_point:SP_3128,Capelles,34
2301819,20:46:00,20:46:10,stop_point:SP_3780,Fauvettes,35
2301819,20:47:00,20:47:10,stop_point:SP_1027,Plaisance Monestié,36
2301820,21:00:00,21:00:10,stop_point:SP_3590,Arènes,1
2301820,21:02:00,21:02:10,stop_point:SP_794,Clinique Pasteur,2
2301820,21:03:00,21:03:10,stop_point:SP_2706,Roquemaurel,3
2301820,21:03:00,21:03:10,stop_point:SP_2743,Av. de Lombez,4
2301820,21:04:00,21:04:10,stop_point:SP_2956,Hippodrome,5
2301820,21:05:00,21:05:10,stop_point:SP_3162,Brombach,6
2301820,21:06:00,21:06:10,stop_point:SP_2467,Pont Rocade,7
2301820,21:07:00,21:07:10,stop_point:SP_1536,Les Tourelles,8
2301820,21:07:00,21:07:10,stop_point:SP_1178,Vitarelles,9
2301820,21:08:00,21:08:10,stop_point:SP_1372,Châtaigniers,10
2301820,21:09:00,21:09:10,stop_point:SP_3214,Molette,11
2301820,21:10:00,21:10:10,stop_point:SP_898,Villèle,12
2301820,21:10:00,21:10:10,stop_point:SP_3117,Mazaygues,13
2301820,21:11:00,21:11:10,stop_point:SP_1622,Corneillan,14
2301820,21:12:00,21:12:10,stop_point:SP_2217,Ardennes,15
2301820,21:12:00,21:12:10,stop_point:SP_3458,Etchepare,16
2301820,21:14:00,21:14:10,stop_point:SP_3556,Grynfogel,17
2301820,21:15:00,21:15:10,stop_point:SP_471,Ramelet Moundi,18
2301820,21:16:00,21:16:10,stop_point:SP_3024,Prat,19
2301820,21:17:00,21:17:10,stop_point:SP_2190,Cabanon,20
2301820,21:18:00,21:18:10,stop_point:SP_1044,Cascade,21
2301820,21:19:00,21:19:10,stop_point:SP_615,Bois Joly,22
2301820,21:20:00,21:20:10,stop_point:SP_3532,Petit Marquis,23
2301820,21:21:00,21:21:10,stop_point:SP_3036,Brunet Faure,24
2301820,21:22:00,21:22:10,stop_point:SP_2116,Pont,25
2301820,21:23:00,21:23:10,stop_point:SP_3997,Charlas,26
2301820,21:25:00,21:25:10,stop_point:SP_4714,Parc de Campagne,27
2301820,21:26:00,21:26:10,stop_point:SP_4712,Jules Verne,28
2301820,21:27:00,21:27:10,stop_point:SP_4713,Camélias,29
2301820,21:27:00,21:27:10,stop_point:SP_4716,Jonquilles,30
2301820,21:28:00,21:28:10,stop_point:SP_3629,Montaigne,31
2301820,21:28:00,21:28:10,stop_point:SP_1172,Maison de Retraite,32
2301820,21:29:00,21:29:10,stop_point:SP_817,Plaisance Accueil,33
2301820,21:29:00,21:29:10,stop_point:SP_3128,Capelles,34
2301820,21:30:00,21:30:10,stop_point:SP_3780,Fauvettes,35
2301820,21:31:00,21:31:10,stop_point:SP_1027,Plaisance Monestié,36
2301821,06:25:00,06:25:10,stop_point:SP_1027,Plaisance Monestié,1
2301821,06:26:00,06:26:10,stop_point:SP_3862,Fauvettes,2
2301821,06:27:00,06:27:10,stop_point:SP_567,Capelles,3
2301821,06:27:00,06:27:10,stop_point:SP_857,Plaisance Accueil,4
2301821,06:27:00,06:27:10,stop_point:SP_3183,Maison de Retraite,5
2301821,06:28:00,06:28:10,stop_point:SP_3062,Montaigne,6
2301821,06:28:00,06:28:10,stop_point:SP_2142,Jonquilles,7
2301821,06:29:00,06:29:10,stop_point:SP_4715,Camélias,8
2301821,06:30:00,06:30:10,stop_point:SP_4711,Jules Verne,9
2301821,06:31:00,06:31:10,stop_point:SP_4717,Parc de Campagne,10
2301821,06:32:00,06:32:10,stop_point:SP_2746,Charlas,11
2301821,06:33:00,06:33:10,stop_point:SP_2483,Pont,12
2301821,06:33:00,06:33:10,stop_point:SP_488,Brunet Faure,13
2301821,06:34:00,06:34:10,stop_point:SP_2455,Petit Marquis,14
2301821,06:35:00,06:35:10,stop_point:SP_1155,Bois Joly,15
2301821,06:36:00,06:36:10,stop_point:SP_491,Cascade,16
2301821,06:37:00,06:37:10,stop_point:SP_684,Cabanon,17
2301821,06:38:00,06:38:10,stop_point:SP_1767,Prat,18
2301821,06:39:00,06:39:10,stop_point:SP_3687,Ramelet Moundi,19
2301821,06:40:00,06:40:10,stop_point:SP_346,Grynfogel,20
2301821,06:41:00,06:41:10,stop_point:SP_769,Etchepare,21
2301821,06:41:00,06:41:10,stop_point:SP_3064,Ardennes,22
2301821,06:42:00,06:42:10,stop_point:SP_1629,Corneillan,23
2301821,06:42:00,06:42:10,stop_point:SP_161,Mazaygues,24
2301821,06:43:00,06:43:10,stop_point:SP_1492,Villèle,25
2301821,06:43:00,06:43:10,stop_point:SP_506,Molette,26
2301821,06:44:00,06:44:10,stop_point:SP_2750,Châtaigniers,27
2301821,06:44:00,06:44:10,stop_point:SP_2465,Vitarelles,28
2301821,06:45:00,06:45:10,stop_point:SP_3021,Les Tourelles,29
2301821,06:45:00,06:45:10,stop_point:SP_1460,Pont Rocade,30
2301821,06:46:00,06:46:10,stop_point:SP_1149,Brombach,31
2301821,06:47:00,06:47:10,stop_point:SP_3407,Hippodrome,32
2301821,06:48:00,06:48:10,stop_point:SP_608,Av. de Lombez,33
2301821,06:49:00,06:49:10,stop_point:SP_1733,Clinique Pasteur,34
2301821,06:50:00,06:50:10,stop_point:SP_3004,Barrière de Lombez,35
2301821,06:51:00,06:51:10,stop_point:SP_3590,Arènes,36
2301822,07:50:00,07:50:10,stop_point:SP_1027,Plaisance Monestié,1
2301822,07:51:00,07:51:10,stop_point:SP_3862,Fauvettes,2
2301822,07:52:00,07:52:10,stop_point:SP_567,Capelles,3
2301822,07:52:00,07:52:10,stop_point:SP_857,Plaisance Accueil,4
2301822,07:52:00,07:52:10,stop_point:SP_3183,Maison de Retraite,5
2301822,07:53:00,07:53:10,stop_point:SP_3062,Montaigne,6
2301822,07:53:00,07:53:10,stop_point:SP_2142,Jonquilles,7
2301822,07:54:00,07:54:10,stop_point:SP_4715,Camélias,8
2301822,07:55:00,07:55:10,stop_point:SP_4711,Jules Verne,9
2301822,07:56:00,07:56:10,stop_point:SP_4717,Parc de Campagne,10
2301822,07:57:00,07:57:10,stop_point:SP_2746,Charlas,11
2301822,07:58:00,07:58:10,stop_point:SP_2483,Pont,12
2301822,07:58:00,07:58:10,stop_point:SP_488,Brunet Faure,13
2301822,07:59:00,07:59:10,stop_point:SP_2455,Petit Marquis,14
2301822,08:00:00,08:00:10,stop_point:SP_1155,Bois Joly,15
2301822,08:01:00,08:01:10,stop_point:SP_491,Cascade,16
2301822,08:02:00,08:02:10,stop_point:SP_684,Cabanon,17
2301822,08:03:00,08:03:10,stop_point:SP_1767,Prat,18
2301822,08:04:00,08:04:10,stop_point:SP_3687,Ramelet Moundi,19
2301822,08:05:00,08:05:10,stop_point:SP_346,Grynfogel,20
2301822,08:06:00,08:06:10,stop_point:SP_769,Etchepare,21
2301822,08:06:00,08:06:10,stop_point:SP_3064,Ardennes,22
2301822,08:07:00,08:07:10,stop_point:SP_1629,Corneillan,23
2301822,08:08:00,08:08:10,stop_point:SP_161,Mazaygues,24
2301822,08:08:00,08:08:10,stop_point:SP_1492,Villèle,25
2301822,08:09:00,08:09:10,stop_point:SP_506,Molette,26
2301822,08:10:00,08:10:10,stop_point:SP_2750,Châtaigniers,27
2301822,08:10:00,08:10:10,stop_point:SP_2465,Vitarelles,28
2301822,08:11:00,08:11:10,stop_point:SP_3021,Les Tourelles,29
2301822,08:12:00,08:12:10,stop_point:SP_1460,Pont Rocade,30
2301822,08:13:00,08:13:10,stop_point:SP_1149,Brombach,31
2301822,08:14:00,08:14:10,stop_point:SP_3407,Hippodrome,32
2301822,08:16:00,08:16:10,stop_point:SP_608,Av. de Lombez,33
2301822,08:17:00,08:17:10,stop_point:SP_1733,Clinique Pasteur,34
2301822,08:18:00,08:18:10,stop_point:SP_3004,Barrière de Lombez,35
2301822,08:19:00,08:19:10,stop_point:SP_3590,Arènes,36
2301823,09:10:00,09:10:10,stop_point:SP_1027,Plaisance Monestié,1
2301823,09:11:00,09:11:10,stop_point:SP_3862,Fauvettes,2
2301823,09:12:00,09:12:10,stop_point:SP_567,Capelles,3
2301823,09:12:00,09:12:10,stop_point:SP_857,Plaisance Accueil,4
2301823,09:12:00,09:12:10,stop_point:SP_3183,Maison de Retraite,5
2301823,09:13:00,09:13:10,stop_point:SP_3062,Montaigne,6
2301823,09:14:00,09:14:10,stop_point:SP_2142,Jonquilles,7
2301823,09:14:00,09:14:10,stop_point:SP_4715,Camélias,8
2301823,09:15:00,09:15:10,stop_point:SP_4711,Jules Verne,9
2301823,09:16:00,09:16:10,stop_point:SP_4717,Parc de Campagne,10
2301823,09:18:00,09:18:10,stop_point:SP_2746,Charlas,11
2301823,09:19:00,09:19:10,stop_point:SP_2483,Pont,12
2301823,09:20:00,09:20:10,stop_point:SP_488,Brunet Faure,13
2301823,09:21:00,09:21:10,stop_point:SP_2455,Petit Marquis,14
2301823,09:22:00,09:22:10,stop_point:SP_1155,Bois Joly,15
2301823,09:23:00,09:23:10,stop_point:SP_491,Cascade,16
2301823,09:24:00,09:24:10,stop_point:SP_684,Cabanon,17
2301823,09:25:00,09:25:10,stop_point:SP_1767,Prat,18
2301823,09:26:00,09:26:10,stop_point:SP_3687,Ramelet Moundi,19
2301823,09:27:00,09:27:10,stop_point:SP_346,Grynfogel,20
2301823,09:29:00,09:29:10,stop_point:SP_769,Etchepare,21
2301823,09:29:00,09:29:10,stop_point:SP_3064,Ardennes,22
2301823,09:30:00,09:30:10,stop_point:SP_1629,Corneillan,23
2301823,09:31:00,09:31:10,stop_point:SP_161,Mazaygues,24
2301823,09:31:00,09:31:10,stop_point:SP_1492,Villèle,25
2301823,09:32:00,09:32:10,stop_point:SP_506,Molette,26
2301823,09:33:00,09:33:10,stop_point:SP_2750,Châtaigniers,27
2301823,09:33:00,09:33:10,stop_point:SP_2465,Vitarelles,28
2301823,09:34:00,09:34:10,stop_point:SP_3021,Les Tourelles,29
2301823,09:35:00,09:35:10,stop_point:SP_1460,Pont Rocade,30
2301823,09:36:00,09:36:10,stop_point:SP_1149,Brombach,31
2301823,09:37:00,09:37:10,stop_point:SP_3407,Hippodrome,32
2301823,09:39:00,09:39:10,stop_point:SP_608,Av. de Lombez,33
2301823,09:40:00,09:40:10,stop_point:SP_1733,Clinique Pasteur,34
2301823,09:41:00,09:41:10,stop_point:SP_3004,Barrière de Lombez,35
2301823,09:42:00,09:42:10,stop_point:SP_3590,Arènes,36
2301824,10:30:00,10:30:10,stop_point:SP_1027,Plaisance Monestié,1
2301824,10:31:00,10:31:10,stop_point:SP_3862,Fauvettes,2
2301824,10:32:00,10:32:10,stop_point:SP_567,Capelles,3
2301824,10:32:00,10:32:10,stop_point:SP_857,Plaisance Accueil,4
2301824,10:32:00,10:32:10,stop_point:SP_3183,Maison de Retraite,5
2301824,10:33:00,10:33:10,stop_point:SP_3062,Montaigne,6
2301824,10:34:00,10:34:10,stop_point:SP_2142,Jonquilles,7
2301824,10:34:00,10:34:10,stop_point:SP_4715,Camélias,8
2301824,10:35:00,10:35:10,stop_point:SP_4711,Jules Verne,9
2301824,10:36:00,10:36:10,stop_point:SP_4717,Parc de Campagne,10
2301824,10:38:00,10:38:10,stop_point:SP_2746,Charlas,11
2301824,10:39:00,10:39:10,stop_point:SP_2483,Pont,12
2301824,10:40:00,10:40:10,stop_point:SP_488,Brunet Faure,13
2301824,10:41:00,10:41:10,stop_point:SP_2455,Petit Marquis,14
2301824,10:42:00,10:42:10,stop_point:SP_1155,Bois Joly,15
2301824,10:43:00,10:43:10,stop_point:SP_491,Cascade,16
2301824,10:44:00,10:44:10,stop_point:SP_684,Cabanon,17
2301824,10:45:00,10:45:10,stop_point:SP_1767,Prat,18
2301824,10:46:00,10:46:10,stop_point:SP_3687,Ramelet Moundi,19
2301824,10:47:00,10:47:10,stop_point:SP_346,Grynfogel,20
2301824,10:49:00,10:49:10,stop_point:SP_769,Etchepare,21
2301824,10:49:00,10:49:10,stop_point:SP_3064,Ardennes,22
2301824,10:50:00,10:50:10,stop_point:SP_1629,Corneillan,23
2301824,10:51:00,10:51:10,stop_point:SP_161,Mazaygues,24
2301824,10:52:00,10:52:10,stop_point:SP_1492,Villèle,25
2301824,10:52:00,10:52:10,stop_point:SP_506,Molette,26
2301824,10:53:00,10:53:10,stop_point:SP_2750,Châtaigniers,27
2301824,10:54:00,10:54:10,stop_point:SP_2465,Vitarelles,28
2301824,10:55:00,10:55:10,stop_point:SP_3021,Les Tourelles,29
2301824,10:56:00,10:56:10,stop_point:SP_1460,Pont Rocade,30
2301824,10:57:00,10:57:10,stop_point:SP_1149,Brombach,31
2301824,10:58:00,10:58:10,stop_point:SP_3407,Hippodrome,32
2301824,11:00:00,11:00:10,stop_point:SP_608,Av. de Lombez,33
2301824,11:01:00,11:01:10,stop_point:SP_1733,Clinique Pasteur,34
2301824,11:02:00,11:02:10,stop_point:SP_3004,Barrière de Lombez,35
2301824,11:03:00,11:03:10,stop_point:SP_3590,Arènes,36
2301825,11:50:00,11:50:10,stop_point:SP_1027,Plaisance Monestié,1
2301825,11:51:00,11:51:10,stop_point:SP_3862,Fauvettes,2
2301825,11:52:00,11:52:10,stop_point:SP_567,Capelles,3
2301825,11:52:00,11:52:10,stop_point:SP_857,Plaisance Accueil,4
2301825,11:52:00,11:52:10,stop_point:SP_3183,Maison de Retraite,5
2301825,11:53:00,11:53:10,stop_point:SP_3062,Montaigne,6
2301825,11:54:00,11:54:10,stop_point:SP_2142,Jonquilles,7
2301825,11:54:00,11:54:10,stop_point:SP_4715,Camélias,8
2301825,11:55:00,11:55:10,stop_point:SP_4711,Jules Verne,9
2301825,11:56:00,11:56:10,stop_point:SP_4717,Parc de Campagne,10
2301825,11:58:00,11:58:10,stop_point:SP_2746,Charlas,11
2301825,11:59:00,11:59:10,stop_point:SP_2483,Pont,12
2301825,12:00:00,12:00:10,stop_point:SP_488,Brunet Faure,13
2301825,12:01:00,12:01:10,stop_point:SP_2455,Petit Marquis,14
2301825,12:02:00,12:02:10,stop_point:SP_1155,Bois Joly,15
2301825,12:03:00,12:03:10,stop_point:SP_491,Cascade,16
2301825,12:04:00,12:04:10,stop_point:SP_684,Cabanon,17
2301825,12:05:00,12:05:10,stop_point:SP_1767,Prat,18
2301825,12:06:00,12:06:10,stop_point:SP_3687,Ramelet Moundi,19
2301825,12:07:00,12:07:10,stop_point:SP_346,Grynfogel,20
2301825,12:09:00,12:09:10,stop_point:SP_769,Etchepare,21
2301825,12:09:00,12:09:10,stop_point:SP_3064,Ardennes,22
2301825,12:10:00,12:10:10,stop_point:SP_1629,Corneillan,23
2301825,12:11:00,12:11:10,stop_point:SP_161,Mazaygues,24
2301825,12:12:00,12:12:10,stop_point:SP_1492,Villèle,25
2301825,12:12:00,12:12:10,stop_point:SP_506,Molette,26
2301825,12:13:00,12:13:10,stop_point:SP_2750,Châtaigniers,27
2301825,12:14:00,12:14:10,stop_point:SP_2465,Vitarelles,28
2301825,12:15:00,12:15:10,stop_point:SP_3021,Les Tourelles,29
2301825,12:16:00,12:16:10,stop_point:SP_1460,Pont Rocade,30
2301825,12:17:00,12:17:10,stop_point:SP_1149,Brombach,31
2301825,12:18:00,12:18:10,stop_point:SP_3407,Hippodrome,32
2301825,12:20:00,12:20:10,stop_point:SP_608,Av. de Lombez,33
2301825,12:21:00,12:21:10,stop_point:SP_1733,Clinique Pasteur,34
2301825,12:22:00,12:22:10,stop_point:SP_3004,Barrière de Lombez,35
2301825,12:23:00,12:23:10,stop_point:SP_3590,Arènes,36
2301826,13:05:00,13:05:10,stop_point:SP_1027,Plaisance Monestié,1
2301826,13:06:00,13:06:10,stop_point:SP_3862,Fauvettes,2
2301826,13:07:00,13:07:10,stop_point:SP_567,Capelles,3
2301826,13:07:00,13:07:10,stop_point:SP_857,Plaisance Accueil,4
2301826,13:07:00,13:07:10,stop_point:SP_3183,Maison de Retraite,5
2301826,13:08:00,13:08:10,stop_point:SP_3062,Montaigne,6
2301826,13:09:00,13:09:10,stop_point:SP_2142,Jonquilles,7
2301826,13:09:00,13:09:10,stop_point:SP_4715,Camélias,8
2301826,13:10:00,13:10:10,stop_point:SP_4711,Jules Verne,9
2301826,13:11:00,13:11:10,stop_point:SP_4717,Parc de Campagne,10
2301826,13:13:00,13:13:10,stop_point:SP_2746,Charlas,11
2301826,13:14:00,13:14:10,stop_point:SP_2483,Pont,12
2301826,13:15:00,13:15:10,stop_point:SP_488,Brunet Faure,13
2301826,13:16:00,13:16:10,stop_point:SP_2455,Petit Marquis,14
2301826,13:17:00,13:17:10,stop_point:SP_1155,Bois Joly,15
2301826,13:18:00,13:18:10,stop_point:SP_491,Cascade,16
2301826,13:19:00,13:19:10,stop_point:SP_684,Cabanon,17
2301826,13:20:00,13:20:10,stop_point:SP_1767,Prat,18
2301826,13:21:00,13:21:10,stop_point:SP_3687,Ramelet Moundi,19
2301826,13:22:00,13:22:10,stop_point:SP_346,Grynfogel,20
2301826,13:24:00,13:24:10,stop_point:SP_769,Etchepare,21
2301826,13:24:00,13:24:10,stop_point:SP_3064,Ardennes,22
2301826,13:25:00,13:25:10,stop_point:SP_1629,Corneillan,23
2301826,13:26:00,13:26:10,stop_point:SP_161,Mazaygues,24
2301826,13:27:00,13:27:10,stop_point:SP_1492,Villèle,25
2301826,13:27:00,13:27:10,stop_point:SP_506,Molette,26
2301826,13:28:00,13:28:10,stop_point:SP_2750,Châtaigniers,27
2301826,13:29:00,13:29:10,stop_point:SP_2465,Vitarelles,28
2301826,13:30:00,13:30:10,stop_point:SP_3021,Les Tourelles,29
2301826,13:31:00,13:31:10,stop_point:SP_1460,Pont Rocade,30
2301826,13:32:00,13:32:10,stop_point:SP_1149,Brombach,31
2301826,13:33:00,13:33:10,stop_point:SP_3407,Hippodrome,32
2301826,13:35:00,13:35:10,stop_point:SP_608,Av. de Lombez,33
2301826,13:36:00,13:36:10,stop_point:SP_1733,Clinique Pasteur,34
2301826,13:37:00,13:37:10,stop_point:SP_3004,Barrière de Lombez,35
2301826,13:38:00,13:38:10,stop_point:SP_3590,Arènes,36
2301827,13:50:00,13:50:10,stop_point:SP_1027,Plaisance Monestié,1
2301827,13:51:00,13:51:10,stop_point:SP_3862,Fauvettes,2
2301827,13:52:00,13:52:10,stop_point:SP_567,Capelles,3
2301827,13:52:00,13:52:10,stop_point:SP_857,Plaisance Accueil,4
2301827,13:52:00,13:52:10,stop_point:SP_3183,Maison de Retraite,5
2301827,13:53:00,13:53:10,stop_point:SP_3062,Montaigne,6
2301827,13:54:00,13:54:10,stop_point:SP_2142,Jonquilles,7
2301827,13:54:00,13:54:10,stop_point:SP_4715,Camélias,8
2301827,13:55:00,13:55:10,stop_point:SP_4711,Jules Verne,9
2301827,13:56:00,13:56:10,stop_point:SP_4717,Parc de Campagne,10
2301827,13:58:00,13:58:10,stop_point:SP_2746,Charlas,11
2301827,13:59:00,13:59:10,stop_point:SP_2483,Pont,12
2301827,14:00:00,14:00:10,stop_point:SP_488,Brunet Faure,13
2301827,14:01:00,14:01:10,stop_point:SP_2455,Petit Marquis,14
2301827,14:02:00,14:02:10,stop_point:SP_1155,Bois Joly,15
2301827,14:03:00,14:03:10,stop_point:SP_491,Cascade,16
2301827,14:04:00,14:04:10,stop_point:SP_684,Cabanon,17
2301827,14:05:00,14:05:10,stop_point:SP_1767,Prat,18
2301827,14:06:00,14:06:10,stop_point:SP_3687,Ramelet Moundi,19
2301827,14:07:00,14:07:10,stop_point:SP_346,Grynfogel,20
2301827,14:09:00,14:09:10,stop_point:SP_769,Etchepare,21
2301827,14:09:00,14:09:10,stop_point:SP_3064,Ardennes,22
2301827,14:10:00,14:10:10,stop_point:SP_1629,Corneillan,23
2301827,14:11:00,14:11:10,stop_point:SP_161,Mazaygues,24
2301827,14:11:00,14:11:10,stop_point:SP_1492,Villèle,25
2301827,14:12:00,14:12:10,stop_point:SP_506,Molette,26
2301827,14:13:00,14:13:10,stop_point:SP_2750,Châtaigniers,27
2301827,14:13:00,14:13:10,stop_point:SP_2465,Vitarelles,28
2301827,14:14:00,14:14:10,stop_point:SP_3021,Les Tourelles,29
2301827,14:15:00,14:15:10,stop_point:SP_1460,Pont Rocade,30
2301827,14:16:00,14:16:10,stop_point:SP_1149,Brombach,31
2301827,14:17:00,14:17:10,stop_point:SP_3407,Hippodrome,32
2301827,14:19:00,14:19:10,stop_point:SP_608,Av. de Lombez,33
2301827,14:20:00,14:20:10,stop_point:SP_1733,Clinique Pasteur,34
2301827,14:21:00,14:21:10,stop_point:SP_3004,Barrière de Lombez,35
2301827,14:22:00,14:22:10,stop_point:SP_3590,Arènes,36
2301828,14:35:00,14:35:10,stop_point:SP_1027,Plaisance Monestié,1
2301828,14:36:00,14:36:10,stop_point:SP_3862,Fauvettes,2
2301828,14:37:00,14:37:10,stop_point:SP_567,Capelles,3
2301828,14:37:00,14:37:10,stop_point:SP_857,Plaisance Accueil,4
2301828,14:37:00,14:37:10,stop_point:SP_3183,Maison de Retraite,5
2301828,14:38:00,14:38:10,stop_point:SP_3062,Montaigne,6
2301828,14:39:00,14:39:10,stop_point:SP_2142,Jonquilles,7
2301828,14:39:00,14:39:10,stop_point:SP_4715,Camélias,8
2301828,14:40:00,14:40:10,stop_point:SP_4711,Jules Verne,9
2301828,14:41:00,14:41:10,stop_point:SP_4717,Parc de Campagne,10
2301828,14:43:00,14:43:10,stop_point:SP_2746,Charlas,11
2301828,14:44:00,14:44:10,stop_point:SP_2483,Pont,12
2301828,14:45:00,14:45:10,stop_point:SP_488,Brunet Faure,13
2301828,14:46:00,14:46:10,stop_point:SP_2455,Petit Marquis,14
2301828,14:47:00,14:47:10,stop_point:SP_1155,Bois Joly,15
2301828,14:48:00,14:48:10,stop_point:SP_491,Cascade,16
2301828,14:49:00,14:49:10,stop_point:SP_684,Cabanon,17
2301828,14:50:00,14:50:10,stop_point:SP_1767,Prat,18
2301828,14:51:00,14:51:10,stop_point:SP_3687,Ramelet Moundi,19
2301828,14:52:00,14:52:10,stop_point:SP_346,Grynfogel,20
2301828,14:54:00,14:54:10,stop_point:SP_769,Etchepare,21
2301828,14:54:00,14:54:10,stop_point:SP_3064,Ardennes,22
2301828,14:55:00,14:55:10,stop_point:SP_1629,Corneillan,23
2301828,14:56:00,14:56:10,stop_point:SP_161,Mazaygues,24
2301828,14:56:00,14:56:10,stop_point:SP_1492,Villèle,25
2301828,14:57:00,14:57:10,stop_point:SP_506,Molette,26
2301828,14:58:00,14:58:10,stop_point:SP_2750,Châtaigniers,27
2301828,14:58:00,14:58:10,stop_point:SP_2465,Vitarelles,28
2301828,14:59:00,14:59:10,stop_point:SP_3021,Les Tourelles,29
2301828,15:00:00,15:00:10,stop_point:SP_1460,Pont Rocade,30
2301828,15:01:00,15:01:10,stop_point:SP_1149,Brombach,31
2301828,15:02:00,15:02:10,stop_point:SP_3407,Hippodrome,32
2301828,15:04:00,15:04:10,stop_point:SP_608,Av. de Lombez,33
2301828,15:05:00,15:05:10,stop_point:SP_1733,Clinique Pasteur,34
2301828,15:06:00,15:06:10,stop_point:SP_3004,Barrière de Lombez,35
2301828,15:07:00,15:07:10,stop_point:SP_3590,Arènes,36
2301829,15:15:00,15:15:10,stop_point:SP_1027,Plaisance Monestié,1
2301829,15:16:00,15:16:10,stop_point:SP_3862,Fauvettes,2
2301829,15:17:00,15:17:10,stop_point:SP_567,Capelles,3
2301829,15:17:00,15:17:10,stop_point:SP_857,Plaisance Accueil,4
2301829,15:17:00,15:17:10,stop_point:SP_3183,Maison de Retraite,5
2301829,15:18:00,15:18:10,stop_point:SP_3062,Montaigne,6
2301829,15:18:00,15:18:10,stop_point:SP_2142,Jonquilles,7
2301829,15:19:00,15:19:10,stop_point:SP_4715,Camélias,8
2301829,15:20:00,15:20:10,stop_point:SP_4711,Jules Verne,9
2301829,15:21:00,15:21:10,stop_point:SP_4717,Parc de Campagne,10
2301829,15:22:00,15:22:10,stop_point:SP_2746,Charlas,11
2301829,15:23:00,15:23:10,stop_point:SP_2483,Pont,12
2301829,15:24:00,15:24:10,stop_point:SP_488,Brunet Faure,13
2301829,15:25:00,15:25:10,stop_point:SP_2455,Petit Marquis,14
2301829,15:26:00,15:26:10,stop_point:SP_1155,Bois Joly,15
2301829,15:27:00,15:27:10,stop_point:SP_491,Cascade,16
2301829,15:28:00,15:28:10,stop_point:SP_684,Cabanon,17
2301829,15:29:00,15:29:10,stop_point:SP_1767,Prat,18
2301829,15:30:00,15:30:10,stop_point:SP_3687,Ramelet Moundi,19
2301829,15:31:00,15:31:10,stop_point:SP_346,Grynfogel,20
2301829,15:33:00,15:33:10,stop_point:SP_769,Etchepare,21
2301829,15:33:00,15:33:10,stop_point:SP_3064,Ardennes,22
2301829,15:34:00,15:34:10,stop_point:SP_1629,Corneillan,23
2301829,15:35:00,15:35:10,stop_point:SP_161,Mazaygues,24
2301829,15:35:00,15:35:10,stop_point:SP_1492,Villèle,25
2301829,15:36:00,15:36:10,stop_point:SP_506,Molette,26
2301829,15:37:00,15:37:10,stop_point:SP_2750,Châtaigniers,27
2301829,15:37:00,15:37:10,stop_point:SP_2465,Vitarelles,28
2301829,15:38:00,15:38:10,stop_point:SP_3021,Les Tourelles,29
2301829,15:39:00,15:39:10,stop_point:SP_1460,Pont Rocade,30
2301829,15:40:00,15:40:10,stop_point:SP_1149,Brombach,31
2301829,15:41:00,15:41:10,stop_point:SP_3407,Hippodrome,32
2301829,15:43:00,15:43:10,stop_point:SP_608,Av. de Lombez,33
2301829,15:44:00,15:44:10,stop_point:SP_1733,Clinique Pasteur,34
2301829,15:45:00,15:45:10,stop_point:SP_3004,Barrière de Lombez,35
2301829,15:46:00,15:46:10,stop_point:SP_3590,Arènes,36
2301830,15:55:00,15:55:10,stop_point:SP_1027,Plaisance Monestié,1
2301830,15:56:00,15:56:10,stop_point:SP_3862,Fauvettes,2
2301830,15:57:00,15:57:10,stop_point:SP_567,Capelles,3
2301830,15:57:00,15:57:10,stop_point:SP_857,Plaisance Accueil,4
2301830,15:57:00,15:57:10,stop_point:SP_3183,Maison de Retraite,5
2301830,15:58:00,15:58:10,stop_point:SP_3062,Montaigne,6
2301830,15:58:00,15:58:10,stop_point:SP_2142,Jonquilles,7
2301830,15:59:00,15:59:10,stop_point:SP_4715,Camélias,8
2301830,16:00:00,16:00:10,stop_point:SP_4711,Jules Verne,9
2301830,16:01:00,16:01:10,stop_point:SP_4717,Parc de Campagne,10
2301830,16:02:00,16:02:10,stop_point:SP_2746,Charlas,11
2301830,16:03:00,16:03:10,stop_point:SP_2483,Pont,12
2301830,16:04:00,16:04:10,stop_point:SP_488,Brunet Faure,13
2301830,16:05:00,16:05:10,stop_point:SP_2455,Petit Marquis,14
2301830,16:06:00,16:06:10,stop_point:SP_1155,Bois Joly,15
2301830,16:07:00,16:07:10,stop_point:SP_491,Cascade,16
2301830,16:08:00,16:08:10,stop_point:SP_684,Cabanon,17
2301830,16:09:00,16:09:10,stop_point:SP_1767,Prat,18
2301830,16:10:00,16:10:10,stop_point:SP_3687,Ramelet Moundi,19
2301830,16:11:00,16:11:10,stop_point:SP_346,Grynfogel,20
2301830,16:13:00,16:13:10,stop_point:SP_769,Etchepare,21
2301830,16:13:00,16:13:10,stop_point:SP_3064,Ardennes,22
2301830,16:14:00,16:14:10,stop_point:SP_1629,Corneillan,23
2301830,16:15:00,16:15:10,stop_point:SP_161,Mazaygues,24
2301830,16:16:00,16:16:10,stop_point:SP_1492,Villèle,25
2301830,16:16:00,16:16:10,stop_point:SP_506,Molette,26
2301830,16:17:00,16:17:10,stop_point:SP_2750,Châtaigniers,27
2301830,16:18:00,16:18:10,stop_point:SP_2465,Vitarelles,28
2301830,16:19:00,16:19:10,stop_point:SP_3021,Les Tourelles,29
2301830,16:20:00,16:20:10,stop_point:SP_1460,Pont Rocade,30
2301830,16:21:00,16:21:10,stop_point:SP_1149,Brombach,31
2301830,16:22:00,16:22:10,stop_point:SP_3407,Hippodrome,32
2301830,16:24:00,16:24:10,stop_point:SP_608,Av. de Lombez,33
2301830,16:25:00,16:25:10,stop_point:SP_1733,Clinique Pasteur,34
2301830,16:26:00,16:26:10,stop_point:SP_3004,Barrière de Lombez,35
2301830,16:27:00,16:27:10,stop_point:SP_3590,Arènes,36
2301831,16:35:00,16:35:10,stop_point:SP_1027,Plaisance Monestié,1
2301831,16:36:00,16:36:10,stop_point:SP_3862,Fauvettes,2
2301831,16:37:00,16:37:10,stop_point:SP_567,Capelles,3
2301831,16:37:00,16:37:10,stop_point:SP_857,Plaisance Accueil,4
2301831,16:37:00,16:37:10,stop_point:SP_3183,Maison de Retraite,5
2301831,16:38:00,16:38:10,stop_point:SP_3062,Montaigne,6
2301831,16:38:00,16:38:10,stop_point:SP_2142,Jonquilles,7
2301831,16:39:00,16:39:10,stop_point:SP_4715,Camélias,8
2301831,16:40:00,16:40:10,stop_point:SP_4711,Jules Verne,9
2301831,16:41:00,16:41:10,stop_point:SP_4717,Parc de Campagne,10
2301831,16:42:00,16:42:10,stop_point:SP_2746,Charlas,11
2301831,16:43:00,16:43:10,stop_point:SP_2483,Pont,12
2301831,16:44:00,16:44:10,stop_point:SP_488,Brunet Faure,13
2301831,16:45:00,16:45:10,stop_point:SP_2455,Petit Marquis,14
2301831,16:46:00,16:46:10,stop_point:SP_1155,Bois Joly,15
2301831,16:47:00,16:47:10,stop_point:SP_491,Cascade,16
2301831,16:48:00,16:48:10,stop_point:SP_684,Cabanon,17
2301831,16:49:00,16:49:10,stop_point:SP_1767,Prat,18
2301831,16:50:00,16:50:10,stop_point:SP_3687,Ramelet Moundi,19
2301831,16:51:00,16:51:10,stop_point:SP_346,Grynfogel,20
2301831,16:53:00,16:53:10,stop_point:SP_769,Etchepare,21
2301831,16:53:00,16:53:10,stop_point:SP_3064,Ardennes,22
2301831,16:54:00,16:54:10,stop_point:SP_1629,Corneillan,23
2301831,16:55:00,16:55:10,stop_point:SP_161,Mazaygues,24
2301831,16:56:00,16:56:10,stop_point:SP_1492,Villèle,25
2301831,16:56:00,16:56:10,stop_point:SP_506,Molette,26
2301831,16:57:00,16:57:10,stop_point:SP_2750,Châtaigniers,27
2301831,16:58:00,16:58:10,stop_point:SP_2465,Vitarelles,28
2301831,16:59:00,16:59:10,stop_point:SP_3021,Les Tourelles,29
2301831,17:00:00,17:00:10,stop_point:SP_1460,Pont Rocade,30
2301831,17:01:00,17:01:10,stop_point:SP_1149,Brombach,31
2301831,17:02:00,17:02:10,stop_point:SP_3407,Hippodrome,32
2301831,17:04:00,17:04:10,stop_point:SP_608,Av. de Lombez,33
2301831,17:05:00,17:05:10,stop_point:SP_1733,Clinique Pasteur,34
2301831,17:06:00,17:06:10,stop_point:SP_3004,Barrière de Lombez,35
2301831,17:07:00,17:07:10,stop_point:SP_3590,Arènes,36
2301832,17:20:00,17:20:10,stop_point:SP_1027,Plaisance Monestié,1
2301832,17:21:00,17:21:10,stop_point:SP_3862,Fauvettes,2
2301832,17:22:00,17:22:10,stop_point:SP_567,Capelles,3
2301832,17:22:00,17:22:10,stop_point:SP_857,Plaisance Accueil,4
2301832,17:22:00,17:22:10,stop_point:SP_3183,Maison de Retraite,5
2301832,17:23:00,17:23:10,stop_point:SP_3062,Montaigne,6
2301832,17:23:00,17:23:10,stop_point:SP_2142,Jonquilles,7
2301832,17:24:00,17:24:10,stop_point:SP_4715,Camélias,8
2301832,17:25:00,17:25:10,stop_point:SP_4711,Jules Verne,9
2301832,17:26:00,17:26:10,stop_point:SP_4717,Parc de Campagne,10
2301832,17:27:00,17:27:10,stop_point:SP_2746,Charlas,11
2301832,17:28:00,17:28:10,stop_point:SP_2483,Pont,12
2301832,17:29:00,17:29:10,stop_point:SP_488,Brunet Faure,13
2301832,17:30:00,17:30:10,stop_point:SP_2455,Petit Marquis,14
2301832,17:31:00,17:31:10,stop_point:SP_1155,Bois Joly,15
2301832,17:32:00,17:32:10,stop_point:SP_491,Cascade,16
2301832,17:33:00,17:33:10,stop_point:SP_684,Cabanon,17
2301832,17:34:00,17:34:10,stop_point:SP_1767,Prat,18
2301832,17:35:00,17:35:10,stop_point:SP_3687,Ramelet Moundi,19
2301832,17:36:00,17:36:10,stop_point:SP_346,Grynfogel,20
2301832,17:38:00,17:38:10,stop_point:SP_769,Etchepare,21
2301832,17:38:00,17:38:10,stop_point:SP_3064,Ardennes,22
2301832,17:39:00,17:39:10,stop_point:SP_1629,Corneillan,23
2301832,17:40:00,17:40:10,stop_point:SP_161,Mazaygues,24
2301832,17:41:00,17:41:10,stop_point:SP_1492,Villèle,25
2301832,17:41:00,17:41:10,stop_point:SP_506,Molette,26
2301832,17:42:00,17:42:10,stop_point:SP_2750,Châtaigniers,27
2301832,17:43:00,17:43:10,stop_point:SP_2465,Vitarelles,28
2301832,17:44:00,17:44:10,stop_point:SP_3021,Les Tourelles,29
2301832,17:45:00,17:45:10,stop_point:SP_1460,Pont Rocade,30
2301832,17:46:00,17:46:10,stop_point:SP_1149,Brombach,31
2301832,17:47:00,17:47:10,stop_point:SP_3407,Hippodrome,32
2301832,17:49:00,17:49:10,stop_point:SP_608,Av. de Lombez,33
2301832,17:50:00,17:50:10,stop_point:SP_1733,Clinique Pasteur,34
2301832,17:51:00,17:51:10,stop_point:SP_3004,Barrière de Lombez,35
2301832,17:52:00,17:52:10,stop_point:SP_3590,Arènes,36
2301833,18:05:00,18:05:10,stop_point:SP_1027,Plaisance Monestié,1
2301833,18:06:00,18:06:10,stop_point:SP_3862,Fauvettes,2
2301833,18:07:00,18:07:10,stop_point:SP_567,Capelles,3
2301833,18:07:00,18:07:10,stop_point:SP_857,Plaisance Accueil,4
2301833,18:07:00,18:07:10,stop_point:SP_3183,Maison de Retraite,5
2301833,18:08:00,18:08:10,stop_point:SP_3062,Montaigne,6
2301833,18:08:00,18:08:10,stop_point:SP_2142,Jonquilles,7
2301833,18:09:00,18:09:10,stop_point:SP_4715,Camélias,8
2301833,18:10:00,18:10:10,stop_point:SP_4711,Jules Verne,9
2301833,18:11:00,18:11:10,stop_point:SP_4717,Parc de Campagne,10
2301833,18:12:00,18:12:10,stop_point:SP_2746,Charlas,11
2301833,18:13:00,18:13:10,stop_point:SP_2483,Pont,12
2301833,18:14:00,18:14:10,stop_point:SP_488,Brunet Faure,13
2301833,18:15:00,18:15:10,stop_point:SP_2455,Petit Marquis,14
2301833,18:16:00,18:16:10,stop_point:SP_1155,Bois Joly,15
2301833,18:17:00,18:17:10,stop_point:SP_491,Cascade,16
2301833,18:18:00,18:18:10,stop_point:SP_684,Cabanon,17
2301833,18:19:00,18:19:10,stop_point:SP_1767,Prat,18
2301833,18:20:00,18:20:10,stop_point:SP_3687,Ramelet Moundi,19
2301833,18:21:00,18:21:10,stop_point:SP_346,Grynfogel,20
2301833,18:23:00,18:23:10,stop_point:SP_769,Etchepare,21
2301833,18:23:00,18:23:10,stop_point:SP_3064,Ardennes,22
2301833,18:24:00,18:24:10,stop_point:SP_1629,Corneillan,23
2301833,18:25:00,18:25:10,stop_point:SP_161,Mazaygues,24
2301833,18:26:00,18:26:10,stop_point:SP_1492,Villèle,25
2301833,18:26:00,18:26:10,stop_point:SP_506,Molette,26
2301833,18:27:00,18:27:10,stop_point:SP_2750,Châtaigniers,27
2301833,18:28:00,18:28:10,stop_point:SP_2465,Vitarelles,28
2301833,18:29:00,18:29:10,stop_point:SP_3021,Les Tourelles,29
2301833,18:30:00,18:30:10,stop_point:SP_1460,Pont Rocade,30
2301833,18:31:00,18:31:10,stop_point:SP_1149,Brombach,31
2301833,18:32:00,18:32:10,stop_point:SP_3407,Hippodrome,32
2301833,18:34:00,18:34:10,stop_point:SP_608,Av. de Lombez,33
2301833,18:35:00,18:35:10,stop_point:SP_1733,Clinique Pasteur,34
2301833,18:36:00,18:36:10,stop_point:SP_3004,Barrière de Lombez,35
2301833,18:37:00,18:37:10,stop_point:SP_3590,Arènes,36
2301834,18:45:00,18:45:10,stop_point:SP_1027,Plaisance Monestié,1
2301834,18:46:00,18:46:10,stop_point:SP_3862,Fauvettes,2
2301834,18:47:00,18:47:10,stop_point:SP_567,Capelles,3
2301834,18:47:00,18:47:10,stop_point:SP_857,Plaisance Accueil,4
2301834,18:47:00,18:47:10,stop_point:SP_3183,Maison de Retraite,5
2301834,18:48:00,18:48:10,stop_point:SP_3062,Montaigne,6
2301834,18:48:00,18:48:10,stop_point:SP_2142,Jonquilles,7
2301834,18:49:00,18:49:10,stop_point:SP_4715,Camélias,8
2301834,18:50:00,18:50:10,stop_point:SP_4711,Jules Verne,9
2301834,18:51:00,18:51:10,stop_point:SP_4717,Parc de Campagne,10
2301834,18:52:00,18:52:10,stop_point:SP_2746,Charlas,11
2301834,18:53:00,18:53:10,stop_point:SP_2483,Pont,12
2301834,18:54:00,18:54:10,stop_point:SP_488,Brunet Faure,13
2301834,18:55:00,18:55:10,stop_point:SP_2455,Petit Marquis,14
2301834,18:56:00,18:56:10,stop_point:SP_1155,Bois Joly,15
2301834,18:57:00,18:57:10,stop_point:SP_491,Cascade,16
2301834,18:58:00,18:58:10,stop_point:SP_684,Cabanon,17
2301834,18:59:00,18:59:10,stop_point:SP_1767,Prat,18
2301834,19:00:00,19:00:10,stop_point:SP_3687,Ramelet Moundi,19
2301834,19:01:00,19:01:10,stop_point:SP_346,Grynfogel,20
2301834,19:03:00,19:03:10,stop_point:SP_769,Etchepare,21
2301834,19:03:00,19:03:10,stop_point:SP_3064,Ardennes,22
2301834,19:04:00,19:04:10,stop_point:SP_1629,Corneillan,23
2301834,19:05:00,19:05:10,stop_point:SP_161,Mazaygues,24
2301834,19:05:00,19:05:10,stop_point:SP_1492,Villèle,25
2301834,19:06:00,19:06:10,stop_point:SP_506,Molette,26
2301834,19:07:00,19:07:10,stop_point:SP_2750,Châtaigniers,27
2301834,19:07:00,19:07:10,stop_point:SP_2465,Vitarelles,28
2301834,19:08:00,19:08:10,stop_point:SP_3021,Les Tourelles,29
2301834,19:09:00,19:09:10,stop_point:SP_1460,Pont Rocade,30
2301834,19:10:00,19:10:10,stop_point:SP_1149,Brombach,31
2301834,19:11:00,19:11:10,stop_point:SP_3407,Hippodrome,32
2301834,19:13:00,19:13:10,stop_point:SP_608,Av. de Lombez,33
2301834,19:14:00,19:14:10,stop_point:SP_1733,Clinique Pasteur,34
2301834,19:15:00,19:15:10,stop_point:SP_3004,Barrière de Lombez,35
2301834,19:16:00,19:16:10,stop_point:SP_3590,Arènes,36
2301835,19:30:00,19:30:10,stop_point:SP_1027,Plaisance Monestié,1
2301835,19:31:00,19:31:10,stop_point:SP_3862,Fauvettes,2
2301835,19:32:00,19:32:10,stop_point:SP_567,Capelles,3
2301835,19:32:00,19:32:10,stop_point:SP_857,Plaisance Accueil,4
2301835,19:32:00,19:32:10,stop_point:SP_3183,Maison de Retraite,5
2301835,19:33:00,19:33:10,stop_point:SP_3062,Montaigne,6
2301835,19:33:00,19:33:10,stop_point:SP_2142,Jonquilles,7
2301835,19:34:00,19:34:10,stop_point:SP_4715,Camélias,8
2301835,19:35:00,19:35:10,stop_point:SP_4711,Jules Verne,9
2301835,19:36:00,19:36:10,stop_point:SP_4717,Parc de Campagne,10
2301835,19:37:00,19:37:10,stop_point:SP_2746,Charlas,11
2301835,19:38:00,19:38:10,stop_point:SP_2483,Pont,12
2301835,19:38:00,19:38:10,stop_point:SP_488,Brunet Faure,13
2301835,19:39:00,19:39:10,stop_point:SP_2455,Petit Marquis,14
2301835,19:40:00,19:40:10,stop_point:SP_1155,Bois Joly,15
2301835,19:41:00,19:41:10,stop_point:SP_491,Cascade,16
2301835,19:42:00,19:42:10,stop_point:SP_684,Cabanon,17
2301835,19:43:00,19:43:10,stop_point:SP_1767,Prat,18
2301835,19:44:00,19:44:10,stop_point:SP_3687,Ramelet Moundi,19
2301835,19:45:00,19:45:10,stop_point:SP_346,Grynfogel,20
2301835,19:47:00,19:47:10,stop_point:SP_769,Etchepare,21
2301835,19:47:00,19:47:10,stop_point:SP_3064,Ardennes,22
2301835,19:48:00,19:48:10,stop_point:SP_1629,Corneillan,23
2301835,19:49:00,19:49:10,stop_point:SP_161,Mazaygues,24
2301835,19:49:00,19:49:10,stop_point:SP_1492,Villèle,25
2301835,19:50:00,19:50:10,stop_point:SP_506,Molette,26
2301835,19:51:00,19:51:10,stop_point:SP_2750,Châtaigniers,27
2301835,19:51:00,19:51:10,stop_point:SP_2465,Vitarelles,28
2301835,19:52:00,19:52:10,stop_point:SP_3021,Les Tourelles,29
2301835,19:53:00,19:53:10,stop_point:SP_1460,Pont Rocade,30
2301835,19:54:00,19:54:10,stop_point:SP_1149,Brombach,31
2301835,19:55:00,19:55:10,stop_point:SP_3407,Hippodrome,32
2301835,19:57:00,19:57:10,stop_point:SP_608,Av. de Lombez,33
2301835,19:58:00,19:58:10,stop_point:SP_1733,Clinique Pasteur,34
2301835,19:59:00,19:59:10,stop_point:SP_3004,Barrière de Lombez,35
2301835,20:00:00,20:00:10,stop_point:SP_3590,Arènes,36
2301836,20:15:00,20:15:10,stop_point:SP_1027,Plaisance Monestié,1
2301836,20:16:00,20:16:10,stop_point:SP_3862,Fauvettes,2
2301836,20:17:00,20:17:10,stop_point:SP_567,Capelles,3
2301836,20:17:00,20:17:10,stop_point:SP_857,Plaisance Accueil,4
2301836,20:17:00,20:17:10,stop_point:SP_3183,Maison de Retraite,5
2301836,20:18:00,20:18:10,stop_point:SP_3062,Montaigne,6
2301836,20:18:00,20:18:10,stop_point:SP_2142,Jonquilles,7
2301836,20:19:00,20:19:10,stop_point:SP_4715,Camélias,8
2301836,20:20:00,20:20:10,stop_point:SP_4711,Jules Verne,9
2301836,20:21:00,20:21:10,stop_point:SP_4717,Parc de Campagne,10
2301836,20:22:00,20:22:10,stop_point:SP_2746,Charlas,11
2301836,20:23:00,20:23:10,stop_point:SP_2483,Pont,12
2301836,20:23:00,20:23:10,stop_point:SP_488,Brunet Faure,13
2301836,20:24:00,20:24:10,stop_point:SP_2455,Petit Marquis,14
2301836,20:25:00,20:25:10,stop_point:SP_1155,Bois Joly,15
2301836,20:26:00,20:26:10,stop_point:SP_491,Cascade,16
2301836,20:27:00,20:27:10,stop_point:SP_684,Cabanon,17
2301836,20:28:00,20:28:10,stop_point:SP_1767,Prat,18
2301836,20:29:00,20:29:10,stop_point:SP_3687,Ramelet Moundi,19
2301836,20:30:00,20:30:10,stop_point:SP_346,Grynfogel,20
2301836,20:32:00,20:32:10,stop_point:SP_769,Etchepare,21
2301836,20:32:00,20:32:10,stop_point:SP_3064,Ardennes,22
2301836,20:33:00,20:33:10,stop_point:SP_1629,Corneillan,23
2301836,20:34:00,20:34:10,stop_point:SP_161,Mazaygues,24
2301836,20:34:00,20:34:10,stop_point:SP_1492,Villèle,25
2301836,20:35:00,20:35:10,stop_point:SP_506,Molette,26
2301836,20:36:00,20:36:10,stop_point:SP_2750,Châtaigniers,27
2301836,20:36:00,20:36:10,stop_point:SP_2465,Vitarelles,28
2301836,20:37:00,20:37:10,stop_point:SP_3021,Les Tourelles,29
2301836,20:38:00,20:38:10,stop_point:SP_1460,Pont Rocade,30
2301836,20:39:00,20:39:10,stop_point:SP_1149,Brombach,31
2301836,20:39:00,20:39:10,stop_point:SP_3407,Hippodrome,32
2301836,20:41:00,20:41:10,stop_point:SP_608,Av. de Lombez,33
2301836,20:42:00,20:42:10,stop_point:SP_1733,Clinique Pasteur,34
2301836,20:42:00,20:42:10,stop_point:SP_3004,Barrière de Lombez,35
2301836,20:43:00,20:43:10,stop_point:SP_3590,Arènes,36
2301837,20:55:00,20:55:10,stop_point:SP_1027,Plaisance Monestié,1
2301837,20:56:00,20:56:10,stop_point:SP_3862,Fauvettes,2
2301837,20:57:00,20:57:10,stop_point:SP_567,Capelles,3
2301837,20:57:00,20:57:10,stop_point:SP_857,Plaisance Accueil,4
2301837,20:57:00,20:57:10,stop_point:SP_3183,Maison de Retraite,5
2301837,20:58:00,20:58:10,stop_point:SP_3062,Montaigne,6
2301837,20:58:00,20:58:10,stop_point:SP_2142,Jonquilles,7
2301837,20:59:00,20:59:10,stop_point:SP_4715,Camélias,8
2301837,21:00:00,21:00:10,stop_point:SP_4711,Jules Verne,9
2301837,21:01:00,21:01:10,stop_point:SP_4717,Parc de Campagne,10
2301837,21:02:00,21:02:10,stop_point:SP_2746,Charlas,11
2301837,21:03:00,21:03:10,stop_point:SP_2483,Pont,12
2301837,21:03:00,21:03:10,stop_point:SP_488,Brunet Faure,13
2301837,21:04:00,21:04:10,stop_point:SP_2455,Petit Marquis,14
2301837,21:05:00,21:05:10,stop_point:SP_1155,Bois Joly,15
2301837,21:06:00,21:06:10,stop_point:SP_491,Cascade,16
2301837,21:07:00,21:07:10,stop_point:SP_684,Cabanon,17
2301837,21:08:00,21:08:10,stop_point:SP_1767,Prat,18
2301837,21:09:00,21:09:10,stop_point:SP_3687,Ramelet Moundi,19
2301837,21:10:00,21:10:10,stop_point:SP_346,Grynfogel,20
2301837,21:11:00,21:11:10,stop_point:SP_769,Etchepare,21
2301837,21:11:00,21:11:10,stop_point:SP_3064,Ardennes,22
2301837,21:12:00,21:12:10,stop_point:SP_1629,Corneillan,23
2301837,21:13:00,21:13:10,stop_point:SP_161,Mazaygues,24
2301837,21:13:00,21:13:10,stop_point:SP_1492,Villèle,25
2301837,21:14:00,21:14:10,stop_point:SP_506,Molette,26
2301837,21:15:00,21:15:10,stop_point:SP_2750,Châtaigniers,27
2301837,21:15:00,21:15:10,stop_point:SP_2465,Vitarelles,28
2301837,21:16:00,21:16:10,stop_point:SP_3021,Les Tourelles,29
2301837,21:17:00,21:17:10,stop_point:SP_1460,Pont Rocade,30
2301837,21:18:00,21:18:10,stop_point:SP_1149,Brombach,31
2301837,21:18:00,21:18:10,stop_point:SP_3407,Hippodrome,32
2301837,21:20:00,21:20:10,stop_point:SP_608,Av. de Lombez,33
2301837,21:21:00,21:21:10,stop_point:SP_1733,Clinique Pasteur,34
2301837,21:21:00,21:21:10,stop_point:SP_3004,Barrière de Lombez,35
2301837,21:22:00,21:22:10,stop_point:SP_3590,Arènes,36
2401322,06:20:00,06:20:10,stop_point:SP_3590,Arènes,1
2401322,06:22:00,06:22:10,stop_point:SP_794,Clinique Pasteur,2
2401322,06:22:00,06:22:10,stop_point:SP_2706,Roquemaurel,3
2401322,06:23:00,06:23:10,stop_point:SP_2743,Av. de Lombez,4
2401322,06:23:00,06:23:10,stop_point:SP_2956,Hippodrome,5
2401322,06:24:00,06:24:10,stop_point:SP_3162,Brombach,6
2401322,06:25:00,06:25:10,stop_point:SP_2467,Pont Rocade,7
2401322,06:26:00,06:26:10,stop_point:SP_1536,Les Tourelles,8
2401322,06:26:00,06:26:10,stop_point:SP_1178,Vitarelles,9
2401322,06:27:00,06:27:10,stop_point:SP_1372,Châtaigniers,10
2401322,06:28:00,06:28:10,stop_point:SP_3214,Molette,11
2401322,06:29:00,06:29:10,stop_point:SP_898,Villèle,12
2401322,06:29:00,06:29:10,stop_point:SP_3117,Mazaygues,13
2401322,06:30:00,06:30:10,stop_point:SP_1622,Corneillan,14
2401322,06:31:00,06:31:10,stop_point:SP_2217,Ardennes,15
2401322,06:31:00,06:31:10,stop_point:SP_3458,Etchepare,16
2401322,06:32:00,06:32:10,stop_point:SP_3556,Grynfogel,17
2401322,06:33:00,06:33:10,stop_point:SP_471,Ramelet Moundi,18
2401322,06:34:00,06:34:10,stop_point:SP_3024,Prat,19
2401322,06:35:00,06:35:10,stop_point:SP_2190,Cabanon,20
2401322,06:36:00,06:36:10,stop_point:SP_1044,Cascade,21
2401322,06:37:00,06:37:10,stop_point:SP_615,Bois Joly,22
2401322,06:38:00,06:38:10,stop_point:SP_3532,Petit Marquis,23
2401322,06:40:00,06:40:10,stop_point:SP_3036,Brunet Faure,24
2401322,06:40:00,06:40:10,stop_point:SP_2116,Pont,25
2401322,06:42:00,06:42:10,stop_point:SP_3997,Charlas,26
2401322,06:43:00,06:43:10,stop_point:SP_4714,Parc de Campagne,27
2401322,06:45:00,06:45:10,stop_point:SP_4712,Jules Verne,28
2401322,06:45:00,06:45:10,stop_point:SP_4713,Camélias,29
2401322,06:46:00,06:46:10,stop_point:SP_4716,Jonquilles,30
2401322,06:47:00,06:47:10,stop_point:SP_3629,Montaigne,31
2401322,06:47:00,06:47:10,stop_point:SP_1172,Maison de Retraite,32
2401322,06:48:00,06:48:10,stop_point:SP_817,Plaisance Accueil,33
2401322,06:48:00,06:48:10,stop_point:SP_3128,Capelles,34
2401322,06:49:00,06:49:10,stop_point:SP_3780,Fauvettes,35
2401322,06:50:00,06:50:10,stop_point:SP_1027,Plaisance Monestié,36
2401323,07:40:00,07:40:10,stop_point:SP_3590,Arènes,1
2401323,07:43:00,07:43:10,stop_point:SP_794,Clinique Pasteur,2
2401323,07:43:00,07:43:10,stop_point:SP_2706,Roquemaurel,3
2401323,07:44:00,07:44:10,stop_point:SP_2743,Av. de Lombez,4
2401323,07:46:00,07:46:10,stop_point:SP_2956,Hippodrome,5
2401323,07:47:00,07:47:10,stop_point:SP_3162,Brombach,6
2401323,07:48:00,07:48:10,stop_point:SP_2467,Pont Rocade,7
2401323,07:49:00,07:49:10,stop_point:SP_1536,Les Tourelles,8
2401323,07:49:00,07:49:10,stop_point:SP_1178,Vitarelles,9
2401323,07:50:00,07:50:10,stop_point:SP_1372,Châtaigniers,10
2401323,07:51:00,07:51:10,stop_point:SP_3214,Molette,11
2401323,07:52:00,07:52:10,stop_point:SP_898,Villèle,12
2401323,07:52:00,07:52:10,stop_point:SP_3117,Mazaygues,13
2401323,07:53:00,07:53:10,stop_point:SP_1622,Corneillan,14
2401323,07:54:00,07:54:10,stop_point:SP_2217,Ardennes,15
2401323,07:55:00,07:55:10,stop_point:SP_3458,Etchepare,16
2401323,07:56:00,07:56:10,stop_point:SP_3556,Grynfogel,17
2401323,07:58:00,07:58:10,stop_point:SP_471,Ramelet Moundi,18
2401323,07:59:00,07:59:10,stop_point:SP_3024,Prat,19
2401323,08:00:00,08:00:10,stop_point:SP_2190,Cabanon,20
2401323,08:01:00,08:01:10,stop_point:SP_1044,Cascade,21
2401323,08:03:00,08:03:10,stop_point:SP_615,Bois Joly,22
2401323,08:04:00,08:04:10,stop_point:SP_3532,Petit Marquis,23
2401323,08:05:00,08:05:10,stop_point:SP_3036,Brunet Faure,24
2401323,08:06:00,08:06:10,stop_point:SP_2116,Pont,25
2401323,08:08:00,08:08:10,stop_point:SP_3997,Charlas,26
2401323,08:09:00,08:09:10,stop_point:SP_4714,Parc de Campagne,27
2401323,08:11:00,08:11:10,stop_point:SP_4712,Jules Verne,28
2401323,08:12:00,08:12:10,stop_point:SP_4713,Camélias,29
2401323,08:13:00,08:13:10,stop_point:SP_4716,Jonquilles,30
2401323,08:14:00,08:14:10,stop_point:SP_3629,Montaigne,31
2401323,08:14:00,08:14:10,stop_point:SP_1172,Maison de Retraite,32
2401323,08:15:00,08:15:10,stop_point:SP_817,Plaisance Accueil,33
2401323,08:15:00,08:15:10,stop_point:SP_3128,Capelles,34
2401323,08:16:00,08:16:10,stop_point:SP_3780,Fauvettes,35
2401323,08:17:00,08:17:10,stop_point:SP_1027,Plaisance Monestié,36
2401324,11:00:00,11:00:10,stop_point:SP_3590,Arènes,1
2401324,11:02:00,11:02:10,stop_point:SP_794,Clinique Pasteur,2
2401324,11:03:00,11:03:10,stop_point:SP_2706,Roquemaurel,3
2401324,11:04:00,11:04:10,stop_point:SP_2743,Av. de Lombez,4
2401324,11:05:00,11:05:10,stop_point:SP_2956,Hippodrome,5
2401324,11:06:00,11:06:10,stop_point:SP_3162,Brombach,6
2401324,11:07:00,11:07:10,stop_point:SP_2467,Pont Rocade,7
2401324,11:08:00,11:08:10,stop_point:SP_1536,Les Tourelles,8
2401324,11:09:00,11:09:10,stop_point:SP_1178,Vitarelles,9
2401324,11:10:00,11:10:10,stop_point:SP_1372,Châtaigniers,10
2401324,11:11:00,11:11:10,stop_point:SP_3214,Molette,11
2401324,11:11:00,11:11:10,stop_point:SP_898,Villèle,12
2401324,11:12:00,11:12:10,stop_point:SP_3117,Mazaygues,13
2401324,11:13:00,11:13:10,stop_point:SP_1622,Corneillan,14
2401324,11:14:00,11:14:10,stop_point:SP_2217,Ardennes,15
2401324,11:14:00,11:14:10,stop_point:SP_3458,Etchepare,16
2401324,11:16:00,11:16:10,stop_point:SP_3556,Grynfogel,17
2401324,11:17:00,11:17:10,stop_point:SP_471,Ramelet Moundi,18
2401324,11:18:00,11:18:10,stop_point:SP_3024,Prat,19
2401324,11:19:00,11:19:10,stop_point:SP_2190,Cabanon,20
2401324,11:20:00,11:20:10,stop_point:SP_1044,Cascade,21
2401324,11:21:00,11:21:10,stop_point:SP_615,Bois Joly,22
2401324,11:22:00,11:22:10,stop_point:SP_3532,Petit Marquis,23
2401324,11:23:00,11:23:10,stop_point:SP_3036,Brunet Faure,24
2401324,11:24:00,11:24:10,stop_point:SP_2116,Pont,25
2401324,11:25:00,11:25:10,stop_point:SP_3997,Charlas,26
2401324,11:27:00,11:27:10,stop_point:SP_4714,Parc de Campagne,27
2401324,11:28:00,11:28:10,stop_point:SP_4712,Jules Verne,28
2401324,11:29:00,11:29:10,stop_point:SP_4713,Camélias,29
2401324,11:29:00,11:29:10,stop_point:SP_4716,Jonquilles,30
2401324,11:30:00,11:30:10,stop_point:SP_3629,Montaigne,31
2401324,11:30:00,11:30:10,stop_point:SP_1172,Maison de Retraite,32
2401324,11:31:00,11:31:10,stop_point:SP_817,Plaisance Accueil,33
2401324,11:31:00,11:31:10,stop_point:SP_3128,Capelles,34
2401324,11:32:00,11:32:10,stop_point:SP_3780,Fauvettes,35
2401324,11:33:00,11:33:10,stop_point:SP_1027,Plaisance Monestié,36
2401325,12:10:00,12:10:10,stop_point:SP_3590,Arènes,1
2401325,12:12:00,12:12:10,stop_point:SP_794,Clinique Pasteur,2
2401325,12:13:00,12:13:10,stop_point:SP_2706,Roquemaurel,3
2401325,12:14:00,12:14:10,stop_point:SP_2743,Av. de Lombez,4
2401325,12:15:00,12:15:10,stop_point:SP_2956,Hippodrome,5
2401325,12:16:00,12:16:10,stop_point:SP_3162,Brombach,6
2401325,12:17:00,12:17:10,stop_point:SP_2467,Pont Rocade,7
2401325,12:18:00,12:18:10,stop_point:SP_1536,Les Tourelles,8
2401325,12:19:00,12:19:10,stop_point:SP_1178,Vitarelles,9
2401325,12:20:00,12:20:10,stop_point:SP_1372,Châtaigniers,10
2401325,12:21:00,12:21:10,stop_point:SP_3214,Molette,11
2401325,12:21:00,12:21:10,stop_point:SP_898,Villèle,12
2401325,12:22:00,12:22:10,stop_point:SP_3117,Mazaygues,13
2401325,12:23:00,12:23:10,stop_point:SP_1622,Corneillan,14
2401325,12:24:00,12:24:10,stop_point:SP_2217,Ardennes,15
2401325,12:24:00,12:24:10,stop_point:SP_3458,Etchepare,16
2401325,12:26:00,12:26:10,stop_point:SP_3556,Grynfogel,17
2401325,12:27:00,12:27:10,stop_point:SP_471,Ramelet Moundi,18
2401325,12:28:00,12:28:10,stop_point:SP_3024,Prat,19
2401325,12:30:00,12:30:10,stop_point:SP_2190,Cabanon,20
2401325,12:31:00,12:31:10,stop_point:SP_1044,Cascade,21
2401325,12:32:00,12:32:10,stop_point:SP_615,Bois Joly,22
2401325,12:33:00,12:33:10,stop_point:SP_3532,Petit Marquis,23
2401325,12:35:00,12:35:10,stop_point:SP_3036,Brunet Faure,24
2401325,12:35:00,12:35:10,stop_point:SP_2116,Pont,25
2401325,12:37:00,12:37:10,stop_point:SP_3997,Charlas,26
2401325,12:38:00,12:38:10,stop_point:SP_4714,Parc de Campagne,27
2401325,12:40:00,12:40:10,stop_point:SP_4712,Jules Verne,28
2401325,12:40:00,12:40:10,stop_point:SP_4713,Camélias,29
2401325,12:41:00,12:41:10,stop_point:SP_4716,Jonquilles,30
2401325,12:42:00,12:42:10,stop_point:SP_3629,Montaigne,31
2401325,12:42:00,12:42:10,stop_point:SP_1172,Maison de Retraite,32
2401325,12:43:00,12:43:10,stop_point:SP_817,Plaisance Accueil,33
2401325,12:43:00,12:43:10,stop_point:SP_3128,Capelles,34
2401325,12:44:00,12:44:10,stop_point:SP_3780,Fauvettes,35
2401325,12:45:00,12:45:10,stop_point:SP_1027,Plaisance Monestié,36
2401326,15:55:00,15:55:10,stop_point:SP_3590,Arènes,1
2401326,15:57:00,15:57:10,stop_point:SP_794,Clinique Pasteur,2
2401326,15:58:00,15:58:10,stop_point:SP_2706,Roquemaurel,3
2401326,15:59:00,15:59:10,stop_point:SP_2743,Av. de Lombez,4
2401326,16:00:00,16:00:10,stop_point:SP_2956,Hippodrome,5
2401326,16:01:00,16:01:10,stop_point:SP_3162,Brombach,6
2401326,16:02:00,16:02:10,stop_point:SP_2467,Pont Rocade,7
2401326,16:03:00,16:03:10,stop_point:SP_1536,Les Tourelles,8
2401326,16:04:00,16:04:10,stop_point:SP_1178,Vitarelles,9
2401326,16:05:00,16:05:10,stop_point:SP_1372,Châtaigniers,10
2401326,16:06:00,16:06:10,stop_point:SP_3214,Molette,11
2401326,16:06:00,16:06:10,stop_point:SP_898,Villèle,12
2401326,16:07:00,16:07:10,stop_point:SP_3117,Mazaygues,13
2401326,16:08:00,16:08:10,stop_point:SP_1622,Corneillan,14
2401326,16:09:00,16:09:10,stop_point:SP_2217,Ardennes,15
2401326,16:09:00,16:09:10,stop_point:SP_3458,Etchepare,16
2401326,16:11:00,16:11:10,stop_point:SP_3556,Grynfogel,17
2401326,16:12:00,16:12:10,stop_point:SP_471,Ramelet Moundi,18
2401326,16:13:00,16:13:10,stop_point:SP_3024,Prat,19
2401326,16:15:00,16:15:10,stop_point:SP_2190,Cabanon,20
2401326,16:16:00,16:16:10,stop_point:SP_1044,Cascade,21
2401326,16:17:00,16:17:10,stop_point:SP_615,Bois Joly,22
2401326,16:18:00,16:18:10,stop_point:SP_3532,Petit Marquis,23
2401326,16:20:00,16:20:10,stop_point:SP_3036,Brunet Faure,24
2401326,16:20:00,16:20:10,stop_point:SP_2116,Pont,25
2401326,16:22:00,16:22:10,stop_point:SP_3997,Charlas,26
2401326,16:23:00,16:23:10,stop_point:SP_4714,Parc de Campagne,27
2401326,16:25:00,16:25:10,stop_point:SP_4712,Jules Verne,28
2401326,16:25:00,16:25:10,stop_point:SP_4713,Camélias,29
2401326,16:26:00,16:26:10,stop_point:SP_4716,Jonquilles,30
2401326,16:27:00,16:27:10,stop_point:SP_3629,Montaigne,31
2401326,16:27:00,16:27:10,stop_point:SP_1172,Maison de Retraite,32
2401326,16:28:00,16:28:10,stop_point:SP_817,Plaisance Accueil,33
2401326,16:28:00,16:28:10,stop_point:SP_3128,Capelles,34
2401326,16:29:00,16:29:10,stop_point:SP_3780,Fauvettes,35
2401326,16:30:00,16:30:10,stop_point:SP_1027,Plaisance Monestié,36
2401327,16:10:00,16:10:10,stop_point:SP_3590,Arènes,1
2401327,16:13:00,16:13:10,stop_point:SP_794,Clinique Pasteur,2
2401327,16:13:00,16:13:10,stop_point:SP_2706,Roquemaurel,3
2401327,16:14:00,16:14:10,stop_point:SP_2743,Av. de Lombez,4
2401327,16:16:00,16:16:10,stop_point:SP_2956,Hippodrome,5
2401327,16:17:00,16:17:10,stop_point:SP_3162,Brombach,6
2401327,16:18:00,16:18:10,stop_point:SP_2467,Pont Rocade,7
2401327,16:19:00,16:19:10,stop_point:SP_1536,Les Tourelles,8
2401327,16:20:00,16:20:10,stop_point:SP_1178,Vitarelles,9
2401327,16:21:00,16:21:10,stop_point:SP_1372,Châtaigniers,10
2401327,16:22:00,16:22:10,stop_point:SP_3214,Molette,11
2401327,16:23:00,16:23:10,stop_point:SP_898,Villèle,12
2401327,16:24:00,16:24:10,stop_point:SP_3117,Mazaygues,13
2401327,16:25:00,16:25:10,stop_point:SP_1622,Corneillan,14
2401327,16:26:00,16:26:10,stop_point:SP_2217,Ardennes,15
2401327,16:26:00,16:26:10,stop_point:SP_3458,Etchepare,16
2401327,16:28:00,16:28:10,stop_point:SP_3556,Grynfogel,17
2401327,16:29:00,16:29:10,stop_point:SP_471,Ramelet Moundi,18
2401327,16:30:00,16:30:10,stop_point:SP_3024,Prat,19
2401327,16:33:00,16:33:10,stop_point:SP_2190,Cabanon,20
2401327,16:34:00,16:34:10,stop_point:SP_1044,Cascade,21
2401327,16:36:00,16:36:10,stop_point:SP_615,Bois Joly,22
2401327,16:37:00,16:37:10,stop_point:SP_3532,Petit Marquis,23
2401327,16:39:00,16:39:10,stop_point:SP_3036,Brunet Faure,24
2401327,16:40:00,16:40:10,stop_point:SP_2116,Pont,25
2401327,16:41:00,16:41:10,stop_point:SP_3997,Charlas,26
2401327,16:43:00,16:43:10,stop_point:SP_4714,Parc de Campagne,27
2401327,16:45:00,16:45:10,stop_point:SP_4712,Jules Verne,28
2401327,16:46:00,16:46:10,stop_point:SP_4713,Camélias,29
2401327,16:47:00,16:47:10,stop_point:SP_4716,Jonquilles,30
2401327,16:48:00,16:48:10,stop_point:SP_3629,Montaigne,31
2401327,16:48:00,16:48:10,stop_point:SP_1172,Maison de Retraite,32
2401327,16:49:00,16:49:10,stop_point:SP_817,Plaisance Accueil,33
2401327,16:49:00,16:49:10,stop_point:SP_3128,Capelles,34
2401327,16:50:00,16:50:10,stop_point:SP_3780,Fauvettes,35
2401327,16:51:00,16:51:10,stop_point:SP_1027,Plaisance Monestié,36
2401328,16:50:00,16:50:10,stop_point:SP_3590,Arènes,1
2401328,16:53:00,16:53:10,stop_point:SP_794,Clinique Pasteur,2
2401328,16:53:00,16:53:10,stop_point:SP_2706,Roquemaurel,3
2401328,16:54:00,16:54:10,stop_point:SP_2743,Av. de Lombez,4
2401328,16:56:00,16:56:10,stop_point:SP_2956,Hippodrome,5
2401328,16:57:00,16:57:10,stop_point:SP_3162,Brombach,6
2401328,16:58:00,16:58:10,stop_point:SP_2467,Pont Rocade,7
2401328,16:59:00,16:59:10,stop_point:SP_1536,Les Tourelles,8
2401328,17:00:00,17:00:10,stop_point:SP_1178,Vitarelles,9
2401328,17:01:00,17:01:10,stop_point:SP_1372,Châtaigniers,10
2401328,17:02:00,17:02:10,stop_point:SP_3214,Molette,11
2401328,17:03:00,17:03:10,stop_point:SP_898,Villèle,12
2401328,17:04:00,17:04:10,stop_point:SP_3117,Mazaygues,13
2401328,17:05:00,17:05:10,stop_point:SP_1622,Corneillan,14
2401328,17:06:00,17:06:10,stop_point:SP_2217,Ardennes,15
2401328,17:07:00,17:07:10,stop_point:SP_3458,Etchepare,16
2401328,17:09:00,17:09:10,stop_point:SP_3556,Grynfogel,17
2401328,17:11:00,17:11:10,stop_point:SP_471,Ramelet Moundi,18
2401328,17:13:00,17:13:10,stop_point:SP_3024,Prat,19
2401328,17:16:00,17:16:10,stop_point:SP_2190,Cabanon,20
2401328,17:17:00,17:17:10,stop_point:SP_1044,Cascade,21
2401328,17:20:00,17:20:10,stop_point:SP_615,Bois Joly,22
2401328,17:21:00,17:21:10,stop_point:SP_3532,Petit Marquis,23
2401328,17:23:00,17:23:10,stop_point:SP_3036,Brunet Faure,24
2401328,17:24:00,17:24:10,stop_point:SP_2116,Pont,25
2401328,17:26:00,17:26:10,stop_point:SP_3997,Charlas,26
2401328,17:28:00,17:28:10,stop_point:SP_4714,Parc de Campagne,27
2401328,17:30:00,17:30:10,stop_point:SP_4712,Jules Verne,28
2401328,17:31:00,17:31:10,stop_point:SP_4713,Camélias,29
2401328,17:32:00,17:32:10,stop_point:SP_4716,Jonquilles,30
2401328,17:33:00,17:33:10,stop_point:SP_3629,Montaigne,31
2401328,17:34:00,17:34:10,stop_point:SP_1172,Maison de Retraite,32
2401328,17:35:00,17:35:10,stop_point:SP_817,Plaisance Accueil,33
2401328,17:35:00,17:35:10,stop_point:SP_3128,Capelles,34
2401328,17:36:00,17:36:10,stop_point:SP_3780,Fauvettes,35
2401328,17:37:00,17:37:10,stop_point:SP_1027,Plaisance Monestié,36
2401329,17:15:00,17:15:10,stop_point:SP_3590,Arènes,1
2401329,17:19:00,17:19:10,stop_point:SP_794,Clinique Pasteur,2
2401329,17:19:00,17:19:10,stop_point:SP_2706,Roquemaurel,3
2401329,17:21:00,17:21:10,stop_point:SP_2743,Av. de Lombez,4
2401329,17:22:00,17:22:10,stop_point:SP_2956,Hippodrome,5
2401329,17:24:00,17:24:10,stop_point:SP_3162,Brombach,6
2401329,17:25:00,17:25:10,stop_point:SP_2467,Pont Rocade,7
2401329,17:26:00,17:26:10,stop_point:SP_1536,Les Tourelles,8
2401329,17:27:00,17:27:10,stop_point:SP_1178,Vitarelles,9
2401329,17:28:00,17:28:10,stop_point:SP_1372,Châtaigniers,10
2401329,17:29:00,17:29:10,stop_point:SP_3214,Molette,11
2401329,17:30:00,17:30:10,stop_point:SP_898,Villèle,12
2401329,17:31:00,17:31:10,stop_point:SP_3117,Mazaygues,13
2401329,17:32:00,17:32:10,stop_point:SP_1622,Corneillan,14
2401329,17:33:00,17:33:10,stop_point:SP_2217,Ardennes,15
2401329,17:34:00,17:34:10,stop_point:SP_3458,Etchepare,16
2401329,17:36:00,17:36:10,stop_point:SP_3556,Grynfogel,17
2401329,17:38:00,17:38:10,stop_point:SP_471,Ramelet Moundi,18
2401329,17:39:00,17:39:10,stop_point:SP_3024,Prat,19
2401329,17:42:00,17:42:10,stop_point:SP_2190,Cabanon,20
2401329,17:43:00,17:43:10,stop_point:SP_1044,Cascade,21
2401329,17:46:00,17:46:10,stop_point:SP_615,Bois Joly,22
2401329,17:47:00,17:47:10,stop_point:SP_3532,Petit Marquis,23
2401329,17:49:00,17:49:10,stop_point:SP_3036,Brunet Faure,24
2401329,17:50:00,17:50:10,stop_point:SP_2116,Pont,25
2401329,17:52:00,17:52:10,stop_point:SP_3997,Charlas,26
2401329,17:55:00,17:55:10,stop_point:SP_4714,Parc de Campagne,27
2401329,17:57:00,17:57:10,stop_point:SP_4712,Jules Verne,28
2401329,17:58:00,17:58:10,stop_point:SP_4713,Camélias,29
2401329,17:59:00,17:59:10,stop_point:SP_4716,Jonquilles,30
2401329,18:00:00,18:00:10,stop_point:SP_3629,Montaigne,31
2401329,18:01:00,18:01:10,stop_point:SP_1172,Maison de Retraite,32
2401329,18:02:00,18:02:10,stop_point:SP_817,Plaisance Accueil,33
2401329,18:02:00,18:02:10,stop_point:SP_3128,Capelles,34
2401329,18:03:00,18:03:10,stop_point:SP_3780,Fauvettes,35
2401329,18:04:00,18:04:10,stop_point:SP_1027,Plaisance Monestié,36
2401330,17:35:00,17:35:10,stop_point:SP_3590,Arènes,1
2401330,17:39:00,17:39:10,stop_point:SP_794,Clinique Pasteur,2
2401330,17:39:00,17:39:10,stop_point:SP_2706,Roquemaurel,3
2401330,17:41:00,17:41:10,stop_point:SP_2743,Av. de Lombez,4
2401330,17:42:00,17:42:10,stop_point:SP_2956,Hippodrome,5
2401330,17:44:00,17:44:10,stop_point:SP_3162,Brombach,6
2401330,17:45:00,17:45:10,stop_point:SP_2467,Pont Rocade,7
2401330,17:46:00,17:46:10,stop_point:SP_1536,Les Tourelles,8
2401330,17:47:00,17:47:10,stop_point:SP_1178,Vitarelles,9
2401330,17:48:00,17:48:10,stop_point:SP_1372,Châtaigniers,10
2401330,17:49:00,17:49:10,stop_point:SP_3214,Molette,11
2401330,17:50:00,17:50:10,stop_point:SP_898,Villèle,12
2401330,17:51:00,17:51:10,stop_point:SP_3117,Mazaygues,13
2401330,17:52:00,17:52:10,stop_point:SP_1622,Corneillan,14
2401330,17:53:00,17:53:10,stop_point:SP_2217,Ardennes,15
2401330,17:53:00,17:53:10,stop_point:SP_3458,Etchepare,16
2401330,17:55:00,17:55:10,stop_point:SP_3556,Grynfogel,17
2401330,17:56:00,17:56:10,stop_point:SP_471,Ramelet Moundi,18
2401330,17:57:00,17:57:10,stop_point:SP_3024,Prat,19
2401330,18:00:00,18:00:10,stop_point:SP_2190,Cabanon,20
2401330,18:01:00,18:01:10,stop_point:SP_1044,Cascade,21
2401330,18:04:00,18:04:10,stop_point:SP_615,Bois Joly,22
2401330,18:05:00,18:05:10,stop_point:SP_3532,Petit Marquis,23
2401330,18:07:00,18:07:10,stop_point:SP_3036,Brunet Faure,24
2401330,18:08:00,18:08:10,stop_point:SP_2116,Pont,25
2401330,18:10:00,18:10:10,stop_point:SP_3997,Charlas,26
2401330,18:13:00,18:13:10,stop_point:SP_4714,Parc de Campagne,27
2401330,18:15:00,18:15:10,stop_point:SP_4712,Jules Verne,28
2401330,18:16:00,18:16:10,stop_point:SP_4713,Camélias,29
2401330,18:17:00,18:17:10,stop_point:SP_4716,Jonquilles,30
2401330,18:18:00,18:18:10,stop_point:SP_3629,Montaigne,31
2401330,18:19:00,18:19:10,stop_point:SP_1172,Maison de Retraite,32
2401330,18:20:00,18:20:10,stop_point:SP_817,Plaisance Accueil,33
2401330,18:20:00,18:20:10,stop_point:SP_3128,Capelles,34
2401330,18:21:00,18:21:10,stop_point:SP_3780,Fauvettes,35
2401330,18:22:00,18:22:10,stop_point:SP_1027,Plaisance Monestié,36
2401331,18:25:00,18:25:10,stop_point:SP_3590,Arènes,1
2401331,18:28:00,18:28:10,stop_point:SP_794,Clinique Pasteur,2
2401331,18:28:00,18:28:10,stop_point:SP_2706,Roquemaurel,3
2401331,18:29:00,18:29:10,stop_point:SP_2743,Av. de Lombez,4
2401331,18:31:00,18:31:10,stop_point:SP_2956,Hippodrome,5
2401331,18:32:00,18:32:10,stop_point:SP_3162,Brombach,6
2401331,18:33:00,18:33:10,stop_point:SP_2467,Pont Rocade,7
2401331,18:34:00,18:34:10,stop_point:SP_1536,Les Tourelles,8
2401331,18:35:00,18:35:10,stop_point:SP_1178,Vitarelles,9
2401331,18:36:00,18:36:10,stop_point:SP_1372,Châtaigniers,10
2401331,18:37:00,18:37:10,stop_point:SP_3214,Molette,11
2401331,18:37:00,18:37:10,stop_point:SP_898,Villèle,12
2401331,18:38:00,18:38:10,stop_point:SP_3117,Mazaygues,13
2401331,18:39:00,18:39:10,stop_point:SP_1622,Corneillan,14
2401331,18:40:00,18:40:10,stop_point:SP_2217,Ardennes,15
2401331,18:40:00,18:40:10,stop_point:SP_3458,Etchepare,16
2401331,18:42:00,18:42:10,stop_point:SP_3556,Grynfogel,17
2401331,18:43:00,18:43:10,stop_point:SP_471,Ramelet Moundi,18
2401331,18:44:00,18:44:10,stop_point:SP_3024,Prat,19
2401331,18:47:00,18:47:10,stop_point:SP_2190,Cabanon,20
2401331,18:48:00,18:48:10,stop_point:SP_1044,Cascade,21
2401331,18:50:00,18:50:10,stop_point:SP_615,Bois Joly,22
2401331,18:51:00,18:51:10,stop_point:SP_3532,Petit Marquis,23
2401331,18:53:00,18:53:10,stop_point:SP_3036,Brunet Faure,24
2401331,18:54:00,18:54:10,stop_point:SP_2116,Pont,25
2401331,18:55:00,18:55:10,stop_point:SP_3997,Charlas,26
2401331,18:57:00,18:57:10,stop_point:SP_4714,Parc de Campagne,27
2401331,18:59:00,18:59:10,stop_point:SP_4712,Jules Verne,28
2401331,19:00:00,19:00:10,stop_point:SP_4713,Camélias,29
2401331,19:01:00,19:01:10,stop_point:SP_4716,Jonquilles,30
2401331,19:02:00,19:02:10,stop_point:SP_3629,Montaigne,31
2401331,19:02:00,19:02:10,stop_point:SP_1172,Maison de Retraite,32
2401331,19:03:00,19:03:10,stop_point:SP_817,Plaisance Accueil,33
2401331,19:03:00,19:03:10,stop_point:SP_3128,Capelles,34
2401331,19:04:00,19:04:10,stop_point:SP_3780,Fauvettes,35
2401331,19:05:00,19:05:10,stop_point:SP_1027,Plaisance Monestié,36
2401332,18:50:00,18:50:10,stop_point:SP_3590,Arènes,1
2401332,18:52:00,18:52:10,stop_point:SP_794,Clinique Pasteur,2
2401332,18:53:00,18:53:10,stop_point:SP_2706,Roquemaurel,3
2401332,18:54:00,18:54:10,stop_point:SP_2743,Av. de Lombez,4
2401332,18:55:00,18:55:10,stop_point:SP_2956,Hippodrome,5
2401332,18:56:00,18:56:10,stop_point:SP_3162,Brombach,6
2401332,18:57:00,18:57:10,stop_point:SP_2467,Pont Rocade,7
2401332,18:58:00,18:58:10,stop_point:SP_1536,Les Tourelles,8
2401332,18:59:00,18:59:10,stop_point:SP_1178,Vitarelles,9
2401332,19:00:00,19:00:10,stop_point:SP_1372,Châtaigniers,10
2401332,19:01:00,19:01:10,stop_point:SP_3214,Molette,11
2401332,19:01:00,19:01:10,stop_point:SP_898,Villèle,12
2401332,19:02:00,19:02:10,stop_point:SP_3117,Mazaygues,13
2401332,19:03:00,19:03:10,stop_point:SP_1622,Corneillan,14
2401332,19:04:00,19:04:10,stop_point:SP_2217,Ardennes,15
2401332,19:04:00,19:04:10,stop_point:SP_3458,Etchepare,16
2401332,19:06:00,19:06:10,stop_point:SP_3556,Grynfogel,17
2401332,19:07:00,19:07:10,stop_point:SP_471,Ramelet Moundi,18
2401332,19:08:00,19:08:10,stop_point:SP_3024,Prat,19
2401332,19:11:00,19:11:10,stop_point:SP_2190,Cabanon,20
2401332,19:12:00,19:12:10,stop_point:SP_1044,Cascade,21
2401332,19:13:00,19:13:10,stop_point:SP_615,Bois Joly,22
2401332,19:14:00,19:14:10,stop_point:SP_3532,Petit Marquis,23
2401332,19:16:00,19:16:10,stop_point:SP_3036,Brunet Faure,24
2401332,19:16:00,19:16:10,stop_point:SP_2116,Pont,25
2401332,19:18:00,19:18:10,stop_point:SP_3997,Charlas,26
2401332,19:19:00,19:19:10,stop_point:SP_4714,Parc de Campagne,27
2401332,19:21:00,19:21:10,stop_point:SP_4712,Jules Verne,28
2401332,19:21:00,19:21:10,stop_point:SP_4713,Camélias,29
2401332,19:22:00,19:22:10,stop_point:SP_4716,Jonquilles,30
2401332,19:23:00,19:23:10,stop_point:SP_3629,Montaigne,31
2401332,19:23:00,19:23:10,stop_point:SP_1172,Maison de Retraite,32
2401332,19:24:00,19:24:10,stop_point:SP_817,Plaisance Accueil,33
2401332,19:24:00,19:24:10,stop_point:SP_3128,Capelles,34
2401332,19:25:00,19:25:10,stop_point:SP_3780,Fauvettes,35
2401332,19:26:00,19:26:10,stop_point:SP_1027,Plaisance Monestié,36
2401333,19:30:00,19:30:10,stop_point:SP_3590,Arènes,1
2401333,19:32:00,19:32:10,stop_point:SP_794,Clinique Pasteur,2
2401333,19:33:00,19:33:10,stop_point:SP_2706,Roquemaurel,3
2401333,19:33:00,19:33:10,stop_point:SP_2743,Av. de Lombez,4
2401333,19:34:00,19:34:10,stop_point:SP_2956,Hippodrome,5
2401333,19:35:00,19:35:10,stop_point:SP_3162,Brombach,6
2401333,19:36:00,19:36:10,stop_point:SP_2467,Pont Rocade,7
2401333,19:37:00,19:37:10,stop_point:SP_1536,Les Tourelles,8
2401333,19:38:00,19:38:10,stop_point:SP_1178,Vitarelles,9
2401333,19:39:00,19:39:10,stop_point:SP_1372,Châtaigniers,10
2401333,19:40:00,19:40:10,stop_point:SP_3214,Molette,11
2401333,19:40:00,19:40:10,stop_point:SP_898,Villèle,12
2401333,19:41:00,19:41:10,stop_point:SP_3117,Mazaygues,13
2401333,19:42:00,19:42:10,stop_point:SP_1622,Corneillan,14
2401333,19:43:00,19:43:10,stop_point:SP_2217,Ardennes,15
2401333,19:43:00,19:43:10,stop_point:SP_3458,Etchepare,16
2401333,19:45:00,19:45:10,stop_point:SP_3556,Grynfogel,17
2401333,19:46:00,19:46:10,stop_point:SP_471,Ramelet Moundi,18
2401333,19:47:00,19:47:10,stop_point:SP_3024,Prat,19
2401333,19:49:00,19:49:10,stop_point:SP_2190,Cabanon,20
2401333,19:50:00,19:50:10,stop_point:SP_1044,Cascade,21
2401333,19:51:00,19:51:10,stop_point:SP_615,Bois Joly,22
2401333,19:52:00,19:52:10,stop_point:SP_3532,Petit Marquis,23
2401333,19:53:00,19:53:10,stop_point:SP_3036,Brunet Faure,24
2401333,19:54:00,19:54:10,stop_point:SP_2116,Pont,25
2401333,19:55:00,19:55:10,stop_point:SP_3997,Charlas,26
2401333,19:57:00,19:57:10,stop_point:SP_4714,Parc de Campagne,27
2401333,19:58:00,19:58:10,stop_point:SP_4712,Jules Verne,28
2401333,19:59:00,19:59:10,stop_point:SP_4713,Camélias,29
2401333,19:59:00,19:59:10,stop_point:SP_4716,Jonquilles,30
2401333,20:00:00,20:00:10,stop_point:SP_3629,Montaigne,31
2401333,20:00:00,20:00:10,stop_point:SP_1172,Maison de Retraite,32
2401333,20:01:00,20:01:10,stop_point:SP_817,Plaisance Accueil,33
2401333,20:01:00,20:01:10,stop_point:SP_3128,Capelles,34
2401333,20:02:00,20:02:10,stop_point:SP_3780,Fauvettes,35
2401333,20:03:00,20:03:10,stop_point:SP_1027,Plaisance Monestié,36
2401334,19:50:00,19:50:10,stop_point:SP_3590,Arènes,1
2401334,19:52:00,19:52:10,stop_point:SP_794,Clinique Pasteur,2
2401334,19:53:00,19:53:10,stop_point:SP_2706,Roquemaurel,3
2401334,19:53:00,19:53:10,stop_point:SP_2743,Av. de Lombez,4
2401334,19:54:00,19:54:10,stop_point:SP_2956,Hippodrome,5
2401334,19:55:00,19:55:10,stop_point:SP_3162,Brombach,6
2401334,19:56:00,19:56:10,stop_point:SP_2467,Pont Rocade,7
2401334,19:57:00,19:57:10,stop_point:SP_1536,Les Tourelles,8
2401334,19:58:00,19:58:10,stop_point:SP_1178,Vitarelles,9
2401334,19:59:00,19:59:10,stop_point:SP_1372,Châtaigniers,10
2401334,20:00:00,20:00:10,stop_point:SP_3214,Molette,11
2401334,20:00:00,20:00:10,stop_point:SP_898,Villèle,12
2401334,20:01:00,20:01:10,stop_point:SP_3117,Mazaygues,13
2401334,20:02:00,20:02:10,stop_point:SP_1622,Corneillan,14
2401334,20:03:00,20:03:10,stop_point:SP_2217,Ardennes,15
2401334,20:03:00,20:03:10,stop_point:SP_3458,Etchepare,16
2401334,20:05:00,20:05:10,stop_point:SP_3556,Grynfogel,17
2401334,20:06:00,20:06:10,stop_point:SP_471,Ramelet Moundi,18
2401334,20:07:00,20:07:10,stop_point:SP_3024,Prat,19
2401334,20:08:00,20:08:10,stop_point:SP_2190,Cabanon,20
2401334,20:09:00,20:09:10,stop_point:SP_1044,Cascade,21
2401334,20:10:00,20:10:10,stop_point:SP_615,Bois Joly,22
2401334,20:11:00,20:11:10,stop_point:SP_3532,Petit Marquis,23
2401334,20:12:00,20:12:10,stop_point:SP_3036,Brunet Faure,24
2401334,20:13:00,20:13:10,stop_point:SP_2116,Pont,25
2401334,20:14:00,20:14:10,stop_point:SP_3997,Charlas,26
2401334,20:16:00,20:16:10,stop_point:SP_4714,Parc de Campagne,27
2401334,20:17:00,20:17:10,stop_point:SP_4712,Jules Verne,28
2401334,20:18:00,20:18:10,stop_point:SP_4713,Camélias,29
2401334,20:18:00,20:18:10,stop_point:SP_4716,Jonquilles,30
2401334,20:19:00,20:19:10,stop_point:SP_3629,Montaigne,31
2401334,20:19:00,20:19:10,stop_point:SP_1172,Maison de Retraite,32
2401334,20:20:00,20:20:10,stop_point:SP_817,Plaisance Accueil,33
2401334,20:20:00,20:20:10,stop_point:SP_3128,Capelles,34
2401334,20:21:00,20:21:10,stop_point:SP_3780,Fauvettes,35
2401334,20:22:00,20:22:10,stop_point:SP_1027,Plaisance Monestié,36
2401335,18:00:00,18:00:10,stop_point:SP_3590,Arènes,1
2401335,18:03:00,18:03:10,stop_point:SP_794,Clinique Pasteur,2
2401335,18:04:00,18:04:10,stop_point:SP_2706,Roquemaurel,3
2401335,18:05:00,18:05:10,stop_point:SP_2743,Av. de Lombez,4
2401335,18:06:00,18:06:10,stop_point:SP_2956,Hippodrome,5
2401335,18:08:00,18:08:10,stop_point:SP_3162,Brombach,6
2401335,18:09:00,18:09:10,stop_point:SP_2467,Pont Rocade,7
2401335,18:10:00,18:10:10,stop_point:SP_1536,Les Tourelles,8
2401335,18:11:00,18:11:10,stop_point:SP_1178,Vitarelles,9
2401335,18:12:00,18:12:10,stop_point:SP_1372,Châtaigniers,10
2401335,18:13:00,18:13:10,stop_point:SP_3214,Molette,11
2401335,18:13:00,18:13:10,stop_point:SP_898,Villèle,12
2401335,18:14:00,18:14:10,stop_point:SP_3117,Mazaygues,13
2401335,18:15:00,18:15:10,stop_point:SP_1622,Corneillan,14
2401335,18:16:00,18:16:10,stop_point:SP_2217,Ardennes,15
2401335,18:16:00,18:16:10,stop_point:SP_3458,Etchepare,16
2401335,18:18:00,18:18:10,stop_point:SP_3556,Grynfogel,17
2401335,18:19:00,18:19:10,stop_point:SP_471,Ramelet Moundi,18
2401335,18:20:00,18:20:10,stop_point:SP_3024,Prat,19
2401335,18:23:00,18:23:10,stop_point:SP_2190,Cabanon,20
2401335,18:24:00,18:24:10,stop_point:SP_1044,Cascade,21
2401335,18:26:00,18:26:10,stop_point:SP_615,Bois Joly,22
2401335,18:28:00,18:28:10,stop_point:SP_3532,Petit Marquis,23
2401335,18:29:00,18:29:10,stop_point:SP_3036,Brunet Faure,24
2401335,18:30:00,18:30:10,stop_point:SP_2116,Pont,25
2401335,18:32:00,18:32:10,stop_point:SP_3997,Charlas,26
2401335,18:34:00,18:34:10,stop_point:SP_4714,Parc de Campagne,27
2401335,18:36:00,18:36:10,stop_point:SP_4712,Jules Verne,28
2401335,18:38:00,18:38:10,stop_point:SP_4713,Camélias,29
2401335,18:39:00,18:39:10,stop_point:SP_4716,Jonquilles,30
2401335,18:39:00,18:39:10,stop_point:SP_3629,Montaigne,31
2401335,18:40:00,18:40:10,stop_point:SP_1172,Maison de Retraite,32
2401335,18:41:00,18:41:10,stop_point:SP_817,Plaisance Accueil,33
2401335,18:41:00,18:41:10,stop_point:SP_3128,Capelles,34
2401335,18:42:00,18:42:10,stop_point:SP_3780,Fauvettes,35
2401335,18:43:00,18:43:10,stop_point:SP_1027,Plaisance Monestié,36
2401336,08:10:00,08:10:10,stop_point:SP_3590,Arènes,1
2401336,08:13:00,08:13:10,stop_point:SP_794,Clinique Pasteur,2
2401336,08:13:00,08:13:10,stop_point:SP_2706,Roquemaurel,3
2401336,08:14:00,08:14:10,stop_point:SP_2743,Av. de Lombez,4
2401336,08:16:00,08:16:10,stop_point:SP_2956,Hippodrome,5
2401336,08:17:00,08:17:10,stop_point:SP_3162,Brombach,6
2401336,08:18:00,08:18:10,stop_point:SP_2467,Pont Rocade,7
2401336,08:19:00,08:19:10,stop_point:SP_1536,Les Tourelles,8
2401336,08:20:00,08:20:10,stop_point:SP_1178,Vitarelles,9
2401336,08:21:00,08:21:10,stop_point:SP_1372,Châtaigniers,10
2401336,08:22:00,08:22:10,stop_point:SP_3214,Molette,11
2401336,08:22:00,08:22:10,stop_point:SP_898,Villèle,12
2401336,08:23:00,08:23:10,stop_point:SP_3117,Mazaygues,13
2401336,08:24:00,08:24:10,stop_point:SP_1622,Corneillan,14
2401336,08:25:00,08:25:10,stop_point:SP_2217,Ardennes,15
2401336,08:26:00,08:26:10,stop_point:SP_3458,Etchepare,16
2401336,08:27:00,08:27:10,stop_point:SP_3556,Grynfogel,17
2401336,08:29:00,08:29:10,stop_point:SP_471,Ramelet Moundi,18
2401336,08:30:00,08:30:10,stop_point:SP_3024,Prat,19
2401336,08:32:00,08:32:10,stop_point:SP_2190,Cabanon,20
2401336,08:33:00,08:33:10,stop_point:SP_1044,Cascade,21
2401336,08:35:00,08:35:10,stop_point:SP_615,Bois Joly,22
2401336,08:36:00,08:36:10,stop_point:SP_3532,Petit Marquis,23
2401336,08:37:00,08:37:10,stop_point:SP_3036,Brunet Faure,24
2401336,08:38:00,08:38:10,stop_point:SP_2116,Pont,25
2401336,08:40:00,08:40:10,stop_point:SP_3997,Charlas,26
2401336,08:41:00,08:41:10,stop_point:SP_4714,Parc de Campagne,27
2401336,08:43:00,08:43:10,stop_point:SP_4712,Jules Verne,28
2401336,08:44:00,08:44:10,stop_point:SP_4713,Camélias,29
2401336,08:45:00,08:45:10,stop_point:SP_4716,Jonquilles,30
2401336,08:46:00,08:46:10,stop_point:SP_3629,Montaigne,31
2401336,08:46:00,08:46:10,stop_point:SP_1172,Maison de Retraite,32
2401336,08:47:00,08:47:10,stop_point:SP_817,Plaisance Accueil,33
2401336,08:47:00,08:47:10,stop_point:SP_3128,Capelles,34
2401336,08:48:00,08:48:10,stop_point:SP_3780,Fauvettes,35
2401336,08:49:00,08:49:10,stop_point:SP_1027,Plaisance Monestié,36
2401337,08:40:00,08:40:10,stop_point:SP_3590,Arènes,1
2401337,08:43:00,08:43:10,stop_point:SP_794,Clinique Pasteur,2
2401337,08:44:00,08:44:10,stop_point:SP_2706,Roquemaurel,3
2401337,08:45:00,08:45:10,stop_point:SP_2743,Av. de Lombez,4
2401337,08:46:00,08:46:10,stop_point:SP_2956,Hippodrome,5
2401337,08:48:00,08:48:10,stop_point:SP_3162,Brombach,6
2401337,08:49:00,08:49:10,stop_point:SP_2467,Pont Rocade,7
2401337,08:50:00,08:50:10,stop_point:SP_1536,Les Tourelles,8
2401337,08:51:00,08:51:10,stop_point:SP_1178,Vitarelles,9
2401337,08:52:00,08:52:10,stop_point:SP_1372,Châtaigniers,10
2401337,08:53:00,08:53:10,stop_point:SP_3214,Molette,11
2401337,08:53:00,08:53:10,stop_point:SP_898,Villèle,12
2401337,08:54:00,08:54:10,stop_point:SP_3117,Mazaygues,13
2401337,08:55:00,08:55:10,stop_point:SP_1622,Corneillan,14
2401337,08:56:00,08:56:10,stop_point:SP_2217,Ardennes,15
2401337,08:57:00,08:57:10,stop_point:SP_3458,Etchepare,16
2401337,08:58:00,08:58:10,stop_point:SP_3556,Grynfogel,17
2401337,09:00:00,09:00:10,stop_point:SP_471,Ramelet Moundi,18
2401337,09:01:00,09:01:10,stop_point:SP_3024,Prat,19
2401337,09:03:00,09:03:10,stop_point:SP_2190,Cabanon,20
2401337,09:04:00,09:04:10,stop_point:SP_1044,Cascade,21
2401337,09:05:00,09:05:10,stop_point:SP_615,Bois Joly,22
2401337,09:06:00,09:06:10,stop_point:SP_3532,Petit Marquis,23
2401337,09:08:00,09:08:10,stop_point:SP_3036,Brunet Faure,24
2401337,09:08:00,09:08:10,stop_point:SP_2116,Pont,25
2401337,09:10:00,09:10:10,stop_point:SP_3997,Charlas,26
2401337,09:11:00,09:11:10,stop_point:SP_4714,Parc de Campagne,27
2401337,09:13:00,09:13:10,stop_point:SP_4712,Jules Verne,28
2401337,09:13:00,09:13:10,stop_point:SP_4713,Camélias,29
2401337,09:14:00,09:14:10,stop_point:SP_4716,Jonquilles,30
2401337,09:15:00,09:15:10,stop_point:SP_3629,Montaigne,31
2401337,09:15:00,09:15:10,stop_point:SP_1172,Maison de Retraite,32
2401337,09:16:00,09:16:10,stop_point:SP_817,Plaisance Accueil,33
2401337,09:16:00,09:16:10,stop_point:SP_3128,Capelles,34
2401337,09:17:00,09:17:10,stop_point:SP_3780,Fauvettes,35
2401337,09:18:00,09:18:10,stop_point:SP_1027,Plaisance Monestié,36
2401338,09:15:00,09:15:10,stop_point:SP_3590,Arènes,1
2401338,09:17:00,09:17:10,stop_point:SP_794,Clinique Pasteur,2
2401338,09:18:00,09:18:10,stop_point:SP_2706,Roquemaurel,3
2401338,09:19:00,09:19:10,stop_point:SP_2743,Av. de Lombez,4
2401338,09:20:00,09:20:10,stop_point:SP_2956,Hippodrome,5
2401338,09:21:00,09:21:10,stop_point:SP_3162,Brombach,6
2401338,09:22:00,09:22:10,stop_point:SP_2467,Pont Rocade,7
2401338,09:23:00,09:23:10,stop_point:SP_1536,Les Tourelles,8
2401338,09:24:00,09:24:10,stop_point:SP_1178,Vitarelles,9
2401338,09:25:00,09:25:10,stop_point:SP_1372,Châtaigniers,10
2401338,09:26:00,09:26:10,stop_point:SP_3214,Molette,11
2401338,09:26:00,09:26:10,stop_point:SP_898,Villèle,12
2401338,09:27:00,09:27:10,stop_point:SP_3117,Mazaygues,13
2401338,09:28:00,09:28:10,stop_point:SP_1622,Corneillan,14
2401338,09:29:00,09:29:10,stop_point:SP_2217,Ardennes,15
2401338,09:29:00,09:29:10,stop_point:SP_3458,Etchepare,16
2401338,09:31:00,09:31:10,stop_point:SP_3556,Grynfogel,17
2401338,09:32:00,09:32:10,stop_point:SP_471,Ramelet Moundi,18
2401338,09:33:00,09:33:10,stop_point:SP_3024,Prat,19
2401338,09:34:00,09:34:10,stop_point:SP_2190,Cabanon,20
2401338,09:35:00,09:35:10,stop_point:SP_1044,Cascade,21
2401338,09:36:00,09:36:10,stop_point:SP_615,Bois Joly,22
2401338,09:37:00,09:37:10,stop_point:SP_3532,Petit Marquis,23
2401338,09:39:00,09:39:10,stop_point:SP_3036,Brunet Faure,24
2401338,09:39:00,09:39:10,stop_point:SP_2116,Pont,25
2401338,09:41:00,09:41:10,stop_point:SP_3997,Charlas,26
2401338,09:42:00,09:42:10,stop_point:SP_4714,Parc de Campagne,27
2401338,09:44:00,09:44:10,stop_point:SP_4712,Jules Verne,28
2401338,09:44:00,09:44:10,stop_point:SP_4713,Camélias,29
2401338,09:45:00,09:45:10,stop_point:SP_4716,Jonquilles,30
2401338,09:46:00,09:46:10,stop_point:SP_3629,Montaigne,31
2401338,09:46:00,09:46:10,stop_point:SP_1172,Maison de Retraite,32
2401338,09:47:00,09:47:10,stop_point:SP_817,Plaisance Accueil,33
2401338,09:47:00,09:47:10,stop_point:SP_3128,Capelles,34
2401338,09:48:00,09:48:10,stop_point:SP_3780,Fauvettes,35
2401338,09:49:00,09:49:10,stop_point:SP_1027,Plaisance Monestié,36
2401339,09:50:00,09:50:10,stop_point:SP_3590,Arènes,1
2401339,09:52:00,09:52:10,stop_point:SP_794,Clinique Pasteur,2
2401339,09:53:00,09:53:10,stop_point:SP_2706,Roquemaurel,3
2401339,09:54:00,09:54:10,stop_point:SP_2743,Av. de Lombez,4
2401339,09:55:00,09:55:10,stop_point:SP_2956,Hippodrome,5
2401339,09:56:00,09:56:10,stop_point:SP_3162,Brombach,6
2401339,09:57:00,09:57:10,stop_point:SP_2467,Pont Rocade,7
2401339,09:58:00,09:58:10,stop_point:SP_1536,Les Tourelles,8
2401339,09:58:00,09:58:10,stop_point:SP_1178,Vitarelles,9
2401339,09:59:00,09:59:10,stop_point:SP_1372,Châtaigniers,10
2401339,10:00:00,10:00:10,stop_point:SP_3214,Molette,11
2401339,10:01:00,10:01:10,stop_point:SP_898,Villèle,12
2401339,10:01:00,10:01:10,stop_point:SP_3117,Mazaygues,13
2401339,10:02:00,10:02:10,stop_point:SP_1622,Corneillan,14
2401339,10:03:00,10:03:10,stop_point:SP_2217,Ardennes,15
2401339,10:03:00,10:03:10,stop_point:SP_3458,Etchepare,16
2401339,10:05:00,10:05:10,stop_point:SP_3556,Grynfogel,17
2401339,10:06:00,10:06:10,stop_point:SP_471,Ramelet Moundi,18
2401339,10:07:00,10:07:10,stop_point:SP_3024,Prat,19
2401339,10:08:00,10:08:10,stop_point:SP_2190,Cabanon,20
2401339,10:09:00,10:09:10,stop_point:SP_1044,Cascade,21
2401339,10:10:00,10:10:10,stop_point:SP_615,Bois Joly,22
2401339,10:11:00,10:11:10,stop_point:SP_3532,Petit Marquis,23
2401339,10:13:00,10:13:10,stop_point:SP_3036,Brunet Faure,24
2401339,10:13:00,10:13:10,stop_point:SP_2116,Pont,25
2401339,10:15:00,10:15:10,stop_point:SP_3997,Charlas,26
2401339,10:16:00,10:16:10,stop_point:SP_4714,Parc de Campagne,27
2401339,10:18:00,10:18:10,stop_point:SP_4712,Jules Verne,28
2401339,10:18:00,10:18:10,stop_point:SP_4713,Camélias,29
2401339,10:19:00,10:19:10,stop_point:SP_4716,Jonquilles,30
2401339,10:20:00,10:20:10,stop_point:SP_3629,Montaigne,31
2401339,10:20:00,10:20:10,stop_point:SP_1172,Maison de Retraite,32
2401339,10:21:00,10:21:10,stop_point:SP_817,Plaisance Accueil,33
2401339,10:21:00,10:21:10,stop_point:SP_3128,Capelles,34
2401339,10:22:00,10:22:10,stop_point:SP_3780,Fauvettes,35
2401339,10:23:00,10:23:10,stop_point:SP_1027,Plaisance Monestié,36
2401340,10:25:00,10:25:10,stop_point:SP_3590,Arènes,1
2401340,10:27:00,10:27:10,stop_point:SP_794,Clinique Pasteur,2
2401340,10:28:00,10:28:10,stop_point:SP_2706,Roquemaurel,3
2401340,10:29:00,10:29:10,stop_point:SP_2743,Av. de Lombez,4
2401340,10:30:00,10:30:10,stop_point:SP_2956,Hippodrome,5
2401340,10:31:00,10:31:10,stop_point:SP_3162,Brombach,6
2401340,10:32:00,10:32:10,stop_point:SP_2467,Pont Rocade,7
2401340,10:33:00,10:33:10,stop_point:SP_1536,Les Tourelles,8
2401340,10:33:00,10:33:10,stop_point:SP_1178,Vitarelles,9
2401340,10:34:00,10:34:10,stop_point:SP_1372,Châtaigniers,10
2401340,10:35:00,10:35:10,stop_point:SP_3214,Molette,11
2401340,10:36:00,10:36:10,stop_point:SP_898,Villèle,12
2401340,10:36:00,10:36:10,stop_point:SP_3117,Mazaygues,13
2401340,10:37:00,10:37:10,stop_point:SP_1622,Corneillan,14
2401340,10:38:00,10:38:10,stop_point:SP_2217,Ardennes,15
2401340,10:38:00,10:38:10,stop_point:SP_3458,Etchepare,16
2401340,10:40:00,10:40:10,stop_point:SP_3556,Grynfogel,17
2401340,10:41:00,10:41:10,stop_point:SP_471,Ramelet Moundi,18
2401340,10:42:00,10:42:10,stop_point:SP_3024,Prat,19
2401340,10:43:00,10:43:10,stop_point:SP_2190,Cabanon,20
2401340,10:44:00,10:44:10,stop_point:SP_1044,Cascade,21
2401340,10:45:00,10:45:10,stop_point:SP_615,Bois Joly,22
2401340,10:46:00,10:46:10,stop_point:SP_3532,Petit Marquis,23
2401340,10:48:00,10:48:10,stop_point:SP_3036,Brunet Faure,24
2401340,10:48:00,10:48:10,stop_point:SP_2116,Pont,25
2401340,10:50:00,10:50:10,stop_point:SP_3997,Charlas,26
2401340,10:51:00,10:51:10,stop_point:SP_4714,Parc de Campagne,27
2401340,10:53:00,10:53:10,stop_point:SP_4712,Jules Verne,28
2401340,10:53:00,10:53:10,stop_point:SP_4713,Camélias,29
2401340,10:54:00,10:54:10,stop_point:SP_4716,Jonquilles,30
2401340,10:55:00,10:55:10,stop_point:SP_3629,Montaigne,31
2401340,10:55:00,10:55:10,stop_point:SP_1172,Maison de Retraite,32
2401340,10:56:00,10:56:10,stop_point:SP_817,Plaisance Accueil,33
2401340,10:56:00,10:56:10,stop_point:SP_3128,Capelles,34
2401340,10:57:00,10:57:10,stop_point:SP_3780,Fauvettes,35
2401340,10:58:00,10:58:10,stop_point:SP_1027,Plaisance Monestié,36
2401341,11:35:00,11:35:10,stop_point:SP_3590,Arènes,1
2401341,11:37:00,11:37:10,stop_point:SP_794,Clinique Pasteur,2
2401341,11:38:00,11:38:10,stop_point:SP_2706,Roquemaurel,3
2401341,11:39:00,11:39:10,stop_point:SP_2743,Av. de Lombez,4
2401341,11:40:00,11:40:10,stop_point:SP_2956,Hippodrome,5
2401341,11:41:00,11:41:10,stop_point:SP_3162,Brombach,6
2401341,11:42:00,11:42:10,stop_point:SP_2467,Pont Rocade,7
2401341,11:43:00,11:43:10,stop_point:SP_1536,Les Tourelles,8
2401341,11:44:00,11:44:10,stop_point:SP_1178,Vitarelles,9
2401341,11:45:00,11:45:10,stop_point:SP_1372,Châtaigniers,10
2401341,11:46:00,11:46:10,stop_point:SP_3214,Molette,11
2401341,11:46:00,11:46:10,stop_point:SP_898,Villèle,12
2401341,11:47:00,11:47:10,stop_point:SP_3117,Mazaygues,13
2401341,11:48:00,11:48:10,stop_point:SP_1622,Corneillan,14
2401341,11:49:00,11:49:10,stop_point:SP_2217,Ardennes,15
2401341,11:49:00,11:49:10,stop_point:SP_3458,Etchepare,16
2401341,11:51:00,11:51:10,stop_point:SP_3556,Grynfogel,17
2401341,11:52:00,11:52:10,stop_point:SP_471,Ramelet Moundi,18
2401341,11:53:00,11:53:10,stop_point:SP_3024,Prat,19
2401341,11:54:00,11:54:10,stop_point:SP_2190,Cabanon,20
2401341,11:55:00,11:55:10,stop_point:SP_1044,Cascade,21
2401341,11:56:00,11:56:10,stop_point:SP_615,Bois Joly,22
2401341,11:57:00,11:57:10,stop_point:SP_3532,Petit Marquis,23
2401341,11:59:00,11:59:10,stop_point:SP_3036,Brunet Faure,24
2401341,11:59:00,11:59:10,stop_point:SP_2116,Pont,25
2401341,12:01:00,12:01:10,stop_point:SP_3997,Charlas,26
2401341,12:02:00,12:02:10,stop_point:SP_4714,Parc de Campagne,27
2401341,12:04:00,12:04:10,stop_point:SP_4712,Jules Verne,28
2401341,12:04:00,12:04:10,stop_point:SP_4713,Camélias,29
2401341,12:05:00,12:05:10,stop_point:SP_4716,Jonquilles,30
2401341,12:06:00,12:06:10,stop_point:SP_3629,Montaigne,31
2401341,12:06:00,12:06:10,stop_point:SP_1172,Maison de Retraite,32
2401341,12:07:00,12:07:10,stop_point:SP_817,Plaisance Accueil,33
2401341,12:07:00,12:07:10,stop_point:SP_3128,Capelles,34
2401341,12:08:00,12:08:10,stop_point:SP_3780,Fauvettes,35
2401341,12:09:00,12:09:10,stop_point:SP_1027,Plaisance Monestié,36
2401342,07:05:00,07:05:10,stop_point:SP_3590,Arènes,1
2401342,07:07:00,07:07:10,stop_point:SP_794,Clinique Pasteur,2
2401342,07:08:00,07:08:10,stop_point:SP_2706,Roquemaurel,3
2401342,07:08:00,07:08:10,stop_point:SP_2743,Av. de Lombez,4
2401342,07:09:00,07:09:10,stop_point:SP_2956,Hippodrome,5
2401342,07:10:00,07:10:10,stop_point:SP_3162,Brombach,6
2401342,07:11:00,07:11:10,stop_point:SP_2467,Pont Rocade,7
2401342,07:12:00,07:12:10,stop_point:SP_1536,Les Tourelles,8
2401342,07:12:00,07:12:10,stop_point:SP_1178,Vitarelles,9
2401342,07:13:00,07:13:10,stop_point:SP_1372,Châtaigniers,10
2401342,07:14:00,07:14:10,stop_point:SP_3214,Molette,11
2401342,07:15:00,07:15:10,stop_point:SP_898,Villèle,12
2401342,07:15:00,07:15:10,stop_point:SP_3117,Mazaygues,13
2401342,07:16:00,07:16:10,stop_point:SP_1622,Corneillan,14
2401342,07:17:00,07:17:10,stop_point:SP_2217,Ardennes,15
2401342,07:17:00,07:17:10,stop_point:SP_3458,Etchepare,16
2401342,07:19:00,07:19:10,stop_point:SP_3556,Grynfogel,17
2401342,07:20:00,07:20:10,stop_point:SP_471,Ramelet Moundi,18
2401342,07:21:00,07:21:10,stop_point:SP_3024,Prat,19
2401342,07:22:00,07:22:10,stop_point:SP_2190,Cabanon,20
2401342,07:23:00,07:23:10,stop_point:SP_1044,Cascade,21
2401342,07:25:00,07:25:10,stop_point:SP_615,Bois Joly,22
2401342,07:26:00,07:26:10,stop_point:SP_3532,Petit Marquis,23
2401342,07:27:00,07:27:10,stop_point:SP_3036,Brunet Faure,24
2401342,07:28:00,07:28:10,stop_point:SP_2116,Pont,25
2401342,07:30:00,07:30:10,stop_point:SP_3997,Charlas,26
2401342,07:31:00,07:31:10,stop_point:SP_4714,Parc de Campagne,27
2401342,07:33:00,07:33:10,stop_point:SP_4712,Jules Verne,28
2401342,07:34:00,07:34:10,stop_point:SP_4713,Camélias,29
2401342,07:35:00,07:35:10,stop_point:SP_4716,Jonquilles,30
2401342,07:36:00,07:36:10,stop_point:SP_3629,Montaigne,31
2401342,07:36:00,07:36:10,stop_point:SP_1172,Maison de Retraite,32
2401342,07:37:00,07:37:10,stop_point:SP_817,Plaisance Accueil,33
2401342,07:37:00,07:37:10,stop_point:SP_3128,Capelles,34
2401342,07:38:00,07:38:10,stop_point:SP_3780,Fauvettes,35
2401342,07:39:00,07:39:10,stop_point:SP_1027,Plaisance Monestié,36
2401343,13:55:00,13:55:10,stop_point:SP_3590,Arènes,1
2401343,13:57:00,13:57:10,stop_point:SP_794,Clinique Pasteur,2
2401343,13:58:00,13:58:10,stop_point:SP_2706,Roquemaurel,3
2401343,13:59:00,13:59:10,stop_point:SP_2743,Av. de Lombez,4
2401343,14:00:00,14:00:10,stop_point:SP_2956,Hippodrome,5
2401343,14:01:00,14:01:10,stop_point:SP_3162,Brombach,6
2401343,14:02:00,14:02:10,stop_point:SP_2467,Pont Rocade,7
2401343,14:03:00,14:03:10,stop_point:SP_1536,Les Tourelles,8
2401343,14:04:00,14:04:10,stop_point:SP_1178,Vitarelles,9
2401343,14:05:00,14:05:10,stop_point:SP_1372,Châtaigniers,10
2401343,14:06:00,14:06:10,stop_point:SP_3214,Molette,11
2401343,14:06:00,14:06:10,stop_point:SP_898,Villèle,12
2401343,14:07:00,14:07:10,stop_point:SP_3117,Mazaygues,13
2401343,14:08:00,14:08:10,stop_point:SP_1622,Corneillan,14
2401343,14:09:00,14:09:10,stop_point:SP_2217,Ardennes,15
2401343,14:09:00,14:09:10,stop_point:SP_3458,Etchepare,16
2401343,14:11:00,14:11:10,stop_point:SP_3556,Grynfogel,17
2401343,14:12:00,14:12:10,stop_point:SP_471,Ramelet Moundi,18
2401343,14:13:00,14:13:10,stop_point:SP_3024,Prat,19
2401343,14:15:00,14:15:10,stop_point:SP_2190,Cabanon,20
2401343,14:16:00,14:16:10,stop_point:SP_1044,Cascade,21
2401343,14:17:00,14:17:10,stop_point:SP_615,Bois Joly,22
2401343,14:18:00,14:18:10,stop_point:SP_3532,Petit Marquis,23
2401343,14:20:00,14:20:10,stop_point:SP_3036,Brunet Faure,24
2401343,14:20:00,14:20:10,stop_point:SP_2116,Pont,25
2401343,14:22:00,14:22:10,stop_point:SP_3997,Charlas,26
2401343,14:23:00,14:23:10,stop_point:SP_4714,Parc de Campagne,27
2401343,14:25:00,14:25:10,stop_point:SP_4712,Jules Verne,28
2401343,14:25:00,14:25:10,stop_point:SP_4713,Camélias,29
2401343,14:26:00,14:26:10,stop_point:SP_4716,Jonquilles,30
2401343,14:27:00,14:27:10,stop_point:SP_3629,Montaigne,31
2401343,14:27:00,14:27:10,stop_point:SP_1172,Maison de Retraite,32
2401343,14:28:00,14:28:10,stop_point:SP_817,Plaisance Accueil,33
2401343,14:28:00,14:28:10,stop_point:SP_3128,Capelles,34
2401343,14:29:00,14:29:10,stop_point:SP_3780,Fauvettes,35
2401343,14:30:00,14:30:10,stop_point:SP_1027,Plaisance Monestié,36
2401344,12:45:00,12:45:10,stop_point:SP_3590,Arènes,1
2401344,12:47:00,12:47:10,stop_point:SP_794,Clinique Pasteur,2
2401344,12:48:00,12:48:10,stop_point:SP_2706,Roquemaurel,3
2401344,12:49:00,12:49:10,stop_point:SP_2743,Av. de Lombez,4
2401344,12:50:00,12:50:10,stop_point:SP_2956,Hippodrome,5
2401344,12:51:00,12:51:10,stop_point:SP_3162,Brombach,6
2401344,12:52:00,12:52:10,stop_point:SP_2467,Pont Rocade,7
2401344,12:53:00,12:53:10,stop_point:SP_1536,Les Tourelles,8
2401344,12:54:00,12:54:10,stop_point:SP_1178,Vitarelles,9
2401344,12:55:00,12:55:10,stop_point:SP_1372,Châtaigniers,10
2401344,12:56:00,12:56:10,stop_point:SP_3214,Molette,11
2401344,12:56:00,12:56:10,stop_point:SP_898,Villèle,12
2401344,12:57:00,12:57:10,stop_point:SP_3117,Mazaygues,13
2401344,12:58:00,12:58:10,stop_point:SP_1622,Corneillan,14
2401344,12:59:00,12:59:10,stop_point:SP_2217,Ardennes,15
2401344,12:59:00,12:59:10,stop_point:SP_3458,Etchepare,16
2401344,13:01:00,13:01:10,stop_point:SP_3556,Grynfogel,17
2401344,13:02:00,13:02:10,stop_point:SP_471,Ramelet Moundi,18
2401344,13:03:00,13:03:10,stop_point:SP_3024,Prat,19
2401344,13:05:00,13:05:10,stop_point:SP_2190,Cabanon,20
2401344,13:06:00,13:06:10,stop_point:SP_1044,Cascade,21
2401344,13:07:00,13:07:10,stop_point:SP_615,Bois Joly,22
2401344,13:08:00,13:08:10,stop_point:SP_3532,Petit Marquis,23
2401344,13:10:00,13:10:10,stop_point:SP_3036,Brunet Faure,24
2401344,13:10:00,13:10:10,stop_point:SP_2116,Pont,25
2401344,13:12:00,13:12:10,stop_point:SP_3997,Charlas,26
2401344,13:13:00,13:13:10,stop_point:SP_4714,Parc de Campagne,27
2401344,13:15:00,13:15:10,stop_point:SP_4712,Jules Verne,28
2401344,13:15:00,13:15:10,stop_point:SP_4713,Camélias,29
2401344,13:16:00,13:16:10,stop_point:SP_4716,Jonquilles,30
2401344,13:17:00,13:17:10,stop_point:SP_3629,Montaigne,31
2401344,13:17:00,13:17:10,stop_point:SP_1172,Maison de Retraite,32
2401344,13:18:00,13:18:10,stop_point:SP_817,Plaisance Accueil,33
2401344,13:18:00,13:18:10,stop_point:SP_3128,Capelles,34
2401344,13:19:00,13:19:10,stop_point:SP_3780,Fauvettes,35
2401344,13:20:00,13:20:10,stop_point:SP_1027,Plaisance Monestié,36
2401345,15:30:00,15:30:10,stop_point:SP_3590,Arènes,1
2401345,15:32:00,15:32:10,stop_point:SP_794,Clinique Pasteur,2
2401345,15:33:00,15:33:10,stop_point:SP_2706,Roquemaurel,3
2401345,15:34:00,15:34:10,stop_point:SP_2743,Av. de Lombez,4
2401345,15:35:00,15:35:10,stop_point:SP_2956,Hippodrome,5
2401345,15:36:00,15:36:10,stop_point:SP_3162,Brombach,6
2401345,15:37:00,15:37:10,stop_point:SP_2467,Pont Rocade,7
2401345,15:38:00,15:38:10,stop_point:SP_1536,Les Tourelles,8
2401345,15:39:00,15:39:10,stop_point:SP_1178,Vitarelles,9
2401345,15:40:00,15:40:10,stop_point:SP_1372,Châtaigniers,10
2401345,15:41:00,15:41:10,stop_point:SP_3214,Molette,11
2401345,15:41:00,15:41:10,stop_point:SP_898,Villèle,12
2401345,15:42:00,15:42:10,stop_point:SP_3117,Mazaygues,13
2401345,15:43:00,15:43:10,stop_point:SP_1622,Corneillan,14
2401345,15:44:00,15:44:10,stop_point:SP_2217,Ardennes,15
2401345,15:44:00,15:44:10,stop_point:SP_3458,Etchepare,16
2401345,15:46:00,15:46:10,stop_point:SP_3556,Grynfogel,17
2401345,15:47:00,15:47:10,stop_point:SP_471,Ramelet Moundi,18
2401345,15:48:00,15:48:10,stop_point:SP_3024,Prat,19
2401345,15:50:00,15:50:10,stop_point:SP_2190,Cabanon,20
2401345,15:51:00,15:51:10,stop_point:SP_1044,Cascade,21
2401345,15:52:00,15:52:10,stop_point:SP_615,Bois Joly,22
2401345,15:53:00,15:53:10,stop_point:SP_3532,Petit Marquis,23
2401345,15:55:00,15:55:10,stop_point:SP_3036,Brunet Faure,24
2401345,15:55:00,15:55:10,stop_point:SP_2116,Pont,25
2401345,15:57:00,15:57:10,stop_point:SP_3997,Charlas,26
2401345,15:58:00,15:58:10,stop_point:SP_4714,Parc de Campagne,27
2401345,16:00:00,16:00:10,stop_point:SP_4712,Jules Verne,28
2401345,16:00:00,16:00:10,stop_point:SP_4713,Camélias,29
2401345,16:01:00,16:01:10,stop_point:SP_4716,Jonquilles,30
2401345,16:02:00,16:02:10,stop_point:SP_3629,Montaigne,31
2401345,16:02:00,16:02:10,stop_point:SP_1172,Maison de Retraite,32
2401345,16:03:00,16:03:10,stop_point:SP_817,Plaisance Accueil,33
2401345,16:03:00,16:03:10,stop_point:SP_3128,Capelles,34
2401345,16:04:00,16:04:10,stop_point:SP_3780,Fauvettes,35
2401345,16:05:00,16:05:10,stop_point:SP_1027,Plaisance Monestié,36
2401346,14:30:00,14:30:10,stop_point:SP_3590,Arènes,1
2401346,14:32:00,14:32:10,stop_point:SP_794,Clinique Pasteur,2
2401346,14:33:00,14:33:10,stop_point:SP_2706,Roquemaurel,3
2401346,14:34:00,14:34:10,stop_point:SP_2743,Av. de Lombez,4
2401346,14:35:00,14:35:10,stop_point:SP_2956,Hippodrome,5
2401346,14:36:00,14:36:10,stop_point:SP_3162,Brombach,6
2401346,14:37:00,14:37:10,stop_point:SP_2467,Pont Rocade,7
2401346,14:38:00,14:38:10,stop_point:SP_1536,Les Tourelles,8
2401346,14:39:00,14:39:10,stop_point:SP_1178,Vitarelles,9
2401346,14:40:00,14:40:10,stop_point:SP_1372,Châtaigniers,10
2401346,14:41:00,14:41:10,stop_point:SP_3214,Molette,11
2401346,14:41:00,14:41:10,stop_point:SP_898,Villèle,12
2401346,14:42:00,14:42:10,stop_point:SP_3117,Mazaygues,13
2401346,14:43:00,14:43:10,stop_point:SP_1622,Corneillan,14
2401346,14:44:00,14:44:10,stop_point:SP_2217,Ardennes,15
2401346,14:44:00,14:44:10,stop_point:SP_3458,Etchepare,16
2401346,14:46:00,14:46:10,stop_point:SP_3556,Grynfogel,17
2401346,14:47:00,14:47:10,stop_point:SP_471,Ramelet Moundi,18
2401346,14:48:00,14:48:10,stop_point:SP_3024,Prat,19
2401346,14:50:00,14:50:10,stop_point:SP_2190,Cabanon,20
2401346,14:51:00,14:51:10,stop_point:SP_1044,Cascade,21
2401346,14:52:00,14:52:10,stop_point:SP_615,Bois Joly,22
2401346,14:53:00,14:53:10,stop_point:SP_3532,Petit Marquis,23
2401346,14:54:00,14:54:10,stop_point:SP_3036,Brunet Faure,24
2401346,14:55:00,14:55:10,stop_point:SP_2116,Pont,25
2401346,14:56:00,14:56:10,stop_point:SP_3997,Charlas,26
2401346,14:58:00,14:58:10,stop_point:SP_4714,Parc de Campagne,27
2401346,14:59:00,14:59:10,stop_point:SP_4712,Jules Verne,28
2401346,15:00:00,15:00:10,stop_point:SP_4713,Camélias,29
2401346,15:00:00,15:00:10,stop_point:SP_4716,Jonquilles,30
2401346,15:01:00,15:01:10,stop_point:SP_3629,Montaigne,31
2401346,15:01:00,15:01:10,stop_point:SP_1172,Maison de Retraite,32
2401346,15:02:00,15:02:10,stop_point:SP_817,Plaisance Accueil,33
2401346,15:02:00,15:02:10,stop_point:SP_3128,Capelles,34
2401346,15:03:00,15:03:10,stop_point:SP_3780,Fauvettes,35
2401346,15:04:00,15:04:10,stop_point:SP_1027,Plaisance Monestié,36
2401347,16:30:00,16:30:10,stop_point:SP_3590,Arènes,1
2401347,16:33:00,16:33:10,stop_point:SP_794,Clinique Pasteur,2
2401347,16:33:00,16:33:10,stop_point:SP_2706,Roquemaurel,3
2401347,16:34:00,16:34:10,stop_point:SP_2743,Av. de Lombez,4
2401347,16:36:00,16:36:10,stop_point:SP_2956,Hippodrome,5
2401347,16:37:00,16:37:10,stop_point:SP_3162,Brombach,6
2401347,16:38:00,16:38:10,stop_point:SP_2467,Pont Rocade,7
2401347,16:39:00,16:39:10,stop_point:SP_1536,Les Tourelles,8
2401347,16:40:00,16:40:10,stop_point:SP_1178,Vitarelles,9
2401347,16:41:00,16:41:10,stop_point:SP_1372,Châtaigniers,10
2401347,16:42:00,16:42:10,stop_point:SP_3214,Molette,11
2401347,16:43:00,16:43:10,stop_point:SP_898,Villèle,12
2401347,16:44:00,16:44:10,stop_point:SP_3117,Mazaygues,13
2401347,16:45:00,16:45:10,stop_point:SP_1622,Corneillan,14
2401347,16:46:00,16:46:10,stop_point:SP_2217,Ardennes,15
2401347,16:47:00,16:47:10,stop_point:SP_3458,Etchepare,16
2401347,16:49:00,16:49:10,stop_point:SP_3556,Grynfogel,17
2401347,16:51:00,16:51:10,stop_point:SP_471,Ramelet Moundi,18
2401347,16:52:00,16:52:10,stop_point:SP_3024,Prat,19
2401347,16:55:00,16:55:10,stop_point:SP_2190,Cabanon,20
2401347,16:56:00,16:56:10,stop_point:SP_1044,Cascade,21
2401347,16:58:00,16:58:10,stop_point:SP_615,Bois Joly,22
2401347,16:59:00,16:59:10,stop_point:SP_3532,Petit Marquis,23
2401347,17:01:00,17:01:10,stop_point:SP_3036,Brunet Faure,24
2401347,17:02:00,17:02:10,stop_point:SP_2116,Pont,25
2401347,17:04:00,17:04:10,stop_point:SP_3997,Charlas,26
2401347,17:06:00,17:06:10,stop_point:SP_4714,Parc de Campagne,27
2401347,17:08:00,17:08:10,stop_point:SP_4712,Jules Verne,28
2401347,17:09:00,17:09:10,stop_point:SP_4713,Camélias,29
2401347,17:10:00,17:10:10,stop_point:SP_4716,Jonquilles,30
2401347,17:11:00,17:11:10,stop_point:SP_3629,Montaigne,31
2401347,17:11:00,17:11:10,stop_point:SP_1172,Maison de Retraite,32
2401347,17:12:00,17:12:10,stop_point:SP_817,Plaisance Accueil,33
2401347,17:12:00,17:12:10,stop_point:SP_3128,Capelles,34
2401347,17:13:00,17:13:10,stop_point:SP_3780,Fauvettes,35
2401347,17:14:00,17:14:10,stop_point:SP_1027,Plaisance Monestié,36
2401348,21:00:00,21:00:10,stop_point:SP_3590,Arènes,1
2401348,21:02:00,21:02:10,stop_point:SP_794,Clinique Pasteur,2
2401348,21:03:00,21:03:10,stop_point:SP_2706,Roquemaurel,3
2401348,21:03:00,21:03:10,stop_point:SP_2743,Av. de Lombez,4
2401348,21:04:00,21:04:10,stop_point:SP_2956,Hippodrome,5
2401348,21:05:00,21:05:10,stop_point:SP_3162,Brombach,6
2401348,21:06:00,21:06:10,stop_point:SP_2467,Pont Rocade,7
2401348,21:07:00,21:07:10,stop_point:SP_1536,Les Tourelles,8
2401348,21:07:00,21:07:10,stop_point:SP_1178,Vitarelles,9
2401348,21:08:00,21:08:10,stop_point:SP_1372,Châtaigniers,10
2401348,21:09:00,21:09:10,stop_point:SP_3214,Molette,11
2401348,21:10:00,21:10:10,stop_point:SP_898,Villèle,12
2401348,21:10:00,21:10:10,stop_point:SP_3117,Mazaygues,13
2401348,21:11:00,21:11:10,stop_point:SP_1622,Corneillan,14
2401348,21:12:00,21:12:10,stop_point:SP_2217,Ardennes,15
2401348,21:12:00,21:12:10,stop_point:SP_3458,Etchepare,16
2401348,21:13:00,21:13:10,stop_point:SP_3556,Grynfogel,17
2401348,21:14:00,21:14:10,stop_point:SP_471,Ramelet Moundi,18
2401348,21:15:00,21:15:10,stop_point:SP_3024,Prat,19
2401348,21:16:00,21:16:10,stop_point:SP_2190,Cabanon,20
2401348,21:17:00,21:17:10,stop_point:SP_1044,Cascade,21
2401348,21:18:00,21:18:10,stop_point:SP_615,Bois Joly,22
2401348,21:19:00,21:19:10,stop_point:SP_3532,Petit Marquis,23
2401348,21:20:00,21:20:10,stop_point:SP_3036,Brunet Faure,24
2401348,21:21:00,21:21:10,stop_point:SP_2116,Pont,25
2401348,21:22:00,21:22:10,stop_point:SP_3997,Charlas,26
2401348,21:23:00,21:23:10,stop_point:SP_4714,Parc de Campagne,27
2401348,21:24:00,21:24:10,stop_point:SP_4712,Jules Verne,28
2401348,21:25:00,21:25:10,stop_point:SP_4713,Camélias,29
2401348,21:25:00,21:25:10,stop_point:SP_4716,Jonquilles,30
2401348,21:26:00,21:26:10,stop_point:SP_3629,Montaigne,31
2401348,21:27:00,21:27:10,stop_point:SP_1172,Maison de Retraite,32
2401348,21:27:00,21:27:10,stop_point:SP_817,Plaisance Accueil,33
2401348,21:27:00,21:27:10,stop_point:SP_3128,Capelles,34
2401348,21:28:00,21:28:10,stop_point:SP_3780,Fauvettes,35
2401348,21:29:00,21:29:10,stop_point:SP_1027,Plaisance Monestié,36
2401349,20:20:00,20:20:10,stop_point:SP_3590,Arènes,1
2401349,20:22:00,20:22:10,stop_point:SP_794,Clinique Pasteur,2
2401349,20:23:00,20:23:10,stop_point:SP_2706,Roquemaurel,3
2401349,20:23:00,20:23:10,stop_point:SP_2743,Av. de Lombez,4
2401349,20:24:00,20:24:10,stop_point:SP_2956,Hippodrome,5
2401349,20:25:00,20:25:10,stop_point:SP_3162,Brombach,6
2401349,20:26:00,20:26:10,stop_point:SP_2467,Pont Rocade,7
2401349,20:27:00,20:27:10,stop_point:SP_1536,Les Tourelles,8
2401349,20:28:00,20:28:10,stop_point:SP_1178,Vitarelles,9
2401349,20:29:00,20:29:10,stop_point:SP_1372,Châtaigniers,10
2401349,20:30:00,20:30:10,stop_point:SP_3214,Molette,11
2401349,20:30:00,20:30:10,stop_point:SP_898,Villèle,12
2401349,20:31:00,20:31:10,stop_point:SP_3117,Mazaygues,13
2401349,20:32:00,20:32:10,stop_point:SP_1622,Corneillan,14
2401349,20:33:00,20:33:10,stop_point:SP_2217,Ardennes,15
2401349,20:33:00,20:33:10,stop_point:SP_3458,Etchepare,16
2401349,20:35:00,20:35:10,stop_point:SP_3556,Grynfogel,17
2401349,20:36:00,20:36:10,stop_point:SP_471,Ramelet Moundi,18
2401349,20:37:00,20:37:10,stop_point:SP_3024,Prat,19
2401349,20:38:00,20:38:10,stop_point:SP_2190,Cabanon,20
2401349,20:39:00,20:39:10,stop_point:SP_1044,Cascade,21
2401349,20:40:00,20:40:10,stop_point:SP_615,Bois Joly,22
2401349,20:41:00,20:41:10,stop_point:SP_3532,Petit Marquis,23
2401349,20:42:00,20:42:10,stop_point:SP_3036,Brunet Faure,24
2401349,20:43:00,20:43:10,stop_point:SP_2116,Pont,25
2401349,20:44:00,20:44:10,stop_point:SP_3997,Charlas,26
2401349,20:46:00,20:46:10,stop_point:SP_4714,Parc de Campagne,27
2401349,20:47:00,20:47:10,stop_point:SP_4712,Jules Verne,28
2401349,20:48:00,20:48:10,stop_point:SP_4713,Camélias,29
2401349,20:48:00,20:48:10,stop_point:SP_4716,Jonquilles,30
2401349,20:49:00,20:49:10,stop_point:SP_3629,Montaigne,31
2401349,20:49:00,20:49:10,stop_point:SP_1172,Maison de Retraite,32
2401349,20:50:00,20:50:10,stop_point:SP_817,Plaisance Accueil,33
2401349,20:50:00,20:50:10,stop_point:SP_3128,Capelles,34
2401349,20:51:00,20:51:10,stop_point:SP_3780,Fauvettes,35
2401349,20:52:00,20:52:10,stop_point:SP_1027,Plaisance Monestié,36
2401350,19:10:00,19:10:10,stop_point:SP_3590,Arènes,1
2401350,19:12:00,19:12:10,stop_point:SP_794,Clinique Pasteur,2
2401350,19:13:00,19:13:10,stop_point:SP_2706,Roquemaurel,3
2401350,19:14:00,19:14:10,stop_point:SP_2743,Av. de Lombez,4
2401350,19:15:00,19:15:10,stop_point:SP_2956,Hippodrome,5
2401350,19:16:00,19:16:10,stop_point:SP_3162,Brombach,6
2401350,19:17:00,19:17:10,stop_point:SP_2467,Pont Rocade,7
2401350,19:18:00,19:18:10,stop_point:SP_1536,Les Tourelles,8
2401350,19:19:00,19:19:10,stop_point:SP_1178,Vitarelles,9
2401350,19:20:00,19:20:10,stop_point:SP_1372,Châtaigniers,10
2401350,19:21:00,19:21:10,stop_point:SP_3214,Molette,11
2401350,19:21:00,19:21:10,stop_point:SP_898,Villèle,12
2401350,19:22:00,19:22:10,stop_point:SP_3117,Mazaygues,13
2401350,19:23:00,19:23:10,stop_point:SP_1622,Corneillan,14
2401350,19:24:00,19:24:10,stop_point:SP_2217,Ardennes,15
2401350,19:24:00,19:24:10,stop_point:SP_3458,Etchepare,16
2401350,19:26:00,19:26:10,stop_point:SP_3556,Grynfogel,17
2401350,19:27:00,19:27:10,stop_point:SP_471,Ramelet Moundi,18
2401350,19:28:00,19:28:10,stop_point:SP_3024,Prat,19
2401350,19:30:00,19:30:10,stop_point:SP_2190,Cabanon,20
2401350,19:31:00,19:31:10,stop_point:SP_1044,Cascade,21
2401350,19:32:00,19:32:10,stop_point:SP_615,Bois Joly,22
2401350,19:33:00,19:33:10,stop_point:SP_3532,Petit Marquis,23
2401350,19:35:00,19:35:10,stop_point:SP_3036,Brunet Faure,24
2401350,19:35:00,19:35:10,stop_point:SP_2116,Pont,25
2401350,19:37:00,19:37:10,stop_point:SP_3997,Charlas,26
2401350,19:38:00,19:38:10,stop_point:SP_4714,Parc de Campagne,27
2401350,19:40:00,19:40:10,stop_point:SP_4712,Jules Verne,28
2401350,19:40:00,19:40:10,stop_point:SP_4713,Camélias,29
2401350,19:41:00,19:41:10,stop_point:SP_4716,Jonquilles,30
2401350,19:42:00,19:42:10,stop_point:SP_3629,Montaigne,31
2401350,19:42:00,19:42:10,stop_point:SP_1172,Maison de Retraite,32
2401350,19:43:00,19:43:10,stop_point:SP_817,Plaisance Accueil,33
2401350,19:43:00,19:43:10,stop_point:SP_3128,Capelles,34
2401350,19:44:00,19:44:10,stop_point:SP_3780,Fauvettes,35
2401350,19:45:00,19:45:10,stop_point:SP_1027,Plaisance Monestié,36
2401351,15:05:00,15:05:10,stop_point:SP_3590,Arènes,1
2401351,15:07:00,15:07:10,stop_point:SP_794,Clinique Pasteur,2
2401351,15:08:00,15:08:10,stop_point:SP_2706,Roquemaurel,3
2401351,15:09:00,15:09:10,stop_point:SP_2743,Av. de Lombez,4
2401351,15:10:00,15:10:10,stop_point:SP_2956,Hippodrome,5
2401351,15:11:00,15:11:10,stop_point:SP_3162,Brombach,6
2401351,15:12:00,15:12:10,stop_point:SP_2467,Pont Rocade,7
2401351,15:13:00,15:13:10,stop_point:SP_1536,Les Tourelles,8
2401351,15:14:00,15:14:10,stop_point:SP_1178,Vitarelles,9
2401351,15:15:00,15:15:10,stop_point:SP_1372,Châtaigniers,10
2401351,15:16:00,15:16:10,stop_point:SP_3214,Molette,11
2401351,15:16:00,15:16:10,stop_point:SP_898,Villèle,12
2401351,15:17:00,15:17:10,stop_point:SP_3117,Mazaygues,13
2401351,15:18:00,15:18:10,stop_point:SP_1622,Corneillan,14
2401351,15:19:00,15:19:10,stop_point:SP_2217,Ardennes,15
2401351,15:19:00,15:19:10,stop_point:SP_3458,Etchepare,16
2401351,15:21:00,15:21:10,stop_point:SP_3556,Grynfogel,17
2401351,15:22:00,15:22:10,stop_point:SP_471,Ramelet Moundi,18
2401351,15:23:00,15:23:10,stop_point:SP_3024,Prat,19
2401351,15:25:00,15:25:10,stop_point:SP_2190,Cabanon,20
2401351,15:26:00,15:26:10,stop_point:SP_1044,Cascade,21
2401351,15:27:00,15:27:10,stop_point:SP_615,Bois Joly,22
2401351,15:28:00,15:28:10,stop_point:SP_3532,Petit Marquis,23
2401351,15:30:00,15:30:10,stop_point:SP_3036,Brunet Faure,24
2401351,15:30:00,15:30:10,stop_point:SP_2116,Pont,25
2401351,15:32:00,15:32:10,stop_point:SP_3997,Charlas,26
2401351,15:33:00,15:33:10,stop_point:SP_4714,Parc de Campagne,27
2401351,15:35:00,15:35:10,stop_point:SP_4712,Jules Verne,28
2401351,15:35:00,15:35:10,stop_point:SP_4713,Camélias,29
2401351,15:36:00,15:36:10,stop_point:SP_4716,Jonquilles,30
2401351,15:37:00,15:37:10,stop_point:SP_3629,Montaigne,31
2401351,15:37:00,15:37:10,stop_point:SP_1172,Maison de Retraite,32
2401351,15:38:00,15:38:10,stop_point:SP_817,Plaisance Accueil,33
2401351,15:38:00,15:38:10,stop_point:SP_3128,Capelles,34
2401351,15:39:00,15:39:10,stop_point:SP_3780,Fauvettes,35
2401351,15:40:00,15:40:10,stop_point:SP_1027,Plaisance Monestié,36
2401352,13:20:00,13:20:10,stop_point:SP_3590,Arènes,1
2401352,13:22:00,13:22:10,stop_point:SP_794,Clinique Pasteur,2
2401352,13:23:00,13:23:10,stop_point:SP_2706,Roquemaurel,3
2401352,13:24:00,13:24:10,stop_point:SP_2743,Av. de Lombez,4
2401352,13:25:00,13:25:10,stop_point:SP_2956,Hippodrome,5
2401352,13:26:00,13:26:10,stop_point:SP_3162,Brombach,6
2401352,13:27:00,13:27:10,stop_point:SP_2467,Pont Rocade,7
2401352,13:28:00,13:28:10,stop_point:SP_1536,Les Tourelles,8
2401352,13:29:00,13:29:10,stop_point:SP_1178,Vitarelles,9
2401352,13:30:00,13:30:10,stop_point:SP_1372,Châtaigniers,10
2401352,13:31:00,13:31:10,stop_point:SP_3214,Molette,11
2401352,13:31:00,13:31:10,stop_point:SP_898,Villèle,12
2401352,13:32:00,13:32:10,stop_point:SP_3117,Mazaygues,13
2401352,13:33:00,13:33:10,stop_point:SP_1622,Corneillan,14
2401352,13:34:00,13:34:10,stop_point:SP_2217,Ardennes,15
2401352,13:34:00,13:34:10,stop_point:SP_3458,Etchepare,16
2401352,13:36:00,13:36:10,stop_point:SP_3556,Grynfogel,17
2401352,13:37:00,13:37:10,stop_point:SP_471,Ramelet Moundi,18
2401352,13:38:00,13:38:10,stop_point:SP_3024,Prat,19
2401352,13:40:00,13:40:10,stop_point:SP_2190,Cabanon,20
2401352,13:41:00,13:41:10,stop_point:SP_1044,Cascade,21
2401352,13:43:00,13:43:10,stop_point:SP_615,Bois Joly,22
2401352,13:44:00,13:44:10,stop_point:SP_3532,Petit Marquis,23
2401352,13:45:00,13:45:10,stop_point:SP_3036,Brunet Faure,24
2401352,13:46:00,13:46:10,stop_point:SP_2116,Pont,25
2401352,13:47:00,13:47:10,stop_point:SP_3997,Charlas,26
2401352,13:49:00,13:49:10,stop_point:SP_4714,Parc de Campagne,27
2401352,13:50:00,13:50:10,stop_point:SP_4712,Jules Verne,28
2401352,13:51:00,13:51:10,stop_point:SP_4713,Camélias,29
2401352,13:52:00,13:52:10,stop_point:SP_4716,Jonquilles,30
2401352,13:53:00,13:53:10,stop_point:SP_3629,Montaigne,31
2401352,13:53:00,13:53:10,stop_point:SP_1172,Maison de Retraite,32
2401352,13:54:00,13:54:10,stop_point:SP_817,Plaisance Accueil,33
2401352,13:54:00,13:54:10,stop_point:SP_3128,Capelles,34
2401352,13:55:00,13:55:10,stop_point:SP_3780,Fauvettes,35
2401352,13:56:00,13:56:10,stop_point:SP_1027,Plaisance Monestié,36
2401353,06:20:00,06:20:10,stop_point:SP_1027,Plaisance Monestié,1
2401353,06:21:00,06:21:10,stop_point:SP_3862,Fauvettes,2
2401353,06:22:00,06:22:10,stop_point:SP_567,Capelles,3
2401353,06:22:00,06:22:10,stop_point:SP_857,Plaisance Accueil,4
2401353,06:22:00,06:22:10,stop_point:SP_3183,Maison de Retraite,5
2401353,06:23:00,06:23:10,stop_point:SP_3062,Montaigne,6
2401353,06:24:00,06:24:10,stop_point:SP_2142,Jonquilles,7
2401353,06:24:00,06:24:10,stop_point:SP_4715,Camélias,8
2401353,06:25:00,06:25:10,stop_point:SP_4711,Jules Verne,9
2401353,06:26:00,06:26:10,stop_point:SP_4717,Parc de Campagne,10
2401353,06:28:00,06:28:10,stop_point:SP_2746,Charlas,11
2401353,06:29:00,06:29:10,stop_point:SP_2483,Pont,12
2401353,06:30:00,06:30:10,stop_point:SP_488,Brunet Faure,13
2401353,06:31:00,06:31:10,stop_point:SP_2455,Petit Marquis,14
2401353,06:32:00,06:32:10,stop_point:SP_1155,Bois Joly,15
2401353,06:33:00,06:33:10,stop_point:SP_491,Cascade,16
2401353,06:34:00,06:34:10,stop_point:SP_684,Cabanon,17
2401353,06:35:00,06:35:10,stop_point:SP_1767,Prat,18
2401353,06:36:00,06:36:10,stop_point:SP_3687,Ramelet Moundi,19
2401353,06:37:00,06:37:10,stop_point:SP_346,Grynfogel,20
2401353,06:39:00,06:39:10,stop_point:SP_769,Etchepare,21
2401353,06:39:00,06:39:10,stop_point:SP_3064,Ardennes,22
2401353,06:40:00,06:40:10,stop_point:SP_1629,Corneillan,23
2401353,06:41:00,06:41:10,stop_point:SP_161,Mazaygues,24
2401353,06:42:00,06:42:10,stop_point:SP_1492,Villèle,25
2401353,06:42:00,06:42:10,stop_point:SP_506,Molette,26
2401353,06:43:00,06:43:10,stop_point:SP_2750,Châtaigniers,27
2401353,06:44:00,06:44:10,stop_point:SP_2465,Vitarelles,28
2401353,06:45:00,06:45:10,stop_point:SP_3021,Les Tourelles,29
2401353,06:46:00,06:46:10,stop_point:SP_1460,Pont Rocade,30
2401353,06:47:00,06:47:10,stop_point:SP_1149,Brombach,31
2401353,06:48:00,06:48:10,stop_point:SP_3407,Hippodrome,32
2401353,06:50:00,06:50:10,stop_point:SP_608,Av. de Lombez,33
2401353,06:51:00,06:51:10,stop_point:SP_1733,Clinique Pasteur,34
2401353,06:52:00,06:52:10,stop_point:SP_3004,Barrière de Lombez,35
2401353,06:53:00,06:53:10,stop_point:SP_3590,Arènes,36
2401354,07:10:00,07:10:10,stop_point:SP_1027,Plaisance Monestié,1
2401354,07:11:00,07:11:10,stop_point:SP_3862,Fauvettes,2
2401354,07:12:00,07:12:10,stop_point:SP_567,Capelles,3
2401354,07:12:00,07:12:10,stop_point:SP_857,Plaisance Accueil,4
2401354,07:13:00,07:13:10,stop_point:SP_3183,Maison de Retraite,5
2401354,07:14:00,07:14:10,stop_point:SP_3062,Montaigne,6
2401354,07:14:00,07:14:10,stop_point:SP_2142,Jonquilles,7
2401354,07:15:00,07:15:10,stop_point:SP_4715,Camélias,8
2401354,07:17:00,07:17:10,stop_point:SP_4711,Jules Verne,9
2401354,07:19:00,07:19:10,stop_point:SP_4717,Parc de Campagne,10
2401354,07:21:00,07:21:10,stop_point:SP_2746,Charlas,11
2401354,07:22:00,07:22:10,stop_point:SP_2483,Pont,12
2401354,07:23:00,07:23:10,stop_point:SP_488,Brunet Faure,13
2401354,07:25:00,07:25:10,stop_point:SP_2455,Petit Marquis,14
2401354,07:27:00,07:27:10,stop_point:SP_1155,Bois Joly,15
2401354,07:29:00,07:29:10,stop_point:SP_491,Cascade,16
2401354,07:30:00,07:30:10,stop_point:SP_684,Cabanon,17
2401354,07:32:00,07:32:10,stop_point:SP_1767,Prat,18
2401354,07:33:00,07:33:10,stop_point:SP_3687,Ramelet Moundi,19
2401354,07:35:00,07:35:10,stop_point:SP_346,Grynfogel,20
2401354,07:36:00,07:36:10,stop_point:SP_769,Etchepare,21
2401354,07:37:00,07:37:10,stop_point:SP_3064,Ardennes,22
2401354,07:38:00,07:38:10,stop_point:SP_1629,Corneillan,23
2401354,07:39:00,07:39:10,stop_point:SP_161,Mazaygues,24
2401354,07:40:00,07:40:10,stop_point:SP_1492,Villèle,25
2401354,07:41:00,07:41:10,stop_point:SP_506,Molette,26
2401354,07:42:00,07:42:10,stop_point:SP_2750,Châtaigniers,27
2401354,07:43:00,07:43:10,stop_point:SP_2465,Vitarelles,28
2401354,07:45:00,07:45:10,stop_point:SP_3021,Les Tourelles,29
2401354,07:46:00,07:46:10,stop_point:SP_1460,Pont Rocade,30
2401354,07:47:00,07:47:10,stop_point:SP_1149,Brombach,31
2401354,07:49:00,07:49:10,stop_point:SP_3407,Hippodrome,32
2401354,07:51:00,07:51:10,stop_point:SP_608,Av. de Lombez,33
2401354,07:52:00,07:52:10,stop_point:SP_1733,Clinique Pasteur,34
2401354,07:53:00,07:53:10,stop_point:SP_3004,Barrière de Lombez,35
2401354,07:55:00,07:55:10,stop_point:SP_3590,Arènes,36
2401355,07:30:00,07:30:10,stop_point:SP_1027,Plaisance Monestié,1
2401355,07:31:00,07:31:10,stop_point:SP_3862,Fauvettes,2
2401355,07:32:00,07:32:10,stop_point:SP_567,Capelles,3
2401355,07:32:00,07:32:10,stop_point:SP_857,Plaisance Accueil,4
2401355,07:33:00,07:33:10,stop_point:SP_3183,Maison de Retraite,5
2401355,07:34:00,07:34:10,stop_point:SP_3062,Montaigne,6
2401355,07:35:00,07:35:10,stop_point:SP_2142,Jonquilles,7
2401355,07:36:00,07:36:10,stop_point:SP_4715,Camélias,8
2401355,07:37:00,07:37:10,stop_point:SP_4711,Jules Verne,9
2401355,07:39:00,07:39:10,stop_point:SP_4717,Parc de Campagne,10
2401355,07:41:00,07:41:10,stop_point:SP_2746,Charlas,11
2401355,07:43:00,07:43:10,stop_point:SP_2483,Pont,12
2401355,07:45:00,07:45:10,stop_point:SP_488,Brunet Faure,13
2401355,07:47:00,07:47:10,stop_point:SP_2455,Petit Marquis,14
2401355,07:48:00,07:48:10,stop_point:SP_1155,Bois Joly,15
2401355,07:51:00,07:51:10,stop_point:SP_491,Cascade,16
2401355,07:52:00,07:52:10,stop_point:SP_684,Cabanon,17
2401355,07:54:00,07:54:10,stop_point:SP_1767,Prat,18
2401355,07:56:00,07:56:10,stop_point:SP_3687,Ramelet Moundi,19
2401355,07:58:00,07:58:10,stop_point:SP_346,Grynfogel,20
2401355,07:59:00,07:59:10,stop_point:SP_769,Etchepare,21
2401355,08:00:00,08:00:10,stop_point:SP_3064,Ardennes,22
2401355,08:01:00,08:01:10,stop_point:SP_1629,Corneillan,23
2401355,08:02:00,08:02:10,stop_point:SP_161,Mazaygues,24
2401355,08:03:00,08:03:10,stop_point:SP_1492,Villèle,25
2401355,08:04:00,08:04:10,stop_point:SP_506,Molette,26
2401355,08:05:00,08:05:10,stop_point:SP_2750,Châtaigniers,27
2401355,08:06:00,08:06:10,stop_point:SP_2465,Vitarelles,28
2401355,08:08:00,08:08:10,stop_point:SP_3021,Les Tourelles,29
2401355,08:09:00,08:09:10,stop_point:SP_1460,Pont Rocade,30
2401355,08:10:00,08:10:10,stop_point:SP_1149,Brombach,31
2401355,08:12:00,08:12:10,stop_point:SP_3407,Hippodrome,32
2401355,08:14:00,08:14:10,stop_point:SP_608,Av. de Lombez,33
2401355,08:15:00,08:15:10,stop_point:SP_1733,Clinique Pasteur,34
2401355,08:16:00,08:16:10,stop_point:SP_3004,Barrière de Lombez,35
2401355,08:18:00,08:18:10,stop_point:SP_3590,Arènes,36
2401356,08:10:00,08:10:10,stop_point:SP_1027,Plaisance Monestié,1
2401356,08:11:00,08:11:10,stop_point:SP_3862,Fauvettes,2
2401356,08:12:00,08:12:10,stop_point:SP_567,Capelles,3
2401356,08:12:00,08:12:10,stop_point:SP_857,Plaisance Accueil,4
2401356,08:13:00,08:13:10,stop_point:SP_3183,Maison de Retraite,5
2401356,08:14:00,08:14:10,stop_point:SP_3062,Montaigne,6
2401356,08:15:00,08:15:10,stop_point:SP_2142,Jonquilles,7
2401356,08:16:00,08:16:10,stop_point:SP_4715,Camélias,8
2401356,08:17:00,08:17:10,stop_point:SP_4711,Jules Verne,9
2401356,08:19:00,08:19:10,stop_point:SP_4717,Parc de Campagne,10
2401356,08:21:00,08:21:10,stop_point:SP_2746,Charlas,11
2401356,08:23:00,08:23:10,stop_point:SP_2483,Pont,12
2401356,08:24:00,08:24:10,stop_point:SP_488,Brunet Faure,13
2401356,08:26:00,08:26:10,stop_point:SP_2455,Petit Marquis,14
2401356,08:27:00,08:27:10,stop_point:SP_1155,Bois Joly,15
2401356,08:30:00,08:30:10,stop_point:SP_491,Cascade,16
2401356,08:31:00,08:31:10,stop_point:SP_684,Cabanon,17
2401356,08:33:00,08:33:10,stop_point:SP_1767,Prat,18
2401356,08:35:00,08:35:10,stop_point:SP_3687,Ramelet Moundi,19
2401356,08:36:00,08:36:10,stop_point:SP_346,Grynfogel,20
2401356,08:38:00,08:38:10,stop_point:SP_769,Etchepare,21
2401356,08:38:00,08:38:10,stop_point:SP_3064,Ardennes,22
2401356,08:39:00,08:39:10,stop_point:SP_1629,Corneillan,23
2401356,08:40:00,08:40:10,stop_point:SP_161,Mazaygues,24
2401356,08:41:00,08:41:10,stop_point:SP_1492,Villèle,25
2401356,08:42:00,08:42:10,stop_point:SP_506,Molette,26
2401356,08:43:00,08:43:10,stop_point:SP_2750,Châtaigniers,27
2401356,08:44:00,08:44:10,stop_point:SP_2465,Vitarelles,28
2401356,08:46:00,08:46:10,stop_point:SP_3021,Les Tourelles,29
2401356,08:47:00,08:47:10,stop_point:SP_1460,Pont Rocade,30
2401356,08:48:00,08:48:10,stop_point:SP_1149,Brombach,31
2401356,08:50:00,08:50:10,stop_point:SP_3407,Hippodrome,32
2401356,08:52:00,08:52:10,stop_point:SP_608,Av. de Lombez,33
2401356,08:53:00,08:53:10,stop_point:SP_1733,Clinique Pasteur,34
2401356,08:54:00,08:54:10,stop_point:SP_3004,Barrière de Lombez,35
2401356,08:56:00,08:56:10,stop_point:SP_3590,Arènes,36
2401357,13:00:00,13:00:10,stop_point:SP_1027,Plaisance Monestié,1
2401357,13:01:00,13:01:10,stop_point:SP_3862,Fauvettes,2
2401357,13:02:00,13:02:10,stop_point:SP_567,Capelles,3
2401357,13:02:00,13:02:10,stop_point:SP_857,Plaisance Accueil,4
2401357,13:02:00,13:02:10,stop_point:SP_3183,Maison de Retraite,5
2401357,13:03:00,13:03:10,stop_point:SP_3062,Montaigne,6
2401357,13:03:00,13:03:10,stop_point:SP_2142,Jonquilles,7
2401357,13:04:00,13:04:10,stop_point:SP_4715,Camélias,8
2401357,13:05:00,13:05:10,stop_point:SP_4711,Jules Verne,9
2401357,13:06:00,13:06:10,stop_point:SP_4717,Parc de Campagne,10
2401357,13:07:00,13:07:10,stop_point:SP_2746,Charlas,11
2401357,13:08:00,13:08:10,stop_point:SP_2483,Pont,12
2401357,13:09:00,13:09:10,stop_point:SP_488,Brunet Faure,13
2401357,13:10:00,13:10:10,stop_point:SP_2455,Petit Marquis,14
2401357,13:11:00,13:11:10,stop_point:SP_1155,Bois Joly,15
2401357,13:12:00,13:12:10,stop_point:SP_491,Cascade,16
2401357,13:13:00,13:13:10,stop_point:SP_684,Cabanon,17
2401357,13:15:00,13:15:10,stop_point:SP_1767,Prat,18
2401357,13:16:00,13:16:10,stop_point:SP_3687,Ramelet Moundi,19
2401357,13:17:00,13:17:10,stop_point:SP_346,Grynfogel,20
2401357,13:19:00,13:19:10,stop_point:SP_769,Etchepare,21
2401357,13:19:00,13:19:10,stop_point:SP_3064,Ardennes,22
2401357,13:20:00,13:20:10,stop_point:SP_1629,Corneillan,23
2401357,13:21:00,13:21:10,stop_point:SP_161,Mazaygues,24
2401357,13:22:00,13:22:10,stop_point:SP_1492,Villèle,25
2401357,13:22:00,13:22:10,stop_point:SP_506,Molette,26
2401357,13:23:00,13:23:10,stop_point:SP_2750,Châtaigniers,27
2401357,13:24:00,13:24:10,stop_point:SP_2465,Vitarelles,28
2401357,13:25:00,13:25:10,stop_point:SP_3021,Les Tourelles,29
2401357,13:26:00,13:26:10,stop_point:SP_1460,Pont Rocade,30
2401357,13:27:00,13:27:10,stop_point:SP_1149,Brombach,31
2401357,13:28:00,13:28:10,stop_point:SP_3407,Hippodrome,32
2401357,13:30:00,13:30:10,stop_point:SP_608,Av. de Lombez,33
2401357,13:32:00,13:32:10,stop_point:SP_1733,Clinique Pasteur,34
2401357,13:32:00,13:32:10,stop_point:SP_3004,Barrière de Lombez,35
2401357,13:34:00,13:34:10,stop_point:SP_3590,Arènes,36
2401358,16:40:00,16:40:10,stop_point:SP_1027,Plaisance Monestié,1
2401358,16:41:00,16:41:10,stop_point:SP_3862,Fauvettes,2
2401358,16:42:00,16:42:10,stop_point:SP_567,Capelles,3
2401358,16:42:00,16:42:10,stop_point:SP_857,Plaisance Accueil,4
2401358,16:43:00,16:43:10,stop_point:SP_3183,Maison de Retraite,5
2401358,16:43:00,16:43:10,stop_point:SP_3062,Montaigne,6
2401358,16:44:00,16:44:10,stop_point:SP_2142,Jonquilles,7
2401358,16:44:00,16:44:10,stop_point:SP_4715,Camélias,8
2401358,16:45:00,16:45:10,stop_point:SP_4711,Jules Verne,9
2401358,16:47:00,16:47:10,stop_point:SP_4717,Parc de Campagne,10
2401358,16:48:00,16:48:10,stop_point:SP_2746,Charlas,11
2401358,16:49:00,16:49:10,stop_point:SP_2483,Pont,12
2401358,16:50:00,16:50:10,stop_point:SP_488,Brunet Faure,13
2401358,16:52:00,16:52:10,stop_point:SP_2455,Petit Marquis,14
2401358,16:53:00,16:53:10,stop_point:SP_1155,Bois Joly,15
2401358,16:54:00,16:54:10,stop_point:SP_491,Cascade,16
2401358,16:55:00,16:55:10,stop_point:SP_684,Cabanon,17
2401358,16:56:00,16:56:10,stop_point:SP_1767,Prat,18
2401358,16:57:00,16:57:10,stop_point:SP_3687,Ramelet Moundi,19
2401358,16:58:00,16:58:10,stop_point:SP_346,Grynfogel,20
2401358,17:00:00,17:00:10,stop_point:SP_769,Etchepare,21
2401358,17:00:00,17:00:10,stop_point:SP_3064,Ardennes,22
2401358,17:01:00,17:01:10,stop_point:SP_1629,Corneillan,23
2401358,17:02:00,17:02:10,stop_point:SP_161,Mazaygues,24
2401358,17:03:00,17:03:10,stop_point:SP_1492,Villèle,25
2401358,17:04:00,17:04:10,stop_point:SP_506,Molette,26
2401358,17:05:00,17:05:10,stop_point:SP_2750,Châtaigniers,27
2401358,17:05:00,17:05:10,stop_point:SP_2465,Vitarelles,28
2401358,17:07:00,17:07:10,stop_point:SP_3021,Les Tourelles,29
2401358,17:08:00,17:08:10,stop_point:SP_1460,Pont Rocade,30
2401358,17:09:00,17:09:10,stop_point:SP_1149,Brombach,31
2401358,17:11:00,17:11:10,stop_point:SP_3407,Hippodrome,32
2401358,17:13:00,17:13:10,stop_point:SP_608,Av. de Lombez,33
2401358,17:14:00,17:14:10,stop_point:SP_1733,Clinique Pasteur,34
2401358,17:15:00,17:15:10,stop_point:SP_3004,Barrière de Lombez,35
2401358,17:17:00,17:17:10,stop_point:SP_3590,Arènes,36
2401359,17:05:00,17:05:10,stop_point:SP_1027,Plaisance Monestié,1
2401359,17:06:00,17:06:10,stop_point:SP_3862,Fauvettes,2
2401359,17:07:00,17:07:10,stop_point:SP_567,Capelles,3
2401359,17:07:00,17:07:10,stop_point:SP_857,Plaisance Accueil,4
2401359,17:08:00,17:08:10,stop_point:SP_3183,Maison de Retraite,5
2401359,17:08:00,17:08:10,stop_point:SP_3062,Montaigne,6
2401359,17:09:00,17:09:10,stop_point:SP_2142,Jonquilles,7
2401359,17:09:00,17:09:10,stop_point:SP_4715,Camélias,8
2401359,17:10:00,17:10:10,stop_point:SP_4711,Jules Verne,9
2401359,17:12:00,17:12:10,stop_point:SP_4717,Parc de Campagne,10
2401359,17:13:00,17:13:10,stop_point:SP_2746,Charlas,11
2401359,17:14:00,17:14:10,stop_point:SP_2483,Pont,12
2401359,17:15:00,17:15:10,stop_point:SP_488,Brunet Faure,13
2401359,17:17:00,17:17:10,stop_point:SP_2455,Petit Marquis,14
2401359,17:18:00,17:18:10,stop_point:SP_1155,Bois Joly,15
2401359,17:19:00,17:19:10,stop_point:SP_491,Cascade,16
2401359,17:20:00,17:20:10,stop_point:SP_684,Cabanon,17
2401359,17:21:00,17:21:10,stop_point:SP_1767,Prat,18
2401359,17:22:00,17:22:10,stop_point:SP_3687,Ramelet Moundi,19
2401359,17:23:00,17:23:10,stop_point:SP_346,Grynfogel,20
2401359,17:25:00,17:25:10,stop_point:SP_769,Etchepare,21
2401359,17:25:00,17:25:10,stop_point:SP_3064,Ardennes,22
2401359,17:26:00,17:26:10,stop_point:SP_1629,Corneillan,23
2401359,17:27:00,17:27:10,stop_point:SP_161,Mazaygues,24
2401359,17:28:00,17:28:10,stop_point:SP_1492,Villèle,25
2401359,17:29:00,17:29:10,stop_point:SP_506,Molette,26
2401359,17:30:00,17:30:10,stop_point:SP_2750,Châtaigniers,27
2401359,17:31:00,17:31:10,stop_point:SP_2465,Vitarelles,28
2401359,17:33:00,17:33:10,stop_point:SP_3021,Les Tourelles,29
2401359,17:34:00,17:34:10,stop_point:SP_1460,Pont Rocade,30
2401359,17:36:00,17:36:10,stop_point:SP_1149,Brombach,31
2401359,17:37:00,17:37:10,stop_point:SP_3407,Hippodrome,32
2401359,17:39:00,17:39:10,stop_point:SP_608,Av. de Lombez,33
2401359,17:41:00,17:41:10,stop_point:SP_1733,Clinique Pasteur,34
2401359,17:42:00,17:42:10,stop_point:SP_3004,Barrière de Lombez,35
2401359,17:44:00,17:44:10,stop_point:SP_3590,Arènes,36
2401360,17:50:00,17:50:10,stop_point:SP_1027,Plaisance Monestié,1
2401360,17:51:00,17:51:10,stop_point:SP_3862,Fauvettes,2
2401360,17:52:00,17:52:10,stop_point:SP_567,Capelles,3
2401360,17:52:00,17:52:10,stop_point:SP_857,Plaisance Accueil,4
2401360,17:52:00,17:52:10,stop_point:SP_3183,Maison de Retraite,5
2401360,17:53:00,17:53:10,stop_point:SP_3062,Montaigne,6
2401360,17:54:00,17:54:10,stop_point:SP_2142,Jonquilles,7
2401360,17:54:00,17:54:10,stop_point:SP_4715,Camélias,8
2401360,17:55:00,17:55:10,stop_point:SP_4711,Jules Verne,9
2401360,17:56:00,17:56:10,stop_point:SP_4717,Parc de Campagne,10
2401360,17:58:00,17:58:10,stop_point:SP_2746,Charlas,11
2401360,17:59:00,17:59:10,stop_point:SP_2483,Pont,12
2401360,18:00:00,18:00:10,stop_point:SP_488,Brunet Faure,13
2401360,18:01:00,18:01:10,stop_point:SP_2455,Petit Marquis,14
2401360,18:02:00,18:02:10,stop_point:SP_1155,Bois Joly,15
2401360,18:03:00,18:03:10,stop_point:SP_491,Cascade,16
2401360,18:04:00,18:04:10,stop_point:SP_684,Cabanon,17
2401360,18:06:00,18:06:10,stop_point:SP_1767,Prat,18
2401360,18:07:00,18:07:10,stop_point:SP_3687,Ramelet Moundi,19
2401360,18:08:00,18:08:10,stop_point:SP_346,Grynfogel,20
2401360,18:10:00,18:10:10,stop_point:SP_769,Etchepare,21
2401360,18:10:00,18:10:10,stop_point:SP_3064,Ardennes,22
2401360,18:11:00,18:11:10,stop_point:SP_1629,Corneillan,23
2401360,18:12:00,18:12:10,stop_point:SP_161,Mazaygues,24
2401360,18:13:00,18:13:10,stop_point:SP_1492,Villèle,25
2401360,18:13:00,18:13:10,stop_point:SP_506,Molette,26
2401360,18:14:00,18:14:10,stop_point:SP_2750,Châtaigniers,27
2401360,18:15:00,18:15:10,stop_point:SP_2465,Vitarelles,28
2401360,18:16:00,18:16:10,stop_point:SP_3021,Les Tourelles,29
2401360,18:17:00,18:17:10,stop_point:SP_1460,Pont Rocade,30
2401360,18:19:00,18:19:10,stop_point:SP_1149,Brombach,31
2401360,18:20:00,18:20:10,stop_point:SP_3407,Hippodrome,32
2401360,18:22:00,18:22:10,stop_point:SP_608,Av. de Lombez,33
2401360,18:24:00,18:24:10,stop_point:SP_1733,Clinique Pasteur,34
2401360,18:25:00,18:25:10,stop_point:SP_3004,Barrière de Lombez,35
2401360,18:27:00,18:27:10,stop_point:SP_3590,Arènes,36
2401361,18:15:00,18:15:10,stop_point:SP_1027,Plaisance Monestié,1
2401361,18:16:00,18:16:10,stop_point:SP_3862,Fauvettes,2
2401361,18:17:00,18:17:10,stop_point:SP_567,Capelles,3
2401361,18:17:00,18:17:10,stop_point:SP_857,Plaisance Accueil,4
2401361,18:17:00,18:17:10,stop_point:SP_3183,Maison de Retraite,5
2401361,18:18:00,18:18:10,stop_point:SP_3062,Montaigne,6
2401361,18:18:00,18:18:10,stop_point:SP_2142,Jonquilles,7
2401361,18:19:00,18:19:10,stop_point:SP_4715,Camélias,8
2401361,18:20:00,18:20:10,stop_point:SP_4711,Jules Verne,9
2401361,18:21:00,18:21:10,stop_point:SP_4717,Parc de Campagne,10
2401361,18:22:00,18:22:10,stop_point:SP_2746,Charlas,11
2401361,18:23:00,18:23:10,stop_point:SP_2483,Pont,12
2401361,18:24:00,18:24:10,stop_point:SP_488,Brunet Faure,13
2401361,18:25:00,18:25:10,stop_point:SP_2455,Petit Marquis,14
2401361,18:26:00,18:26:10,stop_point:SP_1155,Bois Joly,15
2401361,18:27:00,18:27:10,stop_point:SP_491,Cascade,16
2401361,18:28:00,18:28:10,stop_point:SP_684,Cabanon,17
2401361,18:30:00,18:30:10,stop_point:SP_1767,Prat,18
2401361,18:31:00,18:31:10,stop_point:SP_3687,Ramelet Moundi,19
2401361,18:32:00,18:32:10,stop_point:SP_346,Grynfogel,20
2401361,18:34:00,18:34:10,stop_point:SP_769,Etchepare,21
2401361,18:34:00,18:34:10,stop_point:SP_3064,Ardennes,22
2401361,18:35:00,18:35:10,stop_point:SP_1629,Corneillan,23
2401361,18:36:00,18:36:10,stop_point:SP_161,Mazaygues,24
2401361,18:37:00,18:37:10,stop_point:SP_1492,Villèle,25
2401361,18:37:00,18:37:10,stop_point:SP_506,Molette,26
2401361,18:38:00,18:38:10,stop_point:SP_2750,Châtaigniers,27
2401361,18:39:00,18:39:10,stop_point:SP_2465,Vitarelles,28
2401361,18:40:00,18:40:10,stop_point:SP_3021,Les Tourelles,29
2401361,18:41:00,18:41:10,stop_point:SP_1460,Pont Rocade,30
2401361,18:42:00,18:42:10,stop_point:SP_1149,Brombach,31
2401361,18:43:00,18:43:10,stop_point:SP_3407,Hippodrome,32
2401361,18:45:00,18:45:10,stop_point:SP_608,Av. de Lombez,33
2401361,18:47:00,18:47:10,stop_point:SP_1733,Clinique Pasteur,34
2401361,18:47:00,18:47:10,stop_point:SP_3004,Barrière de Lombez,35
2401361,18:49:00,18:49:10,stop_point:SP_3590,Arènes,36
2401362,18:35:00,18:35:10,stop_point:SP_1027,Plaisance Monestié,1
2401362,18:36:00,18:36:10,stop_point:SP_3862,Fauvettes,2
2401362,18:37:00,18:37:10,stop_point:SP_567,Capelles,3
2401362,18:37:00,18:37:10,stop_point:SP_857,Plaisance Accueil,4
2401362,18:37:00,18:37:10,stop_point:SP_3183,Maison de Retraite,5
2401362,18:38:00,18:38:10,stop_point:SP_3062,Montaigne,6
2401362,18:38:00,18:38:10,stop_point:SP_2142,Jonquilles,7
2401362,18:39:00,18:39:10,stop_point:SP_4715,Camélias,8
2401362,18:40:00,18:40:10,stop_point:SP_4711,Jules Verne,9
2401362,18:41:00,18:41:10,stop_point:SP_4717,Parc de Campagne,10
2401362,18:42:00,18:42:10,stop_point:SP_2746,Charlas,11
2401362,18:43:00,18:43:10,stop_point:SP_2483,Pont,12
2401362,18:44:00,18:44:10,stop_point:SP_488,Brunet Faure,13
2401362,18:45:00,18:45:10,stop_point:SP_2455,Petit Marquis,14
2401362,18:46:00,18:46:10,stop_point:SP_1155,Bois Joly,15
2401362,18:47:00,18:47:10,stop_point:SP_491,Cascade,16
2401362,18:48:00,18:48:10,stop_point:SP_684,Cabanon,17
2401362,18:50:00,18:50:10,stop_point:SP_1767,Prat,18
2401362,18:51:00,18:51:10,stop_point:SP_3687,Ramelet Moundi,19
2401362,18:52:00,18:52:10,stop_point:SP_346,Grynfogel,20
2401362,18:54:00,18:54:10,stop_point:SP_769,Etchepare,21
2401362,18:54:00,18:54:10,stop_point:SP_3064,Ardennes,22
2401362,18:55:00,18:55:10,stop_point:SP_1629,Corneillan,23
2401362,18:56:00,18:56:10,stop_point:SP_161,Mazaygues,24
2401362,18:56:00,18:56:10,stop_point:SP_1492,Villèle,25
2401362,18:57:00,18:57:10,stop_point:SP_506,Molette,26
2401362,18:58:00,18:58:10,stop_point:SP_2750,Châtaigniers,27
2401362,18:58:00,18:58:10,stop_point:SP_2465,Vitarelles,28
2401362,18:59:00,18:59:10,stop_point:SP_3021,Les Tourelles,29
2401362,19:00:00,19:00:10,stop_point:SP_1460,Pont Rocade,30
2401362,19:01:00,19:01:10,stop_point:SP_1149,Brombach,31
2401362,19:02:00,19:02:10,stop_point:SP_3407,Hippodrome,32
2401362,19:04:00,19:04:10,stop_point:SP_608,Av. de Lombez,33
2401362,19:06:00,19:06:10,stop_point:SP_1733,Clinique Pasteur,34
2401362,19:06:00,19:06:10,stop_point:SP_3004,Barrière de Lombez,35
2401362,19:08:00,19:08:10,stop_point:SP_3590,Arènes,36
2401363,19:00:00,19:00:10,stop_point:SP_1027,Plaisance Monestié,1
2401363,19:01:00,19:01:10,stop_point:SP_3862,Fauvettes,2
2401363,19:02:00,19:02:10,stop_point:SP_567,Capelles,3
2401363,19:02:00,19:02:10,stop_point:SP_857,Plaisance Accueil,4
2401363,19:02:00,19:02:10,stop_point:SP_3183,Maison de Retraite,5
2401363,19:03:00,19:03:10,stop_point:SP_3062,Montaigne,6
2401363,19:03:00,19:03:10,stop_point:SP_2142,Jonquilles,7
2401363,19:04:00,19:04:10,stop_point:SP_4715,Camélias,8
2401363,19:05:00,19:05:10,stop_point:SP_4711,Jules Verne,9
2401363,19:06:00,19:06:10,stop_point:SP_4717,Parc de Campagne,10
2401363,19:07:00,19:07:10,stop_point:SP_2746,Charlas,11
2401363,19:08:00,19:08:10,stop_point:SP_2483,Pont,12
2401363,19:08:00,19:08:10,stop_point:SP_488,Brunet Faure,13
2401363,19:09:00,19:09:10,stop_point:SP_2455,Petit Marquis,14
2401363,19:10:00,19:10:10,stop_point:SP_1155,Bois Joly,15
2401363,19:11:00,19:11:10,stop_point:SP_491,Cascade,16
2401363,19:12:00,19:12:10,stop_point:SP_684,Cabanon,17
2401363,19:14:00,19:14:10,stop_point:SP_1767,Prat,18
2401363,19:15:00,19:15:10,stop_point:SP_3687,Ramelet Moundi,19
2401363,19:16:00,19:16:10,stop_point:SP_346,Grynfogel,20
2401363,19:18:00,19:18:10,stop_point:SP_769,Etchepare,21
2401363,19:18:00,19:18:10,stop_point:SP_3064,Ardennes,22
2401363,19:19:00,19:19:10,stop_point:SP_1629,Corneillan,23
2401363,19:20:00,19:20:10,stop_point:SP_161,Mazaygues,24
2401363,19:20:00,19:20:10,stop_point:SP_1492,Villèle,25
2401363,19:21:00,19:21:10,stop_point:SP_506,Molette,26
2401363,19:22:00,19:22:10,stop_point:SP_2750,Châtaigniers,27
2401363,19:22:00,19:22:10,stop_point:SP_2465,Vitarelles,28
2401363,19:23:00,19:23:10,stop_point:SP_3021,Les Tourelles,29
2401363,19:24:00,19:24:10,stop_point:SP_1460,Pont Rocade,30
2401363,19:25:00,19:25:10,stop_point:SP_1149,Brombach,31
2401363,19:26:00,19:26:10,stop_point:SP_3407,Hippodrome,32
2401363,19:28:00,19:28:10,stop_point:SP_608,Av. de Lombez,33
2401363,19:30:00,19:30:10,stop_point:SP_1733,Clinique Pasteur,34
2401363,19:30:00,19:30:10,stop_point:SP_3004,Barrière de Lombez,35
2401363,19:32:00,19:32:10,stop_point:SP_3590,Arènes,36
2401364,19:20:00,19:20:10,stop_point:SP_1027,Plaisance Monestié,1
2401364,19:21:00,19:21:10,stop_point:SP_3862,Fauvettes,2
2401364,19:22:00,19:22:10,stop_point:SP_567,Capelles,3
2401364,19:22:00,19:22:10,stop_point:SP_857,Plaisance Accueil,4
2401364,19:22:00,19:22:10,stop_point:SP_3183,Maison de Retraite,5
2401364,19:23:00,19:23:10,stop_point:SP_3062,Montaigne,6
2401364,19:23:00,19:23:10,stop_point:SP_2142,Jonquilles,7
2401364,19:24:00,19:24:10,stop_point:SP_4715,Camélias,8
2401364,19:25:00,19:25:10,stop_point:SP_4711,Jules Verne,9
2401364,19:26:00,19:26:10,stop_point:SP_4717,Parc de Campagne,10
2401364,19:27:00,19:27:10,stop_point:SP_2746,Charlas,11
2401364,19:28:00,19:28:10,stop_point:SP_2483,Pont,12
2401364,19:28:00,19:28:10,stop_point:SP_488,Brunet Faure,13
2401364,19:29:00,19:29:10,stop_point:SP_2455,Petit Marquis,14
2401364,19:30:00,19:30:10,stop_point:SP_1155,Bois Joly,15
2401364,19:31:00,19:31:10,stop_point:SP_491,Cascade,16
2401364,19:32:00,19:32:10,stop_point:SP_684,Cabanon,17
2401364,19:33:00,19:33:10,stop_point:SP_1767,Prat,18
2401364,19:34:00,19:34:10,stop_point:SP_3687,Ramelet Moundi,19
2401364,19:35:00,19:35:10,stop_point:SP_346,Grynfogel,20
2401364,19:37:00,19:37:10,stop_point:SP_769,Etchepare,21
2401364,19:37:00,19:37:10,stop_point:SP_3064,Ardennes,22
2401364,19:38:00,19:38:10,stop_point:SP_1629,Corneillan,23
2401364,19:39:00,19:39:10,stop_point:SP_161,Mazaygues,24
2401364,19:39:00,19:39:10,stop_point:SP_1492,Villèle,25
2401364,19:40:00,19:40:10,stop_point:SP_506,Molette,26
2401364,19:41:00,19:41:10,stop_point:SP_2750,Châtaigniers,27
2401364,19:41:00,19:41:10,stop_point:SP_2465,Vitarelles,28
2401364,19:42:00,19:42:10,stop_point:SP_3021,Les Tourelles,29
2401364,19:43:00,19:43:10,stop_point:SP_1460,Pont Rocade,30
2401364,19:44:00,19:44:10,stop_point:SP_1149,Brombach,31
2401364,19:45:00,19:45:10,stop_point:SP_3407,Hippodrome,32
2401364,19:47:00,19:47:10,stop_point:SP_608,Av. de Lombez,33
2401364,19:48:00,19:48:10,stop_point:SP_1733,Clinique Pasteur,34
2401364,19:49:00,19:49:10,stop_point:SP_3004,Barrière de Lombez,35
2401364,19:50:00,19:50:10,stop_point:SP_3590,Arènes,36
2401365,07:45:00,07:45:10,stop_point:SP_1027,Plaisance Monestié,1
2401365,07:46:00,07:46:10,stop_point:SP_3862,Fauvettes,2
2401365,07:47:00,07:47:10,stop_point:SP_567,Capelles,3
2401365,07:47:00,07:47:10,stop_point:SP_857,Plaisance Accueil,4
2401365,07:48:00,07:48:10,stop_point:SP_3183,Maison de Retraite,5
2401365,07:49:00,07:49:10,stop_point:SP_3062,Montaigne,6
2401365,07:50:00,07:50:10,stop_point:SP_2142,Jonquilles,7
2401365,07:51:00,07:51:10,stop_point:SP_4715,Camélias,8
2401365,07:52:00,07:52:10,stop_point:SP_4711,Jules Verne,9
2401365,07:54:00,07:54:10,stop_point:SP_4717,Parc de Campagne,10
2401365,07:56:00,07:56:10,stop_point:SP_2746,Charlas,11
2401365,07:58:00,07:58:10,stop_point:SP_2483,Pont,12
2401365,08:00:00,08:00:10,stop_point:SP_488,Brunet Faure,13
2401365,08:02:00,08:02:10,stop_point:SP_2455,Petit Marquis,14
2401365,08:03:00,08:03:10,stop_point:SP_1155,Bois Joly,15
2401365,08:06:00,08:06:10,stop_point:SP_491,Cascade,16
2401365,08:07:00,08:07:10,stop_point:SP_684,Cabanon,17
2401365,08:09:00,08:09:10,stop_point:SP_1767,Prat,18
2401365,08:11:00,08:11:10,stop_point:SP_3687,Ramelet Moundi,19
2401365,08:13:00,08:13:10,stop_point:SP_346,Grynfogel,20
2401365,08:14:00,08:14:10,stop_point:SP_769,Etchepare,21
2401365,08:15:00,08:15:10,stop_point:SP_3064,Ardennes,22
2401365,08:16:00,08:16:10,stop_point:SP_1629,Corneillan,23
2401365,08:17:00,08:17:10,stop_point:SP_161,Mazaygues,24
2401365,08:18:00,08:18:10,stop_point:SP_1492,Villèle,25
2401365,08:19:00,08:19:10,stop_point:SP_506,Molette,26
2401365,08:20:00,08:20:10,stop_point:SP_2750,Châtaigniers,27
2401365,08:21:00,08:21:10,stop_point:SP_2465,Vitarelles,28
2401365,08:23:00,08:23:10,stop_point:SP_3021,Les Tourelles,29
2401365,08:24:00,08:24:10,stop_point:SP_1460,Pont Rocade,30
2401365,08:25:00,08:25:10,stop_point:SP_1149,Brombach,31
2401365,08:27:00,08:27:10,stop_point:SP_3407,Hippodrome,32
2401365,08:29:00,08:29:10,stop_point:SP_608,Av. de Lombez,33
2401365,08:30:00,08:30:10,stop_point:SP_1733,Clinique Pasteur,34
2401365,08:31:00,08:31:10,stop_point:SP_3004,Barrière de Lombez,35
2401365,08:33:00,08:33:10,stop_point:SP_3590,Arènes,36
2401366,08:35:00,08:35:10,stop_point:SP_1027,Plaisance Monestié,1
2401366,08:36:00,08:36:10,stop_point:SP_3862,Fauvettes,2
2401366,08:37:00,08:37:10,stop_point:SP_567,Capelles,3
2401366,08:37:00,08:37:10,stop_point:SP_857,Plaisance Accueil,4
2401366,08:38:00,08:38:10,stop_point:SP_3183,Maison de Retraite,5
2401366,08:39:00,08:39:10,stop_point:SP_3062,Montaigne,6
2401366,08:40:00,08:40:10,stop_point:SP_2142,Jonquilles,7
2401366,08:41:00,08:41:10,stop_point:SP_4715,Camélias,8
2401366,08:42:00,08:42:10,stop_point:SP_4711,Jules Verne,9
2401366,08:44:00,08:44:10,stop_point:SP_4717,Parc de Campagne,10
2401366,08:46:00,08:46:10,stop_point:SP_2746,Charlas,11
2401366,08:48:00,08:48:10,stop_point:SP_2483,Pont,12
2401366,08:49:00,08:49:10,stop_point:SP_488,Brunet Faure,13
2401366,08:51:00,08:51:10,stop_point:SP_2455,Petit Marquis,14
2401366,08:52:00,08:52:10,stop_point:SP_1155,Bois Joly,15
2401366,08:55:00,08:55:10,stop_point:SP_491,Cascade,16
2401366,08:56:00,08:56:10,stop_point:SP_684,Cabanon,17
2401366,08:58:00,08:58:10,stop_point:SP_1767,Prat,18
2401366,09:00:00,09:00:10,stop_point:SP_3687,Ramelet Moundi,19
2401366,09:01:00,09:01:10,stop_point:SP_346,Grynfogel,20
2401366,09:03:00,09:03:10,stop_point:SP_769,Etchepare,21
2401366,09:03:00,09:03:10,stop_point:SP_3064,Ardennes,22
2401366,09:04:00,09:04:10,stop_point:SP_1629,Corneillan,23
2401366,09:05:00,09:05:10,stop_point:SP_161,Mazaygues,24
2401366,09:06:00,09:06:10,stop_point:SP_1492,Villèle,25
2401366,09:06:00,09:06:10,stop_point:SP_506,Molette,26
2401366,09:07:00,09:07:10,stop_point:SP_2750,Châtaigniers,27
2401366,09:08:00,09:08:10,stop_point:SP_2465,Vitarelles,28
2401366,09:09:00,09:09:10,stop_point:SP_3021,Les Tourelles,29
2401366,09:10:00,09:10:10,stop_point:SP_1460,Pont Rocade,30
2401366,09:11:00,09:11:10,stop_point:SP_1149,Brombach,31
2401366,09:12:00,09:12:10,stop_point:SP_3407,Hippodrome,32
2401366,09:14:00,09:14:10,stop_point:SP_608,Av. de Lombez,33
2401366,09:16:00,09:16:10,stop_point:SP_1733,Clinique Pasteur,34
2401366,09:16:00,09:16:10,stop_point:SP_3004,Barrière de Lombez,35
2401366,09:18:00,09:18:10,stop_point:SP_3590,Arènes,36
2401367,10:40:00,10:40:10,stop_point:SP_1027,Plaisance Monestié,1
2401367,10:41:00,10:41:10,stop_point:SP_3862,Fauvettes,2
2401367,10:42:00,10:42:10,stop_point:SP_567,Capelles,3
2401367,10:42:00,10:42:10,stop_point:SP_857,Plaisance Accueil,4
2401367,10:42:00,10:42:10,stop_point:SP_3183,Maison de Retraite,5
2401367,10:43:00,10:43:10,stop_point:SP_3062,Montaigne,6
2401367,10:43:00,10:43:10,stop_point:SP_2142,Jonquilles,7
2401367,10:44:00,10:44:10,stop_point:SP_4715,Camélias,8
2401367,10:45:00,10:45:10,stop_point:SP_4711,Jules Verne,9
2401367,10:46:00,10:46:10,stop_point:SP_4717,Parc de Campagne,10
2401367,10:47:00,10:47:10,stop_point:SP_2746,Charlas,11
2401367,10:48:00,10:48:10,stop_point:SP_2483,Pont,12
2401367,10:49:00,10:49:10,stop_point:SP_488,Brunet Faure,13
2401367,10:50:00,10:50:10,stop_point:SP_2455,Petit Marquis,14
2401367,10:51:00,10:51:10,stop_point:SP_1155,Bois Joly,15
2401367,10:52:00,10:52:10,stop_point:SP_491,Cascade,16
2401367,10:53:00,10:53:10,stop_point:SP_684,Cabanon,17
2401367,10:54:00,10:54:10,stop_point:SP_1767,Prat,18
2401367,10:55:00,10:55:10,stop_point:SP_3687,Ramelet Moundi,19
2401367,10:56:00,10:56:10,stop_point:SP_346,Grynfogel,20
2401367,10:58:00,10:58:10,stop_point:SP_769,Etchepare,21
2401367,10:58:00,10:58:10,stop_point:SP_3064,Ardennes,22
2401367,10:59:00,10:59:10,stop_point:SP_1629,Corneillan,23
2401367,11:00:00,11:00:10,stop_point:SP_161,Mazaygues,24
2401367,11:01:00,11:01:10,stop_point:SP_1492,Villèle,25
2401367,11:01:00,11:01:10,stop_point:SP_506,Molette,26
2401367,11:02:00,11:02:10,stop_point:SP_2750,Châtaigniers,27
2401367,11:03:00,11:03:10,stop_point:SP_2465,Vitarelles,28
2401367,11:04:00,11:04:10,stop_point:SP_3021,Les Tourelles,29
2401367,11:05:00,11:05:10,stop_point:SP_1460,Pont Rocade,30
2401367,11:06:00,11:06:10,stop_point:SP_1149,Brombach,31
2401367,11:07:00,11:07:10,stop_point:SP_3407,Hippodrome,32
2401367,11:09:00,11:09:10,stop_point:SP_608,Av. de Lombez,33
2401367,11:11:00,11:11:10,stop_point:SP_1733,Clinique Pasteur,34
2401367,11:11:00,11:11:10,stop_point:SP_3004,Barrière de Lombez,35
2401367,11:13:00,11:13:10,stop_point:SP_3590,Arènes,36
2401368,06:45:00,06:45:10,stop_point:SP_1027,Plaisance Monestié,1
2401368,06:46:00,06:46:10,stop_point:SP_3862,Fauvettes,2
2401368,06:47:00,06:47:10,stop_point:SP_567,Capelles,3
2401368,06:47:00,06:47:10,stop_point:SP_857,Plaisance Accueil,4
2401368,06:48:00,06:48:10,stop_point:SP_3183,Maison de Retraite,5
2401368,06:48:00,06:48:10,stop_point:SP_3062,Montaigne,6
2401368,06:49:00,06:49:10,stop_point:SP_2142,Jonquilles,7
2401368,06:49:00,06:49:10,stop_point:SP_4715,Camélias,8
2401368,06:50:00,06:50:10,stop_point:SP_4711,Jules Verne,9
2401368,06:52:00,06:52:10,stop_point:SP_4717,Parc de Campagne,10
2401368,06:53:00,06:53:10,stop_point:SP_2746,Charlas,11
2401368,06:54:00,06:54:10,stop_point:SP_2483,Pont,12
2401368,06:55:00,06:55:10,stop_point:SP_488,Brunet Faure,13
2401368,06:57:00,06:57:10,stop_point:SP_2455,Petit Marquis,14
2401368,06:58:00,06:58:10,stop_point:SP_1155,Bois Joly,15
2401368,06:59:00,06:59:10,stop_point:SP_491,Cascade,16
2401368,07:00:00,07:00:10,stop_point:SP_684,Cabanon,17
2401368,07:01:00,07:01:10,stop_point:SP_1767,Prat,18
2401368,07:02:00,07:02:10,stop_point:SP_3687,Ramelet Moundi,19
2401368,07:04:00,07:04:10,stop_point:SP_346,Grynfogel,20
2401368,07:05:00,07:05:10,stop_point:SP_769,Etchepare,21
2401368,07:06:00,07:06:10,stop_point:SP_3064,Ardennes,22
2401368,07:07:00,07:07:10,stop_point:SP_1629,Corneillan,23
2401368,07:08:00,07:08:10,stop_point:SP_161,Mazaygues,24
2401368,07:09:00,07:09:10,stop_point:SP_1492,Villèle,25
2401368,07:09:00,07:09:10,stop_point:SP_506,Molette,26
2401368,07:10:00,07:10:10,stop_point:SP_2750,Châtaigniers,27
2401368,07:11:00,07:11:10,stop_point:SP_2465,Vitarelles,28
2401368,07:12:00,07:12:10,stop_point:SP_3021,Les Tourelles,29
2401368,07:13:00,07:13:10,stop_point:SP_1460,Pont Rocade,30
2401368,07:14:00,07:14:10,stop_point:SP_1149,Brombach,31
2401368,07:15:00,07:15:10,stop_point:SP_3407,Hippodrome,32
2401368,07:17:00,07:17:10,stop_point:SP_608,Av. de Lombez,33
2401368,07:19:00,07:19:10,stop_point:SP_1733,Clinique Pasteur,34
2401368,07:19:00,07:19:10,stop_point:SP_3004,Barrière de Lombez,35
2401368,07:21:00,07:21:10,stop_point:SP_3590,Arènes,36
2401369,09:30:00,09:30:10,stop_point:SP_1027,Plaisance Monestié,1
2401369,09:31:00,09:31:10,stop_point:SP_3862,Fauvettes,2
2401369,09:32:00,09:32:10,stop_point:SP_567,Capelles,3
2401369,09:32:00,09:32:10,stop_point:SP_857,Plaisance Accueil,4
2401369,09:32:00,09:32:10,stop_point:SP_3183,Maison de Retraite,5
2401369,09:33:00,09:33:10,stop_point:SP_3062,Montaigne,6
2401369,09:34:00,09:34:10,stop_point:SP_2142,Jonquilles,7
2401369,09:34:00,09:34:10,stop_point:SP_4715,Camélias,8
2401369,09:35:00,09:35:10,stop_point:SP_4711,Jules Verne,9
2401369,09:36:00,09:36:10,stop_point:SP_4717,Parc de Campagne,10
2401369,09:38:00,09:38:10,stop_point:SP_2746,Charlas,11
2401369,09:39:00,09:39:10,stop_point:SP_2483,Pont,12
2401369,09:40:00,09:40:10,stop_point:SP_488,Brunet Faure,13
2401369,09:41:00,09:41:10,stop_point:SP_2455,Petit Marquis,14
2401369,09:42:00,09:42:10,stop_point:SP_1155,Bois Joly,15
2401369,09:43:00,09:43:10,stop_point:SP_491,Cascade,16
2401369,09:44:00,09:44:10,stop_point:SP_684,Cabanon,17
2401369,09:45:00,09:45:10,stop_point:SP_1767,Prat,18
2401369,09:46:00,09:46:10,stop_point:SP_3687,Ramelet Moundi,19
2401369,09:47:00,09:47:10,stop_point:SP_346,Grynfogel,20
2401369,09:49:00,09:49:10,stop_point:SP_769,Etchepare,21
2401369,09:49:00,09:49:10,stop_point:SP_3064,Ardennes,22
2401369,09:50:00,09:50:10,stop_point:SP_1629,Corneillan,23
2401369,09:51:00,09:51:10,stop_point:SP_161,Mazaygues,24
2401369,09:52:00,09:52:10,stop_point:SP_1492,Villèle,25
2401369,09:52:00,09:52:10,stop_point:SP_506,Molette,26
2401369,09:53:00,09:53:10,stop_point:SP_2750,Châtaigniers,27
2401369,09:54:00,09:54:10,stop_point:SP_2465,Vitarelles,28
2401369,09:55:00,09:55:10,stop_point:SP_3021,Les Tourelles,29
2401369,09:56:00,09:56:10,stop_point:SP_1460,Pont Rocade,30
2401369,09:57:00,09:57:10,stop_point:SP_1149,Brombach,31
2401369,09:58:00,09:58:10,stop_point:SP_3407,Hippodrome,32
2401369,10:00:00,10:00:10,stop_point:SP_608,Av. de Lombez,33
2401369,10:01:00,10:01:10,stop_point:SP_1733,Clinique Pasteur,34
2401369,10:02:00,10:02:10,stop_point:SP_3004,Barrière de Lombez,35
2401369,10:03:00,10:03:10,stop_point:SP_3590,Arènes,36
2401370,10:05:00,10:05:10,stop_point:SP_1027,Plaisance Monestié,1
2401370,10:06:00,10:06:10,stop_point:SP_3862,Fauvettes,2
2401370,10:07:00,10:07:10,stop_point:SP_567,Capelles,3
2401370,10:07:00,10:07:10,stop_point:SP_857,Plaisance Accueil,4
2401370,10:07:00,10:07:10,stop_point:SP_3183,Maison de Retraite,5
2401370,10:08:00,10:08:10,stop_point:SP_3062,Montaigne,6
2401370,10:09:00,10:09:10,stop_point:SP_2142,Jonquilles,7
2401370,10:09:00,10:09:10,stop_point:SP_4715,Camélias,8
2401370,10:10:00,10:10:10,stop_point:SP_4711,Jules Verne,9
2401370,10:11:00,10:11:10,stop_point:SP_4717,Parc de Campagne,10
2401370,10:13:00,10:13:10,stop_point:SP_2746,Charlas,11
2401370,10:14:00,10:14:10,stop_point:SP_2483,Pont,12
2401370,10:15:00,10:15:10,stop_point:SP_488,Brunet Faure,13
2401370,10:16:00,10:16:10,stop_point:SP_2455,Petit Marquis,14
2401370,10:17:00,10:17:10,stop_point:SP_1155,Bois Joly,15
2401370,10:18:00,10:18:10,stop_point:SP_491,Cascade,16
2401370,10:19:00,10:19:10,stop_point:SP_684,Cabanon,17
2401370,10:20:00,10:20:10,stop_point:SP_1767,Prat,18
2401370,10:21:00,10:21:10,stop_point:SP_3687,Ramelet Moundi,19
2401370,10:22:00,10:22:10,stop_point:SP_346,Grynfogel,20
2401370,10:24:00,10:24:10,stop_point:SP_769,Etchepare,21
2401370,10:24:00,10:24:10,stop_point:SP_3064,Ardennes,22
2401370,10:25:00,10:25:10,stop_point:SP_1629,Corneillan,23
2401370,10:26:00,10:26:10,stop_point:SP_161,Mazaygues,24
2401370,10:27:00,10:27:10,stop_point:SP_1492,Villèle,25
2401370,10:27:00,10:27:10,stop_point:SP_506,Molette,26
2401370,10:28:00,10:28:10,stop_point:SP_2750,Châtaigniers,27
2401370,10:29:00,10:29:10,stop_point:SP_2465,Vitarelles,28
2401370,10:30:00,10:30:10,stop_point:SP_3021,Les Tourelles,29
2401370,10:31:00,10:31:10,stop_point:SP_1460,Pont Rocade,30
2401370,10:32:00,10:32:10,stop_point:SP_1149,Brombach,31
2401370,10:33:00,10:33:10,stop_point:SP_3407,Hippodrome,32
2401370,10:35:00,10:35:10,stop_point:SP_608,Av. de Lombez,33
2401370,10:36:00,10:36:10,stop_point:SP_1733,Clinique Pasteur,34
2401370,10:37:00,10:37:10,stop_point:SP_3004,Barrière de Lombez,35
2401370,10:38:00,10:38:10,stop_point:SP_3590,Arènes,36
2401371,11:15:00,11:15:10,stop_point:SP_1027,Plaisance Monestié,1
2401371,11:16:00,11:16:10,stop_point:SP_3862,Fauvettes,2
2401371,11:17:00,11:17:10,stop_point:SP_567,Capelles,3
2401371,11:17:00,11:17:10,stop_point:SP_857,Plaisance Accueil,4
2401371,11:17:00,11:17:10,stop_point:SP_3183,Maison de Retraite,5
2401371,11:18:00,11:18:10,stop_point:SP_3062,Montaigne,6
2401371,11:18:00,11:18:10,stop_point:SP_2142,Jonquilles,7
2401371,11:19:00,11:19:10,stop_point:SP_4715,Camélias,8
2401371,11:20:00,11:20:10,stop_point:SP_4711,Jules Verne,9
2401371,11:21:00,11:21:10,stop_point:SP_4717,Parc de Campagne,10
2401371,11:22:00,11:22:10,stop_point:SP_2746,Charlas,11
2401371,11:23:00,11:23:10,stop_point:SP_2483,Pont,12
2401371,11:24:00,11:24:10,stop_point:SP_488,Brunet Faure,13
2401371,11:25:00,11:25:10,stop_point:SP_2455,Petit Marquis,14
2401371,11:26:00,11:26:10,stop_point:SP_1155,Bois Joly,15
2401371,11:27:00,11:27:10,stop_point:SP_491,Cascade,16
2401371,11:28:00,11:28:10,stop_point:SP_684,Cabanon,17
2401371,11:29:00,11:29:10,stop_point:SP_1767,Prat,18
2401371,11:30:00,11:30:10,stop_point:SP_3687,Ramelet Moundi,19
2401371,11:31:00,11:31:10,stop_point:SP_346,Grynfogel,20
2401371,11:33:00,11:33:10,stop_point:SP_769,Etchepare,21
2401371,11:33:00,11:33:10,stop_point:SP_3064,Ardennes,22
2401371,11:34:00,11:34:10,stop_point:SP_1629,Corneillan,23
2401371,11:35:00,11:35:10,stop_point:SP_161,Mazaygues,24
2401371,11:36:00,11:36:10,stop_point:SP_1492,Villèle,25
2401371,11:36:00,11:36:10,stop_point:SP_506,Molette,26
2401371,11:37:00,11:37:10,stop_point:SP_2750,Châtaigniers,27
2401371,11:38:00,11:38:10,stop_point:SP_2465,Vitarelles,28
2401371,11:39:00,11:39:10,stop_point:SP_3021,Les Tourelles,29
2401371,11:40:00,11:40:10,stop_point:SP_1460,Pont Rocade,30
2401371,11:41:00,11:41:10,stop_point:SP_1149,Brombach,31
2401371,11:42:00,11:42:10,stop_point:SP_3407,Hippodrome,32
2401371,11:44:00,11:44:10,stop_point:SP_608,Av. de Lombez,33
2401371,11:46:00,11:46:10,stop_point:SP_1733,Clinique Pasteur,34
2401371,11:46:00,11:46:10,stop_point:SP_3004,Barrière de Lombez,35
2401371,11:48:00,11:48:10,stop_point:SP_3590,Arènes,36
2401372,09:00:00,09:00:10,stop_point:SP_1027,Plaisance Monestié,1
2401372,09:01:00,09:01:10,stop_point:SP_3862,Fauvettes,2
2401372,09:02:00,09:02:10,stop_point:SP_567,Capelles,3
2401372,09:02:00,09:02:10,stop_point:SP_857,Plaisance Accueil,4
2401372,09:03:00,09:03:10,stop_point:SP_3183,Maison de Retraite,5
2401372,09:03:00,09:03:10,stop_point:SP_3062,Montaigne,6
2401372,09:04:00,09:04:10,stop_point:SP_2142,Jonquilles,7
2401372,09:05:00,09:05:10,stop_point:SP_4715,Camélias,8
2401372,09:06:00,09:06:10,stop_point:SP_4711,Jules Verne,9
2401372,09:07:00,09:07:10,stop_point:SP_4717,Parc de Campagne,10
2401372,09:09:00,09:09:10,stop_point:SP_2746,Charlas,11
2401372,09:10:00,09:10:10,stop_point:SP_2483,Pont,12
2401372,09:11:00,09:11:10,stop_point:SP_488,Brunet Faure,13
2401372,09:12:00,09:12:10,stop_point:SP_2455,Petit Marquis,14
2401372,09:13:00,09:13:10,stop_point:SP_1155,Bois Joly,15
2401372,09:15:00,09:15:10,stop_point:SP_491,Cascade,16
2401372,09:16:00,09:16:10,stop_point:SP_684,Cabanon,17
2401372,09:18:00,09:18:10,stop_point:SP_1767,Prat,18
2401372,09:19:00,09:19:10,stop_point:SP_3687,Ramelet Moundi,19
2401372,09:20:00,09:20:10,stop_point:SP_346,Grynfogel,20
2401372,09:22:00,09:22:10,stop_point:SP_769,Etchepare,21
2401372,09:22:00,09:22:10,stop_point:SP_3064,Ardennes,22
2401372,09:23:00,09:23:10,stop_point:SP_1629,Corneillan,23
2401372,09:24:00,09:24:10,stop_point:SP_161,Mazaygues,24
2401372,09:25:00,09:25:10,stop_point:SP_1492,Villèle,25
2401372,09:25:00,09:25:10,stop_point:SP_506,Molette,26
2401372,09:26:00,09:26:10,stop_point:SP_2750,Châtaigniers,27
2401372,09:27:00,09:27:10,stop_point:SP_2465,Vitarelles,28
2401372,09:28:00,09:28:10,stop_point:SP_3021,Les Tourelles,29
2401372,09:29:00,09:29:10,stop_point:SP_1460,Pont Rocade,30
2401372,09:30:00,09:30:10,stop_point:SP_1149,Brombach,31
2401372,09:31:00,09:31:10,stop_point:SP_3407,Hippodrome,32
2401372,09:33:00,09:33:10,stop_point:SP_608,Av. de Lombez,33
2401372,09:35:00,09:35:10,stop_point:SP_1733,Clinique Pasteur,34
2401372,09:35:00,09:35:10,stop_point:SP_3004,Barrière de Lombez,35
2401372,09:37:00,09:37:10,stop_point:SP_3590,Arènes,36
2401373,12:25:00,12:25:10,stop_point:SP_1027,Plaisance Monestié,1
2401373,12:26:00,12:26:10,stop_point:SP_3862,Fauvettes,2
2401373,12:27:00,12:27:10,stop_point:SP_567,Capelles,3
2401373,12:27:00,12:27:10,stop_point:SP_857,Plaisance Accueil,4
2401373,12:27:00,12:27:10,stop_point:SP_3183,Maison de Retraite,5
2401373,12:28:00,12:28:10,stop_point:SP_3062,Montaigne,6
2401373,12:28:00,12:28:10,stop_point:SP_2142,Jonquilles,7
2401373,12:29:00,12:29:10,stop_point:SP_4715,Camélias,8
2401373,12:30:00,12:30:10,stop_point:SP_4711,Jules Verne,9
2401373,12:31:00,12:31:10,stop_point:SP_4717,Parc de Campagne,10
2401373,12:32:00,12:32:10,stop_point:SP_2746,Charlas,11
2401373,12:33:00,12:33:10,stop_point:SP_2483,Pont,12
2401373,12:34:00,12:34:10,stop_point:SP_488,Brunet Faure,13
2401373,12:35:00,12:35:10,stop_point:SP_2455,Petit Marquis,14
2401373,12:36:00,12:36:10,stop_point:SP_1155,Bois Joly,15
2401373,12:37:00,12:37:10,stop_point:SP_491,Cascade,16
2401373,12:38:00,12:38:10,stop_point:SP_684,Cabanon,17
2401373,12:40:00,12:40:10,stop_point:SP_1767,Prat,18
2401373,12:41:00,12:41:10,stop_point:SP_3687,Ramelet Moundi,19
2401373,12:42:00,12:42:10,stop_point:SP_346,Grynfogel,20
2401373,12:44:00,12:44:10,stop_point:SP_769,Etchepare,21
2401373,12:44:00,12:44:10,stop_point:SP_3064,Ardennes,22
2401373,12:45:00,12:45:10,stop_point:SP_1629,Corneillan,23
2401373,12:46:00,12:46:10,stop_point:SP_161,Mazaygues,24
2401373,12:47:00,12:47:10,stop_point:SP_1492,Villèle,25
2401373,12:47:00,12:47:10,stop_point:SP_506,Molette,26
2401373,12:48:00,12:48:10,stop_point:SP_2750,Châtaigniers,27
2401373,12:49:00,12:49:10,stop_point:SP_2465,Vitarelles,28
2401373,12:50:00,12:50:10,stop_point:SP_3021,Les Tourelles,29
2401373,12:51:00,12:51:10,stop_point:SP_1460,Pont Rocade,30
2401373,12:52:00,12:52:10,stop_point:SP_1149,Brombach,31
2401373,12:53:00,12:53:10,stop_point:SP_3407,Hippodrome,32
2401373,12:55:00,12:55:10,stop_point:SP_608,Av. de Lombez,33
2401373,12:57:00,12:57:10,stop_point:SP_1733,Clinique Pasteur,34
2401373,12:57:00,12:57:10,stop_point:SP_3004,Barrière de Lombez,35
2401373,12:59:00,12:59:10,stop_point:SP_3590,Arènes,36
2401374,11:50:00,11:50:10,stop_point:SP_1027,Plaisance Monestié,1
2401374,11:51:00,11:51:10,stop_point:SP_3862,Fauvettes,2
2401374,11:52:00,11:52:10,stop_point:SP_567,Capelles,3
2401374,11:52:00,11:52:10,stop_point:SP_857,Plaisance Accueil,4
2401374,11:52:00,11:52:10,stop_point:SP_3183,Maison de Retraite,5
2401374,11:53:00,11:53:10,stop_point:SP_3062,Montaigne,6
2401374,11:53:00,11:53:10,stop_point:SP_2142,Jonquilles,7
2401374,11:54:00,11:54:10,stop_point:SP_4715,Camélias,8
2401374,11:55:00,11:55:10,stop_point:SP_4711,Jules Verne,9
2401374,11:56:00,11:56:10,stop_point:SP_4717,Parc de Campagne,10
2401374,11:57:00,11:57:10,stop_point:SP_2746,Charlas,11
2401374,11:58:00,11:58:10,stop_point:SP_2483,Pont,12
2401374,11:59:00,11:59:10,stop_point:SP_488,Brunet Faure,13
2401374,12:00:00,12:00:10,stop_point:SP_2455,Petit Marquis,14
2401374,12:01:00,12:01:10,stop_point:SP_1155,Bois Joly,15
2401374,12:02:00,12:02:10,stop_point:SP_491,Cascade,16
2401374,12:03:00,12:03:10,stop_point:SP_684,Cabanon,17
2401374,12:05:00,12:05:10,stop_point:SP_1767,Prat,18
2401374,12:06:00,12:06:10,stop_point:SP_3687,Ramelet Moundi,19
2401374,12:07:00,12:07:10,stop_point:SP_346,Grynfogel,20
2401374,12:09:00,12:09:10,stop_point:SP_769,Etchepare,21
2401374,12:09:00,12:09:10,stop_point:SP_3064,Ardennes,22
2401374,12:10:00,12:10:10,stop_point:SP_1629,Corneillan,23
2401374,12:11:00,12:11:10,stop_point:SP_161,Mazaygues,24
2401374,12:12:00,12:12:10,stop_point:SP_1492,Villèle,25
2401374,12:12:00,12:12:10,stop_point:SP_506,Molette,26
2401374,12:13:00,12:13:10,stop_point:SP_2750,Châtaigniers,27
2401374,12:14:00,12:14:10,stop_point:SP_2465,Vitarelles,28
2401374,12:15:00,12:15:10,stop_point:SP_3021,Les Tourelles,29
2401374,12:16:00,12:16:10,stop_point:SP_1460,Pont Rocade,30
2401374,12:17:00,12:17:10,stop_point:SP_1149,Brombach,31
2401374,12:18:00,12:18:10,stop_point:SP_3407,Hippodrome,32
2401374,12:20:00,12:20:10,stop_point:SP_608,Av. de Lombez,33
2401374,12:22:00,12:22:10,stop_point:SP_1733,Clinique Pasteur,34
2401374,12:22:00,12:22:10,stop_point:SP_3004,Barrière de Lombez,35
2401374,12:24:00,12:24:10,stop_point:SP_3590,Arènes,36
2401375,13:34:00,13:34:10,stop_point:SP_1027,Plaisance Monestié,1
2401375,13:35:00,13:35:10,stop_point:SP_3862,Fauvettes,2
2401375,13:36:00,13:36:10,stop_point:SP_567,Capelles,3
2401375,13:36:00,13:36:10,stop_point:SP_857,Plaisance Accueil,4
2401375,13:36:00,13:36:10,stop_point:SP_3183,Maison de Retraite,5
2401375,13:37:00,13:37:10,stop_point:SP_3062,Montaigne,6
2401375,13:37:00,13:37:10,stop_point:SP_2142,Jonquilles,7
2401375,13:38:00,13:38:10,stop_point:SP_4715,Camélias,8
2401375,13:39:00,13:39:10,stop_point:SP_4711,Jules Verne,9
2401375,13:40:00,13:40:10,stop_point:SP_4717,Parc de Campagne,10
2401375,13:41:00,13:41:10,stop_point:SP_2746,Charlas,11
2401375,13:42:00,13:42:10,stop_point:SP_2483,Pont,12
2401375,13:43:00,13:43:10,stop_point:SP_488,Brunet Faure,13
2401375,13:44:00,13:44:10,stop_point:SP_2455,Petit Marquis,14
2401375,13:45:00,13:45:10,stop_point:SP_1155,Bois Joly,15
2401375,13:46:00,13:46:10,stop_point:SP_491,Cascade,16
2401375,13:47:00,13:47:10,stop_point:SP_684,Cabanon,17
2401375,13:49:00,13:49:10,stop_point:SP_1767,Prat,18
2401375,13:50:00,13:50:10,stop_point:SP_3687,Ramelet Moundi,19
2401375,13:51:00,13:51:10,stop_point:SP_346,Grynfogel,20
2401375,13:53:00,13:53:10,stop_point:SP_769,Etchepare,21
2401375,13:53:00,13:53:10,stop_point:SP_3064,Ardennes,22
2401375,13:54:00,13:54:10,stop_point:SP_1629,Corneillan,23
2401375,13:55:00,13:55:10,stop_point:SP_161,Mazaygues,24
2401375,13:56:00,13:56:10,stop_point:SP_1492,Villèle,25
2401375,13:57:00,13:57:10,stop_point:SP_506,Molette,26
2401375,13:58:00,13:58:10,stop_point:SP_2750,Châtaigniers,27
2401375,13:58:00,13:58:10,stop_point:SP_2465,Vitarelles,28
2401375,14:00:00,14:00:10,stop_point:SP_3021,Les Tourelles,29
2401375,14:01:00,14:01:10,stop_point:SP_1460,Pont Rocade,30
2401375,14:02:00,14:02:10,stop_point:SP_1149,Brombach,31
2401375,14:03:00,14:03:10,stop_point:SP_3407,Hippodrome,32
2401375,14:05:00,14:05:10,stop_point:SP_608,Av. de Lombez,33
2401375,14:07:00,14:07:10,stop_point:SP_1733,Clinique Pasteur,34
2401375,14:07:00,14:07:10,stop_point:SP_3004,Barrière de Lombez,35
2401375,14:09:00,14:09:10,stop_point:SP_3590,Arènes,36
2401376,14:45:00,14:45:10,stop_point:SP_1027,Plaisance Monestié,1
2401376,14:46:00,14:46:10,stop_point:SP_3862,Fauvettes,2
2401376,14:47:00,14:47:10,stop_point:SP_567,Capelles,3
2401376,14:47:00,14:47:10,stop_point:SP_857,Plaisance Accueil,4
2401376,14:47:00,14:47:10,stop_point:SP_3183,Maison de Retraite,5
2401376,14:48:00,14:48:10,stop_point:SP_3062,Montaigne,6
2401376,14:48:00,14:48:10,stop_point:SP_2142,Jonquilles,7
2401376,14:49:00,14:49:10,stop_point:SP_4715,Camélias,8
2401376,14:50:00,14:50:10,stop_point:SP_4711,Jules Verne,9
2401376,14:51:00,14:51:10,stop_point:SP_4717,Parc de Campagne,10
2401376,14:52:00,14:52:10,stop_point:SP_2746,Charlas,11
2401376,14:53:00,14:53:10,stop_point:SP_2483,Pont,12
2401376,14:54:00,14:54:10,stop_point:SP_488,Brunet Faure,13
2401376,14:55:00,14:55:10,stop_point:SP_2455,Petit Marquis,14
2401376,14:56:00,14:56:10,stop_point:SP_1155,Bois Joly,15
2401376,14:57:00,14:57:10,stop_point:SP_491,Cascade,16
2401376,14:58:00,14:58:10,stop_point:SP_684,Cabanon,17
2401376,14:59:00,14:59:10,stop_point:SP_1767,Prat,18
2401376,15:00:00,15:00:10,stop_point:SP_3687,Ramelet Moundi,19
2401376,15:01:00,15:01:10,stop_point:SP_346,Grynfogel,20
2401376,15:03:00,15:03:10,stop_point:SP_769,Etchepare,21
2401376,15:03:00,15:03:10,stop_point:SP_3064,Ardennes,22
2401376,15:04:00,15:04:10,stop_point:SP_1629,Corneillan,23
2401376,15:05:00,15:05:10,stop_point:SP_161,Mazaygues,24
2401376,15:06:00,15:06:10,stop_point:SP_1492,Villèle,25
2401376,15:06:00,15:06:10,stop_point:SP_506,Molette,26
2401376,15:07:00,15:07:10,stop_point:SP_2750,Châtaigniers,27
2401376,15:08:00,15:08:10,stop_point:SP_2465,Vitarelles,28
2401376,15:09:00,15:09:10,stop_point:SP_3021,Les Tourelles,29
2401376,15:10:00,15:10:10,stop_point:SP_1460,Pont Rocade,30
2401376,15:11:00,15:11:10,stop_point:SP_1149,Brombach,31
2401376,15:13:00,15:13:10,stop_point:SP_3407,Hippodrome,32
2401376,15:15:00,15:15:10,stop_point:SP_608,Av. de Lombez,33
2401376,15:16:00,15:16:10,stop_point:SP_1733,Clinique Pasteur,34
2401376,15:17:00,15:17:10,stop_point:SP_3004,Barrière de Lombez,35
2401376,15:19:00,15:19:10,stop_point:SP_3590,Arènes,36
2401377,15:20:00,15:20:10,stop_point:SP_1027,Plaisance Monestié,1
2401377,15:21:00,15:21:10,stop_point:SP_3862,Fauvettes,2
2401377,15:22:00,15:22:10,stop_point:SP_567,Capelles,3
2401377,15:22:00,15:22:10,stop_point:SP_857,Plaisance Accueil,4
2401377,15:22:00,15:22:10,stop_point:SP_3183,Maison de Retraite,5
2401377,15:23:00,15:23:10,stop_point:SP_3062,Montaigne,6
2401377,15:23:00,15:23:10,stop_point:SP_2142,Jonquilles,7
2401377,15:24:00,15:24:10,stop_point:SP_4715,Camélias,8
2401377,15:25:00,15:25:10,stop_point:SP_4711,Jules Verne,9
2401377,15:26:00,15:26:10,stop_point:SP_4717,Parc de Campagne,10
2401377,15:27:00,15:27:10,stop_point:SP_2746,Charlas,11
2401377,15:28:00,15:28:10,stop_point:SP_2483,Pont,12
2401377,15:29:00,15:29:10,stop_point:SP_488,Brunet Faure,13
2401377,15:30:00,15:30:10,stop_point:SP_2455,Petit Marquis,14
2401377,15:31:00,15:31:10,stop_point:SP_1155,Bois Joly,15
2401377,15:32:00,15:32:10,stop_point:SP_491,Cascade,16
2401377,15:33:00,15:33:10,stop_point:SP_684,Cabanon,17
2401377,15:34:00,15:34:10,stop_point:SP_1767,Prat,18
2401377,15:35:00,15:35:10,stop_point:SP_3687,Ramelet Moundi,19
2401377,15:37:00,15:37:10,stop_point:SP_346,Grynfogel,20
2401377,15:38:00,15:38:10,stop_point:SP_769,Etchepare,21
2401377,15:39:00,15:39:10,stop_point:SP_3064,Ardennes,22
2401377,15:40:00,15:40:10,stop_point:SP_1629,Corneillan,23
2401377,15:41:00,15:41:10,stop_point:SP_161,Mazaygues,24
2401377,15:42:00,15:42:10,stop_point:SP_1492,Villèle,25
2401377,15:42:00,15:42:10,stop_point:SP_506,Molette,26
2401377,15:43:00,15:43:10,stop_point:SP_2750,Châtaigniers,27
2401377,15:44:00,15:44:10,stop_point:SP_2465,Vitarelles,28
2401377,15:45:00,15:45:10,stop_point:SP_3021,Les Tourelles,29
2401377,15:46:00,15:46:10,stop_point:SP_1460,Pont Rocade,30
2401377,15:47:00,15:47:10,stop_point:SP_1149,Brombach,31
2401377,15:49:00,15:49:10,stop_point:SP_3407,Hippodrome,32
2401377,15:51:00,15:51:10,stop_point:SP_608,Av. de Lombez,33
2401377,15:52:00,15:52:10,stop_point:SP_1733,Clinique Pasteur,34
2401377,15:53:00,15:53:10,stop_point:SP_3004,Barrière de Lombez,35
2401377,15:55:00,15:55:10,stop_point:SP_3590,Arènes,36
2401378,16:15:00,16:15:10,stop_point:SP_1027,Plaisance Monestié,1
2401378,16:16:00,16:16:10,stop_point:SP_3862,Fauvettes,2
2401378,16:17:00,16:17:10,stop_point:SP_567,Capelles,3
2401378,16:17:00,16:17:10,stop_point:SP_857,Plaisance Accueil,4
2401378,16:17:00,16:17:10,stop_point:SP_3183,Maison de Retraite,5
2401378,16:18:00,16:18:10,stop_point:SP_3062,Montaigne,6
2401378,16:19:00,16:19:10,stop_point:SP_2142,Jonquilles,7
2401378,16:19:00,16:19:10,stop_point:SP_4715,Camélias,8
2401378,16:20:00,16:20:10,stop_point:SP_4711,Jules Verne,9
2401378,16:21:00,16:21:10,stop_point:SP_4717,Parc de Campagne,10
2401378,16:23:00,16:23:10,stop_point:SP_2746,Charlas,11
2401378,16:24:00,16:24:10,stop_point:SP_2483,Pont,12
2401378,16:25:00,16:25:10,stop_point:SP_488,Brunet Faure,13
2401378,16:26:00,16:26:10,stop_point:SP_2455,Petit Marquis,14
2401378,16:27:00,16:27:10,stop_point:SP_1155,Bois Joly,15
2401378,16:28:00,16:28:10,stop_point:SP_491,Cascade,16
2401378,16:29:00,16:29:10,stop_point:SP_684,Cabanon,17
2401378,16:30:00,16:30:10,stop_point:SP_1767,Prat,18
2401378,16:31:00,16:31:10,stop_point:SP_3687,Ramelet Moundi,19
2401378,16:33:00,16:33:10,stop_point:SP_346,Grynfogel,20
2401378,16:34:00,16:34:10,stop_point:SP_769,Etchepare,21
2401378,16:35:00,16:35:10,stop_point:SP_3064,Ardennes,22
2401378,16:36:00,16:36:10,stop_point:SP_1629,Corneillan,23
2401378,16:37:00,16:37:10,stop_point:SP_161,Mazaygues,24
2401378,16:38:00,16:38:10,stop_point:SP_1492,Villèle,25
2401378,16:38:00,16:38:10,stop_point:SP_506,Molette,26
2401378,16:39:00,16:39:10,stop_point:SP_2750,Châtaigniers,27
2401378,16:40:00,16:40:10,stop_point:SP_2465,Vitarelles,28
2401378,16:41:00,16:41:10,stop_point:SP_3021,Les Tourelles,29
2401378,16:42:00,16:42:10,stop_point:SP_1460,Pont Rocade,30
2401378,16:43:00,16:43:10,stop_point:SP_1149,Brombach,31
2401378,16:45:00,16:45:10,stop_point:SP_3407,Hippodrome,32
2401378,16:47:00,16:47:10,stop_point:SP_608,Av. de Lombez,33
2401378,16:48:00,16:48:10,stop_point:SP_1733,Clinique Pasteur,34
2401378,16:49:00,16:49:10,stop_point:SP_3004,Barrière de Lombez,35
2401378,16:51:00,16:51:10,stop_point:SP_3590,Arènes,36
2401379,15:50:00,15:50:10,stop_point:SP_1027,Plaisance Monestié,1
2401379,15:51:00,15:51:10,stop_point:SP_3862,Fauvettes,2
2401379,15:52:00,15:52:10,stop_point:SP_567,Capelles,3
2401379,15:52:00,15:52:10,stop_point:SP_857,Plaisance Accueil,4
2401379,15:52:00,15:52:10,stop_point:SP_3183,Maison de Retraite,5
2401379,15:53:00,15:53:10,stop_point:SP_3062,Montaigne,6
2401379,15:53:00,15:53:10,stop_point:SP_2142,Jonquilles,7
2401379,15:54:00,15:54:10,stop_point:SP_4715,Camélias,8
2401379,15:55:00,15:55:10,stop_point:SP_4711,Jules Verne,9
2401379,15:56:00,15:56:10,stop_point:SP_4717,Parc de Campagne,10
2401379,15:57:00,15:57:10,stop_point:SP_2746,Charlas,11
2401379,15:58:00,15:58:10,stop_point:SP_2483,Pont,12
2401379,15:59:00,15:59:10,stop_point:SP_488,Brunet Faure,13
2401379,16:00:00,16:00:10,stop_point:SP_2455,Petit Marquis,14
2401379,16:01:00,16:01:10,stop_point:SP_1155,Bois Joly,15
2401379,16:02:00,16:02:10,stop_point:SP_491,Cascade,16
2401379,16:03:00,16:03:10,stop_point:SP_684,Cabanon,17
2401379,16:04:00,16:04:10,stop_point:SP_1767,Prat,18
2401379,16:05:00,16:05:10,stop_point:SP_3687,Ramelet Moundi,19
2401379,16:07:00,16:07:10,stop_point:SP_346,Grynfogel,20
2401379,16:08:00,16:08:10,stop_point:SP_769,Etchepare,21
2401379,16:09:00,16:09:10,stop_point:SP_3064,Ardennes,22
2401379,16:10:00,16:10:10,stop_point:SP_1629,Corneillan,23
2401379,16:11:00,16:11:10,stop_point:SP_161,Mazaygues,24
2401379,16:12:00,16:12:10,stop_point:SP_1492,Villèle,25
2401379,16:12:00,16:12:10,stop_point:SP_506,Molette,26
2401379,16:13:00,16:13:10,stop_point:SP_2750,Châtaigniers,27
2401379,16:14:00,16:14:10,stop_point:SP_2465,Vitarelles,28
2401379,16:15:00,16:15:10,stop_point:SP_3021,Les Tourelles,29
2401379,16:16:00,16:16:10,stop_point:SP_1460,Pont Rocade,30
2401379,16:17:00,16:17:10,stop_point:SP_1149,Brombach,31
2401379,16:19:00,16:19:10,stop_point:SP_3407,Hippodrome,32
2401379,16:21:00,16:21:10,stop_point:SP_608,Av. de Lombez,33
2401379,16:22:00,16:22:10,stop_point:SP_1733,Clinique Pasteur,34
2401379,16:23:00,16:23:10,stop_point:SP_3004,Barrière de Lombez,35
2401379,16:25:00,16:25:10,stop_point:SP_3590,Arènes,36
2401380,17:25:00,17:25:10,stop_point:SP_1027,Plaisance Monestié,1
2401380,17:26:00,17:26:10,stop_point:SP_3862,Fauvettes,2
2401380,17:27:00,17:27:10,stop_point:SP_567,Capelles,3
2401380,17:27:00,17:27:10,stop_point:SP_857,Plaisance Accueil,4
2401380,17:28:00,17:28:10,stop_point:SP_3183,Maison de Retraite,5
2401380,17:28:00,17:28:10,stop_point:SP_3062,Montaigne,6
2401380,17:29:00,17:29:10,stop_point:SP_2142,Jonquilles,7
2401380,17:29:00,17:29:10,stop_point:SP_4715,Camélias,8
2401380,17:30:00,17:30:10,stop_point:SP_4711,Jules Verne,9
2401380,17:32:00,17:32:10,stop_point:SP_4717,Parc de Campagne,10
2401380,17:33:00,17:33:10,stop_point:SP_2746,Charlas,11
2401380,17:34:00,17:34:10,stop_point:SP_2483,Pont,12
2401380,17:35:00,17:35:10,stop_point:SP_488,Brunet Faure,13
2401380,17:37:00,17:37:10,stop_point:SP_2455,Petit Marquis,14
2401380,17:38:00,17:38:10,stop_point:SP_1155,Bois Joly,15
2401380,17:39:00,17:39:10,stop_point:SP_491,Cascade,16
2401380,17:40:00,17:40:10,stop_point:SP_684,Cabanon,17
2401380,17:41:00,17:41:10,stop_point:SP_1767,Prat,18
2401380,17:42:00,17:42:10,stop_point:SP_3687,Ramelet Moundi,19
2401380,17:43:00,17:43:10,stop_point:SP_346,Grynfogel,20
2401380,17:45:00,17:45:10,stop_point:SP_769,Etchepare,21
2401380,17:45:00,17:45:10,stop_point:SP_3064,Ardennes,22
2401380,17:46:00,17:46:10,stop_point:SP_1629,Corneillan,23
2401380,17:47:00,17:47:10,stop_point:SP_161,Mazaygues,24
2401380,17:48:00,17:48:10,stop_point:SP_1492,Villèle,25
2401380,17:49:00,17:49:10,stop_point:SP_506,Molette,26
2401380,17:50:00,17:50:10,stop_point:SP_2750,Châtaigniers,27
2401380,17:51:00,17:51:10,stop_point:SP_2465,Vitarelles,28
2401380,17:53:00,17:53:10,stop_point:SP_3021,Les Tourelles,29
2401380,17:54:00,17:54:10,stop_point:SP_1460,Pont Rocade,30
2401380,17:56:00,17:56:10,stop_point:SP_1149,Brombach,31
2401380,17:57:00,17:57:10,stop_point:SP_3407,Hippodrome,32
2401380,17:59:00,17:59:10,stop_point:SP_608,Av. de Lombez,33
2401380,18:01:00,18:01:10,stop_point:SP_1733,Clinique Pasteur,34
2401380,18:02:00,18:02:10,stop_point:SP_3004,Barrière de Lombez,35
2401380,18:04:00,18:04:10,stop_point:SP_3590,Arènes,36
2401381,20:20:00,20:20:10,stop_point:SP_1027,Plaisance Monestié,1
2401381,20:21:00,20:21:10,stop_point:SP_3862,Fauvettes,2
2401381,20:22:00,20:22:10,stop_point:SP_567,Capelles,3
2401381,20:22:00,20:22:10,stop_point:SP_857,Plaisance Accueil,4
2401381,20:22:00,20:22:10,stop_point:SP_3183,Maison de Retraite,5
2401381,20:23:00,20:23:10,stop_point:SP_3062,Montaigne,6
2401381,20:23:00,20:23:10,stop_point:SP_2142,Jonquilles,7
2401381,20:24:00,20:24:10,stop_point:SP_4715,Camélias,8
2401381,20:24:00,20:24:10,stop_point:SP_4711,Jules Verne,9
2401381,20:25:00,20:25:10,stop_point:SP_4717,Parc de Campagne,10
2401381,20:26:00,20:26:10,stop_point:SP_2746,Charlas,11
2401381,20:27:00,20:27:10,stop_point:SP_2483,Pont,12
2401381,20:28:00,20:28:10,stop_point:SP_488,Brunet Faure,13
2401381,20:29:00,20:29:10,stop_point:SP_2455,Petit Marquis,14
2401381,20:29:00,20:29:10,stop_point:SP_1155,Bois Joly,15
2401381,20:30:00,20:30:10,stop_point:SP_491,Cascade,16
2401381,20:31:00,20:31:10,stop_point:SP_684,Cabanon,17
2401381,20:32:00,20:32:10,stop_point:SP_1767,Prat,18
2401381,20:33:00,20:33:10,stop_point:SP_3687,Ramelet Moundi,19
2401381,20:34:00,20:34:10,stop_point:SP_346,Grynfogel,20
2401381,20:36:00,20:36:10,stop_point:SP_769,Etchepare,21
2401381,20:36:00,20:36:10,stop_point:SP_3064,Ardennes,22
2401381,20:37:00,20:37:10,stop_point:SP_1629,Corneillan,23
2401381,20:38:00,20:38:10,stop_point:SP_161,Mazaygues,24
2401381,20:38:00,20:38:10,stop_point:SP_1492,Villèle,25
2401381,20:39:00,20:39:10,stop_point:SP_506,Molette,26
2401381,20:40:00,20:40:10,stop_point:SP_2750,Châtaigniers,27
2401381,20:40:00,20:40:10,stop_point:SP_2465,Vitarelles,28
2401381,20:41:00,20:41:10,stop_point:SP_3021,Les Tourelles,29
2401381,20:42:00,20:42:10,stop_point:SP_1460,Pont Rocade,30
2401381,20:43:00,20:43:10,stop_point:SP_1149,Brombach,31
2401381,20:44:00,20:44:10,stop_point:SP_3407,Hippodrome,32
2401381,20:45:00,20:45:10,stop_point:SP_608,Av. de Lombez,33
2401381,20:46:00,20:46:10,stop_point:SP_1733,Clinique Pasteur,34
2401381,20:47:00,20:47:10,stop_point:SP_3004,Barrière de Lombez,35
2401381,20:48:00,20:48:10,stop_point:SP_3590,Arènes,36
2401382,19:40:00,19:40:10,stop_point:SP_1027,Plaisance Monestié,1
2401382,19:41:00,19:41:10,stop_point:SP_3862,Fauvettes,2
2401382,19:42:00,19:42:10,stop_point:SP_567,Capelles,3
2401382,19:42:00,19:42:10,stop_point:SP_857,Plaisance Accueil,4
2401382,19:42:00,19:42:10,stop_point:SP_3183,Maison de Retraite,5
2401382,19:43:00,19:43:10,stop_point:SP_3062,Montaigne,6
2401382,19:43:00,19:43:10,stop_point:SP_2142,Jonquilles,7
2401382,19:44:00,19:44:10,stop_point:SP_4715,Camélias,8
2401382,19:44:00,19:44:10,stop_point:SP_4711,Jules Verne,9
2401382,19:45:00,19:45:10,stop_point:SP_4717,Parc de Campagne,10
2401382,19:46:00,19:46:10,stop_point:SP_2746,Charlas,11
2401382,19:47:00,19:47:10,stop_point:SP_2483,Pont,12
2401382,19:48:00,19:48:10,stop_point:SP_488,Brunet Faure,13
2401382,19:49:00,19:49:10,stop_point:SP_2455,Petit Marquis,14
2401382,19:49:00,19:49:10,stop_point:SP_1155,Bois Joly,15
2401382,19:50:00,19:50:10,stop_point:SP_491,Cascade,16
2401382,19:51:00,19:51:10,stop_point:SP_684,Cabanon,17
2401382,19:52:00,19:52:10,stop_point:SP_1767,Prat,18
2401382,19:53:00,19:53:10,stop_point:SP_3687,Ramelet Moundi,19
2401382,19:54:00,19:54:10,stop_point:SP_346,Grynfogel,20
2401382,19:56:00,19:56:10,stop_point:SP_769,Etchepare,21
2401382,19:56:00,19:56:10,stop_point:SP_3064,Ardennes,22
2401382,19:57:00,19:57:10,stop_point:SP_1629,Corneillan,23
2401382,19:58:00,19:58:10,stop_point:SP_161,Mazaygues,24
2401382,19:58:00,19:58:10,stop_point:SP_1492,Villèle,25
2401382,19:59:00,19:59:10,stop_point:SP_506,Molette,26
2401382,20:00:00,20:00:10,stop_point:SP_2750,Châtaigniers,27
2401382,20:00:00,20:00:10,stop_point:SP_2465,Vitarelles,28
2401382,20:01:00,20:01:10,stop_point:SP_3021,Les Tourelles,29
2401382,20:02:00,20:02:10,stop_point:SP_1460,Pont Rocade,30
2401382,20:03:00,20:03:10,stop_point:SP_1149,Brombach,31
2401382,20:04:00,20:04:10,stop_point:SP_3407,Hippodrome,32
2401382,20:05:00,20:05:10,stop_point:SP_608,Av. de Lombez,33
2401382,20:06:00,20:06:10,stop_point:SP_1733,Clinique Pasteur,34
2401382,20:07:00,20:07:10,stop_point:SP_3004,Barrière de Lombez,35
2401382,20:08:00,20:08:10,stop_point:SP_3590,Arènes,36
2401383,20:00:00,20:00:10,stop_point:SP_1027,Plaisance Monestié,1
2401383,20:01:00,20:01:10,stop_point:SP_3862,Fauvettes,2
2401383,20:02:00,20:02:10,stop_point:SP_567,Capelles,3
2401383,20:02:00,20:02:10,stop_point:SP_857,Plaisance Accueil,4
2401383,20:02:00,20:02:10,stop_point:SP_3183,Maison de Retraite,5
2401383,20:03:00,20:03:10,stop_point:SP_3062,Montaigne,6
2401383,20:03:00,20:03:10,stop_point:SP_2142,Jonquilles,7
2401383,20:04:00,20:04:10,stop_point:SP_4715,Camélias,8
2401383,20:04:00,20:04:10,stop_point:SP_4711,Jules Verne,9
2401383,20:05:00,20:05:10,stop_point:SP_4717,Parc de Campagne,10
2401383,20:06:00,20:06:10,stop_point:SP_2746,Charlas,11
2401383,20:07:00,20:07:10,stop_point:SP_2483,Pont,12
2401383,20:08:00,20:08:10,stop_point:SP_488,Brunet Faure,13
2401383,20:09:00,20:09:10,stop_point:SP_2455,Petit Marquis,14
2401383,20:09:00,20:09:10,stop_point:SP_1155,Bois Joly,15
2401383,20:10:00,20:10:10,stop_point:SP_491,Cascade,16
2401383,20:11:00,20:11:10,stop_point:SP_684,Cabanon,17
2401383,20:12:00,20:12:10,stop_point:SP_1767,Prat,18
2401383,20:13:00,20:13:10,stop_point:SP_3687,Ramelet Moundi,19
2401383,20:14:00,20:14:10,stop_point:SP_346,Grynfogel,20
2401383,20:16:00,20:16:10,stop_point:SP_769,Etchepare,21
2401383,20:16:00,20:16:10,stop_point:SP_3064,Ardennes,22
2401383,20:17:00,20:17:10,stop_point:SP_1629,Corneillan,23
2401383,20:18:00,20:18:10,stop_point:SP_161,Mazaygues,24
2401383,20:18:00,20:18:10,stop_point:SP_1492,Villèle,25
2401383,20:19:00,20:19:10,stop_point:SP_506,Molette,26
2401383,20:20:00,20:20:10,stop_point:SP_2750,Châtaigniers,27
2401383,20:20:00,20:20:10,stop_point:SP_2465,Vitarelles,28
2401383,20:21:00,20:21:10,stop_point:SP_3021,Les Tourelles,29
2401383,20:22:00,20:22:10,stop_point:SP_1460,Pont Rocade,30
2401383,20:23:00,20:23:10,stop_point:SP_1149,Brombach,31
2401383,20:24:00,20:24:10,stop_point:SP_3407,Hippodrome,32
2401383,20:25:00,20:25:10,stop_point:SP_608,Av. de Lombez,33
2401383,20:26:00,20:26:10,stop_point:SP_1733,Clinique Pasteur,34
2401383,20:27:00,20:27:10,stop_point:SP_3004,Barrière de Lombez,35
2401383,20:28:00,20:28:10,stop_point:SP_3590,Arènes,36
2401384,21:00:00,21:00:10,stop_point:SP_1027,Plaisance Monestié,1
2401384,21:01:00,21:01:10,stop_point:SP_3862,Fauvettes,2
2401384,21:02:00,21:02:10,stop_point:SP_567,Capelles,3
2401384,21:02:00,21:02:10,stop_point:SP_857,Plaisance Accueil,4
2401384,21:02:00,21:02:10,stop_point:SP_3183,Maison de Retraite,5
2401384,21:03:00,21:03:10,stop_point:SP_3062,Montaigne,6
2401384,21:03:00,21:03:10,stop_point:SP_2142,Jonquilles,7
2401384,21:04:00,21:04:10,stop_point:SP_4715,Camélias,8
2401384,21:04:00,21:04:10,stop_point:SP_4711,Jules Verne,9
2401384,21:05:00,21:05:10,stop_point:SP_4717,Parc de Campagne,10
2401384,21:06:00,21:06:10,stop_point:SP_2746,Charlas,11
2401384,21:07:00,21:07:10,stop_point:SP_2483,Pont,12
2401384,21:08:00,21:08:10,stop_point:SP_488,Brunet Faure,13
2401384,21:09:00,21:09:10,stop_point:SP_2455,Petit Marquis,14
2401384,21:09:00,21:09:10,stop_point:SP_1155,Bois Joly,15
2401384,21:10:00,21:10:10,stop_point:SP_491,Cascade,16
2401384,21:11:00,21:11:10,stop_point:SP_684,Cabanon,17
2401384,21:12:00,21:12:10,stop_point:SP_1767,Prat,18
2401384,21:13:00,21:13:10,stop_point:SP_3687,Ramelet Moundi,19
2401384,21:14:00,21:14:10,stop_point:SP_346,Grynfogel,20
2401384,21:15:00,21:15:10,stop_point:SP_769,Etchepare,21
2401384,21:15:00,21:15:10,stop_point:SP_3064,Ardennes,22
2401384,21:16:00,21:16:10,stop_point:SP_1629,Corneillan,23
2401384,21:17:00,21:17:10,stop_point:SP_161,Mazaygues,24
2401384,21:17:00,21:17:10,stop_point:SP_1492,Villèle,25
2401384,21:18:00,21:18:10,stop_point:SP_506,Molette,26
2401384,21:18:00,21:18:10,stop_point:SP_2750,Châtaigniers,27
2401384,21:19:00,21:19:10,stop_point:SP_2465,Vitarelles,28
2401384,21:20:00,21:20:10,stop_point:SP_3021,Les Tourelles,29
2401384,21:20:00,21:20:10,stop_point:SP_1460,Pont Rocade,30
2401384,21:21:00,21:21:10,stop_point:SP_1149,Brombach,31
2401384,21:22:00,21:22:10,stop_point:SP_3407,Hippodrome,32
2401384,21:23:00,21:23:10,stop_point:SP_608,Av. de Lombez,33
2401384,21:24:00,21:24:10,stop_point:SP_1733,Clinique Pasteur,34
2401384,21:25:00,21:25:10,stop_point:SP_3004,Barrière de Lombez,35
2401384,21:26:00,21:26:10,stop_point:SP_3590,Arènes,36
2401385,14:10:00,14:10:10,stop_point:SP_1027,Plaisance Monestié,1
2401385,14:11:00,14:11:10,stop_point:SP_3862,Fauvettes,2
2401385,14:12:00,14:12:10,stop_point:SP_567,Capelles,3
2401385,14:12:00,14:12:10,stop_point:SP_857,Plaisance Accueil,4
2401385,14:12:00,14:12:10,stop_point:SP_3183,Maison de Retraite,5
2401385,14:13:00,14:13:10,stop_point:SP_3062,Montaigne,6
2401385,14:13:00,14:13:10,stop_point:SP_2142,Jonquilles,7
2401385,14:14:00,14:14:10,stop_point:SP_4715,Camélias,8
2401385,14:15:00,14:15:10,stop_point:SP_4711,Jules Verne,9
2401385,14:16:00,14:16:10,stop_point:SP_4717,Parc de Campagne,10
2401385,14:17:00,14:17:10,stop_point:SP_2746,Charlas,11
2401385,14:18:00,14:18:10,stop_point:SP_2483,Pont,12
2401385,14:19:00,14:19:10,stop_point:SP_488,Brunet Faure,13
2401385,14:20:00,14:20:10,stop_point:SP_2455,Petit Marquis,14
2401385,14:21:00,14:21:10,stop_point:SP_1155,Bois Joly,15
2401385,14:22:00,14:22:10,stop_point:SP_491,Cascade,16
2401385,14:23:00,14:23:10,stop_point:SP_684,Cabanon,17
2401385,14:25:00,14:25:10,stop_point:SP_1767,Prat,18
2401385,14:26:00,14:26:10,stop_point:SP_3687,Ramelet Moundi,19
2401385,14:27:00,14:27:10,stop_point:SP_346,Grynfogel,20
2401385,14:29:00,14:29:10,stop_point:SP_769,Etchepare,21
2401385,14:29:00,14:29:10,stop_point:SP_3064,Ardennes,22
2401385,14:30:00,14:30:10,stop_point:SP_1629,Corneillan,23
2401385,14:31:00,14:31:10,stop_point:SP_161,Mazaygues,24
2401385,14:32:00,14:32:10,stop_point:SP_1492,Villèle,25
2401385,14:32:00,14:32:10,stop_point:SP_506,Molette,26
2401385,14:33:00,14:33:10,stop_point:SP_2750,Châtaigniers,27
2401385,14:34:00,14:34:10,stop_point:SP_2465,Vitarelles,28
2401385,14:35:00,14:35:10,stop_point:SP_3021,Les Tourelles,29
2401385,14:36:00,14:36:10,stop_point:SP_1460,Pont Rocade,30
2401385,14:37:00,14:37:10,stop_point:SP_1149,Brombach,31
2401385,14:38:00,14:38:10,stop_point:SP_3407,Hippodrome,32
2401385,14:40:00,14:40:10,stop_point:SP_608,Av. de Lombez,33
2401385,14:42:00,14:42:10,stop_point:SP_1733,Clinique Pasteur,34
2401385,14:42:00,14:42:10,stop_point:SP_3004,Barrière de Lombez,35
2401385,14:44:00,14:44:10,stop_point:SP_3590,Arènes,36
2401386,07:00:00,07:00:10,stop_point:SP_1027,Plaisance Monestié,1
2401386,07:01:00,07:01:10,stop_point:SP_3862,Fauvettes,2
2401386,07:02:00,07:02:10,stop_point:SP_567,Capelles,3
2401386,07:02:00,07:02:10,stop_point:SP_857,Plaisance Accueil,4
2401386,07:03:00,07:03:10,stop_point:SP_3183,Maison de Retraite,5
2401386,07:03:00,07:03:10,stop_point:SP_3062,Montaigne,6
2401386,07:04:00,07:04:10,stop_point:SP_2142,Jonquilles,7
2401386,07:05:00,07:05:10,stop_point:SP_4715,Camélias,8
2401386,07:06:00,07:06:10,stop_point:SP_4711,Jules Verne,9
2401386,07:08:00,07:08:10,stop_point:SP_4717,Parc de Campagne,10
2401386,07:09:00,07:09:10,stop_point:SP_2746,Charlas,11
2401386,07:10:00,07:10:10,stop_point:SP_2483,Pont,12
2401386,07:11:00,07:11:10,stop_point:SP_488,Brunet Faure,13
2401386,07:13:00,07:13:10,stop_point:SP_2455,Petit Marquis,14
2401386,07:14:00,07:14:10,stop_point:SP_1155,Bois Joly,15
2401386,07:16:00,07:16:10,stop_point:SP_491,Cascade,16
2401386,07:17:00,07:17:10,stop_point:SP_684,Cabanon,17
2401386,07:19:00,07:19:10,stop_point:SP_1767,Prat,18
2401386,07:20:00,07:20:10,stop_point:SP_3687,Ramelet Moundi,19
2401386,07:22:00,07:22:10,stop_point:SP_346,Grynfogel,20
2401386,07:23:00,07:23:10,stop_point:SP_769,Etchepare,21
2401386,07:24:00,07:24:10,stop_point:SP_3064,Ardennes,22
2401386,07:25:00,07:25:10,stop_point:SP_1629,Corneillan,23
2401386,07:26:00,07:26:10,stop_point:SP_161,Mazaygues,24
2401386,07:27:00,07:27:10,stop_point:SP_1492,Villèle,25
2401386,07:28:00,07:28:10,stop_point:SP_506,Molette,26
2401386,07:29:00,07:29:10,stop_point:SP_2750,Châtaigniers,27
2401386,07:30:00,07:30:10,stop_point:SP_2465,Vitarelles,28
2401386,07:32:00,07:32:10,stop_point:SP_3021,Les Tourelles,29
2401386,07:33:00,07:33:10,stop_point:SP_1460,Pont Rocade,30
2401386,07:34:00,07:34:10,stop_point:SP_1149,Brombach,31
2401386,07:36:00,07:36:10,stop_point:SP_3407,Hippodrome,32
2401386,07:38:00,07:38:10,stop_point:SP_608,Av. de Lombez,33
2401386,07:39:00,07:39:10,stop_point:SP_1733,Clinique Pasteur,34
2401386,07:40:00,07:40:10,stop_point:SP_3004,Barrière de Lombez,35
2401386,07:42:00,07:42:10,stop_point:SP_3590,Arènes,36
