trip_id,arrival_time,departure_time,stop_id,stop_name,stop_sequence
2290424,05:50:00,05:50:10,stop_point:SP_1175,La Vache,1
2290424,05:51:00,05:51:10,stop_point:SP_327,Pader,2
2290424,05:52:00,05:52:10,stop_point:SP_3826,Le Grand Marché - Pont de La Vache,3
2290424,05:53:00,05:53:10,stop_point:SP_3721,Collège Rosa Parks,4
2290424,05:54:00,05:54:10,stop_point:SP_753,Riché Lalande,5
2290424,05:55:00,05:55:10,stop_point:SP_1880,Lapin,6
2290424,05:56:00,05:56:10,stop_point:SP_1995,Roubiéchou,7
2290424,05:57:00,05:57:10,stop_point:SP_1993,Lapparou,8
2290424,05:58:00,05:58:10,stop_point:SP_2419,Gaussen,9
2290424,05:59:00,05:59:10,stop_point:SP_1499,Salvy,10
2290424,05:59:00,05:59:10,stop_point:SP_445,Eglise Aucamville,11
2290424,06:00:00,06:00:10,stop_point:SP_3252,Mairie Aucamville,12
2290424,06:01:00,06:01:10,stop_point:SP_1128,Favasse,13
2290424,06:02:00,06:02:10,stop_point:SP_619,Aucamville Collège,14
2290424,06:02:00,06:02:10,stop_point:SP_2651,Raudelauzette,15
2290424,06:03:00,06:03:10,stop_point:SP_455,Mariel,16
2290424,06:04:00,06:04:10,stop_point:SP_1577,Peyronnette,17
2290424,06:05:00,06:05:10,stop_point:SP_1718,St-Alban Ctre Cial,18
2290424,06:06:00,06:06:10,stop_point:SP_3784,Egalité,19
2290424,06:06:00,06:06:10,stop_point:SP_1557,Sables,20
2290424,06:07:00,06:07:10,stop_point:SP_641,Mairie St-Alban,21
2290424,06:08:00,06:08:10,stop_point:SP_2759,Ecole St-Alban,22
2290424,06:09:00,06:09:10,stop_point:SP_2178,Gafelaze,23
2290424,06:10:00,06:10:10,stop_point:SP_3651,St-Alban Salvador Allende,24
2290424,06:11:00,06:11:10,stop_point:SP_5169,Fenouillet Ctre Cial - Entrée Sud,25
2290424,06:12:00,06:12:10,stop_point:SP_5248,Fenouillet Ctre Cial - Entrée Nord,26
2290424,06:13:00,06:13:10,stop_point:SP_5247,Fenouillet Ctre Cial - Entrée Nord,27
2290425,06:20:00,06:20:10,stop_point:SP_1175,La Vache,1
2290425,06:21:00,06:21:10,stop_point:SP_327,Pader,2
2290425,06:22:00,06:22:10,stop_point:SP_3826,Le Grand Marché - Pont de La Vache,3
2290425,06:23:00,06:23:10,stop_point:SP_3721,Collège Rosa Parks,4
2290425,06:24:00,06:24:10,stop_point:SP_753,Riché Lalande,5
2290425,06:25:00,06:25:10,stop_point:SP_1880,Lapin,6
2290425,06:26:00,06:26:10,stop_point:SP_1995,Roubiéchou,7
2290425,06:27:00,06:27:10,stop_point:SP_1993,Lapparou,8
2290425,06:28:00,06:28:10,stop_point:SP_2419,Gaussen,9
2290425,06:29:00,06:29:10,stop_point:SP_1499,Salvy,10
2290425,06:29:00,06:29:10,stop_point:SP_445,Eglise Aucamville,11
2290425,06:30:00,06:30:10,stop_point:SP_3252,Mairie Aucamville,12
2290425,06:31:00,06:31:10,stop_point:SP_1128,Favasse,13
2290425,06:32:00,06:32:10,stop_point:SP_619,Aucamville Collège,14
2290425,06:32:00,06:32:10,stop_point:SP_2651,Raudelauzette,15
2290425,06:33:00,06:33:10,stop_point:SP_455,Mariel,16
2290425,06:34:00,06:34:10,stop_point:SP_1577,Peyronnette,17
2290425,06:35:00,06:35:10,stop_point:SP_1718,St-Alban Ctre Cial,18
2290425,06:36:00,06:36:10,stop_point:SP_3784,Egalité,19
2290425,06:36:00,06:36:10,stop_point:SP_1557,Sables,20
2290425,06:37:00,06:37:10,stop_point:SP_641,Mairie St-Alban,21
2290425,06:38:00,06:38:10,stop_point:SP_2759,Ecole St-Alban,22
2290425,06:39:00,06:39:10,stop_point:SP_2178,Gafelaze,23
2290425,06:40:00,06:40:10,stop_point:SP_3651,St-Alban Salvador Allende,24
2290425,06:41:00,06:41:10,stop_point:SP_5169,Fenouillet Ctre Cial - Entrée Sud,25
2290425,06:42:00,06:42:10,stop_point:SP_5248,Fenouillet Ctre Cial - Entrée Nord,26
2290425,06:43:00,06:43:10,stop_point:SP_5247,Fenouillet Ctre Cial - Entrée Nord,27
2290426,06:50:00,06:50:10,stop_point:SP_1175,La Vache,1
2290426,06:51:00,06:51:10,stop_point:SP_327,Pader,2
2290426,06:52:00,06:52:10,stop_point:SP_3826,Le Grand Marché - Pont de La Vache,3
2290426,06:53:00,06:53:10,stop_point:SP_3721,Collège Rosa Parks,4
2290426,06:54:00,06:54:10,stop_point:SP_753,Riché Lalande,5
2290426,06:55:00,06:55:10,stop_point:SP_1880,Lapin,6
2290426,06:56:00,06:56:10,stop_point:SP_1995,Roubiéchou,7
2290426,06:57:00,06:57:10,stop_point:SP_1993,Lapparou,8
2290426,06:58:00,06:58:10,stop_point:SP_2419,Gaussen,9
2290426,06:59:00,06:59:10,stop_point:SP_1499,Salvy,10
2290426,06:59:00,06:59:10,stop_point:SP_445,Eglise Aucamville,11
2290426,07:00:00,07:00:10,stop_point:SP_3252,Mairie Aucamville,12
2290426,07:01:00,07:01:10,stop_point:SP_1128,Favasse,13
2290426,07:02:00,07:02:10,stop_point:SP_619,Aucamville Collège,14
2290426,07:02:00,07:02:10,stop_point:SP_2651,Raudelauzette,15
2290426,07:03:00,07:03:10,stop_point:SP_455,Mariel,16
2290426,07:04:00,07:04:10,stop_point:SP_1577,Peyronnette,17
2290426,07:05:00,07:05:10,stop_point:SP_1718,St-Alban Ctre Cial,18
2290426,07:06:00,07:06:10,stop_point:SP_3784,Egalité,19
2290426,07:06:00,07:06:10,stop_point:SP_1557,Sables,20
2290426,07:07:00,07:07:10,stop_point:SP_641,Mairie St-Alban,21
2290426,07:08:00,07:08:10,stop_point:SP_2759,Ecole St-Alban,22
2290426,07:09:00,07:09:10,stop_point:SP_2178,Gafelaze,23
2290426,07:10:00,07:10:10,stop_point:SP_3651,St-Alban Salvador Allende,24
2290426,07:11:00,07:11:10,stop_point:SP_5169,Fenouillet Ctre Cial - Entrée Sud,25
2290426,07:12:00,07:12:10,stop_point:SP_5248,Fenouillet Ctre Cial - Entrée Nord,26
2290426,07:13:00,07:13:10,stop_point:SP_5247,Fenouillet Ctre Cial - Entrée Nord,27
2290427,07:20:00,07:20:10,stop_point:SP_1175,La Vache,1
2290427,07:21:00,07:21:10,stop_point:SP_327,Pader,2
2290427,07:22:00,07:22:10,stop_point:SP_3826,Le Grand Marché - Pont de La Vache,3
2290427,07:23:00,07:23:10,stop_point:SP_3721,Collège Rosa Parks,4
2290427,07:24:00,07:24:10,stop_point:SP_753,Riché Lalande,5
2290427,07:25:00,07:25:10,stop_point:SP_1880,Lapin,6
2290427,07:26:00,07:26:10,stop_point:SP_1995,Roubiéchou,7
2290427,07:27:00,07:27:10,stop_point:SP_1993,Lapparou,8
2290427,07:28:00,07:28:10,stop_point:SP_2419,Gaussen,9
2290427,07:29:00,07:29:10,stop_point:SP_1499,Salvy,10
2290427,07:29:00,07:29:10,stop_point:SP_445,Eglise Aucamville,11
2290427,07:30:00,07:30:10,stop_point:SP_3252,Mairie Aucamville,12
2290427,07:31:00,07:31:10,stop_point:SP_1128,Favasse,13
2290427,07:32:00,07:32:10,stop_point:SP_619,Aucamville Collège,14
2290427,07:32:00,07:32:10,stop_point:SP_2651,Raudelauzette,15
2290427,07:33:00,07:33:10,stop_point:SP_455,Mariel,16
2290427,07:34:00,07:34:10,stop_point:SP_1577,Peyronnette,17
2290427,07:35:00,07:35:10,stop_point:SP_1718,St-Alban Ctre Cial,18
2290427,07:36:00,07:36:10,stop_point:SP_3784,Egalité,19
2290427,07:36:00,07:36:10,stop_point:SP_1557,Sables,20
2290427,07:37:00,07:37:10,stop_point:SP_641,Mairie St-Alban,21
2290427,07:38:00,07:38:10,stop_point:SP_2759,Ecole St-Alban,22
2290427,07:39:00,07:39:10,stop_point:SP_2178,Gafelaze,23
2290427,07:40:00,07:40:10,stop_point:SP_3651,St-Alban Salvador Allende,24
2290427,07:41:00,07:41:10,stop_point:SP_5169,Fenouillet Ctre Cial - Entrée Sud,25
2290427,07:42:00,07:42:10,stop_point:SP_5248,Fenouillet Ctre Cial - Entrée Nord,26
2290427,07:43:00,07:43:10,stop_point:SP_5247,Fenouillet Ctre Cial - Entrée Nord,27
2290428,07:50:00,07:50:10,stop_point:SP_1175,La Vache,1
2290428,07:52:00,07:52:10,stop_point:SP_327,Pader,2
2290428,07:52:00,07:52:10,stop_point:SP_3826,Le Grand Marché - Pont de La Vache,3
2290428,07:54:00,07:54:10,stop_point:SP_3721,Collège Rosa Parks,4
2290428,07:55:00,07:55:10,stop_point:SP_753,Riché Lalande,5
2290428,07:56:00,07:56:10,stop_point:SP_1880,Lapin,6
2290428,07:57:00,07:57:10,stop_point:SP_1995,Roubiéchou,7
2290428,07:58:00,07:58:10,stop_point:SP_1993,Lapparou,8
2290428,07:59:00,07:59:10,stop_point:SP_2419,Gaussen,9
2290428,08:00:00,08:00:10,stop_point:SP_1499,Salvy,10
2290428,08:00:00,08:00:10,stop_point:SP_445,Eglise Aucamville,11
2290428,08:01:00,08:01:10,stop_point:SP_3252,Mairie Aucamville,12
2290428,08:02:00,08:02:10,stop_point:SP_1128,Favasse,13
2290428,08:03:00,08:03:10,stop_point:SP_619,Aucamville Collège,14
2290428,08:03:00,08:03:10,stop_point:SP_2651,Raudelauzette,15
2290428,08:04:00,08:04:10,stop_point:SP_455,Mariel,16
2290428,08:05:00,08:05:10,stop_point:SP_1577,Peyronnette,17
2290428,08:06:00,08:06:10,stop_point:SP_1718,St-Alban Ctre Cial,18
2290428,08:07:00,08:07:10,stop_point:SP_3784,Egalité,19
2290428,08:07:00,08:07:10,stop_point:SP_1557,Sables,20
2290428,08:08:00,08:08:10,stop_point:SP_641,Mairie St-Alban,21
2290428,08:09:00,08:09:10,stop_point:SP_2759,Ecole St-Alban,22
2290428,08:10:00,08:10:10,stop_point:SP_2178,Gafelaze,23
2290428,08:11:00,08:11:10,stop_point:SP_3651,St-Alban Salvador Allende,24
2290428,08:12:00,08:12:10,stop_point:SP_5169,Fenouillet Ctre Cial - Entrée Sud,25
2290428,08:13:00,08:13:10,stop_point:SP_5248,Fenouillet Ctre Cial - Entrée Nord,26
2290428,08:14:00,08:14:10,stop_point:SP_5247,Fenouillet Ctre Cial - Entrée Nord,27
2290429,08:20:00,08:20:10,stop_point:SP_1175,La Vache,1
2290429,08:22:00,08:22:10,stop_point:SP_327,Pader,2
2290429,08:22:00,08:22:10,stop_point:SP_3826,Le Grand Marché - Pont de La Vache,3
2290429,08:24:00,08:24:10,stop_point:SP_3721,Collège Rosa Parks,4
2290429,08:25:00,08:25:10,stop_point:SP_753,Riché Lalande,5
2290429,08:26:00,08:26:10,stop_point:SP_1880,Lapin,6
2290429,08:27:00,08:27:10,stop_point:SP_1995,Roubiéchou,7
2290429,08:28:00,08:28:10,stop_point:SP_1993,Lapparou,8
2290429,08:29:00,08:29:10,stop_point:SP_2419,Gaussen,9
2290429,08:30:00,08:30:10,stop_point:SP_1499,Salvy,10
2290429,08:30:00,08:30:10,stop_point:SP_445,Eglise Aucamville,11
2290429,08:31:00,08:31:10,stop_point:SP_3252,Mairie Aucamville,12
2290429,08:32:00,08:32:10,stop_point:SP_1128,Favasse,13
2290429,08:33:00,08:33:10,stop_point:SP_619,Aucamville Collège,14
2290429,08:33:00,08:33:10,stop_point:SP_2651,Raudelauzette,15
2290429,08:34:00,08:34:10,stop_point:SP_455,Mariel,16
2290429,08:35:00,08:35:10,stop_point:SP_1577,Peyronnette,17
2290429,08:36:00,08:36:10,stop_point:SP_1718,St-Alban Ctre Cial,18
2290429,08:37:00,08:37:10,stop_point:SP_3784,Egalité,19
2290429,08:37:00,08:37:10,stop_point:SP_1557,Sables,20
2290429,08:38:00,08:38:10,stop_point:SP_641,Mairie St-Alban,21
2290429,08:39:00,08:39:10,stop_point:SP_2759,Ecole St-Alban,22
2290429,08:40:00,08:40:10,stop_point:SP_2178,Gafelaze,23
2290429,08:41:00,08:41:10,stop_point:SP_3651,St-Alban Salvador Allende,24
2290429,08:42:00,08:42:10,stop_point:SP_5169,Fenouillet Ctre Cial - Entrée Sud,25
2290429,08:43:00,08:43:10,stop_point:SP_5248,Fenouillet Ctre Cial - Entrée Nord,26
2290429,08:44:00,08:44:10,stop_point:SP_5247,Fenouillet Ctre Cial - Entrée Nord,27
2290430,08:50:00,08:50:10,stop_point:SP_1175,La Vache,1
2290430,08:52:00,08:52:10,stop_point:SP_327,Pader,2
2290430,08:52:00,08:52:10,stop_point:SP_3826,Le Grand Marché - Pont de La Vache,3
2290430,08:54:00,08:54:10,stop_point:SP_3721,Collège Rosa Parks,4
2290430,08:55:00,08:55:10,stop_point:SP_753,Riché Lalande,5
2290430,08:56:00,08:56:10,stop_point:SP_1880,Lapin,6
2290430,08:57:00,08:57:10,stop_point:SP_1995,Roubiéchou,7
2290430,08:58:00,08:58:10,stop_point:SP_1993,Lapparou,8
2290430,08:59:00,08:59:10,stop_point:SP_2419,Gaussen,9
2290430,09:00:00,09:00:10,stop_point:SP_1499,Salvy,10
2290430,09:00:00,09:00:10,stop_point:SP_445,Eglise Aucamville,11
2290430,09:01:00,09:01:10,stop_point:SP_3252,Mairie Aucamville,12
2290430,09:02:00,09:02:10,stop_point:SP_1128,Favasse,13
2290430,09:03:00,09:03:10,stop_point:SP_619,Aucamville Collège,14
2290430,09:03:00,09:03:10,stop_point:SP_2651,Raudelauzette,15
2290430,09:04:00,09:04:10,stop_point:SP_455,Mariel,16
2290430,09:05:00,09:05:10,stop_point:SP_1577,Peyronnette,17
2290430,09:06:00,09:06:10,stop_point:SP_1718,St-Alban Ctre Cial,18
2290430,09:07:00,09:07:10,stop_point:SP_3784,Egalité,19
2290430,09:07:00,09:07:10,stop_point:SP_1557,Sables,20
2290430,09:08:00,09:08:10,stop_point:SP_641,Mairie St-Alban,21
2290430,09:09:00,09:09:10,stop_point:SP_2759,Ecole St-Alban,22
2290430,09:10:00,09:10:10,stop_point:SP_2178,Gafelaze,23
2290430,09:11:00,09:11:10,stop_point:SP_3651,St-Alban Salvador Allende,24
2290430,09:12:00,09:12:10,stop_point:SP_5169,Fenouillet Ctre Cial - Entrée Sud,25
2290430,09:13:00,09:13:10,stop_point:SP_5248,Fenouillet Ctre Cial - Entrée Nord,26
2290430,09:14:00,09:14:10,stop_point:SP_5247,Fenouillet Ctre Cial - Entrée Nord,27
2290431,09:20:00,09:20:10,stop_point:SP_1175,La Vache,1
2290431,09:22:00,09:22:10,stop_point:SP_327,Pader,2
2290431,09:23:00,09:23:10,stop_point:SP_3826,Le Grand Marché - Pont de La Vache,3
2290431,09:24:00,09:24:10,stop_point:SP_3721,Collège Rosa Parks,4
2290431,09:26:00,09:26:10,stop_point:SP_753,Riché Lalande,5
2290431,09:28:00,09:28:10,stop_point:SP_1880,Lapin,6
2290431,09:28:00,09:28:10,stop_point:SP_1995,Roubiéchou,7
2290431,09:29:00,09:29:10,stop_point:SP_1993,Lapparou,8
2290431,09:30:00,09:30:10,stop_point:SP_2419,Gaussen,9
2290431,09:32:00,09:32:10,stop_point:SP_1499,Salvy,10
2290431,09:32:00,09:32:10,stop_point:SP_445,Eglise Aucamville,11
2290431,09:33:00,09:33:10,stop_point:SP_3252,Mairie Aucamville,12
2290431,09:34:00,09:34:10,stop_point:SP_1128,Favasse,13
2290431,09:35:00,09:35:10,stop_point:SP_619,Aucamville Collège,14
2290431,09:36:00,09:36:10,stop_point:SP_2651,Raudelauzette,15
2290431,09:37:00,09:37:10,stop_point:SP_455,Mariel,16
2290431,09:38:00,09:38:10,stop_point:SP_1577,Peyronnette,17
2290431,09:39:00,09:39:10,stop_point:SP_1718,St-Alban Ctre Cial,18
2290431,09:40:00,09:40:10,stop_point:SP_3784,Egalité,19
2290431,09:40:00,09:40:10,stop_point:SP_1557,Sables,20
2290431,09:41:00,09:41:10,stop_point:SP_641,Mairie St-Alban,21
2290431,09:42:00,09:42:10,stop_point:SP_2759,Ecole St-Alban,22
2290431,09:43:00,09:43:10,stop_point:SP_2178,Gafelaze,23
2290431,09:44:00,09:44:10,stop_point:SP_3651,St-Alban Salvador Allende,24
2290431,09:45:00,09:45:10,stop_point:SP_5169,Fenouillet Ctre Cial - Entrée Sud,25
2290431,09:46:00,09:46:10,stop_point:SP_5248,Fenouillet Ctre Cial - Entrée Nord,26
2290431,09:47:00,09:47:10,stop_point:SP_5247,Fenouillet Ctre Cial - Entrée Nord,27
2290432,09:50:00,09:50:10,stop_point:SP_1175,La Vache,1
2290432,09:52:00,09:52:10,stop_point:SP_327,Pader,2
2290432,09:53:00,09:53:10,stop_point:SP_3826,Le Grand Marché - Pont de La Vache,3
2290432,09:54:00,09:54:10,stop_point:SP_3721,Collège Rosa Parks,4
2290432,09:56:00,09:56:10,stop_point:SP_753,Riché Lalande,5
2290432,09:58:00,09:58:10,stop_point:SP_1880,Lapin,6
2290432,09:58:00,09:58:10,stop_point:SP_1995,Roubiéchou,7
2290432,09:59:00,09:59:10,stop_point:SP_1993,Lapparou,8
2290432,10:00:00,10:00:10,stop_point:SP_2419,Gaussen,9
2290432,10:02:00,10:02:10,stop_point:SP_1499,Salvy,10
2290432,10:02:00,10:02:10,stop_point:SP_445,Eglise Aucamville,11
2290432,10:03:00,10:03:10,stop_point:SP_3252,Mairie Aucamville,12
2290432,10:04:00,10:04:10,stop_point:SP_1128,Favasse,13
2290432,10:05:00,10:05:10,stop_point:SP_619,Aucamville Collège,14
2290432,10:06:00,10:06:10,stop_point:SP_2651,Raudelauzette,15
2290432,10:07:00,10:07:10,stop_point:SP_455,Mariel,16
2290432,10:08:00,10:08:10,stop_point:SP_1577,Peyronnette,17
2290432,10:09:00,10:09:10,stop_point:SP_1718,St-Alban Ctre Cial,18
2290432,10:10:00,10:10:10,stop_point:SP_3784,Egalité,19
2290432,10:10:00,10:10:10,stop_point:SP_1557,Sables,20
2290432,10:11:00,10:11:10,stop_point:SP_641,Mairie St-Alban,21
2290432,10:12:00,10:12:10,stop_point:SP_2759,Ecole St-Alban,22
2290432,10:13:00,10:13:10,stop_point:SP_2178,Gafelaze,23
2290432,10:14:00,10:14:10,stop_point:SP_3651,St-Alban Salvador Allende,24
2290432,10:15:00,10:15:10,stop_point:SP_5169,Fenouillet Ctre Cial - Entrée Sud,25
2290432,10:16:00,10:16:10,stop_point:SP_5248,Fenouillet Ctre Cial - Entrée Nord,26
2290432,10:17:00,10:17:10,stop_point:SP_5247,Fenouillet Ctre Cial - Entrée Nord,27
2290433,10:20:00,10:20:10,stop_point:SP_1175,La Vache,1
2290433,10:22:00,10:22:10,stop_point:SP_327,Pader,2
2290433,10:23:00,10:23:10,stop_point:SP_3826,Le Grand Marché - Pont de La Vache,3
2290433,10:24:00,10:24:10,stop_point:SP_3721,Collège Rosa Parks,4
2290433,10:26:00,10:26:10,stop_point:SP_753,Riché Lalande,5
2290433,10:28:00,10:28:10,stop_point:SP_1880,Lapin,6
2290433,10:28:00,10:28:10,stop_point:SP_1995,Roubiéchou,7
2290433,10:29:00,10:29:10,stop_point:SP_1993,Lapparou,8
2290433,10:30:00,10:30:10,stop_point:SP_2419,Gaussen,9
2290433,10:32:00,10:32:10,stop_point:SP_1499,Salvy,10
2290433,10:32:00,10:32:10,stop_point:SP_445,Eglise Aucamville,11
2290433,10:33:00,10:33:10,stop_point:SP_3252,Mairie Aucamville,12
2290433,10:34:00,10:34:10,stop_point:SP_1128,Favasse,13
2290433,10:35:00,10:35:10,stop_point:SP_619,Aucamville Collège,14
2290433,10:36:00,10:36:10,stop_point:SP_2651,Raudelauzette,15
2290433,10:37:00,10:37:10,stop_point:SP_455,Mariel,16
2290433,10:38:00,10:38:10,stop_point:SP_1577,Peyronnette,17
2290433,10:39:00,10:39:10,stop_point:SP_1718,St-Alban Ctre Cial,18
2290433,10:40:00,10:40:10,stop_point:SP_3784,Egalité,19
2290433,10:40:00,10:40:10,stop_point:SP_1557,Sables,20
2290433,10:41:00,10:41:10,stop_point:SP_641,Mairie St-Alban,21
2290433,10:42:00,10:42:10,stop_point:SP_2759,Ecole St-Alban,22
2290433,10:43:00,10:43:10,stop_point:SP_2178,Gafelaze,23
2290433,10:44:00,10:44:10,stop_point:SP_3651,St-Alban Salvador Allende,24
2290433,10:45:00,10:45:10,stop_point:SP_5169,Fenouillet Ctre Cial - Entrée Sud,25
2290433,10:46:00,10:46:10,stop_point:SP_5248,Fenouillet Ctre Cial - Entrée Nord,26
2290433,10:47:00,10:47:10,stop_point:SP_5247,Fenouillet Ctre Cial - Entrée Nord,27
2290434,10:50:00,10:50:10,stop_point:SP_1175,La Vache,1
2290434,10:52:00,10:52:10,stop_point:SP_327,Pader,2
2290434,10:53:00,10:53:10,stop_point:SP_3826,Le Grand Marché - Pont de La Vache,3
2290434,10:54:00,10:54:10,stop_point:SP_3721,Collège Rosa Parks,4
2290434,10:56:00,10:56:10,stop_point:SP_753,Riché Lalande,5
2290434,10:58:00,10:58:10,stop_point:SP_1880,Lapin,6
2290434,10:58:00,10:58:10,stop_point:SP_1995,Roubiéchou,7
2290434,10:59:00,10:59:10,stop_point:SP_1993,Lapparou,8
2290434,11:00:00,11:00:10,stop_point:SP_2419,Gaussen,9
2290434,11:02:00,11:02:10,stop_point:SP_1499,Salvy,10
2290434,11:02:00,11:02:10,stop_point:SP_445,Eglise Aucamville,11
2290434,11:03:00,11:03:10,stop_point:SP_3252,Mairie Aucamville,12
2290434,11:04:00,11:04:10,stop_point:SP_1128,Favasse,13
2290434,11:05:00,11:05:10,stop_point:SP_619,Aucamville Collège,14
2290434,11:06:00,11:06:10,stop_point:SP_2651,Raudelauzette,15
2290434,11:07:00,11:07:10,stop_point:SP_455,Mariel,16
2290434,11:08:00,11:08:10,stop_point:SP_1577,Peyronnette,17
2290434,11:09:00,11:09:10,stop_point:SP_1718,St-Alban Ctre Cial,18
2290434,11:10:00,11:10:10,stop_point:SP_3784,Egalité,19
2290434,11:10:00,11:10:10,stop_point:SP_1557,Sables,20
2290434,11:11:00,11:11:10,stop_point:SP_641,Mairie St-Alban,21
2290434,11:12:00,11:12:10,stop_point:SP_2759,Ecole St-Alban,22
2290434,11:13:00,11:13:10,stop_point:SP_2178,Gafelaze,23
2290434,11:14:00,11:14:10,stop_point:SP_3651,St-Alban Salvador Allende,24
2290434,11:15:00,11:15:10,stop_point:SP_5169,Fenouillet Ctre Cial - Entrée Sud,25
2290434,11:16:00,11:16:10,stop_point:SP_5248,Fenouillet Ctre Cial - Entrée Nord,26
2290434,11:17:00,11:17:10,stop_point:SP_5247,Fenouillet Ctre Cial - Entrée Nord,27
2290435,11:20:00,11:20:10,stop_point:SP_1175,La Vache,1
2290435,11:22:00,11:22:10,stop_point:SP_327,Pader,2
2290435,11:23:00,11:23:10,stop_point:SP_3826,Le Grand Marché - Pont de La Vache,3
2290435,11:24:00,11:24:10,stop_point:SP_3721,Collège Rosa Parks,4
2290435,11:26:00,11:26:10,stop_point:SP_753,Riché Lalande,5
2290435,11:28:00,11:28:10,stop_point:SP_1880,Lapin,6
2290435,11:28:00,11:28:10,stop_point:SP_1995,Roubiéchou,7
2290435,11:29:00,11:29:10,stop_point:SP_1993,Lapparou,8
2290435,11:30:00,11:30:10,stop_point:SP_2419,Gaussen,9
2290435,11:32:00,11:32:10,stop_point:SP_1499,Salvy,10
2290435,11:32:00,11:32:10,stop_point:SP_445,Eglise Aucamville,11
2290435,11:33:00,11:33:10,stop_point:SP_3252,Mairie Aucamville,12
2290435,11:34:00,11:34:10,stop_point:SP_1128,Favasse,13
2290435,11:35:00,11:35:10,stop_point:SP_619,Aucamville Collège,14
2290435,11:36:00,11:36:10,stop_point:SP_2651,Raudelauzette,15
2290435,11:37:00,11:37:10,stop_point:SP_455,Mariel,16
2290435,11:38:00,11:38:10,stop_point:SP_1577,Peyronnette,17
2290435,11:39:00,11:39:10,stop_point:SP_1718,St-Alban Ctre Cial,18
2290435,11:40:00,11:40:10,stop_point:SP_3784,Egalité,19
2290435,11:40:00,11:40:10,stop_point:SP_1557,Sables,20
2290435,11:41:00,11:41:10,stop_point:SP_641,Mairie St-Alban,21
2290435,11:42:00,11:42:10,stop_point:SP_2759,Ecole St-Alban,22
2290435,11:43:00,11:43:10,stop_point:SP_2178,Gafelaze,23
2290435,11:44:00,11:44:10,stop_point:SP_3651,St-Alban Salvador Allende,24
2290435,11:45:00,11:45:10,stop_point:SP_5169,Fenouillet Ctre Cial - Entrée Sud,25
2290435,11:46:00,11:46:10,stop_point:SP_5248,Fenouillet Ctre Cial - Entrée Nord,26
2290435,11:47:00,11:47:10,stop_point:SP_5247,Fenouillet Ctre Cial - Entrée Nord,27
2290436,11:50:00,11:50:10,stop_point:SP_1175,La Vache,1
2290436,11:52:00,11:52:10,stop_point:SP_327,Pader,2
2290436,11:53:00,11:53:10,stop_point:SP_3826,Le Grand Marché - Pont de La Vache,3
2290436,11:54:00,11:54:10,stop_point:SP_3721,Collège Rosa Parks,4
2290436,11:56:00,11:56:10,stop_point:SP_753,Riché Lalande,5
2290436,11:58:00,11:58:10,stop_point:SP_1880,Lapin,6
2290436,11:58:00,11:58:10,stop_point:SP_1995,Roubiéchou,7
2290436,11:59:00,11:59:10,stop_point:SP_1993,Lapparou,8
2290436,12:00:00,12:00:10,stop_point:SP_2419,Gaussen,9
2290436,12:02:00,12:02:10,stop_point:SP_1499,Salvy,10
2290436,12:02:00,12:02:10,stop_point:SP_445,Eglise Aucamville,11
2290436,12:03:00,12:03:10,stop_point:SP_3252,Mairie Aucamville,12
2290436,12:04:00,12:04:10,stop_point:SP_1128,Favasse,13
2290436,12:05:00,12:05:10,stop_point:SP_619,Aucamville Collège,14
2290436,12:06:00,12:06:10,stop_point:SP_2651,Raudelauzette,15
2290436,12:07:00,12:07:10,stop_point:SP_455,Mariel,16
2290436,12:08:00,12:08:10,stop_point:SP_1577,Peyronnette,17
2290436,12:09:00,12:09:10,stop_point:SP_1718,St-Alban Ctre Cial,18
2290436,12:10:00,12:10:10,stop_point:SP_3784,Egalité,19
2290436,12:10:00,12:10:10,stop_point:SP_1557,Sables,20
2290436,12:11:00,12:11:10,stop_point:SP_641,Mairie St-Alban,21
2290436,12:12:00,12:12:10,stop_point:SP_2759,Ecole St-Alban,22
2290436,12:13:00,12:13:10,stop_point:SP_2178,Gafelaze,23
2290436,12:14:00,12:14:10,stop_point:SP_3651,St-Alban Salvador Allende,24
2290436,12:15:00,12:15:10,stop_point:SP_5169,Fenouillet Ctre Cial - Entrée Sud,25
2290436,12:16:00,12:16:10,stop_point:SP_5248,Fenouillet Ctre Cial - Entrée Nord,26
2290436,12:17:00,12:17:10,stop_point:SP_5247,Fenouillet Ctre Cial - Entrée Nord,27
2290437,12:20:00,12:20:10,stop_point:SP_1175,La Vache,1
2290437,12:22:00,12:22:10,stop_point:SP_327,Pader,2
2290437,12:23:00,12:23:10,stop_point:SP_3826,Le Grand Marché - Pont de La Vache,3
2290437,12:24:00,12:24:10,stop_point:SP_3721,Collège Rosa Parks,4
2290437,12:26:00,12:26:10,stop_point:SP_753,Riché Lalande,5
2290437,12:28:00,12:28:10,stop_point:SP_1880,Lapin,6
2290437,12:28:00,12:28:10,stop_point:SP_1995,Roubiéchou,7
2290437,12:29:00,12:29:10,stop_point:SP_1993,Lapparou,8
2290437,12:30:00,12:30:10,stop_point:SP_2419,Gaussen,9
2290437,12:32:00,12:32:10,stop_point:SP_1499,Salvy,10
2290437,12:32:00,12:32:10,stop_point:SP_445,Eglise Aucamville,11
2290437,12:33:00,12:33:10,stop_point:SP_3252,Mairie Aucamville,12
2290437,12:34:00,12:34:10,stop_point:SP_1128,Favasse,13
2290437,12:35:00,12:35:10,stop_point:SP_619,Aucamville Collège,14
2290437,12:36:00,12:36:10,stop_point:SP_2651,Raudelauzette,15
2290437,12:37:00,12:37:10,stop_point:SP_455,Mariel,16
2290437,12:38:00,12:38:10,stop_point:SP_1577,Peyronnette,17
2290437,12:39:00,12:39:10,stop_point:SP_1718,St-Alban Ctre Cial,18
2290437,12:40:00,12:40:10,stop_point:SP_3784,Egalité,19
2290437,12:40:00,12:40:10,stop_point:SP_1557,Sables,20
2290437,12:41:00,12:41:10,stop_point:SP_641,Mairie St-Alban,21
2290437,12:42:00,12:42:10,stop_point:SP_2759,Ecole St-Alban,22
2290437,12:43:00,12:43:10,stop_point:SP_2178,Gafelaze,23
2290437,12:44:00,12:44:10,stop_point:SP_3651,St-Alban Salvador Allende,24
2290437,12:45:00,12:45:10,stop_point:SP_5169,Fenouillet Ctre Cial - Entrée Sud,25
2290437,12:46:00,12:46:10,stop_point:SP_5248,Fenouillet Ctre Cial - Entrée Nord,26
2290437,12:47:00,12:47:10,stop_point:SP_5247,Fenouillet Ctre Cial - Entrée Nord,27
2290438,12:50:00,12:50:10,stop_point:SP_1175,La Vache,1
2290438,12:52:00,12:52:10,stop_point:SP_327,Pader,2
2290438,12:53:00,12:53:10,stop_point:SP_3826,Le Grand Marché - Pont de La Vache,3
2290438,12:54:00,12:54:10,stop_point:SP_3721,Collège Rosa Parks,4
2290438,12:56:00,12:56:10,stop_point:SP_753,Riché Lalande,5
2290438,12:58:00,12:58:10,stop_point:SP_1880,Lapin,6
2290438,12:58:00,12:58:10,stop_point:SP_1995,Roubiéchou,7
2290438,12:59:00,12:59:10,stop_point:SP_1993,Lapparou,8
2290438,13:00:00,13:00:10,stop_point:SP_2419,Gaussen,9
2290438,13:02:00,13:02:10,stop_point:SP_1499,Salvy,10
2290438,13:02:00,13:02:10,stop_point:SP_445,Eglise Aucamville,11
2290438,13:03:00,13:03:10,stop_point:SP_3252,Mairie Aucamville,12
2290438,13:04:00,13:04:10,stop_point:SP_1128,Favasse,13
2290438,13:05:00,13:05:10,stop_point:SP_619,Aucamville Collège,14
2290438,13:06:00,13:06:10,stop_point:SP_2651,Raudelauzette,15
2290438,13:07:00,13:07:10,stop_point:SP_455,Mariel,16
2290438,13:08:00,13:08:10,stop_point:SP_1577,Peyronnette,17
2290438,13:09:00,13:09:10,stop_point:SP_1718,St-Alban Ctre Cial,18
2290438,13:10:00,13:10:10,stop_point:SP_3784,Egalité,19
2290438,13:10:00,13:10:10,stop_point:SP_1557,Sables,20
2290438,13:11:00,13:11:10,stop_point:SP_641,Mairie St-Alban,21
2290438,13:12:00,13:12:10,stop_point:SP_2759,Ecole St-Alban,22
2290438,13:13:00,13:13:10,stop_point:SP_2178,Gafelaze,23
2290438,13:14:00,13:14:10,stop_point:SP_3651,St-Alban Salvador Allende,24
2290438,13:15:00,13:15:10,stop_point:SP_5169,Fenouillet Ctre Cial - Entrée Sud,25
2290438,13:16:00,13:16:10,stop_point:SP_5248,Fenouillet Ctre Cial - Entrée Nord,26
2290438,13:17:00,13:17:10,stop_point:SP_5247,Fenouillet Ctre Cial - Entrée Nord,27
2290439,13:20:00,13:20:10,stop_point:SP_1175,La Vache,1
2290439,13:22:00,13:22:10,stop_point:SP_327,Pader,2
2290439,13:23:00,13:23:10,stop_point:SP_3826,Le Grand Marché - Pont de La Vache,3
2290439,13:24:00,13:24:10,stop_point:SP_3721,Collège Rosa Parks,4
2290439,13:26:00,13:26:10,stop_point:SP_753,Riché Lalande,5
2290439,13:28:00,13:28:10,stop_point:SP_1880,Lapin,6
2290439,13:28:00,13:28:10,stop_point:SP_1995,Roubiéchou,7
2290439,13:29:00,13:29:10,stop_point:SP_1993,Lapparou,8
2290439,13:30:00,13:30:10,stop_point:SP_2419,Gaussen,9
2290439,13:32:00,13:32:10,stop_point:SP_1499,Salvy,10
2290439,13:32:00,13:32:10,stop_point:SP_445,Eglise Aucamville,11
2290439,13:33:00,13:33:10,stop_point:SP_3252,Mairie Aucamville,12
2290439,13:34:00,13:34:10,stop_point:SP_1128,Favasse,13
2290439,13:35:00,13:35:10,stop_point:SP_619,Aucamville Collège,14
2290439,13:36:00,13:36:10,stop_point:SP_2651,Raudelauzette,15
2290439,13:37:00,13:37:10,stop_point:SP_455,Mariel,16
2290439,13:38:00,13:38:10,stop_point:SP_1577,Peyronnette,17
2290439,13:39:00,13:39:10,stop_point:SP_1718,St-Alban Ctre Cial,18
2290439,13:40:00,13:40:10,stop_point:SP_3784,Egalité,19
2290439,13:40:00,13:40:10,stop_point:SP_1557,Sables,20
2290439,13:41:00,13:41:10,stop_point:SP_641,Mairie St-Alban,21
2290439,13:42:00,13:42:10,stop_point:SP_2759,Ecole St-Alban,22
2290439,13:43:00,13:43:10,stop_point:SP_2178,Gafelaze,23
2290439,13:44:00,13:44:10,stop_point:SP_3651,St-Alban Salvador Allende,24
2290439,13:45:00,13:45:10,stop_point:SP_5169,Fenouillet Ctre Cial - Entrée Sud,25
2290439,13:46:00,13:46:10,stop_point:SP_5248,Fenouillet Ctre Cial - Entrée Nord,26
2290439,13:47:00,13:47:10,stop_point:SP_5247,Fenouillet Ctre Cial - Entrée Nord,27
2290440,13:50:00,13:50:10,stop_point:SP_1175,La Vache,1
2290440,13:52:00,13:52:10,stop_point:SP_327,Pader,2
2290440,13:53:00,13:53:10,stop_point:SP_3826,Le Grand Marché - Pont de La Vache,3
2290440,13:54:00,13:54:10,stop_point:SP_3721,Collège Rosa Parks,4
2290440,13:56:00,13:56:10,stop_point:SP_753,Riché Lalande,5
2290440,13:58:00,13:58:10,stop_point:SP_1880,Lapin,6
2290440,13:59:00,13:59:10,stop_point:SP_1995,Roubiéchou,7
2290440,14:00:00,14:00:10,stop_point:SP_1993,Lapparou,8
2290440,14:01:00,14:01:10,stop_point:SP_2419,Gaussen,9
2290440,14:02:00,14:02:10,stop_point:SP_1499,Salvy,10
2290440,14:03:00,14:03:10,stop_point:SP_445,Eglise Aucamville,11
2290440,14:04:00,14:04:10,stop_point:SP_3252,Mairie Aucamville,12
2290440,14:05:00,14:05:10,stop_point:SP_1128,Favasse,13
2290440,14:06:00,14:06:10,stop_point:SP_619,Aucamville Collège,14
2290440,14:07:00,14:07:10,stop_point:SP_2651,Raudelauzette,15
2290440,14:08:00,14:08:10,stop_point:SP_455,Mariel,16
2290440,14:09:00,14:09:10,stop_point:SP_1577,Peyronnette,17
2290440,14:10:00,14:10:10,stop_point:SP_1718,St-Alban Ctre Cial,18
2290440,14:11:00,14:11:10,stop_point:SP_3784,Egalité,19
2290440,14:11:00,14:11:10,stop_point:SP_1557,Sables,20
2290440,14:12:00,14:12:10,stop_point:SP_641,Mairie St-Alban,21
2290440,14:13:00,14:13:10,stop_point:SP_2759,Ecole St-Alban,22
2290440,14:14:00,14:14:10,stop_point:SP_2178,Gafelaze,23
2290440,14:15:00,14:15:10,stop_point:SP_3651,St-Alban Salvador Allende,24
2290440,14:16:00,14:16:10,stop_point:SP_5169,Fenouillet Ctre Cial - Entrée Sud,25
2290440,14:17:00,14:17:10,stop_point:SP_5248,Fenouillet Ctre Cial - Entrée Nord,26
2290440,14:18:00,14:18:10,stop_point:SP_5247,Fenouillet Ctre Cial - Entrée Nord,27
2290441,14:20:00,14:20:10,stop_point:SP_1175,La Vache,1
2290441,14:22:00,14:22:10,stop_point:SP_327,Pader,2
2290441,14:23:00,14:23:10,stop_point:SP_3826,Le Grand Marché - Pont de La Vache,3
2290441,14:24:00,14:24:10,stop_point:SP_3721,Collège Rosa Parks,4
2290441,14:26:00,14:26:10,stop_point:SP_753,Riché Lalande,5
2290441,14:28:00,14:28:10,stop_point:SP_1880,Lapin,6
2290441,14:29:00,14:29:10,stop_point:SP_1995,Roubiéchou,7
2290441,14:30:00,14:30:10,stop_point:SP_1993,Lapparou,8
2290441,14:31:00,14:31:10,stop_point:SP_2419,Gaussen,9
2290441,14:32:00,14:32:10,stop_point:SP_1499,Salvy,10
2290441,14:33:00,14:33:10,stop_point:SP_445,Eglise Aucamville,11
2290441,14:34:00,14:34:10,stop_point:SP_3252,Mairie Aucamville,12
2290441,14:35:00,14:35:10,stop_point:SP_1128,Favasse,13
2290441,14:36:00,14:36:10,stop_point:SP_619,Aucamville Collège,14
2290441,14:37:00,14:37:10,stop_point:SP_2651,Raudelauzette,15
2290441,14:38:00,14:38:10,stop_point:SP_455,Mariel,16
2290441,14:39:00,14:39:10,stop_point:SP_1577,Peyronnette,17
2290441,14:40:00,14:40:10,stop_point:SP_1718,St-Alban Ctre Cial,18
2290441,14:41:00,14:41:10,stop_point:SP_3784,Egalité,19
2290441,14:41:00,14:41:10,stop_point:SP_1557,Sables,20
2290441,14:42:00,14:42:10,stop_point:SP_641,Mairie St-Alban,21
2290441,14:43:00,14:43:10,stop_point:SP_2759,Ecole St-Alban,22
2290441,14:44:00,14:44:10,stop_point:SP_2178,Gafelaze,23
2290441,14:45:00,14:45:10,stop_point:SP_3651,St-Alban Salvador Allende,24
2290441,14:46:00,14:46:10,stop_point:SP_5169,Fenouillet Ctre Cial - Entrée Sud,25
2290441,14:47:00,14:47:10,stop_point:SP_5248,Fenouillet Ctre Cial - Entrée Nord,26
2290441,14:48:00,14:48:10,stop_point:SP_5247,Fenouillet Ctre Cial - Entrée Nord,27
2290442,14:50:00,14:50:10,stop_point:SP_1175,La Vache,1
2290442,14:52:00,14:52:10,stop_point:SP_327,Pader,2
2290442,14:53:00,14:53:10,stop_point:SP_3826,Le Grand Marché - Pont de La Vache,3
2290442,14:54:00,14:54:10,stop_point:SP_3721,Collège Rosa Parks,4
2290442,14:56:00,14:56:10,stop_point:SP_753,Riché Lalande,5
2290442,14:58:00,14:58:10,stop_point:SP_1880,Lapin,6
2290442,14:59:00,14:59:10,stop_point:SP_1995,Roubiéchou,7
2290442,15:00:00,15:00:10,stop_point:SP_1993,Lapparou,8
2290442,15:01:00,15:01:10,stop_point:SP_2419,Gaussen,9
2290442,15:02:00,15:02:10,stop_point:SP_1499,Salvy,10
2290442,15:03:00,15:03:10,stop_point:SP_445,Eglise Aucamville,11
2290442,15:04:00,15:04:10,stop_point:SP_3252,Mairie Aucamville,12
2290442,15:05:00,15:05:10,stop_point:SP_1128,Favasse,13
2290442,15:06:00,15:06:10,stop_point:SP_619,Aucamville Collège,14
2290442,15:07:00,15:07:10,stop_point:SP_2651,Raudelauzette,15
2290442,15:08:00,15:08:10,stop_point:SP_455,Mariel,16
2290442,15:09:00,15:09:10,stop_point:SP_1577,Peyronnette,17
2290442,15:10:00,15:10:10,stop_point:SP_1718,St-Alban Ctre Cial,18
2290442,15:11:00,15:11:10,stop_point:SP_3784,Egalité,19
2290442,15:11:00,15:11:10,stop_point:SP_1557,Sables,20
2290442,15:12:00,15:12:10,stop_point:SP_641,Mairie St-Alban,21
2290442,15:13:00,15:13:10,stop_point:SP_2759,Ecole St-Alban,22
2290442,15:14:00,15:14:10,stop_point:SP_2178,Gafelaze,23
2290442,15:15:00,15:15:10,stop_point:SP_3651,St-Alban Salvador Allende,24
2290442,15:16:00,15:16:10,stop_point:SP_5169,Fenouillet Ctre Cial - Entrée Sud,25
2290442,15:17:00,15:17:10,stop_point:SP_5248,Fenouillet Ctre Cial - Entrée Nord,26
2290442,15:18:00,15:18:10,stop_point:SP_5247,Fenouillet Ctre Cial - Entrée Nord,27
2290443,15:20:00,15:20:10,stop_point:SP_1175,La Vache,1
2290443,15:22:00,15:22:10,stop_point:SP_327,Pader,2
2290443,15:23:00,15:23:10,stop_point:SP_3826,Le Grand Marché - Pont de La Vache,3
2290443,15:24:00,15:24:10,stop_point:SP_3721,Collège Rosa Parks,4
2290443,15:26:00,15:26:10,stop_point:SP_753,Riché Lalande,5
2290443,15:28:00,15:28:10,stop_point:SP_1880,Lapin,6
2290443,15:29:00,15:29:10,stop_point:SP_1995,Roubiéchou,7
2290443,15:30:00,15:30:10,stop_point:SP_1993,Lapparou,8
2290443,15:31:00,15:31:10,stop_point:SP_2419,Gaussen,9
2290443,15:32:00,15:32:10,stop_point:SP_1499,Salvy,10
2290443,15:33:00,15:33:10,stop_point:SP_445,Eglise Aucamville,11
2290443,15:34:00,15:34:10,stop_point:SP_3252,Mairie Aucamville,12
2290443,15:35:00,15:35:10,stop_point:SP_1128,Favasse,13
2290443,15:36:00,15:36:10,stop_point:SP_619,Aucamville Collège,14
2290443,15:37:00,15:37:10,stop_point:SP_2651,Raudelauzette,15
2290443,15:38:00,15:38:10,stop_point:SP_455,Mariel,16
2290443,15:39:00,15:39:10,stop_point:SP_1577,Peyronnette,17
2290443,15:40:00,15:40:10,stop_point:SP_1718,St-Alban Ctre Cial,18
2290443,15:41:00,15:41:10,stop_point:SP_3784,Egalité,19
2290443,15:41:00,15:41:10,stop_point:SP_1557,Sables,20
2290443,15:42:00,15:42:10,stop_point:SP_641,Mairie St-Alban,21
2290443,15:43:00,15:43:10,stop_point:SP_2759,Ecole St-Alban,22
2290443,15:44:00,15:44:10,stop_point:SP_2178,Gafelaze,23
2290443,15:45:00,15:45:10,stop_point:SP_3651,St-Alban Salvador Allende,24
2290443,15:46:00,15:46:10,stop_point:SP_5169,Fenouillet Ctre Cial - Entrée Sud,25
2290443,15:47:00,15:47:10,stop_point:SP_5248,Fenouillet Ctre Cial - Entrée Nord,26
2290443,15:48:00,15:48:10,stop_point:SP_5247,Fenouillet Ctre Cial - Entrée Nord,27
2290444,15:50:00,15:50:10,stop_point:SP_1175,La Vache,1
2290444,15:52:00,15:52:10,stop_point:SP_327,Pader,2
2290444,15:53:00,15:53:10,stop_point:SP_3826,Le Grand Marché - Pont de La Vache,3
2290444,15:54:00,15:54:10,stop_point:SP_3721,Collège Rosa Parks,4
2290444,15:56:00,15:56:10,stop_point:SP_753,Riché Lalande,5
2290444,15:58:00,15:58:10,stop_point:SP_1880,Lapin,6
2290444,15:59:00,15:59:10,stop_point:SP_1995,Roubiéchou,7
2290444,16:00:00,16:00:10,stop_point:SP_1993,Lapparou,8
2290444,16:01:00,16:01:10,stop_point:SP_2419,Gaussen,9
2290444,16:02:00,16:02:10,stop_point:SP_1499,Salvy,10
2290444,16:03:00,16:03:10,stop_point:SP_445,Eglise Aucamville,11
2290444,16:04:00,16:04:10,stop_point:SP_3252,Mairie Aucamville,12
2290444,16:05:00,16:05:10,stop_point:SP_1128,Favasse,13
2290444,16:06:00,16:06:10,stop_point:SP_619,Aucamville Collège,14
2290444,16:07:00,16:07:10,stop_point:SP_2651,Raudelauzette,15
2290444,16:08:00,16:08:10,stop_point:SP_455,Mariel,16
2290444,16:09:00,16:09:10,stop_point:SP_1577,Peyronnette,17
2290444,16:10:00,16:10:10,stop_point:SP_1718,St-Alban Ctre Cial,18
2290444,16:11:00,16:11:10,stop_point:SP_3784,Egalité,19
2290444,16:11:00,16:11:10,stop_point:SP_1557,Sables,20
2290444,16:12:00,16:12:10,stop_point:SP_641,Mairie St-Alban,21
2290444,16:13:00,16:13:10,stop_point:SP_2759,Ecole St-Alban,22
2290444,16:14:00,16:14:10,stop_point:SP_2178,Gafelaze,23
2290444,16:15:00,16:15:10,stop_point:SP_3651,St-Alban Salvador Allende,24
2290444,16:16:00,16:16:10,stop_point:SP_5169,Fenouillet Ctre Cial - Entrée Sud,25
2290444,16:17:00,16:17:10,stop_point:SP_5248,Fenouillet Ctre Cial - Entrée Nord,26
2290444,16:18:00,16:18:10,stop_point:SP_5247,Fenouillet Ctre Cial - Entrée Nord,27
2290445,16:20:00,16:20:10,stop_point:SP_1175,La Vache,1
2290445,16:22:00,16:22:10,stop_point:SP_327,Pader,2
2290445,16:23:00,16:23:10,stop_point:SP_3826,Le Grand Marché - Pont de La Vache,3
2290445,16:24:00,16:24:10,stop_point:SP_3721,Collège Rosa Parks,4
2290445,16:26:00,16:26:10,stop_point:SP_753,Riché Lalande,5
2290445,16:28:00,16:28:10,stop_point:SP_1880,Lapin,6
2290445,16:29:00,16:29:10,stop_point:SP_1995,Roubiéchou,7
2290445,16:30:00,16:30:10,stop_point:SP_1993,Lapparou,8
2290445,16:31:00,16:31:10,stop_point:SP_2419,Gaussen,9
2290445,16:32:00,16:32:10,stop_point:SP_1499,Salvy,10
2290445,16:33:00,16:33:10,stop_point:SP_445,Eglise Aucamville,11
2290445,16:34:00,16:34:10,stop_point:SP_3252,Mairie Aucamville,12
2290445,16:35:00,16:35:10,stop_point:SP_1128,Favasse,13
2290445,16:36:00,16:36:10,stop_point:SP_619,Aucamville Collège,14
2290445,16:37:00,16:37:10,stop_point:SP_2651,Raudelauzette,15
2290445,16:38:00,16:38:10,stop_point:SP_455,Mariel,16
2290445,16:39:00,16:39:10,stop_point:SP_1577,Peyronnette,17
2290445,16:40:00,16:40:10,stop_point:SP_1718,St-Alban Ctre Cial,18
2290445,16:41:00,16:41:10,stop_point:SP_3784,Egalité,19
2290445,16:41:00,16:41:10,stop_point:SP_1557,Sables,20
2290445,16:42:00,16:42:10,stop_point:SP_641,Mairie St-Alban,21
2290445,16:43:00,16:43:10,stop_point:SP_2759,Ecole St-Alban,22
2290445,16:44:00,16:44:10,stop_point:SP_2178,Gafelaze,23
2290445,16:45:00,16:45:10,stop_point:SP_3651,St-Alban Salvador Allende,24
2290445,16:46:00,16:46:10,stop_point:SP_5169,Fenouillet Ctre Cial - Entrée Sud,25
2290445,16:47:00,16:47:10,stop_point:SP_5248,Fenouillet Ctre Cial - Entrée Nord,26
2290445,16:48:00,16:48:10,stop_point:SP_5247,Fenouillet Ctre Cial - Entrée Nord,27
2290446,16:50:00,16:50:10,stop_point:SP_1175,La Vache,1
2290446,16:52:00,16:52:10,stop_point:SP_327,Pader,2
2290446,16:53:00,16:53:10,stop_point:SP_3826,Le Grand Marché - Pont de La Vache,3
2290446,16:54:00,16:54:10,stop_point:SP_3721,Collège Rosa Parks,4
2290446,16:56:00,16:56:10,stop_point:SP_753,Riché Lalande,5
2290446,16:58:00,16:58:10,stop_point:SP_1880,Lapin,6
2290446,16:59:00,16:59:10,stop_point:SP_1995,Roubiéchou,7
2290446,17:00:00,17:00:10,stop_point:SP_1993,Lapparou,8
2290446,17:01:00,17:01:10,stop_point:SP_2419,Gaussen,9
2290446,17:02:00,17:02:10,stop_point:SP_1499,Salvy,10
2290446,17:03:00,17:03:10,stop_point:SP_445,Eglise Aucamville,11
2290446,17:04:00,17:04:10,stop_point:SP_3252,Mairie Aucamville,12
2290446,17:05:00,17:05:10,stop_point:SP_1128,Favasse,13
2290446,17:06:00,17:06:10,stop_point:SP_619,Aucamville Collège,14
2290446,17:07:00,17:07:10,stop_point:SP_2651,Raudelauzette,15
2290446,17:08:00,17:08:10,stop_point:SP_455,Mariel,16
2290446,17:09:00,17:09:10,stop_point:SP_1577,Peyronnette,17
2290446,17:10:00,17:10:10,stop_point:SP_1718,St-Alban Ctre Cial,18
2290446,17:11:00,17:11:10,stop_point:SP_3784,Egalité,19
2290446,17:11:00,17:11:10,stop_point:SP_1557,Sables,20
2290446,17:12:00,17:12:10,stop_point:SP_641,Mairie St-Alban,21
2290446,17:13:00,17:13:10,stop_point:SP_2759,Ecole St-Alban,22
2290446,17:14:00,17:14:10,stop_point:SP_2178,Gafelaze,23
2290446,17:15:00,17:15:10,stop_point:SP_3651,St-Alban Salvador Allende,24
2290446,17:16:00,17:16:10,stop_point:SP_5169,Fenouillet Ctre Cial - Entrée Sud,25
2290446,17:17:00,17:17:10,stop_point:SP_5248,Fenouillet Ctre Cial - Entrée Nord,26
2290446,17:18:00,17:18:10,stop_point:SP_5247,Fenouillet Ctre Cial - Entrée Nord,27
2290447,17:20:00,17:20:10,stop_point:SP_1175,La Vache,1
2290447,17:22:00,17:22:10,stop_point:SP_327,Pader,2
2290447,17:23:00,17:23:10,stop_point:SP_3826,Le Grand Marché - Pont de La Vache,3
2290447,17:24:00,17:24:10,stop_point:SP_3721,Collège Rosa Parks,4
2290447,17:26:00,17:26:10,stop_point:SP_753,Riché Lalande,5
2290447,17:28:00,17:28:10,stop_point:SP_1880,Lapin,6
2290447,17:29:00,17:29:10,stop_point:SP_1995,Roubiéchou,7
2290447,17:30:00,17:30:10,stop_point:SP_1993,Lapparou,8
2290447,17:31:00,17:31:10,stop_point:SP_2419,Gaussen,9
2290447,17:32:00,17:32:10,stop_point:SP_1499,Salvy,10
2290447,17:33:00,17:33:10,stop_point:SP_445,Eglise Aucamville,11
2290447,17:34:00,17:34:10,stop_point:SP_3252,Mairie Aucamville,12
2290447,17:35:00,17:35:10,stop_point:SP_1128,Favasse,13
2290447,17:36:00,17:36:10,stop_point:SP_619,Aucamville Collège,14
2290447,17:37:00,17:37:10,stop_point:SP_2651,Raudelauzette,15
2290447,17:38:00,17:38:10,stop_point:SP_455,Mariel,16
2290447,17:39:00,17:39:10,stop_point:SP_1577,Peyronnette,17
2290447,17:40:00,17:40:10,stop_point:SP_1718,St-Alban Ctre Cial,18
2290447,17:41:00,17:41:10,stop_point:SP_3784,Egalité,19
2290447,17:41:00,17:41:10,stop_point:SP_1557,Sables,20
2290447,17:42:00,17:42:10,stop_point:SP_641,Mairie St-Alban,21
2290447,17:43:00,17:43:10,stop_point:SP_2759,Ecole St-Alban,22
2290447,17:44:00,17:44:10,stop_point:SP_2178,Gafelaze,23
2290447,17:45:00,17:45:10,stop_point:SP_3651,St-Alban Salvador Allende,24
2290447,17:46:00,17:46:10,stop_point:SP_5169,Fenouillet Ctre Cial - Entrée Sud,25
2290447,17:47:00,17:47:10,stop_point:SP_5248,Fenouillet Ctre Cial - Entrée Nord,26
2290447,17:48:00,17:48:10,stop_point:SP_5247,Fenouillet Ctre Cial - Entrée Nord,27
2290448,17:50:00,17:50:10,stop_point:SP_1175,La Vache,1
2290448,17:52:00,17:52:10,stop_point:SP_327,Pader,2
2290448,17:53:00,17:53:10,stop_point:SP_3826,Le Grand Marché - Pont de La Vache,3
2290448,17:54:00,17:54:10,stop_point:SP_3721,Collège Rosa Parks,4
2290448,17:56:00,17:56:10,stop_point:SP_753,Riché Lalande,5
2290448,17:58:00,17:58:10,stop_point:SP_1880,Lapin,6
2290448,17:59:00,17:59:10,stop_point:SP_1995,Roubiéchou,7
2290448,18:00:00,18:00:10,stop_point:SP_1993,Lapparou,8
2290448,18:01:00,18:01:10,stop_point:SP_2419,Gaussen,9
2290448,18:02:00,18:02:10,stop_point:SP_1499,Salvy,10
2290448,18:03:00,18:03:10,stop_point:SP_445,Eglise Aucamville,11
2290448,18:04:00,18:04:10,stop_point:SP_3252,Mairie Aucamville,12
2290448,18:05:00,18:05:10,stop_point:SP_1128,Favasse,13
2290448,18:06:00,18:06:10,stop_point:SP_619,Aucamville Collège,14
2290448,18:07:00,18:07:10,stop_point:SP_2651,Raudelauzette,15
2290448,18:08:00,18:08:10,stop_point:SP_455,Mariel,16
2290448,18:09:00,18:09:10,stop_point:SP_1577,Peyronnette,17
2290448,18:10:00,18:10:10,stop_point:SP_1718,St-Alban Ctre Cial,18
2290448,18:11:00,18:11:10,stop_point:SP_3784,Egalité,19
2290448,18:11:00,18:11:10,stop_point:SP_1557,Sables,20
2290448,18:12:00,18:12:10,stop_point:SP_641,Mairie St-Alban,21
2290448,18:13:00,18:13:10,stop_point:SP_2759,Ecole St-Alban,22
2290448,18:14:00,18:14:10,stop_point:SP_2178,Gafelaze,23
2290448,18:15:00,18:15:10,stop_point:SP_3651,St-Alban Salvador Allende,24
2290448,18:16:00,18:16:10,stop_point:SP_5169,Fenouillet Ctre Cial - Entrée Sud,25
2290448,18:17:00,18:17:10,stop_point:SP_5248,Fenouillet Ctre Cial - Entrée Nord,26
2290448,18:18:00,18:18:10,stop_point:SP_5247,Fenouillet Ctre Cial - Entrée Nord,27
2290449,18:20:00,18:20:10,stop_point:SP_1175,La Vache,1
2290449,18:22:00,18:22:10,stop_point:SP_327,Pader,2
2290449,18:23:00,18:23:10,stop_point:SP_3826,Le Grand Marché - Pont de La Vache,3
2290449,18:24:00,18:24:10,stop_point:SP_3721,Collège Rosa Parks,4
2290449,18:26:00,18:26:10,stop_point:SP_753,Riché Lalande,5
2290449,18:28:00,18:28:10,stop_point:SP_1880,Lapin,6
2290449,18:29:00,18:29:10,stop_point:SP_1995,Roubiéchou,7
2290449,18:30:00,18:30:10,stop_point:SP_1993,Lapparou,8
2290449,18:31:00,18:31:10,stop_point:SP_2419,Gaussen,9
2290449,18:32:00,18:32:10,stop_point:SP_1499,Salvy,10
2290449,18:33:00,18:33:10,stop_point:SP_445,Eglise Aucamville,11
2290449,18:34:00,18:34:10,stop_point:SP_3252,Mairie Aucamville,12
2290449,18:35:00,18:35:10,stop_point:SP_1128,Favasse,13
2290449,18:36:00,18:36:10,stop_point:SP_619,Aucamville Collège,14
2290449,18:37:00,18:37:10,stop_point:SP_2651,Raudelauzette,15
2290449,18:38:00,18:38:10,stop_point:SP_455,Mariel,16
2290449,18:39:00,18:39:10,stop_point:SP_1577,Peyronnette,17
2290449,18:40:00,18:40:10,stop_point:SP_1718,St-Alban Ctre Cial,18
2290449,18:41:00,18:41:10,stop_point:SP_3784,Egalité,19
2290449,18:41:00,18:41:10,stop_point:SP_1557,Sables,20
2290449,18:42:00,18:42:10,stop_point:SP_641,Mairie St-Alban,21
2290449,18:43:00,18:43:10,stop_point:SP_2759,Ecole St-Alban,22
2290449,18:44:00,18:44:10,stop_point:SP_2178,Gafelaze,23
2290449,18:45:00,18:45:10,stop_point:SP_3651,St-Alban Salvador Allende,24
2290449,18:46:00,18:46:10,stop_point:SP_5169,Fenouillet Ctre Cial - Entrée Sud,25
2290449,18:47:00,18:47:10,stop_point:SP_5248,Fenouillet Ctre Cial - Entrée Nord,26
2290449,18:48:00,18:48:10,stop_point:SP_5247,Fenouillet Ctre Cial - Entrée Nord,27
2290450,18:50:00,18:50:10,stop_point:SP_1175,La Vache,1
2290450,18:52:00,18:52:10,stop_point:SP_327,Pader,2
2290450,18:53:00,18:53:10,stop_point:SP_3826,Le Grand Marché - Pont de La Vache,3
2290450,18:54:00,18:54:10,stop_point:SP_3721,Collège Rosa Parks,4
2290450,18:56:00,18:56:10,stop_point:SP_753,Riché Lalande,5
2290450,18:58:00,18:58:10,stop_point:SP_1880,Lapin,6
2290450,18:59:00,18:59:10,stop_point:SP_1995,Roubiéchou,7
2290450,19:00:00,19:00:10,stop_point:SP_1993,Lapparou,8
2290450,19:01:00,19:01:10,stop_point:SP_2419,Gaussen,9
2290450,19:02:00,19:02:10,stop_point:SP_1499,Salvy,10
2290450,19:03:00,19:03:10,stop_point:SP_445,Eglise Aucamville,11
2290450,19:04:00,19:04:10,stop_point:SP_3252,Mairie Aucamville,12
2290450,19:05:00,19:05:10,stop_point:SP_1128,Favasse,13
2290450,19:06:00,19:06:10,stop_point:SP_619,Aucamville Collège,14
2290450,19:07:00,19:07:10,stop_point:SP_2651,Raudelauzette,15
2290450,19:08:00,19:08:10,stop_point:SP_455,Mariel,16
2290450,19:09:00,19:09:10,stop_point:SP_1577,Peyronnette,17
2290450,19:10:00,19:10:10,stop_point:SP_1718,St-Alban Ctre Cial,18
2290450,19:11:00,19:11:10,stop_point:SP_3784,Egalité,19
2290450,19:11:00,19:11:10,stop_point:SP_1557,Sables,20
2290450,19:12:00,19:12:10,stop_point:SP_641,Mairie St-Alban,21
2290450,19:13:00,19:13:10,stop_point:SP_2759,Ecole St-Alban,22
2290450,19:14:00,19:14:10,stop_point:SP_2178,Gafelaze,23
2290450,19:15:00,19:15:10,stop_point:SP_3651,St-Alban Salvador Allende,24
2290450,19:16:00,19:16:10,stop_point:SP_5169,Fenouillet Ctre Cial - Entrée Sud,25
2290450,19:17:00,19:17:10,stop_point:SP_5248,Fenouillet Ctre Cial - Entrée Nord,26
2290450,19:18:00,19:18:10,stop_point:SP_5247,Fenouillet Ctre Cial - Entrée Nord,27
2290451,19:20:00,19:20:10,stop_point:SP_1175,La Vache,1
2290451,19:22:00,19:22:10,stop_point:SP_327,Pader,2
2290451,19:23:00,19:23:10,stop_point:SP_3826,Le Grand Marché - Pont de La Vache,3
2290451,19:24:00,19:24:10,stop_point:SP_3721,Collège Rosa Parks,4
2290451,19:26:00,19:26:10,stop_point:SP_753,Riché Lalande,5
2290451,19:28:00,19:28:10,stop_point:SP_1880,Lapin,6
2290451,19:29:00,19:29:10,stop_point:SP_1995,Roubiéchou,7
2290451,19:30:00,19:30:10,stop_point:SP_1993,Lapparou,8
2290451,19:31:00,19:31:10,stop_point:SP_2419,Gaussen,9
2290451,19:32:00,19:32:10,stop_point:SP_1499,Salvy,10
2290451,19:33:00,19:33:10,stop_point:SP_445,Eglise Aucamville,11
2290451,19:34:00,19:34:10,stop_point:SP_3252,Mairie Aucamville,12
2290451,19:35:00,19:35:10,stop_point:SP_1128,Favasse,13
2290451,19:36:00,19:36:10,stop_point:SP_619,Aucamville Collège,14
2290451,19:37:00,19:37:10,stop_point:SP_2651,Raudelauzette,15
2290451,19:38:00,19:38:10,stop_point:SP_455,Mariel,16
2290451,19:39:00,19:39:10,stop_point:SP_1577,Peyronnette,17
2290451,19:40:00,19:40:10,stop_point:SP_1718,St-Alban Ctre Cial,18
2290451,19:41:00,19:41:10,stop_point:SP_3784,Egalité,19
2290451,19:41:00,19:41:10,stop_point:SP_1557,Sables,20
2290451,19:42:00,19:42:10,stop_point:SP_641,Mairie St-Alban,21
2290451,19:43:00,19:43:10,stop_point:SP_2759,Ecole St-Alban,22
2290451,19:44:00,19:44:10,stop_point:SP_2178,Gafelaze,23
2290451,19:45:00,19:45:10,stop_point:SP_3651,St-Alban Salvador Allende,24
2290451,19:46:00,19:46:10,stop_point:SP_5169,Fenouillet Ctre Cial - Entrée Sud,25
2290451,19:47:00,19:47:10,stop_point:SP_5248,Fenouillet Ctre Cial - Entrée Nord,26
2290451,19:48:00,19:48:10,stop_point:SP_5247,Fenouillet Ctre Cial - Entrée Nord,27
2290452,19:55:00,19:55:10,stop_point:SP_1175,La Vache,1
2290452,19:57:00,19:57:10,stop_point:SP_327,Pader,2
2290452,19:58:00,19:58:10,stop_point:SP_3826,Le Grand Marché - Pont de La Vache,3
2290452,19:59:00,19:59:10,stop_point:SP_3721,Collège Rosa Parks,4
2290452,20:01:00,20:01:10,stop_point:SP_753,Riché Lalande,5
2290452,20:03:00,20:03:10,stop_point:SP_1880,Lapin,6
2290452,20:04:00,20:04:10,stop_point:SP_1995,Roubiéchou,7
2290452,20:05:00,20:05:10,stop_point:SP_1993,Lapparou,8
2290452,20:06:00,20:06:10,stop_point:SP_2419,Gaussen,9
2290452,20:07:00,20:07:10,stop_point:SP_1499,Salvy,10
2290452,20:08:00,20:08:10,stop_point:SP_445,Eglise Aucamville,11
2290452,20:09:00,20:09:10,stop_point:SP_3252,Mairie Aucamville,12
2290452,20:10:00,20:10:10,stop_point:SP_1128,Favasse,13
2290452,20:11:00,20:11:10,stop_point:SP_619,Aucamville Collège,14
2290452,20:12:00,20:12:10,stop_point:SP_2651,Raudelauzette,15
2290452,20:13:00,20:13:10,stop_point:SP_455,Mariel,16
2290452,20:14:00,20:14:10,stop_point:SP_1577,Peyronnette,17
2290452,20:15:00,20:15:10,stop_point:SP_1718,St-Alban Ctre Cial,18
2290452,20:16:00,20:16:10,stop_point:SP_3784,Egalité,19
2290452,20:16:00,20:16:10,stop_point:SP_1557,Sables,20
2290452,20:17:00,20:17:10,stop_point:SP_641,Mairie St-Alban,21
2290452,20:18:00,20:18:10,stop_point:SP_2759,Ecole St-Alban,22
2290452,20:19:00,20:19:10,stop_point:SP_2178,Gafelaze,23
2290452,20:20:00,20:20:10,stop_point:SP_3651,St-Alban Salvador Allende,24
2290452,20:21:00,20:21:10,stop_point:SP_5169,Fenouillet Ctre Cial - Entrée Sud,25
2290452,20:22:00,20:22:10,stop_point:SP_5248,Fenouillet Ctre Cial - Entrée Nord,26
2290452,20:23:00,20:23:10,stop_point:SP_5247,Fenouillet Ctre Cial - Entrée Nord,27
2290453,20:30:00,20:30:10,stop_point:SP_1175,La Vache,1
2290453,20:32:00,20:32:10,stop_point:SP_327,Pader,2
2290453,20:33:00,20:33:10,stop_point:SP_3826,Le Grand Marché - Pont de La Vache,3
2290453,20:34:00,20:34:10,stop_point:SP_3721,Collège Rosa Parks,4
2290453,20:36:00,20:36:10,stop_point:SP_753,Riché Lalande,5
2290453,20:38:00,20:38:10,stop_point:SP_1880,Lapin,6
2290453,20:39:00,20:39:10,stop_point:SP_1995,Roubiéchou,7
2290453,20:40:00,20:40:10,stop_point:SP_1993,Lapparou,8
2290453,20:41:00,20:41:10,stop_point:SP_2419,Gaussen,9
2290453,20:42:00,20:42:10,stop_point:SP_1499,Salvy,10
2290453,20:43:00,20:43:10,stop_point:SP_445,Eglise Aucamville,11
2290453,20:44:00,20:44:10,stop_point:SP_3252,Mairie Aucamville,12
2290453,20:45:00,20:45:10,stop_point:SP_1128,Favasse,13
2290453,20:46:00,20:46:10,stop_point:SP_619,Aucamville Collège,14
2290453,20:47:00,20:47:10,stop_point:SP_2651,Raudelauzette,15
2290453,20:48:00,20:48:10,stop_point:SP_455,Mariel,16
2290453,20:49:00,20:49:10,stop_point:SP_1577,Peyronnette,17
2290453,20:50:00,20:50:10,stop_point:SP_1718,St-Alban Ctre Cial,18
2290453,20:51:00,20:51:10,stop_point:SP_3784,Egalité,19
2290453,20:51:00,20:51:10,stop_point:SP_1557,Sables,20
2290453,20:52:00,20:52:10,stop_point:SP_641,Mairie St-Alban,21
2290453,20:53:00,20:53:10,stop_point:SP_2759,Ecole St-Alban,22
2290453,20:54:00,20:54:10,stop_point:SP_2178,Gafelaze,23
2290453,20:55:00,20:55:10,stop_point:SP_3651,St-Alban Salvador Allende,24
2290453,20:56:00,20:56:10,stop_point:SP_5169,Fenouillet Ctre Cial - Entrée Sud,25
2290453,20:57:00,20:57:10,stop_point:SP_5248,Fenouillet Ctre Cial - Entrée Nord,26
2290453,20:58:00,20:58:10,stop_point:SP_5247,Fenouillet Ctre Cial - Entrée Nord,27
2290454,21:05:00,21:05:10,stop_point:SP_1175,La Vache,1
2290454,21:07:00,21:07:10,stop_point:SP_327,Pader,2
2290454,21:07:00,21:07:10,stop_point:SP_3826,Le Grand Marché - Pont de La Vache,3
2290454,21:09:00,21:09:10,stop_point:SP_3721,Collège Rosa Parks,4
2290454,21:10:00,21:10:10,stop_point:SP_753,Riché Lalande,5
2290454,21:12:00,21:12:10,stop_point:SP_1880,Lapin,6
2290454,21:12:00,21:12:10,stop_point:SP_1995,Roubiéchou,7
2290454,21:13:00,21:13:10,stop_point:SP_1993,Lapparou,8
2290454,21:14:00,21:14:10,stop_point:SP_2419,Gaussen,9
2290454,21:16:00,21:16:10,stop_point:SP_1499,Salvy,10
2290454,21:16:00,21:16:10,stop_point:SP_445,Eglise Aucamville,11
2290454,21:17:00,21:17:10,stop_point:SP_3252,Mairie Aucamville,12
2290454,21:18:00,21:18:10,stop_point:SP_1128,Favasse,13
2290454,21:19:00,21:19:10,stop_point:SP_619,Aucamville Collège,14
2290454,21:20:00,21:20:10,stop_point:SP_2651,Raudelauzette,15
2290454,21:21:00,21:21:10,stop_point:SP_455,Mariel,16
2290454,21:22:00,21:22:10,stop_point:SP_1577,Peyronnette,17
2290454,21:23:00,21:23:10,stop_point:SP_1718,St-Alban Ctre Cial,18
2290454,21:24:00,21:24:10,stop_point:SP_3784,Egalité,19
2290454,21:24:00,21:24:10,stop_point:SP_1557,Sables,20
2290454,21:25:00,21:25:10,stop_point:SP_641,Mairie St-Alban,21
2290454,21:26:00,21:26:10,stop_point:SP_2759,Ecole St-Alban,22
2290454,21:27:00,21:27:10,stop_point:SP_2178,Gafelaze,23
2290454,21:28:00,21:28:10,stop_point:SP_3651,St-Alban Salvador Allende,24
2290454,21:29:00,21:29:10,stop_point:SP_5169,Fenouillet Ctre Cial - Entrée Sud,25
2290454,21:30:00,21:30:10,stop_point:SP_5248,Fenouillet Ctre Cial - Entrée Nord,26
2290454,21:31:00,21:31:10,stop_point:SP_5247,Fenouillet Ctre Cial - Entrée Nord,27
2290455,21:35:00,21:35:10,stop_point:SP_1175,La Vache,1
2290455,21:37:00,21:37:10,stop_point:SP_327,Pader,2
2290455,21:37:00,21:37:10,stop_point:SP_3826,Le Grand Marché - Pont de La Vache,3
2290455,21:39:00,21:39:10,stop_point:SP_3721,Collège Rosa Parks,4
2290455,21:40:00,21:40:10,stop_point:SP_753,Riché Lalande,5
2290455,21:42:00,21:42:10,stop_point:SP_1880,Lapin,6
2290455,21:42:00,21:42:10,stop_point:SP_1995,Roubiéchou,7
2290455,21:43:00,21:43:10,stop_point:SP_1993,Lapparou,8
2290455,21:44:00,21:44:10,stop_point:SP_2419,Gaussen,9
2290455,21:46:00,21:46:10,stop_point:SP_1499,Salvy,10
2290455,21:46:00,21:46:10,stop_point:SP_445,Eglise Aucamville,11
2290455,21:47:00,21:47:10,stop_point:SP_3252,Mairie Aucamville,12
2290455,21:48:00,21:48:10,stop_point:SP_1128,Favasse,13
2290455,21:49:00,21:49:10,stop_point:SP_619,Aucamville Collège,14
2290455,21:50:00,21:50:10,stop_point:SP_2651,Raudelauzette,15
2290455,21:51:00,21:51:10,stop_point:SP_455,Mariel,16
2290455,21:52:00,21:52:10,stop_point:SP_1577,Peyronnette,17
2290455,21:53:00,21:53:10,stop_point:SP_1718,St-Alban Ctre Cial,18
2290455,21:54:00,21:54:10,stop_point:SP_3784,Egalité,19
2290455,21:54:00,21:54:10,stop_point:SP_1557,Sables,20
2290455,21:55:00,21:55:10,stop_point:SP_641,Mairie St-Alban,21
2290455,21:56:00,21:56:10,stop_point:SP_2759,Ecole St-Alban,22
2290455,21:57:00,21:57:10,stop_point:SP_2178,Gafelaze,23
2290455,21:58:00,21:58:10,stop_point:SP_3651,St-Alban Salvador Allende,24
2290455,21:59:00,21:59:10,stop_point:SP_5169,Fenouillet Ctre Cial - Entrée Sud,25
2290455,22:00:00,22:00:10,stop_point:SP_5248,Fenouillet Ctre Cial - Entrée Nord,26
2290455,22:01:00,22:01:10,stop_point:SP_5247,Fenouillet Ctre Cial - Entrée Nord,27
2290456,22:05:00,22:05:10,stop_point:SP_1175,La Vache,1
2290456,22:07:00,22:07:10,stop_point:SP_327,Pader,2
2290456,22:07:00,22:07:10,stop_point:SP_3826,Le Grand Marché - Pont de La Vache,3
2290456,22:09:00,22:09:10,stop_point:SP_3721,Collège Rosa Parks,4
2290456,22:10:00,22:10:10,stop_point:SP_753,Riché Lalande,5
2290456,22:12:00,22:12:10,stop_point:SP_1880,Lapin,6
2290456,22:12:00,22:12:10,stop_point:SP_1995,Roubiéchou,7
2290456,22:13:00,22:13:10,stop_point:SP_1993,Lapparou,8
2290456,22:14:00,22:14:10,stop_point:SP_2419,Gaussen,9
2290456,22:16:00,22:16:10,stop_point:SP_1499,Salvy,10
2290456,22:16:00,22:16:10,stop_point:SP_445,Eglise Aucamville,11
2290456,22:17:00,22:17:10,stop_point:SP_3252,Mairie Aucamville,12
2290456,22:18:00,22:18:10,stop_point:SP_1128,Favasse,13
2290456,22:19:00,22:19:10,stop_point:SP_619,Aucamville Collège,14
2290456,22:20:00,22:20:10,stop_point:SP_2651,Raudelauzette,15
2290456,22:21:00,22:21:10,stop_point:SP_455,Mariel,16
2290456,22:22:00,22:22:10,stop_point:SP_1577,Peyronnette,17
2290456,22:23:00,22:23:10,stop_point:SP_1718,St-Alban Ctre Cial,18
2290456,22:24:00,22:24:10,stop_point:SP_3784,Egalité,19
2290456,22:24:00,22:24:10,stop_point:SP_1557,Sables,20
2290456,22:25:00,22:25:10,stop_point:SP_641,Mairie St-Alban,21
2290456,22:26:00,22:26:10,stop_point:SP_2759,Ecole St-Alban,22
2290456,22:27:00,22:27:10,stop_point:SP_2178,Gafelaze,23
2290456,22:28:00,22:28:10,stop_point:SP_3651,St-Alban Salvador Allende,24
2290456,22:29:00,22:29:10,stop_point:SP_5169,Fenouillet Ctre Cial - Entrée Sud,25
2290456,22:30:00,22:30:10,stop_point:SP_5248,Fenouillet Ctre Cial - Entrée Nord,26
2290456,22:31:00,22:31:10,stop_point:SP_5247,Fenouillet Ctre Cial - Entrée Nord,27
2290457,22:40:00,22:40:10,stop_point:SP_1175,La Vache,1
2290457,22:42:00,22:42:10,stop_point:SP_327,Pader,2
2290457,22:42:00,22:42:10,stop_point:SP_3826,Le Grand Marché - Pont de La Vache,3
2290457,22:44:00,22:44:10,stop_point:SP_3721,Collège Rosa Parks,4
2290457,22:45:00,22:45:10,stop_point:SP_753,Riché Lalande,5
2290457,22:47:00,22:47:10,stop_point:SP_1880,Lapin,6
2290457,22:47:00,22:47:10,stop_point:SP_1995,Roubiéchou,7
2290457,22:48:00,22:48:10,stop_point:SP_1993,Lapparou,8
2290457,22:49:00,22:49:10,stop_point:SP_2419,Gaussen,9
2290457,22:51:00,22:51:10,stop_point:SP_1499,Salvy,10
2290457,22:51:00,22:51:10,stop_point:SP_445,Eglise Aucamville,11
2290457,22:52:00,22:52:10,stop_point:SP_3252,Mairie Aucamville,12
2290457,22:53:00,22:53:10,stop_point:SP_1128,Favasse,13
2290457,22:54:00,22:54:10,stop_point:SP_619,Aucamville Collège,14
2290457,22:54:00,22:54:10,stop_point:SP_2651,Raudelauzette,15
2290457,22:55:00,22:55:10,stop_point:SP_455,Mariel,16
2290457,22:56:00,22:56:10,stop_point:SP_1577,Peyronnette,17
2290457,22:57:00,22:57:10,stop_point:SP_1718,St-Alban Ctre Cial,18
2290457,22:58:00,22:58:10,stop_point:SP_3784,Egalité,19
2290457,22:58:00,22:58:10,stop_point:SP_1557,Sables,20
2290457,22:59:00,22:59:10,stop_point:SP_641,Mairie St-Alban,21
2290457,23:00:00,23:00:10,stop_point:SP_2759,Ecole St-Alban,22
2290457,23:01:00,23:01:10,stop_point:SP_2178,Gafelaze,23
2290457,23:02:00,23:02:10,stop_point:SP_3651,St-Alban Salvador Allende,24
2290457,23:03:00,23:03:10,stop_point:SP_5169,Fenouillet Ctre Cial - Entrée Sud,25
2290457,23:04:00,23:04:10,stop_point:SP_5248,Fenouillet Ctre Cial - Entrée Nord,26
2290457,23:05:00,23:05:10,stop_point:SP_5247,Fenouillet Ctre Cial - Entrée Nord,27
2290458,23:15:00,23:15:10,stop_point:SP_1175,La Vache,1
2290458,23:17:00,23:17:10,stop_point:SP_327,Pader,2
2290458,23:17:00,23:17:10,stop_point:SP_3826,Le Grand Marché - Pont de La Vache,3
2290458,23:19:00,23:19:10,stop_point:SP_3721,Collège Rosa Parks,4
2290458,23:20:00,23:20:10,stop_point:SP_753,Riché Lalande,5
2290458,23:22:00,23:22:10,stop_point:SP_1880,Lapin,6
2290458,23:22:00,23:22:10,stop_point:SP_1995,Roubiéchou,7
2290458,23:23:00,23:23:10,stop_point:SP_1993,Lapparou,8
2290458,23:24:00,23:24:10,stop_point:SP_2419,Gaussen,9
2290458,23:26:00,23:26:10,stop_point:SP_1499,Salvy,10
2290458,23:26:00,23:26:10,stop_point:SP_445,Eglise Aucamville,11
2290458,23:27:00,23:27:10,stop_point:SP_3252,Mairie Aucamville,12
2290458,23:28:00,23:28:10,stop_point:SP_1128,Favasse,13
2290458,23:29:00,23:29:10,stop_point:SP_619,Aucamville Collège,14
2290458,23:29:00,23:29:10,stop_point:SP_2651,Raudelauzette,15
2290458,23:30:00,23:30:10,stop_point:SP_455,Mariel,16
2290458,23:31:00,23:31:10,stop_point:SP_1577,Peyronnette,17
2290458,23:32:00,23:32:10,stop_point:SP_1718,St-Alban Ctre Cial,18
2290458,23:33:00,23:33:10,stop_point:SP_3784,Egalité,19
2290458,23:33:00,23:33:10,stop_point:SP_1557,Sables,20
2290458,23:34:00,23:34:10,stop_point:SP_641,Mairie St-Alban,21
2290458,23:35:00,23:35:10,stop_point:SP_2759,Ecole St-Alban,22
2290458,23:36:00,23:36:10,stop_point:SP_2178,Gafelaze,23
2290458,23:37:00,23:37:10,stop_point:SP_3651,St-Alban Salvador Allende,24
2290458,23:38:00,23:38:10,stop_point:SP_5169,Fenouillet Ctre Cial - Entrée Sud,25
2290458,23:39:00,23:39:10,stop_point:SP_5248,Fenouillet Ctre Cial - Entrée Nord,26
2290458,23:40:00,23:40:10,stop_point:SP_5247,Fenouillet Ctre Cial - Entrée Nord,27
2290459,23:50:00,23:50:10,stop_point:SP_1175,La Vache,1
2290459,23:52:00,23:52:10,stop_point:SP_327,Pader,2
2290459,23:52:00,23:52:10,stop_point:SP_3826,Le Grand Marché - Pont de La Vache,3
2290459,23:54:00,23:54:10,stop_point:SP_3721,Collège Rosa Parks,4
2290459,23:55:00,23:55:10,stop_point:SP_753,Riché Lalande,5
2290459,23:56:00,23:56:10,stop_point:SP_1880,Lapin,6
2290459,23:57:00,23:57:10,stop_point:SP_1995,Roubiéchou,7
2290459,23:58:00,23:58:10,stop_point:SP_1993,Lapparou,8
2290459,23:59:00,23:59:10,stop_point:SP_2419,Gaussen,9
2290459,24:00:00,24:00:10,stop_point:SP_1499,Salvy,10
2290459,24:00:00,24:00:10,stop_point:SP_445,Eglise Aucamville,11
2290459,24:01:00,24:01:10,stop_point:SP_3252,Mairie Aucamville,12
2290459,24:02:00,24:02:10,stop_point:SP_1128,Favasse,13
2290459,24:03:00,24:03:10,stop_point:SP_619,Aucamville Collège,14
2290459,24:03:00,24:03:10,stop_point:SP_2651,Raudelauzette,15
2290459,24:04:00,24:04:10,stop_point:SP_455,Mariel,16
2290459,24:05:00,24:05:10,stop_point:SP_1577,Peyronnette,17
2290459,24:06:00,24:06:10,stop_point:SP_1718,St-Alban Ctre Cial,18
2290459,24:07:00,24:07:10,stop_point:SP_3784,Egalité,19
2290459,24:07:00,24:07:10,stop_point:SP_1557,Sables,20
2290459,24:08:00,24:08:10,stop_point:SP_641,Mairie St-Alban,21
2290459,24:09:00,24:09:10,stop_point:SP_2759,Ecole St-Alban,22
2290459,24:10:00,24:10:10,stop_point:SP_2178,Gafelaze,23
2290459,24:11:00,24:11:10,stop_point:SP_3651,St-Alban Salvador Allende,24
2290459,24:12:00,24:12:10,stop_point:SP_5169,Fenouillet Ctre Cial - Entrée Sud,25
2290459,24:13:00,24:13:10,stop_point:SP_5248,Fenouillet Ctre Cial - Entrée Nord,26
2290459,24:14:00,24:14:10,stop_point:SP_5247,Fenouillet Ctre Cial - Entrée Nord,27
2290460,24:25:00,24:25:10,stop_point:SP_1175,La Vache,1
2290460,24:26:00,24:26:10,stop_point:SP_327,Pader,2
2290460,24:27:00,24:27:10,stop_point:SP_3826,Le Grand Marché - Pont de La Vache,3
2290460,24:28:00,24:28:10,stop_point:SP_3721,Collège Rosa Parks,4
2290460,24:29:00,24:29:10,stop_point:SP_753,Riché Lalande,5
2290460,24:30:00,24:30:10,stop_point:SP_1880,Lapin,6
2290460,24:31:00,24:31:10,stop_point:SP_1995,Roubiéchou,7
2290460,24:32:00,24:32:10,stop_point:SP_1993,Lapparou,8
2290460,24:33:00,24:33:10,stop_point:SP_2419,Gaussen,9
2290460,24:34:00,24:34:10,stop_point:SP_1499,Salvy,10
2290460,24:34:00,24:34:10,stop_point:SP_445,Eglise Aucamville,11
2290460,24:35:00,24:35:10,stop_point:SP_3252,Mairie Aucamville,12
2290460,24:36:00,24:36:10,stop_point:SP_1128,Favasse,13
2290460,24:37:00,24:37:10,stop_point:SP_619,Aucamville Collège,14
2290460,24:37:00,24:37:10,stop_point:SP_2651,Raudelauzette,15
2290460,24:38:00,24:38:10,stop_point:SP_455,Mariel,16
2290460,24:39:00,24:39:10,stop_point:SP_1577,Peyronnette,17
2290460,24:40:00,24:40:10,stop_point:SP_1718,St-Alban Ctre Cial,18
2290460,24:41:00,24:41:10,stop_point:SP_3784,Egalité,19
2290460,24:41:00,24:41:10,stop_point:SP_1557,Sables,20
2290460,24:42:00,24:42:10,stop_point:SP_641,Mairie St-Alban,21
2290460,24:43:00,24:43:10,stop_point:SP_2759,Ecole St-Alban,22
2290460,24:44:00,24:44:10,stop_point:SP_2178,Gafelaze,23
2290460,24:45:00,24:45:10,stop_point:SP_3651,St-Alban Salvador Allende,24
2290460,24:46:00,24:46:10,stop_point:SP_5169,Fenouillet Ctre Cial - Entrée Sud,25
2290460,24:47:00,24:47:10,stop_point:SP_5248,Fenouillet Ctre Cial - Entrée Nord,26
2290460,24:48:00,24:48:10,stop_point:SP_5247,Fenouillet Ctre Cial - Entrée Nord,27
2290461,06:20:00,06:20:10,stop_point:SP_5247,Fenouillet Ctre Cial - Entrée Nord,1
2290461,06:21:00,06:21:10,stop_point:SP_5168,Fenouillet Ctre Cial - Entrée Sud,2
2290461,06:22:00,06:22:10,stop_point:SP_243,St-Alban Salvador Allende,3
2290461,06:23:00,06:23:10,stop_point:SP_3753,Gafelaze,4
2290461,06:23:00,06:23:10,stop_point:SP_1547,Ecole St-Alban,5
2290461,06:24:00,06:24:10,stop_point:SP_3276,Mairie St-Alban,6
2290461,06:25:00,06:25:10,stop_point:SP_1989,Sables,7
2290461,06:25:00,06:25:10,stop_point:SP_1190,Egalité,8
2290461,06:27:00,06:27:10,stop_point:SP_219,St-Alban Ctre Cial,9
2290461,06:28:00,06:28:10,stop_point:SP_1370,Peyronnette,10
2290461,06:29:00,06:29:10,stop_point:SP_3053,Mariel,11
2290461,06:30:00,06:30:10,stop_point:SP_3516,Raudelauzette,12
2290461,06:30:00,06:30:10,stop_point:SP_1879,Aucamville Collège,13
2290461,06:31:00,06:31:10,stop_point:SP_175,Favasse,14
2290461,06:32:00,06:32:10,stop_point:SP_1760,Mairie Aucamville,15
2290461,06:33:00,06:33:10,stop_point:SP_2311,Eglise Aucamville,16
2290461,06:33:00,06:33:10,stop_point:SP_802,Salvy,17
2290461,06:34:00,06:34:10,stop_point:SP_2114,Gaussen,18
2290461,06:35:00,06:35:10,stop_point:SP_3810,Lapparou,19
2290461,06:36:00,06:36:10,stop_point:SP_507,Roubiéchou,20
2290461,06:37:00,06:37:10,stop_point:SP_3354,Lapin,21
2290461,06:38:00,06:38:10,stop_point:SP_2207,Riché Lalande,22
2290461,06:39:00,06:39:10,stop_point:SP_2270,Collège Rosa Parks,23
2290461,06:40:00,06:40:10,stop_point:SP_1526,Le Grand Marché - Pont de La Vache,24
2290461,06:40:00,06:40:10,stop_point:SP_97,Pader,25
2290461,06:41:00,06:41:10,stop_point:SP_1175,La Vache,26
2290462,06:55:00,06:55:10,stop_point:SP_5247,Fenouillet Ctre Cial - Entrée Nord,1
2290462,06:56:00,06:56:10,stop_point:SP_5168,Fenouillet Ctre Cial - Entrée Sud,2
2290462,06:57:00,06:57:10,stop_point:SP_243,St-Alban Salvador Allende,3
2290462,06:58:00,06:58:10,stop_point:SP_3753,Gafelaze,4
2290462,06:58:00,06:58:10,stop_point:SP_1547,Ecole St-Alban,5
2290462,06:59:00,06:59:10,stop_point:SP_3276,Mairie St-Alban,6
2290462,07:00:00,07:00:10,stop_point:SP_1989,Sables,7
2290462,07:00:00,07:00:10,stop_point:SP_1190,Egalité,8
2290462,07:02:00,07:02:10,stop_point:SP_219,St-Alban Ctre Cial,9
2290462,07:03:00,07:03:10,stop_point:SP_1370,Peyronnette,10
2290462,07:04:00,07:04:10,stop_point:SP_3053,Mariel,11
2290462,07:05:00,07:05:10,stop_point:SP_3516,Raudelauzette,12
2290462,07:05:00,07:05:10,stop_point:SP_1879,Aucamville Collège,13
2290462,07:06:00,07:06:10,stop_point:SP_175,Favasse,14
2290462,07:07:00,07:07:10,stop_point:SP_1760,Mairie Aucamville,15
2290462,07:08:00,07:08:10,stop_point:SP_2311,Eglise Aucamville,16
2290462,07:08:00,07:08:10,stop_point:SP_802,Salvy,17
2290462,07:09:00,07:09:10,stop_point:SP_2114,Gaussen,18
2290462,07:10:00,07:10:10,stop_point:SP_3810,Lapparou,19
2290462,07:11:00,07:11:10,stop_point:SP_507,Roubiéchou,20
2290462,07:12:00,07:12:10,stop_point:SP_3354,Lapin,21
2290462,07:13:00,07:13:10,stop_point:SP_2207,Riché Lalande,22
2290462,07:14:00,07:14:10,stop_point:SP_2270,Collège Rosa Parks,23
2290462,07:15:00,07:15:10,stop_point:SP_1526,Le Grand Marché - Pont de La Vache,24
2290462,07:15:00,07:15:10,stop_point:SP_97,Pader,25
2290462,07:16:00,07:16:10,stop_point:SP_1175,La Vache,26
2290463,07:30:00,07:30:10,stop_point:SP_5247,Fenouillet Ctre Cial - Entrée Nord,1
2290463,07:31:00,07:31:10,stop_point:SP_5168,Fenouillet Ctre Cial - Entrée Sud,2
2290463,07:32:00,07:32:10,stop_point:SP_243,St-Alban Salvador Allende,3
2290463,07:33:00,07:33:10,stop_point:SP_3753,Gafelaze,4
2290463,07:33:00,07:33:10,stop_point:SP_1547,Ecole St-Alban,5
2290463,07:34:00,07:34:10,stop_point:SP_3276,Mairie St-Alban,6
2290463,07:35:00,07:35:10,stop_point:SP_1989,Sables,7
2290463,07:35:00,07:35:10,stop_point:SP_1190,Egalité,8
2290463,07:37:00,07:37:10,stop_point:SP_219,St-Alban Ctre Cial,9
2290463,07:38:00,07:38:10,stop_point:SP_1370,Peyronnette,10
2290463,07:39:00,07:39:10,stop_point:SP_3053,Mariel,11
2290463,07:40:00,07:40:10,stop_point:SP_3516,Raudelauzette,12
2290463,07:40:00,07:40:10,stop_point:SP_1879,Aucamville Collège,13
2290463,07:41:00,07:41:10,stop_point:SP_175,Favasse,14
2290463,07:42:00,07:42:10,stop_point:SP_1760,Mairie Aucamville,15
2290463,07:43:00,07:43:10,stop_point:SP_2311,Eglise Aucamville,16
2290463,07:43:00,07:43:10,stop_point:SP_802,Salvy,17
2290463,07:44:00,07:44:10,stop_point:SP_2114,Gaussen,18
2290463,07:45:00,07:45:10,stop_point:SP_3810,Lapparou,19
2290463,07:46:00,07:46:10,stop_point:SP_507,Roubiéchou,20
2290463,07:47:00,07:47:10,stop_point:SP_3354,Lapin,21
2290463,07:48:00,07:48:10,stop_point:SP_2207,Riché Lalande,22
2290463,07:49:00,07:49:10,stop_point:SP_2270,Collège Rosa Parks,23
2290463,07:50:00,07:50:10,stop_point:SP_1526,Le Grand Marché - Pont de La Vache,24
2290463,07:50:00,07:50:10,stop_point:SP_97,Pader,25
2290463,07:51:00,07:51:10,stop_point:SP_1175,La Vache,26
2290464,08:00:00,08:00:10,stop_point:SP_5247,Fenouillet Ctre Cial - Entrée Nord,1
2290464,08:01:00,08:01:10,stop_point:SP_5168,Fenouillet Ctre Cial - Entrée Sud,2
2290464,08:02:00,08:02:10,stop_point:SP_243,St-Alban Salvador Allende,3
2290464,08:03:00,08:03:10,stop_point:SP_3753,Gafelaze,4
2290464,08:03:00,08:03:10,stop_point:SP_1547,Ecole St-Alban,5
2290464,08:04:00,08:04:10,stop_point:SP_3276,Mairie St-Alban,6
2290464,08:05:00,08:05:10,stop_point:SP_1989,Sables,7
2290464,08:05:00,08:05:10,stop_point:SP_1190,Egalité,8
2290464,08:07:00,08:07:10,stop_point:SP_219,St-Alban Ctre Cial,9
2290464,08:08:00,08:08:10,stop_point:SP_1370,Peyronnette,10
2290464,08:09:00,08:09:10,stop_point:SP_3053,Mariel,11
2290464,08:10:00,08:10:10,stop_point:SP_3516,Raudelauzette,12
2290464,08:10:00,08:10:10,stop_point:SP_1879,Aucamville Collège,13
2290464,08:11:00,08:11:10,stop_point:SP_175,Favasse,14
2290464,08:12:00,08:12:10,stop_point:SP_1760,Mairie Aucamville,15
2290464,08:13:00,08:13:10,stop_point:SP_2311,Eglise Aucamville,16
2290464,08:13:00,08:13:10,stop_point:SP_802,Salvy,17
2290464,08:14:00,08:14:10,stop_point:SP_2114,Gaussen,18
2290464,08:15:00,08:15:10,stop_point:SP_3810,Lapparou,19
2290464,08:16:00,08:16:10,stop_point:SP_507,Roubiéchou,20
2290464,08:17:00,08:17:10,stop_point:SP_3354,Lapin,21
2290464,08:18:00,08:18:10,stop_point:SP_2207,Riché Lalande,22
2290464,08:19:00,08:19:10,stop_point:SP_2270,Collège Rosa Parks,23
2290464,08:20:00,08:20:10,stop_point:SP_1526,Le Grand Marché - Pont de La Vache,24
2290464,08:20:00,08:20:10,stop_point:SP_97,Pader,25
2290464,08:21:00,08:21:10,stop_point:SP_1175,La Vache,26
2290465,08:30:00,08:30:10,stop_point:SP_5247,Fenouillet Ctre Cial - Entrée Nord,1
2290465,08:31:00,08:31:10,stop_point:SP_5168,Fenouillet Ctre Cial - Entrée Sud,2
2290465,08:32:00,08:32:10,stop_point:SP_243,St-Alban Salvador Allende,3
2290465,08:33:00,08:33:10,stop_point:SP_3753,Gafelaze,4
2290465,08:34:00,08:34:10,stop_point:SP_1547,Ecole St-Alban,5
2290465,08:35:00,08:35:10,stop_point:SP_3276,Mairie St-Alban,6
2290465,08:36:00,08:36:10,stop_point:SP_1989,Sables,7
2290465,08:36:00,08:36:10,stop_point:SP_1190,Egalité,8
2290465,08:38:00,08:38:10,stop_point:SP_219,St-Alban Ctre Cial,9
2290465,08:39:00,08:39:10,stop_point:SP_1370,Peyronnette,10
2290465,08:40:00,08:40:10,stop_point:SP_3053,Mariel,11
2290465,08:41:00,08:41:10,stop_point:SP_3516,Raudelauzette,12
2290465,08:42:00,08:42:10,stop_point:SP_1879,Aucamville Collège,13
2290465,08:43:00,08:43:10,stop_point:SP_175,Favasse,14
2290465,08:44:00,08:44:10,stop_point:SP_1760,Mairie Aucamville,15
2290465,08:45:00,08:45:10,stop_point:SP_2311,Eglise Aucamville,16
2290465,08:45:00,08:45:10,stop_point:SP_802,Salvy,17
2290465,08:46:00,08:46:10,stop_point:SP_2114,Gaussen,18
2290465,08:47:00,08:47:10,stop_point:SP_3810,Lapparou,19
2290465,08:48:00,08:48:10,stop_point:SP_507,Roubiéchou,20
2290465,08:49:00,08:49:10,stop_point:SP_3354,Lapin,21
2290465,08:50:00,08:50:10,stop_point:SP_2207,Riché Lalande,22
2290465,08:51:00,08:51:10,stop_point:SP_2270,Collège Rosa Parks,23
2290465,08:52:00,08:52:10,stop_point:SP_1526,Le Grand Marché - Pont de La Vache,24
2290465,08:52:00,08:52:10,stop_point:SP_97,Pader,25
2290465,08:53:00,08:53:10,stop_point:SP_1175,La Vache,26
2290466,09:00:00,09:00:10,stop_point:SP_5247,Fenouillet Ctre Cial - Entrée Nord,1
2290466,09:01:00,09:01:10,stop_point:SP_5168,Fenouillet Ctre Cial - Entrée Sud,2
2290466,09:02:00,09:02:10,stop_point:SP_243,St-Alban Salvador Allende,3
2290466,09:03:00,09:03:10,stop_point:SP_3753,Gafelaze,4
2290466,09:04:00,09:04:10,stop_point:SP_1547,Ecole St-Alban,5
2290466,09:05:00,09:05:10,stop_point:SP_3276,Mairie St-Alban,6
2290466,09:06:00,09:06:10,stop_point:SP_1989,Sables,7
2290466,09:06:00,09:06:10,stop_point:SP_1190,Egalité,8
2290466,09:08:00,09:08:10,stop_point:SP_219,St-Alban Ctre Cial,9
2290466,09:09:00,09:09:10,stop_point:SP_1370,Peyronnette,10
2290466,09:10:00,09:10:10,stop_point:SP_3053,Mariel,11
2290466,09:11:00,09:11:10,stop_point:SP_3516,Raudelauzette,12
2290466,09:12:00,09:12:10,stop_point:SP_1879,Aucamville Collège,13
2290466,09:13:00,09:13:10,stop_point:SP_175,Favasse,14
2290466,09:14:00,09:14:10,stop_point:SP_1760,Mairie Aucamville,15
2290466,09:15:00,09:15:10,stop_point:SP_2311,Eglise Aucamville,16
2290466,09:16:00,09:16:10,stop_point:SP_802,Salvy,17
2290466,09:17:00,09:17:10,stop_point:SP_2114,Gaussen,18
2290466,09:18:00,09:18:10,stop_point:SP_3810,Lapparou,19
2290466,09:19:00,09:19:10,stop_point:SP_507,Roubiéchou,20
2290466,09:21:00,09:21:10,stop_point:SP_3354,Lapin,21
2290466,09:22:00,09:22:10,stop_point:SP_2207,Riché Lalande,22
2290466,09:23:00,09:23:10,stop_point:SP_2270,Collège Rosa Parks,23
2290466,09:24:00,09:24:10,stop_point:SP_1526,Le Grand Marché - Pont de La Vache,24
2290466,09:25:00,09:25:10,stop_point:SP_97,Pader,25
2290466,09:26:00,09:26:10,stop_point:SP_1175,La Vache,26
2290467,09:30:00,09:30:10,stop_point:SP_5247,Fenouillet Ctre Cial - Entrée Nord,1
2290467,09:31:00,09:31:10,stop_point:SP_5168,Fenouillet Ctre Cial - Entrée Sud,2
2290467,09:32:00,09:32:10,stop_point:SP_243,St-Alban Salvador Allende,3
2290467,09:33:00,09:33:10,stop_point:SP_3753,Gafelaze,4
2290467,09:34:00,09:34:10,stop_point:SP_1547,Ecole St-Alban,5
2290467,09:35:00,09:35:10,stop_point:SP_3276,Mairie St-Alban,6
2290467,09:36:00,09:36:10,stop_point:SP_1989,Sables,7
2290467,09:36:00,09:36:10,stop_point:SP_1190,Egalité,8
2290467,09:38:00,09:38:10,stop_point:SP_219,St-Alban Ctre Cial,9
2290467,09:39:00,09:39:10,stop_point:SP_1370,Peyronnette,10
2290467,09:40:00,09:40:10,stop_point:SP_3053,Mariel,11
2290467,09:41:00,09:41:10,stop_point:SP_3516,Raudelauzette,12
2290467,09:42:00,09:42:10,stop_point:SP_1879,Aucamville Collège,13
2290467,09:43:00,09:43:10,stop_point:SP_175,Favasse,14
2290467,09:44:00,09:44:10,stop_point:SP_1760,Mairie Aucamville,15
2290467,09:45:00,09:45:10,stop_point:SP_2311,Eglise Aucamville,16
2290467,09:46:00,09:46:10,stop_point:SP_802,Salvy,17
2290467,09:47:00,09:47:10,stop_point:SP_2114,Gaussen,18
2290467,09:48:00,09:48:10,stop_point:SP_3810,Lapparou,19
2290467,09:49:00,09:49:10,stop_point:SP_507,Roubiéchou,20
2290467,09:51:00,09:51:10,stop_point:SP_3354,Lapin,21
2290467,09:52:00,09:52:10,stop_point:SP_2207,Riché Lalande,22
2290467,09:53:00,09:53:10,stop_point:SP_2270,Collège Rosa Parks,23
2290467,09:54:00,09:54:10,stop_point:SP_1526,Le Grand Marché - Pont de La Vache,24
2290467,09:55:00,09:55:10,stop_point:SP_97,Pader,25
2290467,09:56:00,09:56:10,stop_point:SP_1175,La Vache,26
2290468,10:00:00,10:00:10,stop_point:SP_5247,Fenouillet Ctre Cial - Entrée Nord,1
2290468,10:01:00,10:01:10,stop_point:SP_5168,Fenouillet Ctre Cial - Entrée Sud,2
2290468,10:02:00,10:02:10,stop_point:SP_243,St-Alban Salvador Allende,3
2290468,10:03:00,10:03:10,stop_point:SP_3753,Gafelaze,4
2290468,10:04:00,10:04:10,stop_point:SP_1547,Ecole St-Alban,5
2290468,10:05:00,10:05:10,stop_point:SP_3276,Mairie St-Alban,6
2290468,10:06:00,10:06:10,stop_point:SP_1989,Sables,7
2290468,10:06:00,10:06:10,stop_point:SP_1190,Egalité,8
2290468,10:08:00,10:08:10,stop_point:SP_219,St-Alban Ctre Cial,9
2290468,10:09:00,10:09:10,stop_point:SP_1370,Peyronnette,10
2290468,10:10:00,10:10:10,stop_point:SP_3053,Mariel,11
2290468,10:11:00,10:11:10,stop_point:SP_3516,Raudelauzette,12
2290468,10:12:00,10:12:10,stop_point:SP_1879,Aucamville Collège,13
2290468,10:13:00,10:13:10,stop_point:SP_175,Favasse,14
2290468,10:14:00,10:14:10,stop_point:SP_1760,Mairie Aucamville,15
2290468,10:15:00,10:15:10,stop_point:SP_2311,Eglise Aucamville,16
2290468,10:16:00,10:16:10,stop_point:SP_802,Salvy,17
2290468,10:17:00,10:17:10,stop_point:SP_2114,Gaussen,18
2290468,10:18:00,10:18:10,stop_point:SP_3810,Lapparou,19
2290468,10:19:00,10:19:10,stop_point:SP_507,Roubiéchou,20
2290468,10:21:00,10:21:10,stop_point:SP_3354,Lapin,21
2290468,10:22:00,10:22:10,stop_point:SP_2207,Riché Lalande,22
2290468,10:23:00,10:23:10,stop_point:SP_2270,Collège Rosa Parks,23
2290468,10:24:00,10:24:10,stop_point:SP_1526,Le Grand Marché - Pont de La Vache,24
2290468,10:25:00,10:25:10,stop_point:SP_97,Pader,25
2290468,10:26:00,10:26:10,stop_point:SP_1175,La Vache,26
2290469,10:30:00,10:30:10,stop_point:SP_5247,Fenouillet Ctre Cial - Entrée Nord,1
2290469,10:31:00,10:31:10,stop_point:SP_5168,Fenouillet Ctre Cial - Entrée Sud,2
2290469,10:32:00,10:32:10,stop_point:SP_243,St-Alban Salvador Allende,3
2290469,10:33:00,10:33:10,stop_point:SP_3753,Gafelaze,4
2290469,10:34:00,10:34:10,stop_point:SP_1547,Ecole St-Alban,5
2290469,10:35:00,10:35:10,stop_point:SP_3276,Mairie St-Alban,6
2290469,10:36:00,10:36:10,stop_point:SP_1989,Sables,7
2290469,10:36:00,10:36:10,stop_point:SP_1190,Egalité,8
2290469,10:38:00,10:38:10,stop_point:SP_219,St-Alban Ctre Cial,9
2290469,10:39:00,10:39:10,stop_point:SP_1370,Peyronnette,10
2290469,10:40:00,10:40:10,stop_point:SP_3053,Mariel,11
2290469,10:41:00,10:41:10,stop_point:SP_3516,Raudelauzette,12
2290469,10:42:00,10:42:10,stop_point:SP_1879,Aucamville Collège,13
2290469,10:43:00,10:43:10,stop_point:SP_175,Favasse,14
2290469,10:44:00,10:44:10,stop_point:SP_1760,Mairie Aucamville,15
2290469,10:45:00,10:45:10,stop_point:SP_2311,Eglise Aucamville,16
2290469,10:46:00,10:46:10,stop_point:SP_802,Salvy,17
2290469,10:47:00,10:47:10,stop_point:SP_2114,Gaussen,18
2290469,10:48:00,10:48:10,stop_point:SP_3810,Lapparou,19
2290469,10:49:00,10:49:10,stop_point:SP_507,Roubiéchou,20
2290469,10:51:00,10:51:10,stop_point:SP_3354,Lapin,21
2290469,10:52:00,10:52:10,stop_point:SP_2207,Riché Lalande,22
2290469,10:53:00,10:53:10,stop_point:SP_2270,Collège Rosa Parks,23
2290469,10:54:00,10:54:10,stop_point:SP_1526,Le Grand Marché - Pont de La Vache,24
2290469,10:55:00,10:55:10,stop_point:SP_97,Pader,25
2290469,10:56:00,10:56:10,stop_point:SP_1175,La Vache,26
2290470,11:00:00,11:00:10,stop_point:SP_5247,Fenouillet Ctre Cial - Entrée Nord,1
2290470,11:01:00,11:01:10,stop_point:SP_5168,Fenouillet Ctre Cial - Entrée Sud,2
2290470,11:02:00,11:02:10,stop_point:SP_243,St-Alban Salvador Allende,3
2290470,11:03:00,11:03:10,stop_point:SP_3753,Gafelaze,4
2290470,11:04:00,11:04:10,stop_point:SP_1547,Ecole St-Alban,5
2290470,11:05:00,11:05:10,stop_point:SP_3276,Mairie St-Alban,6
2290470,11:06:00,11:06:10,stop_point:SP_1989,Sables,7
2290470,11:06:00,11:06:10,stop_point:SP_1190,Egalité,8
2290470,11:08:00,11:08:10,stop_point:SP_219,St-Alban Ctre Cial,9
2290470,11:09:00,11:09:10,stop_point:SP_1370,Peyronnette,10
2290470,11:10:00,11:10:10,stop_point:SP_3053,Mariel,11
2290470,11:11:00,11:11:10,stop_point:SP_3516,Raudelauzette,12
2290470,11:12:00,11:12:10,stop_point:SP_1879,Aucamville Collège,13
2290470,11:13:00,11:13:10,stop_point:SP_175,Favasse,14
2290470,11:14:00,11:14:10,stop_point:SP_1760,Mairie Aucamville,15
2290470,11:15:00,11:15:10,stop_point:SP_2311,Eglise Aucamville,16
2290470,11:16:00,11:16:10,stop_point:SP_802,Salvy,17
2290470,11:17:00,11:17:10,stop_point:SP_2114,Gaussen,18
2290470,11:18:00,11:18:10,stop_point:SP_3810,Lapparou,19
2290470,11:19:00,11:19:10,stop_point:SP_507,Roubiéchou,20
2290470,11:21:00,11:21:10,stop_point:SP_3354,Lapin,21
2290470,11:22:00,11:22:10,stop_point:SP_2207,Riché Lalande,22
2290470,11:23:00,11:23:10,stop_point:SP_2270,Collège Rosa Parks,23
2290470,11:24:00,11:24:10,stop_point:SP_1526,Le Grand Marché - Pont de La Vache,24
2290470,11:25:00,11:25:10,stop_point:SP_97,Pader,25
2290470,11:26:00,11:26:10,stop_point:SP_1175,La Vache,26
2290471,11:30:00,11:30:10,stop_point:SP_5247,Fenouillet Ctre Cial - Entrée Nord,1
2290471,11:31:00,11:31:10,stop_point:SP_5168,Fenouillet Ctre Cial - Entrée Sud,2
2290471,11:32:00,11:32:10,stop_point:SP_243,St-Alban Salvador Allende,3
2290471,11:33:00,11:33:10,stop_point:SP_3753,Gafelaze,4
2290471,11:34:00,11:34:10,stop_point:SP_1547,Ecole St-Alban,5
2290471,11:35:00,11:35:10,stop_point:SP_3276,Mairie St-Alban,6
2290471,11:36:00,11:36:10,stop_point:SP_1989,Sables,7
2290471,11:36:00,11:36:10,stop_point:SP_1190,Egalité,8
2290471,11:38:00,11:38:10,stop_point:SP_219,St-Alban Ctre Cial,9
2290471,11:39:00,11:39:10,stop_point:SP_1370,Peyronnette,10
2290471,11:40:00,11:40:10,stop_point:SP_3053,Mariel,11
2290471,11:41:00,11:41:10,stop_point:SP_3516,Raudelauzette,12
2290471,11:42:00,11:42:10,stop_point:SP_1879,Aucamville Collège,13
2290471,11:43:00,11:43:10,stop_point:SP_175,Favasse,14
2290471,11:44:00,11:44:10,stop_point:SP_1760,Mairie Aucamville,15
2290471,11:45:00,11:45:10,stop_point:SP_2311,Eglise Aucamville,16
2290471,11:46:00,11:46:10,stop_point:SP_802,Salvy,17
2290471,11:47:00,11:47:10,stop_point:SP_2114,Gaussen,18
2290471,11:48:00,11:48:10,stop_point:SP_3810,Lapparou,19
2290471,11:49:00,11:49:10,stop_point:SP_507,Roubiéchou,20
2290471,11:51:00,11:51:10,stop_point:SP_3354,Lapin,21
2290471,11:52:00,11:52:10,stop_point:SP_2207,Riché Lalande,22
2290471,11:53:00,11:53:10,stop_point:SP_2270,Collège Rosa Parks,23
2290471,11:54:00,11:54:10,stop_point:SP_1526,Le Grand Marché - Pont de La Vache,24
2290471,11:55:00,11:55:10,stop_point:SP_97,Pader,25
2290471,11:56:00,11:56:10,stop_point:SP_1175,La Vache,26
2290472,12:00:00,12:00:10,stop_point:SP_5247,Fenouillet Ctre Cial - Entrée Nord,1
2290472,12:01:00,12:01:10,stop_point:SP_5168,Fenouillet Ctre Cial - Entrée Sud,2
2290472,12:02:00,12:02:10,stop_point:SP_243,St-Alban Salvador Allende,3
2290472,12:03:00,12:03:10,stop_point:SP_3753,Gafelaze,4
2290472,12:04:00,12:04:10,stop_point:SP_1547,Ecole St-Alban,5
2290472,12:05:00,12:05:10,stop_point:SP_3276,Mairie St-Alban,6
2290472,12:06:00,12:06:10,stop_point:SP_1989,Sables,7
2290472,12:06:00,12:06:10,stop_point:SP_1190,Egalité,8
2290472,12:08:00,12:08:10,stop_point:SP_219,St-Alban Ctre Cial,9
2290472,12:09:00,12:09:10,stop_point:SP_1370,Peyronnette,10
2290472,12:10:00,12:10:10,stop_point:SP_3053,Mariel,11
2290472,12:11:00,12:11:10,stop_point:SP_3516,Raudelauzette,12
2290472,12:12:00,12:12:10,stop_point:SP_1879,Aucamville Collège,13
2290472,12:13:00,12:13:10,stop_point:SP_175,Favasse,14
2290472,12:14:00,12:14:10,stop_point:SP_1760,Mairie Aucamville,15
2290472,12:15:00,12:15:10,stop_point:SP_2311,Eglise Aucamville,16
2290472,12:16:00,12:16:10,stop_point:SP_802,Salvy,17
2290472,12:17:00,12:17:10,stop_point:SP_2114,Gaussen,18
2290472,12:18:00,12:18:10,stop_point:SP_3810,Lapparou,19
2290472,12:19:00,12:19:10,stop_point:SP_507,Roubiéchou,20
2290472,12:21:00,12:21:10,stop_point:SP_3354,Lapin,21
2290472,12:22:00,12:22:10,stop_point:SP_2207,Riché Lalande,22
2290472,12:23:00,12:23:10,stop_point:SP_2270,Collège Rosa Parks,23
2290472,12:24:00,12:24:10,stop_point:SP_1526,Le Grand Marché - Pont de La Vache,24
2290472,12:25:00,12:25:10,stop_point:SP_97,Pader,25
2290472,12:26:00,12:26:10,stop_point:SP_1175,La Vache,26
2290473,12:30:00,12:30:10,stop_point:SP_5247,Fenouillet Ctre Cial - Entrée Nord,1
2290473,12:31:00,12:31:10,stop_point:SP_5168,Fenouillet Ctre Cial - Entrée Sud,2
2290473,12:32:00,12:32:10,stop_point:SP_243,St-Alban Salvador Allende,3
2290473,12:33:00,12:33:10,stop_point:SP_3753,Gafelaze,4
2290473,12:34:00,12:34:10,stop_point:SP_1547,Ecole St-Alban,5
2290473,12:35:00,12:35:10,stop_point:SP_3276,Mairie St-Alban,6
2290473,12:36:00,12:36:10,stop_point:SP_1989,Sables,7
2290473,12:36:00,12:36:10,stop_point:SP_1190,Egalité,8
2290473,12:38:00,12:38:10,stop_point:SP_219,St-Alban Ctre Cial,9
2290473,12:39:00,12:39:10,stop_point:SP_1370,Peyronnette,10
2290473,12:40:00,12:40:10,stop_point:SP_3053,Mariel,11
2290473,12:41:00,12:41:10,stop_point:SP_3516,Raudelauzette,12
2290473,12:42:00,12:42:10,stop_point:SP_1879,Aucamville Collège,13
2290473,12:43:00,12:43:10,stop_point:SP_175,Favasse,14
2290473,12:44:00,12:44:10,stop_point:SP_1760,Mairie Aucamville,15
2290473,12:45:00,12:45:10,stop_point:SP_2311,Eglise Aucamville,16
2290473,12:46:00,12:46:10,stop_point:SP_802,Salvy,17
2290473,12:47:00,12:47:10,stop_point:SP_2114,Gaussen,18
2290473,12:48:00,12:48:10,stop_point:SP_3810,Lapparou,19
2290473,12:49:00,12:49:10,stop_point:SP_507,Roubiéchou,20
2290473,12:51:00,12:51:10,stop_point:SP_3354,Lapin,21
2290473,12:52:00,12:52:10,stop_point:SP_2207,Riché Lalande,22
2290473,12:53:00,12:53:10,stop_point:SP_2270,Collège Rosa Parks,23
2290473,12:54:00,12:54:10,stop_point:SP_1526,Le Grand Marché - Pont de La Vache,24
2290473,12:55:00,12:55:10,stop_point:SP_97,Pader,25
2290473,12:56:00,12:56:10,stop_point:SP_1175,La Vache,26
2290474,13:00:00,13:00:10,stop_point:SP_5247,Fenouillet Ctre Cial - Entrée Nord,1
2290474,13:01:00,13:01:10,stop_point:SP_5168,Fenouillet Ctre Cial - Entrée Sud,2
2290474,13:02:00,13:02:10,stop_point:SP_243,St-Alban Salvador Allende,3
2290474,13:03:00,13:03:10,stop_point:SP_3753,Gafelaze,4
2290474,13:04:00,13:04:10,stop_point:SP_1547,Ecole St-Alban,5
2290474,13:05:00,13:05:10,stop_point:SP_3276,Mairie St-Alban,6
2290474,13:06:00,13:06:10,stop_point:SP_1989,Sables,7
2290474,13:06:00,13:06:10,stop_point:SP_1190,Egalité,8
2290474,13:08:00,13:08:10,stop_point:SP_219,St-Alban Ctre Cial,9
2290474,13:09:00,13:09:10,stop_point:SP_1370,Peyronnette,10
2290474,13:10:00,13:10:10,stop_point:SP_3053,Mariel,11
2290474,13:11:00,13:11:10,stop_point:SP_3516,Raudelauzette,12
2290474,13:12:00,13:12:10,stop_point:SP_1879,Aucamville Collège,13
2290474,13:13:00,13:13:10,stop_point:SP_175,Favasse,14
2290474,13:14:00,13:14:10,stop_point:SP_1760,Mairie Aucamville,15
2290474,13:15:00,13:15:10,stop_point:SP_2311,Eglise Aucamville,16
2290474,13:16:00,13:16:10,stop_point:SP_802,Salvy,17
2290474,13:17:00,13:17:10,stop_point:SP_2114,Gaussen,18
2290474,13:18:00,13:18:10,stop_point:SP_3810,Lapparou,19
2290474,13:19:00,13:19:10,stop_point:SP_507,Roubiéchou,20
2290474,13:21:00,13:21:10,stop_point:SP_3354,Lapin,21
2290474,13:22:00,13:22:10,stop_point:SP_2207,Riché Lalande,22
2290474,13:23:00,13:23:10,stop_point:SP_2270,Collège Rosa Parks,23
2290474,13:24:00,13:24:10,stop_point:SP_1526,Le Grand Marché - Pont de La Vache,24
2290474,13:25:00,13:25:10,stop_point:SP_97,Pader,25
2290474,13:26:00,13:26:10,stop_point:SP_1175,La Vache,26
2290475,13:30:00,13:30:10,stop_point:SP_5247,Fenouillet Ctre Cial - Entrée Nord,1
2290475,13:31:00,13:31:10,stop_point:SP_5168,Fenouillet Ctre Cial - Entrée Sud,2
2290475,13:32:00,13:32:10,stop_point:SP_243,St-Alban Salvador Allende,3
2290475,13:33:00,13:33:10,stop_point:SP_3753,Gafelaze,4
2290475,13:34:00,13:34:10,stop_point:SP_1547,Ecole St-Alban,5
2290475,13:35:00,13:35:10,stop_point:SP_3276,Mairie St-Alban,6
2290475,13:36:00,13:36:10,stop_point:SP_1989,Sables,7
2290475,13:36:00,13:36:10,stop_point:SP_1190,Egalité,8
2290475,13:38:00,13:38:10,stop_point:SP_219,St-Alban Ctre Cial,9
2290475,13:39:00,13:39:10,stop_point:SP_1370,Peyronnette,10
2290475,13:40:00,13:40:10,stop_point:SP_3053,Mariel,11
2290475,13:41:00,13:41:10,stop_point:SP_3516,Raudelauzette,12
2290475,13:42:00,13:42:10,stop_point:SP_1879,Aucamville Collège,13
2290475,13:43:00,13:43:10,stop_point:SP_175,Favasse,14
2290475,13:44:00,13:44:10,stop_point:SP_1760,Mairie Aucamville,15
2290475,13:45:00,13:45:10,stop_point:SP_2311,Eglise Aucamville,16
2290475,13:46:00,13:46:10,stop_point:SP_802,Salvy,17
2290475,13:47:00,13:47:10,stop_point:SP_2114,Gaussen,18
2290475,13:48:00,13:48:10,stop_point:SP_3810,Lapparou,19
2290475,13:49:00,13:49:10,stop_point:SP_507,Roubiéchou,20
2290475,13:51:00,13:51:10,stop_point:SP_3354,Lapin,21
2290475,13:52:00,13:52:10,stop_point:SP_2207,Riché Lalande,22
2290475,13:53:00,13:53:10,stop_point:SP_2270,Collège Rosa Parks,23
2290475,13:54:00,13:54:10,stop_point:SP_1526,Le Grand Marché - Pont de La Vache,24
2290475,13:55:00,13:55:10,stop_point:SP_97,Pader,25
2290475,13:56:00,13:56:10,stop_point:SP_1175,La Vache,26
2290476,14:00:00,14:00:10,stop_point:SP_5247,Fenouillet Ctre Cial - Entrée Nord,1
2290476,14:01:00,14:01:10,stop_point:SP_5168,Fenouillet Ctre Cial - Entrée Sud,2
2290476,14:02:00,14:02:10,stop_point:SP_243,St-Alban Salvador Allende,3
2290476,14:03:00,14:03:10,stop_point:SP_3753,Gafelaze,4
2290476,14:04:00,14:04:10,stop_point:SP_1547,Ecole St-Alban,5
2290476,14:05:00,14:05:10,stop_point:SP_3276,Mairie St-Alban,6
2290476,14:06:00,14:06:10,stop_point:SP_1989,Sables,7
2290476,14:06:00,14:06:10,stop_point:SP_1190,Egalité,8
2290476,14:08:00,14:08:10,stop_point:SP_219,St-Alban Ctre Cial,9
2290476,14:09:00,14:09:10,stop_point:SP_1370,Peyronnette,10
2290476,14:10:00,14:10:10,stop_point:SP_3053,Mariel,11
2290476,14:11:00,14:11:10,stop_point:SP_3516,Raudelauzette,12
2290476,14:12:00,14:12:10,stop_point:SP_1879,Aucamville Collège,13
2290476,14:13:00,14:13:10,stop_point:SP_175,Favasse,14
2290476,14:14:00,14:14:10,stop_point:SP_1760,Mairie Aucamville,15
2290476,14:15:00,14:15:10,stop_point:SP_2311,Eglise Aucamville,16
2290476,14:16:00,14:16:10,stop_point:SP_802,Salvy,17
2290476,14:17:00,14:17:10,stop_point:SP_2114,Gaussen,18
2290476,14:18:00,14:18:10,stop_point:SP_3810,Lapparou,19
2290476,14:19:00,14:19:10,stop_point:SP_507,Roubiéchou,20
2290476,14:21:00,14:21:10,stop_point:SP_3354,Lapin,21
2290476,14:22:00,14:22:10,stop_point:SP_2207,Riché Lalande,22
2290476,14:23:00,14:23:10,stop_point:SP_2270,Collège Rosa Parks,23
2290476,14:24:00,14:24:10,stop_point:SP_1526,Le Grand Marché - Pont de La Vache,24
2290476,14:25:00,14:25:10,stop_point:SP_97,Pader,25
2290476,14:26:00,14:26:10,stop_point:SP_1175,La Vache,26
2290477,14:30:00,14:30:10,stop_point:SP_5247,Fenouillet Ctre Cial - Entrée Nord,1
2290477,14:31:00,14:31:10,stop_point:SP_5168,Fenouillet Ctre Cial - Entrée Sud,2
2290477,14:32:00,14:32:10,stop_point:SP_243,St-Alban Salvador Allende,3
2290477,14:33:00,14:33:10,stop_point:SP_3753,Gafelaze,4
2290477,14:34:00,14:34:10,stop_point:SP_1547,Ecole St-Alban,5
2290477,14:35:00,14:35:10,stop_point:SP_3276,Mairie St-Alban,6
2290477,14:36:00,14:36:10,stop_point:SP_1989,Sables,7
2290477,14:36:00,14:36:10,stop_point:SP_1190,Egalité,8
2290477,14:38:00,14:38:10,stop_point:SP_219,St-Alban Ctre Cial,9
2290477,14:39:00,14:39:10,stop_point:SP_1370,Peyronnette,10
2290477,14:40:00,14:40:10,stop_point:SP_3053,Mariel,11
2290477,14:41:00,14:41:10,stop_point:SP_3516,Raudelauzette,12
2290477,14:42:00,14:42:10,stop_point:SP_1879,Aucamville Collège,13
2290477,14:43:00,14:43:10,stop_point:SP_175,Favasse,14
2290477,14:44:00,14:44:10,stop_point:SP_1760,Mairie Aucamville,15
2290477,14:45:00,14:45:10,stop_point:SP_2311,Eglise Aucamville,16
2290477,14:46:00,14:46:10,stop_point:SP_802,Salvy,17
2290477,14:47:00,14:47:10,stop_point:SP_2114,Gaussen,18
2290477,14:48:00,14:48:10,stop_point:SP_3810,Lapparou,19
2290477,14:49:00,14:49:10,stop_point:SP_507,Roubiéchou,20
2290477,14:51:00,14:51:10,stop_point:SP_3354,Lapin,21
2290477,14:52:00,14:52:10,stop_point:SP_2207,Riché Lalande,22
2290477,14:53:00,14:53:10,stop_point:SP_2270,Collège Rosa Parks,23
2290477,14:54:00,14:54:10,stop_point:SP_1526,Le Grand Marché - Pont de La Vache,24
2290477,14:55:00,14:55:10,stop_point:SP_97,Pader,25
2290477,14:56:00,14:56:10,stop_point:SP_1175,La Vache,26
2290478,15:00:00,15:00:10,stop_point:SP_5247,Fenouillet Ctre Cial - Entrée Nord,1
2290478,15:01:00,15:01:10,stop_point:SP_5168,Fenouillet Ctre Cial - Entrée Sud,2
2290478,15:02:00,15:02:10,stop_point:SP_243,St-Alban Salvador Allende,3
2290478,15:03:00,15:03:10,stop_point:SP_3753,Gafelaze,4
2290478,15:04:00,15:04:10,stop_point:SP_1547,Ecole St-Alban,5
2290478,15:05:00,15:05:10,stop_point:SP_3276,Mairie St-Alban,6
2290478,15:06:00,15:06:10,stop_point:SP_1989,Sables,7
2290478,15:06:00,15:06:10,stop_point:SP_1190,Egalité,8
2290478,15:08:00,15:08:10,stop_point:SP_219,St-Alban Ctre Cial,9
2290478,15:09:00,15:09:10,stop_point:SP_1370,Peyronnette,10
2290478,15:10:00,15:10:10,stop_point:SP_3053,Mariel,11
2290478,15:11:00,15:11:10,stop_point:SP_3516,Raudelauzette,12
2290478,15:12:00,15:12:10,stop_point:SP_1879,Aucamville Collège,13
2290478,15:13:00,15:13:10,stop_point:SP_175,Favasse,14
2290478,15:14:00,15:14:10,stop_point:SP_1760,Mairie Aucamville,15
2290478,15:15:00,15:15:10,stop_point:SP_2311,Eglise Aucamville,16
2290478,15:16:00,15:16:10,stop_point:SP_802,Salvy,17
2290478,15:17:00,15:17:10,stop_point:SP_2114,Gaussen,18
2290478,15:18:00,15:18:10,stop_point:SP_3810,Lapparou,19
2290478,15:19:00,15:19:10,stop_point:SP_507,Roubiéchou,20
2290478,15:21:00,15:21:10,stop_point:SP_3354,Lapin,21
2290478,15:22:00,15:22:10,stop_point:SP_2207,Riché Lalande,22
2290478,15:23:00,15:23:10,stop_point:SP_2270,Collège Rosa Parks,23
2290478,15:24:00,15:24:10,stop_point:SP_1526,Le Grand Marché - Pont de La Vache,24
2290478,15:25:00,15:25:10,stop_point:SP_97,Pader,25
2290478,15:26:00,15:26:10,stop_point:SP_1175,La Vache,26
2290479,15:30:00,15:30:10,stop_point:SP_5247,Fenouillet Ctre Cial - Entrée Nord,1
2290479,15:31:00,15:31:10,stop_point:SP_5168,Fenouillet Ctre Cial - Entrée Sud,2
2290479,15:32:00,15:32:10,stop_point:SP_243,St-Alban Salvador Allende,3
2290479,15:33:00,15:33:10,stop_point:SP_3753,Gafelaze,4
2290479,15:34:00,15:34:10,stop_point:SP_1547,Ecole St-Alban,5
2290479,15:35:00,15:35:10,stop_point:SP_3276,Mairie St-Alban,6
2290479,15:36:00,15:36:10,stop_point:SP_1989,Sables,7
2290479,15:36:00,15:36:10,stop_point:SP_1190,Egalité,8
2290479,15:38:00,15:38:10,stop_point:SP_219,St-Alban Ctre Cial,9
2290479,15:39:00,15:39:10,stop_point:SP_1370,Peyronnette,10
2290479,15:40:00,15:40:10,stop_point:SP_3053,Mariel,11
2290479,15:41:00,15:41:10,stop_point:SP_3516,Raudelauzette,12
2290479,15:42:00,15:42:10,stop_point:SP_1879,Aucamville Collège,13
2290479,15:43:00,15:43:10,stop_point:SP_175,Favasse,14
2290479,15:44:00,15:44:10,stop_point:SP_1760,Mairie Aucamville,15
2290479,15:45:00,15:45:10,stop_point:SP_2311,Eglise Aucamville,16
2290479,15:46:00,15:46:10,stop_point:SP_802,Salvy,17
2290479,15:47:00,15:47:10,stop_point:SP_2114,Gaussen,18
2290479,15:48:00,15:48:10,stop_point:SP_3810,Lapparou,19
2290479,15:49:00,15:49:10,stop_point:SP_507,Roubiéchou,20
2290479,15:51:00,15:51:10,stop_point:SP_3354,Lapin,21
2290479,15:52:00,15:52:10,stop_point:SP_2207,Riché Lalande,22
2290479,15:53:00,15:53:10,stop_point:SP_2270,Collège Rosa Parks,23
2290479,15:54:00,15:54:10,stop_point:SP_1526,Le Grand Marché - Pont de La Vache,24
2290479,15:55:00,15:55:10,stop_point:SP_97,Pader,25
2290479,15:56:00,15:56:10,stop_point:SP_1175,La Vache,26
2290480,16:00:00,16:00:10,stop_point:SP_5247,Fenouillet Ctre Cial - Entrée Nord,1
2290480,16:01:00,16:01:10,stop_point:SP_5168,Fenouillet Ctre Cial - Entrée Sud,2
2290480,16:02:00,16:02:10,stop_point:SP_243,St-Alban Salvador Allende,3
2290480,16:03:00,16:03:10,stop_point:SP_3753,Gafelaze,4
2290480,16:04:00,16:04:10,stop_point:SP_1547,Ecole St-Alban,5
2290480,16:05:00,16:05:10,stop_point:SP_3276,Mairie St-Alban,6
2290480,16:06:00,16:06:10,stop_point:SP_1989,Sables,7
2290480,16:06:00,16:06:10,stop_point:SP_1190,Egalité,8
2290480,16:08:00,16:08:10,stop_point:SP_219,St-Alban Ctre Cial,9
2290480,16:09:00,16:09:10,stop_point:SP_1370,Peyronnette,10
2290480,16:10:00,16:10:10,stop_point:SP_3053,Mariel,11
2290480,16:11:00,16:11:10,stop_point:SP_3516,Raudelauzette,12
2290480,16:12:00,16:12:10,stop_point:SP_1879,Aucamville Collège,13
2290480,16:13:00,16:13:10,stop_point:SP_175,Favasse,14
2290480,16:14:00,16:14:10,stop_point:SP_1760,Mairie Aucamville,15
2290480,16:15:00,16:15:10,stop_point:SP_2311,Eglise Aucamville,16
2290480,16:16:00,16:16:10,stop_point:SP_802,Salvy,17
2290480,16:17:00,16:17:10,stop_point:SP_2114,Gaussen,18
2290480,16:18:00,16:18:10,stop_point:SP_3810,Lapparou,19
2290480,16:19:00,16:19:10,stop_point:SP_507,Roubiéchou,20
2290480,16:21:00,16:21:10,stop_point:SP_3354,Lapin,21
2290480,16:22:00,16:22:10,stop_point:SP_2207,Riché Lalande,22
2290480,16:23:00,16:23:10,stop_point:SP_2270,Collège Rosa Parks,23
2290480,16:24:00,16:24:10,stop_point:SP_1526,Le Grand Marché - Pont de La Vache,24
2290480,16:25:00,16:25:10,stop_point:SP_97,Pader,25
2290480,16:26:00,16:26:10,stop_point:SP_1175,La Vache,26
2290481,16:30:00,16:30:10,stop_point:SP_5247,Fenouillet Ctre Cial - Entrée Nord,1
2290481,16:31:00,16:31:10,stop_point:SP_5168,Fenouillet Ctre Cial - Entrée Sud,2
2290481,16:32:00,16:32:10,stop_point:SP_243,St-Alban Salvador Allende,3
2290481,16:33:00,16:33:10,stop_point:SP_3753,Gafelaze,4
2290481,16:34:00,16:34:10,stop_point:SP_1547,Ecole St-Alban,5
2290481,16:35:00,16:35:10,stop_point:SP_3276,Mairie St-Alban,6
2290481,16:36:00,16:36:10,stop_point:SP_1989,Sables,7
2290481,16:36:00,16:36:10,stop_point:SP_1190,Egalité,8
2290481,16:38:00,16:38:10,stop_point:SP_219,St-Alban Ctre Cial,9
2290481,16:39:00,16:39:10,stop_point:SP_1370,Peyronnette,10
2290481,16:40:00,16:40:10,stop_point:SP_3053,Mariel,11
2290481,16:41:00,16:41:10,stop_point:SP_3516,Raudelauzette,12
2290481,16:42:00,16:42:10,stop_point:SP_1879,Aucamville Collège,13
2290481,16:43:00,16:43:10,stop_point:SP_175,Favasse,14
2290481,16:44:00,16:44:10,stop_point:SP_1760,Mairie Aucamville,15
2290481,16:45:00,16:45:10,stop_point:SP_2311,Eglise Aucamville,16
2290481,16:46:00,16:46:10,stop_point:SP_802,Salvy,17
2290481,16:47:00,16:47:10,stop_point:SP_2114,Gaussen,18
2290481,16:48:00,16:48:10,stop_point:SP_3810,Lapparou,19
2290481,16:49:00,16:49:10,stop_point:SP_507,Roubiéchou,20
2290481,16:51:00,16:51:10,stop_point:SP_3354,Lapin,21
2290481,16:52:00,16:52:10,stop_point:SP_2207,Riché Lalande,22
2290481,16:53:00,16:53:10,stop_point:SP_2270,Collège Rosa Parks,23
2290481,16:54:00,16:54:10,stop_point:SP_1526,Le Grand Marché - Pont de La Vache,24
2290481,16:55:00,16:55:10,stop_point:SP_97,Pader,25
2290481,16:56:00,16:56:10,stop_point:SP_1175,La Vache,26
2290482,17:00:00,17:00:10,stop_point:SP_5247,Fenouillet Ctre Cial - Entrée Nord,1
2290482,17:01:00,17:01:10,stop_point:SP_5168,Fenouillet Ctre Cial - Entrée Sud,2
2290482,17:02:00,17:02:10,stop_point:SP_243,St-Alban Salvador Allende,3
2290482,17:03:00,17:03:10,stop_point:SP_3753,Gafelaze,4
2290482,17:04:00,17:04:10,stop_point:SP_1547,Ecole St-Alban,5
2290482,17:05:00,17:05:10,stop_point:SP_3276,Mairie St-Alban,6
2290482,17:06:00,17:06:10,stop_point:SP_1989,Sables,7
2290482,17:06:00,17:06:10,stop_point:SP_1190,Egalité,8
2290482,17:08:00,17:08:10,stop_point:SP_219,St-Alban Ctre Cial,9
2290482,17:09:00,17:09:10,stop_point:SP_1370,Peyronnette,10
2290482,17:10:00,17:10:10,stop_point:SP_3053,Mariel,11
2290482,17:11:00,17:11:10,stop_point:SP_3516,Raudelauzette,12
2290482,17:12:00,17:12:10,stop_point:SP_1879,Aucamville Collège,13
2290482,17:13:00,17:13:10,stop_point:SP_175,Favasse,14
2290482,17:14:00,17:14:10,stop_point:SP_1760,Mairie Aucamville,15
2290482,17:15:00,17:15:10,stop_point:SP_2311,Eglise Aucamville,16
2290482,17:16:00,17:16:10,stop_point:SP_802,Salvy,17
2290482,17:17:00,17:17:10,stop_point:SP_2114,Gaussen,18
2290482,17:18:00,17:18:10,stop_point:SP_3810,Lapparou,19
2290482,17:19:00,17:19:10,stop_point:SP_507,Roubiéchou,20
2290482,17:21:00,17:21:10,stop_point:SP_3354,Lapin,21
2290482,17:22:00,17:22:10,stop_point:SP_2207,Riché Lalande,22
2290482,17:23:00,17:23:10,stop_point:SP_2270,Collège Rosa Parks,23
2290482,17:24:00,17:24:10,stop_point:SP_1526,Le Grand Marché - Pont de La Vache,24
2290482,17:25:00,17:25:10,stop_point:SP_97,Pader,25
2290482,17:26:00,17:26:10,stop_point:SP_1175,La Vache,26
2290483,17:30:00,17:30:10,stop_point:SP_5247,Fenouillet Ctre Cial - Entrée Nord,1
2290483,17:31:00,17:31:10,stop_point:SP_5168,Fenouillet Ctre Cial - Entrée Sud,2
2290483,17:32:00,17:32:10,stop_point:SP_243,St-Alban Salvador Allende,3
2290483,17:33:00,17:33:10,stop_point:SP_3753,Gafelaze,4
2290483,17:34:00,17:34:10,stop_point:SP_1547,Ecole St-Alban,5
2290483,17:35:00,17:35:10,stop_point:SP_3276,Mairie St-Alban,6
2290483,17:36:00,17:36:10,stop_point:SP_1989,Sables,7
2290483,17:36:00,17:36:10,stop_point:SP_1190,Egalité,8
2290483,17:38:00,17:38:10,stop_point:SP_219,St-Alban Ctre Cial,9
2290483,17:39:00,17:39:10,stop_point:SP_1370,Peyronnette,10
2290483,17:40:00,17:40:10,stop_point:SP_3053,Mariel,11
2290483,17:41:00,17:41:10,stop_point:SP_3516,Raudelauzette,12
2290483,17:42:00,17:42:10,stop_point:SP_1879,Aucamville Collège,13
2290483,17:43:00,17:43:10,stop_point:SP_175,Favasse,14
2290483,17:44:00,17:44:10,stop_point:SP_1760,Mairie Aucamville,15
2290483,17:45:00,17:45:10,stop_point:SP_2311,Eglise Aucamville,16
2290483,17:46:00,17:46:10,stop_point:SP_802,Salvy,17
2290483,17:47:00,17:47:10,stop_point:SP_2114,Gaussen,18
2290483,17:48:00,17:48:10,stop_point:SP_3810,Lapparou,19
2290483,17:49:00,17:49:10,stop_point:SP_507,Roubiéchou,20
2290483,17:51:00,17:51:10,stop_point:SP_3354,Lapin,21
2290483,17:52:00,17:52:10,stop_point:SP_2207,Riché Lalande,22
2290483,17:53:00,17:53:10,stop_point:SP_2270,Collège Rosa Parks,23
2290483,17:54:00,17:54:10,stop_point:SP_1526,Le Grand Marché - Pont de La Vache,24
2290483,17:55:00,17:55:10,stop_point:SP_97,Pader,25
2290483,17:56:00,17:56:10,stop_point:SP_1175,La Vache,26
2290484,18:00:00,18:00:10,stop_point:SP_5247,Fenouillet Ctre Cial - Entrée Nord,1
2290484,18:01:00,18:01:10,stop_point:SP_5168,Fenouillet Ctre Cial - Entrée Sud,2
2290484,18:02:00,18:02:10,stop_point:SP_243,St-Alban Salvador Allende,3
2290484,18:03:00,18:03:10,stop_point:SP_3753,Gafelaze,4
2290484,18:04:00,18:04:10,stop_point:SP_1547,Ecole St-Alban,5
2290484,18:05:00,18:05:10,stop_point:SP_3276,Mairie St-Alban,6
2290484,18:06:00,18:06:10,stop_point:SP_1989,Sables,7
2290484,18:06:00,18:06:10,stop_point:SP_1190,Egalité,8
2290484,18:08:00,18:08:10,stop_point:SP_219,St-Alban Ctre Cial,9
2290484,18:09:00,18:09:10,stop_point:SP_1370,Peyronnette,10
2290484,18:10:00,18:10:10,stop_point:SP_3053,Mariel,11
2290484,18:11:00,18:11:10,stop_point:SP_3516,Raudelauzette,12
2290484,18:12:00,18:12:10,stop_point:SP_1879,Aucamville Collège,13
2290484,18:13:00,18:13:10,stop_point:SP_175,Favasse,14
2290484,18:14:00,18:14:10,stop_point:SP_1760,Mairie Aucamville,15
2290484,18:15:00,18:15:10,stop_point:SP_2311,Eglise Aucamville,16
2290484,18:16:00,18:16:10,stop_point:SP_802,Salvy,17
2290484,18:17:00,18:17:10,stop_point:SP_2114,Gaussen,18
2290484,18:18:00,18:18:10,stop_point:SP_3810,Lapparou,19
2290484,18:19:00,18:19:10,stop_point:SP_507,Roubiéchou,20
2290484,18:21:00,18:21:10,stop_point:SP_3354,Lapin,21
2290484,18:22:00,18:22:10,stop_point:SP_2207,Riché Lalande,22
2290484,18:23:00,18:23:10,stop_point:SP_2270,Collège Rosa Parks,23
2290484,18:24:00,18:24:10,stop_point:SP_1526,Le Grand Marché - Pont de La Vache,24
2290484,18:25:00,18:25:10,stop_point:SP_97,Pader,25
2290484,18:26:00,18:26:10,stop_point:SP_1175,La Vache,26
2290485,18:30:00,18:30:10,stop_point:SP_5247,Fenouillet Ctre Cial - Entrée Nord,1
2290485,18:31:00,18:31:10,stop_point:SP_5168,Fenouillet Ctre Cial - Entrée Sud,2
2290485,18:32:00,18:32:10,stop_point:SP_243,St-Alban Salvador Allende,3
2290485,18:33:00,18:33:10,stop_point:SP_3753,Gafelaze,4
2290485,18:34:00,18:34:10,stop_point:SP_1547,Ecole St-Alban,5
2290485,18:35:00,18:35:10,stop_point:SP_3276,Mairie St-Alban,6
2290485,18:36:00,18:36:10,stop_point:SP_1989,Sables,7
2290485,18:36:00,18:36:10,stop_point:SP_1190,Egalité,8
2290485,18:38:00,18:38:10,stop_point:SP_219,St-Alban Ctre Cial,9
2290485,18:39:00,18:39:10,stop_point:SP_1370,Peyronnette,10
2290485,18:40:00,18:40:10,stop_point:SP_3053,Mariel,11
2290485,18:41:00,18:41:10,stop_point:SP_3516,Raudelauzette,12
2290485,18:42:00,18:42:10,stop_point:SP_1879,Aucamville Collège,13
2290485,18:43:00,18:43:10,stop_point:SP_175,Favasse,14
2290485,18:44:00,18:44:10,stop_point:SP_1760,Mairie Aucamville,15
2290485,18:45:00,18:45:10,stop_point:SP_2311,Eglise Aucamville,16
2290485,18:46:00,18:46:10,stop_point:SP_802,Salvy,17
2290485,18:47:00,18:47:10,stop_point:SP_2114,Gaussen,18
2290485,18:48:00,18:48:10,stop_point:SP_3810,Lapparou,19
2290485,18:49:00,18:49:10,stop_point:SP_507,Roubiéchou,20
2290485,18:51:00,18:51:10,stop_point:SP_3354,Lapin,21
2290485,18:52:00,18:52:10,stop_point:SP_2207,Riché Lalande,22
2290485,18:53:00,18:53:10,stop_point:SP_2270,Collège Rosa Parks,23
2290485,18:54:00,18:54:10,stop_point:SP_1526,Le Grand Marché - Pont de La Vache,24
2290485,18:55:00,18:55:10,stop_point:SP_97,Pader,25
2290485,18:56:00,18:56:10,stop_point:SP_1175,La Vache,26
2290486,18:59:00,18:59:10,stop_point:SP_5247,Fenouillet Ctre Cial - Entrée Nord,1
2290486,19:00:00,19:00:10,stop_point:SP_5168,Fenouillet Ctre Cial - Entrée Sud,2
2290486,19:01:00,19:01:10,stop_point:SP_243,St-Alban Salvador Allende,3
2290486,19:02:00,19:02:10,stop_point:SP_3753,Gafelaze,4
2290486,19:03:00,19:03:10,stop_point:SP_1547,Ecole St-Alban,5
2290486,19:04:00,19:04:10,stop_point:SP_3276,Mairie St-Alban,6
2290486,19:05:00,19:05:10,stop_point:SP_1989,Sables,7
2290486,19:05:00,19:05:10,stop_point:SP_1190,Egalité,8
2290486,19:07:00,19:07:10,stop_point:SP_219,St-Alban Ctre Cial,9
2290486,19:08:00,19:08:10,stop_point:SP_1370,Peyronnette,10
2290486,19:09:00,19:09:10,stop_point:SP_3053,Mariel,11
2290486,19:10:00,19:10:10,stop_point:SP_3516,Raudelauzette,12
2290486,19:11:00,19:11:10,stop_point:SP_1879,Aucamville Collège,13
2290486,19:12:00,19:12:10,stop_point:SP_175,Favasse,14
2290486,19:13:00,19:13:10,stop_point:SP_1760,Mairie Aucamville,15
2290486,19:14:00,19:14:10,stop_point:SP_2311,Eglise Aucamville,16
2290486,19:15:00,19:15:10,stop_point:SP_802,Salvy,17
2290486,19:16:00,19:16:10,stop_point:SP_2114,Gaussen,18
2290486,19:17:00,19:17:10,stop_point:SP_3810,Lapparou,19
2290486,19:18:00,19:18:10,stop_point:SP_507,Roubiéchou,20
2290486,19:20:00,19:20:10,stop_point:SP_3354,Lapin,21
2290486,19:21:00,19:21:10,stop_point:SP_2207,Riché Lalande,22
2290486,19:22:00,19:22:10,stop_point:SP_2270,Collège Rosa Parks,23
2290486,19:23:00,19:23:10,stop_point:SP_1526,Le Grand Marché - Pont de La Vache,24
2290486,19:24:00,19:24:10,stop_point:SP_97,Pader,25
2290486,19:25:00,19:25:10,stop_point:SP_1175,La Vache,26
2290487,19:29:00,19:29:10,stop_point:SP_5247,Fenouillet Ctre Cial - Entrée Nord,1
2290487,19:30:00,19:30:10,stop_point:SP_5168,Fenouillet Ctre Cial - Entrée Sud,2
2290487,19:31:00,19:31:10,stop_point:SP_243,St-Alban Salvador Allende,3
2290487,19:32:00,19:32:10,stop_point:SP_3753,Gafelaze,4
2290487,19:33:00,19:33:10,stop_point:SP_1547,Ecole St-Alban,5
2290487,19:34:00,19:34:10,stop_point:SP_3276,Mairie St-Alban,6
2290487,19:35:00,19:35:10,stop_point:SP_1989,Sables,7
2290487,19:35:00,19:35:10,stop_point:SP_1190,Egalité,8
2290487,19:37:00,19:37:10,stop_point:SP_219,St-Alban Ctre Cial,9
2290487,19:38:00,19:38:10,stop_point:SP_1370,Peyronnette,10
2290487,19:39:00,19:39:10,stop_point:SP_3053,Mariel,11
2290487,19:40:00,19:40:10,stop_point:SP_3516,Raudelauzette,12
2290487,19:41:00,19:41:10,stop_point:SP_1879,Aucamville Collège,13
2290487,19:42:00,19:42:10,stop_point:SP_175,Favasse,14
2290487,19:43:00,19:43:10,stop_point:SP_1760,Mairie Aucamville,15
2290487,19:44:00,19:44:10,stop_point:SP_2311,Eglise Aucamville,16
2290487,19:45:00,19:45:10,stop_point:SP_802,Salvy,17
2290487,19:46:00,19:46:10,stop_point:SP_2114,Gaussen,18
2290487,19:47:00,19:47:10,stop_point:SP_3810,Lapparou,19
2290487,19:48:00,19:48:10,stop_point:SP_507,Roubiéchou,20
2290487,19:50:00,19:50:10,stop_point:SP_3354,Lapin,21
2290487,19:51:00,19:51:10,stop_point:SP_2207,Riché Lalande,22
2290487,19:52:00,19:52:10,stop_point:SP_2270,Collège Rosa Parks,23
2290487,19:53:00,19:53:10,stop_point:SP_1526,Le Grand Marché - Pont de La Vache,24
2290487,19:54:00,19:54:10,stop_point:SP_97,Pader,25
2290487,19:55:00,19:55:10,stop_point:SP_1175,La Vache,26
2290488,20:00:00,20:00:10,stop_point:SP_5247,Fenouillet Ctre Cial - Entrée Nord,1
2290488,20:01:00,20:01:10,stop_point:SP_5168,Fenouillet Ctre Cial - Entrée Sud,2
2290488,20:02:00,20:02:10,stop_point:SP_243,St-Alban Salvador Allende,3
2290488,20:03:00,20:03:10,stop_point:SP_3753,Gafelaze,4
2290488,20:04:00,20:04:10,stop_point:SP_1547,Ecole St-Alban,5
2290488,20:05:00,20:05:10,stop_point:SP_3276,Mairie St-Alban,6
2290488,20:06:00,20:06:10,stop_point:SP_1989,Sables,7
2290488,20:06:00,20:06:10,stop_point:SP_1190,Egalité,8
2290488,20:08:00,20:08:10,stop_point:SP_219,St-Alban Ctre Cial,9
2290488,20:09:00,20:09:10,stop_point:SP_1370,Peyronnette,10
2290488,20:10:00,20:10:10,stop_point:SP_3053,Mariel,11
2290488,20:11:00,20:11:10,stop_point:SP_3516,Raudelauzette,12
2290488,20:11:00,20:11:10,stop_point:SP_1879,Aucamville Collège,13
2290488,20:12:00,20:12:10,stop_point:SP_175,Favasse,14
2290488,20:13:00,20:13:10,stop_point:SP_1760,Mairie Aucamville,15
2290488,20:14:00,20:14:10,stop_point:SP_2311,Eglise Aucamville,16
2290488,20:15:00,20:15:10,stop_point:SP_802,Salvy,17
2290488,20:16:00,20:16:10,stop_point:SP_2114,Gaussen,18
2290488,20:17:00,20:17:10,stop_point:SP_3810,Lapparou,19
2290488,20:18:00,20:18:10,stop_point:SP_507,Roubiéchou,20
2290488,20:19:00,20:19:10,stop_point:SP_3354,Lapin,21
2290488,20:20:00,20:20:10,stop_point:SP_2207,Riché Lalande,22
2290488,20:21:00,20:21:10,stop_point:SP_2270,Collège Rosa Parks,23
2290488,20:22:00,20:22:10,stop_point:SP_1526,Le Grand Marché - Pont de La Vache,24
2290488,20:23:00,20:23:10,stop_point:SP_97,Pader,25
2290488,20:24:00,20:24:10,stop_point:SP_1175,La Vache,26
2290489,20:30:00,20:30:10,stop_point:SP_5247,Fenouillet Ctre Cial - Entrée Nord,1
2290489,20:31:00,20:31:10,stop_point:SP_5168,Fenouillet Ctre Cial - Entrée Sud,2
2290489,20:32:00,20:32:10,stop_point:SP_243,St-Alban Salvador Allende,3
2290489,20:33:00,20:33:10,stop_point:SP_3753,Gafelaze,4
2290489,20:34:00,20:34:10,stop_point:SP_1547,Ecole St-Alban,5
2290489,20:35:00,20:35:10,stop_point:SP_3276,Mairie St-Alban,6
2290489,20:36:00,20:36:10,stop_point:SP_1989,Sables,7
2290489,20:36:00,20:36:10,stop_point:SP_1190,Egalité,8
2290489,20:37:00,20:37:10,stop_point:SP_219,St-Alban Ctre Cial,9
2290489,20:38:00,20:38:10,stop_point:SP_1370,Peyronnette,10
2290489,20:39:00,20:39:10,stop_point:SP_3053,Mariel,11
2290489,20:40:00,20:40:10,stop_point:SP_3516,Raudelauzette,12
2290489,20:40:00,20:40:10,stop_point:SP_1879,Aucamville Collège,13
2290489,20:41:00,20:41:10,stop_point:SP_175,Favasse,14
2290489,20:42:00,20:42:10,stop_point:SP_1760,Mairie Aucamville,15
2290489,20:43:00,20:43:10,stop_point:SP_2311,Eglise Aucamville,16
2290489,20:44:00,20:44:10,stop_point:SP_802,Salvy,17
2290489,20:45:00,20:45:10,stop_point:SP_2114,Gaussen,18
2290489,20:46:00,20:46:10,stop_point:SP_3810,Lapparou,19
2290489,20:47:00,20:47:10,stop_point:SP_507,Roubiéchou,20
2290489,20:48:00,20:48:10,stop_point:SP_3354,Lapin,21
2290489,20:49:00,20:49:10,stop_point:SP_2207,Riché Lalande,22
2290489,20:50:00,20:50:10,stop_point:SP_2270,Collège Rosa Parks,23
2290489,20:51:00,20:51:10,stop_point:SP_1526,Le Grand Marché - Pont de La Vache,24
2290489,20:52:00,20:52:10,stop_point:SP_97,Pader,25
2290489,20:53:00,20:53:10,stop_point:SP_1175,La Vache,26
2290490,21:03:00,21:03:10,stop_point:SP_5247,Fenouillet Ctre Cial - Entrée Nord,1
2290490,21:04:00,21:04:10,stop_point:SP_5168,Fenouillet Ctre Cial - Entrée Sud,2
2290490,21:05:00,21:05:10,stop_point:SP_243,St-Alban Salvador Allende,3
2290490,21:06:00,21:06:10,stop_point:SP_3753,Gafelaze,4
2290490,21:07:00,21:07:10,stop_point:SP_1547,Ecole St-Alban,5
2290490,21:08:00,21:08:10,stop_point:SP_3276,Mairie St-Alban,6
2290490,21:09:00,21:09:10,stop_point:SP_1989,Sables,7
2290490,21:09:00,21:09:10,stop_point:SP_1190,Egalité,8
2290490,21:10:00,21:10:10,stop_point:SP_219,St-Alban Ctre Cial,9
2290490,21:11:00,21:11:10,stop_point:SP_1370,Peyronnette,10
2290490,21:12:00,21:12:10,stop_point:SP_3053,Mariel,11
2290490,21:13:00,21:13:10,stop_point:SP_3516,Raudelauzette,12
2290490,21:13:00,21:13:10,stop_point:SP_1879,Aucamville Collège,13
2290490,21:14:00,21:14:10,stop_point:SP_175,Favasse,14
2290490,21:15:00,21:15:10,stop_point:SP_1760,Mairie Aucamville,15
2290490,21:16:00,21:16:10,stop_point:SP_2311,Eglise Aucamville,16
2290490,21:17:00,21:17:10,stop_point:SP_802,Salvy,17
2290490,21:18:00,21:18:10,stop_point:SP_2114,Gaussen,18
2290490,21:19:00,21:19:10,stop_point:SP_3810,Lapparou,19
2290490,21:20:00,21:20:10,stop_point:SP_507,Roubiéchou,20
2290490,21:21:00,21:21:10,stop_point:SP_3354,Lapin,21
2290490,21:22:00,21:22:10,stop_point:SP_2207,Riché Lalande,22
2290490,21:23:00,21:23:10,stop_point:SP_2270,Collège Rosa Parks,23
2290490,21:24:00,21:24:10,stop_point:SP_1526,Le Grand Marché - Pont de La Vache,24
2290490,21:24:00,21:24:10,stop_point:SP_97,Pader,25
2290490,21:25:00,21:25:10,stop_point:SP_1175,La Vache,26
2290491,21:36:00,21:36:10,stop_point:SP_5247,Fenouillet Ctre Cial - Entrée Nord,1
2290491,21:37:00,21:37:10,stop_point:SP_5168,Fenouillet Ctre Cial - Entrée Sud,2
2290491,21:38:00,21:38:10,stop_point:SP_243,St-Alban Salvador Allende,3
2290491,21:39:00,21:39:10,stop_point:SP_3753,Gafelaze,4
2290491,21:40:00,21:40:10,stop_point:SP_1547,Ecole St-Alban,5
2290491,21:41:00,21:41:10,stop_point:SP_3276,Mairie St-Alban,6
2290491,21:42:00,21:42:10,stop_point:SP_1989,Sables,7
2290491,21:42:00,21:42:10,stop_point:SP_1190,Egalité,8
2290491,21:43:00,21:43:10,stop_point:SP_219,St-Alban Ctre Cial,9
2290491,21:44:00,21:44:10,stop_point:SP_1370,Peyronnette,10
2290491,21:45:00,21:45:10,stop_point:SP_3053,Mariel,11
2290491,21:46:00,21:46:10,stop_point:SP_3516,Raudelauzette,12
2290491,21:46:00,21:46:10,stop_point:SP_1879,Aucamville Collège,13
2290491,21:47:00,21:47:10,stop_point:SP_175,Favasse,14
2290491,21:48:00,21:48:10,stop_point:SP_1760,Mairie Aucamville,15
2290491,21:49:00,21:49:10,stop_point:SP_2311,Eglise Aucamville,16
2290491,21:50:00,21:50:10,stop_point:SP_802,Salvy,17
2290491,21:51:00,21:51:10,stop_point:SP_2114,Gaussen,18
2290491,21:52:00,21:52:10,stop_point:SP_3810,Lapparou,19
2290491,21:53:00,21:53:10,stop_point:SP_507,Roubiéchou,20
2290491,21:54:00,21:54:10,stop_point:SP_3354,Lapin,21
2290491,21:55:00,21:55:10,stop_point:SP_2207,Riché Lalande,22
2290491,21:56:00,21:56:10,stop_point:SP_2270,Collège Rosa Parks,23
2290491,21:57:00,21:57:10,stop_point:SP_1526,Le Grand Marché - Pont de La Vache,24
2290491,21:57:00,21:57:10,stop_point:SP_97,Pader,25
2290491,21:58:00,21:58:10,stop_point:SP_1175,La Vache,26
2290492,22:10:00,22:10:10,stop_point:SP_5247,Fenouillet Ctre Cial - Entrée Nord,1
2290492,22:11:00,22:11:10,stop_point:SP_5168,Fenouillet Ctre Cial - Entrée Sud,2
2290492,22:12:00,22:12:10,stop_point:SP_243,St-Alban Salvador Allende,3
2290492,22:13:00,22:13:10,stop_point:SP_3753,Gafelaze,4
2290492,22:14:00,22:14:10,stop_point:SP_1547,Ecole St-Alban,5
2290492,22:15:00,22:15:10,stop_point:SP_3276,Mairie St-Alban,6
2290492,22:16:00,22:16:10,stop_point:SP_1989,Sables,7
2290492,22:16:00,22:16:10,stop_point:SP_1190,Egalité,8
2290492,22:17:00,22:17:10,stop_point:SP_219,St-Alban Ctre Cial,9
2290492,22:18:00,22:18:10,stop_point:SP_1370,Peyronnette,10
2290492,22:19:00,22:19:10,stop_point:SP_3053,Mariel,11
2290492,22:20:00,22:20:10,stop_point:SP_3516,Raudelauzette,12
2290492,22:20:00,22:20:10,stop_point:SP_1879,Aucamville Collège,13
2290492,22:21:00,22:21:10,stop_point:SP_175,Favasse,14
2290492,22:22:00,22:22:10,stop_point:SP_1760,Mairie Aucamville,15
2290492,22:23:00,22:23:10,stop_point:SP_2311,Eglise Aucamville,16
2290492,22:24:00,22:24:10,stop_point:SP_802,Salvy,17
2290492,22:25:00,22:25:10,stop_point:SP_2114,Gaussen,18
2290492,22:26:00,22:26:10,stop_point:SP_3810,Lapparou,19
2290492,22:27:00,22:27:10,stop_point:SP_507,Roubiéchou,20
2290492,22:28:00,22:28:10,stop_point:SP_3354,Lapin,21
2290492,22:29:00,22:29:10,stop_point:SP_2207,Riché Lalande,22
2290492,22:30:00,22:30:10,stop_point:SP_2270,Collège Rosa Parks,23
2290492,22:31:00,22:31:10,stop_point:SP_1526,Le Grand Marché - Pont de La Vache,24
2290492,22:31:00,22:31:10,stop_point:SP_97,Pader,25
2290492,22:32:00,22:32:10,stop_point:SP_1175,La Vache,26
2290493,22:40:00,22:40:10,stop_point:SP_5247,Fenouillet Ctre Cial - Entrée Nord,1
2290493,22:41:00,22:41:10,stop_point:SP_5168,Fenouillet Ctre Cial - Entrée Sud,2
2290493,22:42:00,22:42:10,stop_point:SP_243,St-Alban Salvador Allende,3
2290493,22:43:00,22:43:10,stop_point:SP_3753,Gafelaze,4
2290493,22:43:00,22:43:10,stop_point:SP_1547,Ecole St-Alban,5
2290493,22:44:00,22:44:10,stop_point:SP_3276,Mairie St-Alban,6
2290493,22:45:00,22:45:10,stop_point:SP_1989,Sables,7
2290493,22:45:00,22:45:10,stop_point:SP_1190,Egalité,8
2290493,22:46:00,22:46:10,stop_point:SP_219,St-Alban Ctre Cial,9
2290493,22:47:00,22:47:10,stop_point:SP_1370,Peyronnette,10
2290493,22:48:00,22:48:10,stop_point:SP_3053,Mariel,11
2290493,22:49:00,22:49:10,stop_point:SP_3516,Raudelauzette,12
2290493,22:49:00,22:49:10,stop_point:SP_1879,Aucamville Collège,13
2290493,22:50:00,22:50:10,stop_point:SP_175,Favasse,14
2290493,22:51:00,22:51:10,stop_point:SP_1760,Mairie Aucamville,15
2290493,22:52:00,22:52:10,stop_point:SP_2311,Eglise Aucamville,16
2290493,22:53:00,22:53:10,stop_point:SP_802,Salvy,17
2290493,22:54:00,22:54:10,stop_point:SP_2114,Gaussen,18
2290493,22:55:00,22:55:10,stop_point:SP_3810,Lapparou,19
2290493,22:56:00,22:56:10,stop_point:SP_507,Roubiéchou,20
2290493,22:57:00,22:57:10,stop_point:SP_3354,Lapin,21
2290493,22:58:00,22:58:10,stop_point:SP_2207,Riché Lalande,22
2290493,22:59:00,22:59:10,stop_point:SP_2270,Collège Rosa Parks,23
2290493,23:00:00,23:00:10,stop_point:SP_1526,Le Grand Marché - Pont de La Vache,24
2290493,23:00:00,23:00:10,stop_point:SP_97,Pader,25
2290493,23:01:00,23:01:10,stop_point:SP_1175,La Vache,26
2290494,23:15:00,23:15:10,stop_point:SP_5247,Fenouillet Ctre Cial - Entrée Nord,1
2290494,23:16:00,23:16:10,stop_point:SP_5168,Fenouillet Ctre Cial - Entrée Sud,2
2290494,23:17:00,23:17:10,stop_point:SP_243,St-Alban Salvador Allende,3
2290494,23:18:00,23:18:10,stop_point:SP_3753,Gafelaze,4
2290494,23:18:00,23:18:10,stop_point:SP_1547,Ecole St-Alban,5
2290494,23:19:00,23:19:10,stop_point:SP_3276,Mairie St-Alban,6
2290494,23:20:00,23:20:10,stop_point:SP_1989,Sables,7
2290494,23:20:00,23:20:10,stop_point:SP_1190,Egalité,8
2290494,23:21:00,23:21:10,stop_point:SP_219,St-Alban Ctre Cial,9
2290494,23:22:00,23:22:10,stop_point:SP_1370,Peyronnette,10
2290494,23:23:00,23:23:10,stop_point:SP_3053,Mariel,11
2290494,23:24:00,23:24:10,stop_point:SP_3516,Raudelauzette,12
2290494,23:24:00,23:24:10,stop_point:SP_1879,Aucamville Collège,13
2290494,23:25:00,23:25:10,stop_point:SP_175,Favasse,14
2290494,23:26:00,23:26:10,stop_point:SP_1760,Mairie Aucamville,15
2290494,23:27:00,23:27:10,stop_point:SP_2311,Eglise Aucamville,16
2290494,23:28:00,23:28:10,stop_point:SP_802,Salvy,17
2290494,23:29:00,23:29:10,stop_point:SP_2114,Gaussen,18
2290494,23:30:00,23:30:10,stop_point:SP_3810,Lapparou,19
2290494,23:31:00,23:31:10,stop_point:SP_507,Roubiéchou,20
2290494,23:32:00,23:32:10,stop_point:SP_3354,Lapin,21
2290494,23:33:00,23:33:10,stop_point:SP_2207,Riché Lalande,22
2290494,23:34:00,23:34:10,stop_point:SP_2270,Collège Rosa Parks,23
2290494,23:35:00,23:35:10,stop_point:SP_1526,Le Grand Marché - Pont de La Vache,24
2290494,23:35:00,23:35:10,stop_point:SP_97,Pader,25
2290494,23:36:00,23:36:10,stop_point:SP_1175,La Vache,26
2290495,23:50:00,23:50:10,stop_point:SP_5247,Fenouillet Ctre Cial - Entrée Nord,1
2290495,23:51:00,23:51:10,stop_point:SP_5168,Fenouillet Ctre Cial - Entrée Sud,2
2290495,23:52:00,23:52:10,stop_point:SP_243,St-Alban Salvador Allende,3
2290495,23:53:00,23:53:10,stop_point:SP_3753,Gafelaze,4
2290495,23:53:00,23:53:10,stop_point:SP_1547,Ecole St-Alban,5
2290495,23:54:00,23:54:10,stop_point:SP_3276,Mairie St-Alban,6
2290495,23:55:00,23:55:10,stop_point:SP_1989,Sables,7
2290495,23:55:00,23:55:10,stop_point:SP_1190,Egalité,8
2290495,23:56:00,23:56:10,stop_point:SP_219,St-Alban Ctre Cial,9
2290495,23:57:00,23:57:10,stop_point:SP_1370,Peyronnette,10
2290495,23:58:00,23:58:10,stop_point:SP_3053,Mariel,11
2290495,23:59:00,23:59:10,stop_point:SP_3516,Raudelauzette,12
2290495,23:59:00,23:59:10,stop_point:SP_1879,Aucamville Collège,13
2290495,24:00:00,24:00:10,stop_point:SP_175,Favasse,14
2290495,24:01:00,24:01:10,stop_point:SP_1760,Mairie Aucamville,15
2290495,24:02:00,24:02:10,stop_point:SP_2311,Eglise Aucamville,16
2290495,24:02:00,24:02:10,stop_point:SP_802,Salvy,17
2290495,24:03:00,24:03:10,stop_point:SP_2114,Gaussen,18
2290495,24:04:00,24:04:10,stop_point:SP_3810,Lapparou,19
2290495,24:05:00,24:05:10,stop_point:SP_507,Roubiéchou,20
2290495,24:06:00,24:06:10,stop_point:SP_3354,Lapin,21
2290495,24:07:00,24:07:10,stop_point:SP_2207,Riché Lalande,22
2290495,24:08:00,24:08:10,stop_point:SP_2270,Collège Rosa Parks,23
2290495,24:09:00,24:09:10,stop_point:SP_1526,Le Grand Marché - Pont de La Vache,24
2290495,24:09:00,24:09:10,stop_point:SP_97,Pader,25
2290495,24:10:00,24:10:10,stop_point:SP_1175,La Vache,26
2290496,24:25:00,24:25:10,stop_point:SP_5247,Fenouillet Ctre Cial - Entrée Nord,1
2290496,24:26:00,24:26:10,stop_point:SP_5168,Fenouillet Ctre Cial - Entrée Sud,2
2290496,24:27:00,24:27:10,stop_point:SP_243,St-Alban Salvador Allende,3
2290496,24:28:00,24:28:10,stop_point:SP_3753,Gafelaze,4
2290496,24:28:00,24:28:10,stop_point:SP_1547,Ecole St-Alban,5
2290496,24:29:00,24:29:10,stop_point:SP_3276,Mairie St-Alban,6
2290496,24:30:00,24:30:10,stop_point:SP_1989,Sables,7
2290496,24:30:00,24:30:10,stop_point:SP_1190,Egalité,8
2290496,24:31:00,24:31:10,stop_point:SP_219,St-Alban Ctre Cial,9
2290496,24:32:00,24:32:10,stop_point:SP_1370,Peyronnette,10
2290496,24:33:00,24:33:10,stop_point:SP_3053,Mariel,11
2290496,24:34:00,24:34:10,stop_point:SP_3516,Raudelauzette,12
2290496,24:34:00,24:34:10,stop_point:SP_1879,Aucamville Collège,13
2290496,24:35:00,24:35:10,stop_point:SP_175,Favasse,14
2290496,24:36:00,24:36:10,stop_point:SP_1760,Mairie Aucamville,15
2290496,24:37:00,24:37:10,stop_point:SP_2311,Eglise Aucamville,16
2290496,24:37:00,24:37:10,stop_point:SP_802,Salvy,17
2290496,24:38:00,24:38:10,stop_point:SP_2114,Gaussen,18
2290496,24:39:00,24:39:10,stop_point:SP_3810,Lapparou,19
2290496,24:39:00,24:39:10,stop_point:SP_507,Roubiéchou,20
2290496,24:40:00,24:40:10,stop_point:SP_3354,Lapin,21
2290496,24:41:00,24:41:10,stop_point:SP_2207,Riché Lalande,22
2290496,24:42:00,24:42:10,stop_point:SP_2270,Collège Rosa Parks,23
2290496,24:43:00,24:43:10,stop_point:SP_1526,Le Grand Marché - Pont de La Vache,24
2290496,24:43:00,24:43:10,stop_point:SP_97,Pader,25
2290496,24:44:00,24:44:10,stop_point:SP_1175,La Vache,26
2290497,05:50:00,05:50:10,stop_point:SP_1175,La Vache,1
2290497,05:51:00,05:51:10,stop_point:SP_327,Pader,2
2290497,05:52:00,05:52:10,stop_point:SP_3826,Le Grand Marché - Pont de La Vache,3
2290497,05:53:00,05:53:10,stop_point:SP_3721,Collège Rosa Parks,4
2290497,05:54:00,05:54:10,stop_point:SP_753,Riché Lalande,5
2290497,05:55:00,05:55:10,stop_point:SP_1880,Lapin,6
2290497,05:56:00,05:56:10,stop_point:SP_1995,Roubiéchou,7
2290497,05:56:00,05:56:10,stop_point:SP_1993,Lapparou,8
2290497,05:57:00,05:57:10,stop_point:SP_2419,Gaussen,9
2290497,05:58:00,05:58:10,stop_point:SP_1499,Salvy,10
2290497,05:58:00,05:58:10,stop_point:SP_445,Eglise Aucamville,11
2290497,05:59:00,05:59:10,stop_point:SP_3252,Mairie Aucamville,12
2290497,06:00:00,06:00:10,stop_point:SP_1128,Favasse,13
2290497,06:01:00,06:01:10,stop_point:SP_619,Aucamville Collège,14
2290497,06:01:00,06:01:10,stop_point:SP_2651,Raudelauzette,15
2290497,06:02:00,06:02:10,stop_point:SP_455,Mariel,16
2290497,06:03:00,06:03:10,stop_point:SP_1577,Peyronnette,17
2290497,06:04:00,06:04:10,stop_point:SP_1718,St-Alban Ctre Cial,18
2290497,06:05:00,06:05:10,stop_point:SP_3784,Egalité,19
2290497,06:05:00,06:05:10,stop_point:SP_1557,Sables,20
2290497,06:06:00,06:06:10,stop_point:SP_641,Mairie St-Alban,21
2290497,06:07:00,06:07:10,stop_point:SP_2759,Ecole St-Alban,22
2290497,06:08:00,06:08:10,stop_point:SP_2178,Gafelaze,23
2290497,06:09:00,06:09:10,stop_point:SP_3651,St-Alban Salvador Allende,24
2290497,06:10:00,06:10:10,stop_point:SP_5169,Fenouillet Ctre Cial - Entrée Sud,25
2290497,06:11:00,06:11:10,stop_point:SP_5248,Fenouillet Ctre Cial - Entrée Nord,26
2290497,06:12:00,06:12:10,stop_point:SP_5247,Fenouillet Ctre Cial - Entrée Nord,27
2290498,06:25:00,06:25:10,stop_point:SP_1175,La Vache,1
2290498,06:26:00,06:26:10,stop_point:SP_327,Pader,2
2290498,06:27:00,06:27:10,stop_point:SP_3826,Le Grand Marché - Pont de La Vache,3
2290498,06:28:00,06:28:10,stop_point:SP_3721,Collège Rosa Parks,4
2290498,06:29:00,06:29:10,stop_point:SP_753,Riché Lalande,5
2290498,06:30:00,06:30:10,stop_point:SP_1880,Lapin,6
2290498,06:31:00,06:31:10,stop_point:SP_1995,Roubiéchou,7
2290498,06:31:00,06:31:10,stop_point:SP_1993,Lapparou,8
2290498,06:32:00,06:32:10,stop_point:SP_2419,Gaussen,9
2290498,06:33:00,06:33:10,stop_point:SP_1499,Salvy,10
2290498,06:33:00,06:33:10,stop_point:SP_445,Eglise Aucamville,11
2290498,06:34:00,06:34:10,stop_point:SP_3252,Mairie Aucamville,12
2290498,06:35:00,06:35:10,stop_point:SP_1128,Favasse,13
2290498,06:36:00,06:36:10,stop_point:SP_619,Aucamville Collège,14
2290498,06:36:00,06:36:10,stop_point:SP_2651,Raudelauzette,15
2290498,06:37:00,06:37:10,stop_point:SP_455,Mariel,16
2290498,06:38:00,06:38:10,stop_point:SP_1577,Peyronnette,17
2290498,06:39:00,06:39:10,stop_point:SP_1718,St-Alban Ctre Cial,18
2290498,06:40:00,06:40:10,stop_point:SP_3784,Egalité,19
2290498,06:40:00,06:40:10,stop_point:SP_1557,Sables,20
2290498,06:41:00,06:41:10,stop_point:SP_641,Mairie St-Alban,21
2290498,06:42:00,06:42:10,stop_point:SP_2759,Ecole St-Alban,22
2290498,06:43:00,06:43:10,stop_point:SP_2178,Gafelaze,23
2290498,06:44:00,06:44:10,stop_point:SP_3651,St-Alban Salvador Allende,24
2290498,06:45:00,06:45:10,stop_point:SP_5169,Fenouillet Ctre Cial - Entrée Sud,25
2290498,06:46:00,06:46:10,stop_point:SP_5248,Fenouillet Ctre Cial - Entrée Nord,26
2290498,06:47:00,06:47:10,stop_point:SP_5247,Fenouillet Ctre Cial - Entrée Nord,27
2290499,06:42:00,06:42:10,stop_point:SP_1175,La Vache,1
2290499,06:43:00,06:43:10,stop_point:SP_327,Pader,2
2290499,06:44:00,06:44:10,stop_point:SP_3826,Le Grand Marché - Pont de La Vache,3
2290499,06:45:00,06:45:10,stop_point:SP_3721,Collège Rosa Parks,4
2290499,06:46:00,06:46:10,stop_point:SP_753,Riché Lalande,5
2290499,06:47:00,06:47:10,stop_point:SP_1880,Lapin,6
2290499,06:48:00,06:48:10,stop_point:SP_1995,Roubiéchou,7
2290499,06:49:00,06:49:10,stop_point:SP_1993,Lapparou,8
2290499,06:50:00,06:50:10,stop_point:SP_2419,Gaussen,9
2290499,06:51:00,06:51:10,stop_point:SP_1499,Salvy,10
2290499,06:51:00,06:51:10,stop_point:SP_445,Eglise Aucamville,11
2290499,06:52:00,06:52:10,stop_point:SP_3252,Mairie Aucamville,12
2290499,06:53:00,06:53:10,stop_point:SP_1128,Favasse,13
2290499,06:54:00,06:54:10,stop_point:SP_619,Aucamville Collège,14
2290499,06:54:00,06:54:10,stop_point:SP_2651,Raudelauzette,15
2290499,06:55:00,06:55:10,stop_point:SP_455,Mariel,16
2290499,06:56:00,06:56:10,stop_point:SP_1577,Peyronnette,17
2290499,06:57:00,06:57:10,stop_point:SP_1718,St-Alban Ctre Cial,18
2290499,06:58:00,06:58:10,stop_point:SP_3784,Egalité,19
2290499,06:58:00,06:58:10,stop_point:SP_1557,Sables,20
2290499,06:59:00,06:59:10,stop_point:SP_641,Mairie St-Alban,21
2290499,07:00:00,07:00:10,stop_point:SP_2759,Ecole St-Alban,22
2290499,07:01:00,07:01:10,stop_point:SP_2178,Gafelaze,23
2290499,07:02:00,07:02:10,stop_point:SP_3651,St-Alban Salvador Allende,24
2290499,07:03:00,07:03:10,stop_point:SP_5169,Fenouillet Ctre Cial - Entrée Sud,25
2290499,07:04:00,07:04:10,stop_point:SP_5248,Fenouillet Ctre Cial - Entrée Nord,26
2290499,07:05:00,07:05:10,stop_point:SP_5247,Fenouillet Ctre Cial - Entrée Nord,27
2290500,06:59:00,06:59:10,stop_point:SP_1175,La Vache,1
2290500,07:00:00,07:00:10,stop_point:SP_327,Pader,2
2290500,07:01:00,07:01:10,stop_point:SP_3826,Le Grand Marché - Pont de La Vache,3
2290500,07:02:00,07:02:10,stop_point:SP_3721,Collège Rosa Parks,4
2290500,07:03:00,07:03:10,stop_point:SP_753,Riché Lalande,5
2290500,07:04:00,07:04:10,stop_point:SP_1880,Lapin,6
2290500,07:05:00,07:05:10,stop_point:SP_1995,Roubiéchou,7
2290500,07:06:00,07:06:10,stop_point:SP_1993,Lapparou,8
2290500,07:07:00,07:07:10,stop_point:SP_2419,Gaussen,9
2290500,07:08:00,07:08:10,stop_point:SP_1499,Salvy,10
2290500,07:08:00,07:08:10,stop_point:SP_445,Eglise Aucamville,11
2290500,07:09:00,07:09:10,stop_point:SP_3252,Mairie Aucamville,12
2290500,07:10:00,07:10:10,stop_point:SP_1128,Favasse,13
2290500,07:11:00,07:11:10,stop_point:SP_619,Aucamville Collège,14
2290500,07:11:00,07:11:10,stop_point:SP_2651,Raudelauzette,15
2290500,07:12:00,07:12:10,stop_point:SP_455,Mariel,16
2290500,07:13:00,07:13:10,stop_point:SP_1577,Peyronnette,17
2290500,07:14:00,07:14:10,stop_point:SP_1718,St-Alban Ctre Cial,18
2290500,07:15:00,07:15:10,stop_point:SP_3784,Egalité,19
2290500,07:15:00,07:15:10,stop_point:SP_1557,Sables,20
2290500,07:16:00,07:16:10,stop_point:SP_641,Mairie St-Alban,21
2290500,07:17:00,07:17:10,stop_point:SP_2759,Ecole St-Alban,22
2290500,07:18:00,07:18:10,stop_point:SP_2178,Gafelaze,23
2290500,07:19:00,07:19:10,stop_point:SP_3651,St-Alban Salvador Allende,24
2290500,07:20:00,07:20:10,stop_point:SP_5169,Fenouillet Ctre Cial - Entrée Sud,25
2290500,07:21:00,07:21:10,stop_point:SP_5248,Fenouillet Ctre Cial - Entrée Nord,26
2290500,07:22:00,07:22:10,stop_point:SP_5247,Fenouillet Ctre Cial - Entrée Nord,27
2290501,07:16:00,07:16:10,stop_point:SP_1175,La Vache,1
2290501,07:17:00,07:17:10,stop_point:SP_327,Pader,2
2290501,07:18:00,07:18:10,stop_point:SP_3826,Le Grand Marché - Pont de La Vache,3
2290501,07:19:00,07:19:10,stop_point:SP_3721,Collège Rosa Parks,4
2290501,07:20:00,07:20:10,stop_point:SP_753,Riché Lalande,5
2290501,07:21:00,07:21:10,stop_point:SP_1880,Lapin,6
2290501,07:22:00,07:22:10,stop_point:SP_1995,Roubiéchou,7
2290501,07:23:00,07:23:10,stop_point:SP_1993,Lapparou,8
2290501,07:24:00,07:24:10,stop_point:SP_2419,Gaussen,9
2290501,07:25:00,07:25:10,stop_point:SP_1499,Salvy,10
2290501,07:25:00,07:25:10,stop_point:SP_445,Eglise Aucamville,11
2290501,07:26:00,07:26:10,stop_point:SP_3252,Mairie Aucamville,12
2290501,07:27:00,07:27:10,stop_point:SP_1128,Favasse,13
2290501,07:28:00,07:28:10,stop_point:SP_619,Aucamville Collège,14
2290501,07:28:00,07:28:10,stop_point:SP_2651,Raudelauzette,15
2290501,07:29:00,07:29:10,stop_point:SP_455,Mariel,16
2290501,07:30:00,07:30:10,stop_point:SP_1577,Peyronnette,17
2290501,07:31:00,07:31:10,stop_point:SP_1718,St-Alban Ctre Cial,18
2290501,07:32:00,07:32:10,stop_point:SP_3784,Egalité,19
2290501,07:32:00,07:32:10,stop_point:SP_1557,Sables,20
2290501,07:33:00,07:33:10,stop_point:SP_641,Mairie St-Alban,21
2290501,07:34:00,07:34:10,stop_point:SP_2759,Ecole St-Alban,22
2290501,07:35:00,07:35:10,stop_point:SP_2178,Gafelaze,23
2290501,07:36:00,07:36:10,stop_point:SP_3651,St-Alban Salvador Allende,24
2290501,07:37:00,07:37:10,stop_point:SP_5169,Fenouillet Ctre Cial - Entrée Sud,25
2290501,07:38:00,07:38:10,stop_point:SP_5248,Fenouillet Ctre Cial - Entrée Nord,26
2290501,07:39:00,07:39:10,stop_point:SP_5247,Fenouillet Ctre Cial - Entrée Nord,27
2290502,07:33:00,07:33:10,stop_point:SP_1175,La Vache,1
2290502,07:35:00,07:35:10,stop_point:SP_327,Pader,2
2290502,07:35:00,07:35:10,stop_point:SP_3826,Le Grand Marché - Pont de La Vache,3
2290502,07:37:00,07:37:10,stop_point:SP_3721,Collège Rosa Parks,4
2290502,07:38:00,07:38:10,stop_point:SP_753,Riché Lalande,5
2290502,07:39:00,07:39:10,stop_point:SP_1880,Lapin,6
2290502,07:40:00,07:40:10,stop_point:SP_1995,Roubiéchou,7
2290502,07:41:00,07:41:10,stop_point:SP_1993,Lapparou,8
2290502,07:42:00,07:42:10,stop_point:SP_2419,Gaussen,9
2290502,07:43:00,07:43:10,stop_point:SP_1499,Salvy,10
2290502,07:43:00,07:43:10,stop_point:SP_445,Eglise Aucamville,11
2290502,07:44:00,07:44:10,stop_point:SP_3252,Mairie Aucamville,12
2290502,07:45:00,07:45:10,stop_point:SP_1128,Favasse,13
2290502,07:46:00,07:46:10,stop_point:SP_619,Aucamville Collège,14
2290502,07:46:00,07:46:10,stop_point:SP_2651,Raudelauzette,15
2290502,07:47:00,07:47:10,stop_point:SP_455,Mariel,16
2290502,07:48:00,07:48:10,stop_point:SP_1577,Peyronnette,17
2290502,07:49:00,07:49:10,stop_point:SP_1718,St-Alban Ctre Cial,18
2290502,07:50:00,07:50:10,stop_point:SP_3784,Egalité,19
2290502,07:50:00,07:50:10,stop_point:SP_1557,Sables,20
2290502,07:51:00,07:51:10,stop_point:SP_641,Mairie St-Alban,21
2290502,07:52:00,07:52:10,stop_point:SP_2759,Ecole St-Alban,22
2290502,07:53:00,07:53:10,stop_point:SP_2178,Gafelaze,23
2290502,07:54:00,07:54:10,stop_point:SP_3651,St-Alban Salvador Allende,24
2290502,07:55:00,07:55:10,stop_point:SP_5169,Fenouillet Ctre Cial - Entrée Sud,25
2290502,07:56:00,07:56:10,stop_point:SP_5248,Fenouillet Ctre Cial - Entrée Nord,26
2290502,07:57:00,07:57:10,stop_point:SP_5247,Fenouillet Ctre Cial - Entrée Nord,27
2290503,07:50:00,07:50:10,stop_point:SP_1175,La Vache,1
2290503,07:52:00,07:52:10,stop_point:SP_327,Pader,2
2290503,07:52:00,07:52:10,stop_point:SP_3826,Le Grand Marché - Pont de La Vache,3
2290503,07:54:00,07:54:10,stop_point:SP_3721,Collège Rosa Parks,4
2290503,07:55:00,07:55:10,stop_point:SP_753,Riché Lalande,5
2290503,07:56:00,07:56:10,stop_point:SP_1880,Lapin,6
2290503,07:57:00,07:57:10,stop_point:SP_1995,Roubiéchou,7
2290503,07:58:00,07:58:10,stop_point:SP_1993,Lapparou,8
2290503,07:59:00,07:59:10,stop_point:SP_2419,Gaussen,9
2290503,08:00:00,08:00:10,stop_point:SP_1499,Salvy,10
2290503,08:00:00,08:00:10,stop_point:SP_445,Eglise Aucamville,11
2290503,08:01:00,08:01:10,stop_point:SP_3252,Mairie Aucamville,12
2290503,08:02:00,08:02:10,stop_point:SP_1128,Favasse,13
2290503,08:03:00,08:03:10,stop_point:SP_619,Aucamville Collège,14
2290503,08:03:00,08:03:10,stop_point:SP_2651,Raudelauzette,15
2290503,08:04:00,08:04:10,stop_point:SP_455,Mariel,16
2290503,08:05:00,08:05:10,stop_point:SP_1577,Peyronnette,17
2290503,08:06:00,08:06:10,stop_point:SP_1718,St-Alban Ctre Cial,18
2290503,08:07:00,08:07:10,stop_point:SP_3784,Egalité,19
2290503,08:07:00,08:07:10,stop_point:SP_1557,Sables,20
2290503,08:08:00,08:08:10,stop_point:SP_641,Mairie St-Alban,21
2290503,08:09:00,08:09:10,stop_point:SP_2759,Ecole St-Alban,22
2290503,08:10:00,08:10:10,stop_point:SP_2178,Gafelaze,23
2290503,08:11:00,08:11:10,stop_point:SP_3651,St-Alban Salvador Allende,24
2290503,08:12:00,08:12:10,stop_point:SP_5169,Fenouillet Ctre Cial - Entrée Sud,25
2290503,08:13:00,08:13:10,stop_point:SP_5248,Fenouillet Ctre Cial - Entrée Nord,26
2290503,08:14:00,08:14:10,stop_point:SP_5247,Fenouillet Ctre Cial - Entrée Nord,27
2290504,08:07:00,08:07:10,stop_point:SP_1175,La Vache,1
2290504,08:09:00,08:09:10,stop_point:SP_327,Pader,2
2290504,08:09:00,08:09:10,stop_point:SP_3826,Le Grand Marché - Pont de La Vache,3
2290504,08:11:00,08:11:10,stop_point:SP_3721,Collège Rosa Parks,4
2290504,08:12:00,08:12:10,stop_point:SP_753,Riché Lalande,5
2290504,08:13:00,08:13:10,stop_point:SP_1880,Lapin,6
2290504,08:14:00,08:14:10,stop_point:SP_1995,Roubiéchou,7
2290504,08:15:00,08:15:10,stop_point:SP_1993,Lapparou,8
2290504,08:16:00,08:16:10,stop_point:SP_2419,Gaussen,9
2290504,08:17:00,08:17:10,stop_point:SP_1499,Salvy,10
2290504,08:17:00,08:17:10,stop_point:SP_445,Eglise Aucamville,11
2290504,08:18:00,08:18:10,stop_point:SP_3252,Mairie Aucamville,12
2290504,08:19:00,08:19:10,stop_point:SP_1128,Favasse,13
2290504,08:20:00,08:20:10,stop_point:SP_619,Aucamville Collège,14
2290504,08:20:00,08:20:10,stop_point:SP_2651,Raudelauzette,15
2290504,08:21:00,08:21:10,stop_point:SP_455,Mariel,16
2290504,08:22:00,08:22:10,stop_point:SP_1577,Peyronnette,17
2290504,08:23:00,08:23:10,stop_point:SP_1718,St-Alban Ctre Cial,18
2290504,08:24:00,08:24:10,stop_point:SP_3784,Egalité,19
2290504,08:24:00,08:24:10,stop_point:SP_1557,Sables,20
2290504,08:25:00,08:25:10,stop_point:SP_641,Mairie St-Alban,21
2290504,08:26:00,08:26:10,stop_point:SP_2759,Ecole St-Alban,22
2290504,08:27:00,08:27:10,stop_point:SP_2178,Gafelaze,23
2290504,08:28:00,08:28:10,stop_point:SP_3651,St-Alban Salvador Allende,24
2290504,08:29:00,08:29:10,stop_point:SP_5169,Fenouillet Ctre Cial - Entrée Sud,25
2290504,08:30:00,08:30:10,stop_point:SP_5248,Fenouillet Ctre Cial - Entrée Nord,26
2290504,08:31:00,08:31:10,stop_point:SP_5247,Fenouillet Ctre Cial - Entrée Nord,27
2290505,08:24:00,08:24:10,stop_point:SP_1175,La Vache,1
2290505,08:26:00,08:26:10,stop_point:SP_327,Pader,2
2290505,08:26:00,08:26:10,stop_point:SP_3826,Le Grand Marché - Pont de La Vache,3
2290505,08:28:00,08:28:10,stop_point:SP_3721,Collège Rosa Parks,4
2290505,08:29:00,08:29:10,stop_point:SP_753,Riché Lalande,5
2290505,08:30:00,08:30:10,stop_point:SP_1880,Lapin,6
2290505,08:31:00,08:31:10,stop_point:SP_1995,Roubiéchou,7
2290505,08:32:00,08:32:10,stop_point:SP_1993,Lapparou,8
2290505,08:33:00,08:33:10,stop_point:SP_2419,Gaussen,9
2290505,08:34:00,08:34:10,stop_point:SP_1499,Salvy,10
2290505,08:34:00,08:34:10,stop_point:SP_445,Eglise Aucamville,11
2290505,08:35:00,08:35:10,stop_point:SP_3252,Mairie Aucamville,12
2290505,08:36:00,08:36:10,stop_point:SP_1128,Favasse,13
2290505,08:37:00,08:37:10,stop_point:SP_619,Aucamville Collège,14
2290505,08:37:00,08:37:10,stop_point:SP_2651,Raudelauzette,15
2290505,08:38:00,08:38:10,stop_point:SP_455,Mariel,16
2290505,08:39:00,08:39:10,stop_point:SP_1577,Peyronnette,17
2290505,08:40:00,08:40:10,stop_point:SP_1718,St-Alban Ctre Cial,18
2290505,08:41:00,08:41:10,stop_point:SP_3784,Egalité,19
2290505,08:41:00,08:41:10,stop_point:SP_1557,Sables,20
2290505,08:42:00,08:42:10,stop_point:SP_641,Mairie St-Alban,21
2290505,08:43:00,08:43:10,stop_point:SP_2759,Ecole St-Alban,22
2290505,08:44:00,08:44:10,stop_point:SP_2178,Gafelaze,23
2290505,08:45:00,08:45:10,stop_point:SP_3651,St-Alban Salvador Allende,24
2290505,08:46:00,08:46:10,stop_point:SP_5169,Fenouillet Ctre Cial - Entrée Sud,25
2290505,08:47:00,08:47:10,stop_point:SP_5248,Fenouillet Ctre Cial - Entrée Nord,26
2290505,08:48:00,08:48:10,stop_point:SP_5247,Fenouillet Ctre Cial - Entrée Nord,27
2290506,08:41:00,08:41:10,stop_point:SP_1175,La Vache,1
2290506,08:43:00,08:43:10,stop_point:SP_327,Pader,2
2290506,08:43:00,08:43:10,stop_point:SP_3826,Le Grand Marché - Pont de La Vache,3
2290506,08:45:00,08:45:10,stop_point:SP_3721,Collège Rosa Parks,4
2290506,08:46:00,08:46:10,stop_point:SP_753,Riché Lalande,5
2290506,08:48:00,08:48:10,stop_point:SP_1880,Lapin,6
2290506,08:48:00,08:48:10,stop_point:SP_1995,Roubiéchou,7
2290506,08:49:00,08:49:10,stop_point:SP_1993,Lapparou,8
2290506,08:50:00,08:50:10,stop_point:SP_2419,Gaussen,9
2290506,08:52:00,08:52:10,stop_point:SP_1499,Salvy,10
2290506,08:52:00,08:52:10,stop_point:SP_445,Eglise Aucamville,11
2290506,08:53:00,08:53:10,stop_point:SP_3252,Mairie Aucamville,12
2290506,08:54:00,08:54:10,stop_point:SP_1128,Favasse,13
2290506,08:55:00,08:55:10,stop_point:SP_619,Aucamville Collège,14
2290506,08:55:00,08:55:10,stop_point:SP_2651,Raudelauzette,15
2290506,08:56:00,08:56:10,stop_point:SP_455,Mariel,16
2290506,08:57:00,08:57:10,stop_point:SP_1577,Peyronnette,17
2290506,08:58:00,08:58:10,stop_point:SP_1718,St-Alban Ctre Cial,18
2290506,08:59:00,08:59:10,stop_point:SP_3784,Egalité,19
2290506,08:59:00,08:59:10,stop_point:SP_1557,Sables,20
2290506,09:00:00,09:00:10,stop_point:SP_641,Mairie St-Alban,21
2290506,09:01:00,09:01:10,stop_point:SP_2759,Ecole St-Alban,22
2290506,09:02:00,09:02:10,stop_point:SP_2178,Gafelaze,23
2290506,09:03:00,09:03:10,stop_point:SP_3651,St-Alban Salvador Allende,24
2290506,09:04:00,09:04:10,stop_point:SP_5169,Fenouillet Ctre Cial - Entrée Sud,25
2290506,09:05:00,09:05:10,stop_point:SP_5248,Fenouillet Ctre Cial - Entrée Nord,26
2290506,09:06:00,09:06:10,stop_point:SP_5247,Fenouillet Ctre Cial - Entrée Nord,27
2290507,08:57:00,08:57:10,stop_point:SP_1175,La Vache,1
2290507,08:59:00,08:59:10,stop_point:SP_327,Pader,2
2290507,08:59:00,08:59:10,stop_point:SP_3826,Le Grand Marché - Pont de La Vache,3
2290507,09:01:00,09:01:10,stop_point:SP_3721,Collège Rosa Parks,4
2290507,09:02:00,09:02:10,stop_point:SP_753,Riché Lalande,5
2290507,09:04:00,09:04:10,stop_point:SP_1880,Lapin,6
2290507,09:04:00,09:04:10,stop_point:SP_1995,Roubiéchou,7
2290507,09:05:00,09:05:10,stop_point:SP_1993,Lapparou,8
2290507,09:06:00,09:06:10,stop_point:SP_2419,Gaussen,9
2290507,09:08:00,09:08:10,stop_point:SP_1499,Salvy,10
2290507,09:08:00,09:08:10,stop_point:SP_445,Eglise Aucamville,11
2290507,09:09:00,09:09:10,stop_point:SP_3252,Mairie Aucamville,12
2290507,09:10:00,09:10:10,stop_point:SP_1128,Favasse,13
2290507,09:11:00,09:11:10,stop_point:SP_619,Aucamville Collège,14
2290507,09:11:00,09:11:10,stop_point:SP_2651,Raudelauzette,15
2290507,09:12:00,09:12:10,stop_point:SP_455,Mariel,16
2290507,09:13:00,09:13:10,stop_point:SP_1577,Peyronnette,17
2290507,09:14:00,09:14:10,stop_point:SP_1718,St-Alban Ctre Cial,18
2290507,09:15:00,09:15:10,stop_point:SP_3784,Egalité,19
2290507,09:15:00,09:15:10,stop_point:SP_1557,Sables,20
2290507,09:16:00,09:16:10,stop_point:SP_641,Mairie St-Alban,21
2290507,09:17:00,09:17:10,stop_point:SP_2759,Ecole St-Alban,22
2290507,09:18:00,09:18:10,stop_point:SP_2178,Gafelaze,23
2290507,09:19:00,09:19:10,stop_point:SP_3651,St-Alban Salvador Allende,24
2290507,09:20:00,09:20:10,stop_point:SP_5169,Fenouillet Ctre Cial - Entrée Sud,25
2290507,09:21:00,09:21:10,stop_point:SP_5248,Fenouillet Ctre Cial - Entrée Nord,26
2290507,09:22:00,09:22:10,stop_point:SP_5247,Fenouillet Ctre Cial - Entrée Nord,27
2290508,09:13:00,09:13:10,stop_point:SP_1175,La Vache,1
2290508,09:15:00,09:15:10,stop_point:SP_327,Pader,2
2290508,09:15:00,09:15:10,stop_point:SP_3826,Le Grand Marché - Pont de La Vache,3
2290508,09:17:00,09:17:10,stop_point:SP_3721,Collège Rosa Parks,4
2290508,09:18:00,09:18:10,stop_point:SP_753,Riché Lalande,5
2290508,09:20:00,09:20:10,stop_point:SP_1880,Lapin,6
2290508,09:20:00,09:20:10,stop_point:SP_1995,Roubiéchou,7
2290508,09:21:00,09:21:10,stop_point:SP_1993,Lapparou,8
2290508,09:22:00,09:22:10,stop_point:SP_2419,Gaussen,9
2290508,09:24:00,09:24:10,stop_point:SP_1499,Salvy,10
2290508,09:24:00,09:24:10,stop_point:SP_445,Eglise Aucamville,11
2290508,09:25:00,09:25:10,stop_point:SP_3252,Mairie Aucamville,12
2290508,09:26:00,09:26:10,stop_point:SP_1128,Favasse,13
2290508,09:27:00,09:27:10,stop_point:SP_619,Aucamville Collège,14
2290508,09:28:00,09:28:10,stop_point:SP_2651,Raudelauzette,15
2290508,09:29:00,09:29:10,stop_point:SP_455,Mariel,16
2290508,09:30:00,09:30:10,stop_point:SP_1577,Peyronnette,17
2290508,09:31:00,09:31:10,stop_point:SP_1718,St-Alban Ctre Cial,18
2290508,09:32:00,09:32:10,stop_point:SP_3784,Egalité,19
2290508,09:32:00,09:32:10,stop_point:SP_1557,Sables,20
2290508,09:33:00,09:33:10,stop_point:SP_641,Mairie St-Alban,21
2290508,09:34:00,09:34:10,stop_point:SP_2759,Ecole St-Alban,22
2290508,09:35:00,09:35:10,stop_point:SP_2178,Gafelaze,23
2290508,09:36:00,09:36:10,stop_point:SP_3651,St-Alban Salvador Allende,24
2290508,09:37:00,09:37:10,stop_point:SP_5169,Fenouillet Ctre Cial - Entrée Sud,25
2290508,09:38:00,09:38:10,stop_point:SP_5248,Fenouillet Ctre Cial - Entrée Nord,26
2290508,09:39:00,09:39:10,stop_point:SP_5247,Fenouillet Ctre Cial - Entrée Nord,27
2290509,09:28:00,09:28:10,stop_point:SP_1175,La Vache,1
2290509,09:30:00,09:30:10,stop_point:SP_327,Pader,2
2290509,09:30:00,09:30:10,stop_point:SP_3826,Le Grand Marché - Pont de La Vache,3
2290509,09:32:00,09:32:10,stop_point:SP_3721,Collège Rosa Parks,4
2290509,09:33:00,09:33:10,stop_point:SP_753,Riché Lalande,5
2290509,09:35:00,09:35:10,stop_point:SP_1880,Lapin,6
2290509,09:35:00,09:35:10,stop_point:SP_1995,Roubiéchou,7
2290509,09:36:00,09:36:10,stop_point:SP_1993,Lapparou,8
2290509,09:37:00,09:37:10,stop_point:SP_2419,Gaussen,9
2290509,09:39:00,09:39:10,stop_point:SP_1499,Salvy,10
2290509,09:39:00,09:39:10,stop_point:SP_445,Eglise Aucamville,11
2290509,09:40:00,09:40:10,stop_point:SP_3252,Mairie Aucamville,12
2290509,09:41:00,09:41:10,stop_point:SP_1128,Favasse,13
2290509,09:42:00,09:42:10,stop_point:SP_619,Aucamville Collège,14
2290509,09:43:00,09:43:10,stop_point:SP_2651,Raudelauzette,15
2290509,09:44:00,09:44:10,stop_point:SP_455,Mariel,16
2290509,09:45:00,09:45:10,stop_point:SP_1577,Peyronnette,17
2290509,09:46:00,09:46:10,stop_point:SP_1718,St-Alban Ctre Cial,18
2290509,09:47:00,09:47:10,stop_point:SP_3784,Egalité,19
2290509,09:47:00,09:47:10,stop_point:SP_1557,Sables,20
2290509,09:48:00,09:48:10,stop_point:SP_641,Mairie St-Alban,21
2290509,09:49:00,09:49:10,stop_point:SP_2759,Ecole St-Alban,22
2290509,09:50:00,09:50:10,stop_point:SP_2178,Gafelaze,23
2290509,09:51:00,09:51:10,stop_point:SP_3651,St-Alban Salvador Allende,24
2290509,09:52:00,09:52:10,stop_point:SP_5169,Fenouillet Ctre Cial - Entrée Sud,25
2290509,09:53:00,09:53:10,stop_point:SP_5248,Fenouillet Ctre Cial - Entrée Nord,26
2290509,09:54:00,09:54:10,stop_point:SP_5247,Fenouillet Ctre Cial - Entrée Nord,27
2290510,09:43:00,09:43:10,stop_point:SP_1175,La Vache,1
2290510,09:45:00,09:45:10,stop_point:SP_327,Pader,2
2290510,09:45:00,09:45:10,stop_point:SP_3826,Le Grand Marché - Pont de La Vache,3
2290510,09:47:00,09:47:10,stop_point:SP_3721,Collège Rosa Parks,4
2290510,09:48:00,09:48:10,stop_point:SP_753,Riché Lalande,5
2290510,09:50:00,09:50:10,stop_point:SP_1880,Lapin,6
2290510,09:50:00,09:50:10,stop_point:SP_1995,Roubiéchou,7
2290510,09:51:00,09:51:10,stop_point:SP_1993,Lapparou,8
2290510,09:52:00,09:52:10,stop_point:SP_2419,Gaussen,9
2290510,09:54:00,09:54:10,stop_point:SP_1499,Salvy,10
2290510,09:54:00,09:54:10,stop_point:SP_445,Eglise Aucamville,11
2290510,09:55:00,09:55:10,stop_point:SP_3252,Mairie Aucamville,12
2290510,09:56:00,09:56:10,stop_point:SP_1128,Favasse,13
2290510,09:57:00,09:57:10,stop_point:SP_619,Aucamville Collège,14
2290510,09:58:00,09:58:10,stop_point:SP_2651,Raudelauzette,15
2290510,09:59:00,09:59:10,stop_point:SP_455,Mariel,16
2290510,10:00:00,10:00:10,stop_point:SP_1577,Peyronnette,17
2290510,10:01:00,10:01:10,stop_point:SP_1718,St-Alban Ctre Cial,18
2290510,10:02:00,10:02:10,stop_point:SP_3784,Egalité,19
2290510,10:02:00,10:02:10,stop_point:SP_1557,Sables,20
2290510,10:03:00,10:03:10,stop_point:SP_641,Mairie St-Alban,21
2290510,10:04:00,10:04:10,stop_point:SP_2759,Ecole St-Alban,22
2290510,10:05:00,10:05:10,stop_point:SP_2178,Gafelaze,23
2290510,10:06:00,10:06:10,stop_point:SP_3651,St-Alban Salvador Allende,24
2290510,10:07:00,10:07:10,stop_point:SP_5169,Fenouillet Ctre Cial - Entrée Sud,25
2290510,10:08:00,10:08:10,stop_point:SP_5248,Fenouillet Ctre Cial - Entrée Nord,26
2290510,10:09:00,10:09:10,stop_point:SP_5247,Fenouillet Ctre Cial - Entrée Nord,27
2290511,09:58:00,09:58:10,stop_point:SP_1175,La Vache,1
2290511,10:00:00,10:00:10,stop_point:SP_327,Pader,2
2290511,10:01:00,10:01:10,stop_point:SP_3826,Le Grand Marché - Pont de La Vache,3
2290511,10:02:00,10:02:10,stop_point:SP_3721,Collège Rosa Parks,4
2290511,10:04:00,10:04:10,stop_point:SP_753,Riché Lalande,5
2290511,10:06:00,10:06:10,stop_point:SP_1880,Lapin,6
2290511,10:06:00,10:06:10,stop_point:SP_1995,Roubiéchou,7
2290511,10:07:00,10:07:10,stop_point:SP_1993,Lapparou,8
2290511,10:08:00,10:08:10,stop_point:SP_2419,Gaussen,9
2290511,10:10:00,10:10:10,stop_point:SP_1499,Salvy,10
2290511,10:10:00,10:10:10,stop_point:SP_445,Eglise Aucamville,11
2290511,10:11:00,10:11:10,stop_point:SP_3252,Mairie Aucamville,12
2290511,10:12:00,10:12:10,stop_point:SP_1128,Favasse,13
2290511,10:13:00,10:13:10,stop_point:SP_619,Aucamville Collège,14
2290511,10:14:00,10:14:10,stop_point:SP_2651,Raudelauzette,15
2290511,10:15:00,10:15:10,stop_point:SP_455,Mariel,16
2290511,10:16:00,10:16:10,stop_point:SP_1577,Peyronnette,17
2290511,10:17:00,10:17:10,stop_point:SP_1718,St-Alban Ctre Cial,18
2290511,10:18:00,10:18:10,stop_point:SP_3784,Egalité,19
2290511,10:18:00,10:18:10,stop_point:SP_1557,Sables,20
2290511,10:19:00,10:19:10,stop_point:SP_641,Mairie St-Alban,21
2290511,10:20:00,10:20:10,stop_point:SP_2759,Ecole St-Alban,22
2290511,10:21:00,10:21:10,stop_point:SP_2178,Gafelaze,23
2290511,10:22:00,10:22:10,stop_point:SP_3651,St-Alban Salvador Allende,24
2290511,10:23:00,10:23:10,stop_point:SP_5169,Fenouillet Ctre Cial - Entrée Sud,25
2290511,10:24:00,10:24:10,stop_point:SP_5248,Fenouillet Ctre Cial - Entrée Nord,26
2290511,10:25:00,10:25:10,stop_point:SP_5247,Fenouillet Ctre Cial - Entrée Nord,27
2290512,10:13:00,10:13:10,stop_point:SP_1175,La Vache,1
2290512,10:15:00,10:15:10,stop_point:SP_327,Pader,2
2290512,10:16:00,10:16:10,stop_point:SP_3826,Le Grand Marché - Pont de La Vache,3
2290512,10:17:00,10:17:10,stop_point:SP_3721,Collège Rosa Parks,4
2290512,10:19:00,10:19:10,stop_point:SP_753,Riché Lalande,5
2290512,10:21:00,10:21:10,stop_point:SP_1880,Lapin,6
2290512,10:21:00,10:21:10,stop_point:SP_1995,Roubiéchou,7
2290512,10:22:00,10:22:10,stop_point:SP_1993,Lapparou,8
2290512,10:23:00,10:23:10,stop_point:SP_2419,Gaussen,9
2290512,10:25:00,10:25:10,stop_point:SP_1499,Salvy,10
2290512,10:25:00,10:25:10,stop_point:SP_445,Eglise Aucamville,11
2290512,10:26:00,10:26:10,stop_point:SP_3252,Mairie Aucamville,12
2290512,10:27:00,10:27:10,stop_point:SP_1128,Favasse,13
2290512,10:28:00,10:28:10,stop_point:SP_619,Aucamville Collège,14
2290512,10:29:00,10:29:10,stop_point:SP_2651,Raudelauzette,15
2290512,10:30:00,10:30:10,stop_point:SP_455,Mariel,16
2290512,10:31:00,10:31:10,stop_point:SP_1577,Peyronnette,17
2290512,10:32:00,10:32:10,stop_point:SP_1718,St-Alban Ctre Cial,18
2290512,10:33:00,10:33:10,stop_point:SP_3784,Egalité,19
2290512,10:33:00,10:33:10,stop_point:SP_1557,Sables,20
2290512,10:34:00,10:34:10,stop_point:SP_641,Mairie St-Alban,21
2290512,10:35:00,10:35:10,stop_point:SP_2759,Ecole St-Alban,22
2290512,10:36:00,10:36:10,stop_point:SP_2178,Gafelaze,23
2290512,10:37:00,10:37:10,stop_point:SP_3651,St-Alban Salvador Allende,24
2290512,10:38:00,10:38:10,stop_point:SP_5169,Fenouillet Ctre Cial - Entrée Sud,25
2290512,10:39:00,10:39:10,stop_point:SP_5248,Fenouillet Ctre Cial - Entrée Nord,26
2290512,10:40:00,10:40:10,stop_point:SP_5247,Fenouillet Ctre Cial - Entrée Nord,27
2290513,10:28:00,10:28:10,stop_point:SP_1175,La Vache,1
2290513,10:30:00,10:30:10,stop_point:SP_327,Pader,2
2290513,10:31:00,10:31:10,stop_point:SP_3826,Le Grand Marché - Pont de La Vache,3
2290513,10:32:00,10:32:10,stop_point:SP_3721,Collège Rosa Parks,4
2290513,10:34:00,10:34:10,stop_point:SP_753,Riché Lalande,5
2290513,10:36:00,10:36:10,stop_point:SP_1880,Lapin,6
2290513,10:36:00,10:36:10,stop_point:SP_1995,Roubiéchou,7
2290513,10:37:00,10:37:10,stop_point:SP_1993,Lapparou,8
2290513,10:38:00,10:38:10,stop_point:SP_2419,Gaussen,9
2290513,10:40:00,10:40:10,stop_point:SP_1499,Salvy,10
2290513,10:40:00,10:40:10,stop_point:SP_445,Eglise Aucamville,11
2290513,10:41:00,10:41:10,stop_point:SP_3252,Mairie Aucamville,12
2290513,10:42:00,10:42:10,stop_point:SP_1128,Favasse,13
2290513,10:43:00,10:43:10,stop_point:SP_619,Aucamville Collège,14
2290513,10:44:00,10:44:10,stop_point:SP_2651,Raudelauzette,15
2290513,10:45:00,10:45:10,stop_point:SP_455,Mariel,16
2290513,10:46:00,10:46:10,stop_point:SP_1577,Peyronnette,17
2290513,10:47:00,10:47:10,stop_point:SP_1718,St-Alban Ctre Cial,18
2290513,10:48:00,10:48:10,stop_point:SP_3784,Egalité,19
2290513,10:48:00,10:48:10,stop_point:SP_1557,Sables,20
2290513,10:49:00,10:49:10,stop_point:SP_641,Mairie St-Alban,21
2290513,10:50:00,10:50:10,stop_point:SP_2759,Ecole St-Alban,22
2290513,10:51:00,10:51:10,stop_point:SP_2178,Gafelaze,23
2290513,10:52:00,10:52:10,stop_point:SP_3651,St-Alban Salvador Allende,24
2290513,10:53:00,10:53:10,stop_point:SP_5169,Fenouillet Ctre Cial - Entrée Sud,25
2290513,10:54:00,10:54:10,stop_point:SP_5248,Fenouillet Ctre Cial - Entrée Nord,26
2290513,10:55:00,10:55:10,stop_point:SP_5247,Fenouillet Ctre Cial - Entrée Nord,27
2290514,10:43:00,10:43:10,stop_point:SP_1175,La Vache,1
2290514,10:45:00,10:45:10,stop_point:SP_327,Pader,2
2290514,10:46:00,10:46:10,stop_point:SP_3826,Le Grand Marché - Pont de La Vache,3
2290514,10:47:00,10:47:10,stop_point:SP_3721,Collège Rosa Parks,4
2290514,10:49:00,10:49:10,stop_point:SP_753,Riché Lalande,5
2290514,10:51:00,10:51:10,stop_point:SP_1880,Lapin,6
2290514,10:52:00,10:52:10,stop_point:SP_1995,Roubiéchou,7
2290514,10:53:00,10:53:10,stop_point:SP_1993,Lapparou,8
2290514,10:54:00,10:54:10,stop_point:SP_2419,Gaussen,9
2290514,10:55:00,10:55:10,stop_point:SP_1499,Salvy,10
2290514,10:56:00,10:56:10,stop_point:SP_445,Eglise Aucamville,11
2290514,10:57:00,10:57:10,stop_point:SP_3252,Mairie Aucamville,12
2290514,10:58:00,10:58:10,stop_point:SP_1128,Favasse,13
2290514,10:59:00,10:59:10,stop_point:SP_619,Aucamville Collège,14
2290514,11:00:00,11:00:10,stop_point:SP_2651,Raudelauzette,15
2290514,11:01:00,11:01:10,stop_point:SP_455,Mariel,16
2290514,11:02:00,11:02:10,stop_point:SP_1577,Peyronnette,17
2290514,11:03:00,11:03:10,stop_point:SP_1718,St-Alban Ctre Cial,18
2290514,11:04:00,11:04:10,stop_point:SP_3784,Egalité,19
2290514,11:04:00,11:04:10,stop_point:SP_1557,Sables,20
2290514,11:05:00,11:05:10,stop_point:SP_641,Mairie St-Alban,21
2290514,11:06:00,11:06:10,stop_point:SP_2759,Ecole St-Alban,22
2290514,11:07:00,11:07:10,stop_point:SP_2178,Gafelaze,23
2290514,11:08:00,11:08:10,stop_point:SP_3651,St-Alban Salvador Allende,24
2290514,11:09:00,11:09:10,stop_point:SP_5169,Fenouillet Ctre Cial - Entrée Sud,25
2290514,11:10:00,11:10:10,stop_point:SP_5248,Fenouillet Ctre Cial - Entrée Nord,26
2290514,11:11:00,11:11:10,stop_point:SP_5247,Fenouillet Ctre Cial - Entrée Nord,27
2290515,10:58:00,10:58:10,stop_point:SP_1175,La Vache,1
2290515,11:00:00,11:00:10,stop_point:SP_327,Pader,2
2290515,11:01:00,11:01:10,stop_point:SP_3826,Le Grand Marché - Pont de La Vache,3
2290515,11:02:00,11:02:10,stop_point:SP_3721,Collège Rosa Parks,4
2290515,11:04:00,11:04:10,stop_point:SP_753,Riché Lalande,5
2290515,11:06:00,11:06:10,stop_point:SP_1880,Lapin,6
2290515,11:07:00,11:07:10,stop_point:SP_1995,Roubiéchou,7
2290515,11:08:00,11:08:10,stop_point:SP_1993,Lapparou,8
2290515,11:09:00,11:09:10,stop_point:SP_2419,Gaussen,9
2290515,11:10:00,11:10:10,stop_point:SP_1499,Salvy,10
2290515,11:11:00,11:11:10,stop_point:SP_445,Eglise Aucamville,11
2290515,11:12:00,11:12:10,stop_point:SP_3252,Mairie Aucamville,12
2290515,11:13:00,11:13:10,stop_point:SP_1128,Favasse,13
2290515,11:14:00,11:14:10,stop_point:SP_619,Aucamville Collège,14
2290515,11:15:00,11:15:10,stop_point:SP_2651,Raudelauzette,15
2290515,11:16:00,11:16:10,stop_point:SP_455,Mariel,16
2290515,11:17:00,11:17:10,stop_point:SP_1577,Peyronnette,17
2290515,11:18:00,11:18:10,stop_point:SP_1718,St-Alban Ctre Cial,18
2290515,11:19:00,11:19:10,stop_point:SP_3784,Egalité,19
2290515,11:19:00,11:19:10,stop_point:SP_1557,Sables,20
2290515,11:20:00,11:20:10,stop_point:SP_641,Mairie St-Alban,21
2290515,11:21:00,11:21:10,stop_point:SP_2759,Ecole St-Alban,22
2290515,11:22:00,11:22:10,stop_point:SP_2178,Gafelaze,23
2290515,11:23:00,11:23:10,stop_point:SP_3651,St-Alban Salvador Allende,24
2290515,11:24:00,11:24:10,stop_point:SP_5169,Fenouillet Ctre Cial - Entrée Sud,25
2290515,11:25:00,11:25:10,stop_point:SP_5248,Fenouillet Ctre Cial - Entrée Nord,26
2290515,11:26:00,11:26:10,stop_point:SP_5247,Fenouillet Ctre Cial - Entrée Nord,27
2290516,11:13:00,11:13:10,stop_point:SP_1175,La Vache,1
2290516,11:15:00,11:15:10,stop_point:SP_327,Pader,2
2290516,11:16:00,11:16:10,stop_point:SP_3826,Le Grand Marché - Pont de La Vache,3
2290516,11:17:00,11:17:10,stop_point:SP_3721,Collège Rosa Parks,4
2290516,11:19:00,11:19:10,stop_point:SP_753,Riché Lalande,5
2290516,11:21:00,11:21:10,stop_point:SP_1880,Lapin,6
2290516,11:22:00,11:22:10,stop_point:SP_1995,Roubiéchou,7
2290516,11:23:00,11:23:10,stop_point:SP_1993,Lapparou,8
2290516,11:24:00,11:24:10,stop_point:SP_2419,Gaussen,9
2290516,11:25:00,11:25:10,stop_point:SP_1499,Salvy,10
2290516,11:26:00,11:26:10,stop_point:SP_445,Eglise Aucamville,11
2290516,11:27:00,11:27:10,stop_point:SP_3252,Mairie Aucamville,12
2290516,11:28:00,11:28:10,stop_point:SP_1128,Favasse,13
2290516,11:29:00,11:29:10,stop_point:SP_619,Aucamville Collège,14
2290516,11:30:00,11:30:10,stop_point:SP_2651,Raudelauzette,15
2290516,11:31:00,11:31:10,stop_point:SP_455,Mariel,16
2290516,11:32:00,11:32:10,stop_point:SP_1577,Peyronnette,17
2290516,11:33:00,11:33:10,stop_point:SP_1718,St-Alban Ctre Cial,18
2290516,11:34:00,11:34:10,stop_point:SP_3784,Egalité,19
2290516,11:34:00,11:34:10,stop_point:SP_1557,Sables,20
2290516,11:35:00,11:35:10,stop_point:SP_641,Mairie St-Alban,21
2290516,11:36:00,11:36:10,stop_point:SP_2759,Ecole St-Alban,22
2290516,11:37:00,11:37:10,stop_point:SP_2178,Gafelaze,23
2290516,11:38:00,11:38:10,stop_point:SP_3651,St-Alban Salvador Allende,24
2290516,11:39:00,11:39:10,stop_point:SP_5169,Fenouillet Ctre Cial - Entrée Sud,25
2290516,11:40:00,11:40:10,stop_point:SP_5248,Fenouillet Ctre Cial - Entrée Nord,26
2290516,11:41:00,11:41:10,stop_point:SP_5247,Fenouillet Ctre Cial - Entrée Nord,27
2290517,11:28:00,11:28:10,stop_point:SP_1175,La Vache,1
2290517,11:30:00,11:30:10,stop_point:SP_327,Pader,2
2290517,11:31:00,11:31:10,stop_point:SP_3826,Le Grand Marché - Pont de La Vache,3
2290517,11:32:00,11:32:10,stop_point:SP_3721,Collège Rosa Parks,4
2290517,11:34:00,11:34:10,stop_point:SP_753,Riché Lalande,5
2290517,11:36:00,11:36:10,stop_point:SP_1880,Lapin,6
2290517,11:37:00,11:37:10,stop_point:SP_1995,Roubiéchou,7
2290517,11:38:00,11:38:10,stop_point:SP_1993,Lapparou,8
2290517,11:39:00,11:39:10,stop_point:SP_2419,Gaussen,9
2290517,11:40:00,11:40:10,stop_point:SP_1499,Salvy,10
2290517,11:41:00,11:41:10,stop_point:SP_445,Eglise Aucamville,11
2290517,11:42:00,11:42:10,stop_point:SP_3252,Mairie Aucamville,12
2290517,11:43:00,11:43:10,stop_point:SP_1128,Favasse,13
2290517,11:44:00,11:44:10,stop_point:SP_619,Aucamville Collège,14
2290517,11:45:00,11:45:10,stop_point:SP_2651,Raudelauzette,15
2290517,11:46:00,11:46:10,stop_point:SP_455,Mariel,16
2290517,11:47:00,11:47:10,stop_point:SP_1577,Peyronnette,17
2290517,11:48:00,11:48:10,stop_point:SP_1718,St-Alban Ctre Cial,18
2290517,11:49:00,11:49:10,stop_point:SP_3784,Egalité,19
2290517,11:49:00,11:49:10,stop_point:SP_1557,Sables,20
2290517,11:50:00,11:50:10,stop_point:SP_641,Mairie St-Alban,21
2290517,11:51:00,11:51:10,stop_point:SP_2759,Ecole St-Alban,22
2290517,11:52:00,11:52:10,stop_point:SP_2178,Gafelaze,23
2290517,11:53:00,11:53:10,stop_point:SP_3651,St-Alban Salvador Allende,24
2290517,11:54:00,11:54:10,stop_point:SP_5169,Fenouillet Ctre Cial - Entrée Sud,25
2290517,11:55:00,11:55:10,stop_point:SP_5248,Fenouillet Ctre Cial - Entrée Nord,26
2290517,11:56:00,11:56:10,stop_point:SP_5247,Fenouillet Ctre Cial - Entrée Nord,27
2290518,11:43:00,11:43:10,stop_point:SP_1175,La Vache,1
2290518,11:45:00,11:45:10,stop_point:SP_327,Pader,2
2290518,11:46:00,11:46:10,stop_point:SP_3826,Le Grand Marché - Pont de La Vache,3
2290518,11:47:00,11:47:10,stop_point:SP_3721,Collège Rosa Parks,4
2290518,11:49:00,11:49:10,stop_point:SP_753,Riché Lalande,5
2290518,11:51:00,11:51:10,stop_point:SP_1880,Lapin,6
2290518,11:52:00,11:52:10,stop_point:SP_1995,Roubiéchou,7
2290518,11:53:00,11:53:10,stop_point:SP_1993,Lapparou,8
2290518,11:54:00,11:54:10,stop_point:SP_2419,Gaussen,9
2290518,11:55:00,11:55:10,stop_point:SP_1499,Salvy,10
2290518,11:56:00,11:56:10,stop_point:SP_445,Eglise Aucamville,11
2290518,11:57:00,11:57:10,stop_point:SP_3252,Mairie Aucamville,12
2290518,11:58:00,11:58:10,stop_point:SP_1128,Favasse,13
2290518,11:59:00,11:59:10,stop_point:SP_619,Aucamville Collège,14
2290518,12:00:00,12:00:10,stop_point:SP_2651,Raudelauzette,15
2290518,12:01:00,12:01:10,stop_point:SP_455,Mariel,16
2290518,12:02:00,12:02:10,stop_point:SP_1577,Peyronnette,17
2290518,12:03:00,12:03:10,stop_point:SP_1718,St-Alban Ctre Cial,18
2290518,12:04:00,12:04:10,stop_point:SP_3784,Egalité,19
2290518,12:04:00,12:04:10,stop_point:SP_1557,Sables,20
2290518,12:05:00,12:05:10,stop_point:SP_641,Mairie St-Alban,21
2290518,12:06:00,12:06:10,stop_point:SP_2759,Ecole St-Alban,22
2290518,12:07:00,12:07:10,stop_point:SP_2178,Gafelaze,23
2290518,12:08:00,12:08:10,stop_point:SP_3651,St-Alban Salvador Allende,24
2290518,12:09:00,12:09:10,stop_point:SP_5169,Fenouillet Ctre Cial - Entrée Sud,25
2290518,12:10:00,12:10:10,stop_point:SP_5248,Fenouillet Ctre Cial - Entrée Nord,26
2290518,12:11:00,12:11:10,stop_point:SP_5247,Fenouillet Ctre Cial - Entrée Nord,27
2290519,11:58:00,11:58:10,stop_point:SP_1175,La Vache,1
2290519,12:00:00,12:00:10,stop_point:SP_327,Pader,2
2290519,12:01:00,12:01:10,stop_point:SP_3826,Le Grand Marché - Pont de La Vache,3
2290519,12:02:00,12:02:10,stop_point:SP_3721,Collège Rosa Parks,4
2290519,12:04:00,12:04:10,stop_point:SP_753,Riché Lalande,5
2290519,12:06:00,12:06:10,stop_point:SP_1880,Lapin,6
2290519,12:07:00,12:07:10,stop_point:SP_1995,Roubiéchou,7
2290519,12:08:00,12:08:10,stop_point:SP_1993,Lapparou,8
2290519,12:09:00,12:09:10,stop_point:SP_2419,Gaussen,9
2290519,12:10:00,12:10:10,stop_point:SP_1499,Salvy,10
2290519,12:11:00,12:11:10,stop_point:SP_445,Eglise Aucamville,11
2290519,12:12:00,12:12:10,stop_point:SP_3252,Mairie Aucamville,12
2290519,12:13:00,12:13:10,stop_point:SP_1128,Favasse,13
2290519,12:14:00,12:14:10,stop_point:SP_619,Aucamville Collège,14
2290519,12:15:00,12:15:10,stop_point:SP_2651,Raudelauzette,15
2290519,12:16:00,12:16:10,stop_point:SP_455,Mariel,16
2290519,12:17:00,12:17:10,stop_point:SP_1577,Peyronnette,17
2290519,12:18:00,12:18:10,stop_point:SP_1718,St-Alban Ctre Cial,18
2290519,12:19:00,12:19:10,stop_point:SP_3784,Egalité,19
2290519,12:19:00,12:19:10,stop_point:SP_1557,Sables,20
2290519,12:20:00,12:20:10,stop_point:SP_641,Mairie St-Alban,21
2290519,12:21:00,12:21:10,stop_point:SP_2759,Ecole St-Alban,22
2290519,12:22:00,12:22:10,stop_point:SP_2178,Gafelaze,23
2290519,12:23:00,12:23:10,stop_point:SP_3651,St-Alban Salvador Allende,24
2290519,12:24:00,12:24:10,stop_point:SP_5169,Fenouillet Ctre Cial - Entrée Sud,25
2290519,12:25:00,12:25:10,stop_point:SP_5248,Fenouillet Ctre Cial - Entrée Nord,26
2290519,12:26:00,12:26:10,stop_point:SP_5247,Fenouillet Ctre Cial - Entrée Nord,27
2290520,12:13:00,12:13:10,stop_point:SP_1175,La Vache,1
2290520,12:15:00,12:15:10,stop_point:SP_327,Pader,2
2290520,12:16:00,12:16:10,stop_point:SP_3826,Le Grand Marché - Pont de La Vache,3
2290520,12:17:00,12:17:10,stop_point:SP_3721,Collège Rosa Parks,4
2290520,12:19:00,12:19:10,stop_point:SP_753,Riché Lalande,5
2290520,12:21:00,12:21:10,stop_point:SP_1880,Lapin,6
2290520,12:22:00,12:22:10,stop_point:SP_1995,Roubiéchou,7
2290520,12:23:00,12:23:10,stop_point:SP_1993,Lapparou,8
2290520,12:24:00,12:24:10,stop_point:SP_2419,Gaussen,9
2290520,12:25:00,12:25:10,stop_point:SP_1499,Salvy,10
2290520,12:26:00,12:26:10,stop_point:SP_445,Eglise Aucamville,11
2290520,12:27:00,12:27:10,stop_point:SP_3252,Mairie Aucamville,12
2290520,12:28:00,12:28:10,stop_point:SP_1128,Favasse,13
2290520,12:29:00,12:29:10,stop_point:SP_619,Aucamville Collège,14
2290520,12:30:00,12:30:10,stop_point:SP_2651,Raudelauzette,15
2290520,12:31:00,12:31:10,stop_point:SP_455,Mariel,16
2290520,12:32:00,12:32:10,stop_point:SP_1577,Peyronnette,17
2290520,12:33:00,12:33:10,stop_point:SP_1718,St-Alban Ctre Cial,18
2290520,12:34:00,12:34:10,stop_point:SP_3784,Egalité,19
2290520,12:34:00,12:34:10,stop_point:SP_1557,Sables,20
2290520,12:35:00,12:35:10,stop_point:SP_641,Mairie St-Alban,21
2290520,12:36:00,12:36:10,stop_point:SP_2759,Ecole St-Alban,22
2290520,12:37:00,12:37:10,stop_point:SP_2178,Gafelaze,23
2290520,12:38:00,12:38:10,stop_point:SP_3651,St-Alban Salvador Allende,24
2290520,12:39:00,12:39:10,stop_point:SP_5169,Fenouillet Ctre Cial - Entrée Sud,25
2290520,12:40:00,12:40:10,stop_point:SP_5248,Fenouillet Ctre Cial - Entrée Nord,26
2290520,12:41:00,12:41:10,stop_point:SP_5247,Fenouillet Ctre Cial - Entrée Nord,27
2290521,12:28:00,12:28:10,stop_point:SP_1175,La Vache,1
2290521,12:30:00,12:30:10,stop_point:SP_327,Pader,2
2290521,12:31:00,12:31:10,stop_point:SP_3826,Le Grand Marché - Pont de La Vache,3
2290521,12:32:00,12:32:10,stop_point:SP_3721,Collège Rosa Parks,4
2290521,12:34:00,12:34:10,stop_point:SP_753,Riché Lalande,5
2290521,12:36:00,12:36:10,stop_point:SP_1880,Lapin,6
2290521,12:37:00,12:37:10,stop_point:SP_1995,Roubiéchou,7
2290521,12:38:00,12:38:10,stop_point:SP_1993,Lapparou,8
2290521,12:39:00,12:39:10,stop_point:SP_2419,Gaussen,9
2290521,12:40:00,12:40:10,stop_point:SP_1499,Salvy,10
2290521,12:41:00,12:41:10,stop_point:SP_445,Eglise Aucamville,11
2290521,12:42:00,12:42:10,stop_point:SP_3252,Mairie Aucamville,12
2290521,12:43:00,12:43:10,stop_point:SP_1128,Favasse,13
2290521,12:44:00,12:44:10,stop_point:SP_619,Aucamville Collège,14
2290521,12:45:00,12:45:10,stop_point:SP_2651,Raudelauzette,15
2290521,12:46:00,12:46:10,stop_point:SP_455,Mariel,16
2290521,12:47:00,12:47:10,stop_point:SP_1577,Peyronnette,17
2290521,12:48:00,12:48:10,stop_point:SP_1718,St-Alban Ctre Cial,18
2290521,12:49:00,12:49:10,stop_point:SP_3784,Egalité,19
2290521,12:49:00,12:49:10,stop_point:SP_1557,Sables,20
2290521,12:50:00,12:50:10,stop_point:SP_641,Mairie St-Alban,21
2290521,12:51:00,12:51:10,stop_point:SP_2759,Ecole St-Alban,22
2290521,12:52:00,12:52:10,stop_point:SP_2178,Gafelaze,23
2290521,12:53:00,12:53:10,stop_point:SP_3651,St-Alban Salvador Allende,24
2290521,12:54:00,12:54:10,stop_point:SP_5169,Fenouillet Ctre Cial - Entrée Sud,25
2290521,12:55:00,12:55:10,stop_point:SP_5248,Fenouillet Ctre Cial - Entrée Nord,26
2290521,12:56:00,12:56:10,stop_point:SP_5247,Fenouillet Ctre Cial - Entrée Nord,27
2290522,12:43:00,12:43:10,stop_point:SP_1175,La Vache,1
2290522,12:45:00,12:45:10,stop_point:SP_327,Pader,2
2290522,12:46:00,12:46:10,stop_point:SP_3826,Le Grand Marché - Pont de La Vache,3
2290522,12:47:00,12:47:10,stop_point:SP_3721,Collège Rosa Parks,4
2290522,12:49:00,12:49:10,stop_point:SP_753,Riché Lalande,5
2290522,12:51:00,12:51:10,stop_point:SP_1880,Lapin,6
2290522,12:52:00,12:52:10,stop_point:SP_1995,Roubiéchou,7
2290522,12:53:00,12:53:10,stop_point:SP_1993,Lapparou,8
2290522,12:54:00,12:54:10,stop_point:SP_2419,Gaussen,9
2290522,12:55:00,12:55:10,stop_point:SP_1499,Salvy,10
2290522,12:56:00,12:56:10,stop_point:SP_445,Eglise Aucamville,11
2290522,12:57:00,12:57:10,stop_point:SP_3252,Mairie Aucamville,12
2290522,12:58:00,12:58:10,stop_point:SP_1128,Favasse,13
2290522,12:59:00,12:59:10,stop_point:SP_619,Aucamville Collège,14
2290522,13:00:00,13:00:10,stop_point:SP_2651,Raudelauzette,15
2290522,13:01:00,13:01:10,stop_point:SP_455,Mariel,16
2290522,13:02:00,13:02:10,stop_point:SP_1577,Peyronnette,17
2290522,13:03:00,13:03:10,stop_point:SP_1718,St-Alban Ctre Cial,18
2290522,13:04:00,13:04:10,stop_point:SP_3784,Egalité,19
2290522,13:04:00,13:04:10,stop_point:SP_1557,Sables,20
2290522,13:05:00,13:05:10,stop_point:SP_641,Mairie St-Alban,21
2290522,13:06:00,13:06:10,stop_point:SP_2759,Ecole St-Alban,22
2290522,13:07:00,13:07:10,stop_point:SP_2178,Gafelaze,23
2290522,13:08:00,13:08:10,stop_point:SP_3651,St-Alban Salvador Allende,24
2290522,13:09:00,13:09:10,stop_point:SP_5169,Fenouillet Ctre Cial - Entrée Sud,25
2290522,13:10:00,13:10:10,stop_point:SP_5248,Fenouillet Ctre Cial - Entrée Nord,26
2290522,13:11:00,13:11:10,stop_point:SP_5247,Fenouillet Ctre Cial - Entrée Nord,27
2290523,12:58:00,12:58:10,stop_point:SP_1175,La Vache,1
2290523,13:00:00,13:00:10,stop_point:SP_327,Pader,2
2290523,13:01:00,13:01:10,stop_point:SP_3826,Le Grand Marché - Pont de La Vache,3
2290523,13:02:00,13:02:10,stop_point:SP_3721,Collège Rosa Parks,4
2290523,13:04:00,13:04:10,stop_point:SP_753,Riché Lalande,5
2290523,13:06:00,13:06:10,stop_point:SP_1880,Lapin,6
2290523,13:07:00,13:07:10,stop_point:SP_1995,Roubiéchou,7
2290523,13:08:00,13:08:10,stop_point:SP_1993,Lapparou,8
2290523,13:09:00,13:09:10,stop_point:SP_2419,Gaussen,9
2290523,13:10:00,13:10:10,stop_point:SP_1499,Salvy,10
2290523,13:11:00,13:11:10,stop_point:SP_445,Eglise Aucamville,11
2290523,13:12:00,13:12:10,stop_point:SP_3252,Mairie Aucamville,12
2290523,13:13:00,13:13:10,stop_point:SP_1128,Favasse,13
2290523,13:14:00,13:14:10,stop_point:SP_619,Aucamville Collège,14
2290523,13:15:00,13:15:10,stop_point:SP_2651,Raudelauzette,15
2290523,13:16:00,13:16:10,stop_point:SP_455,Mariel,16
2290523,13:17:00,13:17:10,stop_point:SP_1577,Peyronnette,17
2290523,13:18:00,13:18:10,stop_point:SP_1718,St-Alban Ctre Cial,18
2290523,13:19:00,13:19:10,stop_point:SP_3784,Egalité,19
2290523,13:19:00,13:19:10,stop_point:SP_1557,Sables,20
2290523,13:20:00,13:20:10,stop_point:SP_641,Mairie St-Alban,21
2290523,13:21:00,13:21:10,stop_point:SP_2759,Ecole St-Alban,22
2290523,13:22:00,13:22:10,stop_point:SP_2178,Gafelaze,23
2290523,13:23:00,13:23:10,stop_point:SP_3651,St-Alban Salvador Allende,24
2290523,13:24:00,13:24:10,stop_point:SP_5169,Fenouillet Ctre Cial - Entrée Sud,25
2290523,13:25:00,13:25:10,stop_point:SP_5248,Fenouillet Ctre Cial - Entrée Nord,26
2290523,13:26:00,13:26:10,stop_point:SP_5247,Fenouillet Ctre Cial - Entrée Nord,27
2290524,13:13:00,13:13:10,stop_point:SP_1175,La Vache,1
2290524,13:15:00,13:15:10,stop_point:SP_327,Pader,2
2290524,13:16:00,13:16:10,stop_point:SP_3826,Le Grand Marché - Pont de La Vache,3
2290524,13:17:00,13:17:10,stop_point:SP_3721,Collège Rosa Parks,4
2290524,13:19:00,13:19:10,stop_point:SP_753,Riché Lalande,5
2290524,13:21:00,13:21:10,stop_point:SP_1880,Lapin,6
2290524,13:22:00,13:22:10,stop_point:SP_1995,Roubiéchou,7
2290524,13:23:00,13:23:10,stop_point:SP_1993,Lapparou,8
2290524,13:24:00,13:24:10,stop_point:SP_2419,Gaussen,9
2290524,13:25:00,13:25:10,stop_point:SP_1499,Salvy,10
2290524,13:26:00,13:26:10,stop_point:SP_445,Eglise Aucamville,11
2290524,13:27:00,13:27:10,stop_point:SP_3252,Mairie Aucamville,12
2290524,13:28:00,13:28:10,stop_point:SP_1128,Favasse,13
2290524,13:29:00,13:29:10,stop_point:SP_619,Aucamville Collège,14
2290524,13:30:00,13:30:10,stop_point:SP_2651,Raudelauzette,15
2290524,13:31:00,13:31:10,stop_point:SP_455,Mariel,16
2290524,13:32:00,13:32:10,stop_point:SP_1577,Peyronnette,17
2290524,13:33:00,13:33:10,stop_point:SP_1718,St-Alban Ctre Cial,18
2290524,13:34:00,13:34:10,stop_point:SP_3784,Egalité,19
2290524,13:34:00,13:34:10,stop_point:SP_1557,Sables,20
2290524,13:35:00,13:35:10,stop_point:SP_641,Mairie St-Alban,21
2290524,13:36:00,13:36:10,stop_point:SP_2759,Ecole St-Alban,22
2290524,13:37:00,13:37:10,stop_point:SP_2178,Gafelaze,23
2290524,13:38:00,13:38:10,stop_point:SP_3651,St-Alban Salvador Allende,24
2290524,13:39:00,13:39:10,stop_point:SP_5169,Fenouillet Ctre Cial - Entrée Sud,25
2290524,13:40:00,13:40:10,stop_point:SP_5248,Fenouillet Ctre Cial - Entrée Nord,26
2290524,13:41:00,13:41:10,stop_point:SP_5247,Fenouillet Ctre Cial - Entrée Nord,27
2290525,13:28:00,13:28:10,stop_point:SP_1175,La Vache,1
2290525,13:30:00,13:30:10,stop_point:SP_327,Pader,2
2290525,13:31:00,13:31:10,stop_point:SP_3826,Le Grand Marché - Pont de La Vache,3
2290525,13:32:00,13:32:10,stop_point:SP_3721,Collège Rosa Parks,4
2290525,13:34:00,13:34:10,stop_point:SP_753,Riché Lalande,5
2290525,13:36:00,13:36:10,stop_point:SP_1880,Lapin,6
2290525,13:37:00,13:37:10,stop_point:SP_1995,Roubiéchou,7
2290525,13:38:00,13:38:10,stop_point:SP_1993,Lapparou,8
2290525,13:39:00,13:39:10,stop_point:SP_2419,Gaussen,9
2290525,13:40:00,13:40:10,stop_point:SP_1499,Salvy,10
2290525,13:41:00,13:41:10,stop_point:SP_445,Eglise Aucamville,11
2290525,13:42:00,13:42:10,stop_point:SP_3252,Mairie Aucamville,12
2290525,13:43:00,13:43:10,stop_point:SP_1128,Favasse,13
2290525,13:44:00,13:44:10,stop_point:SP_619,Aucamville Collège,14
2290525,13:45:00,13:45:10,stop_point:SP_2651,Raudelauzette,15
2290525,13:46:00,13:46:10,stop_point:SP_455,Mariel,16
2290525,13:47:00,13:47:10,stop_point:SP_1577,Peyronnette,17
2290525,13:48:00,13:48:10,stop_point:SP_1718,St-Alban Ctre Cial,18
2290525,13:49:00,13:49:10,stop_point:SP_3784,Egalité,19
2290525,13:49:00,13:49:10,stop_point:SP_1557,Sables,20
2290525,13:50:00,13:50:10,stop_point:SP_641,Mairie St-Alban,21
2290525,13:51:00,13:51:10,stop_point:SP_2759,Ecole St-Alban,22
2290525,13:52:00,13:52:10,stop_point:SP_2178,Gafelaze,23
2290525,13:53:00,13:53:10,stop_point:SP_3651,St-Alban Salvador Allende,24
2290525,13:54:00,13:54:10,stop_point:SP_5169,Fenouillet Ctre Cial - Entrée Sud,25
2290525,13:55:00,13:55:10,stop_point:SP_5248,Fenouillet Ctre Cial - Entrée Nord,26
2290525,13:56:00,13:56:10,stop_point:SP_5247,Fenouillet Ctre Cial - Entrée Nord,27
2290526,13:43:00,13:43:10,stop_point:SP_1175,La Vache,1
2290526,13:45:00,13:45:10,stop_point:SP_327,Pader,2
2290526,13:46:00,13:46:10,stop_point:SP_3826,Le Grand Marché - Pont de La Vache,3
2290526,13:47:00,13:47:10,stop_point:SP_3721,Collège Rosa Parks,4
2290526,13:49:00,13:49:10,stop_point:SP_753,Riché Lalande,5
2290526,13:51:00,13:51:10,stop_point:SP_1880,Lapin,6
2290526,13:52:00,13:52:10,stop_point:SP_1995,Roubiéchou,7
2290526,13:53:00,13:53:10,stop_point:SP_1993,Lapparou,8
2290526,13:54:00,13:54:10,stop_point:SP_2419,Gaussen,9
2290526,13:55:00,13:55:10,stop_point:SP_1499,Salvy,10
2290526,13:56:00,13:56:10,stop_point:SP_445,Eglise Aucamville,11
2290526,13:57:00,13:57:10,stop_point:SP_3252,Mairie Aucamville,12
2290526,13:58:00,13:58:10,stop_point:SP_1128,Favasse,13
2290526,13:59:00,13:59:10,stop_point:SP_619,Aucamville Collège,14
2290526,14:00:00,14:00:10,stop_point:SP_2651,Raudelauzette,15
2290526,14:01:00,14:01:10,stop_point:SP_455,Mariel,16
2290526,14:02:00,14:02:10,stop_point:SP_1577,Peyronnette,17
2290526,14:03:00,14:03:10,stop_point:SP_1718,St-Alban Ctre Cial,18
2290526,14:04:00,14:04:10,stop_point:SP_3784,Egalité,19
2290526,14:04:00,14:04:10,stop_point:SP_1557,Sables,20
2290526,14:05:00,14:05:10,stop_point:SP_641,Mairie St-Alban,21
2290526,14:06:00,14:06:10,stop_point:SP_2759,Ecole St-Alban,22
2290526,14:07:00,14:07:10,stop_point:SP_2178,Gafelaze,23
2290526,14:08:00,14:08:10,stop_point:SP_3651,St-Alban Salvador Allende,24
2290526,14:09:00,14:09:10,stop_point:SP_5169,Fenouillet Ctre Cial - Entrée Sud,25
2290526,14:10:00,14:10:10,stop_point:SP_5248,Fenouillet Ctre Cial - Entrée Nord,26
2290526,14:11:00,14:11:10,stop_point:SP_5247,Fenouillet Ctre Cial - Entrée Nord,27
2290527,13:58:00,13:58:10,stop_point:SP_1175,La Vache,1
2290527,14:00:00,14:00:10,stop_point:SP_327,Pader,2
2290527,14:01:00,14:01:10,stop_point:SP_3826,Le Grand Marché - Pont de La Vache,3
2290527,14:02:00,14:02:10,stop_point:SP_3721,Collège Rosa Parks,4
2290527,14:04:00,14:04:10,stop_point:SP_753,Riché Lalande,5
2290527,14:06:00,14:06:10,stop_point:SP_1880,Lapin,6
2290527,14:07:00,14:07:10,stop_point:SP_1995,Roubiéchou,7
2290527,14:08:00,14:08:10,stop_point:SP_1993,Lapparou,8
2290527,14:09:00,14:09:10,stop_point:SP_2419,Gaussen,9
2290527,14:10:00,14:10:10,stop_point:SP_1499,Salvy,10
2290527,14:11:00,14:11:10,stop_point:SP_445,Eglise Aucamville,11
2290527,14:12:00,14:12:10,stop_point:SP_3252,Mairie Aucamville,12
2290527,14:13:00,14:13:10,stop_point:SP_1128,Favasse,13
2290527,14:14:00,14:14:10,stop_point:SP_619,Aucamville Collège,14
2290527,14:15:00,14:15:10,stop_point:SP_2651,Raudelauzette,15
2290527,14:16:00,14:16:10,stop_point:SP_455,Mariel,16
2290527,14:17:00,14:17:10,stop_point:SP_1577,Peyronnette,17
2290527,14:18:00,14:18:10,stop_point:SP_1718,St-Alban Ctre Cial,18
2290527,14:19:00,14:19:10,stop_point:SP_3784,Egalité,19
2290527,14:19:00,14:19:10,stop_point:SP_1557,Sables,20
2290527,14:20:00,14:20:10,stop_point:SP_641,Mairie St-Alban,21
2290527,14:21:00,14:21:10,stop_point:SP_2759,Ecole St-Alban,22
2290527,14:22:00,14:22:10,stop_point:SP_2178,Gafelaze,23
2290527,14:23:00,14:23:10,stop_point:SP_3651,St-Alban Salvador Allende,24
2290527,14:24:00,14:24:10,stop_point:SP_5169,Fenouillet Ctre Cial - Entrée Sud,25
2290527,14:25:00,14:25:10,stop_point:SP_5248,Fenouillet Ctre Cial - Entrée Nord,26
2290527,14:26:00,14:26:10,stop_point:SP_5247,Fenouillet Ctre Cial - Entrée Nord,27
2290528,14:13:00,14:13:10,stop_point:SP_1175,La Vache,1
2290528,14:15:00,14:15:10,stop_point:SP_327,Pader,2
2290528,14:16:00,14:16:10,stop_point:SP_3826,Le Grand Marché - Pont de La Vache,3
2290528,14:17:00,14:17:10,stop_point:SP_3721,Collège Rosa Parks,4
2290528,14:19:00,14:19:10,stop_point:SP_753,Riché Lalande,5
2290528,14:21:00,14:21:10,stop_point:SP_1880,Lapin,6
2290528,14:22:00,14:22:10,stop_point:SP_1995,Roubiéchou,7
2290528,14:23:00,14:23:10,stop_point:SP_1993,Lapparou,8
2290528,14:24:00,14:24:10,stop_point:SP_2419,Gaussen,9
2290528,14:25:00,14:25:10,stop_point:SP_1499,Salvy,10
2290528,14:26:00,14:26:10,stop_point:SP_445,Eglise Aucamville,11
2290528,14:27:00,14:27:10,stop_point:SP_3252,Mairie Aucamville,12
2290528,14:28:00,14:28:10,stop_point:SP_1128,Favasse,13
2290528,14:29:00,14:29:10,stop_point:SP_619,Aucamville Collège,14
2290528,14:30:00,14:30:10,stop_point:SP_2651,Raudelauzette,15
2290528,14:31:00,14:31:10,stop_point:SP_455,Mariel,16
2290528,14:32:00,14:32:10,stop_point:SP_1577,Peyronnette,17
2290528,14:33:00,14:33:10,stop_point:SP_1718,St-Alban Ctre Cial,18
2290528,14:34:00,14:34:10,stop_point:SP_3784,Egalité,19
2290528,14:34:00,14:34:10,stop_point:SP_1557,Sables,20
2290528,14:35:00,14:35:10,stop_point:SP_641,Mairie St-Alban,21
2290528,14:36:00,14:36:10,stop_point:SP_2759,Ecole St-Alban,22
2290528,14:37:00,14:37:10,stop_point:SP_2178,Gafelaze,23
2290528,14:38:00,14:38:10,stop_point:SP_3651,St-Alban Salvador Allende,24
2290528,14:39:00,14:39:10,stop_point:SP_5169,Fenouillet Ctre Cial - Entrée Sud,25
2290528,14:40:00,14:40:10,stop_point:SP_5248,Fenouillet Ctre Cial - Entrée Nord,26
2290528,14:41:00,14:41:10,stop_point:SP_5247,Fenouillet Ctre Cial - Entrée Nord,27
2290529,14:28:00,14:28:10,stop_point:SP_1175,La Vache,1
2290529,14:30:00,14:30:10,stop_point:SP_327,Pader,2
2290529,14:31:00,14:31:10,stop_point:SP_3826,Le Grand Marché - Pont de La Vache,3
2290529,14:32:00,14:32:10,stop_point:SP_3721,Collège Rosa Parks,4
2290529,14:34:00,14:34:10,stop_point:SP_753,Riché Lalande,5
2290529,14:36:00,14:36:10,stop_point:SP_1880,Lapin,6
2290529,14:37:00,14:37:10,stop_point:SP_1995,Roubiéchou,7
2290529,14:38:00,14:38:10,stop_point:SP_1993,Lapparou,8
2290529,14:39:00,14:39:10,stop_point:SP_2419,Gaussen,9
2290529,14:40:00,14:40:10,stop_point:SP_1499,Salvy,10
2290529,14:41:00,14:41:10,stop_point:SP_445,Eglise Aucamville,11
2290529,14:42:00,14:42:10,stop_point:SP_3252,Mairie Aucamville,12
2290529,14:43:00,14:43:10,stop_point:SP_1128,Favasse,13
2290529,14:44:00,14:44:10,stop_point:SP_619,Aucamville Collège,14
2290529,14:45:00,14:45:10,stop_point:SP_2651,Raudelauzette,15
2290529,14:46:00,14:46:10,stop_point:SP_455,Mariel,16
2290529,14:47:00,14:47:10,stop_point:SP_1577,Peyronnette,17
2290529,14:48:00,14:48:10,stop_point:SP_1718,St-Alban Ctre Cial,18
2290529,14:49:00,14:49:10,stop_point:SP_3784,Egalité,19
2290529,14:49:00,14:49:10,stop_point:SP_1557,Sables,20
2290529,14:50:00,14:50:10,stop_point:SP_641,Mairie St-Alban,21
2290529,14:51:00,14:51:10,stop_point:SP_2759,Ecole St-Alban,22
2290529,14:52:00,14:52:10,stop_point:SP_2178,Gafelaze,23
2290529,14:53:00,14:53:10,stop_point:SP_3651,St-Alban Salvador Allende,24
2290529,14:54:00,14:54:10,stop_point:SP_5169,Fenouillet Ctre Cial - Entrée Sud,25
2290529,14:55:00,14:55:10,stop_point:SP_5248,Fenouillet Ctre Cial - Entrée Nord,26
2290529,14:56:00,14:56:10,stop_point:SP_5247,Fenouillet Ctre Cial - Entrée Nord,27
2290530,14:43:00,14:43:10,stop_point:SP_1175,La Vache,1
2290530,14:45:00,14:45:10,stop_point:SP_327,Pader,2
2290530,14:46:00,14:46:10,stop_point:SP_3826,Le Grand Marché - Pont de La Vache,3
2290530,14:47:00,14:47:10,stop_point:SP_3721,Collège Rosa Parks,4
2290530,14:49:00,14:49:10,stop_point:SP_753,Riché Lalande,5
2290530,14:51:00,14:51:10,stop_point:SP_1880,Lapin,6
2290530,14:52:00,14:52:10,stop_point:SP_1995,Roubiéchou,7
2290530,14:53:00,14:53:10,stop_point:SP_1993,Lapparou,8
2290530,14:54:00,14:54:10,stop_point:SP_2419,Gaussen,9
2290530,14:55:00,14:55:10,stop_point:SP_1499,Salvy,10
2290530,14:56:00,14:56:10,stop_point:SP_445,Eglise Aucamville,11
2290530,14:57:00,14:57:10,stop_point:SP_3252,Mairie Aucamville,12
2290530,14:58:00,14:58:10,stop_point:SP_1128,Favasse,13
2290530,14:59:00,14:59:10,stop_point:SP_619,Aucamville Collège,14
2290530,15:00:00,15:00:10,stop_point:SP_2651,Raudelauzette,15
2290530,15:01:00,15:01:10,stop_point:SP_455,Mariel,16
2290530,15:02:00,15:02:10,stop_point:SP_1577,Peyronnette,17
2290530,15:03:00,15:03:10,stop_point:SP_1718,St-Alban Ctre Cial,18
2290530,15:04:00,15:04:10,stop_point:SP_3784,Egalité,19
2290530,15:04:00,15:04:10,stop_point:SP_1557,Sables,20
2290530,15:05:00,15:05:10,stop_point:SP_641,Mairie St-Alban,21
2290530,15:06:00,15:06:10,stop_point:SP_2759,Ecole St-Alban,22
2290530,15:07:00,15:07:10,stop_point:SP_2178,Gafelaze,23
2290530,15:08:00,15:08:10,stop_point:SP_3651,St-Alban Salvador Allende,24
2290530,15:09:00,15:09:10,stop_point:SP_5169,Fenouillet Ctre Cial - Entrée Sud,25
2290530,15:10:00,15:10:10,stop_point:SP_5248,Fenouillet Ctre Cial - Entrée Nord,26
2290530,15:11:00,15:11:10,stop_point:SP_5247,Fenouillet Ctre Cial - Entrée Nord,27
2290531,14:58:00,14:58:10,stop_point:SP_1175,La Vache,1
2290531,15:00:00,15:00:10,stop_point:SP_327,Pader,2
2290531,15:01:00,15:01:10,stop_point:SP_3826,Le Grand Marché - Pont de La Vache,3
2290531,15:02:00,15:02:10,stop_point:SP_3721,Collège Rosa Parks,4
2290531,15:04:00,15:04:10,stop_point:SP_753,Riché Lalande,5
2290531,15:06:00,15:06:10,stop_point:SP_1880,Lapin,6
2290531,15:07:00,15:07:10,stop_point:SP_1995,Roubiéchou,7
2290531,15:08:00,15:08:10,stop_point:SP_1993,Lapparou,8
2290531,15:09:00,15:09:10,stop_point:SP_2419,Gaussen,9
2290531,15:10:00,15:10:10,stop_point:SP_1499,Salvy,10
2290531,15:11:00,15:11:10,stop_point:SP_445,Eglise Aucamville,11
2290531,15:12:00,15:12:10,stop_point:SP_3252,Mairie Aucamville,12
2290531,15:13:00,15:13:10,stop_point:SP_1128,Favasse,13
2290531,15:14:00,15:14:10,stop_point:SP_619,Aucamville Collège,14
2290531,15:15:00,15:15:10,stop_point:SP_2651,Raudelauzette,15
2290531,15:16:00,15:16:10,stop_point:SP_455,Mariel,16
2290531,15:17:00,15:17:10,stop_point:SP_1577,Peyronnette,17
2290531,15:18:00,15:18:10,stop_point:SP_1718,St-Alban Ctre Cial,18
2290531,15:19:00,15:19:10,stop_point:SP_3784,Egalité,19
2290531,15:19:00,15:19:10,stop_point:SP_1557,Sables,20
2290531,15:20:00,15:20:10,stop_point:SP_641,Mairie St-Alban,21
2290531,15:21:00,15:21:10,stop_point:SP_2759,Ecole St-Alban,22
2290531,15:22:00,15:22:10,stop_point:SP_2178,Gafelaze,23
2290531,15:23:00,15:23:10,stop_point:SP_3651,St-Alban Salvador Allende,24
2290531,15:25:00,15:25:10,stop_point:SP_5169,Fenouillet Ctre Cial - Entrée Sud,25
2290531,15:26:00,15:26:10,stop_point:SP_5248,Fenouillet Ctre Cial - Entrée Nord,26
2290531,15:27:00,15:27:10,stop_point:SP_5247,Fenouillet Ctre Cial - Entrée Nord,27
2290532,15:13:00,15:13:10,stop_point:SP_1175,La Vache,1
2290532,15:15:00,15:15:10,stop_point:SP_327,Pader,2
2290532,15:16:00,15:16:10,stop_point:SP_3826,Le Grand Marché - Pont de La Vache,3
2290532,15:17:00,15:17:10,stop_point:SP_3721,Collège Rosa Parks,4
2290532,15:19:00,15:19:10,stop_point:SP_753,Riché Lalande,5
2290532,15:21:00,15:21:10,stop_point:SP_1880,Lapin,6
2290532,15:22:00,15:22:10,stop_point:SP_1995,Roubiéchou,7
2290532,15:23:00,15:23:10,stop_point:SP_1993,Lapparou,8
2290532,15:24:00,15:24:10,stop_point:SP_2419,Gaussen,9
2290532,15:25:00,15:25:10,stop_point:SP_1499,Salvy,10
2290532,15:26:00,15:26:10,stop_point:SP_445,Eglise Aucamville,11
2290532,15:27:00,15:27:10,stop_point:SP_3252,Mairie Aucamville,12
2290532,15:28:00,15:28:10,stop_point:SP_1128,Favasse,13
2290532,15:29:00,15:29:10,stop_point:SP_619,Aucamville Collège,14
2290532,15:30:00,15:30:10,stop_point:SP_2651,Raudelauzette,15
2290532,15:31:00,15:31:10,stop_point:SP_455,Mariel,16
2290532,15:32:00,15:32:10,stop_point:SP_1577,Peyronnette,17
2290532,15:33:00,15:33:10,stop_point:SP_1718,St-Alban Ctre Cial,18
2290532,15:34:00,15:34:10,stop_point:SP_3784,Egalité,19
2290532,15:34:00,15:34:10,stop_point:SP_1557,Sables,20
2290532,15:35:00,15:35:10,stop_point:SP_641,Mairie St-Alban,21
2290532,15:36:00,15:36:10,stop_point:SP_2759,Ecole St-Alban,22
2290532,15:37:00,15:37:10,stop_point:SP_2178,Gafelaze,23
2290532,15:38:00,15:38:10,stop_point:SP_3651,St-Alban Salvador Allende,24
2290532,15:40:00,15:40:10,stop_point:SP_5169,Fenouillet Ctre Cial - Entrée Sud,25
2290532,15:41:00,15:41:10,stop_point:SP_5248,Fenouillet Ctre Cial - Entrée Nord,26
2290532,15:42:00,15:42:10,stop_point:SP_5247,Fenouillet Ctre Cial - Entrée Nord,27
2290533,15:28:00,15:28:10,stop_point:SP_1175,La Vache,1
2290533,15:30:00,15:30:10,stop_point:SP_327,Pader,2
2290533,15:31:00,15:31:10,stop_point:SP_3826,Le Grand Marché - Pont de La Vache,3
2290533,15:32:00,15:32:10,stop_point:SP_3721,Collège Rosa Parks,4
2290533,15:34:00,15:34:10,stop_point:SP_753,Riché Lalande,5
2290533,15:36:00,15:36:10,stop_point:SP_1880,Lapin,6
2290533,15:37:00,15:37:10,stop_point:SP_1995,Roubiéchou,7
2290533,15:38:00,15:38:10,stop_point:SP_1993,Lapparou,8
2290533,15:39:00,15:39:10,stop_point:SP_2419,Gaussen,9
2290533,15:40:00,15:40:10,stop_point:SP_1499,Salvy,10
2290533,15:41:00,15:41:10,stop_point:SP_445,Eglise Aucamville,11
2290533,15:42:00,15:42:10,stop_point:SP_3252,Mairie Aucamville,12
2290533,15:43:00,15:43:10,stop_point:SP_1128,Favasse,13
2290533,15:44:00,15:44:10,stop_point:SP_619,Aucamville Collège,14
2290533,15:45:00,15:45:10,stop_point:SP_2651,Raudelauzette,15
2290533,15:46:00,15:46:10,stop_point:SP_455,Mariel,16
2290533,15:47:00,15:47:10,stop_point:SP_1577,Peyronnette,17
2290533,15:48:00,15:48:10,stop_point:SP_1718,St-Alban Ctre Cial,18
2290533,15:49:00,15:49:10,stop_point:SP_3784,Egalité,19
2290533,15:49:00,15:49:10,stop_point:SP_1557,Sables,20
2290533,15:50:00,15:50:10,stop_point:SP_641,Mairie St-Alban,21
2290533,15:51:00,15:51:10,stop_point:SP_2759,Ecole St-Alban,22
2290533,15:52:00,15:52:10,stop_point:SP_2178,Gafelaze,23
2290533,15:53:00,15:53:10,stop_point:SP_3651,St-Alban Salvador Allende,24
2290533,15:55:00,15:55:10,stop_point:SP_5169,Fenouillet Ctre Cial - Entrée Sud,25
2290533,15:56:00,15:56:10,stop_point:SP_5248,Fenouillet Ctre Cial - Entrée Nord,26
2290533,15:57:00,15:57:10,stop_point:SP_5247,Fenouillet Ctre Cial - Entrée Nord,27
2290534,15:43:00,15:43:10,stop_point:SP_1175,La Vache,1
2290534,15:45:00,15:45:10,stop_point:SP_327,Pader,2
2290534,15:46:00,15:46:10,stop_point:SP_3826,Le Grand Marché - Pont de La Vache,3
2290534,15:47:00,15:47:10,stop_point:SP_3721,Collège Rosa Parks,4
2290534,15:49:00,15:49:10,stop_point:SP_753,Riché Lalande,5
2290534,15:51:00,15:51:10,stop_point:SP_1880,Lapin,6
2290534,15:52:00,15:52:10,stop_point:SP_1995,Roubiéchou,7
2290534,15:53:00,15:53:10,stop_point:SP_1993,Lapparou,8
2290534,15:54:00,15:54:10,stop_point:SP_2419,Gaussen,9
2290534,15:55:00,15:55:10,stop_point:SP_1499,Salvy,10
2290534,15:56:00,15:56:10,stop_point:SP_445,Eglise Aucamville,11
2290534,15:57:00,15:57:10,stop_point:SP_3252,Mairie Aucamville,12
2290534,15:58:00,15:58:10,stop_point:SP_1128,Favasse,13
2290534,15:59:00,15:59:10,stop_point:SP_619,Aucamville Collège,14
2290534,16:00:00,16:00:10,stop_point:SP_2651,Raudelauzette,15
2290534,16:01:00,16:01:10,stop_point:SP_455,Mariel,16
2290534,16:02:00,16:02:10,stop_point:SP_1577,Peyronnette,17
2290534,16:03:00,16:03:10,stop_point:SP_1718,St-Alban Ctre Cial,18
2290534,16:04:00,16:04:10,stop_point:SP_3784,Egalité,19
2290534,16:04:00,16:04:10,stop_point:SP_1557,Sables,20
2290534,16:05:00,16:05:10,stop_point:SP_641,Mairie St-Alban,21
2290534,16:06:00,16:06:10,stop_point:SP_2759,Ecole St-Alban,22
2290534,16:07:00,16:07:10,stop_point:SP_2178,Gafelaze,23
2290534,16:08:00,16:08:10,stop_point:SP_3651,St-Alban Salvador Allende,24
2290534,16:10:00,16:10:10,stop_point:SP_5169,Fenouillet Ctre Cial - Entrée Sud,25
2290534,16:11:00,16:11:10,stop_point:SP_5248,Fenouillet Ctre Cial - Entrée Nord,26
2290534,16:12:00,16:12:10,stop_point:SP_5247,Fenouillet Ctre Cial - Entrée Nord,27
2290535,15:58:00,15:58:10,stop_point:SP_1175,La Vache,1
2290535,16:00:00,16:00:10,stop_point:SP_327,Pader,2
2290535,16:01:00,16:01:10,stop_point:SP_3826,Le Grand Marché - Pont de La Vache,3
2290535,16:02:00,16:02:10,stop_point:SP_3721,Collège Rosa Parks,4
2290535,16:04:00,16:04:10,stop_point:SP_753,Riché Lalande,5
2290535,16:06:00,16:06:10,stop_point:SP_1880,Lapin,6
2290535,16:07:00,16:07:10,stop_point:SP_1995,Roubiéchou,7
2290535,16:08:00,16:08:10,stop_point:SP_1993,Lapparou,8
2290535,16:09:00,16:09:10,stop_point:SP_2419,Gaussen,9
2290535,16:10:00,16:10:10,stop_point:SP_1499,Salvy,10
2290535,16:11:00,16:11:10,stop_point:SP_445,Eglise Aucamville,11
2290535,16:12:00,16:12:10,stop_point:SP_3252,Mairie Aucamville,12
2290535,16:13:00,16:13:10,stop_point:SP_1128,Favasse,13
2290535,16:14:00,16:14:10,stop_point:SP_619,Aucamville Collège,14
2290535,16:15:00,16:15:10,stop_point:SP_2651,Raudelauzette,15
2290535,16:16:00,16:16:10,stop_point:SP_455,Mariel,16
2290535,16:17:00,16:17:10,stop_point:SP_1577,Peyronnette,17
2290535,16:18:00,16:18:10,stop_point:SP_1718,St-Alban Ctre Cial,18
2290535,16:19:00,16:19:10,stop_point:SP_3784,Egalité,19
2290535,16:19:00,16:19:10,stop_point:SP_1557,Sables,20
2290535,16:20:00,16:20:10,stop_point:SP_641,Mairie St-Alban,21
2290535,16:21:00,16:21:10,stop_point:SP_2759,Ecole St-Alban,22
2290535,16:22:00,16:22:10,stop_point:SP_2178,Gafelaze,23
2290535,16:23:00,16:23:10,stop_point:SP_3651,St-Alban Salvador Allende,24
2290535,16:25:00,16:25:10,stop_point:SP_5169,Fenouillet Ctre Cial - Entrée Sud,25
2290535,16:26:00,16:26:10,stop_point:SP_5248,Fenouillet Ctre Cial - Entrée Nord,26
2290535,16:27:00,16:27:10,stop_point:SP_5247,Fenouillet Ctre Cial - Entrée Nord,27
2290536,16:13:00,16:13:10,stop_point:SP_1175,La Vache,1
2290536,16:15:00,16:15:10,stop_point:SP_327,Pader,2
2290536,16:16:00,16:16:10,stop_point:SP_3826,Le Grand Marché - Pont de La Vache,3
2290536,16:17:00,16:17:10,stop_point:SP_3721,Collège Rosa Parks,4
2290536,16:19:00,16:19:10,stop_point:SP_753,Riché Lalande,5
2290536,16:21:00,16:21:10,stop_point:SP_1880,Lapin,6
2290536,16:22:00,16:22:10,stop_point:SP_1995,Roubiéchou,7
2290536,16:23:00,16:23:10,stop_point:SP_1993,Lapparou,8
2290536,16:24:00,16:24:10,stop_point:SP_2419,Gaussen,9
2290536,16:25:00,16:25:10,stop_point:SP_1499,Salvy,10
2290536,16:26:00,16:26:10,stop_point:SP_445,Eglise Aucamville,11
2290536,16:27:00,16:27:10,stop_point:SP_3252,Mairie Aucamville,12
2290536,16:28:00,16:28:10,stop_point:SP_1128,Favasse,13
2290536,16:29:00,16:29:10,stop_point:SP_619,Aucamville Collège,14
2290536,16:30:00,16:30:10,stop_point:SP_2651,Raudelauzette,15
2290536,16:31:00,16:31:10,stop_point:SP_455,Mariel,16
2290536,16:32:00,16:32:10,stop_point:SP_1577,Peyronnette,17
2290536,16:33:00,16:33:10,stop_point:SP_1718,St-Alban Ctre Cial,18
2290536,16:34:00,16:34:10,stop_point:SP_3784,Egalité,19
2290536,16:34:00,16:34:10,stop_point:SP_1557,Sables,20
2290536,16:35:00,16:35:10,stop_point:SP_641,Mairie St-Alban,21
2290536,16:36:00,16:36:10,stop_point:SP_2759,Ecole St-Alban,22
2290536,16:37:00,16:37:10,stop_point:SP_2178,Gafelaze,23
2290536,16:38:00,16:38:10,stop_point:SP_3651,St-Alban Salvador Allende,24
2290536,16:40:00,16:40:10,stop_point:SP_5169,Fenouillet Ctre Cial - Entrée Sud,25
2290536,16:41:00,16:41:10,stop_point:SP_5248,Fenouillet Ctre Cial - Entrée Nord,26
2290536,16:42:00,16:42:10,stop_point:SP_5247,Fenouillet Ctre Cial - Entrée Nord,27
2290537,16:28:00,16:28:10,stop_point:SP_1175,La Vache,1
2290537,16:30:00,16:30:10,stop_point:SP_327,Pader,2
2290537,16:31:00,16:31:10,stop_point:SP_3826,Le Grand Marché - Pont de La Vache,3
2290537,16:32:00,16:32:10,stop_point:SP_3721,Collège Rosa Parks,4
2290537,16:34:00,16:34:10,stop_point:SP_753,Riché Lalande,5
2290537,16:36:00,16:36:10,stop_point:SP_1880,Lapin,6
2290537,16:37:00,16:37:10,stop_point:SP_1995,Roubiéchou,7
2290537,16:38:00,16:38:10,stop_point:SP_1993,Lapparou,8
2290537,16:39:00,16:39:10,stop_point:SP_2419,Gaussen,9
2290537,16:40:00,16:40:10,stop_point:SP_1499,Salvy,10
2290537,16:41:00,16:41:10,stop_point:SP_445,Eglise Aucamville,11
2290537,16:42:00,16:42:10,stop_point:SP_3252,Mairie Aucamville,12
2290537,16:43:00,16:43:10,stop_point:SP_1128,Favasse,13
2290537,16:44:00,16:44:10,stop_point:SP_619,Aucamville Collège,14
2290537,16:45:00,16:45:10,stop_point:SP_2651,Raudelauzette,15
2290537,16:46:00,16:46:10,stop_point:SP_455,Mariel,16
2290537,16:47:00,16:47:10,stop_point:SP_1577,Peyronnette,17
2290537,16:48:00,16:48:10,stop_point:SP_1718,St-Alban Ctre Cial,18
2290537,16:49:00,16:49:10,stop_point:SP_3784,Egalité,19
2290537,16:49:00,16:49:10,stop_point:SP_1557,Sables,20
2290537,16:50:00,16:50:10,stop_point:SP_641,Mairie St-Alban,21
2290537,16:51:00,16:51:10,stop_point:SP_2759,Ecole St-Alban,22
2290537,16:52:00,16:52:10,stop_point:SP_2178,Gafelaze,23
2290537,16:53:00,16:53:10,stop_point:SP_3651,St-Alban Salvador Allende,24
2290537,16:55:00,16:55:10,stop_point:SP_5169,Fenouillet Ctre Cial - Entrée Sud,25
2290537,16:56:00,16:56:10,stop_point:SP_5248,Fenouillet Ctre Cial - Entrée Nord,26
2290537,16:57:00,16:57:10,stop_point:SP_5247,Fenouillet Ctre Cial - Entrée Nord,27
2290538,16:43:00,16:43:10,stop_point:SP_1175,La Vache,1
2290538,16:45:00,16:45:10,stop_point:SP_327,Pader,2
2290538,16:46:00,16:46:10,stop_point:SP_3826,Le Grand Marché - Pont de La Vache,3
2290538,16:47:00,16:47:10,stop_point:SP_3721,Collège Rosa Parks,4
2290538,16:49:00,16:49:10,stop_point:SP_753,Riché Lalande,5
2290538,16:51:00,16:51:10,stop_point:SP_1880,Lapin,6
2290538,16:52:00,16:52:10,stop_point:SP_1995,Roubiéchou,7
2290538,16:53:00,16:53:10,stop_point:SP_1993,Lapparou,8
2290538,16:54:00,16:54:10,stop_point:SP_2419,Gaussen,9
2290538,16:55:00,16:55:10,stop_point:SP_1499,Salvy,10
2290538,16:56:00,16:56:10,stop_point:SP_445,Eglise Aucamville,11
2290538,16:57:00,16:57:10,stop_point:SP_3252,Mairie Aucamville,12
2290538,16:58:00,16:58:10,stop_point:SP_1128,Favasse,13
2290538,16:59:00,16:59:10,stop_point:SP_619,Aucamville Collège,14
2290538,17:00:00,17:00:10,stop_point:SP_2651,Raudelauzette,15
2290538,17:01:00,17:01:10,stop_point:SP_455,Mariel,16
2290538,17:02:00,17:02:10,stop_point:SP_1577,Peyronnette,17
2290538,17:03:00,17:03:10,stop_point:SP_1718,St-Alban Ctre Cial,18
2290538,17:04:00,17:04:10,stop_point:SP_3784,Egalité,19
2290538,17:04:00,17:04:10,stop_point:SP_1557,Sables,20
2290538,17:05:00,17:05:10,stop_point:SP_641,Mairie St-Alban,21
2290538,17:06:00,17:06:10,stop_point:SP_2759,Ecole St-Alban,22
2290538,17:07:00,17:07:10,stop_point:SP_2178,Gafelaze,23
2290538,17:08:00,17:08:10,stop_point:SP_3651,St-Alban Salvador Allende,24
2290538,17:10:00,17:10:10,stop_point:SP_5169,Fenouillet Ctre Cial - Entrée Sud,25
2290538,17:11:00,17:11:10,stop_point:SP_5248,Fenouillet Ctre Cial - Entrée Nord,26
2290538,17:12:00,17:12:10,stop_point:SP_5247,Fenouillet Ctre Cial - Entrée Nord,27
2290539,16:58:00,16:58:10,stop_point:SP_1175,La Vache,1
2290539,17:00:00,17:00:10,stop_point:SP_327,Pader,2
2290539,17:01:00,17:01:10,stop_point:SP_3826,Le Grand Marché - Pont de La Vache,3
2290539,17:02:00,17:02:10,stop_point:SP_3721,Collège Rosa Parks,4
2290539,17:04:00,17:04:10,stop_point:SP_753,Riché Lalande,5
2290539,17:06:00,17:06:10,stop_point:SP_1880,Lapin,6
2290539,17:07:00,17:07:10,stop_point:SP_1995,Roubiéchou,7
2290539,17:08:00,17:08:10,stop_point:SP_1993,Lapparou,8
2290539,17:09:00,17:09:10,stop_point:SP_2419,Gaussen,9
2290539,17:10:00,17:10:10,stop_point:SP_1499,Salvy,10
2290539,17:11:00,17:11:10,stop_point:SP_445,Eglise Aucamville,11
2290539,17:12:00,17:12:10,stop_point:SP_3252,Mairie Aucamville,12
2290539,17:13:00,17:13:10,stop_point:SP_1128,Favasse,13
2290539,17:14:00,17:14:10,stop_point:SP_619,Aucamville Collège,14
2290539,17:15:00,17:15:10,stop_point:SP_2651,Raudelauzette,15
2290539,17:16:00,17:16:10,stop_point:SP_455,Mariel,16
2290539,17:17:00,17:17:10,stop_point:SP_1577,Peyronnette,17
2290539,17:18:00,17:18:10,stop_point:SP_1718,St-Alban Ctre Cial,18
2290539,17:19:00,17:19:10,stop_point:SP_3784,Egalité,19
2290539,17:19:00,17:19:10,stop_point:SP_1557,Sables,20
2290539,17:20:00,17:20:10,stop_point:SP_641,Mairie St-Alban,21
2290539,17:21:00,17:21:10,stop_point:SP_2759,Ecole St-Alban,22
2290539,17:22:00,17:22:10,stop_point:SP_2178,Gafelaze,23
2290539,17:23:00,17:23:10,stop_point:SP_3651,St-Alban Salvador Allende,24
2290539,17:25:00,17:25:10,stop_point:SP_5169,Fenouillet Ctre Cial - Entrée Sud,25
2290539,17:26:00,17:26:10,stop_point:SP_5248,Fenouillet Ctre Cial - Entrée Nord,26
2290539,17:27:00,17:27:10,stop_point:SP_5247,Fenouillet Ctre Cial - Entrée Nord,27
2290540,17:13:00,17:13:10,stop_point:SP_1175,La Vache,1
2290540,17:15:00,17:15:10,stop_point:SP_327,Pader,2
2290540,17:16:00,17:16:10,stop_point:SP_3826,Le Grand Marché - Pont de La Vache,3
2290540,17:17:00,17:17:10,stop_point:SP_3721,Collège Rosa Parks,4
2290540,17:19:00,17:19:10,stop_point:SP_753,Riché Lalande,5
2290540,17:21:00,17:21:10,stop_point:SP_1880,Lapin,6
2290540,17:22:00,17:22:10,stop_point:SP_1995,Roubiéchou,7
2290540,17:23:00,17:23:10,stop_point:SP_1993,Lapparou,8
2290540,17:24:00,17:24:10,stop_point:SP_2419,Gaussen,9
2290540,17:25:00,17:25:10,stop_point:SP_1499,Salvy,10
2290540,17:26:00,17:26:10,stop_point:SP_445,Eglise Aucamville,11
2290540,17:27:00,17:27:10,stop_point:SP_3252,Mairie Aucamville,12
2290540,17:28:00,17:28:10,stop_point:SP_1128,Favasse,13
2290540,17:29:00,17:29:10,stop_point:SP_619,Aucamville Collège,14
2290540,17:30:00,17:30:10,stop_point:SP_2651,Raudelauzette,15
2290540,17:31:00,17:31:10,stop_point:SP_455,Mariel,16
2290540,17:32:00,17:32:10,stop_point:SP_1577,Peyronnette,17
2290540,17:33:00,17:33:10,stop_point:SP_1718,St-Alban Ctre Cial,18
2290540,17:34:00,17:34:10,stop_point:SP_3784,Egalité,19
2290540,17:34:00,17:34:10,stop_point:SP_1557,Sables,20
2290540,17:35:00,17:35:10,stop_point:SP_641,Mairie St-Alban,21
2290540,17:36:00,17:36:10,stop_point:SP_2759,Ecole St-Alban,22
2290540,17:37:00,17:37:10,stop_point:SP_2178,Gafelaze,23
2290540,17:38:00,17:38:10,stop_point:SP_3651,St-Alban Salvador Allende,24
2290540,17:40:00,17:40:10,stop_point:SP_5169,Fenouillet Ctre Cial - Entrée Sud,25
2290540,17:41:00,17:41:10,stop_point:SP_5248,Fenouillet Ctre Cial - Entrée Nord,26
2290540,17:42:00,17:42:10,stop_point:SP_5247,Fenouillet Ctre Cial - Entrée Nord,27
2290541,17:28:00,17:28:10,stop_point:SP_1175,La Vache,1
2290541,17:30:00,17:30:10,stop_point:SP_327,Pader,2
2290541,17:31:00,17:31:10,stop_point:SP_3826,Le Grand Marché - Pont de La Vache,3
2290541,17:32:00,17:32:10,stop_point:SP_3721,Collège Rosa Parks,4
2290541,17:34:00,17:34:10,stop_point:SP_753,Riché Lalande,5
2290541,17:36:00,17:36:10,stop_point:SP_1880,Lapin,6
2290541,17:37:00,17:37:10,stop_point:SP_1995,Roubiéchou,7
2290541,17:38:00,17:38:10,stop_point:SP_1993,Lapparou,8
2290541,17:39:00,17:39:10,stop_point:SP_2419,Gaussen,9
2290541,17:40:00,17:40:10,stop_point:SP_1499,Salvy,10
2290541,17:41:00,17:41:10,stop_point:SP_445,Eglise Aucamville,11
2290541,17:42:00,17:42:10,stop_point:SP_3252,Mairie Aucamville,12
2290541,17:43:00,17:43:10,stop_point:SP_1128,Favasse,13
2290541,17:44:00,17:44:10,stop_point:SP_619,Aucamville Collège,14
2290541,17:45:00,17:45:10,stop_point:SP_2651,Raudelauzette,15
2290541,17:46:00,17:46:10,stop_point:SP_455,Mariel,16
2290541,17:47:00,17:47:10,stop_point:SP_1577,Peyronnette,17
2290541,17:48:00,17:48:10,stop_point:SP_1718,St-Alban Ctre Cial,18
2290541,17:49:00,17:49:10,stop_point:SP_3784,Egalité,19
2290541,17:49:00,17:49:10,stop_point:SP_1557,Sables,20
2290541,17:50:00,17:50:10,stop_point:SP_641,Mairie St-Alban,21
2290541,17:51:00,17:51:10,stop_point:SP_2759,Ecole St-Alban,22
2290541,17:52:00,17:52:10,stop_point:SP_2178,Gafelaze,23
2290541,17:53:00,17:53:10,stop_point:SP_3651,St-Alban Salvador Allende,24
2290541,17:55:00,17:55:10,stop_point:SP_5169,Fenouillet Ctre Cial - Entrée Sud,25
2290541,17:56:00,17:56:10,stop_point:SP_5248,Fenouillet Ctre Cial - Entrée Nord,26
2290541,17:57:00,17:57:10,stop_point:SP_5247,Fenouillet Ctre Cial - Entrée Nord,27
2290542,17:43:00,17:43:10,stop_point:SP_1175,La Vache,1
2290542,17:45:00,17:45:10,stop_point:SP_327,Pader,2
2290542,17:46:00,17:46:10,stop_point:SP_3826,Le Grand Marché - Pont de La Vache,3
2290542,17:47:00,17:47:10,stop_point:SP_3721,Collège Rosa Parks,4
2290542,17:49:00,17:49:10,stop_point:SP_753,Riché Lalande,5
2290542,17:51:00,17:51:10,stop_point:SP_1880,Lapin,6
2290542,17:52:00,17:52:10,stop_point:SP_1995,Roubiéchou,7
2290542,17:53:00,17:53:10,stop_point:SP_1993,Lapparou,8
2290542,17:54:00,17:54:10,stop_point:SP_2419,Gaussen,9
2290542,17:55:00,17:55:10,stop_point:SP_1499,Salvy,10
2290542,17:56:00,17:56:10,stop_point:SP_445,Eglise Aucamville,11
2290542,17:57:00,17:57:10,stop_point:SP_3252,Mairie Aucamville,12
2290542,17:58:00,17:58:10,stop_point:SP_1128,Favasse,13
2290542,17:59:00,17:59:10,stop_point:SP_619,Aucamville Collège,14
2290542,18:00:00,18:00:10,stop_point:SP_2651,Raudelauzette,15
2290542,18:01:00,18:01:10,stop_point:SP_455,Mariel,16
2290542,18:02:00,18:02:10,stop_point:SP_1577,Peyronnette,17
2290542,18:03:00,18:03:10,stop_point:SP_1718,St-Alban Ctre Cial,18
2290542,18:04:00,18:04:10,stop_point:SP_3784,Egalité,19
2290542,18:04:00,18:04:10,stop_point:SP_1557,Sables,20
2290542,18:05:00,18:05:10,stop_point:SP_641,Mairie St-Alban,21
2290542,18:06:00,18:06:10,stop_point:SP_2759,Ecole St-Alban,22
2290542,18:07:00,18:07:10,stop_point:SP_2178,Gafelaze,23
2290542,18:08:00,18:08:10,stop_point:SP_3651,St-Alban Salvador Allende,24
2290542,18:10:00,18:10:10,stop_point:SP_5169,Fenouillet Ctre Cial - Entrée Sud,25
2290542,18:11:00,18:11:10,stop_point:SP_5248,Fenouillet Ctre Cial - Entrée Nord,26
2290542,18:12:00,18:12:10,stop_point:SP_5247,Fenouillet Ctre Cial - Entrée Nord,27
2290543,17:58:00,17:58:10,stop_point:SP_1175,La Vache,1
2290543,18:00:00,18:00:10,stop_point:SP_327,Pader,2
2290543,18:01:00,18:01:10,stop_point:SP_3826,Le Grand Marché - Pont de La Vache,3
2290543,18:02:00,18:02:10,stop_point:SP_3721,Collège Rosa Parks,4
2290543,18:04:00,18:04:10,stop_point:SP_753,Riché Lalande,5
2290543,18:06:00,18:06:10,stop_point:SP_1880,Lapin,6
2290543,18:07:00,18:07:10,stop_point:SP_1995,Roubiéchou,7
2290543,18:08:00,18:08:10,stop_point:SP_1993,Lapparou,8
2290543,18:09:00,18:09:10,stop_point:SP_2419,Gaussen,9
2290543,18:10:00,18:10:10,stop_point:SP_1499,Salvy,10
2290543,18:11:00,18:11:10,stop_point:SP_445,Eglise Aucamville,11
2290543,18:12:00,18:12:10,stop_point:SP_3252,Mairie Aucamville,12
2290543,18:13:00,18:13:10,stop_point:SP_1128,Favasse,13
2290543,18:14:00,18:14:10,stop_point:SP_619,Aucamville Collège,14
2290543,18:15:00,18:15:10,stop_point:SP_2651,Raudelauzette,15
2290543,18:16:00,18:16:10,stop_point:SP_455,Mariel,16
2290543,18:17:00,18:17:10,stop_point:SP_1577,Peyronnette,17
2290543,18:18:00,18:18:10,stop_point:SP_1718,St-Alban Ctre Cial,18
2290543,18:19:00,18:19:10,stop_point:SP_3784,Egalité,19
2290543,18:19:00,18:19:10,stop_point:SP_1557,Sables,20
2290543,18:20:00,18:20:10,stop_point:SP_641,Mairie St-Alban,21
2290543,18:21:00,18:21:10,stop_point:SP_2759,Ecole St-Alban,22
2290543,18:22:00,18:22:10,stop_point:SP_2178,Gafelaze,23
2290543,18:23:00,18:23:10,stop_point:SP_3651,St-Alban Salvador Allende,24
2290543,18:25:00,18:25:10,stop_point:SP_5169,Fenouillet Ctre Cial - Entrée Sud,25
2290543,18:26:00,18:26:10,stop_point:SP_5248,Fenouillet Ctre Cial - Entrée Nord,26
2290543,18:27:00,18:27:10,stop_point:SP_5247,Fenouillet Ctre Cial - Entrée Nord,27
2290544,18:13:00,18:13:10,stop_point:SP_1175,La Vache,1
2290544,18:15:00,18:15:10,stop_point:SP_327,Pader,2
2290544,18:16:00,18:16:10,stop_point:SP_3826,Le Grand Marché - Pont de La Vache,3
2290544,18:17:00,18:17:10,stop_point:SP_3721,Collège Rosa Parks,4
2290544,18:19:00,18:19:10,stop_point:SP_753,Riché Lalande,5
2290544,18:21:00,18:21:10,stop_point:SP_1880,Lapin,6
2290544,18:22:00,18:22:10,stop_point:SP_1995,Roubiéchou,7
2290544,18:23:00,18:23:10,stop_point:SP_1993,Lapparou,8
2290544,18:24:00,18:24:10,stop_point:SP_2419,Gaussen,9
2290544,18:25:00,18:25:10,stop_point:SP_1499,Salvy,10
2290544,18:26:00,18:26:10,stop_point:SP_445,Eglise Aucamville,11
2290544,18:27:00,18:27:10,stop_point:SP_3252,Mairie Aucamville,12
2290544,18:28:00,18:28:10,stop_point:SP_1128,Favasse,13
2290544,18:29:00,18:29:10,stop_point:SP_619,Aucamville Collège,14
2290544,18:30:00,18:30:10,stop_point:SP_2651,Raudelauzette,15
2290544,18:31:00,18:31:10,stop_point:SP_455,Mariel,16
2290544,18:32:00,18:32:10,stop_point:SP_1577,Peyronnette,17
2290544,18:33:00,18:33:10,stop_point:SP_1718,St-Alban Ctre Cial,18
2290544,18:34:00,18:34:10,stop_point:SP_3784,Egalité,19
2290544,18:34:00,18:34:10,stop_point:SP_1557,Sables,20
2290544,18:35:00,18:35:10,stop_point:SP_641,Mairie St-Alban,21
2290544,18:36:00,18:36:10,stop_point:SP_2759,Ecole St-Alban,22
2290544,18:37:00,18:37:10,stop_point:SP_2178,Gafelaze,23
2290544,18:38:00,18:38:10,stop_point:SP_3651,St-Alban Salvador Allende,24
2290544,18:40:00,18:40:10,stop_point:SP_5169,Fenouillet Ctre Cial - Entrée Sud,25
2290544,18:41:00,18:41:10,stop_point:SP_5248,Fenouillet Ctre Cial - Entrée Nord,26
2290544,18:42:00,18:42:10,stop_point:SP_5247,Fenouillet Ctre Cial - Entrée Nord,27
2290545,18:28:00,18:28:10,stop_point:SP_1175,La Vache,1
2290545,18:30:00,18:30:10,stop_point:SP_327,Pader,2
2290545,18:31:00,18:31:10,stop_point:SP_3826,Le Grand Marché - Pont de La Vache,3
2290545,18:32:00,18:32:10,stop_point:SP_3721,Collège Rosa Parks,4
2290545,18:34:00,18:34:10,stop_point:SP_753,Riché Lalande,5
2290545,18:36:00,18:36:10,stop_point:SP_1880,Lapin,6
2290545,18:37:00,18:37:10,stop_point:SP_1995,Roubiéchou,7
2290545,18:38:00,18:38:10,stop_point:SP_1993,Lapparou,8
2290545,18:39:00,18:39:10,stop_point:SP_2419,Gaussen,9
2290545,18:40:00,18:40:10,stop_point:SP_1499,Salvy,10
2290545,18:41:00,18:41:10,stop_point:SP_445,Eglise Aucamville,11
2290545,18:42:00,18:42:10,stop_point:SP_3252,Mairie Aucamville,12
2290545,18:43:00,18:43:10,stop_point:SP_1128,Favasse,13
2290545,18:44:00,18:44:10,stop_point:SP_619,Aucamville Collège,14
2290545,18:45:00,18:45:10,stop_point:SP_2651,Raudelauzette,15
2290545,18:46:00,18:46:10,stop_point:SP_455,Mariel,16
2290545,18:47:00,18:47:10,stop_point:SP_1577,Peyronnette,17
2290545,18:48:00,18:48:10,stop_point:SP_1718,St-Alban Ctre Cial,18
2290545,18:49:00,18:49:10,stop_point:SP_3784,Egalité,19
2290545,18:49:00,18:49:10,stop_point:SP_1557,Sables,20
2290545,18:50:00,18:50:10,stop_point:SP_641,Mairie St-Alban,21
2290545,18:51:00,18:51:10,stop_point:SP_2759,Ecole St-Alban,22
2290545,18:52:00,18:52:10,stop_point:SP_2178,Gafelaze,23
2290545,18:53:00,18:53:10,stop_point:SP_3651,St-Alban Salvador Allende,24
2290545,18:55:00,18:55:10,stop_point:SP_5169,Fenouillet Ctre Cial - Entrée Sud,25
2290545,18:56:00,18:56:10,stop_point:SP_5248,Fenouillet Ctre Cial - Entrée Nord,26
2290545,18:57:00,18:57:10,stop_point:SP_5247,Fenouillet Ctre Cial - Entrée Nord,27
2290546,18:43:00,18:43:10,stop_point:SP_1175,La Vache,1
2290546,18:45:00,18:45:10,stop_point:SP_327,Pader,2
2290546,18:46:00,18:46:10,stop_point:SP_3826,Le Grand Marché - Pont de La Vache,3
2290546,18:47:00,18:47:10,stop_point:SP_3721,Collège Rosa Parks,4
2290546,18:49:00,18:49:10,stop_point:SP_753,Riché Lalande,5
2290546,18:51:00,18:51:10,stop_point:SP_1880,Lapin,6
2290546,18:52:00,18:52:10,stop_point:SP_1995,Roubiéchou,7
2290546,18:53:00,18:53:10,stop_point:SP_1993,Lapparou,8
2290546,18:54:00,18:54:10,stop_point:SP_2419,Gaussen,9
2290546,18:55:00,18:55:10,stop_point:SP_1499,Salvy,10
2290546,18:56:00,18:56:10,stop_point:SP_445,Eglise Aucamville,11
2290546,18:57:00,18:57:10,stop_point:SP_3252,Mairie Aucamville,12
2290546,18:58:00,18:58:10,stop_point:SP_1128,Favasse,13
2290546,19:00:00,19:00:10,stop_point:SP_619,Aucamville Collège,14
2290546,19:01:00,19:01:10,stop_point:SP_2651,Raudelauzette,15
2290546,19:02:00,19:02:10,stop_point:SP_455,Mariel,16
2290546,19:03:00,19:03:10,stop_point:SP_1577,Peyronnette,17
2290546,19:04:00,19:04:10,stop_point:SP_1718,St-Alban Ctre Cial,18
2290546,19:05:00,19:05:10,stop_point:SP_3784,Egalité,19
2290546,19:05:00,19:05:10,stop_point:SP_1557,Sables,20
2290546,19:06:00,19:06:10,stop_point:SP_641,Mairie St-Alban,21
2290546,19:07:00,19:07:10,stop_point:SP_2759,Ecole St-Alban,22
2290546,19:08:00,19:08:10,stop_point:SP_2178,Gafelaze,23
2290546,19:09:00,19:09:10,stop_point:SP_3651,St-Alban Salvador Allende,24
2290546,19:11:00,19:11:10,stop_point:SP_5169,Fenouillet Ctre Cial - Entrée Sud,25
2290546,19:12:00,19:12:10,stop_point:SP_5248,Fenouillet Ctre Cial - Entrée Nord,26
2290546,19:13:00,19:13:10,stop_point:SP_5247,Fenouillet Ctre Cial - Entrée Nord,27
2290547,18:58:00,18:58:10,stop_point:SP_1175,La Vache,1
2290547,19:00:00,19:00:10,stop_point:SP_327,Pader,2
2290547,19:01:00,19:01:10,stop_point:SP_3826,Le Grand Marché - Pont de La Vache,3
2290547,19:02:00,19:02:10,stop_point:SP_3721,Collège Rosa Parks,4
2290547,19:04:00,19:04:10,stop_point:SP_753,Riché Lalande,5
2290547,19:06:00,19:06:10,stop_point:SP_1880,Lapin,6
2290547,19:07:00,19:07:10,stop_point:SP_1995,Roubiéchou,7
2290547,19:08:00,19:08:10,stop_point:SP_1993,Lapparou,8
2290547,19:09:00,19:09:10,stop_point:SP_2419,Gaussen,9
2290547,19:10:00,19:10:10,stop_point:SP_1499,Salvy,10
2290547,19:11:00,19:11:10,stop_point:SP_445,Eglise Aucamville,11
2290547,19:12:00,19:12:10,stop_point:SP_3252,Mairie Aucamville,12
2290547,19:13:00,19:13:10,stop_point:SP_1128,Favasse,13
2290547,19:15:00,19:15:10,stop_point:SP_619,Aucamville Collège,14
2290547,19:16:00,19:16:10,stop_point:SP_2651,Raudelauzette,15
2290547,19:17:00,19:17:10,stop_point:SP_455,Mariel,16
2290547,19:18:00,19:18:10,stop_point:SP_1577,Peyronnette,17
2290547,19:19:00,19:19:10,stop_point:SP_1718,St-Alban Ctre Cial,18
2290547,19:20:00,19:20:10,stop_point:SP_3784,Egalité,19
2290547,19:20:00,19:20:10,stop_point:SP_1557,Sables,20
2290547,19:21:00,19:21:10,stop_point:SP_641,Mairie St-Alban,21
2290547,19:22:00,19:22:10,stop_point:SP_2759,Ecole St-Alban,22
2290547,19:23:00,19:23:10,stop_point:SP_2178,Gafelaze,23
2290547,19:24:00,19:24:10,stop_point:SP_3651,St-Alban Salvador Allende,24
2290547,19:26:00,19:26:10,stop_point:SP_5169,Fenouillet Ctre Cial - Entrée Sud,25
2290547,19:27:00,19:27:10,stop_point:SP_5248,Fenouillet Ctre Cial - Entrée Nord,26
2290547,19:28:00,19:28:10,stop_point:SP_5247,Fenouillet Ctre Cial - Entrée Nord,27
2290548,19:16:00,19:16:10,stop_point:SP_1175,La Vache,1
2290548,19:18:00,19:18:10,stop_point:SP_327,Pader,2
2290548,19:19:00,19:19:10,stop_point:SP_3826,Le Grand Marché - Pont de La Vache,3
2290548,19:20:00,19:20:10,stop_point:SP_3721,Collège Rosa Parks,4
2290548,19:22:00,19:22:10,stop_point:SP_753,Riché Lalande,5
2290548,19:24:00,19:24:10,stop_point:SP_1880,Lapin,6
2290548,19:25:00,19:25:10,stop_point:SP_1995,Roubiéchou,7
2290548,19:26:00,19:26:10,stop_point:SP_1993,Lapparou,8
2290548,19:27:00,19:27:10,stop_point:SP_2419,Gaussen,9
2290548,19:28:00,19:28:10,stop_point:SP_1499,Salvy,10
2290548,19:29:00,19:29:10,stop_point:SP_445,Eglise Aucamville,11
2290548,19:30:00,19:30:10,stop_point:SP_3252,Mairie Aucamville,12
2290548,19:31:00,19:31:10,stop_point:SP_1128,Favasse,13
2290548,19:33:00,19:33:10,stop_point:SP_619,Aucamville Collège,14
2290548,19:34:00,19:34:10,stop_point:SP_2651,Raudelauzette,15
2290548,19:35:00,19:35:10,stop_point:SP_455,Mariel,16
2290548,19:36:00,19:36:10,stop_point:SP_1577,Peyronnette,17
2290548,19:37:00,19:37:10,stop_point:SP_1718,St-Alban Ctre Cial,18
2290548,19:38:00,19:38:10,stop_point:SP_3784,Egalité,19
2290548,19:38:00,19:38:10,stop_point:SP_1557,Sables,20
2290548,19:39:00,19:39:10,stop_point:SP_641,Mairie St-Alban,21
2290548,19:40:00,19:40:10,stop_point:SP_2759,Ecole St-Alban,22
2290548,19:41:00,19:41:10,stop_point:SP_2178,Gafelaze,23
2290548,19:42:00,19:42:10,stop_point:SP_3651,St-Alban Salvador Allende,24
2290548,19:44:00,19:44:10,stop_point:SP_5169,Fenouillet Ctre Cial - Entrée Sud,25
2290548,19:45:00,19:45:10,stop_point:SP_5248,Fenouillet Ctre Cial - Entrée Nord,26
2290548,19:46:00,19:46:10,stop_point:SP_5247,Fenouillet Ctre Cial - Entrée Nord,27
2290549,19:34:00,19:34:10,stop_point:SP_1175,La Vache,1
2290549,19:36:00,19:36:10,stop_point:SP_327,Pader,2
2290549,19:37:00,19:37:10,stop_point:SP_3826,Le Grand Marché - Pont de La Vache,3
2290549,19:38:00,19:38:10,stop_point:SP_3721,Collège Rosa Parks,4
2290549,19:40:00,19:40:10,stop_point:SP_753,Riché Lalande,5
2290549,19:42:00,19:42:10,stop_point:SP_1880,Lapin,6
2290549,19:43:00,19:43:10,stop_point:SP_1995,Roubiéchou,7
2290549,19:44:00,19:44:10,stop_point:SP_1993,Lapparou,8
2290549,19:45:00,19:45:10,stop_point:SP_2419,Gaussen,9
2290549,19:46:00,19:46:10,stop_point:SP_1499,Salvy,10
2290549,19:47:00,19:47:10,stop_point:SP_445,Eglise Aucamville,11
2290549,19:48:00,19:48:10,stop_point:SP_3252,Mairie Aucamville,12
2290549,19:49:00,19:49:10,stop_point:SP_1128,Favasse,13
2290549,19:51:00,19:51:10,stop_point:SP_619,Aucamville Collège,14
2290549,19:52:00,19:52:10,stop_point:SP_2651,Raudelauzette,15
2290549,19:53:00,19:53:10,stop_point:SP_455,Mariel,16
2290549,19:54:00,19:54:10,stop_point:SP_1577,Peyronnette,17
2290549,19:55:00,19:55:10,stop_point:SP_1718,St-Alban Ctre Cial,18
2290549,19:56:00,19:56:10,stop_point:SP_3784,Egalité,19
2290549,19:56:00,19:56:10,stop_point:SP_1557,Sables,20
2290549,19:57:00,19:57:10,stop_point:SP_641,Mairie St-Alban,21
2290549,19:58:00,19:58:10,stop_point:SP_2759,Ecole St-Alban,22
2290549,19:59:00,19:59:10,stop_point:SP_2178,Gafelaze,23
2290549,20:00:00,20:00:10,stop_point:SP_3651,St-Alban Salvador Allende,24
2290549,20:02:00,20:02:10,stop_point:SP_5169,Fenouillet Ctre Cial - Entrée Sud,25
2290549,20:03:00,20:03:10,stop_point:SP_5248,Fenouillet Ctre Cial - Entrée Nord,26
2290549,20:04:00,20:04:10,stop_point:SP_5247,Fenouillet Ctre Cial - Entrée Nord,27
2290550,19:52:00,19:52:10,stop_point:SP_1175,La Vache,1
2290550,19:54:00,19:54:10,stop_point:SP_327,Pader,2
2290550,19:55:00,19:55:10,stop_point:SP_3826,Le Grand Marché - Pont de La Vache,3
2290550,19:56:00,19:56:10,stop_point:SP_3721,Collège Rosa Parks,4
2290550,19:58:00,19:58:10,stop_point:SP_753,Riché Lalande,5
2290550,20:00:00,20:00:10,stop_point:SP_1880,Lapin,6
2290550,20:01:00,20:01:10,stop_point:SP_1995,Roubiéchou,7
2290550,20:02:00,20:02:10,stop_point:SP_1993,Lapparou,8
2290550,20:03:00,20:03:10,stop_point:SP_2419,Gaussen,9
2290550,20:04:00,20:04:10,stop_point:SP_1499,Salvy,10
2290550,20:05:00,20:05:10,stop_point:SP_445,Eglise Aucamville,11
2290550,20:06:00,20:06:10,stop_point:SP_3252,Mairie Aucamville,12
2290550,20:07:00,20:07:10,stop_point:SP_1128,Favasse,13
2290550,20:09:00,20:09:10,stop_point:SP_619,Aucamville Collège,14
2290550,20:10:00,20:10:10,stop_point:SP_2651,Raudelauzette,15
2290550,20:11:00,20:11:10,stop_point:SP_455,Mariel,16
2290550,20:12:00,20:12:10,stop_point:SP_1577,Peyronnette,17
2290550,20:13:00,20:13:10,stop_point:SP_1718,St-Alban Ctre Cial,18
2290550,20:14:00,20:14:10,stop_point:SP_3784,Egalité,19
2290550,20:14:00,20:14:10,stop_point:SP_1557,Sables,20
2290550,20:15:00,20:15:10,stop_point:SP_641,Mairie St-Alban,21
2290550,20:16:00,20:16:10,stop_point:SP_2759,Ecole St-Alban,22
2290550,20:17:00,20:17:10,stop_point:SP_2178,Gafelaze,23
2290550,20:18:00,20:18:10,stop_point:SP_3651,St-Alban Salvador Allende,24
2290550,20:20:00,20:20:10,stop_point:SP_5169,Fenouillet Ctre Cial - Entrée Sud,25
2290550,20:21:00,20:21:10,stop_point:SP_5248,Fenouillet Ctre Cial - Entrée Nord,26
2290550,20:22:00,20:22:10,stop_point:SP_5247,Fenouillet Ctre Cial - Entrée Nord,27
2290551,20:10:00,20:10:10,stop_point:SP_1175,La Vache,1
2290551,20:12:00,20:12:10,stop_point:SP_327,Pader,2
2290551,20:13:00,20:13:10,stop_point:SP_3826,Le Grand Marché - Pont de La Vache,3
2290551,20:14:00,20:14:10,stop_point:SP_3721,Collège Rosa Parks,4
2290551,20:16:00,20:16:10,stop_point:SP_753,Riché Lalande,5
2290551,20:18:00,20:18:10,stop_point:SP_1880,Lapin,6
2290551,20:19:00,20:19:10,stop_point:SP_1995,Roubiéchou,7
2290551,20:20:00,20:20:10,stop_point:SP_1993,Lapparou,8
2290551,20:21:00,20:21:10,stop_point:SP_2419,Gaussen,9
2290551,20:22:00,20:22:10,stop_point:SP_1499,Salvy,10
2290551,20:23:00,20:23:10,stop_point:SP_445,Eglise Aucamville,11
2290551,20:24:00,20:24:10,stop_point:SP_3252,Mairie Aucamville,12
2290551,20:25:00,20:25:10,stop_point:SP_1128,Favasse,13
2290551,20:27:00,20:27:10,stop_point:SP_619,Aucamville Collège,14
2290551,20:28:00,20:28:10,stop_point:SP_2651,Raudelauzette,15
2290551,20:29:00,20:29:10,stop_point:SP_455,Mariel,16
2290551,20:30:00,20:30:10,stop_point:SP_1577,Peyronnette,17
2290551,20:31:00,20:31:10,stop_point:SP_1718,St-Alban Ctre Cial,18
2290551,20:32:00,20:32:10,stop_point:SP_3784,Egalité,19
2290551,20:32:00,20:32:10,stop_point:SP_1557,Sables,20
2290551,20:33:00,20:33:10,stop_point:SP_641,Mairie St-Alban,21
2290551,20:34:00,20:34:10,stop_point:SP_2759,Ecole St-Alban,22
2290551,20:35:00,20:35:10,stop_point:SP_2178,Gafelaze,23
2290551,20:36:00,20:36:10,stop_point:SP_3651,St-Alban Salvador Allende,24
2290551,20:37:00,20:37:10,stop_point:SP_5169,Fenouillet Ctre Cial - Entrée Sud,25
2290551,20:38:00,20:38:10,stop_point:SP_5248,Fenouillet Ctre Cial - Entrée Nord,26
2290551,20:39:00,20:39:10,stop_point:SP_5247,Fenouillet Ctre Cial - Entrée Nord,27
2290552,20:28:00,20:28:10,stop_point:SP_1175,La Vache,1
2290552,20:30:00,20:30:10,stop_point:SP_327,Pader,2
2290552,20:31:00,20:31:10,stop_point:SP_3826,Le Grand Marché - Pont de La Vache,3
2290552,20:32:00,20:32:10,stop_point:SP_3721,Collège Rosa Parks,4
2290552,20:34:00,20:34:10,stop_point:SP_753,Riché Lalande,5
2290552,20:36:00,20:36:10,stop_point:SP_1880,Lapin,6
2290552,20:37:00,20:37:10,stop_point:SP_1995,Roubiéchou,7
2290552,20:38:00,20:38:10,stop_point:SP_1993,Lapparou,8
2290552,20:39:00,20:39:10,stop_point:SP_2419,Gaussen,9
2290552,20:40:00,20:40:10,stop_point:SP_1499,Salvy,10
2290552,20:41:00,20:41:10,stop_point:SP_445,Eglise Aucamville,11
2290552,20:42:00,20:42:10,stop_point:SP_3252,Mairie Aucamville,12
2290552,20:43:00,20:43:10,stop_point:SP_1128,Favasse,13
2290552,20:44:00,20:44:10,stop_point:SP_619,Aucamville Collège,14
2290552,20:44:00,20:44:10,stop_point:SP_2651,Raudelauzette,15
2290552,20:45:00,20:45:10,stop_point:SP_455,Mariel,16
2290552,20:46:00,20:46:10,stop_point:SP_1577,Peyronnette,17
2290552,20:47:00,20:47:10,stop_point:SP_1718,St-Alban Ctre Cial,18
2290552,20:48:00,20:48:10,stop_point:SP_3784,Egalité,19
2290552,20:48:00,20:48:10,stop_point:SP_1557,Sables,20
2290552,20:49:00,20:49:10,stop_point:SP_641,Mairie St-Alban,21
2290552,20:50:00,20:50:10,stop_point:SP_2759,Ecole St-Alban,22
2290552,20:51:00,20:51:10,stop_point:SP_2178,Gafelaze,23
2290552,20:52:00,20:52:10,stop_point:SP_3651,St-Alban Salvador Allende,24
2290552,20:53:00,20:53:10,stop_point:SP_5169,Fenouillet Ctre Cial - Entrée Sud,25
2290552,20:54:00,20:54:10,stop_point:SP_5248,Fenouillet Ctre Cial - Entrée Nord,26
2290552,20:55:00,20:55:10,stop_point:SP_5247,Fenouillet Ctre Cial - Entrée Nord,27
2290553,20:55:00,20:55:10,stop_point:SP_1175,La Vache,1
2290553,20:57:00,20:57:10,stop_point:SP_327,Pader,2
2290553,20:58:00,20:58:10,stop_point:SP_3826,Le Grand Marché - Pont de La Vache,3
2290553,20:59:00,20:59:10,stop_point:SP_3721,Collège Rosa Parks,4
2290553,21:01:00,21:01:10,stop_point:SP_753,Riché Lalande,5
2290553,21:03:00,21:03:10,stop_point:SP_1880,Lapin,6
2290553,21:04:00,21:04:10,stop_point:SP_1995,Roubiéchou,7
2290553,21:05:00,21:05:10,stop_point:SP_1993,Lapparou,8
2290553,21:06:00,21:06:10,stop_point:SP_2419,Gaussen,9
2290553,21:07:00,21:07:10,stop_point:SP_1499,Salvy,10
2290553,21:08:00,21:08:10,stop_point:SP_445,Eglise Aucamville,11
2290553,21:09:00,21:09:10,stop_point:SP_3252,Mairie Aucamville,12
2290553,21:10:00,21:10:10,stop_point:SP_1128,Favasse,13
2290553,21:11:00,21:11:10,stop_point:SP_619,Aucamville Collège,14
2290553,21:11:00,21:11:10,stop_point:SP_2651,Raudelauzette,15
2290553,21:12:00,21:12:10,stop_point:SP_455,Mariel,16
2290553,21:13:00,21:13:10,stop_point:SP_1577,Peyronnette,17
2290553,21:14:00,21:14:10,stop_point:SP_1718,St-Alban Ctre Cial,18
2290553,21:15:00,21:15:10,stop_point:SP_3784,Egalité,19
2290553,21:15:00,21:15:10,stop_point:SP_1557,Sables,20
2290553,21:16:00,21:16:10,stop_point:SP_641,Mairie St-Alban,21
2290553,21:17:00,21:17:10,stop_point:SP_2759,Ecole St-Alban,22
2290553,21:18:00,21:18:10,stop_point:SP_2178,Gafelaze,23
2290553,21:19:00,21:19:10,stop_point:SP_3651,St-Alban Salvador Allende,24
2290553,21:20:00,21:20:10,stop_point:SP_5169,Fenouillet Ctre Cial - Entrée Sud,25
2290553,21:21:00,21:21:10,stop_point:SP_5248,Fenouillet Ctre Cial - Entrée Nord,26
2290553,21:22:00,21:22:10,stop_point:SP_5247,Fenouillet Ctre Cial - Entrée Nord,27
2290554,21:30:00,21:30:10,stop_point:SP_1175,La Vache,1
2290554,21:32:00,21:32:10,stop_point:SP_327,Pader,2
2290554,21:33:00,21:33:10,stop_point:SP_3826,Le Grand Marché - Pont de La Vache,3
2290554,21:34:00,21:34:10,stop_point:SP_3721,Collège Rosa Parks,4
2290554,21:36:00,21:36:10,stop_point:SP_753,Riché Lalande,5
2290554,21:38:00,21:38:10,stop_point:SP_1880,Lapin,6
2290554,21:39:00,21:39:10,stop_point:SP_1995,Roubiéchou,7
2290554,21:40:00,21:40:10,stop_point:SP_1993,Lapparou,8
2290554,21:41:00,21:41:10,stop_point:SP_2419,Gaussen,9
2290554,21:42:00,21:42:10,stop_point:SP_1499,Salvy,10
2290554,21:43:00,21:43:10,stop_point:SP_445,Eglise Aucamville,11
2290554,21:44:00,21:44:10,stop_point:SP_3252,Mairie Aucamville,12
2290554,21:45:00,21:45:10,stop_point:SP_1128,Favasse,13
2290554,21:46:00,21:46:10,stop_point:SP_619,Aucamville Collège,14
2290554,21:46:00,21:46:10,stop_point:SP_2651,Raudelauzette,15
2290554,21:47:00,21:47:10,stop_point:SP_455,Mariel,16
2290554,21:48:00,21:48:10,stop_point:SP_1577,Peyronnette,17
2290554,21:49:00,21:49:10,stop_point:SP_1718,St-Alban Ctre Cial,18
2290554,21:50:00,21:50:10,stop_point:SP_3784,Egalité,19
2290554,21:50:00,21:50:10,stop_point:SP_1557,Sables,20
2290554,21:51:00,21:51:10,stop_point:SP_641,Mairie St-Alban,21
2290554,21:52:00,21:52:10,stop_point:SP_2759,Ecole St-Alban,22
2290554,21:53:00,21:53:10,stop_point:SP_2178,Gafelaze,23
2290554,21:54:00,21:54:10,stop_point:SP_3651,St-Alban Salvador Allende,24
2290554,21:55:00,21:55:10,stop_point:SP_5169,Fenouillet Ctre Cial - Entrée Sud,25
2290554,21:56:00,21:56:10,stop_point:SP_5248,Fenouillet Ctre Cial - Entrée Nord,26
2290554,21:57:00,21:57:10,stop_point:SP_5247,Fenouillet Ctre Cial - Entrée Nord,27
2290555,22:05:00,22:05:10,stop_point:SP_1175,La Vache,1
2290555,22:07:00,22:07:10,stop_point:SP_327,Pader,2
2290555,22:08:00,22:08:10,stop_point:SP_3826,Le Grand Marché - Pont de La Vache,3
2290555,22:09:00,22:09:10,stop_point:SP_3721,Collège Rosa Parks,4
2290555,22:11:00,22:11:10,stop_point:SP_753,Riché Lalande,5
2290555,22:13:00,22:13:10,stop_point:SP_1880,Lapin,6
2290555,22:14:00,22:14:10,stop_point:SP_1995,Roubiéchou,7
2290555,22:15:00,22:15:10,stop_point:SP_1993,Lapparou,8
2290555,22:16:00,22:16:10,stop_point:SP_2419,Gaussen,9
2290555,22:17:00,22:17:10,stop_point:SP_1499,Salvy,10
2290555,22:18:00,22:18:10,stop_point:SP_445,Eglise Aucamville,11
2290555,22:19:00,22:19:10,stop_point:SP_3252,Mairie Aucamville,12
2290555,22:20:00,22:20:10,stop_point:SP_1128,Favasse,13
2290555,22:21:00,22:21:10,stop_point:SP_619,Aucamville Collège,14
2290555,22:21:00,22:21:10,stop_point:SP_2651,Raudelauzette,15
2290555,22:22:00,22:22:10,stop_point:SP_455,Mariel,16
2290555,22:23:00,22:23:10,stop_point:SP_1577,Peyronnette,17
2290555,22:24:00,22:24:10,stop_point:SP_1718,St-Alban Ctre Cial,18
2290555,22:25:00,22:25:10,stop_point:SP_3784,Egalité,19
2290555,22:25:00,22:25:10,stop_point:SP_1557,Sables,20
2290555,22:26:00,22:26:10,stop_point:SP_641,Mairie St-Alban,21
2290555,22:27:00,22:27:10,stop_point:SP_2759,Ecole St-Alban,22
2290555,22:28:00,22:28:10,stop_point:SP_2178,Gafelaze,23
2290555,22:29:00,22:29:10,stop_point:SP_3651,St-Alban Salvador Allende,24
2290555,22:30:00,22:30:10,stop_point:SP_5169,Fenouillet Ctre Cial - Entrée Sud,25
2290555,22:31:00,22:31:10,stop_point:SP_5248,Fenouillet Ctre Cial - Entrée Nord,26
2290555,22:32:00,22:32:10,stop_point:SP_5247,Fenouillet Ctre Cial - Entrée Nord,27
2290556,22:40:00,22:40:10,stop_point:SP_1175,La Vache,1
2290556,22:42:00,22:42:10,stop_point:SP_327,Pader,2
2290556,22:42:00,22:42:10,stop_point:SP_3826,Le Grand Marché - Pont de La Vache,3
2290556,22:44:00,22:44:10,stop_point:SP_3721,Collège Rosa Parks,4
2290556,22:45:00,22:45:10,stop_point:SP_753,Riché Lalande,5
2290556,22:47:00,22:47:10,stop_point:SP_1880,Lapin,6
2290556,22:48:00,22:48:10,stop_point:SP_1995,Roubiéchou,7
2290556,22:49:00,22:49:10,stop_point:SP_1993,Lapparou,8
2290556,22:50:00,22:50:10,stop_point:SP_2419,Gaussen,9
2290556,22:51:00,22:51:10,stop_point:SP_1499,Salvy,10
2290556,22:52:00,22:52:10,stop_point:SP_445,Eglise Aucamville,11
2290556,22:53:00,22:53:10,stop_point:SP_3252,Mairie Aucamville,12
2290556,22:54:00,22:54:10,stop_point:SP_1128,Favasse,13
2290556,22:55:00,22:55:10,stop_point:SP_619,Aucamville Collège,14
2290556,22:55:00,22:55:10,stop_point:SP_2651,Raudelauzette,15
2290556,22:56:00,22:56:10,stop_point:SP_455,Mariel,16
2290556,22:57:00,22:57:10,stop_point:SP_1577,Peyronnette,17
2290556,22:58:00,22:58:10,stop_point:SP_1718,St-Alban Ctre Cial,18
2290556,22:59:00,22:59:10,stop_point:SP_3784,Egalité,19
2290556,22:59:00,22:59:10,stop_point:SP_1557,Sables,20
2290556,23:00:00,23:00:10,stop_point:SP_641,Mairie St-Alban,21
2290556,23:01:00,23:01:10,stop_point:SP_2759,Ecole St-Alban,22
2290556,23:02:00,23:02:10,stop_point:SP_2178,Gafelaze,23
2290556,23:03:00,23:03:10,stop_point:SP_3651,St-Alban Salvador Allende,24
2290556,23:04:00,23:04:10,stop_point:SP_5169,Fenouillet Ctre Cial - Entrée Sud,25
2290556,23:05:00,23:05:10,stop_point:SP_5248,Fenouillet Ctre Cial - Entrée Nord,26
2290556,23:06:00,23:06:10,stop_point:SP_5247,Fenouillet Ctre Cial - Entrée Nord,27
2290557,23:15:00,23:15:10,stop_point:SP_1175,La Vache,1
2290557,23:17:00,23:17:10,stop_point:SP_327,Pader,2
2290557,23:17:00,23:17:10,stop_point:SP_3826,Le Grand Marché - Pont de La Vache,3
2290557,23:19:00,23:19:10,stop_point:SP_3721,Collège Rosa Parks,4
2290557,23:20:00,23:20:10,stop_point:SP_753,Riché Lalande,5
2290557,23:22:00,23:22:10,stop_point:SP_1880,Lapin,6
2290557,23:22:00,23:22:10,stop_point:SP_1995,Roubiéchou,7
2290557,23:23:00,23:23:10,stop_point:SP_1993,Lapparou,8
2290557,23:24:00,23:24:10,stop_point:SP_2419,Gaussen,9
2290557,23:26:00,23:26:10,stop_point:SP_1499,Salvy,10
2290557,23:26:00,23:26:10,stop_point:SP_445,Eglise Aucamville,11
2290557,23:27:00,23:27:10,stop_point:SP_3252,Mairie Aucamville,12
2290557,23:28:00,23:28:10,stop_point:SP_1128,Favasse,13
2290557,23:29:00,23:29:10,stop_point:SP_619,Aucamville Collège,14
2290557,23:29:00,23:29:10,stop_point:SP_2651,Raudelauzette,15
2290557,23:30:00,23:30:10,stop_point:SP_455,Mariel,16
2290557,23:31:00,23:31:10,stop_point:SP_1577,Peyronnette,17
2290557,23:32:00,23:32:10,stop_point:SP_1718,St-Alban Ctre Cial,18
2290557,23:33:00,23:33:10,stop_point:SP_3784,Egalité,19
2290557,23:33:00,23:33:10,stop_point:SP_1557,Sables,20
2290557,23:34:00,23:34:10,stop_point:SP_641,Mairie St-Alban,21
2290557,23:35:00,23:35:10,stop_point:SP_2759,Ecole St-Alban,22
2290557,23:36:00,23:36:10,stop_point:SP_2178,Gafelaze,23
2290557,23:37:00,23:37:10,stop_point:SP_3651,St-Alban Salvador Allende,24
2290557,23:38:00,23:38:10,stop_point:SP_5169,Fenouillet Ctre Cial - Entrée Sud,25
2290557,23:39:00,23:39:10,stop_point:SP_5248,Fenouillet Ctre Cial - Entrée Nord,26
2290557,23:40:00,23:40:10,stop_point:SP_5247,Fenouillet Ctre Cial - Entrée Nord,27
2290558,23:50:00,23:50:10,stop_point:SP_1175,La Vache,1
2290558,23:52:00,23:52:10,stop_point:SP_327,Pader,2
2290558,23:52:00,23:52:10,stop_point:SP_3826,Le Grand Marché - Pont de La Vache,3
2290558,23:54:00,23:54:10,stop_point:SP_3721,Collège Rosa Parks,4
2290558,23:55:00,23:55:10,stop_point:SP_753,Riché Lalande,5
2290558,23:57:00,23:57:10,stop_point:SP_1880,Lapin,6
2290558,23:57:00,23:57:10,stop_point:SP_1995,Roubiéchou,7
2290558,23:58:00,23:58:10,stop_point:SP_1993,Lapparou,8
2290558,23:59:00,23:59:10,stop_point:SP_2419,Gaussen,9
2290558,24:01:00,24:01:10,stop_point:SP_1499,Salvy,10
2290558,24:01:00,24:01:10,stop_point:SP_445,Eglise Aucamville,11
2290558,24:02:00,24:02:10,stop_point:SP_3252,Mairie Aucamville,12
2290558,24:03:00,24:03:10,stop_point:SP_1128,Favasse,13
2290558,24:04:00,24:04:10,stop_point:SP_619,Aucamville Collège,14
2290558,24:04:00,24:04:10,stop_point:SP_2651,Raudelauzette,15
2290558,24:05:00,24:05:10,stop_point:SP_455,Mariel,16
2290558,24:06:00,24:06:10,stop_point:SP_1577,Peyronnette,17
2290558,24:07:00,24:07:10,stop_point:SP_1718,St-Alban Ctre Cial,18
2290558,24:08:00,24:08:10,stop_point:SP_3784,Egalité,19
2290558,24:08:00,24:08:10,stop_point:SP_1557,Sables,20
2290558,24:09:00,24:09:10,stop_point:SP_641,Mairie St-Alban,21
2290558,24:10:00,24:10:10,stop_point:SP_2759,Ecole St-Alban,22
2290558,24:11:00,24:11:10,stop_point:SP_2178,Gafelaze,23
2290558,24:12:00,24:12:10,stop_point:SP_3651,St-Alban Salvador Allende,24
2290558,24:13:00,24:13:10,stop_point:SP_5169,Fenouillet Ctre Cial - Entrée Sud,25
2290558,24:14:00,24:14:10,stop_point:SP_5248,Fenouillet Ctre Cial - Entrée Nord,26
2290558,24:15:00,24:15:10,stop_point:SP_5247,Fenouillet Ctre Cial - Entrée Nord,27
2290559,24:25:00,24:25:10,stop_point:SP_1175,La Vache,1
2290559,24:27:00,24:27:10,stop_point:SP_327,Pader,2
2290559,24:27:00,24:27:10,stop_point:SP_3826,Le Grand Marché - Pont de La Vache,3
2290559,24:29:00,24:29:10,stop_point:SP_3721,Collège Rosa Parks,4
2290559,24:30:00,24:30:10,stop_point:SP_753,Riché Lalande,5
2290559,24:32:00,24:32:10,stop_point:SP_1880,Lapin,6
2290559,24:32:00,24:32:10,stop_point:SP_1995,Roubiéchou,7
2290559,24:33:00,24:33:10,stop_point:SP_1993,Lapparou,8
2290559,24:34:00,24:34:10,stop_point:SP_2419,Gaussen,9
2290559,24:36:00,24:36:10,stop_point:SP_1499,Salvy,10
2290559,24:36:00,24:36:10,stop_point:SP_445,Eglise Aucamville,11
2290559,24:37:00,24:37:10,stop_point:SP_3252,Mairie Aucamville,12
2290559,24:38:00,24:38:10,stop_point:SP_1128,Favasse,13
2290559,24:39:00,24:39:10,stop_point:SP_619,Aucamville Collège,14
2290559,24:39:00,24:39:10,stop_point:SP_2651,Raudelauzette,15
2290559,24:40:00,24:40:10,stop_point:SP_455,Mariel,16
2290559,24:41:00,24:41:10,stop_point:SP_1577,Peyronnette,17
2290559,24:42:00,24:42:10,stop_point:SP_1718,St-Alban Ctre Cial,18
2290559,24:43:00,24:43:10,stop_point:SP_3784,Egalité,19
2290559,24:43:00,24:43:10,stop_point:SP_1557,Sables,20
2290559,24:44:00,24:44:10,stop_point:SP_641,Mairie St-Alban,21
2290559,24:45:00,24:45:10,stop_point:SP_2759,Ecole St-Alban,22
2290559,24:46:00,24:46:10,stop_point:SP_2178,Gafelaze,23
2290559,24:47:00,24:47:10,stop_point:SP_3651,St-Alban Salvador Allende,24
2290559,24:48:00,24:48:10,stop_point:SP_5169,Fenouillet Ctre Cial - Entrée Sud,25
2290559,24:49:00,24:49:10,stop_point:SP_5248,Fenouillet Ctre Cial - Entrée Nord,26
2290559,24:50:00,24:50:10,stop_point:SP_5247,Fenouillet Ctre Cial - Entrée Nord,27
2290560,25:00:00,25:00:10,stop_point:SP_1175,La Vache,1
2290560,25:02:00,25:02:10,stop_point:SP_327,Pader,2
2290560,25:02:00,25:02:10,stop_point:SP_3826,Le Grand Marché - Pont de La Vache,3
2290560,25:04:00,25:04:10,stop_point:SP_3721,Collège Rosa Parks,4
2290560,25:05:00,25:05:10,stop_point:SP_753,Riché Lalande,5
2290560,25:06:00,25:06:10,stop_point:SP_1880,Lapin,6
2290560,25:07:00,25:07:10,stop_point:SP_1995,Roubiéchou,7
2290560,25:08:00,25:08:10,stop_point:SP_1993,Lapparou,8
2290560,25:09:00,25:09:10,stop_point:SP_2419,Gaussen,9
2290560,25:10:00,25:10:10,stop_point:SP_1499,Salvy,10
2290560,25:10:00,25:10:10,stop_point:SP_445,Eglise Aucamville,11
2290560,25:11:00,25:11:10,stop_point:SP_3252,Mairie Aucamville,12
2290560,25:12:00,25:12:10,stop_point:SP_1128,Favasse,13
2290560,25:13:00,25:13:10,stop_point:SP_619,Aucamville Collège,14
2290560,25:13:00,25:13:10,stop_point:SP_2651,Raudelauzette,15
2290560,25:14:00,25:14:10,stop_point:SP_455,Mariel,16
2290560,25:15:00,25:15:10,stop_point:SP_1577,Peyronnette,17
2290560,25:16:00,25:16:10,stop_point:SP_1718,St-Alban Ctre Cial,18
2290560,25:17:00,25:17:10,stop_point:SP_3784,Egalité,19
2290560,25:17:00,25:17:10,stop_point:SP_1557,Sables,20
2290560,25:18:00,25:18:10,stop_point:SP_641,Mairie St-Alban,21
2290560,25:19:00,25:19:10,stop_point:SP_2759,Ecole St-Alban,22
2290560,25:20:00,25:20:10,stop_point:SP_2178,Gafelaze,23
2290560,25:21:00,25:21:10,stop_point:SP_3651,St-Alban Salvador Allende,24
2290560,25:22:00,25:22:10,stop_point:SP_5169,Fenouillet Ctre Cial - Entrée Sud,25
2290560,25:23:00,25:23:10,stop_point:SP_5248,Fenouillet Ctre Cial - Entrée Nord,26
2290560,25:24:00,25:24:10,stop_point:SP_5247,Fenouillet Ctre Cial - Entrée Nord,27
2290561,05:55:00,05:55:10,stop_point:SP_5247,Fenouillet Ctre Cial - Entrée Nord,1
2290561,05:56:00,05:56:10,stop_point:SP_5168,Fenouillet Ctre Cial - Entrée Sud,2
2290561,05:57:00,05:57:10,stop_point:SP_243,St-Alban Salvador Allende,3
2290561,05:58:00,05:58:10,stop_point:SP_3753,Gafelaze,4
2290561,05:59:00,05:59:10,stop_point:SP_1547,Ecole St-Alban,5
2290561,06:00:00,06:00:10,stop_point:SP_3276,Mairie St-Alban,6
2290561,06:01:00,06:01:10,stop_point:SP_1989,Sables,7
2290561,06:01:00,06:01:10,stop_point:SP_1190,Egalité,8
2290561,06:02:00,06:02:10,stop_point:SP_219,St-Alban Ctre Cial,9
2290561,06:03:00,06:03:10,stop_point:SP_1370,Peyronnette,10
2290561,06:03:00,06:03:10,stop_point:SP_3053,Mariel,11
2290561,06:04:00,06:04:10,stop_point:SP_3516,Raudelauzette,12
2290561,06:05:00,06:05:10,stop_point:SP_1879,Aucamville Collège,13
2290561,06:06:00,06:06:10,stop_point:SP_175,Favasse,14
2290561,06:07:00,06:07:10,stop_point:SP_1760,Mairie Aucamville,15
2290561,06:08:00,06:08:10,stop_point:SP_2311,Eglise Aucamville,16
2290561,06:08:00,06:08:10,stop_point:SP_802,Salvy,17
2290561,06:09:00,06:09:10,stop_point:SP_2114,Gaussen,18
2290561,06:10:00,06:10:10,stop_point:SP_3810,Lapparou,19
2290561,06:11:00,06:11:10,stop_point:SP_507,Roubiéchou,20
2290561,06:12:00,06:12:10,stop_point:SP_3354,Lapin,21
2290561,06:13:00,06:13:10,stop_point:SP_2207,Riché Lalande,22
2290561,06:14:00,06:14:10,stop_point:SP_2270,Collège Rosa Parks,23
2290561,06:15:00,06:15:10,stop_point:SP_1526,Le Grand Marché - Pont de La Vache,24
2290561,06:16:00,06:16:10,stop_point:SP_97,Pader,25
2290561,06:17:00,06:17:10,stop_point:SP_1175,La Vache,26
2290562,06:25:00,06:25:10,stop_point:SP_5247,Fenouillet Ctre Cial - Entrée Nord,1
2290562,06:26:00,06:26:10,stop_point:SP_5168,Fenouillet Ctre Cial - Entrée Sud,2
2290562,06:27:00,06:27:10,stop_point:SP_243,St-Alban Salvador Allende,3
2290562,06:28:00,06:28:10,stop_point:SP_3753,Gafelaze,4
2290562,06:29:00,06:29:10,stop_point:SP_1547,Ecole St-Alban,5
2290562,06:30:00,06:30:10,stop_point:SP_3276,Mairie St-Alban,6
2290562,06:31:00,06:31:10,stop_point:SP_1989,Sables,7
2290562,06:31:00,06:31:10,stop_point:SP_1190,Egalité,8
2290562,06:32:00,06:32:10,stop_point:SP_219,St-Alban Ctre Cial,9
2290562,06:33:00,06:33:10,stop_point:SP_1370,Peyronnette,10
2290562,06:33:00,06:33:10,stop_point:SP_3053,Mariel,11
2290562,06:34:00,06:34:10,stop_point:SP_3516,Raudelauzette,12
2290562,06:35:00,06:35:10,stop_point:SP_1879,Aucamville Collège,13
2290562,06:36:00,06:36:10,stop_point:SP_175,Favasse,14
2290562,06:37:00,06:37:10,stop_point:SP_1760,Mairie Aucamville,15
2290562,06:38:00,06:38:10,stop_point:SP_2311,Eglise Aucamville,16
2290562,06:38:00,06:38:10,stop_point:SP_802,Salvy,17
2290562,06:39:00,06:39:10,stop_point:SP_2114,Gaussen,18
2290562,06:40:00,06:40:10,stop_point:SP_3810,Lapparou,19
2290562,06:41:00,06:41:10,stop_point:SP_507,Roubiéchou,20
2290562,06:42:00,06:42:10,stop_point:SP_3354,Lapin,21
2290562,06:43:00,06:43:10,stop_point:SP_2207,Riché Lalande,22
2290562,06:44:00,06:44:10,stop_point:SP_2270,Collège Rosa Parks,23
2290562,06:45:00,06:45:10,stop_point:SP_1526,Le Grand Marché - Pont de La Vache,24
2290562,06:46:00,06:46:10,stop_point:SP_97,Pader,25
2290562,06:47:00,06:47:10,stop_point:SP_1175,La Vache,26
2290563,06:55:00,06:55:10,stop_point:SP_5247,Fenouillet Ctre Cial - Entrée Nord,1
2290563,06:56:00,06:56:10,stop_point:SP_5168,Fenouillet Ctre Cial - Entrée Sud,2
2290563,06:57:00,06:57:10,stop_point:SP_243,St-Alban Salvador Allende,3
2290563,06:58:00,06:58:10,stop_point:SP_3753,Gafelaze,4
2290563,06:59:00,06:59:10,stop_point:SP_1547,Ecole St-Alban,5
2290563,07:00:00,07:00:10,stop_point:SP_3276,Mairie St-Alban,6
2290563,07:01:00,07:01:10,stop_point:SP_1989,Sables,7
2290563,07:01:00,07:01:10,stop_point:SP_1190,Egalité,8
2290563,07:02:00,07:02:10,stop_point:SP_219,St-Alban Ctre Cial,9
2290563,07:03:00,07:03:10,stop_point:SP_1370,Peyronnette,10
2290563,07:03:00,07:03:10,stop_point:SP_3053,Mariel,11
2290563,07:04:00,07:04:10,stop_point:SP_3516,Raudelauzette,12
2290563,07:05:00,07:05:10,stop_point:SP_1879,Aucamville Collège,13
2290563,07:06:00,07:06:10,stop_point:SP_175,Favasse,14
2290563,07:07:00,07:07:10,stop_point:SP_1760,Mairie Aucamville,15
2290563,07:08:00,07:08:10,stop_point:SP_2311,Eglise Aucamville,16
2290563,07:08:00,07:08:10,stop_point:SP_802,Salvy,17
2290563,07:09:00,07:09:10,stop_point:SP_2114,Gaussen,18
2290563,07:10:00,07:10:10,stop_point:SP_3810,Lapparou,19
2290563,07:11:00,07:11:10,stop_point:SP_507,Roubiéchou,20
2290563,07:12:00,07:12:10,stop_point:SP_3354,Lapin,21
2290563,07:13:00,07:13:10,stop_point:SP_2207,Riché Lalande,22
2290563,07:14:00,07:14:10,stop_point:SP_2270,Collège Rosa Parks,23
2290563,07:15:00,07:15:10,stop_point:SP_1526,Le Grand Marché - Pont de La Vache,24
2290563,07:16:00,07:16:10,stop_point:SP_97,Pader,25
2290563,07:17:00,07:17:10,stop_point:SP_1175,La Vache,26
2290564,07:13:00,07:13:10,stop_point:SP_5247,Fenouillet Ctre Cial - Entrée Nord,1
2290564,07:14:00,07:14:10,stop_point:SP_5168,Fenouillet Ctre Cial - Entrée Sud,2
2290564,07:15:00,07:15:10,stop_point:SP_243,St-Alban Salvador Allende,3
2290564,07:16:00,07:16:10,stop_point:SP_3753,Gafelaze,4
2290564,07:17:00,07:17:10,stop_point:SP_1547,Ecole St-Alban,5
2290564,07:18:00,07:18:10,stop_point:SP_3276,Mairie St-Alban,6
2290564,07:19:00,07:19:10,stop_point:SP_1989,Sables,7
2290564,07:19:00,07:19:10,stop_point:SP_1190,Egalité,8
2290564,07:20:00,07:20:10,stop_point:SP_219,St-Alban Ctre Cial,9
2290564,07:21:00,07:21:10,stop_point:SP_1370,Peyronnette,10
2290564,07:21:00,07:21:10,stop_point:SP_3053,Mariel,11
2290564,07:22:00,07:22:10,stop_point:SP_3516,Raudelauzette,12
2290564,07:23:00,07:23:10,stop_point:SP_1879,Aucamville Collège,13
2290564,07:24:00,07:24:10,stop_point:SP_175,Favasse,14
2290564,07:25:00,07:25:10,stop_point:SP_1760,Mairie Aucamville,15
2290564,07:26:00,07:26:10,stop_point:SP_2311,Eglise Aucamville,16
2290564,07:26:00,07:26:10,stop_point:SP_802,Salvy,17
2290564,07:27:00,07:27:10,stop_point:SP_2114,Gaussen,18
2290564,07:28:00,07:28:10,stop_point:SP_3810,Lapparou,19
2290564,07:29:00,07:29:10,stop_point:SP_507,Roubiéchou,20
2290564,07:30:00,07:30:10,stop_point:SP_3354,Lapin,21
2290564,07:31:00,07:31:10,stop_point:SP_2207,Riché Lalande,22
2290564,07:32:00,07:32:10,stop_point:SP_2270,Collège Rosa Parks,23
2290564,07:33:00,07:33:10,stop_point:SP_1526,Le Grand Marché - Pont de La Vache,24
2290564,07:34:00,07:34:10,stop_point:SP_97,Pader,25
2290564,07:35:00,07:35:10,stop_point:SP_1175,La Vache,26
2290565,07:31:00,07:31:10,stop_point:SP_5247,Fenouillet Ctre Cial - Entrée Nord,1
2290565,07:32:00,07:32:10,stop_point:SP_5168,Fenouillet Ctre Cial - Entrée Sud,2
2290565,07:33:00,07:33:10,stop_point:SP_243,St-Alban Salvador Allende,3
2290565,07:34:00,07:34:10,stop_point:SP_3753,Gafelaze,4
2290565,07:35:00,07:35:10,stop_point:SP_1547,Ecole St-Alban,5
2290565,07:36:00,07:36:10,stop_point:SP_3276,Mairie St-Alban,6
2290565,07:37:00,07:37:10,stop_point:SP_1989,Sables,7
2290565,07:37:00,07:37:10,stop_point:SP_1190,Egalité,8
2290565,07:38:00,07:38:10,stop_point:SP_219,St-Alban Ctre Cial,9
2290565,07:39:00,07:39:10,stop_point:SP_1370,Peyronnette,10
2290565,07:39:00,07:39:10,stop_point:SP_3053,Mariel,11
2290565,07:40:00,07:40:10,stop_point:SP_3516,Raudelauzette,12
2290565,07:41:00,07:41:10,stop_point:SP_1879,Aucamville Collège,13
2290565,07:42:00,07:42:10,stop_point:SP_175,Favasse,14
2290565,07:43:00,07:43:10,stop_point:SP_1760,Mairie Aucamville,15
2290565,07:44:00,07:44:10,stop_point:SP_2311,Eglise Aucamville,16
2290565,07:44:00,07:44:10,stop_point:SP_802,Salvy,17
2290565,07:45:00,07:45:10,stop_point:SP_2114,Gaussen,18
2290565,07:46:00,07:46:10,stop_point:SP_3810,Lapparou,19
2290565,07:47:00,07:47:10,stop_point:SP_507,Roubiéchou,20
2290565,07:48:00,07:48:10,stop_point:SP_3354,Lapin,21
2290565,07:49:00,07:49:10,stop_point:SP_2207,Riché Lalande,22
2290565,07:50:00,07:50:10,stop_point:SP_2270,Collège Rosa Parks,23
2290565,07:51:00,07:51:10,stop_point:SP_1526,Le Grand Marché - Pont de La Vache,24
2290565,07:52:00,07:52:10,stop_point:SP_97,Pader,25
2290565,07:53:00,07:53:10,stop_point:SP_1175,La Vache,26
2290566,07:49:00,07:49:10,stop_point:SP_5247,Fenouillet Ctre Cial - Entrée Nord,1
2290566,07:50:00,07:50:10,stop_point:SP_5168,Fenouillet Ctre Cial - Entrée Sud,2
2290566,07:51:00,07:51:10,stop_point:SP_243,St-Alban Salvador Allende,3
2290566,07:52:00,07:52:10,stop_point:SP_3753,Gafelaze,4
2290566,07:53:00,07:53:10,stop_point:SP_1547,Ecole St-Alban,5
2290566,07:54:00,07:54:10,stop_point:SP_3276,Mairie St-Alban,6
2290566,07:55:00,07:55:10,stop_point:SP_1989,Sables,7
2290566,07:55:00,07:55:10,stop_point:SP_1190,Egalité,8
2290566,07:56:00,07:56:10,stop_point:SP_219,St-Alban Ctre Cial,9
2290566,07:57:00,07:57:10,stop_point:SP_1370,Peyronnette,10
2290566,07:58:00,07:58:10,stop_point:SP_3053,Mariel,11
2290566,07:59:00,07:59:10,stop_point:SP_3516,Raudelauzette,12
2290566,08:00:00,08:00:10,stop_point:SP_1879,Aucamville Collège,13
2290566,08:01:00,08:01:10,stop_point:SP_175,Favasse,14
2290566,08:02:00,08:02:10,stop_point:SP_1760,Mairie Aucamville,15
2290566,08:03:00,08:03:10,stop_point:SP_2311,Eglise Aucamville,16
2290566,08:04:00,08:04:10,stop_point:SP_802,Salvy,17
2290566,08:05:00,08:05:10,stop_point:SP_2114,Gaussen,18
2290566,08:06:00,08:06:10,stop_point:SP_3810,Lapparou,19
2290566,08:07:00,08:07:10,stop_point:SP_507,Roubiéchou,20
2290566,08:08:00,08:08:10,stop_point:SP_3354,Lapin,21
2290566,08:09:00,08:09:10,stop_point:SP_2207,Riché Lalande,22
2290566,08:10:00,08:10:10,stop_point:SP_2270,Collège Rosa Parks,23
2290566,08:11:00,08:11:10,stop_point:SP_1526,Le Grand Marché - Pont de La Vache,24
2290566,08:12:00,08:12:10,stop_point:SP_97,Pader,25
2290566,08:13:00,08:13:10,stop_point:SP_1175,La Vache,26
2290567,08:07:00,08:07:10,stop_point:SP_5247,Fenouillet Ctre Cial - Entrée Nord,1
2290567,08:08:00,08:08:10,stop_point:SP_5168,Fenouillet Ctre Cial - Entrée Sud,2
2290567,08:09:00,08:09:10,stop_point:SP_243,St-Alban Salvador Allende,3
2290567,08:10:00,08:10:10,stop_point:SP_3753,Gafelaze,4
2290567,08:11:00,08:11:10,stop_point:SP_1547,Ecole St-Alban,5
2290567,08:12:00,08:12:10,stop_point:SP_3276,Mairie St-Alban,6
2290567,08:13:00,08:13:10,stop_point:SP_1989,Sables,7
2290567,08:13:00,08:13:10,stop_point:SP_1190,Egalité,8
2290567,08:14:00,08:14:10,stop_point:SP_219,St-Alban Ctre Cial,9
2290567,08:15:00,08:15:10,stop_point:SP_1370,Peyronnette,10
2290567,08:16:00,08:16:10,stop_point:SP_3053,Mariel,11
2290567,08:17:00,08:17:10,stop_point:SP_3516,Raudelauzette,12
2290567,08:18:00,08:18:10,stop_point:SP_1879,Aucamville Collège,13
2290567,08:19:00,08:19:10,stop_point:SP_175,Favasse,14
2290567,08:20:00,08:20:10,stop_point:SP_1760,Mairie Aucamville,15
2290567,08:21:00,08:21:10,stop_point:SP_2311,Eglise Aucamville,16
2290567,08:22:00,08:22:10,stop_point:SP_802,Salvy,17
2290567,08:23:00,08:23:10,stop_point:SP_2114,Gaussen,18
2290567,08:24:00,08:24:10,stop_point:SP_3810,Lapparou,19
2290567,08:25:00,08:25:10,stop_point:SP_507,Roubiéchou,20
2290567,08:26:00,08:26:10,stop_point:SP_3354,Lapin,21
2290567,08:27:00,08:27:10,stop_point:SP_2207,Riché Lalande,22
2290567,08:28:00,08:28:10,stop_point:SP_2270,Collège Rosa Parks,23
2290567,08:29:00,08:29:10,stop_point:SP_1526,Le Grand Marché - Pont de La Vache,24
2290567,08:30:00,08:30:10,stop_point:SP_97,Pader,25
2290567,08:31:00,08:31:10,stop_point:SP_1175,La Vache,26
2290568,08:25:00,08:25:10,stop_point:SP_5247,Fenouillet Ctre Cial - Entrée Nord,1
2290568,08:26:00,08:26:10,stop_point:SP_5168,Fenouillet Ctre Cial - Entrée Sud,2
2290568,08:27:00,08:27:10,stop_point:SP_243,St-Alban Salvador Allende,3
2290568,08:28:00,08:28:10,stop_point:SP_3753,Gafelaze,4
2290568,08:29:00,08:29:10,stop_point:SP_1547,Ecole St-Alban,5
2290568,08:30:00,08:30:10,stop_point:SP_3276,Mairie St-Alban,6
2290568,08:31:00,08:31:10,stop_point:SP_1989,Sables,7
2290568,08:31:00,08:31:10,stop_point:SP_1190,Egalité,8
2290568,08:33:00,08:33:10,stop_point:SP_219,St-Alban Ctre Cial,9
2290568,08:34:00,08:34:10,stop_point:SP_1370,Peyronnette,10
2290568,08:35:00,08:35:10,stop_point:SP_3053,Mariel,11
2290568,08:36:00,08:36:10,stop_point:SP_3516,Raudelauzette,12
2290568,08:37:00,08:37:10,stop_point:SP_1879,Aucamville Collège,13
2290568,08:38:00,08:38:10,stop_point:SP_175,Favasse,14
2290568,08:39:00,08:39:10,stop_point:SP_1760,Mairie Aucamville,15
2290568,08:40:00,08:40:10,stop_point:SP_2311,Eglise Aucamville,16
2290568,08:41:00,08:41:10,stop_point:SP_802,Salvy,17
2290568,08:42:00,08:42:10,stop_point:SP_2114,Gaussen,18
2290568,08:43:00,08:43:10,stop_point:SP_3810,Lapparou,19
2290568,08:44:00,08:44:10,stop_point:SP_507,Roubiéchou,20
2290568,08:45:00,08:45:10,stop_point:SP_3354,Lapin,21
2290568,08:46:00,08:46:10,stop_point:SP_2207,Riché Lalande,22
2290568,08:47:00,08:47:10,stop_point:SP_2270,Collège Rosa Parks,23
2290568,08:48:00,08:48:10,stop_point:SP_1526,Le Grand Marché - Pont de La Vache,24
2290568,08:49:00,08:49:10,stop_point:SP_97,Pader,25
2290568,08:50:00,08:50:10,stop_point:SP_1175,La Vache,26
2290569,08:40:00,08:40:10,stop_point:SP_5247,Fenouillet Ctre Cial - Entrée Nord,1
2290569,08:41:00,08:41:10,stop_point:SP_5168,Fenouillet Ctre Cial - Entrée Sud,2
2290569,08:42:00,08:42:10,stop_point:SP_243,St-Alban Salvador Allende,3
2290569,08:43:00,08:43:10,stop_point:SP_3753,Gafelaze,4
2290569,08:44:00,08:44:10,stop_point:SP_1547,Ecole St-Alban,5
2290569,08:45:00,08:45:10,stop_point:SP_3276,Mairie St-Alban,6
2290569,08:46:00,08:46:10,stop_point:SP_1989,Sables,7
2290569,08:46:00,08:46:10,stop_point:SP_1190,Egalité,8
2290569,08:48:00,08:48:10,stop_point:SP_219,St-Alban Ctre Cial,9
2290569,08:49:00,08:49:10,stop_point:SP_1370,Peyronnette,10
2290569,08:50:00,08:50:10,stop_point:SP_3053,Mariel,11
2290569,08:51:00,08:51:10,stop_point:SP_3516,Raudelauzette,12
2290569,08:52:00,08:52:10,stop_point:SP_1879,Aucamville Collège,13
2290569,08:53:00,08:53:10,stop_point:SP_175,Favasse,14
2290569,08:54:00,08:54:10,stop_point:SP_1760,Mairie Aucamville,15
2290569,08:55:00,08:55:10,stop_point:SP_2311,Eglise Aucamville,16
2290569,08:56:00,08:56:10,stop_point:SP_802,Salvy,17
2290569,08:57:00,08:57:10,stop_point:SP_2114,Gaussen,18
2290569,08:58:00,08:58:10,stop_point:SP_3810,Lapparou,19
2290569,08:59:00,08:59:10,stop_point:SP_507,Roubiéchou,20
2290569,09:01:00,09:01:10,stop_point:SP_3354,Lapin,21
2290569,09:02:00,09:02:10,stop_point:SP_2207,Riché Lalande,22
2290569,09:03:00,09:03:10,stop_point:SP_2270,Collège Rosa Parks,23
2290569,09:04:00,09:04:10,stop_point:SP_1526,Le Grand Marché - Pont de La Vache,24
2290569,09:05:00,09:05:10,stop_point:SP_97,Pader,25
2290569,09:06:00,09:06:10,stop_point:SP_1175,La Vache,26
2290570,08:55:00,08:55:10,stop_point:SP_5247,Fenouillet Ctre Cial - Entrée Nord,1
2290570,08:56:00,08:56:10,stop_point:SP_5168,Fenouillet Ctre Cial - Entrée Sud,2
2290570,08:57:00,08:57:10,stop_point:SP_243,St-Alban Salvador Allende,3
2290570,08:58:00,08:58:10,stop_point:SP_3753,Gafelaze,4
2290570,08:59:00,08:59:10,stop_point:SP_1547,Ecole St-Alban,5
2290570,09:00:00,09:00:10,stop_point:SP_3276,Mairie St-Alban,6
2290570,09:01:00,09:01:10,stop_point:SP_1989,Sables,7
2290570,09:01:00,09:01:10,stop_point:SP_1190,Egalité,8
2290570,09:03:00,09:03:10,stop_point:SP_219,St-Alban Ctre Cial,9
2290570,09:04:00,09:04:10,stop_point:SP_1370,Peyronnette,10
2290570,09:05:00,09:05:10,stop_point:SP_3053,Mariel,11
2290570,09:06:00,09:06:10,stop_point:SP_3516,Raudelauzette,12
2290570,09:07:00,09:07:10,stop_point:SP_1879,Aucamville Collège,13
2290570,09:08:00,09:08:10,stop_point:SP_175,Favasse,14
2290570,09:09:00,09:09:10,stop_point:SP_1760,Mairie Aucamville,15
2290570,09:10:00,09:10:10,stop_point:SP_2311,Eglise Aucamville,16
2290570,09:11:00,09:11:10,stop_point:SP_802,Salvy,17
2290570,09:12:00,09:12:10,stop_point:SP_2114,Gaussen,18
2290570,09:13:00,09:13:10,stop_point:SP_3810,Lapparou,19
2290570,09:14:00,09:14:10,stop_point:SP_507,Roubiéchou,20
2290570,09:16:00,09:16:10,stop_point:SP_3354,Lapin,21
2290570,09:17:00,09:17:10,stop_point:SP_2207,Riché Lalande,22
2290570,09:18:00,09:18:10,stop_point:SP_2270,Collège Rosa Parks,23
2290570,09:20:00,09:20:10,stop_point:SP_1526,Le Grand Marché - Pont de La Vache,24
2290570,09:21:00,09:21:10,stop_point:SP_97,Pader,25
2290570,09:22:00,09:22:10,stop_point:SP_1175,La Vache,26
2290571,09:10:00,09:10:10,stop_point:SP_5247,Fenouillet Ctre Cial - Entrée Nord,1
2290571,09:11:00,09:11:10,stop_point:SP_5168,Fenouillet Ctre Cial - Entrée Sud,2
2290571,09:12:00,09:12:10,stop_point:SP_243,St-Alban Salvador Allende,3
2290571,09:13:00,09:13:10,stop_point:SP_3753,Gafelaze,4
2290571,09:14:00,09:14:10,stop_point:SP_1547,Ecole St-Alban,5
2290571,09:15:00,09:15:10,stop_point:SP_3276,Mairie St-Alban,6
2290571,09:16:00,09:16:10,stop_point:SP_1989,Sables,7
2290571,09:16:00,09:16:10,stop_point:SP_1190,Egalité,8
2290571,09:18:00,09:18:10,stop_point:SP_219,St-Alban Ctre Cial,9
2290571,09:19:00,09:19:10,stop_point:SP_1370,Peyronnette,10
2290571,09:20:00,09:20:10,stop_point:SP_3053,Mariel,11
2290571,09:21:00,09:21:10,stop_point:SP_3516,Raudelauzette,12
2290571,09:22:00,09:22:10,stop_point:SP_1879,Aucamville Collège,13
2290571,09:23:00,09:23:10,stop_point:SP_175,Favasse,14
2290571,09:24:00,09:24:10,stop_point:SP_1760,Mairie Aucamville,15
2290571,09:25:00,09:25:10,stop_point:SP_2311,Eglise Aucamville,16
2290571,09:26:00,09:26:10,stop_point:SP_802,Salvy,17
2290571,09:27:00,09:27:10,stop_point:SP_2114,Gaussen,18
2290571,09:28:00,09:28:10,stop_point:SP_3810,Lapparou,19
2290571,09:29:00,09:29:10,stop_point:SP_507,Roubiéchou,20
2290571,09:31:00,09:31:10,stop_point:SP_3354,Lapin,21
2290571,09:32:00,09:32:10,stop_point:SP_2207,Riché Lalande,22
2290571,09:33:00,09:33:10,stop_point:SP_2270,Collège Rosa Parks,23
2290571,09:35:00,09:35:10,stop_point:SP_1526,Le Grand Marché - Pont de La Vache,24
2290571,09:36:00,09:36:10,stop_point:SP_97,Pader,25
2290571,09:37:00,09:37:10,stop_point:SP_1175,La Vache,26
2290572,09:25:00,09:25:10,stop_point:SP_5247,Fenouillet Ctre Cial - Entrée Nord,1
2290572,09:26:00,09:26:10,stop_point:SP_5168,Fenouillet Ctre Cial - Entrée Sud,2
2290572,09:27:00,09:27:10,stop_point:SP_243,St-Alban Salvador Allende,3
2290572,09:28:00,09:28:10,stop_point:SP_3753,Gafelaze,4
2290572,09:29:00,09:29:10,stop_point:SP_1547,Ecole St-Alban,5
2290572,09:30:00,09:30:10,stop_point:SP_3276,Mairie St-Alban,6
2290572,09:31:00,09:31:10,stop_point:SP_1989,Sables,7
2290572,09:31:00,09:31:10,stop_point:SP_1190,Egalité,8
2290572,09:33:00,09:33:10,stop_point:SP_219,St-Alban Ctre Cial,9
2290572,09:34:00,09:34:10,stop_point:SP_1370,Peyronnette,10
2290572,09:35:00,09:35:10,stop_point:SP_3053,Mariel,11
2290572,09:36:00,09:36:10,stop_point:SP_3516,Raudelauzette,12
2290572,09:37:00,09:37:10,stop_point:SP_1879,Aucamville Collège,13
2290572,09:38:00,09:38:10,stop_point:SP_175,Favasse,14
2290572,09:39:00,09:39:10,stop_point:SP_1760,Mairie Aucamville,15
2290572,09:40:00,09:40:10,stop_point:SP_2311,Eglise Aucamville,16
2290572,09:41:00,09:41:10,stop_point:SP_802,Salvy,17
2290572,09:42:00,09:42:10,stop_point:SP_2114,Gaussen,18
2290572,09:43:00,09:43:10,stop_point:SP_3810,Lapparou,19
2290572,09:44:00,09:44:10,stop_point:SP_507,Roubiéchou,20
2290572,09:46:00,09:46:10,stop_point:SP_3354,Lapin,21
2290572,09:47:00,09:47:10,stop_point:SP_2207,Riché Lalande,22
2290572,09:48:00,09:48:10,stop_point:SP_2270,Collège Rosa Parks,23
2290572,09:50:00,09:50:10,stop_point:SP_1526,Le Grand Marché - Pont de La Vache,24
2290572,09:51:00,09:51:10,stop_point:SP_97,Pader,25
2290572,09:52:00,09:52:10,stop_point:SP_1175,La Vache,26
2290573,09:40:00,09:40:10,stop_point:SP_5247,Fenouillet Ctre Cial - Entrée Nord,1
2290573,09:41:00,09:41:10,stop_point:SP_5168,Fenouillet Ctre Cial - Entrée Sud,2
2290573,09:42:00,09:42:10,stop_point:SP_243,St-Alban Salvador Allende,3
2290573,09:43:00,09:43:10,stop_point:SP_3753,Gafelaze,4
2290573,09:44:00,09:44:10,stop_point:SP_1547,Ecole St-Alban,5
2290573,09:45:00,09:45:10,stop_point:SP_3276,Mairie St-Alban,6
2290573,09:46:00,09:46:10,stop_point:SP_1989,Sables,7
2290573,09:46:00,09:46:10,stop_point:SP_1190,Egalité,8
2290573,09:48:00,09:48:10,stop_point:SP_219,St-Alban Ctre Cial,9
2290573,09:49:00,09:49:10,stop_point:SP_1370,Peyronnette,10
2290573,09:50:00,09:50:10,stop_point:SP_3053,Mariel,11
2290573,09:51:00,09:51:10,stop_point:SP_3516,Raudelauzette,12
2290573,09:52:00,09:52:10,stop_point:SP_1879,Aucamville Collège,13
2290573,09:53:00,09:53:10,stop_point:SP_175,Favasse,14
2290573,09:54:00,09:54:10,stop_point:SP_1760,Mairie Aucamville,15
2290573,09:55:00,09:55:10,stop_point:SP_2311,Eglise Aucamville,16
2290573,09:56:00,09:56:10,stop_point:SP_802,Salvy,17
2290573,09:57:00,09:57:10,stop_point:SP_2114,Gaussen,18
2290573,09:58:00,09:58:10,stop_point:SP_3810,Lapparou,19
2290573,09:59:00,09:59:10,stop_point:SP_507,Roubiéchou,20
2290573,10:01:00,10:01:10,stop_point:SP_3354,Lapin,21
2290573,10:02:00,10:02:10,stop_point:SP_2207,Riché Lalande,22
2290573,10:03:00,10:03:10,stop_point:SP_2270,Collège Rosa Parks,23
2290573,10:05:00,10:05:10,stop_point:SP_1526,Le Grand Marché - Pont de La Vache,24
2290573,10:06:00,10:06:10,stop_point:SP_97,Pader,25
2290573,10:07:00,10:07:10,stop_point:SP_1175,La Vache,26
2290574,09:55:00,09:55:10,stop_point:SP_5247,Fenouillet Ctre Cial - Entrée Nord,1
2290574,09:56:00,09:56:10,stop_point:SP_5168,Fenouillet Ctre Cial - Entrée Sud,2
2290574,09:57:00,09:57:10,stop_point:SP_243,St-Alban Salvador Allende,3
2290574,09:58:00,09:58:10,stop_point:SP_3753,Gafelaze,4
2290574,09:59:00,09:59:10,stop_point:SP_1547,Ecole St-Alban,5
2290574,10:00:00,10:00:10,stop_point:SP_3276,Mairie St-Alban,6
2290574,10:01:00,10:01:10,stop_point:SP_1989,Sables,7
2290574,10:01:00,10:01:10,stop_point:SP_1190,Egalité,8
2290574,10:03:00,10:03:10,stop_point:SP_219,St-Alban Ctre Cial,9
2290574,10:04:00,10:04:10,stop_point:SP_1370,Peyronnette,10
2290574,10:05:00,10:05:10,stop_point:SP_3053,Mariel,11
2290574,10:06:00,10:06:10,stop_point:SP_3516,Raudelauzette,12
2290574,10:07:00,10:07:10,stop_point:SP_1879,Aucamville Collège,13
2290574,10:08:00,10:08:10,stop_point:SP_175,Favasse,14
2290574,10:09:00,10:09:10,stop_point:SP_1760,Mairie Aucamville,15
2290574,10:10:00,10:10:10,stop_point:SP_2311,Eglise Aucamville,16
2290574,10:11:00,10:11:10,stop_point:SP_802,Salvy,17
2290574,10:12:00,10:12:10,stop_point:SP_2114,Gaussen,18
2290574,10:13:00,10:13:10,stop_point:SP_3810,Lapparou,19
2290574,10:14:00,10:14:10,stop_point:SP_507,Roubiéchou,20
2290574,10:16:00,10:16:10,stop_point:SP_3354,Lapin,21
2290574,10:17:00,10:17:10,stop_point:SP_2207,Riché Lalande,22
2290574,10:18:00,10:18:10,stop_point:SP_2270,Collège Rosa Parks,23
2290574,10:20:00,10:20:10,stop_point:SP_1526,Le Grand Marché - Pont de La Vache,24
2290574,10:21:00,10:21:10,stop_point:SP_97,Pader,25
2290574,10:22:00,10:22:10,stop_point:SP_1175,La Vache,26
2290575,10:10:00,10:10:10,stop_point:SP_5247,Fenouillet Ctre Cial - Entrée Nord,1
2290575,10:11:00,10:11:10,stop_point:SP_5168,Fenouillet Ctre Cial - Entrée Sud,2
2290575,10:12:00,10:12:10,stop_point:SP_243,St-Alban Salvador Allende,3
2290575,10:13:00,10:13:10,stop_point:SP_3753,Gafelaze,4
2290575,10:14:00,10:14:10,stop_point:SP_1547,Ecole St-Alban,5
2290575,10:15:00,10:15:10,stop_point:SP_3276,Mairie St-Alban,6
2290575,10:16:00,10:16:10,stop_point:SP_1989,Sables,7
2290575,10:16:00,10:16:10,stop_point:SP_1190,Egalité,8
2290575,10:18:00,10:18:10,stop_point:SP_219,St-Alban Ctre Cial,9
2290575,10:19:00,10:19:10,stop_point:SP_1370,Peyronnette,10
2290575,10:20:00,10:20:10,stop_point:SP_3053,Mariel,11
2290575,10:21:00,10:21:10,stop_point:SP_3516,Raudelauzette,12
2290575,10:22:00,10:22:10,stop_point:SP_1879,Aucamville Collège,13
2290575,10:23:00,10:23:10,stop_point:SP_175,Favasse,14
2290575,10:24:00,10:24:10,stop_point:SP_1760,Mairie Aucamville,15
2290575,10:25:00,10:25:10,stop_point:SP_2311,Eglise Aucamville,16
2290575,10:26:00,10:26:10,stop_point:SP_802,Salvy,17
2290575,10:27:00,10:27:10,stop_point:SP_2114,Gaussen,18
2290575,10:28:00,10:28:10,stop_point:SP_3810,Lapparou,19
2290575,10:29:00,10:29:10,stop_point:SP_507,Roubiéchou,20
2290575,10:31:00,10:31:10,stop_point:SP_3354,Lapin,21
2290575,10:32:00,10:32:10,stop_point:SP_2207,Riché Lalande,22
2290575,10:33:00,10:33:10,stop_point:SP_2270,Collège Rosa Parks,23
2290575,10:35:00,10:35:10,stop_point:SP_1526,Le Grand Marché - Pont de La Vache,24
2290575,10:36:00,10:36:10,stop_point:SP_97,Pader,25
2290575,10:37:00,10:37:10,stop_point:SP_1175,La Vache,26
2290576,10:25:00,10:25:10,stop_point:SP_5247,Fenouillet Ctre Cial - Entrée Nord,1
2290576,10:26:00,10:26:10,stop_point:SP_5168,Fenouillet Ctre Cial - Entrée Sud,2
2290576,10:27:00,10:27:10,stop_point:SP_243,St-Alban Salvador Allende,3
2290576,10:28:00,10:28:10,stop_point:SP_3753,Gafelaze,4
2290576,10:29:00,10:29:10,stop_point:SP_1547,Ecole St-Alban,5
2290576,10:30:00,10:30:10,stop_point:SP_3276,Mairie St-Alban,6
2290576,10:31:00,10:31:10,stop_point:SP_1989,Sables,7
2290576,10:31:00,10:31:10,stop_point:SP_1190,Egalité,8
2290576,10:33:00,10:33:10,stop_point:SP_219,St-Alban Ctre Cial,9
2290576,10:34:00,10:34:10,stop_point:SP_1370,Peyronnette,10
2290576,10:35:00,10:35:10,stop_point:SP_3053,Mariel,11
2290576,10:36:00,10:36:10,stop_point:SP_3516,Raudelauzette,12
2290576,10:37:00,10:37:10,stop_point:SP_1879,Aucamville Collège,13
2290576,10:38:00,10:38:10,stop_point:SP_175,Favasse,14
2290576,10:39:00,10:39:10,stop_point:SP_1760,Mairie Aucamville,15
2290576,10:40:00,10:40:10,stop_point:SP_2311,Eglise Aucamville,16
2290576,10:41:00,10:41:10,stop_point:SP_802,Salvy,17
2290576,10:42:00,10:42:10,stop_point:SP_2114,Gaussen,18
2290576,10:43:00,10:43:10,stop_point:SP_3810,Lapparou,19
2290576,10:44:00,10:44:10,stop_point:SP_507,Roubiéchou,20
2290576,10:46:00,10:46:10,stop_point:SP_3354,Lapin,21
2290576,10:47:00,10:47:10,stop_point:SP_2207,Riché Lalande,22
2290576,10:48:00,10:48:10,stop_point:SP_2270,Collège Rosa Parks,23
2290576,10:50:00,10:50:10,stop_point:SP_1526,Le Grand Marché - Pont de La Vache,24
2290576,10:51:00,10:51:10,stop_point:SP_97,Pader,25
2290576,10:52:00,10:52:10,stop_point:SP_1175,La Vache,26
2290577,10:40:00,10:40:10,stop_point:SP_5247,Fenouillet Ctre Cial - Entrée Nord,1
2290577,10:41:00,10:41:10,stop_point:SP_5168,Fenouillet Ctre Cial - Entrée Sud,2
2290577,10:42:00,10:42:10,stop_point:SP_243,St-Alban Salvador Allende,3
2290577,10:43:00,10:43:10,stop_point:SP_3753,Gafelaze,4
2290577,10:44:00,10:44:10,stop_point:SP_1547,Ecole St-Alban,5
2290577,10:45:00,10:45:10,stop_point:SP_3276,Mairie St-Alban,6
2290577,10:46:00,10:46:10,stop_point:SP_1989,Sables,7
2290577,10:46:00,10:46:10,stop_point:SP_1190,Egalité,8
2290577,10:48:00,10:48:10,stop_point:SP_219,St-Alban Ctre Cial,9
2290577,10:49:00,10:49:10,stop_point:SP_1370,Peyronnette,10
2290577,10:50:00,10:50:10,stop_point:SP_3053,Mariel,11
2290577,10:51:00,10:51:10,stop_point:SP_3516,Raudelauzette,12
2290577,10:52:00,10:52:10,stop_point:SP_1879,Aucamville Collège,13
2290577,10:53:00,10:53:10,stop_point:SP_175,Favasse,14
2290577,10:54:00,10:54:10,stop_point:SP_1760,Mairie Aucamville,15
2290577,10:55:00,10:55:10,stop_point:SP_2311,Eglise Aucamville,16
2290577,10:56:00,10:56:10,stop_point:SP_802,Salvy,17
2290577,10:57:00,10:57:10,stop_point:SP_2114,Gaussen,18
2290577,10:58:00,10:58:10,stop_point:SP_3810,Lapparou,19
2290577,10:59:00,10:59:10,stop_point:SP_507,Roubiéchou,20
2290577,11:01:00,11:01:10,stop_point:SP_3354,Lapin,21
2290577,11:02:00,11:02:10,stop_point:SP_2207,Riché Lalande,22
2290577,11:03:00,11:03:10,stop_point:SP_2270,Collège Rosa Parks,23
2290577,11:05:00,11:05:10,stop_point:SP_1526,Le Grand Marché - Pont de La Vache,24
2290577,11:06:00,11:06:10,stop_point:SP_97,Pader,25
2290577,11:07:00,11:07:10,stop_point:SP_1175,La Vache,26
2290578,10:55:00,10:55:10,stop_point:SP_5247,Fenouillet Ctre Cial - Entrée Nord,1
2290578,10:56:00,10:56:10,stop_point:SP_5168,Fenouillet Ctre Cial - Entrée Sud,2
2290578,10:57:00,10:57:10,stop_point:SP_243,St-Alban Salvador Allende,3
2290578,10:58:00,10:58:10,stop_point:SP_3753,Gafelaze,4
2290578,10:59:00,10:59:10,stop_point:SP_1547,Ecole St-Alban,5
2290578,11:00:00,11:00:10,stop_point:SP_3276,Mairie St-Alban,6
2290578,11:01:00,11:01:10,stop_point:SP_1989,Sables,7
2290578,11:01:00,11:01:10,stop_point:SP_1190,Egalité,8
2290578,11:03:00,11:03:10,stop_point:SP_219,St-Alban Ctre Cial,9
2290578,11:04:00,11:04:10,stop_point:SP_1370,Peyronnette,10
2290578,11:05:00,11:05:10,stop_point:SP_3053,Mariel,11
2290578,11:06:00,11:06:10,stop_point:SP_3516,Raudelauzette,12
2290578,11:07:00,11:07:10,stop_point:SP_1879,Aucamville Collège,13
2290578,11:08:00,11:08:10,stop_point:SP_175,Favasse,14
2290578,11:09:00,11:09:10,stop_point:SP_1760,Mairie Aucamville,15
2290578,11:10:00,11:10:10,stop_point:SP_2311,Eglise Aucamville,16
2290578,11:11:00,11:11:10,stop_point:SP_802,Salvy,17
2290578,11:12:00,11:12:10,stop_point:SP_2114,Gaussen,18
2290578,11:13:00,11:13:10,stop_point:SP_3810,Lapparou,19
2290578,11:14:00,11:14:10,stop_point:SP_507,Roubiéchou,20
2290578,11:16:00,11:16:10,stop_point:SP_3354,Lapin,21
2290578,11:17:00,11:17:10,stop_point:SP_2207,Riché Lalande,22
2290578,11:18:00,11:18:10,stop_point:SP_2270,Collège Rosa Parks,23
2290578,11:20:00,11:20:10,stop_point:SP_1526,Le Grand Marché - Pont de La Vache,24
2290578,11:21:00,11:21:10,stop_point:SP_97,Pader,25
2290578,11:22:00,11:22:10,stop_point:SP_1175,La Vache,26
2290579,11:10:00,11:10:10,stop_point:SP_5247,Fenouillet Ctre Cial - Entrée Nord,1
2290579,11:11:00,11:11:10,stop_point:SP_5168,Fenouillet Ctre Cial - Entrée Sud,2
2290579,11:12:00,11:12:10,stop_point:SP_243,St-Alban Salvador Allende,3
2290579,11:13:00,11:13:10,stop_point:SP_3753,Gafelaze,4
2290579,11:14:00,11:14:10,stop_point:SP_1547,Ecole St-Alban,5
2290579,11:15:00,11:15:10,stop_point:SP_3276,Mairie St-Alban,6
2290579,11:16:00,11:16:10,stop_point:SP_1989,Sables,7
2290579,11:16:00,11:16:10,stop_point:SP_1190,Egalité,8
2290579,11:18:00,11:18:10,stop_point:SP_219,St-Alban Ctre Cial,9
2290579,11:19:00,11:19:10,stop_point:SP_1370,Peyronnette,10
2290579,11:20:00,11:20:10,stop_point:SP_3053,Mariel,11
2290579,11:21:00,11:21:10,stop_point:SP_3516,Raudelauzette,12
2290579,11:22:00,11:22:10,stop_point:SP_1879,Aucamville Collège,13
2290579,11:23:00,11:23:10,stop_point:SP_175,Favasse,14
2290579,11:24:00,11:24:10,stop_point:SP_1760,Mairie Aucamville,15
2290579,11:25:00,11:25:10,stop_point:SP_2311,Eglise Aucamville,16
2290579,11:26:00,11:26:10,stop_point:SP_802,Salvy,17
2290579,11:27:00,11:27:10,stop_point:SP_2114,Gaussen,18
2290579,11:28:00,11:28:10,stop_point:SP_3810,Lapparou,19
2290579,11:29:00,11:29:10,stop_point:SP_507,Roubiéchou,20
2290579,11:31:00,11:31:10,stop_point:SP_3354,Lapin,21
2290579,11:32:00,11:32:10,stop_point:SP_2207,Riché Lalande,22
2290579,11:33:00,11:33:10,stop_point:SP_2270,Collège Rosa Parks,23
2290579,11:35:00,11:35:10,stop_point:SP_1526,Le Grand Marché - Pont de La Vache,24
2290579,11:36:00,11:36:10,stop_point:SP_97,Pader,25
2290579,11:37:00,11:37:10,stop_point:SP_1175,La Vache,26
2290580,11:25:00,11:25:10,stop_point:SP_5247,Fenouillet Ctre Cial - Entrée Nord,1
2290580,11:26:00,11:26:10,stop_point:SP_5168,Fenouillet Ctre Cial - Entrée Sud,2
2290580,11:27:00,11:27:10,stop_point:SP_243,St-Alban Salvador Allende,3
2290580,11:28:00,11:28:10,stop_point:SP_3753,Gafelaze,4
2290580,11:29:00,11:29:10,stop_point:SP_1547,Ecole St-Alban,5
2290580,11:30:00,11:30:10,stop_point:SP_3276,Mairie St-Alban,6
2290580,11:31:00,11:31:10,stop_point:SP_1989,Sables,7
2290580,11:31:00,11:31:10,stop_point:SP_1190,Egalité,8
2290580,11:33:00,11:33:10,stop_point:SP_219,St-Alban Ctre Cial,9
2290580,11:34:00,11:34:10,stop_point:SP_1370,Peyronnette,10
2290580,11:35:00,11:35:10,stop_point:SP_3053,Mariel,11
2290580,11:36:00,11:36:10,stop_point:SP_3516,Raudelauzette,12
2290580,11:37:00,11:37:10,stop_point:SP_1879,Aucamville Collège,13
2290580,11:38:00,11:38:10,stop_point:SP_175,Favasse,14
2290580,11:39:00,11:39:10,stop_point:SP_1760,Mairie Aucamville,15
2290580,11:40:00,11:40:10,stop_point:SP_2311,Eglise Aucamville,16
2290580,11:41:00,11:41:10,stop_point:SP_802,Salvy,17
2290580,11:42:00,11:42:10,stop_point:SP_2114,Gaussen,18
2290580,11:43:00,11:43:10,stop_point:SP_3810,Lapparou,19
2290580,11:44:00,11:44:10,stop_point:SP_507,Roubiéchou,20
2290580,11:46:00,11:46:10,stop_point:SP_3354,Lapin,21
2290580,11:47:00,11:47:10,stop_point:SP_2207,Riché Lalande,22
2290580,11:48:00,11:48:10,stop_point:SP_2270,Collège Rosa Parks,23
2290580,11:50:00,11:50:10,stop_point:SP_1526,Le Grand Marché - Pont de La Vache,24
2290580,11:51:00,11:51:10,stop_point:SP_97,Pader,25
2290580,11:52:00,11:52:10,stop_point:SP_1175,La Vache,26
2290581,11:40:00,11:40:10,stop_point:SP_5247,Fenouillet Ctre Cial - Entrée Nord,1
2290581,11:41:00,11:41:10,stop_point:SP_5168,Fenouillet Ctre Cial - Entrée Sud,2
2290581,11:42:00,11:42:10,stop_point:SP_243,St-Alban Salvador Allende,3
2290581,11:43:00,11:43:10,stop_point:SP_3753,Gafelaze,4
2290581,11:44:00,11:44:10,stop_point:SP_1547,Ecole St-Alban,5
2290581,11:45:00,11:45:10,stop_point:SP_3276,Mairie St-Alban,6
2290581,11:46:00,11:46:10,stop_point:SP_1989,Sables,7
2290581,11:46:00,11:46:10,stop_point:SP_1190,Egalité,8
2290581,11:48:00,11:48:10,stop_point:SP_219,St-Alban Ctre Cial,9
2290581,11:49:00,11:49:10,stop_point:SP_1370,Peyronnette,10
2290581,11:50:00,11:50:10,stop_point:SP_3053,Mariel,11
2290581,11:51:00,11:51:10,stop_point:SP_3516,Raudelauzette,12
2290581,11:52:00,11:52:10,stop_point:SP_1879,Aucamville Collège,13
2290581,11:53:00,11:53:10,stop_point:SP_175,Favasse,14
2290581,11:54:00,11:54:10,stop_point:SP_1760,Mairie Aucamville,15
2290581,11:55:00,11:55:10,stop_point:SP_2311,Eglise Aucamville,16
2290581,11:56:00,11:56:10,stop_point:SP_802,Salvy,17
2290581,11:57:00,11:57:10,stop_point:SP_2114,Gaussen,18
2290581,11:58:00,11:58:10,stop_point:SP_3810,Lapparou,19
2290581,11:59:00,11:59:10,stop_point:SP_507,Roubiéchou,20
2290581,12:01:00,12:01:10,stop_point:SP_3354,Lapin,21
2290581,12:02:00,12:02:10,stop_point:SP_2207,Riché Lalande,22
2290581,12:03:00,12:03:10,stop_point:SP_2270,Collège Rosa Parks,23
2290581,12:05:00,12:05:10,stop_point:SP_1526,Le Grand Marché - Pont de La Vache,24
2290581,12:06:00,12:06:10,stop_point:SP_97,Pader,25
2290581,12:07:00,12:07:10,stop_point:SP_1175,La Vache,26
2290582,11:55:00,11:55:10,stop_point:SP_5247,Fenouillet Ctre Cial - Entrée Nord,1
2290582,11:56:00,11:56:10,stop_point:SP_5168,Fenouillet Ctre Cial - Entrée Sud,2
2290582,11:57:00,11:57:10,stop_point:SP_243,St-Alban Salvador Allende,3
2290582,11:58:00,11:58:10,stop_point:SP_3753,Gafelaze,4
2290582,11:59:00,11:59:10,stop_point:SP_1547,Ecole St-Alban,5
2290582,12:00:00,12:00:10,stop_point:SP_3276,Mairie St-Alban,6
2290582,12:01:00,12:01:10,stop_point:SP_1989,Sables,7
2290582,12:01:00,12:01:10,stop_point:SP_1190,Egalité,8
2290582,12:03:00,12:03:10,stop_point:SP_219,St-Alban Ctre Cial,9
2290582,12:04:00,12:04:10,stop_point:SP_1370,Peyronnette,10
2290582,12:05:00,12:05:10,stop_point:SP_3053,Mariel,11
2290582,12:06:00,12:06:10,stop_point:SP_3516,Raudelauzette,12
2290582,12:07:00,12:07:10,stop_point:SP_1879,Aucamville Collège,13
2290582,12:08:00,12:08:10,stop_point:SP_175,Favasse,14
2290582,12:09:00,12:09:10,stop_point:SP_1760,Mairie Aucamville,15
2290582,12:10:00,12:10:10,stop_point:SP_2311,Eglise Aucamville,16
2290582,12:11:00,12:11:10,stop_point:SP_802,Salvy,17
2290582,12:12:00,12:12:10,stop_point:SP_2114,Gaussen,18
2290582,12:13:00,12:13:10,stop_point:SP_3810,Lapparou,19
2290582,12:14:00,12:14:10,stop_point:SP_507,Roubiéchou,20
2290582,12:16:00,12:16:10,stop_point:SP_3354,Lapin,21
2290582,12:17:00,12:17:10,stop_point:SP_2207,Riché Lalande,22
2290582,12:18:00,12:18:10,stop_point:SP_2270,Collège Rosa Parks,23
2290582,12:20:00,12:20:10,stop_point:SP_1526,Le Grand Marché - Pont de La Vache,24
2290582,12:21:00,12:21:10,stop_point:SP_97,Pader,25
2290582,12:22:00,12:22:10,stop_point:SP_1175,La Vache,26
2290583,12:10:00,12:10:10,stop_point:SP_5247,Fenouillet Ctre Cial - Entrée Nord,1
2290583,12:11:00,12:11:10,stop_point:SP_5168,Fenouillet Ctre Cial - Entrée Sud,2
2290583,12:12:00,12:12:10,stop_point:SP_243,St-Alban Salvador Allende,3
2290583,12:13:00,12:13:10,stop_point:SP_3753,Gafelaze,4
2290583,12:14:00,12:14:10,stop_point:SP_1547,Ecole St-Alban,5
2290583,12:15:00,12:15:10,stop_point:SP_3276,Mairie St-Alban,6
2290583,12:16:00,12:16:10,stop_point:SP_1989,Sables,7
2290583,12:16:00,12:16:10,stop_point:SP_1190,Egalité,8
2290583,12:18:00,12:18:10,stop_point:SP_219,St-Alban Ctre Cial,9
2290583,12:19:00,12:19:10,stop_point:SP_1370,Peyronnette,10
2290583,12:20:00,12:20:10,stop_point:SP_3053,Mariel,11
2290583,12:21:00,12:21:10,stop_point:SP_3516,Raudelauzette,12
2290583,12:22:00,12:22:10,stop_point:SP_1879,Aucamville Collège,13
2290583,12:23:00,12:23:10,stop_point:SP_175,Favasse,14
2290583,12:24:00,12:24:10,stop_point:SP_1760,Mairie Aucamville,15
2290583,12:25:00,12:25:10,stop_point:SP_2311,Eglise Aucamville,16
2290583,12:26:00,12:26:10,stop_point:SP_802,Salvy,17
2290583,12:27:00,12:27:10,stop_point:SP_2114,Gaussen,18
2290583,12:28:00,12:28:10,stop_point:SP_3810,Lapparou,19
2290583,12:29:00,12:29:10,stop_point:SP_507,Roubiéchou,20
2290583,12:31:00,12:31:10,stop_point:SP_3354,Lapin,21
2290583,12:32:00,12:32:10,stop_point:SP_2207,Riché Lalande,22
2290583,12:33:00,12:33:10,stop_point:SP_2270,Collège Rosa Parks,23
2290583,12:35:00,12:35:10,stop_point:SP_1526,Le Grand Marché - Pont de La Vache,24
2290583,12:36:00,12:36:10,stop_point:SP_97,Pader,25
2290583,12:37:00,12:37:10,stop_point:SP_1175,La Vache,26
2290584,12:25:00,12:25:10,stop_point:SP_5247,Fenouillet Ctre Cial - Entrée Nord,1
2290584,12:26:00,12:26:10,stop_point:SP_5168,Fenouillet Ctre Cial - Entrée Sud,2
2290584,12:27:00,12:27:10,stop_point:SP_243,St-Alban Salvador Allende,3
2290584,12:28:00,12:28:10,stop_point:SP_3753,Gafelaze,4
2290584,12:29:00,12:29:10,stop_point:SP_1547,Ecole St-Alban,5
2290584,12:30:00,12:30:10,stop_point:SP_3276,Mairie St-Alban,6
2290584,12:31:00,12:31:10,stop_point:SP_1989,Sables,7
2290584,12:31:00,12:31:10,stop_point:SP_1190,Egalité,8
2290584,12:33:00,12:33:10,stop_point:SP_219,St-Alban Ctre Cial,9
2290584,12:34:00,12:34:10,stop_point:SP_1370,Peyronnette,10
2290584,12:35:00,12:35:10,stop_point:SP_3053,Mariel,11
2290584,12:36:00,12:36:10,stop_point:SP_3516,Raudelauzette,12
2290584,12:37:00,12:37:10,stop_point:SP_1879,Aucamville Collège,13
2290584,12:38:00,12:38:10,stop_point:SP_175,Favasse,14
2290584,12:39:00,12:39:10,stop_point:SP_1760,Mairie Aucamville,15
2290584,12:40:00,12:40:10,stop_point:SP_2311,Eglise Aucamville,16
2290584,12:41:00,12:41:10,stop_point:SP_802,Salvy,17
2290584,12:42:00,12:42:10,stop_point:SP_2114,Gaussen,18
2290584,12:43:00,12:43:10,stop_point:SP_3810,Lapparou,19
2290584,12:44:00,12:44:10,stop_point:SP_507,Roubiéchou,20
2290584,12:46:00,12:46:10,stop_point:SP_3354,Lapin,21
2290584,12:47:00,12:47:10,stop_point:SP_2207,Riché Lalande,22
2290584,12:48:00,12:48:10,stop_point:SP_2270,Collège Rosa Parks,23
2290584,12:50:00,12:50:10,stop_point:SP_1526,Le Grand Marché - Pont de La Vache,24
2290584,12:51:00,12:51:10,stop_point:SP_97,Pader,25
2290584,12:52:00,12:52:10,stop_point:SP_1175,La Vache,26
2290585,12:40:00,12:40:10,stop_point:SP_5247,Fenouillet Ctre Cial - Entrée Nord,1
2290585,12:41:00,12:41:10,stop_point:SP_5168,Fenouillet Ctre Cial - Entrée Sud,2
2290585,12:42:00,12:42:10,stop_point:SP_243,St-Alban Salvador Allende,3
2290585,12:43:00,12:43:10,stop_point:SP_3753,Gafelaze,4
2290585,12:44:00,12:44:10,stop_point:SP_1547,Ecole St-Alban,5
2290585,12:45:00,12:45:10,stop_point:SP_3276,Mairie St-Alban,6
2290585,12:46:00,12:46:10,stop_point:SP_1989,Sables,7
2290585,12:46:00,12:46:10,stop_point:SP_1190,Egalité,8
2290585,12:48:00,12:48:10,stop_point:SP_219,St-Alban Ctre Cial,9
2290585,12:49:00,12:49:10,stop_point:SP_1370,Peyronnette,10
2290585,12:50:00,12:50:10,stop_point:SP_3053,Mariel,11
2290585,12:51:00,12:51:10,stop_point:SP_3516,Raudelauzette,12
2290585,12:52:00,12:52:10,stop_point:SP_1879,Aucamville Collège,13
2290585,12:53:00,12:53:10,stop_point:SP_175,Favasse,14
2290585,12:54:00,12:54:10,stop_point:SP_1760,Mairie Aucamville,15
2290585,12:55:00,12:55:10,stop_point:SP_2311,Eglise Aucamville,16
2290585,12:56:00,12:56:10,stop_point:SP_802,Salvy,17
2290585,12:57:00,12:57:10,stop_point:SP_2114,Gaussen,18
2290585,12:58:00,12:58:10,stop_point:SP_3810,Lapparou,19
2290585,12:59:00,12:59:10,stop_point:SP_507,Roubiéchou,20
2290585,13:01:00,13:01:10,stop_point:SP_3354,Lapin,21
2290585,13:02:00,13:02:10,stop_point:SP_2207,Riché Lalande,22
2290585,13:03:00,13:03:10,stop_point:SP_2270,Collège Rosa Parks,23
2290585,13:05:00,13:05:10,stop_point:SP_1526,Le Grand Marché - Pont de La Vache,24
2290585,13:06:00,13:06:10,stop_point:SP_97,Pader,25
2290585,13:07:00,13:07:10,stop_point:SP_1175,La Vache,26
2290586,12:55:00,12:55:10,stop_point:SP_5247,Fenouillet Ctre Cial - Entrée Nord,1
2290586,12:56:00,12:56:10,stop_point:SP_5168,Fenouillet Ctre Cial - Entrée Sud,2
2290586,12:57:00,12:57:10,stop_point:SP_243,St-Alban Salvador Allende,3
2290586,12:58:00,12:58:10,stop_point:SP_3753,Gafelaze,4
2290586,12:59:00,12:59:10,stop_point:SP_1547,Ecole St-Alban,5
2290586,13:00:00,13:00:10,stop_point:SP_3276,Mairie St-Alban,6
2290586,13:01:00,13:01:10,stop_point:SP_1989,Sables,7
2290586,13:01:00,13:01:10,stop_point:SP_1190,Egalité,8
2290586,13:03:00,13:03:10,stop_point:SP_219,St-Alban Ctre Cial,9
2290586,13:04:00,13:04:10,stop_point:SP_1370,Peyronnette,10
2290586,13:05:00,13:05:10,stop_point:SP_3053,Mariel,11
2290586,13:06:00,13:06:10,stop_point:SP_3516,Raudelauzette,12
2290586,13:07:00,13:07:10,stop_point:SP_1879,Aucamville Collège,13
2290586,13:08:00,13:08:10,stop_point:SP_175,Favasse,14
2290586,13:09:00,13:09:10,stop_point:SP_1760,Mairie Aucamville,15
2290586,13:10:00,13:10:10,stop_point:SP_2311,Eglise Aucamville,16
2290586,13:11:00,13:11:10,stop_point:SP_802,Salvy,17
2290586,13:12:00,13:12:10,stop_point:SP_2114,Gaussen,18
2290586,13:13:00,13:13:10,stop_point:SP_3810,Lapparou,19
2290586,13:14:00,13:14:10,stop_point:SP_507,Roubiéchou,20
2290586,13:16:00,13:16:10,stop_point:SP_3354,Lapin,21
2290586,13:17:00,13:17:10,stop_point:SP_2207,Riché Lalande,22
2290586,13:18:00,13:18:10,stop_point:SP_2270,Collège Rosa Parks,23
2290586,13:20:00,13:20:10,stop_point:SP_1526,Le Grand Marché - Pont de La Vache,24
2290586,13:21:00,13:21:10,stop_point:SP_97,Pader,25
2290586,13:22:00,13:22:10,stop_point:SP_1175,La Vache,26
2290587,13:10:00,13:10:10,stop_point:SP_5247,Fenouillet Ctre Cial - Entrée Nord,1
2290587,13:11:00,13:11:10,stop_point:SP_5168,Fenouillet Ctre Cial - Entrée Sud,2
2290587,13:12:00,13:12:10,stop_point:SP_243,St-Alban Salvador Allende,3
2290587,13:13:00,13:13:10,stop_point:SP_3753,Gafelaze,4
2290587,13:14:00,13:14:10,stop_point:SP_1547,Ecole St-Alban,5
2290587,13:15:00,13:15:10,stop_point:SP_3276,Mairie St-Alban,6
2290587,13:16:00,13:16:10,stop_point:SP_1989,Sables,7
2290587,13:16:00,13:16:10,stop_point:SP_1190,Egalité,8
2290587,13:18:00,13:18:10,stop_point:SP_219,St-Alban Ctre Cial,9
2290587,13:19:00,13:19:10,stop_point:SP_1370,Peyronnette,10
2290587,13:20:00,13:20:10,stop_point:SP_3053,Mariel,11
2290587,13:21:00,13:21:10,stop_point:SP_3516,Raudelauzette,12
2290587,13:22:00,13:22:10,stop_point:SP_1879,Aucamville Collège,13
2290587,13:23:00,13:23:10,stop_point:SP_175,Favasse,14
2290587,13:24:00,13:24:10,stop_point:SP_1760,Mairie Aucamville,15
2290587,13:25:00,13:25:10,stop_point:SP_2311,Eglise Aucamville,16
2290587,13:26:00,13:26:10,stop_point:SP_802,Salvy,17
2290587,13:27:00,13:27:10,stop_point:SP_2114,Gaussen,18
2290587,13:28:00,13:28:10,stop_point:SP_3810,Lapparou,19
2290587,13:29:00,13:29:10,stop_point:SP_507,Roubiéchou,20
2290587,13:31:00,13:31:10,stop_point:SP_3354,Lapin,21
2290587,13:32:00,13:32:10,stop_point:SP_2207,Riché Lalande,22
2290587,13:33:00,13:33:10,stop_point:SP_2270,Collège Rosa Parks,23
2290587,13:35:00,13:35:10,stop_point:SP_1526,Le Grand Marché - Pont de La Vache,24
2290587,13:36:00,13:36:10,stop_point:SP_97,Pader,25
2290587,13:37:00,13:37:10,stop_point:SP_1175,La Vache,26
2290588,13:25:00,13:25:10,stop_point:SP_5247,Fenouillet Ctre Cial - Entrée Nord,1
2290588,13:26:00,13:26:10,stop_point:SP_5168,Fenouillet Ctre Cial - Entrée Sud,2
2290588,13:27:00,13:27:10,stop_point:SP_243,St-Alban Salvador Allende,3
2290588,13:28:00,13:28:10,stop_point:SP_3753,Gafelaze,4
2290588,13:29:00,13:29:10,stop_point:SP_1547,Ecole St-Alban,5
2290588,13:30:00,13:30:10,stop_point:SP_3276,Mairie St-Alban,6
2290588,13:31:00,13:31:10,stop_point:SP_1989,Sables,7
2290588,13:31:00,13:31:10,stop_point:SP_1190,Egalité,8
2290588,13:33:00,13:33:10,stop_point:SP_219,St-Alban Ctre Cial,9
2290588,13:34:00,13:34:10,stop_point:SP_1370,Peyronnette,10
2290588,13:35:00,13:35:10,stop_point:SP_3053,Mariel,11
2290588,13:36:00,13:36:10,stop_point:SP_3516,Raudelauzette,12
2290588,13:37:00,13:37:10,stop_point:SP_1879,Aucamville Collège,13
2290588,13:38:00,13:38:10,stop_point:SP_175,Favasse,14
2290588,13:39:00,13:39:10,stop_point:SP_1760,Mairie Aucamville,15
2290588,13:40:00,13:40:10,stop_point:SP_2311,Eglise Aucamville,16
2290588,13:41:00,13:41:10,stop_point:SP_802,Salvy,17
2290588,13:42:00,13:42:10,stop_point:SP_2114,Gaussen,18
2290588,13:43:00,13:43:10,stop_point:SP_3810,Lapparou,19
2290588,13:44:00,13:44:10,stop_point:SP_507,Roubiéchou,20
2290588,13:46:00,13:46:10,stop_point:SP_3354,Lapin,21
2290588,13:47:00,13:47:10,stop_point:SP_2207,Riché Lalande,22
2290588,13:48:00,13:48:10,stop_point:SP_2270,Collège Rosa Parks,23
2290588,13:50:00,13:50:10,stop_point:SP_1526,Le Grand Marché - Pont de La Vache,24
2290588,13:51:00,13:51:10,stop_point:SP_97,Pader,25
2290588,13:52:00,13:52:10,stop_point:SP_1175,La Vache,26
2290589,13:40:00,13:40:10,stop_point:SP_5247,Fenouillet Ctre Cial - Entrée Nord,1
2290589,13:41:00,13:41:10,stop_point:SP_5168,Fenouillet Ctre Cial - Entrée Sud,2
2290589,13:42:00,13:42:10,stop_point:SP_243,St-Alban Salvador Allende,3
2290589,13:43:00,13:43:10,stop_point:SP_3753,Gafelaze,4
2290589,13:44:00,13:44:10,stop_point:SP_1547,Ecole St-Alban,5
2290589,13:45:00,13:45:10,stop_point:SP_3276,Mairie St-Alban,6
2290589,13:46:00,13:46:10,stop_point:SP_1989,Sables,7
2290589,13:46:00,13:46:10,stop_point:SP_1190,Egalité,8
2290589,13:48:00,13:48:10,stop_point:SP_219,St-Alban Ctre Cial,9
2290589,13:49:00,13:49:10,stop_point:SP_1370,Peyronnette,10
2290589,13:50:00,13:50:10,stop_point:SP_3053,Mariel,11
2290589,13:51:00,13:51:10,stop_point:SP_3516,Raudelauzette,12
2290589,13:52:00,13:52:10,stop_point:SP_1879,Aucamville Collège,13
2290589,13:53:00,13:53:10,stop_point:SP_175,Favasse,14
2290589,13:54:00,13:54:10,stop_point:SP_1760,Mairie Aucamville,15
2290589,13:55:00,13:55:10,stop_point:SP_2311,Eglise Aucamville,16
2290589,13:56:00,13:56:10,stop_point:SP_802,Salvy,17
2290589,13:57:00,13:57:10,stop_point:SP_2114,Gaussen,18
2290589,13:59:00,13:59:10,stop_point:SP_3810,Lapparou,19
2290589,14:00:00,14:00:10,stop_point:SP_507,Roubiéchou,20
2290589,14:01:00,14:01:10,stop_point:SP_3354,Lapin,21
2290589,14:03:00,14:03:10,stop_point:SP_2207,Riché Lalande,22
2290589,14:04:00,14:04:10,stop_point:SP_2270,Collège Rosa Parks,23
2290589,14:06:00,14:06:10,stop_point:SP_1526,Le Grand Marché - Pont de La Vache,24
2290589,14:07:00,14:07:10,stop_point:SP_97,Pader,25
2290589,14:08:00,14:08:10,stop_point:SP_1175,La Vache,26
2290590,13:55:00,13:55:10,stop_point:SP_5247,Fenouillet Ctre Cial - Entrée Nord,1
2290590,13:56:00,13:56:10,stop_point:SP_5168,Fenouillet Ctre Cial - Entrée Sud,2
2290590,13:57:00,13:57:10,stop_point:SP_243,St-Alban Salvador Allende,3
2290590,13:58:00,13:58:10,stop_point:SP_3753,Gafelaze,4
2290590,13:59:00,13:59:10,stop_point:SP_1547,Ecole St-Alban,5
2290590,14:00:00,14:00:10,stop_point:SP_3276,Mairie St-Alban,6
2290590,14:01:00,14:01:10,stop_point:SP_1989,Sables,7
2290590,14:01:00,14:01:10,stop_point:SP_1190,Egalité,8
2290590,14:03:00,14:03:10,stop_point:SP_219,St-Alban Ctre Cial,9
2290590,14:04:00,14:04:10,stop_point:SP_1370,Peyronnette,10
2290590,14:05:00,14:05:10,stop_point:SP_3053,Mariel,11
2290590,14:06:00,14:06:10,stop_point:SP_3516,Raudelauzette,12
2290590,14:07:00,14:07:10,stop_point:SP_1879,Aucamville Collège,13
2290590,14:08:00,14:08:10,stop_point:SP_175,Favasse,14
2290590,14:09:00,14:09:10,stop_point:SP_1760,Mairie Aucamville,15
2290590,14:10:00,14:10:10,stop_point:SP_2311,Eglise Aucamville,16
2290590,14:11:00,14:11:10,stop_point:SP_802,Salvy,17
2290590,14:12:00,14:12:10,stop_point:SP_2114,Gaussen,18
2290590,14:14:00,14:14:10,stop_point:SP_3810,Lapparou,19
2290590,14:15:00,14:15:10,stop_point:SP_507,Roubiéchou,20
2290590,14:16:00,14:16:10,stop_point:SP_3354,Lapin,21
2290590,14:18:00,14:18:10,stop_point:SP_2207,Riché Lalande,22
2290590,14:19:00,14:19:10,stop_point:SP_2270,Collège Rosa Parks,23
2290590,14:21:00,14:21:10,stop_point:SP_1526,Le Grand Marché - Pont de La Vache,24
2290590,14:22:00,14:22:10,stop_point:SP_97,Pader,25
2290590,14:23:00,14:23:10,stop_point:SP_1175,La Vache,26
2290591,14:10:00,14:10:10,stop_point:SP_5247,Fenouillet Ctre Cial - Entrée Nord,1
2290591,14:11:00,14:11:10,stop_point:SP_5168,Fenouillet Ctre Cial - Entrée Sud,2
2290591,14:12:00,14:12:10,stop_point:SP_243,St-Alban Salvador Allende,3
2290591,14:13:00,14:13:10,stop_point:SP_3753,Gafelaze,4
2290591,14:14:00,14:14:10,stop_point:SP_1547,Ecole St-Alban,5
2290591,14:15:00,14:15:10,stop_point:SP_3276,Mairie St-Alban,6
2290591,14:16:00,14:16:10,stop_point:SP_1989,Sables,7
2290591,14:16:00,14:16:10,stop_point:SP_1190,Egalité,8
2290591,14:18:00,14:18:10,stop_point:SP_219,St-Alban Ctre Cial,9
2290591,14:19:00,14:19:10,stop_point:SP_1370,Peyronnette,10
2290591,14:20:00,14:20:10,stop_point:SP_3053,Mariel,11
2290591,14:21:00,14:21:10,stop_point:SP_3516,Raudelauzette,12
2290591,14:22:00,14:22:10,stop_point:SP_1879,Aucamville Collège,13
2290591,14:23:00,14:23:10,stop_point:SP_175,Favasse,14
2290591,14:24:00,14:24:10,stop_point:SP_1760,Mairie Aucamville,15
2290591,14:25:00,14:25:10,stop_point:SP_2311,Eglise Aucamville,16
2290591,14:26:00,14:26:10,stop_point:SP_802,Salvy,17
2290591,14:27:00,14:27:10,stop_point:SP_2114,Gaussen,18
2290591,14:29:00,14:29:10,stop_point:SP_3810,Lapparou,19
2290591,14:30:00,14:30:10,stop_point:SP_507,Roubiéchou,20
2290591,14:31:00,14:31:10,stop_point:SP_3354,Lapin,21
2290591,14:33:00,14:33:10,stop_point:SP_2207,Riché Lalande,22
2290591,14:34:00,14:34:10,stop_point:SP_2270,Collège Rosa Parks,23
2290591,14:36:00,14:36:10,stop_point:SP_1526,Le Grand Marché - Pont de La Vache,24
2290591,14:37:00,14:37:10,stop_point:SP_97,Pader,25
2290591,14:38:00,14:38:10,stop_point:SP_1175,La Vache,26
2290592,14:25:00,14:25:10,stop_point:SP_5247,Fenouillet Ctre Cial - Entrée Nord,1
2290592,14:26:00,14:26:10,stop_point:SP_5168,Fenouillet Ctre Cial - Entrée Sud,2
2290592,14:27:00,14:27:10,stop_point:SP_243,St-Alban Salvador Allende,3
2290592,14:28:00,14:28:10,stop_point:SP_3753,Gafelaze,4
2290592,14:29:00,14:29:10,stop_point:SP_1547,Ecole St-Alban,5
2290592,14:30:00,14:30:10,stop_point:SP_3276,Mairie St-Alban,6
2290592,14:31:00,14:31:10,stop_point:SP_1989,Sables,7
2290592,14:31:00,14:31:10,stop_point:SP_1190,Egalité,8
2290592,14:33:00,14:33:10,stop_point:SP_219,St-Alban Ctre Cial,9
2290592,14:34:00,14:34:10,stop_point:SP_1370,Peyronnette,10
2290592,14:35:00,14:35:10,stop_point:SP_3053,Mariel,11
2290592,14:36:00,14:36:10,stop_point:SP_3516,Raudelauzette,12
2290592,14:37:00,14:37:10,stop_point:SP_1879,Aucamville Collège,13
2290592,14:38:00,14:38:10,stop_point:SP_175,Favasse,14
2290592,14:39:00,14:39:10,stop_point:SP_1760,Mairie Aucamville,15
2290592,14:40:00,14:40:10,stop_point:SP_2311,Eglise Aucamville,16
2290592,14:41:00,14:41:10,stop_point:SP_802,Salvy,17
2290592,14:42:00,14:42:10,stop_point:SP_2114,Gaussen,18
2290592,14:44:00,14:44:10,stop_point:SP_3810,Lapparou,19
2290592,14:45:00,14:45:10,stop_point:SP_507,Roubiéchou,20
2290592,14:46:00,14:46:10,stop_point:SP_3354,Lapin,21
2290592,14:48:00,14:48:10,stop_point:SP_2207,Riché Lalande,22
2290592,14:49:00,14:49:10,stop_point:SP_2270,Collège Rosa Parks,23
2290592,14:51:00,14:51:10,stop_point:SP_1526,Le Grand Marché - Pont de La Vache,24
2290592,14:52:00,14:52:10,stop_point:SP_97,Pader,25
2290592,14:53:00,14:53:10,stop_point:SP_1175,La Vache,26
2290593,14:40:00,14:40:10,stop_point:SP_5247,Fenouillet Ctre Cial - Entrée Nord,1
2290593,14:41:00,14:41:10,stop_point:SP_5168,Fenouillet Ctre Cial - Entrée Sud,2
2290593,14:42:00,14:42:10,stop_point:SP_243,St-Alban Salvador Allende,3
2290593,14:43:00,14:43:10,stop_point:SP_3753,Gafelaze,4
2290593,14:44:00,14:44:10,stop_point:SP_1547,Ecole St-Alban,5
2290593,14:45:00,14:45:10,stop_point:SP_3276,Mairie St-Alban,6
2290593,14:46:00,14:46:10,stop_point:SP_1989,Sables,7
2290593,14:46:00,14:46:10,stop_point:SP_1190,Egalité,8
2290593,14:48:00,14:48:10,stop_point:SP_219,St-Alban Ctre Cial,9
2290593,14:49:00,14:49:10,stop_point:SP_1370,Peyronnette,10
2290593,14:50:00,14:50:10,stop_point:SP_3053,Mariel,11
2290593,14:51:00,14:51:10,stop_point:SP_3516,Raudelauzette,12
2290593,14:52:00,14:52:10,stop_point:SP_1879,Aucamville Collège,13
2290593,14:53:00,14:53:10,stop_point:SP_175,Favasse,14
2290593,14:54:00,14:54:10,stop_point:SP_1760,Mairie Aucamville,15
2290593,14:55:00,14:55:10,stop_point:SP_2311,Eglise Aucamville,16
2290593,14:56:00,14:56:10,stop_point:SP_802,Salvy,17
2290593,14:57:00,14:57:10,stop_point:SP_2114,Gaussen,18
2290593,14:59:00,14:59:10,stop_point:SP_3810,Lapparou,19
2290593,15:00:00,15:00:10,stop_point:SP_507,Roubiéchou,20
2290593,15:01:00,15:01:10,stop_point:SP_3354,Lapin,21
2290593,15:03:00,15:03:10,stop_point:SP_2207,Riché Lalande,22
2290593,15:04:00,15:04:10,stop_point:SP_2270,Collège Rosa Parks,23
2290593,15:06:00,15:06:10,stop_point:SP_1526,Le Grand Marché - Pont de La Vache,24
2290593,15:07:00,15:07:10,stop_point:SP_97,Pader,25
2290593,15:08:00,15:08:10,stop_point:SP_1175,La Vache,26
2290594,14:55:00,14:55:10,stop_point:SP_5247,Fenouillet Ctre Cial - Entrée Nord,1
2290594,14:56:00,14:56:10,stop_point:SP_5168,Fenouillet Ctre Cial - Entrée Sud,2
2290594,14:57:00,14:57:10,stop_point:SP_243,St-Alban Salvador Allende,3
2290594,14:58:00,14:58:10,stop_point:SP_3753,Gafelaze,4
2290594,14:59:00,14:59:10,stop_point:SP_1547,Ecole St-Alban,5
2290594,15:00:00,15:00:10,stop_point:SP_3276,Mairie St-Alban,6
2290594,15:01:00,15:01:10,stop_point:SP_1989,Sables,7
2290594,15:01:00,15:01:10,stop_point:SP_1190,Egalité,8
2290594,15:03:00,15:03:10,stop_point:SP_219,St-Alban Ctre Cial,9
2290594,15:04:00,15:04:10,stop_point:SP_1370,Peyronnette,10
2290594,15:05:00,15:05:10,stop_point:SP_3053,Mariel,11
2290594,15:06:00,15:06:10,stop_point:SP_3516,Raudelauzette,12
2290594,15:07:00,15:07:10,stop_point:SP_1879,Aucamville Collège,13
2290594,15:08:00,15:08:10,stop_point:SP_175,Favasse,14
2290594,15:09:00,15:09:10,stop_point:SP_1760,Mairie Aucamville,15
2290594,15:10:00,15:10:10,stop_point:SP_2311,Eglise Aucamville,16
2290594,15:11:00,15:11:10,stop_point:SP_802,Salvy,17
2290594,15:12:00,15:12:10,stop_point:SP_2114,Gaussen,18
2290594,15:14:00,15:14:10,stop_point:SP_3810,Lapparou,19
2290594,15:15:00,15:15:10,stop_point:SP_507,Roubiéchou,20
2290594,15:16:00,15:16:10,stop_point:SP_3354,Lapin,21
2290594,15:18:00,15:18:10,stop_point:SP_2207,Riché Lalande,22
2290594,15:19:00,15:19:10,stop_point:SP_2270,Collège Rosa Parks,23
2290594,15:21:00,15:21:10,stop_point:SP_1526,Le Grand Marché - Pont de La Vache,24
2290594,15:22:00,15:22:10,stop_point:SP_97,Pader,25
2290594,15:23:00,15:23:10,stop_point:SP_1175,La Vache,26
2290595,15:10:00,15:10:10,stop_point:SP_5247,Fenouillet Ctre Cial - Entrée Nord,1
2290595,15:11:00,15:11:10,stop_point:SP_5168,Fenouillet Ctre Cial - Entrée Sud,2
2290595,15:12:00,15:12:10,stop_point:SP_243,St-Alban Salvador Allende,3
2290595,15:13:00,15:13:10,stop_point:SP_3753,Gafelaze,4
2290595,15:14:00,15:14:10,stop_point:SP_1547,Ecole St-Alban,5
2290595,15:15:00,15:15:10,stop_point:SP_3276,Mairie St-Alban,6
2290595,15:16:00,15:16:10,stop_point:SP_1989,Sables,7
2290595,15:16:00,15:16:10,stop_point:SP_1190,Egalité,8
2290595,15:18:00,15:18:10,stop_point:SP_219,St-Alban Ctre Cial,9
2290595,15:19:00,15:19:10,stop_point:SP_1370,Peyronnette,10
2290595,15:20:00,15:20:10,stop_point:SP_3053,Mariel,11
2290595,15:21:00,15:21:10,stop_point:SP_3516,Raudelauzette,12
2290595,15:22:00,15:22:10,stop_point:SP_1879,Aucamville Collège,13
2290595,15:23:00,15:23:10,stop_point:SP_175,Favasse,14
2290595,15:24:00,15:24:10,stop_point:SP_1760,Mairie Aucamville,15
2290595,15:25:00,15:25:10,stop_point:SP_2311,Eglise Aucamville,16
2290595,15:26:00,15:26:10,stop_point:SP_802,Salvy,17
2290595,15:27:00,15:27:10,stop_point:SP_2114,Gaussen,18
2290595,15:29:00,15:29:10,stop_point:SP_3810,Lapparou,19
2290595,15:30:00,15:30:10,stop_point:SP_507,Roubiéchou,20
2290595,15:31:00,15:31:10,stop_point:SP_3354,Lapin,21
2290595,15:33:00,15:33:10,stop_point:SP_2207,Riché Lalande,22
2290595,15:34:00,15:34:10,stop_point:SP_2270,Collège Rosa Parks,23
2290595,15:36:00,15:36:10,stop_point:SP_1526,Le Grand Marché - Pont de La Vache,24
2290595,15:37:00,15:37:10,stop_point:SP_97,Pader,25
2290595,15:38:00,15:38:10,stop_point:SP_1175,La Vache,26
2290596,15:25:00,15:25:10,stop_point:SP_5247,Fenouillet Ctre Cial - Entrée Nord,1
2290596,15:26:00,15:26:10,stop_point:SP_5168,Fenouillet Ctre Cial - Entrée Sud,2
2290596,15:27:00,15:27:10,stop_point:SP_243,St-Alban Salvador Allende,3
2290596,15:28:00,15:28:10,stop_point:SP_3753,Gafelaze,4
2290596,15:29:00,15:29:10,stop_point:SP_1547,Ecole St-Alban,5
2290596,15:30:00,15:30:10,stop_point:SP_3276,Mairie St-Alban,6
2290596,15:31:00,15:31:10,stop_point:SP_1989,Sables,7
2290596,15:31:00,15:31:10,stop_point:SP_1190,Egalité,8
2290596,15:33:00,15:33:10,stop_point:SP_219,St-Alban Ctre Cial,9
2290596,15:34:00,15:34:10,stop_point:SP_1370,Peyronnette,10
2290596,15:35:00,15:35:10,stop_point:SP_3053,Mariel,11
2290596,15:36:00,15:36:10,stop_point:SP_3516,Raudelauzette,12
2290596,15:37:00,15:37:10,stop_point:SP_1879,Aucamville Collège,13
2290596,15:38:00,15:38:10,stop_point:SP_175,Favasse,14
2290596,15:39:00,15:39:10,stop_point:SP_1760,Mairie Aucamville,15
2290596,15:40:00,15:40:10,stop_point:SP_2311,Eglise Aucamville,16
2290596,15:41:00,15:41:10,stop_point:SP_802,Salvy,17
2290596,15:42:00,15:42:10,stop_point:SP_2114,Gaussen,18
2290596,15:44:00,15:44:10,stop_point:SP_3810,Lapparou,19
2290596,15:45:00,15:45:10,stop_point:SP_507,Roubiéchou,20
2290596,15:46:00,15:46:10,stop_point:SP_3354,Lapin,21
2290596,15:48:00,15:48:10,stop_point:SP_2207,Riché Lalande,22
2290596,15:49:00,15:49:10,stop_point:SP_2270,Collège Rosa Parks,23
2290596,15:51:00,15:51:10,stop_point:SP_1526,Le Grand Marché - Pont de La Vache,24
2290596,15:52:00,15:52:10,stop_point:SP_97,Pader,25
2290596,15:53:00,15:53:10,stop_point:SP_1175,La Vache,26
2290597,15:40:00,15:40:10,stop_point:SP_5247,Fenouillet Ctre Cial - Entrée Nord,1
2290597,15:41:00,15:41:10,stop_point:SP_5168,Fenouillet Ctre Cial - Entrée Sud,2
2290597,15:42:00,15:42:10,stop_point:SP_243,St-Alban Salvador Allende,3
2290597,15:43:00,15:43:10,stop_point:SP_3753,Gafelaze,4
2290597,15:44:00,15:44:10,stop_point:SP_1547,Ecole St-Alban,5
2290597,15:45:00,15:45:10,stop_point:SP_3276,Mairie St-Alban,6
2290597,15:46:00,15:46:10,stop_point:SP_1989,Sables,7
2290597,15:46:00,15:46:10,stop_point:SP_1190,Egalité,8
2290597,15:48:00,15:48:10,stop_point:SP_219,St-Alban Ctre Cial,9
2290597,15:49:00,15:49:10,stop_point:SP_1370,Peyronnette,10
2290597,15:50:00,15:50:10,stop_point:SP_3053,Mariel,11
2290597,15:51:00,15:51:10,stop_point:SP_3516,Raudelauzette,12
2290597,15:52:00,15:52:10,stop_point:SP_1879,Aucamville Collège,13
2290597,15:54:00,15:54:10,stop_point:SP_175,Favasse,14
2290597,15:55:00,15:55:10,stop_point:SP_1760,Mairie Aucamville,15
2290597,15:56:00,15:56:10,stop_point:SP_2311,Eglise Aucamville,16
2290597,15:57:00,15:57:10,stop_point:SP_802,Salvy,17
2290597,15:58:00,15:58:10,stop_point:SP_2114,Gaussen,18
2290597,16:00:00,16:00:10,stop_point:SP_3810,Lapparou,19
2290597,16:01:00,16:01:10,stop_point:SP_507,Roubiéchou,20
2290597,16:02:00,16:02:10,stop_point:SP_3354,Lapin,21
2290597,16:04:00,16:04:10,stop_point:SP_2207,Riché Lalande,22
2290597,16:05:00,16:05:10,stop_point:SP_2270,Collège Rosa Parks,23
2290597,16:07:00,16:07:10,stop_point:SP_1526,Le Grand Marché - Pont de La Vache,24
2290597,16:08:00,16:08:10,stop_point:SP_97,Pader,25
2290597,16:09:00,16:09:10,stop_point:SP_1175,La Vache,26
2290598,15:55:00,15:55:10,stop_point:SP_5247,Fenouillet Ctre Cial - Entrée Nord,1
2290598,15:56:00,15:56:10,stop_point:SP_5168,Fenouillet Ctre Cial - Entrée Sud,2
2290598,15:58:00,15:58:10,stop_point:SP_243,St-Alban Salvador Allende,3
2290598,15:59:00,15:59:10,stop_point:SP_3753,Gafelaze,4
2290598,16:00:00,16:00:10,stop_point:SP_1547,Ecole St-Alban,5
2290598,16:01:00,16:01:10,stop_point:SP_3276,Mairie St-Alban,6
2290598,16:02:00,16:02:10,stop_point:SP_1989,Sables,7
2290598,16:02:00,16:02:10,stop_point:SP_1190,Egalité,8
2290598,16:04:00,16:04:10,stop_point:SP_219,St-Alban Ctre Cial,9
2290598,16:05:00,16:05:10,stop_point:SP_1370,Peyronnette,10
2290598,16:06:00,16:06:10,stop_point:SP_3053,Mariel,11
2290598,16:07:00,16:07:10,stop_point:SP_3516,Raudelauzette,12
2290598,16:08:00,16:08:10,stop_point:SP_1879,Aucamville Collège,13
2290598,16:10:00,16:10:10,stop_point:SP_175,Favasse,14
2290598,16:11:00,16:11:10,stop_point:SP_1760,Mairie Aucamville,15
2290598,16:12:00,16:12:10,stop_point:SP_2311,Eglise Aucamville,16
2290598,16:13:00,16:13:10,stop_point:SP_802,Salvy,17
2290598,16:14:00,16:14:10,stop_point:SP_2114,Gaussen,18
2290598,16:16:00,16:16:10,stop_point:SP_3810,Lapparou,19
2290598,16:17:00,16:17:10,stop_point:SP_507,Roubiéchou,20
2290598,16:18:00,16:18:10,stop_point:SP_3354,Lapin,21
2290598,16:20:00,16:20:10,stop_point:SP_2207,Riché Lalande,22
2290598,16:21:00,16:21:10,stop_point:SP_2270,Collège Rosa Parks,23
2290598,16:23:00,16:23:10,stop_point:SP_1526,Le Grand Marché - Pont de La Vache,24
2290598,16:24:00,16:24:10,stop_point:SP_97,Pader,25
2290598,16:25:00,16:25:10,stop_point:SP_1175,La Vache,26
2290599,16:10:00,16:10:10,stop_point:SP_5247,Fenouillet Ctre Cial - Entrée Nord,1
2290599,16:11:00,16:11:10,stop_point:SP_5168,Fenouillet Ctre Cial - Entrée Sud,2
2290599,16:13:00,16:13:10,stop_point:SP_243,St-Alban Salvador Allende,3
2290599,16:14:00,16:14:10,stop_point:SP_3753,Gafelaze,4
2290599,16:15:00,16:15:10,stop_point:SP_1547,Ecole St-Alban,5
2290599,16:16:00,16:16:10,stop_point:SP_3276,Mairie St-Alban,6
2290599,16:17:00,16:17:10,stop_point:SP_1989,Sables,7
2290599,16:17:00,16:17:10,stop_point:SP_1190,Egalité,8
2290599,16:19:00,16:19:10,stop_point:SP_219,St-Alban Ctre Cial,9
2290599,16:20:00,16:20:10,stop_point:SP_1370,Peyronnette,10
2290599,16:21:00,16:21:10,stop_point:SP_3053,Mariel,11
2290599,16:22:00,16:22:10,stop_point:SP_3516,Raudelauzette,12
2290599,16:23:00,16:23:10,stop_point:SP_1879,Aucamville Collège,13
2290599,16:25:00,16:25:10,stop_point:SP_175,Favasse,14
2290599,16:26:00,16:26:10,stop_point:SP_1760,Mairie Aucamville,15
2290599,16:27:00,16:27:10,stop_point:SP_2311,Eglise Aucamville,16
2290599,16:28:00,16:28:10,stop_point:SP_802,Salvy,17
2290599,16:29:00,16:29:10,stop_point:SP_2114,Gaussen,18
2290599,16:31:00,16:31:10,stop_point:SP_3810,Lapparou,19
2290599,16:32:00,16:32:10,stop_point:SP_507,Roubiéchou,20
2290599,16:33:00,16:33:10,stop_point:SP_3354,Lapin,21
2290599,16:35:00,16:35:10,stop_point:SP_2207,Riché Lalande,22
2290599,16:36:00,16:36:10,stop_point:SP_2270,Collège Rosa Parks,23
2290599,16:38:00,16:38:10,stop_point:SP_1526,Le Grand Marché - Pont de La Vache,24
2290599,16:39:00,16:39:10,stop_point:SP_97,Pader,25
2290599,16:40:00,16:40:10,stop_point:SP_1175,La Vache,26
2290600,16:25:00,16:25:10,stop_point:SP_5247,Fenouillet Ctre Cial - Entrée Nord,1
2290600,16:26:00,16:26:10,stop_point:SP_5168,Fenouillet Ctre Cial - Entrée Sud,2
2290600,16:28:00,16:28:10,stop_point:SP_243,St-Alban Salvador Allende,3
2290600,16:29:00,16:29:10,stop_point:SP_3753,Gafelaze,4
2290600,16:30:00,16:30:10,stop_point:SP_1547,Ecole St-Alban,5
2290600,16:31:00,16:31:10,stop_point:SP_3276,Mairie St-Alban,6
2290600,16:32:00,16:32:10,stop_point:SP_1989,Sables,7
2290600,16:32:00,16:32:10,stop_point:SP_1190,Egalité,8
2290600,16:34:00,16:34:10,stop_point:SP_219,St-Alban Ctre Cial,9
2290600,16:35:00,16:35:10,stop_point:SP_1370,Peyronnette,10
2290600,16:36:00,16:36:10,stop_point:SP_3053,Mariel,11
2290600,16:37:00,16:37:10,stop_point:SP_3516,Raudelauzette,12
2290600,16:38:00,16:38:10,stop_point:SP_1879,Aucamville Collège,13
2290600,16:40:00,16:40:10,stop_point:SP_175,Favasse,14
2290600,16:41:00,16:41:10,stop_point:SP_1760,Mairie Aucamville,15
2290600,16:42:00,16:42:10,stop_point:SP_2311,Eglise Aucamville,16
2290600,16:43:00,16:43:10,stop_point:SP_802,Salvy,17
2290600,16:44:00,16:44:10,stop_point:SP_2114,Gaussen,18
2290600,16:46:00,16:46:10,stop_point:SP_3810,Lapparou,19
2290600,16:47:00,16:47:10,stop_point:SP_507,Roubiéchou,20
2290600,16:48:00,16:48:10,stop_point:SP_3354,Lapin,21
2290600,16:50:00,16:50:10,stop_point:SP_2207,Riché Lalande,22
2290600,16:51:00,16:51:10,stop_point:SP_2270,Collège Rosa Parks,23
2290600,16:53:00,16:53:10,stop_point:SP_1526,Le Grand Marché - Pont de La Vache,24
2290600,16:54:00,16:54:10,stop_point:SP_97,Pader,25
2290600,16:55:00,16:55:10,stop_point:SP_1175,La Vache,26
2290601,16:40:00,16:40:10,stop_point:SP_5247,Fenouillet Ctre Cial - Entrée Nord,1
2290601,16:41:00,16:41:10,stop_point:SP_5168,Fenouillet Ctre Cial - Entrée Sud,2
2290601,16:43:00,16:43:10,stop_point:SP_243,St-Alban Salvador Allende,3
2290601,16:44:00,16:44:10,stop_point:SP_3753,Gafelaze,4
2290601,16:45:00,16:45:10,stop_point:SP_1547,Ecole St-Alban,5
2290601,16:46:00,16:46:10,stop_point:SP_3276,Mairie St-Alban,6
2290601,16:47:00,16:47:10,stop_point:SP_1989,Sables,7
2290601,16:47:00,16:47:10,stop_point:SP_1190,Egalité,8
2290601,16:49:00,16:49:10,stop_point:SP_219,St-Alban Ctre Cial,9
2290601,16:50:00,16:50:10,stop_point:SP_1370,Peyronnette,10
2290601,16:51:00,16:51:10,stop_point:SP_3053,Mariel,11
2290601,16:52:00,16:52:10,stop_point:SP_3516,Raudelauzette,12
2290601,16:53:00,16:53:10,stop_point:SP_1879,Aucamville Collège,13
2290601,16:55:00,16:55:10,stop_point:SP_175,Favasse,14
2290601,16:56:00,16:56:10,stop_point:SP_1760,Mairie Aucamville,15
2290601,16:57:00,16:57:10,stop_point:SP_2311,Eglise Aucamville,16
2290601,16:58:00,16:58:10,stop_point:SP_802,Salvy,17
2290601,16:59:00,16:59:10,stop_point:SP_2114,Gaussen,18
2290601,17:01:00,17:01:10,stop_point:SP_3810,Lapparou,19
2290601,17:02:00,17:02:10,stop_point:SP_507,Roubiéchou,20
2290601,17:03:00,17:03:10,stop_point:SP_3354,Lapin,21
2290601,17:05:00,17:05:10,stop_point:SP_2207,Riché Lalande,22
2290601,17:06:00,17:06:10,stop_point:SP_2270,Collège Rosa Parks,23
2290601,17:08:00,17:08:10,stop_point:SP_1526,Le Grand Marché - Pont de La Vache,24
2290601,17:09:00,17:09:10,stop_point:SP_97,Pader,25
2290601,17:10:00,17:10:10,stop_point:SP_1175,La Vache,26
2290602,16:55:00,16:55:10,stop_point:SP_5247,Fenouillet Ctre Cial - Entrée Nord,1
2290602,16:56:00,16:56:10,stop_point:SP_5168,Fenouillet Ctre Cial - Entrée Sud,2
2290602,16:58:00,16:58:10,stop_point:SP_243,St-Alban Salvador Allende,3
2290602,16:59:00,16:59:10,stop_point:SP_3753,Gafelaze,4
2290602,17:00:00,17:00:10,stop_point:SP_1547,Ecole St-Alban,5
2290602,17:01:00,17:01:10,stop_point:SP_3276,Mairie St-Alban,6
2290602,17:02:00,17:02:10,stop_point:SP_1989,Sables,7
2290602,17:02:00,17:02:10,stop_point:SP_1190,Egalité,8
2290602,17:04:00,17:04:10,stop_point:SP_219,St-Alban Ctre Cial,9
2290602,17:05:00,17:05:10,stop_point:SP_1370,Peyronnette,10
2290602,17:06:00,17:06:10,stop_point:SP_3053,Mariel,11
2290602,17:07:00,17:07:10,stop_point:SP_3516,Raudelauzette,12
2290602,17:08:00,17:08:10,stop_point:SP_1879,Aucamville Collège,13
2290602,17:10:00,17:10:10,stop_point:SP_175,Favasse,14
2290602,17:11:00,17:11:10,stop_point:SP_1760,Mairie Aucamville,15
2290602,17:12:00,17:12:10,stop_point:SP_2311,Eglise Aucamville,16
2290602,17:13:00,17:13:10,stop_point:SP_802,Salvy,17
2290602,17:14:00,17:14:10,stop_point:SP_2114,Gaussen,18
2290602,17:16:00,17:16:10,stop_point:SP_3810,Lapparou,19
2290602,17:17:00,17:17:10,stop_point:SP_507,Roubiéchou,20
2290602,17:18:00,17:18:10,stop_point:SP_3354,Lapin,21
2290602,17:20:00,17:20:10,stop_point:SP_2207,Riché Lalande,22
2290602,17:21:00,17:21:10,stop_point:SP_2270,Collège Rosa Parks,23
2290602,17:23:00,17:23:10,stop_point:SP_1526,Le Grand Marché - Pont de La Vache,24
2290602,17:24:00,17:24:10,stop_point:SP_97,Pader,25
2290602,17:25:00,17:25:10,stop_point:SP_1175,La Vache,26
2290603,17:10:00,17:10:10,stop_point:SP_5247,Fenouillet Ctre Cial - Entrée Nord,1
2290603,17:11:00,17:11:10,stop_point:SP_5168,Fenouillet Ctre Cial - Entrée Sud,2
2290603,17:13:00,17:13:10,stop_point:SP_243,St-Alban Salvador Allende,3
2290603,17:14:00,17:14:10,stop_point:SP_3753,Gafelaze,4
2290603,17:15:00,17:15:10,stop_point:SP_1547,Ecole St-Alban,5
2290603,17:16:00,17:16:10,stop_point:SP_3276,Mairie St-Alban,6
2290603,17:17:00,17:17:10,stop_point:SP_1989,Sables,7
2290603,17:17:00,17:17:10,stop_point:SP_1190,Egalité,8
2290603,17:19:00,17:19:10,stop_point:SP_219,St-Alban Ctre Cial,9
2290603,17:20:00,17:20:10,stop_point:SP_1370,Peyronnette,10
2290603,17:21:00,17:21:10,stop_point:SP_3053,Mariel,11
2290603,17:22:00,17:22:10,stop_point:SP_3516,Raudelauzette,12
2290603,17:23:00,17:23:10,stop_point:SP_1879,Aucamville Collège,13
2290603,17:25:00,17:25:10,stop_point:SP_175,Favasse,14
2290603,17:26:00,17:26:10,stop_point:SP_1760,Mairie Aucamville,15
2290603,17:27:00,17:27:10,stop_point:SP_2311,Eglise Aucamville,16
2290603,17:28:00,17:28:10,stop_point:SP_802,Salvy,17
2290603,17:29:00,17:29:10,stop_point:SP_2114,Gaussen,18
2290603,17:31:00,17:31:10,stop_point:SP_3810,Lapparou,19
2290603,17:32:00,17:32:10,stop_point:SP_507,Roubiéchou,20
2290603,17:33:00,17:33:10,stop_point:SP_3354,Lapin,21
2290603,17:35:00,17:35:10,stop_point:SP_2207,Riché Lalande,22
2290603,17:36:00,17:36:10,stop_point:SP_2270,Collège Rosa Parks,23
2290603,17:38:00,17:38:10,stop_point:SP_1526,Le Grand Marché - Pont de La Vache,24
2290603,17:39:00,17:39:10,stop_point:SP_97,Pader,25
2290603,17:40:00,17:40:10,stop_point:SP_1175,La Vache,26
2290604,17:25:00,17:25:10,stop_point:SP_5247,Fenouillet Ctre Cial - Entrée Nord,1
2290604,17:26:00,17:26:10,stop_point:SP_5168,Fenouillet Ctre Cial - Entrée Sud,2
2290604,17:28:00,17:28:10,stop_point:SP_243,St-Alban Salvador Allende,3
2290604,17:29:00,17:29:10,stop_point:SP_3753,Gafelaze,4
2290604,17:30:00,17:30:10,stop_point:SP_1547,Ecole St-Alban,5
2290604,17:31:00,17:31:10,stop_point:SP_3276,Mairie St-Alban,6
2290604,17:32:00,17:32:10,stop_point:SP_1989,Sables,7
2290604,17:32:00,17:32:10,stop_point:SP_1190,Egalité,8
2290604,17:34:00,17:34:10,stop_point:SP_219,St-Alban Ctre Cial,9
2290604,17:35:00,17:35:10,stop_point:SP_1370,Peyronnette,10
2290604,17:36:00,17:36:10,stop_point:SP_3053,Mariel,11
2290604,17:37:00,17:37:10,stop_point:SP_3516,Raudelauzette,12
2290604,17:38:00,17:38:10,stop_point:SP_1879,Aucamville Collège,13
2290604,17:40:00,17:40:10,stop_point:SP_175,Favasse,14
2290604,17:41:00,17:41:10,stop_point:SP_1760,Mairie Aucamville,15
2290604,17:42:00,17:42:10,stop_point:SP_2311,Eglise Aucamville,16
2290604,17:43:00,17:43:10,stop_point:SP_802,Salvy,17
2290604,17:44:00,17:44:10,stop_point:SP_2114,Gaussen,18
2290604,17:46:00,17:46:10,stop_point:SP_3810,Lapparou,19
2290604,17:47:00,17:47:10,stop_point:SP_507,Roubiéchou,20
2290604,17:48:00,17:48:10,stop_point:SP_3354,Lapin,21
2290604,17:50:00,17:50:10,stop_point:SP_2207,Riché Lalande,22
2290604,17:51:00,17:51:10,stop_point:SP_2270,Collège Rosa Parks,23
2290604,17:53:00,17:53:10,stop_point:SP_1526,Le Grand Marché - Pont de La Vache,24
2290604,17:54:00,17:54:10,stop_point:SP_97,Pader,25
2290604,17:55:00,17:55:10,stop_point:SP_1175,La Vache,26
2290605,17:40:00,17:40:10,stop_point:SP_5247,Fenouillet Ctre Cial - Entrée Nord,1
2290605,17:41:00,17:41:10,stop_point:SP_5168,Fenouillet Ctre Cial - Entrée Sud,2
2290605,17:43:00,17:43:10,stop_point:SP_243,St-Alban Salvador Allende,3
2290605,17:44:00,17:44:10,stop_point:SP_3753,Gafelaze,4
2290605,17:45:00,17:45:10,stop_point:SP_1547,Ecole St-Alban,5
2290605,17:46:00,17:46:10,stop_point:SP_3276,Mairie St-Alban,6
2290605,17:47:00,17:47:10,stop_point:SP_1989,Sables,7
2290605,17:47:00,17:47:10,stop_point:SP_1190,Egalité,8
2290605,17:49:00,17:49:10,stop_point:SP_219,St-Alban Ctre Cial,9
2290605,17:50:00,17:50:10,stop_point:SP_1370,Peyronnette,10
2290605,17:51:00,17:51:10,stop_point:SP_3053,Mariel,11
2290605,17:52:00,17:52:10,stop_point:SP_3516,Raudelauzette,12
2290605,17:53:00,17:53:10,stop_point:SP_1879,Aucamville Collège,13
2290605,17:55:00,17:55:10,stop_point:SP_175,Favasse,14
2290605,17:56:00,17:56:10,stop_point:SP_1760,Mairie Aucamville,15
2290605,17:57:00,17:57:10,stop_point:SP_2311,Eglise Aucamville,16
2290605,17:58:00,17:58:10,stop_point:SP_802,Salvy,17
2290605,17:59:00,17:59:10,stop_point:SP_2114,Gaussen,18
2290605,18:01:00,18:01:10,stop_point:SP_3810,Lapparou,19
2290605,18:02:00,18:02:10,stop_point:SP_507,Roubiéchou,20
2290605,18:03:00,18:03:10,stop_point:SP_3354,Lapin,21
2290605,18:05:00,18:05:10,stop_point:SP_2207,Riché Lalande,22
2290605,18:06:00,18:06:10,stop_point:SP_2270,Collège Rosa Parks,23
2290605,18:08:00,18:08:10,stop_point:SP_1526,Le Grand Marché - Pont de La Vache,24
2290605,18:09:00,18:09:10,stop_point:SP_97,Pader,25
2290605,18:10:00,18:10:10,stop_point:SP_1175,La Vache,26
2290606,17:55:00,17:55:10,stop_point:SP_5247,Fenouillet Ctre Cial - Entrée Nord,1
2290606,17:56:00,17:56:10,stop_point:SP_5168,Fenouillet Ctre Cial - Entrée Sud,2
2290606,17:58:00,17:58:10,stop_point:SP_243,St-Alban Salvador Allende,3
2290606,17:59:00,17:59:10,stop_point:SP_3753,Gafelaze,4
2290606,18:00:00,18:00:10,stop_point:SP_1547,Ecole St-Alban,5
2290606,18:01:00,18:01:10,stop_point:SP_3276,Mairie St-Alban,6
2290606,18:02:00,18:02:10,stop_point:SP_1989,Sables,7
2290606,18:02:00,18:02:10,stop_point:SP_1190,Egalité,8
2290606,18:04:00,18:04:10,stop_point:SP_219,St-Alban Ctre Cial,9
2290606,18:05:00,18:05:10,stop_point:SP_1370,Peyronnette,10
2290606,18:06:00,18:06:10,stop_point:SP_3053,Mariel,11
2290606,18:07:00,18:07:10,stop_point:SP_3516,Raudelauzette,12
2290606,18:08:00,18:08:10,stop_point:SP_1879,Aucamville Collège,13
2290606,18:10:00,18:10:10,stop_point:SP_175,Favasse,14
2290606,18:11:00,18:11:10,stop_point:SP_1760,Mairie Aucamville,15
2290606,18:12:00,18:12:10,stop_point:SP_2311,Eglise Aucamville,16
2290606,18:13:00,18:13:10,stop_point:SP_802,Salvy,17
2290606,18:14:00,18:14:10,stop_point:SP_2114,Gaussen,18
2290606,18:16:00,18:16:10,stop_point:SP_3810,Lapparou,19
2290606,18:17:00,18:17:10,stop_point:SP_507,Roubiéchou,20
2290606,18:18:00,18:18:10,stop_point:SP_3354,Lapin,21
2290606,18:20:00,18:20:10,stop_point:SP_2207,Riché Lalande,22
2290606,18:21:00,18:21:10,stop_point:SP_2270,Collège Rosa Parks,23
2290606,18:23:00,18:23:10,stop_point:SP_1526,Le Grand Marché - Pont de La Vache,24
2290606,18:24:00,18:24:10,stop_point:SP_97,Pader,25
2290606,18:25:00,18:25:10,stop_point:SP_1175,La Vache,26
2290607,18:10:00,18:10:10,stop_point:SP_5247,Fenouillet Ctre Cial - Entrée Nord,1
2290607,18:11:00,18:11:10,stop_point:SP_5168,Fenouillet Ctre Cial - Entrée Sud,2
2290607,18:13:00,18:13:10,stop_point:SP_243,St-Alban Salvador Allende,3
2290607,18:14:00,18:14:10,stop_point:SP_3753,Gafelaze,4
2290607,18:15:00,18:15:10,stop_point:SP_1547,Ecole St-Alban,5
2290607,18:16:00,18:16:10,stop_point:SP_3276,Mairie St-Alban,6
2290607,18:17:00,18:17:10,stop_point:SP_1989,Sables,7
2290607,18:17:00,18:17:10,stop_point:SP_1190,Egalité,8
2290607,18:19:00,18:19:10,stop_point:SP_219,St-Alban Ctre Cial,9
2290607,18:20:00,18:20:10,stop_point:SP_1370,Peyronnette,10
2290607,18:21:00,18:21:10,stop_point:SP_3053,Mariel,11
2290607,18:22:00,18:22:10,stop_point:SP_3516,Raudelauzette,12
2290607,18:23:00,18:23:10,stop_point:SP_1879,Aucamville Collège,13
2290607,18:25:00,18:25:10,stop_point:SP_175,Favasse,14
2290607,18:26:00,18:26:10,stop_point:SP_1760,Mairie Aucamville,15
2290607,18:27:00,18:27:10,stop_point:SP_2311,Eglise Aucamville,16
2290607,18:28:00,18:28:10,stop_point:SP_802,Salvy,17
2290607,18:29:00,18:29:10,stop_point:SP_2114,Gaussen,18
2290607,18:31:00,18:31:10,stop_point:SP_3810,Lapparou,19
2290607,18:32:00,18:32:10,stop_point:SP_507,Roubiéchou,20
2290607,18:33:00,18:33:10,stop_point:SP_3354,Lapin,21
2290607,18:35:00,18:35:10,stop_point:SP_2207,Riché Lalande,22
2290607,18:36:00,18:36:10,stop_point:SP_2270,Collège Rosa Parks,23
2290607,18:38:00,18:38:10,stop_point:SP_1526,Le Grand Marché - Pont de La Vache,24
2290607,18:39:00,18:39:10,stop_point:SP_97,Pader,25
2290607,18:40:00,18:40:10,stop_point:SP_1175,La Vache,26
2290608,18:25:00,18:25:10,stop_point:SP_5247,Fenouillet Ctre Cial - Entrée Nord,1
2290608,18:26:00,18:26:10,stop_point:SP_5168,Fenouillet Ctre Cial - Entrée Sud,2
2290608,18:28:00,18:28:10,stop_point:SP_243,St-Alban Salvador Allende,3
2290608,18:29:00,18:29:10,stop_point:SP_3753,Gafelaze,4
2290608,18:30:00,18:30:10,stop_point:SP_1547,Ecole St-Alban,5
2290608,18:31:00,18:31:10,stop_point:SP_3276,Mairie St-Alban,6
2290608,18:32:00,18:32:10,stop_point:SP_1989,Sables,7
2290608,18:32:00,18:32:10,stop_point:SP_1190,Egalité,8
2290608,18:34:00,18:34:10,stop_point:SP_219,St-Alban Ctre Cial,9
2290608,18:35:00,18:35:10,stop_point:SP_1370,Peyronnette,10
2290608,18:36:00,18:36:10,stop_point:SP_3053,Mariel,11
2290608,18:37:00,18:37:10,stop_point:SP_3516,Raudelauzette,12
2290608,18:38:00,18:38:10,stop_point:SP_1879,Aucamville Collège,13
2290608,18:39:00,18:39:10,stop_point:SP_175,Favasse,14
2290608,18:40:00,18:40:10,stop_point:SP_1760,Mairie Aucamville,15
2290608,18:41:00,18:41:10,stop_point:SP_2311,Eglise Aucamville,16
2290608,18:42:00,18:42:10,stop_point:SP_802,Salvy,17
2290608,18:43:00,18:43:10,stop_point:SP_2114,Gaussen,18
2290608,18:44:00,18:44:10,stop_point:SP_3810,Lapparou,19
2290608,18:45:00,18:45:10,stop_point:SP_507,Roubiéchou,20
2290608,18:47:00,18:47:10,stop_point:SP_3354,Lapin,21
2290608,18:48:00,18:48:10,stop_point:SP_2207,Riché Lalande,22
2290608,18:49:00,18:49:10,stop_point:SP_2270,Collège Rosa Parks,23
2290608,18:51:00,18:51:10,stop_point:SP_1526,Le Grand Marché - Pont de La Vache,24
2290608,18:52:00,18:52:10,stop_point:SP_97,Pader,25
2290608,18:53:00,18:53:10,stop_point:SP_1175,La Vache,26
2290609,18:40:00,18:40:10,stop_point:SP_5247,Fenouillet Ctre Cial - Entrée Nord,1
2290609,18:41:00,18:41:10,stop_point:SP_5168,Fenouillet Ctre Cial - Entrée Sud,2
2290609,18:43:00,18:43:10,stop_point:SP_243,St-Alban Salvador Allende,3
2290609,18:44:00,18:44:10,stop_point:SP_3753,Gafelaze,4
2290609,18:45:00,18:45:10,stop_point:SP_1547,Ecole St-Alban,5
2290609,18:46:00,18:46:10,stop_point:SP_3276,Mairie St-Alban,6
2290609,18:47:00,18:47:10,stop_point:SP_1989,Sables,7
2290609,18:47:00,18:47:10,stop_point:SP_1190,Egalité,8
2290609,18:49:00,18:49:10,stop_point:SP_219,St-Alban Ctre Cial,9
2290609,18:50:00,18:50:10,stop_point:SP_1370,Peyronnette,10
2290609,18:51:00,18:51:10,stop_point:SP_3053,Mariel,11
2290609,18:52:00,18:52:10,stop_point:SP_3516,Raudelauzette,12
2290609,18:53:00,18:53:10,stop_point:SP_1879,Aucamville Collège,13
2290609,18:54:00,18:54:10,stop_point:SP_175,Favasse,14
2290609,18:55:00,18:55:10,stop_point:SP_1760,Mairie Aucamville,15
2290609,18:56:00,18:56:10,stop_point:SP_2311,Eglise Aucamville,16
2290609,18:57:00,18:57:10,stop_point:SP_802,Salvy,17
2290609,18:58:00,18:58:10,stop_point:SP_2114,Gaussen,18
2290609,18:59:00,18:59:10,stop_point:SP_3810,Lapparou,19
2290609,19:00:00,19:00:10,stop_point:SP_507,Roubiéchou,20
2290609,19:02:00,19:02:10,stop_point:SP_3354,Lapin,21
2290609,19:03:00,19:03:10,stop_point:SP_2207,Riché Lalande,22
2290609,19:04:00,19:04:10,stop_point:SP_2270,Collège Rosa Parks,23
2290609,19:06:00,19:06:10,stop_point:SP_1526,Le Grand Marché - Pont de La Vache,24
2290609,19:07:00,19:07:10,stop_point:SP_97,Pader,25
2290609,19:08:00,19:08:10,stop_point:SP_1175,La Vache,26
2290610,18:56:00,18:56:10,stop_point:SP_5247,Fenouillet Ctre Cial - Entrée Nord,1
2290610,18:57:00,18:57:10,stop_point:SP_5168,Fenouillet Ctre Cial - Entrée Sud,2
2290610,18:59:00,18:59:10,stop_point:SP_243,St-Alban Salvador Allende,3
2290610,19:00:00,19:00:10,stop_point:SP_3753,Gafelaze,4
2290610,19:01:00,19:01:10,stop_point:SP_1547,Ecole St-Alban,5
2290610,19:02:00,19:02:10,stop_point:SP_3276,Mairie St-Alban,6
2290610,19:03:00,19:03:10,stop_point:SP_1989,Sables,7
2290610,19:03:00,19:03:10,stop_point:SP_1190,Egalité,8
2290610,19:05:00,19:05:10,stop_point:SP_219,St-Alban Ctre Cial,9
2290610,19:06:00,19:06:10,stop_point:SP_1370,Peyronnette,10
2290610,19:07:00,19:07:10,stop_point:SP_3053,Mariel,11
2290610,19:08:00,19:08:10,stop_point:SP_3516,Raudelauzette,12
2290610,19:09:00,19:09:10,stop_point:SP_1879,Aucamville Collège,13
2290610,19:10:00,19:10:10,stop_point:SP_175,Favasse,14
2290610,19:11:00,19:11:10,stop_point:SP_1760,Mairie Aucamville,15
2290610,19:12:00,19:12:10,stop_point:SP_2311,Eglise Aucamville,16
2290610,19:13:00,19:13:10,stop_point:SP_802,Salvy,17
2290610,19:14:00,19:14:10,stop_point:SP_2114,Gaussen,18
2290610,19:15:00,19:15:10,stop_point:SP_3810,Lapparou,19
2290610,19:16:00,19:16:10,stop_point:SP_507,Roubiéchou,20
2290610,19:18:00,19:18:10,stop_point:SP_3354,Lapin,21
2290610,19:19:00,19:19:10,stop_point:SP_2207,Riché Lalande,22
2290610,19:20:00,19:20:10,stop_point:SP_2270,Collège Rosa Parks,23
2290610,19:22:00,19:22:10,stop_point:SP_1526,Le Grand Marché - Pont de La Vache,24
2290610,19:23:00,19:23:10,stop_point:SP_97,Pader,25
2290610,19:24:00,19:24:10,stop_point:SP_1175,La Vache,26
2290611,19:12:00,19:12:10,stop_point:SP_5247,Fenouillet Ctre Cial - Entrée Nord,1
2290611,19:13:00,19:13:10,stop_point:SP_5168,Fenouillet Ctre Cial - Entrée Sud,2
2290611,19:14:00,19:14:10,stop_point:SP_243,St-Alban Salvador Allende,3
2290611,19:15:00,19:15:10,stop_point:SP_3753,Gafelaze,4
2290611,19:16:00,19:16:10,stop_point:SP_1547,Ecole St-Alban,5
2290611,19:17:00,19:17:10,stop_point:SP_3276,Mairie St-Alban,6
2290611,19:18:00,19:18:10,stop_point:SP_1989,Sables,7
2290611,19:18:00,19:18:10,stop_point:SP_1190,Egalité,8
2290611,19:20:00,19:20:10,stop_point:SP_219,St-Alban Ctre Cial,9
2290611,19:21:00,19:21:10,stop_point:SP_1370,Peyronnette,10
2290611,19:22:00,19:22:10,stop_point:SP_3053,Mariel,11
2290611,19:23:00,19:23:10,stop_point:SP_3516,Raudelauzette,12
2290611,19:24:00,19:24:10,stop_point:SP_1879,Aucamville Collège,13
2290611,19:25:00,19:25:10,stop_point:SP_175,Favasse,14
2290611,19:26:00,19:26:10,stop_point:SP_1760,Mairie Aucamville,15
2290611,19:27:00,19:27:10,stop_point:SP_2311,Eglise Aucamville,16
2290611,19:28:00,19:28:10,stop_point:SP_802,Salvy,17
2290611,19:29:00,19:29:10,stop_point:SP_2114,Gaussen,18
2290611,19:30:00,19:30:10,stop_point:SP_3810,Lapparou,19
2290611,19:31:00,19:31:10,stop_point:SP_507,Roubiéchou,20
2290611,19:33:00,19:33:10,stop_point:SP_3354,Lapin,21
2290611,19:34:00,19:34:10,stop_point:SP_2207,Riché Lalande,22
2290611,19:35:00,19:35:10,stop_point:SP_2270,Collège Rosa Parks,23
2290611,19:36:00,19:36:10,stop_point:SP_1526,Le Grand Marché - Pont de La Vache,24
2290611,19:37:00,19:37:10,stop_point:SP_97,Pader,25
2290611,19:38:00,19:38:10,stop_point:SP_1175,La Vache,26
2290612,19:32:00,19:32:10,stop_point:SP_5247,Fenouillet Ctre Cial - Entrée Nord,1
2290612,19:33:00,19:33:10,stop_point:SP_5168,Fenouillet Ctre Cial - Entrée Sud,2
2290612,19:34:00,19:34:10,stop_point:SP_243,St-Alban Salvador Allende,3
2290612,19:35:00,19:35:10,stop_point:SP_3753,Gafelaze,4
2290612,19:36:00,19:36:10,stop_point:SP_1547,Ecole St-Alban,5
2290612,19:37:00,19:37:10,stop_point:SP_3276,Mairie St-Alban,6
2290612,19:38:00,19:38:10,stop_point:SP_1989,Sables,7
2290612,19:38:00,19:38:10,stop_point:SP_1190,Egalité,8
2290612,19:40:00,19:40:10,stop_point:SP_219,St-Alban Ctre Cial,9
2290612,19:41:00,19:41:10,stop_point:SP_1370,Peyronnette,10
2290612,19:42:00,19:42:10,stop_point:SP_3053,Mariel,11
2290612,19:43:00,19:43:10,stop_point:SP_3516,Raudelauzette,12
2290612,19:44:00,19:44:10,stop_point:SP_1879,Aucamville Collège,13
2290612,19:45:00,19:45:10,stop_point:SP_175,Favasse,14
2290612,19:46:00,19:46:10,stop_point:SP_1760,Mairie Aucamville,15
2290612,19:47:00,19:47:10,stop_point:SP_2311,Eglise Aucamville,16
2290612,19:48:00,19:48:10,stop_point:SP_802,Salvy,17
2290612,19:49:00,19:49:10,stop_point:SP_2114,Gaussen,18
2290612,19:50:00,19:50:10,stop_point:SP_3810,Lapparou,19
2290612,19:51:00,19:51:10,stop_point:SP_507,Roubiéchou,20
2290612,19:53:00,19:53:10,stop_point:SP_3354,Lapin,21
2290612,19:54:00,19:54:10,stop_point:SP_2207,Riché Lalande,22
2290612,19:55:00,19:55:10,stop_point:SP_2270,Collège Rosa Parks,23
2290612,19:56:00,19:56:10,stop_point:SP_1526,Le Grand Marché - Pont de La Vache,24
2290612,19:57:00,19:57:10,stop_point:SP_97,Pader,25
2290612,19:58:00,19:58:10,stop_point:SP_1175,La Vache,26
2290613,19:52:00,19:52:10,stop_point:SP_5247,Fenouillet Ctre Cial - Entrée Nord,1
2290613,19:53:00,19:53:10,stop_point:SP_5168,Fenouillet Ctre Cial - Entrée Sud,2
2290613,19:54:00,19:54:10,stop_point:SP_243,St-Alban Salvador Allende,3
2290613,19:55:00,19:55:10,stop_point:SP_3753,Gafelaze,4
2290613,19:56:00,19:56:10,stop_point:SP_1547,Ecole St-Alban,5
2290613,19:57:00,19:57:10,stop_point:SP_3276,Mairie St-Alban,6
2290613,19:58:00,19:58:10,stop_point:SP_1989,Sables,7
2290613,19:58:00,19:58:10,stop_point:SP_1190,Egalité,8
2290613,20:00:00,20:00:10,stop_point:SP_219,St-Alban Ctre Cial,9
2290613,20:01:00,20:01:10,stop_point:SP_1370,Peyronnette,10
2290613,20:02:00,20:02:10,stop_point:SP_3053,Mariel,11
2290613,20:03:00,20:03:10,stop_point:SP_3516,Raudelauzette,12
2290613,20:04:00,20:04:10,stop_point:SP_1879,Aucamville Collège,13
2290613,20:05:00,20:05:10,stop_point:SP_175,Favasse,14
2290613,20:06:00,20:06:10,stop_point:SP_1760,Mairie Aucamville,15
2290613,20:07:00,20:07:10,stop_point:SP_2311,Eglise Aucamville,16
2290613,20:08:00,20:08:10,stop_point:SP_802,Salvy,17
2290613,20:09:00,20:09:10,stop_point:SP_2114,Gaussen,18
2290613,20:10:00,20:10:10,stop_point:SP_3810,Lapparou,19
2290613,20:11:00,20:11:10,stop_point:SP_507,Roubiéchou,20
2290613,20:13:00,20:13:10,stop_point:SP_3354,Lapin,21
2290613,20:14:00,20:14:10,stop_point:SP_2207,Riché Lalande,22
2290613,20:15:00,20:15:10,stop_point:SP_2270,Collège Rosa Parks,23
2290613,20:16:00,20:16:10,stop_point:SP_1526,Le Grand Marché - Pont de La Vache,24
2290613,20:17:00,20:17:10,stop_point:SP_97,Pader,25
2290613,20:18:00,20:18:10,stop_point:SP_1175,La Vache,26
2290614,20:14:00,20:14:10,stop_point:SP_5247,Fenouillet Ctre Cial - Entrée Nord,1
2290614,20:15:00,20:15:10,stop_point:SP_5168,Fenouillet Ctre Cial - Entrée Sud,2
2290614,20:16:00,20:16:10,stop_point:SP_243,St-Alban Salvador Allende,3
2290614,20:17:00,20:17:10,stop_point:SP_3753,Gafelaze,4
2290614,20:18:00,20:18:10,stop_point:SP_1547,Ecole St-Alban,5
2290614,20:19:00,20:19:10,stop_point:SP_3276,Mairie St-Alban,6
2290614,20:20:00,20:20:10,stop_point:SP_1989,Sables,7
2290614,20:20:00,20:20:10,stop_point:SP_1190,Egalité,8
2290614,20:22:00,20:22:10,stop_point:SP_219,St-Alban Ctre Cial,9
2290614,20:23:00,20:23:10,stop_point:SP_1370,Peyronnette,10
2290614,20:24:00,20:24:10,stop_point:SP_3053,Mariel,11
2290614,20:25:00,20:25:10,stop_point:SP_3516,Raudelauzette,12
2290614,20:26:00,20:26:10,stop_point:SP_1879,Aucamville Collège,13
2290614,20:27:00,20:27:10,stop_point:SP_175,Favasse,14
2290614,20:28:00,20:28:10,stop_point:SP_1760,Mairie Aucamville,15
2290614,20:29:00,20:29:10,stop_point:SP_2311,Eglise Aucamville,16
2290614,20:30:00,20:30:10,stop_point:SP_802,Salvy,17
2290614,20:31:00,20:31:10,stop_point:SP_2114,Gaussen,18
2290614,20:32:00,20:32:10,stop_point:SP_3810,Lapparou,19
2290614,20:33:00,20:33:10,stop_point:SP_507,Roubiéchou,20
2290614,20:35:00,20:35:10,stop_point:SP_3354,Lapin,21
2290614,20:36:00,20:36:10,stop_point:SP_2207,Riché Lalande,22
2290614,20:37:00,20:37:10,stop_point:SP_2270,Collège Rosa Parks,23
2290614,20:38:00,20:38:10,stop_point:SP_1526,Le Grand Marché - Pont de La Vache,24
2290614,20:39:00,20:39:10,stop_point:SP_97,Pader,25
2290614,20:40:00,20:40:10,stop_point:SP_1175,La Vache,26
2290615,20:36:00,20:36:10,stop_point:SP_5247,Fenouillet Ctre Cial - Entrée Nord,1
2290615,20:37:00,20:37:10,stop_point:SP_5168,Fenouillet Ctre Cial - Entrée Sud,2
2290615,20:38:00,20:38:10,stop_point:SP_243,St-Alban Salvador Allende,3
2290615,20:39:00,20:39:10,stop_point:SP_3753,Gafelaze,4
2290615,20:40:00,20:40:10,stop_point:SP_1547,Ecole St-Alban,5
2290615,20:41:00,20:41:10,stop_point:SP_3276,Mairie St-Alban,6
2290615,20:42:00,20:42:10,stop_point:SP_1989,Sables,7
2290615,20:42:00,20:42:10,stop_point:SP_1190,Egalité,8
2290615,20:44:00,20:44:10,stop_point:SP_219,St-Alban Ctre Cial,9
2290615,20:45:00,20:45:10,stop_point:SP_1370,Peyronnette,10
2290615,20:45:00,20:45:10,stop_point:SP_3053,Mariel,11
2290615,20:46:00,20:46:10,stop_point:SP_3516,Raudelauzette,12
2290615,20:47:00,20:47:10,stop_point:SP_1879,Aucamville Collège,13
2290615,20:48:00,20:48:10,stop_point:SP_175,Favasse,14
2290615,20:49:00,20:49:10,stop_point:SP_1760,Mairie Aucamville,15
2290615,20:50:00,20:50:10,stop_point:SP_2311,Eglise Aucamville,16
2290615,20:51:00,20:51:10,stop_point:SP_802,Salvy,17
2290615,20:52:00,20:52:10,stop_point:SP_2114,Gaussen,18
2290615,20:53:00,20:53:10,stop_point:SP_3810,Lapparou,19
2290615,20:54:00,20:54:10,stop_point:SP_507,Roubiéchou,20
2290615,20:56:00,20:56:10,stop_point:SP_3354,Lapin,21
2290615,20:57:00,20:57:10,stop_point:SP_2207,Riché Lalande,22
2290615,20:58:00,20:58:10,stop_point:SP_2270,Collège Rosa Parks,23
2290615,20:59:00,20:59:10,stop_point:SP_1526,Le Grand Marché - Pont de La Vache,24
2290615,21:00:00,21:00:10,stop_point:SP_97,Pader,25
2290615,21:01:00,21:01:10,stop_point:SP_1175,La Vache,26
2290616,21:03:00,21:03:10,stop_point:SP_5247,Fenouillet Ctre Cial - Entrée Nord,1
2290616,21:04:00,21:04:10,stop_point:SP_5168,Fenouillet Ctre Cial - Entrée Sud,2
2290616,21:05:00,21:05:10,stop_point:SP_243,St-Alban Salvador Allende,3
2290616,21:06:00,21:06:10,stop_point:SP_3753,Gafelaze,4
2290616,21:07:00,21:07:10,stop_point:SP_1547,Ecole St-Alban,5
2290616,21:08:00,21:08:10,stop_point:SP_3276,Mairie St-Alban,6
2290616,21:09:00,21:09:10,stop_point:SP_1989,Sables,7
2290616,21:09:00,21:09:10,stop_point:SP_1190,Egalité,8
2290616,21:10:00,21:10:10,stop_point:SP_219,St-Alban Ctre Cial,9
2290616,21:11:00,21:11:10,stop_point:SP_1370,Peyronnette,10
2290616,21:11:00,21:11:10,stop_point:SP_3053,Mariel,11
2290616,21:12:00,21:12:10,stop_point:SP_3516,Raudelauzette,12
2290616,21:13:00,21:13:10,stop_point:SP_1879,Aucamville Collège,13
2290616,21:14:00,21:14:10,stop_point:SP_175,Favasse,14
2290616,21:15:00,21:15:10,stop_point:SP_1760,Mairie Aucamville,15
2290616,21:16:00,21:16:10,stop_point:SP_2311,Eglise Aucamville,16
2290616,21:17:00,21:17:10,stop_point:SP_802,Salvy,17
2290616,21:18:00,21:18:10,stop_point:SP_2114,Gaussen,18
2290616,21:19:00,21:19:10,stop_point:SP_3810,Lapparou,19
2290616,21:20:00,21:20:10,stop_point:SP_507,Roubiéchou,20
2290616,21:22:00,21:22:10,stop_point:SP_3354,Lapin,21
2290616,21:23:00,21:23:10,stop_point:SP_2207,Riché Lalande,22
2290616,21:24:00,21:24:10,stop_point:SP_2270,Collège Rosa Parks,23
2290616,21:25:00,21:25:10,stop_point:SP_1526,Le Grand Marché - Pont de La Vache,24
2290616,21:26:00,21:26:10,stop_point:SP_97,Pader,25
2290616,21:27:00,21:27:10,stop_point:SP_1175,La Vache,26
2290617,21:31:00,21:31:10,stop_point:SP_5247,Fenouillet Ctre Cial - Entrée Nord,1
2290617,21:32:00,21:32:10,stop_point:SP_5168,Fenouillet Ctre Cial - Entrée Sud,2
2290617,21:33:00,21:33:10,stop_point:SP_243,St-Alban Salvador Allende,3
2290617,21:34:00,21:34:10,stop_point:SP_3753,Gafelaze,4
2290617,21:35:00,21:35:10,stop_point:SP_1547,Ecole St-Alban,5
2290617,21:36:00,21:36:10,stop_point:SP_3276,Mairie St-Alban,6
2290617,21:37:00,21:37:10,stop_point:SP_1989,Sables,7
2290617,21:37:00,21:37:10,stop_point:SP_1190,Egalité,8
2290617,21:38:00,21:38:10,stop_point:SP_219,St-Alban Ctre Cial,9
2290617,21:39:00,21:39:10,stop_point:SP_1370,Peyronnette,10
2290617,21:39:00,21:39:10,stop_point:SP_3053,Mariel,11
2290617,21:40:00,21:40:10,stop_point:SP_3516,Raudelauzette,12
2290617,21:41:00,21:41:10,stop_point:SP_1879,Aucamville Collège,13
2290617,21:42:00,21:42:10,stop_point:SP_175,Favasse,14
2290617,21:43:00,21:43:10,stop_point:SP_1760,Mairie Aucamville,15
2290617,21:44:00,21:44:10,stop_point:SP_2311,Eglise Aucamville,16
2290617,21:45:00,21:45:10,stop_point:SP_802,Salvy,17
2290617,21:46:00,21:46:10,stop_point:SP_2114,Gaussen,18
2290617,21:47:00,21:47:10,stop_point:SP_3810,Lapparou,19
2290617,21:48:00,21:48:10,stop_point:SP_507,Roubiéchou,20
2290617,21:50:00,21:50:10,stop_point:SP_3354,Lapin,21
2290617,21:51:00,21:51:10,stop_point:SP_2207,Riché Lalande,22
2290617,21:52:00,21:52:10,stop_point:SP_2270,Collège Rosa Parks,23
2290617,21:53:00,21:53:10,stop_point:SP_1526,Le Grand Marché - Pont de La Vache,24
2290617,21:54:00,21:54:10,stop_point:SP_97,Pader,25
2290617,21:55:00,21:55:10,stop_point:SP_1175,La Vache,26
2290618,22:10:00,22:10:10,stop_point:SP_5247,Fenouillet Ctre Cial - Entrée Nord,1
2290618,22:11:00,22:11:10,stop_point:SP_5168,Fenouillet Ctre Cial - Entrée Sud,2
2290618,22:12:00,22:12:10,stop_point:SP_243,St-Alban Salvador Allende,3
2290618,22:13:00,22:13:10,stop_point:SP_3753,Gafelaze,4
2290618,22:14:00,22:14:10,stop_point:SP_1547,Ecole St-Alban,5
2290618,22:15:00,22:15:10,stop_point:SP_3276,Mairie St-Alban,6
2290618,22:16:00,22:16:10,stop_point:SP_1989,Sables,7
2290618,22:16:00,22:16:10,stop_point:SP_1190,Egalité,8
2290618,22:17:00,22:17:10,stop_point:SP_219,St-Alban Ctre Cial,9
2290618,22:18:00,22:18:10,stop_point:SP_1370,Peyronnette,10
2290618,22:18:00,22:18:10,stop_point:SP_3053,Mariel,11
2290618,22:19:00,22:19:10,stop_point:SP_3516,Raudelauzette,12
2290618,22:20:00,22:20:10,stop_point:SP_1879,Aucamville Collège,13
2290618,22:21:00,22:21:10,stop_point:SP_175,Favasse,14
2290618,22:22:00,22:22:10,stop_point:SP_1760,Mairie Aucamville,15
2290618,22:23:00,22:23:10,stop_point:SP_2311,Eglise Aucamville,16
2290618,22:24:00,22:24:10,stop_point:SP_802,Salvy,17
2290618,22:25:00,22:25:10,stop_point:SP_2114,Gaussen,18
2290618,22:26:00,22:26:10,stop_point:SP_3810,Lapparou,19
2290618,22:27:00,22:27:10,stop_point:SP_507,Roubiéchou,20
2290618,22:29:00,22:29:10,stop_point:SP_3354,Lapin,21
2290618,22:30:00,22:30:10,stop_point:SP_2207,Riché Lalande,22
2290618,22:31:00,22:31:10,stop_point:SP_2270,Collège Rosa Parks,23
2290618,22:32:00,22:32:10,stop_point:SP_1526,Le Grand Marché - Pont de La Vache,24
2290618,22:33:00,22:33:10,stop_point:SP_97,Pader,25
2290618,22:34:00,22:34:10,stop_point:SP_1175,La Vache,26
2290619,22:40:00,22:40:10,stop_point:SP_5247,Fenouillet Ctre Cial - Entrée Nord,1
2290619,22:41:00,22:41:10,stop_point:SP_5168,Fenouillet Ctre Cial - Entrée Sud,2
2290619,22:42:00,22:42:10,stop_point:SP_243,St-Alban Salvador Allende,3
2290619,22:43:00,22:43:10,stop_point:SP_3753,Gafelaze,4
2290619,22:44:00,22:44:10,stop_point:SP_1547,Ecole St-Alban,5
2290619,22:45:00,22:45:10,stop_point:SP_3276,Mairie St-Alban,6
2290619,22:46:00,22:46:10,stop_point:SP_1989,Sables,7
2290619,22:46:00,22:46:10,stop_point:SP_1190,Egalité,8
2290619,22:47:00,22:47:10,stop_point:SP_219,St-Alban Ctre Cial,9
2290619,22:48:00,22:48:10,stop_point:SP_1370,Peyronnette,10
2290619,22:48:00,22:48:10,stop_point:SP_3053,Mariel,11
2290619,22:49:00,22:49:10,stop_point:SP_3516,Raudelauzette,12
2290619,22:50:00,22:50:10,stop_point:SP_1879,Aucamville Collège,13
2290619,22:51:00,22:51:10,stop_point:SP_175,Favasse,14
2290619,22:52:00,22:52:10,stop_point:SP_1760,Mairie Aucamville,15
2290619,22:53:00,22:53:10,stop_point:SP_2311,Eglise Aucamville,16
2290619,22:54:00,22:54:10,stop_point:SP_802,Salvy,17
2290619,22:55:00,22:55:10,stop_point:SP_2114,Gaussen,18
2290619,22:56:00,22:56:10,stop_point:SP_3810,Lapparou,19
2290619,22:57:00,22:57:10,stop_point:SP_507,Roubiéchou,20
2290619,22:59:00,22:59:10,stop_point:SP_3354,Lapin,21
2290619,23:00:00,23:00:10,stop_point:SP_2207,Riché Lalande,22
2290619,23:01:00,23:01:10,stop_point:SP_2270,Collège Rosa Parks,23
2290619,23:02:00,23:02:10,stop_point:SP_1526,Le Grand Marché - Pont de La Vache,24
2290619,23:03:00,23:03:10,stop_point:SP_97,Pader,25
2290619,23:04:00,23:04:10,stop_point:SP_1175,La Vache,26
2290620,23:15:00,23:15:10,stop_point:SP_5247,Fenouillet Ctre Cial - Entrée Nord,1
2290620,23:16:00,23:16:10,stop_point:SP_5168,Fenouillet Ctre Cial - Entrée Sud,2
2290620,23:17:00,23:17:10,stop_point:SP_243,St-Alban Salvador Allende,3
2290620,23:18:00,23:18:10,stop_point:SP_3753,Gafelaze,4
2290620,23:19:00,23:19:10,stop_point:SP_1547,Ecole St-Alban,5
2290620,23:20:00,23:20:10,stop_point:SP_3276,Mairie St-Alban,6
2290620,23:21:00,23:21:10,stop_point:SP_1989,Sables,7
2290620,23:21:00,23:21:10,stop_point:SP_1190,Egalité,8
2290620,23:22:00,23:22:10,stop_point:SP_219,St-Alban Ctre Cial,9
2290620,23:23:00,23:23:10,stop_point:SP_1370,Peyronnette,10
2290620,23:23:00,23:23:10,stop_point:SP_3053,Mariel,11
2290620,23:24:00,23:24:10,stop_point:SP_3516,Raudelauzette,12
2290620,23:25:00,23:25:10,stop_point:SP_1879,Aucamville Collège,13
2290620,23:26:00,23:26:10,stop_point:SP_175,Favasse,14
2290620,23:27:00,23:27:10,stop_point:SP_1760,Mairie Aucamville,15
2290620,23:28:00,23:28:10,stop_point:SP_2311,Eglise Aucamville,16
2290620,23:29:00,23:29:10,stop_point:SP_802,Salvy,17
2290620,23:30:00,23:30:10,stop_point:SP_2114,Gaussen,18
2290620,23:31:00,23:31:10,stop_point:SP_3810,Lapparou,19
2290620,23:32:00,23:32:10,stop_point:SP_507,Roubiéchou,20
2290620,23:34:00,23:34:10,stop_point:SP_3354,Lapin,21
2290620,23:35:00,23:35:10,stop_point:SP_2207,Riché Lalande,22
2290620,23:36:00,23:36:10,stop_point:SP_2270,Collège Rosa Parks,23
2290620,23:37:00,23:37:10,stop_point:SP_1526,Le Grand Marché - Pont de La Vache,24
2290620,23:38:00,23:38:10,stop_point:SP_97,Pader,25
2290620,23:39:00,23:39:10,stop_point:SP_1175,La Vache,26
2290621,23:50:00,23:50:10,stop_point:SP_5247,Fenouillet Ctre Cial - Entrée Nord,1
2290621,23:51:00,23:51:10,stop_point:SP_5168,Fenouillet Ctre Cial - Entrée Sud,2
2290621,23:52:00,23:52:10,stop_point:SP_243,St-Alban Salvador Allende,3
2290621,23:53:00,23:53:10,stop_point:SP_3753,Gafelaze,4
2290621,23:54:00,23:54:10,stop_point:SP_1547,Ecole St-Alban,5
2290621,23:55:00,23:55:10,stop_point:SP_3276,Mairie St-Alban,6
2290621,23:56:00,23:56:10,stop_point:SP_1989,Sables,7
2290621,23:56:00,23:56:10,stop_point:SP_1190,Egalité,8
2290621,23:57:00,23:57:10,stop_point:SP_219,St-Alban Ctre Cial,9
2290621,23:58:00,23:58:10,stop_point:SP_1370,Peyronnette,10
2290621,23:58:00,23:58:10,stop_point:SP_3053,Mariel,11
2290621,23:59:00,23:59:10,stop_point:SP_3516,Raudelauzette,12
2290621,24:00:00,24:00:10,stop_point:SP_1879,Aucamville Collège,13
2290621,24:01:00,24:01:10,stop_point:SP_175,Favasse,14
2290621,24:02:00,24:02:10,stop_point:SP_1760,Mairie Aucamville,15
2290621,24:03:00,24:03:10,stop_point:SP_2311,Eglise Aucamville,16
2290621,24:04:00,24:04:10,stop_point:SP_802,Salvy,17
2290621,24:05:00,24:05:10,stop_point:SP_2114,Gaussen,18
2290621,24:06:00,24:06:10,stop_point:SP_3810,Lapparou,19
2290621,24:07:00,24:07:10,stop_point:SP_507,Roubiéchou,20
2290621,24:09:00,24:09:10,stop_point:SP_3354,Lapin,21
2290621,24:10:00,24:10:10,stop_point:SP_2207,Riché Lalande,22
2290621,24:11:00,24:11:10,stop_point:SP_2270,Collège Rosa Parks,23
2290621,24:12:00,24:12:10,stop_point:SP_1526,Le Grand Marché - Pont de La Vache,24
2290621,24:13:00,24:13:10,stop_point:SP_97,Pader,25
2290621,24:14:00,24:14:10,stop_point:SP_1175,La Vache,26
2290622,24:25:00,24:25:10,stop_point:SP_5247,Fenouillet Ctre Cial - Entrée Nord,1
2290622,24:26:00,24:26:10,stop_point:SP_5168,Fenouillet Ctre Cial - Entrée Sud,2
2290622,24:27:00,24:27:10,stop_point:SP_243,St-Alban Salvador Allende,3
2290622,24:28:00,24:28:10,stop_point:SP_3753,Gafelaze,4
2290622,24:29:00,24:29:10,stop_point:SP_1547,Ecole St-Alban,5
2290622,24:30:00,24:30:10,stop_point:SP_3276,Mairie St-Alban,6
2290622,24:31:00,24:31:10,stop_point:SP_1989,Sables,7
2290622,24:31:00,24:31:10,stop_point:SP_1190,Egalité,8
2290622,24:32:00,24:32:10,stop_point:SP_219,St-Alban Ctre Cial,9
2290622,24:33:00,24:33:10,stop_point:SP_1370,Peyronnette,10
2290622,24:33:00,24:33:10,stop_point:SP_3053,Mariel,11
2290622,24:34:00,24:34:10,stop_point:SP_3516,Raudelauzette,12
2290622,24:35:00,24:35:10,stop_point:SP_1879,Aucamville Collège,13
2290622,24:36:00,24:36:10,stop_point:SP_175,Favasse,14
2290622,24:37:00,24:37:10,stop_point:SP_1760,Mairie Aucamville,15
2290622,24:38:00,24:38:10,stop_point:SP_2311,Eglise Aucamville,16
2290622,24:38:00,24:38:10,stop_point:SP_802,Salvy,17
2290622,24:39:00,24:39:10,stop_point:SP_2114,Gaussen,18
2290622,24:40:00,24:40:10,stop_point:SP_3810,Lapparou,19
2290622,24:41:00,24:41:10,stop_point:SP_507,Roubiéchou,20
2290622,24:42:00,24:42:10,stop_point:SP_3354,Lapin,21
2290622,24:43:00,24:43:10,stop_point:SP_2207,Riché Lalande,22
2290622,24:44:00,24:44:10,stop_point:SP_2270,Collège Rosa Parks,23
2290622,24:45:00,24:45:10,stop_point:SP_1526,Le Grand Marché - Pont de La Vache,24
2290622,24:46:00,24:46:10,stop_point:SP_97,Pader,25
2290622,24:47:00,24:47:10,stop_point:SP_1175,La Vache,26
2290623,25:00:00,25:00:10,stop_point:SP_5247,Fenouillet Ctre Cial - Entrée Nord,1
2290623,25:01:00,25:01:10,stop_point:SP_5168,Fenouillet Ctre Cial - Entrée Sud,2
2290623,25:02:00,25:02:10,stop_point:SP_243,St-Alban Salvador Allende,3
2290623,25:03:00,25:03:10,stop_point:SP_3753,Gafelaze,4
2290623,25:04:00,25:04:10,stop_point:SP_1547,Ecole St-Alban,5
2290623,25:05:00,25:05:10,stop_point:SP_3276,Mairie St-Alban,6
2290623,25:06:00,25:06:10,stop_point:SP_1989,Sables,7
2290623,25:06:00,25:06:10,stop_point:SP_1190,Egalité,8
2290623,25:07:00,25:07:10,stop_point:SP_219,St-Alban Ctre Cial,9
2290623,25:08:00,25:08:10,stop_point:SP_1370,Peyronnette,10
2290623,25:08:00,25:08:10,stop_point:SP_3053,Mariel,11
2290623,25:09:00,25:09:10,stop_point:SP_3516,Raudelauzette,12
2290623,25:10:00,25:10:10,stop_point:SP_1879,Aucamville Collège,13
2290623,25:11:00,25:11:10,stop_point:SP_175,Favasse,14
2290623,25:12:00,25:12:10,stop_point:SP_1760,Mairie Aucamville,15
2290623,25:13:00,25:13:10,stop_point:SP_2311,Eglise Aucamville,16
2290623,25:13:00,25:13:10,stop_point:SP_802,Salvy,17
2290623,25:14:00,25:14:10,stop_point:SP_2114,Gaussen,18
2290623,25:15:00,25:15:10,stop_point:SP_3810,Lapparou,19
2290623,25:16:00,25:16:10,stop_point:SP_507,Roubiéchou,20
2290623,25:17:00,25:17:10,stop_point:SP_3354,Lapin,21
2290623,25:18:00,25:18:10,stop_point:SP_2207,Riché Lalande,22
2290623,25:19:00,25:19:10,stop_point:SP_2270,Collège Rosa Parks,23
2290623,25:20:00,25:20:10,stop_point:SP_1526,Le Grand Marché - Pont de La Vache,24
2290623,25:21:00,25:21:10,stop_point:SP_97,Pader,25
2290623,25:22:00,25:22:10,stop_point:SP_1175,La Vache,26
2290624,05:15:00,05:15:10,stop_point:SP_1175,La Vache,1
2290624,05:16:00,05:16:10,stop_point:SP_327,Pader,2
2290624,05:16:00,05:16:10,stop_point:SP_3826,Le Grand Marché - Pont de La Vache,3
2290624,05:17:00,05:17:10,stop_point:SP_3721,Collège Rosa Parks,4
2290624,05:18:00,05:18:10,stop_point:SP_753,Riché Lalande,5
2290624,05:19:00,05:19:10,stop_point:SP_1880,Lapin,6
2290624,05:20:00,05:20:10,stop_point:SP_1995,Roubiéchou,7
2290624,05:20:00,05:20:10,stop_point:SP_1993,Lapparou,8
2290624,05:21:00,05:21:10,stop_point:SP_2419,Gaussen,9
2290624,05:22:00,05:22:10,stop_point:SP_1499,Salvy,10
2290624,05:22:00,05:22:10,stop_point:SP_445,Eglise Aucamville,11
2290624,05:23:00,05:23:10,stop_point:SP_3252,Mairie Aucamville,12
2290624,05:24:00,05:24:10,stop_point:SP_1128,Favasse,13
2290624,05:25:00,05:25:10,stop_point:SP_619,Aucamville Collège,14
2290624,05:25:00,05:25:10,stop_point:SP_2651,Raudelauzette,15
2290624,05:26:00,05:26:10,stop_point:SP_455,Mariel,16
2290624,05:27:00,05:27:10,stop_point:SP_1577,Peyronnette,17
2290624,05:28:00,05:28:10,stop_point:SP_1718,St-Alban Ctre Cial,18
2290624,05:29:00,05:29:10,stop_point:SP_3784,Egalité,19
2290624,05:29:00,05:29:10,stop_point:SP_1557,Sables,20
2290624,05:30:00,05:30:10,stop_point:SP_641,Mairie St-Alban,21
2290624,05:31:00,05:31:10,stop_point:SP_2759,Ecole St-Alban,22
2290624,05:31:00,05:31:10,stop_point:SP_2178,Gafelaze,23
2290624,05:32:00,05:32:10,stop_point:SP_3651,St-Alban Salvador Allende,24
2290624,05:33:00,05:33:10,stop_point:SP_5169,Fenouillet Ctre Cial - Entrée Sud,25
2290624,05:34:00,05:34:10,stop_point:SP_5248,Fenouillet Ctre Cial - Entrée Nord,26
2290624,05:35:00,05:35:10,stop_point:SP_5247,Fenouillet Ctre Cial - Entrée Nord,27
2290625,05:50:00,05:50:10,stop_point:SP_1175,La Vache,1
2290625,05:51:00,05:51:10,stop_point:SP_327,Pader,2
2290625,05:52:00,05:52:10,stop_point:SP_3826,Le Grand Marché - Pont de La Vache,3
2290625,05:53:00,05:53:10,stop_point:SP_3721,Collège Rosa Parks,4
2290625,05:54:00,05:54:10,stop_point:SP_753,Riché Lalande,5
2290625,05:55:00,05:55:10,stop_point:SP_1880,Lapin,6
2290625,05:56:00,05:56:10,stop_point:SP_1995,Roubiéchou,7
2290625,05:57:00,05:57:10,stop_point:SP_1993,Lapparou,8
2290625,05:58:00,05:58:10,stop_point:SP_2419,Gaussen,9
2290625,05:59:00,05:59:10,stop_point:SP_1499,Salvy,10
2290625,05:59:00,05:59:10,stop_point:SP_445,Eglise Aucamville,11
2290625,06:00:00,06:00:10,stop_point:SP_3252,Mairie Aucamville,12
2290625,06:01:00,06:01:10,stop_point:SP_1128,Favasse,13
2290625,06:02:00,06:02:10,stop_point:SP_619,Aucamville Collège,14
2290625,06:02:00,06:02:10,stop_point:SP_2651,Raudelauzette,15
2290625,06:03:00,06:03:10,stop_point:SP_455,Mariel,16
2290625,06:04:00,06:04:10,stop_point:SP_1577,Peyronnette,17
2290625,06:05:00,06:05:10,stop_point:SP_1718,St-Alban Ctre Cial,18
2290625,06:06:00,06:06:10,stop_point:SP_3784,Egalité,19
2290625,06:06:00,06:06:10,stop_point:SP_1557,Sables,20
2290625,06:07:00,06:07:10,stop_point:SP_641,Mairie St-Alban,21
2290625,06:08:00,06:08:10,stop_point:SP_2759,Ecole St-Alban,22
2290625,06:09:00,06:09:10,stop_point:SP_2178,Gafelaze,23
2290625,06:10:00,06:10:10,stop_point:SP_3651,St-Alban Salvador Allende,24
2290625,06:11:00,06:11:10,stop_point:SP_5169,Fenouillet Ctre Cial - Entrée Sud,25
2290625,06:12:00,06:12:10,stop_point:SP_5248,Fenouillet Ctre Cial - Entrée Nord,26
2290625,06:13:00,06:13:10,stop_point:SP_5247,Fenouillet Ctre Cial - Entrée Nord,27
2290626,06:20:00,06:20:10,stop_point:SP_1175,La Vache,1
2290626,06:21:00,06:21:10,stop_point:SP_327,Pader,2
2290626,06:22:00,06:22:10,stop_point:SP_3826,Le Grand Marché - Pont de La Vache,3
2290626,06:23:00,06:23:10,stop_point:SP_3721,Collège Rosa Parks,4
2290626,06:24:00,06:24:10,stop_point:SP_753,Riché Lalande,5
2290626,06:25:00,06:25:10,stop_point:SP_1880,Lapin,6
2290626,06:26:00,06:26:10,stop_point:SP_1995,Roubiéchou,7
2290626,06:27:00,06:27:10,stop_point:SP_1993,Lapparou,8
2290626,06:28:00,06:28:10,stop_point:SP_2419,Gaussen,9
2290626,06:29:00,06:29:10,stop_point:SP_1499,Salvy,10
2290626,06:29:00,06:29:10,stop_point:SP_445,Eglise Aucamville,11
2290626,06:30:00,06:30:10,stop_point:SP_3252,Mairie Aucamville,12
2290626,06:31:00,06:31:10,stop_point:SP_1128,Favasse,13
2290626,06:32:00,06:32:10,stop_point:SP_619,Aucamville Collège,14
2290626,06:32:00,06:32:10,stop_point:SP_2651,Raudelauzette,15
2290626,06:33:00,06:33:10,stop_point:SP_455,Mariel,16
2290626,06:34:00,06:34:10,stop_point:SP_1577,Peyronnette,17
2290626,06:35:00,06:35:10,stop_point:SP_1718,St-Alban Ctre Cial,18
2290626,06:36:00,06:36:10,stop_point:SP_3784,Egalité,19
2290626,06:36:00,06:36:10,stop_point:SP_1557,Sables,20
2290626,06:37:00,06:37:10,stop_point:SP_641,Mairie St-Alban,21
2290626,06:38:00,06:38:10,stop_point:SP_2759,Ecole St-Alban,22
2290626,06:39:00,06:39:10,stop_point:SP_2178,Gafelaze,23
2290626,06:40:00,06:40:10,stop_point:SP_3651,St-Alban Salvador Allende,24
2290626,06:41:00,06:41:10,stop_point:SP_5169,Fenouillet Ctre Cial - Entrée Sud,25
2290626,06:42:00,06:42:10,stop_point:SP_5248,Fenouillet Ctre Cial - Entrée Nord,26
2290626,06:43:00,06:43:10,stop_point:SP_5247,Fenouillet Ctre Cial - Entrée Nord,27
2290627,06:37:00,06:37:10,stop_point:SP_1175,La Vache,1
2290627,06:38:00,06:38:10,stop_point:SP_327,Pader,2
2290627,06:39:00,06:39:10,stop_point:SP_3826,Le Grand Marché - Pont de La Vache,3
2290627,06:40:00,06:40:10,stop_point:SP_3721,Collège Rosa Parks,4
2290627,06:41:00,06:41:10,stop_point:SP_753,Riché Lalande,5
2290627,06:43:00,06:43:10,stop_point:SP_1880,Lapin,6
2290627,06:43:00,06:43:10,stop_point:SP_1995,Roubiéchou,7
2290627,06:44:00,06:44:10,stop_point:SP_1993,Lapparou,8
2290627,06:45:00,06:45:10,stop_point:SP_2419,Gaussen,9
2290627,06:47:00,06:47:10,stop_point:SP_1499,Salvy,10
2290627,06:47:00,06:47:10,stop_point:SP_445,Eglise Aucamville,11
2290627,06:48:00,06:48:10,stop_point:SP_3252,Mairie Aucamville,12
2290627,06:49:00,06:49:10,stop_point:SP_1128,Favasse,13
2290627,06:50:00,06:50:10,stop_point:SP_619,Aucamville Collège,14
2290627,06:50:00,06:50:10,stop_point:SP_2651,Raudelauzette,15
2290627,06:51:00,06:51:10,stop_point:SP_455,Mariel,16
2290627,06:52:00,06:52:10,stop_point:SP_1577,Peyronnette,17
2290627,06:53:00,06:53:10,stop_point:SP_1718,St-Alban Ctre Cial,18
2290627,06:54:00,06:54:10,stop_point:SP_3784,Egalité,19
2290627,06:54:00,06:54:10,stop_point:SP_1557,Sables,20
2290627,06:55:00,06:55:10,stop_point:SP_641,Mairie St-Alban,21
2290627,06:56:00,06:56:10,stop_point:SP_2759,Ecole St-Alban,22
2290627,06:57:00,06:57:10,stop_point:SP_2178,Gafelaze,23
2290627,06:58:00,06:58:10,stop_point:SP_3651,St-Alban Salvador Allende,24
2290627,06:59:00,06:59:10,stop_point:SP_5169,Fenouillet Ctre Cial - Entrée Sud,25
2290627,07:00:00,07:00:10,stop_point:SP_5248,Fenouillet Ctre Cial - Entrée Nord,26
2290627,07:01:00,07:01:10,stop_point:SP_5247,Fenouillet Ctre Cial - Entrée Nord,27
2290628,06:44:00,06:44:10,stop_point:SP_1175,La Vache,1
2290628,06:45:00,06:45:10,stop_point:SP_327,Pader,2
2290628,06:46:00,06:46:10,stop_point:SP_3826,Le Grand Marché - Pont de La Vache,3
2290628,06:47:00,06:47:10,stop_point:SP_3721,Collège Rosa Parks,4
2290628,06:48:00,06:48:10,stop_point:SP_753,Riché Lalande,5
2290628,06:50:00,06:50:10,stop_point:SP_1880,Lapin,6
2290628,06:50:00,06:50:10,stop_point:SP_1995,Roubiéchou,7
2290628,06:51:00,06:51:10,stop_point:SP_1993,Lapparou,8
2290628,06:52:00,06:52:10,stop_point:SP_2419,Gaussen,9
2290628,06:54:00,06:54:10,stop_point:SP_1499,Salvy,10
2290628,06:54:00,06:54:10,stop_point:SP_445,Eglise Aucamville,11
2290628,06:55:00,06:55:10,stop_point:SP_3252,Mairie Aucamville,12
2290628,06:56:00,06:56:10,stop_point:SP_1128,Favasse,13
2290628,06:57:00,06:57:10,stop_point:SP_619,Aucamville Collège,14
2290628,06:57:00,06:57:10,stop_point:SP_2651,Raudelauzette,15
2290628,06:58:00,06:58:10,stop_point:SP_455,Mariel,16
2290628,06:59:00,06:59:10,stop_point:SP_1577,Peyronnette,17
2290628,07:00:00,07:00:10,stop_point:SP_1718,St-Alban Ctre Cial,18
2290628,07:01:00,07:01:10,stop_point:SP_3784,Egalité,19
2290628,07:01:00,07:01:10,stop_point:SP_1557,Sables,20
2290628,07:02:00,07:02:10,stop_point:SP_641,Mairie St-Alban,21
2290628,07:03:00,07:03:10,stop_point:SP_2759,Ecole St-Alban,22
2290628,07:04:00,07:04:10,stop_point:SP_2178,Gafelaze,23
2290628,07:05:00,07:05:10,stop_point:SP_3651,St-Alban Salvador Allende,24
2290628,07:06:00,07:06:10,stop_point:SP_5169,Fenouillet Ctre Cial - Entrée Sud,25
2290628,07:07:00,07:07:10,stop_point:SP_5248,Fenouillet Ctre Cial - Entrée Nord,26
2290628,07:08:00,07:08:10,stop_point:SP_5247,Fenouillet Ctre Cial - Entrée Nord,27
2290629,06:51:00,06:51:10,stop_point:SP_1175,La Vache,1
2290629,06:52:00,06:52:10,stop_point:SP_327,Pader,2
2290629,06:53:00,06:53:10,stop_point:SP_3826,Le Grand Marché - Pont de La Vache,3
2290629,06:54:00,06:54:10,stop_point:SP_3721,Collège Rosa Parks,4
2290629,06:55:00,06:55:10,stop_point:SP_753,Riché Lalande,5
2290629,06:57:00,06:57:10,stop_point:SP_1880,Lapin,6
2290629,06:57:00,06:57:10,stop_point:SP_1995,Roubiéchou,7
2290629,06:58:00,06:58:10,stop_point:SP_1993,Lapparou,8
2290629,06:59:00,06:59:10,stop_point:SP_2419,Gaussen,9
2290629,07:01:00,07:01:10,stop_point:SP_1499,Salvy,10
2290629,07:01:00,07:01:10,stop_point:SP_445,Eglise Aucamville,11
2290629,07:02:00,07:02:10,stop_point:SP_3252,Mairie Aucamville,12
2290629,07:03:00,07:03:10,stop_point:SP_1128,Favasse,13
2290629,07:04:00,07:04:10,stop_point:SP_619,Aucamville Collège,14
2290629,07:05:00,07:05:10,stop_point:SP_2651,Raudelauzette,15
2290629,07:06:00,07:06:10,stop_point:SP_455,Mariel,16
2290629,07:07:00,07:07:10,stop_point:SP_1577,Peyronnette,17
2290629,07:08:00,07:08:10,stop_point:SP_1718,St-Alban Ctre Cial,18
2290629,07:09:00,07:09:10,stop_point:SP_3784,Egalité,19
2290629,07:09:00,07:09:10,stop_point:SP_1557,Sables,20
2290629,07:10:00,07:10:10,stop_point:SP_641,Mairie St-Alban,21
2290629,07:11:00,07:11:10,stop_point:SP_2759,Ecole St-Alban,22
2290629,07:12:00,07:12:10,stop_point:SP_2178,Gafelaze,23
2290629,07:13:00,07:13:10,stop_point:SP_3651,St-Alban Salvador Allende,24
2290629,07:14:00,07:14:10,stop_point:SP_5169,Fenouillet Ctre Cial - Entrée Sud,25
2290629,07:15:00,07:15:10,stop_point:SP_5248,Fenouillet Ctre Cial - Entrée Nord,26
2290629,07:16:00,07:16:10,stop_point:SP_5247,Fenouillet Ctre Cial - Entrée Nord,27
2290630,07:01:00,07:01:10,stop_point:SP_1175,La Vache,1
2290630,07:02:00,07:02:10,stop_point:SP_327,Pader,2
2290630,07:03:00,07:03:10,stop_point:SP_3826,Le Grand Marché - Pont de La Vache,3
2290630,07:04:00,07:04:10,stop_point:SP_3721,Collège Rosa Parks,4
2290630,07:05:00,07:05:10,stop_point:SP_753,Riché Lalande,5
2290630,07:07:00,07:07:10,stop_point:SP_1880,Lapin,6
2290630,07:07:00,07:07:10,stop_point:SP_1995,Roubiéchou,7
2290630,07:08:00,07:08:10,stop_point:SP_1993,Lapparou,8
2290630,07:09:00,07:09:10,stop_point:SP_2419,Gaussen,9
2290630,07:11:00,07:11:10,stop_point:SP_1499,Salvy,10
2290630,07:11:00,07:11:10,stop_point:SP_445,Eglise Aucamville,11
2290630,07:12:00,07:12:10,stop_point:SP_3252,Mairie Aucamville,12
2290630,07:13:00,07:13:10,stop_point:SP_1128,Favasse,13
2290630,07:14:00,07:14:10,stop_point:SP_619,Aucamville Collège,14
2290630,07:15:00,07:15:10,stop_point:SP_2651,Raudelauzette,15
2290630,07:16:00,07:16:10,stop_point:SP_455,Mariel,16
2290630,07:17:00,07:17:10,stop_point:SP_1577,Peyronnette,17
2290630,07:18:00,07:18:10,stop_point:SP_1718,St-Alban Ctre Cial,18
2290630,07:19:00,07:19:10,stop_point:SP_3784,Egalité,19
2290630,07:19:00,07:19:10,stop_point:SP_1557,Sables,20
2290630,07:20:00,07:20:10,stop_point:SP_641,Mairie St-Alban,21
2290630,07:21:00,07:21:10,stop_point:SP_2759,Ecole St-Alban,22
2290630,07:22:00,07:22:10,stop_point:SP_2178,Gafelaze,23
2290630,07:23:00,07:23:10,stop_point:SP_3651,St-Alban Salvador Allende,24
2290630,07:24:00,07:24:10,stop_point:SP_5169,Fenouillet Ctre Cial - Entrée Sud,25
2290630,07:25:00,07:25:10,stop_point:SP_5248,Fenouillet Ctre Cial - Entrée Nord,26
2290630,07:26:00,07:26:10,stop_point:SP_5247,Fenouillet Ctre Cial - Entrée Nord,27
2290631,07:09:00,07:09:10,stop_point:SP_1175,La Vache,1
2290631,07:10:00,07:10:10,stop_point:SP_327,Pader,2
2290631,07:11:00,07:11:10,stop_point:SP_3826,Le Grand Marché - Pont de La Vache,3
2290631,07:12:00,07:12:10,stop_point:SP_3721,Collège Rosa Parks,4
2290631,07:13:00,07:13:10,stop_point:SP_753,Riché Lalande,5
2290631,07:15:00,07:15:10,stop_point:SP_1880,Lapin,6
2290631,07:15:00,07:15:10,stop_point:SP_1995,Roubiéchou,7
2290631,07:16:00,07:16:10,stop_point:SP_1993,Lapparou,8
2290631,07:17:00,07:17:10,stop_point:SP_2419,Gaussen,9
2290631,07:19:00,07:19:10,stop_point:SP_1499,Salvy,10
2290631,07:19:00,07:19:10,stop_point:SP_445,Eglise Aucamville,11
2290631,07:20:00,07:20:10,stop_point:SP_3252,Mairie Aucamville,12
2290631,07:21:00,07:21:10,stop_point:SP_1128,Favasse,13
2290631,07:22:00,07:22:10,stop_point:SP_619,Aucamville Collège,14
2290631,07:23:00,07:23:10,stop_point:SP_2651,Raudelauzette,15
2290631,07:24:00,07:24:10,stop_point:SP_455,Mariel,16
2290631,07:25:00,07:25:10,stop_point:SP_1577,Peyronnette,17
2290631,07:26:00,07:26:10,stop_point:SP_1718,St-Alban Ctre Cial,18
2290631,07:27:00,07:27:10,stop_point:SP_3784,Egalité,19
2290631,07:27:00,07:27:10,stop_point:SP_1557,Sables,20
2290631,07:28:00,07:28:10,stop_point:SP_641,Mairie St-Alban,21
2290631,07:29:00,07:29:10,stop_point:SP_2759,Ecole St-Alban,22
2290631,07:30:00,07:30:10,stop_point:SP_2178,Gafelaze,23
2290631,07:31:00,07:31:10,stop_point:SP_3651,St-Alban Salvador Allende,24
2290631,07:32:00,07:32:10,stop_point:SP_5169,Fenouillet Ctre Cial - Entrée Sud,25
2290631,07:33:00,07:33:10,stop_point:SP_5248,Fenouillet Ctre Cial - Entrée Nord,26
2290631,07:34:00,07:34:10,stop_point:SP_5247,Fenouillet Ctre Cial - Entrée Nord,27
2290632,07:17:00,07:17:10,stop_point:SP_1175,La Vache,1
2290632,07:18:00,07:18:10,stop_point:SP_327,Pader,2
2290632,07:19:00,07:19:10,stop_point:SP_3826,Le Grand Marché - Pont de La Vache,3
2290632,07:20:00,07:20:10,stop_point:SP_3721,Collège Rosa Parks,4
2290632,07:21:00,07:21:10,stop_point:SP_753,Riché Lalande,5
2290632,07:23:00,07:23:10,stop_point:SP_1880,Lapin,6
2290632,07:23:00,07:23:10,stop_point:SP_1995,Roubiéchou,7
2290632,07:24:00,07:24:10,stop_point:SP_1993,Lapparou,8
2290632,07:25:00,07:25:10,stop_point:SP_2419,Gaussen,9
2290632,07:27:00,07:27:10,stop_point:SP_1499,Salvy,10
2290632,07:27:00,07:27:10,stop_point:SP_445,Eglise Aucamville,11
2290632,07:28:00,07:28:10,stop_point:SP_3252,Mairie Aucamville,12
2290632,07:29:00,07:29:10,stop_point:SP_1128,Favasse,13
2290632,07:30:00,07:30:10,stop_point:SP_619,Aucamville Collège,14
2290632,07:31:00,07:31:10,stop_point:SP_2651,Raudelauzette,15
2290632,07:32:00,07:32:10,stop_point:SP_455,Mariel,16
2290632,07:33:00,07:33:10,stop_point:SP_1577,Peyronnette,17
2290632,07:34:00,07:34:10,stop_point:SP_1718,St-Alban Ctre Cial,18
2290632,07:35:00,07:35:10,stop_point:SP_3784,Egalité,19
2290632,07:35:00,07:35:10,stop_point:SP_1557,Sables,20
2290632,07:36:00,07:36:10,stop_point:SP_641,Mairie St-Alban,21
2290632,07:37:00,07:37:10,stop_point:SP_2759,Ecole St-Alban,22
2290632,07:38:00,07:38:10,stop_point:SP_2178,Gafelaze,23
2290632,07:39:00,07:39:10,stop_point:SP_3651,St-Alban Salvador Allende,24
2290632,07:40:00,07:40:10,stop_point:SP_5169,Fenouillet Ctre Cial - Entrée Sud,25
2290632,07:41:00,07:41:10,stop_point:SP_5248,Fenouillet Ctre Cial - Entrée Nord,26
2290632,07:42:00,07:42:10,stop_point:SP_5247,Fenouillet Ctre Cial - Entrée Nord,27
2290633,07:25:00,07:25:10,stop_point:SP_1175,La Vache,1
2290633,07:26:00,07:26:10,stop_point:SP_327,Pader,2
2290633,07:27:00,07:27:10,stop_point:SP_3826,Le Grand Marché - Pont de La Vache,3
2290633,07:28:00,07:28:10,stop_point:SP_3721,Collège Rosa Parks,4
2290633,07:29:00,07:29:10,stop_point:SP_753,Riché Lalande,5
2290633,07:31:00,07:31:10,stop_point:SP_1880,Lapin,6
2290633,07:32:00,07:32:10,stop_point:SP_1995,Roubiéchou,7
2290633,07:33:00,07:33:10,stop_point:SP_1993,Lapparou,8
2290633,07:34:00,07:34:10,stop_point:SP_2419,Gaussen,9
2290633,07:35:00,07:35:10,stop_point:SP_1499,Salvy,10
2290633,07:36:00,07:36:10,stop_point:SP_445,Eglise Aucamville,11
2290633,07:37:00,07:37:10,stop_point:SP_3252,Mairie Aucamville,12
2290633,07:38:00,07:38:10,stop_point:SP_1128,Favasse,13
2290633,07:39:00,07:39:10,stop_point:SP_619,Aucamville Collège,14
2290633,07:40:00,07:40:10,stop_point:SP_2651,Raudelauzette,15
2290633,07:41:00,07:41:10,stop_point:SP_455,Mariel,16
2290633,07:42:00,07:42:10,stop_point:SP_1577,Peyronnette,17
2290633,07:43:00,07:43:10,stop_point:SP_1718,St-Alban Ctre Cial,18
2290633,07:44:00,07:44:10,stop_point:SP_3784,Egalité,19
2290633,07:44:00,07:44:10,stop_point:SP_1557,Sables,20
2290633,07:45:00,07:45:10,stop_point:SP_641,Mairie St-Alban,21
2290633,07:46:00,07:46:10,stop_point:SP_2759,Ecole St-Alban,22
2290633,07:47:00,07:47:10,stop_point:SP_2178,Gafelaze,23
2290633,07:48:00,07:48:10,stop_point:SP_3651,St-Alban Salvador Allende,24
2290633,07:49:00,07:49:10,stop_point:SP_5169,Fenouillet Ctre Cial - Entrée Sud,25
2290633,07:50:00,07:50:10,stop_point:SP_5248,Fenouillet Ctre Cial - Entrée Nord,26
2290633,07:51:00,07:51:10,stop_point:SP_5247,Fenouillet Ctre Cial - Entrée Nord,27
2290634,07:33:00,07:33:10,stop_point:SP_1175,La Vache,1
2290634,07:35:00,07:35:10,stop_point:SP_327,Pader,2
2290634,07:35:00,07:35:10,stop_point:SP_3826,Le Grand Marché - Pont de La Vache,3
2290634,07:37:00,07:37:10,stop_point:SP_3721,Collège Rosa Parks,4
2290634,07:38:00,07:38:10,stop_point:SP_753,Riché Lalande,5
2290634,07:40:00,07:40:10,stop_point:SP_1880,Lapin,6
2290634,07:41:00,07:41:10,stop_point:SP_1995,Roubiéchou,7
2290634,07:42:00,07:42:10,stop_point:SP_1993,Lapparou,8
2290634,07:43:00,07:43:10,stop_point:SP_2419,Gaussen,9
2290634,07:44:00,07:44:10,stop_point:SP_1499,Salvy,10
2290634,07:45:00,07:45:10,stop_point:SP_445,Eglise Aucamville,11
2290634,07:46:00,07:46:10,stop_point:SP_3252,Mairie Aucamville,12
2290634,07:47:00,07:47:10,stop_point:SP_1128,Favasse,13
2290634,07:48:00,07:48:10,stop_point:SP_619,Aucamville Collège,14
2290634,07:49:00,07:49:10,stop_point:SP_2651,Raudelauzette,15
2290634,07:50:00,07:50:10,stop_point:SP_455,Mariel,16
2290634,07:51:00,07:51:10,stop_point:SP_1577,Peyronnette,17
2290634,07:52:00,07:52:10,stop_point:SP_1718,St-Alban Ctre Cial,18
2290634,07:53:00,07:53:10,stop_point:SP_3784,Egalité,19
2290634,07:53:00,07:53:10,stop_point:SP_1557,Sables,20
2290634,07:54:00,07:54:10,stop_point:SP_641,Mairie St-Alban,21
2290634,07:55:00,07:55:10,stop_point:SP_2759,Ecole St-Alban,22
2290634,07:56:00,07:56:10,stop_point:SP_2178,Gafelaze,23
2290634,07:57:00,07:57:10,stop_point:SP_3651,St-Alban Salvador Allende,24
2290634,07:58:00,07:58:10,stop_point:SP_5169,Fenouillet Ctre Cial - Entrée Sud,25
2290634,07:59:00,07:59:10,stop_point:SP_5248,Fenouillet Ctre Cial - Entrée Nord,26
2290634,08:00:00,08:00:10,stop_point:SP_5247,Fenouillet Ctre Cial - Entrée Nord,27
2290635,07:41:00,07:41:10,stop_point:SP_1175,La Vache,1
2290635,07:43:00,07:43:10,stop_point:SP_327,Pader,2
2290635,07:43:00,07:43:10,stop_point:SP_3826,Le Grand Marché - Pont de La Vache,3
2290635,07:45:00,07:45:10,stop_point:SP_3721,Collège Rosa Parks,4
2290635,07:46:00,07:46:10,stop_point:SP_753,Riché Lalande,5
2290635,07:48:00,07:48:10,stop_point:SP_1880,Lapin,6
2290635,07:49:00,07:49:10,stop_point:SP_1995,Roubiéchou,7
2290635,07:50:00,07:50:10,stop_point:SP_1993,Lapparou,8
2290635,07:51:00,07:51:10,stop_point:SP_2419,Gaussen,9
2290635,07:52:00,07:52:10,stop_point:SP_1499,Salvy,10
2290635,07:53:00,07:53:10,stop_point:SP_445,Eglise Aucamville,11
2290635,07:54:00,07:54:10,stop_point:SP_3252,Mairie Aucamville,12
2290635,07:55:00,07:55:10,stop_point:SP_1128,Favasse,13
2290635,07:56:00,07:56:10,stop_point:SP_619,Aucamville Collège,14
2290635,07:57:00,07:57:10,stop_point:SP_2651,Raudelauzette,15
2290635,07:58:00,07:58:10,stop_point:SP_455,Mariel,16
2290635,07:59:00,07:59:10,stop_point:SP_1577,Peyronnette,17
2290635,08:00:00,08:00:10,stop_point:SP_1718,St-Alban Ctre Cial,18
2290635,08:01:00,08:01:10,stop_point:SP_3784,Egalité,19
2290635,08:01:00,08:01:10,stop_point:SP_1557,Sables,20
2290635,08:02:00,08:02:10,stop_point:SP_641,Mairie St-Alban,21
2290635,08:03:00,08:03:10,stop_point:SP_2759,Ecole St-Alban,22
2290635,08:04:00,08:04:10,stop_point:SP_2178,Gafelaze,23
2290635,08:05:00,08:05:10,stop_point:SP_3651,St-Alban Salvador Allende,24
2290635,08:06:00,08:06:10,stop_point:SP_5169,Fenouillet Ctre Cial - Entrée Sud,25
2290635,08:07:00,08:07:10,stop_point:SP_5248,Fenouillet Ctre Cial - Entrée Nord,26
2290635,08:08:00,08:08:10,stop_point:SP_5247,Fenouillet Ctre Cial - Entrée Nord,27
2290636,07:49:00,07:49:10,stop_point:SP_1175,La Vache,1
2290636,07:51:00,07:51:10,stop_point:SP_327,Pader,2
2290636,07:51:00,07:51:10,stop_point:SP_3826,Le Grand Marché - Pont de La Vache,3
2290636,07:53:00,07:53:10,stop_point:SP_3721,Collège Rosa Parks,4
2290636,07:54:00,07:54:10,stop_point:SP_753,Riché Lalande,5
2290636,07:56:00,07:56:10,stop_point:SP_1880,Lapin,6
2290636,07:57:00,07:57:10,stop_point:SP_1995,Roubiéchou,7
2290636,07:58:00,07:58:10,stop_point:SP_1993,Lapparou,8
2290636,07:59:00,07:59:10,stop_point:SP_2419,Gaussen,9
2290636,08:00:00,08:00:10,stop_point:SP_1499,Salvy,10
2290636,08:01:00,08:01:10,stop_point:SP_445,Eglise Aucamville,11
2290636,08:02:00,08:02:10,stop_point:SP_3252,Mairie Aucamville,12
2290636,08:03:00,08:03:10,stop_point:SP_1128,Favasse,13
2290636,08:04:00,08:04:10,stop_point:SP_619,Aucamville Collège,14
2290636,08:05:00,08:05:10,stop_point:SP_2651,Raudelauzette,15
2290636,08:06:00,08:06:10,stop_point:SP_455,Mariel,16
2290636,08:07:00,08:07:10,stop_point:SP_1577,Peyronnette,17
2290636,08:08:00,08:08:10,stop_point:SP_1718,St-Alban Ctre Cial,18
2290636,08:09:00,08:09:10,stop_point:SP_3784,Egalité,19
2290636,08:09:00,08:09:10,stop_point:SP_1557,Sables,20
2290636,08:10:00,08:10:10,stop_point:SP_641,Mairie St-Alban,21
2290636,08:11:00,08:11:10,stop_point:SP_2759,Ecole St-Alban,22
2290636,08:12:00,08:12:10,stop_point:SP_2178,Gafelaze,23
2290636,08:13:00,08:13:10,stop_point:SP_3651,St-Alban Salvador Allende,24
2290636,08:14:00,08:14:10,stop_point:SP_5169,Fenouillet Ctre Cial - Entrée Sud,25
2290636,08:15:00,08:15:10,stop_point:SP_5248,Fenouillet Ctre Cial - Entrée Nord,26
2290636,08:16:00,08:16:10,stop_point:SP_5247,Fenouillet Ctre Cial - Entrée Nord,27
2290637,07:57:00,07:57:10,stop_point:SP_1175,La Vache,1
2290637,07:59:00,07:59:10,stop_point:SP_327,Pader,2
2290637,07:59:00,07:59:10,stop_point:SP_3826,Le Grand Marché - Pont de La Vache,3
2290637,08:01:00,08:01:10,stop_point:SP_3721,Collège Rosa Parks,4
2290637,08:02:00,08:02:10,stop_point:SP_753,Riché Lalande,5
2290637,08:04:00,08:04:10,stop_point:SP_1880,Lapin,6
2290637,08:05:00,08:05:10,stop_point:SP_1995,Roubiéchou,7
2290637,08:06:00,08:06:10,stop_point:SP_1993,Lapparou,8
2290637,08:07:00,08:07:10,stop_point:SP_2419,Gaussen,9
2290637,08:08:00,08:08:10,stop_point:SP_1499,Salvy,10
2290637,08:09:00,08:09:10,stop_point:SP_445,Eglise Aucamville,11
2290637,08:10:00,08:10:10,stop_point:SP_3252,Mairie Aucamville,12
2290637,08:11:00,08:11:10,stop_point:SP_1128,Favasse,13
2290637,08:12:00,08:12:10,stop_point:SP_619,Aucamville Collège,14
2290637,08:13:00,08:13:10,stop_point:SP_2651,Raudelauzette,15
2290637,08:14:00,08:14:10,stop_point:SP_455,Mariel,16
2290637,08:15:00,08:15:10,stop_point:SP_1577,Peyronnette,17
2290637,08:16:00,08:16:10,stop_point:SP_1718,St-Alban Ctre Cial,18
2290637,08:17:00,08:17:10,stop_point:SP_3784,Egalité,19
2290637,08:17:00,08:17:10,stop_point:SP_1557,Sables,20
2290637,08:18:00,08:18:10,stop_point:SP_641,Mairie St-Alban,21
2290637,08:19:00,08:19:10,stop_point:SP_2759,Ecole St-Alban,22
2290637,08:20:00,08:20:10,stop_point:SP_2178,Gafelaze,23
2290637,08:21:00,08:21:10,stop_point:SP_3651,St-Alban Salvador Allende,24
2290637,08:22:00,08:22:10,stop_point:SP_5169,Fenouillet Ctre Cial - Entrée Sud,25
2290637,08:23:00,08:23:10,stop_point:SP_5248,Fenouillet Ctre Cial - Entrée Nord,26
2290637,08:24:00,08:24:10,stop_point:SP_5247,Fenouillet Ctre Cial - Entrée Nord,27
2290638,08:06:00,08:06:10,stop_point:SP_1175,La Vache,1
2290638,08:08:00,08:08:10,stop_point:SP_327,Pader,2
2290638,08:08:00,08:08:10,stop_point:SP_3826,Le Grand Marché - Pont de La Vache,3
2290638,08:10:00,08:10:10,stop_point:SP_3721,Collège Rosa Parks,4
2290638,08:11:00,08:11:10,stop_point:SP_753,Riché Lalande,5
2290638,08:13:00,08:13:10,stop_point:SP_1880,Lapin,6
2290638,08:14:00,08:14:10,stop_point:SP_1995,Roubiéchou,7
2290638,08:15:00,08:15:10,stop_point:SP_1993,Lapparou,8
2290638,08:16:00,08:16:10,stop_point:SP_2419,Gaussen,9
2290638,08:17:00,08:17:10,stop_point:SP_1499,Salvy,10
2290638,08:18:00,08:18:10,stop_point:SP_445,Eglise Aucamville,11
2290638,08:19:00,08:19:10,stop_point:SP_3252,Mairie Aucamville,12
2290638,08:20:00,08:20:10,stop_point:SP_1128,Favasse,13
2290638,08:21:00,08:21:10,stop_point:SP_619,Aucamville Collège,14
2290638,08:22:00,08:22:10,stop_point:SP_2651,Raudelauzette,15
2290638,08:23:00,08:23:10,stop_point:SP_455,Mariel,16
2290638,08:24:00,08:24:10,stop_point:SP_1577,Peyronnette,17
2290638,08:25:00,08:25:10,stop_point:SP_1718,St-Alban Ctre Cial,18
2290638,08:26:00,08:26:10,stop_point:SP_3784,Egalité,19
2290638,08:26:00,08:26:10,stop_point:SP_1557,Sables,20
2290638,08:27:00,08:27:10,stop_point:SP_641,Mairie St-Alban,21
2290638,08:28:00,08:28:10,stop_point:SP_2759,Ecole St-Alban,22
2290638,08:29:00,08:29:10,stop_point:SP_2178,Gafelaze,23
2290638,08:30:00,08:30:10,stop_point:SP_3651,St-Alban Salvador Allende,24
2290638,08:31:00,08:31:10,stop_point:SP_5169,Fenouillet Ctre Cial - Entrée Sud,25
2290638,08:32:00,08:32:10,stop_point:SP_5248,Fenouillet Ctre Cial - Entrée Nord,26
2290638,08:33:00,08:33:10,stop_point:SP_5247,Fenouillet Ctre Cial - Entrée Nord,27
2290639,08:15:00,08:15:10,stop_point:SP_1175,La Vache,1
2290639,08:17:00,08:17:10,stop_point:SP_327,Pader,2
2290639,08:17:00,08:17:10,stop_point:SP_3826,Le Grand Marché - Pont de La Vache,3
2290639,08:19:00,08:19:10,stop_point:SP_3721,Collège Rosa Parks,4
2290639,08:20:00,08:20:10,stop_point:SP_753,Riché Lalande,5
2290639,08:22:00,08:22:10,stop_point:SP_1880,Lapin,6
2290639,08:23:00,08:23:10,stop_point:SP_1995,Roubiéchou,7
2290639,08:24:00,08:24:10,stop_point:SP_1993,Lapparou,8
2290639,08:25:00,08:25:10,stop_point:SP_2419,Gaussen,9
2290639,08:26:00,08:26:10,stop_point:SP_1499,Salvy,10
2290639,08:27:00,08:27:10,stop_point:SP_445,Eglise Aucamville,11
2290639,08:28:00,08:28:10,stop_point:SP_3252,Mairie Aucamville,12
2290639,08:29:00,08:29:10,stop_point:SP_1128,Favasse,13
2290639,08:30:00,08:30:10,stop_point:SP_619,Aucamville Collège,14
2290639,08:31:00,08:31:10,stop_point:SP_2651,Raudelauzette,15
2290639,08:32:00,08:32:10,stop_point:SP_455,Mariel,16
2290639,08:33:00,08:33:10,stop_point:SP_1577,Peyronnette,17
2290639,08:34:00,08:34:10,stop_point:SP_1718,St-Alban Ctre Cial,18
2290639,08:35:00,08:35:10,stop_point:SP_3784,Egalité,19
2290639,08:35:00,08:35:10,stop_point:SP_1557,Sables,20
2290639,08:36:00,08:36:10,stop_point:SP_641,Mairie St-Alban,21
2290639,08:37:00,08:37:10,stop_point:SP_2759,Ecole St-Alban,22
2290639,08:38:00,08:38:10,stop_point:SP_2178,Gafelaze,23
2290639,08:39:00,08:39:10,stop_point:SP_3651,St-Alban Salvador Allende,24
2290639,08:40:00,08:40:10,stop_point:SP_5169,Fenouillet Ctre Cial - Entrée Sud,25
2290639,08:41:00,08:41:10,stop_point:SP_5248,Fenouillet Ctre Cial - Entrée Nord,26
2290639,08:42:00,08:42:10,stop_point:SP_5247,Fenouillet Ctre Cial - Entrée Nord,27
2290640,08:24:00,08:24:10,stop_point:SP_1175,La Vache,1
2290640,08:26:00,08:26:10,stop_point:SP_327,Pader,2
2290640,08:26:00,08:26:10,stop_point:SP_3826,Le Grand Marché - Pont de La Vache,3
2290640,08:28:00,08:28:10,stop_point:SP_3721,Collège Rosa Parks,4
2290640,08:29:00,08:29:10,stop_point:SP_753,Riché Lalande,5
2290640,08:31:00,08:31:10,stop_point:SP_1880,Lapin,6
2290640,08:32:00,08:32:10,stop_point:SP_1995,Roubiéchou,7
2290640,08:33:00,08:33:10,stop_point:SP_1993,Lapparou,8
2290640,08:34:00,08:34:10,stop_point:SP_2419,Gaussen,9
2290640,08:35:00,08:35:10,stop_point:SP_1499,Salvy,10
2290640,08:36:00,08:36:10,stop_point:SP_445,Eglise Aucamville,11
2290640,08:37:00,08:37:10,stop_point:SP_3252,Mairie Aucamville,12
2290640,08:38:00,08:38:10,stop_point:SP_1128,Favasse,13
2290640,08:39:00,08:39:10,stop_point:SP_619,Aucamville Collège,14
2290640,08:40:00,08:40:10,stop_point:SP_2651,Raudelauzette,15
2290640,08:41:00,08:41:10,stop_point:SP_455,Mariel,16
2290640,08:42:00,08:42:10,stop_point:SP_1577,Peyronnette,17
2290640,08:43:00,08:43:10,stop_point:SP_1718,St-Alban Ctre Cial,18
2290640,08:44:00,08:44:10,stop_point:SP_3784,Egalité,19
2290640,08:44:00,08:44:10,stop_point:SP_1557,Sables,20
2290640,08:45:00,08:45:10,stop_point:SP_641,Mairie St-Alban,21
2290640,08:47:00,08:47:10,stop_point:SP_2759,Ecole St-Alban,22
2290640,08:47:00,08:47:10,stop_point:SP_2178,Gafelaze,23
2290640,08:49:00,08:49:10,stop_point:SP_3651,St-Alban Salvador Allende,24
2290640,08:51:00,08:51:10,stop_point:SP_5169,Fenouillet Ctre Cial - Entrée Sud,25
2290640,08:52:00,08:52:10,stop_point:SP_5248,Fenouillet Ctre Cial - Entrée Nord,26
2290640,08:53:00,08:53:10,stop_point:SP_5247,Fenouillet Ctre Cial - Entrée Nord,27
2290641,08:33:00,08:33:10,stop_point:SP_1175,La Vache,1
2290641,08:35:00,08:35:10,stop_point:SP_327,Pader,2
2290641,08:35:00,08:35:10,stop_point:SP_3826,Le Grand Marché - Pont de La Vache,3
2290641,08:37:00,08:37:10,stop_point:SP_3721,Collège Rosa Parks,4
2290641,08:38:00,08:38:10,stop_point:SP_753,Riché Lalande,5
2290641,08:40:00,08:40:10,stop_point:SP_1880,Lapin,6
2290641,08:41:00,08:41:10,stop_point:SP_1995,Roubiéchou,7
2290641,08:42:00,08:42:10,stop_point:SP_1993,Lapparou,8
2290641,08:43:00,08:43:10,stop_point:SP_2419,Gaussen,9
2290641,08:44:00,08:44:10,stop_point:SP_1499,Salvy,10
2290641,08:45:00,08:45:10,stop_point:SP_445,Eglise Aucamville,11
2290641,08:46:00,08:46:10,stop_point:SP_3252,Mairie Aucamville,12
2290641,08:47:00,08:47:10,stop_point:SP_1128,Favasse,13
2290641,08:48:00,08:48:10,stop_point:SP_619,Aucamville Collège,14
2290641,08:49:00,08:49:10,stop_point:SP_2651,Raudelauzette,15
2290641,08:50:00,08:50:10,stop_point:SP_455,Mariel,16
2290641,08:51:00,08:51:10,stop_point:SP_1577,Peyronnette,17
2290641,08:52:00,08:52:10,stop_point:SP_1718,St-Alban Ctre Cial,18
2290641,08:53:00,08:53:10,stop_point:SP_3784,Egalité,19
2290641,08:53:00,08:53:10,stop_point:SP_1557,Sables,20
2290641,08:54:00,08:54:10,stop_point:SP_641,Mairie St-Alban,21
2290641,08:56:00,08:56:10,stop_point:SP_2759,Ecole St-Alban,22
2290641,08:56:00,08:56:10,stop_point:SP_2178,Gafelaze,23
2290641,08:58:00,08:58:10,stop_point:SP_3651,St-Alban Salvador Allende,24
2290641,09:00:00,09:00:10,stop_point:SP_5169,Fenouillet Ctre Cial - Entrée Sud,25
2290641,09:01:00,09:01:10,stop_point:SP_5248,Fenouillet Ctre Cial - Entrée Nord,26
2290641,09:02:00,09:02:10,stop_point:SP_5247,Fenouillet Ctre Cial - Entrée Nord,27
2290642,08:42:00,08:42:10,stop_point:SP_1175,La Vache,1
2290642,08:44:00,08:44:10,stop_point:SP_327,Pader,2
2290642,08:44:00,08:44:10,stop_point:SP_3826,Le Grand Marché - Pont de La Vache,3
2290642,08:46:00,08:46:10,stop_point:SP_3721,Collège Rosa Parks,4
2290642,08:47:00,08:47:10,stop_point:SP_753,Riché Lalande,5
2290642,08:49:00,08:49:10,stop_point:SP_1880,Lapin,6
2290642,08:50:00,08:50:10,stop_point:SP_1995,Roubiéchou,7
2290642,08:51:00,08:51:10,stop_point:SP_1993,Lapparou,8
2290642,08:52:00,08:52:10,stop_point:SP_2419,Gaussen,9
2290642,08:53:00,08:53:10,stop_point:SP_1499,Salvy,10
2290642,08:54:00,08:54:10,stop_point:SP_445,Eglise Aucamville,11
2290642,08:55:00,08:55:10,stop_point:SP_3252,Mairie Aucamville,12
2290642,08:56:00,08:56:10,stop_point:SP_1128,Favasse,13
2290642,08:57:00,08:57:10,stop_point:SP_619,Aucamville Collège,14
2290642,08:58:00,08:58:10,stop_point:SP_2651,Raudelauzette,15
2290642,08:59:00,08:59:10,stop_point:SP_455,Mariel,16
2290642,09:00:00,09:00:10,stop_point:SP_1577,Peyronnette,17
2290642,09:01:00,09:01:10,stop_point:SP_1718,St-Alban Ctre Cial,18
2290642,09:02:00,09:02:10,stop_point:SP_3784,Egalité,19
2290642,09:02:00,09:02:10,stop_point:SP_1557,Sables,20
2290642,09:03:00,09:03:10,stop_point:SP_641,Mairie St-Alban,21
2290642,09:05:00,09:05:10,stop_point:SP_2759,Ecole St-Alban,22
2290642,09:05:00,09:05:10,stop_point:SP_2178,Gafelaze,23
2290642,09:07:00,09:07:10,stop_point:SP_3651,St-Alban Salvador Allende,24
2290642,09:09:00,09:09:10,stop_point:SP_5169,Fenouillet Ctre Cial - Entrée Sud,25
2290642,09:10:00,09:10:10,stop_point:SP_5248,Fenouillet Ctre Cial - Entrée Nord,26
2290642,09:11:00,09:11:10,stop_point:SP_5247,Fenouillet Ctre Cial - Entrée Nord,27
2290643,08:51:00,08:51:10,stop_point:SP_1175,La Vache,1
2290643,08:53:00,08:53:10,stop_point:SP_327,Pader,2
2290643,08:53:00,08:53:10,stop_point:SP_3826,Le Grand Marché - Pont de La Vache,3
2290643,08:55:00,08:55:10,stop_point:SP_3721,Collège Rosa Parks,4
2290643,08:56:00,08:56:10,stop_point:SP_753,Riché Lalande,5
2290643,08:58:00,08:58:10,stop_point:SP_1880,Lapin,6
2290643,08:59:00,08:59:10,stop_point:SP_1995,Roubiéchou,7
2290643,09:00:00,09:00:10,stop_point:SP_1993,Lapparou,8
2290643,09:01:00,09:01:10,stop_point:SP_2419,Gaussen,9
2290643,09:02:00,09:02:10,stop_point:SP_1499,Salvy,10
2290643,09:03:00,09:03:10,stop_point:SP_445,Eglise Aucamville,11
2290643,09:04:00,09:04:10,stop_point:SP_3252,Mairie Aucamville,12
2290643,09:05:00,09:05:10,stop_point:SP_1128,Favasse,13
2290643,09:06:00,09:06:10,stop_point:SP_619,Aucamville Collège,14
2290643,09:07:00,09:07:10,stop_point:SP_2651,Raudelauzette,15
2290643,09:08:00,09:08:10,stop_point:SP_455,Mariel,16
2290643,09:09:00,09:09:10,stop_point:SP_1577,Peyronnette,17
2290643,09:10:00,09:10:10,stop_point:SP_1718,St-Alban Ctre Cial,18
2290643,09:11:00,09:11:10,stop_point:SP_3784,Egalité,19
2290643,09:11:00,09:11:10,stop_point:SP_1557,Sables,20
2290643,09:12:00,09:12:10,stop_point:SP_641,Mairie St-Alban,21
2290643,09:13:00,09:13:10,stop_point:SP_2759,Ecole St-Alban,22
2290643,09:14:00,09:14:10,stop_point:SP_2178,Gafelaze,23
2290643,09:15:00,09:15:10,stop_point:SP_3651,St-Alban Salvador Allende,24
2290643,09:17:00,09:17:10,stop_point:SP_5169,Fenouillet Ctre Cial - Entrée Sud,25
2290643,09:18:00,09:18:10,stop_point:SP_5248,Fenouillet Ctre Cial - Entrée Nord,26
2290643,09:19:00,09:19:10,stop_point:SP_5247,Fenouillet Ctre Cial - Entrée Nord,27
2290644,09:00:00,09:00:10,stop_point:SP_1175,La Vache,1
2290644,09:02:00,09:02:10,stop_point:SP_327,Pader,2
2290644,09:02:00,09:02:10,stop_point:SP_3826,Le Grand Marché - Pont de La Vache,3
2290644,09:04:00,09:04:10,stop_point:SP_3721,Collège Rosa Parks,4
2290644,09:05:00,09:05:10,stop_point:SP_753,Riché Lalande,5
2290644,09:07:00,09:07:10,stop_point:SP_1880,Lapin,6
2290644,09:08:00,09:08:10,stop_point:SP_1995,Roubiéchou,7
2290644,09:09:00,09:09:10,stop_point:SP_1993,Lapparou,8
2290644,09:10:00,09:10:10,stop_point:SP_2419,Gaussen,9
2290644,09:11:00,09:11:10,stop_point:SP_1499,Salvy,10
2290644,09:12:00,09:12:10,stop_point:SP_445,Eglise Aucamville,11
2290644,09:13:00,09:13:10,stop_point:SP_3252,Mairie Aucamville,12
2290644,09:14:00,09:14:10,stop_point:SP_1128,Favasse,13
2290644,09:15:00,09:15:10,stop_point:SP_619,Aucamville Collège,14
2290644,09:16:00,09:16:10,stop_point:SP_2651,Raudelauzette,15
2290644,09:17:00,09:17:10,stop_point:SP_455,Mariel,16
2290644,09:18:00,09:18:10,stop_point:SP_1577,Peyronnette,17
2290644,09:19:00,09:19:10,stop_point:SP_1718,St-Alban Ctre Cial,18
2290644,09:20:00,09:20:10,stop_point:SP_3784,Egalité,19
2290644,09:20:00,09:20:10,stop_point:SP_1557,Sables,20
2290644,09:21:00,09:21:10,stop_point:SP_641,Mairie St-Alban,21
2290644,09:22:00,09:22:10,stop_point:SP_2759,Ecole St-Alban,22
2290644,09:23:00,09:23:10,stop_point:SP_2178,Gafelaze,23
2290644,09:24:00,09:24:10,stop_point:SP_3651,St-Alban Salvador Allende,24
2290644,09:25:00,09:25:10,stop_point:SP_5169,Fenouillet Ctre Cial - Entrée Sud,25
2290644,09:26:00,09:26:10,stop_point:SP_5248,Fenouillet Ctre Cial - Entrée Nord,26
2290644,09:27:00,09:27:10,stop_point:SP_5247,Fenouillet Ctre Cial - Entrée Nord,27
2290645,09:09:00,09:09:10,stop_point:SP_1175,La Vache,1
2290645,09:11:00,09:11:10,stop_point:SP_327,Pader,2
2290645,09:11:00,09:11:10,stop_point:SP_3826,Le Grand Marché - Pont de La Vache,3
2290645,09:13:00,09:13:10,stop_point:SP_3721,Collège Rosa Parks,4
2290645,09:14:00,09:14:10,stop_point:SP_753,Riché Lalande,5
2290645,09:16:00,09:16:10,stop_point:SP_1880,Lapin,6
2290645,09:17:00,09:17:10,stop_point:SP_1995,Roubiéchou,7
2290645,09:18:00,09:18:10,stop_point:SP_1993,Lapparou,8
2290645,09:19:00,09:19:10,stop_point:SP_2419,Gaussen,9
2290645,09:20:00,09:20:10,stop_point:SP_1499,Salvy,10
2290645,09:21:00,09:21:10,stop_point:SP_445,Eglise Aucamville,11
2290645,09:22:00,09:22:10,stop_point:SP_3252,Mairie Aucamville,12
2290645,09:23:00,09:23:10,stop_point:SP_1128,Favasse,13
2290645,09:24:00,09:24:10,stop_point:SP_619,Aucamville Collège,14
2290645,09:25:00,09:25:10,stop_point:SP_2651,Raudelauzette,15
2290645,09:26:00,09:26:10,stop_point:SP_455,Mariel,16
2290645,09:27:00,09:27:10,stop_point:SP_1577,Peyronnette,17
2290645,09:28:00,09:28:10,stop_point:SP_1718,St-Alban Ctre Cial,18
2290645,09:29:00,09:29:10,stop_point:SP_3784,Egalité,19
2290645,09:29:00,09:29:10,stop_point:SP_1557,Sables,20
2290645,09:30:00,09:30:10,stop_point:SP_641,Mairie St-Alban,21
2290645,09:31:00,09:31:10,stop_point:SP_2759,Ecole St-Alban,22
2290645,09:32:00,09:32:10,stop_point:SP_2178,Gafelaze,23
2290645,09:33:00,09:33:10,stop_point:SP_3651,St-Alban Salvador Allende,24
2290645,09:34:00,09:34:10,stop_point:SP_5169,Fenouillet Ctre Cial - Entrée Sud,25
2290645,09:35:00,09:35:10,stop_point:SP_5248,Fenouillet Ctre Cial - Entrée Nord,26
2290645,09:36:00,09:36:10,stop_point:SP_5247,Fenouillet Ctre Cial - Entrée Nord,27
2290646,09:18:00,09:18:10,stop_point:SP_1175,La Vache,1
2290646,09:19:00,09:19:10,stop_point:SP_327,Pader,2
2290646,09:20:00,09:20:10,stop_point:SP_3826,Le Grand Marché - Pont de La Vache,3
2290646,09:21:00,09:21:10,stop_point:SP_3721,Collège Rosa Parks,4
2290646,09:22:00,09:22:10,stop_point:SP_753,Riché Lalande,5
2290646,09:24:00,09:24:10,stop_point:SP_1880,Lapin,6
2290646,09:25:00,09:25:10,stop_point:SP_1995,Roubiéchou,7
2290646,09:26:00,09:26:10,stop_point:SP_1993,Lapparou,8
2290646,09:27:00,09:27:10,stop_point:SP_2419,Gaussen,9
2290646,09:28:00,09:28:10,stop_point:SP_1499,Salvy,10
2290646,09:29:00,09:29:10,stop_point:SP_445,Eglise Aucamville,11
2290646,09:30:00,09:30:10,stop_point:SP_3252,Mairie Aucamville,12
2290646,09:31:00,09:31:10,stop_point:SP_1128,Favasse,13
2290646,09:32:00,09:32:10,stop_point:SP_619,Aucamville Collège,14
2290646,09:33:00,09:33:10,stop_point:SP_2651,Raudelauzette,15
2290646,09:34:00,09:34:10,stop_point:SP_455,Mariel,16
2290646,09:35:00,09:35:10,stop_point:SP_1577,Peyronnette,17
2290646,09:36:00,09:36:10,stop_point:SP_1718,St-Alban Ctre Cial,18
2290646,09:37:00,09:37:10,stop_point:SP_3784,Egalité,19
2290646,09:37:00,09:37:10,stop_point:SP_1557,Sables,20
2290646,09:38:00,09:38:10,stop_point:SP_641,Mairie St-Alban,21
2290646,09:39:00,09:39:10,stop_point:SP_2759,Ecole St-Alban,22
2290646,09:40:00,09:40:10,stop_point:SP_2178,Gafelaze,23
2290646,09:41:00,09:41:10,stop_point:SP_3651,St-Alban Salvador Allende,24
2290646,09:42:00,09:42:10,stop_point:SP_5169,Fenouillet Ctre Cial - Entrée Sud,25
2290646,09:43:00,09:43:10,stop_point:SP_5248,Fenouillet Ctre Cial - Entrée Nord,26
2290646,09:44:00,09:44:10,stop_point:SP_5247,Fenouillet Ctre Cial - Entrée Nord,27
2290647,09:28:00,09:28:10,stop_point:SP_1175,La Vache,1
2290647,09:29:00,09:29:10,stop_point:SP_327,Pader,2
2290647,09:30:00,09:30:10,stop_point:SP_3826,Le Grand Marché - Pont de La Vache,3
2290647,09:31:00,09:31:10,stop_point:SP_3721,Collège Rosa Parks,4
2290647,09:32:00,09:32:10,stop_point:SP_753,Riché Lalande,5
2290647,09:34:00,09:34:10,stop_point:SP_1880,Lapin,6
2290647,09:35:00,09:35:10,stop_point:SP_1995,Roubiéchou,7
2290647,09:36:00,09:36:10,stop_point:SP_1993,Lapparou,8
2290647,09:37:00,09:37:10,stop_point:SP_2419,Gaussen,9
2290647,09:38:00,09:38:10,stop_point:SP_1499,Salvy,10
2290647,09:39:00,09:39:10,stop_point:SP_445,Eglise Aucamville,11
2290647,09:40:00,09:40:10,stop_point:SP_3252,Mairie Aucamville,12
2290647,09:41:00,09:41:10,stop_point:SP_1128,Favasse,13
2290647,09:42:00,09:42:10,stop_point:SP_619,Aucamville Collège,14
2290647,09:43:00,09:43:10,stop_point:SP_2651,Raudelauzette,15
2290647,09:44:00,09:44:10,stop_point:SP_455,Mariel,16
2290647,09:45:00,09:45:10,stop_point:SP_1577,Peyronnette,17
2290647,09:46:00,09:46:10,stop_point:SP_1718,St-Alban Ctre Cial,18
2290647,09:47:00,09:47:10,stop_point:SP_3784,Egalité,19
2290647,09:47:00,09:47:10,stop_point:SP_1557,Sables,20
2290647,09:48:00,09:48:10,stop_point:SP_641,Mairie St-Alban,21
2290647,09:49:00,09:49:10,stop_point:SP_2759,Ecole St-Alban,22
2290647,09:50:00,09:50:10,stop_point:SP_2178,Gafelaze,23
2290647,09:51:00,09:51:10,stop_point:SP_3651,St-Alban Salvador Allende,24
2290647,09:52:00,09:52:10,stop_point:SP_5169,Fenouillet Ctre Cial - Entrée Sud,25
2290647,09:53:00,09:53:10,stop_point:SP_5248,Fenouillet Ctre Cial - Entrée Nord,26
2290647,09:54:00,09:54:10,stop_point:SP_5247,Fenouillet Ctre Cial - Entrée Nord,27
2290648,09:38:00,09:38:10,stop_point:SP_1175,La Vache,1
2290648,09:39:00,09:39:10,stop_point:SP_327,Pader,2
2290648,09:40:00,09:40:10,stop_point:SP_3826,Le Grand Marché - Pont de La Vache,3
2290648,09:41:00,09:41:10,stop_point:SP_3721,Collège Rosa Parks,4
2290648,09:42:00,09:42:10,stop_point:SP_753,Riché Lalande,5
2290648,09:44:00,09:44:10,stop_point:SP_1880,Lapin,6
2290648,09:45:00,09:45:10,stop_point:SP_1995,Roubiéchou,7
2290648,09:46:00,09:46:10,stop_point:SP_1993,Lapparou,8
2290648,09:47:00,09:47:10,stop_point:SP_2419,Gaussen,9
2290648,09:48:00,09:48:10,stop_point:SP_1499,Salvy,10
2290648,09:49:00,09:49:10,stop_point:SP_445,Eglise Aucamville,11
2290648,09:50:00,09:50:10,stop_point:SP_3252,Mairie Aucamville,12
2290648,09:51:00,09:51:10,stop_point:SP_1128,Favasse,13
2290648,09:52:00,09:52:10,stop_point:SP_619,Aucamville Collège,14
2290648,09:53:00,09:53:10,stop_point:SP_2651,Raudelauzette,15
2290648,09:54:00,09:54:10,stop_point:SP_455,Mariel,16
2290648,09:55:00,09:55:10,stop_point:SP_1577,Peyronnette,17
2290648,09:56:00,09:56:10,stop_point:SP_1718,St-Alban Ctre Cial,18
2290648,09:57:00,09:57:10,stop_point:SP_3784,Egalité,19
2290648,09:57:00,09:57:10,stop_point:SP_1557,Sables,20
2290648,09:58:00,09:58:10,stop_point:SP_641,Mairie St-Alban,21
2290648,09:59:00,09:59:10,stop_point:SP_2759,Ecole St-Alban,22
2290648,10:00:00,10:00:10,stop_point:SP_2178,Gafelaze,23
2290648,10:01:00,10:01:10,stop_point:SP_3651,St-Alban Salvador Allende,24
2290648,10:02:00,10:02:10,stop_point:SP_5169,Fenouillet Ctre Cial - Entrée Sud,25
2290648,10:03:00,10:03:10,stop_point:SP_5248,Fenouillet Ctre Cial - Entrée Nord,26
2290648,10:04:00,10:04:10,stop_point:SP_5247,Fenouillet Ctre Cial - Entrée Nord,27
2290649,09:48:00,09:48:10,stop_point:SP_1175,La Vache,1
2290649,09:49:00,09:49:10,stop_point:SP_327,Pader,2
2290649,09:50:00,09:50:10,stop_point:SP_3826,Le Grand Marché - Pont de La Vache,3
2290649,09:51:00,09:51:10,stop_point:SP_3721,Collège Rosa Parks,4
2290649,09:52:00,09:52:10,stop_point:SP_753,Riché Lalande,5
2290649,09:54:00,09:54:10,stop_point:SP_1880,Lapin,6
2290649,09:55:00,09:55:10,stop_point:SP_1995,Roubiéchou,7
2290649,09:56:00,09:56:10,stop_point:SP_1993,Lapparou,8
2290649,09:57:00,09:57:10,stop_point:SP_2419,Gaussen,9
2290649,09:58:00,09:58:10,stop_point:SP_1499,Salvy,10
2290649,09:59:00,09:59:10,stop_point:SP_445,Eglise Aucamville,11
2290649,10:00:00,10:00:10,stop_point:SP_3252,Mairie Aucamville,12
2290649,10:01:00,10:01:10,stop_point:SP_1128,Favasse,13
2290649,10:02:00,10:02:10,stop_point:SP_619,Aucamville Collège,14
2290649,10:03:00,10:03:10,stop_point:SP_2651,Raudelauzette,15
2290649,10:04:00,10:04:10,stop_point:SP_455,Mariel,16
2290649,10:05:00,10:05:10,stop_point:SP_1577,Peyronnette,17
2290649,10:06:00,10:06:10,stop_point:SP_1718,St-Alban Ctre Cial,18
2290649,10:07:00,10:07:10,stop_point:SP_3784,Egalité,19
2290649,10:07:00,10:07:10,stop_point:SP_1557,Sables,20
2290649,10:08:00,10:08:10,stop_point:SP_641,Mairie St-Alban,21
2290649,10:09:00,10:09:10,stop_point:SP_2759,Ecole St-Alban,22
2290649,10:10:00,10:10:10,stop_point:SP_2178,Gafelaze,23
2290649,10:11:00,10:11:10,stop_point:SP_3651,St-Alban Salvador Allende,24
2290649,10:12:00,10:12:10,stop_point:SP_5169,Fenouillet Ctre Cial - Entrée Sud,25
2290649,10:13:00,10:13:10,stop_point:SP_5248,Fenouillet Ctre Cial - Entrée Nord,26
2290649,10:14:00,10:14:10,stop_point:SP_5247,Fenouillet Ctre Cial - Entrée Nord,27
2290650,09:58:00,09:58:10,stop_point:SP_1175,La Vache,1
2290650,09:59:00,09:59:10,stop_point:SP_327,Pader,2
2290650,10:00:00,10:00:10,stop_point:SP_3826,Le Grand Marché - Pont de La Vache,3
2290650,10:01:00,10:01:10,stop_point:SP_3721,Collège Rosa Parks,4
2290650,10:02:00,10:02:10,stop_point:SP_753,Riché Lalande,5
2290650,10:04:00,10:04:10,stop_point:SP_1880,Lapin,6
2290650,10:05:00,10:05:10,stop_point:SP_1995,Roubiéchou,7
2290650,10:06:00,10:06:10,stop_point:SP_1993,Lapparou,8
2290650,10:07:00,10:07:10,stop_point:SP_2419,Gaussen,9
2290650,10:08:00,10:08:10,stop_point:SP_1499,Salvy,10
2290650,10:09:00,10:09:10,stop_point:SP_445,Eglise Aucamville,11
2290650,10:10:00,10:10:10,stop_point:SP_3252,Mairie Aucamville,12
2290650,10:11:00,10:11:10,stop_point:SP_1128,Favasse,13
2290650,10:12:00,10:12:10,stop_point:SP_619,Aucamville Collège,14
2290650,10:13:00,10:13:10,stop_point:SP_2651,Raudelauzette,15
2290650,10:14:00,10:14:10,stop_point:SP_455,Mariel,16
2290650,10:15:00,10:15:10,stop_point:SP_1577,Peyronnette,17
2290650,10:16:00,10:16:10,stop_point:SP_1718,St-Alban Ctre Cial,18
2290650,10:17:00,10:17:10,stop_point:SP_3784,Egalité,19
2290650,10:17:00,10:17:10,stop_point:SP_1557,Sables,20
2290650,10:18:00,10:18:10,stop_point:SP_641,Mairie St-Alban,21
2290650,10:19:00,10:19:10,stop_point:SP_2759,Ecole St-Alban,22
2290650,10:20:00,10:20:10,stop_point:SP_2178,Gafelaze,23
2290650,10:21:00,10:21:10,stop_point:SP_3651,St-Alban Salvador Allende,24
2290650,10:22:00,10:22:10,stop_point:SP_5169,Fenouillet Ctre Cial - Entrée Sud,25
2290650,10:23:00,10:23:10,stop_point:SP_5248,Fenouillet Ctre Cial - Entrée Nord,26
2290650,10:24:00,10:24:10,stop_point:SP_5247,Fenouillet Ctre Cial - Entrée Nord,27
2290651,10:08:00,10:08:10,stop_point:SP_1175,La Vache,1
2290651,10:09:00,10:09:10,stop_point:SP_327,Pader,2
2290651,10:10:00,10:10:10,stop_point:SP_3826,Le Grand Marché - Pont de La Vache,3
2290651,10:11:00,10:11:10,stop_point:SP_3721,Collège Rosa Parks,4
2290651,10:12:00,10:12:10,stop_point:SP_753,Riché Lalande,5
2290651,10:14:00,10:14:10,stop_point:SP_1880,Lapin,6
2290651,10:15:00,10:15:10,stop_point:SP_1995,Roubiéchou,7
2290651,10:16:00,10:16:10,stop_point:SP_1993,Lapparou,8
2290651,10:17:00,10:17:10,stop_point:SP_2419,Gaussen,9
2290651,10:18:00,10:18:10,stop_point:SP_1499,Salvy,10
2290651,10:19:00,10:19:10,stop_point:SP_445,Eglise Aucamville,11
2290651,10:20:00,10:20:10,stop_point:SP_3252,Mairie Aucamville,12
2290651,10:21:00,10:21:10,stop_point:SP_1128,Favasse,13
2290651,10:22:00,10:22:10,stop_point:SP_619,Aucamville Collège,14
2290651,10:23:00,10:23:10,stop_point:SP_2651,Raudelauzette,15
2290651,10:24:00,10:24:10,stop_point:SP_455,Mariel,16
2290651,10:25:00,10:25:10,stop_point:SP_1577,Peyronnette,17
2290651,10:26:00,10:26:10,stop_point:SP_1718,St-Alban Ctre Cial,18
2290651,10:27:00,10:27:10,stop_point:SP_3784,Egalité,19
2290651,10:27:00,10:27:10,stop_point:SP_1557,Sables,20
2290651,10:28:00,10:28:10,stop_point:SP_641,Mairie St-Alban,21
2290651,10:29:00,10:29:10,stop_point:SP_2759,Ecole St-Alban,22
2290651,10:30:00,10:30:10,stop_point:SP_2178,Gafelaze,23
2290651,10:31:00,10:31:10,stop_point:SP_3651,St-Alban Salvador Allende,24
2290651,10:32:00,10:32:10,stop_point:SP_5169,Fenouillet Ctre Cial - Entrée Sud,25
2290651,10:33:00,10:33:10,stop_point:SP_5248,Fenouillet Ctre Cial - Entrée Nord,26
2290651,10:34:00,10:34:10,stop_point:SP_5247,Fenouillet Ctre Cial - Entrée Nord,27
2290652,10:18:00,10:18:10,stop_point:SP_1175,La Vache,1
2290652,10:19:00,10:19:10,stop_point:SP_327,Pader,2
2290652,10:20:00,10:20:10,stop_point:SP_3826,Le Grand Marché - Pont de La Vache,3
2290652,10:21:00,10:21:10,stop_point:SP_3721,Collège Rosa Parks,4
2290652,10:22:00,10:22:10,stop_point:SP_753,Riché Lalande,5
2290652,10:24:00,10:24:10,stop_point:SP_1880,Lapin,6
2290652,10:25:00,10:25:10,stop_point:SP_1995,Roubiéchou,7
2290652,10:26:00,10:26:10,stop_point:SP_1993,Lapparou,8
2290652,10:27:00,10:27:10,stop_point:SP_2419,Gaussen,9
2290652,10:28:00,10:28:10,stop_point:SP_1499,Salvy,10
2290652,10:29:00,10:29:10,stop_point:SP_445,Eglise Aucamville,11
2290652,10:30:00,10:30:10,stop_point:SP_3252,Mairie Aucamville,12
2290652,10:31:00,10:31:10,stop_point:SP_1128,Favasse,13
2290652,10:32:00,10:32:10,stop_point:SP_619,Aucamville Collège,14
2290652,10:33:00,10:33:10,stop_point:SP_2651,Raudelauzette,15
2290652,10:34:00,10:34:10,stop_point:SP_455,Mariel,16
2290652,10:35:00,10:35:10,stop_point:SP_1577,Peyronnette,17
2290652,10:36:00,10:36:10,stop_point:SP_1718,St-Alban Ctre Cial,18
2290652,10:37:00,10:37:10,stop_point:SP_3784,Egalité,19
2290652,10:37:00,10:37:10,stop_point:SP_1557,Sables,20
2290652,10:38:00,10:38:10,stop_point:SP_641,Mairie St-Alban,21
2290652,10:39:00,10:39:10,stop_point:SP_2759,Ecole St-Alban,22
2290652,10:40:00,10:40:10,stop_point:SP_2178,Gafelaze,23
2290652,10:41:00,10:41:10,stop_point:SP_3651,St-Alban Salvador Allende,24
2290652,10:42:00,10:42:10,stop_point:SP_5169,Fenouillet Ctre Cial - Entrée Sud,25
2290652,10:43:00,10:43:10,stop_point:SP_5248,Fenouillet Ctre Cial - Entrée Nord,26
2290652,10:44:00,10:44:10,stop_point:SP_5247,Fenouillet Ctre Cial - Entrée Nord,27
2290653,10:28:00,10:28:10,stop_point:SP_1175,La Vache,1
2290653,10:29:00,10:29:10,stop_point:SP_327,Pader,2
2290653,10:30:00,10:30:10,stop_point:SP_3826,Le Grand Marché - Pont de La Vache,3
2290653,10:31:00,10:31:10,stop_point:SP_3721,Collège Rosa Parks,4
2290653,10:32:00,10:32:10,stop_point:SP_753,Riché Lalande,5
2290653,10:34:00,10:34:10,stop_point:SP_1880,Lapin,6
2290653,10:35:00,10:35:10,stop_point:SP_1995,Roubiéchou,7
2290653,10:36:00,10:36:10,stop_point:SP_1993,Lapparou,8
2290653,10:37:00,10:37:10,stop_point:SP_2419,Gaussen,9
2290653,10:38:00,10:38:10,stop_point:SP_1499,Salvy,10
2290653,10:39:00,10:39:10,stop_point:SP_445,Eglise Aucamville,11
2290653,10:40:00,10:40:10,stop_point:SP_3252,Mairie Aucamville,12
2290653,10:41:00,10:41:10,stop_point:SP_1128,Favasse,13
2290653,10:42:00,10:42:10,stop_point:SP_619,Aucamville Collège,14
2290653,10:43:00,10:43:10,stop_point:SP_2651,Raudelauzette,15
2290653,10:44:00,10:44:10,stop_point:SP_455,Mariel,16
2290653,10:45:00,10:45:10,stop_point:SP_1577,Peyronnette,17
2290653,10:46:00,10:46:10,stop_point:SP_1718,St-Alban Ctre Cial,18
2290653,10:47:00,10:47:10,stop_point:SP_3784,Egalité,19
2290653,10:47:00,10:47:10,stop_point:SP_1557,Sables,20
2290653,10:48:00,10:48:10,stop_point:SP_641,Mairie St-Alban,21
2290653,10:49:00,10:49:10,stop_point:SP_2759,Ecole St-Alban,22
2290653,10:50:00,10:50:10,stop_point:SP_2178,Gafelaze,23
2290653,10:51:00,10:51:10,stop_point:SP_3651,St-Alban Salvador Allende,24
2290653,10:52:00,10:52:10,stop_point:SP_5169,Fenouillet Ctre Cial - Entrée Sud,25
2290653,10:53:00,10:53:10,stop_point:SP_5248,Fenouillet Ctre Cial - Entrée Nord,26
2290653,10:54:00,10:54:10,stop_point:SP_5247,Fenouillet Ctre Cial - Entrée Nord,27
2290654,10:40:00,10:40:10,stop_point:SP_1175,La Vache,1
2290654,10:41:00,10:41:10,stop_point:SP_327,Pader,2
2290654,10:42:00,10:42:10,stop_point:SP_3826,Le Grand Marché - Pont de La Vache,3
2290654,10:43:00,10:43:10,stop_point:SP_3721,Collège Rosa Parks,4
2290654,10:44:00,10:44:10,stop_point:SP_753,Riché Lalande,5
2290654,10:46:00,10:46:10,stop_point:SP_1880,Lapin,6
2290654,10:47:00,10:47:10,stop_point:SP_1995,Roubiéchou,7
2290654,10:48:00,10:48:10,stop_point:SP_1993,Lapparou,8
2290654,10:49:00,10:49:10,stop_point:SP_2419,Gaussen,9
2290654,10:50:00,10:50:10,stop_point:SP_1499,Salvy,10
2290654,10:51:00,10:51:10,stop_point:SP_445,Eglise Aucamville,11
2290654,10:52:00,10:52:10,stop_point:SP_3252,Mairie Aucamville,12
2290654,10:53:00,10:53:10,stop_point:SP_1128,Favasse,13
2290654,10:54:00,10:54:10,stop_point:SP_619,Aucamville Collège,14
2290654,10:55:00,10:55:10,stop_point:SP_2651,Raudelauzette,15
2290654,10:56:00,10:56:10,stop_point:SP_455,Mariel,16
2290654,10:57:00,10:57:10,stop_point:SP_1577,Peyronnette,17
2290654,10:58:00,10:58:10,stop_point:SP_1718,St-Alban Ctre Cial,18
2290654,10:59:00,10:59:10,stop_point:SP_3784,Egalité,19
2290654,10:59:00,10:59:10,stop_point:SP_1557,Sables,20
2290654,11:00:00,11:00:10,stop_point:SP_641,Mairie St-Alban,21
2290654,11:01:00,11:01:10,stop_point:SP_2759,Ecole St-Alban,22
2290654,11:02:00,11:02:10,stop_point:SP_2178,Gafelaze,23
2290654,11:03:00,11:03:10,stop_point:SP_3651,St-Alban Salvador Allende,24
2290654,11:04:00,11:04:10,stop_point:SP_5169,Fenouillet Ctre Cial - Entrée Sud,25
2290654,11:05:00,11:05:10,stop_point:SP_5248,Fenouillet Ctre Cial - Entrée Nord,26
2290654,11:06:00,11:06:10,stop_point:SP_5247,Fenouillet Ctre Cial - Entrée Nord,27
2290655,10:52:00,10:52:10,stop_point:SP_1175,La Vache,1
2290655,10:53:00,10:53:10,stop_point:SP_327,Pader,2
2290655,10:54:00,10:54:10,stop_point:SP_3826,Le Grand Marché - Pont de La Vache,3
2290655,10:55:00,10:55:10,stop_point:SP_3721,Collège Rosa Parks,4
2290655,10:56:00,10:56:10,stop_point:SP_753,Riché Lalande,5
2290655,10:58:00,10:58:10,stop_point:SP_1880,Lapin,6
2290655,10:59:00,10:59:10,stop_point:SP_1995,Roubiéchou,7
2290655,11:00:00,11:00:10,stop_point:SP_1993,Lapparou,8
2290655,11:01:00,11:01:10,stop_point:SP_2419,Gaussen,9
2290655,11:02:00,11:02:10,stop_point:SP_1499,Salvy,10
2290655,11:03:00,11:03:10,stop_point:SP_445,Eglise Aucamville,11
2290655,11:04:00,11:04:10,stop_point:SP_3252,Mairie Aucamville,12
2290655,11:05:00,11:05:10,stop_point:SP_1128,Favasse,13
2290655,11:06:00,11:06:10,stop_point:SP_619,Aucamville Collège,14
2290655,11:07:00,11:07:10,stop_point:SP_2651,Raudelauzette,15
2290655,11:08:00,11:08:10,stop_point:SP_455,Mariel,16
2290655,11:09:00,11:09:10,stop_point:SP_1577,Peyronnette,17
2290655,11:10:00,11:10:10,stop_point:SP_1718,St-Alban Ctre Cial,18
2290655,11:11:00,11:11:10,stop_point:SP_3784,Egalité,19
2290655,11:11:00,11:11:10,stop_point:SP_1557,Sables,20
2290655,11:12:00,11:12:10,stop_point:SP_641,Mairie St-Alban,21
2290655,11:13:00,11:13:10,stop_point:SP_2759,Ecole St-Alban,22
2290655,11:14:00,11:14:10,stop_point:SP_2178,Gafelaze,23
2290655,11:15:00,11:15:10,stop_point:SP_3651,St-Alban Salvador Allende,24
2290655,11:16:00,11:16:10,stop_point:SP_5169,Fenouillet Ctre Cial - Entrée Sud,25
2290655,11:17:00,11:17:10,stop_point:SP_5248,Fenouillet Ctre Cial - Entrée Nord,26
2290655,11:18:00,11:18:10,stop_point:SP_5247,Fenouillet Ctre Cial - Entrée Nord,27
2290656,11:04:00,11:04:10,stop_point:SP_1175,La Vache,1
2290656,11:05:00,11:05:10,stop_point:SP_327,Pader,2
2290656,11:06:00,11:06:10,stop_point:SP_3826,Le Grand Marché - Pont de La Vache,3
2290656,11:07:00,11:07:10,stop_point:SP_3721,Collège Rosa Parks,4
2290656,11:08:00,11:08:10,stop_point:SP_753,Riché Lalande,5
2290656,11:10:00,11:10:10,stop_point:SP_1880,Lapin,6
2290656,11:11:00,11:11:10,stop_point:SP_1995,Roubiéchou,7
2290656,11:12:00,11:12:10,stop_point:SP_1993,Lapparou,8
2290656,11:13:00,11:13:10,stop_point:SP_2419,Gaussen,9
2290656,11:14:00,11:14:10,stop_point:SP_1499,Salvy,10
2290656,11:15:00,11:15:10,stop_point:SP_445,Eglise Aucamville,11
2290656,11:16:00,11:16:10,stop_point:SP_3252,Mairie Aucamville,12
2290656,11:17:00,11:17:10,stop_point:SP_1128,Favasse,13
2290656,11:18:00,11:18:10,stop_point:SP_619,Aucamville Collège,14
2290656,11:19:00,11:19:10,stop_point:SP_2651,Raudelauzette,15
2290656,11:20:00,11:20:10,stop_point:SP_455,Mariel,16
2290656,11:21:00,11:21:10,stop_point:SP_1577,Peyronnette,17
2290656,11:23:00,11:23:10,stop_point:SP_1718,St-Alban Ctre Cial,18
2290656,11:24:00,11:24:10,stop_point:SP_3784,Egalité,19
2290656,11:24:00,11:24:10,stop_point:SP_1557,Sables,20
2290656,11:25:00,11:25:10,stop_point:SP_641,Mairie St-Alban,21
2290656,11:26:00,11:26:10,stop_point:SP_2759,Ecole St-Alban,22
2290656,11:27:00,11:27:10,stop_point:SP_2178,Gafelaze,23
2290656,11:28:00,11:28:10,stop_point:SP_3651,St-Alban Salvador Allende,24
2290656,11:29:00,11:29:10,stop_point:SP_5169,Fenouillet Ctre Cial - Entrée Sud,25
2290656,11:30:00,11:30:10,stop_point:SP_5248,Fenouillet Ctre Cial - Entrée Nord,26
2290656,11:31:00,11:31:10,stop_point:SP_5247,Fenouillet Ctre Cial - Entrée Nord,27
2290657,11:16:00,11:16:10,stop_point:SP_1175,La Vache,1
2290657,11:17:00,11:17:10,stop_point:SP_327,Pader,2
2290657,11:18:00,11:18:10,stop_point:SP_3826,Le Grand Marché - Pont de La Vache,3
2290657,11:19:00,11:19:10,stop_point:SP_3721,Collège Rosa Parks,4
2290657,11:20:00,11:20:10,stop_point:SP_753,Riché Lalande,5
2290657,11:22:00,11:22:10,stop_point:SP_1880,Lapin,6
2290657,11:23:00,11:23:10,stop_point:SP_1995,Roubiéchou,7
2290657,11:24:00,11:24:10,stop_point:SP_1993,Lapparou,8
2290657,11:25:00,11:25:10,stop_point:SP_2419,Gaussen,9
2290657,11:26:00,11:26:10,stop_point:SP_1499,Salvy,10
2290657,11:27:00,11:27:10,stop_point:SP_445,Eglise Aucamville,11
2290657,11:28:00,11:28:10,stop_point:SP_3252,Mairie Aucamville,12
2290657,11:29:00,11:29:10,stop_point:SP_1128,Favasse,13
2290657,11:30:00,11:30:10,stop_point:SP_619,Aucamville Collège,14
2290657,11:31:00,11:31:10,stop_point:SP_2651,Raudelauzette,15
2290657,11:32:00,11:32:10,stop_point:SP_455,Mariel,16
2290657,11:33:00,11:33:10,stop_point:SP_1577,Peyronnette,17
2290657,11:35:00,11:35:10,stop_point:SP_1718,St-Alban Ctre Cial,18
2290657,11:36:00,11:36:10,stop_point:SP_3784,Egalité,19
2290657,11:36:00,11:36:10,stop_point:SP_1557,Sables,20
2290657,11:37:00,11:37:10,stop_point:SP_641,Mairie St-Alban,21
2290657,11:38:00,11:38:10,stop_point:SP_2759,Ecole St-Alban,22
2290657,11:39:00,11:39:10,stop_point:SP_2178,Gafelaze,23
2290657,11:40:00,11:40:10,stop_point:SP_3651,St-Alban Salvador Allende,24
2290657,11:41:00,11:41:10,stop_point:SP_5169,Fenouillet Ctre Cial - Entrée Sud,25
2290657,11:42:00,11:42:10,stop_point:SP_5248,Fenouillet Ctre Cial - Entrée Nord,26
2290657,11:43:00,11:43:10,stop_point:SP_5247,Fenouillet Ctre Cial - Entrée Nord,27
2290658,11:28:00,11:28:10,stop_point:SP_1175,La Vache,1
2290658,11:29:00,11:29:10,stop_point:SP_327,Pader,2
2290658,11:30:00,11:30:10,stop_point:SP_3826,Le Grand Marché - Pont de La Vache,3
2290658,11:31:00,11:31:10,stop_point:SP_3721,Collège Rosa Parks,4
2290658,11:32:00,11:32:10,stop_point:SP_753,Riché Lalande,5
2290658,11:34:00,11:34:10,stop_point:SP_1880,Lapin,6
2290658,11:35:00,11:35:10,stop_point:SP_1995,Roubiéchou,7
2290658,11:36:00,11:36:10,stop_point:SP_1993,Lapparou,8
2290658,11:37:00,11:37:10,stop_point:SP_2419,Gaussen,9
2290658,11:38:00,11:38:10,stop_point:SP_1499,Salvy,10
2290658,11:39:00,11:39:10,stop_point:SP_445,Eglise Aucamville,11
2290658,11:40:00,11:40:10,stop_point:SP_3252,Mairie Aucamville,12
2290658,11:41:00,11:41:10,stop_point:SP_1128,Favasse,13
2290658,11:42:00,11:42:10,stop_point:SP_619,Aucamville Collège,14
2290658,11:43:00,11:43:10,stop_point:SP_2651,Raudelauzette,15
2290658,11:44:00,11:44:10,stop_point:SP_455,Mariel,16
2290658,11:45:00,11:45:10,stop_point:SP_1577,Peyronnette,17
2290658,11:47:00,11:47:10,stop_point:SP_1718,St-Alban Ctre Cial,18
2290658,11:48:00,11:48:10,stop_point:SP_3784,Egalité,19
2290658,11:48:00,11:48:10,stop_point:SP_1557,Sables,20
2290658,11:49:00,11:49:10,stop_point:SP_641,Mairie St-Alban,21
2290658,11:50:00,11:50:10,stop_point:SP_2759,Ecole St-Alban,22
2290658,11:51:00,11:51:10,stop_point:SP_2178,Gafelaze,23
2290658,11:52:00,11:52:10,stop_point:SP_3651,St-Alban Salvador Allende,24
2290658,11:53:00,11:53:10,stop_point:SP_5169,Fenouillet Ctre Cial - Entrée Sud,25
2290658,11:54:00,11:54:10,stop_point:SP_5248,Fenouillet Ctre Cial - Entrée Nord,26
2290658,11:55:00,11:55:10,stop_point:SP_5247,Fenouillet Ctre Cial - Entrée Nord,27
2290659,11:40:00,11:40:10,stop_point:SP_1175,La Vache,1
2290659,11:41:00,11:41:10,stop_point:SP_327,Pader,2
2290659,11:42:00,11:42:10,stop_point:SP_3826,Le Grand Marché - Pont de La Vache,3
2290659,11:43:00,11:43:10,stop_point:SP_3721,Collège Rosa Parks,4
2290659,11:44:00,11:44:10,stop_point:SP_753,Riché Lalande,5
2290659,11:46:00,11:46:10,stop_point:SP_1880,Lapin,6
2290659,11:47:00,11:47:10,stop_point:SP_1995,Roubiéchou,7
2290659,11:48:00,11:48:10,stop_point:SP_1993,Lapparou,8
2290659,11:49:00,11:49:10,stop_point:SP_2419,Gaussen,9
2290659,11:50:00,11:50:10,stop_point:SP_1499,Salvy,10
2290659,11:51:00,11:51:10,stop_point:SP_445,Eglise Aucamville,11
2290659,11:52:00,11:52:10,stop_point:SP_3252,Mairie Aucamville,12
2290659,11:53:00,11:53:10,stop_point:SP_1128,Favasse,13
2290659,11:54:00,11:54:10,stop_point:SP_619,Aucamville Collège,14
2290659,11:55:00,11:55:10,stop_point:SP_2651,Raudelauzette,15
2290659,11:56:00,11:56:10,stop_point:SP_455,Mariel,16
2290659,11:57:00,11:57:10,stop_point:SP_1577,Peyronnette,17
2290659,11:59:00,11:59:10,stop_point:SP_1718,St-Alban Ctre Cial,18
2290659,12:00:00,12:00:10,stop_point:SP_3784,Egalité,19
2290659,12:00:00,12:00:10,stop_point:SP_1557,Sables,20
2290659,12:01:00,12:01:10,stop_point:SP_641,Mairie St-Alban,21
2290659,12:02:00,12:02:10,stop_point:SP_2759,Ecole St-Alban,22
2290659,12:03:00,12:03:10,stop_point:SP_2178,Gafelaze,23
2290659,12:04:00,12:04:10,stop_point:SP_3651,St-Alban Salvador Allende,24
2290659,12:05:00,12:05:10,stop_point:SP_5169,Fenouillet Ctre Cial - Entrée Sud,25
2290659,12:06:00,12:06:10,stop_point:SP_5248,Fenouillet Ctre Cial - Entrée Nord,26
2290659,12:07:00,12:07:10,stop_point:SP_5247,Fenouillet Ctre Cial - Entrée Nord,27
2290660,11:52:00,11:52:10,stop_point:SP_1175,La Vache,1
2290660,11:53:00,11:53:10,stop_point:SP_327,Pader,2
2290660,11:54:00,11:54:10,stop_point:SP_3826,Le Grand Marché - Pont de La Vache,3
2290660,11:55:00,11:55:10,stop_point:SP_3721,Collège Rosa Parks,4
2290660,11:56:00,11:56:10,stop_point:SP_753,Riché Lalande,5
2290660,11:58:00,11:58:10,stop_point:SP_1880,Lapin,6
2290660,11:59:00,11:59:10,stop_point:SP_1995,Roubiéchou,7
2290660,12:00:00,12:00:10,stop_point:SP_1993,Lapparou,8
2290660,12:01:00,12:01:10,stop_point:SP_2419,Gaussen,9
2290660,12:02:00,12:02:10,stop_point:SP_1499,Salvy,10
2290660,12:03:00,12:03:10,stop_point:SP_445,Eglise Aucamville,11
2290660,12:04:00,12:04:10,stop_point:SP_3252,Mairie Aucamville,12
2290660,12:05:00,12:05:10,stop_point:SP_1128,Favasse,13
2290660,12:06:00,12:06:10,stop_point:SP_619,Aucamville Collège,14
2290660,12:07:00,12:07:10,stop_point:SP_2651,Raudelauzette,15
2290660,12:08:00,12:08:10,stop_point:SP_455,Mariel,16
2290660,12:09:00,12:09:10,stop_point:SP_1577,Peyronnette,17
2290660,12:11:00,12:11:10,stop_point:SP_1718,St-Alban Ctre Cial,18
2290660,12:12:00,12:12:10,stop_point:SP_3784,Egalité,19
2290660,12:12:00,12:12:10,stop_point:SP_1557,Sables,20
2290660,12:13:00,12:13:10,stop_point:SP_641,Mairie St-Alban,21
2290660,12:14:00,12:14:10,stop_point:SP_2759,Ecole St-Alban,22
2290660,12:15:00,12:15:10,stop_point:SP_2178,Gafelaze,23
2290660,12:16:00,12:16:10,stop_point:SP_3651,St-Alban Salvador Allende,24
2290660,12:17:00,12:17:10,stop_point:SP_5169,Fenouillet Ctre Cial - Entrée Sud,25
2290660,12:18:00,12:18:10,stop_point:SP_5248,Fenouillet Ctre Cial - Entrée Nord,26
2290660,12:19:00,12:19:10,stop_point:SP_5247,Fenouillet Ctre Cial - Entrée Nord,27
2290661,12:04:00,12:04:10,stop_point:SP_1175,La Vache,1
2290661,12:05:00,12:05:10,stop_point:SP_327,Pader,2
2290661,12:06:00,12:06:10,stop_point:SP_3826,Le Grand Marché - Pont de La Vache,3
2290661,12:07:00,12:07:10,stop_point:SP_3721,Collège Rosa Parks,4
2290661,12:08:00,12:08:10,stop_point:SP_753,Riché Lalande,5
2290661,12:10:00,12:10:10,stop_point:SP_1880,Lapin,6
2290661,12:11:00,12:11:10,stop_point:SP_1995,Roubiéchou,7
2290661,12:12:00,12:12:10,stop_point:SP_1993,Lapparou,8
2290661,12:13:00,12:13:10,stop_point:SP_2419,Gaussen,9
2290661,12:14:00,12:14:10,stop_point:SP_1499,Salvy,10
2290661,12:15:00,12:15:10,stop_point:SP_445,Eglise Aucamville,11
2290661,12:16:00,12:16:10,stop_point:SP_3252,Mairie Aucamville,12
2290661,12:17:00,12:17:10,stop_point:SP_1128,Favasse,13
2290661,12:18:00,12:18:10,stop_point:SP_619,Aucamville Collège,14
2290661,12:19:00,12:19:10,stop_point:SP_2651,Raudelauzette,15
2290661,12:20:00,12:20:10,stop_point:SP_455,Mariel,16
2290661,12:21:00,12:21:10,stop_point:SP_1577,Peyronnette,17
2290661,12:23:00,12:23:10,stop_point:SP_1718,St-Alban Ctre Cial,18
2290661,12:24:00,12:24:10,stop_point:SP_3784,Egalité,19
2290661,12:24:00,12:24:10,stop_point:SP_1557,Sables,20
2290661,12:25:00,12:25:10,stop_point:SP_641,Mairie St-Alban,21
2290661,12:26:00,12:26:10,stop_point:SP_2759,Ecole St-Alban,22
2290661,12:27:00,12:27:10,stop_point:SP_2178,Gafelaze,23
2290661,12:28:00,12:28:10,stop_point:SP_3651,St-Alban Salvador Allende,24
2290661,12:29:00,12:29:10,stop_point:SP_5169,Fenouillet Ctre Cial - Entrée Sud,25
2290661,12:30:00,12:30:10,stop_point:SP_5248,Fenouillet Ctre Cial - Entrée Nord,26
2290661,12:31:00,12:31:10,stop_point:SP_5247,Fenouillet Ctre Cial - Entrée Nord,27
2290662,12:16:00,12:16:10,stop_point:SP_1175,La Vache,1
2290662,12:17:00,12:17:10,stop_point:SP_327,Pader,2
2290662,12:18:00,12:18:10,stop_point:SP_3826,Le Grand Marché - Pont de La Vache,3
2290662,12:19:00,12:19:10,stop_point:SP_3721,Collège Rosa Parks,4
2290662,12:20:00,12:20:10,stop_point:SP_753,Riché Lalande,5
2290662,12:22:00,12:22:10,stop_point:SP_1880,Lapin,6
2290662,12:23:00,12:23:10,stop_point:SP_1995,Roubiéchou,7
2290662,12:24:00,12:24:10,stop_point:SP_1993,Lapparou,8
2290662,12:25:00,12:25:10,stop_point:SP_2419,Gaussen,9
2290662,12:26:00,12:26:10,stop_point:SP_1499,Salvy,10
2290662,12:27:00,12:27:10,stop_point:SP_445,Eglise Aucamville,11
2290662,12:28:00,12:28:10,stop_point:SP_3252,Mairie Aucamville,12
2290662,12:29:00,12:29:10,stop_point:SP_1128,Favasse,13
2290662,12:30:00,12:30:10,stop_point:SP_619,Aucamville Collège,14
2290662,12:31:00,12:31:10,stop_point:SP_2651,Raudelauzette,15
2290662,12:32:00,12:32:10,stop_point:SP_455,Mariel,16
2290662,12:33:00,12:33:10,stop_point:SP_1577,Peyronnette,17
2290662,12:35:00,12:35:10,stop_point:SP_1718,St-Alban Ctre Cial,18
2290662,12:36:00,12:36:10,stop_point:SP_3784,Egalité,19
2290662,12:36:00,12:36:10,stop_point:SP_1557,Sables,20
2290662,12:37:00,12:37:10,stop_point:SP_641,Mairie St-Alban,21
2290662,12:38:00,12:38:10,stop_point:SP_2759,Ecole St-Alban,22
2290662,12:39:00,12:39:10,stop_point:SP_2178,Gafelaze,23
2290662,12:40:00,12:40:10,stop_point:SP_3651,St-Alban Salvador Allende,24
2290662,12:41:00,12:41:10,stop_point:SP_5169,Fenouillet Ctre Cial - Entrée Sud,25
2290662,12:42:00,12:42:10,stop_point:SP_5248,Fenouillet Ctre Cial - Entrée Nord,26
2290662,12:43:00,12:43:10,stop_point:SP_5247,Fenouillet Ctre Cial - Entrée Nord,27
2290663,12:28:00,12:28:10,stop_point:SP_1175,La Vache,1
2290663,12:29:00,12:29:10,stop_point:SP_327,Pader,2
2290663,12:30:00,12:30:10,stop_point:SP_3826,Le Grand Marché - Pont de La Vache,3
2290663,12:31:00,12:31:10,stop_point:SP_3721,Collège Rosa Parks,4
2290663,12:32:00,12:32:10,stop_point:SP_753,Riché Lalande,5
2290663,12:34:00,12:34:10,stop_point:SP_1880,Lapin,6
2290663,12:35:00,12:35:10,stop_point:SP_1995,Roubiéchou,7
2290663,12:36:00,12:36:10,stop_point:SP_1993,Lapparou,8
2290663,12:37:00,12:37:10,stop_point:SP_2419,Gaussen,9
2290663,12:38:00,12:38:10,stop_point:SP_1499,Salvy,10
2290663,12:39:00,12:39:10,stop_point:SP_445,Eglise Aucamville,11
2290663,12:40:00,12:40:10,stop_point:SP_3252,Mairie Aucamville,12
2290663,12:41:00,12:41:10,stop_point:SP_1128,Favasse,13
2290663,12:42:00,12:42:10,stop_point:SP_619,Aucamville Collège,14
2290663,12:43:00,12:43:10,stop_point:SP_2651,Raudelauzette,15
2290663,12:44:00,12:44:10,stop_point:SP_455,Mariel,16
2290663,12:45:00,12:45:10,stop_point:SP_1577,Peyronnette,17
2290663,12:46:00,12:46:10,stop_point:SP_1718,St-Alban Ctre Cial,18
2290663,12:47:00,12:47:10,stop_point:SP_3784,Egalité,19
2290663,12:47:00,12:47:10,stop_point:SP_1557,Sables,20
2290663,12:48:00,12:48:10,stop_point:SP_641,Mairie St-Alban,21
2290663,12:49:00,12:49:10,stop_point:SP_2759,Ecole St-Alban,22
2290663,12:50:00,12:50:10,stop_point:SP_2178,Gafelaze,23
2290663,12:51:00,12:51:10,stop_point:SP_3651,St-Alban Salvador Allende,24
2290663,12:52:00,12:52:10,stop_point:SP_5169,Fenouillet Ctre Cial - Entrée Sud,25
2290663,12:53:00,12:53:10,stop_point:SP_5248,Fenouillet Ctre Cial - Entrée Nord,26
2290663,12:54:00,12:54:10,stop_point:SP_5247,Fenouillet Ctre Cial - Entrée Nord,27
2290664,12:40:00,12:40:10,stop_point:SP_1175,La Vache,1
2290664,12:41:00,12:41:10,stop_point:SP_327,Pader,2
2290664,12:42:00,12:42:10,stop_point:SP_3826,Le Grand Marché - Pont de La Vache,3
2290664,12:43:00,12:43:10,stop_point:SP_3721,Collège Rosa Parks,4
2290664,12:44:00,12:44:10,stop_point:SP_753,Riché Lalande,5
2290664,12:46:00,12:46:10,stop_point:SP_1880,Lapin,6
2290664,12:47:00,12:47:10,stop_point:SP_1995,Roubiéchou,7
2290664,12:48:00,12:48:10,stop_point:SP_1993,Lapparou,8
2290664,12:49:00,12:49:10,stop_point:SP_2419,Gaussen,9
2290664,12:50:00,12:50:10,stop_point:SP_1499,Salvy,10
2290664,12:51:00,12:51:10,stop_point:SP_445,Eglise Aucamville,11
2290664,12:52:00,12:52:10,stop_point:SP_3252,Mairie Aucamville,12
2290664,12:53:00,12:53:10,stop_point:SP_1128,Favasse,13
2290664,12:54:00,12:54:10,stop_point:SP_619,Aucamville Collège,14
2290664,12:55:00,12:55:10,stop_point:SP_2651,Raudelauzette,15
2290664,12:56:00,12:56:10,stop_point:SP_455,Mariel,16
2290664,12:57:00,12:57:10,stop_point:SP_1577,Peyronnette,17
2290664,12:58:00,12:58:10,stop_point:SP_1718,St-Alban Ctre Cial,18
2290664,12:59:00,12:59:10,stop_point:SP_3784,Egalité,19
2290664,12:59:00,12:59:10,stop_point:SP_1557,Sables,20
2290664,13:00:00,13:00:10,stop_point:SP_641,Mairie St-Alban,21
2290664,13:01:00,13:01:10,stop_point:SP_2759,Ecole St-Alban,22
2290664,13:02:00,13:02:10,stop_point:SP_2178,Gafelaze,23
2290664,13:03:00,13:03:10,stop_point:SP_3651,St-Alban Salvador Allende,24
2290664,13:04:00,13:04:10,stop_point:SP_5169,Fenouillet Ctre Cial - Entrée Sud,25
2290664,13:05:00,13:05:10,stop_point:SP_5248,Fenouillet Ctre Cial - Entrée Nord,26
2290664,13:06:00,13:06:10,stop_point:SP_5247,Fenouillet Ctre Cial - Entrée Nord,27
2290665,12:52:00,12:52:10,stop_point:SP_1175,La Vache,1
2290665,12:53:00,12:53:10,stop_point:SP_327,Pader,2
2290665,12:54:00,12:54:10,stop_point:SP_3826,Le Grand Marché - Pont de La Vache,3
2290665,12:55:00,12:55:10,stop_point:SP_3721,Collège Rosa Parks,4
2290665,12:56:00,12:56:10,stop_point:SP_753,Riché Lalande,5
2290665,12:58:00,12:58:10,stop_point:SP_1880,Lapin,6
2290665,12:59:00,12:59:10,stop_point:SP_1995,Roubiéchou,7
2290665,13:00:00,13:00:10,stop_point:SP_1993,Lapparou,8
2290665,13:01:00,13:01:10,stop_point:SP_2419,Gaussen,9
2290665,13:02:00,13:02:10,stop_point:SP_1499,Salvy,10
2290665,13:03:00,13:03:10,stop_point:SP_445,Eglise Aucamville,11
2290665,13:04:00,13:04:10,stop_point:SP_3252,Mairie Aucamville,12
2290665,13:05:00,13:05:10,stop_point:SP_1128,Favasse,13
2290665,13:06:00,13:06:10,stop_point:SP_619,Aucamville Collège,14
2290665,13:07:00,13:07:10,stop_point:SP_2651,Raudelauzette,15
2290665,13:08:00,13:08:10,stop_point:SP_455,Mariel,16
2290665,13:09:00,13:09:10,stop_point:SP_1577,Peyronnette,17
2290665,13:10:00,13:10:10,stop_point:SP_1718,St-Alban Ctre Cial,18
2290665,13:11:00,13:11:10,stop_point:SP_3784,Egalité,19
2290665,13:11:00,13:11:10,stop_point:SP_1557,Sables,20
2290665,13:12:00,13:12:10,stop_point:SP_641,Mairie St-Alban,21
2290665,13:13:00,13:13:10,stop_point:SP_2759,Ecole St-Alban,22
2290665,13:14:00,13:14:10,stop_point:SP_2178,Gafelaze,23
2290665,13:15:00,13:15:10,stop_point:SP_3651,St-Alban Salvador Allende,24
2290665,13:16:00,13:16:10,stop_point:SP_5169,Fenouillet Ctre Cial - Entrée Sud,25
2290665,13:17:00,13:17:10,stop_point:SP_5248,Fenouillet Ctre Cial - Entrée Nord,26
2290665,13:18:00,13:18:10,stop_point:SP_5247,Fenouillet Ctre Cial - Entrée Nord,27
2290666,13:04:00,13:04:10,stop_point:SP_1175,La Vache,1
2290666,13:05:00,13:05:10,stop_point:SP_327,Pader,2
2290666,13:06:00,13:06:10,stop_point:SP_3826,Le Grand Marché - Pont de La Vache,3
2290666,13:07:00,13:07:10,stop_point:SP_3721,Collège Rosa Parks,4
2290666,13:08:00,13:08:10,stop_point:SP_753,Riché Lalande,5
2290666,13:10:00,13:10:10,stop_point:SP_1880,Lapin,6
2290666,13:11:00,13:11:10,stop_point:SP_1995,Roubiéchou,7
2290666,13:12:00,13:12:10,stop_point:SP_1993,Lapparou,8
2290666,13:13:00,13:13:10,stop_point:SP_2419,Gaussen,9
2290666,13:14:00,13:14:10,stop_point:SP_1499,Salvy,10
2290666,13:15:00,13:15:10,stop_point:SP_445,Eglise Aucamville,11
2290666,13:16:00,13:16:10,stop_point:SP_3252,Mairie Aucamville,12
2290666,13:17:00,13:17:10,stop_point:SP_1128,Favasse,13
2290666,13:18:00,13:18:10,stop_point:SP_619,Aucamville Collège,14
2290666,13:19:00,13:19:10,stop_point:SP_2651,Raudelauzette,15
2290666,13:20:00,13:20:10,stop_point:SP_455,Mariel,16
2290666,13:21:00,13:21:10,stop_point:SP_1577,Peyronnette,17
2290666,13:22:00,13:22:10,stop_point:SP_1718,St-Alban Ctre Cial,18
2290666,13:23:00,13:23:10,stop_point:SP_3784,Egalité,19
2290666,13:23:00,13:23:10,stop_point:SP_1557,Sables,20
2290666,13:24:00,13:24:10,stop_point:SP_641,Mairie St-Alban,21
2290666,13:25:00,13:25:10,stop_point:SP_2759,Ecole St-Alban,22
2290666,13:26:00,13:26:10,stop_point:SP_2178,Gafelaze,23
2290666,13:27:00,13:27:10,stop_point:SP_3651,St-Alban Salvador Allende,24
2290666,13:28:00,13:28:10,stop_point:SP_5169,Fenouillet Ctre Cial - Entrée Sud,25
2290666,13:29:00,13:29:10,stop_point:SP_5248,Fenouillet Ctre Cial - Entrée Nord,26
2290666,13:30:00,13:30:10,stop_point:SP_5247,Fenouillet Ctre Cial - Entrée Nord,27
2290667,13:16:00,13:16:10,stop_point:SP_1175,La Vache,1
2290667,13:17:00,13:17:10,stop_point:SP_327,Pader,2
2290667,13:18:00,13:18:10,stop_point:SP_3826,Le Grand Marché - Pont de La Vache,3
2290667,13:19:00,13:19:10,stop_point:SP_3721,Collège Rosa Parks,4
2290667,13:20:00,13:20:10,stop_point:SP_753,Riché Lalande,5
2290667,13:22:00,13:22:10,stop_point:SP_1880,Lapin,6
2290667,13:23:00,13:23:10,stop_point:SP_1995,Roubiéchou,7
2290667,13:24:00,13:24:10,stop_point:SP_1993,Lapparou,8
2290667,13:25:00,13:25:10,stop_point:SP_2419,Gaussen,9
2290667,13:26:00,13:26:10,stop_point:SP_1499,Salvy,10
2290667,13:27:00,13:27:10,stop_point:SP_445,Eglise Aucamville,11
2290667,13:28:00,13:28:10,stop_point:SP_3252,Mairie Aucamville,12
2290667,13:29:00,13:29:10,stop_point:SP_1128,Favasse,13
2290667,13:30:00,13:30:10,stop_point:SP_619,Aucamville Collège,14
2290667,13:31:00,13:31:10,stop_point:SP_2651,Raudelauzette,15
2290667,13:32:00,13:32:10,stop_point:SP_455,Mariel,16
2290667,13:33:00,13:33:10,stop_point:SP_1577,Peyronnette,17
2290667,13:34:00,13:34:10,stop_point:SP_1718,St-Alban Ctre Cial,18
2290667,13:35:00,13:35:10,stop_point:SP_3784,Egalité,19
2290667,13:35:00,13:35:10,stop_point:SP_1557,Sables,20
2290667,13:36:00,13:36:10,stop_point:SP_641,Mairie St-Alban,21
2290667,13:37:00,13:37:10,stop_point:SP_2759,Ecole St-Alban,22
2290667,13:38:00,13:38:10,stop_point:SP_2178,Gafelaze,23
2290667,13:39:00,13:39:10,stop_point:SP_3651,St-Alban Salvador Allende,24
2290667,13:40:00,13:40:10,stop_point:SP_5169,Fenouillet Ctre Cial - Entrée Sud,25
2290667,13:41:00,13:41:10,stop_point:SP_5248,Fenouillet Ctre Cial - Entrée Nord,26
2290667,13:42:00,13:42:10,stop_point:SP_5247,Fenouillet Ctre Cial - Entrée Nord,27
2290668,13:28:00,13:28:10,stop_point:SP_1175,La Vache,1
2290668,13:30:00,13:30:10,stop_point:SP_327,Pader,2
2290668,13:30:00,13:30:10,stop_point:SP_3826,Le Grand Marché - Pont de La Vache,3
2290668,13:32:00,13:32:10,stop_point:SP_3721,Collège Rosa Parks,4
2290668,13:33:00,13:33:10,stop_point:SP_753,Riché Lalande,5
2290668,13:35:00,13:35:10,stop_point:SP_1880,Lapin,6
2290668,13:36:00,13:36:10,stop_point:SP_1995,Roubiéchou,7
2290668,13:37:00,13:37:10,stop_point:SP_1993,Lapparou,8
2290668,13:38:00,13:38:10,stop_point:SP_2419,Gaussen,9
2290668,13:39:00,13:39:10,stop_point:SP_1499,Salvy,10
2290668,13:40:00,13:40:10,stop_point:SP_445,Eglise Aucamville,11
2290668,13:41:00,13:41:10,stop_point:SP_3252,Mairie Aucamville,12
2290668,13:42:00,13:42:10,stop_point:SP_1128,Favasse,13
2290668,13:43:00,13:43:10,stop_point:SP_619,Aucamville Collège,14
2290668,13:44:00,13:44:10,stop_point:SP_2651,Raudelauzette,15
2290668,13:45:00,13:45:10,stop_point:SP_455,Mariel,16
2290668,13:46:00,13:46:10,stop_point:SP_1577,Peyronnette,17
2290668,13:47:00,13:47:10,stop_point:SP_1718,St-Alban Ctre Cial,18
2290668,13:48:00,13:48:10,stop_point:SP_3784,Egalité,19
2290668,13:48:00,13:48:10,stop_point:SP_1557,Sables,20
2290668,13:49:00,13:49:10,stop_point:SP_641,Mairie St-Alban,21
2290668,13:50:00,13:50:10,stop_point:SP_2759,Ecole St-Alban,22
2290668,13:51:00,13:51:10,stop_point:SP_2178,Gafelaze,23
2290668,13:52:00,13:52:10,stop_point:SP_3651,St-Alban Salvador Allende,24
2290668,13:53:00,13:53:10,stop_point:SP_5169,Fenouillet Ctre Cial - Entrée Sud,25
2290668,13:54:00,13:54:10,stop_point:SP_5248,Fenouillet Ctre Cial - Entrée Nord,26
2290668,13:55:00,13:55:10,stop_point:SP_5247,Fenouillet Ctre Cial - Entrée Nord,27
2290669,13:40:00,13:40:10,stop_point:SP_1175,La Vache,1
2290669,13:42:00,13:42:10,stop_point:SP_327,Pader,2
2290669,13:42:00,13:42:10,stop_point:SP_3826,Le Grand Marché - Pont de La Vache,3
2290669,13:44:00,13:44:10,stop_point:SP_3721,Collège Rosa Parks,4
2290669,13:45:00,13:45:10,stop_point:SP_753,Riché Lalande,5
2290669,13:47:00,13:47:10,stop_point:SP_1880,Lapin,6
2290669,13:48:00,13:48:10,stop_point:SP_1995,Roubiéchou,7
2290669,13:49:00,13:49:10,stop_point:SP_1993,Lapparou,8
2290669,13:50:00,13:50:10,stop_point:SP_2419,Gaussen,9
2290669,13:51:00,13:51:10,stop_point:SP_1499,Salvy,10
2290669,13:52:00,13:52:10,stop_point:SP_445,Eglise Aucamville,11
2290669,13:53:00,13:53:10,stop_point:SP_3252,Mairie Aucamville,12
2290669,13:54:00,13:54:10,stop_point:SP_1128,Favasse,13
2290669,13:55:00,13:55:10,stop_point:SP_619,Aucamville Collège,14
2290669,13:56:00,13:56:10,stop_point:SP_2651,Raudelauzette,15
2290669,13:57:00,13:57:10,stop_point:SP_455,Mariel,16
2290669,13:58:00,13:58:10,stop_point:SP_1577,Peyronnette,17
2290669,13:59:00,13:59:10,stop_point:SP_1718,St-Alban Ctre Cial,18
2290669,14:00:00,14:00:10,stop_point:SP_3784,Egalité,19
2290669,14:00:00,14:00:10,stop_point:SP_1557,Sables,20
2290669,14:01:00,14:01:10,stop_point:SP_641,Mairie St-Alban,21
2290669,14:02:00,14:02:10,stop_point:SP_2759,Ecole St-Alban,22
2290669,14:03:00,14:03:10,stop_point:SP_2178,Gafelaze,23
2290669,14:04:00,14:04:10,stop_point:SP_3651,St-Alban Salvador Allende,24
2290669,14:05:00,14:05:10,stop_point:SP_5169,Fenouillet Ctre Cial - Entrée Sud,25
2290669,14:06:00,14:06:10,stop_point:SP_5248,Fenouillet Ctre Cial - Entrée Nord,26
2290669,14:07:00,14:07:10,stop_point:SP_5247,Fenouillet Ctre Cial - Entrée Nord,27
2290670,13:52:00,13:52:10,stop_point:SP_1175,La Vache,1
2290670,13:54:00,13:54:10,stop_point:SP_327,Pader,2
2290670,13:54:00,13:54:10,stop_point:SP_3826,Le Grand Marché - Pont de La Vache,3
2290670,13:56:00,13:56:10,stop_point:SP_3721,Collège Rosa Parks,4
2290670,13:57:00,13:57:10,stop_point:SP_753,Riché Lalande,5
2290670,13:59:00,13:59:10,stop_point:SP_1880,Lapin,6
2290670,14:00:00,14:00:10,stop_point:SP_1995,Roubiéchou,7
2290670,14:01:00,14:01:10,stop_point:SP_1993,Lapparou,8
2290670,14:02:00,14:02:10,stop_point:SP_2419,Gaussen,9
2290670,14:03:00,14:03:10,stop_point:SP_1499,Salvy,10
2290670,14:04:00,14:04:10,stop_point:SP_445,Eglise Aucamville,11
2290670,14:05:00,14:05:10,stop_point:SP_3252,Mairie Aucamville,12
2290670,14:06:00,14:06:10,stop_point:SP_1128,Favasse,13
2290670,14:07:00,14:07:10,stop_point:SP_619,Aucamville Collège,14
2290670,14:08:00,14:08:10,stop_point:SP_2651,Raudelauzette,15
2290670,14:09:00,14:09:10,stop_point:SP_455,Mariel,16
2290670,14:10:00,14:10:10,stop_point:SP_1577,Peyronnette,17
2290670,14:11:00,14:11:10,stop_point:SP_1718,St-Alban Ctre Cial,18
2290670,14:12:00,14:12:10,stop_point:SP_3784,Egalité,19
2290670,14:12:00,14:12:10,stop_point:SP_1557,Sables,20
2290670,14:13:00,14:13:10,stop_point:SP_641,Mairie St-Alban,21
2290670,14:14:00,14:14:10,stop_point:SP_2759,Ecole St-Alban,22
2290670,14:15:00,14:15:10,stop_point:SP_2178,Gafelaze,23
2290670,14:16:00,14:16:10,stop_point:SP_3651,St-Alban Salvador Allende,24
2290670,14:17:00,14:17:10,stop_point:SP_5169,Fenouillet Ctre Cial - Entrée Sud,25
2290670,14:18:00,14:18:10,stop_point:SP_5248,Fenouillet Ctre Cial - Entrée Nord,26
2290670,14:19:00,14:19:10,stop_point:SP_5247,Fenouillet Ctre Cial - Entrée Nord,27
2290671,14:04:00,14:04:10,stop_point:SP_1175,La Vache,1
2290671,14:06:00,14:06:10,stop_point:SP_327,Pader,2
2290671,14:06:00,14:06:10,stop_point:SP_3826,Le Grand Marché - Pont de La Vache,3
2290671,14:08:00,14:08:10,stop_point:SP_3721,Collège Rosa Parks,4
2290671,14:09:00,14:09:10,stop_point:SP_753,Riché Lalande,5
2290671,14:11:00,14:11:10,stop_point:SP_1880,Lapin,6
2290671,14:12:00,14:12:10,stop_point:SP_1995,Roubiéchou,7
2290671,14:13:00,14:13:10,stop_point:SP_1993,Lapparou,8
2290671,14:14:00,14:14:10,stop_point:SP_2419,Gaussen,9
2290671,14:15:00,14:15:10,stop_point:SP_1499,Salvy,10
2290671,14:16:00,14:16:10,stop_point:SP_445,Eglise Aucamville,11
2290671,14:17:00,14:17:10,stop_point:SP_3252,Mairie Aucamville,12
2290671,14:18:00,14:18:10,stop_point:SP_1128,Favasse,13
2290671,14:19:00,14:19:10,stop_point:SP_619,Aucamville Collège,14
2290671,14:20:00,14:20:10,stop_point:SP_2651,Raudelauzette,15
2290671,14:21:00,14:21:10,stop_point:SP_455,Mariel,16
2290671,14:22:00,14:22:10,stop_point:SP_1577,Peyronnette,17
2290671,14:23:00,14:23:10,stop_point:SP_1718,St-Alban Ctre Cial,18
2290671,14:24:00,14:24:10,stop_point:SP_3784,Egalité,19
2290671,14:24:00,14:24:10,stop_point:SP_1557,Sables,20
2290671,14:25:00,14:25:10,stop_point:SP_641,Mairie St-Alban,21
2290671,14:26:00,14:26:10,stop_point:SP_2759,Ecole St-Alban,22
2290671,14:27:00,14:27:10,stop_point:SP_2178,Gafelaze,23
2290671,14:28:00,14:28:10,stop_point:SP_3651,St-Alban Salvador Allende,24
2290671,14:29:00,14:29:10,stop_point:SP_5169,Fenouillet Ctre Cial - Entrée Sud,25
2290671,14:30:00,14:30:10,stop_point:SP_5248,Fenouillet Ctre Cial - Entrée Nord,26
2290671,14:31:00,14:31:10,stop_point:SP_5247,Fenouillet Ctre Cial - Entrée Nord,27
2290672,14:16:00,14:16:10,stop_point:SP_1175,La Vache,1
2290672,14:18:00,14:18:10,stop_point:SP_327,Pader,2
2290672,14:18:00,14:18:10,stop_point:SP_3826,Le Grand Marché - Pont de La Vache,3
2290672,14:20:00,14:20:10,stop_point:SP_3721,Collège Rosa Parks,4
2290672,14:21:00,14:21:10,stop_point:SP_753,Riché Lalande,5
2290672,14:23:00,14:23:10,stop_point:SP_1880,Lapin,6
2290672,14:24:00,14:24:10,stop_point:SP_1995,Roubiéchou,7
2290672,14:25:00,14:25:10,stop_point:SP_1993,Lapparou,8
2290672,14:26:00,14:26:10,stop_point:SP_2419,Gaussen,9
2290672,14:27:00,14:27:10,stop_point:SP_1499,Salvy,10
2290672,14:28:00,14:28:10,stop_point:SP_445,Eglise Aucamville,11
2290672,14:29:00,14:29:10,stop_point:SP_3252,Mairie Aucamville,12
2290672,14:30:00,14:30:10,stop_point:SP_1128,Favasse,13
2290672,14:31:00,14:31:10,stop_point:SP_619,Aucamville Collège,14
2290672,14:32:00,14:32:10,stop_point:SP_2651,Raudelauzette,15
2290672,14:33:00,14:33:10,stop_point:SP_455,Mariel,16
2290672,14:34:00,14:34:10,stop_point:SP_1577,Peyronnette,17
2290672,14:35:00,14:35:10,stop_point:SP_1718,St-Alban Ctre Cial,18
2290672,14:36:00,14:36:10,stop_point:SP_3784,Egalité,19
2290672,14:36:00,14:36:10,stop_point:SP_1557,Sables,20
2290672,14:37:00,14:37:10,stop_point:SP_641,Mairie St-Alban,21
2290672,14:38:00,14:38:10,stop_point:SP_2759,Ecole St-Alban,22
2290672,14:39:00,14:39:10,stop_point:SP_2178,Gafelaze,23
2290672,14:40:00,14:40:10,stop_point:SP_3651,St-Alban Salvador Allende,24
2290672,14:41:00,14:41:10,stop_point:SP_5169,Fenouillet Ctre Cial - Entrée Sud,25
2290672,14:42:00,14:42:10,stop_point:SP_5248,Fenouillet Ctre Cial - Entrée Nord,26
2290672,14:43:00,14:43:10,stop_point:SP_5247,Fenouillet Ctre Cial - Entrée Nord,27
2290673,14:28:00,14:28:10,stop_point:SP_1175,La Vache,1
2290673,14:30:00,14:30:10,stop_point:SP_327,Pader,2
2290673,14:30:00,14:30:10,stop_point:SP_3826,Le Grand Marché - Pont de La Vache,3
2290673,14:32:00,14:32:10,stop_point:SP_3721,Collège Rosa Parks,4
2290673,14:33:00,14:33:10,stop_point:SP_753,Riché Lalande,5
2290673,14:35:00,14:35:10,stop_point:SP_1880,Lapin,6
2290673,14:36:00,14:36:10,stop_point:SP_1995,Roubiéchou,7
2290673,14:37:00,14:37:10,stop_point:SP_1993,Lapparou,8
2290673,14:38:00,14:38:10,stop_point:SP_2419,Gaussen,9
2290673,14:39:00,14:39:10,stop_point:SP_1499,Salvy,10
2290673,14:40:00,14:40:10,stop_point:SP_445,Eglise Aucamville,11
2290673,14:41:00,14:41:10,stop_point:SP_3252,Mairie Aucamville,12
2290673,14:42:00,14:42:10,stop_point:SP_1128,Favasse,13
2290673,14:43:00,14:43:10,stop_point:SP_619,Aucamville Collège,14
2290673,14:44:00,14:44:10,stop_point:SP_2651,Raudelauzette,15
2290673,14:45:00,14:45:10,stop_point:SP_455,Mariel,16
2290673,14:46:00,14:46:10,stop_point:SP_1577,Peyronnette,17
2290673,14:47:00,14:47:10,stop_point:SP_1718,St-Alban Ctre Cial,18
2290673,14:48:00,14:48:10,stop_point:SP_3784,Egalité,19
2290673,14:48:00,14:48:10,stop_point:SP_1557,Sables,20
2290673,14:49:00,14:49:10,stop_point:SP_641,Mairie St-Alban,21
2290673,14:50:00,14:50:10,stop_point:SP_2759,Ecole St-Alban,22
2290673,14:51:00,14:51:10,stop_point:SP_2178,Gafelaze,23
2290673,14:52:00,14:52:10,stop_point:SP_3651,St-Alban Salvador Allende,24
2290673,14:53:00,14:53:10,stop_point:SP_5169,Fenouillet Ctre Cial - Entrée Sud,25
2290673,14:54:00,14:54:10,stop_point:SP_5248,Fenouillet Ctre Cial - Entrée Nord,26
2290673,14:55:00,14:55:10,stop_point:SP_5247,Fenouillet Ctre Cial - Entrée Nord,27
2290674,14:40:00,14:40:10,stop_point:SP_1175,La Vache,1
2290674,14:42:00,14:42:10,stop_point:SP_327,Pader,2
2290674,14:42:00,14:42:10,stop_point:SP_3826,Le Grand Marché - Pont de La Vache,3
2290674,14:44:00,14:44:10,stop_point:SP_3721,Collège Rosa Parks,4
2290674,14:45:00,14:45:10,stop_point:SP_753,Riché Lalande,5
2290674,14:47:00,14:47:10,stop_point:SP_1880,Lapin,6
2290674,14:48:00,14:48:10,stop_point:SP_1995,Roubiéchou,7
2290674,14:49:00,14:49:10,stop_point:SP_1993,Lapparou,8
2290674,14:50:00,14:50:10,stop_point:SP_2419,Gaussen,9
2290674,14:51:00,14:51:10,stop_point:SP_1499,Salvy,10
2290674,14:52:00,14:52:10,stop_point:SP_445,Eglise Aucamville,11
2290674,14:53:00,14:53:10,stop_point:SP_3252,Mairie Aucamville,12
2290674,14:54:00,14:54:10,stop_point:SP_1128,Favasse,13
2290674,14:55:00,14:55:10,stop_point:SP_619,Aucamville Collège,14
2290674,14:56:00,14:56:10,stop_point:SP_2651,Raudelauzette,15
2290674,14:57:00,14:57:10,stop_point:SP_455,Mariel,16
2290674,14:58:00,14:58:10,stop_point:SP_1577,Peyronnette,17
2290674,14:59:00,14:59:10,stop_point:SP_1718,St-Alban Ctre Cial,18
2290674,15:00:00,15:00:10,stop_point:SP_3784,Egalité,19
2290674,15:00:00,15:00:10,stop_point:SP_1557,Sables,20
2290674,15:01:00,15:01:10,stop_point:SP_641,Mairie St-Alban,21
2290674,15:02:00,15:02:10,stop_point:SP_2759,Ecole St-Alban,22
2290674,15:03:00,15:03:10,stop_point:SP_2178,Gafelaze,23
2290674,15:04:00,15:04:10,stop_point:SP_3651,St-Alban Salvador Allende,24
2290674,15:05:00,15:05:10,stop_point:SP_5169,Fenouillet Ctre Cial - Entrée Sud,25
2290674,15:06:00,15:06:10,stop_point:SP_5248,Fenouillet Ctre Cial - Entrée Nord,26
2290674,15:07:00,15:07:10,stop_point:SP_5247,Fenouillet Ctre Cial - Entrée Nord,27
2290675,14:52:00,14:52:10,stop_point:SP_1175,La Vache,1
2290675,14:54:00,14:54:10,stop_point:SP_327,Pader,2
2290675,14:54:00,14:54:10,stop_point:SP_3826,Le Grand Marché - Pont de La Vache,3
2290675,14:56:00,14:56:10,stop_point:SP_3721,Collège Rosa Parks,4
2290675,14:57:00,14:57:10,stop_point:SP_753,Riché Lalande,5
2290675,14:59:00,14:59:10,stop_point:SP_1880,Lapin,6
2290675,15:00:00,15:00:10,stop_point:SP_1995,Roubiéchou,7
2290675,15:01:00,15:01:10,stop_point:SP_1993,Lapparou,8
2290675,15:02:00,15:02:10,stop_point:SP_2419,Gaussen,9
2290675,15:03:00,15:03:10,stop_point:SP_1499,Salvy,10
2290675,15:04:00,15:04:10,stop_point:SP_445,Eglise Aucamville,11
2290675,15:05:00,15:05:10,stop_point:SP_3252,Mairie Aucamville,12
2290675,15:06:00,15:06:10,stop_point:SP_1128,Favasse,13
2290675,15:07:00,15:07:10,stop_point:SP_619,Aucamville Collège,14
2290675,15:08:00,15:08:10,stop_point:SP_2651,Raudelauzette,15
2290675,15:09:00,15:09:10,stop_point:SP_455,Mariel,16
2290675,15:10:00,15:10:10,stop_point:SP_1577,Peyronnette,17
2290675,15:11:00,15:11:10,stop_point:SP_1718,St-Alban Ctre Cial,18
2290675,15:12:00,15:12:10,stop_point:SP_3784,Egalité,19
2290675,15:12:00,15:12:10,stop_point:SP_1557,Sables,20
2290675,15:13:00,15:13:10,stop_point:SP_641,Mairie St-Alban,21
2290675,15:14:00,15:14:10,stop_point:SP_2759,Ecole St-Alban,22
2290675,15:15:00,15:15:10,stop_point:SP_2178,Gafelaze,23
2290675,15:16:00,15:16:10,stop_point:SP_3651,St-Alban Salvador Allende,24
2290675,15:18:00,15:18:10,stop_point:SP_5169,Fenouillet Ctre Cial - Entrée Sud,25
2290675,15:19:00,15:19:10,stop_point:SP_5248,Fenouillet Ctre Cial - Entrée Nord,26
2290675,15:20:00,15:20:10,stop_point:SP_5247,Fenouillet Ctre Cial - Entrée Nord,27
2290676,15:04:00,15:04:10,stop_point:SP_1175,La Vache,1
2290676,15:06:00,15:06:10,stop_point:SP_327,Pader,2
2290676,15:06:00,15:06:10,stop_point:SP_3826,Le Grand Marché - Pont de La Vache,3
2290676,15:08:00,15:08:10,stop_point:SP_3721,Collège Rosa Parks,4
2290676,15:09:00,15:09:10,stop_point:SP_753,Riché Lalande,5
2290676,15:11:00,15:11:10,stop_point:SP_1880,Lapin,6
2290676,15:12:00,15:12:10,stop_point:SP_1995,Roubiéchou,7
2290676,15:13:00,15:13:10,stop_point:SP_1993,Lapparou,8
2290676,15:14:00,15:14:10,stop_point:SP_2419,Gaussen,9
2290676,15:15:00,15:15:10,stop_point:SP_1499,Salvy,10
2290676,15:16:00,15:16:10,stop_point:SP_445,Eglise Aucamville,11
2290676,15:17:00,15:17:10,stop_point:SP_3252,Mairie Aucamville,12
2290676,15:18:00,15:18:10,stop_point:SP_1128,Favasse,13
2290676,15:19:00,15:19:10,stop_point:SP_619,Aucamville Collège,14
2290676,15:20:00,15:20:10,stop_point:SP_2651,Raudelauzette,15
2290676,15:21:00,15:21:10,stop_point:SP_455,Mariel,16
2290676,15:22:00,15:22:10,stop_point:SP_1577,Peyronnette,17
2290676,15:23:00,15:23:10,stop_point:SP_1718,St-Alban Ctre Cial,18
2290676,15:24:00,15:24:10,stop_point:SP_3784,Egalité,19
2290676,15:24:00,15:24:10,stop_point:SP_1557,Sables,20
2290676,15:25:00,15:25:10,stop_point:SP_641,Mairie St-Alban,21
2290676,15:26:00,15:26:10,stop_point:SP_2759,Ecole St-Alban,22
2290676,15:27:00,15:27:10,stop_point:SP_2178,Gafelaze,23
2290676,15:28:00,15:28:10,stop_point:SP_3651,St-Alban Salvador Allende,24
2290676,15:30:00,15:30:10,stop_point:SP_5169,Fenouillet Ctre Cial - Entrée Sud,25
2290676,15:31:00,15:31:10,stop_point:SP_5248,Fenouillet Ctre Cial - Entrée Nord,26
2290676,15:32:00,15:32:10,stop_point:SP_5247,Fenouillet Ctre Cial - Entrée Nord,27
2290677,15:14:00,15:14:10,stop_point:SP_1175,La Vache,1
2290677,15:16:00,15:16:10,stop_point:SP_327,Pader,2
2290677,15:16:00,15:16:10,stop_point:SP_3826,Le Grand Marché - Pont de La Vache,3
2290677,15:18:00,15:18:10,stop_point:SP_3721,Collège Rosa Parks,4
2290677,15:19:00,15:19:10,stop_point:SP_753,Riché Lalande,5
2290677,15:21:00,15:21:10,stop_point:SP_1880,Lapin,6
2290677,15:22:00,15:22:10,stop_point:SP_1995,Roubiéchou,7
2290677,15:23:00,15:23:10,stop_point:SP_1993,Lapparou,8
2290677,15:24:00,15:24:10,stop_point:SP_2419,Gaussen,9
2290677,15:25:00,15:25:10,stop_point:SP_1499,Salvy,10
2290677,15:26:00,15:26:10,stop_point:SP_445,Eglise Aucamville,11
2290677,15:27:00,15:27:10,stop_point:SP_3252,Mairie Aucamville,12
2290677,15:28:00,15:28:10,stop_point:SP_1128,Favasse,13
2290677,15:29:00,15:29:10,stop_point:SP_619,Aucamville Collège,14
2290677,15:30:00,15:30:10,stop_point:SP_2651,Raudelauzette,15
2290677,15:31:00,15:31:10,stop_point:SP_455,Mariel,16
2290677,15:32:00,15:32:10,stop_point:SP_1577,Peyronnette,17
2290677,15:33:00,15:33:10,stop_point:SP_1718,St-Alban Ctre Cial,18
2290677,15:34:00,15:34:10,stop_point:SP_3784,Egalité,19
2290677,15:34:00,15:34:10,stop_point:SP_1557,Sables,20
2290677,15:35:00,15:35:10,stop_point:SP_641,Mairie St-Alban,21
2290677,15:36:00,15:36:10,stop_point:SP_2759,Ecole St-Alban,22
2290677,15:37:00,15:37:10,stop_point:SP_2178,Gafelaze,23
2290677,15:38:00,15:38:10,stop_point:SP_3651,St-Alban Salvador Allende,24
2290677,15:40:00,15:40:10,stop_point:SP_5169,Fenouillet Ctre Cial - Entrée Sud,25
2290677,15:41:00,15:41:10,stop_point:SP_5248,Fenouillet Ctre Cial - Entrée Nord,26
2290677,15:42:00,15:42:10,stop_point:SP_5247,Fenouillet Ctre Cial - Entrée Nord,27
2290678,15:23:00,15:23:10,stop_point:SP_1175,La Vache,1
2290678,15:25:00,15:25:10,stop_point:SP_327,Pader,2
2290678,15:25:00,15:25:10,stop_point:SP_3826,Le Grand Marché - Pont de La Vache,3
2290678,15:27:00,15:27:10,stop_point:SP_3721,Collège Rosa Parks,4
2290678,15:28:00,15:28:10,stop_point:SP_753,Riché Lalande,5
2290678,15:30:00,15:30:10,stop_point:SP_1880,Lapin,6
2290678,15:31:00,15:31:10,stop_point:SP_1995,Roubiéchou,7
2290678,15:32:00,15:32:10,stop_point:SP_1993,Lapparou,8
2290678,15:33:00,15:33:10,stop_point:SP_2419,Gaussen,9
2290678,15:34:00,15:34:10,stop_point:SP_1499,Salvy,10
2290678,15:35:00,15:35:10,stop_point:SP_445,Eglise Aucamville,11
2290678,15:36:00,15:36:10,stop_point:SP_3252,Mairie Aucamville,12
2290678,15:37:00,15:37:10,stop_point:SP_1128,Favasse,13
2290678,15:38:00,15:38:10,stop_point:SP_619,Aucamville Collège,14
2290678,15:39:00,15:39:10,stop_point:SP_2651,Raudelauzette,15
2290678,15:40:00,15:40:10,stop_point:SP_455,Mariel,16
2290678,15:41:00,15:41:10,stop_point:SP_1577,Peyronnette,17
2290678,15:42:00,15:42:10,stop_point:SP_1718,St-Alban Ctre Cial,18
2290678,15:43:00,15:43:10,stop_point:SP_3784,Egalité,19
2290678,15:43:00,15:43:10,stop_point:SP_1557,Sables,20
2290678,15:44:00,15:44:10,stop_point:SP_641,Mairie St-Alban,21
2290678,15:45:00,15:45:10,stop_point:SP_2759,Ecole St-Alban,22
2290678,15:46:00,15:46:10,stop_point:SP_2178,Gafelaze,23
2290678,15:47:00,15:47:10,stop_point:SP_3651,St-Alban Salvador Allende,24
2290678,15:49:00,15:49:10,stop_point:SP_5169,Fenouillet Ctre Cial - Entrée Sud,25
2290678,15:50:00,15:50:10,stop_point:SP_5248,Fenouillet Ctre Cial - Entrée Nord,26
2290678,15:51:00,15:51:10,stop_point:SP_5247,Fenouillet Ctre Cial - Entrée Nord,27
2290679,15:32:00,15:32:10,stop_point:SP_1175,La Vache,1
2290679,15:34:00,15:34:10,stop_point:SP_327,Pader,2
2290679,15:34:00,15:34:10,stop_point:SP_3826,Le Grand Marché - Pont de La Vache,3
2290679,15:36:00,15:36:10,stop_point:SP_3721,Collège Rosa Parks,4
2290679,15:37:00,15:37:10,stop_point:SP_753,Riché Lalande,5
2290679,15:39:00,15:39:10,stop_point:SP_1880,Lapin,6
2290679,15:40:00,15:40:10,stop_point:SP_1995,Roubiéchou,7
2290679,15:41:00,15:41:10,stop_point:SP_1993,Lapparou,8
2290679,15:42:00,15:42:10,stop_point:SP_2419,Gaussen,9
2290679,15:43:00,15:43:10,stop_point:SP_1499,Salvy,10
2290679,15:44:00,15:44:10,stop_point:SP_445,Eglise Aucamville,11
2290679,15:45:00,15:45:10,stop_point:SP_3252,Mairie Aucamville,12
2290679,15:46:00,15:46:10,stop_point:SP_1128,Favasse,13
2290679,15:47:00,15:47:10,stop_point:SP_619,Aucamville Collège,14
2290679,15:48:00,15:48:10,stop_point:SP_2651,Raudelauzette,15
2290679,15:49:00,15:49:10,stop_point:SP_455,Mariel,16
2290679,15:50:00,15:50:10,stop_point:SP_1577,Peyronnette,17
2290679,15:51:00,15:51:10,stop_point:SP_1718,St-Alban Ctre Cial,18
2290679,15:52:00,15:52:10,stop_point:SP_3784,Egalité,19
2290679,15:52:00,15:52:10,stop_point:SP_1557,Sables,20
2290679,15:53:00,15:53:10,stop_point:SP_641,Mairie St-Alban,21
2290679,15:54:00,15:54:10,stop_point:SP_2759,Ecole St-Alban,22
2290679,15:55:00,15:55:10,stop_point:SP_2178,Gafelaze,23
2290679,15:56:00,15:56:10,stop_point:SP_3651,St-Alban Salvador Allende,24
2290679,15:58:00,15:58:10,stop_point:SP_5169,Fenouillet Ctre Cial - Entrée Sud,25
2290679,15:59:00,15:59:10,stop_point:SP_5248,Fenouillet Ctre Cial - Entrée Nord,26
2290679,16:00:00,16:00:10,stop_point:SP_5247,Fenouillet Ctre Cial - Entrée Nord,27
2290680,15:41:00,15:41:10,stop_point:SP_1175,La Vache,1
2290680,15:43:00,15:43:10,stop_point:SP_327,Pader,2
2290680,15:43:00,15:43:10,stop_point:SP_3826,Le Grand Marché - Pont de La Vache,3
2290680,15:45:00,15:45:10,stop_point:SP_3721,Collège Rosa Parks,4
2290680,15:46:00,15:46:10,stop_point:SP_753,Riché Lalande,5
2290680,15:48:00,15:48:10,stop_point:SP_1880,Lapin,6
2290680,15:49:00,15:49:10,stop_point:SP_1995,Roubiéchou,7
2290680,15:50:00,15:50:10,stop_point:SP_1993,Lapparou,8
2290680,15:51:00,15:51:10,stop_point:SP_2419,Gaussen,9
2290680,15:52:00,15:52:10,stop_point:SP_1499,Salvy,10
2290680,15:53:00,15:53:10,stop_point:SP_445,Eglise Aucamville,11
2290680,15:54:00,15:54:10,stop_point:SP_3252,Mairie Aucamville,12
2290680,15:55:00,15:55:10,stop_point:SP_1128,Favasse,13
2290680,15:56:00,15:56:10,stop_point:SP_619,Aucamville Collège,14
2290680,15:57:00,15:57:10,stop_point:SP_2651,Raudelauzette,15
2290680,15:58:00,15:58:10,stop_point:SP_455,Mariel,16
2290680,15:59:00,15:59:10,stop_point:SP_1577,Peyronnette,17
2290680,16:00:00,16:00:10,stop_point:SP_1718,St-Alban Ctre Cial,18
2290680,16:01:00,16:01:10,stop_point:SP_3784,Egalité,19
2290680,16:01:00,16:01:10,stop_point:SP_1557,Sables,20
2290680,16:02:00,16:02:10,stop_point:SP_641,Mairie St-Alban,21
2290680,16:03:00,16:03:10,stop_point:SP_2759,Ecole St-Alban,22
2290680,16:04:00,16:04:10,stop_point:SP_2178,Gafelaze,23
2290680,16:05:00,16:05:10,stop_point:SP_3651,St-Alban Salvador Allende,24
2290680,16:07:00,16:07:10,stop_point:SP_5169,Fenouillet Ctre Cial - Entrée Sud,25
2290680,16:08:00,16:08:10,stop_point:SP_5248,Fenouillet Ctre Cial - Entrée Nord,26
2290680,16:09:00,16:09:10,stop_point:SP_5247,Fenouillet Ctre Cial - Entrée Nord,27
2290681,15:50:00,15:50:10,stop_point:SP_1175,La Vache,1
2290681,15:52:00,15:52:10,stop_point:SP_327,Pader,2
2290681,15:52:00,15:52:10,stop_point:SP_3826,Le Grand Marché - Pont de La Vache,3
2290681,15:54:00,15:54:10,stop_point:SP_3721,Collège Rosa Parks,4
2290681,15:55:00,15:55:10,stop_point:SP_753,Riché Lalande,5
2290681,15:57:00,15:57:10,stop_point:SP_1880,Lapin,6
2290681,15:58:00,15:58:10,stop_point:SP_1995,Roubiéchou,7
2290681,15:59:00,15:59:10,stop_point:SP_1993,Lapparou,8
2290681,16:00:00,16:00:10,stop_point:SP_2419,Gaussen,9
2290681,16:01:00,16:01:10,stop_point:SP_1499,Salvy,10
2290681,16:02:00,16:02:10,stop_point:SP_445,Eglise Aucamville,11
2290681,16:03:00,16:03:10,stop_point:SP_3252,Mairie Aucamville,12
2290681,16:04:00,16:04:10,stop_point:SP_1128,Favasse,13
2290681,16:05:00,16:05:10,stop_point:SP_619,Aucamville Collège,14
2290681,16:06:00,16:06:10,stop_point:SP_2651,Raudelauzette,15
2290681,16:07:00,16:07:10,stop_point:SP_455,Mariel,16
2290681,16:08:00,16:08:10,stop_point:SP_1577,Peyronnette,17
2290681,16:10:00,16:10:10,stop_point:SP_1718,St-Alban Ctre Cial,18
2290681,16:11:00,16:11:10,stop_point:SP_3784,Egalité,19
2290681,16:11:00,16:11:10,stop_point:SP_1557,Sables,20
2290681,16:12:00,16:12:10,stop_point:SP_641,Mairie St-Alban,21
2290681,16:13:00,16:13:10,stop_point:SP_2759,Ecole St-Alban,22
2290681,16:14:00,16:14:10,stop_point:SP_2178,Gafelaze,23
2290681,16:15:00,16:15:10,stop_point:SP_3651,St-Alban Salvador Allende,24
2290681,16:17:00,16:17:10,stop_point:SP_5169,Fenouillet Ctre Cial - Entrée Sud,25
2290681,16:18:00,16:18:10,stop_point:SP_5248,Fenouillet Ctre Cial - Entrée Nord,26
2290681,16:19:00,16:19:10,stop_point:SP_5247,Fenouillet Ctre Cial - Entrée Nord,27
2290682,15:59:00,15:59:10,stop_point:SP_1175,La Vache,1
2290682,16:01:00,16:01:10,stop_point:SP_327,Pader,2
2290682,16:01:00,16:01:10,stop_point:SP_3826,Le Grand Marché - Pont de La Vache,3
2290682,16:03:00,16:03:10,stop_point:SP_3721,Collège Rosa Parks,4
2290682,16:04:00,16:04:10,stop_point:SP_753,Riché Lalande,5
2290682,16:06:00,16:06:10,stop_point:SP_1880,Lapin,6
2290682,16:07:00,16:07:10,stop_point:SP_1995,Roubiéchou,7
2290682,16:08:00,16:08:10,stop_point:SP_1993,Lapparou,8
2290682,16:10:00,16:10:10,stop_point:SP_2419,Gaussen,9
2290682,16:11:00,16:11:10,stop_point:SP_1499,Salvy,10
2290682,16:12:00,16:12:10,stop_point:SP_445,Eglise Aucamville,11
2290682,16:13:00,16:13:10,stop_point:SP_3252,Mairie Aucamville,12
2290682,16:14:00,16:14:10,stop_point:SP_1128,Favasse,13
2290682,16:15:00,16:15:10,stop_point:SP_619,Aucamville Collège,14
2290682,16:16:00,16:16:10,stop_point:SP_2651,Raudelauzette,15
2290682,16:17:00,16:17:10,stop_point:SP_455,Mariel,16
2290682,16:18:00,16:18:10,stop_point:SP_1577,Peyronnette,17
2290682,16:20:00,16:20:10,stop_point:SP_1718,St-Alban Ctre Cial,18
2290682,16:21:00,16:21:10,stop_point:SP_3784,Egalité,19
2290682,16:21:00,16:21:10,stop_point:SP_1557,Sables,20
2290682,16:22:00,16:22:10,stop_point:SP_641,Mairie St-Alban,21
2290682,16:23:00,16:23:10,stop_point:SP_2759,Ecole St-Alban,22
2290682,16:24:00,16:24:10,stop_point:SP_2178,Gafelaze,23
2290682,16:25:00,16:25:10,stop_point:SP_3651,St-Alban Salvador Allende,24
2290682,16:27:00,16:27:10,stop_point:SP_5169,Fenouillet Ctre Cial - Entrée Sud,25
2290682,16:28:00,16:28:10,stop_point:SP_5248,Fenouillet Ctre Cial - Entrée Nord,26
2290682,16:29:00,16:29:10,stop_point:SP_5247,Fenouillet Ctre Cial - Entrée Nord,27
2290683,16:03:00,16:03:10,stop_point:SP_1175,La Vache,1
2290683,16:05:00,16:05:10,stop_point:SP_327,Pader,2
2290683,16:05:00,16:05:10,stop_point:SP_3826,Le Grand Marché - Pont de La Vache,3
2290683,16:07:00,16:07:10,stop_point:SP_3721,Collège Rosa Parks,4
2290683,16:08:00,16:08:10,stop_point:SP_753,Riché Lalande,5
2290683,16:10:00,16:10:10,stop_point:SP_1880,Lapin,6
2290683,16:11:00,16:11:10,stop_point:SP_1995,Roubiéchou,7
2290683,16:12:00,16:12:10,stop_point:SP_1993,Lapparou,8
2290683,16:14:00,16:14:10,stop_point:SP_2419,Gaussen,9
2290683,16:15:00,16:15:10,stop_point:SP_1499,Salvy,10
2290683,16:16:00,16:16:10,stop_point:SP_445,Eglise Aucamville,11
2290683,16:17:00,16:17:10,stop_point:SP_3252,Mairie Aucamville,12
2290683,16:18:00,16:18:10,stop_point:SP_1128,Favasse,13
2290683,16:19:00,16:19:10,stop_point:SP_619,Aucamville Collège,14
2290683,16:20:00,16:20:10,stop_point:SP_2651,Raudelauzette,15
2290683,16:21:00,16:21:10,stop_point:SP_455,Mariel,16
2290683,16:22:00,16:22:10,stop_point:SP_1577,Peyronnette,17
2290683,16:24:00,16:24:10,stop_point:SP_1718,St-Alban Ctre Cial,18
2290683,16:25:00,16:25:10,stop_point:SP_3784,Egalité,19
2290683,16:25:00,16:25:10,stop_point:SP_1557,Sables,20
2290683,16:26:00,16:26:10,stop_point:SP_641,Mairie St-Alban,21
2290683,16:27:00,16:27:10,stop_point:SP_2759,Ecole St-Alban,22
2290683,16:28:00,16:28:10,stop_point:SP_2178,Gafelaze,23
2290683,16:29:00,16:29:10,stop_point:SP_3651,St-Alban Salvador Allende,24
2290683,16:31:00,16:31:10,stop_point:SP_5169,Fenouillet Ctre Cial - Entrée Sud,25
2290683,16:32:00,16:32:10,stop_point:SP_5248,Fenouillet Ctre Cial - Entrée Nord,26
2290683,16:33:00,16:33:10,stop_point:SP_5247,Fenouillet Ctre Cial - Entrée Nord,27
2290684,16:08:00,16:08:10,stop_point:SP_1175,La Vache,1
2290684,16:10:00,16:10:10,stop_point:SP_327,Pader,2
2290684,16:10:00,16:10:10,stop_point:SP_3826,Le Grand Marché - Pont de La Vache,3
2290684,16:12:00,16:12:10,stop_point:SP_3721,Collège Rosa Parks,4
2290684,16:13:00,16:13:10,stop_point:SP_753,Riché Lalande,5
2290684,16:15:00,16:15:10,stop_point:SP_1880,Lapin,6
2290684,16:16:00,16:16:10,stop_point:SP_1995,Roubiéchou,7
2290684,16:17:00,16:17:10,stop_point:SP_1993,Lapparou,8
2290684,16:19:00,16:19:10,stop_point:SP_2419,Gaussen,9
2290684,16:20:00,16:20:10,stop_point:SP_1499,Salvy,10
2290684,16:21:00,16:21:10,stop_point:SP_445,Eglise Aucamville,11
2290684,16:22:00,16:22:10,stop_point:SP_3252,Mairie Aucamville,12
2290684,16:23:00,16:23:10,stop_point:SP_1128,Favasse,13
2290684,16:24:00,16:24:10,stop_point:SP_619,Aucamville Collège,14
2290684,16:25:00,16:25:10,stop_point:SP_2651,Raudelauzette,15
2290684,16:26:00,16:26:10,stop_point:SP_455,Mariel,16
2290684,16:27:00,16:27:10,stop_point:SP_1577,Peyronnette,17
2290684,16:29:00,16:29:10,stop_point:SP_1718,St-Alban Ctre Cial,18
2290684,16:30:00,16:30:10,stop_point:SP_3784,Egalité,19
2290684,16:30:00,16:30:10,stop_point:SP_1557,Sables,20
2290684,16:31:00,16:31:10,stop_point:SP_641,Mairie St-Alban,21
2290684,16:32:00,16:32:10,stop_point:SP_2759,Ecole St-Alban,22
2290684,16:33:00,16:33:10,stop_point:SP_2178,Gafelaze,23
2290684,16:34:00,16:34:10,stop_point:SP_3651,St-Alban Salvador Allende,24
2290684,16:36:00,16:36:10,stop_point:SP_5169,Fenouillet Ctre Cial - Entrée Sud,25
2290684,16:37:00,16:37:10,stop_point:SP_5248,Fenouillet Ctre Cial - Entrée Nord,26
2290684,16:38:00,16:38:10,stop_point:SP_5247,Fenouillet Ctre Cial - Entrée Nord,27
2290685,16:17:00,16:17:10,stop_point:SP_1175,La Vache,1
2290685,16:19:00,16:19:10,stop_point:SP_327,Pader,2
2290685,16:19:00,16:19:10,stop_point:SP_3826,Le Grand Marché - Pont de La Vache,3
2290685,16:21:00,16:21:10,stop_point:SP_3721,Collège Rosa Parks,4
2290685,16:22:00,16:22:10,stop_point:SP_753,Riché Lalande,5
2290685,16:24:00,16:24:10,stop_point:SP_1880,Lapin,6
2290685,16:25:00,16:25:10,stop_point:SP_1995,Roubiéchou,7
2290685,16:26:00,16:26:10,stop_point:SP_1993,Lapparou,8
2290685,16:28:00,16:28:10,stop_point:SP_2419,Gaussen,9
2290685,16:29:00,16:29:10,stop_point:SP_1499,Salvy,10
2290685,16:30:00,16:30:10,stop_point:SP_445,Eglise Aucamville,11
2290685,16:31:00,16:31:10,stop_point:SP_3252,Mairie Aucamville,12
2290685,16:32:00,16:32:10,stop_point:SP_1128,Favasse,13
2290685,16:33:00,16:33:10,stop_point:SP_619,Aucamville Collège,14
2290685,16:34:00,16:34:10,stop_point:SP_2651,Raudelauzette,15
2290685,16:35:00,16:35:10,stop_point:SP_455,Mariel,16
2290685,16:36:00,16:36:10,stop_point:SP_1577,Peyronnette,17
2290685,16:38:00,16:38:10,stop_point:SP_1718,St-Alban Ctre Cial,18
2290685,16:39:00,16:39:10,stop_point:SP_3784,Egalité,19
2290685,16:39:00,16:39:10,stop_point:SP_1557,Sables,20
2290685,16:40:00,16:40:10,stop_point:SP_641,Mairie St-Alban,21
2290685,16:41:00,16:41:10,stop_point:SP_2759,Ecole St-Alban,22
2290685,16:42:00,16:42:10,stop_point:SP_2178,Gafelaze,23
2290685,16:43:00,16:43:10,stop_point:SP_3651,St-Alban Salvador Allende,24
2290685,16:45:00,16:45:10,stop_point:SP_5169,Fenouillet Ctre Cial - Entrée Sud,25
2290685,16:46:00,16:46:10,stop_point:SP_5248,Fenouillet Ctre Cial - Entrée Nord,26
2290685,16:47:00,16:47:10,stop_point:SP_5247,Fenouillet Ctre Cial - Entrée Nord,27
2290686,16:21:00,16:21:10,stop_point:SP_1175,La Vache,1
2290686,16:23:00,16:23:10,stop_point:SP_327,Pader,2
2290686,16:23:00,16:23:10,stop_point:SP_3826,Le Grand Marché - Pont de La Vache,3
2290686,16:25:00,16:25:10,stop_point:SP_3721,Collège Rosa Parks,4
2290686,16:26:00,16:26:10,stop_point:SP_753,Riché Lalande,5
2290686,16:28:00,16:28:10,stop_point:SP_1880,Lapin,6
2290686,16:29:00,16:29:10,stop_point:SP_1995,Roubiéchou,7
2290686,16:30:00,16:30:10,stop_point:SP_1993,Lapparou,8
2290686,16:32:00,16:32:10,stop_point:SP_2419,Gaussen,9
2290686,16:33:00,16:33:10,stop_point:SP_1499,Salvy,10
2290686,16:34:00,16:34:10,stop_point:SP_445,Eglise Aucamville,11
2290686,16:35:00,16:35:10,stop_point:SP_3252,Mairie Aucamville,12
2290686,16:36:00,16:36:10,stop_point:SP_1128,Favasse,13
2290686,16:37:00,16:37:10,stop_point:SP_619,Aucamville Collège,14
2290686,16:38:00,16:38:10,stop_point:SP_2651,Raudelauzette,15
2290686,16:39:00,16:39:10,stop_point:SP_455,Mariel,16
2290686,16:40:00,16:40:10,stop_point:SP_1577,Peyronnette,17
2290686,16:42:00,16:42:10,stop_point:SP_1718,St-Alban Ctre Cial,18
2290686,16:43:00,16:43:10,stop_point:SP_3784,Egalité,19
2290686,16:43:00,16:43:10,stop_point:SP_1557,Sables,20
2290686,16:44:00,16:44:10,stop_point:SP_641,Mairie St-Alban,21
2290686,16:45:00,16:45:10,stop_point:SP_2759,Ecole St-Alban,22
2290686,16:46:00,16:46:10,stop_point:SP_2178,Gafelaze,23
2290686,16:47:00,16:47:10,stop_point:SP_3651,St-Alban Salvador Allende,24
2290686,16:49:00,16:49:10,stop_point:SP_5169,Fenouillet Ctre Cial - Entrée Sud,25
2290686,16:50:00,16:50:10,stop_point:SP_5248,Fenouillet Ctre Cial - Entrée Nord,26
2290686,16:51:00,16:51:10,stop_point:SP_5247,Fenouillet Ctre Cial - Entrée Nord,27
2290687,16:26:00,16:26:10,stop_point:SP_1175,La Vache,1
2290687,16:28:00,16:28:10,stop_point:SP_327,Pader,2
2290687,16:28:00,16:28:10,stop_point:SP_3826,Le Grand Marché - Pont de La Vache,3
2290687,16:30:00,16:30:10,stop_point:SP_3721,Collège Rosa Parks,4
2290687,16:31:00,16:31:10,stop_point:SP_753,Riché Lalande,5
2290687,16:33:00,16:33:10,stop_point:SP_1880,Lapin,6
2290687,16:34:00,16:34:10,stop_point:SP_1995,Roubiéchou,7
2290687,16:35:00,16:35:10,stop_point:SP_1993,Lapparou,8
2290687,16:37:00,16:37:10,stop_point:SP_2419,Gaussen,9
2290687,16:38:00,16:38:10,stop_point:SP_1499,Salvy,10
2290687,16:39:00,16:39:10,stop_point:SP_445,Eglise Aucamville,11
2290687,16:40:00,16:40:10,stop_point:SP_3252,Mairie Aucamville,12
2290687,16:41:00,16:41:10,stop_point:SP_1128,Favasse,13
2290687,16:42:00,16:42:10,stop_point:SP_619,Aucamville Collège,14
2290687,16:43:00,16:43:10,stop_point:SP_2651,Raudelauzette,15
2290687,16:44:00,16:44:10,stop_point:SP_455,Mariel,16
2290687,16:45:00,16:45:10,stop_point:SP_1577,Peyronnette,17
2290687,16:47:00,16:47:10,stop_point:SP_1718,St-Alban Ctre Cial,18
2290687,16:48:00,16:48:10,stop_point:SP_3784,Egalité,19
2290687,16:48:00,16:48:10,stop_point:SP_1557,Sables,20
2290687,16:49:00,16:49:10,stop_point:SP_641,Mairie St-Alban,21
2290687,16:50:00,16:50:10,stop_point:SP_2759,Ecole St-Alban,22
2290687,16:51:00,16:51:10,stop_point:SP_2178,Gafelaze,23
2290687,16:52:00,16:52:10,stop_point:SP_3651,St-Alban Salvador Allende,24
2290687,16:54:00,16:54:10,stop_point:SP_5169,Fenouillet Ctre Cial - Entrée Sud,25
2290687,16:55:00,16:55:10,stop_point:SP_5248,Fenouillet Ctre Cial - Entrée Nord,26
2290687,16:56:00,16:56:10,stop_point:SP_5247,Fenouillet Ctre Cial - Entrée Nord,27
2290688,16:35:00,16:35:10,stop_point:SP_1175,La Vache,1
2290688,16:37:00,16:37:10,stop_point:SP_327,Pader,2
2290688,16:37:00,16:37:10,stop_point:SP_3826,Le Grand Marché - Pont de La Vache,3
2290688,16:39:00,16:39:10,stop_point:SP_3721,Collège Rosa Parks,4
2290688,16:40:00,16:40:10,stop_point:SP_753,Riché Lalande,5
2290688,16:42:00,16:42:10,stop_point:SP_1880,Lapin,6
2290688,16:44:00,16:44:10,stop_point:SP_1995,Roubiéchou,7
2290688,16:44:00,16:44:10,stop_point:SP_1993,Lapparou,8
2290688,16:46:00,16:46:10,stop_point:SP_2419,Gaussen,9
2290688,16:48:00,16:48:10,stop_point:SP_1499,Salvy,10
2290688,16:49:00,16:49:10,stop_point:SP_445,Eglise Aucamville,11
2290688,16:50:00,16:50:10,stop_point:SP_3252,Mairie Aucamville,12
2290688,16:51:00,16:51:10,stop_point:SP_1128,Favasse,13
2290688,16:52:00,16:52:10,stop_point:SP_619,Aucamville Collège,14
2290688,16:53:00,16:53:10,stop_point:SP_2651,Raudelauzette,15
2290688,16:54:00,16:54:10,stop_point:SP_455,Mariel,16
2290688,16:55:00,16:55:10,stop_point:SP_1577,Peyronnette,17
2290688,16:57:00,16:57:10,stop_point:SP_1718,St-Alban Ctre Cial,18
2290688,16:58:00,16:58:10,stop_point:SP_3784,Egalité,19
2290688,16:58:00,16:58:10,stop_point:SP_1557,Sables,20
2290688,16:59:00,16:59:10,stop_point:SP_641,Mairie St-Alban,21
2290688,17:00:00,17:00:10,stop_point:SP_2759,Ecole St-Alban,22
2290688,17:01:00,17:01:10,stop_point:SP_2178,Gafelaze,23
2290688,17:02:00,17:02:10,stop_point:SP_3651,St-Alban Salvador Allende,24
2290688,17:04:00,17:04:10,stop_point:SP_5169,Fenouillet Ctre Cial - Entrée Sud,25
2290688,17:05:00,17:05:10,stop_point:SP_5248,Fenouillet Ctre Cial - Entrée Nord,26
2290688,17:06:00,17:06:10,stop_point:SP_5247,Fenouillet Ctre Cial - Entrée Nord,27
2290689,16:44:00,16:44:10,stop_point:SP_1175,La Vache,1
2290689,16:46:00,16:46:10,stop_point:SP_327,Pader,2
2290689,16:46:00,16:46:10,stop_point:SP_3826,Le Grand Marché - Pont de La Vache,3
2290689,16:48:00,16:48:10,stop_point:SP_3721,Collège Rosa Parks,4
2290689,16:49:00,16:49:10,stop_point:SP_753,Riché Lalande,5
2290689,16:51:00,16:51:10,stop_point:SP_1880,Lapin,6
2290689,16:53:00,16:53:10,stop_point:SP_1995,Roubiéchou,7
2290689,16:53:00,16:53:10,stop_point:SP_1993,Lapparou,8
2290689,16:55:00,16:55:10,stop_point:SP_2419,Gaussen,9
2290689,16:57:00,16:57:10,stop_point:SP_1499,Salvy,10
2290689,16:58:00,16:58:10,stop_point:SP_445,Eglise Aucamville,11
2290689,16:59:00,16:59:10,stop_point:SP_3252,Mairie Aucamville,12
2290689,17:00:00,17:00:10,stop_point:SP_1128,Favasse,13
2290689,17:01:00,17:01:10,stop_point:SP_619,Aucamville Collège,14
2290689,17:02:00,17:02:10,stop_point:SP_2651,Raudelauzette,15
2290689,17:03:00,17:03:10,stop_point:SP_455,Mariel,16
2290689,17:04:00,17:04:10,stop_point:SP_1577,Peyronnette,17
2290689,17:06:00,17:06:10,stop_point:SP_1718,St-Alban Ctre Cial,18
2290689,17:07:00,17:07:10,stop_point:SP_3784,Egalité,19
2290689,17:07:00,17:07:10,stop_point:SP_1557,Sables,20
2290689,17:08:00,17:08:10,stop_point:SP_641,Mairie St-Alban,21
2290689,17:09:00,17:09:10,stop_point:SP_2759,Ecole St-Alban,22
2290689,17:10:00,17:10:10,stop_point:SP_2178,Gafelaze,23
2290689,17:11:00,17:11:10,stop_point:SP_3651,St-Alban Salvador Allende,24
2290689,17:13:00,17:13:10,stop_point:SP_5169,Fenouillet Ctre Cial - Entrée Sud,25
2290689,17:14:00,17:14:10,stop_point:SP_5248,Fenouillet Ctre Cial - Entrée Nord,26
2290689,17:15:00,17:15:10,stop_point:SP_5247,Fenouillet Ctre Cial - Entrée Nord,27
2290690,16:53:00,16:53:10,stop_point:SP_1175,La Vache,1
2290690,16:55:00,16:55:10,stop_point:SP_327,Pader,2
2290690,16:55:00,16:55:10,stop_point:SP_3826,Le Grand Marché - Pont de La Vache,3
2290690,16:57:00,16:57:10,stop_point:SP_3721,Collège Rosa Parks,4
2290690,16:58:00,16:58:10,stop_point:SP_753,Riché Lalande,5
2290690,17:00:00,17:00:10,stop_point:SP_1880,Lapin,6
2290690,17:02:00,17:02:10,stop_point:SP_1995,Roubiéchou,7
2290690,17:02:00,17:02:10,stop_point:SP_1993,Lapparou,8
2290690,17:04:00,17:04:10,stop_point:SP_2419,Gaussen,9
2290690,17:06:00,17:06:10,stop_point:SP_1499,Salvy,10
2290690,17:07:00,17:07:10,stop_point:SP_445,Eglise Aucamville,11
2290690,17:08:00,17:08:10,stop_point:SP_3252,Mairie Aucamville,12
2290690,17:09:00,17:09:10,stop_point:SP_1128,Favasse,13
2290690,17:11:00,17:11:10,stop_point:SP_619,Aucamville Collège,14
2290690,17:12:00,17:12:10,stop_point:SP_2651,Raudelauzette,15
2290690,17:13:00,17:13:10,stop_point:SP_455,Mariel,16
2290690,17:14:00,17:14:10,stop_point:SP_1577,Peyronnette,17
2290690,17:16:00,17:16:10,stop_point:SP_1718,St-Alban Ctre Cial,18
2290690,17:17:00,17:17:10,stop_point:SP_3784,Egalité,19
2290690,17:17:00,17:17:10,stop_point:SP_1557,Sables,20
2290690,17:18:00,17:18:10,stop_point:SP_641,Mairie St-Alban,21
2290690,17:19:00,17:19:10,stop_point:SP_2759,Ecole St-Alban,22
2290690,17:20:00,17:20:10,stop_point:SP_2178,Gafelaze,23
2290690,17:21:00,17:21:10,stop_point:SP_3651,St-Alban Salvador Allende,24
2290690,17:23:00,17:23:10,stop_point:SP_5169,Fenouillet Ctre Cial - Entrée Sud,25
2290690,17:24:00,17:24:10,stop_point:SP_5248,Fenouillet Ctre Cial - Entrée Nord,26
2290690,17:25:00,17:25:10,stop_point:SP_5247,Fenouillet Ctre Cial - Entrée Nord,27
2290691,16:57:00,16:57:10,stop_point:SP_1175,La Vache,1
2290691,16:59:00,16:59:10,stop_point:SP_327,Pader,2
2290691,16:59:00,16:59:10,stop_point:SP_3826,Le Grand Marché - Pont de La Vache,3
2290691,17:01:00,17:01:10,stop_point:SP_3721,Collège Rosa Parks,4
2290691,17:02:00,17:02:10,stop_point:SP_753,Riché Lalande,5
2290691,17:04:00,17:04:10,stop_point:SP_1880,Lapin,6
2290691,17:06:00,17:06:10,stop_point:SP_1995,Roubiéchou,7
2290691,17:06:00,17:06:10,stop_point:SP_1993,Lapparou,8
2290691,17:08:00,17:08:10,stop_point:SP_2419,Gaussen,9
2290691,17:10:00,17:10:10,stop_point:SP_1499,Salvy,10
2290691,17:11:00,17:11:10,stop_point:SP_445,Eglise Aucamville,11
2290691,17:12:00,17:12:10,stop_point:SP_3252,Mairie Aucamville,12
2290691,17:13:00,17:13:10,stop_point:SP_1128,Favasse,13
2290691,17:15:00,17:15:10,stop_point:SP_619,Aucamville Collège,14
2290691,17:16:00,17:16:10,stop_point:SP_2651,Raudelauzette,15
2290691,17:17:00,17:17:10,stop_point:SP_455,Mariel,16
2290691,17:18:00,17:18:10,stop_point:SP_1577,Peyronnette,17
2290691,17:20:00,17:20:10,stop_point:SP_1718,St-Alban Ctre Cial,18
2290691,17:21:00,17:21:10,stop_point:SP_3784,Egalité,19
2290691,17:21:00,17:21:10,stop_point:SP_1557,Sables,20
2290691,17:22:00,17:22:10,stop_point:SP_641,Mairie St-Alban,21
2290691,17:23:00,17:23:10,stop_point:SP_2759,Ecole St-Alban,22
2290691,17:24:00,17:24:10,stop_point:SP_2178,Gafelaze,23
2290691,17:25:00,17:25:10,stop_point:SP_3651,St-Alban Salvador Allende,24
2290691,17:27:00,17:27:10,stop_point:SP_5169,Fenouillet Ctre Cial - Entrée Sud,25
2290691,17:28:00,17:28:10,stop_point:SP_5248,Fenouillet Ctre Cial - Entrée Nord,26
2290691,17:29:00,17:29:10,stop_point:SP_5247,Fenouillet Ctre Cial - Entrée Nord,27
2290692,17:02:00,17:02:10,stop_point:SP_1175,La Vache,1
2290692,17:04:00,17:04:10,stop_point:SP_327,Pader,2
2290692,17:04:00,17:04:10,stop_point:SP_3826,Le Grand Marché - Pont de La Vache,3
2290692,17:06:00,17:06:10,stop_point:SP_3721,Collège Rosa Parks,4
2290692,17:07:00,17:07:10,stop_point:SP_753,Riché Lalande,5
2290692,17:09:00,17:09:10,stop_point:SP_1880,Lapin,6
2290692,17:11:00,17:11:10,stop_point:SP_1995,Roubiéchou,7
2290692,17:11:00,17:11:10,stop_point:SP_1993,Lapparou,8
2290692,17:13:00,17:13:10,stop_point:SP_2419,Gaussen,9
2290692,17:15:00,17:15:10,stop_point:SP_1499,Salvy,10
2290692,17:16:00,17:16:10,stop_point:SP_445,Eglise Aucamville,11
2290692,17:17:00,17:17:10,stop_point:SP_3252,Mairie Aucamville,12
2290692,17:18:00,17:18:10,stop_point:SP_1128,Favasse,13
2290692,17:20:00,17:20:10,stop_point:SP_619,Aucamville Collège,14
2290692,17:21:00,17:21:10,stop_point:SP_2651,Raudelauzette,15
2290692,17:22:00,17:22:10,stop_point:SP_455,Mariel,16
2290692,17:23:00,17:23:10,stop_point:SP_1577,Peyronnette,17
2290692,17:25:00,17:25:10,stop_point:SP_1718,St-Alban Ctre Cial,18
2290692,17:26:00,17:26:10,stop_point:SP_3784,Egalité,19
2290692,17:26:00,17:26:10,stop_point:SP_1557,Sables,20
2290692,17:27:00,17:27:10,stop_point:SP_641,Mairie St-Alban,21
2290692,17:28:00,17:28:10,stop_point:SP_2759,Ecole St-Alban,22
2290692,17:29:00,17:29:10,stop_point:SP_2178,Gafelaze,23
2290692,17:30:00,17:30:10,stop_point:SP_3651,St-Alban Salvador Allende,24
2290692,17:32:00,17:32:10,stop_point:SP_5169,Fenouillet Ctre Cial - Entrée Sud,25
2290692,17:33:00,17:33:10,stop_point:SP_5248,Fenouillet Ctre Cial - Entrée Nord,26
2290692,17:34:00,17:34:10,stop_point:SP_5247,Fenouillet Ctre Cial - Entrée Nord,27
2290693,17:11:00,17:11:10,stop_point:SP_1175,La Vache,1
2290693,17:13:00,17:13:10,stop_point:SP_327,Pader,2
2290693,17:13:00,17:13:10,stop_point:SP_3826,Le Grand Marché - Pont de La Vache,3
2290693,17:15:00,17:15:10,stop_point:SP_3721,Collège Rosa Parks,4
2290693,17:16:00,17:16:10,stop_point:SP_753,Riché Lalande,5
2290693,17:18:00,17:18:10,stop_point:SP_1880,Lapin,6
2290693,17:20:00,17:20:10,stop_point:SP_1995,Roubiéchou,7
2290693,17:20:00,17:20:10,stop_point:SP_1993,Lapparou,8
2290693,17:22:00,17:22:10,stop_point:SP_2419,Gaussen,9
2290693,17:24:00,17:24:10,stop_point:SP_1499,Salvy,10
2290693,17:25:00,17:25:10,stop_point:SP_445,Eglise Aucamville,11
2290693,17:26:00,17:26:10,stop_point:SP_3252,Mairie Aucamville,12
2290693,17:27:00,17:27:10,stop_point:SP_1128,Favasse,13
2290693,17:29:00,17:29:10,stop_point:SP_619,Aucamville Collège,14
2290693,17:30:00,17:30:10,stop_point:SP_2651,Raudelauzette,15
2290693,17:31:00,17:31:10,stop_point:SP_455,Mariel,16
2290693,17:32:00,17:32:10,stop_point:SP_1577,Peyronnette,17
2290693,17:34:00,17:34:10,stop_point:SP_1718,St-Alban Ctre Cial,18
2290693,17:35:00,17:35:10,stop_point:SP_3784,Egalité,19
2290693,17:35:00,17:35:10,stop_point:SP_1557,Sables,20
2290693,17:36:00,17:36:10,stop_point:SP_641,Mairie St-Alban,21
2290693,17:37:00,17:37:10,stop_point:SP_2759,Ecole St-Alban,22
2290693,17:38:00,17:38:10,stop_point:SP_2178,Gafelaze,23
2290693,17:39:00,17:39:10,stop_point:SP_3651,St-Alban Salvador Allende,24
2290693,17:41:00,17:41:10,stop_point:SP_5169,Fenouillet Ctre Cial - Entrée Sud,25
2290693,17:42:00,17:42:10,stop_point:SP_5248,Fenouillet Ctre Cial - Entrée Nord,26
2290693,17:43:00,17:43:10,stop_point:SP_5247,Fenouillet Ctre Cial - Entrée Nord,27
2290694,17:20:00,17:20:10,stop_point:SP_1175,La Vache,1
2290694,17:22:00,17:22:10,stop_point:SP_327,Pader,2
2290694,17:22:00,17:22:10,stop_point:SP_3826,Le Grand Marché - Pont de La Vache,3
2290694,17:24:00,17:24:10,stop_point:SP_3721,Collège Rosa Parks,4
2290694,17:25:00,17:25:10,stop_point:SP_753,Riché Lalande,5
2290694,17:27:00,17:27:10,stop_point:SP_1880,Lapin,6
2290694,17:29:00,17:29:10,stop_point:SP_1995,Roubiéchou,7
2290694,17:29:00,17:29:10,stop_point:SP_1993,Lapparou,8
2290694,17:31:00,17:31:10,stop_point:SP_2419,Gaussen,9
2290694,17:33:00,17:33:10,stop_point:SP_1499,Salvy,10
2290694,17:34:00,17:34:10,stop_point:SP_445,Eglise Aucamville,11
2290694,17:35:00,17:35:10,stop_point:SP_3252,Mairie Aucamville,12
2290694,17:36:00,17:36:10,stop_point:SP_1128,Favasse,13
2290694,17:38:00,17:38:10,stop_point:SP_619,Aucamville Collège,14
2290694,17:39:00,17:39:10,stop_point:SP_2651,Raudelauzette,15
2290694,17:40:00,17:40:10,stop_point:SP_455,Mariel,16
2290694,17:41:00,17:41:10,stop_point:SP_1577,Peyronnette,17
2290694,17:43:00,17:43:10,stop_point:SP_1718,St-Alban Ctre Cial,18
2290694,17:44:00,17:44:10,stop_point:SP_3784,Egalité,19
2290694,17:44:00,17:44:10,stop_point:SP_1557,Sables,20
2290694,17:45:00,17:45:10,stop_point:SP_641,Mairie St-Alban,21
2290694,17:46:00,17:46:10,stop_point:SP_2759,Ecole St-Alban,22
2290694,17:47:00,17:47:10,stop_point:SP_2178,Gafelaze,23
2290694,17:48:00,17:48:10,stop_point:SP_3651,St-Alban Salvador Allende,24
2290694,17:50:00,17:50:10,stop_point:SP_5169,Fenouillet Ctre Cial - Entrée Sud,25
2290694,17:51:00,17:51:10,stop_point:SP_5248,Fenouillet Ctre Cial - Entrée Nord,26
2290694,17:52:00,17:52:10,stop_point:SP_5247,Fenouillet Ctre Cial - Entrée Nord,27
2290695,17:29:00,17:29:10,stop_point:SP_1175,La Vache,1
2290695,17:31:00,17:31:10,stop_point:SP_327,Pader,2
2290695,17:31:00,17:31:10,stop_point:SP_3826,Le Grand Marché - Pont de La Vache,3
2290695,17:33:00,17:33:10,stop_point:SP_3721,Collège Rosa Parks,4
2290695,17:34:00,17:34:10,stop_point:SP_753,Riché Lalande,5
2290695,17:36:00,17:36:10,stop_point:SP_1880,Lapin,6
2290695,17:38:00,17:38:10,stop_point:SP_1995,Roubiéchou,7
2290695,17:38:00,17:38:10,stop_point:SP_1993,Lapparou,8
2290695,17:40:00,17:40:10,stop_point:SP_2419,Gaussen,9
2290695,17:42:00,17:42:10,stop_point:SP_1499,Salvy,10
2290695,17:43:00,17:43:10,stop_point:SP_445,Eglise Aucamville,11
2290695,17:44:00,17:44:10,stop_point:SP_3252,Mairie Aucamville,12
2290695,17:45:00,17:45:10,stop_point:SP_1128,Favasse,13
2290695,17:47:00,17:47:10,stop_point:SP_619,Aucamville Collège,14
2290695,17:48:00,17:48:10,stop_point:SP_2651,Raudelauzette,15
2290695,17:49:00,17:49:10,stop_point:SP_455,Mariel,16
2290695,17:50:00,17:50:10,stop_point:SP_1577,Peyronnette,17
2290695,17:52:00,17:52:10,stop_point:SP_1718,St-Alban Ctre Cial,18
2290695,17:53:00,17:53:10,stop_point:SP_3784,Egalité,19
2290695,17:53:00,17:53:10,stop_point:SP_1557,Sables,20
2290695,17:54:00,17:54:10,stop_point:SP_641,Mairie St-Alban,21
2290695,17:55:00,17:55:10,stop_point:SP_2759,Ecole St-Alban,22
2290695,17:56:00,17:56:10,stop_point:SP_2178,Gafelaze,23
2290695,17:57:00,17:57:10,stop_point:SP_3651,St-Alban Salvador Allende,24
2290695,17:59:00,17:59:10,stop_point:SP_5169,Fenouillet Ctre Cial - Entrée Sud,25
2290695,18:00:00,18:00:10,stop_point:SP_5248,Fenouillet Ctre Cial - Entrée Nord,26
2290695,18:01:00,18:01:10,stop_point:SP_5247,Fenouillet Ctre Cial - Entrée Nord,27
2290696,17:38:00,17:38:10,stop_point:SP_1175,La Vache,1
2290696,17:40:00,17:40:10,stop_point:SP_327,Pader,2
2290696,17:40:00,17:40:10,stop_point:SP_3826,Le Grand Marché - Pont de La Vache,3
2290696,17:42:00,17:42:10,stop_point:SP_3721,Collège Rosa Parks,4
2290696,17:43:00,17:43:10,stop_point:SP_753,Riché Lalande,5
2290696,17:45:00,17:45:10,stop_point:SP_1880,Lapin,6
2290696,17:47:00,17:47:10,stop_point:SP_1995,Roubiéchou,7
2290696,17:47:00,17:47:10,stop_point:SP_1993,Lapparou,8
2290696,17:49:00,17:49:10,stop_point:SP_2419,Gaussen,9
2290696,17:51:00,17:51:10,stop_point:SP_1499,Salvy,10
2290696,17:52:00,17:52:10,stop_point:SP_445,Eglise Aucamville,11
2290696,17:53:00,17:53:10,stop_point:SP_3252,Mairie Aucamville,12
2290696,17:54:00,17:54:10,stop_point:SP_1128,Favasse,13
2290696,17:56:00,17:56:10,stop_point:SP_619,Aucamville Collège,14
2290696,17:57:00,17:57:10,stop_point:SP_2651,Raudelauzette,15
2290696,17:58:00,17:58:10,stop_point:SP_455,Mariel,16
2290696,17:59:00,17:59:10,stop_point:SP_1577,Peyronnette,17
2290696,18:01:00,18:01:10,stop_point:SP_1718,St-Alban Ctre Cial,18
2290696,18:02:00,18:02:10,stop_point:SP_3784,Egalité,19
2290696,18:02:00,18:02:10,stop_point:SP_1557,Sables,20
2290696,18:03:00,18:03:10,stop_point:SP_641,Mairie St-Alban,21
2290696,18:04:00,18:04:10,stop_point:SP_2759,Ecole St-Alban,22
2290696,18:05:00,18:05:10,stop_point:SP_2178,Gafelaze,23
2290696,18:06:00,18:06:10,stop_point:SP_3651,St-Alban Salvador Allende,24
2290696,18:08:00,18:08:10,stop_point:SP_5169,Fenouillet Ctre Cial - Entrée Sud,25
2290696,18:09:00,18:09:10,stop_point:SP_5248,Fenouillet Ctre Cial - Entrée Nord,26
2290696,18:10:00,18:10:10,stop_point:SP_5247,Fenouillet Ctre Cial - Entrée Nord,27
2290697,17:47:00,17:47:10,stop_point:SP_1175,La Vache,1
2290697,17:49:00,17:49:10,stop_point:SP_327,Pader,2
2290697,17:49:00,17:49:10,stop_point:SP_3826,Le Grand Marché - Pont de La Vache,3
2290697,17:51:00,17:51:10,stop_point:SP_3721,Collège Rosa Parks,4
2290697,17:52:00,17:52:10,stop_point:SP_753,Riché Lalande,5
2290697,17:54:00,17:54:10,stop_point:SP_1880,Lapin,6
2290697,17:56:00,17:56:10,stop_point:SP_1995,Roubiéchou,7
2290697,17:56:00,17:56:10,stop_point:SP_1993,Lapparou,8
2290697,17:58:00,17:58:10,stop_point:SP_2419,Gaussen,9
2290697,18:00:00,18:00:10,stop_point:SP_1499,Salvy,10
2290697,18:01:00,18:01:10,stop_point:SP_445,Eglise Aucamville,11
2290697,18:02:00,18:02:10,stop_point:SP_3252,Mairie Aucamville,12
2290697,18:03:00,18:03:10,stop_point:SP_1128,Favasse,13
2290697,18:05:00,18:05:10,stop_point:SP_619,Aucamville Collège,14
2290697,18:06:00,18:06:10,stop_point:SP_2651,Raudelauzette,15
2290697,18:07:00,18:07:10,stop_point:SP_455,Mariel,16
2290697,18:08:00,18:08:10,stop_point:SP_1577,Peyronnette,17
2290697,18:10:00,18:10:10,stop_point:SP_1718,St-Alban Ctre Cial,18
2290697,18:11:00,18:11:10,stop_point:SP_3784,Egalité,19
2290697,18:11:00,18:11:10,stop_point:SP_1557,Sables,20
2290697,18:12:00,18:12:10,stop_point:SP_641,Mairie St-Alban,21
2290697,18:13:00,18:13:10,stop_point:SP_2759,Ecole St-Alban,22
2290697,18:14:00,18:14:10,stop_point:SP_2178,Gafelaze,23
2290697,18:15:00,18:15:10,stop_point:SP_3651,St-Alban Salvador Allende,24
2290697,18:17:00,18:17:10,stop_point:SP_5169,Fenouillet Ctre Cial - Entrée Sud,25
2290697,18:18:00,18:18:10,stop_point:SP_5248,Fenouillet Ctre Cial - Entrée Nord,26
2290697,18:19:00,18:19:10,stop_point:SP_5247,Fenouillet Ctre Cial - Entrée Nord,27
2290698,17:51:00,17:51:10,stop_point:SP_1175,La Vache,1
2290698,17:53:00,17:53:10,stop_point:SP_327,Pader,2
2290698,17:53:00,17:53:10,stop_point:SP_3826,Le Grand Marché - Pont de La Vache,3
2290698,17:55:00,17:55:10,stop_point:SP_3721,Collège Rosa Parks,4
2290698,17:56:00,17:56:10,stop_point:SP_753,Riché Lalande,5
2290698,17:58:00,17:58:10,stop_point:SP_1880,Lapin,6
2290698,18:00:00,18:00:10,stop_point:SP_1995,Roubiéchou,7
2290698,18:00:00,18:00:10,stop_point:SP_1993,Lapparou,8
2290698,18:02:00,18:02:10,stop_point:SP_2419,Gaussen,9
2290698,18:04:00,18:04:10,stop_point:SP_1499,Salvy,10
2290698,18:05:00,18:05:10,stop_point:SP_445,Eglise Aucamville,11
2290698,18:06:00,18:06:10,stop_point:SP_3252,Mairie Aucamville,12
2290698,18:07:00,18:07:10,stop_point:SP_1128,Favasse,13
2290698,18:09:00,18:09:10,stop_point:SP_619,Aucamville Collège,14
2290698,18:10:00,18:10:10,stop_point:SP_2651,Raudelauzette,15
2290698,18:11:00,18:11:10,stop_point:SP_455,Mariel,16
2290698,18:12:00,18:12:10,stop_point:SP_1577,Peyronnette,17
2290698,18:14:00,18:14:10,stop_point:SP_1718,St-Alban Ctre Cial,18
2290698,18:15:00,18:15:10,stop_point:SP_3784,Egalité,19
2290698,18:15:00,18:15:10,stop_point:SP_1557,Sables,20
2290698,18:16:00,18:16:10,stop_point:SP_641,Mairie St-Alban,21
2290698,18:17:00,18:17:10,stop_point:SP_2759,Ecole St-Alban,22
2290698,18:18:00,18:18:10,stop_point:SP_2178,Gafelaze,23
2290698,18:19:00,18:19:10,stop_point:SP_3651,St-Alban Salvador Allende,24
2290698,18:21:00,18:21:10,stop_point:SP_5169,Fenouillet Ctre Cial - Entrée Sud,25
2290698,18:22:00,18:22:10,stop_point:SP_5248,Fenouillet Ctre Cial - Entrée Nord,26
2290698,18:23:00,18:23:10,stop_point:SP_5247,Fenouillet Ctre Cial - Entrée Nord,27
2290699,17:56:00,17:56:10,stop_point:SP_1175,La Vache,1
2290699,17:58:00,17:58:10,stop_point:SP_327,Pader,2
2290699,17:58:00,17:58:10,stop_point:SP_3826,Le Grand Marché - Pont de La Vache,3
2290699,18:00:00,18:00:10,stop_point:SP_3721,Collège Rosa Parks,4
2290699,18:01:00,18:01:10,stop_point:SP_753,Riché Lalande,5
2290699,18:03:00,18:03:10,stop_point:SP_1880,Lapin,6
2290699,18:05:00,18:05:10,stop_point:SP_1995,Roubiéchou,7
2290699,18:05:00,18:05:10,stop_point:SP_1993,Lapparou,8
2290699,18:07:00,18:07:10,stop_point:SP_2419,Gaussen,9
2290699,18:09:00,18:09:10,stop_point:SP_1499,Salvy,10
2290699,18:10:00,18:10:10,stop_point:SP_445,Eglise Aucamville,11
2290699,18:11:00,18:11:10,stop_point:SP_3252,Mairie Aucamville,12
2290699,18:12:00,18:12:10,stop_point:SP_1128,Favasse,13
2290699,18:14:00,18:14:10,stop_point:SP_619,Aucamville Collège,14
2290699,18:15:00,18:15:10,stop_point:SP_2651,Raudelauzette,15
2290699,18:16:00,18:16:10,stop_point:SP_455,Mariel,16
2290699,18:17:00,18:17:10,stop_point:SP_1577,Peyronnette,17
2290699,18:19:00,18:19:10,stop_point:SP_1718,St-Alban Ctre Cial,18
2290699,18:20:00,18:20:10,stop_point:SP_3784,Egalité,19
2290699,18:20:00,18:20:10,stop_point:SP_1557,Sables,20
2290699,18:21:00,18:21:10,stop_point:SP_641,Mairie St-Alban,21
2290699,18:22:00,18:22:10,stop_point:SP_2759,Ecole St-Alban,22
2290699,18:23:00,18:23:10,stop_point:SP_2178,Gafelaze,23
2290699,18:24:00,18:24:10,stop_point:SP_3651,St-Alban Salvador Allende,24
2290699,18:26:00,18:26:10,stop_point:SP_5169,Fenouillet Ctre Cial - Entrée Sud,25
2290699,18:27:00,18:27:10,stop_point:SP_5248,Fenouillet Ctre Cial - Entrée Nord,26
2290699,18:28:00,18:28:10,stop_point:SP_5247,Fenouillet Ctre Cial - Entrée Nord,27
2290700,18:04:00,18:04:10,stop_point:SP_1175,La Vache,1
2290700,18:06:00,18:06:10,stop_point:SP_327,Pader,2
2290700,18:06:00,18:06:10,stop_point:SP_3826,Le Grand Marché - Pont de La Vache,3
2290700,18:08:00,18:08:10,stop_point:SP_3721,Collège Rosa Parks,4
2290700,18:09:00,18:09:10,stop_point:SP_753,Riché Lalande,5
2290700,18:11:00,18:11:10,stop_point:SP_1880,Lapin,6
2290700,18:13:00,18:13:10,stop_point:SP_1995,Roubiéchou,7
2290700,18:13:00,18:13:10,stop_point:SP_1993,Lapparou,8
2290700,18:15:00,18:15:10,stop_point:SP_2419,Gaussen,9
2290700,18:17:00,18:17:10,stop_point:SP_1499,Salvy,10
2290700,18:18:00,18:18:10,stop_point:SP_445,Eglise Aucamville,11
2290700,18:19:00,18:19:10,stop_point:SP_3252,Mairie Aucamville,12
2290700,18:20:00,18:20:10,stop_point:SP_1128,Favasse,13
2290700,18:22:00,18:22:10,stop_point:SP_619,Aucamville Collège,14
2290700,18:23:00,18:23:10,stop_point:SP_2651,Raudelauzette,15
2290700,18:24:00,18:24:10,stop_point:SP_455,Mariel,16
2290700,18:25:00,18:25:10,stop_point:SP_1577,Peyronnette,17
2290700,18:26:00,18:26:10,stop_point:SP_1718,St-Alban Ctre Cial,18
2290700,18:27:00,18:27:10,stop_point:SP_3784,Egalité,19
2290700,18:27:00,18:27:10,stop_point:SP_1557,Sables,20
2290700,18:28:00,18:28:10,stop_point:SP_641,Mairie St-Alban,21
2290700,18:29:00,18:29:10,stop_point:SP_2759,Ecole St-Alban,22
2290700,18:30:00,18:30:10,stop_point:SP_2178,Gafelaze,23
2290700,18:31:00,18:31:10,stop_point:SP_3651,St-Alban Salvador Allende,24
2290700,18:33:00,18:33:10,stop_point:SP_5169,Fenouillet Ctre Cial - Entrée Sud,25
2290700,18:34:00,18:34:10,stop_point:SP_5248,Fenouillet Ctre Cial - Entrée Nord,26
2290700,18:35:00,18:35:10,stop_point:SP_5247,Fenouillet Ctre Cial - Entrée Nord,27
2290701,18:12:00,18:12:10,stop_point:SP_1175,La Vache,1
2290701,18:14:00,18:14:10,stop_point:SP_327,Pader,2
2290701,18:14:00,18:14:10,stop_point:SP_3826,Le Grand Marché - Pont de La Vache,3
2290701,18:16:00,18:16:10,stop_point:SP_3721,Collège Rosa Parks,4
2290701,18:17:00,18:17:10,stop_point:SP_753,Riché Lalande,5
2290701,18:19:00,18:19:10,stop_point:SP_1880,Lapin,6
2290701,18:21:00,18:21:10,stop_point:SP_1995,Roubiéchou,7
2290701,18:21:00,18:21:10,stop_point:SP_1993,Lapparou,8
2290701,18:23:00,18:23:10,stop_point:SP_2419,Gaussen,9
2290701,18:25:00,18:25:10,stop_point:SP_1499,Salvy,10
2290701,18:26:00,18:26:10,stop_point:SP_445,Eglise Aucamville,11
2290701,18:27:00,18:27:10,stop_point:SP_3252,Mairie Aucamville,12
2290701,18:28:00,18:28:10,stop_point:SP_1128,Favasse,13
2290701,18:30:00,18:30:10,stop_point:SP_619,Aucamville Collège,14
2290701,18:31:00,18:31:10,stop_point:SP_2651,Raudelauzette,15
2290701,18:32:00,18:32:10,stop_point:SP_455,Mariel,16
2290701,18:33:00,18:33:10,stop_point:SP_1577,Peyronnette,17
2290701,18:34:00,18:34:10,stop_point:SP_1718,St-Alban Ctre Cial,18
2290701,18:35:00,18:35:10,stop_point:SP_3784,Egalité,19
2290701,18:35:00,18:35:10,stop_point:SP_1557,Sables,20
2290701,18:36:00,18:36:10,stop_point:SP_641,Mairie St-Alban,21
2290701,18:37:00,18:37:10,stop_point:SP_2759,Ecole St-Alban,22
2290701,18:38:00,18:38:10,stop_point:SP_2178,Gafelaze,23
2290701,18:39:00,18:39:10,stop_point:SP_3651,St-Alban Salvador Allende,24
2290701,18:41:00,18:41:10,stop_point:SP_5169,Fenouillet Ctre Cial - Entrée Sud,25
2290701,18:42:00,18:42:10,stop_point:SP_5248,Fenouillet Ctre Cial - Entrée Nord,26
2290701,18:43:00,18:43:10,stop_point:SP_5247,Fenouillet Ctre Cial - Entrée Nord,27
2290702,18:21:00,18:21:10,stop_point:SP_1175,La Vache,1
2290702,18:23:00,18:23:10,stop_point:SP_327,Pader,2
2290702,18:23:00,18:23:10,stop_point:SP_3826,Le Grand Marché - Pont de La Vache,3
2290702,18:25:00,18:25:10,stop_point:SP_3721,Collège Rosa Parks,4
2290702,18:26:00,18:26:10,stop_point:SP_753,Riché Lalande,5
2290702,18:28:00,18:28:10,stop_point:SP_1880,Lapin,6
2290702,18:30:00,18:30:10,stop_point:SP_1995,Roubiéchou,7
2290702,18:30:00,18:30:10,stop_point:SP_1993,Lapparou,8
2290702,18:32:00,18:32:10,stop_point:SP_2419,Gaussen,9
2290702,18:34:00,18:34:10,stop_point:SP_1499,Salvy,10
2290702,18:35:00,18:35:10,stop_point:SP_445,Eglise Aucamville,11
2290702,18:36:00,18:36:10,stop_point:SP_3252,Mairie Aucamville,12
2290702,18:37:00,18:37:10,stop_point:SP_1128,Favasse,13
2290702,18:39:00,18:39:10,stop_point:SP_619,Aucamville Collège,14
2290702,18:40:00,18:40:10,stop_point:SP_2651,Raudelauzette,15
2290702,18:41:00,18:41:10,stop_point:SP_455,Mariel,16
2290702,18:42:00,18:42:10,stop_point:SP_1577,Peyronnette,17
2290702,18:43:00,18:43:10,stop_point:SP_1718,St-Alban Ctre Cial,18
2290702,18:44:00,18:44:10,stop_point:SP_3784,Egalité,19
2290702,18:44:00,18:44:10,stop_point:SP_1557,Sables,20
2290702,18:45:00,18:45:10,stop_point:SP_641,Mairie St-Alban,21
2290702,18:46:00,18:46:10,stop_point:SP_2759,Ecole St-Alban,22
2290702,18:47:00,18:47:10,stop_point:SP_2178,Gafelaze,23
2290702,18:48:00,18:48:10,stop_point:SP_3651,St-Alban Salvador Allende,24
2290702,18:50:00,18:50:10,stop_point:SP_5169,Fenouillet Ctre Cial - Entrée Sud,25
2290702,18:51:00,18:51:10,stop_point:SP_5248,Fenouillet Ctre Cial - Entrée Nord,26
2290702,18:52:00,18:52:10,stop_point:SP_5247,Fenouillet Ctre Cial - Entrée Nord,27
2290703,18:30:00,18:30:10,stop_point:SP_1175,La Vache,1
2290703,18:32:00,18:32:10,stop_point:SP_327,Pader,2
2290703,18:32:00,18:32:10,stop_point:SP_3826,Le Grand Marché - Pont de La Vache,3
2290703,18:34:00,18:34:10,stop_point:SP_3721,Collège Rosa Parks,4
2290703,18:35:00,18:35:10,stop_point:SP_753,Riché Lalande,5
2290703,18:37:00,18:37:10,stop_point:SP_1880,Lapin,6
2290703,18:39:00,18:39:10,stop_point:SP_1995,Roubiéchou,7
2290703,18:39:00,18:39:10,stop_point:SP_1993,Lapparou,8
2290703,18:41:00,18:41:10,stop_point:SP_2419,Gaussen,9
2290703,18:43:00,18:43:10,stop_point:SP_1499,Salvy,10
2290703,18:44:00,18:44:10,stop_point:SP_445,Eglise Aucamville,11
2290703,18:45:00,18:45:10,stop_point:SP_3252,Mairie Aucamville,12
2290703,18:46:00,18:46:10,stop_point:SP_1128,Favasse,13
2290703,18:47:00,18:47:10,stop_point:SP_619,Aucamville Collège,14
2290703,18:48:00,18:48:10,stop_point:SP_2651,Raudelauzette,15
2290703,18:49:00,18:49:10,stop_point:SP_455,Mariel,16
2290703,18:50:00,18:50:10,stop_point:SP_1577,Peyronnette,17
2290703,18:51:00,18:51:10,stop_point:SP_1718,St-Alban Ctre Cial,18
2290703,18:52:00,18:52:10,stop_point:SP_3784,Egalité,19
2290703,18:52:00,18:52:10,stop_point:SP_1557,Sables,20
2290703,18:53:00,18:53:10,stop_point:SP_641,Mairie St-Alban,21
2290703,18:54:00,18:54:10,stop_point:SP_2759,Ecole St-Alban,22
2290703,18:55:00,18:55:10,stop_point:SP_2178,Gafelaze,23
2290703,18:56:00,18:56:10,stop_point:SP_3651,St-Alban Salvador Allende,24
2290703,18:58:00,18:58:10,stop_point:SP_5169,Fenouillet Ctre Cial - Entrée Sud,25
2290703,18:59:00,18:59:10,stop_point:SP_5248,Fenouillet Ctre Cial - Entrée Nord,26
2290703,19:00:00,19:00:10,stop_point:SP_5247,Fenouillet Ctre Cial - Entrée Nord,27
2290704,18:39:00,18:39:10,stop_point:SP_1175,La Vache,1
2290704,18:41:00,18:41:10,stop_point:SP_327,Pader,2
2290704,18:41:00,18:41:10,stop_point:SP_3826,Le Grand Marché - Pont de La Vache,3
2290704,18:43:00,18:43:10,stop_point:SP_3721,Collège Rosa Parks,4
2290704,18:44:00,18:44:10,stop_point:SP_753,Riché Lalande,5
2290704,18:46:00,18:46:10,stop_point:SP_1880,Lapin,6
2290704,18:47:00,18:47:10,stop_point:SP_1995,Roubiéchou,7
2290704,18:48:00,18:48:10,stop_point:SP_1993,Lapparou,8
2290704,18:49:00,18:49:10,stop_point:SP_2419,Gaussen,9
2290704,18:50:00,18:50:10,stop_point:SP_1499,Salvy,10
2290704,18:51:00,18:51:10,stop_point:SP_445,Eglise Aucamville,11
2290704,18:52:00,18:52:10,stop_point:SP_3252,Mairie Aucamville,12
2290704,18:53:00,18:53:10,stop_point:SP_1128,Favasse,13
2290704,18:54:00,18:54:10,stop_point:SP_619,Aucamville Collège,14
2290704,18:55:00,18:55:10,stop_point:SP_2651,Raudelauzette,15
2290704,18:56:00,18:56:10,stop_point:SP_455,Mariel,16
2290704,18:57:00,18:57:10,stop_point:SP_1577,Peyronnette,17
2290704,18:58:00,18:58:10,stop_point:SP_1718,St-Alban Ctre Cial,18
2290704,18:59:00,18:59:10,stop_point:SP_3784,Egalité,19
2290704,18:59:00,18:59:10,stop_point:SP_1557,Sables,20
2290704,19:00:00,19:00:10,stop_point:SP_641,Mairie St-Alban,21
2290704,19:01:00,19:01:10,stop_point:SP_2759,Ecole St-Alban,22
2290704,19:02:00,19:02:10,stop_point:SP_2178,Gafelaze,23
2290704,19:03:00,19:03:10,stop_point:SP_3651,St-Alban Salvador Allende,24
2290704,19:05:00,19:05:10,stop_point:SP_5169,Fenouillet Ctre Cial - Entrée Sud,25
2290704,19:06:00,19:06:10,stop_point:SP_5248,Fenouillet Ctre Cial - Entrée Nord,26
2290704,19:07:00,19:07:10,stop_point:SP_5247,Fenouillet Ctre Cial - Entrée Nord,27
2290705,18:48:00,18:48:10,stop_point:SP_1175,La Vache,1
2290705,18:50:00,18:50:10,stop_point:SP_327,Pader,2
2290705,18:50:00,18:50:10,stop_point:SP_3826,Le Grand Marché - Pont de La Vache,3
2290705,18:52:00,18:52:10,stop_point:SP_3721,Collège Rosa Parks,4
2290705,18:53:00,18:53:10,stop_point:SP_753,Riché Lalande,5
2290705,18:55:00,18:55:10,stop_point:SP_1880,Lapin,6
2290705,18:56:00,18:56:10,stop_point:SP_1995,Roubiéchou,7
2290705,18:57:00,18:57:10,stop_point:SP_1993,Lapparou,8
2290705,18:58:00,18:58:10,stop_point:SP_2419,Gaussen,9
2290705,18:59:00,18:59:10,stop_point:SP_1499,Salvy,10
2290705,19:00:00,19:00:10,stop_point:SP_445,Eglise Aucamville,11
2290705,19:01:00,19:01:10,stop_point:SP_3252,Mairie Aucamville,12
2290705,19:02:00,19:02:10,stop_point:SP_1128,Favasse,13
2290705,19:03:00,19:03:10,stop_point:SP_619,Aucamville Collège,14
2290705,19:04:00,19:04:10,stop_point:SP_2651,Raudelauzette,15
2290705,19:05:00,19:05:10,stop_point:SP_455,Mariel,16
2290705,19:06:00,19:06:10,stop_point:SP_1577,Peyronnette,17
2290705,19:07:00,19:07:10,stop_point:SP_1718,St-Alban Ctre Cial,18
2290705,19:08:00,19:08:10,stop_point:SP_3784,Egalité,19
2290705,19:08:00,19:08:10,stop_point:SP_1557,Sables,20
2290705,19:09:00,19:09:10,stop_point:SP_641,Mairie St-Alban,21
2290705,19:10:00,19:10:10,stop_point:SP_2759,Ecole St-Alban,22
2290705,19:11:00,19:11:10,stop_point:SP_2178,Gafelaze,23
2290705,19:12:00,19:12:10,stop_point:SP_3651,St-Alban Salvador Allende,24
2290705,19:14:00,19:14:10,stop_point:SP_5169,Fenouillet Ctre Cial - Entrée Sud,25
2290705,19:15:00,19:15:10,stop_point:SP_5248,Fenouillet Ctre Cial - Entrée Nord,26
2290705,19:16:00,19:16:10,stop_point:SP_5247,Fenouillet Ctre Cial - Entrée Nord,27
2290706,19:00:00,19:00:10,stop_point:SP_1175,La Vache,1
2290706,19:01:00,19:01:10,stop_point:SP_327,Pader,2
2290706,19:02:00,19:02:10,stop_point:SP_3826,Le Grand Marché - Pont de La Vache,3
2290706,19:03:00,19:03:10,stop_point:SP_3721,Collège Rosa Parks,4
2290706,19:04:00,19:04:10,stop_point:SP_753,Riché Lalande,5
2290706,19:06:00,19:06:10,stop_point:SP_1880,Lapin,6
2290706,19:07:00,19:07:10,stop_point:SP_1995,Roubiéchou,7
2290706,19:08:00,19:08:10,stop_point:SP_1993,Lapparou,8
2290706,19:09:00,19:09:10,stop_point:SP_2419,Gaussen,9
2290706,19:10:00,19:10:10,stop_point:SP_1499,Salvy,10
2290706,19:11:00,19:11:10,stop_point:SP_445,Eglise Aucamville,11
2290706,19:12:00,19:12:10,stop_point:SP_3252,Mairie Aucamville,12
2290706,19:13:00,19:13:10,stop_point:SP_1128,Favasse,13
2290706,19:14:00,19:14:10,stop_point:SP_619,Aucamville Collège,14
2290706,19:15:00,19:15:10,stop_point:SP_2651,Raudelauzette,15
2290706,19:16:00,19:16:10,stop_point:SP_455,Mariel,16
2290706,19:17:00,19:17:10,stop_point:SP_1577,Peyronnette,17
2290706,19:18:00,19:18:10,stop_point:SP_1718,St-Alban Ctre Cial,18
2290706,19:19:00,19:19:10,stop_point:SP_3784,Egalité,19
2290706,19:19:00,19:19:10,stop_point:SP_1557,Sables,20
2290706,19:20:00,19:20:10,stop_point:SP_641,Mairie St-Alban,21
2290706,19:21:00,19:21:10,stop_point:SP_2759,Ecole St-Alban,22
2290706,19:22:00,19:22:10,stop_point:SP_2178,Gafelaze,23
2290706,19:23:00,19:23:10,stop_point:SP_3651,St-Alban Salvador Allende,24
2290706,19:25:00,19:25:10,stop_point:SP_5169,Fenouillet Ctre Cial - Entrée Sud,25
2290706,19:26:00,19:26:10,stop_point:SP_5248,Fenouillet Ctre Cial - Entrée Nord,26
2290706,19:27:00,19:27:10,stop_point:SP_5247,Fenouillet Ctre Cial - Entrée Nord,27
2290707,19:14:00,19:14:10,stop_point:SP_1175,La Vache,1
2290707,19:15:00,19:15:10,stop_point:SP_327,Pader,2
2290707,19:16:00,19:16:10,stop_point:SP_3826,Le Grand Marché - Pont de La Vache,3
2290707,19:17:00,19:17:10,stop_point:SP_3721,Collège Rosa Parks,4
2290707,19:18:00,19:18:10,stop_point:SP_753,Riché Lalande,5
2290707,19:20:00,19:20:10,stop_point:SP_1880,Lapin,6
2290707,19:21:00,19:21:10,stop_point:SP_1995,Roubiéchou,7
2290707,19:22:00,19:22:10,stop_point:SP_1993,Lapparou,8
2290707,19:23:00,19:23:10,stop_point:SP_2419,Gaussen,9
2290707,19:24:00,19:24:10,stop_point:SP_1499,Salvy,10
2290707,19:25:00,19:25:10,stop_point:SP_445,Eglise Aucamville,11
2290707,19:26:00,19:26:10,stop_point:SP_3252,Mairie Aucamville,12
2290707,19:27:00,19:27:10,stop_point:SP_1128,Favasse,13
2290707,19:28:00,19:28:10,stop_point:SP_619,Aucamville Collège,14
2290707,19:29:00,19:29:10,stop_point:SP_2651,Raudelauzette,15
2290707,19:30:00,19:30:10,stop_point:SP_455,Mariel,16
2290707,19:31:00,19:31:10,stop_point:SP_1577,Peyronnette,17
2290707,19:32:00,19:32:10,stop_point:SP_1718,St-Alban Ctre Cial,18
2290707,19:33:00,19:33:10,stop_point:SP_3784,Egalité,19
2290707,19:33:00,19:33:10,stop_point:SP_1557,Sables,20
2290707,19:34:00,19:34:10,stop_point:SP_641,Mairie St-Alban,21
2290707,19:35:00,19:35:10,stop_point:SP_2759,Ecole St-Alban,22
2290707,19:36:00,19:36:10,stop_point:SP_2178,Gafelaze,23
2290707,19:37:00,19:37:10,stop_point:SP_3651,St-Alban Salvador Allende,24
2290707,19:39:00,19:39:10,stop_point:SP_5169,Fenouillet Ctre Cial - Entrée Sud,25
2290707,19:40:00,19:40:10,stop_point:SP_5248,Fenouillet Ctre Cial - Entrée Nord,26
2290707,19:41:00,19:41:10,stop_point:SP_5247,Fenouillet Ctre Cial - Entrée Nord,27
2290708,19:29:00,19:29:10,stop_point:SP_1175,La Vache,1
2290708,19:30:00,19:30:10,stop_point:SP_327,Pader,2
2290708,19:31:00,19:31:10,stop_point:SP_3826,Le Grand Marché - Pont de La Vache,3
2290708,19:32:00,19:32:10,stop_point:SP_3721,Collège Rosa Parks,4
2290708,19:33:00,19:33:10,stop_point:SP_753,Riché Lalande,5
2290708,19:35:00,19:35:10,stop_point:SP_1880,Lapin,6
2290708,19:36:00,19:36:10,stop_point:SP_1995,Roubiéchou,7
2290708,19:37:00,19:37:10,stop_point:SP_1993,Lapparou,8
2290708,19:38:00,19:38:10,stop_point:SP_2419,Gaussen,9
2290708,19:39:00,19:39:10,stop_point:SP_1499,Salvy,10
2290708,19:40:00,19:40:10,stop_point:SP_445,Eglise Aucamville,11
2290708,19:41:00,19:41:10,stop_point:SP_3252,Mairie Aucamville,12
2290708,19:42:00,19:42:10,stop_point:SP_1128,Favasse,13
2290708,19:43:00,19:43:10,stop_point:SP_619,Aucamville Collège,14
2290708,19:44:00,19:44:10,stop_point:SP_2651,Raudelauzette,15
2290708,19:45:00,19:45:10,stop_point:SP_455,Mariel,16
2290708,19:46:00,19:46:10,stop_point:SP_1577,Peyronnette,17
2290708,19:47:00,19:47:10,stop_point:SP_1718,St-Alban Ctre Cial,18
2290708,19:48:00,19:48:10,stop_point:SP_3784,Egalité,19
2290708,19:48:00,19:48:10,stop_point:SP_1557,Sables,20
2290708,19:49:00,19:49:10,stop_point:SP_641,Mairie St-Alban,21
2290708,19:50:00,19:50:10,stop_point:SP_2759,Ecole St-Alban,22
2290708,19:51:00,19:51:10,stop_point:SP_2178,Gafelaze,23
2290708,19:52:00,19:52:10,stop_point:SP_3651,St-Alban Salvador Allende,24
2290708,19:54:00,19:54:10,stop_point:SP_5169,Fenouillet Ctre Cial - Entrée Sud,25
2290708,19:55:00,19:55:10,stop_point:SP_5248,Fenouillet Ctre Cial - Entrée Nord,26
2290708,19:56:00,19:56:10,stop_point:SP_5247,Fenouillet Ctre Cial - Entrée Nord,27
2290709,19:44:00,19:44:10,stop_point:SP_1175,La Vache,1
2290709,19:45:00,19:45:10,stop_point:SP_327,Pader,2
2290709,19:46:00,19:46:10,stop_point:SP_3826,Le Grand Marché - Pont de La Vache,3
2290709,19:47:00,19:47:10,stop_point:SP_3721,Collège Rosa Parks,4
2290709,19:48:00,19:48:10,stop_point:SP_753,Riché Lalande,5
2290709,19:50:00,19:50:10,stop_point:SP_1880,Lapin,6
2290709,19:51:00,19:51:10,stop_point:SP_1995,Roubiéchou,7
2290709,19:52:00,19:52:10,stop_point:SP_1993,Lapparou,8
2290709,19:53:00,19:53:10,stop_point:SP_2419,Gaussen,9
2290709,19:54:00,19:54:10,stop_point:SP_1499,Salvy,10
2290709,19:55:00,19:55:10,stop_point:SP_445,Eglise Aucamville,11
2290709,19:56:00,19:56:10,stop_point:SP_3252,Mairie Aucamville,12
2290709,19:57:00,19:57:10,stop_point:SP_1128,Favasse,13
2290709,19:58:00,19:58:10,stop_point:SP_619,Aucamville Collège,14
2290709,19:59:00,19:59:10,stop_point:SP_2651,Raudelauzette,15
2290709,20:00:00,20:00:10,stop_point:SP_455,Mariel,16
2290709,20:01:00,20:01:10,stop_point:SP_1577,Peyronnette,17
2290709,20:02:00,20:02:10,stop_point:SP_1718,St-Alban Ctre Cial,18
2290709,20:03:00,20:03:10,stop_point:SP_3784,Egalité,19
2290709,20:03:00,20:03:10,stop_point:SP_1557,Sables,20
2290709,20:04:00,20:04:10,stop_point:SP_641,Mairie St-Alban,21
2290709,20:05:00,20:05:10,stop_point:SP_2759,Ecole St-Alban,22
2290709,20:06:00,20:06:10,stop_point:SP_2178,Gafelaze,23
2290709,20:07:00,20:07:10,stop_point:SP_3651,St-Alban Salvador Allende,24
2290709,20:09:00,20:09:10,stop_point:SP_5169,Fenouillet Ctre Cial - Entrée Sud,25
2290709,20:10:00,20:10:10,stop_point:SP_5248,Fenouillet Ctre Cial - Entrée Nord,26
2290709,20:11:00,20:11:10,stop_point:SP_5247,Fenouillet Ctre Cial - Entrée Nord,27
2290710,20:02:00,20:02:10,stop_point:SP_1175,La Vache,1
2290710,20:03:00,20:03:10,stop_point:SP_327,Pader,2
2290710,20:04:00,20:04:10,stop_point:SP_3826,Le Grand Marché - Pont de La Vache,3
2290710,20:05:00,20:05:10,stop_point:SP_3721,Collège Rosa Parks,4
2290710,20:06:00,20:06:10,stop_point:SP_753,Riché Lalande,5
2290710,20:08:00,20:08:10,stop_point:SP_1880,Lapin,6
2290710,20:09:00,20:09:10,stop_point:SP_1995,Roubiéchou,7
2290710,20:10:00,20:10:10,stop_point:SP_1993,Lapparou,8
2290710,20:11:00,20:11:10,stop_point:SP_2419,Gaussen,9
2290710,20:12:00,20:12:10,stop_point:SP_1499,Salvy,10
2290710,20:13:00,20:13:10,stop_point:SP_445,Eglise Aucamville,11
2290710,20:14:00,20:14:10,stop_point:SP_3252,Mairie Aucamville,12
2290710,20:15:00,20:15:10,stop_point:SP_1128,Favasse,13
2290710,20:16:00,20:16:10,stop_point:SP_619,Aucamville Collège,14
2290710,20:17:00,20:17:10,stop_point:SP_2651,Raudelauzette,15
2290710,20:18:00,20:18:10,stop_point:SP_455,Mariel,16
2290710,20:19:00,20:19:10,stop_point:SP_1577,Peyronnette,17
2290710,20:20:00,20:20:10,stop_point:SP_1718,St-Alban Ctre Cial,18
2290710,20:21:00,20:21:10,stop_point:SP_3784,Egalité,19
2290710,20:21:00,20:21:10,stop_point:SP_1557,Sables,20
2290710,20:22:00,20:22:10,stop_point:SP_641,Mairie St-Alban,21
2290710,20:23:00,20:23:10,stop_point:SP_2759,Ecole St-Alban,22
2290710,20:24:00,20:24:10,stop_point:SP_2178,Gafelaze,23
2290710,20:25:00,20:25:10,stop_point:SP_3651,St-Alban Salvador Allende,24
2290710,20:26:00,20:26:10,stop_point:SP_5169,Fenouillet Ctre Cial - Entrée Sud,25
2290710,20:27:00,20:27:10,stop_point:SP_5248,Fenouillet Ctre Cial - Entrée Nord,26
2290710,20:28:00,20:28:10,stop_point:SP_5247,Fenouillet Ctre Cial - Entrée Nord,27
2290711,20:20:00,20:20:10,stop_point:SP_1175,La Vache,1
2290711,20:21:00,20:21:10,stop_point:SP_327,Pader,2
2290711,20:22:00,20:22:10,stop_point:SP_3826,Le Grand Marché - Pont de La Vache,3
2290711,20:23:00,20:23:10,stop_point:SP_3721,Collège Rosa Parks,4
2290711,20:24:00,20:24:10,stop_point:SP_753,Riché Lalande,5
2290711,20:26:00,20:26:10,stop_point:SP_1880,Lapin,6
2290711,20:27:00,20:27:10,stop_point:SP_1995,Roubiéchou,7
2290711,20:28:00,20:28:10,stop_point:SP_1993,Lapparou,8
2290711,20:29:00,20:29:10,stop_point:SP_2419,Gaussen,9
2290711,20:30:00,20:30:10,stop_point:SP_1499,Salvy,10
2290711,20:31:00,20:31:10,stop_point:SP_445,Eglise Aucamville,11
2290711,20:32:00,20:32:10,stop_point:SP_3252,Mairie Aucamville,12
2290711,20:33:00,20:33:10,stop_point:SP_1128,Favasse,13
2290711,20:34:00,20:34:10,stop_point:SP_619,Aucamville Collège,14
2290711,20:35:00,20:35:10,stop_point:SP_2651,Raudelauzette,15
2290711,20:36:00,20:36:10,stop_point:SP_455,Mariel,16
2290711,20:37:00,20:37:10,stop_point:SP_1577,Peyronnette,17
2290711,20:38:00,20:38:10,stop_point:SP_1718,St-Alban Ctre Cial,18
2290711,20:39:00,20:39:10,stop_point:SP_3784,Egalité,19
2290711,20:39:00,20:39:10,stop_point:SP_1557,Sables,20
2290711,20:40:00,20:40:10,stop_point:SP_641,Mairie St-Alban,21
2290711,20:41:00,20:41:10,stop_point:SP_2759,Ecole St-Alban,22
2290711,20:42:00,20:42:10,stop_point:SP_2178,Gafelaze,23
2290711,20:43:00,20:43:10,stop_point:SP_3651,St-Alban Salvador Allende,24
2290711,20:44:00,20:44:10,stop_point:SP_5169,Fenouillet Ctre Cial - Entrée Sud,25
2290711,20:45:00,20:45:10,stop_point:SP_5248,Fenouillet Ctre Cial - Entrée Nord,26
2290711,20:46:00,20:46:10,stop_point:SP_5247,Fenouillet Ctre Cial - Entrée Nord,27
2290712,20:38:00,20:38:10,stop_point:SP_1175,La Vache,1
2290712,20:39:00,20:39:10,stop_point:SP_327,Pader,2
2290712,20:40:00,20:40:10,stop_point:SP_3826,Le Grand Marché - Pont de La Vache,3
2290712,20:41:00,20:41:10,stop_point:SP_3721,Collège Rosa Parks,4
2290712,20:42:00,20:42:10,stop_point:SP_753,Riché Lalande,5
2290712,20:44:00,20:44:10,stop_point:SP_1880,Lapin,6
2290712,20:44:00,20:44:10,stop_point:SP_1995,Roubiéchou,7
2290712,20:45:00,20:45:10,stop_point:SP_1993,Lapparou,8
2290712,20:46:00,20:46:10,stop_point:SP_2419,Gaussen,9
2290712,20:48:00,20:48:10,stop_point:SP_1499,Salvy,10
2290712,20:48:00,20:48:10,stop_point:SP_445,Eglise Aucamville,11
2290712,20:49:00,20:49:10,stop_point:SP_3252,Mairie Aucamville,12
2290712,20:50:00,20:50:10,stop_point:SP_1128,Favasse,13
2290712,20:51:00,20:51:10,stop_point:SP_619,Aucamville Collège,14
2290712,20:51:00,20:51:10,stop_point:SP_2651,Raudelauzette,15
2290712,20:52:00,20:52:10,stop_point:SP_455,Mariel,16
2290712,20:53:00,20:53:10,stop_point:SP_1577,Peyronnette,17
2290712,20:54:00,20:54:10,stop_point:SP_1718,St-Alban Ctre Cial,18
2290712,20:55:00,20:55:10,stop_point:SP_3784,Egalité,19
2290712,20:55:00,20:55:10,stop_point:SP_1557,Sables,20
2290712,20:56:00,20:56:10,stop_point:SP_641,Mairie St-Alban,21
2290712,20:57:00,20:57:10,stop_point:SP_2759,Ecole St-Alban,22
2290712,20:58:00,20:58:10,stop_point:SP_2178,Gafelaze,23
2290712,20:59:00,20:59:10,stop_point:SP_3651,St-Alban Salvador Allende,24
2290712,21:00:00,21:00:10,stop_point:SP_5169,Fenouillet Ctre Cial - Entrée Sud,25
2290712,21:01:00,21:01:10,stop_point:SP_5248,Fenouillet Ctre Cial - Entrée Nord,26
2290712,21:02:00,21:02:10,stop_point:SP_5247,Fenouillet Ctre Cial - Entrée Nord,27
2290713,20:56:00,20:56:10,stop_point:SP_1175,La Vache,1
2290713,20:57:00,20:57:10,stop_point:SP_327,Pader,2
2290713,20:58:00,20:58:10,stop_point:SP_3826,Le Grand Marché - Pont de La Vache,3
2290713,20:59:00,20:59:10,stop_point:SP_3721,Collège Rosa Parks,4
2290713,21:00:00,21:00:10,stop_point:SP_753,Riché Lalande,5
2290713,21:02:00,21:02:10,stop_point:SP_1880,Lapin,6
2290713,21:02:00,21:02:10,stop_point:SP_1995,Roubiéchou,7
2290713,21:03:00,21:03:10,stop_point:SP_1993,Lapparou,8
2290713,21:04:00,21:04:10,stop_point:SP_2419,Gaussen,9
2290713,21:06:00,21:06:10,stop_point:SP_1499,Salvy,10
2290713,21:06:00,21:06:10,stop_point:SP_445,Eglise Aucamville,11
2290713,21:07:00,21:07:10,stop_point:SP_3252,Mairie Aucamville,12
2290713,21:08:00,21:08:10,stop_point:SP_1128,Favasse,13
2290713,21:09:00,21:09:10,stop_point:SP_619,Aucamville Collège,14
2290713,21:09:00,21:09:10,stop_point:SP_2651,Raudelauzette,15
2290713,21:10:00,21:10:10,stop_point:SP_455,Mariel,16
2290713,21:11:00,21:11:10,stop_point:SP_1577,Peyronnette,17
2290713,21:12:00,21:12:10,stop_point:SP_1718,St-Alban Ctre Cial,18
2290713,21:13:00,21:13:10,stop_point:SP_3784,Egalité,19
2290713,21:13:00,21:13:10,stop_point:SP_1557,Sables,20
2290713,21:14:00,21:14:10,stop_point:SP_641,Mairie St-Alban,21
2290713,21:15:00,21:15:10,stop_point:SP_2759,Ecole St-Alban,22
2290713,21:16:00,21:16:10,stop_point:SP_2178,Gafelaze,23
2290713,21:17:00,21:17:10,stop_point:SP_3651,St-Alban Salvador Allende,24
2290713,21:18:00,21:18:10,stop_point:SP_5169,Fenouillet Ctre Cial - Entrée Sud,25
2290713,21:19:00,21:19:10,stop_point:SP_5248,Fenouillet Ctre Cial - Entrée Nord,26
2290713,21:20:00,21:20:10,stop_point:SP_5247,Fenouillet Ctre Cial - Entrée Nord,27
2290714,21:14:00,21:14:10,stop_point:SP_1175,La Vache,1
2290714,21:15:00,21:15:10,stop_point:SP_327,Pader,2
2290714,21:16:00,21:16:10,stop_point:SP_3826,Le Grand Marché - Pont de La Vache,3
2290714,21:17:00,21:17:10,stop_point:SP_3721,Collège Rosa Parks,4
2290714,21:18:00,21:18:10,stop_point:SP_753,Riché Lalande,5
2290714,21:20:00,21:20:10,stop_point:SP_1880,Lapin,6
2290714,21:20:00,21:20:10,stop_point:SP_1995,Roubiéchou,7
2290714,21:21:00,21:21:10,stop_point:SP_1993,Lapparou,8
2290714,21:22:00,21:22:10,stop_point:SP_2419,Gaussen,9
2290714,21:24:00,21:24:10,stop_point:SP_1499,Salvy,10
2290714,21:24:00,21:24:10,stop_point:SP_445,Eglise Aucamville,11
2290714,21:25:00,21:25:10,stop_point:SP_3252,Mairie Aucamville,12
2290714,21:26:00,21:26:10,stop_point:SP_1128,Favasse,13
2290714,21:27:00,21:27:10,stop_point:SP_619,Aucamville Collège,14
2290714,21:27:00,21:27:10,stop_point:SP_2651,Raudelauzette,15
2290714,21:28:00,21:28:10,stop_point:SP_455,Mariel,16
2290714,21:29:00,21:29:10,stop_point:SP_1577,Peyronnette,17
2290714,21:30:00,21:30:10,stop_point:SP_1718,St-Alban Ctre Cial,18
2290714,21:31:00,21:31:10,stop_point:SP_3784,Egalité,19
2290714,21:31:00,21:31:10,stop_point:SP_1557,Sables,20
2290714,21:32:00,21:32:10,stop_point:SP_641,Mairie St-Alban,21
2290714,21:33:00,21:33:10,stop_point:SP_2759,Ecole St-Alban,22
2290714,21:34:00,21:34:10,stop_point:SP_2178,Gafelaze,23
2290714,21:35:00,21:35:10,stop_point:SP_3651,St-Alban Salvador Allende,24
2290714,21:36:00,21:36:10,stop_point:SP_5169,Fenouillet Ctre Cial - Entrée Sud,25
2290714,21:37:00,21:37:10,stop_point:SP_5248,Fenouillet Ctre Cial - Entrée Nord,26
2290714,21:38:00,21:38:10,stop_point:SP_5247,Fenouillet Ctre Cial - Entrée Nord,27
2290715,21:36:00,21:36:10,stop_point:SP_1175,La Vache,1
2290715,21:37:00,21:37:10,stop_point:SP_327,Pader,2
2290715,21:38:00,21:38:10,stop_point:SP_3826,Le Grand Marché - Pont de La Vache,3
2290715,21:39:00,21:39:10,stop_point:SP_3721,Collège Rosa Parks,4
2290715,21:40:00,21:40:10,stop_point:SP_753,Riché Lalande,5
2290715,21:42:00,21:42:10,stop_point:SP_1880,Lapin,6
2290715,21:42:00,21:42:10,stop_point:SP_1995,Roubiéchou,7
2290715,21:43:00,21:43:10,stop_point:SP_1993,Lapparou,8
2290715,21:44:00,21:44:10,stop_point:SP_2419,Gaussen,9
2290715,21:46:00,21:46:10,stop_point:SP_1499,Salvy,10
2290715,21:46:00,21:46:10,stop_point:SP_445,Eglise Aucamville,11
2290715,21:47:00,21:47:10,stop_point:SP_3252,Mairie Aucamville,12
2290715,21:48:00,21:48:10,stop_point:SP_1128,Favasse,13
2290715,21:49:00,21:49:10,stop_point:SP_619,Aucamville Collège,14
2290715,21:49:00,21:49:10,stop_point:SP_2651,Raudelauzette,15
2290715,21:50:00,21:50:10,stop_point:SP_455,Mariel,16
2290715,21:51:00,21:51:10,stop_point:SP_1577,Peyronnette,17
2290715,21:52:00,21:52:10,stop_point:SP_1718,St-Alban Ctre Cial,18
2290715,21:53:00,21:53:10,stop_point:SP_3784,Egalité,19
2290715,21:53:00,21:53:10,stop_point:SP_1557,Sables,20
2290715,21:54:00,21:54:10,stop_point:SP_641,Mairie St-Alban,21
2290715,21:55:00,21:55:10,stop_point:SP_2759,Ecole St-Alban,22
2290715,21:56:00,21:56:10,stop_point:SP_2178,Gafelaze,23
2290715,21:57:00,21:57:10,stop_point:SP_3651,St-Alban Salvador Allende,24
2290715,21:58:00,21:58:10,stop_point:SP_5169,Fenouillet Ctre Cial - Entrée Sud,25
2290715,21:59:00,21:59:10,stop_point:SP_5248,Fenouillet Ctre Cial - Entrée Nord,26
2290715,22:00:00,22:00:10,stop_point:SP_5247,Fenouillet Ctre Cial - Entrée Nord,27
2290716,22:05:00,22:05:10,stop_point:SP_1175,La Vache,1
2290716,22:06:00,22:06:10,stop_point:SP_327,Pader,2
2290716,22:07:00,22:07:10,stop_point:SP_3826,Le Grand Marché - Pont de La Vache,3
2290716,22:08:00,22:08:10,stop_point:SP_3721,Collège Rosa Parks,4
2290716,22:09:00,22:09:10,stop_point:SP_753,Riché Lalande,5
2290716,22:11:00,22:11:10,stop_point:SP_1880,Lapin,6
2290716,22:11:00,22:11:10,stop_point:SP_1995,Roubiéchou,7
2290716,22:12:00,22:12:10,stop_point:SP_1993,Lapparou,8
2290716,22:13:00,22:13:10,stop_point:SP_2419,Gaussen,9
2290716,22:15:00,22:15:10,stop_point:SP_1499,Salvy,10
2290716,22:15:00,22:15:10,stop_point:SP_445,Eglise Aucamville,11
2290716,22:16:00,22:16:10,stop_point:SP_3252,Mairie Aucamville,12
2290716,22:17:00,22:17:10,stop_point:SP_1128,Favasse,13
2290716,22:18:00,22:18:10,stop_point:SP_619,Aucamville Collège,14
2290716,22:18:00,22:18:10,stop_point:SP_2651,Raudelauzette,15
2290716,22:19:00,22:19:10,stop_point:SP_455,Mariel,16
2290716,22:20:00,22:20:10,stop_point:SP_1577,Peyronnette,17
2290716,22:21:00,22:21:10,stop_point:SP_1718,St-Alban Ctre Cial,18
2290716,22:22:00,22:22:10,stop_point:SP_3784,Egalité,19
2290716,22:22:00,22:22:10,stop_point:SP_1557,Sables,20
2290716,22:23:00,22:23:10,stop_point:SP_641,Mairie St-Alban,21
2290716,22:24:00,22:24:10,stop_point:SP_2759,Ecole St-Alban,22
2290716,22:25:00,22:25:10,stop_point:SP_2178,Gafelaze,23
2290716,22:26:00,22:26:10,stop_point:SP_3651,St-Alban Salvador Allende,24
2290716,22:27:00,22:27:10,stop_point:SP_5169,Fenouillet Ctre Cial - Entrée Sud,25
2290716,22:28:00,22:28:10,stop_point:SP_5248,Fenouillet Ctre Cial - Entrée Nord,26
2290716,22:29:00,22:29:10,stop_point:SP_5247,Fenouillet Ctre Cial - Entrée Nord,27
2290717,22:40:00,22:40:10,stop_point:SP_1175,La Vache,1
2290717,22:41:00,22:41:10,stop_point:SP_327,Pader,2
2290717,22:42:00,22:42:10,stop_point:SP_3826,Le Grand Marché - Pont de La Vache,3
2290717,22:43:00,22:43:10,stop_point:SP_3721,Collège Rosa Parks,4
2290717,22:44:00,22:44:10,stop_point:SP_753,Riché Lalande,5
2290717,22:46:00,22:46:10,stop_point:SP_1880,Lapin,6
2290717,22:46:00,22:46:10,stop_point:SP_1995,Roubiéchou,7
2290717,22:47:00,22:47:10,stop_point:SP_1993,Lapparou,8
2290717,22:48:00,22:48:10,stop_point:SP_2419,Gaussen,9
2290717,22:50:00,22:50:10,stop_point:SP_1499,Salvy,10
2290717,22:50:00,22:50:10,stop_point:SP_445,Eglise Aucamville,11
2290717,22:51:00,22:51:10,stop_point:SP_3252,Mairie Aucamville,12
2290717,22:52:00,22:52:10,stop_point:SP_1128,Favasse,13
2290717,22:53:00,22:53:10,stop_point:SP_619,Aucamville Collège,14
2290717,22:53:00,22:53:10,stop_point:SP_2651,Raudelauzette,15
2290717,22:54:00,22:54:10,stop_point:SP_455,Mariel,16
2290717,22:55:00,22:55:10,stop_point:SP_1577,Peyronnette,17
2290717,22:56:00,22:56:10,stop_point:SP_1718,St-Alban Ctre Cial,18
2290717,22:57:00,22:57:10,stop_point:SP_3784,Egalité,19
2290717,22:57:00,22:57:10,stop_point:SP_1557,Sables,20
2290717,22:58:00,22:58:10,stop_point:SP_641,Mairie St-Alban,21
2290717,22:59:00,22:59:10,stop_point:SP_2759,Ecole St-Alban,22
2290717,23:00:00,23:00:10,stop_point:SP_2178,Gafelaze,23
2290717,23:01:00,23:01:10,stop_point:SP_3651,St-Alban Salvador Allende,24
2290717,23:02:00,23:02:10,stop_point:SP_5169,Fenouillet Ctre Cial - Entrée Sud,25
2290717,23:03:00,23:03:10,stop_point:SP_5248,Fenouillet Ctre Cial - Entrée Nord,26
2290717,23:04:00,23:04:10,stop_point:SP_5247,Fenouillet Ctre Cial - Entrée Nord,27
2290718,23:15:00,23:15:10,stop_point:SP_1175,La Vache,1
2290718,23:16:00,23:16:10,stop_point:SP_327,Pader,2
2290718,23:17:00,23:17:10,stop_point:SP_3826,Le Grand Marché - Pont de La Vache,3
2290718,23:18:00,23:18:10,stop_point:SP_3721,Collège Rosa Parks,4
2290718,23:19:00,23:19:10,stop_point:SP_753,Riché Lalande,5
2290718,23:20:00,23:20:10,stop_point:SP_1880,Lapin,6
2290718,23:21:00,23:21:10,stop_point:SP_1995,Roubiéchou,7
2290718,23:22:00,23:22:10,stop_point:SP_1993,Lapparou,8
2290718,23:23:00,23:23:10,stop_point:SP_2419,Gaussen,9
2290718,23:24:00,23:24:10,stop_point:SP_1499,Salvy,10
2290718,23:24:00,23:24:10,stop_point:SP_445,Eglise Aucamville,11
2290718,23:25:00,23:25:10,stop_point:SP_3252,Mairie Aucamville,12
2290718,23:26:00,23:26:10,stop_point:SP_1128,Favasse,13
2290718,23:27:00,23:27:10,stop_point:SP_619,Aucamville Collège,14
2290718,23:27:00,23:27:10,stop_point:SP_2651,Raudelauzette,15
2290718,23:28:00,23:28:10,stop_point:SP_455,Mariel,16
2290718,23:29:00,23:29:10,stop_point:SP_1577,Peyronnette,17
2290718,23:30:00,23:30:10,stop_point:SP_1718,St-Alban Ctre Cial,18
2290718,23:31:00,23:31:10,stop_point:SP_3784,Egalité,19
2290718,23:31:00,23:31:10,stop_point:SP_1557,Sables,20
2290718,23:32:00,23:32:10,stop_point:SP_641,Mairie St-Alban,21
2290718,23:33:00,23:33:10,stop_point:SP_2759,Ecole St-Alban,22
2290718,23:33:00,23:33:10,stop_point:SP_2178,Gafelaze,23
2290718,23:34:00,23:34:10,stop_point:SP_3651,St-Alban Salvador Allende,24
2290718,23:35:00,23:35:10,stop_point:SP_5169,Fenouillet Ctre Cial - Entrée Sud,25
2290718,23:36:00,23:36:10,stop_point:SP_5248,Fenouillet Ctre Cial - Entrée Nord,26
2290718,23:37:00,23:37:10,stop_point:SP_5247,Fenouillet Ctre Cial - Entrée Nord,27
2290719,23:50:00,23:50:10,stop_point:SP_1175,La Vache,1
2290719,23:51:00,23:51:10,stop_point:SP_327,Pader,2
2290719,23:52:00,23:52:10,stop_point:SP_3826,Le Grand Marché - Pont de La Vache,3
2290719,23:53:00,23:53:10,stop_point:SP_3721,Collège Rosa Parks,4
2290719,23:54:00,23:54:10,stop_point:SP_753,Riché Lalande,5
2290719,23:55:00,23:55:10,stop_point:SP_1880,Lapin,6
2290719,23:56:00,23:56:10,stop_point:SP_1995,Roubiéchou,7
2290719,23:57:00,23:57:10,stop_point:SP_1993,Lapparou,8
2290719,23:58:00,23:58:10,stop_point:SP_2419,Gaussen,9
2290719,23:59:00,23:59:10,stop_point:SP_1499,Salvy,10
2290719,23:59:00,23:59:10,stop_point:SP_445,Eglise Aucamville,11
2290719,24:00:00,24:00:10,stop_point:SP_3252,Mairie Aucamville,12
2290719,24:01:00,24:01:10,stop_point:SP_1128,Favasse,13
2290719,24:02:00,24:02:10,stop_point:SP_619,Aucamville Collège,14
2290719,24:02:00,24:02:10,stop_point:SP_2651,Raudelauzette,15
2290719,24:03:00,24:03:10,stop_point:SP_455,Mariel,16
2290719,24:04:00,24:04:10,stop_point:SP_1577,Peyronnette,17
2290719,24:05:00,24:05:10,stop_point:SP_1718,St-Alban Ctre Cial,18
2290719,24:06:00,24:06:10,stop_point:SP_3784,Egalité,19
2290719,24:06:00,24:06:10,stop_point:SP_1557,Sables,20
2290719,24:07:00,24:07:10,stop_point:SP_641,Mairie St-Alban,21
2290719,24:08:00,24:08:10,stop_point:SP_2759,Ecole St-Alban,22
2290719,24:08:00,24:08:10,stop_point:SP_2178,Gafelaze,23
2290719,24:09:00,24:09:10,stop_point:SP_3651,St-Alban Salvador Allende,24
2290719,24:10:00,24:10:10,stop_point:SP_5169,Fenouillet Ctre Cial - Entrée Sud,25
2290719,24:11:00,24:11:10,stop_point:SP_5248,Fenouillet Ctre Cial - Entrée Nord,26
2290719,24:12:00,24:12:10,stop_point:SP_5247,Fenouillet Ctre Cial - Entrée Nord,27
2290720,24:25:00,24:25:10,stop_point:SP_1175,La Vache,1
2290720,24:26:00,24:26:10,stop_point:SP_327,Pader,2
2290720,24:26:00,24:26:10,stop_point:SP_3826,Le Grand Marché - Pont de La Vache,3
2290720,24:27:00,24:27:10,stop_point:SP_3721,Collège Rosa Parks,4
2290720,24:28:00,24:28:10,stop_point:SP_753,Riché Lalande,5
2290720,24:29:00,24:29:10,stop_point:SP_1880,Lapin,6
2290720,24:30:00,24:30:10,stop_point:SP_1995,Roubiéchou,7
2290720,24:31:00,24:31:10,stop_point:SP_1993,Lapparou,8
2290720,24:32:00,24:32:10,stop_point:SP_2419,Gaussen,9
2290720,24:33:00,24:33:10,stop_point:SP_1499,Salvy,10
2290720,24:33:00,24:33:10,stop_point:SP_445,Eglise Aucamville,11
2290720,24:34:00,24:34:10,stop_point:SP_3252,Mairie Aucamville,12
2290720,24:35:00,24:35:10,stop_point:SP_1128,Favasse,13
2290720,24:36:00,24:36:10,stop_point:SP_619,Aucamville Collège,14
2290720,24:36:00,24:36:10,stop_point:SP_2651,Raudelauzette,15
2290720,24:37:00,24:37:10,stop_point:SP_455,Mariel,16
2290720,24:38:00,24:38:10,stop_point:SP_1577,Peyronnette,17
2290720,24:39:00,24:39:10,stop_point:SP_1718,St-Alban Ctre Cial,18
2290720,24:40:00,24:40:10,stop_point:SP_3784,Egalité,19
2290720,24:40:00,24:40:10,stop_point:SP_1557,Sables,20
2290720,24:41:00,24:41:10,stop_point:SP_641,Mairie St-Alban,21
2290720,24:42:00,24:42:10,stop_point:SP_2759,Ecole St-Alban,22
2290720,24:42:00,24:42:10,stop_point:SP_2178,Gafelaze,23
2290720,24:43:00,24:43:10,stop_point:SP_3651,St-Alban Salvador Allende,24
2290720,24:44:00,24:44:10,stop_point:SP_5169,Fenouillet Ctre Cial - Entrée Sud,25
2290720,24:45:00,24:45:10,stop_point:SP_5248,Fenouillet Ctre Cial - Entrée Nord,26
2290720,24:46:00,24:46:10,stop_point:SP_5247,Fenouillet Ctre Cial - Entrée Nord,27
2290721,25:00:00,25:00:10,stop_point:SP_1175,La Vache,1
2290721,25:01:00,25:01:10,stop_point:SP_327,Pader,2
2290721,25:01:00,25:01:10,stop_point:SP_3826,Le Grand Marché - Pont de La Vache,3
2290721,25:02:00,25:02:10,stop_point:SP_3721,Collège Rosa Parks,4
2290721,25:03:00,25:03:10,stop_point:SP_753,Riché Lalande,5
2290721,25:04:00,25:04:10,stop_point:SP_1880,Lapin,6
2290721,25:05:00,25:05:10,stop_point:SP_1995,Roubiéchou,7
2290721,25:06:00,25:06:10,stop_point:SP_1993,Lapparou,8
2290721,25:07:00,25:07:10,stop_point:SP_2419,Gaussen,9
2290721,25:08:00,25:08:10,stop_point:SP_1499,Salvy,10
2290721,25:08:00,25:08:10,stop_point:SP_445,Eglise Aucamville,11
2290721,25:09:00,25:09:10,stop_point:SP_3252,Mairie Aucamville,12
2290721,25:10:00,25:10:10,stop_point:SP_1128,Favasse,13
2290721,25:11:00,25:11:10,stop_point:SP_619,Aucamville Collège,14
2290721,25:11:00,25:11:10,stop_point:SP_2651,Raudelauzette,15
2290721,25:12:00,25:12:10,stop_point:SP_455,Mariel,16
2290721,25:13:00,25:13:10,stop_point:SP_1577,Peyronnette,17
2290721,25:14:00,25:14:10,stop_point:SP_1718,St-Alban Ctre Cial,18
2290721,25:15:00,25:15:10,stop_point:SP_3784,Egalité,19
2290721,25:15:00,25:15:10,stop_point:SP_1557,Sables,20
2290721,25:16:00,25:16:10,stop_point:SP_641,Mairie St-Alban,21
2290721,25:17:00,25:17:10,stop_point:SP_2759,Ecole St-Alban,22
2290721,25:17:00,25:17:10,stop_point:SP_2178,Gafelaze,23
2290721,25:18:00,25:18:10,stop_point:SP_3651,St-Alban Salvador Allende,24
2290721,25:19:00,25:19:10,stop_point:SP_5169,Fenouillet Ctre Cial - Entrée Sud,25
2290721,25:20:00,25:20:10,stop_point:SP_5248,Fenouillet Ctre Cial - Entrée Nord,26
2290721,25:21:00,25:21:10,stop_point:SP_5247,Fenouillet Ctre Cial - Entrée Nord,27
2290722,05:15:00,05:15:10,stop_point:SP_5247,Fenouillet Ctre Cial - Entrée Nord,1
2290722,05:16:00,05:16:10,stop_point:SP_5168,Fenouillet Ctre Cial - Entrée Sud,2
2290722,05:17:00,05:17:10,stop_point:SP_243,St-Alban Salvador Allende,3
2290722,05:18:00,05:18:10,stop_point:SP_3753,Gafelaze,4
2290722,05:19:00,05:19:10,stop_point:SP_1547,Ecole St-Alban,5
2290722,05:20:00,05:20:10,stop_point:SP_3276,Mairie St-Alban,6
2290722,05:21:00,05:21:10,stop_point:SP_1989,Sables,7
2290722,05:21:00,05:21:10,stop_point:SP_1190,Egalité,8
2290722,05:22:00,05:22:10,stop_point:SP_219,St-Alban Ctre Cial,9
2290722,05:23:00,05:23:10,stop_point:SP_1370,Peyronnette,10
2290722,05:24:00,05:24:10,stop_point:SP_3053,Mariel,11
2290722,05:25:00,05:25:10,stop_point:SP_3516,Raudelauzette,12
2290722,05:26:00,05:26:10,stop_point:SP_1879,Aucamville Collège,13
2290722,05:27:00,05:27:10,stop_point:SP_175,Favasse,14
2290722,05:28:00,05:28:10,stop_point:SP_1760,Mairie Aucamville,15
2290722,05:29:00,05:29:10,stop_point:SP_2311,Eglise Aucamville,16
2290722,05:30:00,05:30:10,stop_point:SP_802,Salvy,17
2290722,05:31:00,05:31:10,stop_point:SP_2114,Gaussen,18
2290722,05:32:00,05:32:10,stop_point:SP_3810,Lapparou,19
2290722,05:33:00,05:33:10,stop_point:SP_507,Roubiéchou,20
2290722,05:35:00,05:35:10,stop_point:SP_3354,Lapin,21
2290722,05:36:00,05:36:10,stop_point:SP_2207,Riché Lalande,22
2290722,05:37:00,05:37:10,stop_point:SP_2270,Collège Rosa Parks,23
2290722,05:38:00,05:38:10,stop_point:SP_1526,Le Grand Marché - Pont de La Vache,24
2290722,05:39:00,05:39:10,stop_point:SP_97,Pader,25
2290722,05:40:00,05:40:10,stop_point:SP_1175,La Vache,26
2290723,05:48:00,05:48:10,stop_point:SP_5247,Fenouillet Ctre Cial - Entrée Nord,1
2290723,05:49:00,05:49:10,stop_point:SP_5168,Fenouillet Ctre Cial - Entrée Sud,2
2290723,05:50:00,05:50:10,stop_point:SP_243,St-Alban Salvador Allende,3
2290723,05:51:00,05:51:10,stop_point:SP_3753,Gafelaze,4
2290723,05:52:00,05:52:10,stop_point:SP_1547,Ecole St-Alban,5
2290723,05:53:00,05:53:10,stop_point:SP_3276,Mairie St-Alban,6
2290723,05:54:00,05:54:10,stop_point:SP_1989,Sables,7
2290723,05:54:00,05:54:10,stop_point:SP_1190,Egalité,8
2290723,05:55:00,05:55:10,stop_point:SP_219,St-Alban Ctre Cial,9
2290723,05:56:00,05:56:10,stop_point:SP_1370,Peyronnette,10
2290723,05:57:00,05:57:10,stop_point:SP_3053,Mariel,11
2290723,05:58:00,05:58:10,stop_point:SP_3516,Raudelauzette,12
2290723,05:59:00,05:59:10,stop_point:SP_1879,Aucamville Collège,13
2290723,06:00:00,06:00:10,stop_point:SP_175,Favasse,14
2290723,06:01:00,06:01:10,stop_point:SP_1760,Mairie Aucamville,15
2290723,06:02:00,06:02:10,stop_point:SP_2311,Eglise Aucamville,16
2290723,06:03:00,06:03:10,stop_point:SP_802,Salvy,17
2290723,06:04:00,06:04:10,stop_point:SP_2114,Gaussen,18
2290723,06:05:00,06:05:10,stop_point:SP_3810,Lapparou,19
2290723,06:06:00,06:06:10,stop_point:SP_507,Roubiéchou,20
2290723,06:08:00,06:08:10,stop_point:SP_3354,Lapin,21
2290723,06:09:00,06:09:10,stop_point:SP_2207,Riché Lalande,22
2290723,06:10:00,06:10:10,stop_point:SP_2270,Collège Rosa Parks,23
2290723,06:11:00,06:11:10,stop_point:SP_1526,Le Grand Marché - Pont de La Vache,24
2290723,06:12:00,06:12:10,stop_point:SP_97,Pader,25
2290723,06:13:00,06:13:10,stop_point:SP_1175,La Vache,26
2290724,06:05:00,06:05:10,stop_point:SP_5247,Fenouillet Ctre Cial - Entrée Nord,1
2290724,06:06:00,06:06:10,stop_point:SP_5168,Fenouillet Ctre Cial - Entrée Sud,2
2290724,06:07:00,06:07:10,stop_point:SP_243,St-Alban Salvador Allende,3
2290724,06:08:00,06:08:10,stop_point:SP_3753,Gafelaze,4
2290724,06:09:00,06:09:10,stop_point:SP_1547,Ecole St-Alban,5
2290724,06:10:00,06:10:10,stop_point:SP_3276,Mairie St-Alban,6
2290724,06:11:00,06:11:10,stop_point:SP_1989,Sables,7
2290724,06:11:00,06:11:10,stop_point:SP_1190,Egalité,8
2290724,06:12:00,06:12:10,stop_point:SP_219,St-Alban Ctre Cial,9
2290724,06:13:00,06:13:10,stop_point:SP_1370,Peyronnette,10
2290724,06:14:00,06:14:10,stop_point:SP_3053,Mariel,11
2290724,06:15:00,06:15:10,stop_point:SP_3516,Raudelauzette,12
2290724,06:16:00,06:16:10,stop_point:SP_1879,Aucamville Collège,13
2290724,06:17:00,06:17:10,stop_point:SP_175,Favasse,14
2290724,06:18:00,06:18:10,stop_point:SP_1760,Mairie Aucamville,15
2290724,06:19:00,06:19:10,stop_point:SP_2311,Eglise Aucamville,16
2290724,06:20:00,06:20:10,stop_point:SP_802,Salvy,17
2290724,06:21:00,06:21:10,stop_point:SP_2114,Gaussen,18
2290724,06:22:00,06:22:10,stop_point:SP_3810,Lapparou,19
2290724,06:23:00,06:23:10,stop_point:SP_507,Roubiéchou,20
2290724,06:25:00,06:25:10,stop_point:SP_3354,Lapin,21
2290724,06:26:00,06:26:10,stop_point:SP_2207,Riché Lalande,22
2290724,06:27:00,06:27:10,stop_point:SP_2270,Collège Rosa Parks,23
2290724,06:28:00,06:28:10,stop_point:SP_1526,Le Grand Marché - Pont de La Vache,24
2290724,06:29:00,06:29:10,stop_point:SP_97,Pader,25
2290724,06:30:00,06:30:10,stop_point:SP_1175,La Vache,26
2290725,06:21:00,06:21:10,stop_point:SP_5247,Fenouillet Ctre Cial - Entrée Nord,1
2290725,06:22:00,06:22:10,stop_point:SP_5168,Fenouillet Ctre Cial - Entrée Sud,2
2290725,06:23:00,06:23:10,stop_point:SP_243,St-Alban Salvador Allende,3
2290725,06:24:00,06:24:10,stop_point:SP_3753,Gafelaze,4
2290725,06:25:00,06:25:10,stop_point:SP_1547,Ecole St-Alban,5
2290725,06:26:00,06:26:10,stop_point:SP_3276,Mairie St-Alban,6
2290725,06:27:00,06:27:10,stop_point:SP_1989,Sables,7
2290725,06:27:00,06:27:10,stop_point:SP_1190,Egalité,8
2290725,06:29:00,06:29:10,stop_point:SP_219,St-Alban Ctre Cial,9
2290725,06:30:00,06:30:10,stop_point:SP_1370,Peyronnette,10
2290725,06:31:00,06:31:10,stop_point:SP_3053,Mariel,11
2290725,06:32:00,06:32:10,stop_point:SP_3516,Raudelauzette,12
2290725,06:33:00,06:33:10,stop_point:SP_1879,Aucamville Collège,13
2290725,06:35:00,06:35:10,stop_point:SP_175,Favasse,14
2290725,06:36:00,06:36:10,stop_point:SP_1760,Mairie Aucamville,15
2290725,06:37:00,06:37:10,stop_point:SP_2311,Eglise Aucamville,16
2290725,06:38:00,06:38:10,stop_point:SP_802,Salvy,17
2290725,06:39:00,06:39:10,stop_point:SP_2114,Gaussen,18
2290725,06:40:00,06:40:10,stop_point:SP_3810,Lapparou,19
2290725,06:41:00,06:41:10,stop_point:SP_507,Roubiéchou,20
2290725,06:43:00,06:43:10,stop_point:SP_3354,Lapin,21
2290725,06:44:00,06:44:10,stop_point:SP_2207,Riché Lalande,22
2290725,06:45:00,06:45:10,stop_point:SP_2270,Collège Rosa Parks,23
2290725,06:46:00,06:46:10,stop_point:SP_1526,Le Grand Marché - Pont de La Vache,24
2290725,06:47:00,06:47:10,stop_point:SP_97,Pader,25
2290725,06:48:00,06:48:10,stop_point:SP_1175,La Vache,26
2290726,06:40:00,06:40:10,stop_point:SP_5247,Fenouillet Ctre Cial - Entrée Nord,1
2290726,06:41:00,06:41:10,stop_point:SP_5168,Fenouillet Ctre Cial - Entrée Sud,2
2290726,06:43:00,06:43:10,stop_point:SP_243,St-Alban Salvador Allende,3
2290726,06:44:00,06:44:10,stop_point:SP_3753,Gafelaze,4
2290726,06:45:00,06:45:10,stop_point:SP_1547,Ecole St-Alban,5
2290726,06:46:00,06:46:10,stop_point:SP_3276,Mairie St-Alban,6
2290726,06:47:00,06:47:10,stop_point:SP_1989,Sables,7
2290726,06:47:00,06:47:10,stop_point:SP_1190,Egalité,8
2290726,06:49:00,06:49:10,stop_point:SP_219,St-Alban Ctre Cial,9
2290726,06:50:00,06:50:10,stop_point:SP_1370,Peyronnette,10
2290726,06:51:00,06:51:10,stop_point:SP_3053,Mariel,11
2290726,06:53:00,06:53:10,stop_point:SP_3516,Raudelauzette,12
2290726,06:54:00,06:54:10,stop_point:SP_1879,Aucamville Collège,13
2290726,06:56:00,06:56:10,stop_point:SP_175,Favasse,14
2290726,06:57:00,06:57:10,stop_point:SP_1760,Mairie Aucamville,15
2290726,06:58:00,06:58:10,stop_point:SP_2311,Eglise Aucamville,16
2290726,06:59:00,06:59:10,stop_point:SP_802,Salvy,17
2290726,07:01:00,07:01:10,stop_point:SP_2114,Gaussen,18
2290726,07:02:00,07:02:10,stop_point:SP_3810,Lapparou,19
2290726,07:04:00,07:04:10,stop_point:SP_507,Roubiéchou,20
2290726,07:05:00,07:05:10,stop_point:SP_3354,Lapin,21
2290726,07:07:00,07:07:10,stop_point:SP_2207,Riché Lalande,22
2290726,07:08:00,07:08:10,stop_point:SP_2270,Collège Rosa Parks,23
2290726,07:10:00,07:10:10,stop_point:SP_1526,Le Grand Marché - Pont de La Vache,24
2290726,07:11:00,07:11:10,stop_point:SP_97,Pader,25
2290726,07:12:00,07:12:10,stop_point:SP_1175,La Vache,26
2290727,06:46:00,06:46:10,stop_point:SP_5247,Fenouillet Ctre Cial - Entrée Nord,1
2290727,06:47:00,06:47:10,stop_point:SP_5168,Fenouillet Ctre Cial - Entrée Sud,2
2290727,06:49:00,06:49:10,stop_point:SP_243,St-Alban Salvador Allende,3
2290727,06:50:00,06:50:10,stop_point:SP_3753,Gafelaze,4
2290727,06:51:00,06:51:10,stop_point:SP_1547,Ecole St-Alban,5
2290727,06:52:00,06:52:10,stop_point:SP_3276,Mairie St-Alban,6
2290727,06:53:00,06:53:10,stop_point:SP_1989,Sables,7
2290727,06:53:00,06:53:10,stop_point:SP_1190,Egalité,8
2290727,06:55:00,06:55:10,stop_point:SP_219,St-Alban Ctre Cial,9
2290727,06:56:00,06:56:10,stop_point:SP_1370,Peyronnette,10
2290727,06:57:00,06:57:10,stop_point:SP_3053,Mariel,11
2290727,06:59:00,06:59:10,stop_point:SP_3516,Raudelauzette,12
2290727,07:00:00,07:00:10,stop_point:SP_1879,Aucamville Collège,13
2290727,07:02:00,07:02:10,stop_point:SP_175,Favasse,14
2290727,07:03:00,07:03:10,stop_point:SP_1760,Mairie Aucamville,15
2290727,07:04:00,07:04:10,stop_point:SP_2311,Eglise Aucamville,16
2290727,07:05:00,07:05:10,stop_point:SP_802,Salvy,17
2290727,07:07:00,07:07:10,stop_point:SP_2114,Gaussen,18
2290727,07:09:00,07:09:10,stop_point:SP_3810,Lapparou,19
2290727,07:11:00,07:11:10,stop_point:SP_507,Roubiéchou,20
2290727,07:12:00,07:12:10,stop_point:SP_3354,Lapin,21
2290727,07:14:00,07:14:10,stop_point:SP_2207,Riché Lalande,22
2290727,07:15:00,07:15:10,stop_point:SP_2270,Collège Rosa Parks,23
2290727,07:17:00,07:17:10,stop_point:SP_1526,Le Grand Marché - Pont de La Vache,24
2290727,07:18:00,07:18:10,stop_point:SP_97,Pader,25
2290727,07:20:00,07:20:10,stop_point:SP_1175,La Vache,26
2290728,06:59:00,06:59:10,stop_point:SP_5247,Fenouillet Ctre Cial - Entrée Nord,1
2290728,07:00:00,07:00:10,stop_point:SP_5168,Fenouillet Ctre Cial - Entrée Sud,2
2290728,07:02:00,07:02:10,stop_point:SP_243,St-Alban Salvador Allende,3
2290728,07:03:00,07:03:10,stop_point:SP_3753,Gafelaze,4
2290728,07:04:00,07:04:10,stop_point:SP_1547,Ecole St-Alban,5
2290728,07:05:00,07:05:10,stop_point:SP_3276,Mairie St-Alban,6
2290728,07:06:00,07:06:10,stop_point:SP_1989,Sables,7
2290728,07:06:00,07:06:10,stop_point:SP_1190,Egalité,8
2290728,07:08:00,07:08:10,stop_point:SP_219,St-Alban Ctre Cial,9
2290728,07:09:00,07:09:10,stop_point:SP_1370,Peyronnette,10
2290728,07:10:00,07:10:10,stop_point:SP_3053,Mariel,11
2290728,07:12:00,07:12:10,stop_point:SP_3516,Raudelauzette,12
2290728,07:13:00,07:13:10,stop_point:SP_1879,Aucamville Collège,13
2290728,07:15:00,07:15:10,stop_point:SP_175,Favasse,14
2290728,07:16:00,07:16:10,stop_point:SP_1760,Mairie Aucamville,15
2290728,07:17:00,07:17:10,stop_point:SP_2311,Eglise Aucamville,16
2290728,07:19:00,07:19:10,stop_point:SP_802,Salvy,17
2290728,07:20:00,07:20:10,stop_point:SP_2114,Gaussen,18
2290728,07:22:00,07:22:10,stop_point:SP_3810,Lapparou,19
2290728,07:24:00,07:24:10,stop_point:SP_507,Roubiéchou,20
2290728,07:26:00,07:26:10,stop_point:SP_3354,Lapin,21
2290728,07:28:00,07:28:10,stop_point:SP_2207,Riché Lalande,22
2290728,07:29:00,07:29:10,stop_point:SP_2270,Collège Rosa Parks,23
2290728,07:31:00,07:31:10,stop_point:SP_1526,Le Grand Marché - Pont de La Vache,24
2290728,07:32:00,07:32:10,stop_point:SP_97,Pader,25
2290728,07:34:00,07:34:10,stop_point:SP_1175,La Vache,26
2290729,07:07:00,07:07:10,stop_point:SP_5247,Fenouillet Ctre Cial - Entrée Nord,1
2290729,07:08:00,07:08:10,stop_point:SP_5168,Fenouillet Ctre Cial - Entrée Sud,2
2290729,07:10:00,07:10:10,stop_point:SP_243,St-Alban Salvador Allende,3
2290729,07:11:00,07:11:10,stop_point:SP_3753,Gafelaze,4
2290729,07:12:00,07:12:10,stop_point:SP_1547,Ecole St-Alban,5
2290729,07:13:00,07:13:10,stop_point:SP_3276,Mairie St-Alban,6
2290729,07:14:00,07:14:10,stop_point:SP_1989,Sables,7
2290729,07:14:00,07:14:10,stop_point:SP_1190,Egalité,8
2290729,07:16:00,07:16:10,stop_point:SP_219,St-Alban Ctre Cial,9
2290729,07:17:00,07:17:10,stop_point:SP_1370,Peyronnette,10
2290729,07:18:00,07:18:10,stop_point:SP_3053,Mariel,11
2290729,07:20:00,07:20:10,stop_point:SP_3516,Raudelauzette,12
2290729,07:21:00,07:21:10,stop_point:SP_1879,Aucamville Collège,13
2290729,07:23:00,07:23:10,stop_point:SP_175,Favasse,14
2290729,07:24:00,07:24:10,stop_point:SP_1760,Mairie Aucamville,15
2290729,07:25:00,07:25:10,stop_point:SP_2311,Eglise Aucamville,16
2290729,07:27:00,07:27:10,stop_point:SP_802,Salvy,17
2290729,07:28:00,07:28:10,stop_point:SP_2114,Gaussen,18
2290729,07:30:00,07:30:10,stop_point:SP_3810,Lapparou,19
2290729,07:32:00,07:32:10,stop_point:SP_507,Roubiéchou,20
2290729,07:34:00,07:34:10,stop_point:SP_3354,Lapin,21
2290729,07:36:00,07:36:10,stop_point:SP_2207,Riché Lalande,22
2290729,07:37:00,07:37:10,stop_point:SP_2270,Collège Rosa Parks,23
2290729,07:39:00,07:39:10,stop_point:SP_1526,Le Grand Marché - Pont de La Vache,24
2290729,07:40:00,07:40:10,stop_point:SP_97,Pader,25
2290729,07:42:00,07:42:10,stop_point:SP_1175,La Vache,26
2290730,07:13:00,07:13:10,stop_point:SP_5247,Fenouillet Ctre Cial - Entrée Nord,1
2290730,07:14:00,07:14:10,stop_point:SP_5168,Fenouillet Ctre Cial - Entrée Sud,2
2290730,07:16:00,07:16:10,stop_point:SP_243,St-Alban Salvador Allende,3
2290730,07:17:00,07:17:10,stop_point:SP_3753,Gafelaze,4
2290730,07:18:00,07:18:10,stop_point:SP_1547,Ecole St-Alban,5
2290730,07:19:00,07:19:10,stop_point:SP_3276,Mairie St-Alban,6
2290730,07:20:00,07:20:10,stop_point:SP_1989,Sables,7
2290730,07:20:00,07:20:10,stop_point:SP_1190,Egalité,8
2290730,07:22:00,07:22:10,stop_point:SP_219,St-Alban Ctre Cial,9
2290730,07:23:00,07:23:10,stop_point:SP_1370,Peyronnette,10
2290730,07:24:00,07:24:10,stop_point:SP_3053,Mariel,11
2290730,07:26:00,07:26:10,stop_point:SP_3516,Raudelauzette,12
2290730,07:27:00,07:27:10,stop_point:SP_1879,Aucamville Collège,13
2290730,07:29:00,07:29:10,stop_point:SP_175,Favasse,14
2290730,07:30:00,07:30:10,stop_point:SP_1760,Mairie Aucamville,15
2290730,07:31:00,07:31:10,stop_point:SP_2311,Eglise Aucamville,16
2290730,07:33:00,07:33:10,stop_point:SP_802,Salvy,17
2290730,07:35:00,07:35:10,stop_point:SP_2114,Gaussen,18
2290730,07:37:00,07:37:10,stop_point:SP_3810,Lapparou,19
2290730,07:40:00,07:40:10,stop_point:SP_507,Roubiéchou,20
2290730,07:42:00,07:42:10,stop_point:SP_3354,Lapin,21
2290730,07:44:00,07:44:10,stop_point:SP_2207,Riché Lalande,22
2290730,07:45:00,07:45:10,stop_point:SP_2270,Collège Rosa Parks,23
2290730,07:47:00,07:47:10,stop_point:SP_1526,Le Grand Marché - Pont de La Vache,24
2290730,07:48:00,07:48:10,stop_point:SP_97,Pader,25
2290730,07:50:00,07:50:10,stop_point:SP_1175,La Vache,26
2290731,07:18:00,07:18:10,stop_point:SP_5247,Fenouillet Ctre Cial - Entrée Nord,1
2290731,07:19:00,07:19:10,stop_point:SP_5168,Fenouillet Ctre Cial - Entrée Sud,2
2290731,07:21:00,07:21:10,stop_point:SP_243,St-Alban Salvador Allende,3
2290731,07:22:00,07:22:10,stop_point:SP_3753,Gafelaze,4
2290731,07:23:00,07:23:10,stop_point:SP_1547,Ecole St-Alban,5
2290731,07:24:00,07:24:10,stop_point:SP_3276,Mairie St-Alban,6
2290731,07:25:00,07:25:10,stop_point:SP_1989,Sables,7
2290731,07:25:00,07:25:10,stop_point:SP_1190,Egalité,8
2290731,07:27:00,07:27:10,stop_point:SP_219,St-Alban Ctre Cial,9
2290731,07:28:00,07:28:10,stop_point:SP_1370,Peyronnette,10
2290731,07:29:00,07:29:10,stop_point:SP_3053,Mariel,11
2290731,07:31:00,07:31:10,stop_point:SP_3516,Raudelauzette,12
2290731,07:32:00,07:32:10,stop_point:SP_1879,Aucamville Collège,13
2290731,07:34:00,07:34:10,stop_point:SP_175,Favasse,14
2290731,07:35:00,07:35:10,stop_point:SP_1760,Mairie Aucamville,15
2290731,07:37:00,07:37:10,stop_point:SP_2311,Eglise Aucamville,16
2290731,07:38:00,07:38:10,stop_point:SP_802,Salvy,17
2290731,07:40:00,07:40:10,stop_point:SP_2114,Gaussen,18
2290731,07:43:00,07:43:10,stop_point:SP_3810,Lapparou,19
2290731,07:45:00,07:45:10,stop_point:SP_507,Roubiéchou,20
2290731,07:47:00,07:47:10,stop_point:SP_3354,Lapin,21
2290731,07:50:00,07:50:10,stop_point:SP_2207,Riché Lalande,22
2290731,07:51:00,07:51:10,stop_point:SP_2270,Collège Rosa Parks,23
2290731,07:53:00,07:53:10,stop_point:SP_1526,Le Grand Marché - Pont de La Vache,24
2290731,07:54:00,07:54:10,stop_point:SP_97,Pader,25
2290731,07:56:00,07:56:10,stop_point:SP_1175,La Vache,26
2290732,07:24:00,07:24:10,stop_point:SP_5247,Fenouillet Ctre Cial - Entrée Nord,1
2290732,07:25:00,07:25:10,stop_point:SP_5168,Fenouillet Ctre Cial - Entrée Sud,2
2290732,07:27:00,07:27:10,stop_point:SP_243,St-Alban Salvador Allende,3
2290732,07:28:00,07:28:10,stop_point:SP_3753,Gafelaze,4
2290732,07:29:00,07:29:10,stop_point:SP_1547,Ecole St-Alban,5
2290732,07:30:00,07:30:10,stop_point:SP_3276,Mairie St-Alban,6
2290732,07:31:00,07:31:10,stop_point:SP_1989,Sables,7
2290732,07:31:00,07:31:10,stop_point:SP_1190,Egalité,8
2290732,07:33:00,07:33:10,stop_point:SP_219,St-Alban Ctre Cial,9
2290732,07:34:00,07:34:10,stop_point:SP_1370,Peyronnette,10
2290732,07:35:00,07:35:10,stop_point:SP_3053,Mariel,11
2290732,07:37:00,07:37:10,stop_point:SP_3516,Raudelauzette,12
2290732,07:38:00,07:38:10,stop_point:SP_1879,Aucamville Collège,13
2290732,07:40:00,07:40:10,stop_point:SP_175,Favasse,14
2290732,07:41:00,07:41:10,stop_point:SP_1760,Mairie Aucamville,15
2290732,07:43:00,07:43:10,stop_point:SP_2311,Eglise Aucamville,16
2290732,07:44:00,07:44:10,stop_point:SP_802,Salvy,17
2290732,07:46:00,07:46:10,stop_point:SP_2114,Gaussen,18
2290732,07:49:00,07:49:10,stop_point:SP_3810,Lapparou,19
2290732,07:51:00,07:51:10,stop_point:SP_507,Roubiéchou,20
2290732,07:53:00,07:53:10,stop_point:SP_3354,Lapin,21
2290732,07:56:00,07:56:10,stop_point:SP_2207,Riché Lalande,22
2290732,07:57:00,07:57:10,stop_point:SP_2270,Collège Rosa Parks,23
2290732,07:59:00,07:59:10,stop_point:SP_1526,Le Grand Marché - Pont de La Vache,24
2290732,08:00:00,08:00:10,stop_point:SP_97,Pader,25
2290732,08:02:00,08:02:10,stop_point:SP_1175,La Vache,26
2290733,07:31:00,07:31:10,stop_point:SP_5247,Fenouillet Ctre Cial - Entrée Nord,1
2290733,07:32:00,07:32:10,stop_point:SP_5168,Fenouillet Ctre Cial - Entrée Sud,2
2290733,07:34:00,07:34:10,stop_point:SP_243,St-Alban Salvador Allende,3
2290733,07:35:00,07:35:10,stop_point:SP_3753,Gafelaze,4
2290733,07:36:00,07:36:10,stop_point:SP_1547,Ecole St-Alban,5
2290733,07:37:00,07:37:10,stop_point:SP_3276,Mairie St-Alban,6
2290733,07:38:00,07:38:10,stop_point:SP_1989,Sables,7
2290733,07:38:00,07:38:10,stop_point:SP_1190,Egalité,8
2290733,07:40:00,07:40:10,stop_point:SP_219,St-Alban Ctre Cial,9
2290733,07:41:00,07:41:10,stop_point:SP_1370,Peyronnette,10
2290733,07:42:00,07:42:10,stop_point:SP_3053,Mariel,11
2290733,07:44:00,07:44:10,stop_point:SP_3516,Raudelauzette,12
2290733,07:45:00,07:45:10,stop_point:SP_1879,Aucamville Collège,13
2290733,07:47:00,07:47:10,stop_point:SP_175,Favasse,14
2290733,07:48:00,07:48:10,stop_point:SP_1760,Mairie Aucamville,15
2290733,07:50:00,07:50:10,stop_point:SP_2311,Eglise Aucamville,16
2290733,07:51:00,07:51:10,stop_point:SP_802,Salvy,17
2290733,07:53:00,07:53:10,stop_point:SP_2114,Gaussen,18
2290733,07:56:00,07:56:10,stop_point:SP_3810,Lapparou,19
2290733,07:58:00,07:58:10,stop_point:SP_507,Roubiéchou,20
2290733,08:00:00,08:00:10,stop_point:SP_3354,Lapin,21
2290733,08:03:00,08:03:10,stop_point:SP_2207,Riché Lalande,22
2290733,08:04:00,08:04:10,stop_point:SP_2270,Collège Rosa Parks,23
2290733,08:06:00,08:06:10,stop_point:SP_1526,Le Grand Marché - Pont de La Vache,24
2290733,08:07:00,08:07:10,stop_point:SP_97,Pader,25
2290733,08:09:00,08:09:10,stop_point:SP_1175,La Vache,26
2290734,07:39:00,07:39:10,stop_point:SP_5247,Fenouillet Ctre Cial - Entrée Nord,1
2290734,07:40:00,07:40:10,stop_point:SP_5168,Fenouillet Ctre Cial - Entrée Sud,2
2290734,07:42:00,07:42:10,stop_point:SP_243,St-Alban Salvador Allende,3
2290734,07:43:00,07:43:10,stop_point:SP_3753,Gafelaze,4
2290734,07:44:00,07:44:10,stop_point:SP_1547,Ecole St-Alban,5
2290734,07:45:00,07:45:10,stop_point:SP_3276,Mairie St-Alban,6
2290734,07:46:00,07:46:10,stop_point:SP_1989,Sables,7
2290734,07:46:00,07:46:10,stop_point:SP_1190,Egalité,8
2290734,07:48:00,07:48:10,stop_point:SP_219,St-Alban Ctre Cial,9
2290734,07:49:00,07:49:10,stop_point:SP_1370,Peyronnette,10
2290734,07:50:00,07:50:10,stop_point:SP_3053,Mariel,11
2290734,07:52:00,07:52:10,stop_point:SP_3516,Raudelauzette,12
2290734,07:53:00,07:53:10,stop_point:SP_1879,Aucamville Collège,13
2290734,07:55:00,07:55:10,stop_point:SP_175,Favasse,14
2290734,07:56:00,07:56:10,stop_point:SP_1760,Mairie Aucamville,15
2290734,07:58:00,07:58:10,stop_point:SP_2311,Eglise Aucamville,16
2290734,07:59:00,07:59:10,stop_point:SP_802,Salvy,17
2290734,08:01:00,08:01:10,stop_point:SP_2114,Gaussen,18
2290734,08:04:00,08:04:10,stop_point:SP_3810,Lapparou,19
2290734,08:06:00,08:06:10,stop_point:SP_507,Roubiéchou,20
2290734,08:08:00,08:08:10,stop_point:SP_3354,Lapin,21
2290734,08:11:00,08:11:10,stop_point:SP_2207,Riché Lalande,22
2290734,08:12:00,08:12:10,stop_point:SP_2270,Collège Rosa Parks,23
2290734,08:14:00,08:14:10,stop_point:SP_1526,Le Grand Marché - Pont de La Vache,24
2290734,08:15:00,08:15:10,stop_point:SP_97,Pader,25
2290734,08:17:00,08:17:10,stop_point:SP_1175,La Vache,26
2290735,07:47:00,07:47:10,stop_point:SP_5247,Fenouillet Ctre Cial - Entrée Nord,1
2290735,07:48:00,07:48:10,stop_point:SP_5168,Fenouillet Ctre Cial - Entrée Sud,2
2290735,07:50:00,07:50:10,stop_point:SP_243,St-Alban Salvador Allende,3
2290735,07:51:00,07:51:10,stop_point:SP_3753,Gafelaze,4
2290735,07:52:00,07:52:10,stop_point:SP_1547,Ecole St-Alban,5
2290735,07:53:00,07:53:10,stop_point:SP_3276,Mairie St-Alban,6
2290735,07:54:00,07:54:10,stop_point:SP_1989,Sables,7
2290735,07:54:00,07:54:10,stop_point:SP_1190,Egalité,8
2290735,07:56:00,07:56:10,stop_point:SP_219,St-Alban Ctre Cial,9
2290735,07:58:00,07:58:10,stop_point:SP_1370,Peyronnette,10
2290735,07:59:00,07:59:10,stop_point:SP_3053,Mariel,11
2290735,08:01:00,08:01:10,stop_point:SP_3516,Raudelauzette,12
2290735,08:02:00,08:02:10,stop_point:SP_1879,Aucamville Collège,13
2290735,08:04:00,08:04:10,stop_point:SP_175,Favasse,14
2290735,08:05:00,08:05:10,stop_point:SP_1760,Mairie Aucamville,15
2290735,08:06:00,08:06:10,stop_point:SP_2311,Eglise Aucamville,16
2290735,08:08:00,08:08:10,stop_point:SP_802,Salvy,17
2290735,08:10:00,08:10:10,stop_point:SP_2114,Gaussen,18
2290735,08:12:00,08:12:10,stop_point:SP_3810,Lapparou,19
2290735,08:15:00,08:15:10,stop_point:SP_507,Roubiéchou,20
2290735,08:17:00,08:17:10,stop_point:SP_3354,Lapin,21
2290735,08:19:00,08:19:10,stop_point:SP_2207,Riché Lalande,22
2290735,08:20:00,08:20:10,stop_point:SP_2270,Collège Rosa Parks,23
2290735,08:22:00,08:22:10,stop_point:SP_1526,Le Grand Marché - Pont de La Vache,24
2290735,08:23:00,08:23:10,stop_point:SP_97,Pader,25
2290735,08:25:00,08:25:10,stop_point:SP_1175,La Vache,26
2290736,07:55:00,07:55:10,stop_point:SP_5247,Fenouillet Ctre Cial - Entrée Nord,1
2290736,07:56:00,07:56:10,stop_point:SP_5168,Fenouillet Ctre Cial - Entrée Sud,2
2290736,07:58:00,07:58:10,stop_point:SP_243,St-Alban Salvador Allende,3
2290736,07:59:00,07:59:10,stop_point:SP_3753,Gafelaze,4
2290736,08:00:00,08:00:10,stop_point:SP_1547,Ecole St-Alban,5
2290736,08:01:00,08:01:10,stop_point:SP_3276,Mairie St-Alban,6
2290736,08:02:00,08:02:10,stop_point:SP_1989,Sables,7
2290736,08:02:00,08:02:10,stop_point:SP_1190,Egalité,8
2290736,08:04:00,08:04:10,stop_point:SP_219,St-Alban Ctre Cial,9
2290736,08:06:00,08:06:10,stop_point:SP_1370,Peyronnette,10
2290736,08:07:00,08:07:10,stop_point:SP_3053,Mariel,11
2290736,08:09:00,08:09:10,stop_point:SP_3516,Raudelauzette,12
2290736,08:10:00,08:10:10,stop_point:SP_1879,Aucamville Collège,13
2290736,08:12:00,08:12:10,stop_point:SP_175,Favasse,14
2290736,08:13:00,08:13:10,stop_point:SP_1760,Mairie Aucamville,15
2290736,08:14:00,08:14:10,stop_point:SP_2311,Eglise Aucamville,16
2290736,08:16:00,08:16:10,stop_point:SP_802,Salvy,17
2290736,08:18:00,08:18:10,stop_point:SP_2114,Gaussen,18
2290736,08:20:00,08:20:10,stop_point:SP_3810,Lapparou,19
2290736,08:23:00,08:23:10,stop_point:SP_507,Roubiéchou,20
2290736,08:25:00,08:25:10,stop_point:SP_3354,Lapin,21
2290736,08:27:00,08:27:10,stop_point:SP_2207,Riché Lalande,22
2290736,08:28:00,08:28:10,stop_point:SP_2270,Collège Rosa Parks,23
2290736,08:30:00,08:30:10,stop_point:SP_1526,Le Grand Marché - Pont de La Vache,24
2290736,08:31:00,08:31:10,stop_point:SP_97,Pader,25
2290736,08:33:00,08:33:10,stop_point:SP_1175,La Vache,26
2290737,08:03:00,08:03:10,stop_point:SP_5247,Fenouillet Ctre Cial - Entrée Nord,1
2290737,08:04:00,08:04:10,stop_point:SP_5168,Fenouillet Ctre Cial - Entrée Sud,2
2290737,08:06:00,08:06:10,stop_point:SP_243,St-Alban Salvador Allende,3
2290737,08:07:00,08:07:10,stop_point:SP_3753,Gafelaze,4
2290737,08:08:00,08:08:10,stop_point:SP_1547,Ecole St-Alban,5
2290737,08:09:00,08:09:10,stop_point:SP_3276,Mairie St-Alban,6
2290737,08:10:00,08:10:10,stop_point:SP_1989,Sables,7
2290737,08:10:00,08:10:10,stop_point:SP_1190,Egalité,8
2290737,08:12:00,08:12:10,stop_point:SP_219,St-Alban Ctre Cial,9
2290737,08:14:00,08:14:10,stop_point:SP_1370,Peyronnette,10
2290737,08:15:00,08:15:10,stop_point:SP_3053,Mariel,11
2290737,08:17:00,08:17:10,stop_point:SP_3516,Raudelauzette,12
2290737,08:18:00,08:18:10,stop_point:SP_1879,Aucamville Collège,13
2290737,08:20:00,08:20:10,stop_point:SP_175,Favasse,14
2290737,08:21:00,08:21:10,stop_point:SP_1760,Mairie Aucamville,15
2290737,08:22:00,08:22:10,stop_point:SP_2311,Eglise Aucamville,16
2290737,08:24:00,08:24:10,stop_point:SP_802,Salvy,17
2290737,08:26:00,08:26:10,stop_point:SP_2114,Gaussen,18
2290737,08:28:00,08:28:10,stop_point:SP_3810,Lapparou,19
2290737,08:31:00,08:31:10,stop_point:SP_507,Roubiéchou,20
2290737,08:33:00,08:33:10,stop_point:SP_3354,Lapin,21
2290737,08:35:00,08:35:10,stop_point:SP_2207,Riché Lalande,22
2290737,08:36:00,08:36:10,stop_point:SP_2270,Collège Rosa Parks,23
2290737,08:38:00,08:38:10,stop_point:SP_1526,Le Grand Marché - Pont de La Vache,24
2290737,08:39:00,08:39:10,stop_point:SP_97,Pader,25
2290737,08:40:00,08:40:10,stop_point:SP_1175,La Vache,26
2290738,08:12:00,08:12:10,stop_point:SP_5247,Fenouillet Ctre Cial - Entrée Nord,1
2290738,08:13:00,08:13:10,stop_point:SP_5168,Fenouillet Ctre Cial - Entrée Sud,2
2290738,08:15:00,08:15:10,stop_point:SP_243,St-Alban Salvador Allende,3
2290738,08:16:00,08:16:10,stop_point:SP_3753,Gafelaze,4
2290738,08:17:00,08:17:10,stop_point:SP_1547,Ecole St-Alban,5
2290738,08:18:00,08:18:10,stop_point:SP_3276,Mairie St-Alban,6
2290738,08:19:00,08:19:10,stop_point:SP_1989,Sables,7
2290738,08:19:00,08:19:10,stop_point:SP_1190,Egalité,8
2290738,08:21:00,08:21:10,stop_point:SP_219,St-Alban Ctre Cial,9
2290738,08:23:00,08:23:10,stop_point:SP_1370,Peyronnette,10
2290738,08:24:00,08:24:10,stop_point:SP_3053,Mariel,11
2290738,08:26:00,08:26:10,stop_point:SP_3516,Raudelauzette,12
2290738,08:27:00,08:27:10,stop_point:SP_1879,Aucamville Collège,13
2290738,08:29:00,08:29:10,stop_point:SP_175,Favasse,14
2290738,08:30:00,08:30:10,stop_point:SP_1760,Mairie Aucamville,15
2290738,08:31:00,08:31:10,stop_point:SP_2311,Eglise Aucamville,16
2290738,08:33:00,08:33:10,stop_point:SP_802,Salvy,17
2290738,08:35:00,08:35:10,stop_point:SP_2114,Gaussen,18
2290738,08:37:00,08:37:10,stop_point:SP_3810,Lapparou,19
2290738,08:39:00,08:39:10,stop_point:SP_507,Roubiéchou,20
2290738,08:41:00,08:41:10,stop_point:SP_3354,Lapin,21
2290738,08:43:00,08:43:10,stop_point:SP_2207,Riché Lalande,22
2290738,08:44:00,08:44:10,stop_point:SP_2270,Collège Rosa Parks,23
2290738,08:46:00,08:46:10,stop_point:SP_1526,Le Grand Marché - Pont de La Vache,24
2290738,08:47:00,08:47:10,stop_point:SP_97,Pader,25
2290738,08:48:00,08:48:10,stop_point:SP_1175,La Vache,26
2290739,08:20:00,08:20:10,stop_point:SP_5247,Fenouillet Ctre Cial - Entrée Nord,1
2290739,08:21:00,08:21:10,stop_point:SP_5168,Fenouillet Ctre Cial - Entrée Sud,2
2290739,08:23:00,08:23:10,stop_point:SP_243,St-Alban Salvador Allende,3
2290739,08:24:00,08:24:10,stop_point:SP_3753,Gafelaze,4
2290739,08:25:00,08:25:10,stop_point:SP_1547,Ecole St-Alban,5
2290739,08:26:00,08:26:10,stop_point:SP_3276,Mairie St-Alban,6
2290739,08:27:00,08:27:10,stop_point:SP_1989,Sables,7
2290739,08:27:00,08:27:10,stop_point:SP_1190,Egalité,8
2290739,08:29:00,08:29:10,stop_point:SP_219,St-Alban Ctre Cial,9
2290739,08:31:00,08:31:10,stop_point:SP_1370,Peyronnette,10
2290739,08:32:00,08:32:10,stop_point:SP_3053,Mariel,11
2290739,08:34:00,08:34:10,stop_point:SP_3516,Raudelauzette,12
2290739,08:35:00,08:35:10,stop_point:SP_1879,Aucamville Collège,13
2290739,08:37:00,08:37:10,stop_point:SP_175,Favasse,14
2290739,08:38:00,08:38:10,stop_point:SP_1760,Mairie Aucamville,15
2290739,08:39:00,08:39:10,stop_point:SP_2311,Eglise Aucamville,16
2290739,08:41:00,08:41:10,stop_point:SP_802,Salvy,17
2290739,08:42:00,08:42:10,stop_point:SP_2114,Gaussen,18
2290739,08:44:00,08:44:10,stop_point:SP_3810,Lapparou,19
2290739,08:46:00,08:46:10,stop_point:SP_507,Roubiéchou,20
2290739,08:48:00,08:48:10,stop_point:SP_3354,Lapin,21
2290739,08:50:00,08:50:10,stop_point:SP_2207,Riché Lalande,22
2290739,08:51:00,08:51:10,stop_point:SP_2270,Collège Rosa Parks,23
2290739,08:53:00,08:53:10,stop_point:SP_1526,Le Grand Marché - Pont de La Vache,24
2290739,08:54:00,08:54:10,stop_point:SP_97,Pader,25
2290739,08:55:00,08:55:10,stop_point:SP_1175,La Vache,26
2290740,08:29:00,08:29:10,stop_point:SP_5247,Fenouillet Ctre Cial - Entrée Nord,1
2290740,08:30:00,08:30:10,stop_point:SP_5168,Fenouillet Ctre Cial - Entrée Sud,2
2290740,08:32:00,08:32:10,stop_point:SP_243,St-Alban Salvador Allende,3
2290740,08:33:00,08:33:10,stop_point:SP_3753,Gafelaze,4
2290740,08:34:00,08:34:10,stop_point:SP_1547,Ecole St-Alban,5
2290740,08:35:00,08:35:10,stop_point:SP_3276,Mairie St-Alban,6
2290740,08:36:00,08:36:10,stop_point:SP_1989,Sables,7
2290740,08:36:00,08:36:10,stop_point:SP_1190,Egalité,8
2290740,08:38:00,08:38:10,stop_point:SP_219,St-Alban Ctre Cial,9
2290740,08:40:00,08:40:10,stop_point:SP_1370,Peyronnette,10
2290740,08:41:00,08:41:10,stop_point:SP_3053,Mariel,11
2290740,08:43:00,08:43:10,stop_point:SP_3516,Raudelauzette,12
2290740,08:44:00,08:44:10,stop_point:SP_1879,Aucamville Collège,13
2290740,08:46:00,08:46:10,stop_point:SP_175,Favasse,14
2290740,08:47:00,08:47:10,stop_point:SP_1760,Mairie Aucamville,15
2290740,08:48:00,08:48:10,stop_point:SP_2311,Eglise Aucamville,16
2290740,08:49:00,08:49:10,stop_point:SP_802,Salvy,17
2290740,08:51:00,08:51:10,stop_point:SP_2114,Gaussen,18
2290740,08:53:00,08:53:10,stop_point:SP_3810,Lapparou,19
2290740,08:55:00,08:55:10,stop_point:SP_507,Roubiéchou,20
2290740,08:56:00,08:56:10,stop_point:SP_3354,Lapin,21
2290740,08:58:00,08:58:10,stop_point:SP_2207,Riché Lalande,22
2290740,08:59:00,08:59:10,stop_point:SP_2270,Collège Rosa Parks,23
2290740,09:01:00,09:01:10,stop_point:SP_1526,Le Grand Marché - Pont de La Vache,24
2290740,09:02:00,09:02:10,stop_point:SP_97,Pader,25
2290740,09:03:00,09:03:10,stop_point:SP_1175,La Vache,26
2290741,08:37:00,08:37:10,stop_point:SP_5247,Fenouillet Ctre Cial - Entrée Nord,1
2290741,08:38:00,08:38:10,stop_point:SP_5168,Fenouillet Ctre Cial - Entrée Sud,2
2290741,08:40:00,08:40:10,stop_point:SP_243,St-Alban Salvador Allende,3
2290741,08:41:00,08:41:10,stop_point:SP_3753,Gafelaze,4
2290741,08:42:00,08:42:10,stop_point:SP_1547,Ecole St-Alban,5
2290741,08:43:00,08:43:10,stop_point:SP_3276,Mairie St-Alban,6
2290741,08:44:00,08:44:10,stop_point:SP_1989,Sables,7
2290741,08:44:00,08:44:10,stop_point:SP_1190,Egalité,8
2290741,08:46:00,08:46:10,stop_point:SP_219,St-Alban Ctre Cial,9
2290741,08:48:00,08:48:10,stop_point:SP_1370,Peyronnette,10
2290741,08:49:00,08:49:10,stop_point:SP_3053,Mariel,11
2290741,08:51:00,08:51:10,stop_point:SP_3516,Raudelauzette,12
2290741,08:52:00,08:52:10,stop_point:SP_1879,Aucamville Collège,13
2290741,08:54:00,08:54:10,stop_point:SP_175,Favasse,14
2290741,08:55:00,08:55:10,stop_point:SP_1760,Mairie Aucamville,15
2290741,08:56:00,08:56:10,stop_point:SP_2311,Eglise Aucamville,16
2290741,08:57:00,08:57:10,stop_point:SP_802,Salvy,17
2290741,08:58:00,08:58:10,stop_point:SP_2114,Gaussen,18
2290741,08:59:00,08:59:10,stop_point:SP_3810,Lapparou,19
2290741,09:00:00,09:00:10,stop_point:SP_507,Roubiéchou,20
2290741,09:02:00,09:02:10,stop_point:SP_3354,Lapin,21
2290741,09:03:00,09:03:10,stop_point:SP_2207,Riché Lalande,22
2290741,09:04:00,09:04:10,stop_point:SP_2270,Collège Rosa Parks,23
2290741,09:06:00,09:06:10,stop_point:SP_1526,Le Grand Marché - Pont de La Vache,24
2290741,09:07:00,09:07:10,stop_point:SP_97,Pader,25
2290741,09:08:00,09:08:10,stop_point:SP_1175,La Vache,26
2290742,08:46:00,08:46:10,stop_point:SP_5247,Fenouillet Ctre Cial - Entrée Nord,1
2290742,08:47:00,08:47:10,stop_point:SP_5168,Fenouillet Ctre Cial - Entrée Sud,2
2290742,08:49:00,08:49:10,stop_point:SP_243,St-Alban Salvador Allende,3
2290742,08:50:00,08:50:10,stop_point:SP_3753,Gafelaze,4
2290742,08:51:00,08:51:10,stop_point:SP_1547,Ecole St-Alban,5
2290742,08:52:00,08:52:10,stop_point:SP_3276,Mairie St-Alban,6
2290742,08:53:00,08:53:10,stop_point:SP_1989,Sables,7
2290742,08:53:00,08:53:10,stop_point:SP_1190,Egalité,8
2290742,08:55:00,08:55:10,stop_point:SP_219,St-Alban Ctre Cial,9
2290742,08:57:00,08:57:10,stop_point:SP_1370,Peyronnette,10
2290742,08:58:00,08:58:10,stop_point:SP_3053,Mariel,11
2290742,09:00:00,09:00:10,stop_point:SP_3516,Raudelauzette,12
2290742,09:01:00,09:01:10,stop_point:SP_1879,Aucamville Collège,13
2290742,09:03:00,09:03:10,stop_point:SP_175,Favasse,14
2290742,09:04:00,09:04:10,stop_point:SP_1760,Mairie Aucamville,15
2290742,09:05:00,09:05:10,stop_point:SP_2311,Eglise Aucamville,16
2290742,09:06:00,09:06:10,stop_point:SP_802,Salvy,17
2290742,09:07:00,09:07:10,stop_point:SP_2114,Gaussen,18
2290742,09:08:00,09:08:10,stop_point:SP_3810,Lapparou,19
2290742,09:09:00,09:09:10,stop_point:SP_507,Roubiéchou,20
2290742,09:11:00,09:11:10,stop_point:SP_3354,Lapin,21
2290742,09:12:00,09:12:10,stop_point:SP_2207,Riché Lalande,22
2290742,09:13:00,09:13:10,stop_point:SP_2270,Collège Rosa Parks,23
2290742,09:15:00,09:15:10,stop_point:SP_1526,Le Grand Marché - Pont de La Vache,24
2290742,09:16:00,09:16:10,stop_point:SP_97,Pader,25
2290742,09:17:00,09:17:10,stop_point:SP_1175,La Vache,26
2290743,08:54:00,08:54:10,stop_point:SP_5247,Fenouillet Ctre Cial - Entrée Nord,1
2290743,08:55:00,08:55:10,stop_point:SP_5168,Fenouillet Ctre Cial - Entrée Sud,2
2290743,08:56:00,08:56:10,stop_point:SP_243,St-Alban Salvador Allende,3
2290743,08:57:00,08:57:10,stop_point:SP_3753,Gafelaze,4
2290743,08:58:00,08:58:10,stop_point:SP_1547,Ecole St-Alban,5
2290743,08:59:00,08:59:10,stop_point:SP_3276,Mairie St-Alban,6
2290743,09:00:00,09:00:10,stop_point:SP_1989,Sables,7
2290743,09:00:00,09:00:10,stop_point:SP_1190,Egalité,8
2290743,09:02:00,09:02:10,stop_point:SP_219,St-Alban Ctre Cial,9
2290743,09:04:00,09:04:10,stop_point:SP_1370,Peyronnette,10
2290743,09:05:00,09:05:10,stop_point:SP_3053,Mariel,11
2290743,09:07:00,09:07:10,stop_point:SP_3516,Raudelauzette,12
2290743,09:08:00,09:08:10,stop_point:SP_1879,Aucamville Collège,13
2290743,09:10:00,09:10:10,stop_point:SP_175,Favasse,14
2290743,09:11:00,09:11:10,stop_point:SP_1760,Mairie Aucamville,15
2290743,09:12:00,09:12:10,stop_point:SP_2311,Eglise Aucamville,16
2290743,09:13:00,09:13:10,stop_point:SP_802,Salvy,17
2290743,09:14:00,09:14:10,stop_point:SP_2114,Gaussen,18
2290743,09:15:00,09:15:10,stop_point:SP_3810,Lapparou,19
2290743,09:16:00,09:16:10,stop_point:SP_507,Roubiéchou,20
2290743,09:18:00,09:18:10,stop_point:SP_3354,Lapin,21
2290743,09:19:00,09:19:10,stop_point:SP_2207,Riché Lalande,22
2290743,09:20:00,09:20:10,stop_point:SP_2270,Collège Rosa Parks,23
2290743,09:22:00,09:22:10,stop_point:SP_1526,Le Grand Marché - Pont de La Vache,24
2290743,09:23:00,09:23:10,stop_point:SP_97,Pader,25
2290743,09:24:00,09:24:10,stop_point:SP_1175,La Vache,26
2290744,09:03:00,09:03:10,stop_point:SP_5247,Fenouillet Ctre Cial - Entrée Nord,1
2290744,09:04:00,09:04:10,stop_point:SP_5168,Fenouillet Ctre Cial - Entrée Sud,2
2290744,09:05:00,09:05:10,stop_point:SP_243,St-Alban Salvador Allende,3
2290744,09:06:00,09:06:10,stop_point:SP_3753,Gafelaze,4
2290744,09:07:00,09:07:10,stop_point:SP_1547,Ecole St-Alban,5
2290744,09:08:00,09:08:10,stop_point:SP_3276,Mairie St-Alban,6
2290744,09:09:00,09:09:10,stop_point:SP_1989,Sables,7
2290744,09:09:00,09:09:10,stop_point:SP_1190,Egalité,8
2290744,09:11:00,09:11:10,stop_point:SP_219,St-Alban Ctre Cial,9
2290744,09:13:00,09:13:10,stop_point:SP_1370,Peyronnette,10
2290744,09:14:00,09:14:10,stop_point:SP_3053,Mariel,11
2290744,09:16:00,09:16:10,stop_point:SP_3516,Raudelauzette,12
2290744,09:17:00,09:17:10,stop_point:SP_1879,Aucamville Collège,13
2290744,09:19:00,09:19:10,stop_point:SP_175,Favasse,14
2290744,09:20:00,09:20:10,stop_point:SP_1760,Mairie Aucamville,15
2290744,09:21:00,09:21:10,stop_point:SP_2311,Eglise Aucamville,16
2290744,09:22:00,09:22:10,stop_point:SP_802,Salvy,17
2290744,09:23:00,09:23:10,stop_point:SP_2114,Gaussen,18
2290744,09:24:00,09:24:10,stop_point:SP_3810,Lapparou,19
2290744,09:25:00,09:25:10,stop_point:SP_507,Roubiéchou,20
2290744,09:27:00,09:27:10,stop_point:SP_3354,Lapin,21
2290744,09:28:00,09:28:10,stop_point:SP_2207,Riché Lalande,22
2290744,09:29:00,09:29:10,stop_point:SP_2270,Collège Rosa Parks,23
2290744,09:31:00,09:31:10,stop_point:SP_1526,Le Grand Marché - Pont de La Vache,24
2290744,09:32:00,09:32:10,stop_point:SP_97,Pader,25
2290744,09:33:00,09:33:10,stop_point:SP_1175,La Vache,26
2290745,09:12:00,09:12:10,stop_point:SP_5247,Fenouillet Ctre Cial - Entrée Nord,1
2290745,09:13:00,09:13:10,stop_point:SP_5168,Fenouillet Ctre Cial - Entrée Sud,2
2290745,09:14:00,09:14:10,stop_point:SP_243,St-Alban Salvador Allende,3
2290745,09:15:00,09:15:10,stop_point:SP_3753,Gafelaze,4
2290745,09:16:00,09:16:10,stop_point:SP_1547,Ecole St-Alban,5
2290745,09:17:00,09:17:10,stop_point:SP_3276,Mairie St-Alban,6
2290745,09:18:00,09:18:10,stop_point:SP_1989,Sables,7
2290745,09:18:00,09:18:10,stop_point:SP_1190,Egalité,8
2290745,09:20:00,09:20:10,stop_point:SP_219,St-Alban Ctre Cial,9
2290745,09:21:00,09:21:10,stop_point:SP_1370,Peyronnette,10
2290745,09:22:00,09:22:10,stop_point:SP_3053,Mariel,11
2290745,09:24:00,09:24:10,stop_point:SP_3516,Raudelauzette,12
2290745,09:25:00,09:25:10,stop_point:SP_1879,Aucamville Collège,13
2290745,09:27:00,09:27:10,stop_point:SP_175,Favasse,14
2290745,09:28:00,09:28:10,stop_point:SP_1760,Mairie Aucamville,15
2290745,09:29:00,09:29:10,stop_point:SP_2311,Eglise Aucamville,16
2290745,09:30:00,09:30:10,stop_point:SP_802,Salvy,17
2290745,09:31:00,09:31:10,stop_point:SP_2114,Gaussen,18
2290745,09:32:00,09:32:10,stop_point:SP_3810,Lapparou,19
2290745,09:33:00,09:33:10,stop_point:SP_507,Roubiéchou,20
2290745,09:35:00,09:35:10,stop_point:SP_3354,Lapin,21
2290745,09:36:00,09:36:10,stop_point:SP_2207,Riché Lalande,22
2290745,09:37:00,09:37:10,stop_point:SP_2270,Collège Rosa Parks,23
2290745,09:39:00,09:39:10,stop_point:SP_1526,Le Grand Marché - Pont de La Vache,24
2290745,09:40:00,09:40:10,stop_point:SP_97,Pader,25
2290745,09:41:00,09:41:10,stop_point:SP_1175,La Vache,26
2290746,09:22:00,09:22:10,stop_point:SP_5247,Fenouillet Ctre Cial - Entrée Nord,1
2290746,09:23:00,09:23:10,stop_point:SP_5168,Fenouillet Ctre Cial - Entrée Sud,2
2290746,09:24:00,09:24:10,stop_point:SP_243,St-Alban Salvador Allende,3
2290746,09:25:00,09:25:10,stop_point:SP_3753,Gafelaze,4
2290746,09:26:00,09:26:10,stop_point:SP_1547,Ecole St-Alban,5
2290746,09:27:00,09:27:10,stop_point:SP_3276,Mairie St-Alban,6
2290746,09:28:00,09:28:10,stop_point:SP_1989,Sables,7
2290746,09:28:00,09:28:10,stop_point:SP_1190,Egalité,8
2290746,09:30:00,09:30:10,stop_point:SP_219,St-Alban Ctre Cial,9
2290746,09:31:00,09:31:10,stop_point:SP_1370,Peyronnette,10
2290746,09:32:00,09:32:10,stop_point:SP_3053,Mariel,11
2290746,09:34:00,09:34:10,stop_point:SP_3516,Raudelauzette,12
2290746,09:35:00,09:35:10,stop_point:SP_1879,Aucamville Collège,13
2290746,09:37:00,09:37:10,stop_point:SP_175,Favasse,14
2290746,09:38:00,09:38:10,stop_point:SP_1760,Mairie Aucamville,15
2290746,09:39:00,09:39:10,stop_point:SP_2311,Eglise Aucamville,16
2290746,09:40:00,09:40:10,stop_point:SP_802,Salvy,17
2290746,09:41:00,09:41:10,stop_point:SP_2114,Gaussen,18
2290746,09:42:00,09:42:10,stop_point:SP_3810,Lapparou,19
2290746,09:43:00,09:43:10,stop_point:SP_507,Roubiéchou,20
2290746,09:45:00,09:45:10,stop_point:SP_3354,Lapin,21
2290746,09:46:00,09:46:10,stop_point:SP_2207,Riché Lalande,22
2290746,09:47:00,09:47:10,stop_point:SP_2270,Collège Rosa Parks,23
2290746,09:49:00,09:49:10,stop_point:SP_1526,Le Grand Marché - Pont de La Vache,24
2290746,09:50:00,09:50:10,stop_point:SP_97,Pader,25
2290746,09:51:00,09:51:10,stop_point:SP_1175,La Vache,26
2290747,09:32:00,09:32:10,stop_point:SP_5247,Fenouillet Ctre Cial - Entrée Nord,1
2290747,09:33:00,09:33:10,stop_point:SP_5168,Fenouillet Ctre Cial - Entrée Sud,2
2290747,09:34:00,09:34:10,stop_point:SP_243,St-Alban Salvador Allende,3
2290747,09:35:00,09:35:10,stop_point:SP_3753,Gafelaze,4
2290747,09:36:00,09:36:10,stop_point:SP_1547,Ecole St-Alban,5
2290747,09:37:00,09:37:10,stop_point:SP_3276,Mairie St-Alban,6
2290747,09:38:00,09:38:10,stop_point:SP_1989,Sables,7
2290747,09:38:00,09:38:10,stop_point:SP_1190,Egalité,8
2290747,09:40:00,09:40:10,stop_point:SP_219,St-Alban Ctre Cial,9
2290747,09:41:00,09:41:10,stop_point:SP_1370,Peyronnette,10
2290747,09:42:00,09:42:10,stop_point:SP_3053,Mariel,11
2290747,09:44:00,09:44:10,stop_point:SP_3516,Raudelauzette,12
2290747,09:45:00,09:45:10,stop_point:SP_1879,Aucamville Collège,13
2290747,09:47:00,09:47:10,stop_point:SP_175,Favasse,14
2290747,09:48:00,09:48:10,stop_point:SP_1760,Mairie Aucamville,15
2290747,09:49:00,09:49:10,stop_point:SP_2311,Eglise Aucamville,16
2290747,09:50:00,09:50:10,stop_point:SP_802,Salvy,17
2290747,09:51:00,09:51:10,stop_point:SP_2114,Gaussen,18
2290747,09:52:00,09:52:10,stop_point:SP_3810,Lapparou,19
2290747,09:53:00,09:53:10,stop_point:SP_507,Roubiéchou,20
2290747,09:55:00,09:55:10,stop_point:SP_3354,Lapin,21
2290747,09:56:00,09:56:10,stop_point:SP_2207,Riché Lalande,22
2290747,09:57:00,09:57:10,stop_point:SP_2270,Collège Rosa Parks,23
2290747,09:59:00,09:59:10,stop_point:SP_1526,Le Grand Marché - Pont de La Vache,24
2290747,10:00:00,10:00:10,stop_point:SP_97,Pader,25
2290747,10:01:00,10:01:10,stop_point:SP_1175,La Vache,26
2290748,09:43:00,09:43:10,stop_point:SP_5247,Fenouillet Ctre Cial - Entrée Nord,1
2290748,09:44:00,09:44:10,stop_point:SP_5168,Fenouillet Ctre Cial - Entrée Sud,2
2290748,09:45:00,09:45:10,stop_point:SP_243,St-Alban Salvador Allende,3
2290748,09:46:00,09:46:10,stop_point:SP_3753,Gafelaze,4
2290748,09:47:00,09:47:10,stop_point:SP_1547,Ecole St-Alban,5
2290748,09:48:00,09:48:10,stop_point:SP_3276,Mairie St-Alban,6
2290748,09:49:00,09:49:10,stop_point:SP_1989,Sables,7
2290748,09:49:00,09:49:10,stop_point:SP_1190,Egalité,8
2290748,09:51:00,09:51:10,stop_point:SP_219,St-Alban Ctre Cial,9
2290748,09:52:00,09:52:10,stop_point:SP_1370,Peyronnette,10
2290748,09:53:00,09:53:10,stop_point:SP_3053,Mariel,11
2290748,09:55:00,09:55:10,stop_point:SP_3516,Raudelauzette,12
2290748,09:56:00,09:56:10,stop_point:SP_1879,Aucamville Collège,13
2290748,09:58:00,09:58:10,stop_point:SP_175,Favasse,14
2290748,09:59:00,09:59:10,stop_point:SP_1760,Mairie Aucamville,15
2290748,10:00:00,10:00:10,stop_point:SP_2311,Eglise Aucamville,16
2290748,10:01:00,10:01:10,stop_point:SP_802,Salvy,17
2290748,10:02:00,10:02:10,stop_point:SP_2114,Gaussen,18
2290748,10:03:00,10:03:10,stop_point:SP_3810,Lapparou,19
2290748,10:04:00,10:04:10,stop_point:SP_507,Roubiéchou,20
2290748,10:06:00,10:06:10,stop_point:SP_3354,Lapin,21
2290748,10:07:00,10:07:10,stop_point:SP_2207,Riché Lalande,22
2290748,10:08:00,10:08:10,stop_point:SP_2270,Collège Rosa Parks,23
2290748,10:10:00,10:10:10,stop_point:SP_1526,Le Grand Marché - Pont de La Vache,24
2290748,10:11:00,10:11:10,stop_point:SP_97,Pader,25
2290748,10:12:00,10:12:10,stop_point:SP_1175,La Vache,26
2290749,09:55:00,09:55:10,stop_point:SP_5247,Fenouillet Ctre Cial - Entrée Nord,1
2290749,09:56:00,09:56:10,stop_point:SP_5168,Fenouillet Ctre Cial - Entrée Sud,2
2290749,09:57:00,09:57:10,stop_point:SP_243,St-Alban Salvador Allende,3
2290749,09:58:00,09:58:10,stop_point:SP_3753,Gafelaze,4
2290749,09:59:00,09:59:10,stop_point:SP_1547,Ecole St-Alban,5
2290749,10:00:00,10:00:10,stop_point:SP_3276,Mairie St-Alban,6
2290749,10:01:00,10:01:10,stop_point:SP_1989,Sables,7
2290749,10:01:00,10:01:10,stop_point:SP_1190,Egalité,8
2290749,10:03:00,10:03:10,stop_point:SP_219,St-Alban Ctre Cial,9
2290749,10:04:00,10:04:10,stop_point:SP_1370,Peyronnette,10
2290749,10:05:00,10:05:10,stop_point:SP_3053,Mariel,11
2290749,10:07:00,10:07:10,stop_point:SP_3516,Raudelauzette,12
2290749,10:08:00,10:08:10,stop_point:SP_1879,Aucamville Collège,13
2290749,10:10:00,10:10:10,stop_point:SP_175,Favasse,14
2290749,10:11:00,10:11:10,stop_point:SP_1760,Mairie Aucamville,15
2290749,10:12:00,10:12:10,stop_point:SP_2311,Eglise Aucamville,16
2290749,10:13:00,10:13:10,stop_point:SP_802,Salvy,17
2290749,10:14:00,10:14:10,stop_point:SP_2114,Gaussen,18
2290749,10:15:00,10:15:10,stop_point:SP_3810,Lapparou,19
2290749,10:16:00,10:16:10,stop_point:SP_507,Roubiéchou,20
2290749,10:18:00,10:18:10,stop_point:SP_3354,Lapin,21
2290749,10:19:00,10:19:10,stop_point:SP_2207,Riché Lalande,22
2290749,10:20:00,10:20:10,stop_point:SP_2270,Collège Rosa Parks,23
2290749,10:22:00,10:22:10,stop_point:SP_1526,Le Grand Marché - Pont de La Vache,24
2290749,10:23:00,10:23:10,stop_point:SP_97,Pader,25
2290749,10:24:00,10:24:10,stop_point:SP_1175,La Vache,26
2290750,10:07:00,10:07:10,stop_point:SP_5247,Fenouillet Ctre Cial - Entrée Nord,1
2290750,10:08:00,10:08:10,stop_point:SP_5168,Fenouillet Ctre Cial - Entrée Sud,2
2290750,10:09:00,10:09:10,stop_point:SP_243,St-Alban Salvador Allende,3
2290750,10:10:00,10:10:10,stop_point:SP_3753,Gafelaze,4
2290750,10:11:00,10:11:10,stop_point:SP_1547,Ecole St-Alban,5
2290750,10:12:00,10:12:10,stop_point:SP_3276,Mairie St-Alban,6
2290750,10:13:00,10:13:10,stop_point:SP_1989,Sables,7
2290750,10:13:00,10:13:10,stop_point:SP_1190,Egalité,8
2290750,10:15:00,10:15:10,stop_point:SP_219,St-Alban Ctre Cial,9
2290750,10:16:00,10:16:10,stop_point:SP_1370,Peyronnette,10
2290750,10:17:00,10:17:10,stop_point:SP_3053,Mariel,11
2290750,10:18:00,10:18:10,stop_point:SP_3516,Raudelauzette,12
2290750,10:19:00,10:19:10,stop_point:SP_1879,Aucamville Collège,13
2290750,10:21:00,10:21:10,stop_point:SP_175,Favasse,14
2290750,10:22:00,10:22:10,stop_point:SP_1760,Mairie Aucamville,15
2290750,10:23:00,10:23:10,stop_point:SP_2311,Eglise Aucamville,16
2290750,10:24:00,10:24:10,stop_point:SP_802,Salvy,17
2290750,10:25:00,10:25:10,stop_point:SP_2114,Gaussen,18
2290750,10:26:00,10:26:10,stop_point:SP_3810,Lapparou,19
2290750,10:27:00,10:27:10,stop_point:SP_507,Roubiéchou,20
2290750,10:29:00,10:29:10,stop_point:SP_3354,Lapin,21
2290750,10:30:00,10:30:10,stop_point:SP_2207,Riché Lalande,22
2290750,10:31:00,10:31:10,stop_point:SP_2270,Collège Rosa Parks,23
2290750,10:33:00,10:33:10,stop_point:SP_1526,Le Grand Marché - Pont de La Vache,24
2290750,10:34:00,10:34:10,stop_point:SP_97,Pader,25
2290750,10:35:00,10:35:10,stop_point:SP_1175,La Vache,26
2290751,10:19:00,10:19:10,stop_point:SP_5247,Fenouillet Ctre Cial - Entrée Nord,1
2290751,10:20:00,10:20:10,stop_point:SP_5168,Fenouillet Ctre Cial - Entrée Sud,2
2290751,10:21:00,10:21:10,stop_point:SP_243,St-Alban Salvador Allende,3
2290751,10:22:00,10:22:10,stop_point:SP_3753,Gafelaze,4
2290751,10:23:00,10:23:10,stop_point:SP_1547,Ecole St-Alban,5
2290751,10:24:00,10:24:10,stop_point:SP_3276,Mairie St-Alban,6
2290751,10:25:00,10:25:10,stop_point:SP_1989,Sables,7
2290751,10:25:00,10:25:10,stop_point:SP_1190,Egalité,8
2290751,10:27:00,10:27:10,stop_point:SP_219,St-Alban Ctre Cial,9
2290751,10:28:00,10:28:10,stop_point:SP_1370,Peyronnette,10
2290751,10:29:00,10:29:10,stop_point:SP_3053,Mariel,11
2290751,10:30:00,10:30:10,stop_point:SP_3516,Raudelauzette,12
2290751,10:31:00,10:31:10,stop_point:SP_1879,Aucamville Collège,13
2290751,10:33:00,10:33:10,stop_point:SP_175,Favasse,14
2290751,10:34:00,10:34:10,stop_point:SP_1760,Mairie Aucamville,15
2290751,10:35:00,10:35:10,stop_point:SP_2311,Eglise Aucamville,16
2290751,10:36:00,10:36:10,stop_point:SP_802,Salvy,17
2290751,10:37:00,10:37:10,stop_point:SP_2114,Gaussen,18
2290751,10:38:00,10:38:10,stop_point:SP_3810,Lapparou,19
2290751,10:39:00,10:39:10,stop_point:SP_507,Roubiéchou,20
2290751,10:41:00,10:41:10,stop_point:SP_3354,Lapin,21
2290751,10:42:00,10:42:10,stop_point:SP_2207,Riché Lalande,22
2290751,10:43:00,10:43:10,stop_point:SP_2270,Collège Rosa Parks,23
2290751,10:45:00,10:45:10,stop_point:SP_1526,Le Grand Marché - Pont de La Vache,24
2290751,10:46:00,10:46:10,stop_point:SP_97,Pader,25
2290751,10:47:00,10:47:10,stop_point:SP_1175,La Vache,26
2290752,10:31:00,10:31:10,stop_point:SP_5247,Fenouillet Ctre Cial - Entrée Nord,1
2290752,10:32:00,10:32:10,stop_point:SP_5168,Fenouillet Ctre Cial - Entrée Sud,2
2290752,10:33:00,10:33:10,stop_point:SP_243,St-Alban Salvador Allende,3
2290752,10:34:00,10:34:10,stop_point:SP_3753,Gafelaze,4
2290752,10:35:00,10:35:10,stop_point:SP_1547,Ecole St-Alban,5
2290752,10:36:00,10:36:10,stop_point:SP_3276,Mairie St-Alban,6
2290752,10:37:00,10:37:10,stop_point:SP_1989,Sables,7
2290752,10:37:00,10:37:10,stop_point:SP_1190,Egalité,8
2290752,10:39:00,10:39:10,stop_point:SP_219,St-Alban Ctre Cial,9
2290752,10:40:00,10:40:10,stop_point:SP_1370,Peyronnette,10
2290752,10:41:00,10:41:10,stop_point:SP_3053,Mariel,11
2290752,10:42:00,10:42:10,stop_point:SP_3516,Raudelauzette,12
2290752,10:43:00,10:43:10,stop_point:SP_1879,Aucamville Collège,13
2290752,10:45:00,10:45:10,stop_point:SP_175,Favasse,14
2290752,10:46:00,10:46:10,stop_point:SP_1760,Mairie Aucamville,15
2290752,10:47:00,10:47:10,stop_point:SP_2311,Eglise Aucamville,16
2290752,10:48:00,10:48:10,stop_point:SP_802,Salvy,17
2290752,10:49:00,10:49:10,stop_point:SP_2114,Gaussen,18
2290752,10:50:00,10:50:10,stop_point:SP_3810,Lapparou,19
2290752,10:51:00,10:51:10,stop_point:SP_507,Roubiéchou,20
2290752,10:53:00,10:53:10,stop_point:SP_3354,Lapin,21
2290752,10:54:00,10:54:10,stop_point:SP_2207,Riché Lalande,22
2290752,10:55:00,10:55:10,stop_point:SP_2270,Collège Rosa Parks,23
2290752,10:57:00,10:57:10,stop_point:SP_1526,Le Grand Marché - Pont de La Vache,24
2290752,10:58:00,10:58:10,stop_point:SP_97,Pader,25
2290752,10:59:00,10:59:10,stop_point:SP_1175,La Vache,26
2290753,10:43:00,10:43:10,stop_point:SP_5247,Fenouillet Ctre Cial - Entrée Nord,1
2290753,10:44:00,10:44:10,stop_point:SP_5168,Fenouillet Ctre Cial - Entrée Sud,2
2290753,10:45:00,10:45:10,stop_point:SP_243,St-Alban Salvador Allende,3
2290753,10:46:00,10:46:10,stop_point:SP_3753,Gafelaze,4
2290753,10:47:00,10:47:10,stop_point:SP_1547,Ecole St-Alban,5
2290753,10:48:00,10:48:10,stop_point:SP_3276,Mairie St-Alban,6
2290753,10:49:00,10:49:10,stop_point:SP_1989,Sables,7
2290753,10:49:00,10:49:10,stop_point:SP_1190,Egalité,8
2290753,10:51:00,10:51:10,stop_point:SP_219,St-Alban Ctre Cial,9
2290753,10:52:00,10:52:10,stop_point:SP_1370,Peyronnette,10
2290753,10:53:00,10:53:10,stop_point:SP_3053,Mariel,11
2290753,10:54:00,10:54:10,stop_point:SP_3516,Raudelauzette,12
2290753,10:55:00,10:55:10,stop_point:SP_1879,Aucamville Collège,13
2290753,10:57:00,10:57:10,stop_point:SP_175,Favasse,14
2290753,10:58:00,10:58:10,stop_point:SP_1760,Mairie Aucamville,15
2290753,10:59:00,10:59:10,stop_point:SP_2311,Eglise Aucamville,16
2290753,11:00:00,11:00:10,stop_point:SP_802,Salvy,17
2290753,11:01:00,11:01:10,stop_point:SP_2114,Gaussen,18
2290753,11:02:00,11:02:10,stop_point:SP_3810,Lapparou,19
2290753,11:03:00,11:03:10,stop_point:SP_507,Roubiéchou,20
2290753,11:05:00,11:05:10,stop_point:SP_3354,Lapin,21
2290753,11:06:00,11:06:10,stop_point:SP_2207,Riché Lalande,22
2290753,11:07:00,11:07:10,stop_point:SP_2270,Collège Rosa Parks,23
2290753,11:09:00,11:09:10,stop_point:SP_1526,Le Grand Marché - Pont de La Vache,24
2290753,11:10:00,11:10:10,stop_point:SP_97,Pader,25
2290753,11:11:00,11:11:10,stop_point:SP_1175,La Vache,26
2290754,10:55:00,10:55:10,stop_point:SP_5247,Fenouillet Ctre Cial - Entrée Nord,1
2290754,10:56:00,10:56:10,stop_point:SP_5168,Fenouillet Ctre Cial - Entrée Sud,2
2290754,10:57:00,10:57:10,stop_point:SP_243,St-Alban Salvador Allende,3
2290754,10:58:00,10:58:10,stop_point:SP_3753,Gafelaze,4
2290754,10:59:00,10:59:10,stop_point:SP_1547,Ecole St-Alban,5
2290754,11:00:00,11:00:10,stop_point:SP_3276,Mairie St-Alban,6
2290754,11:01:00,11:01:10,stop_point:SP_1989,Sables,7
2290754,11:01:00,11:01:10,stop_point:SP_1190,Egalité,8
2290754,11:03:00,11:03:10,stop_point:SP_219,St-Alban Ctre Cial,9
2290754,11:04:00,11:04:10,stop_point:SP_1370,Peyronnette,10
2290754,11:05:00,11:05:10,stop_point:SP_3053,Mariel,11
2290754,11:06:00,11:06:10,stop_point:SP_3516,Raudelauzette,12
2290754,11:07:00,11:07:10,stop_point:SP_1879,Aucamville Collège,13
2290754,11:09:00,11:09:10,stop_point:SP_175,Favasse,14
2290754,11:10:00,11:10:10,stop_point:SP_1760,Mairie Aucamville,15
2290754,11:11:00,11:11:10,stop_point:SP_2311,Eglise Aucamville,16
2290754,11:12:00,11:12:10,stop_point:SP_802,Salvy,17
2290754,11:13:00,11:13:10,stop_point:SP_2114,Gaussen,18
2290754,11:14:00,11:14:10,stop_point:SP_3810,Lapparou,19
2290754,11:15:00,11:15:10,stop_point:SP_507,Roubiéchou,20
2290754,11:17:00,11:17:10,stop_point:SP_3354,Lapin,21
2290754,11:18:00,11:18:10,stop_point:SP_2207,Riché Lalande,22
2290754,11:19:00,11:19:10,stop_point:SP_2270,Collège Rosa Parks,23
2290754,11:21:00,11:21:10,stop_point:SP_1526,Le Grand Marché - Pont de La Vache,24
2290754,11:22:00,11:22:10,stop_point:SP_97,Pader,25
2290754,11:23:00,11:23:10,stop_point:SP_1175,La Vache,26
2290755,11:07:00,11:07:10,stop_point:SP_5247,Fenouillet Ctre Cial - Entrée Nord,1
2290755,11:08:00,11:08:10,stop_point:SP_5168,Fenouillet Ctre Cial - Entrée Sud,2
2290755,11:09:00,11:09:10,stop_point:SP_243,St-Alban Salvador Allende,3
2290755,11:10:00,11:10:10,stop_point:SP_3753,Gafelaze,4
2290755,11:11:00,11:11:10,stop_point:SP_1547,Ecole St-Alban,5
2290755,11:12:00,11:12:10,stop_point:SP_3276,Mairie St-Alban,6
2290755,11:13:00,11:13:10,stop_point:SP_1989,Sables,7
2290755,11:13:00,11:13:10,stop_point:SP_1190,Egalité,8
2290755,11:15:00,11:15:10,stop_point:SP_219,St-Alban Ctre Cial,9
2290755,11:16:00,11:16:10,stop_point:SP_1370,Peyronnette,10
2290755,11:17:00,11:17:10,stop_point:SP_3053,Mariel,11
2290755,11:18:00,11:18:10,stop_point:SP_3516,Raudelauzette,12
2290755,11:19:00,11:19:10,stop_point:SP_1879,Aucamville Collège,13
2290755,11:21:00,11:21:10,stop_point:SP_175,Favasse,14
2290755,11:22:00,11:22:10,stop_point:SP_1760,Mairie Aucamville,15
2290755,11:23:00,11:23:10,stop_point:SP_2311,Eglise Aucamville,16
2290755,11:24:00,11:24:10,stop_point:SP_802,Salvy,17
2290755,11:25:00,11:25:10,stop_point:SP_2114,Gaussen,18
2290755,11:26:00,11:26:10,stop_point:SP_3810,Lapparou,19
2290755,11:27:00,11:27:10,stop_point:SP_507,Roubiéchou,20
2290755,11:29:00,11:29:10,stop_point:SP_3354,Lapin,21
2290755,11:30:00,11:30:10,stop_point:SP_2207,Riché Lalande,22
2290755,11:31:00,11:31:10,stop_point:SP_2270,Collège Rosa Parks,23
2290755,11:33:00,11:33:10,stop_point:SP_1526,Le Grand Marché - Pont de La Vache,24
2290755,11:34:00,11:34:10,stop_point:SP_97,Pader,25
2290755,11:35:00,11:35:10,stop_point:SP_1175,La Vache,26
2290756,11:19:00,11:19:10,stop_point:SP_5247,Fenouillet Ctre Cial - Entrée Nord,1
2290756,11:20:00,11:20:10,stop_point:SP_5168,Fenouillet Ctre Cial - Entrée Sud,2
2290756,11:21:00,11:21:10,stop_point:SP_243,St-Alban Salvador Allende,3
2290756,11:22:00,11:22:10,stop_point:SP_3753,Gafelaze,4
2290756,11:23:00,11:23:10,stop_point:SP_1547,Ecole St-Alban,5
2290756,11:24:00,11:24:10,stop_point:SP_3276,Mairie St-Alban,6
2290756,11:25:00,11:25:10,stop_point:SP_1989,Sables,7
2290756,11:25:00,11:25:10,stop_point:SP_1190,Egalité,8
2290756,11:27:00,11:27:10,stop_point:SP_219,St-Alban Ctre Cial,9
2290756,11:28:00,11:28:10,stop_point:SP_1370,Peyronnette,10
2290756,11:29:00,11:29:10,stop_point:SP_3053,Mariel,11
2290756,11:30:00,11:30:10,stop_point:SP_3516,Raudelauzette,12
2290756,11:31:00,11:31:10,stop_point:SP_1879,Aucamville Collège,13
2290756,11:33:00,11:33:10,stop_point:SP_175,Favasse,14
2290756,11:34:00,11:34:10,stop_point:SP_1760,Mairie Aucamville,15
2290756,11:35:00,11:35:10,stop_point:SP_2311,Eglise Aucamville,16
2290756,11:36:00,11:36:10,stop_point:SP_802,Salvy,17
2290756,11:37:00,11:37:10,stop_point:SP_2114,Gaussen,18
2290756,11:38:00,11:38:10,stop_point:SP_3810,Lapparou,19
2290756,11:39:00,11:39:10,stop_point:SP_507,Roubiéchou,20
2290756,11:41:00,11:41:10,stop_point:SP_3354,Lapin,21
2290756,11:42:00,11:42:10,stop_point:SP_2207,Riché Lalande,22
2290756,11:43:00,11:43:10,stop_point:SP_2270,Collège Rosa Parks,23
2290756,11:45:00,11:45:10,stop_point:SP_1526,Le Grand Marché - Pont de La Vache,24
2290756,11:46:00,11:46:10,stop_point:SP_97,Pader,25
2290756,11:47:00,11:47:10,stop_point:SP_1175,La Vache,26
2290757,11:31:00,11:31:10,stop_point:SP_5247,Fenouillet Ctre Cial - Entrée Nord,1
2290757,11:32:00,11:32:10,stop_point:SP_5168,Fenouillet Ctre Cial - Entrée Sud,2
2290757,11:33:00,11:33:10,stop_point:SP_243,St-Alban Salvador Allende,3
2290757,11:34:00,11:34:10,stop_point:SP_3753,Gafelaze,4
2290757,11:35:00,11:35:10,stop_point:SP_1547,Ecole St-Alban,5
2290757,11:36:00,11:36:10,stop_point:SP_3276,Mairie St-Alban,6
2290757,11:37:00,11:37:10,stop_point:SP_1989,Sables,7
2290757,11:37:00,11:37:10,stop_point:SP_1190,Egalité,8
2290757,11:39:00,11:39:10,stop_point:SP_219,St-Alban Ctre Cial,9
2290757,11:40:00,11:40:10,stop_point:SP_1370,Peyronnette,10
2290757,11:41:00,11:41:10,stop_point:SP_3053,Mariel,11
2290757,11:42:00,11:42:10,stop_point:SP_3516,Raudelauzette,12
2290757,11:43:00,11:43:10,stop_point:SP_1879,Aucamville Collège,13
2290757,11:45:00,11:45:10,stop_point:SP_175,Favasse,14
2290757,11:46:00,11:46:10,stop_point:SP_1760,Mairie Aucamville,15
2290757,11:47:00,11:47:10,stop_point:SP_2311,Eglise Aucamville,16
2290757,11:48:00,11:48:10,stop_point:SP_802,Salvy,17
2290757,11:49:00,11:49:10,stop_point:SP_2114,Gaussen,18
2290757,11:50:00,11:50:10,stop_point:SP_3810,Lapparou,19
2290757,11:51:00,11:51:10,stop_point:SP_507,Roubiéchou,20
2290757,11:53:00,11:53:10,stop_point:SP_3354,Lapin,21
2290757,11:54:00,11:54:10,stop_point:SP_2207,Riché Lalande,22
2290757,11:55:00,11:55:10,stop_point:SP_2270,Collège Rosa Parks,23
2290757,11:57:00,11:57:10,stop_point:SP_1526,Le Grand Marché - Pont de La Vache,24
2290757,11:58:00,11:58:10,stop_point:SP_97,Pader,25
2290757,11:59:00,11:59:10,stop_point:SP_1175,La Vache,26
2290758,11:43:00,11:43:10,stop_point:SP_5247,Fenouillet Ctre Cial - Entrée Nord,1
2290758,11:44:00,11:44:10,stop_point:SP_5168,Fenouillet Ctre Cial - Entrée Sud,2
2290758,11:45:00,11:45:10,stop_point:SP_243,St-Alban Salvador Allende,3
2290758,11:46:00,11:46:10,stop_point:SP_3753,Gafelaze,4
2290758,11:47:00,11:47:10,stop_point:SP_1547,Ecole St-Alban,5
2290758,11:48:00,11:48:10,stop_point:SP_3276,Mairie St-Alban,6
2290758,11:49:00,11:49:10,stop_point:SP_1989,Sables,7
2290758,11:49:00,11:49:10,stop_point:SP_1190,Egalité,8
2290758,11:51:00,11:51:10,stop_point:SP_219,St-Alban Ctre Cial,9
2290758,11:52:00,11:52:10,stop_point:SP_1370,Peyronnette,10
2290758,11:53:00,11:53:10,stop_point:SP_3053,Mariel,11
2290758,11:54:00,11:54:10,stop_point:SP_3516,Raudelauzette,12
2290758,11:55:00,11:55:10,stop_point:SP_1879,Aucamville Collège,13
2290758,11:57:00,11:57:10,stop_point:SP_175,Favasse,14
2290758,11:58:00,11:58:10,stop_point:SP_1760,Mairie Aucamville,15
2290758,11:59:00,11:59:10,stop_point:SP_2311,Eglise Aucamville,16
2290758,12:00:00,12:00:10,stop_point:SP_802,Salvy,17
2290758,12:01:00,12:01:10,stop_point:SP_2114,Gaussen,18
2290758,12:02:00,12:02:10,stop_point:SP_3810,Lapparou,19
2290758,12:03:00,12:03:10,stop_point:SP_507,Roubiéchou,20
2290758,12:05:00,12:05:10,stop_point:SP_3354,Lapin,21
2290758,12:06:00,12:06:10,stop_point:SP_2207,Riché Lalande,22
2290758,12:07:00,12:07:10,stop_point:SP_2270,Collège Rosa Parks,23
2290758,12:09:00,12:09:10,stop_point:SP_1526,Le Grand Marché - Pont de La Vache,24
2290758,12:10:00,12:10:10,stop_point:SP_97,Pader,25
2290758,12:11:00,12:11:10,stop_point:SP_1175,La Vache,26
2290759,11:55:00,11:55:10,stop_point:SP_5247,Fenouillet Ctre Cial - Entrée Nord,1
2290759,11:56:00,11:56:10,stop_point:SP_5168,Fenouillet Ctre Cial - Entrée Sud,2
2290759,11:57:00,11:57:10,stop_point:SP_243,St-Alban Salvador Allende,3
2290759,11:58:00,11:58:10,stop_point:SP_3753,Gafelaze,4
2290759,11:59:00,11:59:10,stop_point:SP_1547,Ecole St-Alban,5
2290759,12:00:00,12:00:10,stop_point:SP_3276,Mairie St-Alban,6
2290759,12:01:00,12:01:10,stop_point:SP_1989,Sables,7
2290759,12:01:00,12:01:10,stop_point:SP_1190,Egalité,8
2290759,12:03:00,12:03:10,stop_point:SP_219,St-Alban Ctre Cial,9
2290759,12:04:00,12:04:10,stop_point:SP_1370,Peyronnette,10
2290759,12:05:00,12:05:10,stop_point:SP_3053,Mariel,11
2290759,12:06:00,12:06:10,stop_point:SP_3516,Raudelauzette,12
2290759,12:07:00,12:07:10,stop_point:SP_1879,Aucamville Collège,13
2290759,12:09:00,12:09:10,stop_point:SP_175,Favasse,14
2290759,12:10:00,12:10:10,stop_point:SP_1760,Mairie Aucamville,15
2290759,12:11:00,12:11:10,stop_point:SP_2311,Eglise Aucamville,16
2290759,12:12:00,12:12:10,stop_point:SP_802,Salvy,17
2290759,12:13:00,12:13:10,stop_point:SP_2114,Gaussen,18
2290759,12:14:00,12:14:10,stop_point:SP_3810,Lapparou,19
2290759,12:15:00,12:15:10,stop_point:SP_507,Roubiéchou,20
2290759,12:17:00,12:17:10,stop_point:SP_3354,Lapin,21
2290759,12:18:00,12:18:10,stop_point:SP_2207,Riché Lalande,22
2290759,12:19:00,12:19:10,stop_point:SP_2270,Collège Rosa Parks,23
2290759,12:21:00,12:21:10,stop_point:SP_1526,Le Grand Marché - Pont de La Vache,24
2290759,12:22:00,12:22:10,stop_point:SP_97,Pader,25
2290759,12:23:00,12:23:10,stop_point:SP_1175,La Vache,26
2290760,12:07:00,12:07:10,stop_point:SP_5247,Fenouillet Ctre Cial - Entrée Nord,1
2290760,12:08:00,12:08:10,stop_point:SP_5168,Fenouillet Ctre Cial - Entrée Sud,2
2290760,12:09:00,12:09:10,stop_point:SP_243,St-Alban Salvador Allende,3
2290760,12:10:00,12:10:10,stop_point:SP_3753,Gafelaze,4
2290760,12:11:00,12:11:10,stop_point:SP_1547,Ecole St-Alban,5
2290760,12:12:00,12:12:10,stop_point:SP_3276,Mairie St-Alban,6
2290760,12:13:00,12:13:10,stop_point:SP_1989,Sables,7
2290760,12:13:00,12:13:10,stop_point:SP_1190,Egalité,8
2290760,12:15:00,12:15:10,stop_point:SP_219,St-Alban Ctre Cial,9
2290760,12:16:00,12:16:10,stop_point:SP_1370,Peyronnette,10
2290760,12:17:00,12:17:10,stop_point:SP_3053,Mariel,11
2290760,12:18:00,12:18:10,stop_point:SP_3516,Raudelauzette,12
2290760,12:19:00,12:19:10,stop_point:SP_1879,Aucamville Collège,13
2290760,12:21:00,12:21:10,stop_point:SP_175,Favasse,14
2290760,12:22:00,12:22:10,stop_point:SP_1760,Mairie Aucamville,15
2290760,12:23:00,12:23:10,stop_point:SP_2311,Eglise Aucamville,16
2290760,12:24:00,12:24:10,stop_point:SP_802,Salvy,17
2290760,12:25:00,12:25:10,stop_point:SP_2114,Gaussen,18
2290760,12:26:00,12:26:10,stop_point:SP_3810,Lapparou,19
2290760,12:27:00,12:27:10,stop_point:SP_507,Roubiéchou,20
2290760,12:29:00,12:29:10,stop_point:SP_3354,Lapin,21
2290760,12:30:00,12:30:10,stop_point:SP_2207,Riché Lalande,22
2290760,12:31:00,12:31:10,stop_point:SP_2270,Collège Rosa Parks,23
2290760,12:33:00,12:33:10,stop_point:SP_1526,Le Grand Marché - Pont de La Vache,24
2290760,12:34:00,12:34:10,stop_point:SP_97,Pader,25
2290760,12:35:00,12:35:10,stop_point:SP_1175,La Vache,26
2290761,12:19:00,12:19:10,stop_point:SP_5247,Fenouillet Ctre Cial - Entrée Nord,1
2290761,12:20:00,12:20:10,stop_point:SP_5168,Fenouillet Ctre Cial - Entrée Sud,2
2290761,12:21:00,12:21:10,stop_point:SP_243,St-Alban Salvador Allende,3
2290761,12:22:00,12:22:10,stop_point:SP_3753,Gafelaze,4
2290761,12:23:00,12:23:10,stop_point:SP_1547,Ecole St-Alban,5
2290761,12:24:00,12:24:10,stop_point:SP_3276,Mairie St-Alban,6
2290761,12:25:00,12:25:10,stop_point:SP_1989,Sables,7
2290761,12:25:00,12:25:10,stop_point:SP_1190,Egalité,8
2290761,12:27:00,12:27:10,stop_point:SP_219,St-Alban Ctre Cial,9
2290761,12:28:00,12:28:10,stop_point:SP_1370,Peyronnette,10
2290761,12:29:00,12:29:10,stop_point:SP_3053,Mariel,11
2290761,12:30:00,12:30:10,stop_point:SP_3516,Raudelauzette,12
2290761,12:31:00,12:31:10,stop_point:SP_1879,Aucamville Collège,13
2290761,12:33:00,12:33:10,stop_point:SP_175,Favasse,14
2290761,12:34:00,12:34:10,stop_point:SP_1760,Mairie Aucamville,15
2290761,12:35:00,12:35:10,stop_point:SP_2311,Eglise Aucamville,16
2290761,12:36:00,12:36:10,stop_point:SP_802,Salvy,17
2290761,12:37:00,12:37:10,stop_point:SP_2114,Gaussen,18
2290761,12:38:00,12:38:10,stop_point:SP_3810,Lapparou,19
2290761,12:39:00,12:39:10,stop_point:SP_507,Roubiéchou,20
2290761,12:41:00,12:41:10,stop_point:SP_3354,Lapin,21
2290761,12:42:00,12:42:10,stop_point:SP_2207,Riché Lalande,22
2290761,12:43:00,12:43:10,stop_point:SP_2270,Collège Rosa Parks,23
2290761,12:45:00,12:45:10,stop_point:SP_1526,Le Grand Marché - Pont de La Vache,24
2290761,12:46:00,12:46:10,stop_point:SP_97,Pader,25
2290761,12:47:00,12:47:10,stop_point:SP_1175,La Vache,26
2290762,12:31:00,12:31:10,stop_point:SP_5247,Fenouillet Ctre Cial - Entrée Nord,1
2290762,12:32:00,12:32:10,stop_point:SP_5168,Fenouillet Ctre Cial - Entrée Sud,2
2290762,12:33:00,12:33:10,stop_point:SP_243,St-Alban Salvador Allende,3
2290762,12:34:00,12:34:10,stop_point:SP_3753,Gafelaze,4
2290762,12:35:00,12:35:10,stop_point:SP_1547,Ecole St-Alban,5
2290762,12:36:00,12:36:10,stop_point:SP_3276,Mairie St-Alban,6
2290762,12:37:00,12:37:10,stop_point:SP_1989,Sables,7
2290762,12:37:00,12:37:10,stop_point:SP_1190,Egalité,8
2290762,12:39:00,12:39:10,stop_point:SP_219,St-Alban Ctre Cial,9
2290762,12:40:00,12:40:10,stop_point:SP_1370,Peyronnette,10
2290762,12:41:00,12:41:10,stop_point:SP_3053,Mariel,11
2290762,12:42:00,12:42:10,stop_point:SP_3516,Raudelauzette,12
2290762,12:43:00,12:43:10,stop_point:SP_1879,Aucamville Collège,13
2290762,12:45:00,12:45:10,stop_point:SP_175,Favasse,14
2290762,12:46:00,12:46:10,stop_point:SP_1760,Mairie Aucamville,15
2290762,12:47:00,12:47:10,stop_point:SP_2311,Eglise Aucamville,16
2290762,12:48:00,12:48:10,stop_point:SP_802,Salvy,17
2290762,12:49:00,12:49:10,stop_point:SP_2114,Gaussen,18
2290762,12:50:00,12:50:10,stop_point:SP_3810,Lapparou,19
2290762,12:51:00,12:51:10,stop_point:SP_507,Roubiéchou,20
2290762,12:53:00,12:53:10,stop_point:SP_3354,Lapin,21
2290762,12:54:00,12:54:10,stop_point:SP_2207,Riché Lalande,22
2290762,12:55:00,12:55:10,stop_point:SP_2270,Collège Rosa Parks,23
2290762,12:57:00,12:57:10,stop_point:SP_1526,Le Grand Marché - Pont de La Vache,24
2290762,12:58:00,12:58:10,stop_point:SP_97,Pader,25
2290762,12:59:00,12:59:10,stop_point:SP_1175,La Vache,26
2290763,12:43:00,12:43:10,stop_point:SP_5247,Fenouillet Ctre Cial - Entrée Nord,1
2290763,12:44:00,12:44:10,stop_point:SP_5168,Fenouillet Ctre Cial - Entrée Sud,2
2290763,12:45:00,12:45:10,stop_point:SP_243,St-Alban Salvador Allende,3
2290763,12:46:00,12:46:10,stop_point:SP_3753,Gafelaze,4
2290763,12:47:00,12:47:10,stop_point:SP_1547,Ecole St-Alban,5
2290763,12:48:00,12:48:10,stop_point:SP_3276,Mairie St-Alban,6
2290763,12:49:00,12:49:10,stop_point:SP_1989,Sables,7
2290763,12:49:00,12:49:10,stop_point:SP_1190,Egalité,8
2290763,12:51:00,12:51:10,stop_point:SP_219,St-Alban Ctre Cial,9
2290763,12:52:00,12:52:10,stop_point:SP_1370,Peyronnette,10
2290763,12:53:00,12:53:10,stop_point:SP_3053,Mariel,11
2290763,12:54:00,12:54:10,stop_point:SP_3516,Raudelauzette,12
2290763,12:55:00,12:55:10,stop_point:SP_1879,Aucamville Collège,13
2290763,12:57:00,12:57:10,stop_point:SP_175,Favasse,14
2290763,12:58:00,12:58:10,stop_point:SP_1760,Mairie Aucamville,15
2290763,12:59:00,12:59:10,stop_point:SP_2311,Eglise Aucamville,16
2290763,13:00:00,13:00:10,stop_point:SP_802,Salvy,17
2290763,13:01:00,13:01:10,stop_point:SP_2114,Gaussen,18
2290763,13:02:00,13:02:10,stop_point:SP_3810,Lapparou,19
2290763,13:03:00,13:03:10,stop_point:SP_507,Roubiéchou,20
2290763,13:05:00,13:05:10,stop_point:SP_3354,Lapin,21
2290763,13:06:00,13:06:10,stop_point:SP_2207,Riché Lalande,22
2290763,13:07:00,13:07:10,stop_point:SP_2270,Collège Rosa Parks,23
2290763,13:09:00,13:09:10,stop_point:SP_1526,Le Grand Marché - Pont de La Vache,24
2290763,13:10:00,13:10:10,stop_point:SP_97,Pader,25
2290763,13:11:00,13:11:10,stop_point:SP_1175,La Vache,26
2290764,12:55:00,12:55:10,stop_point:SP_5247,Fenouillet Ctre Cial - Entrée Nord,1
2290764,12:56:00,12:56:10,stop_point:SP_5168,Fenouillet Ctre Cial - Entrée Sud,2
2290764,12:57:00,12:57:10,stop_point:SP_243,St-Alban Salvador Allende,3
2290764,12:58:00,12:58:10,stop_point:SP_3753,Gafelaze,4
2290764,12:59:00,12:59:10,stop_point:SP_1547,Ecole St-Alban,5
2290764,13:00:00,13:00:10,stop_point:SP_3276,Mairie St-Alban,6
2290764,13:01:00,13:01:10,stop_point:SP_1989,Sables,7
2290764,13:01:00,13:01:10,stop_point:SP_1190,Egalité,8
2290764,13:03:00,13:03:10,stop_point:SP_219,St-Alban Ctre Cial,9
2290764,13:04:00,13:04:10,stop_point:SP_1370,Peyronnette,10
2290764,13:05:00,13:05:10,stop_point:SP_3053,Mariel,11
2290764,13:06:00,13:06:10,stop_point:SP_3516,Raudelauzette,12
2290764,13:07:00,13:07:10,stop_point:SP_1879,Aucamville Collège,13
2290764,13:09:00,13:09:10,stop_point:SP_175,Favasse,14
2290764,13:10:00,13:10:10,stop_point:SP_1760,Mairie Aucamville,15
2290764,13:11:00,13:11:10,stop_point:SP_2311,Eglise Aucamville,16
2290764,13:12:00,13:12:10,stop_point:SP_802,Salvy,17
2290764,13:13:00,13:13:10,stop_point:SP_2114,Gaussen,18
2290764,13:14:00,13:14:10,stop_point:SP_3810,Lapparou,19
2290764,13:15:00,13:15:10,stop_point:SP_507,Roubiéchou,20
2290764,13:17:00,13:17:10,stop_point:SP_3354,Lapin,21
2290764,13:18:00,13:18:10,stop_point:SP_2207,Riché Lalande,22
2290764,13:19:00,13:19:10,stop_point:SP_2270,Collège Rosa Parks,23
2290764,13:21:00,13:21:10,stop_point:SP_1526,Le Grand Marché - Pont de La Vache,24
2290764,13:22:00,13:22:10,stop_point:SP_97,Pader,25
2290764,13:23:00,13:23:10,stop_point:SP_1175,La Vache,26
2290765,13:07:00,13:07:10,stop_point:SP_5247,Fenouillet Ctre Cial - Entrée Nord,1
2290765,13:08:00,13:08:10,stop_point:SP_5168,Fenouillet Ctre Cial - Entrée Sud,2
2290765,13:09:00,13:09:10,stop_point:SP_243,St-Alban Salvador Allende,3
2290765,13:10:00,13:10:10,stop_point:SP_3753,Gafelaze,4
2290765,13:11:00,13:11:10,stop_point:SP_1547,Ecole St-Alban,5
2290765,13:12:00,13:12:10,stop_point:SP_3276,Mairie St-Alban,6
2290765,13:13:00,13:13:10,stop_point:SP_1989,Sables,7
2290765,13:13:00,13:13:10,stop_point:SP_1190,Egalité,8
2290765,13:15:00,13:15:10,stop_point:SP_219,St-Alban Ctre Cial,9
2290765,13:16:00,13:16:10,stop_point:SP_1370,Peyronnette,10
2290765,13:17:00,13:17:10,stop_point:SP_3053,Mariel,11
2290765,13:18:00,13:18:10,stop_point:SP_3516,Raudelauzette,12
2290765,13:19:00,13:19:10,stop_point:SP_1879,Aucamville Collège,13
2290765,13:21:00,13:21:10,stop_point:SP_175,Favasse,14
2290765,13:22:00,13:22:10,stop_point:SP_1760,Mairie Aucamville,15
2290765,13:23:00,13:23:10,stop_point:SP_2311,Eglise Aucamville,16
2290765,13:24:00,13:24:10,stop_point:SP_802,Salvy,17
2290765,13:25:00,13:25:10,stop_point:SP_2114,Gaussen,18
2290765,13:26:00,13:26:10,stop_point:SP_3810,Lapparou,19
2290765,13:27:00,13:27:10,stop_point:SP_507,Roubiéchou,20
2290765,13:29:00,13:29:10,stop_point:SP_3354,Lapin,21
2290765,13:30:00,13:30:10,stop_point:SP_2207,Riché Lalande,22
2290765,13:31:00,13:31:10,stop_point:SP_2270,Collège Rosa Parks,23
2290765,13:33:00,13:33:10,stop_point:SP_1526,Le Grand Marché - Pont de La Vache,24
2290765,13:34:00,13:34:10,stop_point:SP_97,Pader,25
2290765,13:35:00,13:35:10,stop_point:SP_1175,La Vache,26
2290766,13:19:00,13:19:10,stop_point:SP_5247,Fenouillet Ctre Cial - Entrée Nord,1
2290766,13:20:00,13:20:10,stop_point:SP_5168,Fenouillet Ctre Cial - Entrée Sud,2
2290766,13:21:00,13:21:10,stop_point:SP_243,St-Alban Salvador Allende,3
2290766,13:22:00,13:22:10,stop_point:SP_3753,Gafelaze,4
2290766,13:23:00,13:23:10,stop_point:SP_1547,Ecole St-Alban,5
2290766,13:24:00,13:24:10,stop_point:SP_3276,Mairie St-Alban,6
2290766,13:25:00,13:25:10,stop_point:SP_1989,Sables,7
2290766,13:25:00,13:25:10,stop_point:SP_1190,Egalité,8
2290766,13:27:00,13:27:10,stop_point:SP_219,St-Alban Ctre Cial,9
2290766,13:28:00,13:28:10,stop_point:SP_1370,Peyronnette,10
2290766,13:29:00,13:29:10,stop_point:SP_3053,Mariel,11
2290766,13:30:00,13:30:10,stop_point:SP_3516,Raudelauzette,12
2290766,13:31:00,13:31:10,stop_point:SP_1879,Aucamville Collège,13
2290766,13:33:00,13:33:10,stop_point:SP_175,Favasse,14
2290766,13:34:00,13:34:10,stop_point:SP_1760,Mairie Aucamville,15
2290766,13:35:00,13:35:10,stop_point:SP_2311,Eglise Aucamville,16
2290766,13:36:00,13:36:10,stop_point:SP_802,Salvy,17
2290766,13:37:00,13:37:10,stop_point:SP_2114,Gaussen,18
2290766,13:38:00,13:38:10,stop_point:SP_3810,Lapparou,19
2290766,13:39:00,13:39:10,stop_point:SP_507,Roubiéchou,20
2290766,13:41:00,13:41:10,stop_point:SP_3354,Lapin,21
2290766,13:42:00,13:42:10,stop_point:SP_2207,Riché Lalande,22
2290766,13:43:00,13:43:10,stop_point:SP_2270,Collège Rosa Parks,23
2290766,13:45:00,13:45:10,stop_point:SP_1526,Le Grand Marché - Pont de La Vache,24
2290766,13:46:00,13:46:10,stop_point:SP_97,Pader,25
2290766,13:47:00,13:47:10,stop_point:SP_1175,La Vache,26
2290767,13:31:00,13:31:10,stop_point:SP_5247,Fenouillet Ctre Cial - Entrée Nord,1
2290767,13:32:00,13:32:10,stop_point:SP_5168,Fenouillet Ctre Cial - Entrée Sud,2
2290767,13:33:00,13:33:10,stop_point:SP_243,St-Alban Salvador Allende,3
2290767,13:34:00,13:34:10,stop_point:SP_3753,Gafelaze,4
2290767,13:35:00,13:35:10,stop_point:SP_1547,Ecole St-Alban,5
2290767,13:36:00,13:36:10,stop_point:SP_3276,Mairie St-Alban,6
2290767,13:37:00,13:37:10,stop_point:SP_1989,Sables,7
2290767,13:37:00,13:37:10,stop_point:SP_1190,Egalité,8
2290767,13:39:00,13:39:10,stop_point:SP_219,St-Alban Ctre Cial,9
2290767,13:40:00,13:40:10,stop_point:SP_1370,Peyronnette,10
2290767,13:41:00,13:41:10,stop_point:SP_3053,Mariel,11
2290767,13:42:00,13:42:10,stop_point:SP_3516,Raudelauzette,12
2290767,13:43:00,13:43:10,stop_point:SP_1879,Aucamville Collège,13
2290767,13:45:00,13:45:10,stop_point:SP_175,Favasse,14
2290767,13:46:00,13:46:10,stop_point:SP_1760,Mairie Aucamville,15
2290767,13:47:00,13:47:10,stop_point:SP_2311,Eglise Aucamville,16
2290767,13:48:00,13:48:10,stop_point:SP_802,Salvy,17
2290767,13:49:00,13:49:10,stop_point:SP_2114,Gaussen,18
2290767,13:51:00,13:51:10,stop_point:SP_3810,Lapparou,19
2290767,13:52:00,13:52:10,stop_point:SP_507,Roubiéchou,20
2290767,13:53:00,13:53:10,stop_point:SP_3354,Lapin,21
2290767,13:55:00,13:55:10,stop_point:SP_2207,Riché Lalande,22
2290767,13:56:00,13:56:10,stop_point:SP_2270,Collège Rosa Parks,23
2290767,13:58:00,13:58:10,stop_point:SP_1526,Le Grand Marché - Pont de La Vache,24
2290767,13:59:00,13:59:10,stop_point:SP_97,Pader,25
2290767,14:00:00,14:00:10,stop_point:SP_1175,La Vache,26
2290768,13:43:00,13:43:10,stop_point:SP_5247,Fenouillet Ctre Cial - Entrée Nord,1
2290768,13:44:00,13:44:10,stop_point:SP_5168,Fenouillet Ctre Cial - Entrée Sud,2
2290768,13:45:00,13:45:10,stop_point:SP_243,St-Alban Salvador Allende,3
2290768,13:46:00,13:46:10,stop_point:SP_3753,Gafelaze,4
2290768,13:47:00,13:47:10,stop_point:SP_1547,Ecole St-Alban,5
2290768,13:48:00,13:48:10,stop_point:SP_3276,Mairie St-Alban,6
2290768,13:49:00,13:49:10,stop_point:SP_1989,Sables,7
2290768,13:49:00,13:49:10,stop_point:SP_1190,Egalité,8
2290768,13:51:00,13:51:10,stop_point:SP_219,St-Alban Ctre Cial,9
2290768,13:52:00,13:52:10,stop_point:SP_1370,Peyronnette,10
2290768,13:53:00,13:53:10,stop_point:SP_3053,Mariel,11
2290768,13:54:00,13:54:10,stop_point:SP_3516,Raudelauzette,12
2290768,13:55:00,13:55:10,stop_point:SP_1879,Aucamville Collège,13
2290768,13:57:00,13:57:10,stop_point:SP_175,Favasse,14
2290768,13:58:00,13:58:10,stop_point:SP_1760,Mairie Aucamville,15
2290768,13:59:00,13:59:10,stop_point:SP_2311,Eglise Aucamville,16
2290768,14:00:00,14:00:10,stop_point:SP_802,Salvy,17
2290768,14:01:00,14:01:10,stop_point:SP_2114,Gaussen,18
2290768,14:03:00,14:03:10,stop_point:SP_3810,Lapparou,19
2290768,14:04:00,14:04:10,stop_point:SP_507,Roubiéchou,20
2290768,14:05:00,14:05:10,stop_point:SP_3354,Lapin,21
2290768,14:07:00,14:07:10,stop_point:SP_2207,Riché Lalande,22
2290768,14:08:00,14:08:10,stop_point:SP_2270,Collège Rosa Parks,23
2290768,14:10:00,14:10:10,stop_point:SP_1526,Le Grand Marché - Pont de La Vache,24
2290768,14:11:00,14:11:10,stop_point:SP_97,Pader,25
2290768,14:12:00,14:12:10,stop_point:SP_1175,La Vache,26
2290769,13:55:00,13:55:10,stop_point:SP_5247,Fenouillet Ctre Cial - Entrée Nord,1
2290769,13:56:00,13:56:10,stop_point:SP_5168,Fenouillet Ctre Cial - Entrée Sud,2
2290769,13:57:00,13:57:10,stop_point:SP_243,St-Alban Salvador Allende,3
2290769,13:58:00,13:58:10,stop_point:SP_3753,Gafelaze,4
2290769,13:59:00,13:59:10,stop_point:SP_1547,Ecole St-Alban,5
2290769,14:00:00,14:00:10,stop_point:SP_3276,Mairie St-Alban,6
2290769,14:01:00,14:01:10,stop_point:SP_1989,Sables,7
2290769,14:01:00,14:01:10,stop_point:SP_1190,Egalité,8
2290769,14:03:00,14:03:10,stop_point:SP_219,St-Alban Ctre Cial,9
2290769,14:04:00,14:04:10,stop_point:SP_1370,Peyronnette,10
2290769,14:05:00,14:05:10,stop_point:SP_3053,Mariel,11
2290769,14:06:00,14:06:10,stop_point:SP_3516,Raudelauzette,12
2290769,14:07:00,14:07:10,stop_point:SP_1879,Aucamville Collège,13
2290769,14:09:00,14:09:10,stop_point:SP_175,Favasse,14
2290769,14:10:00,14:10:10,stop_point:SP_1760,Mairie Aucamville,15
2290769,14:11:00,14:11:10,stop_point:SP_2311,Eglise Aucamville,16
2290769,14:12:00,14:12:10,stop_point:SP_802,Salvy,17
2290769,14:13:00,14:13:10,stop_point:SP_2114,Gaussen,18
2290769,14:15:00,14:15:10,stop_point:SP_3810,Lapparou,19
2290769,14:16:00,14:16:10,stop_point:SP_507,Roubiéchou,20
2290769,14:17:00,14:17:10,stop_point:SP_3354,Lapin,21
2290769,14:19:00,14:19:10,stop_point:SP_2207,Riché Lalande,22
2290769,14:20:00,14:20:10,stop_point:SP_2270,Collège Rosa Parks,23
2290769,14:22:00,14:22:10,stop_point:SP_1526,Le Grand Marché - Pont de La Vache,24
2290769,14:23:00,14:23:10,stop_point:SP_97,Pader,25
2290769,14:24:00,14:24:10,stop_point:SP_1175,La Vache,26
2290770,14:07:00,14:07:10,stop_point:SP_5247,Fenouillet Ctre Cial - Entrée Nord,1
2290770,14:08:00,14:08:10,stop_point:SP_5168,Fenouillet Ctre Cial - Entrée Sud,2
2290770,14:09:00,14:09:10,stop_point:SP_243,St-Alban Salvador Allende,3
2290770,14:10:00,14:10:10,stop_point:SP_3753,Gafelaze,4
2290770,14:11:00,14:11:10,stop_point:SP_1547,Ecole St-Alban,5
2290770,14:12:00,14:12:10,stop_point:SP_3276,Mairie St-Alban,6
2290770,14:13:00,14:13:10,stop_point:SP_1989,Sables,7
2290770,14:13:00,14:13:10,stop_point:SP_1190,Egalité,8
2290770,14:15:00,14:15:10,stop_point:SP_219,St-Alban Ctre Cial,9
2290770,14:16:00,14:16:10,stop_point:SP_1370,Peyronnette,10
2290770,14:17:00,14:17:10,stop_point:SP_3053,Mariel,11
2290770,14:18:00,14:18:10,stop_point:SP_3516,Raudelauzette,12
2290770,14:19:00,14:19:10,stop_point:SP_1879,Aucamville Collège,13
2290770,14:21:00,14:21:10,stop_point:SP_175,Favasse,14
2290770,14:22:00,14:22:10,stop_point:SP_1760,Mairie Aucamville,15
2290770,14:23:00,14:23:10,stop_point:SP_2311,Eglise Aucamville,16
2290770,14:24:00,14:24:10,stop_point:SP_802,Salvy,17
2290770,14:25:00,14:25:10,stop_point:SP_2114,Gaussen,18
2290770,14:27:00,14:27:10,stop_point:SP_3810,Lapparou,19
2290770,14:28:00,14:28:10,stop_point:SP_507,Roubiéchou,20
2290770,14:29:00,14:29:10,stop_point:SP_3354,Lapin,21
2290770,14:31:00,14:31:10,stop_point:SP_2207,Riché Lalande,22
2290770,14:32:00,14:32:10,stop_point:SP_2270,Collège Rosa Parks,23
2290770,14:34:00,14:34:10,stop_point:SP_1526,Le Grand Marché - Pont de La Vache,24
2290770,14:35:00,14:35:10,stop_point:SP_97,Pader,25
2290770,14:36:00,14:36:10,stop_point:SP_1175,La Vache,26
2290771,14:19:00,14:19:10,stop_point:SP_5247,Fenouillet Ctre Cial - Entrée Nord,1
2290771,14:20:00,14:20:10,stop_point:SP_5168,Fenouillet Ctre Cial - Entrée Sud,2
2290771,14:21:00,14:21:10,stop_point:SP_243,St-Alban Salvador Allende,3
2290771,14:22:00,14:22:10,stop_point:SP_3753,Gafelaze,4
2290771,14:23:00,14:23:10,stop_point:SP_1547,Ecole St-Alban,5
2290771,14:24:00,14:24:10,stop_point:SP_3276,Mairie St-Alban,6
2290771,14:25:00,14:25:10,stop_point:SP_1989,Sables,7
2290771,14:25:00,14:25:10,stop_point:SP_1190,Egalité,8
2290771,14:27:00,14:27:10,stop_point:SP_219,St-Alban Ctre Cial,9
2290771,14:28:00,14:28:10,stop_point:SP_1370,Peyronnette,10
2290771,14:29:00,14:29:10,stop_point:SP_3053,Mariel,11
2290771,14:30:00,14:30:10,stop_point:SP_3516,Raudelauzette,12
2290771,14:31:00,14:31:10,stop_point:SP_1879,Aucamville Collège,13
2290771,14:33:00,14:33:10,stop_point:SP_175,Favasse,14
2290771,14:34:00,14:34:10,stop_point:SP_1760,Mairie Aucamville,15
2290771,14:35:00,14:35:10,stop_point:SP_2311,Eglise Aucamville,16
2290771,14:36:00,14:36:10,stop_point:SP_802,Salvy,17
2290771,14:37:00,14:37:10,stop_point:SP_2114,Gaussen,18
2290771,14:39:00,14:39:10,stop_point:SP_3810,Lapparou,19
2290771,14:40:00,14:40:10,stop_point:SP_507,Roubiéchou,20
2290771,14:41:00,14:41:10,stop_point:SP_3354,Lapin,21
2290771,14:43:00,14:43:10,stop_point:SP_2207,Riché Lalande,22
2290771,14:44:00,14:44:10,stop_point:SP_2270,Collège Rosa Parks,23
2290771,14:46:00,14:46:10,stop_point:SP_1526,Le Grand Marché - Pont de La Vache,24
2290771,14:47:00,14:47:10,stop_point:SP_97,Pader,25
2290771,14:48:00,14:48:10,stop_point:SP_1175,La Vache,26
2290772,14:31:00,14:31:10,stop_point:SP_5247,Fenouillet Ctre Cial - Entrée Nord,1
2290772,14:32:00,14:32:10,stop_point:SP_5168,Fenouillet Ctre Cial - Entrée Sud,2
2290772,14:33:00,14:33:10,stop_point:SP_243,St-Alban Salvador Allende,3
2290772,14:34:00,14:34:10,stop_point:SP_3753,Gafelaze,4
2290772,14:35:00,14:35:10,stop_point:SP_1547,Ecole St-Alban,5
2290772,14:36:00,14:36:10,stop_point:SP_3276,Mairie St-Alban,6
2290772,14:37:00,14:37:10,stop_point:SP_1989,Sables,7
2290772,14:37:00,14:37:10,stop_point:SP_1190,Egalité,8
2290772,14:39:00,14:39:10,stop_point:SP_219,St-Alban Ctre Cial,9
2290772,14:40:00,14:40:10,stop_point:SP_1370,Peyronnette,10
2290772,14:41:00,14:41:10,stop_point:SP_3053,Mariel,11
2290772,14:42:00,14:42:10,stop_point:SP_3516,Raudelauzette,12
2290772,14:43:00,14:43:10,stop_point:SP_1879,Aucamville Collège,13
2290772,14:45:00,14:45:10,stop_point:SP_175,Favasse,14
2290772,14:46:00,14:46:10,stop_point:SP_1760,Mairie Aucamville,15
2290772,14:47:00,14:47:10,stop_point:SP_2311,Eglise Aucamville,16
2290772,14:48:00,14:48:10,stop_point:SP_802,Salvy,17
2290772,14:49:00,14:49:10,stop_point:SP_2114,Gaussen,18
2290772,14:51:00,14:51:10,stop_point:SP_3810,Lapparou,19
2290772,14:52:00,14:52:10,stop_point:SP_507,Roubiéchou,20
2290772,14:53:00,14:53:10,stop_point:SP_3354,Lapin,21
2290772,14:55:00,14:55:10,stop_point:SP_2207,Riché Lalande,22
2290772,14:56:00,14:56:10,stop_point:SP_2270,Collège Rosa Parks,23
2290772,14:58:00,14:58:10,stop_point:SP_1526,Le Grand Marché - Pont de La Vache,24
2290772,14:59:00,14:59:10,stop_point:SP_97,Pader,25
2290772,15:00:00,15:00:10,stop_point:SP_1175,La Vache,26
2290773,14:43:00,14:43:10,stop_point:SP_5247,Fenouillet Ctre Cial - Entrée Nord,1
2290773,14:44:00,14:44:10,stop_point:SP_5168,Fenouillet Ctre Cial - Entrée Sud,2
2290773,14:45:00,14:45:10,stop_point:SP_243,St-Alban Salvador Allende,3
2290773,14:46:00,14:46:10,stop_point:SP_3753,Gafelaze,4
2290773,14:47:00,14:47:10,stop_point:SP_1547,Ecole St-Alban,5
2290773,14:48:00,14:48:10,stop_point:SP_3276,Mairie St-Alban,6
2290773,14:49:00,14:49:10,stop_point:SP_1989,Sables,7
2290773,14:49:00,14:49:10,stop_point:SP_1190,Egalité,8
2290773,14:51:00,14:51:10,stop_point:SP_219,St-Alban Ctre Cial,9
2290773,14:52:00,14:52:10,stop_point:SP_1370,Peyronnette,10
2290773,14:53:00,14:53:10,stop_point:SP_3053,Mariel,11
2290773,14:54:00,14:54:10,stop_point:SP_3516,Raudelauzette,12
2290773,14:55:00,14:55:10,stop_point:SP_1879,Aucamville Collège,13
2290773,14:57:00,14:57:10,stop_point:SP_175,Favasse,14
2290773,14:58:00,14:58:10,stop_point:SP_1760,Mairie Aucamville,15
2290773,14:59:00,14:59:10,stop_point:SP_2311,Eglise Aucamville,16
2290773,15:00:00,15:00:10,stop_point:SP_802,Salvy,17
2290773,15:01:00,15:01:10,stop_point:SP_2114,Gaussen,18
2290773,15:03:00,15:03:10,stop_point:SP_3810,Lapparou,19
2290773,15:04:00,15:04:10,stop_point:SP_507,Roubiéchou,20
2290773,15:05:00,15:05:10,stop_point:SP_3354,Lapin,21
2290773,15:07:00,15:07:10,stop_point:SP_2207,Riché Lalande,22
2290773,15:08:00,15:08:10,stop_point:SP_2270,Collège Rosa Parks,23
2290773,15:10:00,15:10:10,stop_point:SP_1526,Le Grand Marché - Pont de La Vache,24
2290773,15:11:00,15:11:10,stop_point:SP_97,Pader,25
2290773,15:12:00,15:12:10,stop_point:SP_1175,La Vache,26
2290774,14:55:00,14:55:10,stop_point:SP_5247,Fenouillet Ctre Cial - Entrée Nord,1
2290774,14:56:00,14:56:10,stop_point:SP_5168,Fenouillet Ctre Cial - Entrée Sud,2
2290774,14:57:00,14:57:10,stop_point:SP_243,St-Alban Salvador Allende,3
2290774,14:58:00,14:58:10,stop_point:SP_3753,Gafelaze,4
2290774,14:59:00,14:59:10,stop_point:SP_1547,Ecole St-Alban,5
2290774,15:00:00,15:00:10,stop_point:SP_3276,Mairie St-Alban,6
2290774,15:01:00,15:01:10,stop_point:SP_1989,Sables,7
2290774,15:01:00,15:01:10,stop_point:SP_1190,Egalité,8
2290774,15:03:00,15:03:10,stop_point:SP_219,St-Alban Ctre Cial,9
2290774,15:04:00,15:04:10,stop_point:SP_1370,Peyronnette,10
2290774,15:05:00,15:05:10,stop_point:SP_3053,Mariel,11
2290774,15:06:00,15:06:10,stop_point:SP_3516,Raudelauzette,12
2290774,15:07:00,15:07:10,stop_point:SP_1879,Aucamville Collège,13
2290774,15:09:00,15:09:10,stop_point:SP_175,Favasse,14
2290774,15:10:00,15:10:10,stop_point:SP_1760,Mairie Aucamville,15
2290774,15:11:00,15:11:10,stop_point:SP_2311,Eglise Aucamville,16
2290774,15:12:00,15:12:10,stop_point:SP_802,Salvy,17
2290774,15:13:00,15:13:10,stop_point:SP_2114,Gaussen,18
2290774,15:15:00,15:15:10,stop_point:SP_3810,Lapparou,19
2290774,15:16:00,15:16:10,stop_point:SP_507,Roubiéchou,20
2290774,15:17:00,15:17:10,stop_point:SP_3354,Lapin,21
2290774,15:19:00,15:19:10,stop_point:SP_2207,Riché Lalande,22
2290774,15:20:00,15:20:10,stop_point:SP_2270,Collège Rosa Parks,23
2290774,15:22:00,15:22:10,stop_point:SP_1526,Le Grand Marché - Pont de La Vache,24
2290774,15:23:00,15:23:10,stop_point:SP_97,Pader,25
2290774,15:24:00,15:24:10,stop_point:SP_1175,La Vache,26
2290775,15:07:00,15:07:10,stop_point:SP_5247,Fenouillet Ctre Cial - Entrée Nord,1
2290775,15:08:00,15:08:10,stop_point:SP_5168,Fenouillet Ctre Cial - Entrée Sud,2
2290775,15:09:00,15:09:10,stop_point:SP_243,St-Alban Salvador Allende,3
2290775,15:10:00,15:10:10,stop_point:SP_3753,Gafelaze,4
2290775,15:11:00,15:11:10,stop_point:SP_1547,Ecole St-Alban,5
2290775,15:12:00,15:12:10,stop_point:SP_3276,Mairie St-Alban,6
2290775,15:13:00,15:13:10,stop_point:SP_1989,Sables,7
2290775,15:13:00,15:13:10,stop_point:SP_1190,Egalité,8
2290775,15:15:00,15:15:10,stop_point:SP_219,St-Alban Ctre Cial,9
2290775,15:16:00,15:16:10,stop_point:SP_1370,Peyronnette,10
2290775,15:17:00,15:17:10,stop_point:SP_3053,Mariel,11
2290775,15:18:00,15:18:10,stop_point:SP_3516,Raudelauzette,12
2290775,15:19:00,15:19:10,stop_point:SP_1879,Aucamville Collège,13
2290775,15:21:00,15:21:10,stop_point:SP_175,Favasse,14
2290775,15:22:00,15:22:10,stop_point:SP_1760,Mairie Aucamville,15
2290775,15:23:00,15:23:10,stop_point:SP_2311,Eglise Aucamville,16
2290775,15:24:00,15:24:10,stop_point:SP_802,Salvy,17
2290775,15:25:00,15:25:10,stop_point:SP_2114,Gaussen,18
2290775,15:27:00,15:27:10,stop_point:SP_3810,Lapparou,19
2290775,15:28:00,15:28:10,stop_point:SP_507,Roubiéchou,20
2290775,15:29:00,15:29:10,stop_point:SP_3354,Lapin,21
2290775,15:31:00,15:31:10,stop_point:SP_2207,Riché Lalande,22
2290775,15:32:00,15:32:10,stop_point:SP_2270,Collège Rosa Parks,23
2290775,15:34:00,15:34:10,stop_point:SP_1526,Le Grand Marché - Pont de La Vache,24
2290775,15:35:00,15:35:10,stop_point:SP_97,Pader,25
2290775,15:36:00,15:36:10,stop_point:SP_1175,La Vache,26
2290776,15:19:00,15:19:10,stop_point:SP_5247,Fenouillet Ctre Cial - Entrée Nord,1
2290776,15:20:00,15:20:10,stop_point:SP_5168,Fenouillet Ctre Cial - Entrée Sud,2
2290776,15:21:00,15:21:10,stop_point:SP_243,St-Alban Salvador Allende,3
2290776,15:22:00,15:22:10,stop_point:SP_3753,Gafelaze,4
2290776,15:23:00,15:23:10,stop_point:SP_1547,Ecole St-Alban,5
2290776,15:24:00,15:24:10,stop_point:SP_3276,Mairie St-Alban,6
2290776,15:25:00,15:25:10,stop_point:SP_1989,Sables,7
2290776,15:25:00,15:25:10,stop_point:SP_1190,Egalité,8
2290776,15:27:00,15:27:10,stop_point:SP_219,St-Alban Ctre Cial,9
2290776,15:28:00,15:28:10,stop_point:SP_1370,Peyronnette,10
2290776,15:29:00,15:29:10,stop_point:SP_3053,Mariel,11
2290776,15:30:00,15:30:10,stop_point:SP_3516,Raudelauzette,12
2290776,15:31:00,15:31:10,stop_point:SP_1879,Aucamville Collège,13
2290776,15:33:00,15:33:10,stop_point:SP_175,Favasse,14
2290776,15:34:00,15:34:10,stop_point:SP_1760,Mairie Aucamville,15
2290776,15:35:00,15:35:10,stop_point:SP_2311,Eglise Aucamville,16
2290776,15:36:00,15:36:10,stop_point:SP_802,Salvy,17
2290776,15:37:00,15:37:10,stop_point:SP_2114,Gaussen,18
2290776,15:39:00,15:39:10,stop_point:SP_3810,Lapparou,19
2290776,15:40:00,15:40:10,stop_point:SP_507,Roubiéchou,20
2290776,15:41:00,15:41:10,stop_point:SP_3354,Lapin,21
2290776,15:43:00,15:43:10,stop_point:SP_2207,Riché Lalande,22
2290776,15:44:00,15:44:10,stop_point:SP_2270,Collège Rosa Parks,23
2290776,15:46:00,15:46:10,stop_point:SP_1526,Le Grand Marché - Pont de La Vache,24
2290776,15:47:00,15:47:10,stop_point:SP_97,Pader,25
2290776,15:48:00,15:48:10,stop_point:SP_1175,La Vache,26
2290777,15:31:00,15:31:10,stop_point:SP_5247,Fenouillet Ctre Cial - Entrée Nord,1
2290777,15:32:00,15:32:10,stop_point:SP_5168,Fenouillet Ctre Cial - Entrée Sud,2
2290777,15:33:00,15:33:10,stop_point:SP_243,St-Alban Salvador Allende,3
2290777,15:34:00,15:34:10,stop_point:SP_3753,Gafelaze,4
2290777,15:35:00,15:35:10,stop_point:SP_1547,Ecole St-Alban,5
2290777,15:36:00,15:36:10,stop_point:SP_3276,Mairie St-Alban,6
2290777,15:37:00,15:37:10,stop_point:SP_1989,Sables,7
2290777,15:37:00,15:37:10,stop_point:SP_1190,Egalité,8
2290777,15:39:00,15:39:10,stop_point:SP_219,St-Alban Ctre Cial,9
2290777,15:40:00,15:40:10,stop_point:SP_1370,Peyronnette,10
2290777,15:41:00,15:41:10,stop_point:SP_3053,Mariel,11
2290777,15:43:00,15:43:10,stop_point:SP_3516,Raudelauzette,12
2290777,15:44:00,15:44:10,stop_point:SP_1879,Aucamville Collège,13
2290777,15:46:00,15:46:10,stop_point:SP_175,Favasse,14
2290777,15:47:00,15:47:10,stop_point:SP_1760,Mairie Aucamville,15
2290777,15:48:00,15:48:10,stop_point:SP_2311,Eglise Aucamville,16
2290777,15:49:00,15:49:10,stop_point:SP_802,Salvy,17
2290777,15:50:00,15:50:10,stop_point:SP_2114,Gaussen,18
2290777,15:52:00,15:52:10,stop_point:SP_3810,Lapparou,19
2290777,15:53:00,15:53:10,stop_point:SP_507,Roubiéchou,20
2290777,15:54:00,15:54:10,stop_point:SP_3354,Lapin,21
2290777,15:56:00,15:56:10,stop_point:SP_2207,Riché Lalande,22
2290777,15:57:00,15:57:10,stop_point:SP_2270,Collège Rosa Parks,23
2290777,15:59:00,15:59:10,stop_point:SP_1526,Le Grand Marché - Pont de La Vache,24
2290777,16:00:00,16:00:10,stop_point:SP_97,Pader,25
2290777,16:01:00,16:01:10,stop_point:SP_1175,La Vache,26
2290778,15:43:00,15:43:10,stop_point:SP_5247,Fenouillet Ctre Cial - Entrée Nord,1
2290778,15:44:00,15:44:10,stop_point:SP_5168,Fenouillet Ctre Cial - Entrée Sud,2
2290778,15:45:00,15:45:10,stop_point:SP_243,St-Alban Salvador Allende,3
2290778,15:46:00,15:46:10,stop_point:SP_3753,Gafelaze,4
2290778,15:47:00,15:47:10,stop_point:SP_1547,Ecole St-Alban,5
2290778,15:48:00,15:48:10,stop_point:SP_3276,Mairie St-Alban,6
2290778,15:49:00,15:49:10,stop_point:SP_1989,Sables,7
2290778,15:49:00,15:49:10,stop_point:SP_1190,Egalité,8
2290778,15:51:00,15:51:10,stop_point:SP_219,St-Alban Ctre Cial,9
2290778,15:52:00,15:52:10,stop_point:SP_1370,Peyronnette,10
2290778,15:53:00,15:53:10,stop_point:SP_3053,Mariel,11
2290778,15:55:00,15:55:10,stop_point:SP_3516,Raudelauzette,12
2290778,15:56:00,15:56:10,stop_point:SP_1879,Aucamville Collège,13
2290778,15:58:00,15:58:10,stop_point:SP_175,Favasse,14
2290778,15:59:00,15:59:10,stop_point:SP_1760,Mairie Aucamville,15
2290778,16:00:00,16:00:10,stop_point:SP_2311,Eglise Aucamville,16
2290778,16:01:00,16:01:10,stop_point:SP_802,Salvy,17
2290778,16:02:00,16:02:10,stop_point:SP_2114,Gaussen,18
2290778,16:04:00,16:04:10,stop_point:SP_3810,Lapparou,19
2290778,16:05:00,16:05:10,stop_point:SP_507,Roubiéchou,20
2290778,16:06:00,16:06:10,stop_point:SP_3354,Lapin,21
2290778,16:08:00,16:08:10,stop_point:SP_2207,Riché Lalande,22
2290778,16:09:00,16:09:10,stop_point:SP_2270,Collège Rosa Parks,23
2290778,16:11:00,16:11:10,stop_point:SP_1526,Le Grand Marché - Pont de La Vache,24
2290778,16:12:00,16:12:10,stop_point:SP_97,Pader,25
2290778,16:13:00,16:13:10,stop_point:SP_1175,La Vache,26
2290779,15:52:00,15:52:10,stop_point:SP_5247,Fenouillet Ctre Cial - Entrée Nord,1
2290779,15:53:00,15:53:10,stop_point:SP_5168,Fenouillet Ctre Cial - Entrée Sud,2
2290779,15:54:00,15:54:10,stop_point:SP_243,St-Alban Salvador Allende,3
2290779,15:55:00,15:55:10,stop_point:SP_3753,Gafelaze,4
2290779,15:56:00,15:56:10,stop_point:SP_1547,Ecole St-Alban,5
2290779,15:57:00,15:57:10,stop_point:SP_3276,Mairie St-Alban,6
2290779,15:58:00,15:58:10,stop_point:SP_1989,Sables,7
2290779,15:58:00,15:58:10,stop_point:SP_1190,Egalité,8
2290779,16:00:00,16:00:10,stop_point:SP_219,St-Alban Ctre Cial,9
2290779,16:01:00,16:01:10,stop_point:SP_1370,Peyronnette,10
2290779,16:02:00,16:02:10,stop_point:SP_3053,Mariel,11
2290779,16:04:00,16:04:10,stop_point:SP_3516,Raudelauzette,12
2290779,16:05:00,16:05:10,stop_point:SP_1879,Aucamville Collège,13
2290779,16:07:00,16:07:10,stop_point:SP_175,Favasse,14
2290779,16:08:00,16:08:10,stop_point:SP_1760,Mairie Aucamville,15
2290779,16:09:00,16:09:10,stop_point:SP_2311,Eglise Aucamville,16
2290779,16:10:00,16:10:10,stop_point:SP_802,Salvy,17
2290779,16:11:00,16:11:10,stop_point:SP_2114,Gaussen,18
2290779,16:13:00,16:13:10,stop_point:SP_3810,Lapparou,19
2290779,16:14:00,16:14:10,stop_point:SP_507,Roubiéchou,20
2290779,16:15:00,16:15:10,stop_point:SP_3354,Lapin,21
2290779,16:17:00,16:17:10,stop_point:SP_2207,Riché Lalande,22
2290779,16:18:00,16:18:10,stop_point:SP_2270,Collège Rosa Parks,23
2290779,16:20:00,16:20:10,stop_point:SP_1526,Le Grand Marché - Pont de La Vache,24
2290779,16:21:00,16:21:10,stop_point:SP_97,Pader,25
2290779,16:22:00,16:22:10,stop_point:SP_1175,La Vache,26
2290780,16:01:00,16:01:10,stop_point:SP_5247,Fenouillet Ctre Cial - Entrée Nord,1
2290780,16:02:00,16:02:10,stop_point:SP_5168,Fenouillet Ctre Cial - Entrée Sud,2
2290780,16:03:00,16:03:10,stop_point:SP_243,St-Alban Salvador Allende,3
2290780,16:04:00,16:04:10,stop_point:SP_3753,Gafelaze,4
2290780,16:05:00,16:05:10,stop_point:SP_1547,Ecole St-Alban,5
2290780,16:06:00,16:06:10,stop_point:SP_3276,Mairie St-Alban,6
2290780,16:07:00,16:07:10,stop_point:SP_1989,Sables,7
2290780,16:07:00,16:07:10,stop_point:SP_1190,Egalité,8
2290780,16:09:00,16:09:10,stop_point:SP_219,St-Alban Ctre Cial,9
2290780,16:10:00,16:10:10,stop_point:SP_1370,Peyronnette,10
2290780,16:11:00,16:11:10,stop_point:SP_3053,Mariel,11
2290780,16:13:00,16:13:10,stop_point:SP_3516,Raudelauzette,12
2290780,16:14:00,16:14:10,stop_point:SP_1879,Aucamville Collège,13
2290780,16:16:00,16:16:10,stop_point:SP_175,Favasse,14
2290780,16:17:00,16:17:10,stop_point:SP_1760,Mairie Aucamville,15
2290780,16:18:00,16:18:10,stop_point:SP_2311,Eglise Aucamville,16
2290780,16:19:00,16:19:10,stop_point:SP_802,Salvy,17
2290780,16:20:00,16:20:10,stop_point:SP_2114,Gaussen,18
2290780,16:22:00,16:22:10,stop_point:SP_3810,Lapparou,19
2290780,16:23:00,16:23:10,stop_point:SP_507,Roubiéchou,20
2290780,16:24:00,16:24:10,stop_point:SP_3354,Lapin,21
2290780,16:26:00,16:26:10,stop_point:SP_2207,Riché Lalande,22
2290780,16:27:00,16:27:10,stop_point:SP_2270,Collège Rosa Parks,23
2290780,16:29:00,16:29:10,stop_point:SP_1526,Le Grand Marché - Pont de La Vache,24
2290780,16:30:00,16:30:10,stop_point:SP_97,Pader,25
2290780,16:31:00,16:31:10,stop_point:SP_1175,La Vache,26
2290781,16:10:00,16:10:10,stop_point:SP_5247,Fenouillet Ctre Cial - Entrée Nord,1
2290781,16:11:00,16:11:10,stop_point:SP_5168,Fenouillet Ctre Cial - Entrée Sud,2
2290781,16:12:00,16:12:10,stop_point:SP_243,St-Alban Salvador Allende,3
2290781,16:13:00,16:13:10,stop_point:SP_3753,Gafelaze,4
2290781,16:14:00,16:14:10,stop_point:SP_1547,Ecole St-Alban,5
2290781,16:15:00,16:15:10,stop_point:SP_3276,Mairie St-Alban,6
2290781,16:16:00,16:16:10,stop_point:SP_1989,Sables,7
2290781,16:16:00,16:16:10,stop_point:SP_1190,Egalité,8
2290781,16:18:00,16:18:10,stop_point:SP_219,St-Alban Ctre Cial,9
2290781,16:19:00,16:19:10,stop_point:SP_1370,Peyronnette,10
2290781,16:20:00,16:20:10,stop_point:SP_3053,Mariel,11
2290781,16:22:00,16:22:10,stop_point:SP_3516,Raudelauzette,12
2290781,16:23:00,16:23:10,stop_point:SP_1879,Aucamville Collège,13
2290781,16:25:00,16:25:10,stop_point:SP_175,Favasse,14
2290781,16:26:00,16:26:10,stop_point:SP_1760,Mairie Aucamville,15
2290781,16:27:00,16:27:10,stop_point:SP_2311,Eglise Aucamville,16
2290781,16:28:00,16:28:10,stop_point:SP_802,Salvy,17
2290781,16:29:00,16:29:10,stop_point:SP_2114,Gaussen,18
2290781,16:31:00,16:31:10,stop_point:SP_3810,Lapparou,19
2290781,16:32:00,16:32:10,stop_point:SP_507,Roubiéchou,20
2290781,16:33:00,16:33:10,stop_point:SP_3354,Lapin,21
2290781,16:35:00,16:35:10,stop_point:SP_2207,Riché Lalande,22
2290781,16:36:00,16:36:10,stop_point:SP_2270,Collège Rosa Parks,23
2290781,16:38:00,16:38:10,stop_point:SP_1526,Le Grand Marché - Pont de La Vache,24
2290781,16:39:00,16:39:10,stop_point:SP_97,Pader,25
2290781,16:40:00,16:40:10,stop_point:SP_1175,La Vache,26
2290782,16:19:00,16:19:10,stop_point:SP_5247,Fenouillet Ctre Cial - Entrée Nord,1
2290782,16:20:00,16:20:10,stop_point:SP_5168,Fenouillet Ctre Cial - Entrée Sud,2
2290782,16:21:00,16:21:10,stop_point:SP_243,St-Alban Salvador Allende,3
2290782,16:22:00,16:22:10,stop_point:SP_3753,Gafelaze,4
2290782,16:23:00,16:23:10,stop_point:SP_1547,Ecole St-Alban,5
2290782,16:24:00,16:24:10,stop_point:SP_3276,Mairie St-Alban,6
2290782,16:25:00,16:25:10,stop_point:SP_1989,Sables,7
2290782,16:25:00,16:25:10,stop_point:SP_1190,Egalité,8
2290782,16:27:00,16:27:10,stop_point:SP_219,St-Alban Ctre Cial,9
2290782,16:28:00,16:28:10,stop_point:SP_1370,Peyronnette,10
2290782,16:29:00,16:29:10,stop_point:SP_3053,Mariel,11
2290782,16:31:00,16:31:10,stop_point:SP_3516,Raudelauzette,12
2290782,16:32:00,16:32:10,stop_point:SP_1879,Aucamville Collège,13
2290782,16:34:00,16:34:10,stop_point:SP_175,Favasse,14
2290782,16:35:00,16:35:10,stop_point:SP_1760,Mairie Aucamville,15
2290782,16:36:00,16:36:10,stop_point:SP_2311,Eglise Aucamville,16
2290782,16:37:00,16:37:10,stop_point:SP_802,Salvy,17
2290782,16:38:00,16:38:10,stop_point:SP_2114,Gaussen,18
2290782,16:40:00,16:40:10,stop_point:SP_3810,Lapparou,19
2290782,16:41:00,16:41:10,stop_point:SP_507,Roubiéchou,20
2290782,16:42:00,16:42:10,stop_point:SP_3354,Lapin,21
2290782,16:44:00,16:44:10,stop_point:SP_2207,Riché Lalande,22
2290782,16:45:00,16:45:10,stop_point:SP_2270,Collège Rosa Parks,23
2290782,16:47:00,16:47:10,stop_point:SP_1526,Le Grand Marché - Pont de La Vache,24
2290782,16:48:00,16:48:10,stop_point:SP_97,Pader,25
2290782,16:49:00,16:49:10,stop_point:SP_1175,La Vache,26
2290783,16:28:00,16:28:10,stop_point:SP_5247,Fenouillet Ctre Cial - Entrée Nord,1
2290783,16:29:00,16:29:10,stop_point:SP_5168,Fenouillet Ctre Cial - Entrée Sud,2
2290783,16:30:00,16:30:10,stop_point:SP_243,St-Alban Salvador Allende,3
2290783,16:31:00,16:31:10,stop_point:SP_3753,Gafelaze,4
2290783,16:32:00,16:32:10,stop_point:SP_1547,Ecole St-Alban,5
2290783,16:33:00,16:33:10,stop_point:SP_3276,Mairie St-Alban,6
2290783,16:34:00,16:34:10,stop_point:SP_1989,Sables,7
2290783,16:34:00,16:34:10,stop_point:SP_1190,Egalité,8
2290783,16:36:00,16:36:10,stop_point:SP_219,St-Alban Ctre Cial,9
2290783,16:37:00,16:37:10,stop_point:SP_1370,Peyronnette,10
2290783,16:38:00,16:38:10,stop_point:SP_3053,Mariel,11
2290783,16:40:00,16:40:10,stop_point:SP_3516,Raudelauzette,12
2290783,16:41:00,16:41:10,stop_point:SP_1879,Aucamville Collège,13
2290783,16:43:00,16:43:10,stop_point:SP_175,Favasse,14
2290783,16:44:00,16:44:10,stop_point:SP_1760,Mairie Aucamville,15
2290783,16:45:00,16:45:10,stop_point:SP_2311,Eglise Aucamville,16
2290783,16:46:00,16:46:10,stop_point:SP_802,Salvy,17
2290783,16:47:00,16:47:10,stop_point:SP_2114,Gaussen,18
2290783,16:49:00,16:49:10,stop_point:SP_3810,Lapparou,19
2290783,16:50:00,16:50:10,stop_point:SP_507,Roubiéchou,20
2290783,16:51:00,16:51:10,stop_point:SP_3354,Lapin,21
2290783,16:53:00,16:53:10,stop_point:SP_2207,Riché Lalande,22
2290783,16:54:00,16:54:10,stop_point:SP_2270,Collège Rosa Parks,23
2290783,16:56:00,16:56:10,stop_point:SP_1526,Le Grand Marché - Pont de La Vache,24
2290783,16:57:00,16:57:10,stop_point:SP_97,Pader,25
2290783,16:58:00,16:58:10,stop_point:SP_1175,La Vache,26
2290784,16:37:00,16:37:10,stop_point:SP_5247,Fenouillet Ctre Cial - Entrée Nord,1
2290784,16:38:00,16:38:10,stop_point:SP_5168,Fenouillet Ctre Cial - Entrée Sud,2
2290784,16:39:00,16:39:10,stop_point:SP_243,St-Alban Salvador Allende,3
2290784,16:40:00,16:40:10,stop_point:SP_3753,Gafelaze,4
2290784,16:41:00,16:41:10,stop_point:SP_1547,Ecole St-Alban,5
2290784,16:42:00,16:42:10,stop_point:SP_3276,Mairie St-Alban,6
2290784,16:43:00,16:43:10,stop_point:SP_1989,Sables,7
2290784,16:43:00,16:43:10,stop_point:SP_1190,Egalité,8
2290784,16:45:00,16:45:10,stop_point:SP_219,St-Alban Ctre Cial,9
2290784,16:46:00,16:46:10,stop_point:SP_1370,Peyronnette,10
2290784,16:47:00,16:47:10,stop_point:SP_3053,Mariel,11
2290784,16:49:00,16:49:10,stop_point:SP_3516,Raudelauzette,12
2290784,16:50:00,16:50:10,stop_point:SP_1879,Aucamville Collège,13
2290784,16:52:00,16:52:10,stop_point:SP_175,Favasse,14
2290784,16:53:00,16:53:10,stop_point:SP_1760,Mairie Aucamville,15
2290784,16:54:00,16:54:10,stop_point:SP_2311,Eglise Aucamville,16
2290784,16:55:00,16:55:10,stop_point:SP_802,Salvy,17
2290784,16:56:00,16:56:10,stop_point:SP_2114,Gaussen,18
2290784,16:58:00,16:58:10,stop_point:SP_3810,Lapparou,19
2290784,16:59:00,16:59:10,stop_point:SP_507,Roubiéchou,20
2290784,17:00:00,17:00:10,stop_point:SP_3354,Lapin,21
2290784,17:02:00,17:02:10,stop_point:SP_2207,Riché Lalande,22
2290784,17:03:00,17:03:10,stop_point:SP_2270,Collège Rosa Parks,23
2290784,17:05:00,17:05:10,stop_point:SP_1526,Le Grand Marché - Pont de La Vache,24
2290784,17:06:00,17:06:10,stop_point:SP_97,Pader,25
2290784,17:07:00,17:07:10,stop_point:SP_1175,La Vache,26
2290785,16:46:00,16:46:10,stop_point:SP_5247,Fenouillet Ctre Cial - Entrée Nord,1
2290785,16:47:00,16:47:10,stop_point:SP_5168,Fenouillet Ctre Cial - Entrée Sud,2
2290785,16:48:00,16:48:10,stop_point:SP_243,St-Alban Salvador Allende,3
2290785,16:49:00,16:49:10,stop_point:SP_3753,Gafelaze,4
2290785,16:50:00,16:50:10,stop_point:SP_1547,Ecole St-Alban,5
2290785,16:51:00,16:51:10,stop_point:SP_3276,Mairie St-Alban,6
2290785,16:52:00,16:52:10,stop_point:SP_1989,Sables,7
2290785,16:52:00,16:52:10,stop_point:SP_1190,Egalité,8
2290785,16:54:00,16:54:10,stop_point:SP_219,St-Alban Ctre Cial,9
2290785,16:55:00,16:55:10,stop_point:SP_1370,Peyronnette,10
2290785,16:56:00,16:56:10,stop_point:SP_3053,Mariel,11
2290785,16:58:00,16:58:10,stop_point:SP_3516,Raudelauzette,12
2290785,16:59:00,16:59:10,stop_point:SP_1879,Aucamville Collège,13
2290785,17:01:00,17:01:10,stop_point:SP_175,Favasse,14
2290785,17:02:00,17:02:10,stop_point:SP_1760,Mairie Aucamville,15
2290785,17:03:00,17:03:10,stop_point:SP_2311,Eglise Aucamville,16
2290785,17:04:00,17:04:10,stop_point:SP_802,Salvy,17
2290785,17:05:00,17:05:10,stop_point:SP_2114,Gaussen,18
2290785,17:07:00,17:07:10,stop_point:SP_3810,Lapparou,19
2290785,17:08:00,17:08:10,stop_point:SP_507,Roubiéchou,20
2290785,17:09:00,17:09:10,stop_point:SP_3354,Lapin,21
2290785,17:11:00,17:11:10,stop_point:SP_2207,Riché Lalande,22
2290785,17:12:00,17:12:10,stop_point:SP_2270,Collège Rosa Parks,23
2290785,17:14:00,17:14:10,stop_point:SP_1526,Le Grand Marché - Pont de La Vache,24
2290785,17:15:00,17:15:10,stop_point:SP_97,Pader,25
2290785,17:16:00,17:16:10,stop_point:SP_1175,La Vache,26
2290786,16:50:00,16:50:10,stop_point:SP_5247,Fenouillet Ctre Cial - Entrée Nord,1
2290786,16:51:00,16:51:10,stop_point:SP_5168,Fenouillet Ctre Cial - Entrée Sud,2
2290786,16:52:00,16:52:10,stop_point:SP_243,St-Alban Salvador Allende,3
2290786,16:53:00,16:53:10,stop_point:SP_3753,Gafelaze,4
2290786,16:54:00,16:54:10,stop_point:SP_1547,Ecole St-Alban,5
2290786,16:55:00,16:55:10,stop_point:SP_3276,Mairie St-Alban,6
2290786,16:56:00,16:56:10,stop_point:SP_1989,Sables,7
2290786,16:56:00,16:56:10,stop_point:SP_1190,Egalité,8
2290786,16:58:00,16:58:10,stop_point:SP_219,St-Alban Ctre Cial,9
2290786,16:59:00,16:59:10,stop_point:SP_1370,Peyronnette,10
2290786,17:00:00,17:00:10,stop_point:SP_3053,Mariel,11
2290786,17:02:00,17:02:10,stop_point:SP_3516,Raudelauzette,12
2290786,17:03:00,17:03:10,stop_point:SP_1879,Aucamville Collège,13
2290786,17:05:00,17:05:10,stop_point:SP_175,Favasse,14
2290786,17:06:00,17:06:10,stop_point:SP_1760,Mairie Aucamville,15
2290786,17:07:00,17:07:10,stop_point:SP_2311,Eglise Aucamville,16
2290786,17:08:00,17:08:10,stop_point:SP_802,Salvy,17
2290786,17:09:00,17:09:10,stop_point:SP_2114,Gaussen,18
2290786,17:11:00,17:11:10,stop_point:SP_3810,Lapparou,19
2290786,17:12:00,17:12:10,stop_point:SP_507,Roubiéchou,20
2290786,17:13:00,17:13:10,stop_point:SP_3354,Lapin,21
2290786,17:15:00,17:15:10,stop_point:SP_2207,Riché Lalande,22
2290786,17:16:00,17:16:10,stop_point:SP_2270,Collège Rosa Parks,23
2290786,17:18:00,17:18:10,stop_point:SP_1526,Le Grand Marché - Pont de La Vache,24
2290786,17:19:00,17:19:10,stop_point:SP_97,Pader,25
2290786,17:20:00,17:20:10,stop_point:SP_1175,La Vache,26
2290787,16:55:00,16:55:10,stop_point:SP_5247,Fenouillet Ctre Cial - Entrée Nord,1
2290787,16:56:00,16:56:10,stop_point:SP_5168,Fenouillet Ctre Cial - Entrée Sud,2
2290787,16:57:00,16:57:10,stop_point:SP_243,St-Alban Salvador Allende,3
2290787,16:58:00,16:58:10,stop_point:SP_3753,Gafelaze,4
2290787,16:59:00,16:59:10,stop_point:SP_1547,Ecole St-Alban,5
2290787,17:00:00,17:00:10,stop_point:SP_3276,Mairie St-Alban,6
2290787,17:01:00,17:01:10,stop_point:SP_1989,Sables,7
2290787,17:01:00,17:01:10,stop_point:SP_1190,Egalité,8
2290787,17:03:00,17:03:10,stop_point:SP_219,St-Alban Ctre Cial,9
2290787,17:04:00,17:04:10,stop_point:SP_1370,Peyronnette,10
2290787,17:05:00,17:05:10,stop_point:SP_3053,Mariel,11
2290787,17:07:00,17:07:10,stop_point:SP_3516,Raudelauzette,12
2290787,17:08:00,17:08:10,stop_point:SP_1879,Aucamville Collège,13
2290787,17:10:00,17:10:10,stop_point:SP_175,Favasse,14
2290787,17:11:00,17:11:10,stop_point:SP_1760,Mairie Aucamville,15
2290787,17:12:00,17:12:10,stop_point:SP_2311,Eglise Aucamville,16
2290787,17:13:00,17:13:10,stop_point:SP_802,Salvy,17
2290787,17:14:00,17:14:10,stop_point:SP_2114,Gaussen,18
2290787,17:16:00,17:16:10,stop_point:SP_3810,Lapparou,19
2290787,17:17:00,17:17:10,stop_point:SP_507,Roubiéchou,20
2290787,17:18:00,17:18:10,stop_point:SP_3354,Lapin,21
2290787,17:20:00,17:20:10,stop_point:SP_2207,Riché Lalande,22
2290787,17:21:00,17:21:10,stop_point:SP_2270,Collège Rosa Parks,23
2290787,17:23:00,17:23:10,stop_point:SP_1526,Le Grand Marché - Pont de La Vache,24
2290787,17:24:00,17:24:10,stop_point:SP_97,Pader,25
2290787,17:25:00,17:25:10,stop_point:SP_1175,La Vache,26
2290788,17:04:00,17:04:10,stop_point:SP_5247,Fenouillet Ctre Cial - Entrée Nord,1
2290788,17:05:00,17:05:10,stop_point:SP_5168,Fenouillet Ctre Cial - Entrée Sud,2
2290788,17:06:00,17:06:10,stop_point:SP_243,St-Alban Salvador Allende,3
2290788,17:07:00,17:07:10,stop_point:SP_3753,Gafelaze,4
2290788,17:08:00,17:08:10,stop_point:SP_1547,Ecole St-Alban,5
2290788,17:09:00,17:09:10,stop_point:SP_3276,Mairie St-Alban,6
2290788,17:10:00,17:10:10,stop_point:SP_1989,Sables,7
2290788,17:10:00,17:10:10,stop_point:SP_1190,Egalité,8
2290788,17:12:00,17:12:10,stop_point:SP_219,St-Alban Ctre Cial,9
2290788,17:13:00,17:13:10,stop_point:SP_1370,Peyronnette,10
2290788,17:14:00,17:14:10,stop_point:SP_3053,Mariel,11
2290788,17:16:00,17:16:10,stop_point:SP_3516,Raudelauzette,12
2290788,17:17:00,17:17:10,stop_point:SP_1879,Aucamville Collège,13
2290788,17:19:00,17:19:10,stop_point:SP_175,Favasse,14
2290788,17:20:00,17:20:10,stop_point:SP_1760,Mairie Aucamville,15
2290788,17:21:00,17:21:10,stop_point:SP_2311,Eglise Aucamville,16
2290788,17:22:00,17:22:10,stop_point:SP_802,Salvy,17
2290788,17:23:00,17:23:10,stop_point:SP_2114,Gaussen,18
2290788,17:25:00,17:25:10,stop_point:SP_3810,Lapparou,19
2290788,17:26:00,17:26:10,stop_point:SP_507,Roubiéchou,20
2290788,17:27:00,17:27:10,stop_point:SP_3354,Lapin,21
2290788,17:29:00,17:29:10,stop_point:SP_2207,Riché Lalande,22
2290788,17:30:00,17:30:10,stop_point:SP_2270,Collège Rosa Parks,23
2290788,17:32:00,17:32:10,stop_point:SP_1526,Le Grand Marché - Pont de La Vache,24
2290788,17:33:00,17:33:10,stop_point:SP_97,Pader,25
2290788,17:34:00,17:34:10,stop_point:SP_1175,La Vache,26
2290789,17:08:00,17:08:10,stop_point:SP_5247,Fenouillet Ctre Cial - Entrée Nord,1
2290789,17:09:00,17:09:10,stop_point:SP_5168,Fenouillet Ctre Cial - Entrée Sud,2
2290789,17:10:00,17:10:10,stop_point:SP_243,St-Alban Salvador Allende,3
2290789,17:11:00,17:11:10,stop_point:SP_3753,Gafelaze,4
2290789,17:12:00,17:12:10,stop_point:SP_1547,Ecole St-Alban,5
2290789,17:13:00,17:13:10,stop_point:SP_3276,Mairie St-Alban,6
2290789,17:14:00,17:14:10,stop_point:SP_1989,Sables,7
2290789,17:14:00,17:14:10,stop_point:SP_1190,Egalité,8
2290789,17:16:00,17:16:10,stop_point:SP_219,St-Alban Ctre Cial,9
2290789,17:17:00,17:17:10,stop_point:SP_1370,Peyronnette,10
2290789,17:18:00,17:18:10,stop_point:SP_3053,Mariel,11
2290789,17:20:00,17:20:10,stop_point:SP_3516,Raudelauzette,12
2290789,17:21:00,17:21:10,stop_point:SP_1879,Aucamville Collège,13
2290789,17:23:00,17:23:10,stop_point:SP_175,Favasse,14
2290789,17:24:00,17:24:10,stop_point:SP_1760,Mairie Aucamville,15
2290789,17:25:00,17:25:10,stop_point:SP_2311,Eglise Aucamville,16
2290789,17:26:00,17:26:10,stop_point:SP_802,Salvy,17
2290789,17:27:00,17:27:10,stop_point:SP_2114,Gaussen,18
2290789,17:29:00,17:29:10,stop_point:SP_3810,Lapparou,19
2290789,17:30:00,17:30:10,stop_point:SP_507,Roubiéchou,20
2290789,17:31:00,17:31:10,stop_point:SP_3354,Lapin,21
2290789,17:33:00,17:33:10,stop_point:SP_2207,Riché Lalande,22
2290789,17:34:00,17:34:10,stop_point:SP_2270,Collège Rosa Parks,23
2290789,17:36:00,17:36:10,stop_point:SP_1526,Le Grand Marché - Pont de La Vache,24
2290789,17:37:00,17:37:10,stop_point:SP_97,Pader,25
2290789,17:38:00,17:38:10,stop_point:SP_1175,La Vache,26
2290790,17:13:00,17:13:10,stop_point:SP_5247,Fenouillet Ctre Cial - Entrée Nord,1
2290790,17:14:00,17:14:10,stop_point:SP_5168,Fenouillet Ctre Cial - Entrée Sud,2
2290790,17:15:00,17:15:10,stop_point:SP_243,St-Alban Salvador Allende,3
2290790,17:16:00,17:16:10,stop_point:SP_3753,Gafelaze,4
2290790,17:17:00,17:17:10,stop_point:SP_1547,Ecole St-Alban,5
2290790,17:18:00,17:18:10,stop_point:SP_3276,Mairie St-Alban,6
2290790,17:19:00,17:19:10,stop_point:SP_1989,Sables,7
2290790,17:19:00,17:19:10,stop_point:SP_1190,Egalité,8
2290790,17:21:00,17:21:10,stop_point:SP_219,St-Alban Ctre Cial,9
2290790,17:22:00,17:22:10,stop_point:SP_1370,Peyronnette,10
2290790,17:23:00,17:23:10,stop_point:SP_3053,Mariel,11
2290790,17:25:00,17:25:10,stop_point:SP_3516,Raudelauzette,12
2290790,17:26:00,17:26:10,stop_point:SP_1879,Aucamville Collège,13
2290790,17:28:00,17:28:10,stop_point:SP_175,Favasse,14
2290790,17:29:00,17:29:10,stop_point:SP_1760,Mairie Aucamville,15
2290790,17:30:00,17:30:10,stop_point:SP_2311,Eglise Aucamville,16
2290790,17:31:00,17:31:10,stop_point:SP_802,Salvy,17
2290790,17:32:00,17:32:10,stop_point:SP_2114,Gaussen,18
2290790,17:34:00,17:34:10,stop_point:SP_3810,Lapparou,19
2290790,17:35:00,17:35:10,stop_point:SP_507,Roubiéchou,20
2290790,17:36:00,17:36:10,stop_point:SP_3354,Lapin,21
2290790,17:38:00,17:38:10,stop_point:SP_2207,Riché Lalande,22
2290790,17:39:00,17:39:10,stop_point:SP_2270,Collège Rosa Parks,23
2290790,17:41:00,17:41:10,stop_point:SP_1526,Le Grand Marché - Pont de La Vache,24
2290790,17:42:00,17:42:10,stop_point:SP_97,Pader,25
2290790,17:43:00,17:43:10,stop_point:SP_1175,La Vache,26
2290791,17:22:00,17:22:10,stop_point:SP_5247,Fenouillet Ctre Cial - Entrée Nord,1
2290791,17:23:00,17:23:10,stop_point:SP_5168,Fenouillet Ctre Cial - Entrée Sud,2
2290791,17:24:00,17:24:10,stop_point:SP_243,St-Alban Salvador Allende,3
2290791,17:25:00,17:25:10,stop_point:SP_3753,Gafelaze,4
2290791,17:26:00,17:26:10,stop_point:SP_1547,Ecole St-Alban,5
2290791,17:27:00,17:27:10,stop_point:SP_3276,Mairie St-Alban,6
2290791,17:28:00,17:28:10,stop_point:SP_1989,Sables,7
2290791,17:28:00,17:28:10,stop_point:SP_1190,Egalité,8
2290791,17:30:00,17:30:10,stop_point:SP_219,St-Alban Ctre Cial,9
2290791,17:31:00,17:31:10,stop_point:SP_1370,Peyronnette,10
2290791,17:32:00,17:32:10,stop_point:SP_3053,Mariel,11
2290791,17:34:00,17:34:10,stop_point:SP_3516,Raudelauzette,12
2290791,17:35:00,17:35:10,stop_point:SP_1879,Aucamville Collège,13
2290791,17:37:00,17:37:10,stop_point:SP_175,Favasse,14
2290791,17:38:00,17:38:10,stop_point:SP_1760,Mairie Aucamville,15
2290791,17:39:00,17:39:10,stop_point:SP_2311,Eglise Aucamville,16
2290791,17:40:00,17:40:10,stop_point:SP_802,Salvy,17
2290791,17:41:00,17:41:10,stop_point:SP_2114,Gaussen,18
2290791,17:43:00,17:43:10,stop_point:SP_3810,Lapparou,19
2290791,17:44:00,17:44:10,stop_point:SP_507,Roubiéchou,20
2290791,17:45:00,17:45:10,stop_point:SP_3354,Lapin,21
2290791,17:47:00,17:47:10,stop_point:SP_2207,Riché Lalande,22
2290791,17:48:00,17:48:10,stop_point:SP_2270,Collège Rosa Parks,23
2290791,17:50:00,17:50:10,stop_point:SP_1526,Le Grand Marché - Pont de La Vache,24
2290791,17:51:00,17:51:10,stop_point:SP_97,Pader,25
2290791,17:52:00,17:52:10,stop_point:SP_1175,La Vache,26
2290792,17:31:00,17:31:10,stop_point:SP_5247,Fenouillet Ctre Cial - Entrée Nord,1
2290792,17:32:00,17:32:10,stop_point:SP_5168,Fenouillet Ctre Cial - Entrée Sud,2
2290792,17:33:00,17:33:10,stop_point:SP_243,St-Alban Salvador Allende,3
2290792,17:34:00,17:34:10,stop_point:SP_3753,Gafelaze,4
2290792,17:35:00,17:35:10,stop_point:SP_1547,Ecole St-Alban,5
2290792,17:36:00,17:36:10,stop_point:SP_3276,Mairie St-Alban,6
2290792,17:37:00,17:37:10,stop_point:SP_1989,Sables,7
2290792,17:37:00,17:37:10,stop_point:SP_1190,Egalité,8
2290792,17:39:00,17:39:10,stop_point:SP_219,St-Alban Ctre Cial,9
2290792,17:40:00,17:40:10,stop_point:SP_1370,Peyronnette,10
2290792,17:41:00,17:41:10,stop_point:SP_3053,Mariel,11
2290792,17:43:00,17:43:10,stop_point:SP_3516,Raudelauzette,12
2290792,17:44:00,17:44:10,stop_point:SP_1879,Aucamville Collège,13
2290792,17:46:00,17:46:10,stop_point:SP_175,Favasse,14
2290792,17:47:00,17:47:10,stop_point:SP_1760,Mairie Aucamville,15
2290792,17:48:00,17:48:10,stop_point:SP_2311,Eglise Aucamville,16
2290792,17:49:00,17:49:10,stop_point:SP_802,Salvy,17
2290792,17:50:00,17:50:10,stop_point:SP_2114,Gaussen,18
2290792,17:52:00,17:52:10,stop_point:SP_3810,Lapparou,19
2290792,17:53:00,17:53:10,stop_point:SP_507,Roubiéchou,20
2290792,17:54:00,17:54:10,stop_point:SP_3354,Lapin,21
2290792,17:56:00,17:56:10,stop_point:SP_2207,Riché Lalande,22
2290792,17:57:00,17:57:10,stop_point:SP_2270,Collège Rosa Parks,23
2290792,17:59:00,17:59:10,stop_point:SP_1526,Le Grand Marché - Pont de La Vache,24
2290792,18:00:00,18:00:10,stop_point:SP_97,Pader,25
2290792,18:01:00,18:01:10,stop_point:SP_1175,La Vache,26
2290793,17:40:00,17:40:10,stop_point:SP_5247,Fenouillet Ctre Cial - Entrée Nord,1
2290793,17:41:00,17:41:10,stop_point:SP_5168,Fenouillet Ctre Cial - Entrée Sud,2
2290793,17:42:00,17:42:10,stop_point:SP_243,St-Alban Salvador Allende,3
2290793,17:43:00,17:43:10,stop_point:SP_3753,Gafelaze,4
2290793,17:44:00,17:44:10,stop_point:SP_1547,Ecole St-Alban,5
2290793,17:45:00,17:45:10,stop_point:SP_3276,Mairie St-Alban,6
2290793,17:46:00,17:46:10,stop_point:SP_1989,Sables,7
2290793,17:46:00,17:46:10,stop_point:SP_1190,Egalité,8
2290793,17:48:00,17:48:10,stop_point:SP_219,St-Alban Ctre Cial,9
2290793,17:49:00,17:49:10,stop_point:SP_1370,Peyronnette,10
2290793,17:50:00,17:50:10,stop_point:SP_3053,Mariel,11
2290793,17:52:00,17:52:10,stop_point:SP_3516,Raudelauzette,12
2290793,17:53:00,17:53:10,stop_point:SP_1879,Aucamville Collège,13
2290793,17:55:00,17:55:10,stop_point:SP_175,Favasse,14
2290793,17:56:00,17:56:10,stop_point:SP_1760,Mairie Aucamville,15
2290793,17:57:00,17:57:10,stop_point:SP_2311,Eglise Aucamville,16
2290793,17:58:00,17:58:10,stop_point:SP_802,Salvy,17
2290793,17:59:00,17:59:10,stop_point:SP_2114,Gaussen,18
2290793,18:01:00,18:01:10,stop_point:SP_3810,Lapparou,19
2290793,18:02:00,18:02:10,stop_point:SP_507,Roubiéchou,20
2290793,18:03:00,18:03:10,stop_point:SP_3354,Lapin,21
2290793,18:05:00,18:05:10,stop_point:SP_2207,Riché Lalande,22
2290793,18:06:00,18:06:10,stop_point:SP_2270,Collège Rosa Parks,23
2290793,18:08:00,18:08:10,stop_point:SP_1526,Le Grand Marché - Pont de La Vache,24
2290793,18:09:00,18:09:10,stop_point:SP_97,Pader,25
2290793,18:10:00,18:10:10,stop_point:SP_1175,La Vache,26
2290794,17:44:00,17:44:10,stop_point:SP_5247,Fenouillet Ctre Cial - Entrée Nord,1
2290794,17:45:00,17:45:10,stop_point:SP_5168,Fenouillet Ctre Cial - Entrée Sud,2
2290794,17:46:00,17:46:10,stop_point:SP_243,St-Alban Salvador Allende,3
2290794,17:47:00,17:47:10,stop_point:SP_3753,Gafelaze,4
2290794,17:48:00,17:48:10,stop_point:SP_1547,Ecole St-Alban,5
2290794,17:49:00,17:49:10,stop_point:SP_3276,Mairie St-Alban,6
2290794,17:50:00,17:50:10,stop_point:SP_1989,Sables,7
2290794,17:50:00,17:50:10,stop_point:SP_1190,Egalité,8
2290794,17:52:00,17:52:10,stop_point:SP_219,St-Alban Ctre Cial,9
2290794,17:53:00,17:53:10,stop_point:SP_1370,Peyronnette,10
2290794,17:54:00,17:54:10,stop_point:SP_3053,Mariel,11
2290794,17:56:00,17:56:10,stop_point:SP_3516,Raudelauzette,12
2290794,17:57:00,17:57:10,stop_point:SP_1879,Aucamville Collège,13
2290794,17:59:00,17:59:10,stop_point:SP_175,Favasse,14
2290794,18:00:00,18:00:10,stop_point:SP_1760,Mairie Aucamville,15
2290794,18:01:00,18:01:10,stop_point:SP_2311,Eglise Aucamville,16
2290794,18:02:00,18:02:10,stop_point:SP_802,Salvy,17
2290794,18:03:00,18:03:10,stop_point:SP_2114,Gaussen,18
2290794,18:05:00,18:05:10,stop_point:SP_3810,Lapparou,19
2290794,18:06:00,18:06:10,stop_point:SP_507,Roubiéchou,20
2290794,18:07:00,18:07:10,stop_point:SP_3354,Lapin,21
2290794,18:09:00,18:09:10,stop_point:SP_2207,Riché Lalande,22
2290794,18:10:00,18:10:10,stop_point:SP_2270,Collège Rosa Parks,23
2290794,18:12:00,18:12:10,stop_point:SP_1526,Le Grand Marché - Pont de La Vache,24
2290794,18:13:00,18:13:10,stop_point:SP_97,Pader,25
2290794,18:14:00,18:14:10,stop_point:SP_1175,La Vache,26
2290795,17:49:00,17:49:10,stop_point:SP_5247,Fenouillet Ctre Cial - Entrée Nord,1
2290795,17:50:00,17:50:10,stop_point:SP_5168,Fenouillet Ctre Cial - Entrée Sud,2
2290795,17:51:00,17:51:10,stop_point:SP_243,St-Alban Salvador Allende,3
2290795,17:52:00,17:52:10,stop_point:SP_3753,Gafelaze,4
2290795,17:53:00,17:53:10,stop_point:SP_1547,Ecole St-Alban,5
2290795,17:54:00,17:54:10,stop_point:SP_3276,Mairie St-Alban,6
2290795,17:55:00,17:55:10,stop_point:SP_1989,Sables,7
2290795,17:55:00,17:55:10,stop_point:SP_1190,Egalité,8
2290795,17:57:00,17:57:10,stop_point:SP_219,St-Alban Ctre Cial,9
2290795,17:58:00,17:58:10,stop_point:SP_1370,Peyronnette,10
2290795,17:59:00,17:59:10,stop_point:SP_3053,Mariel,11
2290795,18:01:00,18:01:10,stop_point:SP_3516,Raudelauzette,12
2290795,18:02:00,18:02:10,stop_point:SP_1879,Aucamville Collège,13
2290795,18:04:00,18:04:10,stop_point:SP_175,Favasse,14
2290795,18:05:00,18:05:10,stop_point:SP_1760,Mairie Aucamville,15
2290795,18:06:00,18:06:10,stop_point:SP_2311,Eglise Aucamville,16
2290795,18:07:00,18:07:10,stop_point:SP_802,Salvy,17
2290795,18:08:00,18:08:10,stop_point:SP_2114,Gaussen,18
2290795,18:10:00,18:10:10,stop_point:SP_3810,Lapparou,19
2290795,18:11:00,18:11:10,stop_point:SP_507,Roubiéchou,20
2290795,18:12:00,18:12:10,stop_point:SP_3354,Lapin,21
2290795,18:14:00,18:14:10,stop_point:SP_2207,Riché Lalande,22
2290795,18:15:00,18:15:10,stop_point:SP_2270,Collège Rosa Parks,23
2290795,18:17:00,18:17:10,stop_point:SP_1526,Le Grand Marché - Pont de La Vache,24
2290795,18:18:00,18:18:10,stop_point:SP_97,Pader,25
2290795,18:19:00,18:19:10,stop_point:SP_1175,La Vache,26
2290796,17:58:00,17:58:10,stop_point:SP_5247,Fenouillet Ctre Cial - Entrée Nord,1
2290796,17:59:00,17:59:10,stop_point:SP_5168,Fenouillet Ctre Cial - Entrée Sud,2
2290796,18:00:00,18:00:10,stop_point:SP_243,St-Alban Salvador Allende,3
2290796,18:01:00,18:01:10,stop_point:SP_3753,Gafelaze,4
2290796,18:02:00,18:02:10,stop_point:SP_1547,Ecole St-Alban,5
2290796,18:03:00,18:03:10,stop_point:SP_3276,Mairie St-Alban,6
2290796,18:04:00,18:04:10,stop_point:SP_1989,Sables,7
2290796,18:04:00,18:04:10,stop_point:SP_1190,Egalité,8
2290796,18:06:00,18:06:10,stop_point:SP_219,St-Alban Ctre Cial,9
2290796,18:07:00,18:07:10,stop_point:SP_1370,Peyronnette,10
2290796,18:08:00,18:08:10,stop_point:SP_3053,Mariel,11
2290796,18:10:00,18:10:10,stop_point:SP_3516,Raudelauzette,12
2290796,18:11:00,18:11:10,stop_point:SP_1879,Aucamville Collège,13
2290796,18:13:00,18:13:10,stop_point:SP_175,Favasse,14
2290796,18:14:00,18:14:10,stop_point:SP_1760,Mairie Aucamville,15
2290796,18:15:00,18:15:10,stop_point:SP_2311,Eglise Aucamville,16
2290796,18:16:00,18:16:10,stop_point:SP_802,Salvy,17
2290796,18:17:00,18:17:10,stop_point:SP_2114,Gaussen,18
2290796,18:19:00,18:19:10,stop_point:SP_3810,Lapparou,19
2290796,18:20:00,18:20:10,stop_point:SP_507,Roubiéchou,20
2290796,18:21:00,18:21:10,stop_point:SP_3354,Lapin,21
2290796,18:23:00,18:23:10,stop_point:SP_2207,Riché Lalande,22
2290796,18:24:00,18:24:10,stop_point:SP_2270,Collège Rosa Parks,23
2290796,18:26:00,18:26:10,stop_point:SP_1526,Le Grand Marché - Pont de La Vache,24
2290796,18:27:00,18:27:10,stop_point:SP_97,Pader,25
2290796,18:28:00,18:28:10,stop_point:SP_1175,La Vache,26
2290797,18:07:00,18:07:10,stop_point:SP_5247,Fenouillet Ctre Cial - Entrée Nord,1
2290797,18:08:00,18:08:10,stop_point:SP_5168,Fenouillet Ctre Cial - Entrée Sud,2
2290797,18:09:00,18:09:10,stop_point:SP_243,St-Alban Salvador Allende,3
2290797,18:10:00,18:10:10,stop_point:SP_3753,Gafelaze,4
2290797,18:11:00,18:11:10,stop_point:SP_1547,Ecole St-Alban,5
2290797,18:12:00,18:12:10,stop_point:SP_3276,Mairie St-Alban,6
2290797,18:13:00,18:13:10,stop_point:SP_1989,Sables,7
2290797,18:13:00,18:13:10,stop_point:SP_1190,Egalité,8
2290797,18:15:00,18:15:10,stop_point:SP_219,St-Alban Ctre Cial,9
2290797,18:16:00,18:16:10,stop_point:SP_1370,Peyronnette,10
2290797,18:17:00,18:17:10,stop_point:SP_3053,Mariel,11
2290797,18:19:00,18:19:10,stop_point:SP_3516,Raudelauzette,12
2290797,18:20:00,18:20:10,stop_point:SP_1879,Aucamville Collège,13
2290797,18:22:00,18:22:10,stop_point:SP_175,Favasse,14
2290797,18:23:00,18:23:10,stop_point:SP_1760,Mairie Aucamville,15
2290797,18:24:00,18:24:10,stop_point:SP_2311,Eglise Aucamville,16
2290797,18:25:00,18:25:10,stop_point:SP_802,Salvy,17
2290797,18:26:00,18:26:10,stop_point:SP_2114,Gaussen,18
2290797,18:28:00,18:28:10,stop_point:SP_3810,Lapparou,19
2290797,18:29:00,18:29:10,stop_point:SP_507,Roubiéchou,20
2290797,18:30:00,18:30:10,stop_point:SP_3354,Lapin,21
2290797,18:32:00,18:32:10,stop_point:SP_2207,Riché Lalande,22
2290797,18:33:00,18:33:10,stop_point:SP_2270,Collège Rosa Parks,23
2290797,18:35:00,18:35:10,stop_point:SP_1526,Le Grand Marché - Pont de La Vache,24
2290797,18:36:00,18:36:10,stop_point:SP_97,Pader,25
2290797,18:37:00,18:37:10,stop_point:SP_1175,La Vache,26
2290798,18:16:00,18:16:10,stop_point:SP_5247,Fenouillet Ctre Cial - Entrée Nord,1
2290798,18:17:00,18:17:10,stop_point:SP_5168,Fenouillet Ctre Cial - Entrée Sud,2
2290798,18:18:00,18:18:10,stop_point:SP_243,St-Alban Salvador Allende,3
2290798,18:19:00,18:19:10,stop_point:SP_3753,Gafelaze,4
2290798,18:20:00,18:20:10,stop_point:SP_1547,Ecole St-Alban,5
2290798,18:21:00,18:21:10,stop_point:SP_3276,Mairie St-Alban,6
2290798,18:22:00,18:22:10,stop_point:SP_1989,Sables,7
2290798,18:22:00,18:22:10,stop_point:SP_1190,Egalité,8
2290798,18:24:00,18:24:10,stop_point:SP_219,St-Alban Ctre Cial,9
2290798,18:25:00,18:25:10,stop_point:SP_1370,Peyronnette,10
2290798,18:26:00,18:26:10,stop_point:SP_3053,Mariel,11
2290798,18:27:00,18:27:10,stop_point:SP_3516,Raudelauzette,12
2290798,18:28:00,18:28:10,stop_point:SP_1879,Aucamville Collège,13
2290798,18:30:00,18:30:10,stop_point:SP_175,Favasse,14
2290798,18:31:00,18:31:10,stop_point:SP_1760,Mairie Aucamville,15
2290798,18:32:00,18:32:10,stop_point:SP_2311,Eglise Aucamville,16
2290798,18:33:00,18:33:10,stop_point:SP_802,Salvy,17
2290798,18:34:00,18:34:10,stop_point:SP_2114,Gaussen,18
2290798,18:36:00,18:36:10,stop_point:SP_3810,Lapparou,19
2290798,18:37:00,18:37:10,stop_point:SP_507,Roubiéchou,20
2290798,18:38:00,18:38:10,stop_point:SP_3354,Lapin,21
2290798,18:40:00,18:40:10,stop_point:SP_2207,Riché Lalande,22
2290798,18:41:00,18:41:10,stop_point:SP_2270,Collège Rosa Parks,23
2290798,18:43:00,18:43:10,stop_point:SP_1526,Le Grand Marché - Pont de La Vache,24
2290798,18:44:00,18:44:10,stop_point:SP_97,Pader,25
2290798,18:45:00,18:45:10,stop_point:SP_1175,La Vache,26
2290799,18:25:00,18:25:10,stop_point:SP_5247,Fenouillet Ctre Cial - Entrée Nord,1
2290799,18:26:00,18:26:10,stop_point:SP_5168,Fenouillet Ctre Cial - Entrée Sud,2
2290799,18:27:00,18:27:10,stop_point:SP_243,St-Alban Salvador Allende,3
2290799,18:28:00,18:28:10,stop_point:SP_3753,Gafelaze,4
2290799,18:29:00,18:29:10,stop_point:SP_1547,Ecole St-Alban,5
2290799,18:30:00,18:30:10,stop_point:SP_3276,Mairie St-Alban,6
2290799,18:31:00,18:31:10,stop_point:SP_1989,Sables,7
2290799,18:31:00,18:31:10,stop_point:SP_1190,Egalité,8
2290799,18:33:00,18:33:10,stop_point:SP_219,St-Alban Ctre Cial,9
2290799,18:34:00,18:34:10,stop_point:SP_1370,Peyronnette,10
2290799,18:35:00,18:35:10,stop_point:SP_3053,Mariel,11
2290799,18:36:00,18:36:10,stop_point:SP_3516,Raudelauzette,12
2290799,18:37:00,18:37:10,stop_point:SP_1879,Aucamville Collège,13
2290799,18:39:00,18:39:10,stop_point:SP_175,Favasse,14
2290799,18:40:00,18:40:10,stop_point:SP_1760,Mairie Aucamville,15
2290799,18:41:00,18:41:10,stop_point:SP_2311,Eglise Aucamville,16
2290799,18:42:00,18:42:10,stop_point:SP_802,Salvy,17
2290799,18:43:00,18:43:10,stop_point:SP_2114,Gaussen,18
2290799,18:44:00,18:44:10,stop_point:SP_3810,Lapparou,19
2290799,18:45:00,18:45:10,stop_point:SP_507,Roubiéchou,20
2290799,18:47:00,18:47:10,stop_point:SP_3354,Lapin,21
2290799,18:48:00,18:48:10,stop_point:SP_2207,Riché Lalande,22
2290799,18:49:00,18:49:10,stop_point:SP_2270,Collège Rosa Parks,23
2290799,18:51:00,18:51:10,stop_point:SP_1526,Le Grand Marché - Pont de La Vache,24
2290799,18:52:00,18:52:10,stop_point:SP_97,Pader,25
2290799,18:53:00,18:53:10,stop_point:SP_1175,La Vache,26
2290800,18:35:00,18:35:10,stop_point:SP_5247,Fenouillet Ctre Cial - Entrée Nord,1
2290800,18:36:00,18:36:10,stop_point:SP_5168,Fenouillet Ctre Cial - Entrée Sud,2
2290800,18:37:00,18:37:10,stop_point:SP_243,St-Alban Salvador Allende,3
2290800,18:38:00,18:38:10,stop_point:SP_3753,Gafelaze,4
2290800,18:39:00,18:39:10,stop_point:SP_1547,Ecole St-Alban,5
2290800,18:40:00,18:40:10,stop_point:SP_3276,Mairie St-Alban,6
2290800,18:41:00,18:41:10,stop_point:SP_1989,Sables,7
2290800,18:41:00,18:41:10,stop_point:SP_1190,Egalité,8
2290800,18:43:00,18:43:10,stop_point:SP_219,St-Alban Ctre Cial,9
2290800,18:44:00,18:44:10,stop_point:SP_1370,Peyronnette,10
2290800,18:45:00,18:45:10,stop_point:SP_3053,Mariel,11
2290800,18:46:00,18:46:10,stop_point:SP_3516,Raudelauzette,12
2290800,18:47:00,18:47:10,stop_point:SP_1879,Aucamville Collège,13
2290800,18:49:00,18:49:10,stop_point:SP_175,Favasse,14
2290800,18:50:00,18:50:10,stop_point:SP_1760,Mairie Aucamville,15
2290800,18:51:00,18:51:10,stop_point:SP_2311,Eglise Aucamville,16
2290800,18:52:00,18:52:10,stop_point:SP_802,Salvy,17
2290800,18:53:00,18:53:10,stop_point:SP_2114,Gaussen,18
2290800,18:54:00,18:54:10,stop_point:SP_3810,Lapparou,19
2290800,18:55:00,18:55:10,stop_point:SP_507,Roubiéchou,20
2290800,18:57:00,18:57:10,stop_point:SP_3354,Lapin,21
2290800,18:58:00,18:58:10,stop_point:SP_2207,Riché Lalande,22
2290800,18:59:00,18:59:10,stop_point:SP_2270,Collège Rosa Parks,23
2290800,19:01:00,19:01:10,stop_point:SP_1526,Le Grand Marché - Pont de La Vache,24
2290800,19:02:00,19:02:10,stop_point:SP_97,Pader,25
2290800,19:03:00,19:03:10,stop_point:SP_1175,La Vache,26
2290801,18:45:00,18:45:10,stop_point:SP_5247,Fenouillet Ctre Cial - Entrée Nord,1
2290801,18:46:00,18:46:10,stop_point:SP_5168,Fenouillet Ctre Cial - Entrée Sud,2
2290801,18:47:00,18:47:10,stop_point:SP_243,St-Alban Salvador Allende,3
2290801,18:48:00,18:48:10,stop_point:SP_3753,Gafelaze,4
2290801,18:49:00,18:49:10,stop_point:SP_1547,Ecole St-Alban,5
2290801,18:50:00,18:50:10,stop_point:SP_3276,Mairie St-Alban,6
2290801,18:51:00,18:51:10,stop_point:SP_1989,Sables,7
2290801,18:51:00,18:51:10,stop_point:SP_1190,Egalité,8
2290801,18:53:00,18:53:10,stop_point:SP_219,St-Alban Ctre Cial,9
2290801,18:54:00,18:54:10,stop_point:SP_1370,Peyronnette,10
2290801,18:55:00,18:55:10,stop_point:SP_3053,Mariel,11
2290801,18:56:00,18:56:10,stop_point:SP_3516,Raudelauzette,12
2290801,18:57:00,18:57:10,stop_point:SP_1879,Aucamville Collège,13
2290801,18:59:00,18:59:10,stop_point:SP_175,Favasse,14
2290801,19:00:00,19:00:10,stop_point:SP_1760,Mairie Aucamville,15
2290801,19:01:00,19:01:10,stop_point:SP_2311,Eglise Aucamville,16
2290801,19:02:00,19:02:10,stop_point:SP_802,Salvy,17
2290801,19:03:00,19:03:10,stop_point:SP_2114,Gaussen,18
2290801,19:04:00,19:04:10,stop_point:SP_3810,Lapparou,19
2290801,19:05:00,19:05:10,stop_point:SP_507,Roubiéchou,20
2290801,19:07:00,19:07:10,stop_point:SP_3354,Lapin,21
2290801,19:08:00,19:08:10,stop_point:SP_2207,Riché Lalande,22
2290801,19:09:00,19:09:10,stop_point:SP_2270,Collège Rosa Parks,23
2290801,19:11:00,19:11:10,stop_point:SP_1526,Le Grand Marché - Pont de La Vache,24
2290801,19:12:00,19:12:10,stop_point:SP_97,Pader,25
2290801,19:13:00,19:13:10,stop_point:SP_1175,La Vache,26
2290802,18:55:00,18:55:10,stop_point:SP_5247,Fenouillet Ctre Cial - Entrée Nord,1
2290802,18:56:00,18:56:10,stop_point:SP_5168,Fenouillet Ctre Cial - Entrée Sud,2
2290802,18:57:00,18:57:10,stop_point:SP_243,St-Alban Salvador Allende,3
2290802,18:58:00,18:58:10,stop_point:SP_3753,Gafelaze,4
2290802,18:59:00,18:59:10,stop_point:SP_1547,Ecole St-Alban,5
2290802,19:00:00,19:00:10,stop_point:SP_3276,Mairie St-Alban,6
2290802,19:01:00,19:01:10,stop_point:SP_1989,Sables,7
2290802,19:01:00,19:01:10,stop_point:SP_1190,Egalité,8
2290802,19:03:00,19:03:10,stop_point:SP_219,St-Alban Ctre Cial,9
2290802,19:04:00,19:04:10,stop_point:SP_1370,Peyronnette,10
2290802,19:05:00,19:05:10,stop_point:SP_3053,Mariel,11
2290802,19:06:00,19:06:10,stop_point:SP_3516,Raudelauzette,12
2290802,19:07:00,19:07:10,stop_point:SP_1879,Aucamville Collège,13
2290802,19:09:00,19:09:10,stop_point:SP_175,Favasse,14
2290802,19:10:00,19:10:10,stop_point:SP_1760,Mairie Aucamville,15
2290802,19:11:00,19:11:10,stop_point:SP_2311,Eglise Aucamville,16
2290802,19:12:00,19:12:10,stop_point:SP_802,Salvy,17
2290802,19:13:00,19:13:10,stop_point:SP_2114,Gaussen,18
2290802,19:14:00,19:14:10,stop_point:SP_3810,Lapparou,19
2290802,19:15:00,19:15:10,stop_point:SP_507,Roubiéchou,20
2290802,19:17:00,19:17:10,stop_point:SP_3354,Lapin,21
2290802,19:18:00,19:18:10,stop_point:SP_2207,Riché Lalande,22
2290802,19:19:00,19:19:10,stop_point:SP_2270,Collège Rosa Parks,23
2290802,19:21:00,19:21:10,stop_point:SP_1526,Le Grand Marché - Pont de La Vache,24
2290802,19:22:00,19:22:10,stop_point:SP_97,Pader,25
2290802,19:23:00,19:23:10,stop_point:SP_1175,La Vache,26
2290803,19:05:00,19:05:10,stop_point:SP_5247,Fenouillet Ctre Cial - Entrée Nord,1
2290803,19:06:00,19:06:10,stop_point:SP_5168,Fenouillet Ctre Cial - Entrée Sud,2
2290803,19:07:00,19:07:10,stop_point:SP_243,St-Alban Salvador Allende,3
2290803,19:08:00,19:08:10,stop_point:SP_3753,Gafelaze,4
2290803,19:08:00,19:08:10,stop_point:SP_1547,Ecole St-Alban,5
2290803,19:09:00,19:09:10,stop_point:SP_3276,Mairie St-Alban,6
2290803,19:10:00,19:10:10,stop_point:SP_1989,Sables,7
2290803,19:10:00,19:10:10,stop_point:SP_1190,Egalité,8
2290803,19:12:00,19:12:10,stop_point:SP_219,St-Alban Ctre Cial,9
2290803,19:13:00,19:13:10,stop_point:SP_1370,Peyronnette,10
2290803,19:14:00,19:14:10,stop_point:SP_3053,Mariel,11
2290803,19:15:00,19:15:10,stop_point:SP_3516,Raudelauzette,12
2290803,19:16:00,19:16:10,stop_point:SP_1879,Aucamville Collège,13
2290803,19:18:00,19:18:10,stop_point:SP_175,Favasse,14
2290803,19:19:00,19:19:10,stop_point:SP_1760,Mairie Aucamville,15
2290803,19:20:00,19:20:10,stop_point:SP_2311,Eglise Aucamville,16
2290803,19:21:00,19:21:10,stop_point:SP_802,Salvy,17
2290803,19:22:00,19:22:10,stop_point:SP_2114,Gaussen,18
2290803,19:23:00,19:23:10,stop_point:SP_3810,Lapparou,19
2290803,19:24:00,19:24:10,stop_point:SP_507,Roubiéchou,20
2290803,19:26:00,19:26:10,stop_point:SP_3354,Lapin,21
2290803,19:27:00,19:27:10,stop_point:SP_2207,Riché Lalande,22
2290803,19:28:00,19:28:10,stop_point:SP_2270,Collège Rosa Parks,23
2290803,19:30:00,19:30:10,stop_point:SP_1526,Le Grand Marché - Pont de La Vache,24
2290803,19:31:00,19:31:10,stop_point:SP_97,Pader,25
2290803,19:32:00,19:32:10,stop_point:SP_1175,La Vache,26
2290804,19:15:00,19:15:10,stop_point:SP_5247,Fenouillet Ctre Cial - Entrée Nord,1
2290804,19:16:00,19:16:10,stop_point:SP_5168,Fenouillet Ctre Cial - Entrée Sud,2
2290804,19:17:00,19:17:10,stop_point:SP_243,St-Alban Salvador Allende,3
2290804,19:18:00,19:18:10,stop_point:SP_3753,Gafelaze,4
2290804,19:18:00,19:18:10,stop_point:SP_1547,Ecole St-Alban,5
2290804,19:19:00,19:19:10,stop_point:SP_3276,Mairie St-Alban,6
2290804,19:20:00,19:20:10,stop_point:SP_1989,Sables,7
2290804,19:20:00,19:20:10,stop_point:SP_1190,Egalité,8
2290804,19:22:00,19:22:10,stop_point:SP_219,St-Alban Ctre Cial,9
2290804,19:23:00,19:23:10,stop_point:SP_1370,Peyronnette,10
2290804,19:24:00,19:24:10,stop_point:SP_3053,Mariel,11
2290804,19:25:00,19:25:10,stop_point:SP_3516,Raudelauzette,12
2290804,19:26:00,19:26:10,stop_point:SP_1879,Aucamville Collège,13
2290804,19:28:00,19:28:10,stop_point:SP_175,Favasse,14
2290804,19:29:00,19:29:10,stop_point:SP_1760,Mairie Aucamville,15
2290804,19:30:00,19:30:10,stop_point:SP_2311,Eglise Aucamville,16
2290804,19:31:00,19:31:10,stop_point:SP_802,Salvy,17
2290804,19:32:00,19:32:10,stop_point:SP_2114,Gaussen,18
2290804,19:33:00,19:33:10,stop_point:SP_3810,Lapparou,19
2290804,19:34:00,19:34:10,stop_point:SP_507,Roubiéchou,20
2290804,19:36:00,19:36:10,stop_point:SP_3354,Lapin,21
2290804,19:37:00,19:37:10,stop_point:SP_2207,Riché Lalande,22
2290804,19:38:00,19:38:10,stop_point:SP_2270,Collège Rosa Parks,23
2290804,19:39:00,19:39:10,stop_point:SP_1526,Le Grand Marché - Pont de La Vache,24
2290804,19:40:00,19:40:10,stop_point:SP_97,Pader,25
2290804,19:41:00,19:41:10,stop_point:SP_1175,La Vache,26
2290805,19:26:00,19:26:10,stop_point:SP_5247,Fenouillet Ctre Cial - Entrée Nord,1
2290805,19:27:00,19:27:10,stop_point:SP_5168,Fenouillet Ctre Cial - Entrée Sud,2
2290805,19:28:00,19:28:10,stop_point:SP_243,St-Alban Salvador Allende,3
2290805,19:29:00,19:29:10,stop_point:SP_3753,Gafelaze,4
2290805,19:29:00,19:29:10,stop_point:SP_1547,Ecole St-Alban,5
2290805,19:30:00,19:30:10,stop_point:SP_3276,Mairie St-Alban,6
2290805,19:31:00,19:31:10,stop_point:SP_1989,Sables,7
2290805,19:31:00,19:31:10,stop_point:SP_1190,Egalité,8
2290805,19:33:00,19:33:10,stop_point:SP_219,St-Alban Ctre Cial,9
2290805,19:34:00,19:34:10,stop_point:SP_1370,Peyronnette,10
2290805,19:35:00,19:35:10,stop_point:SP_3053,Mariel,11
2290805,19:36:00,19:36:10,stop_point:SP_3516,Raudelauzette,12
2290805,19:37:00,19:37:10,stop_point:SP_1879,Aucamville Collège,13
2290805,19:38:00,19:38:10,stop_point:SP_175,Favasse,14
2290805,19:39:00,19:39:10,stop_point:SP_1760,Mairie Aucamville,15
2290805,19:40:00,19:40:10,stop_point:SP_2311,Eglise Aucamville,16
2290805,19:41:00,19:41:10,stop_point:SP_802,Salvy,17
2290805,19:42:00,19:42:10,stop_point:SP_2114,Gaussen,18
2290805,19:43:00,19:43:10,stop_point:SP_3810,Lapparou,19
2290805,19:44:00,19:44:10,stop_point:SP_507,Roubiéchou,20
2290805,19:46:00,19:46:10,stop_point:SP_3354,Lapin,21
2290805,19:47:00,19:47:10,stop_point:SP_2207,Riché Lalande,22
2290805,19:48:00,19:48:10,stop_point:SP_2270,Collège Rosa Parks,23
2290805,19:49:00,19:49:10,stop_point:SP_1526,Le Grand Marché - Pont de La Vache,24
2290805,19:50:00,19:50:10,stop_point:SP_97,Pader,25
2290805,19:51:00,19:51:10,stop_point:SP_1175,La Vache,26
2290806,19:40:00,19:40:10,stop_point:SP_5247,Fenouillet Ctre Cial - Entrée Nord,1
2290806,19:41:00,19:41:10,stop_point:SP_5168,Fenouillet Ctre Cial - Entrée Sud,2
2290806,19:42:00,19:42:10,stop_point:SP_243,St-Alban Salvador Allende,3
2290806,19:43:00,19:43:10,stop_point:SP_3753,Gafelaze,4
2290806,19:43:00,19:43:10,stop_point:SP_1547,Ecole St-Alban,5
2290806,19:44:00,19:44:10,stop_point:SP_3276,Mairie St-Alban,6
2290806,19:45:00,19:45:10,stop_point:SP_1989,Sables,7
2290806,19:45:00,19:45:10,stop_point:SP_1190,Egalité,8
2290806,19:47:00,19:47:10,stop_point:SP_219,St-Alban Ctre Cial,9
2290806,19:48:00,19:48:10,stop_point:SP_1370,Peyronnette,10
2290806,19:49:00,19:49:10,stop_point:SP_3053,Mariel,11
2290806,19:50:00,19:50:10,stop_point:SP_3516,Raudelauzette,12
2290806,19:51:00,19:51:10,stop_point:SP_1879,Aucamville Collège,13
2290806,19:52:00,19:52:10,stop_point:SP_175,Favasse,14
2290806,19:53:00,19:53:10,stop_point:SP_1760,Mairie Aucamville,15
2290806,19:54:00,19:54:10,stop_point:SP_2311,Eglise Aucamville,16
2290806,19:55:00,19:55:10,stop_point:SP_802,Salvy,17
2290806,19:56:00,19:56:10,stop_point:SP_2114,Gaussen,18
2290806,19:57:00,19:57:10,stop_point:SP_3810,Lapparou,19
2290806,19:58:00,19:58:10,stop_point:SP_507,Roubiéchou,20
2290806,19:59:00,19:59:10,stop_point:SP_3354,Lapin,21
2290806,20:00:00,20:00:10,stop_point:SP_2207,Riché Lalande,22
2290806,20:01:00,20:01:10,stop_point:SP_2270,Collège Rosa Parks,23
2290806,20:02:00,20:02:10,stop_point:SP_1526,Le Grand Marché - Pont de La Vache,24
2290806,20:03:00,20:03:10,stop_point:SP_97,Pader,25
2290806,20:04:00,20:04:10,stop_point:SP_1175,La Vache,26
2290807,19:59:00,19:59:10,stop_point:SP_5247,Fenouillet Ctre Cial - Entrée Nord,1
2290807,20:00:00,20:00:10,stop_point:SP_5168,Fenouillet Ctre Cial - Entrée Sud,2
2290807,20:01:00,20:01:10,stop_point:SP_243,St-Alban Salvador Allende,3
2290807,20:02:00,20:02:10,stop_point:SP_3753,Gafelaze,4
2290807,20:02:00,20:02:10,stop_point:SP_1547,Ecole St-Alban,5
2290807,20:03:00,20:03:10,stop_point:SP_3276,Mairie St-Alban,6
2290807,20:04:00,20:04:10,stop_point:SP_1989,Sables,7
2290807,20:04:00,20:04:10,stop_point:SP_1190,Egalité,8
2290807,20:06:00,20:06:10,stop_point:SP_219,St-Alban Ctre Cial,9
2290807,20:07:00,20:07:10,stop_point:SP_1370,Peyronnette,10
2290807,20:08:00,20:08:10,stop_point:SP_3053,Mariel,11
2290807,20:09:00,20:09:10,stop_point:SP_3516,Raudelauzette,12
2290807,20:10:00,20:10:10,stop_point:SP_1879,Aucamville Collège,13
2290807,20:11:00,20:11:10,stop_point:SP_175,Favasse,14
2290807,20:12:00,20:12:10,stop_point:SP_1760,Mairie Aucamville,15
2290807,20:13:00,20:13:10,stop_point:SP_2311,Eglise Aucamville,16
2290807,20:14:00,20:14:10,stop_point:SP_802,Salvy,17
2290807,20:15:00,20:15:10,stop_point:SP_2114,Gaussen,18
2290807,20:16:00,20:16:10,stop_point:SP_3810,Lapparou,19
2290807,20:17:00,20:17:10,stop_point:SP_507,Roubiéchou,20
2290807,20:18:00,20:18:10,stop_point:SP_3354,Lapin,21
2290807,20:19:00,20:19:10,stop_point:SP_2207,Riché Lalande,22
2290807,20:20:00,20:20:10,stop_point:SP_2270,Collège Rosa Parks,23
2290807,20:21:00,20:21:10,stop_point:SP_1526,Le Grand Marché - Pont de La Vache,24
2290807,20:22:00,20:22:10,stop_point:SP_97,Pader,25
2290807,20:23:00,20:23:10,stop_point:SP_1175,La Vache,26
2290808,20:19:00,20:19:10,stop_point:SP_5247,Fenouillet Ctre Cial - Entrée Nord,1
2290808,20:20:00,20:20:10,stop_point:SP_5168,Fenouillet Ctre Cial - Entrée Sud,2
2290808,20:21:00,20:21:10,stop_point:SP_243,St-Alban Salvador Allende,3
2290808,20:22:00,20:22:10,stop_point:SP_3753,Gafelaze,4
2290808,20:22:00,20:22:10,stop_point:SP_1547,Ecole St-Alban,5
2290808,20:23:00,20:23:10,stop_point:SP_3276,Mairie St-Alban,6
2290808,20:24:00,20:24:10,stop_point:SP_1989,Sables,7
2290808,20:24:00,20:24:10,stop_point:SP_1190,Egalité,8
2290808,20:26:00,20:26:10,stop_point:SP_219,St-Alban Ctre Cial,9
2290808,20:27:00,20:27:10,stop_point:SP_1370,Peyronnette,10
2290808,20:28:00,20:28:10,stop_point:SP_3053,Mariel,11
2290808,20:29:00,20:29:10,stop_point:SP_3516,Raudelauzette,12
2290808,20:30:00,20:30:10,stop_point:SP_1879,Aucamville Collège,13
2290808,20:31:00,20:31:10,stop_point:SP_175,Favasse,14
2290808,20:32:00,20:32:10,stop_point:SP_1760,Mairie Aucamville,15
2290808,20:33:00,20:33:10,stop_point:SP_2311,Eglise Aucamville,16
2290808,20:34:00,20:34:10,stop_point:SP_802,Salvy,17
2290808,20:35:00,20:35:10,stop_point:SP_2114,Gaussen,18
2290808,20:36:00,20:36:10,stop_point:SP_3810,Lapparou,19
2290808,20:37:00,20:37:10,stop_point:SP_507,Roubiéchou,20
2290808,20:38:00,20:38:10,stop_point:SP_3354,Lapin,21
2290808,20:39:00,20:39:10,stop_point:SP_2207,Riché Lalande,22
2290808,20:40:00,20:40:10,stop_point:SP_2270,Collège Rosa Parks,23
2290808,20:41:00,20:41:10,stop_point:SP_1526,Le Grand Marché - Pont de La Vache,24
2290808,20:42:00,20:42:10,stop_point:SP_97,Pader,25
2290808,20:43:00,20:43:10,stop_point:SP_1175,La Vache,26
2290809,20:39:00,20:39:10,stop_point:SP_5247,Fenouillet Ctre Cial - Entrée Nord,1
2290809,20:40:00,20:40:10,stop_point:SP_5168,Fenouillet Ctre Cial - Entrée Sud,2
2290809,20:41:00,20:41:10,stop_point:SP_243,St-Alban Salvador Allende,3
2290809,20:42:00,20:42:10,stop_point:SP_3753,Gafelaze,4
2290809,20:42:00,20:42:10,stop_point:SP_1547,Ecole St-Alban,5
2290809,20:43:00,20:43:10,stop_point:SP_3276,Mairie St-Alban,6
2290809,20:44:00,20:44:10,stop_point:SP_1989,Sables,7
2290809,20:44:00,20:44:10,stop_point:SP_1190,Egalité,8
2290809,20:46:00,20:46:10,stop_point:SP_219,St-Alban Ctre Cial,9
2290809,20:47:00,20:47:10,stop_point:SP_1370,Peyronnette,10
2290809,20:48:00,20:48:10,stop_point:SP_3053,Mariel,11
2290809,20:49:00,20:49:10,stop_point:SP_3516,Raudelauzette,12
2290809,20:50:00,20:50:10,stop_point:SP_1879,Aucamville Collège,13
2290809,20:51:00,20:51:10,stop_point:SP_175,Favasse,14
2290809,20:52:00,20:52:10,stop_point:SP_1760,Mairie Aucamville,15
2290809,20:53:00,20:53:10,stop_point:SP_2311,Eglise Aucamville,16
2290809,20:54:00,20:54:10,stop_point:SP_802,Salvy,17
2290809,20:55:00,20:55:10,stop_point:SP_2114,Gaussen,18
2290809,20:56:00,20:56:10,stop_point:SP_3810,Lapparou,19
2290809,20:57:00,20:57:10,stop_point:SP_507,Roubiéchou,20
2290809,20:58:00,20:58:10,stop_point:SP_3354,Lapin,21
2290809,20:59:00,20:59:10,stop_point:SP_2207,Riché Lalande,22
2290809,21:00:00,21:00:10,stop_point:SP_2270,Collège Rosa Parks,23
2290809,21:01:00,21:01:10,stop_point:SP_1526,Le Grand Marché - Pont de La Vache,24
2290809,21:02:00,21:02:10,stop_point:SP_97,Pader,25
2290809,21:03:00,21:03:10,stop_point:SP_1175,La Vache,26
2290810,21:01:00,21:01:10,stop_point:SP_5247,Fenouillet Ctre Cial - Entrée Nord,1
2290810,21:02:00,21:02:10,stop_point:SP_5168,Fenouillet Ctre Cial - Entrée Sud,2
2290810,21:03:00,21:03:10,stop_point:SP_243,St-Alban Salvador Allende,3
2290810,21:04:00,21:04:10,stop_point:SP_3753,Gafelaze,4
2290810,21:04:00,21:04:10,stop_point:SP_1547,Ecole St-Alban,5
2290810,21:05:00,21:05:10,stop_point:SP_3276,Mairie St-Alban,6
2290810,21:06:00,21:06:10,stop_point:SP_1989,Sables,7
2290810,21:06:00,21:06:10,stop_point:SP_1190,Egalité,8
2290810,21:07:00,21:07:10,stop_point:SP_219,St-Alban Ctre Cial,9
2290810,21:08:00,21:08:10,stop_point:SP_1370,Peyronnette,10
2290810,21:09:00,21:09:10,stop_point:SP_3053,Mariel,11
2290810,21:10:00,21:10:10,stop_point:SP_3516,Raudelauzette,12
2290810,21:11:00,21:11:10,stop_point:SP_1879,Aucamville Collège,13
2290810,21:12:00,21:12:10,stop_point:SP_175,Favasse,14
2290810,21:13:00,21:13:10,stop_point:SP_1760,Mairie Aucamville,15
2290810,21:14:00,21:14:10,stop_point:SP_2311,Eglise Aucamville,16
2290810,21:15:00,21:15:10,stop_point:SP_802,Salvy,17
2290810,21:16:00,21:16:10,stop_point:SP_2114,Gaussen,18
2290810,21:17:00,21:17:10,stop_point:SP_3810,Lapparou,19
2290810,21:18:00,21:18:10,stop_point:SP_507,Roubiéchou,20
2290810,21:19:00,21:19:10,stop_point:SP_3354,Lapin,21
2290810,21:20:00,21:20:10,stop_point:SP_2207,Riché Lalande,22
2290810,21:21:00,21:21:10,stop_point:SP_2270,Collège Rosa Parks,23
2290810,21:22:00,21:22:10,stop_point:SP_1526,Le Grand Marché - Pont de La Vache,24
2290810,21:23:00,21:23:10,stop_point:SP_97,Pader,25
2290810,21:24:00,21:24:10,stop_point:SP_1175,La Vache,26
2290811,21:24:00,21:24:10,stop_point:SP_5247,Fenouillet Ctre Cial - Entrée Nord,1
2290811,21:25:00,21:25:10,stop_point:SP_5168,Fenouillet Ctre Cial - Entrée Sud,2
2290811,21:26:00,21:26:10,stop_point:SP_243,St-Alban Salvador Allende,3
2290811,21:27:00,21:27:10,stop_point:SP_3753,Gafelaze,4
2290811,21:27:00,21:27:10,stop_point:SP_1547,Ecole St-Alban,5
2290811,21:28:00,21:28:10,stop_point:SP_3276,Mairie St-Alban,6
2290811,21:29:00,21:29:10,stop_point:SP_1989,Sables,7
2290811,21:29:00,21:29:10,stop_point:SP_1190,Egalité,8
2290811,21:30:00,21:30:10,stop_point:SP_219,St-Alban Ctre Cial,9
2290811,21:31:00,21:31:10,stop_point:SP_1370,Peyronnette,10
2290811,21:32:00,21:32:10,stop_point:SP_3053,Mariel,11
2290811,21:33:00,21:33:10,stop_point:SP_3516,Raudelauzette,12
2290811,21:33:00,21:33:10,stop_point:SP_1879,Aucamville Collège,13
2290811,21:34:00,21:34:10,stop_point:SP_175,Favasse,14
2290811,21:35:00,21:35:10,stop_point:SP_1760,Mairie Aucamville,15
2290811,21:36:00,21:36:10,stop_point:SP_2311,Eglise Aucamville,16
2290811,21:36:00,21:36:10,stop_point:SP_802,Salvy,17
2290811,21:37:00,21:37:10,stop_point:SP_2114,Gaussen,18
2290811,21:38:00,21:38:10,stop_point:SP_3810,Lapparou,19
2290811,21:39:00,21:39:10,stop_point:SP_507,Roubiéchou,20
2290811,21:40:00,21:40:10,stop_point:SP_3354,Lapin,21
2290811,21:41:00,21:41:10,stop_point:SP_2207,Riché Lalande,22
2290811,21:42:00,21:42:10,stop_point:SP_2270,Collège Rosa Parks,23
2290811,21:43:00,21:43:10,stop_point:SP_1526,Le Grand Marché - Pont de La Vache,24
2290811,21:44:00,21:44:10,stop_point:SP_97,Pader,25
2290811,21:45:00,21:45:10,stop_point:SP_1175,La Vache,26
2290812,21:47:00,21:47:10,stop_point:SP_5247,Fenouillet Ctre Cial - Entrée Nord,1
2290812,21:48:00,21:48:10,stop_point:SP_5168,Fenouillet Ctre Cial - Entrée Sud,2
2290812,21:49:00,21:49:10,stop_point:SP_243,St-Alban Salvador Allende,3
2290812,21:50:00,21:50:10,stop_point:SP_3753,Gafelaze,4
2290812,21:50:00,21:50:10,stop_point:SP_1547,Ecole St-Alban,5
2290812,21:51:00,21:51:10,stop_point:SP_3276,Mairie St-Alban,6
2290812,21:52:00,21:52:10,stop_point:SP_1989,Sables,7
2290812,21:52:00,21:52:10,stop_point:SP_1190,Egalité,8
2290812,21:53:00,21:53:10,stop_point:SP_219,St-Alban Ctre Cial,9
2290812,21:54:00,21:54:10,stop_point:SP_1370,Peyronnette,10
2290812,21:55:00,21:55:10,stop_point:SP_3053,Mariel,11
2290812,21:56:00,21:56:10,stop_point:SP_3516,Raudelauzette,12
2290812,21:56:00,21:56:10,stop_point:SP_1879,Aucamville Collège,13
2290812,21:57:00,21:57:10,stop_point:SP_175,Favasse,14
2290812,21:58:00,21:58:10,stop_point:SP_1760,Mairie Aucamville,15
2290812,21:59:00,21:59:10,stop_point:SP_2311,Eglise Aucamville,16
2290812,21:59:00,21:59:10,stop_point:SP_802,Salvy,17
2290812,22:00:00,22:00:10,stop_point:SP_2114,Gaussen,18
2290812,22:01:00,22:01:10,stop_point:SP_3810,Lapparou,19
2290812,22:02:00,22:02:10,stop_point:SP_507,Roubiéchou,20
2290812,22:03:00,22:03:10,stop_point:SP_3354,Lapin,21
2290812,22:04:00,22:04:10,stop_point:SP_2207,Riché Lalande,22
2290812,22:05:00,22:05:10,stop_point:SP_2270,Collège Rosa Parks,23
2290812,22:06:00,22:06:10,stop_point:SP_1526,Le Grand Marché - Pont de La Vache,24
2290812,22:07:00,22:07:10,stop_point:SP_97,Pader,25
2290812,22:08:00,22:08:10,stop_point:SP_1175,La Vache,26
2290813,22:10:00,22:10:10,stop_point:SP_5247,Fenouillet Ctre Cial - Entrée Nord,1
2290813,22:11:00,22:11:10,stop_point:SP_5168,Fenouillet Ctre Cial - Entrée Sud,2
2290813,22:12:00,22:12:10,stop_point:SP_243,St-Alban Salvador Allende,3
2290813,22:13:00,22:13:10,stop_point:SP_3753,Gafelaze,4
2290813,22:13:00,22:13:10,stop_point:SP_1547,Ecole St-Alban,5
2290813,22:14:00,22:14:10,stop_point:SP_3276,Mairie St-Alban,6
2290813,22:15:00,22:15:10,stop_point:SP_1989,Sables,7
2290813,22:15:00,22:15:10,stop_point:SP_1190,Egalité,8
2290813,22:16:00,22:16:10,stop_point:SP_219,St-Alban Ctre Cial,9
2290813,22:17:00,22:17:10,stop_point:SP_1370,Peyronnette,10
2290813,22:18:00,22:18:10,stop_point:SP_3053,Mariel,11
2290813,22:19:00,22:19:10,stop_point:SP_3516,Raudelauzette,12
2290813,22:19:00,22:19:10,stop_point:SP_1879,Aucamville Collège,13
2290813,22:20:00,22:20:10,stop_point:SP_175,Favasse,14
2290813,22:21:00,22:21:10,stop_point:SP_1760,Mairie Aucamville,15
2290813,22:22:00,22:22:10,stop_point:SP_2311,Eglise Aucamville,16
2290813,22:22:00,22:22:10,stop_point:SP_802,Salvy,17
2290813,22:23:00,22:23:10,stop_point:SP_2114,Gaussen,18
2290813,22:24:00,22:24:10,stop_point:SP_3810,Lapparou,19
2290813,22:25:00,22:25:10,stop_point:SP_507,Roubiéchou,20
2290813,22:26:00,22:26:10,stop_point:SP_3354,Lapin,21
2290813,22:27:00,22:27:10,stop_point:SP_2207,Riché Lalande,22
2290813,22:28:00,22:28:10,stop_point:SP_2270,Collège Rosa Parks,23
2290813,22:29:00,22:29:10,stop_point:SP_1526,Le Grand Marché - Pont de La Vache,24
2290813,22:30:00,22:30:10,stop_point:SP_97,Pader,25
2290813,22:31:00,22:31:10,stop_point:SP_1175,La Vache,26
2290814,22:40:00,22:40:10,stop_point:SP_5247,Fenouillet Ctre Cial - Entrée Nord,1
2290814,22:41:00,22:41:10,stop_point:SP_5168,Fenouillet Ctre Cial - Entrée Sud,2
2290814,22:42:00,22:42:10,stop_point:SP_243,St-Alban Salvador Allende,3
2290814,22:43:00,22:43:10,stop_point:SP_3753,Gafelaze,4
2290814,22:43:00,22:43:10,stop_point:SP_1547,Ecole St-Alban,5
2290814,22:44:00,22:44:10,stop_point:SP_3276,Mairie St-Alban,6
2290814,22:45:00,22:45:10,stop_point:SP_1989,Sables,7
2290814,22:45:00,22:45:10,stop_point:SP_1190,Egalité,8
2290814,22:46:00,22:46:10,stop_point:SP_219,St-Alban Ctre Cial,9
2290814,22:47:00,22:47:10,stop_point:SP_1370,Peyronnette,10
2290814,22:48:00,22:48:10,stop_point:SP_3053,Mariel,11
2290814,22:49:00,22:49:10,stop_point:SP_3516,Raudelauzette,12
2290814,22:49:00,22:49:10,stop_point:SP_1879,Aucamville Collège,13
2290814,22:50:00,22:50:10,stop_point:SP_175,Favasse,14
2290814,22:51:00,22:51:10,stop_point:SP_1760,Mairie Aucamville,15
2290814,22:52:00,22:52:10,stop_point:SP_2311,Eglise Aucamville,16
2290814,22:52:00,22:52:10,stop_point:SP_802,Salvy,17
2290814,22:53:00,22:53:10,stop_point:SP_2114,Gaussen,18
2290814,22:54:00,22:54:10,stop_point:SP_3810,Lapparou,19
2290814,22:55:00,22:55:10,stop_point:SP_507,Roubiéchou,20
2290814,22:56:00,22:56:10,stop_point:SP_3354,Lapin,21
2290814,22:57:00,22:57:10,stop_point:SP_2207,Riché Lalande,22
2290814,22:58:00,22:58:10,stop_point:SP_2270,Collège Rosa Parks,23
2290814,22:59:00,22:59:10,stop_point:SP_1526,Le Grand Marché - Pont de La Vache,24
2290814,23:00:00,23:00:10,stop_point:SP_97,Pader,25
2290814,23:01:00,23:01:10,stop_point:SP_1175,La Vache,26
2290815,23:15:00,23:15:10,stop_point:SP_5247,Fenouillet Ctre Cial - Entrée Nord,1
2290815,23:16:00,23:16:10,stop_point:SP_5168,Fenouillet Ctre Cial - Entrée Sud,2
2290815,23:17:00,23:17:10,stop_point:SP_243,St-Alban Salvador Allende,3
2290815,23:18:00,23:18:10,stop_point:SP_3753,Gafelaze,4
2290815,23:18:00,23:18:10,stop_point:SP_1547,Ecole St-Alban,5
2290815,23:19:00,23:19:10,stop_point:SP_3276,Mairie St-Alban,6
2290815,23:20:00,23:20:10,stop_point:SP_1989,Sables,7
2290815,23:20:00,23:20:10,stop_point:SP_1190,Egalité,8
2290815,23:21:00,23:21:10,stop_point:SP_219,St-Alban Ctre Cial,9
2290815,23:22:00,23:22:10,stop_point:SP_1370,Peyronnette,10
2290815,23:23:00,23:23:10,stop_point:SP_3053,Mariel,11
2290815,23:24:00,23:24:10,stop_point:SP_3516,Raudelauzette,12
2290815,23:24:00,23:24:10,stop_point:SP_1879,Aucamville Collège,13
2290815,23:25:00,23:25:10,stop_point:SP_175,Favasse,14
2290815,23:26:00,23:26:10,stop_point:SP_1760,Mairie Aucamville,15
2290815,23:27:00,23:27:10,stop_point:SP_2311,Eglise Aucamville,16
2290815,23:27:00,23:27:10,stop_point:SP_802,Salvy,17
2290815,23:28:00,23:28:10,stop_point:SP_2114,Gaussen,18
2290815,23:29:00,23:29:10,stop_point:SP_3810,Lapparou,19
2290815,23:30:00,23:30:10,stop_point:SP_507,Roubiéchou,20
2290815,23:31:00,23:31:10,stop_point:SP_3354,Lapin,21
2290815,23:32:00,23:32:10,stop_point:SP_2207,Riché Lalande,22
2290815,23:33:00,23:33:10,stop_point:SP_2270,Collège Rosa Parks,23
2290815,23:34:00,23:34:10,stop_point:SP_1526,Le Grand Marché - Pont de La Vache,24
2290815,23:35:00,23:35:10,stop_point:SP_97,Pader,25
2290815,23:36:00,23:36:10,stop_point:SP_1175,La Vache,26
2290816,23:50:00,23:50:10,stop_point:SP_5247,Fenouillet Ctre Cial - Entrée Nord,1
2290816,23:51:00,23:51:10,stop_point:SP_5168,Fenouillet Ctre Cial - Entrée Sud,2
2290816,23:52:00,23:52:10,stop_point:SP_243,St-Alban Salvador Allende,3
2290816,23:53:00,23:53:10,stop_point:SP_3753,Gafelaze,4
2290816,23:53:00,23:53:10,stop_point:SP_1547,Ecole St-Alban,5
2290816,23:54:00,23:54:10,stop_point:SP_3276,Mairie St-Alban,6
2290816,23:55:00,23:55:10,stop_point:SP_1989,Sables,7
2290816,23:55:00,23:55:10,stop_point:SP_1190,Egalité,8
2290816,23:56:00,23:56:10,stop_point:SP_219,St-Alban Ctre Cial,9
2290816,23:57:00,23:57:10,stop_point:SP_1370,Peyronnette,10
2290816,23:58:00,23:58:10,stop_point:SP_3053,Mariel,11
2290816,23:59:00,23:59:10,stop_point:SP_3516,Raudelauzette,12
2290816,23:59:00,23:59:10,stop_point:SP_1879,Aucamville Collège,13
2290816,24:00:00,24:00:10,stop_point:SP_175,Favasse,14
2290816,24:01:00,24:01:10,stop_point:SP_1760,Mairie Aucamville,15
2290816,24:02:00,24:02:10,stop_point:SP_2311,Eglise Aucamville,16
2290816,24:02:00,24:02:10,stop_point:SP_802,Salvy,17
2290816,24:03:00,24:03:10,stop_point:SP_2114,Gaussen,18
2290816,24:04:00,24:04:10,stop_point:SP_3810,Lapparou,19
2290816,24:04:00,24:04:10,stop_point:SP_507,Roubiéchou,20
2290816,24:05:00,24:05:10,stop_point:SP_3354,Lapin,21
2290816,24:06:00,24:06:10,stop_point:SP_2207,Riché Lalande,22
2290816,24:07:00,24:07:10,stop_point:SP_2270,Collège Rosa Parks,23
2290816,24:08:00,24:08:10,stop_point:SP_1526,Le Grand Marché - Pont de La Vache,24
2290816,24:08:00,24:08:10,stop_point:SP_97,Pader,25
2290816,24:09:00,24:09:10,stop_point:SP_1175,La Vache,26
2290817,24:25:00,24:25:10,stop_point:SP_5247,Fenouillet Ctre Cial - Entrée Nord,1
2290817,24:26:00,24:26:10,stop_point:SP_5168,Fenouillet Ctre Cial - Entrée Sud,2
2290817,24:27:00,24:27:10,stop_point:SP_243,St-Alban Salvador Allende,3
2290817,24:28:00,24:28:10,stop_point:SP_3753,Gafelaze,4
2290817,24:28:00,24:28:10,stop_point:SP_1547,Ecole St-Alban,5
2290817,24:29:00,24:29:10,stop_point:SP_3276,Mairie St-Alban,6
2290817,24:30:00,24:30:10,stop_point:SP_1989,Sables,7
2290817,24:30:00,24:30:10,stop_point:SP_1190,Egalité,8
2290817,24:31:00,24:31:10,stop_point:SP_219,St-Alban Ctre Cial,9
2290817,24:32:00,24:32:10,stop_point:SP_1370,Peyronnette,10
2290817,24:33:00,24:33:10,stop_point:SP_3053,Mariel,11
2290817,24:34:00,24:34:10,stop_point:SP_3516,Raudelauzette,12
2290817,24:34:00,24:34:10,stop_point:SP_1879,Aucamville Collège,13
2290817,24:35:00,24:35:10,stop_point:SP_175,Favasse,14
2290817,24:36:00,24:36:10,stop_point:SP_1760,Mairie Aucamville,15
2290817,24:37:00,24:37:10,stop_point:SP_2311,Eglise Aucamville,16
2290817,24:37:00,24:37:10,stop_point:SP_802,Salvy,17
2290817,24:38:00,24:38:10,stop_point:SP_2114,Gaussen,18
2290817,24:39:00,24:39:10,stop_point:SP_3810,Lapparou,19
2290817,24:39:00,24:39:10,stop_point:SP_507,Roubiéchou,20
2290817,24:40:00,24:40:10,stop_point:SP_3354,Lapin,21
2290817,24:41:00,24:41:10,stop_point:SP_2207,Riché Lalande,22
2290817,24:42:00,24:42:10,stop_point:SP_2270,Collège Rosa Parks,23
2290817,24:43:00,24:43:10,stop_point:SP_1526,Le Grand Marché - Pont de La Vache,24
2290817,24:43:00,24:43:10,stop_point:SP_97,Pader,25
2290817,24:44:00,24:44:10,stop_point:SP_1175,La Vache,26
2290818,25:00:00,25:00:10,stop_point:SP_5247,Fenouillet Ctre Cial - Entrée Nord,1
2290818,25:01:00,25:01:10,stop_point:SP_5168,Fenouillet Ctre Cial - Entrée Sud,2
2290818,25:02:00,25:02:10,stop_point:SP_243,St-Alban Salvador Allende,3
2290818,25:03:00,25:03:10,stop_point:SP_3753,Gafelaze,4
2290818,25:03:00,25:03:10,stop_point:SP_1547,Ecole St-Alban,5
2290818,25:04:00,25:04:10,stop_point:SP_3276,Mairie St-Alban,6
2290818,25:05:00,25:05:10,stop_point:SP_1989,Sables,7
2290818,25:05:00,25:05:10,stop_point:SP_1190,Egalité,8
2290818,25:06:00,25:06:10,stop_point:SP_219,St-Alban Ctre Cial,9
2290818,25:07:00,25:07:10,stop_point:SP_1370,Peyronnette,10
2290818,25:08:00,25:08:10,stop_point:SP_3053,Mariel,11
2290818,25:09:00,25:09:10,stop_point:SP_3516,Raudelauzette,12
2290818,25:09:00,25:09:10,stop_point:SP_1879,Aucamville Collège,13
2290818,25:10:00,25:10:10,stop_point:SP_175,Favasse,14
2290818,25:11:00,25:11:10,stop_point:SP_1760,Mairie Aucamville,15
2290818,25:12:00,25:12:10,stop_point:SP_2311,Eglise Aucamville,16
2290818,25:12:00,25:12:10,stop_point:SP_802,Salvy,17
2290818,25:13:00,25:13:10,stop_point:SP_2114,Gaussen,18
2290818,25:14:00,25:14:10,stop_point:SP_3810,Lapparou,19
2290818,25:14:00,25:14:10,stop_point:SP_507,Roubiéchou,20
2290818,25:15:00,25:15:10,stop_point:SP_3354,Lapin,21
2290818,25:16:00,25:16:10,stop_point:SP_2207,Riché Lalande,22
2290818,25:17:00,25:17:10,stop_point:SP_2270,Collège Rosa Parks,23
2290818,25:18:00,25:18:10,stop_point:SP_1526,Le Grand Marché - Pont de La Vache,24
2290818,25:18:00,25:18:10,stop_point:SP_97,Pader,25
2290818,25:19:00,25:19:10,stop_point:SP_1175,La Vache,26
2290819,06:48:00,06:48:10,stop_point:SP_3053,Mariel,1
2290819,06:49:00,06:49:10,stop_point:SP_3516,Raudelauzette,2
2290819,06:50:00,06:50:10,stop_point:SP_1879,Aucamville Collège,3
2290819,06:52:00,06:52:10,stop_point:SP_175,Favasse,4
2290819,06:53:00,06:53:10,stop_point:SP_1760,Mairie Aucamville,5
2290819,06:54:00,06:54:10,stop_point:SP_2311,Eglise Aucamville,6
2290819,06:55:00,06:55:10,stop_point:SP_802,Salvy,7
2290819,06:57:00,06:57:10,stop_point:SP_2114,Gaussen,8
2290819,06:58:00,06:58:10,stop_point:SP_3810,Lapparou,9
2290819,07:00:00,07:00:10,stop_point:SP_507,Roubiéchou,10
2290819,07:01:00,07:01:10,stop_point:SP_3354,Lapin,11
2290819,07:03:00,07:03:10,stop_point:SP_2207,Riché Lalande,12
2290819,07:04:00,07:04:10,stop_point:SP_2270,Collège Rosa Parks,13
2290819,07:06:00,07:06:10,stop_point:SP_1526,Le Grand Marché - Pont de La Vache,14
2290819,07:07:00,07:07:10,stop_point:SP_97,Pader,15
2290819,07:08:00,07:08:10,stop_point:SP_1175,La Vache,16
2290820,07:05:00,07:05:10,stop_point:SP_3053,Mariel,1
2290820,07:07:00,07:07:10,stop_point:SP_3516,Raudelauzette,2
2290820,07:08:00,07:08:10,stop_point:SP_1879,Aucamville Collège,3
2290820,07:10:00,07:10:10,stop_point:SP_175,Favasse,4
2290820,07:11:00,07:11:10,stop_point:SP_1760,Mairie Aucamville,5
2290820,07:12:00,07:12:10,stop_point:SP_2311,Eglise Aucamville,6
2290820,07:14:00,07:14:10,stop_point:SP_802,Salvy,7
2290820,07:15:00,07:15:10,stop_point:SP_2114,Gaussen,8
2290820,07:17:00,07:17:10,stop_point:SP_3810,Lapparou,9
2290820,07:19:00,07:19:10,stop_point:SP_507,Roubiéchou,10
2290820,07:21:00,07:21:10,stop_point:SP_3354,Lapin,11
2290820,07:23:00,07:23:10,stop_point:SP_2207,Riché Lalande,12
2290820,07:24:00,07:24:10,stop_point:SP_2270,Collège Rosa Parks,13
2290820,07:26:00,07:26:10,stop_point:SP_1526,Le Grand Marché - Pont de La Vache,14
2290820,07:27:00,07:27:10,stop_point:SP_97,Pader,15
2290820,07:29:00,07:29:10,stop_point:SP_1175,La Vache,16
2290821,07:55:00,07:55:10,stop_point:SP_3053,Mariel,1
2290821,07:57:00,07:57:10,stop_point:SP_3516,Raudelauzette,2
2290821,07:58:00,07:58:10,stop_point:SP_1879,Aucamville Collège,3
2290821,08:00:00,08:00:10,stop_point:SP_175,Favasse,4
2290821,08:01:00,08:01:10,stop_point:SP_1760,Mairie Aucamville,5
2290821,08:02:00,08:02:10,stop_point:SP_2311,Eglise Aucamville,6
2290821,08:04:00,08:04:10,stop_point:SP_802,Salvy,7
2290821,08:06:00,08:06:10,stop_point:SP_2114,Gaussen,8
2290821,08:08:00,08:08:10,stop_point:SP_3810,Lapparou,9
2290821,08:11:00,08:11:10,stop_point:SP_507,Roubiéchou,10
2290821,08:13:00,08:13:10,stop_point:SP_3354,Lapin,11
2290821,08:15:00,08:15:10,stop_point:SP_2207,Riché Lalande,12
2290821,08:16:00,08:16:10,stop_point:SP_2270,Collège Rosa Parks,13
2290821,08:18:00,08:18:10,stop_point:SP_1526,Le Grand Marché - Pont de La Vache,14
2290821,08:19:00,08:19:10,stop_point:SP_97,Pader,15
2290821,08:21:00,08:21:10,stop_point:SP_1175,La Vache,16
