trip_id,arrival_time,departure_time,stop_id,stop_name,stop_sequence
2344545,06:10:00,06:10:10,stop_point:SP_1336,Empalot,1
2344545,06:11:00,06:11:10,stop_point:SP_728,Lebas,2
2344545,06:12:00,06:12:10,stop_point:SP_1575,Charbonnière,3
2344545,06:13:00,06:13:10,stop_point:SP_3000,Herriot,4
2344545,06:13:00,06:13:10,stop_point:SP_2945,Palmiers,5
2344545,06:14:00,06:14:10,stop_point:SP_1654,Bon Voisin,6
2344545,06:15:00,06:15:10,stop_point:SP_1225,Coteaux,7
2344545,06:16:00,06:16:10,stop_point:SP_2734,Ponsan Bellevue,8
2344545,06:17:00,06:17:10,stop_point:SP_4746,Faculté de Médecine,9
2344545,06:17:00,06:17:10,stop_point:SP_1961,Ducuing Ponsan,10
2344545,06:18:00,06:18:10,stop_point:SP_2266,Ducuing,11
2344545,06:19:00,06:19:10,stop_point:SP_3266,Université Paul Sabatier,12
2344545,06:20:00,06:20:10,stop_point:SP_1424,Ducuing,13
2344545,06:20:00,06:20:10,stop_point:SP_290,Ducuing Ponsan,14
2344545,06:22:00,06:22:10,stop_point:SP_1088,Bourdette,15
2344545,06:23:00,06:23:10,stop_point:SP_3843,Hôpital Larrey,16
2344545,06:24:00,06:24:10,stop_point:SP_3448,Larrey,17
2344545,06:24:00,06:24:10,stop_point:SP_2619,Narrade,18
2344545,06:25:00,06:25:10,stop_point:SP_745,Pastel,19
2344545,06:25:00,06:25:10,stop_point:SP_1438,Eglise Pouvourville,20
2344545,06:26:00,06:26:10,stop_point:SP_1568,Pouvourville,21
2344545,06:27:00,06:27:10,stop_point:SP_1857,Estérel,22
2344545,06:27:00,06:27:10,stop_point:SP_2254,Aéropostale,23
2344545,06:28:00,06:28:10,stop_point:SP_955,Salas,24
2344545,06:28:00,06:28:10,stop_point:SP_132,Ecole Gleyze-Vieille,25
2344545,06:29:00,06:29:10,stop_point:SP_2030,Gleyze-Vieille,26
2344546,06:41:00,06:41:10,stop_point:SP_1336,Empalot,1
2344546,06:42:00,06:42:10,stop_point:SP_728,Lebas,2
2344546,06:43:00,06:43:10,stop_point:SP_1575,Charbonnière,3
2344546,06:44:00,06:44:10,stop_point:SP_3000,Herriot,4
2344546,06:44:00,06:44:10,stop_point:SP_2945,Palmiers,5
2344546,06:45:00,06:45:10,stop_point:SP_1654,Bon Voisin,6
2344546,06:46:00,06:46:10,stop_point:SP_1225,Coteaux,7
2344546,06:47:00,06:47:10,stop_point:SP_2734,Ponsan Bellevue,8
2344546,06:48:00,06:48:10,stop_point:SP_4746,Faculté de Médecine,9
2344546,06:48:00,06:48:10,stop_point:SP_1961,Ducuing Ponsan,10
2344546,06:49:00,06:49:10,stop_point:SP_2266,Ducuing,11
2344546,06:50:00,06:50:10,stop_point:SP_3266,Université Paul Sabatier,12
2344546,06:51:00,06:51:10,stop_point:SP_1424,Ducuing,13
2344546,06:51:00,06:51:10,stop_point:SP_290,Ducuing Ponsan,14
2344546,06:53:00,06:53:10,stop_point:SP_1088,Bourdette,15
2344546,06:54:00,06:54:10,stop_point:SP_3843,Hôpital Larrey,16
2344546,06:55:00,06:55:10,stop_point:SP_3448,Larrey,17
2344546,06:56:00,06:56:10,stop_point:SP_2619,Narrade,18
2344546,06:56:00,06:56:10,stop_point:SP_745,Pastel,19
2344546,06:57:00,06:57:10,stop_point:SP_1438,Eglise Pouvourville,20
2344546,06:58:00,06:58:10,stop_point:SP_1568,Pouvourville,21
2344546,06:59:00,06:59:10,stop_point:SP_1857,Estérel,22
2344546,06:59:00,06:59:10,stop_point:SP_2254,Aéropostale,23
2344546,07:00:00,07:00:10,stop_point:SP_955,Salas,24
2344546,07:00:00,07:00:10,stop_point:SP_132,Ecole Gleyze-Vieille,25
2344546,07:01:00,07:01:10,stop_point:SP_2030,Gleyze-Vieille,26
2344547,07:13:00,07:13:10,stop_point:SP_1336,Empalot,1
2344547,07:14:00,07:14:10,stop_point:SP_728,Lebas,2
2344547,07:15:00,07:15:10,stop_point:SP_1575,Charbonnière,3
2344547,07:16:00,07:16:10,stop_point:SP_3000,Herriot,4
2344547,07:16:00,07:16:10,stop_point:SP_2945,Palmiers,5
2344547,07:17:00,07:17:10,stop_point:SP_1654,Bon Voisin,6
2344547,07:18:00,07:18:10,stop_point:SP_1225,Coteaux,7
2344547,07:19:00,07:19:10,stop_point:SP_2734,Ponsan Bellevue,8
2344547,07:20:00,07:20:10,stop_point:SP_4746,Faculté de Médecine,9
2344547,07:20:00,07:20:10,stop_point:SP_1961,Ducuing Ponsan,10
2344547,07:21:00,07:21:10,stop_point:SP_2266,Ducuing,11
2344547,07:22:00,07:22:10,stop_point:SP_3266,Université Paul Sabatier,12
2344547,07:23:00,07:23:10,stop_point:SP_1424,Ducuing,13
2344547,07:23:00,07:23:10,stop_point:SP_290,Ducuing Ponsan,14
2344547,07:25:00,07:25:10,stop_point:SP_1088,Bourdette,15
2344547,07:26:00,07:26:10,stop_point:SP_3843,Hôpital Larrey,16
2344547,07:27:00,07:27:10,stop_point:SP_3448,Larrey,17
2344547,07:28:00,07:28:10,stop_point:SP_2619,Narrade,18
2344547,07:28:00,07:28:10,stop_point:SP_745,Pastel,19
2344547,07:29:00,07:29:10,stop_point:SP_1438,Eglise Pouvourville,20
2344547,07:30:00,07:30:10,stop_point:SP_1568,Pouvourville,21
2344547,07:31:00,07:31:10,stop_point:SP_1857,Estérel,22
2344547,07:31:00,07:31:10,stop_point:SP_2254,Aéropostale,23
2344547,07:32:00,07:32:10,stop_point:SP_955,Salas,24
2344547,07:32:00,07:32:10,stop_point:SP_132,Ecole Gleyze-Vieille,25
2344547,07:33:00,07:33:10,stop_point:SP_2030,Gleyze-Vieille,26
2344548,07:44:00,07:44:10,stop_point:SP_1336,Empalot,1
2344548,07:45:00,07:45:10,stop_point:SP_728,Lebas,2
2344548,07:46:00,07:46:10,stop_point:SP_1575,Charbonnière,3
2344548,07:47:00,07:47:10,stop_point:SP_3000,Herriot,4
2344548,07:47:00,07:47:10,stop_point:SP_2945,Palmiers,5
2344548,07:48:00,07:48:10,stop_point:SP_1654,Bon Voisin,6
2344548,07:49:00,07:49:10,stop_point:SP_1225,Coteaux,7
2344548,07:50:00,07:50:10,stop_point:SP_2734,Ponsan Bellevue,8
2344548,07:51:00,07:51:10,stop_point:SP_4746,Faculté de Médecine,9
2344548,07:51:00,07:51:10,stop_point:SP_1961,Ducuing Ponsan,10
2344548,07:52:00,07:52:10,stop_point:SP_2266,Ducuing,11
2344548,07:53:00,07:53:10,stop_point:SP_3266,Université Paul Sabatier,12
2344548,07:54:00,07:54:10,stop_point:SP_1424,Ducuing,13
2344548,07:55:00,07:55:10,stop_point:SP_290,Ducuing Ponsan,14
2344548,07:57:00,07:57:10,stop_point:SP_1088,Bourdette,15
2344548,07:58:00,07:58:10,stop_point:SP_3843,Hôpital Larrey,16
2344548,07:59:00,07:59:10,stop_point:SP_3448,Larrey,17
2344548,08:00:00,08:00:10,stop_point:SP_2619,Narrade,18
2344548,08:00:00,08:00:10,stop_point:SP_745,Pastel,19
2344548,08:01:00,08:01:10,stop_point:SP_1438,Eglise Pouvourville,20
2344548,08:02:00,08:02:10,stop_point:SP_1568,Pouvourville,21
2344548,08:03:00,08:03:10,stop_point:SP_1857,Estérel,22
2344548,08:03:00,08:03:10,stop_point:SP_2254,Aéropostale,23
2344548,08:04:00,08:04:10,stop_point:SP_955,Salas,24
2344548,08:04:00,08:04:10,stop_point:SP_132,Ecole Gleyze-Vieille,25
2344548,08:05:00,08:05:10,stop_point:SP_2030,Gleyze-Vieille,26
2344549,08:16:00,08:16:10,stop_point:SP_1336,Empalot,1
2344549,08:17:00,08:17:10,stop_point:SP_728,Lebas,2
2344549,08:18:00,08:18:10,stop_point:SP_1575,Charbonnière,3
2344549,08:19:00,08:19:10,stop_point:SP_3000,Herriot,4
2344549,08:19:00,08:19:10,stop_point:SP_2945,Palmiers,5
2344549,08:20:00,08:20:10,stop_point:SP_1654,Bon Voisin,6
2344549,08:21:00,08:21:10,stop_point:SP_1225,Coteaux,7
2344549,08:22:00,08:22:10,stop_point:SP_2734,Ponsan Bellevue,8
2344549,08:23:00,08:23:10,stop_point:SP_4746,Faculté de Médecine,9
2344549,08:23:00,08:23:10,stop_point:SP_1961,Ducuing Ponsan,10
2344549,08:24:00,08:24:10,stop_point:SP_2266,Ducuing,11
2344549,08:25:00,08:25:10,stop_point:SP_3266,Université Paul Sabatier,12
2344549,08:26:00,08:26:10,stop_point:SP_1424,Ducuing,13
2344549,08:27:00,08:27:10,stop_point:SP_290,Ducuing Ponsan,14
2344549,08:29:00,08:29:10,stop_point:SP_1088,Bourdette,15
2344549,08:30:00,08:30:10,stop_point:SP_3843,Hôpital Larrey,16
2344549,08:31:00,08:31:10,stop_point:SP_3448,Larrey,17
2344549,08:32:00,08:32:10,stop_point:SP_2619,Narrade,18
2344549,08:32:00,08:32:10,stop_point:SP_745,Pastel,19
2344549,08:33:00,08:33:10,stop_point:SP_1438,Eglise Pouvourville,20
2344549,08:34:00,08:34:10,stop_point:SP_1568,Pouvourville,21
2344549,08:35:00,08:35:10,stop_point:SP_1857,Estérel,22
2344549,08:35:00,08:35:10,stop_point:SP_2254,Aéropostale,23
2344549,08:36:00,08:36:10,stop_point:SP_955,Salas,24
2344549,08:36:00,08:36:10,stop_point:SP_132,Ecole Gleyze-Vieille,25
2344549,08:37:00,08:37:10,stop_point:SP_2030,Gleyze-Vieille,26
2344550,08:48:00,08:48:10,stop_point:SP_1336,Empalot,1
2344550,08:49:00,08:49:10,stop_point:SP_728,Lebas,2
2344550,08:50:00,08:50:10,stop_point:SP_1575,Charbonnière,3
2344550,08:51:00,08:51:10,stop_point:SP_3000,Herriot,4
2344550,08:52:00,08:52:10,stop_point:SP_2945,Palmiers,5
2344550,08:53:00,08:53:10,stop_point:SP_1654,Bon Voisin,6
2344550,08:54:00,08:54:10,stop_point:SP_1225,Coteaux,7
2344550,08:55:00,08:55:10,stop_point:SP_2734,Ponsan Bellevue,8
2344550,08:56:00,08:56:10,stop_point:SP_4746,Faculté de Médecine,9
2344550,08:56:00,08:56:10,stop_point:SP_1961,Ducuing Ponsan,10
2344550,08:57:00,08:57:10,stop_point:SP_2266,Ducuing,11
2344550,08:58:00,08:58:10,stop_point:SP_3266,Université Paul Sabatier,12
2344550,08:59:00,08:59:10,stop_point:SP_1424,Ducuing,13
2344550,09:00:00,09:00:10,stop_point:SP_290,Ducuing Ponsan,14
2344550,09:02:00,09:02:10,stop_point:SP_1088,Bourdette,15
2344550,09:03:00,09:03:10,stop_point:SP_3843,Hôpital Larrey,16
2344550,09:04:00,09:04:10,stop_point:SP_3448,Larrey,17
2344550,09:05:00,09:05:10,stop_point:SP_2619,Narrade,18
2344550,09:05:00,09:05:10,stop_point:SP_745,Pastel,19
2344550,09:06:00,09:06:10,stop_point:SP_1438,Eglise Pouvourville,20
2344550,09:07:00,09:07:10,stop_point:SP_1568,Pouvourville,21
2344550,09:08:00,09:08:10,stop_point:SP_1857,Estérel,22
2344550,09:08:00,09:08:10,stop_point:SP_2254,Aéropostale,23
2344550,09:09:00,09:09:10,stop_point:SP_955,Salas,24
2344550,09:09:00,09:09:10,stop_point:SP_132,Ecole Gleyze-Vieille,25
2344550,09:10:00,09:10:10,stop_point:SP_2030,Gleyze-Vieille,26
2344551,09:20:00,09:20:10,stop_point:SP_1336,Empalot,1
2344551,09:21:00,09:21:10,stop_point:SP_728,Lebas,2
2344551,09:22:00,09:22:10,stop_point:SP_1575,Charbonnière,3
2344551,09:23:00,09:23:10,stop_point:SP_3000,Herriot,4
2344551,09:24:00,09:24:10,stop_point:SP_2945,Palmiers,5
2344551,09:25:00,09:25:10,stop_point:SP_1654,Bon Voisin,6
2344551,09:26:00,09:26:10,stop_point:SP_1225,Coteaux,7
2344551,09:27:00,09:27:10,stop_point:SP_2734,Ponsan Bellevue,8
2344551,09:28:00,09:28:10,stop_point:SP_4746,Faculté de Médecine,9
2344551,09:29:00,09:29:10,stop_point:SP_1961,Ducuing Ponsan,10
2344551,09:30:00,09:30:10,stop_point:SP_2266,Ducuing,11
2344551,09:31:00,09:31:10,stop_point:SP_3266,Université Paul Sabatier,12
2344551,09:32:00,09:32:10,stop_point:SP_1424,Ducuing,13
2344551,09:33:00,09:33:10,stop_point:SP_290,Ducuing Ponsan,14
2344551,09:35:00,09:35:10,stop_point:SP_1088,Bourdette,15
2344551,09:36:00,09:36:10,stop_point:SP_3843,Hôpital Larrey,16
2344551,09:37:00,09:37:10,stop_point:SP_3448,Larrey,17
2344551,09:38:00,09:38:10,stop_point:SP_2619,Narrade,18
2344551,09:38:00,09:38:10,stop_point:SP_745,Pastel,19
2344551,09:39:00,09:39:10,stop_point:SP_1438,Eglise Pouvourville,20
2344551,09:40:00,09:40:10,stop_point:SP_1568,Pouvourville,21
2344551,09:41:00,09:41:10,stop_point:SP_1857,Estérel,22
2344551,09:41:00,09:41:10,stop_point:SP_2254,Aéropostale,23
2344551,09:42:00,09:42:10,stop_point:SP_955,Salas,24
2344551,09:42:00,09:42:10,stop_point:SP_132,Ecole Gleyze-Vieille,25
2344551,09:43:00,09:43:10,stop_point:SP_2030,Gleyze-Vieille,26
2344552,09:56:00,09:56:10,stop_point:SP_1336,Empalot,1
2344552,09:57:00,09:57:10,stop_point:SP_728,Lebas,2
2344552,09:58:00,09:58:10,stop_point:SP_1575,Charbonnière,3
2344552,09:59:00,09:59:10,stop_point:SP_3000,Herriot,4
2344552,10:00:00,10:00:10,stop_point:SP_2945,Palmiers,5
2344552,10:01:00,10:01:10,stop_point:SP_1654,Bon Voisin,6
2344552,10:02:00,10:02:10,stop_point:SP_1225,Coteaux,7
2344552,10:03:00,10:03:10,stop_point:SP_2734,Ponsan Bellevue,8
2344552,10:04:00,10:04:10,stop_point:SP_4746,Faculté de Médecine,9
2344552,10:05:00,10:05:10,stop_point:SP_1961,Ducuing Ponsan,10
2344552,10:06:00,10:06:10,stop_point:SP_2266,Ducuing,11
2344552,10:07:00,10:07:10,stop_point:SP_3266,Université Paul Sabatier,12
2344552,10:08:00,10:08:10,stop_point:SP_1424,Ducuing,13
2344552,10:09:00,10:09:10,stop_point:SP_290,Ducuing Ponsan,14
2344552,10:11:00,10:11:10,stop_point:SP_1088,Bourdette,15
2344552,10:12:00,10:12:10,stop_point:SP_3843,Hôpital Larrey,16
2344552,10:13:00,10:13:10,stop_point:SP_3448,Larrey,17
2344552,10:14:00,10:14:10,stop_point:SP_2619,Narrade,18
2344552,10:14:00,10:14:10,stop_point:SP_745,Pastel,19
2344552,10:15:00,10:15:10,stop_point:SP_1438,Eglise Pouvourville,20
2344552,10:16:00,10:16:10,stop_point:SP_1568,Pouvourville,21
2344552,10:17:00,10:17:10,stop_point:SP_1857,Estérel,22
2344552,10:17:00,10:17:10,stop_point:SP_2254,Aéropostale,23
2344552,10:18:00,10:18:10,stop_point:SP_955,Salas,24
2344552,10:18:00,10:18:10,stop_point:SP_132,Ecole Gleyze-Vieille,25
2344552,10:19:00,10:19:10,stop_point:SP_2030,Gleyze-Vieille,26
2344553,10:29:00,10:29:10,stop_point:SP_1336,Empalot,1
2344553,10:31:00,10:31:10,stop_point:SP_728,Lebas,2
2344553,10:31:00,10:31:10,stop_point:SP_1575,Charbonnière,3
2344553,10:33:00,10:33:10,stop_point:SP_3000,Herriot,4
2344553,10:34:00,10:34:10,stop_point:SP_2945,Palmiers,5
2344553,10:35:00,10:35:10,stop_point:SP_1654,Bon Voisin,6
2344553,10:36:00,10:36:10,stop_point:SP_1225,Coteaux,7
2344553,10:37:00,10:37:10,stop_point:SP_2734,Ponsan Bellevue,8
2344553,10:38:00,10:38:10,stop_point:SP_4746,Faculté de Médecine,9
2344553,10:39:00,10:39:10,stop_point:SP_1961,Ducuing Ponsan,10
2344553,10:40:00,10:40:10,stop_point:SP_2266,Ducuing,11
2344553,10:41:00,10:41:10,stop_point:SP_3266,Université Paul Sabatier,12
2344553,10:42:00,10:42:10,stop_point:SP_1424,Ducuing,13
2344553,10:43:00,10:43:10,stop_point:SP_290,Ducuing Ponsan,14
2344553,10:45:00,10:45:10,stop_point:SP_1088,Bourdette,15
2344553,10:46:00,10:46:10,stop_point:SP_3843,Hôpital Larrey,16
2344553,10:47:00,10:47:10,stop_point:SP_3448,Larrey,17
2344553,10:48:00,10:48:10,stop_point:SP_2619,Narrade,18
2344553,10:48:00,10:48:10,stop_point:SP_745,Pastel,19
2344553,10:49:00,10:49:10,stop_point:SP_1438,Eglise Pouvourville,20
2344553,10:50:00,10:50:10,stop_point:SP_1568,Pouvourville,21
2344553,10:51:00,10:51:10,stop_point:SP_1857,Estérel,22
2344553,10:51:00,10:51:10,stop_point:SP_2254,Aéropostale,23
2344553,10:52:00,10:52:10,stop_point:SP_955,Salas,24
2344553,10:52:00,10:52:10,stop_point:SP_132,Ecole Gleyze-Vieille,25
2344553,10:53:00,10:53:10,stop_point:SP_2030,Gleyze-Vieille,26
2344554,11:05:00,11:05:10,stop_point:SP_1336,Empalot,1
2344554,11:07:00,11:07:10,stop_point:SP_728,Lebas,2
2344554,11:07:00,11:07:10,stop_point:SP_1575,Charbonnière,3
2344554,11:09:00,11:09:10,stop_point:SP_3000,Herriot,4
2344554,11:10:00,11:10:10,stop_point:SP_2945,Palmiers,5
2344554,11:11:00,11:11:10,stop_point:SP_1654,Bon Voisin,6
2344554,11:12:00,11:12:10,stop_point:SP_1225,Coteaux,7
2344554,11:13:00,11:13:10,stop_point:SP_2734,Ponsan Bellevue,8
2344554,11:14:00,11:14:10,stop_point:SP_4746,Faculté de Médecine,9
2344554,11:15:00,11:15:10,stop_point:SP_1961,Ducuing Ponsan,10
2344554,11:16:00,11:16:10,stop_point:SP_2266,Ducuing,11
2344554,11:17:00,11:17:10,stop_point:SP_3266,Université Paul Sabatier,12
2344554,11:18:00,11:18:10,stop_point:SP_1424,Ducuing,13
2344554,11:19:00,11:19:10,stop_point:SP_290,Ducuing Ponsan,14
2344554,11:21:00,11:21:10,stop_point:SP_1088,Bourdette,15
2344554,11:22:00,11:22:10,stop_point:SP_3843,Hôpital Larrey,16
2344554,11:23:00,11:23:10,stop_point:SP_3448,Larrey,17
2344554,11:24:00,11:24:10,stop_point:SP_2619,Narrade,18
2344554,11:24:00,11:24:10,stop_point:SP_745,Pastel,19
2344554,11:25:00,11:25:10,stop_point:SP_1438,Eglise Pouvourville,20
2344554,11:26:00,11:26:10,stop_point:SP_1568,Pouvourville,21
2344554,11:27:00,11:27:10,stop_point:SP_1857,Estérel,22
2344554,11:27:00,11:27:10,stop_point:SP_2254,Aéropostale,23
2344554,11:28:00,11:28:10,stop_point:SP_955,Salas,24
2344554,11:28:00,11:28:10,stop_point:SP_132,Ecole Gleyze-Vieille,25
2344554,11:29:00,11:29:10,stop_point:SP_2030,Gleyze-Vieille,26
2344555,11:39:00,11:39:10,stop_point:SP_1336,Empalot,1
2344555,11:41:00,11:41:10,stop_point:SP_728,Lebas,2
2344555,11:41:00,11:41:10,stop_point:SP_1575,Charbonnière,3
2344555,11:43:00,11:43:10,stop_point:SP_3000,Herriot,4
2344555,11:44:00,11:44:10,stop_point:SP_2945,Palmiers,5
2344555,11:45:00,11:45:10,stop_point:SP_1654,Bon Voisin,6
2344555,11:46:00,11:46:10,stop_point:SP_1225,Coteaux,7
2344555,11:47:00,11:47:10,stop_point:SP_2734,Ponsan Bellevue,8
2344555,11:48:00,11:48:10,stop_point:SP_4746,Faculté de Médecine,9
2344555,11:49:00,11:49:10,stop_point:SP_1961,Ducuing Ponsan,10
2344555,11:50:00,11:50:10,stop_point:SP_2266,Ducuing,11
2344555,11:51:00,11:51:10,stop_point:SP_3266,Université Paul Sabatier,12
2344555,11:52:00,11:52:10,stop_point:SP_1424,Ducuing,13
2344555,11:53:00,11:53:10,stop_point:SP_290,Ducuing Ponsan,14
2344555,11:55:00,11:55:10,stop_point:SP_1088,Bourdette,15
2344555,11:56:00,11:56:10,stop_point:SP_3843,Hôpital Larrey,16
2344555,11:57:00,11:57:10,stop_point:SP_3448,Larrey,17
2344555,11:58:00,11:58:10,stop_point:SP_2619,Narrade,18
2344555,11:58:00,11:58:10,stop_point:SP_745,Pastel,19
2344555,11:59:00,11:59:10,stop_point:SP_1438,Eglise Pouvourville,20
2344555,12:00:00,12:00:10,stop_point:SP_1568,Pouvourville,21
2344555,12:01:00,12:01:10,stop_point:SP_1857,Estérel,22
2344555,12:01:00,12:01:10,stop_point:SP_2254,Aéropostale,23
2344555,12:02:00,12:02:10,stop_point:SP_955,Salas,24
2344555,12:02:00,12:02:10,stop_point:SP_132,Ecole Gleyze-Vieille,25
2344555,12:03:00,12:03:10,stop_point:SP_2030,Gleyze-Vieille,26
2344556,12:05:00,12:05:10,stop_point:SP_1336,Empalot,1
2344556,12:07:00,12:07:10,stop_point:SP_728,Lebas,2
2344556,12:07:00,12:07:10,stop_point:SP_1575,Charbonnière,3
2344556,12:09:00,12:09:10,stop_point:SP_3000,Herriot,4
2344556,12:10:00,12:10:10,stop_point:SP_2945,Palmiers,5
2344556,12:11:00,12:11:10,stop_point:SP_1654,Bon Voisin,6
2344556,12:12:00,12:12:10,stop_point:SP_1225,Coteaux,7
2344556,12:13:00,12:13:10,stop_point:SP_2734,Ponsan Bellevue,8
2344556,12:14:00,12:14:10,stop_point:SP_4746,Faculté de Médecine,9
2344556,12:15:00,12:15:10,stop_point:SP_1961,Ducuing Ponsan,10
2344556,12:16:00,12:16:10,stop_point:SP_2266,Ducuing,11
2344556,12:17:00,12:17:10,stop_point:SP_3266,Université Paul Sabatier,12
2344556,12:18:00,12:18:10,stop_point:SP_1424,Ducuing,13
2344556,12:19:00,12:19:10,stop_point:SP_290,Ducuing Ponsan,14
2344556,12:21:00,12:21:10,stop_point:SP_1088,Bourdette,15
2344556,12:22:00,12:22:10,stop_point:SP_3843,Hôpital Larrey,16
2344556,12:23:00,12:23:10,stop_point:SP_3448,Larrey,17
2344556,12:24:00,12:24:10,stop_point:SP_2619,Narrade,18
2344556,12:24:00,12:24:10,stop_point:SP_745,Pastel,19
2344556,12:25:00,12:25:10,stop_point:SP_1438,Eglise Pouvourville,20
2344556,12:26:00,12:26:10,stop_point:SP_1568,Pouvourville,21
2344556,12:27:00,12:27:10,stop_point:SP_1857,Estérel,22
2344556,12:27:00,12:27:10,stop_point:SP_2254,Aéropostale,23
2344556,12:28:00,12:28:10,stop_point:SP_955,Salas,24
2344556,12:28:00,12:28:10,stop_point:SP_132,Ecole Gleyze-Vieille,25
2344556,12:29:00,12:29:10,stop_point:SP_2030,Gleyze-Vieille,26
2344557,12:38:00,12:38:10,stop_point:SP_1336,Empalot,1
2344557,12:40:00,12:40:10,stop_point:SP_728,Lebas,2
2344557,12:40:00,12:40:10,stop_point:SP_1575,Charbonnière,3
2344557,12:42:00,12:42:10,stop_point:SP_3000,Herriot,4
2344557,12:43:00,12:43:10,stop_point:SP_2945,Palmiers,5
2344557,12:44:00,12:44:10,stop_point:SP_1654,Bon Voisin,6
2344557,12:45:00,12:45:10,stop_point:SP_1225,Coteaux,7
2344557,12:46:00,12:46:10,stop_point:SP_2734,Ponsan Bellevue,8
2344557,12:47:00,12:47:10,stop_point:SP_4746,Faculté de Médecine,9
2344557,12:48:00,12:48:10,stop_point:SP_1961,Ducuing Ponsan,10
2344557,12:49:00,12:49:10,stop_point:SP_2266,Ducuing,11
2344557,12:50:00,12:50:10,stop_point:SP_3266,Université Paul Sabatier,12
2344557,12:51:00,12:51:10,stop_point:SP_1424,Ducuing,13
2344557,12:52:00,12:52:10,stop_point:SP_290,Ducuing Ponsan,14
2344557,12:54:00,12:54:10,stop_point:SP_1088,Bourdette,15
2344557,12:55:00,12:55:10,stop_point:SP_3843,Hôpital Larrey,16
2344557,12:56:00,12:56:10,stop_point:SP_3448,Larrey,17
2344557,12:57:00,12:57:10,stop_point:SP_2619,Narrade,18
2344557,12:57:00,12:57:10,stop_point:SP_745,Pastel,19
2344557,12:58:00,12:58:10,stop_point:SP_1438,Eglise Pouvourville,20
2344557,12:59:00,12:59:10,stop_point:SP_1568,Pouvourville,21
2344557,13:00:00,13:00:10,stop_point:SP_1857,Estérel,22
2344557,13:00:00,13:00:10,stop_point:SP_2254,Aéropostale,23
2344557,13:01:00,13:01:10,stop_point:SP_955,Salas,24
2344557,13:01:00,13:01:10,stop_point:SP_132,Ecole Gleyze-Vieille,25
2344557,13:02:00,13:02:10,stop_point:SP_2030,Gleyze-Vieille,26
2344558,13:01:00,13:01:10,stop_point:SP_1336,Empalot,1
2344558,13:02:00,13:02:10,stop_point:SP_728,Lebas,2
2344558,13:03:00,13:03:10,stop_point:SP_1575,Charbonnière,3
2344558,13:04:00,13:04:10,stop_point:SP_3000,Herriot,4
2344558,13:05:00,13:05:10,stop_point:SP_2945,Palmiers,5
2344558,13:06:00,13:06:10,stop_point:SP_1654,Bon Voisin,6
2344558,13:07:00,13:07:10,stop_point:SP_1225,Coteaux,7
2344558,13:08:00,13:08:10,stop_point:SP_2734,Ponsan Bellevue,8
2344558,13:09:00,13:09:10,stop_point:SP_4746,Faculté de Médecine,9
2344558,13:10:00,13:10:10,stop_point:SP_1961,Ducuing Ponsan,10
2344558,13:11:00,13:11:10,stop_point:SP_2266,Ducuing,11
2344558,13:12:00,13:12:10,stop_point:SP_3266,Université Paul Sabatier,12
2344558,13:13:00,13:13:10,stop_point:SP_1424,Ducuing,13
2344558,13:14:00,13:14:10,stop_point:SP_290,Ducuing Ponsan,14
2344558,13:16:00,13:16:10,stop_point:SP_1088,Bourdette,15
2344558,13:17:00,13:17:10,stop_point:SP_3843,Hôpital Larrey,16
2344558,13:18:00,13:18:10,stop_point:SP_3448,Larrey,17
2344558,13:19:00,13:19:10,stop_point:SP_2619,Narrade,18
2344558,13:19:00,13:19:10,stop_point:SP_745,Pastel,19
2344558,13:20:00,13:20:10,stop_point:SP_1438,Eglise Pouvourville,20
2344558,13:21:00,13:21:10,stop_point:SP_1568,Pouvourville,21
2344558,13:22:00,13:22:10,stop_point:SP_1857,Estérel,22
2344558,13:22:00,13:22:10,stop_point:SP_2254,Aéropostale,23
2344558,13:23:00,13:23:10,stop_point:SP_955,Salas,24
2344558,13:23:00,13:23:10,stop_point:SP_132,Ecole Gleyze-Vieille,25
2344558,13:24:00,13:24:10,stop_point:SP_2030,Gleyze-Vieille,26
2344559,13:24:00,13:24:10,stop_point:SP_1336,Empalot,1
2344559,13:25:00,13:25:10,stop_point:SP_728,Lebas,2
2344559,13:26:00,13:26:10,stop_point:SP_1575,Charbonnière,3
2344559,13:27:00,13:27:10,stop_point:SP_3000,Herriot,4
2344559,13:28:00,13:28:10,stop_point:SP_2945,Palmiers,5
2344559,13:29:00,13:29:10,stop_point:SP_1654,Bon Voisin,6
2344559,13:30:00,13:30:10,stop_point:SP_1225,Coteaux,7
2344559,13:31:00,13:31:10,stop_point:SP_2734,Ponsan Bellevue,8
2344559,13:32:00,13:32:10,stop_point:SP_4746,Faculté de Médecine,9
2344559,13:33:00,13:33:10,stop_point:SP_1961,Ducuing Ponsan,10
2344559,13:34:00,13:34:10,stop_point:SP_2266,Ducuing,11
2344559,13:35:00,13:35:10,stop_point:SP_3266,Université Paul Sabatier,12
2344559,13:36:00,13:36:10,stop_point:SP_1424,Ducuing,13
2344559,13:37:00,13:37:10,stop_point:SP_290,Ducuing Ponsan,14
2344559,13:39:00,13:39:10,stop_point:SP_1088,Bourdette,15
2344559,13:40:00,13:40:10,stop_point:SP_3843,Hôpital Larrey,16
2344559,13:41:00,13:41:10,stop_point:SP_3448,Larrey,17
2344559,13:42:00,13:42:10,stop_point:SP_2619,Narrade,18
2344559,13:42:00,13:42:10,stop_point:SP_745,Pastel,19
2344559,13:43:00,13:43:10,stop_point:SP_1438,Eglise Pouvourville,20
2344559,13:44:00,13:44:10,stop_point:SP_1568,Pouvourville,21
2344559,13:45:00,13:45:10,stop_point:SP_1857,Estérel,22
2344559,13:45:00,13:45:10,stop_point:SP_2254,Aéropostale,23
2344559,13:46:00,13:46:10,stop_point:SP_955,Salas,24
2344559,13:46:00,13:46:10,stop_point:SP_132,Ecole Gleyze-Vieille,25
2344559,13:47:00,13:47:10,stop_point:SP_2030,Gleyze-Vieille,26
2344560,13:47:00,13:47:10,stop_point:SP_1336,Empalot,1
2344560,13:48:00,13:48:10,stop_point:SP_728,Lebas,2
2344560,13:49:00,13:49:10,stop_point:SP_1575,Charbonnière,3
2344560,13:50:00,13:50:10,stop_point:SP_3000,Herriot,4
2344560,13:51:00,13:51:10,stop_point:SP_2945,Palmiers,5
2344560,13:52:00,13:52:10,stop_point:SP_1654,Bon Voisin,6
2344560,13:53:00,13:53:10,stop_point:SP_1225,Coteaux,7
2344560,13:54:00,13:54:10,stop_point:SP_2734,Ponsan Bellevue,8
2344560,13:55:00,13:55:10,stop_point:SP_4746,Faculté de Médecine,9
2344560,13:56:00,13:56:10,stop_point:SP_1961,Ducuing Ponsan,10
2344560,13:57:00,13:57:10,stop_point:SP_2266,Ducuing,11
2344560,13:58:00,13:58:10,stop_point:SP_3266,Université Paul Sabatier,12
2344560,13:59:00,13:59:10,stop_point:SP_1424,Ducuing,13
2344560,14:00:00,14:00:10,stop_point:SP_290,Ducuing Ponsan,14
2344560,14:02:00,14:02:10,stop_point:SP_1088,Bourdette,15
2344560,14:03:00,14:03:10,stop_point:SP_3843,Hôpital Larrey,16
2344560,14:04:00,14:04:10,stop_point:SP_3448,Larrey,17
2344560,14:05:00,14:05:10,stop_point:SP_2619,Narrade,18
2344560,14:05:00,14:05:10,stop_point:SP_745,Pastel,19
2344560,14:06:00,14:06:10,stop_point:SP_1438,Eglise Pouvourville,20
2344560,14:07:00,14:07:10,stop_point:SP_1568,Pouvourville,21
2344560,14:08:00,14:08:10,stop_point:SP_1857,Estérel,22
2344560,14:08:00,14:08:10,stop_point:SP_2254,Aéropostale,23
2344560,14:09:00,14:09:10,stop_point:SP_955,Salas,24
2344560,14:09:00,14:09:10,stop_point:SP_132,Ecole Gleyze-Vieille,25
2344560,14:10:00,14:10:10,stop_point:SP_2030,Gleyze-Vieille,26
2344561,14:10:00,14:10:10,stop_point:SP_1336,Empalot,1
2344561,14:11:00,14:11:10,stop_point:SP_728,Lebas,2
2344561,14:12:00,14:12:10,stop_point:SP_1575,Charbonnière,3
2344561,14:13:00,14:13:10,stop_point:SP_3000,Herriot,4
2344561,14:14:00,14:14:10,stop_point:SP_2945,Palmiers,5
2344561,14:15:00,14:15:10,stop_point:SP_1654,Bon Voisin,6
2344561,14:16:00,14:16:10,stop_point:SP_1225,Coteaux,7
2344561,14:17:00,14:17:10,stop_point:SP_2734,Ponsan Bellevue,8
2344561,14:18:00,14:18:10,stop_point:SP_4746,Faculté de Médecine,9
2344561,14:19:00,14:19:10,stop_point:SP_1961,Ducuing Ponsan,10
2344561,14:20:00,14:20:10,stop_point:SP_2266,Ducuing,11
2344561,14:21:00,14:21:10,stop_point:SP_3266,Université Paul Sabatier,12
2344561,14:22:00,14:22:10,stop_point:SP_1424,Ducuing,13
2344561,14:23:00,14:23:10,stop_point:SP_290,Ducuing Ponsan,14
2344561,14:25:00,14:25:10,stop_point:SP_1088,Bourdette,15
2344561,14:26:00,14:26:10,stop_point:SP_3843,Hôpital Larrey,16
2344561,14:27:00,14:27:10,stop_point:SP_3448,Larrey,17
2344561,14:28:00,14:28:10,stop_point:SP_2619,Narrade,18
2344561,14:28:00,14:28:10,stop_point:SP_745,Pastel,19
2344561,14:29:00,14:29:10,stop_point:SP_1438,Eglise Pouvourville,20
2344561,14:30:00,14:30:10,stop_point:SP_1568,Pouvourville,21
2344561,14:31:00,14:31:10,stop_point:SP_1857,Estérel,22
2344561,14:31:00,14:31:10,stop_point:SP_2254,Aéropostale,23
2344561,14:32:00,14:32:10,stop_point:SP_955,Salas,24
2344561,14:32:00,14:32:10,stop_point:SP_132,Ecole Gleyze-Vieille,25
2344561,14:33:00,14:33:10,stop_point:SP_2030,Gleyze-Vieille,26
2344562,14:33:00,14:33:10,stop_point:SP_1336,Empalot,1
2344562,14:34:00,14:34:10,stop_point:SP_728,Lebas,2
2344562,14:35:00,14:35:10,stop_point:SP_1575,Charbonnière,3
2344562,14:36:00,14:36:10,stop_point:SP_3000,Herriot,4
2344562,14:37:00,14:37:10,stop_point:SP_2945,Palmiers,5
2344562,14:38:00,14:38:10,stop_point:SP_1654,Bon Voisin,6
2344562,14:39:00,14:39:10,stop_point:SP_1225,Coteaux,7
2344562,14:40:00,14:40:10,stop_point:SP_2734,Ponsan Bellevue,8
2344562,14:41:00,14:41:10,stop_point:SP_4746,Faculté de Médecine,9
2344562,14:42:00,14:42:10,stop_point:SP_1961,Ducuing Ponsan,10
2344562,14:43:00,14:43:10,stop_point:SP_2266,Ducuing,11
2344562,14:44:00,14:44:10,stop_point:SP_3266,Université Paul Sabatier,12
2344562,14:45:00,14:45:10,stop_point:SP_1424,Ducuing,13
2344562,14:46:00,14:46:10,stop_point:SP_290,Ducuing Ponsan,14
2344562,14:48:00,14:48:10,stop_point:SP_1088,Bourdette,15
2344562,14:49:00,14:49:10,stop_point:SP_3843,Hôpital Larrey,16
2344562,14:50:00,14:50:10,stop_point:SP_3448,Larrey,17
2344562,14:51:00,14:51:10,stop_point:SP_2619,Narrade,18
2344562,14:51:00,14:51:10,stop_point:SP_745,Pastel,19
2344562,14:52:00,14:52:10,stop_point:SP_1438,Eglise Pouvourville,20
2344562,14:53:00,14:53:10,stop_point:SP_1568,Pouvourville,21
2344562,14:54:00,14:54:10,stop_point:SP_1857,Estérel,22
2344562,14:54:00,14:54:10,stop_point:SP_2254,Aéropostale,23
2344562,14:55:00,14:55:10,stop_point:SP_955,Salas,24
2344562,14:55:00,14:55:10,stop_point:SP_132,Ecole Gleyze-Vieille,25
2344562,14:56:00,14:56:10,stop_point:SP_2030,Gleyze-Vieille,26
2344563,14:56:00,14:56:10,stop_point:SP_1336,Empalot,1
2344563,14:57:00,14:57:10,stop_point:SP_728,Lebas,2
2344563,14:58:00,14:58:10,stop_point:SP_1575,Charbonnière,3
2344563,14:59:00,14:59:10,stop_point:SP_3000,Herriot,4
2344563,15:00:00,15:00:10,stop_point:SP_2945,Palmiers,5
2344563,15:01:00,15:01:10,stop_point:SP_1654,Bon Voisin,6
2344563,15:02:00,15:02:10,stop_point:SP_1225,Coteaux,7
2344563,15:03:00,15:03:10,stop_point:SP_2734,Ponsan Bellevue,8
2344563,15:04:00,15:04:10,stop_point:SP_4746,Faculté de Médecine,9
2344563,15:05:00,15:05:10,stop_point:SP_1961,Ducuing Ponsan,10
2344563,15:06:00,15:06:10,stop_point:SP_2266,Ducuing,11
2344563,15:07:00,15:07:10,stop_point:SP_3266,Université Paul Sabatier,12
2344563,15:08:00,15:08:10,stop_point:SP_1424,Ducuing,13
2344563,15:09:00,15:09:10,stop_point:SP_290,Ducuing Ponsan,14
2344563,15:11:00,15:11:10,stop_point:SP_1088,Bourdette,15
2344563,15:12:00,15:12:10,stop_point:SP_3843,Hôpital Larrey,16
2344563,15:13:00,15:13:10,stop_point:SP_3448,Larrey,17
2344563,15:14:00,15:14:10,stop_point:SP_2619,Narrade,18
2344563,15:14:00,15:14:10,stop_point:SP_745,Pastel,19
2344563,15:15:00,15:15:10,stop_point:SP_1438,Eglise Pouvourville,20
2344563,15:16:00,15:16:10,stop_point:SP_1568,Pouvourville,21
2344563,15:17:00,15:17:10,stop_point:SP_1857,Estérel,22
2344563,15:17:00,15:17:10,stop_point:SP_2254,Aéropostale,23
2344563,15:18:00,15:18:10,stop_point:SP_955,Salas,24
2344563,15:18:00,15:18:10,stop_point:SP_132,Ecole Gleyze-Vieille,25
2344563,15:19:00,15:19:10,stop_point:SP_2030,Gleyze-Vieille,26
2344564,15:19:00,15:19:10,stop_point:SP_1336,Empalot,1
2344564,15:20:00,15:20:10,stop_point:SP_728,Lebas,2
2344564,15:21:00,15:21:10,stop_point:SP_1575,Charbonnière,3
2344564,15:22:00,15:22:10,stop_point:SP_3000,Herriot,4
2344564,15:23:00,15:23:10,stop_point:SP_2945,Palmiers,5
2344564,15:24:00,15:24:10,stop_point:SP_1654,Bon Voisin,6
2344564,15:25:00,15:25:10,stop_point:SP_1225,Coteaux,7
2344564,15:26:00,15:26:10,stop_point:SP_2734,Ponsan Bellevue,8
2344564,15:27:00,15:27:10,stop_point:SP_4746,Faculté de Médecine,9
2344564,15:28:00,15:28:10,stop_point:SP_1961,Ducuing Ponsan,10
2344564,15:29:00,15:29:10,stop_point:SP_2266,Ducuing,11
2344564,15:30:00,15:30:10,stop_point:SP_3266,Université Paul Sabatier,12
2344564,15:31:00,15:31:10,stop_point:SP_1424,Ducuing,13
2344564,15:32:00,15:32:10,stop_point:SP_290,Ducuing Ponsan,14
2344564,15:34:00,15:34:10,stop_point:SP_1088,Bourdette,15
2344564,15:35:00,15:35:10,stop_point:SP_3843,Hôpital Larrey,16
2344564,15:36:00,15:36:10,stop_point:SP_3448,Larrey,17
2344564,15:37:00,15:37:10,stop_point:SP_2619,Narrade,18
2344564,15:37:00,15:37:10,stop_point:SP_745,Pastel,19
2344564,15:38:00,15:38:10,stop_point:SP_1438,Eglise Pouvourville,20
2344564,15:39:00,15:39:10,stop_point:SP_1568,Pouvourville,21
2344564,15:40:00,15:40:10,stop_point:SP_1857,Estérel,22
2344564,15:40:00,15:40:10,stop_point:SP_2254,Aéropostale,23
2344564,15:41:00,15:41:10,stop_point:SP_955,Salas,24
2344564,15:41:00,15:41:10,stop_point:SP_132,Ecole Gleyze-Vieille,25
2344564,15:42:00,15:42:10,stop_point:SP_2030,Gleyze-Vieille,26
2344565,15:42:00,15:42:10,stop_point:SP_1336,Empalot,1
2344565,15:44:00,15:44:10,stop_point:SP_728,Lebas,2
2344565,15:44:00,15:44:10,stop_point:SP_1575,Charbonnière,3
2344565,15:46:00,15:46:10,stop_point:SP_3000,Herriot,4
2344565,15:47:00,15:47:10,stop_point:SP_2945,Palmiers,5
2344565,15:48:00,15:48:10,stop_point:SP_1654,Bon Voisin,6
2344565,15:49:00,15:49:10,stop_point:SP_1225,Coteaux,7
2344565,15:50:00,15:50:10,stop_point:SP_2734,Ponsan Bellevue,8
2344565,15:51:00,15:51:10,stop_point:SP_4746,Faculté de Médecine,9
2344565,15:52:00,15:52:10,stop_point:SP_1961,Ducuing Ponsan,10
2344565,15:53:00,15:53:10,stop_point:SP_2266,Ducuing,11
2344565,15:54:00,15:54:10,stop_point:SP_3266,Université Paul Sabatier,12
2344565,15:55:00,15:55:10,stop_point:SP_1424,Ducuing,13
2344565,15:56:00,15:56:10,stop_point:SP_290,Ducuing Ponsan,14
2344565,15:58:00,15:58:10,stop_point:SP_1088,Bourdette,15
2344565,15:59:00,15:59:10,stop_point:SP_3843,Hôpital Larrey,16
2344565,16:00:00,16:00:10,stop_point:SP_3448,Larrey,17
2344565,16:01:00,16:01:10,stop_point:SP_2619,Narrade,18
2344565,16:01:00,16:01:10,stop_point:SP_745,Pastel,19
2344565,16:02:00,16:02:10,stop_point:SP_1438,Eglise Pouvourville,20
2344565,16:03:00,16:03:10,stop_point:SP_1568,Pouvourville,21
2344565,16:04:00,16:04:10,stop_point:SP_1857,Estérel,22
2344565,16:04:00,16:04:10,stop_point:SP_2254,Aéropostale,23
2344565,16:05:00,16:05:10,stop_point:SP_955,Salas,24
2344565,16:05:00,16:05:10,stop_point:SP_132,Ecole Gleyze-Vieille,25
2344565,16:06:00,16:06:10,stop_point:SP_2030,Gleyze-Vieille,26
2344566,16:05:00,16:05:10,stop_point:SP_1336,Empalot,1
2344566,16:07:00,16:07:10,stop_point:SP_728,Lebas,2
2344566,16:07:00,16:07:10,stop_point:SP_1575,Charbonnière,3
2344566,16:09:00,16:09:10,stop_point:SP_3000,Herriot,4
2344566,16:10:00,16:10:10,stop_point:SP_2945,Palmiers,5
2344566,16:11:00,16:11:10,stop_point:SP_1654,Bon Voisin,6
2344566,16:12:00,16:12:10,stop_point:SP_1225,Coteaux,7
2344566,16:13:00,16:13:10,stop_point:SP_2734,Ponsan Bellevue,8
2344566,16:14:00,16:14:10,stop_point:SP_4746,Faculté de Médecine,9
2344566,16:15:00,16:15:10,stop_point:SP_1961,Ducuing Ponsan,10
2344566,16:16:00,16:16:10,stop_point:SP_2266,Ducuing,11
2344566,16:17:00,16:17:10,stop_point:SP_3266,Université Paul Sabatier,12
2344566,16:18:00,16:18:10,stop_point:SP_1424,Ducuing,13
2344566,16:19:00,16:19:10,stop_point:SP_290,Ducuing Ponsan,14
2344566,16:21:00,16:21:10,stop_point:SP_1088,Bourdette,15
2344566,16:22:00,16:22:10,stop_point:SP_3843,Hôpital Larrey,16
2344566,16:23:00,16:23:10,stop_point:SP_3448,Larrey,17
2344566,16:24:00,16:24:10,stop_point:SP_2619,Narrade,18
2344566,16:24:00,16:24:10,stop_point:SP_745,Pastel,19
2344566,16:25:00,16:25:10,stop_point:SP_1438,Eglise Pouvourville,20
2344566,16:26:00,16:26:10,stop_point:SP_1568,Pouvourville,21
2344566,16:27:00,16:27:10,stop_point:SP_1857,Estérel,22
2344566,16:27:00,16:27:10,stop_point:SP_2254,Aéropostale,23
2344566,16:28:00,16:28:10,stop_point:SP_955,Salas,24
2344566,16:28:00,16:28:10,stop_point:SP_132,Ecole Gleyze-Vieille,25
2344566,16:29:00,16:29:10,stop_point:SP_2030,Gleyze-Vieille,26
2344567,16:28:00,16:28:10,stop_point:SP_1336,Empalot,1
2344567,16:30:00,16:30:10,stop_point:SP_728,Lebas,2
2344567,16:30:00,16:30:10,stop_point:SP_1575,Charbonnière,3
2344567,16:32:00,16:32:10,stop_point:SP_3000,Herriot,4
2344567,16:33:00,16:33:10,stop_point:SP_2945,Palmiers,5
2344567,16:34:00,16:34:10,stop_point:SP_1654,Bon Voisin,6
2344567,16:35:00,16:35:10,stop_point:SP_1225,Coteaux,7
2344567,16:36:00,16:36:10,stop_point:SP_2734,Ponsan Bellevue,8
2344567,16:37:00,16:37:10,stop_point:SP_4746,Faculté de Médecine,9
2344567,16:38:00,16:38:10,stop_point:SP_1961,Ducuing Ponsan,10
2344567,16:39:00,16:39:10,stop_point:SP_2266,Ducuing,11
2344567,16:40:00,16:40:10,stop_point:SP_3266,Université Paul Sabatier,12
2344567,16:41:00,16:41:10,stop_point:SP_1424,Ducuing,13
2344567,16:42:00,16:42:10,stop_point:SP_290,Ducuing Ponsan,14
2344567,16:44:00,16:44:10,stop_point:SP_1088,Bourdette,15
2344567,16:45:00,16:45:10,stop_point:SP_3843,Hôpital Larrey,16
2344567,16:46:00,16:46:10,stop_point:SP_3448,Larrey,17
2344567,16:47:00,16:47:10,stop_point:SP_2619,Narrade,18
2344567,16:47:00,16:47:10,stop_point:SP_745,Pastel,19
2344567,16:48:00,16:48:10,stop_point:SP_1438,Eglise Pouvourville,20
2344567,16:49:00,16:49:10,stop_point:SP_1568,Pouvourville,21
2344567,16:50:00,16:50:10,stop_point:SP_1857,Estérel,22
2344567,16:50:00,16:50:10,stop_point:SP_2254,Aéropostale,23
2344567,16:51:00,16:51:10,stop_point:SP_955,Salas,24
2344567,16:51:00,16:51:10,stop_point:SP_132,Ecole Gleyze-Vieille,25
2344567,16:52:00,16:52:10,stop_point:SP_2030,Gleyze-Vieille,26
2344568,16:51:00,16:51:10,stop_point:SP_1336,Empalot,1
2344568,16:53:00,16:53:10,stop_point:SP_728,Lebas,2
2344568,16:53:00,16:53:10,stop_point:SP_1575,Charbonnière,3
2344568,16:55:00,16:55:10,stop_point:SP_3000,Herriot,4
2344568,16:56:00,16:56:10,stop_point:SP_2945,Palmiers,5
2344568,16:57:00,16:57:10,stop_point:SP_1654,Bon Voisin,6
2344568,16:58:00,16:58:10,stop_point:SP_1225,Coteaux,7
2344568,16:59:00,16:59:10,stop_point:SP_2734,Ponsan Bellevue,8
2344568,17:00:00,17:00:10,stop_point:SP_4746,Faculté de Médecine,9
2344568,17:01:00,17:01:10,stop_point:SP_1961,Ducuing Ponsan,10
2344568,17:02:00,17:02:10,stop_point:SP_2266,Ducuing,11
2344568,17:03:00,17:03:10,stop_point:SP_3266,Université Paul Sabatier,12
2344568,17:04:00,17:04:10,stop_point:SP_1424,Ducuing,13
2344568,17:05:00,17:05:10,stop_point:SP_290,Ducuing Ponsan,14
2344568,17:07:00,17:07:10,stop_point:SP_1088,Bourdette,15
2344568,17:08:00,17:08:10,stop_point:SP_3843,Hôpital Larrey,16
2344568,17:09:00,17:09:10,stop_point:SP_3448,Larrey,17
2344568,17:10:00,17:10:10,stop_point:SP_2619,Narrade,18
2344568,17:10:00,17:10:10,stop_point:SP_745,Pastel,19
2344568,17:11:00,17:11:10,stop_point:SP_1438,Eglise Pouvourville,20
2344568,17:12:00,17:12:10,stop_point:SP_1568,Pouvourville,21
2344568,17:13:00,17:13:10,stop_point:SP_1857,Estérel,22
2344568,17:13:00,17:13:10,stop_point:SP_2254,Aéropostale,23
2344568,17:14:00,17:14:10,stop_point:SP_955,Salas,24
2344568,17:14:00,17:14:10,stop_point:SP_132,Ecole Gleyze-Vieille,25
2344568,17:15:00,17:15:10,stop_point:SP_2030,Gleyze-Vieille,26
2344569,17:14:00,17:14:10,stop_point:SP_1336,Empalot,1
2344569,17:16:00,17:16:10,stop_point:SP_728,Lebas,2
2344569,17:16:00,17:16:10,stop_point:SP_1575,Charbonnière,3
2344569,17:18:00,17:18:10,stop_point:SP_3000,Herriot,4
2344569,17:19:00,17:19:10,stop_point:SP_2945,Palmiers,5
2344569,17:20:00,17:20:10,stop_point:SP_1654,Bon Voisin,6
2344569,17:21:00,17:21:10,stop_point:SP_1225,Coteaux,7
2344569,17:22:00,17:22:10,stop_point:SP_2734,Ponsan Bellevue,8
2344569,17:23:00,17:23:10,stop_point:SP_4746,Faculté de Médecine,9
2344569,17:24:00,17:24:10,stop_point:SP_1961,Ducuing Ponsan,10
2344569,17:25:00,17:25:10,stop_point:SP_2266,Ducuing,11
2344569,17:26:00,17:26:10,stop_point:SP_3266,Université Paul Sabatier,12
2344569,17:27:00,17:27:10,stop_point:SP_1424,Ducuing,13
2344569,17:28:00,17:28:10,stop_point:SP_290,Ducuing Ponsan,14
2344569,17:30:00,17:30:10,stop_point:SP_1088,Bourdette,15
2344569,17:31:00,17:31:10,stop_point:SP_3843,Hôpital Larrey,16
2344569,17:32:00,17:32:10,stop_point:SP_3448,Larrey,17
2344569,17:33:00,17:33:10,stop_point:SP_2619,Narrade,18
2344569,17:33:00,17:33:10,stop_point:SP_745,Pastel,19
2344569,17:34:00,17:34:10,stop_point:SP_1438,Eglise Pouvourville,20
2344569,17:35:00,17:35:10,stop_point:SP_1568,Pouvourville,21
2344569,17:36:00,17:36:10,stop_point:SP_1857,Estérel,22
2344569,17:36:00,17:36:10,stop_point:SP_2254,Aéropostale,23
2344569,17:37:00,17:37:10,stop_point:SP_955,Salas,24
2344569,17:37:00,17:37:10,stop_point:SP_132,Ecole Gleyze-Vieille,25
2344569,17:38:00,17:38:10,stop_point:SP_2030,Gleyze-Vieille,26
2344570,17:37:00,17:37:10,stop_point:SP_1336,Empalot,1
2344570,17:39:00,17:39:10,stop_point:SP_728,Lebas,2
2344570,17:39:00,17:39:10,stop_point:SP_1575,Charbonnière,3
2344570,17:41:00,17:41:10,stop_point:SP_3000,Herriot,4
2344570,17:42:00,17:42:10,stop_point:SP_2945,Palmiers,5
2344570,17:43:00,17:43:10,stop_point:SP_1654,Bon Voisin,6
2344570,17:44:00,17:44:10,stop_point:SP_1225,Coteaux,7
2344570,17:45:00,17:45:10,stop_point:SP_2734,Ponsan Bellevue,8
2344570,17:46:00,17:46:10,stop_point:SP_4746,Faculté de Médecine,9
2344570,17:47:00,17:47:10,stop_point:SP_1961,Ducuing Ponsan,10
2344570,17:48:00,17:48:10,stop_point:SP_2266,Ducuing,11
2344570,17:49:00,17:49:10,stop_point:SP_3266,Université Paul Sabatier,12
2344570,17:50:00,17:50:10,stop_point:SP_1424,Ducuing,13
2344570,17:51:00,17:51:10,stop_point:SP_290,Ducuing Ponsan,14
2344570,17:53:00,17:53:10,stop_point:SP_1088,Bourdette,15
2344570,17:54:00,17:54:10,stop_point:SP_3843,Hôpital Larrey,16
2344570,17:55:00,17:55:10,stop_point:SP_3448,Larrey,17
2344570,17:56:00,17:56:10,stop_point:SP_2619,Narrade,18
2344570,17:56:00,17:56:10,stop_point:SP_745,Pastel,19
2344570,17:57:00,17:57:10,stop_point:SP_1438,Eglise Pouvourville,20
2344570,17:58:00,17:58:10,stop_point:SP_1568,Pouvourville,21
2344570,17:59:00,17:59:10,stop_point:SP_1857,Estérel,22
2344570,17:59:00,17:59:10,stop_point:SP_2254,Aéropostale,23
2344570,18:00:00,18:00:10,stop_point:SP_955,Salas,24
2344570,18:00:00,18:00:10,stop_point:SP_132,Ecole Gleyze-Vieille,25
2344570,18:01:00,18:01:10,stop_point:SP_2030,Gleyze-Vieille,26
2344571,18:00:00,18:00:10,stop_point:SP_1336,Empalot,1
2344571,18:02:00,18:02:10,stop_point:SP_728,Lebas,2
2344571,18:02:00,18:02:10,stop_point:SP_1575,Charbonnière,3
2344571,18:04:00,18:04:10,stop_point:SP_3000,Herriot,4
2344571,18:05:00,18:05:10,stop_point:SP_2945,Palmiers,5
2344571,18:06:00,18:06:10,stop_point:SP_1654,Bon Voisin,6
2344571,18:07:00,18:07:10,stop_point:SP_1225,Coteaux,7
2344571,18:08:00,18:08:10,stop_point:SP_2734,Ponsan Bellevue,8
2344571,18:09:00,18:09:10,stop_point:SP_4746,Faculté de Médecine,9
2344571,18:10:00,18:10:10,stop_point:SP_1961,Ducuing Ponsan,10
2344571,18:11:00,18:11:10,stop_point:SP_2266,Ducuing,11
2344571,18:12:00,18:12:10,stop_point:SP_3266,Université Paul Sabatier,12
2344571,18:13:00,18:13:10,stop_point:SP_1424,Ducuing,13
2344571,18:14:00,18:14:10,stop_point:SP_290,Ducuing Ponsan,14
2344571,18:16:00,18:16:10,stop_point:SP_1088,Bourdette,15
2344571,18:17:00,18:17:10,stop_point:SP_3843,Hôpital Larrey,16
2344571,18:18:00,18:18:10,stop_point:SP_3448,Larrey,17
2344571,18:19:00,18:19:10,stop_point:SP_2619,Narrade,18
2344571,18:19:00,18:19:10,stop_point:SP_745,Pastel,19
2344571,18:20:00,18:20:10,stop_point:SP_1438,Eglise Pouvourville,20
2344571,18:21:00,18:21:10,stop_point:SP_1568,Pouvourville,21
2344571,18:22:00,18:22:10,stop_point:SP_1857,Estérel,22
2344571,18:22:00,18:22:10,stop_point:SP_2254,Aéropostale,23
2344571,18:23:00,18:23:10,stop_point:SP_955,Salas,24
2344571,18:23:00,18:23:10,stop_point:SP_132,Ecole Gleyze-Vieille,25
2344571,18:24:00,18:24:10,stop_point:SP_2030,Gleyze-Vieille,26
2344572,18:23:00,18:23:10,stop_point:SP_1336,Empalot,1
2344572,18:25:00,18:25:10,stop_point:SP_728,Lebas,2
2344572,18:25:00,18:25:10,stop_point:SP_1575,Charbonnière,3
2344572,18:27:00,18:27:10,stop_point:SP_3000,Herriot,4
2344572,18:28:00,18:28:10,stop_point:SP_2945,Palmiers,5
2344572,18:29:00,18:29:10,stop_point:SP_1654,Bon Voisin,6
2344572,18:30:00,18:30:10,stop_point:SP_1225,Coteaux,7
2344572,18:31:00,18:31:10,stop_point:SP_2734,Ponsan Bellevue,8
2344572,18:32:00,18:32:10,stop_point:SP_4746,Faculté de Médecine,9
2344572,18:33:00,18:33:10,stop_point:SP_1961,Ducuing Ponsan,10
2344572,18:34:00,18:34:10,stop_point:SP_2266,Ducuing,11
2344572,18:35:00,18:35:10,stop_point:SP_3266,Université Paul Sabatier,12
2344572,18:36:00,18:36:10,stop_point:SP_1424,Ducuing,13
2344572,18:37:00,18:37:10,stop_point:SP_290,Ducuing Ponsan,14
2344572,18:39:00,18:39:10,stop_point:SP_1088,Bourdette,15
2344572,18:40:00,18:40:10,stop_point:SP_3843,Hôpital Larrey,16
2344572,18:41:00,18:41:10,stop_point:SP_3448,Larrey,17
2344572,18:42:00,18:42:10,stop_point:SP_2619,Narrade,18
2344572,18:42:00,18:42:10,stop_point:SP_745,Pastel,19
2344572,18:43:00,18:43:10,stop_point:SP_1438,Eglise Pouvourville,20
2344572,18:44:00,18:44:10,stop_point:SP_1568,Pouvourville,21
2344572,18:45:00,18:45:10,stop_point:SP_1857,Estérel,22
2344572,18:45:00,18:45:10,stop_point:SP_2254,Aéropostale,23
2344572,18:46:00,18:46:10,stop_point:SP_955,Salas,24
2344572,18:46:00,18:46:10,stop_point:SP_132,Ecole Gleyze-Vieille,25
2344572,18:47:00,18:47:10,stop_point:SP_2030,Gleyze-Vieille,26
2344573,18:48:00,18:48:10,stop_point:SP_1336,Empalot,1
2344573,18:50:00,18:50:10,stop_point:SP_728,Lebas,2
2344573,18:50:00,18:50:10,stop_point:SP_1575,Charbonnière,3
2344573,18:52:00,18:52:10,stop_point:SP_3000,Herriot,4
2344573,18:53:00,18:53:10,stop_point:SP_2945,Palmiers,5
2344573,18:54:00,18:54:10,stop_point:SP_1654,Bon Voisin,6
2344573,18:55:00,18:55:10,stop_point:SP_1225,Coteaux,7
2344573,18:56:00,18:56:10,stop_point:SP_2734,Ponsan Bellevue,8
2344573,18:57:00,18:57:10,stop_point:SP_4746,Faculté de Médecine,9
2344573,18:58:00,18:58:10,stop_point:SP_1961,Ducuing Ponsan,10
2344573,18:59:00,18:59:10,stop_point:SP_2266,Ducuing,11
2344573,19:00:00,19:00:10,stop_point:SP_3266,Université Paul Sabatier,12
2344573,19:01:00,19:01:10,stop_point:SP_1424,Ducuing,13
2344573,19:02:00,19:02:10,stop_point:SP_290,Ducuing Ponsan,14
2344573,19:04:00,19:04:10,stop_point:SP_1088,Bourdette,15
2344573,19:05:00,19:05:10,stop_point:SP_3843,Hôpital Larrey,16
2344573,19:06:00,19:06:10,stop_point:SP_3448,Larrey,17
2344573,19:07:00,19:07:10,stop_point:SP_2619,Narrade,18
2344573,19:07:00,19:07:10,stop_point:SP_745,Pastel,19
2344573,19:08:00,19:08:10,stop_point:SP_1438,Eglise Pouvourville,20
2344573,19:09:00,19:09:10,stop_point:SP_1568,Pouvourville,21
2344573,19:10:00,19:10:10,stop_point:SP_1857,Estérel,22
2344573,19:10:00,19:10:10,stop_point:SP_2254,Aéropostale,23
2344573,19:11:00,19:11:10,stop_point:SP_955,Salas,24
2344573,19:11:00,19:11:10,stop_point:SP_132,Ecole Gleyze-Vieille,25
2344573,19:12:00,19:12:10,stop_point:SP_2030,Gleyze-Vieille,26
2344574,19:17:00,19:17:10,stop_point:SP_1336,Empalot,1
2344574,19:19:00,19:19:10,stop_point:SP_728,Lebas,2
2344574,19:19:00,19:19:10,stop_point:SP_1575,Charbonnière,3
2344574,19:21:00,19:21:10,stop_point:SP_3000,Herriot,4
2344574,19:22:00,19:22:10,stop_point:SP_2945,Palmiers,5
2344574,19:23:00,19:23:10,stop_point:SP_1654,Bon Voisin,6
2344574,19:24:00,19:24:10,stop_point:SP_1225,Coteaux,7
2344574,19:25:00,19:25:10,stop_point:SP_2734,Ponsan Bellevue,8
2344574,19:26:00,19:26:10,stop_point:SP_4746,Faculté de Médecine,9
2344574,19:27:00,19:27:10,stop_point:SP_1961,Ducuing Ponsan,10
2344574,19:28:00,19:28:10,stop_point:SP_2266,Ducuing,11
2344574,19:29:00,19:29:10,stop_point:SP_3266,Université Paul Sabatier,12
2344574,19:30:00,19:30:10,stop_point:SP_1424,Ducuing,13
2344574,19:31:00,19:31:10,stop_point:SP_290,Ducuing Ponsan,14
2344574,19:33:00,19:33:10,stop_point:SP_1088,Bourdette,15
2344574,19:34:00,19:34:10,stop_point:SP_3843,Hôpital Larrey,16
2344574,19:35:00,19:35:10,stop_point:SP_3448,Larrey,17
2344574,19:36:00,19:36:10,stop_point:SP_2619,Narrade,18
2344574,19:36:00,19:36:10,stop_point:SP_745,Pastel,19
2344574,19:37:00,19:37:10,stop_point:SP_1438,Eglise Pouvourville,20
2344574,19:38:00,19:38:10,stop_point:SP_1568,Pouvourville,21
2344574,19:39:00,19:39:10,stop_point:SP_1857,Estérel,22
2344574,19:39:00,19:39:10,stop_point:SP_2254,Aéropostale,23
2344574,19:40:00,19:40:10,stop_point:SP_955,Salas,24
2344574,19:40:00,19:40:10,stop_point:SP_132,Ecole Gleyze-Vieille,25
2344574,19:41:00,19:41:10,stop_point:SP_2030,Gleyze-Vieille,26
2344575,19:53:00,19:53:10,stop_point:SP_1336,Empalot,1
2344575,19:55:00,19:55:10,stop_point:SP_728,Lebas,2
2344575,19:55:00,19:55:10,stop_point:SP_1575,Charbonnière,3
2344575,19:57:00,19:57:10,stop_point:SP_3000,Herriot,4
2344575,19:58:00,19:58:10,stop_point:SP_2945,Palmiers,5
2344575,19:59:00,19:59:10,stop_point:SP_1654,Bon Voisin,6
2344575,20:00:00,20:00:10,stop_point:SP_1225,Coteaux,7
2344575,20:01:00,20:01:10,stop_point:SP_2734,Ponsan Bellevue,8
2344575,20:02:00,20:02:10,stop_point:SP_4746,Faculté de Médecine,9
2344575,20:03:00,20:03:10,stop_point:SP_1961,Ducuing Ponsan,10
2344575,20:04:00,20:04:10,stop_point:SP_2266,Ducuing,11
2344575,20:05:00,20:05:10,stop_point:SP_3266,Université Paul Sabatier,12
2344575,20:06:00,20:06:10,stop_point:SP_1424,Ducuing,13
2344575,20:07:00,20:07:10,stop_point:SP_290,Ducuing Ponsan,14
2344575,20:09:00,20:09:10,stop_point:SP_1088,Bourdette,15
2344575,20:10:00,20:10:10,stop_point:SP_3843,Hôpital Larrey,16
2344575,20:11:00,20:11:10,stop_point:SP_3448,Larrey,17
2344575,20:12:00,20:12:10,stop_point:SP_2619,Narrade,18
2344575,20:12:00,20:12:10,stop_point:SP_745,Pastel,19
2344575,20:13:00,20:13:10,stop_point:SP_1438,Eglise Pouvourville,20
2344575,20:14:00,20:14:10,stop_point:SP_1568,Pouvourville,21
2344575,20:15:00,20:15:10,stop_point:SP_1857,Estérel,22
2344575,20:15:00,20:15:10,stop_point:SP_2254,Aéropostale,23
2344575,20:16:00,20:16:10,stop_point:SP_955,Salas,24
2344575,20:16:00,20:16:10,stop_point:SP_132,Ecole Gleyze-Vieille,25
2344575,20:17:00,20:17:10,stop_point:SP_2030,Gleyze-Vieille,26
2344576,20:25:00,20:25:10,stop_point:SP_1336,Empalot,1
2344576,20:26:00,20:26:10,stop_point:SP_728,Lebas,2
2344576,20:27:00,20:27:10,stop_point:SP_1575,Charbonnière,3
2344576,20:28:00,20:28:10,stop_point:SP_3000,Herriot,4
2344576,20:29:00,20:29:10,stop_point:SP_2945,Palmiers,5
2344576,20:30:00,20:30:10,stop_point:SP_1654,Bon Voisin,6
2344576,20:31:00,20:31:10,stop_point:SP_1225,Coteaux,7
2344576,20:32:00,20:32:10,stop_point:SP_2734,Ponsan Bellevue,8
2344576,20:33:00,20:33:10,stop_point:SP_4746,Faculté de Médecine,9
2344576,20:34:00,20:34:10,stop_point:SP_1961,Ducuing Ponsan,10
2344576,20:35:00,20:35:10,stop_point:SP_2266,Ducuing,11
2344576,20:36:00,20:36:10,stop_point:SP_3266,Université Paul Sabatier,12
2344576,20:37:00,20:37:10,stop_point:SP_1424,Ducuing,13
2344576,20:38:00,20:38:10,stop_point:SP_290,Ducuing Ponsan,14
2344576,20:40:00,20:40:10,stop_point:SP_1088,Bourdette,15
2344576,20:41:00,20:41:10,stop_point:SP_3843,Hôpital Larrey,16
2344576,20:42:00,20:42:10,stop_point:SP_3448,Larrey,17
2344576,20:43:00,20:43:10,stop_point:SP_2619,Narrade,18
2344576,20:43:00,20:43:10,stop_point:SP_745,Pastel,19
2344576,20:44:00,20:44:10,stop_point:SP_1438,Eglise Pouvourville,20
2344576,20:45:00,20:45:10,stop_point:SP_1568,Pouvourville,21
2344576,20:46:00,20:46:10,stop_point:SP_1857,Estérel,22
2344576,20:46:00,20:46:10,stop_point:SP_2254,Aéropostale,23
2344576,20:47:00,20:47:10,stop_point:SP_955,Salas,24
2344576,20:47:00,20:47:10,stop_point:SP_132,Ecole Gleyze-Vieille,25
2344576,20:48:00,20:48:10,stop_point:SP_2030,Gleyze-Vieille,26
2344577,21:00:00,21:00:10,stop_point:SP_1336,Empalot,1
2344577,21:01:00,21:01:10,stop_point:SP_728,Lebas,2
2344577,21:02:00,21:02:10,stop_point:SP_1575,Charbonnière,3
2344577,21:03:00,21:03:10,stop_point:SP_3000,Herriot,4
2344577,21:04:00,21:04:10,stop_point:SP_2945,Palmiers,5
2344577,21:05:00,21:05:10,stop_point:SP_1654,Bon Voisin,6
2344577,21:06:00,21:06:10,stop_point:SP_1225,Coteaux,7
2344577,21:07:00,21:07:10,stop_point:SP_2734,Ponsan Bellevue,8
2344577,21:08:00,21:08:10,stop_point:SP_4746,Faculté de Médecine,9
2344577,21:08:00,21:08:10,stop_point:SP_1961,Ducuing Ponsan,10
2344577,21:09:00,21:09:10,stop_point:SP_2266,Ducuing,11
2344577,21:10:00,21:10:10,stop_point:SP_3266,Université Paul Sabatier,12
2344577,21:11:00,21:11:10,stop_point:SP_1424,Ducuing,13
2344577,21:12:00,21:12:10,stop_point:SP_290,Ducuing Ponsan,14
2344577,21:14:00,21:14:10,stop_point:SP_1088,Bourdette,15
2344577,21:15:00,21:15:10,stop_point:SP_3843,Hôpital Larrey,16
2344577,21:16:00,21:16:10,stop_point:SP_3448,Larrey,17
2344577,21:17:00,21:17:10,stop_point:SP_2619,Narrade,18
2344577,21:17:00,21:17:10,stop_point:SP_745,Pastel,19
2344577,21:18:00,21:18:10,stop_point:SP_1438,Eglise Pouvourville,20
2344577,21:19:00,21:19:10,stop_point:SP_1568,Pouvourville,21
2344577,21:20:00,21:20:10,stop_point:SP_1857,Estérel,22
2344577,21:20:00,21:20:10,stop_point:SP_2254,Aéropostale,23
2344577,21:21:00,21:21:10,stop_point:SP_955,Salas,24
2344577,21:21:00,21:21:10,stop_point:SP_132,Ecole Gleyze-Vieille,25
2344577,21:22:00,21:22:10,stop_point:SP_2030,Gleyze-Vieille,26
2344578,06:10:00,06:10:10,stop_point:SP_2030,Gleyze-Vieille,1
2344578,06:11:00,06:11:10,stop_point:SP_2668,Ecole Gleyze-Vieille,2
2344578,06:11:00,06:11:10,stop_point:SP_1235,Salas,3
2344578,06:12:00,06:12:10,stop_point:SP_1459,Aéropostale,4
2344578,06:12:00,06:12:10,stop_point:SP_3888,Estérel,5
2344578,06:13:00,06:13:10,stop_point:SP_3638,Pouvourville,6
2344578,06:14:00,06:14:10,stop_point:SP_1218,Eglise Pouvourville,7
2344578,06:15:00,06:15:10,stop_point:SP_3410,Pastel,8
2344578,06:15:00,06:15:10,stop_point:SP_1203,Narrade,9
2344578,06:17:00,06:17:10,stop_point:SP_3843,Hôpital Larrey,10
2344578,06:18:00,06:18:10,stop_point:SP_1445,Larrey,11
2344578,06:18:00,06:18:10,stop_point:SP_3081,Bourdette,12
2344578,06:20:00,06:20:10,stop_point:SP_1961,Ducuing Ponsan,13
2344578,06:20:00,06:20:10,stop_point:SP_2266,Ducuing,14
2344578,06:21:00,06:21:10,stop_point:SP_3266,Université Paul Sabatier,15
2344578,06:22:00,06:22:10,stop_point:SP_1424,Ducuing,16
2344578,06:23:00,06:23:10,stop_point:SP_290,Ducuing Ponsan,17
2344578,06:23:00,06:23:10,stop_point:SP_4747,Faculté de Médecine,18
2344578,06:24:00,06:24:10,stop_point:SP_1913,Ponsan Bellevue,19
2344578,06:25:00,06:25:10,stop_point:SP_1021,Coteaux,20
2344578,06:26:00,06:26:10,stop_point:SP_709,Bon Voisin,21
2344578,06:27:00,06:27:10,stop_point:SP_2731,Palmiers,22
2344578,06:28:00,06:28:10,stop_point:SP_3327,Herriot,23
2344578,06:29:00,06:29:10,stop_point:SP_1529,Charbonnière,24
2344578,06:30:00,06:30:10,stop_point:SP_1321,Lebas,25
2344578,06:31:00,06:31:10,stop_point:SP_1336,Empalot,26
2344579,06:35:00,06:35:10,stop_point:SP_2030,Gleyze-Vieille,1
2344579,06:36:00,06:36:10,stop_point:SP_2668,Ecole Gleyze-Vieille,2
2344579,06:36:00,06:36:10,stop_point:SP_1235,Salas,3
2344579,06:37:00,06:37:10,stop_point:SP_1459,Aéropostale,4
2344579,06:37:00,06:37:10,stop_point:SP_3888,Estérel,5
2344579,06:38:00,06:38:10,stop_point:SP_3638,Pouvourville,6
2344579,06:39:00,06:39:10,stop_point:SP_1218,Eglise Pouvourville,7
2344579,06:40:00,06:40:10,stop_point:SP_3410,Pastel,8
2344579,06:40:00,06:40:10,stop_point:SP_1203,Narrade,9
2344579,06:42:00,06:42:10,stop_point:SP_3843,Hôpital Larrey,10
2344579,06:43:00,06:43:10,stop_point:SP_1445,Larrey,11
2344579,06:43:00,06:43:10,stop_point:SP_3081,Bourdette,12
2344579,06:45:00,06:45:10,stop_point:SP_1961,Ducuing Ponsan,13
2344579,06:45:00,06:45:10,stop_point:SP_2266,Ducuing,14
2344579,06:46:00,06:46:10,stop_point:SP_3266,Université Paul Sabatier,15
2344579,06:47:00,06:47:10,stop_point:SP_1424,Ducuing,16
2344579,06:48:00,06:48:10,stop_point:SP_290,Ducuing Ponsan,17
2344579,06:48:00,06:48:10,stop_point:SP_4747,Faculté de Médecine,18
2344579,06:49:00,06:49:10,stop_point:SP_1913,Ponsan Bellevue,19
2344579,06:50:00,06:50:10,stop_point:SP_1021,Coteaux,20
2344579,06:51:00,06:51:10,stop_point:SP_709,Bon Voisin,21
2344579,06:52:00,06:52:10,stop_point:SP_2731,Palmiers,22
2344579,06:53:00,06:53:10,stop_point:SP_3327,Herriot,23
2344579,06:54:00,06:54:10,stop_point:SP_1529,Charbonnière,24
2344579,06:55:00,06:55:10,stop_point:SP_1321,Lebas,25
2344579,06:56:00,06:56:10,stop_point:SP_1336,Empalot,26
2344580,07:07:00,07:07:10,stop_point:SP_2030,Gleyze-Vieille,1
2344580,07:08:00,07:08:10,stop_point:SP_2668,Ecole Gleyze-Vieille,2
2344580,07:08:00,07:08:10,stop_point:SP_1235,Salas,3
2344580,07:09:00,07:09:10,stop_point:SP_1459,Aéropostale,4
2344580,07:09:00,07:09:10,stop_point:SP_3888,Estérel,5
2344580,07:10:00,07:10:10,stop_point:SP_3638,Pouvourville,6
2344580,07:11:00,07:11:10,stop_point:SP_1218,Eglise Pouvourville,7
2344580,07:12:00,07:12:10,stop_point:SP_3410,Pastel,8
2344580,07:12:00,07:12:10,stop_point:SP_1203,Narrade,9
2344580,07:14:00,07:14:10,stop_point:SP_3843,Hôpital Larrey,10
2344580,07:15:00,07:15:10,stop_point:SP_1445,Larrey,11
2344580,07:15:00,07:15:10,stop_point:SP_3081,Bourdette,12
2344580,07:17:00,07:17:10,stop_point:SP_1961,Ducuing Ponsan,13
2344580,07:17:00,07:17:10,stop_point:SP_2266,Ducuing,14
2344580,07:18:00,07:18:10,stop_point:SP_3266,Université Paul Sabatier,15
2344580,07:19:00,07:19:10,stop_point:SP_1424,Ducuing,16
2344580,07:20:00,07:20:10,stop_point:SP_290,Ducuing Ponsan,17
2344580,07:20:00,07:20:10,stop_point:SP_4747,Faculté de Médecine,18
2344580,07:21:00,07:21:10,stop_point:SP_1913,Ponsan Bellevue,19
2344580,07:22:00,07:22:10,stop_point:SP_1021,Coteaux,20
2344580,07:23:00,07:23:10,stop_point:SP_709,Bon Voisin,21
2344580,07:25:00,07:25:10,stop_point:SP_2731,Palmiers,22
2344580,07:25:00,07:25:10,stop_point:SP_3327,Herriot,23
2344580,07:27:00,07:27:10,stop_point:SP_1529,Charbonnière,24
2344580,07:28:00,07:28:10,stop_point:SP_1321,Lebas,25
2344580,07:29:00,07:29:10,stop_point:SP_1336,Empalot,26
2344581,07:39:00,07:39:10,stop_point:SP_2030,Gleyze-Vieille,1
2344581,07:40:00,07:40:10,stop_point:SP_2668,Ecole Gleyze-Vieille,2
2344581,07:40:00,07:40:10,stop_point:SP_1235,Salas,3
2344581,07:41:00,07:41:10,stop_point:SP_1459,Aéropostale,4
2344581,07:41:00,07:41:10,stop_point:SP_3888,Estérel,5
2344581,07:42:00,07:42:10,stop_point:SP_3638,Pouvourville,6
2344581,07:43:00,07:43:10,stop_point:SP_1218,Eglise Pouvourville,7
2344581,07:44:00,07:44:10,stop_point:SP_3410,Pastel,8
2344581,07:45:00,07:45:10,stop_point:SP_1203,Narrade,9
2344581,07:47:00,07:47:10,stop_point:SP_3843,Hôpital Larrey,10
2344581,07:48:00,07:48:10,stop_point:SP_1445,Larrey,11
2344581,07:48:00,07:48:10,stop_point:SP_3081,Bourdette,12
2344581,07:50:00,07:50:10,stop_point:SP_1961,Ducuing Ponsan,13
2344581,07:50:00,07:50:10,stop_point:SP_2266,Ducuing,14
2344581,07:51:00,07:51:10,stop_point:SP_3266,Université Paul Sabatier,15
2344581,07:52:00,07:52:10,stop_point:SP_1424,Ducuing,16
2344581,07:53:00,07:53:10,stop_point:SP_290,Ducuing Ponsan,17
2344581,07:53:00,07:53:10,stop_point:SP_4747,Faculté de Médecine,18
2344581,07:54:00,07:54:10,stop_point:SP_1913,Ponsan Bellevue,19
2344581,07:55:00,07:55:10,stop_point:SP_1021,Coteaux,20
2344581,07:56:00,07:56:10,stop_point:SP_709,Bon Voisin,21
2344581,07:58:00,07:58:10,stop_point:SP_2731,Palmiers,22
2344581,07:58:00,07:58:10,stop_point:SP_3327,Herriot,23
2344581,08:00:00,08:00:10,stop_point:SP_1529,Charbonnière,24
2344581,08:01:00,08:01:10,stop_point:SP_1321,Lebas,25
2344581,08:02:00,08:02:10,stop_point:SP_1336,Empalot,26
2344582,08:11:00,08:11:10,stop_point:SP_2030,Gleyze-Vieille,1
2344582,08:12:00,08:12:10,stop_point:SP_2668,Ecole Gleyze-Vieille,2
2344582,08:12:00,08:12:10,stop_point:SP_1235,Salas,3
2344582,08:13:00,08:13:10,stop_point:SP_1459,Aéropostale,4
2344582,08:13:00,08:13:10,stop_point:SP_3888,Estérel,5
2344582,08:14:00,08:14:10,stop_point:SP_3638,Pouvourville,6
2344582,08:15:00,08:15:10,stop_point:SP_1218,Eglise Pouvourville,7
2344582,08:16:00,08:16:10,stop_point:SP_3410,Pastel,8
2344582,08:17:00,08:17:10,stop_point:SP_1203,Narrade,9
2344582,08:19:00,08:19:10,stop_point:SP_3843,Hôpital Larrey,10
2344582,08:20:00,08:20:10,stop_point:SP_1445,Larrey,11
2344582,08:20:00,08:20:10,stop_point:SP_3081,Bourdette,12
2344582,08:22:00,08:22:10,stop_point:SP_1961,Ducuing Ponsan,13
2344582,08:22:00,08:22:10,stop_point:SP_2266,Ducuing,14
2344582,08:23:00,08:23:10,stop_point:SP_3266,Université Paul Sabatier,15
2344582,08:24:00,08:24:10,stop_point:SP_1424,Ducuing,16
2344582,08:25:00,08:25:10,stop_point:SP_290,Ducuing Ponsan,17
2344582,08:25:00,08:25:10,stop_point:SP_4747,Faculté de Médecine,18
2344582,08:26:00,08:26:10,stop_point:SP_1913,Ponsan Bellevue,19
2344582,08:27:00,08:27:10,stop_point:SP_1021,Coteaux,20
2344582,08:28:00,08:28:10,stop_point:SP_709,Bon Voisin,21
2344582,08:30:00,08:30:10,stop_point:SP_2731,Palmiers,22
2344582,08:30:00,08:30:10,stop_point:SP_3327,Herriot,23
2344582,08:32:00,08:32:10,stop_point:SP_1529,Charbonnière,24
2344582,08:33:00,08:33:10,stop_point:SP_1321,Lebas,25
2344582,08:34:00,08:34:10,stop_point:SP_1336,Empalot,26
2344583,08:43:00,08:43:10,stop_point:SP_2030,Gleyze-Vieille,1
2344583,08:44:00,08:44:10,stop_point:SP_2668,Ecole Gleyze-Vieille,2
2344583,08:45:00,08:45:10,stop_point:SP_1235,Salas,3
2344583,08:45:00,08:45:10,stop_point:SP_1459,Aéropostale,4
2344583,08:46:00,08:46:10,stop_point:SP_3888,Estérel,5
2344583,08:47:00,08:47:10,stop_point:SP_3638,Pouvourville,6
2344583,08:48:00,08:48:10,stop_point:SP_1218,Eglise Pouvourville,7
2344583,08:49:00,08:49:10,stop_point:SP_3410,Pastel,8
2344583,08:50:00,08:50:10,stop_point:SP_1203,Narrade,9
2344583,08:52:00,08:52:10,stop_point:SP_3843,Hôpital Larrey,10
2344583,08:53:00,08:53:10,stop_point:SP_1445,Larrey,11
2344583,08:53:00,08:53:10,stop_point:SP_3081,Bourdette,12
2344583,08:55:00,08:55:10,stop_point:SP_1961,Ducuing Ponsan,13
2344583,08:55:00,08:55:10,stop_point:SP_2266,Ducuing,14
2344583,08:56:00,08:56:10,stop_point:SP_3266,Université Paul Sabatier,15
2344583,08:57:00,08:57:10,stop_point:SP_1424,Ducuing,16
2344583,08:58:00,08:58:10,stop_point:SP_290,Ducuing Ponsan,17
2344583,08:58:00,08:58:10,stop_point:SP_4747,Faculté de Médecine,18
2344583,08:59:00,08:59:10,stop_point:SP_1913,Ponsan Bellevue,19
2344583,09:00:00,09:00:10,stop_point:SP_1021,Coteaux,20
2344583,09:01:00,09:01:10,stop_point:SP_709,Bon Voisin,21
2344583,09:03:00,09:03:10,stop_point:SP_2731,Palmiers,22
2344583,09:03:00,09:03:10,stop_point:SP_3327,Herriot,23
2344583,09:05:00,09:05:10,stop_point:SP_1529,Charbonnière,24
2344583,09:06:00,09:06:10,stop_point:SP_1321,Lebas,25
2344583,09:07:00,09:07:10,stop_point:SP_1336,Empalot,26
2344584,09:16:00,09:16:10,stop_point:SP_2030,Gleyze-Vieille,1
2344584,09:17:00,09:17:10,stop_point:SP_2668,Ecole Gleyze-Vieille,2
2344584,09:18:00,09:18:10,stop_point:SP_1235,Salas,3
2344584,09:18:00,09:18:10,stop_point:SP_1459,Aéropostale,4
2344584,09:19:00,09:19:10,stop_point:SP_3888,Estérel,5
2344584,09:20:00,09:20:10,stop_point:SP_3638,Pouvourville,6
2344584,09:21:00,09:21:10,stop_point:SP_1218,Eglise Pouvourville,7
2344584,09:22:00,09:22:10,stop_point:SP_3410,Pastel,8
2344584,09:23:00,09:23:10,stop_point:SP_1203,Narrade,9
2344584,09:25:00,09:25:10,stop_point:SP_3843,Hôpital Larrey,10
2344584,09:26:00,09:26:10,stop_point:SP_1445,Larrey,11
2344584,09:26:00,09:26:10,stop_point:SP_3081,Bourdette,12
2344584,09:28:00,09:28:10,stop_point:SP_1961,Ducuing Ponsan,13
2344584,09:28:00,09:28:10,stop_point:SP_2266,Ducuing,14
2344584,09:29:00,09:29:10,stop_point:SP_3266,Université Paul Sabatier,15
2344584,09:30:00,09:30:10,stop_point:SP_1424,Ducuing,16
2344584,09:31:00,09:31:10,stop_point:SP_290,Ducuing Ponsan,17
2344584,09:32:00,09:32:10,stop_point:SP_4747,Faculté de Médecine,18
2344584,09:33:00,09:33:10,stop_point:SP_1913,Ponsan Bellevue,19
2344584,09:34:00,09:34:10,stop_point:SP_1021,Coteaux,20
2344584,09:35:00,09:35:10,stop_point:SP_709,Bon Voisin,21
2344584,09:37:00,09:37:10,stop_point:SP_2731,Palmiers,22
2344584,09:38:00,09:38:10,stop_point:SP_3327,Herriot,23
2344584,09:39:00,09:39:10,stop_point:SP_1529,Charbonnière,24
2344584,09:41:00,09:41:10,stop_point:SP_1321,Lebas,25
2344584,09:42:00,09:42:10,stop_point:SP_1336,Empalot,26
2344585,09:49:00,09:49:10,stop_point:SP_2030,Gleyze-Vieille,1
2344585,09:50:00,09:50:10,stop_point:SP_2668,Ecole Gleyze-Vieille,2
2344585,09:51:00,09:51:10,stop_point:SP_1235,Salas,3
2344585,09:51:00,09:51:10,stop_point:SP_1459,Aéropostale,4
2344585,09:52:00,09:52:10,stop_point:SP_3888,Estérel,5
2344585,09:53:00,09:53:10,stop_point:SP_3638,Pouvourville,6
2344585,09:54:00,09:54:10,stop_point:SP_1218,Eglise Pouvourville,7
2344585,09:55:00,09:55:10,stop_point:SP_3410,Pastel,8
2344585,09:56:00,09:56:10,stop_point:SP_1203,Narrade,9
2344585,09:58:00,09:58:10,stop_point:SP_3843,Hôpital Larrey,10
2344585,09:59:00,09:59:10,stop_point:SP_1445,Larrey,11
2344585,09:59:00,09:59:10,stop_point:SP_3081,Bourdette,12
2344585,10:01:00,10:01:10,stop_point:SP_1961,Ducuing Ponsan,13
2344585,10:01:00,10:01:10,stop_point:SP_2266,Ducuing,14
2344585,10:02:00,10:02:10,stop_point:SP_3266,Université Paul Sabatier,15
2344585,10:03:00,10:03:10,stop_point:SP_1424,Ducuing,16
2344585,10:04:00,10:04:10,stop_point:SP_290,Ducuing Ponsan,17
2344585,10:05:00,10:05:10,stop_point:SP_4747,Faculté de Médecine,18
2344585,10:06:00,10:06:10,stop_point:SP_1913,Ponsan Bellevue,19
2344585,10:07:00,10:07:10,stop_point:SP_1021,Coteaux,20
2344585,10:08:00,10:08:10,stop_point:SP_709,Bon Voisin,21
2344585,10:10:00,10:10:10,stop_point:SP_2731,Palmiers,22
2344585,10:11:00,10:11:10,stop_point:SP_3327,Herriot,23
2344585,10:12:00,10:12:10,stop_point:SP_1529,Charbonnière,24
2344585,10:14:00,10:14:10,stop_point:SP_1321,Lebas,25
2344585,10:15:00,10:15:10,stop_point:SP_1336,Empalot,26
2344586,10:25:00,10:25:10,stop_point:SP_2030,Gleyze-Vieille,1
2344586,10:26:00,10:26:10,stop_point:SP_2668,Ecole Gleyze-Vieille,2
2344586,10:27:00,10:27:10,stop_point:SP_1235,Salas,3
2344586,10:27:00,10:27:10,stop_point:SP_1459,Aéropostale,4
2344586,10:28:00,10:28:10,stop_point:SP_3888,Estérel,5
2344586,10:29:00,10:29:10,stop_point:SP_3638,Pouvourville,6
2344586,10:30:00,10:30:10,stop_point:SP_1218,Eglise Pouvourville,7
2344586,10:31:00,10:31:10,stop_point:SP_3410,Pastel,8
2344586,10:32:00,10:32:10,stop_point:SP_1203,Narrade,9
2344586,10:34:00,10:34:10,stop_point:SP_3843,Hôpital Larrey,10
2344586,10:35:00,10:35:10,stop_point:SP_1445,Larrey,11
2344586,10:35:00,10:35:10,stop_point:SP_3081,Bourdette,12
2344586,10:37:00,10:37:10,stop_point:SP_1961,Ducuing Ponsan,13
2344586,10:37:00,10:37:10,stop_point:SP_2266,Ducuing,14
2344586,10:38:00,10:38:10,stop_point:SP_3266,Université Paul Sabatier,15
2344586,10:39:00,10:39:10,stop_point:SP_1424,Ducuing,16
2344586,10:40:00,10:40:10,stop_point:SP_290,Ducuing Ponsan,17
2344586,10:41:00,10:41:10,stop_point:SP_4747,Faculté de Médecine,18
2344586,10:42:00,10:42:10,stop_point:SP_1913,Ponsan Bellevue,19
2344586,10:43:00,10:43:10,stop_point:SP_1021,Coteaux,20
2344586,10:44:00,10:44:10,stop_point:SP_709,Bon Voisin,21
2344586,10:46:00,10:46:10,stop_point:SP_2731,Palmiers,22
2344586,10:47:00,10:47:10,stop_point:SP_3327,Herriot,23
2344586,10:48:00,10:48:10,stop_point:SP_1529,Charbonnière,24
2344586,10:50:00,10:50:10,stop_point:SP_1321,Lebas,25
2344586,10:51:00,10:51:10,stop_point:SP_1336,Empalot,26
2344587,10:59:00,10:59:10,stop_point:SP_2030,Gleyze-Vieille,1
2344587,11:00:00,11:00:10,stop_point:SP_2668,Ecole Gleyze-Vieille,2
2344587,11:01:00,11:01:10,stop_point:SP_1235,Salas,3
2344587,11:01:00,11:01:10,stop_point:SP_1459,Aéropostale,4
2344587,11:02:00,11:02:10,stop_point:SP_3888,Estérel,5
2344587,11:03:00,11:03:10,stop_point:SP_3638,Pouvourville,6
2344587,11:04:00,11:04:10,stop_point:SP_1218,Eglise Pouvourville,7
2344587,11:05:00,11:05:10,stop_point:SP_3410,Pastel,8
2344587,11:06:00,11:06:10,stop_point:SP_1203,Narrade,9
2344587,11:08:00,11:08:10,stop_point:SP_3843,Hôpital Larrey,10
2344587,11:09:00,11:09:10,stop_point:SP_1445,Larrey,11
2344587,11:09:00,11:09:10,stop_point:SP_3081,Bourdette,12
2344587,11:11:00,11:11:10,stop_point:SP_1961,Ducuing Ponsan,13
2344587,11:11:00,11:11:10,stop_point:SP_2266,Ducuing,14
2344587,11:12:00,11:12:10,stop_point:SP_3266,Université Paul Sabatier,15
2344587,11:13:00,11:13:10,stop_point:SP_1424,Ducuing,16
2344587,11:14:00,11:14:10,stop_point:SP_290,Ducuing Ponsan,17
2344587,11:15:00,11:15:10,stop_point:SP_4747,Faculté de Médecine,18
2344587,11:16:00,11:16:10,stop_point:SP_1913,Ponsan Bellevue,19
2344587,11:17:00,11:17:10,stop_point:SP_1021,Coteaux,20
2344587,11:18:00,11:18:10,stop_point:SP_709,Bon Voisin,21
2344587,11:20:00,11:20:10,stop_point:SP_2731,Palmiers,22
2344587,11:21:00,11:21:10,stop_point:SP_3327,Herriot,23
2344587,11:22:00,11:22:10,stop_point:SP_1529,Charbonnière,24
2344587,11:24:00,11:24:10,stop_point:SP_1321,Lebas,25
2344587,11:25:00,11:25:10,stop_point:SP_1336,Empalot,26
2344588,11:37:00,11:37:10,stop_point:SP_2030,Gleyze-Vieille,1
2344588,11:38:00,11:38:10,stop_point:SP_2668,Ecole Gleyze-Vieille,2
2344588,11:39:00,11:39:10,stop_point:SP_1235,Salas,3
2344588,11:39:00,11:39:10,stop_point:SP_1459,Aéropostale,4
2344588,11:40:00,11:40:10,stop_point:SP_3888,Estérel,5
2344588,11:41:00,11:41:10,stop_point:SP_3638,Pouvourville,6
2344588,11:42:00,11:42:10,stop_point:SP_1218,Eglise Pouvourville,7
2344588,11:43:00,11:43:10,stop_point:SP_3410,Pastel,8
2344588,11:44:00,11:44:10,stop_point:SP_1203,Narrade,9
2344588,11:46:00,11:46:10,stop_point:SP_3843,Hôpital Larrey,10
2344588,11:47:00,11:47:10,stop_point:SP_1445,Larrey,11
2344588,11:47:00,11:47:10,stop_point:SP_3081,Bourdette,12
2344588,11:49:00,11:49:10,stop_point:SP_1961,Ducuing Ponsan,13
2344588,11:49:00,11:49:10,stop_point:SP_2266,Ducuing,14
2344588,11:50:00,11:50:10,stop_point:SP_3266,Université Paul Sabatier,15
2344588,11:51:00,11:51:10,stop_point:SP_1424,Ducuing,16
2344588,11:52:00,11:52:10,stop_point:SP_290,Ducuing Ponsan,17
2344588,11:52:00,11:52:10,stop_point:SP_4747,Faculté de Médecine,18
2344588,11:53:00,11:53:10,stop_point:SP_1913,Ponsan Bellevue,19
2344588,11:54:00,11:54:10,stop_point:SP_1021,Coteaux,20
2344588,11:55:00,11:55:10,stop_point:SP_709,Bon Voisin,21
2344588,11:57:00,11:57:10,stop_point:SP_2731,Palmiers,22
2344588,11:58:00,11:58:10,stop_point:SP_3327,Herriot,23
2344588,11:59:00,11:59:10,stop_point:SP_1529,Charbonnière,24
2344588,12:01:00,12:01:10,stop_point:SP_1321,Lebas,25
2344588,12:02:00,12:02:10,stop_point:SP_1336,Empalot,26
2344589,12:11:00,12:11:10,stop_point:SP_2030,Gleyze-Vieille,1
2344589,12:12:00,12:12:10,stop_point:SP_2668,Ecole Gleyze-Vieille,2
2344589,12:13:00,12:13:10,stop_point:SP_1235,Salas,3
2344589,12:13:00,12:13:10,stop_point:SP_1459,Aéropostale,4
2344589,12:14:00,12:14:10,stop_point:SP_3888,Estérel,5
2344589,12:15:00,12:15:10,stop_point:SP_3638,Pouvourville,6
2344589,12:16:00,12:16:10,stop_point:SP_1218,Eglise Pouvourville,7
2344589,12:17:00,12:17:10,stop_point:SP_3410,Pastel,8
2344589,12:18:00,12:18:10,stop_point:SP_1203,Narrade,9
2344589,12:20:00,12:20:10,stop_point:SP_3843,Hôpital Larrey,10
2344589,12:21:00,12:21:10,stop_point:SP_1445,Larrey,11
2344589,12:21:00,12:21:10,stop_point:SP_3081,Bourdette,12
2344589,12:23:00,12:23:10,stop_point:SP_1961,Ducuing Ponsan,13
2344589,12:23:00,12:23:10,stop_point:SP_2266,Ducuing,14
2344589,12:24:00,12:24:10,stop_point:SP_3266,Université Paul Sabatier,15
2344589,12:25:00,12:25:10,stop_point:SP_1424,Ducuing,16
2344589,12:26:00,12:26:10,stop_point:SP_290,Ducuing Ponsan,17
2344589,12:26:00,12:26:10,stop_point:SP_4747,Faculté de Médecine,18
2344589,12:27:00,12:27:10,stop_point:SP_1913,Ponsan Bellevue,19
2344589,12:28:00,12:28:10,stop_point:SP_1021,Coteaux,20
2344589,12:29:00,12:29:10,stop_point:SP_709,Bon Voisin,21
2344589,12:31:00,12:31:10,stop_point:SP_2731,Palmiers,22
2344589,12:32:00,12:32:10,stop_point:SP_3327,Herriot,23
2344589,12:33:00,12:33:10,stop_point:SP_1529,Charbonnière,24
2344589,12:35:00,12:35:10,stop_point:SP_1321,Lebas,25
2344589,12:36:00,12:36:10,stop_point:SP_1336,Empalot,26
2344590,12:37:00,12:37:10,stop_point:SP_2030,Gleyze-Vieille,1
2344590,12:38:00,12:38:10,stop_point:SP_2668,Ecole Gleyze-Vieille,2
2344590,12:39:00,12:39:10,stop_point:SP_1235,Salas,3
2344590,12:39:00,12:39:10,stop_point:SP_1459,Aéropostale,4
2344590,12:40:00,12:40:10,stop_point:SP_3888,Estérel,5
2344590,12:41:00,12:41:10,stop_point:SP_3638,Pouvourville,6
2344590,12:42:00,12:42:10,stop_point:SP_1218,Eglise Pouvourville,7
2344590,12:43:00,12:43:10,stop_point:SP_3410,Pastel,8
2344590,12:44:00,12:44:10,stop_point:SP_1203,Narrade,9
2344590,12:46:00,12:46:10,stop_point:SP_3843,Hôpital Larrey,10
2344590,12:47:00,12:47:10,stop_point:SP_1445,Larrey,11
2344590,12:47:00,12:47:10,stop_point:SP_3081,Bourdette,12
2344590,12:49:00,12:49:10,stop_point:SP_1961,Ducuing Ponsan,13
2344590,12:49:00,12:49:10,stop_point:SP_2266,Ducuing,14
2344590,12:50:00,12:50:10,stop_point:SP_3266,Université Paul Sabatier,15
2344590,12:51:00,12:51:10,stop_point:SP_1424,Ducuing,16
2344590,12:52:00,12:52:10,stop_point:SP_290,Ducuing Ponsan,17
2344590,12:52:00,12:52:10,stop_point:SP_4747,Faculté de Médecine,18
2344590,12:53:00,12:53:10,stop_point:SP_1913,Ponsan Bellevue,19
2344590,12:54:00,12:54:10,stop_point:SP_1021,Coteaux,20
2344590,12:55:00,12:55:10,stop_point:SP_709,Bon Voisin,21
2344590,12:57:00,12:57:10,stop_point:SP_2731,Palmiers,22
2344590,12:58:00,12:58:10,stop_point:SP_3327,Herriot,23
2344590,12:59:00,12:59:10,stop_point:SP_1529,Charbonnière,24
2344590,13:01:00,13:01:10,stop_point:SP_1321,Lebas,25
2344590,13:02:00,13:02:10,stop_point:SP_1336,Empalot,26
2344591,13:08:00,13:08:10,stop_point:SP_2030,Gleyze-Vieille,1
2344591,13:09:00,13:09:10,stop_point:SP_2668,Ecole Gleyze-Vieille,2
2344591,13:10:00,13:10:10,stop_point:SP_1235,Salas,3
2344591,13:10:00,13:10:10,stop_point:SP_1459,Aéropostale,4
2344591,13:11:00,13:11:10,stop_point:SP_3888,Estérel,5
2344591,13:12:00,13:12:10,stop_point:SP_3638,Pouvourville,6
2344591,13:13:00,13:13:10,stop_point:SP_1218,Eglise Pouvourville,7
2344591,13:14:00,13:14:10,stop_point:SP_3410,Pastel,8
2344591,13:15:00,13:15:10,stop_point:SP_1203,Narrade,9
2344591,13:17:00,13:17:10,stop_point:SP_3843,Hôpital Larrey,10
2344591,13:18:00,13:18:10,stop_point:SP_1445,Larrey,11
2344591,13:18:00,13:18:10,stop_point:SP_3081,Bourdette,12
2344591,13:20:00,13:20:10,stop_point:SP_1961,Ducuing Ponsan,13
2344591,13:20:00,13:20:10,stop_point:SP_2266,Ducuing,14
2344591,13:21:00,13:21:10,stop_point:SP_3266,Université Paul Sabatier,15
2344591,13:22:00,13:22:10,stop_point:SP_1424,Ducuing,16
2344591,13:23:00,13:23:10,stop_point:SP_290,Ducuing Ponsan,17
2344591,13:23:00,13:23:10,stop_point:SP_4747,Faculté de Médecine,18
2344591,13:24:00,13:24:10,stop_point:SP_1913,Ponsan Bellevue,19
2344591,13:25:00,13:25:10,stop_point:SP_1021,Coteaux,20
2344591,13:26:00,13:26:10,stop_point:SP_709,Bon Voisin,21
2344591,13:28:00,13:28:10,stop_point:SP_2731,Palmiers,22
2344591,13:29:00,13:29:10,stop_point:SP_3327,Herriot,23
2344591,13:30:00,13:30:10,stop_point:SP_1529,Charbonnière,24
2344591,13:32:00,13:32:10,stop_point:SP_1321,Lebas,25
2344591,13:33:00,13:33:10,stop_point:SP_1336,Empalot,26
2344592,13:31:00,13:31:10,stop_point:SP_2030,Gleyze-Vieille,1
2344592,13:32:00,13:32:10,stop_point:SP_2668,Ecole Gleyze-Vieille,2
2344592,13:33:00,13:33:10,stop_point:SP_1235,Salas,3
2344592,13:33:00,13:33:10,stop_point:SP_1459,Aéropostale,4
2344592,13:34:00,13:34:10,stop_point:SP_3888,Estérel,5
2344592,13:35:00,13:35:10,stop_point:SP_3638,Pouvourville,6
2344592,13:36:00,13:36:10,stop_point:SP_1218,Eglise Pouvourville,7
2344592,13:37:00,13:37:10,stop_point:SP_3410,Pastel,8
2344592,13:38:00,13:38:10,stop_point:SP_1203,Narrade,9
2344592,13:40:00,13:40:10,stop_point:SP_3843,Hôpital Larrey,10
2344592,13:41:00,13:41:10,stop_point:SP_1445,Larrey,11
2344592,13:41:00,13:41:10,stop_point:SP_3081,Bourdette,12
2344592,13:43:00,13:43:10,stop_point:SP_1961,Ducuing Ponsan,13
2344592,13:43:00,13:43:10,stop_point:SP_2266,Ducuing,14
2344592,13:44:00,13:44:10,stop_point:SP_3266,Université Paul Sabatier,15
2344592,13:45:00,13:45:10,stop_point:SP_1424,Ducuing,16
2344592,13:46:00,13:46:10,stop_point:SP_290,Ducuing Ponsan,17
2344592,13:46:00,13:46:10,stop_point:SP_4747,Faculté de Médecine,18
2344592,13:47:00,13:47:10,stop_point:SP_1913,Ponsan Bellevue,19
2344592,13:48:00,13:48:10,stop_point:SP_1021,Coteaux,20
2344592,13:49:00,13:49:10,stop_point:SP_709,Bon Voisin,21
2344592,13:51:00,13:51:10,stop_point:SP_2731,Palmiers,22
2344592,13:52:00,13:52:10,stop_point:SP_3327,Herriot,23
2344592,13:53:00,13:53:10,stop_point:SP_1529,Charbonnière,24
2344592,13:55:00,13:55:10,stop_point:SP_1321,Lebas,25
2344592,13:56:00,13:56:10,stop_point:SP_1336,Empalot,26
2344593,13:54:00,13:54:10,stop_point:SP_2030,Gleyze-Vieille,1
2344593,13:55:00,13:55:10,stop_point:SP_2668,Ecole Gleyze-Vieille,2
2344593,13:56:00,13:56:10,stop_point:SP_1235,Salas,3
2344593,13:56:00,13:56:10,stop_point:SP_1459,Aéropostale,4
2344593,13:57:00,13:57:10,stop_point:SP_3888,Estérel,5
2344593,13:58:00,13:58:10,stop_point:SP_3638,Pouvourville,6
2344593,13:59:00,13:59:10,stop_point:SP_1218,Eglise Pouvourville,7
2344593,14:00:00,14:00:10,stop_point:SP_3410,Pastel,8
2344593,14:01:00,14:01:10,stop_point:SP_1203,Narrade,9
2344593,14:03:00,14:03:10,stop_point:SP_3843,Hôpital Larrey,10
2344593,14:04:00,14:04:10,stop_point:SP_1445,Larrey,11
2344593,14:04:00,14:04:10,stop_point:SP_3081,Bourdette,12
2344593,14:06:00,14:06:10,stop_point:SP_1961,Ducuing Ponsan,13
2344593,14:06:00,14:06:10,stop_point:SP_2266,Ducuing,14
2344593,14:07:00,14:07:10,stop_point:SP_3266,Université Paul Sabatier,15
2344593,14:08:00,14:08:10,stop_point:SP_1424,Ducuing,16
2344593,14:09:00,14:09:10,stop_point:SP_290,Ducuing Ponsan,17
2344593,14:09:00,14:09:10,stop_point:SP_4747,Faculté de Médecine,18
2344593,14:10:00,14:10:10,stop_point:SP_1913,Ponsan Bellevue,19
2344593,14:11:00,14:11:10,stop_point:SP_1021,Coteaux,20
2344593,14:12:00,14:12:10,stop_point:SP_709,Bon Voisin,21
2344593,14:14:00,14:14:10,stop_point:SP_2731,Palmiers,22
2344593,14:15:00,14:15:10,stop_point:SP_3327,Herriot,23
2344593,14:16:00,14:16:10,stop_point:SP_1529,Charbonnière,24
2344593,14:18:00,14:18:10,stop_point:SP_1321,Lebas,25
2344593,14:19:00,14:19:10,stop_point:SP_1336,Empalot,26
2344594,14:17:00,14:17:10,stop_point:SP_2030,Gleyze-Vieille,1
2344594,14:18:00,14:18:10,stop_point:SP_2668,Ecole Gleyze-Vieille,2
2344594,14:19:00,14:19:10,stop_point:SP_1235,Salas,3
2344594,14:19:00,14:19:10,stop_point:SP_1459,Aéropostale,4
2344594,14:20:00,14:20:10,stop_point:SP_3888,Estérel,5
2344594,14:21:00,14:21:10,stop_point:SP_3638,Pouvourville,6
2344594,14:22:00,14:22:10,stop_point:SP_1218,Eglise Pouvourville,7
2344594,14:23:00,14:23:10,stop_point:SP_3410,Pastel,8
2344594,14:24:00,14:24:10,stop_point:SP_1203,Narrade,9
2344594,14:26:00,14:26:10,stop_point:SP_3843,Hôpital Larrey,10
2344594,14:27:00,14:27:10,stop_point:SP_1445,Larrey,11
2344594,14:27:00,14:27:10,stop_point:SP_3081,Bourdette,12
2344594,14:29:00,14:29:10,stop_point:SP_1961,Ducuing Ponsan,13
2344594,14:29:00,14:29:10,stop_point:SP_2266,Ducuing,14
2344594,14:30:00,14:30:10,stop_point:SP_3266,Université Paul Sabatier,15
2344594,14:31:00,14:31:10,stop_point:SP_1424,Ducuing,16
2344594,14:32:00,14:32:10,stop_point:SP_290,Ducuing Ponsan,17
2344594,14:32:00,14:32:10,stop_point:SP_4747,Faculté de Médecine,18
2344594,14:33:00,14:33:10,stop_point:SP_1913,Ponsan Bellevue,19
2344594,14:34:00,14:34:10,stop_point:SP_1021,Coteaux,20
2344594,14:35:00,14:35:10,stop_point:SP_709,Bon Voisin,21
2344594,14:37:00,14:37:10,stop_point:SP_2731,Palmiers,22
2344594,14:38:00,14:38:10,stop_point:SP_3327,Herriot,23
2344594,14:39:00,14:39:10,stop_point:SP_1529,Charbonnière,24
2344594,14:41:00,14:41:10,stop_point:SP_1321,Lebas,25
2344594,14:42:00,14:42:10,stop_point:SP_1336,Empalot,26
2344595,14:40:00,14:40:10,stop_point:SP_2030,Gleyze-Vieille,1
2344595,14:41:00,14:41:10,stop_point:SP_2668,Ecole Gleyze-Vieille,2
2344595,14:42:00,14:42:10,stop_point:SP_1235,Salas,3
2344595,14:42:00,14:42:10,stop_point:SP_1459,Aéropostale,4
2344595,14:43:00,14:43:10,stop_point:SP_3888,Estérel,5
2344595,14:44:00,14:44:10,stop_point:SP_3638,Pouvourville,6
2344595,14:45:00,14:45:10,stop_point:SP_1218,Eglise Pouvourville,7
2344595,14:46:00,14:46:10,stop_point:SP_3410,Pastel,8
2344595,14:47:00,14:47:10,stop_point:SP_1203,Narrade,9
2344595,14:49:00,14:49:10,stop_point:SP_3843,Hôpital Larrey,10
2344595,14:50:00,14:50:10,stop_point:SP_1445,Larrey,11
2344595,14:50:00,14:50:10,stop_point:SP_3081,Bourdette,12
2344595,14:52:00,14:52:10,stop_point:SP_1961,Ducuing Ponsan,13
2344595,14:52:00,14:52:10,stop_point:SP_2266,Ducuing,14
2344595,14:53:00,14:53:10,stop_point:SP_3266,Université Paul Sabatier,15
2344595,14:54:00,14:54:10,stop_point:SP_1424,Ducuing,16
2344595,14:55:00,14:55:10,stop_point:SP_290,Ducuing Ponsan,17
2344595,14:55:00,14:55:10,stop_point:SP_4747,Faculté de Médecine,18
2344595,14:56:00,14:56:10,stop_point:SP_1913,Ponsan Bellevue,19
2344595,14:57:00,14:57:10,stop_point:SP_1021,Coteaux,20
2344595,14:58:00,14:58:10,stop_point:SP_709,Bon Voisin,21
2344595,15:00:00,15:00:10,stop_point:SP_2731,Palmiers,22
2344595,15:01:00,15:01:10,stop_point:SP_3327,Herriot,23
2344595,15:02:00,15:02:10,stop_point:SP_1529,Charbonnière,24
2344595,15:04:00,15:04:10,stop_point:SP_1321,Lebas,25
2344595,15:05:00,15:05:10,stop_point:SP_1336,Empalot,26
2344596,15:03:00,15:03:10,stop_point:SP_2030,Gleyze-Vieille,1
2344596,15:04:00,15:04:10,stop_point:SP_2668,Ecole Gleyze-Vieille,2
2344596,15:05:00,15:05:10,stop_point:SP_1235,Salas,3
2344596,15:05:00,15:05:10,stop_point:SP_1459,Aéropostale,4
2344596,15:06:00,15:06:10,stop_point:SP_3888,Estérel,5
2344596,15:07:00,15:07:10,stop_point:SP_3638,Pouvourville,6
2344596,15:08:00,15:08:10,stop_point:SP_1218,Eglise Pouvourville,7
2344596,15:09:00,15:09:10,stop_point:SP_3410,Pastel,8
2344596,15:10:00,15:10:10,stop_point:SP_1203,Narrade,9
2344596,15:12:00,15:12:10,stop_point:SP_3843,Hôpital Larrey,10
2344596,15:13:00,15:13:10,stop_point:SP_1445,Larrey,11
2344596,15:13:00,15:13:10,stop_point:SP_3081,Bourdette,12
2344596,15:15:00,15:15:10,stop_point:SP_1961,Ducuing Ponsan,13
2344596,15:15:00,15:15:10,stop_point:SP_2266,Ducuing,14
2344596,15:16:00,15:16:10,stop_point:SP_3266,Université Paul Sabatier,15
2344596,15:17:00,15:17:10,stop_point:SP_1424,Ducuing,16
2344596,15:18:00,15:18:10,stop_point:SP_290,Ducuing Ponsan,17
2344596,15:18:00,15:18:10,stop_point:SP_4747,Faculté de Médecine,18
2344596,15:19:00,15:19:10,stop_point:SP_1913,Ponsan Bellevue,19
2344596,15:20:00,15:20:10,stop_point:SP_1021,Coteaux,20
2344596,15:21:00,15:21:10,stop_point:SP_709,Bon Voisin,21
2344596,15:23:00,15:23:10,stop_point:SP_2731,Palmiers,22
2344596,15:24:00,15:24:10,stop_point:SP_3327,Herriot,23
2344596,15:25:00,15:25:10,stop_point:SP_1529,Charbonnière,24
2344596,15:27:00,15:27:10,stop_point:SP_1321,Lebas,25
2344596,15:28:00,15:28:10,stop_point:SP_1336,Empalot,26
2344597,15:26:00,15:26:10,stop_point:SP_2030,Gleyze-Vieille,1
2344597,15:27:00,15:27:10,stop_point:SP_2668,Ecole Gleyze-Vieille,2
2344597,15:28:00,15:28:10,stop_point:SP_1235,Salas,3
2344597,15:28:00,15:28:10,stop_point:SP_1459,Aéropostale,4
2344597,15:29:00,15:29:10,stop_point:SP_3888,Estérel,5
2344597,15:30:00,15:30:10,stop_point:SP_3638,Pouvourville,6
2344597,15:31:00,15:31:10,stop_point:SP_1218,Eglise Pouvourville,7
2344597,15:32:00,15:32:10,stop_point:SP_3410,Pastel,8
2344597,15:33:00,15:33:10,stop_point:SP_1203,Narrade,9
2344597,15:35:00,15:35:10,stop_point:SP_3843,Hôpital Larrey,10
2344597,15:36:00,15:36:10,stop_point:SP_1445,Larrey,11
2344597,15:36:00,15:36:10,stop_point:SP_3081,Bourdette,12
2344597,15:38:00,15:38:10,stop_point:SP_1961,Ducuing Ponsan,13
2344597,15:38:00,15:38:10,stop_point:SP_2266,Ducuing,14
2344597,15:39:00,15:39:10,stop_point:SP_3266,Université Paul Sabatier,15
2344597,15:40:00,15:40:10,stop_point:SP_1424,Ducuing,16
2344597,15:41:00,15:41:10,stop_point:SP_290,Ducuing Ponsan,17
2344597,15:41:00,15:41:10,stop_point:SP_4747,Faculté de Médecine,18
2344597,15:42:00,15:42:10,stop_point:SP_1913,Ponsan Bellevue,19
2344597,15:43:00,15:43:10,stop_point:SP_1021,Coteaux,20
2344597,15:44:00,15:44:10,stop_point:SP_709,Bon Voisin,21
2344597,15:46:00,15:46:10,stop_point:SP_2731,Palmiers,22
2344597,15:47:00,15:47:10,stop_point:SP_3327,Herriot,23
2344597,15:48:00,15:48:10,stop_point:SP_1529,Charbonnière,24
2344597,15:50:00,15:50:10,stop_point:SP_1321,Lebas,25
2344597,15:51:00,15:51:10,stop_point:SP_1336,Empalot,26
2344598,15:49:00,15:49:10,stop_point:SP_2030,Gleyze-Vieille,1
2344598,15:50:00,15:50:10,stop_point:SP_2668,Ecole Gleyze-Vieille,2
2344598,15:51:00,15:51:10,stop_point:SP_1235,Salas,3
2344598,15:51:00,15:51:10,stop_point:SP_1459,Aéropostale,4
2344598,15:52:00,15:52:10,stop_point:SP_3888,Estérel,5
2344598,15:53:00,15:53:10,stop_point:SP_3638,Pouvourville,6
2344598,15:54:00,15:54:10,stop_point:SP_1218,Eglise Pouvourville,7
2344598,15:55:00,15:55:10,stop_point:SP_3410,Pastel,8
2344598,15:56:00,15:56:10,stop_point:SP_1203,Narrade,9
2344598,15:58:00,15:58:10,stop_point:SP_3843,Hôpital Larrey,10
2344598,15:59:00,15:59:10,stop_point:SP_1445,Larrey,11
2344598,15:59:00,15:59:10,stop_point:SP_3081,Bourdette,12
2344598,16:01:00,16:01:10,stop_point:SP_1961,Ducuing Ponsan,13
2344598,16:01:00,16:01:10,stop_point:SP_2266,Ducuing,14
2344598,16:02:00,16:02:10,stop_point:SP_3266,Université Paul Sabatier,15
2344598,16:03:00,16:03:10,stop_point:SP_1424,Ducuing,16
2344598,16:04:00,16:04:10,stop_point:SP_290,Ducuing Ponsan,17
2344598,16:04:00,16:04:10,stop_point:SP_4747,Faculté de Médecine,18
2344598,16:05:00,16:05:10,stop_point:SP_1913,Ponsan Bellevue,19
2344598,16:06:00,16:06:10,stop_point:SP_1021,Coteaux,20
2344598,16:07:00,16:07:10,stop_point:SP_709,Bon Voisin,21
2344598,16:09:00,16:09:10,stop_point:SP_2731,Palmiers,22
2344598,16:10:00,16:10:10,stop_point:SP_3327,Herriot,23
2344598,16:11:00,16:11:10,stop_point:SP_1529,Charbonnière,24
2344598,16:13:00,16:13:10,stop_point:SP_1321,Lebas,25
2344598,16:14:00,16:14:10,stop_point:SP_1336,Empalot,26
2344599,16:12:00,16:12:10,stop_point:SP_2030,Gleyze-Vieille,1
2344599,16:13:00,16:13:10,stop_point:SP_2668,Ecole Gleyze-Vieille,2
2344599,16:14:00,16:14:10,stop_point:SP_1235,Salas,3
2344599,16:14:00,16:14:10,stop_point:SP_1459,Aéropostale,4
2344599,16:15:00,16:15:10,stop_point:SP_3888,Estérel,5
2344599,16:16:00,16:16:10,stop_point:SP_3638,Pouvourville,6
2344599,16:17:00,16:17:10,stop_point:SP_1218,Eglise Pouvourville,7
2344599,16:18:00,16:18:10,stop_point:SP_3410,Pastel,8
2344599,16:19:00,16:19:10,stop_point:SP_1203,Narrade,9
2344599,16:21:00,16:21:10,stop_point:SP_3843,Hôpital Larrey,10
2344599,16:22:00,16:22:10,stop_point:SP_1445,Larrey,11
2344599,16:22:00,16:22:10,stop_point:SP_3081,Bourdette,12
2344599,16:24:00,16:24:10,stop_point:SP_1961,Ducuing Ponsan,13
2344599,16:24:00,16:24:10,stop_point:SP_2266,Ducuing,14
2344599,16:25:00,16:25:10,stop_point:SP_3266,Université Paul Sabatier,15
2344599,16:26:00,16:26:10,stop_point:SP_1424,Ducuing,16
2344599,16:27:00,16:27:10,stop_point:SP_290,Ducuing Ponsan,17
2344599,16:27:00,16:27:10,stop_point:SP_4747,Faculté de Médecine,18
2344599,16:28:00,16:28:10,stop_point:SP_1913,Ponsan Bellevue,19
2344599,16:29:00,16:29:10,stop_point:SP_1021,Coteaux,20
2344599,16:30:00,16:30:10,stop_point:SP_709,Bon Voisin,21
2344599,16:32:00,16:32:10,stop_point:SP_2731,Palmiers,22
2344599,16:33:00,16:33:10,stop_point:SP_3327,Herriot,23
2344599,16:34:00,16:34:10,stop_point:SP_1529,Charbonnière,24
2344599,16:36:00,16:36:10,stop_point:SP_1321,Lebas,25
2344599,16:37:00,16:37:10,stop_point:SP_1336,Empalot,26
2344600,16:35:00,16:35:10,stop_point:SP_2030,Gleyze-Vieille,1
2344600,16:36:00,16:36:10,stop_point:SP_2668,Ecole Gleyze-Vieille,2
2344600,16:37:00,16:37:10,stop_point:SP_1235,Salas,3
2344600,16:37:00,16:37:10,stop_point:SP_1459,Aéropostale,4
2344600,16:38:00,16:38:10,stop_point:SP_3888,Estérel,5
2344600,16:39:00,16:39:10,stop_point:SP_3638,Pouvourville,6
2344600,16:40:00,16:40:10,stop_point:SP_1218,Eglise Pouvourville,7
2344600,16:41:00,16:41:10,stop_point:SP_3410,Pastel,8
2344600,16:42:00,16:42:10,stop_point:SP_1203,Narrade,9
2344600,16:44:00,16:44:10,stop_point:SP_3843,Hôpital Larrey,10
2344600,16:45:00,16:45:10,stop_point:SP_1445,Larrey,11
2344600,16:45:00,16:45:10,stop_point:SP_3081,Bourdette,12
2344600,16:47:00,16:47:10,stop_point:SP_1961,Ducuing Ponsan,13
2344600,16:47:00,16:47:10,stop_point:SP_2266,Ducuing,14
2344600,16:48:00,16:48:10,stop_point:SP_3266,Université Paul Sabatier,15
2344600,16:49:00,16:49:10,stop_point:SP_1424,Ducuing,16
2344600,16:50:00,16:50:10,stop_point:SP_290,Ducuing Ponsan,17
2344600,16:50:00,16:50:10,stop_point:SP_4747,Faculté de Médecine,18
2344600,16:51:00,16:51:10,stop_point:SP_1913,Ponsan Bellevue,19
2344600,16:52:00,16:52:10,stop_point:SP_1021,Coteaux,20
2344600,16:53:00,16:53:10,stop_point:SP_709,Bon Voisin,21
2344600,16:55:00,16:55:10,stop_point:SP_2731,Palmiers,22
2344600,16:56:00,16:56:10,stop_point:SP_3327,Herriot,23
2344600,16:57:00,16:57:10,stop_point:SP_1529,Charbonnière,24
2344600,16:59:00,16:59:10,stop_point:SP_1321,Lebas,25
2344600,17:00:00,17:00:10,stop_point:SP_1336,Empalot,26
2344601,16:58:00,16:58:10,stop_point:SP_2030,Gleyze-Vieille,1
2344601,16:59:00,16:59:10,stop_point:SP_2668,Ecole Gleyze-Vieille,2
2344601,17:00:00,17:00:10,stop_point:SP_1235,Salas,3
2344601,17:00:00,17:00:10,stop_point:SP_1459,Aéropostale,4
2344601,17:01:00,17:01:10,stop_point:SP_3888,Estérel,5
2344601,17:02:00,17:02:10,stop_point:SP_3638,Pouvourville,6
2344601,17:03:00,17:03:10,stop_point:SP_1218,Eglise Pouvourville,7
2344601,17:04:00,17:04:10,stop_point:SP_3410,Pastel,8
2344601,17:05:00,17:05:10,stop_point:SP_1203,Narrade,9
2344601,17:07:00,17:07:10,stop_point:SP_3843,Hôpital Larrey,10
2344601,17:08:00,17:08:10,stop_point:SP_1445,Larrey,11
2344601,17:08:00,17:08:10,stop_point:SP_3081,Bourdette,12
2344601,17:10:00,17:10:10,stop_point:SP_1961,Ducuing Ponsan,13
2344601,17:10:00,17:10:10,stop_point:SP_2266,Ducuing,14
2344601,17:11:00,17:11:10,stop_point:SP_3266,Université Paul Sabatier,15
2344601,17:12:00,17:12:10,stop_point:SP_1424,Ducuing,16
2344601,17:13:00,17:13:10,stop_point:SP_290,Ducuing Ponsan,17
2344601,17:13:00,17:13:10,stop_point:SP_4747,Faculté de Médecine,18
2344601,17:14:00,17:14:10,stop_point:SP_1913,Ponsan Bellevue,19
2344601,17:15:00,17:15:10,stop_point:SP_1021,Coteaux,20
2344601,17:16:00,17:16:10,stop_point:SP_709,Bon Voisin,21
2344601,17:18:00,17:18:10,stop_point:SP_2731,Palmiers,22
2344601,17:19:00,17:19:10,stop_point:SP_3327,Herriot,23
2344601,17:20:00,17:20:10,stop_point:SP_1529,Charbonnière,24
2344601,17:22:00,17:22:10,stop_point:SP_1321,Lebas,25
2344601,17:23:00,17:23:10,stop_point:SP_1336,Empalot,26
2344602,17:21:00,17:21:10,stop_point:SP_2030,Gleyze-Vieille,1
2344602,17:22:00,17:22:10,stop_point:SP_2668,Ecole Gleyze-Vieille,2
2344602,17:23:00,17:23:10,stop_point:SP_1235,Salas,3
2344602,17:23:00,17:23:10,stop_point:SP_1459,Aéropostale,4
2344602,17:24:00,17:24:10,stop_point:SP_3888,Estérel,5
2344602,17:25:00,17:25:10,stop_point:SP_3638,Pouvourville,6
2344602,17:26:00,17:26:10,stop_point:SP_1218,Eglise Pouvourville,7
2344602,17:27:00,17:27:10,stop_point:SP_3410,Pastel,8
2344602,17:28:00,17:28:10,stop_point:SP_1203,Narrade,9
2344602,17:30:00,17:30:10,stop_point:SP_3843,Hôpital Larrey,10
2344602,17:31:00,17:31:10,stop_point:SP_1445,Larrey,11
2344602,17:31:00,17:31:10,stop_point:SP_3081,Bourdette,12
2344602,17:33:00,17:33:10,stop_point:SP_1961,Ducuing Ponsan,13
2344602,17:33:00,17:33:10,stop_point:SP_2266,Ducuing,14
2344602,17:34:00,17:34:10,stop_point:SP_3266,Université Paul Sabatier,15
2344602,17:35:00,17:35:10,stop_point:SP_1424,Ducuing,16
2344602,17:36:00,17:36:10,stop_point:SP_290,Ducuing Ponsan,17
2344602,17:36:00,17:36:10,stop_point:SP_4747,Faculté de Médecine,18
2344602,17:37:00,17:37:10,stop_point:SP_1913,Ponsan Bellevue,19
2344602,17:38:00,17:38:10,stop_point:SP_1021,Coteaux,20
2344602,17:39:00,17:39:10,stop_point:SP_709,Bon Voisin,21
2344602,17:41:00,17:41:10,stop_point:SP_2731,Palmiers,22
2344602,17:42:00,17:42:10,stop_point:SP_3327,Herriot,23
2344602,17:43:00,17:43:10,stop_point:SP_1529,Charbonnière,24
2344602,17:45:00,17:45:10,stop_point:SP_1321,Lebas,25
2344602,17:46:00,17:46:10,stop_point:SP_1336,Empalot,26
2344603,17:44:00,17:44:10,stop_point:SP_2030,Gleyze-Vieille,1
2344603,17:45:00,17:45:10,stop_point:SP_2668,Ecole Gleyze-Vieille,2
2344603,17:46:00,17:46:10,stop_point:SP_1235,Salas,3
2344603,17:46:00,17:46:10,stop_point:SP_1459,Aéropostale,4
2344603,17:47:00,17:47:10,stop_point:SP_3888,Estérel,5
2344603,17:48:00,17:48:10,stop_point:SP_3638,Pouvourville,6
2344603,17:49:00,17:49:10,stop_point:SP_1218,Eglise Pouvourville,7
2344603,17:50:00,17:50:10,stop_point:SP_3410,Pastel,8
2344603,17:51:00,17:51:10,stop_point:SP_1203,Narrade,9
2344603,17:53:00,17:53:10,stop_point:SP_3843,Hôpital Larrey,10
2344603,17:54:00,17:54:10,stop_point:SP_1445,Larrey,11
2344603,17:54:00,17:54:10,stop_point:SP_3081,Bourdette,12
2344603,17:56:00,17:56:10,stop_point:SP_1961,Ducuing Ponsan,13
2344603,17:56:00,17:56:10,stop_point:SP_2266,Ducuing,14
2344603,17:57:00,17:57:10,stop_point:SP_3266,Université Paul Sabatier,15
2344603,17:58:00,17:58:10,stop_point:SP_1424,Ducuing,16
2344603,17:59:00,17:59:10,stop_point:SP_290,Ducuing Ponsan,17
2344603,17:59:00,17:59:10,stop_point:SP_4747,Faculté de Médecine,18
2344603,18:00:00,18:00:10,stop_point:SP_1913,Ponsan Bellevue,19
2344603,18:01:00,18:01:10,stop_point:SP_1021,Coteaux,20
2344603,18:02:00,18:02:10,stop_point:SP_709,Bon Voisin,21
2344603,18:04:00,18:04:10,stop_point:SP_2731,Palmiers,22
2344603,18:05:00,18:05:10,stop_point:SP_3327,Herriot,23
2344603,18:06:00,18:06:10,stop_point:SP_1529,Charbonnière,24
2344603,18:08:00,18:08:10,stop_point:SP_1321,Lebas,25
2344603,18:09:00,18:09:10,stop_point:SP_1336,Empalot,26
2344604,18:09:00,18:09:10,stop_point:SP_2030,Gleyze-Vieille,1
2344604,18:10:00,18:10:10,stop_point:SP_2668,Ecole Gleyze-Vieille,2
2344604,18:11:00,18:11:10,stop_point:SP_1235,Salas,3
2344604,18:11:00,18:11:10,stop_point:SP_1459,Aéropostale,4
2344604,18:12:00,18:12:10,stop_point:SP_3888,Estérel,5
2344604,18:13:00,18:13:10,stop_point:SP_3638,Pouvourville,6
2344604,18:14:00,18:14:10,stop_point:SP_1218,Eglise Pouvourville,7
2344604,18:15:00,18:15:10,stop_point:SP_3410,Pastel,8
2344604,18:16:00,18:16:10,stop_point:SP_1203,Narrade,9
2344604,18:18:00,18:18:10,stop_point:SP_3843,Hôpital Larrey,10
2344604,18:19:00,18:19:10,stop_point:SP_1445,Larrey,11
2344604,18:19:00,18:19:10,stop_point:SP_3081,Bourdette,12
2344604,18:21:00,18:21:10,stop_point:SP_1961,Ducuing Ponsan,13
2344604,18:21:00,18:21:10,stop_point:SP_2266,Ducuing,14
2344604,18:22:00,18:22:10,stop_point:SP_3266,Université Paul Sabatier,15
2344604,18:23:00,18:23:10,stop_point:SP_1424,Ducuing,16
2344604,18:24:00,18:24:10,stop_point:SP_290,Ducuing Ponsan,17
2344604,18:24:00,18:24:10,stop_point:SP_4747,Faculté de Médecine,18
2344604,18:25:00,18:25:10,stop_point:SP_1913,Ponsan Bellevue,19
2344604,18:26:00,18:26:10,stop_point:SP_1021,Coteaux,20
2344604,18:27:00,18:27:10,stop_point:SP_709,Bon Voisin,21
2344604,18:29:00,18:29:10,stop_point:SP_2731,Palmiers,22
2344604,18:30:00,18:30:10,stop_point:SP_3327,Herriot,23
2344604,18:31:00,18:31:10,stop_point:SP_1529,Charbonnière,24
2344604,18:33:00,18:33:10,stop_point:SP_1321,Lebas,25
2344604,18:34:00,18:34:10,stop_point:SP_1336,Empalot,26
2344605,18:32:00,18:32:10,stop_point:SP_2030,Gleyze-Vieille,1
2344605,18:33:00,18:33:10,stop_point:SP_2668,Ecole Gleyze-Vieille,2
2344605,18:34:00,18:34:10,stop_point:SP_1235,Salas,3
2344605,18:34:00,18:34:10,stop_point:SP_1459,Aéropostale,4
2344605,18:35:00,18:35:10,stop_point:SP_3888,Estérel,5
2344605,18:36:00,18:36:10,stop_point:SP_3638,Pouvourville,6
2344605,18:37:00,18:37:10,stop_point:SP_1218,Eglise Pouvourville,7
2344605,18:38:00,18:38:10,stop_point:SP_3410,Pastel,8
2344605,18:39:00,18:39:10,stop_point:SP_1203,Narrade,9
2344605,18:41:00,18:41:10,stop_point:SP_3843,Hôpital Larrey,10
2344605,18:42:00,18:42:10,stop_point:SP_1445,Larrey,11
2344605,18:42:00,18:42:10,stop_point:SP_3081,Bourdette,12
2344605,18:44:00,18:44:10,stop_point:SP_1961,Ducuing Ponsan,13
2344605,18:44:00,18:44:10,stop_point:SP_2266,Ducuing,14
2344605,18:45:00,18:45:10,stop_point:SP_3266,Université Paul Sabatier,15
2344605,18:46:00,18:46:10,stop_point:SP_1424,Ducuing,16
2344605,18:47:00,18:47:10,stop_point:SP_290,Ducuing Ponsan,17
2344605,18:47:00,18:47:10,stop_point:SP_4747,Faculté de Médecine,18
2344605,18:48:00,18:48:10,stop_point:SP_1913,Ponsan Bellevue,19
2344605,18:49:00,18:49:10,stop_point:SP_1021,Coteaux,20
2344605,18:50:00,18:50:10,stop_point:SP_709,Bon Voisin,21
2344605,18:52:00,18:52:10,stop_point:SP_2731,Palmiers,22
2344605,18:53:00,18:53:10,stop_point:SP_3327,Herriot,23
2344605,18:54:00,18:54:10,stop_point:SP_1529,Charbonnière,24
2344605,18:56:00,18:56:10,stop_point:SP_1321,Lebas,25
2344605,18:57:00,18:57:10,stop_point:SP_1336,Empalot,26
2344606,18:55:00,18:55:10,stop_point:SP_2030,Gleyze-Vieille,1
2344606,18:56:00,18:56:10,stop_point:SP_2668,Ecole Gleyze-Vieille,2
2344606,18:57:00,18:57:10,stop_point:SP_1235,Salas,3
2344606,18:57:00,18:57:10,stop_point:SP_1459,Aéropostale,4
2344606,18:58:00,18:58:10,stop_point:SP_3888,Estérel,5
2344606,18:59:00,18:59:10,stop_point:SP_3638,Pouvourville,6
2344606,19:00:00,19:00:10,stop_point:SP_1218,Eglise Pouvourville,7
2344606,19:01:00,19:01:10,stop_point:SP_3410,Pastel,8
2344606,19:02:00,19:02:10,stop_point:SP_1203,Narrade,9
2344606,19:04:00,19:04:10,stop_point:SP_3843,Hôpital Larrey,10
2344606,19:05:00,19:05:10,stop_point:SP_1445,Larrey,11
2344606,19:05:00,19:05:10,stop_point:SP_3081,Bourdette,12
2344606,19:07:00,19:07:10,stop_point:SP_1961,Ducuing Ponsan,13
2344606,19:07:00,19:07:10,stop_point:SP_2266,Ducuing,14
2344606,19:08:00,19:08:10,stop_point:SP_3266,Université Paul Sabatier,15
2344606,19:09:00,19:09:10,stop_point:SP_1424,Ducuing,16
2344606,19:10:00,19:10:10,stop_point:SP_290,Ducuing Ponsan,17
2344606,19:10:00,19:10:10,stop_point:SP_4747,Faculté de Médecine,18
2344606,19:11:00,19:11:10,stop_point:SP_1913,Ponsan Bellevue,19
2344606,19:12:00,19:12:10,stop_point:SP_1021,Coteaux,20
2344606,19:13:00,19:13:10,stop_point:SP_709,Bon Voisin,21
2344606,19:15:00,19:15:10,stop_point:SP_2731,Palmiers,22
2344606,19:15:00,19:15:10,stop_point:SP_3327,Herriot,23
2344606,19:17:00,19:17:10,stop_point:SP_1529,Charbonnière,24
2344606,19:18:00,19:18:10,stop_point:SP_1321,Lebas,25
2344606,19:19:00,19:19:10,stop_point:SP_1336,Empalot,26
2344607,19:18:00,19:18:10,stop_point:SP_2030,Gleyze-Vieille,1
2344607,19:19:00,19:19:10,stop_point:SP_2668,Ecole Gleyze-Vieille,2
2344607,19:20:00,19:20:10,stop_point:SP_1235,Salas,3
2344607,19:20:00,19:20:10,stop_point:SP_1459,Aéropostale,4
2344607,19:21:00,19:21:10,stop_point:SP_3888,Estérel,5
2344607,19:22:00,19:22:10,stop_point:SP_3638,Pouvourville,6
2344607,19:23:00,19:23:10,stop_point:SP_1218,Eglise Pouvourville,7
2344607,19:24:00,19:24:10,stop_point:SP_3410,Pastel,8
2344607,19:25:00,19:25:10,stop_point:SP_1203,Narrade,9
2344607,19:27:00,19:27:10,stop_point:SP_3843,Hôpital Larrey,10
2344607,19:28:00,19:28:10,stop_point:SP_1445,Larrey,11
2344607,19:28:00,19:28:10,stop_point:SP_3081,Bourdette,12
2344607,19:30:00,19:30:10,stop_point:SP_1961,Ducuing Ponsan,13
2344607,19:30:00,19:30:10,stop_point:SP_2266,Ducuing,14
2344607,19:31:00,19:31:10,stop_point:SP_3266,Université Paul Sabatier,15
2344607,19:32:00,19:32:10,stop_point:SP_1424,Ducuing,16
2344607,19:33:00,19:33:10,stop_point:SP_290,Ducuing Ponsan,17
2344607,19:33:00,19:33:10,stop_point:SP_4747,Faculté de Médecine,18
2344607,19:34:00,19:34:10,stop_point:SP_1913,Ponsan Bellevue,19
2344607,19:35:00,19:35:10,stop_point:SP_1021,Coteaux,20
2344607,19:36:00,19:36:10,stop_point:SP_709,Bon Voisin,21
2344607,19:38:00,19:38:10,stop_point:SP_2731,Palmiers,22
2344607,19:38:00,19:38:10,stop_point:SP_3327,Herriot,23
2344607,19:40:00,19:40:10,stop_point:SP_1529,Charbonnière,24
2344607,19:41:00,19:41:10,stop_point:SP_1321,Lebas,25
2344607,19:42:00,19:42:10,stop_point:SP_1336,Empalot,26
2344608,19:49:00,19:49:10,stop_point:SP_2030,Gleyze-Vieille,1
2344608,19:50:00,19:50:10,stop_point:SP_2668,Ecole Gleyze-Vieille,2
2344608,19:51:00,19:51:10,stop_point:SP_1235,Salas,3
2344608,19:51:00,19:51:10,stop_point:SP_1459,Aéropostale,4
2344608,19:52:00,19:52:10,stop_point:SP_3888,Estérel,5
2344608,19:53:00,19:53:10,stop_point:SP_3638,Pouvourville,6
2344608,19:54:00,19:54:10,stop_point:SP_1218,Eglise Pouvourville,7
2344608,19:55:00,19:55:10,stop_point:SP_3410,Pastel,8
2344608,19:56:00,19:56:10,stop_point:SP_1203,Narrade,9
2344608,19:58:00,19:58:10,stop_point:SP_3843,Hôpital Larrey,10
2344608,19:59:00,19:59:10,stop_point:SP_1445,Larrey,11
2344608,19:59:00,19:59:10,stop_point:SP_3081,Bourdette,12
2344608,20:01:00,20:01:10,stop_point:SP_1961,Ducuing Ponsan,13
2344608,20:01:00,20:01:10,stop_point:SP_2266,Ducuing,14
2344608,20:02:00,20:02:10,stop_point:SP_3266,Université Paul Sabatier,15
2344608,20:03:00,20:03:10,stop_point:SP_1424,Ducuing,16
2344608,20:04:00,20:04:10,stop_point:SP_290,Ducuing Ponsan,17
2344608,20:04:00,20:04:10,stop_point:SP_4747,Faculté de Médecine,18
2344608,20:05:00,20:05:10,stop_point:SP_1913,Ponsan Bellevue,19
2344608,20:06:00,20:06:10,stop_point:SP_1021,Coteaux,20
2344608,20:07:00,20:07:10,stop_point:SP_709,Bon Voisin,21
2344608,20:09:00,20:09:10,stop_point:SP_2731,Palmiers,22
2344608,20:09:00,20:09:10,stop_point:SP_3327,Herriot,23
2344608,20:11:00,20:11:10,stop_point:SP_1529,Charbonnière,24
2344608,20:12:00,20:12:10,stop_point:SP_1321,Lebas,25
2344608,20:13:00,20:13:10,stop_point:SP_1336,Empalot,26
2344609,20:25:00,20:25:10,stop_point:SP_2030,Gleyze-Vieille,1
2344609,20:26:00,20:26:10,stop_point:SP_2668,Ecole Gleyze-Vieille,2
2344609,20:27:00,20:27:10,stop_point:SP_1235,Salas,3
2344609,20:27:00,20:27:10,stop_point:SP_1459,Aéropostale,4
2344609,20:28:00,20:28:10,stop_point:SP_3888,Estérel,5
2344609,20:29:00,20:29:10,stop_point:SP_3638,Pouvourville,6
2344609,20:30:00,20:30:10,stop_point:SP_1218,Eglise Pouvourville,7
2344609,20:31:00,20:31:10,stop_point:SP_3410,Pastel,8
2344609,20:32:00,20:32:10,stop_point:SP_1203,Narrade,9
2344609,20:34:00,20:34:10,stop_point:SP_3843,Hôpital Larrey,10
2344609,20:35:00,20:35:10,stop_point:SP_1445,Larrey,11
2344609,20:35:00,20:35:10,stop_point:SP_3081,Bourdette,12
2344609,20:37:00,20:37:10,stop_point:SP_1961,Ducuing Ponsan,13
2344609,20:37:00,20:37:10,stop_point:SP_2266,Ducuing,14
2344609,20:38:00,20:38:10,stop_point:SP_3266,Université Paul Sabatier,15
2344609,20:39:00,20:39:10,stop_point:SP_1424,Ducuing,16
2344609,20:40:00,20:40:10,stop_point:SP_290,Ducuing Ponsan,17
2344609,20:40:00,20:40:10,stop_point:SP_4747,Faculté de Médecine,18
2344609,20:41:00,20:41:10,stop_point:SP_1913,Ponsan Bellevue,19
2344609,20:42:00,20:42:10,stop_point:SP_1021,Coteaux,20
2344609,20:43:00,20:43:10,stop_point:SP_709,Bon Voisin,21
2344609,20:45:00,20:45:10,stop_point:SP_2731,Palmiers,22
2344609,20:45:00,20:45:10,stop_point:SP_3327,Herriot,23
2344609,20:47:00,20:47:10,stop_point:SP_1529,Charbonnière,24
2344609,20:48:00,20:48:10,stop_point:SP_1321,Lebas,25
2344609,20:49:00,20:49:10,stop_point:SP_1336,Empalot,26
2344610,21:05:00,21:05:10,stop_point:SP_2030,Gleyze-Vieille,1
2344610,21:06:00,21:06:10,stop_point:SP_2668,Ecole Gleyze-Vieille,2
2344610,21:07:00,21:07:10,stop_point:SP_1235,Salas,3
2344610,21:07:00,21:07:10,stop_point:SP_1459,Aéropostale,4
2344610,21:08:00,21:08:10,stop_point:SP_3888,Estérel,5
2344610,21:09:00,21:09:10,stop_point:SP_3638,Pouvourville,6
2344610,21:10:00,21:10:10,stop_point:SP_1218,Eglise Pouvourville,7
2344610,21:11:00,21:11:10,stop_point:SP_3410,Pastel,8
2344610,21:12:00,21:12:10,stop_point:SP_1203,Narrade,9
2344610,21:14:00,21:14:10,stop_point:SP_3843,Hôpital Larrey,10
2344610,21:15:00,21:15:10,stop_point:SP_1445,Larrey,11
2344610,21:15:00,21:15:10,stop_point:SP_3081,Bourdette,12
2344610,21:17:00,21:17:10,stop_point:SP_1961,Ducuing Ponsan,13
2344610,21:17:00,21:17:10,stop_point:SP_2266,Ducuing,14
2344610,21:18:00,21:18:10,stop_point:SP_3266,Université Paul Sabatier,15
2344610,21:19:00,21:19:10,stop_point:SP_1424,Ducuing,16
2344610,21:20:00,21:20:10,stop_point:SP_290,Ducuing Ponsan,17
2344610,21:20:00,21:20:10,stop_point:SP_4747,Faculté de Médecine,18
2344610,21:21:00,21:21:10,stop_point:SP_1913,Ponsan Bellevue,19
2344610,21:22:00,21:22:10,stop_point:SP_1021,Coteaux,20
2344610,21:23:00,21:23:10,stop_point:SP_709,Bon Voisin,21
2344610,21:25:00,21:25:10,stop_point:SP_2731,Palmiers,22
2344610,21:25:00,21:25:10,stop_point:SP_3327,Herriot,23
2344610,21:27:00,21:27:10,stop_point:SP_1529,Charbonnière,24
2344610,21:28:00,21:28:10,stop_point:SP_1321,Lebas,25
2344610,21:29:00,21:29:10,stop_point:SP_1336,Empalot,26
2344611,05:45:00,05:45:10,stop_point:SP_1336,Empalot,1
2344611,05:46:00,05:46:10,stop_point:SP_728,Lebas,2
2344611,05:47:00,05:47:10,stop_point:SP_1575,Charbonnière,3
2344611,05:48:00,05:48:10,stop_point:SP_3000,Herriot,4
2344611,05:48:00,05:48:10,stop_point:SP_2945,Palmiers,5
2344611,05:49:00,05:49:10,stop_point:SP_1654,Bon Voisin,6
2344611,05:50:00,05:50:10,stop_point:SP_1225,Coteaux,7
2344611,05:51:00,05:51:10,stop_point:SP_2734,Ponsan Bellevue,8
2344611,05:52:00,05:52:10,stop_point:SP_4746,Faculté de Médecine,9
2344611,05:53:00,05:53:10,stop_point:SP_1961,Ducuing Ponsan,10
2344611,05:54:00,05:54:10,stop_point:SP_2266,Ducuing,11
2344611,05:55:00,05:55:10,stop_point:SP_3266,Université Paul Sabatier,12
2344611,05:56:00,05:56:10,stop_point:SP_1424,Ducuing,13
2344611,05:57:00,05:57:10,stop_point:SP_290,Ducuing Ponsan,14
2344611,05:59:00,05:59:10,stop_point:SP_1088,Bourdette,15
2344611,06:00:00,06:00:10,stop_point:SP_3843,Hôpital Larrey,16
2344611,06:01:00,06:01:10,stop_point:SP_3448,Larrey,17
2344611,06:02:00,06:02:10,stop_point:SP_2619,Narrade,18
2344611,06:02:00,06:02:10,stop_point:SP_745,Pastel,19
2344611,06:03:00,06:03:10,stop_point:SP_1438,Eglise Pouvourville,20
2344611,06:04:00,06:04:10,stop_point:SP_1568,Pouvourville,21
2344611,06:05:00,06:05:10,stop_point:SP_1857,Estérel,22
2344611,06:05:00,06:05:10,stop_point:SP_2254,Aéropostale,23
2344611,06:06:00,06:06:10,stop_point:SP_955,Salas,24
2344611,06:06:00,06:06:10,stop_point:SP_132,Ecole Gleyze-Vieille,25
2344611,06:07:00,06:07:10,stop_point:SP_2030,Gleyze-Vieille,26
2344612,06:09:00,06:09:10,stop_point:SP_1336,Empalot,1
2344612,06:10:00,06:10:10,stop_point:SP_728,Lebas,2
2344612,06:11:00,06:11:10,stop_point:SP_1575,Charbonnière,3
2344612,06:12:00,06:12:10,stop_point:SP_3000,Herriot,4
2344612,06:12:00,06:12:10,stop_point:SP_2945,Palmiers,5
2344612,06:13:00,06:13:10,stop_point:SP_1654,Bon Voisin,6
2344612,06:14:00,06:14:10,stop_point:SP_1225,Coteaux,7
2344612,06:15:00,06:15:10,stop_point:SP_2734,Ponsan Bellevue,8
2344612,06:16:00,06:16:10,stop_point:SP_4746,Faculté de Médecine,9
2344612,06:17:00,06:17:10,stop_point:SP_1961,Ducuing Ponsan,10
2344612,06:18:00,06:18:10,stop_point:SP_2266,Ducuing,11
2344612,06:19:00,06:19:10,stop_point:SP_3266,Université Paul Sabatier,12
2344612,06:20:00,06:20:10,stop_point:SP_1424,Ducuing,13
2344612,06:21:00,06:21:10,stop_point:SP_290,Ducuing Ponsan,14
2344612,06:23:00,06:23:10,stop_point:SP_1088,Bourdette,15
2344612,06:24:00,06:24:10,stop_point:SP_3843,Hôpital Larrey,16
2344612,06:25:00,06:25:10,stop_point:SP_3448,Larrey,17
2344612,06:26:00,06:26:10,stop_point:SP_2619,Narrade,18
2344612,06:26:00,06:26:10,stop_point:SP_745,Pastel,19
2344612,06:27:00,06:27:10,stop_point:SP_1438,Eglise Pouvourville,20
2344612,06:28:00,06:28:10,stop_point:SP_1568,Pouvourville,21
2344612,06:29:00,06:29:10,stop_point:SP_1857,Estérel,22
2344612,06:29:00,06:29:10,stop_point:SP_2254,Aéropostale,23
2344612,06:30:00,06:30:10,stop_point:SP_955,Salas,24
2344612,06:30:00,06:30:10,stop_point:SP_132,Ecole Gleyze-Vieille,25
2344612,06:31:00,06:31:10,stop_point:SP_2030,Gleyze-Vieille,26
2344613,06:25:00,06:25:10,stop_point:SP_1336,Empalot,1
2344613,06:26:00,06:26:10,stop_point:SP_728,Lebas,2
2344613,06:27:00,06:27:10,stop_point:SP_1575,Charbonnière,3
2344613,06:28:00,06:28:10,stop_point:SP_3000,Herriot,4
2344613,06:28:00,06:28:10,stop_point:SP_2945,Palmiers,5
2344613,06:29:00,06:29:10,stop_point:SP_1654,Bon Voisin,6
2344613,06:30:00,06:30:10,stop_point:SP_1225,Coteaux,7
2344613,06:31:00,06:31:10,stop_point:SP_2734,Ponsan Bellevue,8
2344613,06:32:00,06:32:10,stop_point:SP_4746,Faculté de Médecine,9
2344613,06:33:00,06:33:10,stop_point:SP_1961,Ducuing Ponsan,10
2344613,06:34:00,06:34:10,stop_point:SP_2266,Ducuing,11
2344613,06:35:00,06:35:10,stop_point:SP_3266,Université Paul Sabatier,12
2344613,06:36:00,06:36:10,stop_point:SP_1424,Ducuing,13
2344613,06:37:00,06:37:10,stop_point:SP_290,Ducuing Ponsan,14
2344613,06:39:00,06:39:10,stop_point:SP_1088,Bourdette,15
2344613,06:40:00,06:40:10,stop_point:SP_3843,Hôpital Larrey,16
2344613,06:41:00,06:41:10,stop_point:SP_3448,Larrey,17
2344613,06:42:00,06:42:10,stop_point:SP_2619,Narrade,18
2344613,06:42:00,06:42:10,stop_point:SP_745,Pastel,19
2344613,06:43:00,06:43:10,stop_point:SP_1438,Eglise Pouvourville,20
2344613,06:44:00,06:44:10,stop_point:SP_1568,Pouvourville,21
2344613,06:45:00,06:45:10,stop_point:SP_1857,Estérel,22
2344613,06:45:00,06:45:10,stop_point:SP_2254,Aéropostale,23
2344613,06:46:00,06:46:10,stop_point:SP_955,Salas,24
2344613,06:46:00,06:46:10,stop_point:SP_132,Ecole Gleyze-Vieille,25
2344613,06:47:00,06:47:10,stop_point:SP_2030,Gleyze-Vieille,26
2344614,06:38:00,06:38:10,stop_point:SP_1336,Empalot,1
2344614,06:39:00,06:39:10,stop_point:SP_728,Lebas,2
2344614,06:40:00,06:40:10,stop_point:SP_1575,Charbonnière,3
2344614,06:41:00,06:41:10,stop_point:SP_3000,Herriot,4
2344614,06:41:00,06:41:10,stop_point:SP_2945,Palmiers,5
2344614,06:42:00,06:42:10,stop_point:SP_1654,Bon Voisin,6
2344614,06:43:00,06:43:10,stop_point:SP_1225,Coteaux,7
2344614,06:44:00,06:44:10,stop_point:SP_2734,Ponsan Bellevue,8
2344614,06:45:00,06:45:10,stop_point:SP_4746,Faculté de Médecine,9
2344614,06:46:00,06:46:10,stop_point:SP_1961,Ducuing Ponsan,10
2344614,06:47:00,06:47:10,stop_point:SP_2266,Ducuing,11
2344614,06:48:00,06:48:10,stop_point:SP_3266,Université Paul Sabatier,12
2344614,06:49:00,06:49:10,stop_point:SP_1424,Ducuing,13
2344614,06:50:00,06:50:10,stop_point:SP_290,Ducuing Ponsan,14
2344614,06:52:00,06:52:10,stop_point:SP_1088,Bourdette,15
2344614,06:53:00,06:53:10,stop_point:SP_3843,Hôpital Larrey,16
2344614,06:55:00,06:55:10,stop_point:SP_3448,Larrey,17
2344614,06:55:00,06:55:10,stop_point:SP_2619,Narrade,18
2344614,06:56:00,06:56:10,stop_point:SP_745,Pastel,19
2344614,06:57:00,06:57:10,stop_point:SP_1438,Eglise Pouvourville,20
2344614,06:58:00,06:58:10,stop_point:SP_1568,Pouvourville,21
2344614,06:59:00,06:59:10,stop_point:SP_1857,Estérel,22
2344614,06:59:00,06:59:10,stop_point:SP_2254,Aéropostale,23
2344614,07:00:00,07:00:10,stop_point:SP_955,Salas,24
2344614,07:00:00,07:00:10,stop_point:SP_132,Ecole Gleyze-Vieille,25
2344614,07:01:00,07:01:10,stop_point:SP_2030,Gleyze-Vieille,26
2344615,06:49:00,06:49:10,stop_point:SP_1336,Empalot,1
2344615,06:50:00,06:50:10,stop_point:SP_728,Lebas,2
2344615,06:51:00,06:51:10,stop_point:SP_1575,Charbonnière,3
2344615,06:52:00,06:52:10,stop_point:SP_3000,Herriot,4
2344615,06:53:00,06:53:10,stop_point:SP_2945,Palmiers,5
2344615,06:54:00,06:54:10,stop_point:SP_1654,Bon Voisin,6
2344615,06:55:00,06:55:10,stop_point:SP_1225,Coteaux,7
2344615,06:56:00,06:56:10,stop_point:SP_2734,Ponsan Bellevue,8
2344615,06:57:00,06:57:10,stop_point:SP_4746,Faculté de Médecine,9
2344615,06:58:00,06:58:10,stop_point:SP_1961,Ducuing Ponsan,10
2344615,06:59:00,06:59:10,stop_point:SP_2266,Ducuing,11
2344615,07:00:00,07:00:10,stop_point:SP_3266,Université Paul Sabatier,12
2344615,07:01:00,07:01:10,stop_point:SP_1424,Ducuing,13
2344615,07:02:00,07:02:10,stop_point:SP_290,Ducuing Ponsan,14
2344615,07:04:00,07:04:10,stop_point:SP_1088,Bourdette,15
2344615,07:05:00,07:05:10,stop_point:SP_3843,Hôpital Larrey,16
2344615,07:07:00,07:07:10,stop_point:SP_3448,Larrey,17
2344615,07:07:00,07:07:10,stop_point:SP_2619,Narrade,18
2344615,07:08:00,07:08:10,stop_point:SP_745,Pastel,19
2344615,07:09:00,07:09:10,stop_point:SP_1438,Eglise Pouvourville,20
2344615,07:10:00,07:10:10,stop_point:SP_1568,Pouvourville,21
2344615,07:11:00,07:11:10,stop_point:SP_1857,Estérel,22
2344615,07:11:00,07:11:10,stop_point:SP_2254,Aéropostale,23
2344615,07:12:00,07:12:10,stop_point:SP_955,Salas,24
2344615,07:12:00,07:12:10,stop_point:SP_132,Ecole Gleyze-Vieille,25
2344615,07:13:00,07:13:10,stop_point:SP_2030,Gleyze-Vieille,26
2344616,07:00:00,07:00:10,stop_point:SP_1336,Empalot,1
2344616,07:01:00,07:01:10,stop_point:SP_728,Lebas,2
2344616,07:02:00,07:02:10,stop_point:SP_1575,Charbonnière,3
2344616,07:03:00,07:03:10,stop_point:SP_3000,Herriot,4
2344616,07:04:00,07:04:10,stop_point:SP_2945,Palmiers,5
2344616,07:05:00,07:05:10,stop_point:SP_1654,Bon Voisin,6
2344616,07:06:00,07:06:10,stop_point:SP_1225,Coteaux,7
2344616,07:07:00,07:07:10,stop_point:SP_2734,Ponsan Bellevue,8
2344616,07:08:00,07:08:10,stop_point:SP_4746,Faculté de Médecine,9
2344616,07:09:00,07:09:10,stop_point:SP_1961,Ducuing Ponsan,10
2344616,07:10:00,07:10:10,stop_point:SP_2266,Ducuing,11
2344616,07:11:00,07:11:10,stop_point:SP_3266,Université Paul Sabatier,12
2344616,07:12:00,07:12:10,stop_point:SP_1424,Ducuing,13
2344616,07:13:00,07:13:10,stop_point:SP_290,Ducuing Ponsan,14
2344616,07:15:00,07:15:10,stop_point:SP_1088,Bourdette,15
2344616,07:16:00,07:16:10,stop_point:SP_3843,Hôpital Larrey,16
2344616,07:18:00,07:18:10,stop_point:SP_3448,Larrey,17
2344616,07:18:00,07:18:10,stop_point:SP_2619,Narrade,18
2344616,07:19:00,07:19:10,stop_point:SP_745,Pastel,19
2344616,07:20:00,07:20:10,stop_point:SP_1438,Eglise Pouvourville,20
2344616,07:21:00,07:21:10,stop_point:SP_1568,Pouvourville,21
2344616,07:22:00,07:22:10,stop_point:SP_1857,Estérel,22
2344616,07:22:00,07:22:10,stop_point:SP_2254,Aéropostale,23
2344616,07:23:00,07:23:10,stop_point:SP_955,Salas,24
2344616,07:23:00,07:23:10,stop_point:SP_132,Ecole Gleyze-Vieille,25
2344616,07:24:00,07:24:10,stop_point:SP_2030,Gleyze-Vieille,26
2344617,07:09:00,07:09:10,stop_point:SP_1336,Empalot,1
2344617,07:10:00,07:10:10,stop_point:SP_728,Lebas,2
2344617,07:11:00,07:11:10,stop_point:SP_1575,Charbonnière,3
2344617,07:12:00,07:12:10,stop_point:SP_3000,Herriot,4
2344617,07:13:00,07:13:10,stop_point:SP_2945,Palmiers,5
2344617,07:14:00,07:14:10,stop_point:SP_1654,Bon Voisin,6
2344617,07:15:00,07:15:10,stop_point:SP_1225,Coteaux,7
2344617,07:18:00,07:18:10,stop_point:SP_2734,Ponsan Bellevue,8
2344617,07:19:00,07:19:10,stop_point:SP_4746,Faculté de Médecine,9
2344617,07:21:00,07:21:10,stop_point:SP_1961,Ducuing Ponsan,10
2344617,07:22:00,07:22:10,stop_point:SP_2266,Ducuing,11
2344617,07:24:00,07:24:10,stop_point:SP_3266,Université Paul Sabatier,12
2344617,07:26:00,07:26:10,stop_point:SP_1424,Ducuing,13
2344617,07:27:00,07:27:10,stop_point:SP_290,Ducuing Ponsan,14
2344617,07:29:00,07:29:10,stop_point:SP_1088,Bourdette,15
2344617,07:31:00,07:31:10,stop_point:SP_3843,Hôpital Larrey,16
2344617,07:33:00,07:33:10,stop_point:SP_3448,Larrey,17
2344617,07:33:00,07:33:10,stop_point:SP_2619,Narrade,18
2344617,07:34:00,07:34:10,stop_point:SP_745,Pastel,19
2344617,07:35:00,07:35:10,stop_point:SP_1438,Eglise Pouvourville,20
2344617,07:36:00,07:36:10,stop_point:SP_1568,Pouvourville,21
2344617,07:37:00,07:37:10,stop_point:SP_1857,Estérel,22
2344617,07:38:00,07:38:10,stop_point:SP_2254,Aéropostale,23
2344617,07:38:00,07:38:10,stop_point:SP_955,Salas,24
2344617,07:39:00,07:39:10,stop_point:SP_132,Ecole Gleyze-Vieille,25
2344617,07:40:00,07:40:10,stop_point:SP_2030,Gleyze-Vieille,26
2344618,07:22:00,07:22:10,stop_point:SP_1336,Empalot,1
2344618,07:24:00,07:24:10,stop_point:SP_728,Lebas,2
2344618,07:24:00,07:24:10,stop_point:SP_1575,Charbonnière,3
2344618,07:26:00,07:26:10,stop_point:SP_3000,Herriot,4
2344618,07:27:00,07:27:10,stop_point:SP_2945,Palmiers,5
2344618,07:28:00,07:28:10,stop_point:SP_1654,Bon Voisin,6
2344618,07:29:00,07:29:10,stop_point:SP_1225,Coteaux,7
2344618,07:32:00,07:32:10,stop_point:SP_2734,Ponsan Bellevue,8
2344618,07:33:00,07:33:10,stop_point:SP_4746,Faculté de Médecine,9
2344618,07:35:00,07:35:10,stop_point:SP_1961,Ducuing Ponsan,10
2344618,07:36:00,07:36:10,stop_point:SP_2266,Ducuing,11
2344618,07:38:00,07:38:10,stop_point:SP_3266,Université Paul Sabatier,12
2344618,07:40:00,07:40:10,stop_point:SP_1424,Ducuing,13
2344618,07:41:00,07:41:10,stop_point:SP_290,Ducuing Ponsan,14
2344618,07:44:00,07:44:10,stop_point:SP_1088,Bourdette,15
2344618,07:46:00,07:46:10,stop_point:SP_3843,Hôpital Larrey,16
2344618,07:48:00,07:48:10,stop_point:SP_3448,Larrey,17
2344618,07:49:00,07:49:10,stop_point:SP_2619,Narrade,18
2344618,07:49:00,07:49:10,stop_point:SP_745,Pastel,19
2344618,07:51:00,07:51:10,stop_point:SP_1438,Eglise Pouvourville,20
2344618,07:52:00,07:52:10,stop_point:SP_1568,Pouvourville,21
2344618,07:53:00,07:53:10,stop_point:SP_1857,Estérel,22
2344618,07:54:00,07:54:10,stop_point:SP_2254,Aéropostale,23
2344618,07:54:00,07:54:10,stop_point:SP_955,Salas,24
2344618,07:55:00,07:55:10,stop_point:SP_132,Ecole Gleyze-Vieille,25
2344618,07:56:00,07:56:10,stop_point:SP_2030,Gleyze-Vieille,26
2344619,07:35:00,07:35:10,stop_point:SP_1336,Empalot,1
2344619,07:37:00,07:37:10,stop_point:SP_728,Lebas,2
2344619,07:37:00,07:37:10,stop_point:SP_1575,Charbonnière,3
2344619,07:39:00,07:39:10,stop_point:SP_3000,Herriot,4
2344619,07:40:00,07:40:10,stop_point:SP_2945,Palmiers,5
2344619,07:41:00,07:41:10,stop_point:SP_1654,Bon Voisin,6
2344619,07:42:00,07:42:10,stop_point:SP_1225,Coteaux,7
2344619,07:45:00,07:45:10,stop_point:SP_2734,Ponsan Bellevue,8
2344619,07:46:00,07:46:10,stop_point:SP_4746,Faculté de Médecine,9
2344619,07:48:00,07:48:10,stop_point:SP_1961,Ducuing Ponsan,10
2344619,07:49:00,07:49:10,stop_point:SP_2266,Ducuing,11
2344619,07:51:00,07:51:10,stop_point:SP_3266,Université Paul Sabatier,12
2344619,07:53:00,07:53:10,stop_point:SP_1424,Ducuing,13
2344619,07:54:00,07:54:10,stop_point:SP_290,Ducuing Ponsan,14
2344619,07:57:00,07:57:10,stop_point:SP_1088,Bourdette,15
2344619,07:59:00,07:59:10,stop_point:SP_3843,Hôpital Larrey,16
2344619,08:01:00,08:01:10,stop_point:SP_3448,Larrey,17
2344619,08:02:00,08:02:10,stop_point:SP_2619,Narrade,18
2344619,08:02:00,08:02:10,stop_point:SP_745,Pastel,19
2344619,08:04:00,08:04:10,stop_point:SP_1438,Eglise Pouvourville,20
2344619,08:05:00,08:05:10,stop_point:SP_1568,Pouvourville,21
2344619,08:06:00,08:06:10,stop_point:SP_1857,Estérel,22
2344619,08:07:00,08:07:10,stop_point:SP_2254,Aéropostale,23
2344619,08:07:00,08:07:10,stop_point:SP_955,Salas,24
2344619,08:08:00,08:08:10,stop_point:SP_132,Ecole Gleyze-Vieille,25
2344619,08:09:00,08:09:10,stop_point:SP_2030,Gleyze-Vieille,26
2344620,07:48:00,07:48:10,stop_point:SP_1336,Empalot,1
2344620,07:50:00,07:50:10,stop_point:SP_728,Lebas,2
2344620,07:50:00,07:50:10,stop_point:SP_1575,Charbonnière,3
2344620,07:52:00,07:52:10,stop_point:SP_3000,Herriot,4
2344620,07:53:00,07:53:10,stop_point:SP_2945,Palmiers,5
2344620,07:54:00,07:54:10,stop_point:SP_1654,Bon Voisin,6
2344620,07:55:00,07:55:10,stop_point:SP_1225,Coteaux,7
2344620,07:57:00,07:57:10,stop_point:SP_2734,Ponsan Bellevue,8
2344620,07:58:00,07:58:10,stop_point:SP_4746,Faculté de Médecine,9
2344620,08:00:00,08:00:10,stop_point:SP_1961,Ducuing Ponsan,10
2344620,08:01:00,08:01:10,stop_point:SP_2266,Ducuing,11
2344620,08:03:00,08:03:10,stop_point:SP_3266,Université Paul Sabatier,12
2344620,08:05:00,08:05:10,stop_point:SP_1424,Ducuing,13
2344620,08:06:00,08:06:10,stop_point:SP_290,Ducuing Ponsan,14
2344620,08:08:00,08:08:10,stop_point:SP_1088,Bourdette,15
2344620,08:10:00,08:10:10,stop_point:SP_3843,Hôpital Larrey,16
2344620,08:12:00,08:12:10,stop_point:SP_3448,Larrey,17
2344620,08:13:00,08:13:10,stop_point:SP_2619,Narrade,18
2344620,08:13:00,08:13:10,stop_point:SP_745,Pastel,19
2344620,08:15:00,08:15:10,stop_point:SP_1438,Eglise Pouvourville,20
2344620,08:16:00,08:16:10,stop_point:SP_1568,Pouvourville,21
2344620,08:17:00,08:17:10,stop_point:SP_1857,Estérel,22
2344620,08:18:00,08:18:10,stop_point:SP_2254,Aéropostale,23
2344620,08:18:00,08:18:10,stop_point:SP_955,Salas,24
2344620,08:19:00,08:19:10,stop_point:SP_132,Ecole Gleyze-Vieille,25
2344620,08:20:00,08:20:10,stop_point:SP_2030,Gleyze-Vieille,26
2344621,08:01:00,08:01:10,stop_point:SP_1336,Empalot,1
2344621,08:03:00,08:03:10,stop_point:SP_728,Lebas,2
2344621,08:03:00,08:03:10,stop_point:SP_1575,Charbonnière,3
2344621,08:05:00,08:05:10,stop_point:SP_3000,Herriot,4
2344621,08:06:00,08:06:10,stop_point:SP_2945,Palmiers,5
2344621,08:07:00,08:07:10,stop_point:SP_1654,Bon Voisin,6
2344621,08:08:00,08:08:10,stop_point:SP_1225,Coteaux,7
2344621,08:10:00,08:10:10,stop_point:SP_2734,Ponsan Bellevue,8
2344621,08:11:00,08:11:10,stop_point:SP_4746,Faculté de Médecine,9
2344621,08:12:00,08:12:10,stop_point:SP_1961,Ducuing Ponsan,10
2344621,08:13:00,08:13:10,stop_point:SP_2266,Ducuing,11
2344621,08:15:00,08:15:10,stop_point:SP_3266,Université Paul Sabatier,12
2344621,08:17:00,08:17:10,stop_point:SP_1424,Ducuing,13
2344621,08:18:00,08:18:10,stop_point:SP_290,Ducuing Ponsan,14
2344621,08:20:00,08:20:10,stop_point:SP_1088,Bourdette,15
2344621,08:22:00,08:22:10,stop_point:SP_3843,Hôpital Larrey,16
2344621,08:24:00,08:24:10,stop_point:SP_3448,Larrey,17
2344621,08:24:00,08:24:10,stop_point:SP_2619,Narrade,18
2344621,08:25:00,08:25:10,stop_point:SP_745,Pastel,19
2344621,08:26:00,08:26:10,stop_point:SP_1438,Eglise Pouvourville,20
2344621,08:27:00,08:27:10,stop_point:SP_1568,Pouvourville,21
2344621,08:28:00,08:28:10,stop_point:SP_1857,Estérel,22
2344621,08:29:00,08:29:10,stop_point:SP_2254,Aéropostale,23
2344621,08:29:00,08:29:10,stop_point:SP_955,Salas,24
2344621,08:30:00,08:30:10,stop_point:SP_132,Ecole Gleyze-Vieille,25
2344621,08:31:00,08:31:10,stop_point:SP_2030,Gleyze-Vieille,26
2344622,08:14:00,08:14:10,stop_point:SP_1336,Empalot,1
2344622,08:16:00,08:16:10,stop_point:SP_728,Lebas,2
2344622,08:16:00,08:16:10,stop_point:SP_1575,Charbonnière,3
2344622,08:18:00,08:18:10,stop_point:SP_3000,Herriot,4
2344622,08:19:00,08:19:10,stop_point:SP_2945,Palmiers,5
2344622,08:20:00,08:20:10,stop_point:SP_1654,Bon Voisin,6
2344622,08:21:00,08:21:10,stop_point:SP_1225,Coteaux,7
2344622,08:23:00,08:23:10,stop_point:SP_2734,Ponsan Bellevue,8
2344622,08:24:00,08:24:10,stop_point:SP_4746,Faculté de Médecine,9
2344622,08:25:00,08:25:10,stop_point:SP_1961,Ducuing Ponsan,10
2344622,08:26:00,08:26:10,stop_point:SP_2266,Ducuing,11
2344622,08:27:00,08:27:10,stop_point:SP_3266,Université Paul Sabatier,12
2344622,08:29:00,08:29:10,stop_point:SP_1424,Ducuing,13
2344622,08:30:00,08:30:10,stop_point:SP_290,Ducuing Ponsan,14
2344622,08:32:00,08:32:10,stop_point:SP_1088,Bourdette,15
2344622,08:34:00,08:34:10,stop_point:SP_3843,Hôpital Larrey,16
2344622,08:36:00,08:36:10,stop_point:SP_3448,Larrey,17
2344622,08:36:00,08:36:10,stop_point:SP_2619,Narrade,18
2344622,08:37:00,08:37:10,stop_point:SP_745,Pastel,19
2344622,08:38:00,08:38:10,stop_point:SP_1438,Eglise Pouvourville,20
2344622,08:39:00,08:39:10,stop_point:SP_1568,Pouvourville,21
2344622,08:40:00,08:40:10,stop_point:SP_1857,Estérel,22
2344622,08:40:00,08:40:10,stop_point:SP_2254,Aéropostale,23
2344622,08:41:00,08:41:10,stop_point:SP_955,Salas,24
2344622,08:41:00,08:41:10,stop_point:SP_132,Ecole Gleyze-Vieille,25
2344622,08:42:00,08:42:10,stop_point:SP_2030,Gleyze-Vieille,26
2344623,08:26:00,08:26:10,stop_point:SP_1336,Empalot,1
2344623,08:28:00,08:28:10,stop_point:SP_728,Lebas,2
2344623,08:28:00,08:28:10,stop_point:SP_1575,Charbonnière,3
2344623,08:30:00,08:30:10,stop_point:SP_3000,Herriot,4
2344623,08:31:00,08:31:10,stop_point:SP_2945,Palmiers,5
2344623,08:32:00,08:32:10,stop_point:SP_1654,Bon Voisin,6
2344623,08:33:00,08:33:10,stop_point:SP_1225,Coteaux,7
2344623,08:35:00,08:35:10,stop_point:SP_2734,Ponsan Bellevue,8
2344623,08:36:00,08:36:10,stop_point:SP_4746,Faculté de Médecine,9
2344623,08:37:00,08:37:10,stop_point:SP_1961,Ducuing Ponsan,10
2344623,08:38:00,08:38:10,stop_point:SP_2266,Ducuing,11
2344623,08:39:00,08:39:10,stop_point:SP_3266,Université Paul Sabatier,12
2344623,08:41:00,08:41:10,stop_point:SP_1424,Ducuing,13
2344623,08:42:00,08:42:10,stop_point:SP_290,Ducuing Ponsan,14
2344623,08:44:00,08:44:10,stop_point:SP_1088,Bourdette,15
2344623,08:46:00,08:46:10,stop_point:SP_3843,Hôpital Larrey,16
2344623,08:48:00,08:48:10,stop_point:SP_3448,Larrey,17
2344623,08:48:00,08:48:10,stop_point:SP_2619,Narrade,18
2344623,08:49:00,08:49:10,stop_point:SP_745,Pastel,19
2344623,08:50:00,08:50:10,stop_point:SP_1438,Eglise Pouvourville,20
2344623,08:51:00,08:51:10,stop_point:SP_1568,Pouvourville,21
2344623,08:52:00,08:52:10,stop_point:SP_1857,Estérel,22
2344623,08:52:00,08:52:10,stop_point:SP_2254,Aéropostale,23
2344623,08:53:00,08:53:10,stop_point:SP_955,Salas,24
2344623,08:53:00,08:53:10,stop_point:SP_132,Ecole Gleyze-Vieille,25
2344623,08:54:00,08:54:10,stop_point:SP_2030,Gleyze-Vieille,26
2344624,08:39:00,08:39:10,stop_point:SP_1336,Empalot,1
2344624,08:41:00,08:41:10,stop_point:SP_728,Lebas,2
2344624,08:41:00,08:41:10,stop_point:SP_1575,Charbonnière,3
2344624,08:43:00,08:43:10,stop_point:SP_3000,Herriot,4
2344624,08:44:00,08:44:10,stop_point:SP_2945,Palmiers,5
2344624,08:45:00,08:45:10,stop_point:SP_1654,Bon Voisin,6
2344624,08:46:00,08:46:10,stop_point:SP_1225,Coteaux,7
2344624,08:48:00,08:48:10,stop_point:SP_2734,Ponsan Bellevue,8
2344624,08:49:00,08:49:10,stop_point:SP_4746,Faculté de Médecine,9
2344624,08:50:00,08:50:10,stop_point:SP_1961,Ducuing Ponsan,10
2344624,08:51:00,08:51:10,stop_point:SP_2266,Ducuing,11
2344624,08:52:00,08:52:10,stop_point:SP_3266,Université Paul Sabatier,12
2344624,08:53:00,08:53:10,stop_point:SP_1424,Ducuing,13
2344624,08:54:00,08:54:10,stop_point:SP_290,Ducuing Ponsan,14
2344624,08:57:00,08:57:10,stop_point:SP_1088,Bourdette,15
2344624,08:58:00,08:58:10,stop_point:SP_3843,Hôpital Larrey,16
2344624,09:00:00,09:00:10,stop_point:SP_3448,Larrey,17
2344624,09:00:00,09:00:10,stop_point:SP_2619,Narrade,18
2344624,09:01:00,09:01:10,stop_point:SP_745,Pastel,19
2344624,09:02:00,09:02:10,stop_point:SP_1438,Eglise Pouvourville,20
2344624,09:03:00,09:03:10,stop_point:SP_1568,Pouvourville,21
2344624,09:04:00,09:04:10,stop_point:SP_1857,Estérel,22
2344624,09:04:00,09:04:10,stop_point:SP_2254,Aéropostale,23
2344624,09:05:00,09:05:10,stop_point:SP_955,Salas,24
2344624,09:05:00,09:05:10,stop_point:SP_132,Ecole Gleyze-Vieille,25
2344624,09:06:00,09:06:10,stop_point:SP_2030,Gleyze-Vieille,26
2344625,08:53:00,08:53:10,stop_point:SP_1336,Empalot,1
2344625,08:55:00,08:55:10,stop_point:SP_728,Lebas,2
2344625,08:55:00,08:55:10,stop_point:SP_1575,Charbonnière,3
2344625,08:57:00,08:57:10,stop_point:SP_3000,Herriot,4
2344625,08:58:00,08:58:10,stop_point:SP_2945,Palmiers,5
2344625,08:59:00,08:59:10,stop_point:SP_1654,Bon Voisin,6
2344625,09:00:00,09:00:10,stop_point:SP_1225,Coteaux,7
2344625,09:01:00,09:01:10,stop_point:SP_2734,Ponsan Bellevue,8
2344625,09:02:00,09:02:10,stop_point:SP_4746,Faculté de Médecine,9
2344625,09:03:00,09:03:10,stop_point:SP_1961,Ducuing Ponsan,10
2344625,09:04:00,09:04:10,stop_point:SP_2266,Ducuing,11
2344625,09:05:00,09:05:10,stop_point:SP_3266,Université Paul Sabatier,12
2344625,09:06:00,09:06:10,stop_point:SP_1424,Ducuing,13
2344625,09:07:00,09:07:10,stop_point:SP_290,Ducuing Ponsan,14
2344625,09:10:00,09:10:10,stop_point:SP_1088,Bourdette,15
2344625,09:11:00,09:11:10,stop_point:SP_3843,Hôpital Larrey,16
2344625,09:13:00,09:13:10,stop_point:SP_3448,Larrey,17
2344625,09:13:00,09:13:10,stop_point:SP_2619,Narrade,18
2344625,09:14:00,09:14:10,stop_point:SP_745,Pastel,19
2344625,09:15:00,09:15:10,stop_point:SP_1438,Eglise Pouvourville,20
2344625,09:16:00,09:16:10,stop_point:SP_1568,Pouvourville,21
2344625,09:17:00,09:17:10,stop_point:SP_1857,Estérel,22
2344625,09:17:00,09:17:10,stop_point:SP_2254,Aéropostale,23
2344625,09:18:00,09:18:10,stop_point:SP_955,Salas,24
2344625,09:18:00,09:18:10,stop_point:SP_132,Ecole Gleyze-Vieille,25
2344625,09:19:00,09:19:10,stop_point:SP_2030,Gleyze-Vieille,26
2344626,09:05:00,09:05:10,stop_point:SP_1336,Empalot,1
2344626,09:07:00,09:07:10,stop_point:SP_728,Lebas,2
2344626,09:07:00,09:07:10,stop_point:SP_1575,Charbonnière,3
2344626,09:09:00,09:09:10,stop_point:SP_3000,Herriot,4
2344626,09:10:00,09:10:10,stop_point:SP_2945,Palmiers,5
2344626,09:11:00,09:11:10,stop_point:SP_1654,Bon Voisin,6
2344626,09:12:00,09:12:10,stop_point:SP_1225,Coteaux,7
2344626,09:13:00,09:13:10,stop_point:SP_2734,Ponsan Bellevue,8
2344626,09:14:00,09:14:10,stop_point:SP_4746,Faculté de Médecine,9
2344626,09:15:00,09:15:10,stop_point:SP_1961,Ducuing Ponsan,10
2344626,09:16:00,09:16:10,stop_point:SP_2266,Ducuing,11
2344626,09:17:00,09:17:10,stop_point:SP_3266,Université Paul Sabatier,12
2344626,09:18:00,09:18:10,stop_point:SP_1424,Ducuing,13
2344626,09:19:00,09:19:10,stop_point:SP_290,Ducuing Ponsan,14
2344626,09:22:00,09:22:10,stop_point:SP_1088,Bourdette,15
2344626,09:23:00,09:23:10,stop_point:SP_3843,Hôpital Larrey,16
2344626,09:25:00,09:25:10,stop_point:SP_3448,Larrey,17
2344626,09:25:00,09:25:10,stop_point:SP_2619,Narrade,18
2344626,09:26:00,09:26:10,stop_point:SP_745,Pastel,19
2344626,09:27:00,09:27:10,stop_point:SP_1438,Eglise Pouvourville,20
2344626,09:28:00,09:28:10,stop_point:SP_1568,Pouvourville,21
2344626,09:29:00,09:29:10,stop_point:SP_1857,Estérel,22
2344626,09:29:00,09:29:10,stop_point:SP_2254,Aéropostale,23
2344626,09:30:00,09:30:10,stop_point:SP_955,Salas,24
2344626,09:30:00,09:30:10,stop_point:SP_132,Ecole Gleyze-Vieille,25
2344626,09:31:00,09:31:10,stop_point:SP_2030,Gleyze-Vieille,26
2344627,09:17:00,09:17:10,stop_point:SP_1336,Empalot,1
2344627,09:19:00,09:19:10,stop_point:SP_728,Lebas,2
2344627,09:19:00,09:19:10,stop_point:SP_1575,Charbonnière,3
2344627,09:21:00,09:21:10,stop_point:SP_3000,Herriot,4
2344627,09:22:00,09:22:10,stop_point:SP_2945,Palmiers,5
2344627,09:23:00,09:23:10,stop_point:SP_1654,Bon Voisin,6
2344627,09:24:00,09:24:10,stop_point:SP_1225,Coteaux,7
2344627,09:25:00,09:25:10,stop_point:SP_2734,Ponsan Bellevue,8
2344627,09:26:00,09:26:10,stop_point:SP_4746,Faculté de Médecine,9
2344627,09:27:00,09:27:10,stop_point:SP_1961,Ducuing Ponsan,10
2344627,09:28:00,09:28:10,stop_point:SP_2266,Ducuing,11
2344627,09:29:00,09:29:10,stop_point:SP_3266,Université Paul Sabatier,12
2344627,09:30:00,09:30:10,stop_point:SP_1424,Ducuing,13
2344627,09:31:00,09:31:10,stop_point:SP_290,Ducuing Ponsan,14
2344627,09:34:00,09:34:10,stop_point:SP_1088,Bourdette,15
2344627,09:35:00,09:35:10,stop_point:SP_3843,Hôpital Larrey,16
2344627,09:37:00,09:37:10,stop_point:SP_3448,Larrey,17
2344627,09:37:00,09:37:10,stop_point:SP_2619,Narrade,18
2344627,09:38:00,09:38:10,stop_point:SP_745,Pastel,19
2344627,09:39:00,09:39:10,stop_point:SP_1438,Eglise Pouvourville,20
2344627,09:40:00,09:40:10,stop_point:SP_1568,Pouvourville,21
2344627,09:41:00,09:41:10,stop_point:SP_1857,Estérel,22
2344627,09:41:00,09:41:10,stop_point:SP_2254,Aéropostale,23
2344627,09:42:00,09:42:10,stop_point:SP_955,Salas,24
2344627,09:42:00,09:42:10,stop_point:SP_132,Ecole Gleyze-Vieille,25
2344627,09:43:00,09:43:10,stop_point:SP_2030,Gleyze-Vieille,26
2344628,09:33:00,09:33:10,stop_point:SP_1336,Empalot,1
2344628,09:35:00,09:35:10,stop_point:SP_728,Lebas,2
2344628,09:35:00,09:35:10,stop_point:SP_1575,Charbonnière,3
2344628,09:37:00,09:37:10,stop_point:SP_3000,Herriot,4
2344628,09:38:00,09:38:10,stop_point:SP_2945,Palmiers,5
2344628,09:39:00,09:39:10,stop_point:SP_1654,Bon Voisin,6
2344628,09:40:00,09:40:10,stop_point:SP_1225,Coteaux,7
2344628,09:41:00,09:41:10,stop_point:SP_2734,Ponsan Bellevue,8
2344628,09:42:00,09:42:10,stop_point:SP_4746,Faculté de Médecine,9
2344628,09:43:00,09:43:10,stop_point:SP_1961,Ducuing Ponsan,10
2344628,09:44:00,09:44:10,stop_point:SP_2266,Ducuing,11
2344628,09:45:00,09:45:10,stop_point:SP_3266,Université Paul Sabatier,12
2344628,09:46:00,09:46:10,stop_point:SP_1424,Ducuing,13
2344628,09:47:00,09:47:10,stop_point:SP_290,Ducuing Ponsan,14
2344628,09:50:00,09:50:10,stop_point:SP_1088,Bourdette,15
2344628,09:51:00,09:51:10,stop_point:SP_3843,Hôpital Larrey,16
2344628,09:53:00,09:53:10,stop_point:SP_3448,Larrey,17
2344628,09:53:00,09:53:10,stop_point:SP_2619,Narrade,18
2344628,09:54:00,09:54:10,stop_point:SP_745,Pastel,19
2344628,09:55:00,09:55:10,stop_point:SP_1438,Eglise Pouvourville,20
2344628,09:56:00,09:56:10,stop_point:SP_1568,Pouvourville,21
2344628,09:57:00,09:57:10,stop_point:SP_1857,Estérel,22
2344628,09:57:00,09:57:10,stop_point:SP_2254,Aéropostale,23
2344628,09:58:00,09:58:10,stop_point:SP_955,Salas,24
2344628,09:58:00,09:58:10,stop_point:SP_132,Ecole Gleyze-Vieille,25
2344628,09:59:00,09:59:10,stop_point:SP_2030,Gleyze-Vieille,26
2344629,09:49:00,09:49:10,stop_point:SP_1336,Empalot,1
2344629,09:51:00,09:51:10,stop_point:SP_728,Lebas,2
2344629,09:51:00,09:51:10,stop_point:SP_1575,Charbonnière,3
2344629,09:53:00,09:53:10,stop_point:SP_3000,Herriot,4
2344629,09:54:00,09:54:10,stop_point:SP_2945,Palmiers,5
2344629,09:55:00,09:55:10,stop_point:SP_1654,Bon Voisin,6
2344629,09:56:00,09:56:10,stop_point:SP_1225,Coteaux,7
2344629,09:57:00,09:57:10,stop_point:SP_2734,Ponsan Bellevue,8
2344629,09:58:00,09:58:10,stop_point:SP_4746,Faculté de Médecine,9
2344629,09:59:00,09:59:10,stop_point:SP_1961,Ducuing Ponsan,10
2344629,10:00:00,10:00:10,stop_point:SP_2266,Ducuing,11
2344629,10:01:00,10:01:10,stop_point:SP_3266,Université Paul Sabatier,12
2344629,10:02:00,10:02:10,stop_point:SP_1424,Ducuing,13
2344629,10:03:00,10:03:10,stop_point:SP_290,Ducuing Ponsan,14
2344629,10:05:00,10:05:10,stop_point:SP_1088,Bourdette,15
2344629,10:06:00,10:06:10,stop_point:SP_3843,Hôpital Larrey,16
2344629,10:08:00,10:08:10,stop_point:SP_3448,Larrey,17
2344629,10:08:00,10:08:10,stop_point:SP_2619,Narrade,18
2344629,10:09:00,10:09:10,stop_point:SP_745,Pastel,19
2344629,10:10:00,10:10:10,stop_point:SP_1438,Eglise Pouvourville,20
2344629,10:11:00,10:11:10,stop_point:SP_1568,Pouvourville,21
2344629,10:12:00,10:12:10,stop_point:SP_1857,Estérel,22
2344629,10:12:00,10:12:10,stop_point:SP_2254,Aéropostale,23
2344629,10:13:00,10:13:10,stop_point:SP_955,Salas,24
2344629,10:13:00,10:13:10,stop_point:SP_132,Ecole Gleyze-Vieille,25
2344629,10:14:00,10:14:10,stop_point:SP_2030,Gleyze-Vieille,26
2344630,10:05:00,10:05:10,stop_point:SP_1336,Empalot,1
2344630,10:07:00,10:07:10,stop_point:SP_728,Lebas,2
2344630,10:07:00,10:07:10,stop_point:SP_1575,Charbonnière,3
2344630,10:09:00,10:09:10,stop_point:SP_3000,Herriot,4
2344630,10:10:00,10:10:10,stop_point:SP_2945,Palmiers,5
2344630,10:11:00,10:11:10,stop_point:SP_1654,Bon Voisin,6
2344630,10:12:00,10:12:10,stop_point:SP_1225,Coteaux,7
2344630,10:13:00,10:13:10,stop_point:SP_2734,Ponsan Bellevue,8
2344630,10:14:00,10:14:10,stop_point:SP_4746,Faculté de Médecine,9
2344630,10:15:00,10:15:10,stop_point:SP_1961,Ducuing Ponsan,10
2344630,10:16:00,10:16:10,stop_point:SP_2266,Ducuing,11
2344630,10:17:00,10:17:10,stop_point:SP_3266,Université Paul Sabatier,12
2344630,10:18:00,10:18:10,stop_point:SP_1424,Ducuing,13
2344630,10:19:00,10:19:10,stop_point:SP_290,Ducuing Ponsan,14
2344630,10:21:00,10:21:10,stop_point:SP_1088,Bourdette,15
2344630,10:22:00,10:22:10,stop_point:SP_3843,Hôpital Larrey,16
2344630,10:24:00,10:24:10,stop_point:SP_3448,Larrey,17
2344630,10:24:00,10:24:10,stop_point:SP_2619,Narrade,18
2344630,10:25:00,10:25:10,stop_point:SP_745,Pastel,19
2344630,10:26:00,10:26:10,stop_point:SP_1438,Eglise Pouvourville,20
2344630,10:27:00,10:27:10,stop_point:SP_1568,Pouvourville,21
2344630,10:28:00,10:28:10,stop_point:SP_1857,Estérel,22
2344630,10:28:00,10:28:10,stop_point:SP_2254,Aéropostale,23
2344630,10:29:00,10:29:10,stop_point:SP_955,Salas,24
2344630,10:29:00,10:29:10,stop_point:SP_132,Ecole Gleyze-Vieille,25
2344630,10:30:00,10:30:10,stop_point:SP_2030,Gleyze-Vieille,26
2344631,10:21:00,10:21:10,stop_point:SP_1336,Empalot,1
2344631,10:23:00,10:23:10,stop_point:SP_728,Lebas,2
2344631,10:23:00,10:23:10,stop_point:SP_1575,Charbonnière,3
2344631,10:25:00,10:25:10,stop_point:SP_3000,Herriot,4
2344631,10:26:00,10:26:10,stop_point:SP_2945,Palmiers,5
2344631,10:27:00,10:27:10,stop_point:SP_1654,Bon Voisin,6
2344631,10:28:00,10:28:10,stop_point:SP_1225,Coteaux,7
2344631,10:29:00,10:29:10,stop_point:SP_2734,Ponsan Bellevue,8
2344631,10:30:00,10:30:10,stop_point:SP_4746,Faculté de Médecine,9
2344631,10:31:00,10:31:10,stop_point:SP_1961,Ducuing Ponsan,10
2344631,10:32:00,10:32:10,stop_point:SP_2266,Ducuing,11
2344631,10:33:00,10:33:10,stop_point:SP_3266,Université Paul Sabatier,12
2344631,10:34:00,10:34:10,stop_point:SP_1424,Ducuing,13
2344631,10:35:00,10:35:10,stop_point:SP_290,Ducuing Ponsan,14
2344631,10:37:00,10:37:10,stop_point:SP_1088,Bourdette,15
2344631,10:38:00,10:38:10,stop_point:SP_3843,Hôpital Larrey,16
2344631,10:40:00,10:40:10,stop_point:SP_3448,Larrey,17
2344631,10:40:00,10:40:10,stop_point:SP_2619,Narrade,18
2344631,10:41:00,10:41:10,stop_point:SP_745,Pastel,19
2344631,10:42:00,10:42:10,stop_point:SP_1438,Eglise Pouvourville,20
2344631,10:43:00,10:43:10,stop_point:SP_1568,Pouvourville,21
2344631,10:44:00,10:44:10,stop_point:SP_1857,Estérel,22
2344631,10:44:00,10:44:10,stop_point:SP_2254,Aéropostale,23
2344631,10:45:00,10:45:10,stop_point:SP_955,Salas,24
2344631,10:45:00,10:45:10,stop_point:SP_132,Ecole Gleyze-Vieille,25
2344631,10:46:00,10:46:10,stop_point:SP_2030,Gleyze-Vieille,26
2344632,10:36:00,10:36:10,stop_point:SP_1336,Empalot,1
2344632,10:38:00,10:38:10,stop_point:SP_728,Lebas,2
2344632,10:38:00,10:38:10,stop_point:SP_1575,Charbonnière,3
2344632,10:40:00,10:40:10,stop_point:SP_3000,Herriot,4
2344632,10:41:00,10:41:10,stop_point:SP_2945,Palmiers,5
2344632,10:42:00,10:42:10,stop_point:SP_1654,Bon Voisin,6
2344632,10:43:00,10:43:10,stop_point:SP_1225,Coteaux,7
2344632,10:44:00,10:44:10,stop_point:SP_2734,Ponsan Bellevue,8
2344632,10:45:00,10:45:10,stop_point:SP_4746,Faculté de Médecine,9
2344632,10:46:00,10:46:10,stop_point:SP_1961,Ducuing Ponsan,10
2344632,10:47:00,10:47:10,stop_point:SP_2266,Ducuing,11
2344632,10:48:00,10:48:10,stop_point:SP_3266,Université Paul Sabatier,12
2344632,10:49:00,10:49:10,stop_point:SP_1424,Ducuing,13
2344632,10:50:00,10:50:10,stop_point:SP_290,Ducuing Ponsan,14
2344632,10:52:00,10:52:10,stop_point:SP_1088,Bourdette,15
2344632,10:53:00,10:53:10,stop_point:SP_3843,Hôpital Larrey,16
2344632,10:55:00,10:55:10,stop_point:SP_3448,Larrey,17
2344632,10:55:00,10:55:10,stop_point:SP_2619,Narrade,18
2344632,10:56:00,10:56:10,stop_point:SP_745,Pastel,19
2344632,10:57:00,10:57:10,stop_point:SP_1438,Eglise Pouvourville,20
2344632,10:58:00,10:58:10,stop_point:SP_1568,Pouvourville,21
2344632,10:59:00,10:59:10,stop_point:SP_1857,Estérel,22
2344632,10:59:00,10:59:10,stop_point:SP_2254,Aéropostale,23
2344632,11:00:00,11:00:10,stop_point:SP_955,Salas,24
2344632,11:00:00,11:00:10,stop_point:SP_132,Ecole Gleyze-Vieille,25
2344632,11:01:00,11:01:10,stop_point:SP_2030,Gleyze-Vieille,26
2344633,10:51:00,10:51:10,stop_point:SP_1336,Empalot,1
2344633,10:53:00,10:53:10,stop_point:SP_728,Lebas,2
2344633,10:53:00,10:53:10,stop_point:SP_1575,Charbonnière,3
2344633,10:55:00,10:55:10,stop_point:SP_3000,Herriot,4
2344633,10:56:00,10:56:10,stop_point:SP_2945,Palmiers,5
2344633,10:57:00,10:57:10,stop_point:SP_1654,Bon Voisin,6
2344633,10:58:00,10:58:10,stop_point:SP_1225,Coteaux,7
2344633,10:59:00,10:59:10,stop_point:SP_2734,Ponsan Bellevue,8
2344633,11:00:00,11:00:10,stop_point:SP_4746,Faculté de Médecine,9
2344633,11:01:00,11:01:10,stop_point:SP_1961,Ducuing Ponsan,10
2344633,11:02:00,11:02:10,stop_point:SP_2266,Ducuing,11
2344633,11:03:00,11:03:10,stop_point:SP_3266,Université Paul Sabatier,12
2344633,11:04:00,11:04:10,stop_point:SP_1424,Ducuing,13
2344633,11:05:00,11:05:10,stop_point:SP_290,Ducuing Ponsan,14
2344633,11:07:00,11:07:10,stop_point:SP_1088,Bourdette,15
2344633,11:08:00,11:08:10,stop_point:SP_3843,Hôpital Larrey,16
2344633,11:10:00,11:10:10,stop_point:SP_3448,Larrey,17
2344633,11:10:00,11:10:10,stop_point:SP_2619,Narrade,18
2344633,11:11:00,11:11:10,stop_point:SP_745,Pastel,19
2344633,11:12:00,11:12:10,stop_point:SP_1438,Eglise Pouvourville,20
2344633,11:13:00,11:13:10,stop_point:SP_1568,Pouvourville,21
2344633,11:14:00,11:14:10,stop_point:SP_1857,Estérel,22
2344633,11:14:00,11:14:10,stop_point:SP_2254,Aéropostale,23
2344633,11:15:00,11:15:10,stop_point:SP_955,Salas,24
2344633,11:15:00,11:15:10,stop_point:SP_132,Ecole Gleyze-Vieille,25
2344633,11:16:00,11:16:10,stop_point:SP_2030,Gleyze-Vieille,26
2344634,11:07:00,11:07:10,stop_point:SP_1336,Empalot,1
2344634,11:09:00,11:09:10,stop_point:SP_728,Lebas,2
2344634,11:09:00,11:09:10,stop_point:SP_1575,Charbonnière,3
2344634,11:11:00,11:11:10,stop_point:SP_3000,Herriot,4
2344634,11:12:00,11:12:10,stop_point:SP_2945,Palmiers,5
2344634,11:13:00,11:13:10,stop_point:SP_1654,Bon Voisin,6
2344634,11:14:00,11:14:10,stop_point:SP_1225,Coteaux,7
2344634,11:15:00,11:15:10,stop_point:SP_2734,Ponsan Bellevue,8
2344634,11:16:00,11:16:10,stop_point:SP_4746,Faculté de Médecine,9
2344634,11:17:00,11:17:10,stop_point:SP_1961,Ducuing Ponsan,10
2344634,11:18:00,11:18:10,stop_point:SP_2266,Ducuing,11
2344634,11:19:00,11:19:10,stop_point:SP_3266,Université Paul Sabatier,12
2344634,11:20:00,11:20:10,stop_point:SP_1424,Ducuing,13
2344634,11:21:00,11:21:10,stop_point:SP_290,Ducuing Ponsan,14
2344634,11:23:00,11:23:10,stop_point:SP_1088,Bourdette,15
2344634,11:24:00,11:24:10,stop_point:SP_3843,Hôpital Larrey,16
2344634,11:26:00,11:26:10,stop_point:SP_3448,Larrey,17
2344634,11:26:00,11:26:10,stop_point:SP_2619,Narrade,18
2344634,11:27:00,11:27:10,stop_point:SP_745,Pastel,19
2344634,11:28:00,11:28:10,stop_point:SP_1438,Eglise Pouvourville,20
2344634,11:29:00,11:29:10,stop_point:SP_1568,Pouvourville,21
2344634,11:30:00,11:30:10,stop_point:SP_1857,Estérel,22
2344634,11:30:00,11:30:10,stop_point:SP_2254,Aéropostale,23
2344634,11:31:00,11:31:10,stop_point:SP_955,Salas,24
2344634,11:31:00,11:31:10,stop_point:SP_132,Ecole Gleyze-Vieille,25
2344634,11:32:00,11:32:10,stop_point:SP_2030,Gleyze-Vieille,26
2344635,11:23:00,11:23:10,stop_point:SP_1336,Empalot,1
2344635,11:25:00,11:25:10,stop_point:SP_728,Lebas,2
2344635,11:25:00,11:25:10,stop_point:SP_1575,Charbonnière,3
2344635,11:27:00,11:27:10,stop_point:SP_3000,Herriot,4
2344635,11:28:00,11:28:10,stop_point:SP_2945,Palmiers,5
2344635,11:29:00,11:29:10,stop_point:SP_1654,Bon Voisin,6
2344635,11:30:00,11:30:10,stop_point:SP_1225,Coteaux,7
2344635,11:31:00,11:31:10,stop_point:SP_2734,Ponsan Bellevue,8
2344635,11:32:00,11:32:10,stop_point:SP_4746,Faculté de Médecine,9
2344635,11:33:00,11:33:10,stop_point:SP_1961,Ducuing Ponsan,10
2344635,11:34:00,11:34:10,stop_point:SP_2266,Ducuing,11
2344635,11:35:00,11:35:10,stop_point:SP_3266,Université Paul Sabatier,12
2344635,11:36:00,11:36:10,stop_point:SP_1424,Ducuing,13
2344635,11:37:00,11:37:10,stop_point:SP_290,Ducuing Ponsan,14
2344635,11:39:00,11:39:10,stop_point:SP_1088,Bourdette,15
2344635,11:40:00,11:40:10,stop_point:SP_3843,Hôpital Larrey,16
2344635,11:42:00,11:42:10,stop_point:SP_3448,Larrey,17
2344635,11:42:00,11:42:10,stop_point:SP_2619,Narrade,18
2344635,11:43:00,11:43:10,stop_point:SP_745,Pastel,19
2344635,11:44:00,11:44:10,stop_point:SP_1438,Eglise Pouvourville,20
2344635,11:45:00,11:45:10,stop_point:SP_1568,Pouvourville,21
2344635,11:46:00,11:46:10,stop_point:SP_1857,Estérel,22
2344635,11:46:00,11:46:10,stop_point:SP_2254,Aéropostale,23
2344635,11:47:00,11:47:10,stop_point:SP_955,Salas,24
2344635,11:47:00,11:47:10,stop_point:SP_132,Ecole Gleyze-Vieille,25
2344635,11:48:00,11:48:10,stop_point:SP_2030,Gleyze-Vieille,26
2344636,11:39:00,11:39:10,stop_point:SP_1336,Empalot,1
2344636,11:41:00,11:41:10,stop_point:SP_728,Lebas,2
2344636,11:41:00,11:41:10,stop_point:SP_1575,Charbonnière,3
2344636,11:43:00,11:43:10,stop_point:SP_3000,Herriot,4
2344636,11:44:00,11:44:10,stop_point:SP_2945,Palmiers,5
2344636,11:45:00,11:45:10,stop_point:SP_1654,Bon Voisin,6
2344636,11:46:00,11:46:10,stop_point:SP_1225,Coteaux,7
2344636,11:47:00,11:47:10,stop_point:SP_2734,Ponsan Bellevue,8
2344636,11:48:00,11:48:10,stop_point:SP_4746,Faculté de Médecine,9
2344636,11:49:00,11:49:10,stop_point:SP_1961,Ducuing Ponsan,10
2344636,11:50:00,11:50:10,stop_point:SP_2266,Ducuing,11
2344636,11:51:00,11:51:10,stop_point:SP_3266,Université Paul Sabatier,12
2344636,11:52:00,11:52:10,stop_point:SP_1424,Ducuing,13
2344636,11:53:00,11:53:10,stop_point:SP_290,Ducuing Ponsan,14
2344636,11:55:00,11:55:10,stop_point:SP_1088,Bourdette,15
2344636,11:56:00,11:56:10,stop_point:SP_3843,Hôpital Larrey,16
2344636,11:58:00,11:58:10,stop_point:SP_3448,Larrey,17
2344636,11:58:00,11:58:10,stop_point:SP_2619,Narrade,18
2344636,11:59:00,11:59:10,stop_point:SP_745,Pastel,19
2344636,12:00:00,12:00:10,stop_point:SP_1438,Eglise Pouvourville,20
2344636,12:01:00,12:01:10,stop_point:SP_1568,Pouvourville,21
2344636,12:02:00,12:02:10,stop_point:SP_1857,Estérel,22
2344636,12:02:00,12:02:10,stop_point:SP_2254,Aéropostale,23
2344636,12:03:00,12:03:10,stop_point:SP_955,Salas,24
2344636,12:03:00,12:03:10,stop_point:SP_132,Ecole Gleyze-Vieille,25
2344636,12:04:00,12:04:10,stop_point:SP_2030,Gleyze-Vieille,26
2344637,11:55:00,11:55:10,stop_point:SP_1336,Empalot,1
2344637,11:57:00,11:57:10,stop_point:SP_728,Lebas,2
2344637,11:57:00,11:57:10,stop_point:SP_1575,Charbonnière,3
2344637,11:59:00,11:59:10,stop_point:SP_3000,Herriot,4
2344637,12:00:00,12:00:10,stop_point:SP_2945,Palmiers,5
2344637,12:01:00,12:01:10,stop_point:SP_1654,Bon Voisin,6
2344637,12:02:00,12:02:10,stop_point:SP_1225,Coteaux,7
2344637,12:04:00,12:04:10,stop_point:SP_2734,Ponsan Bellevue,8
2344637,12:05:00,12:05:10,stop_point:SP_4746,Faculté de Médecine,9
2344637,12:06:00,12:06:10,stop_point:SP_1961,Ducuing Ponsan,10
2344637,12:07:00,12:07:10,stop_point:SP_2266,Ducuing,11
2344637,12:08:00,12:08:10,stop_point:SP_3266,Université Paul Sabatier,12
2344637,12:09:00,12:09:10,stop_point:SP_1424,Ducuing,13
2344637,12:10:00,12:10:10,stop_point:SP_290,Ducuing Ponsan,14
2344637,12:13:00,12:13:10,stop_point:SP_1088,Bourdette,15
2344637,12:14:00,12:14:10,stop_point:SP_3843,Hôpital Larrey,16
2344637,12:16:00,12:16:10,stop_point:SP_3448,Larrey,17
2344637,12:16:00,12:16:10,stop_point:SP_2619,Narrade,18
2344637,12:17:00,12:17:10,stop_point:SP_745,Pastel,19
2344637,12:18:00,12:18:10,stop_point:SP_1438,Eglise Pouvourville,20
2344637,12:19:00,12:19:10,stop_point:SP_1568,Pouvourville,21
2344637,12:20:00,12:20:10,stop_point:SP_1857,Estérel,22
2344637,12:20:00,12:20:10,stop_point:SP_2254,Aéropostale,23
2344637,12:21:00,12:21:10,stop_point:SP_955,Salas,24
2344637,12:21:00,12:21:10,stop_point:SP_132,Ecole Gleyze-Vieille,25
2344637,12:22:00,12:22:10,stop_point:SP_2030,Gleyze-Vieille,26
2344638,12:11:00,12:11:10,stop_point:SP_1336,Empalot,1
2344638,12:13:00,12:13:10,stop_point:SP_728,Lebas,2
2344638,12:13:00,12:13:10,stop_point:SP_1575,Charbonnière,3
2344638,12:15:00,12:15:10,stop_point:SP_3000,Herriot,4
2344638,12:16:00,12:16:10,stop_point:SP_2945,Palmiers,5
2344638,12:17:00,12:17:10,stop_point:SP_1654,Bon Voisin,6
2344638,12:18:00,12:18:10,stop_point:SP_1225,Coteaux,7
2344638,12:20:00,12:20:10,stop_point:SP_2734,Ponsan Bellevue,8
2344638,12:21:00,12:21:10,stop_point:SP_4746,Faculté de Médecine,9
2344638,12:22:00,12:22:10,stop_point:SP_1961,Ducuing Ponsan,10
2344638,12:23:00,12:23:10,stop_point:SP_2266,Ducuing,11
2344638,12:24:00,12:24:10,stop_point:SP_3266,Université Paul Sabatier,12
2344638,12:25:00,12:25:10,stop_point:SP_1424,Ducuing,13
2344638,12:26:00,12:26:10,stop_point:SP_290,Ducuing Ponsan,14
2344638,12:29:00,12:29:10,stop_point:SP_1088,Bourdette,15
2344638,12:30:00,12:30:10,stop_point:SP_3843,Hôpital Larrey,16
2344638,12:32:00,12:32:10,stop_point:SP_3448,Larrey,17
2344638,12:32:00,12:32:10,stop_point:SP_2619,Narrade,18
2344638,12:33:00,12:33:10,stop_point:SP_745,Pastel,19
2344638,12:34:00,12:34:10,stop_point:SP_1438,Eglise Pouvourville,20
2344638,12:35:00,12:35:10,stop_point:SP_1568,Pouvourville,21
2344638,12:36:00,12:36:10,stop_point:SP_1857,Estérel,22
2344638,12:36:00,12:36:10,stop_point:SP_2254,Aéropostale,23
2344638,12:37:00,12:37:10,stop_point:SP_955,Salas,24
2344638,12:37:00,12:37:10,stop_point:SP_132,Ecole Gleyze-Vieille,25
2344638,12:38:00,12:38:10,stop_point:SP_2030,Gleyze-Vieille,26
2344639,12:27:00,12:27:10,stop_point:SP_1336,Empalot,1
2344639,12:29:00,12:29:10,stop_point:SP_728,Lebas,2
2344639,12:29:00,12:29:10,stop_point:SP_1575,Charbonnière,3
2344639,12:31:00,12:31:10,stop_point:SP_3000,Herriot,4
2344639,12:32:00,12:32:10,stop_point:SP_2945,Palmiers,5
2344639,12:33:00,12:33:10,stop_point:SP_1654,Bon Voisin,6
2344639,12:34:00,12:34:10,stop_point:SP_1225,Coteaux,7
2344639,12:36:00,12:36:10,stop_point:SP_2734,Ponsan Bellevue,8
2344639,12:37:00,12:37:10,stop_point:SP_4746,Faculté de Médecine,9
2344639,12:38:00,12:38:10,stop_point:SP_1961,Ducuing Ponsan,10
2344639,12:39:00,12:39:10,stop_point:SP_2266,Ducuing,11
2344639,12:40:00,12:40:10,stop_point:SP_3266,Université Paul Sabatier,12
2344639,12:41:00,12:41:10,stop_point:SP_1424,Ducuing,13
2344639,12:42:00,12:42:10,stop_point:SP_290,Ducuing Ponsan,14
2344639,12:45:00,12:45:10,stop_point:SP_1088,Bourdette,15
2344639,12:46:00,12:46:10,stop_point:SP_3843,Hôpital Larrey,16
2344639,12:48:00,12:48:10,stop_point:SP_3448,Larrey,17
2344639,12:48:00,12:48:10,stop_point:SP_2619,Narrade,18
2344639,12:49:00,12:49:10,stop_point:SP_745,Pastel,19
2344639,12:50:00,12:50:10,stop_point:SP_1438,Eglise Pouvourville,20
2344639,12:51:00,12:51:10,stop_point:SP_1568,Pouvourville,21
2344639,12:52:00,12:52:10,stop_point:SP_1857,Estérel,22
2344639,12:52:00,12:52:10,stop_point:SP_2254,Aéropostale,23
2344639,12:53:00,12:53:10,stop_point:SP_955,Salas,24
2344639,12:53:00,12:53:10,stop_point:SP_132,Ecole Gleyze-Vieille,25
2344639,12:54:00,12:54:10,stop_point:SP_2030,Gleyze-Vieille,26
2344640,12:43:00,12:43:10,stop_point:SP_1336,Empalot,1
2344640,12:45:00,12:45:10,stop_point:SP_728,Lebas,2
2344640,12:45:00,12:45:10,stop_point:SP_1575,Charbonnière,3
2344640,12:47:00,12:47:10,stop_point:SP_3000,Herriot,4
2344640,12:48:00,12:48:10,stop_point:SP_2945,Palmiers,5
2344640,12:49:00,12:49:10,stop_point:SP_1654,Bon Voisin,6
2344640,12:50:00,12:50:10,stop_point:SP_1225,Coteaux,7
2344640,12:52:00,12:52:10,stop_point:SP_2734,Ponsan Bellevue,8
2344640,12:53:00,12:53:10,stop_point:SP_4746,Faculté de Médecine,9
2344640,12:54:00,12:54:10,stop_point:SP_1961,Ducuing Ponsan,10
2344640,12:55:00,12:55:10,stop_point:SP_2266,Ducuing,11
2344640,12:56:00,12:56:10,stop_point:SP_3266,Université Paul Sabatier,12
2344640,12:57:00,12:57:10,stop_point:SP_1424,Ducuing,13
2344640,12:58:00,12:58:10,stop_point:SP_290,Ducuing Ponsan,14
2344640,13:01:00,13:01:10,stop_point:SP_1088,Bourdette,15
2344640,13:02:00,13:02:10,stop_point:SP_3843,Hôpital Larrey,16
2344640,13:04:00,13:04:10,stop_point:SP_3448,Larrey,17
2344640,13:04:00,13:04:10,stop_point:SP_2619,Narrade,18
2344640,13:05:00,13:05:10,stop_point:SP_745,Pastel,19
2344640,13:06:00,13:06:10,stop_point:SP_1438,Eglise Pouvourville,20
2344640,13:07:00,13:07:10,stop_point:SP_1568,Pouvourville,21
2344640,13:08:00,13:08:10,stop_point:SP_1857,Estérel,22
2344640,13:08:00,13:08:10,stop_point:SP_2254,Aéropostale,23
2344640,13:09:00,13:09:10,stop_point:SP_955,Salas,24
2344640,13:09:00,13:09:10,stop_point:SP_132,Ecole Gleyze-Vieille,25
2344640,13:10:00,13:10:10,stop_point:SP_2030,Gleyze-Vieille,26
2344641,12:59:00,12:59:10,stop_point:SP_1336,Empalot,1
2344641,13:01:00,13:01:10,stop_point:SP_728,Lebas,2
2344641,13:01:00,13:01:10,stop_point:SP_1575,Charbonnière,3
2344641,13:03:00,13:03:10,stop_point:SP_3000,Herriot,4
2344641,13:04:00,13:04:10,stop_point:SP_2945,Palmiers,5
2344641,13:05:00,13:05:10,stop_point:SP_1654,Bon Voisin,6
2344641,13:06:00,13:06:10,stop_point:SP_1225,Coteaux,7
2344641,13:08:00,13:08:10,stop_point:SP_2734,Ponsan Bellevue,8
2344641,13:09:00,13:09:10,stop_point:SP_4746,Faculté de Médecine,9
2344641,13:10:00,13:10:10,stop_point:SP_1961,Ducuing Ponsan,10
2344641,13:11:00,13:11:10,stop_point:SP_2266,Ducuing,11
2344641,13:12:00,13:12:10,stop_point:SP_3266,Université Paul Sabatier,12
2344641,13:13:00,13:13:10,stop_point:SP_1424,Ducuing,13
2344641,13:14:00,13:14:10,stop_point:SP_290,Ducuing Ponsan,14
2344641,13:17:00,13:17:10,stop_point:SP_1088,Bourdette,15
2344641,13:18:00,13:18:10,stop_point:SP_3843,Hôpital Larrey,16
2344641,13:20:00,13:20:10,stop_point:SP_3448,Larrey,17
2344641,13:20:00,13:20:10,stop_point:SP_2619,Narrade,18
2344641,13:21:00,13:21:10,stop_point:SP_745,Pastel,19
2344641,13:22:00,13:22:10,stop_point:SP_1438,Eglise Pouvourville,20
2344641,13:23:00,13:23:10,stop_point:SP_1568,Pouvourville,21
2344641,13:24:00,13:24:10,stop_point:SP_1857,Estérel,22
2344641,13:24:00,13:24:10,stop_point:SP_2254,Aéropostale,23
2344641,13:25:00,13:25:10,stop_point:SP_955,Salas,24
2344641,13:25:00,13:25:10,stop_point:SP_132,Ecole Gleyze-Vieille,25
2344641,13:26:00,13:26:10,stop_point:SP_2030,Gleyze-Vieille,26
2344642,13:15:00,13:15:10,stop_point:SP_1336,Empalot,1
2344642,13:17:00,13:17:10,stop_point:SP_728,Lebas,2
2344642,13:17:00,13:17:10,stop_point:SP_1575,Charbonnière,3
2344642,13:19:00,13:19:10,stop_point:SP_3000,Herriot,4
2344642,13:20:00,13:20:10,stop_point:SP_2945,Palmiers,5
2344642,13:21:00,13:21:10,stop_point:SP_1654,Bon Voisin,6
2344642,13:22:00,13:22:10,stop_point:SP_1225,Coteaux,7
2344642,13:24:00,13:24:10,stop_point:SP_2734,Ponsan Bellevue,8
2344642,13:25:00,13:25:10,stop_point:SP_4746,Faculté de Médecine,9
2344642,13:26:00,13:26:10,stop_point:SP_1961,Ducuing Ponsan,10
2344642,13:27:00,13:27:10,stop_point:SP_2266,Ducuing,11
2344642,13:28:00,13:28:10,stop_point:SP_3266,Université Paul Sabatier,12
2344642,13:29:00,13:29:10,stop_point:SP_1424,Ducuing,13
2344642,13:30:00,13:30:10,stop_point:SP_290,Ducuing Ponsan,14
2344642,13:33:00,13:33:10,stop_point:SP_1088,Bourdette,15
2344642,13:34:00,13:34:10,stop_point:SP_3843,Hôpital Larrey,16
2344642,13:36:00,13:36:10,stop_point:SP_3448,Larrey,17
2344642,13:36:00,13:36:10,stop_point:SP_2619,Narrade,18
2344642,13:37:00,13:37:10,stop_point:SP_745,Pastel,19
2344642,13:38:00,13:38:10,stop_point:SP_1438,Eglise Pouvourville,20
2344642,13:39:00,13:39:10,stop_point:SP_1568,Pouvourville,21
2344642,13:40:00,13:40:10,stop_point:SP_1857,Estérel,22
2344642,13:40:00,13:40:10,stop_point:SP_2254,Aéropostale,23
2344642,13:41:00,13:41:10,stop_point:SP_955,Salas,24
2344642,13:41:00,13:41:10,stop_point:SP_132,Ecole Gleyze-Vieille,25
2344642,13:42:00,13:42:10,stop_point:SP_2030,Gleyze-Vieille,26
2344643,13:31:00,13:31:10,stop_point:SP_1336,Empalot,1
2344643,13:33:00,13:33:10,stop_point:SP_728,Lebas,2
2344643,13:33:00,13:33:10,stop_point:SP_1575,Charbonnière,3
2344643,13:35:00,13:35:10,stop_point:SP_3000,Herriot,4
2344643,13:36:00,13:36:10,stop_point:SP_2945,Palmiers,5
2344643,13:37:00,13:37:10,stop_point:SP_1654,Bon Voisin,6
2344643,13:38:00,13:38:10,stop_point:SP_1225,Coteaux,7
2344643,13:40:00,13:40:10,stop_point:SP_2734,Ponsan Bellevue,8
2344643,13:41:00,13:41:10,stop_point:SP_4746,Faculté de Médecine,9
2344643,13:42:00,13:42:10,stop_point:SP_1961,Ducuing Ponsan,10
2344643,13:43:00,13:43:10,stop_point:SP_2266,Ducuing,11
2344643,13:44:00,13:44:10,stop_point:SP_3266,Université Paul Sabatier,12
2344643,13:45:00,13:45:10,stop_point:SP_1424,Ducuing,13
2344643,13:46:00,13:46:10,stop_point:SP_290,Ducuing Ponsan,14
2344643,13:49:00,13:49:10,stop_point:SP_1088,Bourdette,15
2344643,13:50:00,13:50:10,stop_point:SP_3843,Hôpital Larrey,16
2344643,13:52:00,13:52:10,stop_point:SP_3448,Larrey,17
2344643,13:52:00,13:52:10,stop_point:SP_2619,Narrade,18
2344643,13:53:00,13:53:10,stop_point:SP_745,Pastel,19
2344643,13:54:00,13:54:10,stop_point:SP_1438,Eglise Pouvourville,20
2344643,13:55:00,13:55:10,stop_point:SP_1568,Pouvourville,21
2344643,13:56:00,13:56:10,stop_point:SP_1857,Estérel,22
2344643,13:56:00,13:56:10,stop_point:SP_2254,Aéropostale,23
2344643,13:57:00,13:57:10,stop_point:SP_955,Salas,24
2344643,13:57:00,13:57:10,stop_point:SP_132,Ecole Gleyze-Vieille,25
2344643,13:58:00,13:58:10,stop_point:SP_2030,Gleyze-Vieille,26
2344644,13:47:00,13:47:10,stop_point:SP_1336,Empalot,1
2344644,13:49:00,13:49:10,stop_point:SP_728,Lebas,2
2344644,13:49:00,13:49:10,stop_point:SP_1575,Charbonnière,3
2344644,13:51:00,13:51:10,stop_point:SP_3000,Herriot,4
2344644,13:52:00,13:52:10,stop_point:SP_2945,Palmiers,5
2344644,13:53:00,13:53:10,stop_point:SP_1654,Bon Voisin,6
2344644,13:54:00,13:54:10,stop_point:SP_1225,Coteaux,7
2344644,13:56:00,13:56:10,stop_point:SP_2734,Ponsan Bellevue,8
2344644,13:57:00,13:57:10,stop_point:SP_4746,Faculté de Médecine,9
2344644,13:58:00,13:58:10,stop_point:SP_1961,Ducuing Ponsan,10
2344644,13:59:00,13:59:10,stop_point:SP_2266,Ducuing,11
2344644,14:00:00,14:00:10,stop_point:SP_3266,Université Paul Sabatier,12
2344644,14:01:00,14:01:10,stop_point:SP_1424,Ducuing,13
2344644,14:02:00,14:02:10,stop_point:SP_290,Ducuing Ponsan,14
2344644,14:05:00,14:05:10,stop_point:SP_1088,Bourdette,15
2344644,14:06:00,14:06:10,stop_point:SP_3843,Hôpital Larrey,16
2344644,14:08:00,14:08:10,stop_point:SP_3448,Larrey,17
2344644,14:08:00,14:08:10,stop_point:SP_2619,Narrade,18
2344644,14:09:00,14:09:10,stop_point:SP_745,Pastel,19
2344644,14:10:00,14:10:10,stop_point:SP_1438,Eglise Pouvourville,20
2344644,14:11:00,14:11:10,stop_point:SP_1568,Pouvourville,21
2344644,14:12:00,14:12:10,stop_point:SP_1857,Estérel,22
2344644,14:12:00,14:12:10,stop_point:SP_2254,Aéropostale,23
2344644,14:13:00,14:13:10,stop_point:SP_955,Salas,24
2344644,14:13:00,14:13:10,stop_point:SP_132,Ecole Gleyze-Vieille,25
2344644,14:14:00,14:14:10,stop_point:SP_2030,Gleyze-Vieille,26
2344645,14:02:00,14:02:10,stop_point:SP_1336,Empalot,1
2344645,14:04:00,14:04:10,stop_point:SP_728,Lebas,2
2344645,14:04:00,14:04:10,stop_point:SP_1575,Charbonnière,3
2344645,14:06:00,14:06:10,stop_point:SP_3000,Herriot,4
2344645,14:07:00,14:07:10,stop_point:SP_2945,Palmiers,5
2344645,14:08:00,14:08:10,stop_point:SP_1654,Bon Voisin,6
2344645,14:09:00,14:09:10,stop_point:SP_1225,Coteaux,7
2344645,14:10:00,14:10:10,stop_point:SP_2734,Ponsan Bellevue,8
2344645,14:11:00,14:11:10,stop_point:SP_4746,Faculté de Médecine,9
2344645,14:12:00,14:12:10,stop_point:SP_1961,Ducuing Ponsan,10
2344645,14:13:00,14:13:10,stop_point:SP_2266,Ducuing,11
2344645,14:14:00,14:14:10,stop_point:SP_3266,Université Paul Sabatier,12
2344645,14:15:00,14:15:10,stop_point:SP_1424,Ducuing,13
2344645,14:16:00,14:16:10,stop_point:SP_290,Ducuing Ponsan,14
2344645,14:19:00,14:19:10,stop_point:SP_1088,Bourdette,15
2344645,14:20:00,14:20:10,stop_point:SP_3843,Hôpital Larrey,16
2344645,14:22:00,14:22:10,stop_point:SP_3448,Larrey,17
2344645,14:22:00,14:22:10,stop_point:SP_2619,Narrade,18
2344645,14:23:00,14:23:10,stop_point:SP_745,Pastel,19
2344645,14:24:00,14:24:10,stop_point:SP_1438,Eglise Pouvourville,20
2344645,14:25:00,14:25:10,stop_point:SP_1568,Pouvourville,21
2344645,14:26:00,14:26:10,stop_point:SP_1857,Estérel,22
2344645,14:26:00,14:26:10,stop_point:SP_2254,Aéropostale,23
2344645,14:27:00,14:27:10,stop_point:SP_955,Salas,24
2344645,14:27:00,14:27:10,stop_point:SP_132,Ecole Gleyze-Vieille,25
2344645,14:28:00,14:28:10,stop_point:SP_2030,Gleyze-Vieille,26
2344646,14:17:00,14:17:10,stop_point:SP_1336,Empalot,1
2344646,14:19:00,14:19:10,stop_point:SP_728,Lebas,2
2344646,14:19:00,14:19:10,stop_point:SP_1575,Charbonnière,3
2344646,14:21:00,14:21:10,stop_point:SP_3000,Herriot,4
2344646,14:22:00,14:22:10,stop_point:SP_2945,Palmiers,5
2344646,14:23:00,14:23:10,stop_point:SP_1654,Bon Voisin,6
2344646,14:24:00,14:24:10,stop_point:SP_1225,Coteaux,7
2344646,14:25:00,14:25:10,stop_point:SP_2734,Ponsan Bellevue,8
2344646,14:26:00,14:26:10,stop_point:SP_4746,Faculté de Médecine,9
2344646,14:27:00,14:27:10,stop_point:SP_1961,Ducuing Ponsan,10
2344646,14:28:00,14:28:10,stop_point:SP_2266,Ducuing,11
2344646,14:29:00,14:29:10,stop_point:SP_3266,Université Paul Sabatier,12
2344646,14:30:00,14:30:10,stop_point:SP_1424,Ducuing,13
2344646,14:31:00,14:31:10,stop_point:SP_290,Ducuing Ponsan,14
2344646,14:34:00,14:34:10,stop_point:SP_1088,Bourdette,15
2344646,14:35:00,14:35:10,stop_point:SP_3843,Hôpital Larrey,16
2344646,14:37:00,14:37:10,stop_point:SP_3448,Larrey,17
2344646,14:37:00,14:37:10,stop_point:SP_2619,Narrade,18
2344646,14:38:00,14:38:10,stop_point:SP_745,Pastel,19
2344646,14:39:00,14:39:10,stop_point:SP_1438,Eglise Pouvourville,20
2344646,14:40:00,14:40:10,stop_point:SP_1568,Pouvourville,21
2344646,14:41:00,14:41:10,stop_point:SP_1857,Estérel,22
2344646,14:41:00,14:41:10,stop_point:SP_2254,Aéropostale,23
2344646,14:42:00,14:42:10,stop_point:SP_955,Salas,24
2344646,14:42:00,14:42:10,stop_point:SP_132,Ecole Gleyze-Vieille,25
2344646,14:43:00,14:43:10,stop_point:SP_2030,Gleyze-Vieille,26
2344647,14:31:00,14:31:10,stop_point:SP_1336,Empalot,1
2344647,14:33:00,14:33:10,stop_point:SP_728,Lebas,2
2344647,14:33:00,14:33:10,stop_point:SP_1575,Charbonnière,3
2344647,14:35:00,14:35:10,stop_point:SP_3000,Herriot,4
2344647,14:36:00,14:36:10,stop_point:SP_2945,Palmiers,5
2344647,14:37:00,14:37:10,stop_point:SP_1654,Bon Voisin,6
2344647,14:38:00,14:38:10,stop_point:SP_1225,Coteaux,7
2344647,14:39:00,14:39:10,stop_point:SP_2734,Ponsan Bellevue,8
2344647,14:40:00,14:40:10,stop_point:SP_4746,Faculté de Médecine,9
2344647,14:41:00,14:41:10,stop_point:SP_1961,Ducuing Ponsan,10
2344647,14:42:00,14:42:10,stop_point:SP_2266,Ducuing,11
2344647,14:43:00,14:43:10,stop_point:SP_3266,Université Paul Sabatier,12
2344647,14:44:00,14:44:10,stop_point:SP_1424,Ducuing,13
2344647,14:45:00,14:45:10,stop_point:SP_290,Ducuing Ponsan,14
2344647,14:48:00,14:48:10,stop_point:SP_1088,Bourdette,15
2344647,14:49:00,14:49:10,stop_point:SP_3843,Hôpital Larrey,16
2344647,14:51:00,14:51:10,stop_point:SP_3448,Larrey,17
2344647,14:51:00,14:51:10,stop_point:SP_2619,Narrade,18
2344647,14:52:00,14:52:10,stop_point:SP_745,Pastel,19
2344647,14:53:00,14:53:10,stop_point:SP_1438,Eglise Pouvourville,20
2344647,14:54:00,14:54:10,stop_point:SP_1568,Pouvourville,21
2344647,14:55:00,14:55:10,stop_point:SP_1857,Estérel,22
2344647,14:55:00,14:55:10,stop_point:SP_2254,Aéropostale,23
2344647,14:56:00,14:56:10,stop_point:SP_955,Salas,24
2344647,14:56:00,14:56:10,stop_point:SP_132,Ecole Gleyze-Vieille,25
2344647,14:57:00,14:57:10,stop_point:SP_2030,Gleyze-Vieille,26
2344648,14:45:00,14:45:10,stop_point:SP_1336,Empalot,1
2344648,14:47:00,14:47:10,stop_point:SP_728,Lebas,2
2344648,14:47:00,14:47:10,stop_point:SP_1575,Charbonnière,3
2344648,14:49:00,14:49:10,stop_point:SP_3000,Herriot,4
2344648,14:50:00,14:50:10,stop_point:SP_2945,Palmiers,5
2344648,14:51:00,14:51:10,stop_point:SP_1654,Bon Voisin,6
2344648,14:52:00,14:52:10,stop_point:SP_1225,Coteaux,7
2344648,14:53:00,14:53:10,stop_point:SP_2734,Ponsan Bellevue,8
2344648,14:54:00,14:54:10,stop_point:SP_4746,Faculté de Médecine,9
2344648,14:55:00,14:55:10,stop_point:SP_1961,Ducuing Ponsan,10
2344648,14:56:00,14:56:10,stop_point:SP_2266,Ducuing,11
2344648,14:57:00,14:57:10,stop_point:SP_3266,Université Paul Sabatier,12
2344648,14:58:00,14:58:10,stop_point:SP_1424,Ducuing,13
2344648,14:59:00,14:59:10,stop_point:SP_290,Ducuing Ponsan,14
2344648,15:02:00,15:02:10,stop_point:SP_1088,Bourdette,15
2344648,15:03:00,15:03:10,stop_point:SP_3843,Hôpital Larrey,16
2344648,15:05:00,15:05:10,stop_point:SP_3448,Larrey,17
2344648,15:05:00,15:05:10,stop_point:SP_2619,Narrade,18
2344648,15:06:00,15:06:10,stop_point:SP_745,Pastel,19
2344648,15:07:00,15:07:10,stop_point:SP_1438,Eglise Pouvourville,20
2344648,15:08:00,15:08:10,stop_point:SP_1568,Pouvourville,21
2344648,15:09:00,15:09:10,stop_point:SP_1857,Estérel,22
2344648,15:09:00,15:09:10,stop_point:SP_2254,Aéropostale,23
2344648,15:10:00,15:10:10,stop_point:SP_955,Salas,24
2344648,15:10:00,15:10:10,stop_point:SP_132,Ecole Gleyze-Vieille,25
2344648,15:11:00,15:11:10,stop_point:SP_2030,Gleyze-Vieille,26
2344649,14:57:00,14:57:10,stop_point:SP_1336,Empalot,1
2344649,14:59:00,14:59:10,stop_point:SP_728,Lebas,2
2344649,14:59:00,14:59:10,stop_point:SP_1575,Charbonnière,3
2344649,15:01:00,15:01:10,stop_point:SP_3000,Herriot,4
2344649,15:02:00,15:02:10,stop_point:SP_2945,Palmiers,5
2344649,15:03:00,15:03:10,stop_point:SP_1654,Bon Voisin,6
2344649,15:04:00,15:04:10,stop_point:SP_1225,Coteaux,7
2344649,15:05:00,15:05:10,stop_point:SP_2734,Ponsan Bellevue,8
2344649,15:06:00,15:06:10,stop_point:SP_4746,Faculté de Médecine,9
2344649,15:07:00,15:07:10,stop_point:SP_1961,Ducuing Ponsan,10
2344649,15:08:00,15:08:10,stop_point:SP_2266,Ducuing,11
2344649,15:09:00,15:09:10,stop_point:SP_3266,Université Paul Sabatier,12
2344649,15:10:00,15:10:10,stop_point:SP_1424,Ducuing,13
2344649,15:11:00,15:11:10,stop_point:SP_290,Ducuing Ponsan,14
2344649,15:14:00,15:14:10,stop_point:SP_1088,Bourdette,15
2344649,15:15:00,15:15:10,stop_point:SP_3843,Hôpital Larrey,16
2344649,15:17:00,15:17:10,stop_point:SP_3448,Larrey,17
2344649,15:17:00,15:17:10,stop_point:SP_2619,Narrade,18
2344649,15:18:00,15:18:10,stop_point:SP_745,Pastel,19
2344649,15:19:00,15:19:10,stop_point:SP_1438,Eglise Pouvourville,20
2344649,15:20:00,15:20:10,stop_point:SP_1568,Pouvourville,21
2344649,15:21:00,15:21:10,stop_point:SP_1857,Estérel,22
2344649,15:21:00,15:21:10,stop_point:SP_2254,Aéropostale,23
2344649,15:22:00,15:22:10,stop_point:SP_955,Salas,24
2344649,15:22:00,15:22:10,stop_point:SP_132,Ecole Gleyze-Vieille,25
2344649,15:23:00,15:23:10,stop_point:SP_2030,Gleyze-Vieille,26
2344650,15:09:00,15:09:10,stop_point:SP_1336,Empalot,1
2344650,15:11:00,15:11:10,stop_point:SP_728,Lebas,2
2344650,15:11:00,15:11:10,stop_point:SP_1575,Charbonnière,3
2344650,15:13:00,15:13:10,stop_point:SP_3000,Herriot,4
2344650,15:14:00,15:14:10,stop_point:SP_2945,Palmiers,5
2344650,15:15:00,15:15:10,stop_point:SP_1654,Bon Voisin,6
2344650,15:16:00,15:16:10,stop_point:SP_1225,Coteaux,7
2344650,15:17:00,15:17:10,stop_point:SP_2734,Ponsan Bellevue,8
2344650,15:18:00,15:18:10,stop_point:SP_4746,Faculté de Médecine,9
2344650,15:19:00,15:19:10,stop_point:SP_1961,Ducuing Ponsan,10
2344650,15:20:00,15:20:10,stop_point:SP_2266,Ducuing,11
2344650,15:21:00,15:21:10,stop_point:SP_3266,Université Paul Sabatier,12
2344650,15:22:00,15:22:10,stop_point:SP_1424,Ducuing,13
2344650,15:23:00,15:23:10,stop_point:SP_290,Ducuing Ponsan,14
2344650,15:26:00,15:26:10,stop_point:SP_1088,Bourdette,15
2344650,15:27:00,15:27:10,stop_point:SP_3843,Hôpital Larrey,16
2344650,15:29:00,15:29:10,stop_point:SP_3448,Larrey,17
2344650,15:29:00,15:29:10,stop_point:SP_2619,Narrade,18
2344650,15:30:00,15:30:10,stop_point:SP_745,Pastel,19
2344650,15:31:00,15:31:10,stop_point:SP_1438,Eglise Pouvourville,20
2344650,15:32:00,15:32:10,stop_point:SP_1568,Pouvourville,21
2344650,15:33:00,15:33:10,stop_point:SP_1857,Estérel,22
2344650,15:33:00,15:33:10,stop_point:SP_2254,Aéropostale,23
2344650,15:34:00,15:34:10,stop_point:SP_955,Salas,24
2344650,15:34:00,15:34:10,stop_point:SP_132,Ecole Gleyze-Vieille,25
2344650,15:35:00,15:35:10,stop_point:SP_2030,Gleyze-Vieille,26
2344651,15:21:00,15:21:10,stop_point:SP_1336,Empalot,1
2344651,15:23:00,15:23:10,stop_point:SP_728,Lebas,2
2344651,15:23:00,15:23:10,stop_point:SP_1575,Charbonnière,3
2344651,15:25:00,15:25:10,stop_point:SP_3000,Herriot,4
2344651,15:26:00,15:26:10,stop_point:SP_2945,Palmiers,5
2344651,15:27:00,15:27:10,stop_point:SP_1654,Bon Voisin,6
2344651,15:28:00,15:28:10,stop_point:SP_1225,Coteaux,7
2344651,15:29:00,15:29:10,stop_point:SP_2734,Ponsan Bellevue,8
2344651,15:30:00,15:30:10,stop_point:SP_4746,Faculté de Médecine,9
2344651,15:31:00,15:31:10,stop_point:SP_1961,Ducuing Ponsan,10
2344651,15:32:00,15:32:10,stop_point:SP_2266,Ducuing,11
2344651,15:33:00,15:33:10,stop_point:SP_3266,Université Paul Sabatier,12
2344651,15:34:00,15:34:10,stop_point:SP_1424,Ducuing,13
2344651,15:35:00,15:35:10,stop_point:SP_290,Ducuing Ponsan,14
2344651,15:38:00,15:38:10,stop_point:SP_1088,Bourdette,15
2344651,15:39:00,15:39:10,stop_point:SP_3843,Hôpital Larrey,16
2344651,15:41:00,15:41:10,stop_point:SP_3448,Larrey,17
2344651,15:41:00,15:41:10,stop_point:SP_2619,Narrade,18
2344651,15:42:00,15:42:10,stop_point:SP_745,Pastel,19
2344651,15:43:00,15:43:10,stop_point:SP_1438,Eglise Pouvourville,20
2344651,15:44:00,15:44:10,stop_point:SP_1568,Pouvourville,21
2344651,15:45:00,15:45:10,stop_point:SP_1857,Estérel,22
2344651,15:46:00,15:46:10,stop_point:SP_2254,Aéropostale,23
2344651,15:46:00,15:46:10,stop_point:SP_955,Salas,24
2344651,15:47:00,15:47:10,stop_point:SP_132,Ecole Gleyze-Vieille,25
2344651,15:48:00,15:48:10,stop_point:SP_2030,Gleyze-Vieille,26
2344652,15:34:00,15:34:10,stop_point:SP_1336,Empalot,1
2344652,15:36:00,15:36:10,stop_point:SP_728,Lebas,2
2344652,15:36:00,15:36:10,stop_point:SP_1575,Charbonnière,3
2344652,15:38:00,15:38:10,stop_point:SP_3000,Herriot,4
2344652,15:39:00,15:39:10,stop_point:SP_2945,Palmiers,5
2344652,15:40:00,15:40:10,stop_point:SP_1654,Bon Voisin,6
2344652,15:41:00,15:41:10,stop_point:SP_1225,Coteaux,7
2344652,15:43:00,15:43:10,stop_point:SP_2734,Ponsan Bellevue,8
2344652,15:44:00,15:44:10,stop_point:SP_4746,Faculté de Médecine,9
2344652,15:45:00,15:45:10,stop_point:SP_1961,Ducuing Ponsan,10
2344652,15:46:00,15:46:10,stop_point:SP_2266,Ducuing,11
2344652,15:47:00,15:47:10,stop_point:SP_3266,Université Paul Sabatier,12
2344652,15:48:00,15:48:10,stop_point:SP_1424,Ducuing,13
2344652,15:49:00,15:49:10,stop_point:SP_290,Ducuing Ponsan,14
2344652,15:52:00,15:52:10,stop_point:SP_1088,Bourdette,15
2344652,15:53:00,15:53:10,stop_point:SP_3843,Hôpital Larrey,16
2344652,15:55:00,15:55:10,stop_point:SP_3448,Larrey,17
2344652,15:55:00,15:55:10,stop_point:SP_2619,Narrade,18
2344652,15:56:00,15:56:10,stop_point:SP_745,Pastel,19
2344652,15:57:00,15:57:10,stop_point:SP_1438,Eglise Pouvourville,20
2344652,15:58:00,15:58:10,stop_point:SP_1568,Pouvourville,21
2344652,15:59:00,15:59:10,stop_point:SP_1857,Estérel,22
2344652,16:00:00,16:00:10,stop_point:SP_2254,Aéropostale,23
2344652,16:00:00,16:00:10,stop_point:SP_955,Salas,24
2344652,16:01:00,16:01:10,stop_point:SP_132,Ecole Gleyze-Vieille,25
2344652,16:02:00,16:02:10,stop_point:SP_2030,Gleyze-Vieille,26
2344653,15:46:00,15:46:10,stop_point:SP_1336,Empalot,1
2344653,15:48:00,15:48:10,stop_point:SP_728,Lebas,2
2344653,15:48:00,15:48:10,stop_point:SP_1575,Charbonnière,3
2344653,15:50:00,15:50:10,stop_point:SP_3000,Herriot,4
2344653,15:51:00,15:51:10,stop_point:SP_2945,Palmiers,5
2344653,15:52:00,15:52:10,stop_point:SP_1654,Bon Voisin,6
2344653,15:53:00,15:53:10,stop_point:SP_1225,Coteaux,7
2344653,15:55:00,15:55:10,stop_point:SP_2734,Ponsan Bellevue,8
2344653,15:56:00,15:56:10,stop_point:SP_4746,Faculté de Médecine,9
2344653,15:57:00,15:57:10,stop_point:SP_1961,Ducuing Ponsan,10
2344653,15:58:00,15:58:10,stop_point:SP_2266,Ducuing,11
2344653,15:59:00,15:59:10,stop_point:SP_3266,Université Paul Sabatier,12
2344653,16:00:00,16:00:10,stop_point:SP_1424,Ducuing,13
2344653,16:01:00,16:01:10,stop_point:SP_290,Ducuing Ponsan,14
2344653,16:04:00,16:04:10,stop_point:SP_1088,Bourdette,15
2344653,16:05:00,16:05:10,stop_point:SP_3843,Hôpital Larrey,16
2344653,16:07:00,16:07:10,stop_point:SP_3448,Larrey,17
2344653,16:07:00,16:07:10,stop_point:SP_2619,Narrade,18
2344653,16:08:00,16:08:10,stop_point:SP_745,Pastel,19
2344653,16:09:00,16:09:10,stop_point:SP_1438,Eglise Pouvourville,20
2344653,16:10:00,16:10:10,stop_point:SP_1568,Pouvourville,21
2344653,16:11:00,16:11:10,stop_point:SP_1857,Estérel,22
2344653,16:12:00,16:12:10,stop_point:SP_2254,Aéropostale,23
2344653,16:12:00,16:12:10,stop_point:SP_955,Salas,24
2344653,16:13:00,16:13:10,stop_point:SP_132,Ecole Gleyze-Vieille,25
2344653,16:14:00,16:14:10,stop_point:SP_2030,Gleyze-Vieille,26
2344654,15:59:00,15:59:10,stop_point:SP_1336,Empalot,1
2344654,16:01:00,16:01:10,stop_point:SP_728,Lebas,2
2344654,16:01:00,16:01:10,stop_point:SP_1575,Charbonnière,3
2344654,16:03:00,16:03:10,stop_point:SP_3000,Herriot,4
2344654,16:04:00,16:04:10,stop_point:SP_2945,Palmiers,5
2344654,16:05:00,16:05:10,stop_point:SP_1654,Bon Voisin,6
2344654,16:06:00,16:06:10,stop_point:SP_1225,Coteaux,7
2344654,16:08:00,16:08:10,stop_point:SP_2734,Ponsan Bellevue,8
2344654,16:09:00,16:09:10,stop_point:SP_4746,Faculté de Médecine,9
2344654,16:10:00,16:10:10,stop_point:SP_1961,Ducuing Ponsan,10
2344654,16:11:00,16:11:10,stop_point:SP_2266,Ducuing,11
2344654,16:12:00,16:12:10,stop_point:SP_3266,Université Paul Sabatier,12
2344654,16:13:00,16:13:10,stop_point:SP_1424,Ducuing,13
2344654,16:14:00,16:14:10,stop_point:SP_290,Ducuing Ponsan,14
2344654,16:17:00,16:17:10,stop_point:SP_1088,Bourdette,15
2344654,16:18:00,16:18:10,stop_point:SP_3843,Hôpital Larrey,16
2344654,16:20:00,16:20:10,stop_point:SP_3448,Larrey,17
2344654,16:20:00,16:20:10,stop_point:SP_2619,Narrade,18
2344654,16:21:00,16:21:10,stop_point:SP_745,Pastel,19
2344654,16:22:00,16:22:10,stop_point:SP_1438,Eglise Pouvourville,20
2344654,16:23:00,16:23:10,stop_point:SP_1568,Pouvourville,21
2344654,16:24:00,16:24:10,stop_point:SP_1857,Estérel,22
2344654,16:25:00,16:25:10,stop_point:SP_2254,Aéropostale,23
2344654,16:25:00,16:25:10,stop_point:SP_955,Salas,24
2344654,16:26:00,16:26:10,stop_point:SP_132,Ecole Gleyze-Vieille,25
2344654,16:27:00,16:27:10,stop_point:SP_2030,Gleyze-Vieille,26
2344655,16:12:00,16:12:10,stop_point:SP_1336,Empalot,1
2344655,16:14:00,16:14:10,stop_point:SP_728,Lebas,2
2344655,16:14:00,16:14:10,stop_point:SP_1575,Charbonnière,3
2344655,16:16:00,16:16:10,stop_point:SP_3000,Herriot,4
2344655,16:17:00,16:17:10,stop_point:SP_2945,Palmiers,5
2344655,16:18:00,16:18:10,stop_point:SP_1654,Bon Voisin,6
2344655,16:19:00,16:19:10,stop_point:SP_1225,Coteaux,7
2344655,16:21:00,16:21:10,stop_point:SP_2734,Ponsan Bellevue,8
2344655,16:22:00,16:22:10,stop_point:SP_4746,Faculté de Médecine,9
2344655,16:23:00,16:23:10,stop_point:SP_1961,Ducuing Ponsan,10
2344655,16:24:00,16:24:10,stop_point:SP_2266,Ducuing,11
2344655,16:25:00,16:25:10,stop_point:SP_3266,Université Paul Sabatier,12
2344655,16:26:00,16:26:10,stop_point:SP_1424,Ducuing,13
2344655,16:27:00,16:27:10,stop_point:SP_290,Ducuing Ponsan,14
2344655,16:30:00,16:30:10,stop_point:SP_1088,Bourdette,15
2344655,16:31:00,16:31:10,stop_point:SP_3843,Hôpital Larrey,16
2344655,16:33:00,16:33:10,stop_point:SP_3448,Larrey,17
2344655,16:33:00,16:33:10,stop_point:SP_2619,Narrade,18
2344655,16:34:00,16:34:10,stop_point:SP_745,Pastel,19
2344655,16:35:00,16:35:10,stop_point:SP_1438,Eglise Pouvourville,20
2344655,16:36:00,16:36:10,stop_point:SP_1568,Pouvourville,21
2344655,16:37:00,16:37:10,stop_point:SP_1857,Estérel,22
2344655,16:38:00,16:38:10,stop_point:SP_2254,Aéropostale,23
2344655,16:38:00,16:38:10,stop_point:SP_955,Salas,24
2344655,16:39:00,16:39:10,stop_point:SP_132,Ecole Gleyze-Vieille,25
2344655,16:40:00,16:40:10,stop_point:SP_2030,Gleyze-Vieille,26
2344656,16:24:00,16:24:10,stop_point:SP_1336,Empalot,1
2344656,16:26:00,16:26:10,stop_point:SP_728,Lebas,2
2344656,16:26:00,16:26:10,stop_point:SP_1575,Charbonnière,3
2344656,16:28:00,16:28:10,stop_point:SP_3000,Herriot,4
2344656,16:29:00,16:29:10,stop_point:SP_2945,Palmiers,5
2344656,16:30:00,16:30:10,stop_point:SP_1654,Bon Voisin,6
2344656,16:31:00,16:31:10,stop_point:SP_1225,Coteaux,7
2344656,16:33:00,16:33:10,stop_point:SP_2734,Ponsan Bellevue,8
2344656,16:34:00,16:34:10,stop_point:SP_4746,Faculté de Médecine,9
2344656,16:35:00,16:35:10,stop_point:SP_1961,Ducuing Ponsan,10
2344656,16:36:00,16:36:10,stop_point:SP_2266,Ducuing,11
2344656,16:37:00,16:37:10,stop_point:SP_3266,Université Paul Sabatier,12
2344656,16:38:00,16:38:10,stop_point:SP_1424,Ducuing,13
2344656,16:39:00,16:39:10,stop_point:SP_290,Ducuing Ponsan,14
2344656,16:42:00,16:42:10,stop_point:SP_1088,Bourdette,15
2344656,16:43:00,16:43:10,stop_point:SP_3843,Hôpital Larrey,16
2344656,16:45:00,16:45:10,stop_point:SP_3448,Larrey,17
2344656,16:45:00,16:45:10,stop_point:SP_2619,Narrade,18
2344656,16:46:00,16:46:10,stop_point:SP_745,Pastel,19
2344656,16:47:00,16:47:10,stop_point:SP_1438,Eglise Pouvourville,20
2344656,16:48:00,16:48:10,stop_point:SP_1568,Pouvourville,21
2344656,16:49:00,16:49:10,stop_point:SP_1857,Estérel,22
2344656,16:50:00,16:50:10,stop_point:SP_2254,Aéropostale,23
2344656,16:50:00,16:50:10,stop_point:SP_955,Salas,24
2344656,16:51:00,16:51:10,stop_point:SP_132,Ecole Gleyze-Vieille,25
2344656,16:52:00,16:52:10,stop_point:SP_2030,Gleyze-Vieille,26
2344657,16:36:00,16:36:10,stop_point:SP_1336,Empalot,1
2344657,16:38:00,16:38:10,stop_point:SP_728,Lebas,2
2344657,16:38:00,16:38:10,stop_point:SP_1575,Charbonnière,3
2344657,16:40:00,16:40:10,stop_point:SP_3000,Herriot,4
2344657,16:41:00,16:41:10,stop_point:SP_2945,Palmiers,5
2344657,16:42:00,16:42:10,stop_point:SP_1654,Bon Voisin,6
2344657,16:43:00,16:43:10,stop_point:SP_1225,Coteaux,7
2344657,16:45:00,16:45:10,stop_point:SP_2734,Ponsan Bellevue,8
2344657,16:46:00,16:46:10,stop_point:SP_4746,Faculté de Médecine,9
2344657,16:47:00,16:47:10,stop_point:SP_1961,Ducuing Ponsan,10
2344657,16:48:00,16:48:10,stop_point:SP_2266,Ducuing,11
2344657,16:49:00,16:49:10,stop_point:SP_3266,Université Paul Sabatier,12
2344657,16:50:00,16:50:10,stop_point:SP_1424,Ducuing,13
2344657,16:51:00,16:51:10,stop_point:SP_290,Ducuing Ponsan,14
2344657,16:54:00,16:54:10,stop_point:SP_1088,Bourdette,15
2344657,16:55:00,16:55:10,stop_point:SP_3843,Hôpital Larrey,16
2344657,16:57:00,16:57:10,stop_point:SP_3448,Larrey,17
2344657,16:57:00,16:57:10,stop_point:SP_2619,Narrade,18
2344657,16:58:00,16:58:10,stop_point:SP_745,Pastel,19
2344657,16:59:00,16:59:10,stop_point:SP_1438,Eglise Pouvourville,20
2344657,17:00:00,17:00:10,stop_point:SP_1568,Pouvourville,21
2344657,17:01:00,17:01:10,stop_point:SP_1857,Estérel,22
2344657,17:02:00,17:02:10,stop_point:SP_2254,Aéropostale,23
2344657,17:02:00,17:02:10,stop_point:SP_955,Salas,24
2344657,17:03:00,17:03:10,stop_point:SP_132,Ecole Gleyze-Vieille,25
2344657,17:04:00,17:04:10,stop_point:SP_2030,Gleyze-Vieille,26
2344658,16:48:00,16:48:10,stop_point:SP_1336,Empalot,1
2344658,16:50:00,16:50:10,stop_point:SP_728,Lebas,2
2344658,16:50:00,16:50:10,stop_point:SP_1575,Charbonnière,3
2344658,16:52:00,16:52:10,stop_point:SP_3000,Herriot,4
2344658,16:53:00,16:53:10,stop_point:SP_2945,Palmiers,5
2344658,16:54:00,16:54:10,stop_point:SP_1654,Bon Voisin,6
2344658,16:55:00,16:55:10,stop_point:SP_1225,Coteaux,7
2344658,16:57:00,16:57:10,stop_point:SP_2734,Ponsan Bellevue,8
2344658,16:58:00,16:58:10,stop_point:SP_4746,Faculté de Médecine,9
2344658,16:59:00,16:59:10,stop_point:SP_1961,Ducuing Ponsan,10
2344658,17:00:00,17:00:10,stop_point:SP_2266,Ducuing,11
2344658,17:01:00,17:01:10,stop_point:SP_3266,Université Paul Sabatier,12
2344658,17:02:00,17:02:10,stop_point:SP_1424,Ducuing,13
2344658,17:03:00,17:03:10,stop_point:SP_290,Ducuing Ponsan,14
2344658,17:06:00,17:06:10,stop_point:SP_1088,Bourdette,15
2344658,17:07:00,17:07:10,stop_point:SP_3843,Hôpital Larrey,16
2344658,17:09:00,17:09:10,stop_point:SP_3448,Larrey,17
2344658,17:09:00,17:09:10,stop_point:SP_2619,Narrade,18
2344658,17:10:00,17:10:10,stop_point:SP_745,Pastel,19
2344658,17:11:00,17:11:10,stop_point:SP_1438,Eglise Pouvourville,20
2344658,17:12:00,17:12:10,stop_point:SP_1568,Pouvourville,21
2344658,17:13:00,17:13:10,stop_point:SP_1857,Estérel,22
2344658,17:14:00,17:14:10,stop_point:SP_2254,Aéropostale,23
2344658,17:14:00,17:14:10,stop_point:SP_955,Salas,24
2344658,17:15:00,17:15:10,stop_point:SP_132,Ecole Gleyze-Vieille,25
2344658,17:16:00,17:16:10,stop_point:SP_2030,Gleyze-Vieille,26
2344659,17:00:00,17:00:10,stop_point:SP_1336,Empalot,1
2344659,17:02:00,17:02:10,stop_point:SP_728,Lebas,2
2344659,17:02:00,17:02:10,stop_point:SP_1575,Charbonnière,3
2344659,17:04:00,17:04:10,stop_point:SP_3000,Herriot,4
2344659,17:05:00,17:05:10,stop_point:SP_2945,Palmiers,5
2344659,17:06:00,17:06:10,stop_point:SP_1654,Bon Voisin,6
2344659,17:07:00,17:07:10,stop_point:SP_1225,Coteaux,7
2344659,17:09:00,17:09:10,stop_point:SP_2734,Ponsan Bellevue,8
2344659,17:10:00,17:10:10,stop_point:SP_4746,Faculté de Médecine,9
2344659,17:11:00,17:11:10,stop_point:SP_1961,Ducuing Ponsan,10
2344659,17:12:00,17:12:10,stop_point:SP_2266,Ducuing,11
2344659,17:13:00,17:13:10,stop_point:SP_3266,Université Paul Sabatier,12
2344659,17:14:00,17:14:10,stop_point:SP_1424,Ducuing,13
2344659,17:15:00,17:15:10,stop_point:SP_290,Ducuing Ponsan,14
2344659,17:18:00,17:18:10,stop_point:SP_1088,Bourdette,15
2344659,17:19:00,17:19:10,stop_point:SP_3843,Hôpital Larrey,16
2344659,17:21:00,17:21:10,stop_point:SP_3448,Larrey,17
2344659,17:21:00,17:21:10,stop_point:SP_2619,Narrade,18
2344659,17:22:00,17:22:10,stop_point:SP_745,Pastel,19
2344659,17:23:00,17:23:10,stop_point:SP_1438,Eglise Pouvourville,20
2344659,17:24:00,17:24:10,stop_point:SP_1568,Pouvourville,21
2344659,17:25:00,17:25:10,stop_point:SP_1857,Estérel,22
2344659,17:26:00,17:26:10,stop_point:SP_2254,Aéropostale,23
2344659,17:26:00,17:26:10,stop_point:SP_955,Salas,24
2344659,17:27:00,17:27:10,stop_point:SP_132,Ecole Gleyze-Vieille,25
2344659,17:28:00,17:28:10,stop_point:SP_2030,Gleyze-Vieille,26
2344660,17:13:00,17:13:10,stop_point:SP_1336,Empalot,1
2344660,17:15:00,17:15:10,stop_point:SP_728,Lebas,2
2344660,17:15:00,17:15:10,stop_point:SP_1575,Charbonnière,3
2344660,17:17:00,17:17:10,stop_point:SP_3000,Herriot,4
2344660,17:18:00,17:18:10,stop_point:SP_2945,Palmiers,5
2344660,17:19:00,17:19:10,stop_point:SP_1654,Bon Voisin,6
2344660,17:20:00,17:20:10,stop_point:SP_1225,Coteaux,7
2344660,17:22:00,17:22:10,stop_point:SP_2734,Ponsan Bellevue,8
2344660,17:23:00,17:23:10,stop_point:SP_4746,Faculté de Médecine,9
2344660,17:24:00,17:24:10,stop_point:SP_1961,Ducuing Ponsan,10
2344660,17:25:00,17:25:10,stop_point:SP_2266,Ducuing,11
2344660,17:26:00,17:26:10,stop_point:SP_3266,Université Paul Sabatier,12
2344660,17:27:00,17:27:10,stop_point:SP_1424,Ducuing,13
2344660,17:28:00,17:28:10,stop_point:SP_290,Ducuing Ponsan,14
2344660,17:31:00,17:31:10,stop_point:SP_1088,Bourdette,15
2344660,17:32:00,17:32:10,stop_point:SP_3843,Hôpital Larrey,16
2344660,17:34:00,17:34:10,stop_point:SP_3448,Larrey,17
2344660,17:34:00,17:34:10,stop_point:SP_2619,Narrade,18
2344660,17:35:00,17:35:10,stop_point:SP_745,Pastel,19
2344660,17:36:00,17:36:10,stop_point:SP_1438,Eglise Pouvourville,20
2344660,17:37:00,17:37:10,stop_point:SP_1568,Pouvourville,21
2344660,17:38:00,17:38:10,stop_point:SP_1857,Estérel,22
2344660,17:39:00,17:39:10,stop_point:SP_2254,Aéropostale,23
2344660,17:39:00,17:39:10,stop_point:SP_955,Salas,24
2344660,17:40:00,17:40:10,stop_point:SP_132,Ecole Gleyze-Vieille,25
2344660,17:41:00,17:41:10,stop_point:SP_2030,Gleyze-Vieille,26
2344661,17:26:00,17:26:10,stop_point:SP_1336,Empalot,1
2344661,17:28:00,17:28:10,stop_point:SP_728,Lebas,2
2344661,17:28:00,17:28:10,stop_point:SP_1575,Charbonnière,3
2344661,17:30:00,17:30:10,stop_point:SP_3000,Herriot,4
2344661,17:31:00,17:31:10,stop_point:SP_2945,Palmiers,5
2344661,17:32:00,17:32:10,stop_point:SP_1654,Bon Voisin,6
2344661,17:33:00,17:33:10,stop_point:SP_1225,Coteaux,7
2344661,17:35:00,17:35:10,stop_point:SP_2734,Ponsan Bellevue,8
2344661,17:36:00,17:36:10,stop_point:SP_4746,Faculté de Médecine,9
2344661,17:37:00,17:37:10,stop_point:SP_1961,Ducuing Ponsan,10
2344661,17:38:00,17:38:10,stop_point:SP_2266,Ducuing,11
2344661,17:39:00,17:39:10,stop_point:SP_3266,Université Paul Sabatier,12
2344661,17:40:00,17:40:10,stop_point:SP_1424,Ducuing,13
2344661,17:41:00,17:41:10,stop_point:SP_290,Ducuing Ponsan,14
2344661,17:44:00,17:44:10,stop_point:SP_1088,Bourdette,15
2344661,17:45:00,17:45:10,stop_point:SP_3843,Hôpital Larrey,16
2344661,17:47:00,17:47:10,stop_point:SP_3448,Larrey,17
2344661,17:48:00,17:48:10,stop_point:SP_2619,Narrade,18
2344661,17:48:00,17:48:10,stop_point:SP_745,Pastel,19
2344661,17:50:00,17:50:10,stop_point:SP_1438,Eglise Pouvourville,20
2344661,17:51:00,17:51:10,stop_point:SP_1568,Pouvourville,21
2344661,17:52:00,17:52:10,stop_point:SP_1857,Estérel,22
2344661,17:53:00,17:53:10,stop_point:SP_2254,Aéropostale,23
2344661,17:53:00,17:53:10,stop_point:SP_955,Salas,24
2344661,17:54:00,17:54:10,stop_point:SP_132,Ecole Gleyze-Vieille,25
2344661,17:55:00,17:55:10,stop_point:SP_2030,Gleyze-Vieille,26
2344662,17:35:00,17:35:10,stop_point:SP_1336,Empalot,1
2344662,17:37:00,17:37:10,stop_point:SP_728,Lebas,2
2344662,17:37:00,17:37:10,stop_point:SP_1575,Charbonnière,3
2344662,17:39:00,17:39:10,stop_point:SP_3000,Herriot,4
2344662,17:40:00,17:40:10,stop_point:SP_2945,Palmiers,5
2344662,17:41:00,17:41:10,stop_point:SP_1654,Bon Voisin,6
2344662,17:42:00,17:42:10,stop_point:SP_1225,Coteaux,7
2344662,17:44:00,17:44:10,stop_point:SP_2734,Ponsan Bellevue,8
2344662,17:45:00,17:45:10,stop_point:SP_4746,Faculté de Médecine,9
2344662,17:46:00,17:46:10,stop_point:SP_1961,Ducuing Ponsan,10
2344662,17:47:00,17:47:10,stop_point:SP_2266,Ducuing,11
2344662,17:48:00,17:48:10,stop_point:SP_3266,Université Paul Sabatier,12
2344662,17:49:00,17:49:10,stop_point:SP_1424,Ducuing,13
2344662,17:50:00,17:50:10,stop_point:SP_290,Ducuing Ponsan,14
2344662,17:53:00,17:53:10,stop_point:SP_1088,Bourdette,15
2344662,17:54:00,17:54:10,stop_point:SP_3843,Hôpital Larrey,16
2344662,17:56:00,17:56:10,stop_point:SP_3448,Larrey,17
2344662,17:57:00,17:57:10,stop_point:SP_2619,Narrade,18
2344662,17:57:00,17:57:10,stop_point:SP_745,Pastel,19
2344662,17:59:00,17:59:10,stop_point:SP_1438,Eglise Pouvourville,20
2344662,18:00:00,18:00:10,stop_point:SP_1568,Pouvourville,21
2344662,18:01:00,18:01:10,stop_point:SP_1857,Estérel,22
2344662,18:02:00,18:02:10,stop_point:SP_2254,Aéropostale,23
2344662,18:02:00,18:02:10,stop_point:SP_955,Salas,24
2344662,18:03:00,18:03:10,stop_point:SP_132,Ecole Gleyze-Vieille,25
2344662,18:04:00,18:04:10,stop_point:SP_2030,Gleyze-Vieille,26
2344663,17:47:00,17:47:10,stop_point:SP_1336,Empalot,1
2344663,17:49:00,17:49:10,stop_point:SP_728,Lebas,2
2344663,17:49:00,17:49:10,stop_point:SP_1575,Charbonnière,3
2344663,17:51:00,17:51:10,stop_point:SP_3000,Herriot,4
2344663,17:52:00,17:52:10,stop_point:SP_2945,Palmiers,5
2344663,17:53:00,17:53:10,stop_point:SP_1654,Bon Voisin,6
2344663,17:54:00,17:54:10,stop_point:SP_1225,Coteaux,7
2344663,17:56:00,17:56:10,stop_point:SP_2734,Ponsan Bellevue,8
2344663,17:57:00,17:57:10,stop_point:SP_4746,Faculté de Médecine,9
2344663,17:58:00,17:58:10,stop_point:SP_1961,Ducuing Ponsan,10
2344663,17:59:00,17:59:10,stop_point:SP_2266,Ducuing,11
2344663,18:00:00,18:00:10,stop_point:SP_3266,Université Paul Sabatier,12
2344663,18:02:00,18:02:10,stop_point:SP_1424,Ducuing,13
2344663,18:03:00,18:03:10,stop_point:SP_290,Ducuing Ponsan,14
2344663,18:05:00,18:05:10,stop_point:SP_1088,Bourdette,15
2344663,18:07:00,18:07:10,stop_point:SP_3843,Hôpital Larrey,16
2344663,18:09:00,18:09:10,stop_point:SP_3448,Larrey,17
2344663,18:10:00,18:10:10,stop_point:SP_2619,Narrade,18
2344663,18:10:00,18:10:10,stop_point:SP_745,Pastel,19
2344663,18:12:00,18:12:10,stop_point:SP_1438,Eglise Pouvourville,20
2344663,18:13:00,18:13:10,stop_point:SP_1568,Pouvourville,21
2344663,18:14:00,18:14:10,stop_point:SP_1857,Estérel,22
2344663,18:15:00,18:15:10,stop_point:SP_2254,Aéropostale,23
2344663,18:15:00,18:15:10,stop_point:SP_955,Salas,24
2344663,18:16:00,18:16:10,stop_point:SP_132,Ecole Gleyze-Vieille,25
2344663,18:17:00,18:17:10,stop_point:SP_2030,Gleyze-Vieille,26
2344664,18:00:00,18:00:10,stop_point:SP_1336,Empalot,1
2344664,18:02:00,18:02:10,stop_point:SP_728,Lebas,2
2344664,18:02:00,18:02:10,stop_point:SP_1575,Charbonnière,3
2344664,18:04:00,18:04:10,stop_point:SP_3000,Herriot,4
2344664,18:05:00,18:05:10,stop_point:SP_2945,Palmiers,5
2344664,18:06:00,18:06:10,stop_point:SP_1654,Bon Voisin,6
2344664,18:07:00,18:07:10,stop_point:SP_1225,Coteaux,7
2344664,18:09:00,18:09:10,stop_point:SP_2734,Ponsan Bellevue,8
2344664,18:10:00,18:10:10,stop_point:SP_4746,Faculté de Médecine,9
2344664,18:11:00,18:11:10,stop_point:SP_1961,Ducuing Ponsan,10
2344664,18:12:00,18:12:10,stop_point:SP_2266,Ducuing,11
2344664,18:13:00,18:13:10,stop_point:SP_3266,Université Paul Sabatier,12
2344664,18:15:00,18:15:10,stop_point:SP_1424,Ducuing,13
2344664,18:16:00,18:16:10,stop_point:SP_290,Ducuing Ponsan,14
2344664,18:18:00,18:18:10,stop_point:SP_1088,Bourdette,15
2344664,18:20:00,18:20:10,stop_point:SP_3843,Hôpital Larrey,16
2344664,18:22:00,18:22:10,stop_point:SP_3448,Larrey,17
2344664,18:22:00,18:22:10,stop_point:SP_2619,Narrade,18
2344664,18:23:00,18:23:10,stop_point:SP_745,Pastel,19
2344664,18:24:00,18:24:10,stop_point:SP_1438,Eglise Pouvourville,20
2344664,18:25:00,18:25:10,stop_point:SP_1568,Pouvourville,21
2344664,18:26:00,18:26:10,stop_point:SP_1857,Estérel,22
2344664,18:27:00,18:27:10,stop_point:SP_2254,Aéropostale,23
2344664,18:27:00,18:27:10,stop_point:SP_955,Salas,24
2344664,18:28:00,18:28:10,stop_point:SP_132,Ecole Gleyze-Vieille,25
2344664,18:29:00,18:29:10,stop_point:SP_2030,Gleyze-Vieille,26
2344665,18:12:00,18:12:10,stop_point:SP_1336,Empalot,1
2344665,18:14:00,18:14:10,stop_point:SP_728,Lebas,2
2344665,18:14:00,18:14:10,stop_point:SP_1575,Charbonnière,3
2344665,18:16:00,18:16:10,stop_point:SP_3000,Herriot,4
2344665,18:17:00,18:17:10,stop_point:SP_2945,Palmiers,5
2344665,18:18:00,18:18:10,stop_point:SP_1654,Bon Voisin,6
2344665,18:19:00,18:19:10,stop_point:SP_1225,Coteaux,7
2344665,18:21:00,18:21:10,stop_point:SP_2734,Ponsan Bellevue,8
2344665,18:22:00,18:22:10,stop_point:SP_4746,Faculté de Médecine,9
2344665,18:23:00,18:23:10,stop_point:SP_1961,Ducuing Ponsan,10
2344665,18:24:00,18:24:10,stop_point:SP_2266,Ducuing,11
2344665,18:25:00,18:25:10,stop_point:SP_3266,Université Paul Sabatier,12
2344665,18:27:00,18:27:10,stop_point:SP_1424,Ducuing,13
2344665,18:28:00,18:28:10,stop_point:SP_290,Ducuing Ponsan,14
2344665,18:30:00,18:30:10,stop_point:SP_1088,Bourdette,15
2344665,18:32:00,18:32:10,stop_point:SP_3843,Hôpital Larrey,16
2344665,18:34:00,18:34:10,stop_point:SP_3448,Larrey,17
2344665,18:34:00,18:34:10,stop_point:SP_2619,Narrade,18
2344665,18:35:00,18:35:10,stop_point:SP_745,Pastel,19
2344665,18:36:00,18:36:10,stop_point:SP_1438,Eglise Pouvourville,20
2344665,18:37:00,18:37:10,stop_point:SP_1568,Pouvourville,21
2344665,18:38:00,18:38:10,stop_point:SP_1857,Estérel,22
2344665,18:39:00,18:39:10,stop_point:SP_2254,Aéropostale,23
2344665,18:39:00,18:39:10,stop_point:SP_955,Salas,24
2344665,18:40:00,18:40:10,stop_point:SP_132,Ecole Gleyze-Vieille,25
2344665,18:41:00,18:41:10,stop_point:SP_2030,Gleyze-Vieille,26
2344666,18:24:00,18:24:10,stop_point:SP_1336,Empalot,1
2344666,18:26:00,18:26:10,stop_point:SP_728,Lebas,2
2344666,18:26:00,18:26:10,stop_point:SP_1575,Charbonnière,3
2344666,18:28:00,18:28:10,stop_point:SP_3000,Herriot,4
2344666,18:29:00,18:29:10,stop_point:SP_2945,Palmiers,5
2344666,18:30:00,18:30:10,stop_point:SP_1654,Bon Voisin,6
2344666,18:31:00,18:31:10,stop_point:SP_1225,Coteaux,7
2344666,18:32:00,18:32:10,stop_point:SP_2734,Ponsan Bellevue,8
2344666,18:33:00,18:33:10,stop_point:SP_4746,Faculté de Médecine,9
2344666,18:34:00,18:34:10,stop_point:SP_1961,Ducuing Ponsan,10
2344666,18:35:00,18:35:10,stop_point:SP_2266,Ducuing,11
2344666,18:36:00,18:36:10,stop_point:SP_3266,Université Paul Sabatier,12
2344666,18:37:00,18:37:10,stop_point:SP_1424,Ducuing,13
2344666,18:38:00,18:38:10,stop_point:SP_290,Ducuing Ponsan,14
2344666,18:40:00,18:40:10,stop_point:SP_1088,Bourdette,15
2344666,18:41:00,18:41:10,stop_point:SP_3843,Hôpital Larrey,16
2344666,18:43:00,18:43:10,stop_point:SP_3448,Larrey,17
2344666,18:43:00,18:43:10,stop_point:SP_2619,Narrade,18
2344666,18:44:00,18:44:10,stop_point:SP_745,Pastel,19
2344666,18:45:00,18:45:10,stop_point:SP_1438,Eglise Pouvourville,20
2344666,18:46:00,18:46:10,stop_point:SP_1568,Pouvourville,21
2344666,18:47:00,18:47:10,stop_point:SP_1857,Estérel,22
2344666,18:48:00,18:48:10,stop_point:SP_2254,Aéropostale,23
2344666,18:48:00,18:48:10,stop_point:SP_955,Salas,24
2344666,18:49:00,18:49:10,stop_point:SP_132,Ecole Gleyze-Vieille,25
2344666,18:50:00,18:50:10,stop_point:SP_2030,Gleyze-Vieille,26
2344667,18:36:00,18:36:10,stop_point:SP_1336,Empalot,1
2344667,18:38:00,18:38:10,stop_point:SP_728,Lebas,2
2344667,18:38:00,18:38:10,stop_point:SP_1575,Charbonnière,3
2344667,18:40:00,18:40:10,stop_point:SP_3000,Herriot,4
2344667,18:41:00,18:41:10,stop_point:SP_2945,Palmiers,5
2344667,18:42:00,18:42:10,stop_point:SP_1654,Bon Voisin,6
2344667,18:43:00,18:43:10,stop_point:SP_1225,Coteaux,7
2344667,18:44:00,18:44:10,stop_point:SP_2734,Ponsan Bellevue,8
2344667,18:45:00,18:45:10,stop_point:SP_4746,Faculté de Médecine,9
2344667,18:46:00,18:46:10,stop_point:SP_1961,Ducuing Ponsan,10
2344667,18:47:00,18:47:10,stop_point:SP_2266,Ducuing,11
2344667,18:48:00,18:48:10,stop_point:SP_3266,Université Paul Sabatier,12
2344667,18:49:00,18:49:10,stop_point:SP_1424,Ducuing,13
2344667,18:50:00,18:50:10,stop_point:SP_290,Ducuing Ponsan,14
2344667,18:52:00,18:52:10,stop_point:SP_1088,Bourdette,15
2344667,18:53:00,18:53:10,stop_point:SP_3843,Hôpital Larrey,16
2344667,18:55:00,18:55:10,stop_point:SP_3448,Larrey,17
2344667,18:55:00,18:55:10,stop_point:SP_2619,Narrade,18
2344667,18:56:00,18:56:10,stop_point:SP_745,Pastel,19
2344667,18:57:00,18:57:10,stop_point:SP_1438,Eglise Pouvourville,20
2344667,18:58:00,18:58:10,stop_point:SP_1568,Pouvourville,21
2344667,18:59:00,18:59:10,stop_point:SP_1857,Estérel,22
2344667,19:00:00,19:00:10,stop_point:SP_2254,Aéropostale,23
2344667,19:00:00,19:00:10,stop_point:SP_955,Salas,24
2344667,19:01:00,19:01:10,stop_point:SP_132,Ecole Gleyze-Vieille,25
2344667,19:02:00,19:02:10,stop_point:SP_2030,Gleyze-Vieille,26
2344668,18:50:00,18:50:10,stop_point:SP_1336,Empalot,1
2344668,18:52:00,18:52:10,stop_point:SP_728,Lebas,2
2344668,18:52:00,18:52:10,stop_point:SP_1575,Charbonnière,3
2344668,18:54:00,18:54:10,stop_point:SP_3000,Herriot,4
2344668,18:55:00,18:55:10,stop_point:SP_2945,Palmiers,5
2344668,18:56:00,18:56:10,stop_point:SP_1654,Bon Voisin,6
2344668,18:57:00,18:57:10,stop_point:SP_1225,Coteaux,7
2344668,18:58:00,18:58:10,stop_point:SP_2734,Ponsan Bellevue,8
2344668,18:59:00,18:59:10,stop_point:SP_4746,Faculté de Médecine,9
2344668,19:00:00,19:00:10,stop_point:SP_1961,Ducuing Ponsan,10
2344668,19:01:00,19:01:10,stop_point:SP_2266,Ducuing,11
2344668,19:02:00,19:02:10,stop_point:SP_3266,Université Paul Sabatier,12
2344668,19:03:00,19:03:10,stop_point:SP_1424,Ducuing,13
2344668,19:04:00,19:04:10,stop_point:SP_290,Ducuing Ponsan,14
2344668,19:06:00,19:06:10,stop_point:SP_1088,Bourdette,15
2344668,19:07:00,19:07:10,stop_point:SP_3843,Hôpital Larrey,16
2344668,19:09:00,19:09:10,stop_point:SP_3448,Larrey,17
2344668,19:09:00,19:09:10,stop_point:SP_2619,Narrade,18
2344668,19:10:00,19:10:10,stop_point:SP_745,Pastel,19
2344668,19:11:00,19:11:10,stop_point:SP_1438,Eglise Pouvourville,20
2344668,19:12:00,19:12:10,stop_point:SP_1568,Pouvourville,21
2344668,19:13:00,19:13:10,stop_point:SP_1857,Estérel,22
2344668,19:14:00,19:14:10,stop_point:SP_2254,Aéropostale,23
2344668,19:14:00,19:14:10,stop_point:SP_955,Salas,24
2344668,19:15:00,19:15:10,stop_point:SP_132,Ecole Gleyze-Vieille,25
2344668,19:16:00,19:16:10,stop_point:SP_2030,Gleyze-Vieille,26
2344669,19:08:00,19:08:10,stop_point:SP_1336,Empalot,1
2344669,19:10:00,19:10:10,stop_point:SP_728,Lebas,2
2344669,19:10:00,19:10:10,stop_point:SP_1575,Charbonnière,3
2344669,19:12:00,19:12:10,stop_point:SP_3000,Herriot,4
2344669,19:13:00,19:13:10,stop_point:SP_2945,Palmiers,5
2344669,19:14:00,19:14:10,stop_point:SP_1654,Bon Voisin,6
2344669,19:15:00,19:15:10,stop_point:SP_1225,Coteaux,7
2344669,19:16:00,19:16:10,stop_point:SP_2734,Ponsan Bellevue,8
2344669,19:17:00,19:17:10,stop_point:SP_4746,Faculté de Médecine,9
2344669,19:18:00,19:18:10,stop_point:SP_1961,Ducuing Ponsan,10
2344669,19:19:00,19:19:10,stop_point:SP_2266,Ducuing,11
2344669,19:20:00,19:20:10,stop_point:SP_3266,Université Paul Sabatier,12
2344669,19:21:00,19:21:10,stop_point:SP_1424,Ducuing,13
2344669,19:22:00,19:22:10,stop_point:SP_290,Ducuing Ponsan,14
2344669,19:24:00,19:24:10,stop_point:SP_1088,Bourdette,15
2344669,19:25:00,19:25:10,stop_point:SP_3843,Hôpital Larrey,16
2344669,19:27:00,19:27:10,stop_point:SP_3448,Larrey,17
2344669,19:27:00,19:27:10,stop_point:SP_2619,Narrade,18
2344669,19:28:00,19:28:10,stop_point:SP_745,Pastel,19
2344669,19:29:00,19:29:10,stop_point:SP_1438,Eglise Pouvourville,20
2344669,19:30:00,19:30:10,stop_point:SP_1568,Pouvourville,21
2344669,19:31:00,19:31:10,stop_point:SP_1857,Estérel,22
2344669,19:32:00,19:32:10,stop_point:SP_2254,Aéropostale,23
2344669,19:32:00,19:32:10,stop_point:SP_955,Salas,24
2344669,19:33:00,19:33:10,stop_point:SP_132,Ecole Gleyze-Vieille,25
2344669,19:34:00,19:34:10,stop_point:SP_2030,Gleyze-Vieille,26
2344670,19:30:00,19:30:10,stop_point:SP_1336,Empalot,1
2344670,19:32:00,19:32:10,stop_point:SP_728,Lebas,2
2344670,19:32:00,19:32:10,stop_point:SP_1575,Charbonnière,3
2344670,19:34:00,19:34:10,stop_point:SP_3000,Herriot,4
2344670,19:35:00,19:35:10,stop_point:SP_2945,Palmiers,5
2344670,19:36:00,19:36:10,stop_point:SP_1654,Bon Voisin,6
2344670,19:37:00,19:37:10,stop_point:SP_1225,Coteaux,7
2344670,19:38:00,19:38:10,stop_point:SP_2734,Ponsan Bellevue,8
2344670,19:39:00,19:39:10,stop_point:SP_4746,Faculté de Médecine,9
2344670,19:40:00,19:40:10,stop_point:SP_1961,Ducuing Ponsan,10
2344670,19:41:00,19:41:10,stop_point:SP_2266,Ducuing,11
2344670,19:42:00,19:42:10,stop_point:SP_3266,Université Paul Sabatier,12
2344670,19:43:00,19:43:10,stop_point:SP_1424,Ducuing,13
2344670,19:44:00,19:44:10,stop_point:SP_290,Ducuing Ponsan,14
2344670,19:46:00,19:46:10,stop_point:SP_1088,Bourdette,15
2344670,19:47:00,19:47:10,stop_point:SP_3843,Hôpital Larrey,16
2344670,19:49:00,19:49:10,stop_point:SP_3448,Larrey,17
2344670,19:49:00,19:49:10,stop_point:SP_2619,Narrade,18
2344670,19:50:00,19:50:10,stop_point:SP_745,Pastel,19
2344670,19:51:00,19:51:10,stop_point:SP_1438,Eglise Pouvourville,20
2344670,19:52:00,19:52:10,stop_point:SP_1568,Pouvourville,21
2344670,19:53:00,19:53:10,stop_point:SP_1857,Estérel,22
2344670,19:54:00,19:54:10,stop_point:SP_2254,Aéropostale,23
2344670,19:54:00,19:54:10,stop_point:SP_955,Salas,24
2344670,19:55:00,19:55:10,stop_point:SP_132,Ecole Gleyze-Vieille,25
2344670,19:56:00,19:56:10,stop_point:SP_2030,Gleyze-Vieille,26
2344671,19:54:00,19:54:10,stop_point:SP_1336,Empalot,1
2344671,19:56:00,19:56:10,stop_point:SP_728,Lebas,2
2344671,19:56:00,19:56:10,stop_point:SP_1575,Charbonnière,3
2344671,19:58:00,19:58:10,stop_point:SP_3000,Herriot,4
2344671,19:59:00,19:59:10,stop_point:SP_2945,Palmiers,5
2344671,20:00:00,20:00:10,stop_point:SP_1654,Bon Voisin,6
2344671,20:01:00,20:01:10,stop_point:SP_1225,Coteaux,7
2344671,20:02:00,20:02:10,stop_point:SP_2734,Ponsan Bellevue,8
2344671,20:03:00,20:03:10,stop_point:SP_4746,Faculté de Médecine,9
2344671,20:04:00,20:04:10,stop_point:SP_1961,Ducuing Ponsan,10
2344671,20:05:00,20:05:10,stop_point:SP_2266,Ducuing,11
2344671,20:06:00,20:06:10,stop_point:SP_3266,Université Paul Sabatier,12
2344671,20:07:00,20:07:10,stop_point:SP_1424,Ducuing,13
2344671,20:08:00,20:08:10,stop_point:SP_290,Ducuing Ponsan,14
2344671,20:10:00,20:10:10,stop_point:SP_1088,Bourdette,15
2344671,20:11:00,20:11:10,stop_point:SP_3843,Hôpital Larrey,16
2344671,20:13:00,20:13:10,stop_point:SP_3448,Larrey,17
2344671,20:13:00,20:13:10,stop_point:SP_2619,Narrade,18
2344671,20:14:00,20:14:10,stop_point:SP_745,Pastel,19
2344671,20:15:00,20:15:10,stop_point:SP_1438,Eglise Pouvourville,20
2344671,20:16:00,20:16:10,stop_point:SP_1568,Pouvourville,21
2344671,20:17:00,20:17:10,stop_point:SP_1857,Estérel,22
2344671,20:17:00,20:17:10,stop_point:SP_2254,Aéropostale,23
2344671,20:18:00,20:18:10,stop_point:SP_955,Salas,24
2344671,20:18:00,20:18:10,stop_point:SP_132,Ecole Gleyze-Vieille,25
2344671,20:19:00,20:19:10,stop_point:SP_2030,Gleyze-Vieille,26
2344672,20:25:00,20:25:10,stop_point:SP_1336,Empalot,1
2344672,20:26:00,20:26:10,stop_point:SP_728,Lebas,2
2344672,20:27:00,20:27:10,stop_point:SP_1575,Charbonnière,3
2344672,20:28:00,20:28:10,stop_point:SP_3000,Herriot,4
2344672,20:29:00,20:29:10,stop_point:SP_2945,Palmiers,5
2344672,20:30:00,20:30:10,stop_point:SP_1654,Bon Voisin,6
2344672,20:31:00,20:31:10,stop_point:SP_1225,Coteaux,7
2344672,20:32:00,20:32:10,stop_point:SP_2734,Ponsan Bellevue,8
2344672,20:33:00,20:33:10,stop_point:SP_4746,Faculté de Médecine,9
2344672,20:34:00,20:34:10,stop_point:SP_1961,Ducuing Ponsan,10
2344672,20:35:00,20:35:10,stop_point:SP_2266,Ducuing,11
2344672,20:36:00,20:36:10,stop_point:SP_3266,Université Paul Sabatier,12
2344672,20:37:00,20:37:10,stop_point:SP_1424,Ducuing,13
2344672,20:38:00,20:38:10,stop_point:SP_290,Ducuing Ponsan,14
2344672,20:40:00,20:40:10,stop_point:SP_1088,Bourdette,15
2344672,20:41:00,20:41:10,stop_point:SP_3843,Hôpital Larrey,16
2344672,20:43:00,20:43:10,stop_point:SP_3448,Larrey,17
2344672,20:43:00,20:43:10,stop_point:SP_2619,Narrade,18
2344672,20:44:00,20:44:10,stop_point:SP_745,Pastel,19
2344672,20:45:00,20:45:10,stop_point:SP_1438,Eglise Pouvourville,20
2344672,20:46:00,20:46:10,stop_point:SP_1568,Pouvourville,21
2344672,20:47:00,20:47:10,stop_point:SP_1857,Estérel,22
2344672,20:47:00,20:47:10,stop_point:SP_2254,Aéropostale,23
2344672,20:48:00,20:48:10,stop_point:SP_955,Salas,24
2344672,20:48:00,20:48:10,stop_point:SP_132,Ecole Gleyze-Vieille,25
2344672,20:49:00,20:49:10,stop_point:SP_2030,Gleyze-Vieille,26
2344673,21:05:00,21:05:10,stop_point:SP_1336,Empalot,1
2344673,21:06:00,21:06:10,stop_point:SP_728,Lebas,2
2344673,21:07:00,21:07:10,stop_point:SP_1575,Charbonnière,3
2344673,21:08:00,21:08:10,stop_point:SP_3000,Herriot,4
2344673,21:09:00,21:09:10,stop_point:SP_2945,Palmiers,5
2344673,21:10:00,21:10:10,stop_point:SP_1654,Bon Voisin,6
2344673,21:11:00,21:11:10,stop_point:SP_1225,Coteaux,7
2344673,21:12:00,21:12:10,stop_point:SP_2734,Ponsan Bellevue,8
2344673,21:13:00,21:13:10,stop_point:SP_4746,Faculté de Médecine,9
2344673,21:13:00,21:13:10,stop_point:SP_1961,Ducuing Ponsan,10
2344673,21:14:00,21:14:10,stop_point:SP_2266,Ducuing,11
2344673,21:15:00,21:15:10,stop_point:SP_3266,Université Paul Sabatier,12
2344673,21:16:00,21:16:10,stop_point:SP_1424,Ducuing,13
2344673,21:17:00,21:17:10,stop_point:SP_290,Ducuing Ponsan,14
2344673,21:19:00,21:19:10,stop_point:SP_1088,Bourdette,15
2344673,21:20:00,21:20:10,stop_point:SP_3843,Hôpital Larrey,16
2344673,21:22:00,21:22:10,stop_point:SP_3448,Larrey,17
2344673,21:22:00,21:22:10,stop_point:SP_2619,Narrade,18
2344673,21:23:00,21:23:10,stop_point:SP_745,Pastel,19
2344673,21:24:00,21:24:10,stop_point:SP_1438,Eglise Pouvourville,20
2344673,21:25:00,21:25:10,stop_point:SP_1568,Pouvourville,21
2344673,21:26:00,21:26:10,stop_point:SP_1857,Estérel,22
2344673,21:26:00,21:26:10,stop_point:SP_2254,Aéropostale,23
2344673,21:27:00,21:27:10,stop_point:SP_955,Salas,24
2344673,21:27:00,21:27:10,stop_point:SP_132,Ecole Gleyze-Vieille,25
2344673,21:28:00,21:28:10,stop_point:SP_2030,Gleyze-Vieille,26
2344674,07:35:00,07:35:10,stop_point:SP_3266,Université Paul Sabatier,1
2344674,07:37:00,07:37:10,stop_point:SP_1424,Ducuing,2
2344674,07:38:00,07:38:10,stop_point:SP_290,Ducuing Ponsan,3
2344674,07:40:00,07:40:10,stop_point:SP_1088,Bourdette,4
2344674,07:42:00,07:42:10,stop_point:SP_3843,Hôpital Larrey,5
2344674,07:44:00,07:44:10,stop_point:SP_3448,Larrey,6
2344674,07:45:00,07:45:10,stop_point:SP_2619,Narrade,7
2344674,07:45:00,07:45:10,stop_point:SP_745,Pastel,8
2344674,07:47:00,07:47:10,stop_point:SP_1438,Eglise Pouvourville,9
2344674,07:48:00,07:48:10,stop_point:SP_1568,Pouvourville,10
2344674,07:49:00,07:49:10,stop_point:SP_1857,Estérel,11
2344674,07:50:00,07:50:10,stop_point:SP_2254,Aéropostale,12
2344674,07:50:00,07:50:10,stop_point:SP_955,Salas,13
2344674,07:51:00,07:51:10,stop_point:SP_132,Ecole Gleyze-Vieille,14
2344674,07:52:00,07:52:10,stop_point:SP_2030,Gleyze-Vieille,15
2344675,05:50:00,05:50:10,stop_point:SP_2030,Gleyze-Vieille,1
2344675,05:51:00,05:51:10,stop_point:SP_2668,Ecole Gleyze-Vieille,2
2344675,05:51:00,05:51:10,stop_point:SP_1235,Salas,3
2344675,05:52:00,05:52:10,stop_point:SP_1459,Aéropostale,4
2344675,05:52:00,05:52:10,stop_point:SP_3888,Estérel,5
2344675,05:53:00,05:53:10,stop_point:SP_3638,Pouvourville,6
2344675,05:54:00,05:54:10,stop_point:SP_1218,Eglise Pouvourville,7
2344675,05:55:00,05:55:10,stop_point:SP_3410,Pastel,8
2344675,05:56:00,05:56:10,stop_point:SP_1203,Narrade,9
2344675,05:58:00,05:58:10,stop_point:SP_3843,Hôpital Larrey,10
2344675,05:59:00,05:59:10,stop_point:SP_1445,Larrey,11
2344675,06:00:00,06:00:10,stop_point:SP_3081,Bourdette,12
2344675,06:01:00,06:01:10,stop_point:SP_1961,Ducuing Ponsan,13
2344675,06:02:00,06:02:10,stop_point:SP_2266,Ducuing,14
2344675,06:03:00,06:03:10,stop_point:SP_3266,Université Paul Sabatier,15
2344675,06:04:00,06:04:10,stop_point:SP_1424,Ducuing,16
2344675,06:05:00,06:05:10,stop_point:SP_290,Ducuing Ponsan,17
2344675,06:05:00,06:05:10,stop_point:SP_4747,Faculté de Médecine,18
2344675,06:06:00,06:06:10,stop_point:SP_1913,Ponsan Bellevue,19
2344675,06:07:00,06:07:10,stop_point:SP_1021,Coteaux,20
2344675,06:08:00,06:08:10,stop_point:SP_709,Bon Voisin,21
2344675,06:10:00,06:10:10,stop_point:SP_2731,Palmiers,22
2344675,06:10:00,06:10:10,stop_point:SP_3327,Herriot,23
2344675,06:12:00,06:12:10,stop_point:SP_1529,Charbonnière,24
2344675,06:13:00,06:13:10,stop_point:SP_1321,Lebas,25
2344675,06:14:00,06:14:10,stop_point:SP_1336,Empalot,26
2344676,06:15:00,06:15:10,stop_point:SP_2030,Gleyze-Vieille,1
2344676,06:16:00,06:16:10,stop_point:SP_2668,Ecole Gleyze-Vieille,2
2344676,06:16:00,06:16:10,stop_point:SP_1235,Salas,3
2344676,06:17:00,06:17:10,stop_point:SP_1459,Aéropostale,4
2344676,06:17:00,06:17:10,stop_point:SP_3888,Estérel,5
2344676,06:18:00,06:18:10,stop_point:SP_3638,Pouvourville,6
2344676,06:19:00,06:19:10,stop_point:SP_1218,Eglise Pouvourville,7
2344676,06:20:00,06:20:10,stop_point:SP_3410,Pastel,8
2344676,06:21:00,06:21:10,stop_point:SP_1203,Narrade,9
2344676,06:23:00,06:23:10,stop_point:SP_3843,Hôpital Larrey,10
2344676,06:24:00,06:24:10,stop_point:SP_1445,Larrey,11
2344676,06:25:00,06:25:10,stop_point:SP_3081,Bourdette,12
2344676,06:26:00,06:26:10,stop_point:SP_1961,Ducuing Ponsan,13
2344676,06:27:00,06:27:10,stop_point:SP_2266,Ducuing,14
2344676,06:28:00,06:28:10,stop_point:SP_3266,Université Paul Sabatier,15
2344676,06:29:00,06:29:10,stop_point:SP_1424,Ducuing,16
2344676,06:30:00,06:30:10,stop_point:SP_290,Ducuing Ponsan,17
2344676,06:30:00,06:30:10,stop_point:SP_4747,Faculté de Médecine,18
2344676,06:31:00,06:31:10,stop_point:SP_1913,Ponsan Bellevue,19
2344676,06:32:00,06:32:10,stop_point:SP_1021,Coteaux,20
2344676,06:33:00,06:33:10,stop_point:SP_709,Bon Voisin,21
2344676,06:35:00,06:35:10,stop_point:SP_2731,Palmiers,22
2344676,06:35:00,06:35:10,stop_point:SP_3327,Herriot,23
2344676,06:37:00,06:37:10,stop_point:SP_1529,Charbonnière,24
2344676,06:38:00,06:38:10,stop_point:SP_1321,Lebas,25
2344676,06:39:00,06:39:10,stop_point:SP_1336,Empalot,26
2344677,06:41:00,06:41:10,stop_point:SP_2030,Gleyze-Vieille,1
2344677,06:42:00,06:42:10,stop_point:SP_2668,Ecole Gleyze-Vieille,2
2344677,06:42:00,06:42:10,stop_point:SP_1235,Salas,3
2344677,06:43:00,06:43:10,stop_point:SP_1459,Aéropostale,4
2344677,06:43:00,06:43:10,stop_point:SP_3888,Estérel,5
2344677,06:44:00,06:44:10,stop_point:SP_3638,Pouvourville,6
2344677,06:45:00,06:45:10,stop_point:SP_1218,Eglise Pouvourville,7
2344677,06:46:00,06:46:10,stop_point:SP_3410,Pastel,8
2344677,06:47:00,06:47:10,stop_point:SP_1203,Narrade,9
2344677,06:49:00,06:49:10,stop_point:SP_3843,Hôpital Larrey,10
2344677,06:50:00,06:50:10,stop_point:SP_1445,Larrey,11
2344677,06:51:00,06:51:10,stop_point:SP_3081,Bourdette,12
2344677,06:53:00,06:53:10,stop_point:SP_1961,Ducuing Ponsan,13
2344677,06:54:00,06:54:10,stop_point:SP_2266,Ducuing,14
2344677,06:55:00,06:55:10,stop_point:SP_3266,Université Paul Sabatier,15
2344677,06:56:00,06:56:10,stop_point:SP_1424,Ducuing,16
2344677,06:57:00,06:57:10,stop_point:SP_290,Ducuing Ponsan,17
2344677,06:57:00,06:57:10,stop_point:SP_4747,Faculté de Médecine,18
2344677,06:58:00,06:58:10,stop_point:SP_1913,Ponsan Bellevue,19
2344677,06:59:00,06:59:10,stop_point:SP_1021,Coteaux,20
2344677,07:01:00,07:01:10,stop_point:SP_709,Bon Voisin,21
2344677,07:02:00,07:02:10,stop_point:SP_2731,Palmiers,22
2344677,07:03:00,07:03:10,stop_point:SP_3327,Herriot,23
2344677,07:05:00,07:05:10,stop_point:SP_1529,Charbonnière,24
2344677,07:06:00,07:06:10,stop_point:SP_1321,Lebas,25
2344677,07:08:00,07:08:10,stop_point:SP_1336,Empalot,26
2344678,06:56:00,06:56:10,stop_point:SP_2030,Gleyze-Vieille,1
2344678,06:57:00,06:57:10,stop_point:SP_2668,Ecole Gleyze-Vieille,2
2344678,06:57:00,06:57:10,stop_point:SP_1235,Salas,3
2344678,06:58:00,06:58:10,stop_point:SP_1459,Aéropostale,4
2344678,06:58:00,06:58:10,stop_point:SP_3888,Estérel,5
2344678,06:59:00,06:59:10,stop_point:SP_3638,Pouvourville,6
2344678,07:00:00,07:00:10,stop_point:SP_1218,Eglise Pouvourville,7
2344678,07:01:00,07:01:10,stop_point:SP_3410,Pastel,8
2344678,07:02:00,07:02:10,stop_point:SP_1203,Narrade,9
2344678,07:04:00,07:04:10,stop_point:SP_3843,Hôpital Larrey,10
2344678,07:05:00,07:05:10,stop_point:SP_1445,Larrey,11
2344678,07:06:00,07:06:10,stop_point:SP_3081,Bourdette,12
2344678,07:08:00,07:08:10,stop_point:SP_1961,Ducuing Ponsan,13
2344678,07:09:00,07:09:10,stop_point:SP_2266,Ducuing,14
2344678,07:10:00,07:10:10,stop_point:SP_3266,Université Paul Sabatier,15
2344678,07:11:00,07:11:10,stop_point:SP_1424,Ducuing,16
2344678,07:12:00,07:12:10,stop_point:SP_290,Ducuing Ponsan,17
2344678,07:12:00,07:12:10,stop_point:SP_4747,Faculté de Médecine,18
2344678,07:13:00,07:13:10,stop_point:SP_1913,Ponsan Bellevue,19
2344678,07:14:00,07:14:10,stop_point:SP_1021,Coteaux,20
2344678,07:16:00,07:16:10,stop_point:SP_709,Bon Voisin,21
2344678,07:17:00,07:17:10,stop_point:SP_2731,Palmiers,22
2344678,07:18:00,07:18:10,stop_point:SP_3327,Herriot,23
2344678,07:20:00,07:20:10,stop_point:SP_1529,Charbonnière,24
2344678,07:21:00,07:21:10,stop_point:SP_1321,Lebas,25
2344678,07:23:00,07:23:10,stop_point:SP_1336,Empalot,26
2344679,07:10:00,07:10:10,stop_point:SP_2030,Gleyze-Vieille,1
2344679,07:11:00,07:11:10,stop_point:SP_2668,Ecole Gleyze-Vieille,2
2344679,07:12:00,07:12:10,stop_point:SP_1235,Salas,3
2344679,07:12:00,07:12:10,stop_point:SP_1459,Aéropostale,4
2344679,07:13:00,07:13:10,stop_point:SP_3888,Estérel,5
2344679,07:14:00,07:14:10,stop_point:SP_3638,Pouvourville,6
2344679,07:15:00,07:15:10,stop_point:SP_1218,Eglise Pouvourville,7
2344679,07:16:00,07:16:10,stop_point:SP_3410,Pastel,8
2344679,07:18:00,07:18:10,stop_point:SP_1203,Narrade,9
2344679,07:20:00,07:20:10,stop_point:SP_3843,Hôpital Larrey,10
2344679,07:21:00,07:21:10,stop_point:SP_1445,Larrey,11
2344679,07:22:00,07:22:10,stop_point:SP_3081,Bourdette,12
2344679,07:25:00,07:25:10,stop_point:SP_1961,Ducuing Ponsan,13
2344679,07:26:00,07:26:10,stop_point:SP_2266,Ducuing,14
2344679,07:27:00,07:27:10,stop_point:SP_3266,Université Paul Sabatier,15
2344679,07:29:00,07:29:10,stop_point:SP_1424,Ducuing,16
2344679,07:30:00,07:30:10,stop_point:SP_290,Ducuing Ponsan,17
2344679,07:30:00,07:30:10,stop_point:SP_4747,Faculté de Médecine,18
2344679,07:31:00,07:31:10,stop_point:SP_1913,Ponsan Bellevue,19
2344679,07:33:00,07:33:10,stop_point:SP_1021,Coteaux,20
2344679,07:35:00,07:35:10,stop_point:SP_709,Bon Voisin,21
2344679,07:36:00,07:36:10,stop_point:SP_2731,Palmiers,22
2344679,07:37:00,07:37:10,stop_point:SP_3327,Herriot,23
2344679,07:39:00,07:39:10,stop_point:SP_1529,Charbonnière,24
2344679,07:40:00,07:40:10,stop_point:SP_1321,Lebas,25
2344679,07:42:00,07:42:10,stop_point:SP_1336,Empalot,26
2344680,07:23:00,07:23:10,stop_point:SP_2030,Gleyze-Vieille,1
2344680,07:24:00,07:24:10,stop_point:SP_2668,Ecole Gleyze-Vieille,2
2344680,07:25:00,07:25:10,stop_point:SP_1235,Salas,3
2344680,07:26:00,07:26:10,stop_point:SP_1459,Aéropostale,4
2344680,07:27:00,07:27:10,stop_point:SP_3888,Estérel,5
2344680,07:28:00,07:28:10,stop_point:SP_3638,Pouvourville,6
2344680,07:29:00,07:29:10,stop_point:SP_1218,Eglise Pouvourville,7
2344680,07:30:00,07:30:10,stop_point:SP_3410,Pastel,8
2344680,07:32:00,07:32:10,stop_point:SP_1203,Narrade,9
2344680,07:34:00,07:34:10,stop_point:SP_3843,Hôpital Larrey,10
2344680,07:36:00,07:36:10,stop_point:SP_1445,Larrey,11
2344680,07:37:00,07:37:10,stop_point:SP_3081,Bourdette,12
2344680,07:41:00,07:41:10,stop_point:SP_1961,Ducuing Ponsan,13
2344680,07:42:00,07:42:10,stop_point:SP_2266,Ducuing,14
2344680,07:44:00,07:44:10,stop_point:SP_3266,Université Paul Sabatier,15
2344680,07:46:00,07:46:10,stop_point:SP_1424,Ducuing,16
2344680,07:47:00,07:47:10,stop_point:SP_290,Ducuing Ponsan,17
2344680,07:47:00,07:47:10,stop_point:SP_4747,Faculté de Médecine,18
2344680,07:48:00,07:48:10,stop_point:SP_1913,Ponsan Bellevue,19
2344680,07:50:00,07:50:10,stop_point:SP_1021,Coteaux,20
2344680,07:52:00,07:52:10,stop_point:SP_709,Bon Voisin,21
2344680,07:53:00,07:53:10,stop_point:SP_2731,Palmiers,22
2344680,07:54:00,07:54:10,stop_point:SP_3327,Herriot,23
2344680,07:56:00,07:56:10,stop_point:SP_1529,Charbonnière,24
2344680,07:57:00,07:57:10,stop_point:SP_1321,Lebas,25
2344680,07:59:00,07:59:10,stop_point:SP_1336,Empalot,26
2344681,07:34:00,07:34:10,stop_point:SP_2030,Gleyze-Vieille,1
2344681,07:35:00,07:35:10,stop_point:SP_2668,Ecole Gleyze-Vieille,2
2344681,07:36:00,07:36:10,stop_point:SP_1235,Salas,3
2344681,07:37:00,07:37:10,stop_point:SP_1459,Aéropostale,4
2344681,07:38:00,07:38:10,stop_point:SP_3888,Estérel,5
2344681,07:39:00,07:39:10,stop_point:SP_3638,Pouvourville,6
2344681,07:40:00,07:40:10,stop_point:SP_1218,Eglise Pouvourville,7
2344681,07:41:00,07:41:10,stop_point:SP_3410,Pastel,8
2344681,07:43:00,07:43:10,stop_point:SP_1203,Narrade,9
2344681,07:45:00,07:45:10,stop_point:SP_3843,Hôpital Larrey,10
2344681,07:48:00,07:48:10,stop_point:SP_1445,Larrey,11
2344681,07:49:00,07:49:10,stop_point:SP_3081,Bourdette,12
2344681,07:54:00,07:54:10,stop_point:SP_1961,Ducuing Ponsan,13
2344681,07:55:00,07:55:10,stop_point:SP_2266,Ducuing,14
2344681,07:58:00,07:58:10,stop_point:SP_3266,Université Paul Sabatier,15
2344681,08:00:00,08:00:10,stop_point:SP_1424,Ducuing,16
2344681,08:01:00,08:01:10,stop_point:SP_290,Ducuing Ponsan,17
2344681,08:01:00,08:01:10,stop_point:SP_4747,Faculté de Médecine,18
2344681,08:02:00,08:02:10,stop_point:SP_1913,Ponsan Bellevue,19
2344681,08:04:00,08:04:10,stop_point:SP_1021,Coteaux,20
2344681,08:06:00,08:06:10,stop_point:SP_709,Bon Voisin,21
2344681,08:07:00,08:07:10,stop_point:SP_2731,Palmiers,22
2344681,08:08:00,08:08:10,stop_point:SP_3327,Herriot,23
2344681,08:10:00,08:10:10,stop_point:SP_1529,Charbonnière,24
2344681,08:11:00,08:11:10,stop_point:SP_1321,Lebas,25
2344681,08:13:00,08:13:10,stop_point:SP_1336,Empalot,26
2344682,07:49:00,07:49:10,stop_point:SP_2030,Gleyze-Vieille,1
2344682,07:50:00,07:50:10,stop_point:SP_2668,Ecole Gleyze-Vieille,2
2344682,07:51:00,07:51:10,stop_point:SP_1235,Salas,3
2344682,07:52:00,07:52:10,stop_point:SP_1459,Aéropostale,4
2344682,07:53:00,07:53:10,stop_point:SP_3888,Estérel,5
2344682,07:54:00,07:54:10,stop_point:SP_3638,Pouvourville,6
2344682,07:55:00,07:55:10,stop_point:SP_1218,Eglise Pouvourville,7
2344682,07:57:00,07:57:10,stop_point:SP_3410,Pastel,8
2344682,07:58:00,07:58:10,stop_point:SP_1203,Narrade,9
2344682,08:01:00,08:01:10,stop_point:SP_3843,Hôpital Larrey,10
2344682,08:03:00,08:03:10,stop_point:SP_1445,Larrey,11
2344682,08:04:00,08:04:10,stop_point:SP_3081,Bourdette,12
2344682,08:08:00,08:08:10,stop_point:SP_1961,Ducuing Ponsan,13
2344682,08:09:00,08:09:10,stop_point:SP_2266,Ducuing,14
2344682,08:11:00,08:11:10,stop_point:SP_3266,Université Paul Sabatier,15
2344682,08:13:00,08:13:10,stop_point:SP_1424,Ducuing,16
2344682,08:14:00,08:14:10,stop_point:SP_290,Ducuing Ponsan,17
2344682,08:14:00,08:14:10,stop_point:SP_4747,Faculté de Médecine,18
2344682,08:15:00,08:15:10,stop_point:SP_1913,Ponsan Bellevue,19
2344682,08:17:00,08:17:10,stop_point:SP_1021,Coteaux,20
2344682,08:19:00,08:19:10,stop_point:SP_709,Bon Voisin,21
2344682,08:20:00,08:20:10,stop_point:SP_2731,Palmiers,22
2344682,08:21:00,08:21:10,stop_point:SP_3327,Herriot,23
2344682,08:23:00,08:23:10,stop_point:SP_1529,Charbonnière,24
2344682,08:24:00,08:24:10,stop_point:SP_1321,Lebas,25
2344682,08:26:00,08:26:10,stop_point:SP_1336,Empalot,26
2344683,08:05:00,08:05:10,stop_point:SP_2030,Gleyze-Vieille,1
2344683,08:06:00,08:06:10,stop_point:SP_2668,Ecole Gleyze-Vieille,2
2344683,08:07:00,08:07:10,stop_point:SP_1235,Salas,3
2344683,08:08:00,08:08:10,stop_point:SP_1459,Aéropostale,4
2344683,08:09:00,08:09:10,stop_point:SP_3888,Estérel,5
2344683,08:10:00,08:10:10,stop_point:SP_3638,Pouvourville,6
2344683,08:11:00,08:11:10,stop_point:SP_1218,Eglise Pouvourville,7
2344683,08:12:00,08:12:10,stop_point:SP_3410,Pastel,8
2344683,08:14:00,08:14:10,stop_point:SP_1203,Narrade,9
2344683,08:16:00,08:16:10,stop_point:SP_3843,Hôpital Larrey,10
2344683,08:18:00,08:18:10,stop_point:SP_1445,Larrey,11
2344683,08:19:00,08:19:10,stop_point:SP_3081,Bourdette,12
2344683,08:21:00,08:21:10,stop_point:SP_1961,Ducuing Ponsan,13
2344683,08:22:00,08:22:10,stop_point:SP_2266,Ducuing,14
2344683,08:24:00,08:24:10,stop_point:SP_3266,Université Paul Sabatier,15
2344683,08:26:00,08:26:10,stop_point:SP_1424,Ducuing,16
2344683,08:27:00,08:27:10,stop_point:SP_290,Ducuing Ponsan,17
2344683,08:27:00,08:27:10,stop_point:SP_4747,Faculté de Médecine,18
2344683,08:28:00,08:28:10,stop_point:SP_1913,Ponsan Bellevue,19
2344683,08:30:00,08:30:10,stop_point:SP_1021,Coteaux,20
2344683,08:32:00,08:32:10,stop_point:SP_709,Bon Voisin,21
2344683,08:33:00,08:33:10,stop_point:SP_2731,Palmiers,22
2344683,08:34:00,08:34:10,stop_point:SP_3327,Herriot,23
2344683,08:36:00,08:36:10,stop_point:SP_1529,Charbonnière,24
2344683,08:37:00,08:37:10,stop_point:SP_1321,Lebas,25
2344683,08:39:00,08:39:10,stop_point:SP_1336,Empalot,26
2344684,08:18:00,08:18:10,stop_point:SP_2030,Gleyze-Vieille,1
2344684,08:19:00,08:19:10,stop_point:SP_2668,Ecole Gleyze-Vieille,2
2344684,08:20:00,08:20:10,stop_point:SP_1235,Salas,3
2344684,08:21:00,08:21:10,stop_point:SP_1459,Aéropostale,4
2344684,08:22:00,08:22:10,stop_point:SP_3888,Estérel,5
2344684,08:23:00,08:23:10,stop_point:SP_3638,Pouvourville,6
2344684,08:24:00,08:24:10,stop_point:SP_1218,Eglise Pouvourville,7
2344684,08:25:00,08:25:10,stop_point:SP_3410,Pastel,8
2344684,08:26:00,08:26:10,stop_point:SP_1203,Narrade,9
2344684,08:28:00,08:28:10,stop_point:SP_3843,Hôpital Larrey,10
2344684,08:30:00,08:30:10,stop_point:SP_1445,Larrey,11
2344684,08:31:00,08:31:10,stop_point:SP_3081,Bourdette,12
2344684,08:33:00,08:33:10,stop_point:SP_1961,Ducuing Ponsan,13
2344684,08:34:00,08:34:10,stop_point:SP_2266,Ducuing,14
2344684,08:36:00,08:36:10,stop_point:SP_3266,Université Paul Sabatier,15
2344684,08:38:00,08:38:10,stop_point:SP_1424,Ducuing,16
2344684,08:39:00,08:39:10,stop_point:SP_290,Ducuing Ponsan,17
2344684,08:39:00,08:39:10,stop_point:SP_4747,Faculté de Médecine,18
2344684,08:40:00,08:40:10,stop_point:SP_1913,Ponsan Bellevue,19
2344684,08:42:00,08:42:10,stop_point:SP_1021,Coteaux,20
2344684,08:44:00,08:44:10,stop_point:SP_709,Bon Voisin,21
2344684,08:45:00,08:45:10,stop_point:SP_2731,Palmiers,22
2344684,08:46:00,08:46:10,stop_point:SP_3327,Herriot,23
2344684,08:48:00,08:48:10,stop_point:SP_1529,Charbonnière,24
2344684,08:49:00,08:49:10,stop_point:SP_1321,Lebas,25
2344684,08:51:00,08:51:10,stop_point:SP_1336,Empalot,26
2344685,08:29:00,08:29:10,stop_point:SP_2030,Gleyze-Vieille,1
2344685,08:30:00,08:30:10,stop_point:SP_2668,Ecole Gleyze-Vieille,2
2344685,08:31:00,08:31:10,stop_point:SP_1235,Salas,3
2344685,08:32:00,08:32:10,stop_point:SP_1459,Aéropostale,4
2344685,08:33:00,08:33:10,stop_point:SP_3888,Estérel,5
2344685,08:34:00,08:34:10,stop_point:SP_3638,Pouvourville,6
2344685,08:35:00,08:35:10,stop_point:SP_1218,Eglise Pouvourville,7
2344685,08:36:00,08:36:10,stop_point:SP_3410,Pastel,8
2344685,08:37:00,08:37:10,stop_point:SP_1203,Narrade,9
2344685,08:39:00,08:39:10,stop_point:SP_3843,Hôpital Larrey,10
2344685,08:41:00,08:41:10,stop_point:SP_1445,Larrey,11
2344685,08:42:00,08:42:10,stop_point:SP_3081,Bourdette,12
2344685,08:44:00,08:44:10,stop_point:SP_1961,Ducuing Ponsan,13
2344685,08:45:00,08:45:10,stop_point:SP_2266,Ducuing,14
2344685,08:47:00,08:47:10,stop_point:SP_3266,Université Paul Sabatier,15
2344685,08:49:00,08:49:10,stop_point:SP_1424,Ducuing,16
2344685,08:50:00,08:50:10,stop_point:SP_290,Ducuing Ponsan,17
2344685,08:50:00,08:50:10,stop_point:SP_4747,Faculté de Médecine,18
2344685,08:51:00,08:51:10,stop_point:SP_1913,Ponsan Bellevue,19
2344685,08:53:00,08:53:10,stop_point:SP_1021,Coteaux,20
2344685,08:55:00,08:55:10,stop_point:SP_709,Bon Voisin,21
2344685,08:56:00,08:56:10,stop_point:SP_2731,Palmiers,22
2344685,08:57:00,08:57:10,stop_point:SP_3327,Herriot,23
2344685,08:59:00,08:59:10,stop_point:SP_1529,Charbonnière,24
2344685,09:00:00,09:00:10,stop_point:SP_1321,Lebas,25
2344685,09:02:00,09:02:10,stop_point:SP_1336,Empalot,26
2344686,08:40:00,08:40:10,stop_point:SP_2030,Gleyze-Vieille,1
2344686,08:41:00,08:41:10,stop_point:SP_2668,Ecole Gleyze-Vieille,2
2344686,08:42:00,08:42:10,stop_point:SP_1235,Salas,3
2344686,08:43:00,08:43:10,stop_point:SP_1459,Aéropostale,4
2344686,08:44:00,08:44:10,stop_point:SP_3888,Estérel,5
2344686,08:45:00,08:45:10,stop_point:SP_3638,Pouvourville,6
2344686,08:46:00,08:46:10,stop_point:SP_1218,Eglise Pouvourville,7
2344686,08:47:00,08:47:10,stop_point:SP_3410,Pastel,8
2344686,08:48:00,08:48:10,stop_point:SP_1203,Narrade,9
2344686,08:50:00,08:50:10,stop_point:SP_3843,Hôpital Larrey,10
2344686,08:51:00,08:51:10,stop_point:SP_1445,Larrey,11
2344686,08:52:00,08:52:10,stop_point:SP_3081,Bourdette,12
2344686,08:55:00,08:55:10,stop_point:SP_1961,Ducuing Ponsan,13
2344686,08:56:00,08:56:10,stop_point:SP_2266,Ducuing,14
2344686,08:57:00,08:57:10,stop_point:SP_3266,Université Paul Sabatier,15
2344686,08:58:00,08:58:10,stop_point:SP_1424,Ducuing,16
2344686,08:59:00,08:59:10,stop_point:SP_290,Ducuing Ponsan,17
2344686,09:00:00,09:00:10,stop_point:SP_4747,Faculté de Médecine,18
2344686,09:01:00,09:01:10,stop_point:SP_1913,Ponsan Bellevue,19
2344686,09:02:00,09:02:10,stop_point:SP_1021,Coteaux,20
2344686,09:04:00,09:04:10,stop_point:SP_709,Bon Voisin,21
2344686,09:05:00,09:05:10,stop_point:SP_2731,Palmiers,22
2344686,09:06:00,09:06:10,stop_point:SP_3327,Herriot,23
2344686,09:08:00,09:08:10,stop_point:SP_1529,Charbonnière,24
2344686,09:09:00,09:09:10,stop_point:SP_1321,Lebas,25
2344686,09:11:00,09:11:10,stop_point:SP_1336,Empalot,26
2344687,08:52:00,08:52:10,stop_point:SP_2030,Gleyze-Vieille,1
2344687,08:53:00,08:53:10,stop_point:SP_2668,Ecole Gleyze-Vieille,2
2344687,08:54:00,08:54:10,stop_point:SP_1235,Salas,3
2344687,08:55:00,08:55:10,stop_point:SP_1459,Aéropostale,4
2344687,08:56:00,08:56:10,stop_point:SP_3888,Estérel,5
2344687,08:57:00,08:57:10,stop_point:SP_3638,Pouvourville,6
2344687,08:58:00,08:58:10,stop_point:SP_1218,Eglise Pouvourville,7
2344687,08:59:00,08:59:10,stop_point:SP_3410,Pastel,8
2344687,09:00:00,09:00:10,stop_point:SP_1203,Narrade,9
2344687,09:02:00,09:02:10,stop_point:SP_3843,Hôpital Larrey,10
2344687,09:03:00,09:03:10,stop_point:SP_1445,Larrey,11
2344687,09:04:00,09:04:10,stop_point:SP_3081,Bourdette,12
2344687,09:06:00,09:06:10,stop_point:SP_1961,Ducuing Ponsan,13
2344687,09:07:00,09:07:10,stop_point:SP_2266,Ducuing,14
2344687,09:08:00,09:08:10,stop_point:SP_3266,Université Paul Sabatier,15
2344687,09:09:00,09:09:10,stop_point:SP_1424,Ducuing,16
2344687,09:10:00,09:10:10,stop_point:SP_290,Ducuing Ponsan,17
2344687,09:11:00,09:11:10,stop_point:SP_4747,Faculté de Médecine,18
2344687,09:12:00,09:12:10,stop_point:SP_1913,Ponsan Bellevue,19
2344687,09:13:00,09:13:10,stop_point:SP_1021,Coteaux,20
2344687,09:14:00,09:14:10,stop_point:SP_709,Bon Voisin,21
2344687,09:16:00,09:16:10,stop_point:SP_2731,Palmiers,22
2344687,09:17:00,09:17:10,stop_point:SP_3327,Herriot,23
2344687,09:18:00,09:18:10,stop_point:SP_1529,Charbonnière,24
2344687,09:20:00,09:20:10,stop_point:SP_1321,Lebas,25
2344687,09:21:00,09:21:10,stop_point:SP_1336,Empalot,26
2344688,09:04:00,09:04:10,stop_point:SP_2030,Gleyze-Vieille,1
2344688,09:05:00,09:05:10,stop_point:SP_2668,Ecole Gleyze-Vieille,2
2344688,09:06:00,09:06:10,stop_point:SP_1235,Salas,3
2344688,09:06:00,09:06:10,stop_point:SP_1459,Aéropostale,4
2344688,09:07:00,09:07:10,stop_point:SP_3888,Estérel,5
2344688,09:08:00,09:08:10,stop_point:SP_3638,Pouvourville,6
2344688,09:09:00,09:09:10,stop_point:SP_1218,Eglise Pouvourville,7
2344688,09:10:00,09:10:10,stop_point:SP_3410,Pastel,8
2344688,09:11:00,09:11:10,stop_point:SP_1203,Narrade,9
2344688,09:13:00,09:13:10,stop_point:SP_3843,Hôpital Larrey,10
2344688,09:14:00,09:14:10,stop_point:SP_1445,Larrey,11
2344688,09:15:00,09:15:10,stop_point:SP_3081,Bourdette,12
2344688,09:17:00,09:17:10,stop_point:SP_1961,Ducuing Ponsan,13
2344688,09:18:00,09:18:10,stop_point:SP_2266,Ducuing,14
2344688,09:19:00,09:19:10,stop_point:SP_3266,Université Paul Sabatier,15
2344688,09:20:00,09:20:10,stop_point:SP_1424,Ducuing,16
2344688,09:21:00,09:21:10,stop_point:SP_290,Ducuing Ponsan,17
2344688,09:22:00,09:22:10,stop_point:SP_4747,Faculté de Médecine,18
2344688,09:23:00,09:23:10,stop_point:SP_1913,Ponsan Bellevue,19
2344688,09:24:00,09:24:10,stop_point:SP_1021,Coteaux,20
2344688,09:25:00,09:25:10,stop_point:SP_709,Bon Voisin,21
2344688,09:27:00,09:27:10,stop_point:SP_2731,Palmiers,22
2344688,09:28:00,09:28:10,stop_point:SP_3327,Herriot,23
2344688,09:29:00,09:29:10,stop_point:SP_1529,Charbonnière,24
2344688,09:31:00,09:31:10,stop_point:SP_1321,Lebas,25
2344688,09:32:00,09:32:10,stop_point:SP_1336,Empalot,26
2344689,09:16:00,09:16:10,stop_point:SP_2030,Gleyze-Vieille,1
2344689,09:17:00,09:17:10,stop_point:SP_2668,Ecole Gleyze-Vieille,2
2344689,09:18:00,09:18:10,stop_point:SP_1235,Salas,3
2344689,09:18:00,09:18:10,stop_point:SP_1459,Aéropostale,4
2344689,09:19:00,09:19:10,stop_point:SP_3888,Estérel,5
2344689,09:20:00,09:20:10,stop_point:SP_3638,Pouvourville,6
2344689,09:21:00,09:21:10,stop_point:SP_1218,Eglise Pouvourville,7
2344689,09:22:00,09:22:10,stop_point:SP_3410,Pastel,8
2344689,09:23:00,09:23:10,stop_point:SP_1203,Narrade,9
2344689,09:25:00,09:25:10,stop_point:SP_3843,Hôpital Larrey,10
2344689,09:26:00,09:26:10,stop_point:SP_1445,Larrey,11
2344689,09:27:00,09:27:10,stop_point:SP_3081,Bourdette,12
2344689,09:29:00,09:29:10,stop_point:SP_1961,Ducuing Ponsan,13
2344689,09:30:00,09:30:10,stop_point:SP_2266,Ducuing,14
2344689,09:31:00,09:31:10,stop_point:SP_3266,Université Paul Sabatier,15
2344689,09:32:00,09:32:10,stop_point:SP_1424,Ducuing,16
2344689,09:33:00,09:33:10,stop_point:SP_290,Ducuing Ponsan,17
2344689,09:34:00,09:34:10,stop_point:SP_4747,Faculté de Médecine,18
2344689,09:35:00,09:35:10,stop_point:SP_1913,Ponsan Bellevue,19
2344689,09:36:00,09:36:10,stop_point:SP_1021,Coteaux,20
2344689,09:37:00,09:37:10,stop_point:SP_709,Bon Voisin,21
2344689,09:39:00,09:39:10,stop_point:SP_2731,Palmiers,22
2344689,09:40:00,09:40:10,stop_point:SP_3327,Herriot,23
2344689,09:41:00,09:41:10,stop_point:SP_1529,Charbonnière,24
2344689,09:43:00,09:43:10,stop_point:SP_1321,Lebas,25
2344689,09:44:00,09:44:10,stop_point:SP_1336,Empalot,26
2344690,09:28:00,09:28:10,stop_point:SP_2030,Gleyze-Vieille,1
2344690,09:29:00,09:29:10,stop_point:SP_2668,Ecole Gleyze-Vieille,2
2344690,09:30:00,09:30:10,stop_point:SP_1235,Salas,3
2344690,09:30:00,09:30:10,stop_point:SP_1459,Aéropostale,4
2344690,09:31:00,09:31:10,stop_point:SP_3888,Estérel,5
2344690,09:32:00,09:32:10,stop_point:SP_3638,Pouvourville,6
2344690,09:33:00,09:33:10,stop_point:SP_1218,Eglise Pouvourville,7
2344690,09:34:00,09:34:10,stop_point:SP_3410,Pastel,8
2344690,09:35:00,09:35:10,stop_point:SP_1203,Narrade,9
2344690,09:37:00,09:37:10,stop_point:SP_3843,Hôpital Larrey,10
2344690,09:38:00,09:38:10,stop_point:SP_1445,Larrey,11
2344690,09:39:00,09:39:10,stop_point:SP_3081,Bourdette,12
2344690,09:41:00,09:41:10,stop_point:SP_1961,Ducuing Ponsan,13
2344690,09:42:00,09:42:10,stop_point:SP_2266,Ducuing,14
2344690,09:43:00,09:43:10,stop_point:SP_3266,Université Paul Sabatier,15
2344690,09:44:00,09:44:10,stop_point:SP_1424,Ducuing,16
2344690,09:45:00,09:45:10,stop_point:SP_290,Ducuing Ponsan,17
2344690,09:46:00,09:46:10,stop_point:SP_4747,Faculté de Médecine,18
2344690,09:47:00,09:47:10,stop_point:SP_1913,Ponsan Bellevue,19
2344690,09:48:00,09:48:10,stop_point:SP_1021,Coteaux,20
2344690,09:49:00,09:49:10,stop_point:SP_709,Bon Voisin,21
2344690,09:51:00,09:51:10,stop_point:SP_2731,Palmiers,22
2344690,09:52:00,09:52:10,stop_point:SP_3327,Herriot,23
2344690,09:53:00,09:53:10,stop_point:SP_1529,Charbonnière,24
2344690,09:55:00,09:55:10,stop_point:SP_1321,Lebas,25
2344690,09:56:00,09:56:10,stop_point:SP_1336,Empalot,26
2344691,09:40:00,09:40:10,stop_point:SP_2030,Gleyze-Vieille,1
2344691,09:41:00,09:41:10,stop_point:SP_2668,Ecole Gleyze-Vieille,2
2344691,09:42:00,09:42:10,stop_point:SP_1235,Salas,3
2344691,09:42:00,09:42:10,stop_point:SP_1459,Aéropostale,4
2344691,09:43:00,09:43:10,stop_point:SP_3888,Estérel,5
2344691,09:44:00,09:44:10,stop_point:SP_3638,Pouvourville,6
2344691,09:45:00,09:45:10,stop_point:SP_1218,Eglise Pouvourville,7
2344691,09:46:00,09:46:10,stop_point:SP_3410,Pastel,8
2344691,09:47:00,09:47:10,stop_point:SP_1203,Narrade,9
2344691,09:49:00,09:49:10,stop_point:SP_3843,Hôpital Larrey,10
2344691,09:50:00,09:50:10,stop_point:SP_1445,Larrey,11
2344691,09:51:00,09:51:10,stop_point:SP_3081,Bourdette,12
2344691,09:53:00,09:53:10,stop_point:SP_1961,Ducuing Ponsan,13
2344691,09:54:00,09:54:10,stop_point:SP_2266,Ducuing,14
2344691,09:55:00,09:55:10,stop_point:SP_3266,Université Paul Sabatier,15
2344691,09:56:00,09:56:10,stop_point:SP_1424,Ducuing,16
2344691,09:57:00,09:57:10,stop_point:SP_290,Ducuing Ponsan,17
2344691,09:58:00,09:58:10,stop_point:SP_4747,Faculté de Médecine,18
2344691,09:59:00,09:59:10,stop_point:SP_1913,Ponsan Bellevue,19
2344691,10:00:00,10:00:10,stop_point:SP_1021,Coteaux,20
2344691,10:01:00,10:01:10,stop_point:SP_709,Bon Voisin,21
2344691,10:03:00,10:03:10,stop_point:SP_2731,Palmiers,22
2344691,10:04:00,10:04:10,stop_point:SP_3327,Herriot,23
2344691,10:05:00,10:05:10,stop_point:SP_1529,Charbonnière,24
2344691,10:07:00,10:07:10,stop_point:SP_1321,Lebas,25
2344691,10:08:00,10:08:10,stop_point:SP_1336,Empalot,26
2344692,09:52:00,09:52:10,stop_point:SP_2030,Gleyze-Vieille,1
2344692,09:53:00,09:53:10,stop_point:SP_2668,Ecole Gleyze-Vieille,2
2344692,09:54:00,09:54:10,stop_point:SP_1235,Salas,3
2344692,09:54:00,09:54:10,stop_point:SP_1459,Aéropostale,4
2344692,09:55:00,09:55:10,stop_point:SP_3888,Estérel,5
2344692,09:56:00,09:56:10,stop_point:SP_3638,Pouvourville,6
2344692,09:57:00,09:57:10,stop_point:SP_1218,Eglise Pouvourville,7
2344692,09:58:00,09:58:10,stop_point:SP_3410,Pastel,8
2344692,09:59:00,09:59:10,stop_point:SP_1203,Narrade,9
2344692,10:01:00,10:01:10,stop_point:SP_3843,Hôpital Larrey,10
2344692,10:02:00,10:02:10,stop_point:SP_1445,Larrey,11
2344692,10:03:00,10:03:10,stop_point:SP_3081,Bourdette,12
2344692,10:05:00,10:05:10,stop_point:SP_1961,Ducuing Ponsan,13
2344692,10:06:00,10:06:10,stop_point:SP_2266,Ducuing,14
2344692,10:07:00,10:07:10,stop_point:SP_3266,Université Paul Sabatier,15
2344692,10:08:00,10:08:10,stop_point:SP_1424,Ducuing,16
2344692,10:09:00,10:09:10,stop_point:SP_290,Ducuing Ponsan,17
2344692,10:10:00,10:10:10,stop_point:SP_4747,Faculté de Médecine,18
2344692,10:11:00,10:11:10,stop_point:SP_1913,Ponsan Bellevue,19
2344692,10:12:00,10:12:10,stop_point:SP_1021,Coteaux,20
2344692,10:13:00,10:13:10,stop_point:SP_709,Bon Voisin,21
2344692,10:15:00,10:15:10,stop_point:SP_2731,Palmiers,22
2344692,10:16:00,10:16:10,stop_point:SP_3327,Herriot,23
2344692,10:17:00,10:17:10,stop_point:SP_1529,Charbonnière,24
2344692,10:19:00,10:19:10,stop_point:SP_1321,Lebas,25
2344692,10:20:00,10:20:10,stop_point:SP_1336,Empalot,26
2344693,10:08:00,10:08:10,stop_point:SP_2030,Gleyze-Vieille,1
2344693,10:09:00,10:09:10,stop_point:SP_2668,Ecole Gleyze-Vieille,2
2344693,10:10:00,10:10:10,stop_point:SP_1235,Salas,3
2344693,10:10:00,10:10:10,stop_point:SP_1459,Aéropostale,4
2344693,10:11:00,10:11:10,stop_point:SP_3888,Estérel,5
2344693,10:12:00,10:12:10,stop_point:SP_3638,Pouvourville,6
2344693,10:13:00,10:13:10,stop_point:SP_1218,Eglise Pouvourville,7
2344693,10:14:00,10:14:10,stop_point:SP_3410,Pastel,8
2344693,10:15:00,10:15:10,stop_point:SP_1203,Narrade,9
2344693,10:17:00,10:17:10,stop_point:SP_3843,Hôpital Larrey,10
2344693,10:18:00,10:18:10,stop_point:SP_1445,Larrey,11
2344693,10:19:00,10:19:10,stop_point:SP_3081,Bourdette,12
2344693,10:21:00,10:21:10,stop_point:SP_1961,Ducuing Ponsan,13
2344693,10:22:00,10:22:10,stop_point:SP_2266,Ducuing,14
2344693,10:23:00,10:23:10,stop_point:SP_3266,Université Paul Sabatier,15
2344693,10:24:00,10:24:10,stop_point:SP_1424,Ducuing,16
2344693,10:25:00,10:25:10,stop_point:SP_290,Ducuing Ponsan,17
2344693,10:26:00,10:26:10,stop_point:SP_4747,Faculté de Médecine,18
2344693,10:27:00,10:27:10,stop_point:SP_1913,Ponsan Bellevue,19
2344693,10:28:00,10:28:10,stop_point:SP_1021,Coteaux,20
2344693,10:29:00,10:29:10,stop_point:SP_709,Bon Voisin,21
2344693,10:31:00,10:31:10,stop_point:SP_2731,Palmiers,22
2344693,10:32:00,10:32:10,stop_point:SP_3327,Herriot,23
2344693,10:33:00,10:33:10,stop_point:SP_1529,Charbonnière,24
2344693,10:35:00,10:35:10,stop_point:SP_1321,Lebas,25
2344693,10:36:00,10:36:10,stop_point:SP_1336,Empalot,26
2344694,10:24:00,10:24:10,stop_point:SP_2030,Gleyze-Vieille,1
2344694,10:25:00,10:25:10,stop_point:SP_2668,Ecole Gleyze-Vieille,2
2344694,10:26:00,10:26:10,stop_point:SP_1235,Salas,3
2344694,10:26:00,10:26:10,stop_point:SP_1459,Aéropostale,4
2344694,10:27:00,10:27:10,stop_point:SP_3888,Estérel,5
2344694,10:28:00,10:28:10,stop_point:SP_3638,Pouvourville,6
2344694,10:29:00,10:29:10,stop_point:SP_1218,Eglise Pouvourville,7
2344694,10:30:00,10:30:10,stop_point:SP_3410,Pastel,8
2344694,10:31:00,10:31:10,stop_point:SP_1203,Narrade,9
2344694,10:33:00,10:33:10,stop_point:SP_3843,Hôpital Larrey,10
2344694,10:34:00,10:34:10,stop_point:SP_1445,Larrey,11
2344694,10:35:00,10:35:10,stop_point:SP_3081,Bourdette,12
2344694,10:37:00,10:37:10,stop_point:SP_1961,Ducuing Ponsan,13
2344694,10:38:00,10:38:10,stop_point:SP_2266,Ducuing,14
2344694,10:39:00,10:39:10,stop_point:SP_3266,Université Paul Sabatier,15
2344694,10:40:00,10:40:10,stop_point:SP_1424,Ducuing,16
2344694,10:41:00,10:41:10,stop_point:SP_290,Ducuing Ponsan,17
2344694,10:42:00,10:42:10,stop_point:SP_4747,Faculté de Médecine,18
2344694,10:43:00,10:43:10,stop_point:SP_1913,Ponsan Bellevue,19
2344694,10:44:00,10:44:10,stop_point:SP_1021,Coteaux,20
2344694,10:45:00,10:45:10,stop_point:SP_709,Bon Voisin,21
2344694,10:47:00,10:47:10,stop_point:SP_2731,Palmiers,22
2344694,10:48:00,10:48:10,stop_point:SP_3327,Herriot,23
2344694,10:49:00,10:49:10,stop_point:SP_1529,Charbonnière,24
2344694,10:51:00,10:51:10,stop_point:SP_1321,Lebas,25
2344694,10:52:00,10:52:10,stop_point:SP_1336,Empalot,26
2344695,10:40:00,10:40:10,stop_point:SP_2030,Gleyze-Vieille,1
2344695,10:41:00,10:41:10,stop_point:SP_2668,Ecole Gleyze-Vieille,2
2344695,10:42:00,10:42:10,stop_point:SP_1235,Salas,3
2344695,10:42:00,10:42:10,stop_point:SP_1459,Aéropostale,4
2344695,10:43:00,10:43:10,stop_point:SP_3888,Estérel,5
2344695,10:44:00,10:44:10,stop_point:SP_3638,Pouvourville,6
2344695,10:45:00,10:45:10,stop_point:SP_1218,Eglise Pouvourville,7
2344695,10:46:00,10:46:10,stop_point:SP_3410,Pastel,8
2344695,10:47:00,10:47:10,stop_point:SP_1203,Narrade,9
2344695,10:49:00,10:49:10,stop_point:SP_3843,Hôpital Larrey,10
2344695,10:50:00,10:50:10,stop_point:SP_1445,Larrey,11
2344695,10:51:00,10:51:10,stop_point:SP_3081,Bourdette,12
2344695,10:53:00,10:53:10,stop_point:SP_1961,Ducuing Ponsan,13
2344695,10:54:00,10:54:10,stop_point:SP_2266,Ducuing,14
2344695,10:55:00,10:55:10,stop_point:SP_3266,Université Paul Sabatier,15
2344695,10:56:00,10:56:10,stop_point:SP_1424,Ducuing,16
2344695,10:57:00,10:57:10,stop_point:SP_290,Ducuing Ponsan,17
2344695,10:58:00,10:58:10,stop_point:SP_4747,Faculté de Médecine,18
2344695,10:59:00,10:59:10,stop_point:SP_1913,Ponsan Bellevue,19
2344695,11:00:00,11:00:10,stop_point:SP_1021,Coteaux,20
2344695,11:01:00,11:01:10,stop_point:SP_709,Bon Voisin,21
2344695,11:03:00,11:03:10,stop_point:SP_2731,Palmiers,22
2344695,11:04:00,11:04:10,stop_point:SP_3327,Herriot,23
2344695,11:05:00,11:05:10,stop_point:SP_1529,Charbonnière,24
2344695,11:07:00,11:07:10,stop_point:SP_1321,Lebas,25
2344695,11:08:00,11:08:10,stop_point:SP_1336,Empalot,26
2344696,10:56:00,10:56:10,stop_point:SP_2030,Gleyze-Vieille,1
2344696,10:57:00,10:57:10,stop_point:SP_2668,Ecole Gleyze-Vieille,2
2344696,10:58:00,10:58:10,stop_point:SP_1235,Salas,3
2344696,10:58:00,10:58:10,stop_point:SP_1459,Aéropostale,4
2344696,10:59:00,10:59:10,stop_point:SP_3888,Estérel,5
2344696,11:00:00,11:00:10,stop_point:SP_3638,Pouvourville,6
2344696,11:01:00,11:01:10,stop_point:SP_1218,Eglise Pouvourville,7
2344696,11:02:00,11:02:10,stop_point:SP_3410,Pastel,8
2344696,11:03:00,11:03:10,stop_point:SP_1203,Narrade,9
2344696,11:05:00,11:05:10,stop_point:SP_3843,Hôpital Larrey,10
2344696,11:06:00,11:06:10,stop_point:SP_1445,Larrey,11
2344696,11:07:00,11:07:10,stop_point:SP_3081,Bourdette,12
2344696,11:09:00,11:09:10,stop_point:SP_1961,Ducuing Ponsan,13
2344696,11:10:00,11:10:10,stop_point:SP_2266,Ducuing,14
2344696,11:11:00,11:11:10,stop_point:SP_3266,Université Paul Sabatier,15
2344696,11:12:00,11:12:10,stop_point:SP_1424,Ducuing,16
2344696,11:13:00,11:13:10,stop_point:SP_290,Ducuing Ponsan,17
2344696,11:14:00,11:14:10,stop_point:SP_4747,Faculté de Médecine,18
2344696,11:15:00,11:15:10,stop_point:SP_1913,Ponsan Bellevue,19
2344696,11:16:00,11:16:10,stop_point:SP_1021,Coteaux,20
2344696,11:17:00,11:17:10,stop_point:SP_709,Bon Voisin,21
2344696,11:19:00,11:19:10,stop_point:SP_2731,Palmiers,22
2344696,11:20:00,11:20:10,stop_point:SP_3327,Herriot,23
2344696,11:21:00,11:21:10,stop_point:SP_1529,Charbonnière,24
2344696,11:23:00,11:23:10,stop_point:SP_1321,Lebas,25
2344696,11:24:00,11:24:10,stop_point:SP_1336,Empalot,26
2344697,11:12:00,11:12:10,stop_point:SP_2030,Gleyze-Vieille,1
2344697,11:13:00,11:13:10,stop_point:SP_2668,Ecole Gleyze-Vieille,2
2344697,11:14:00,11:14:10,stop_point:SP_1235,Salas,3
2344697,11:14:00,11:14:10,stop_point:SP_1459,Aéropostale,4
2344697,11:15:00,11:15:10,stop_point:SP_3888,Estérel,5
2344697,11:16:00,11:16:10,stop_point:SP_3638,Pouvourville,6
2344697,11:17:00,11:17:10,stop_point:SP_1218,Eglise Pouvourville,7
2344697,11:18:00,11:18:10,stop_point:SP_3410,Pastel,8
2344697,11:19:00,11:19:10,stop_point:SP_1203,Narrade,9
2344697,11:21:00,11:21:10,stop_point:SP_3843,Hôpital Larrey,10
2344697,11:22:00,11:22:10,stop_point:SP_1445,Larrey,11
2344697,11:23:00,11:23:10,stop_point:SP_3081,Bourdette,12
2344697,11:25:00,11:25:10,stop_point:SP_1961,Ducuing Ponsan,13
2344697,11:26:00,11:26:10,stop_point:SP_2266,Ducuing,14
2344697,11:27:00,11:27:10,stop_point:SP_3266,Université Paul Sabatier,15
2344697,11:28:00,11:28:10,stop_point:SP_1424,Ducuing,16
2344697,11:29:00,11:29:10,stop_point:SP_290,Ducuing Ponsan,17
2344697,11:30:00,11:30:10,stop_point:SP_4747,Faculté de Médecine,18
2344697,11:31:00,11:31:10,stop_point:SP_1913,Ponsan Bellevue,19
2344697,11:32:00,11:32:10,stop_point:SP_1021,Coteaux,20
2344697,11:33:00,11:33:10,stop_point:SP_709,Bon Voisin,21
2344697,11:35:00,11:35:10,stop_point:SP_2731,Palmiers,22
2344697,11:36:00,11:36:10,stop_point:SP_3327,Herriot,23
2344697,11:37:00,11:37:10,stop_point:SP_1529,Charbonnière,24
2344697,11:39:00,11:39:10,stop_point:SP_1321,Lebas,25
2344697,11:40:00,11:40:10,stop_point:SP_1336,Empalot,26
2344698,11:28:00,11:28:10,stop_point:SP_2030,Gleyze-Vieille,1
2344698,11:29:00,11:29:10,stop_point:SP_2668,Ecole Gleyze-Vieille,2
2344698,11:30:00,11:30:10,stop_point:SP_1235,Salas,3
2344698,11:30:00,11:30:10,stop_point:SP_1459,Aéropostale,4
2344698,11:31:00,11:31:10,stop_point:SP_3888,Estérel,5
2344698,11:32:00,11:32:10,stop_point:SP_3638,Pouvourville,6
2344698,11:33:00,11:33:10,stop_point:SP_1218,Eglise Pouvourville,7
2344698,11:34:00,11:34:10,stop_point:SP_3410,Pastel,8
2344698,11:35:00,11:35:10,stop_point:SP_1203,Narrade,9
2344698,11:37:00,11:37:10,stop_point:SP_3843,Hôpital Larrey,10
2344698,11:38:00,11:38:10,stop_point:SP_1445,Larrey,11
2344698,11:39:00,11:39:10,stop_point:SP_3081,Bourdette,12
2344698,11:41:00,11:41:10,stop_point:SP_1961,Ducuing Ponsan,13
2344698,11:42:00,11:42:10,stop_point:SP_2266,Ducuing,14
2344698,11:43:00,11:43:10,stop_point:SP_3266,Université Paul Sabatier,15
2344698,11:44:00,11:44:10,stop_point:SP_1424,Ducuing,16
2344698,11:45:00,11:45:10,stop_point:SP_290,Ducuing Ponsan,17
2344698,11:46:00,11:46:10,stop_point:SP_4747,Faculté de Médecine,18
2344698,11:47:00,11:47:10,stop_point:SP_1913,Ponsan Bellevue,19
2344698,11:48:00,11:48:10,stop_point:SP_1021,Coteaux,20
2344698,11:49:00,11:49:10,stop_point:SP_709,Bon Voisin,21
2344698,11:51:00,11:51:10,stop_point:SP_2731,Palmiers,22
2344698,11:52:00,11:52:10,stop_point:SP_3327,Herriot,23
2344698,11:53:00,11:53:10,stop_point:SP_1529,Charbonnière,24
2344698,11:55:00,11:55:10,stop_point:SP_1321,Lebas,25
2344698,11:56:00,11:56:10,stop_point:SP_1336,Empalot,26
2344699,11:44:00,11:44:10,stop_point:SP_2030,Gleyze-Vieille,1
2344699,11:45:00,11:45:10,stop_point:SP_2668,Ecole Gleyze-Vieille,2
2344699,11:46:00,11:46:10,stop_point:SP_1235,Salas,3
2344699,11:46:00,11:46:10,stop_point:SP_1459,Aéropostale,4
2344699,11:47:00,11:47:10,stop_point:SP_3888,Estérel,5
2344699,11:48:00,11:48:10,stop_point:SP_3638,Pouvourville,6
2344699,11:49:00,11:49:10,stop_point:SP_1218,Eglise Pouvourville,7
2344699,11:50:00,11:50:10,stop_point:SP_3410,Pastel,8
2344699,11:51:00,11:51:10,stop_point:SP_1203,Narrade,9
2344699,11:53:00,11:53:10,stop_point:SP_3843,Hôpital Larrey,10
2344699,11:54:00,11:54:10,stop_point:SP_1445,Larrey,11
2344699,11:55:00,11:55:10,stop_point:SP_3081,Bourdette,12
2344699,11:57:00,11:57:10,stop_point:SP_1961,Ducuing Ponsan,13
2344699,11:58:00,11:58:10,stop_point:SP_2266,Ducuing,14
2344699,11:59:00,11:59:10,stop_point:SP_3266,Université Paul Sabatier,15
2344699,12:00:00,12:00:10,stop_point:SP_1424,Ducuing,16
2344699,12:01:00,12:01:10,stop_point:SP_290,Ducuing Ponsan,17
2344699,12:02:00,12:02:10,stop_point:SP_4747,Faculté de Médecine,18
2344699,12:03:00,12:03:10,stop_point:SP_1913,Ponsan Bellevue,19
2344699,12:04:00,12:04:10,stop_point:SP_1021,Coteaux,20
2344699,12:05:00,12:05:10,stop_point:SP_709,Bon Voisin,21
2344699,12:07:00,12:07:10,stop_point:SP_2731,Palmiers,22
2344699,12:08:00,12:08:10,stop_point:SP_3327,Herriot,23
2344699,12:09:00,12:09:10,stop_point:SP_1529,Charbonnière,24
2344699,12:11:00,12:11:10,stop_point:SP_1321,Lebas,25
2344699,12:12:00,12:12:10,stop_point:SP_1336,Empalot,26
2344700,12:00:00,12:00:10,stop_point:SP_2030,Gleyze-Vieille,1
2344700,12:01:00,12:01:10,stop_point:SP_2668,Ecole Gleyze-Vieille,2
2344700,12:02:00,12:02:10,stop_point:SP_1235,Salas,3
2344700,12:02:00,12:02:10,stop_point:SP_1459,Aéropostale,4
2344700,12:03:00,12:03:10,stop_point:SP_3888,Estérel,5
2344700,12:04:00,12:04:10,stop_point:SP_3638,Pouvourville,6
2344700,12:05:00,12:05:10,stop_point:SP_1218,Eglise Pouvourville,7
2344700,12:06:00,12:06:10,stop_point:SP_3410,Pastel,8
2344700,12:07:00,12:07:10,stop_point:SP_1203,Narrade,9
2344700,12:09:00,12:09:10,stop_point:SP_3843,Hôpital Larrey,10
2344700,12:10:00,12:10:10,stop_point:SP_1445,Larrey,11
2344700,12:11:00,12:11:10,stop_point:SP_3081,Bourdette,12
2344700,12:13:00,12:13:10,stop_point:SP_1961,Ducuing Ponsan,13
2344700,12:14:00,12:14:10,stop_point:SP_2266,Ducuing,14
2344700,12:15:00,12:15:10,stop_point:SP_3266,Université Paul Sabatier,15
2344700,12:16:00,12:16:10,stop_point:SP_1424,Ducuing,16
2344700,12:17:00,12:17:10,stop_point:SP_290,Ducuing Ponsan,17
2344700,12:18:00,12:18:10,stop_point:SP_4747,Faculté de Médecine,18
2344700,12:19:00,12:19:10,stop_point:SP_1913,Ponsan Bellevue,19
2344700,12:20:00,12:20:10,stop_point:SP_1021,Coteaux,20
2344700,12:21:00,12:21:10,stop_point:SP_709,Bon Voisin,21
2344700,12:23:00,12:23:10,stop_point:SP_2731,Palmiers,22
2344700,12:24:00,12:24:10,stop_point:SP_3327,Herriot,23
2344700,12:25:00,12:25:10,stop_point:SP_1529,Charbonnière,24
2344700,12:27:00,12:27:10,stop_point:SP_1321,Lebas,25
2344700,12:28:00,12:28:10,stop_point:SP_1336,Empalot,26
2344701,12:16:00,12:16:10,stop_point:SP_2030,Gleyze-Vieille,1
2344701,12:17:00,12:17:10,stop_point:SP_2668,Ecole Gleyze-Vieille,2
2344701,12:18:00,12:18:10,stop_point:SP_1235,Salas,3
2344701,12:18:00,12:18:10,stop_point:SP_1459,Aéropostale,4
2344701,12:19:00,12:19:10,stop_point:SP_3888,Estérel,5
2344701,12:20:00,12:20:10,stop_point:SP_3638,Pouvourville,6
2344701,12:21:00,12:21:10,stop_point:SP_1218,Eglise Pouvourville,7
2344701,12:22:00,12:22:10,stop_point:SP_3410,Pastel,8
2344701,12:23:00,12:23:10,stop_point:SP_1203,Narrade,9
2344701,12:25:00,12:25:10,stop_point:SP_3843,Hôpital Larrey,10
2344701,12:26:00,12:26:10,stop_point:SP_1445,Larrey,11
2344701,12:27:00,12:27:10,stop_point:SP_3081,Bourdette,12
2344701,12:29:00,12:29:10,stop_point:SP_1961,Ducuing Ponsan,13
2344701,12:30:00,12:30:10,stop_point:SP_2266,Ducuing,14
2344701,12:31:00,12:31:10,stop_point:SP_3266,Université Paul Sabatier,15
2344701,12:32:00,12:32:10,stop_point:SP_1424,Ducuing,16
2344701,12:33:00,12:33:10,stop_point:SP_290,Ducuing Ponsan,17
2344701,12:34:00,12:34:10,stop_point:SP_4747,Faculté de Médecine,18
2344701,12:35:00,12:35:10,stop_point:SP_1913,Ponsan Bellevue,19
2344701,12:36:00,12:36:10,stop_point:SP_1021,Coteaux,20
2344701,12:37:00,12:37:10,stop_point:SP_709,Bon Voisin,21
2344701,12:39:00,12:39:10,stop_point:SP_2731,Palmiers,22
2344701,12:40:00,12:40:10,stop_point:SP_3327,Herriot,23
2344701,12:41:00,12:41:10,stop_point:SP_1529,Charbonnière,24
2344701,12:43:00,12:43:10,stop_point:SP_1321,Lebas,25
2344701,12:44:00,12:44:10,stop_point:SP_1336,Empalot,26
2344702,12:32:00,12:32:10,stop_point:SP_2030,Gleyze-Vieille,1
2344702,12:33:00,12:33:10,stop_point:SP_2668,Ecole Gleyze-Vieille,2
2344702,12:34:00,12:34:10,stop_point:SP_1235,Salas,3
2344702,12:34:00,12:34:10,stop_point:SP_1459,Aéropostale,4
2344702,12:35:00,12:35:10,stop_point:SP_3888,Estérel,5
2344702,12:36:00,12:36:10,stop_point:SP_3638,Pouvourville,6
2344702,12:37:00,12:37:10,stop_point:SP_1218,Eglise Pouvourville,7
2344702,12:38:00,12:38:10,stop_point:SP_3410,Pastel,8
2344702,12:39:00,12:39:10,stop_point:SP_1203,Narrade,9
2344702,12:41:00,12:41:10,stop_point:SP_3843,Hôpital Larrey,10
2344702,12:42:00,12:42:10,stop_point:SP_1445,Larrey,11
2344702,12:43:00,12:43:10,stop_point:SP_3081,Bourdette,12
2344702,12:45:00,12:45:10,stop_point:SP_1961,Ducuing Ponsan,13
2344702,12:46:00,12:46:10,stop_point:SP_2266,Ducuing,14
2344702,12:47:00,12:47:10,stop_point:SP_3266,Université Paul Sabatier,15
2344702,12:48:00,12:48:10,stop_point:SP_1424,Ducuing,16
2344702,12:49:00,12:49:10,stop_point:SP_290,Ducuing Ponsan,17
2344702,12:50:00,12:50:10,stop_point:SP_4747,Faculté de Médecine,18
2344702,12:51:00,12:51:10,stop_point:SP_1913,Ponsan Bellevue,19
2344702,12:52:00,12:52:10,stop_point:SP_1021,Coteaux,20
2344702,12:53:00,12:53:10,stop_point:SP_709,Bon Voisin,21
2344702,12:55:00,12:55:10,stop_point:SP_2731,Palmiers,22
2344702,12:56:00,12:56:10,stop_point:SP_3327,Herriot,23
2344702,12:57:00,12:57:10,stop_point:SP_1529,Charbonnière,24
2344702,12:59:00,12:59:10,stop_point:SP_1321,Lebas,25
2344702,13:00:00,13:00:10,stop_point:SP_1336,Empalot,26
2344703,12:48:00,12:48:10,stop_point:SP_2030,Gleyze-Vieille,1
2344703,12:49:00,12:49:10,stop_point:SP_2668,Ecole Gleyze-Vieille,2
2344703,12:50:00,12:50:10,stop_point:SP_1235,Salas,3
2344703,12:50:00,12:50:10,stop_point:SP_1459,Aéropostale,4
2344703,12:51:00,12:51:10,stop_point:SP_3888,Estérel,5
2344703,12:52:00,12:52:10,stop_point:SP_3638,Pouvourville,6
2344703,12:53:00,12:53:10,stop_point:SP_1218,Eglise Pouvourville,7
2344703,12:54:00,12:54:10,stop_point:SP_3410,Pastel,8
2344703,12:55:00,12:55:10,stop_point:SP_1203,Narrade,9
2344703,12:57:00,12:57:10,stop_point:SP_3843,Hôpital Larrey,10
2344703,12:58:00,12:58:10,stop_point:SP_1445,Larrey,11
2344703,12:59:00,12:59:10,stop_point:SP_3081,Bourdette,12
2344703,13:01:00,13:01:10,stop_point:SP_1961,Ducuing Ponsan,13
2344703,13:02:00,13:02:10,stop_point:SP_2266,Ducuing,14
2344703,13:03:00,13:03:10,stop_point:SP_3266,Université Paul Sabatier,15
2344703,13:04:00,13:04:10,stop_point:SP_1424,Ducuing,16
2344703,13:05:00,13:05:10,stop_point:SP_290,Ducuing Ponsan,17
2344703,13:06:00,13:06:10,stop_point:SP_4747,Faculté de Médecine,18
2344703,13:07:00,13:07:10,stop_point:SP_1913,Ponsan Bellevue,19
2344703,13:08:00,13:08:10,stop_point:SP_1021,Coteaux,20
2344703,13:09:00,13:09:10,stop_point:SP_709,Bon Voisin,21
2344703,13:11:00,13:11:10,stop_point:SP_2731,Palmiers,22
2344703,13:12:00,13:12:10,stop_point:SP_3327,Herriot,23
2344703,13:13:00,13:13:10,stop_point:SP_1529,Charbonnière,24
2344703,13:15:00,13:15:10,stop_point:SP_1321,Lebas,25
2344703,13:16:00,13:16:10,stop_point:SP_1336,Empalot,26
2344704,13:04:00,13:04:10,stop_point:SP_2030,Gleyze-Vieille,1
2344704,13:05:00,13:05:10,stop_point:SP_2668,Ecole Gleyze-Vieille,2
2344704,13:06:00,13:06:10,stop_point:SP_1235,Salas,3
2344704,13:06:00,13:06:10,stop_point:SP_1459,Aéropostale,4
2344704,13:07:00,13:07:10,stop_point:SP_3888,Estérel,5
2344704,13:08:00,13:08:10,stop_point:SP_3638,Pouvourville,6
2344704,13:09:00,13:09:10,stop_point:SP_1218,Eglise Pouvourville,7
2344704,13:10:00,13:10:10,stop_point:SP_3410,Pastel,8
2344704,13:11:00,13:11:10,stop_point:SP_1203,Narrade,9
2344704,13:13:00,13:13:10,stop_point:SP_3843,Hôpital Larrey,10
2344704,13:14:00,13:14:10,stop_point:SP_1445,Larrey,11
2344704,13:15:00,13:15:10,stop_point:SP_3081,Bourdette,12
2344704,13:17:00,13:17:10,stop_point:SP_1961,Ducuing Ponsan,13
2344704,13:18:00,13:18:10,stop_point:SP_2266,Ducuing,14
2344704,13:19:00,13:19:10,stop_point:SP_3266,Université Paul Sabatier,15
2344704,13:20:00,13:20:10,stop_point:SP_1424,Ducuing,16
2344704,13:21:00,13:21:10,stop_point:SP_290,Ducuing Ponsan,17
2344704,13:22:00,13:22:10,stop_point:SP_4747,Faculté de Médecine,18
2344704,13:23:00,13:23:10,stop_point:SP_1913,Ponsan Bellevue,19
2344704,13:24:00,13:24:10,stop_point:SP_1021,Coteaux,20
2344704,13:25:00,13:25:10,stop_point:SP_709,Bon Voisin,21
2344704,13:27:00,13:27:10,stop_point:SP_2731,Palmiers,22
2344704,13:28:00,13:28:10,stop_point:SP_3327,Herriot,23
2344704,13:29:00,13:29:10,stop_point:SP_1529,Charbonnière,24
2344704,13:31:00,13:31:10,stop_point:SP_1321,Lebas,25
2344704,13:32:00,13:32:10,stop_point:SP_1336,Empalot,26
2344705,13:20:00,13:20:10,stop_point:SP_2030,Gleyze-Vieille,1
2344705,13:21:00,13:21:10,stop_point:SP_2668,Ecole Gleyze-Vieille,2
2344705,13:22:00,13:22:10,stop_point:SP_1235,Salas,3
2344705,13:22:00,13:22:10,stop_point:SP_1459,Aéropostale,4
2344705,13:23:00,13:23:10,stop_point:SP_3888,Estérel,5
2344705,13:24:00,13:24:10,stop_point:SP_3638,Pouvourville,6
2344705,13:25:00,13:25:10,stop_point:SP_1218,Eglise Pouvourville,7
2344705,13:26:00,13:26:10,stop_point:SP_3410,Pastel,8
2344705,13:27:00,13:27:10,stop_point:SP_1203,Narrade,9
2344705,13:29:00,13:29:10,stop_point:SP_3843,Hôpital Larrey,10
2344705,13:30:00,13:30:10,stop_point:SP_1445,Larrey,11
2344705,13:31:00,13:31:10,stop_point:SP_3081,Bourdette,12
2344705,13:33:00,13:33:10,stop_point:SP_1961,Ducuing Ponsan,13
2344705,13:34:00,13:34:10,stop_point:SP_2266,Ducuing,14
2344705,13:35:00,13:35:10,stop_point:SP_3266,Université Paul Sabatier,15
2344705,13:36:00,13:36:10,stop_point:SP_1424,Ducuing,16
2344705,13:37:00,13:37:10,stop_point:SP_290,Ducuing Ponsan,17
2344705,13:38:00,13:38:10,stop_point:SP_4747,Faculté de Médecine,18
2344705,13:39:00,13:39:10,stop_point:SP_1913,Ponsan Bellevue,19
2344705,13:40:00,13:40:10,stop_point:SP_1021,Coteaux,20
2344705,13:41:00,13:41:10,stop_point:SP_709,Bon Voisin,21
2344705,13:43:00,13:43:10,stop_point:SP_2731,Palmiers,22
2344705,13:44:00,13:44:10,stop_point:SP_3327,Herriot,23
2344705,13:45:00,13:45:10,stop_point:SP_1529,Charbonnière,24
2344705,13:47:00,13:47:10,stop_point:SP_1321,Lebas,25
2344705,13:48:00,13:48:10,stop_point:SP_1336,Empalot,26
2344706,13:36:00,13:36:10,stop_point:SP_2030,Gleyze-Vieille,1
2344706,13:37:00,13:37:10,stop_point:SP_2668,Ecole Gleyze-Vieille,2
2344706,13:38:00,13:38:10,stop_point:SP_1235,Salas,3
2344706,13:38:00,13:38:10,stop_point:SP_1459,Aéropostale,4
2344706,13:39:00,13:39:10,stop_point:SP_3888,Estérel,5
2344706,13:40:00,13:40:10,stop_point:SP_3638,Pouvourville,6
2344706,13:41:00,13:41:10,stop_point:SP_1218,Eglise Pouvourville,7
2344706,13:42:00,13:42:10,stop_point:SP_3410,Pastel,8
2344706,13:43:00,13:43:10,stop_point:SP_1203,Narrade,9
2344706,13:45:00,13:45:10,stop_point:SP_3843,Hôpital Larrey,10
2344706,13:46:00,13:46:10,stop_point:SP_1445,Larrey,11
2344706,13:47:00,13:47:10,stop_point:SP_3081,Bourdette,12
2344706,13:49:00,13:49:10,stop_point:SP_1961,Ducuing Ponsan,13
2344706,13:50:00,13:50:10,stop_point:SP_2266,Ducuing,14
2344706,13:51:00,13:51:10,stop_point:SP_3266,Université Paul Sabatier,15
2344706,13:52:00,13:52:10,stop_point:SP_1424,Ducuing,16
2344706,13:53:00,13:53:10,stop_point:SP_290,Ducuing Ponsan,17
2344706,13:54:00,13:54:10,stop_point:SP_4747,Faculté de Médecine,18
2344706,13:55:00,13:55:10,stop_point:SP_1913,Ponsan Bellevue,19
2344706,13:56:00,13:56:10,stop_point:SP_1021,Coteaux,20
2344706,13:57:00,13:57:10,stop_point:SP_709,Bon Voisin,21
2344706,13:59:00,13:59:10,stop_point:SP_2731,Palmiers,22
2344706,14:00:00,14:00:10,stop_point:SP_3327,Herriot,23
2344706,14:01:00,14:01:10,stop_point:SP_1529,Charbonnière,24
2344706,14:03:00,14:03:10,stop_point:SP_1321,Lebas,25
2344706,14:04:00,14:04:10,stop_point:SP_1336,Empalot,26
2344707,13:52:00,13:52:10,stop_point:SP_2030,Gleyze-Vieille,1
2344707,13:53:00,13:53:10,stop_point:SP_2668,Ecole Gleyze-Vieille,2
2344707,13:54:00,13:54:10,stop_point:SP_1235,Salas,3
2344707,13:54:00,13:54:10,stop_point:SP_1459,Aéropostale,4
2344707,13:55:00,13:55:10,stop_point:SP_3888,Estérel,5
2344707,13:56:00,13:56:10,stop_point:SP_3638,Pouvourville,6
2344707,13:57:00,13:57:10,stop_point:SP_1218,Eglise Pouvourville,7
2344707,13:58:00,13:58:10,stop_point:SP_3410,Pastel,8
2344707,13:59:00,13:59:10,stop_point:SP_1203,Narrade,9
2344707,14:01:00,14:01:10,stop_point:SP_3843,Hôpital Larrey,10
2344707,14:02:00,14:02:10,stop_point:SP_1445,Larrey,11
2344707,14:03:00,14:03:10,stop_point:SP_3081,Bourdette,12
2344707,14:05:00,14:05:10,stop_point:SP_1961,Ducuing Ponsan,13
2344707,14:06:00,14:06:10,stop_point:SP_2266,Ducuing,14
2344707,14:07:00,14:07:10,stop_point:SP_3266,Université Paul Sabatier,15
2344707,14:08:00,14:08:10,stop_point:SP_1424,Ducuing,16
2344707,14:09:00,14:09:10,stop_point:SP_290,Ducuing Ponsan,17
2344707,14:10:00,14:10:10,stop_point:SP_4747,Faculté de Médecine,18
2344707,14:11:00,14:11:10,stop_point:SP_1913,Ponsan Bellevue,19
2344707,14:12:00,14:12:10,stop_point:SP_1021,Coteaux,20
2344707,14:13:00,14:13:10,stop_point:SP_709,Bon Voisin,21
2344707,14:15:00,14:15:10,stop_point:SP_2731,Palmiers,22
2344707,14:16:00,14:16:10,stop_point:SP_3327,Herriot,23
2344707,14:17:00,14:17:10,stop_point:SP_1529,Charbonnière,24
2344707,14:19:00,14:19:10,stop_point:SP_1321,Lebas,25
2344707,14:20:00,14:20:10,stop_point:SP_1336,Empalot,26
2344708,14:08:00,14:08:10,stop_point:SP_2030,Gleyze-Vieille,1
2344708,14:09:00,14:09:10,stop_point:SP_2668,Ecole Gleyze-Vieille,2
2344708,14:10:00,14:10:10,stop_point:SP_1235,Salas,3
2344708,14:10:00,14:10:10,stop_point:SP_1459,Aéropostale,4
2344708,14:11:00,14:11:10,stop_point:SP_3888,Estérel,5
2344708,14:12:00,14:12:10,stop_point:SP_3638,Pouvourville,6
2344708,14:13:00,14:13:10,stop_point:SP_1218,Eglise Pouvourville,7
2344708,14:14:00,14:14:10,stop_point:SP_3410,Pastel,8
2344708,14:15:00,14:15:10,stop_point:SP_1203,Narrade,9
2344708,14:17:00,14:17:10,stop_point:SP_3843,Hôpital Larrey,10
2344708,14:18:00,14:18:10,stop_point:SP_1445,Larrey,11
2344708,14:19:00,14:19:10,stop_point:SP_3081,Bourdette,12
2344708,14:21:00,14:21:10,stop_point:SP_1961,Ducuing Ponsan,13
2344708,14:22:00,14:22:10,stop_point:SP_2266,Ducuing,14
2344708,14:23:00,14:23:10,stop_point:SP_3266,Université Paul Sabatier,15
2344708,14:24:00,14:24:10,stop_point:SP_1424,Ducuing,16
2344708,14:25:00,14:25:10,stop_point:SP_290,Ducuing Ponsan,17
2344708,14:26:00,14:26:10,stop_point:SP_4747,Faculté de Médecine,18
2344708,14:27:00,14:27:10,stop_point:SP_1913,Ponsan Bellevue,19
2344708,14:28:00,14:28:10,stop_point:SP_1021,Coteaux,20
2344708,14:29:00,14:29:10,stop_point:SP_709,Bon Voisin,21
2344708,14:31:00,14:31:10,stop_point:SP_2731,Palmiers,22
2344708,14:32:00,14:32:10,stop_point:SP_3327,Herriot,23
2344708,14:33:00,14:33:10,stop_point:SP_1529,Charbonnière,24
2344708,14:35:00,14:35:10,stop_point:SP_1321,Lebas,25
2344708,14:36:00,14:36:10,stop_point:SP_1336,Empalot,26
2344709,14:24:00,14:24:10,stop_point:SP_2030,Gleyze-Vieille,1
2344709,14:25:00,14:25:10,stop_point:SP_2668,Ecole Gleyze-Vieille,2
2344709,14:26:00,14:26:10,stop_point:SP_1235,Salas,3
2344709,14:26:00,14:26:10,stop_point:SP_1459,Aéropostale,4
2344709,14:27:00,14:27:10,stop_point:SP_3888,Estérel,5
2344709,14:28:00,14:28:10,stop_point:SP_3638,Pouvourville,6
2344709,14:29:00,14:29:10,stop_point:SP_1218,Eglise Pouvourville,7
2344709,14:30:00,14:30:10,stop_point:SP_3410,Pastel,8
2344709,14:31:00,14:31:10,stop_point:SP_1203,Narrade,9
2344709,14:33:00,14:33:10,stop_point:SP_3843,Hôpital Larrey,10
2344709,14:34:00,14:34:10,stop_point:SP_1445,Larrey,11
2344709,14:35:00,14:35:10,stop_point:SP_3081,Bourdette,12
2344709,14:37:00,14:37:10,stop_point:SP_1961,Ducuing Ponsan,13
2344709,14:38:00,14:38:10,stop_point:SP_2266,Ducuing,14
2344709,14:39:00,14:39:10,stop_point:SP_3266,Université Paul Sabatier,15
2344709,14:40:00,14:40:10,stop_point:SP_1424,Ducuing,16
2344709,14:41:00,14:41:10,stop_point:SP_290,Ducuing Ponsan,17
2344709,14:42:00,14:42:10,stop_point:SP_4747,Faculté de Médecine,18
2344709,14:43:00,14:43:10,stop_point:SP_1913,Ponsan Bellevue,19
2344709,14:44:00,14:44:10,stop_point:SP_1021,Coteaux,20
2344709,14:45:00,14:45:10,stop_point:SP_709,Bon Voisin,21
2344709,14:47:00,14:47:10,stop_point:SP_2731,Palmiers,22
2344709,14:48:00,14:48:10,stop_point:SP_3327,Herriot,23
2344709,14:49:00,14:49:10,stop_point:SP_1529,Charbonnière,24
2344709,14:51:00,14:51:10,stop_point:SP_1321,Lebas,25
2344709,14:52:00,14:52:10,stop_point:SP_1336,Empalot,26
2344710,14:39:00,14:39:10,stop_point:SP_2030,Gleyze-Vieille,1
2344710,14:40:00,14:40:10,stop_point:SP_2668,Ecole Gleyze-Vieille,2
2344710,14:41:00,14:41:10,stop_point:SP_1235,Salas,3
2344710,14:41:00,14:41:10,stop_point:SP_1459,Aéropostale,4
2344710,14:42:00,14:42:10,stop_point:SP_3888,Estérel,5
2344710,14:43:00,14:43:10,stop_point:SP_3638,Pouvourville,6
2344710,14:44:00,14:44:10,stop_point:SP_1218,Eglise Pouvourville,7
2344710,14:45:00,14:45:10,stop_point:SP_3410,Pastel,8
2344710,14:46:00,14:46:10,stop_point:SP_1203,Narrade,9
2344710,14:48:00,14:48:10,stop_point:SP_3843,Hôpital Larrey,10
2344710,14:49:00,14:49:10,stop_point:SP_1445,Larrey,11
2344710,14:50:00,14:50:10,stop_point:SP_3081,Bourdette,12
2344710,14:52:00,14:52:10,stop_point:SP_1961,Ducuing Ponsan,13
2344710,14:53:00,14:53:10,stop_point:SP_2266,Ducuing,14
2344710,14:54:00,14:54:10,stop_point:SP_3266,Université Paul Sabatier,15
2344710,14:55:00,14:55:10,stop_point:SP_1424,Ducuing,16
2344710,14:56:00,14:56:10,stop_point:SP_290,Ducuing Ponsan,17
2344710,14:57:00,14:57:10,stop_point:SP_4747,Faculté de Médecine,18
2344710,14:58:00,14:58:10,stop_point:SP_1913,Ponsan Bellevue,19
2344710,14:59:00,14:59:10,stop_point:SP_1021,Coteaux,20
2344710,15:00:00,15:00:10,stop_point:SP_709,Bon Voisin,21
2344710,15:02:00,15:02:10,stop_point:SP_2731,Palmiers,22
2344710,15:03:00,15:03:10,stop_point:SP_3327,Herriot,23
2344710,15:04:00,15:04:10,stop_point:SP_1529,Charbonnière,24
2344710,15:06:00,15:06:10,stop_point:SP_1321,Lebas,25
2344710,15:07:00,15:07:10,stop_point:SP_1336,Empalot,26
2344711,14:54:00,14:54:10,stop_point:SP_2030,Gleyze-Vieille,1
2344711,14:55:00,14:55:10,stop_point:SP_2668,Ecole Gleyze-Vieille,2
2344711,14:56:00,14:56:10,stop_point:SP_1235,Salas,3
2344711,14:56:00,14:56:10,stop_point:SP_1459,Aéropostale,4
2344711,14:57:00,14:57:10,stop_point:SP_3888,Estérel,5
2344711,14:58:00,14:58:10,stop_point:SP_3638,Pouvourville,6
2344711,14:59:00,14:59:10,stop_point:SP_1218,Eglise Pouvourville,7
2344711,15:00:00,15:00:10,stop_point:SP_3410,Pastel,8
2344711,15:01:00,15:01:10,stop_point:SP_1203,Narrade,9
2344711,15:03:00,15:03:10,stop_point:SP_3843,Hôpital Larrey,10
2344711,15:04:00,15:04:10,stop_point:SP_1445,Larrey,11
2344711,15:05:00,15:05:10,stop_point:SP_3081,Bourdette,12
2344711,15:07:00,15:07:10,stop_point:SP_1961,Ducuing Ponsan,13
2344711,15:08:00,15:08:10,stop_point:SP_2266,Ducuing,14
2344711,15:09:00,15:09:10,stop_point:SP_3266,Université Paul Sabatier,15
2344711,15:10:00,15:10:10,stop_point:SP_1424,Ducuing,16
2344711,15:11:00,15:11:10,stop_point:SP_290,Ducuing Ponsan,17
2344711,15:12:00,15:12:10,stop_point:SP_4747,Faculté de Médecine,18
2344711,15:13:00,15:13:10,stop_point:SP_1913,Ponsan Bellevue,19
2344711,15:14:00,15:14:10,stop_point:SP_1021,Coteaux,20
2344711,15:15:00,15:15:10,stop_point:SP_709,Bon Voisin,21
2344711,15:17:00,15:17:10,stop_point:SP_2731,Palmiers,22
2344711,15:18:00,15:18:10,stop_point:SP_3327,Herriot,23
2344711,15:19:00,15:19:10,stop_point:SP_1529,Charbonnière,24
2344711,15:21:00,15:21:10,stop_point:SP_1321,Lebas,25
2344711,15:22:00,15:22:10,stop_point:SP_1336,Empalot,26
2344712,15:09:00,15:09:10,stop_point:SP_2030,Gleyze-Vieille,1
2344712,15:10:00,15:10:10,stop_point:SP_2668,Ecole Gleyze-Vieille,2
2344712,15:11:00,15:11:10,stop_point:SP_1235,Salas,3
2344712,15:11:00,15:11:10,stop_point:SP_1459,Aéropostale,4
2344712,15:12:00,15:12:10,stop_point:SP_3888,Estérel,5
2344712,15:13:00,15:13:10,stop_point:SP_3638,Pouvourville,6
2344712,15:14:00,15:14:10,stop_point:SP_1218,Eglise Pouvourville,7
2344712,15:15:00,15:15:10,stop_point:SP_3410,Pastel,8
2344712,15:16:00,15:16:10,stop_point:SP_1203,Narrade,9
2344712,15:18:00,15:18:10,stop_point:SP_3843,Hôpital Larrey,10
2344712,15:19:00,15:19:10,stop_point:SP_1445,Larrey,11
2344712,15:20:00,15:20:10,stop_point:SP_3081,Bourdette,12
2344712,15:22:00,15:22:10,stop_point:SP_1961,Ducuing Ponsan,13
2344712,15:23:00,15:23:10,stop_point:SP_2266,Ducuing,14
2344712,15:24:00,15:24:10,stop_point:SP_3266,Université Paul Sabatier,15
2344712,15:25:00,15:25:10,stop_point:SP_1424,Ducuing,16
2344712,15:26:00,15:26:10,stop_point:SP_290,Ducuing Ponsan,17
2344712,15:27:00,15:27:10,stop_point:SP_4747,Faculté de Médecine,18
2344712,15:28:00,15:28:10,stop_point:SP_1913,Ponsan Bellevue,19
2344712,15:29:00,15:29:10,stop_point:SP_1021,Coteaux,20
2344712,15:30:00,15:30:10,stop_point:SP_709,Bon Voisin,21
2344712,15:32:00,15:32:10,stop_point:SP_2731,Palmiers,22
2344712,15:33:00,15:33:10,stop_point:SP_3327,Herriot,23
2344712,15:34:00,15:34:10,stop_point:SP_1529,Charbonnière,24
2344712,15:36:00,15:36:10,stop_point:SP_1321,Lebas,25
2344712,15:37:00,15:37:10,stop_point:SP_1336,Empalot,26
2344713,15:24:00,15:24:10,stop_point:SP_2030,Gleyze-Vieille,1
2344713,15:25:00,15:25:10,stop_point:SP_2668,Ecole Gleyze-Vieille,2
2344713,15:26:00,15:26:10,stop_point:SP_1235,Salas,3
2344713,15:26:00,15:26:10,stop_point:SP_1459,Aéropostale,4
2344713,15:27:00,15:27:10,stop_point:SP_3888,Estérel,5
2344713,15:28:00,15:28:10,stop_point:SP_3638,Pouvourville,6
2344713,15:29:00,15:29:10,stop_point:SP_1218,Eglise Pouvourville,7
2344713,15:30:00,15:30:10,stop_point:SP_3410,Pastel,8
2344713,15:31:00,15:31:10,stop_point:SP_1203,Narrade,9
2344713,15:33:00,15:33:10,stop_point:SP_3843,Hôpital Larrey,10
2344713,15:34:00,15:34:10,stop_point:SP_1445,Larrey,11
2344713,15:35:00,15:35:10,stop_point:SP_3081,Bourdette,12
2344713,15:37:00,15:37:10,stop_point:SP_1961,Ducuing Ponsan,13
2344713,15:38:00,15:38:10,stop_point:SP_2266,Ducuing,14
2344713,15:39:00,15:39:10,stop_point:SP_3266,Université Paul Sabatier,15
2344713,15:40:00,15:40:10,stop_point:SP_1424,Ducuing,16
2344713,15:41:00,15:41:10,stop_point:SP_290,Ducuing Ponsan,17
2344713,15:42:00,15:42:10,stop_point:SP_4747,Faculté de Médecine,18
2344713,15:43:00,15:43:10,stop_point:SP_1913,Ponsan Bellevue,19
2344713,15:44:00,15:44:10,stop_point:SP_1021,Coteaux,20
2344713,15:45:00,15:45:10,stop_point:SP_709,Bon Voisin,21
2344713,15:47:00,15:47:10,stop_point:SP_2731,Palmiers,22
2344713,15:48:00,15:48:10,stop_point:SP_3327,Herriot,23
2344713,15:49:00,15:49:10,stop_point:SP_1529,Charbonnière,24
2344713,15:51:00,15:51:10,stop_point:SP_1321,Lebas,25
2344713,15:52:00,15:52:10,stop_point:SP_1336,Empalot,26
2344714,15:38:00,15:38:10,stop_point:SP_2030,Gleyze-Vieille,1
2344714,15:39:00,15:39:10,stop_point:SP_2668,Ecole Gleyze-Vieille,2
2344714,15:40:00,15:40:10,stop_point:SP_1235,Salas,3
2344714,15:40:00,15:40:10,stop_point:SP_1459,Aéropostale,4
2344714,15:41:00,15:41:10,stop_point:SP_3888,Estérel,5
2344714,15:42:00,15:42:10,stop_point:SP_3638,Pouvourville,6
2344714,15:43:00,15:43:10,stop_point:SP_1218,Eglise Pouvourville,7
2344714,15:44:00,15:44:10,stop_point:SP_3410,Pastel,8
2344714,15:45:00,15:45:10,stop_point:SP_1203,Narrade,9
2344714,15:47:00,15:47:10,stop_point:SP_3843,Hôpital Larrey,10
2344714,15:48:00,15:48:10,stop_point:SP_1445,Larrey,11
2344714,15:49:00,15:49:10,stop_point:SP_3081,Bourdette,12
2344714,15:51:00,15:51:10,stop_point:SP_1961,Ducuing Ponsan,13
2344714,15:52:00,15:52:10,stop_point:SP_2266,Ducuing,14
2344714,15:53:00,15:53:10,stop_point:SP_3266,Université Paul Sabatier,15
2344714,15:55:00,15:55:10,stop_point:SP_1424,Ducuing,16
2344714,15:56:00,15:56:10,stop_point:SP_290,Ducuing Ponsan,17
2344714,15:56:00,15:56:10,stop_point:SP_4747,Faculté de Médecine,18
2344714,15:57:00,15:57:10,stop_point:SP_1913,Ponsan Bellevue,19
2344714,15:59:00,15:59:10,stop_point:SP_1021,Coteaux,20
2344714,16:00:00,16:00:10,stop_point:SP_709,Bon Voisin,21
2344714,16:02:00,16:02:10,stop_point:SP_2731,Palmiers,22
2344714,16:03:00,16:03:10,stop_point:SP_3327,Herriot,23
2344714,16:04:00,16:04:10,stop_point:SP_1529,Charbonnière,24
2344714,16:06:00,16:06:10,stop_point:SP_1321,Lebas,25
2344714,16:07:00,16:07:10,stop_point:SP_1336,Empalot,26
2344715,15:51:00,15:51:10,stop_point:SP_2030,Gleyze-Vieille,1
2344715,15:52:00,15:52:10,stop_point:SP_2668,Ecole Gleyze-Vieille,2
2344715,15:53:00,15:53:10,stop_point:SP_1235,Salas,3
2344715,15:53:00,15:53:10,stop_point:SP_1459,Aéropostale,4
2344715,15:54:00,15:54:10,stop_point:SP_3888,Estérel,5
2344715,15:55:00,15:55:10,stop_point:SP_3638,Pouvourville,6
2344715,15:56:00,15:56:10,stop_point:SP_1218,Eglise Pouvourville,7
2344715,15:57:00,15:57:10,stop_point:SP_3410,Pastel,8
2344715,15:58:00,15:58:10,stop_point:SP_1203,Narrade,9
2344715,16:00:00,16:00:10,stop_point:SP_3843,Hôpital Larrey,10
2344715,16:01:00,16:01:10,stop_point:SP_1445,Larrey,11
2344715,16:02:00,16:02:10,stop_point:SP_3081,Bourdette,12
2344715,16:04:00,16:04:10,stop_point:SP_1961,Ducuing Ponsan,13
2344715,16:05:00,16:05:10,stop_point:SP_2266,Ducuing,14
2344715,16:06:00,16:06:10,stop_point:SP_3266,Université Paul Sabatier,15
2344715,16:08:00,16:08:10,stop_point:SP_1424,Ducuing,16
2344715,16:09:00,16:09:10,stop_point:SP_290,Ducuing Ponsan,17
2344715,16:09:00,16:09:10,stop_point:SP_4747,Faculté de Médecine,18
2344715,16:10:00,16:10:10,stop_point:SP_1913,Ponsan Bellevue,19
2344715,16:12:00,16:12:10,stop_point:SP_1021,Coteaux,20
2344715,16:13:00,16:13:10,stop_point:SP_709,Bon Voisin,21
2344715,16:15:00,16:15:10,stop_point:SP_2731,Palmiers,22
2344715,16:16:00,16:16:10,stop_point:SP_3327,Herriot,23
2344715,16:17:00,16:17:10,stop_point:SP_1529,Charbonnière,24
2344715,16:19:00,16:19:10,stop_point:SP_1321,Lebas,25
2344715,16:20:00,16:20:10,stop_point:SP_1336,Empalot,26
2344716,16:04:00,16:04:10,stop_point:SP_2030,Gleyze-Vieille,1
2344716,16:05:00,16:05:10,stop_point:SP_2668,Ecole Gleyze-Vieille,2
2344716,16:06:00,16:06:10,stop_point:SP_1235,Salas,3
2344716,16:06:00,16:06:10,stop_point:SP_1459,Aéropostale,4
2344716,16:07:00,16:07:10,stop_point:SP_3888,Estérel,5
2344716,16:08:00,16:08:10,stop_point:SP_3638,Pouvourville,6
2344716,16:09:00,16:09:10,stop_point:SP_1218,Eglise Pouvourville,7
2344716,16:10:00,16:10:10,stop_point:SP_3410,Pastel,8
2344716,16:11:00,16:11:10,stop_point:SP_1203,Narrade,9
2344716,16:13:00,16:13:10,stop_point:SP_3843,Hôpital Larrey,10
2344716,16:14:00,16:14:10,stop_point:SP_1445,Larrey,11
2344716,16:15:00,16:15:10,stop_point:SP_3081,Bourdette,12
2344716,16:17:00,16:17:10,stop_point:SP_1961,Ducuing Ponsan,13
2344716,16:18:00,16:18:10,stop_point:SP_2266,Ducuing,14
2344716,16:19:00,16:19:10,stop_point:SP_3266,Université Paul Sabatier,15
2344716,16:21:00,16:21:10,stop_point:SP_1424,Ducuing,16
2344716,16:22:00,16:22:10,stop_point:SP_290,Ducuing Ponsan,17
2344716,16:22:00,16:22:10,stop_point:SP_4747,Faculté de Médecine,18
2344716,16:23:00,16:23:10,stop_point:SP_1913,Ponsan Bellevue,19
2344716,16:25:00,16:25:10,stop_point:SP_1021,Coteaux,20
2344716,16:26:00,16:26:10,stop_point:SP_709,Bon Voisin,21
2344716,16:28:00,16:28:10,stop_point:SP_2731,Palmiers,22
2344716,16:29:00,16:29:10,stop_point:SP_3327,Herriot,23
2344716,16:30:00,16:30:10,stop_point:SP_1529,Charbonnière,24
2344716,16:32:00,16:32:10,stop_point:SP_1321,Lebas,25
2344716,16:33:00,16:33:10,stop_point:SP_1336,Empalot,26
2344717,16:17:00,16:17:10,stop_point:SP_2030,Gleyze-Vieille,1
2344717,16:18:00,16:18:10,stop_point:SP_2668,Ecole Gleyze-Vieille,2
2344717,16:19:00,16:19:10,stop_point:SP_1235,Salas,3
2344717,16:19:00,16:19:10,stop_point:SP_1459,Aéropostale,4
2344717,16:20:00,16:20:10,stop_point:SP_3888,Estérel,5
2344717,16:21:00,16:21:10,stop_point:SP_3638,Pouvourville,6
2344717,16:22:00,16:22:10,stop_point:SP_1218,Eglise Pouvourville,7
2344717,16:23:00,16:23:10,stop_point:SP_3410,Pastel,8
2344717,16:24:00,16:24:10,stop_point:SP_1203,Narrade,9
2344717,16:26:00,16:26:10,stop_point:SP_3843,Hôpital Larrey,10
2344717,16:27:00,16:27:10,stop_point:SP_1445,Larrey,11
2344717,16:28:00,16:28:10,stop_point:SP_3081,Bourdette,12
2344717,16:30:00,16:30:10,stop_point:SP_1961,Ducuing Ponsan,13
2344717,16:31:00,16:31:10,stop_point:SP_2266,Ducuing,14
2344717,16:32:00,16:32:10,stop_point:SP_3266,Université Paul Sabatier,15
2344717,16:34:00,16:34:10,stop_point:SP_1424,Ducuing,16
2344717,16:35:00,16:35:10,stop_point:SP_290,Ducuing Ponsan,17
2344717,16:35:00,16:35:10,stop_point:SP_4747,Faculté de Médecine,18
2344717,16:36:00,16:36:10,stop_point:SP_1913,Ponsan Bellevue,19
2344717,16:38:00,16:38:10,stop_point:SP_1021,Coteaux,20
2344717,16:39:00,16:39:10,stop_point:SP_709,Bon Voisin,21
2344717,16:41:00,16:41:10,stop_point:SP_2731,Palmiers,22
2344717,16:42:00,16:42:10,stop_point:SP_3327,Herriot,23
2344717,16:43:00,16:43:10,stop_point:SP_1529,Charbonnière,24
2344717,16:45:00,16:45:10,stop_point:SP_1321,Lebas,25
2344717,16:46:00,16:46:10,stop_point:SP_1336,Empalot,26
2344718,16:30:00,16:30:10,stop_point:SP_2030,Gleyze-Vieille,1
2344718,16:31:00,16:31:10,stop_point:SP_2668,Ecole Gleyze-Vieille,2
2344718,16:32:00,16:32:10,stop_point:SP_1235,Salas,3
2344718,16:32:00,16:32:10,stop_point:SP_1459,Aéropostale,4
2344718,16:33:00,16:33:10,stop_point:SP_3888,Estérel,5
2344718,16:34:00,16:34:10,stop_point:SP_3638,Pouvourville,6
2344718,16:35:00,16:35:10,stop_point:SP_1218,Eglise Pouvourville,7
2344718,16:36:00,16:36:10,stop_point:SP_3410,Pastel,8
2344718,16:37:00,16:37:10,stop_point:SP_1203,Narrade,9
2344718,16:39:00,16:39:10,stop_point:SP_3843,Hôpital Larrey,10
2344718,16:40:00,16:40:10,stop_point:SP_1445,Larrey,11
2344718,16:41:00,16:41:10,stop_point:SP_3081,Bourdette,12
2344718,16:44:00,16:44:10,stop_point:SP_1961,Ducuing Ponsan,13
2344718,16:45:00,16:45:10,stop_point:SP_2266,Ducuing,14
2344718,16:46:00,16:46:10,stop_point:SP_3266,Université Paul Sabatier,15
2344718,16:48:00,16:48:10,stop_point:SP_1424,Ducuing,16
2344718,16:49:00,16:49:10,stop_point:SP_290,Ducuing Ponsan,17
2344718,16:49:00,16:49:10,stop_point:SP_4747,Faculté de Médecine,18
2344718,16:50:00,16:50:10,stop_point:SP_1913,Ponsan Bellevue,19
2344718,16:52:00,16:52:10,stop_point:SP_1021,Coteaux,20
2344718,16:54:00,16:54:10,stop_point:SP_709,Bon Voisin,21
2344718,16:55:00,16:55:10,stop_point:SP_2731,Palmiers,22
2344718,16:56:00,16:56:10,stop_point:SP_3327,Herriot,23
2344718,16:58:00,16:58:10,stop_point:SP_1529,Charbonnière,24
2344718,16:59:00,16:59:10,stop_point:SP_1321,Lebas,25
2344718,17:01:00,17:01:10,stop_point:SP_1336,Empalot,26
2344719,16:43:00,16:43:10,stop_point:SP_2030,Gleyze-Vieille,1
2344719,16:44:00,16:44:10,stop_point:SP_2668,Ecole Gleyze-Vieille,2
2344719,16:45:00,16:45:10,stop_point:SP_1235,Salas,3
2344719,16:45:00,16:45:10,stop_point:SP_1459,Aéropostale,4
2344719,16:46:00,16:46:10,stop_point:SP_3888,Estérel,5
2344719,16:47:00,16:47:10,stop_point:SP_3638,Pouvourville,6
2344719,16:48:00,16:48:10,stop_point:SP_1218,Eglise Pouvourville,7
2344719,16:49:00,16:49:10,stop_point:SP_3410,Pastel,8
2344719,16:50:00,16:50:10,stop_point:SP_1203,Narrade,9
2344719,16:52:00,16:52:10,stop_point:SP_3843,Hôpital Larrey,10
2344719,16:53:00,16:53:10,stop_point:SP_1445,Larrey,11
2344719,16:54:00,16:54:10,stop_point:SP_3081,Bourdette,12
2344719,16:57:00,16:57:10,stop_point:SP_1961,Ducuing Ponsan,13
2344719,16:58:00,16:58:10,stop_point:SP_2266,Ducuing,14
2344719,16:59:00,16:59:10,stop_point:SP_3266,Université Paul Sabatier,15
2344719,17:01:00,17:01:10,stop_point:SP_1424,Ducuing,16
2344719,17:02:00,17:02:10,stop_point:SP_290,Ducuing Ponsan,17
2344719,17:02:00,17:02:10,stop_point:SP_4747,Faculté de Médecine,18
2344719,17:03:00,17:03:10,stop_point:SP_1913,Ponsan Bellevue,19
2344719,17:05:00,17:05:10,stop_point:SP_1021,Coteaux,20
2344719,17:07:00,17:07:10,stop_point:SP_709,Bon Voisin,21
2344719,17:08:00,17:08:10,stop_point:SP_2731,Palmiers,22
2344719,17:09:00,17:09:10,stop_point:SP_3327,Herriot,23
2344719,17:11:00,17:11:10,stop_point:SP_1529,Charbonnière,24
2344719,17:12:00,17:12:10,stop_point:SP_1321,Lebas,25
2344719,17:14:00,17:14:10,stop_point:SP_1336,Empalot,26
2344720,16:48:00,16:48:10,stop_point:SP_2030,Gleyze-Vieille,1
2344720,16:49:00,16:49:10,stop_point:SP_2668,Ecole Gleyze-Vieille,2
2344720,16:50:00,16:50:10,stop_point:SP_1235,Salas,3
2344720,16:50:00,16:50:10,stop_point:SP_1459,Aéropostale,4
2344720,16:51:00,16:51:10,stop_point:SP_3888,Estérel,5
2344720,16:52:00,16:52:10,stop_point:SP_3638,Pouvourville,6
2344720,16:53:00,16:53:10,stop_point:SP_1218,Eglise Pouvourville,7
2344720,16:54:00,16:54:10,stop_point:SP_3410,Pastel,8
2344720,16:55:00,16:55:10,stop_point:SP_1203,Narrade,9
2344720,16:57:00,16:57:10,stop_point:SP_3843,Hôpital Larrey,10
2344720,16:58:00,16:58:10,stop_point:SP_1445,Larrey,11
2344720,16:59:00,16:59:10,stop_point:SP_3081,Bourdette,12
2344720,17:02:00,17:02:10,stop_point:SP_1961,Ducuing Ponsan,13
2344720,17:03:00,17:03:10,stop_point:SP_2266,Ducuing,14
2344720,17:04:00,17:04:10,stop_point:SP_3266,Université Paul Sabatier,15
2344720,17:06:00,17:06:10,stop_point:SP_1424,Ducuing,16
2344720,17:07:00,17:07:10,stop_point:SP_290,Ducuing Ponsan,17
2344720,17:07:00,17:07:10,stop_point:SP_4747,Faculté de Médecine,18
2344720,17:08:00,17:08:10,stop_point:SP_1913,Ponsan Bellevue,19
2344720,17:10:00,17:10:10,stop_point:SP_1021,Coteaux,20
2344720,17:12:00,17:12:10,stop_point:SP_709,Bon Voisin,21
2344720,17:13:00,17:13:10,stop_point:SP_2731,Palmiers,22
2344720,17:14:00,17:14:10,stop_point:SP_3327,Herriot,23
2344720,17:16:00,17:16:10,stop_point:SP_1529,Charbonnière,24
2344720,17:17:00,17:17:10,stop_point:SP_1321,Lebas,25
2344720,17:19:00,17:19:10,stop_point:SP_1336,Empalot,26
2344721,17:01:00,17:01:10,stop_point:SP_2030,Gleyze-Vieille,1
2344721,17:02:00,17:02:10,stop_point:SP_2668,Ecole Gleyze-Vieille,2
2344721,17:03:00,17:03:10,stop_point:SP_1235,Salas,3
2344721,17:03:00,17:03:10,stop_point:SP_1459,Aéropostale,4
2344721,17:04:00,17:04:10,stop_point:SP_3888,Estérel,5
2344721,17:05:00,17:05:10,stop_point:SP_3638,Pouvourville,6
2344721,17:06:00,17:06:10,stop_point:SP_1218,Eglise Pouvourville,7
2344721,17:07:00,17:07:10,stop_point:SP_3410,Pastel,8
2344721,17:08:00,17:08:10,stop_point:SP_1203,Narrade,9
2344721,17:10:00,17:10:10,stop_point:SP_3843,Hôpital Larrey,10
2344721,17:11:00,17:11:10,stop_point:SP_1445,Larrey,11
2344721,17:12:00,17:12:10,stop_point:SP_3081,Bourdette,12
2344721,17:15:00,17:15:10,stop_point:SP_1961,Ducuing Ponsan,13
2344721,17:16:00,17:16:10,stop_point:SP_2266,Ducuing,14
2344721,17:17:00,17:17:10,stop_point:SP_3266,Université Paul Sabatier,15
2344721,17:19:00,17:19:10,stop_point:SP_1424,Ducuing,16
2344721,17:20:00,17:20:10,stop_point:SP_290,Ducuing Ponsan,17
2344721,17:20:00,17:20:10,stop_point:SP_4747,Faculté de Médecine,18
2344721,17:21:00,17:21:10,stop_point:SP_1913,Ponsan Bellevue,19
2344721,17:23:00,17:23:10,stop_point:SP_1021,Coteaux,20
2344721,17:25:00,17:25:10,stop_point:SP_709,Bon Voisin,21
2344721,17:26:00,17:26:10,stop_point:SP_2731,Palmiers,22
2344721,17:27:00,17:27:10,stop_point:SP_3327,Herriot,23
2344721,17:29:00,17:29:10,stop_point:SP_1529,Charbonnière,24
2344721,17:30:00,17:30:10,stop_point:SP_1321,Lebas,25
2344721,17:32:00,17:32:10,stop_point:SP_1336,Empalot,26
2344722,17:14:00,17:14:10,stop_point:SP_2030,Gleyze-Vieille,1
2344722,17:15:00,17:15:10,stop_point:SP_2668,Ecole Gleyze-Vieille,2
2344722,17:16:00,17:16:10,stop_point:SP_1235,Salas,3
2344722,17:16:00,17:16:10,stop_point:SP_1459,Aéropostale,4
2344722,17:17:00,17:17:10,stop_point:SP_3888,Estérel,5
2344722,17:18:00,17:18:10,stop_point:SP_3638,Pouvourville,6
2344722,17:19:00,17:19:10,stop_point:SP_1218,Eglise Pouvourville,7
2344722,17:20:00,17:20:10,stop_point:SP_3410,Pastel,8
2344722,17:21:00,17:21:10,stop_point:SP_1203,Narrade,9
2344722,17:23:00,17:23:10,stop_point:SP_3843,Hôpital Larrey,10
2344722,17:24:00,17:24:10,stop_point:SP_1445,Larrey,11
2344722,17:25:00,17:25:10,stop_point:SP_3081,Bourdette,12
2344722,17:27:00,17:27:10,stop_point:SP_1961,Ducuing Ponsan,13
2344722,17:28:00,17:28:10,stop_point:SP_2266,Ducuing,14
2344722,17:29:00,17:29:10,stop_point:SP_3266,Université Paul Sabatier,15
2344722,17:31:00,17:31:10,stop_point:SP_1424,Ducuing,16
2344722,17:32:00,17:32:10,stop_point:SP_290,Ducuing Ponsan,17
2344722,17:32:00,17:32:10,stop_point:SP_4747,Faculté de Médecine,18
2344722,17:33:00,17:33:10,stop_point:SP_1913,Ponsan Bellevue,19
2344722,17:35:00,17:35:10,stop_point:SP_1021,Coteaux,20
2344722,17:37:00,17:37:10,stop_point:SP_709,Bon Voisin,21
2344722,17:38:00,17:38:10,stop_point:SP_2731,Palmiers,22
2344722,17:39:00,17:39:10,stop_point:SP_3327,Herriot,23
2344722,17:41:00,17:41:10,stop_point:SP_1529,Charbonnière,24
2344722,17:42:00,17:42:10,stop_point:SP_1321,Lebas,25
2344722,17:44:00,17:44:10,stop_point:SP_1336,Empalot,26
2344723,17:27:00,17:27:10,stop_point:SP_2030,Gleyze-Vieille,1
2344723,17:28:00,17:28:10,stop_point:SP_2668,Ecole Gleyze-Vieille,2
2344723,17:29:00,17:29:10,stop_point:SP_1235,Salas,3
2344723,17:29:00,17:29:10,stop_point:SP_1459,Aéropostale,4
2344723,17:30:00,17:30:10,stop_point:SP_3888,Estérel,5
2344723,17:31:00,17:31:10,stop_point:SP_3638,Pouvourville,6
2344723,17:32:00,17:32:10,stop_point:SP_1218,Eglise Pouvourville,7
2344723,17:33:00,17:33:10,stop_point:SP_3410,Pastel,8
2344723,17:34:00,17:34:10,stop_point:SP_1203,Narrade,9
2344723,17:36:00,17:36:10,stop_point:SP_3843,Hôpital Larrey,10
2344723,17:37:00,17:37:10,stop_point:SP_1445,Larrey,11
2344723,17:38:00,17:38:10,stop_point:SP_3081,Bourdette,12
2344723,17:40:00,17:40:10,stop_point:SP_1961,Ducuing Ponsan,13
2344723,17:41:00,17:41:10,stop_point:SP_2266,Ducuing,14
2344723,17:42:00,17:42:10,stop_point:SP_3266,Université Paul Sabatier,15
2344723,17:44:00,17:44:10,stop_point:SP_1424,Ducuing,16
2344723,17:45:00,17:45:10,stop_point:SP_290,Ducuing Ponsan,17
2344723,17:45:00,17:45:10,stop_point:SP_4747,Faculté de Médecine,18
2344723,17:46:00,17:46:10,stop_point:SP_1913,Ponsan Bellevue,19
2344723,17:48:00,17:48:10,stop_point:SP_1021,Coteaux,20
2344723,17:50:00,17:50:10,stop_point:SP_709,Bon Voisin,21
2344723,17:51:00,17:51:10,stop_point:SP_2731,Palmiers,22
2344723,17:52:00,17:52:10,stop_point:SP_3327,Herriot,23
2344723,17:54:00,17:54:10,stop_point:SP_1529,Charbonnière,24
2344723,17:55:00,17:55:10,stop_point:SP_1321,Lebas,25
2344723,17:57:00,17:57:10,stop_point:SP_1336,Empalot,26
2344724,17:39:00,17:39:10,stop_point:SP_2030,Gleyze-Vieille,1
2344724,17:40:00,17:40:10,stop_point:SP_2668,Ecole Gleyze-Vieille,2
2344724,17:41:00,17:41:10,stop_point:SP_1235,Salas,3
2344724,17:41:00,17:41:10,stop_point:SP_1459,Aéropostale,4
2344724,17:42:00,17:42:10,stop_point:SP_3888,Estérel,5
2344724,17:43:00,17:43:10,stop_point:SP_3638,Pouvourville,6
2344724,17:44:00,17:44:10,stop_point:SP_1218,Eglise Pouvourville,7
2344724,17:45:00,17:45:10,stop_point:SP_3410,Pastel,8
2344724,17:46:00,17:46:10,stop_point:SP_1203,Narrade,9
2344724,17:48:00,17:48:10,stop_point:SP_3843,Hôpital Larrey,10
2344724,17:49:00,17:49:10,stop_point:SP_1445,Larrey,11
2344724,17:50:00,17:50:10,stop_point:SP_3081,Bourdette,12
2344724,17:52:00,17:52:10,stop_point:SP_1961,Ducuing Ponsan,13
2344724,17:53:00,17:53:10,stop_point:SP_2266,Ducuing,14
2344724,17:54:00,17:54:10,stop_point:SP_3266,Université Paul Sabatier,15
2344724,17:56:00,17:56:10,stop_point:SP_1424,Ducuing,16
2344724,17:57:00,17:57:10,stop_point:SP_290,Ducuing Ponsan,17
2344724,17:57:00,17:57:10,stop_point:SP_4747,Faculté de Médecine,18
2344724,17:58:00,17:58:10,stop_point:SP_1913,Ponsan Bellevue,19
2344724,18:00:00,18:00:10,stop_point:SP_1021,Coteaux,20
2344724,18:02:00,18:02:10,stop_point:SP_709,Bon Voisin,21
2344724,18:03:00,18:03:10,stop_point:SP_2731,Palmiers,22
2344724,18:04:00,18:04:10,stop_point:SP_3327,Herriot,23
2344724,18:06:00,18:06:10,stop_point:SP_1529,Charbonnière,24
2344724,18:07:00,18:07:10,stop_point:SP_1321,Lebas,25
2344724,18:09:00,18:09:10,stop_point:SP_1336,Empalot,26
2344725,17:51:00,17:51:10,stop_point:SP_2030,Gleyze-Vieille,1
2344725,17:52:00,17:52:10,stop_point:SP_2668,Ecole Gleyze-Vieille,2
2344725,17:53:00,17:53:10,stop_point:SP_1235,Salas,3
2344725,17:53:00,17:53:10,stop_point:SP_1459,Aéropostale,4
2344725,17:54:00,17:54:10,stop_point:SP_3888,Estérel,5
2344725,17:55:00,17:55:10,stop_point:SP_3638,Pouvourville,6
2344725,17:56:00,17:56:10,stop_point:SP_1218,Eglise Pouvourville,7
2344725,17:57:00,17:57:10,stop_point:SP_3410,Pastel,8
2344725,17:58:00,17:58:10,stop_point:SP_1203,Narrade,9
2344725,18:00:00,18:00:10,stop_point:SP_3843,Hôpital Larrey,10
2344725,18:01:00,18:01:10,stop_point:SP_1445,Larrey,11
2344725,18:02:00,18:02:10,stop_point:SP_3081,Bourdette,12
2344725,18:04:00,18:04:10,stop_point:SP_1961,Ducuing Ponsan,13
2344725,18:05:00,18:05:10,stop_point:SP_2266,Ducuing,14
2344725,18:06:00,18:06:10,stop_point:SP_3266,Université Paul Sabatier,15
2344725,18:08:00,18:08:10,stop_point:SP_1424,Ducuing,16
2344725,18:09:00,18:09:10,stop_point:SP_290,Ducuing Ponsan,17
2344725,18:09:00,18:09:10,stop_point:SP_4747,Faculté de Médecine,18
2344725,18:10:00,18:10:10,stop_point:SP_1913,Ponsan Bellevue,19
2344725,18:12:00,18:12:10,stop_point:SP_1021,Coteaux,20
2344725,18:14:00,18:14:10,stop_point:SP_709,Bon Voisin,21
2344725,18:15:00,18:15:10,stop_point:SP_2731,Palmiers,22
2344725,18:16:00,18:16:10,stop_point:SP_3327,Herriot,23
2344725,18:18:00,18:18:10,stop_point:SP_1529,Charbonnière,24
2344725,18:19:00,18:19:10,stop_point:SP_1321,Lebas,25
2344725,18:21:00,18:21:10,stop_point:SP_1336,Empalot,26
2344726,18:03:00,18:03:10,stop_point:SP_2030,Gleyze-Vieille,1
2344726,18:04:00,18:04:10,stop_point:SP_2668,Ecole Gleyze-Vieille,2
2344726,18:05:00,18:05:10,stop_point:SP_1235,Salas,3
2344726,18:05:00,18:05:10,stop_point:SP_1459,Aéropostale,4
2344726,18:06:00,18:06:10,stop_point:SP_3888,Estérel,5
2344726,18:07:00,18:07:10,stop_point:SP_3638,Pouvourville,6
2344726,18:08:00,18:08:10,stop_point:SP_1218,Eglise Pouvourville,7
2344726,18:09:00,18:09:10,stop_point:SP_3410,Pastel,8
2344726,18:10:00,18:10:10,stop_point:SP_1203,Narrade,9
2344726,18:12:00,18:12:10,stop_point:SP_3843,Hôpital Larrey,10
2344726,18:13:00,18:13:10,stop_point:SP_1445,Larrey,11
2344726,18:14:00,18:14:10,stop_point:SP_3081,Bourdette,12
2344726,18:16:00,18:16:10,stop_point:SP_1961,Ducuing Ponsan,13
2344726,18:17:00,18:17:10,stop_point:SP_2266,Ducuing,14
2344726,18:18:00,18:18:10,stop_point:SP_3266,Université Paul Sabatier,15
2344726,18:20:00,18:20:10,stop_point:SP_1424,Ducuing,16
2344726,18:21:00,18:21:10,stop_point:SP_290,Ducuing Ponsan,17
2344726,18:21:00,18:21:10,stop_point:SP_4747,Faculté de Médecine,18
2344726,18:22:00,18:22:10,stop_point:SP_1913,Ponsan Bellevue,19
2344726,18:24:00,18:24:10,stop_point:SP_1021,Coteaux,20
2344726,18:26:00,18:26:10,stop_point:SP_709,Bon Voisin,21
2344726,18:27:00,18:27:10,stop_point:SP_2731,Palmiers,22
2344726,18:28:00,18:28:10,stop_point:SP_3327,Herriot,23
2344726,18:30:00,18:30:10,stop_point:SP_1529,Charbonnière,24
2344726,18:31:00,18:31:10,stop_point:SP_1321,Lebas,25
2344726,18:33:00,18:33:10,stop_point:SP_1336,Empalot,26
2344727,18:16:00,18:16:10,stop_point:SP_2030,Gleyze-Vieille,1
2344727,18:17:00,18:17:10,stop_point:SP_2668,Ecole Gleyze-Vieille,2
2344727,18:18:00,18:18:10,stop_point:SP_1235,Salas,3
2344727,18:18:00,18:18:10,stop_point:SP_1459,Aéropostale,4
2344727,18:19:00,18:19:10,stop_point:SP_3888,Estérel,5
2344727,18:20:00,18:20:10,stop_point:SP_3638,Pouvourville,6
2344727,18:21:00,18:21:10,stop_point:SP_1218,Eglise Pouvourville,7
2344727,18:22:00,18:22:10,stop_point:SP_3410,Pastel,8
2344727,18:23:00,18:23:10,stop_point:SP_1203,Narrade,9
2344727,18:25:00,18:25:10,stop_point:SP_3843,Hôpital Larrey,10
2344727,18:26:00,18:26:10,stop_point:SP_1445,Larrey,11
2344727,18:27:00,18:27:10,stop_point:SP_3081,Bourdette,12
2344727,18:28:00,18:28:10,stop_point:SP_1961,Ducuing Ponsan,13
2344727,18:29:00,18:29:10,stop_point:SP_2266,Ducuing,14
2344727,18:30:00,18:30:10,stop_point:SP_3266,Université Paul Sabatier,15
2344727,18:32:00,18:32:10,stop_point:SP_1424,Ducuing,16
2344727,18:33:00,18:33:10,stop_point:SP_290,Ducuing Ponsan,17
2344727,18:33:00,18:33:10,stop_point:SP_4747,Faculté de Médecine,18
2344727,18:34:00,18:34:10,stop_point:SP_1913,Ponsan Bellevue,19
2344727,18:36:00,18:36:10,stop_point:SP_1021,Coteaux,20
2344727,18:37:00,18:37:10,stop_point:SP_709,Bon Voisin,21
2344727,18:39:00,18:39:10,stop_point:SP_2731,Palmiers,22
2344727,18:40:00,18:40:10,stop_point:SP_3327,Herriot,23
2344727,18:41:00,18:41:10,stop_point:SP_1529,Charbonnière,24
2344727,18:43:00,18:43:10,stop_point:SP_1321,Lebas,25
2344727,18:44:00,18:44:10,stop_point:SP_1336,Empalot,26
2344728,18:28:00,18:28:10,stop_point:SP_2030,Gleyze-Vieille,1
2344728,18:29:00,18:29:10,stop_point:SP_2668,Ecole Gleyze-Vieille,2
2344728,18:30:00,18:30:10,stop_point:SP_1235,Salas,3
2344728,18:30:00,18:30:10,stop_point:SP_1459,Aéropostale,4
2344728,18:31:00,18:31:10,stop_point:SP_3888,Estérel,5
2344728,18:32:00,18:32:10,stop_point:SP_3638,Pouvourville,6
2344728,18:33:00,18:33:10,stop_point:SP_1218,Eglise Pouvourville,7
2344728,18:34:00,18:34:10,stop_point:SP_3410,Pastel,8
2344728,18:35:00,18:35:10,stop_point:SP_1203,Narrade,9
2344728,18:37:00,18:37:10,stop_point:SP_3843,Hôpital Larrey,10
2344728,18:38:00,18:38:10,stop_point:SP_1445,Larrey,11
2344728,18:39:00,18:39:10,stop_point:SP_3081,Bourdette,12
2344728,18:40:00,18:40:10,stop_point:SP_1961,Ducuing Ponsan,13
2344728,18:41:00,18:41:10,stop_point:SP_2266,Ducuing,14
2344728,18:42:00,18:42:10,stop_point:SP_3266,Université Paul Sabatier,15
2344728,18:44:00,18:44:10,stop_point:SP_1424,Ducuing,16
2344728,18:45:00,18:45:10,stop_point:SP_290,Ducuing Ponsan,17
2344728,18:45:00,18:45:10,stop_point:SP_4747,Faculté de Médecine,18
2344728,18:46:00,18:46:10,stop_point:SP_1913,Ponsan Bellevue,19
2344728,18:48:00,18:48:10,stop_point:SP_1021,Coteaux,20
2344728,18:49:00,18:49:10,stop_point:SP_709,Bon Voisin,21
2344728,18:51:00,18:51:10,stop_point:SP_2731,Palmiers,22
2344728,18:52:00,18:52:10,stop_point:SP_3327,Herriot,23
2344728,18:53:00,18:53:10,stop_point:SP_1529,Charbonnière,24
2344728,18:55:00,18:55:10,stop_point:SP_1321,Lebas,25
2344728,18:56:00,18:56:10,stop_point:SP_1336,Empalot,26
2344729,18:40:00,18:40:10,stop_point:SP_2030,Gleyze-Vieille,1
2344729,18:41:00,18:41:10,stop_point:SP_2668,Ecole Gleyze-Vieille,2
2344729,18:42:00,18:42:10,stop_point:SP_1235,Salas,3
2344729,18:42:00,18:42:10,stop_point:SP_1459,Aéropostale,4
2344729,18:43:00,18:43:10,stop_point:SP_3888,Estérel,5
2344729,18:44:00,18:44:10,stop_point:SP_3638,Pouvourville,6
2344729,18:45:00,18:45:10,stop_point:SP_1218,Eglise Pouvourville,7
2344729,18:46:00,18:46:10,stop_point:SP_3410,Pastel,8
2344729,18:47:00,18:47:10,stop_point:SP_1203,Narrade,9
2344729,18:49:00,18:49:10,stop_point:SP_3843,Hôpital Larrey,10
2344729,18:50:00,18:50:10,stop_point:SP_1445,Larrey,11
2344729,18:51:00,18:51:10,stop_point:SP_3081,Bourdette,12
2344729,18:52:00,18:52:10,stop_point:SP_1961,Ducuing Ponsan,13
2344729,18:53:00,18:53:10,stop_point:SP_2266,Ducuing,14
2344729,18:54:00,18:54:10,stop_point:SP_3266,Université Paul Sabatier,15
2344729,18:56:00,18:56:10,stop_point:SP_1424,Ducuing,16
2344729,18:57:00,18:57:10,stop_point:SP_290,Ducuing Ponsan,17
2344729,18:57:00,18:57:10,stop_point:SP_4747,Faculté de Médecine,18
2344729,18:58:00,18:58:10,stop_point:SP_1913,Ponsan Bellevue,19
2344729,19:00:00,19:00:10,stop_point:SP_1021,Coteaux,20
2344729,19:01:00,19:01:10,stop_point:SP_709,Bon Voisin,21
2344729,19:03:00,19:03:10,stop_point:SP_2731,Palmiers,22
2344729,19:04:00,19:04:10,stop_point:SP_3327,Herriot,23
2344729,19:05:00,19:05:10,stop_point:SP_1529,Charbonnière,24
2344729,19:07:00,19:07:10,stop_point:SP_1321,Lebas,25
2344729,19:08:00,19:08:10,stop_point:SP_1336,Empalot,26
2344730,18:52:00,18:52:10,stop_point:SP_2030,Gleyze-Vieille,1
2344730,18:53:00,18:53:10,stop_point:SP_2668,Ecole Gleyze-Vieille,2
2344730,18:54:00,18:54:10,stop_point:SP_1235,Salas,3
2344730,18:54:00,18:54:10,stop_point:SP_1459,Aéropostale,4
2344730,18:55:00,18:55:10,stop_point:SP_3888,Estérel,5
2344730,18:56:00,18:56:10,stop_point:SP_3638,Pouvourville,6
2344730,18:57:00,18:57:10,stop_point:SP_1218,Eglise Pouvourville,7
2344730,18:58:00,18:58:10,stop_point:SP_3410,Pastel,8
2344730,18:59:00,18:59:10,stop_point:SP_1203,Narrade,9
2344730,19:01:00,19:01:10,stop_point:SP_3843,Hôpital Larrey,10
2344730,19:02:00,19:02:10,stop_point:SP_1445,Larrey,11
2344730,19:03:00,19:03:10,stop_point:SP_3081,Bourdette,12
2344730,19:04:00,19:04:10,stop_point:SP_1961,Ducuing Ponsan,13
2344730,19:05:00,19:05:10,stop_point:SP_2266,Ducuing,14
2344730,19:06:00,19:06:10,stop_point:SP_3266,Université Paul Sabatier,15
2344730,19:07:00,19:07:10,stop_point:SP_1424,Ducuing,16
2344730,19:08:00,19:08:10,stop_point:SP_290,Ducuing Ponsan,17
2344730,19:09:00,19:09:10,stop_point:SP_4747,Faculté de Médecine,18
2344730,19:10:00,19:10:10,stop_point:SP_1913,Ponsan Bellevue,19
2344730,19:11:00,19:11:10,stop_point:SP_1021,Coteaux,20
2344730,19:12:00,19:12:10,stop_point:SP_709,Bon Voisin,21
2344730,19:14:00,19:14:10,stop_point:SP_2731,Palmiers,22
2344730,19:15:00,19:15:10,stop_point:SP_3327,Herriot,23
2344730,19:16:00,19:16:10,stop_point:SP_1529,Charbonnière,24
2344730,19:18:00,19:18:10,stop_point:SP_1321,Lebas,25
2344730,19:19:00,19:19:10,stop_point:SP_1336,Empalot,26
2344731,19:03:00,19:03:10,stop_point:SP_2030,Gleyze-Vieille,1
2344731,19:04:00,19:04:10,stop_point:SP_2668,Ecole Gleyze-Vieille,2
2344731,19:05:00,19:05:10,stop_point:SP_1235,Salas,3
2344731,19:05:00,19:05:10,stop_point:SP_1459,Aéropostale,4
2344731,19:06:00,19:06:10,stop_point:SP_3888,Estérel,5
2344731,19:07:00,19:07:10,stop_point:SP_3638,Pouvourville,6
2344731,19:08:00,19:08:10,stop_point:SP_1218,Eglise Pouvourville,7
2344731,19:09:00,19:09:10,stop_point:SP_3410,Pastel,8
2344731,19:10:00,19:10:10,stop_point:SP_1203,Narrade,9
2344731,19:12:00,19:12:10,stop_point:SP_3843,Hôpital Larrey,10
2344731,19:13:00,19:13:10,stop_point:SP_1445,Larrey,11
2344731,19:14:00,19:14:10,stop_point:SP_3081,Bourdette,12
2344731,19:15:00,19:15:10,stop_point:SP_1961,Ducuing Ponsan,13
2344731,19:16:00,19:16:10,stop_point:SP_2266,Ducuing,14
2344731,19:17:00,19:17:10,stop_point:SP_3266,Université Paul Sabatier,15
2344731,19:18:00,19:18:10,stop_point:SP_1424,Ducuing,16
2344731,19:19:00,19:19:10,stop_point:SP_290,Ducuing Ponsan,17
2344731,19:20:00,19:20:10,stop_point:SP_4747,Faculté de Médecine,18
2344731,19:21:00,19:21:10,stop_point:SP_1913,Ponsan Bellevue,19
2344731,19:22:00,19:22:10,stop_point:SP_1021,Coteaux,20
2344731,19:23:00,19:23:10,stop_point:SP_709,Bon Voisin,21
2344731,19:25:00,19:25:10,stop_point:SP_2731,Palmiers,22
2344731,19:26:00,19:26:10,stop_point:SP_3327,Herriot,23
2344731,19:27:00,19:27:10,stop_point:SP_1529,Charbonnière,24
2344731,19:29:00,19:29:10,stop_point:SP_1321,Lebas,25
2344731,19:30:00,19:30:10,stop_point:SP_1336,Empalot,26
2344732,19:15:00,19:15:10,stop_point:SP_2030,Gleyze-Vieille,1
2344732,19:16:00,19:16:10,stop_point:SP_2668,Ecole Gleyze-Vieille,2
2344732,19:17:00,19:17:10,stop_point:SP_1235,Salas,3
2344732,19:17:00,19:17:10,stop_point:SP_1459,Aéropostale,4
2344732,19:18:00,19:18:10,stop_point:SP_3888,Estérel,5
2344732,19:19:00,19:19:10,stop_point:SP_3638,Pouvourville,6
2344732,19:20:00,19:20:10,stop_point:SP_1218,Eglise Pouvourville,7
2344732,19:21:00,19:21:10,stop_point:SP_3410,Pastel,8
2344732,19:22:00,19:22:10,stop_point:SP_1203,Narrade,9
2344732,19:24:00,19:24:10,stop_point:SP_3843,Hôpital Larrey,10
2344732,19:25:00,19:25:10,stop_point:SP_1445,Larrey,11
2344732,19:26:00,19:26:10,stop_point:SP_3081,Bourdette,12
2344732,19:27:00,19:27:10,stop_point:SP_1961,Ducuing Ponsan,13
2344732,19:28:00,19:28:10,stop_point:SP_2266,Ducuing,14
2344732,19:29:00,19:29:10,stop_point:SP_3266,Université Paul Sabatier,15
2344732,19:30:00,19:30:10,stop_point:SP_1424,Ducuing,16
2344732,19:31:00,19:31:10,stop_point:SP_290,Ducuing Ponsan,17
2344732,19:32:00,19:32:10,stop_point:SP_4747,Faculté de Médecine,18
2344732,19:33:00,19:33:10,stop_point:SP_1913,Ponsan Bellevue,19
2344732,19:34:00,19:34:10,stop_point:SP_1021,Coteaux,20
2344732,19:35:00,19:35:10,stop_point:SP_709,Bon Voisin,21
2344732,19:37:00,19:37:10,stop_point:SP_2731,Palmiers,22
2344732,19:38:00,19:38:10,stop_point:SP_3327,Herriot,23
2344732,19:39:00,19:39:10,stop_point:SP_1529,Charbonnière,24
2344732,19:41:00,19:41:10,stop_point:SP_1321,Lebas,25
2344732,19:42:00,19:42:10,stop_point:SP_1336,Empalot,26
2344733,19:29:00,19:29:10,stop_point:SP_2030,Gleyze-Vieille,1
2344733,19:30:00,19:30:10,stop_point:SP_2668,Ecole Gleyze-Vieille,2
2344733,19:30:00,19:30:10,stop_point:SP_1235,Salas,3
2344733,19:31:00,19:31:10,stop_point:SP_1459,Aéropostale,4
2344733,19:31:00,19:31:10,stop_point:SP_3888,Estérel,5
2344733,19:32:00,19:32:10,stop_point:SP_3638,Pouvourville,6
2344733,19:33:00,19:33:10,stop_point:SP_1218,Eglise Pouvourville,7
2344733,19:34:00,19:34:10,stop_point:SP_3410,Pastel,8
2344733,19:35:00,19:35:10,stop_point:SP_1203,Narrade,9
2344733,19:37:00,19:37:10,stop_point:SP_3843,Hôpital Larrey,10
2344733,19:38:00,19:38:10,stop_point:SP_1445,Larrey,11
2344733,19:39:00,19:39:10,stop_point:SP_3081,Bourdette,12
2344733,19:40:00,19:40:10,stop_point:SP_1961,Ducuing Ponsan,13
2344733,19:41:00,19:41:10,stop_point:SP_2266,Ducuing,14
2344733,19:42:00,19:42:10,stop_point:SP_3266,Université Paul Sabatier,15
2344733,19:43:00,19:43:10,stop_point:SP_1424,Ducuing,16
2344733,19:44:00,19:44:10,stop_point:SP_290,Ducuing Ponsan,17
2344733,19:45:00,19:45:10,stop_point:SP_4747,Faculté de Médecine,18
2344733,19:46:00,19:46:10,stop_point:SP_1913,Ponsan Bellevue,19
2344733,19:47:00,19:47:10,stop_point:SP_1021,Coteaux,20
2344733,19:48:00,19:48:10,stop_point:SP_709,Bon Voisin,21
2344733,19:50:00,19:50:10,stop_point:SP_2731,Palmiers,22
2344733,19:51:00,19:51:10,stop_point:SP_3327,Herriot,23
2344733,19:52:00,19:52:10,stop_point:SP_1529,Charbonnière,24
2344733,19:54:00,19:54:10,stop_point:SP_1321,Lebas,25
2344733,19:55:00,19:55:10,stop_point:SP_1336,Empalot,26
2344734,19:44:00,19:44:10,stop_point:SP_2030,Gleyze-Vieille,1
2344734,19:45:00,19:45:10,stop_point:SP_2668,Ecole Gleyze-Vieille,2
2344734,19:45:00,19:45:10,stop_point:SP_1235,Salas,3
2344734,19:46:00,19:46:10,stop_point:SP_1459,Aéropostale,4
2344734,19:46:00,19:46:10,stop_point:SP_3888,Estérel,5
2344734,19:47:00,19:47:10,stop_point:SP_3638,Pouvourville,6
2344734,19:48:00,19:48:10,stop_point:SP_1218,Eglise Pouvourville,7
2344734,19:49:00,19:49:10,stop_point:SP_3410,Pastel,8
2344734,19:50:00,19:50:10,stop_point:SP_1203,Narrade,9
2344734,19:52:00,19:52:10,stop_point:SP_3843,Hôpital Larrey,10
2344734,19:53:00,19:53:10,stop_point:SP_1445,Larrey,11
2344734,19:54:00,19:54:10,stop_point:SP_3081,Bourdette,12
2344734,19:55:00,19:55:10,stop_point:SP_1961,Ducuing Ponsan,13
2344734,19:56:00,19:56:10,stop_point:SP_2266,Ducuing,14
2344734,19:57:00,19:57:10,stop_point:SP_3266,Université Paul Sabatier,15
2344734,19:58:00,19:58:10,stop_point:SP_1424,Ducuing,16
2344734,19:59:00,19:59:10,stop_point:SP_290,Ducuing Ponsan,17
2344734,20:00:00,20:00:10,stop_point:SP_4747,Faculté de Médecine,18
2344734,20:01:00,20:01:10,stop_point:SP_1913,Ponsan Bellevue,19
2344734,20:02:00,20:02:10,stop_point:SP_1021,Coteaux,20
2344734,20:03:00,20:03:10,stop_point:SP_709,Bon Voisin,21
2344734,20:05:00,20:05:10,stop_point:SP_2731,Palmiers,22
2344734,20:06:00,20:06:10,stop_point:SP_3327,Herriot,23
2344734,20:07:00,20:07:10,stop_point:SP_1529,Charbonnière,24
2344734,20:09:00,20:09:10,stop_point:SP_1321,Lebas,25
2344734,20:10:00,20:10:10,stop_point:SP_1336,Empalot,26
2344735,20:05:00,20:05:10,stop_point:SP_2030,Gleyze-Vieille,1
2344735,20:06:00,20:06:10,stop_point:SP_2668,Ecole Gleyze-Vieille,2
2344735,20:06:00,20:06:10,stop_point:SP_1235,Salas,3
2344735,20:07:00,20:07:10,stop_point:SP_1459,Aéropostale,4
2344735,20:07:00,20:07:10,stop_point:SP_3888,Estérel,5
2344735,20:08:00,20:08:10,stop_point:SP_3638,Pouvourville,6
2344735,20:09:00,20:09:10,stop_point:SP_1218,Eglise Pouvourville,7
2344735,20:10:00,20:10:10,stop_point:SP_3410,Pastel,8
2344735,20:10:00,20:10:10,stop_point:SP_1203,Narrade,9
2344735,20:12:00,20:12:10,stop_point:SP_3843,Hôpital Larrey,10
2344735,20:13:00,20:13:10,stop_point:SP_1445,Larrey,11
2344735,20:14:00,20:14:10,stop_point:SP_3081,Bourdette,12
2344735,20:15:00,20:15:10,stop_point:SP_1961,Ducuing Ponsan,13
2344735,20:16:00,20:16:10,stop_point:SP_2266,Ducuing,14
2344735,20:17:00,20:17:10,stop_point:SP_3266,Université Paul Sabatier,15
2344735,20:18:00,20:18:10,stop_point:SP_1424,Ducuing,16
2344735,20:19:00,20:19:10,stop_point:SP_290,Ducuing Ponsan,17
2344735,20:20:00,20:20:10,stop_point:SP_4747,Faculté de Médecine,18
2344735,20:21:00,20:21:10,stop_point:SP_1913,Ponsan Bellevue,19
2344735,20:22:00,20:22:10,stop_point:SP_1021,Coteaux,20
2344735,20:23:00,20:23:10,stop_point:SP_709,Bon Voisin,21
2344735,20:25:00,20:25:10,stop_point:SP_2731,Palmiers,22
2344735,20:26:00,20:26:10,stop_point:SP_3327,Herriot,23
2344735,20:27:00,20:27:10,stop_point:SP_1529,Charbonnière,24
2344735,20:29:00,20:29:10,stop_point:SP_1321,Lebas,25
2344735,20:30:00,20:30:10,stop_point:SP_1336,Empalot,26
2344736,20:26:00,20:26:10,stop_point:SP_2030,Gleyze-Vieille,1
2344736,20:27:00,20:27:10,stop_point:SP_2668,Ecole Gleyze-Vieille,2
2344736,20:27:00,20:27:10,stop_point:SP_1235,Salas,3
2344736,20:28:00,20:28:10,stop_point:SP_1459,Aéropostale,4
2344736,20:28:00,20:28:10,stop_point:SP_3888,Estérel,5
2344736,20:29:00,20:29:10,stop_point:SP_3638,Pouvourville,6
2344736,20:30:00,20:30:10,stop_point:SP_1218,Eglise Pouvourville,7
2344736,20:31:00,20:31:10,stop_point:SP_3410,Pastel,8
2344736,20:31:00,20:31:10,stop_point:SP_1203,Narrade,9
2344736,20:33:00,20:33:10,stop_point:SP_3843,Hôpital Larrey,10
2344736,20:34:00,20:34:10,stop_point:SP_1445,Larrey,11
2344736,20:35:00,20:35:10,stop_point:SP_3081,Bourdette,12
2344736,20:36:00,20:36:10,stop_point:SP_1961,Ducuing Ponsan,13
2344736,20:37:00,20:37:10,stop_point:SP_2266,Ducuing,14
2344736,20:38:00,20:38:10,stop_point:SP_3266,Université Paul Sabatier,15
2344736,20:39:00,20:39:10,stop_point:SP_1424,Ducuing,16
2344736,20:40:00,20:40:10,stop_point:SP_290,Ducuing Ponsan,17
2344736,20:41:00,20:41:10,stop_point:SP_4747,Faculté de Médecine,18
2344736,20:42:00,20:42:10,stop_point:SP_1913,Ponsan Bellevue,19
2344736,20:43:00,20:43:10,stop_point:SP_1021,Coteaux,20
2344736,20:44:00,20:44:10,stop_point:SP_709,Bon Voisin,21
2344736,20:46:00,20:46:10,stop_point:SP_2731,Palmiers,22
2344736,20:47:00,20:47:10,stop_point:SP_3327,Herriot,23
2344736,20:48:00,20:48:10,stop_point:SP_1529,Charbonnière,24
2344736,20:50:00,20:50:10,stop_point:SP_1321,Lebas,25
2344736,20:51:00,20:51:10,stop_point:SP_1336,Empalot,26
2344737,21:05:00,21:05:10,stop_point:SP_2030,Gleyze-Vieille,1
2344737,21:06:00,21:06:10,stop_point:SP_2668,Ecole Gleyze-Vieille,2
2344737,21:06:00,21:06:10,stop_point:SP_1235,Salas,3
2344737,21:07:00,21:07:10,stop_point:SP_1459,Aéropostale,4
2344737,21:07:00,21:07:10,stop_point:SP_3888,Estérel,5
2344737,21:08:00,21:08:10,stop_point:SP_3638,Pouvourville,6
2344737,21:09:00,21:09:10,stop_point:SP_1218,Eglise Pouvourville,7
2344737,21:10:00,21:10:10,stop_point:SP_3410,Pastel,8
2344737,21:10:00,21:10:10,stop_point:SP_1203,Narrade,9
2344737,21:12:00,21:12:10,stop_point:SP_3843,Hôpital Larrey,10
2344737,21:13:00,21:13:10,stop_point:SP_1445,Larrey,11
2344737,21:14:00,21:14:10,stop_point:SP_3081,Bourdette,12
2344737,21:15:00,21:15:10,stop_point:SP_1961,Ducuing Ponsan,13
2344737,21:16:00,21:16:10,stop_point:SP_2266,Ducuing,14
2344737,21:17:00,21:17:10,stop_point:SP_3266,Université Paul Sabatier,15
2344737,21:18:00,21:18:10,stop_point:SP_1424,Ducuing,16
2344737,21:19:00,21:19:10,stop_point:SP_290,Ducuing Ponsan,17
2344737,21:19:00,21:19:10,stop_point:SP_4747,Faculté de Médecine,18
2344737,21:20:00,21:20:10,stop_point:SP_1913,Ponsan Bellevue,19
2344737,21:21:00,21:21:10,stop_point:SP_1021,Coteaux,20
2344737,21:22:00,21:22:10,stop_point:SP_709,Bon Voisin,21
2344737,21:24:00,21:24:10,stop_point:SP_2731,Palmiers,22
2344737,21:24:00,21:24:10,stop_point:SP_3327,Herriot,23
2344737,21:26:00,21:26:10,stop_point:SP_1529,Charbonnière,24
2344737,21:27:00,21:27:10,stop_point:SP_1321,Lebas,25
2344737,21:28:00,21:28:10,stop_point:SP_1336,Empalot,26
2344738,07:05:00,07:05:10,stop_point:SP_1336,Empalot,1
2344738,07:06:00,07:06:10,stop_point:SP_728,Lebas,2
2344738,07:07:00,07:07:10,stop_point:SP_1575,Charbonnière,3
2344738,07:08:00,07:08:10,stop_point:SP_3000,Herriot,4
2344738,07:08:00,07:08:10,stop_point:SP_2945,Palmiers,5
2344738,07:09:00,07:09:10,stop_point:SP_1654,Bon Voisin,6
2344738,07:10:00,07:10:10,stop_point:SP_1225,Coteaux,7
2344738,07:11:00,07:11:10,stop_point:SP_2734,Ponsan Bellevue,8
2344738,07:12:00,07:12:10,stop_point:SP_4746,Faculté de Médecine,9
2344738,07:12:00,07:12:10,stop_point:SP_1961,Ducuing Ponsan,10
2344738,07:13:00,07:13:10,stop_point:SP_2266,Ducuing,11
2344738,07:14:00,07:14:10,stop_point:SP_3266,Université Paul Sabatier,12
2344738,07:15:00,07:15:10,stop_point:SP_1424,Ducuing,13
2344738,07:16:00,07:16:10,stop_point:SP_290,Ducuing Ponsan,14
2344738,07:18:00,07:18:10,stop_point:SP_1088,Bourdette,15
2344738,07:19:00,07:19:10,stop_point:SP_3843,Hôpital Larrey,16
2344738,07:20:00,07:20:10,stop_point:SP_3448,Larrey,17
2344738,07:21:00,07:21:10,stop_point:SP_2619,Narrade,18
2344738,07:21:00,07:21:10,stop_point:SP_745,Pastel,19
2344738,07:22:00,07:22:10,stop_point:SP_1438,Eglise Pouvourville,20
2344738,07:23:00,07:23:10,stop_point:SP_1568,Pouvourville,21
2344738,07:24:00,07:24:10,stop_point:SP_1857,Estérel,22
2344738,07:24:00,07:24:10,stop_point:SP_2254,Aéropostale,23
2344738,07:25:00,07:25:10,stop_point:SP_955,Salas,24
2344738,07:25:00,07:25:10,stop_point:SP_132,Ecole Gleyze-Vieille,25
2344738,07:26:00,07:26:10,stop_point:SP_2030,Gleyze-Vieille,26
2344739,08:15:00,08:15:10,stop_point:SP_1336,Empalot,1
2344739,08:16:00,08:16:10,stop_point:SP_728,Lebas,2
2344739,08:17:00,08:17:10,stop_point:SP_1575,Charbonnière,3
2344739,08:18:00,08:18:10,stop_point:SP_3000,Herriot,4
2344739,08:18:00,08:18:10,stop_point:SP_2945,Palmiers,5
2344739,08:19:00,08:19:10,stop_point:SP_1654,Bon Voisin,6
2344739,08:20:00,08:20:10,stop_point:SP_1225,Coteaux,7
2344739,08:21:00,08:21:10,stop_point:SP_2734,Ponsan Bellevue,8
2344739,08:22:00,08:22:10,stop_point:SP_4746,Faculté de Médecine,9
2344739,08:22:00,08:22:10,stop_point:SP_1961,Ducuing Ponsan,10
2344739,08:23:00,08:23:10,stop_point:SP_2266,Ducuing,11
2344739,08:24:00,08:24:10,stop_point:SP_3266,Université Paul Sabatier,12
2344739,08:25:00,08:25:10,stop_point:SP_1424,Ducuing,13
2344739,08:26:00,08:26:10,stop_point:SP_290,Ducuing Ponsan,14
2344739,08:28:00,08:28:10,stop_point:SP_1088,Bourdette,15
2344739,08:29:00,08:29:10,stop_point:SP_3843,Hôpital Larrey,16
2344739,08:30:00,08:30:10,stop_point:SP_3448,Larrey,17
2344739,08:31:00,08:31:10,stop_point:SP_2619,Narrade,18
2344739,08:31:00,08:31:10,stop_point:SP_745,Pastel,19
2344739,08:32:00,08:32:10,stop_point:SP_1438,Eglise Pouvourville,20
2344739,08:33:00,08:33:10,stop_point:SP_1568,Pouvourville,21
2344739,08:34:00,08:34:10,stop_point:SP_1857,Estérel,22
2344739,08:34:00,08:34:10,stop_point:SP_2254,Aéropostale,23
2344739,08:35:00,08:35:10,stop_point:SP_955,Salas,24
2344739,08:35:00,08:35:10,stop_point:SP_132,Ecole Gleyze-Vieille,25
2344739,08:36:00,08:36:10,stop_point:SP_2030,Gleyze-Vieille,26
2344740,09:24:00,09:24:10,stop_point:SP_1336,Empalot,1
2344740,09:25:00,09:25:10,stop_point:SP_728,Lebas,2
2344740,09:26:00,09:26:10,stop_point:SP_1575,Charbonnière,3
2344740,09:27:00,09:27:10,stop_point:SP_3000,Herriot,4
2344740,09:28:00,09:28:10,stop_point:SP_2945,Palmiers,5
2344740,09:29:00,09:29:10,stop_point:SP_1654,Bon Voisin,6
2344740,09:30:00,09:30:10,stop_point:SP_1225,Coteaux,7
2344740,09:31:00,09:31:10,stop_point:SP_2734,Ponsan Bellevue,8
2344740,09:32:00,09:32:10,stop_point:SP_4746,Faculté de Médecine,9
2344740,09:32:00,09:32:10,stop_point:SP_1961,Ducuing Ponsan,10
2344740,09:33:00,09:33:10,stop_point:SP_2266,Ducuing,11
2344740,09:34:00,09:34:10,stop_point:SP_3266,Université Paul Sabatier,12
2344740,09:35:00,09:35:10,stop_point:SP_1424,Ducuing,13
2344740,09:36:00,09:36:10,stop_point:SP_290,Ducuing Ponsan,14
2344740,09:38:00,09:38:10,stop_point:SP_1088,Bourdette,15
2344740,09:39:00,09:39:10,stop_point:SP_3843,Hôpital Larrey,16
2344740,09:40:00,09:40:10,stop_point:SP_3448,Larrey,17
2344740,09:41:00,09:41:10,stop_point:SP_2619,Narrade,18
2344740,09:41:00,09:41:10,stop_point:SP_745,Pastel,19
2344740,09:42:00,09:42:10,stop_point:SP_1438,Eglise Pouvourville,20
2344740,09:43:00,09:43:10,stop_point:SP_1568,Pouvourville,21
2344740,09:44:00,09:44:10,stop_point:SP_1857,Estérel,22
2344740,09:44:00,09:44:10,stop_point:SP_2254,Aéropostale,23
2344740,09:45:00,09:45:10,stop_point:SP_955,Salas,24
2344740,09:45:00,09:45:10,stop_point:SP_132,Ecole Gleyze-Vieille,25
2344740,09:46:00,09:46:10,stop_point:SP_2030,Gleyze-Vieille,26
2344741,10:34:00,10:34:10,stop_point:SP_1336,Empalot,1
2344741,10:35:00,10:35:10,stop_point:SP_728,Lebas,2
2344741,10:36:00,10:36:10,stop_point:SP_1575,Charbonnière,3
2344741,10:37:00,10:37:10,stop_point:SP_3000,Herriot,4
2344741,10:38:00,10:38:10,stop_point:SP_2945,Palmiers,5
2344741,10:39:00,10:39:10,stop_point:SP_1654,Bon Voisin,6
2344741,10:40:00,10:40:10,stop_point:SP_1225,Coteaux,7
2344741,10:41:00,10:41:10,stop_point:SP_2734,Ponsan Bellevue,8
2344741,10:42:00,10:42:10,stop_point:SP_4746,Faculté de Médecine,9
2344741,10:43:00,10:43:10,stop_point:SP_1961,Ducuing Ponsan,10
2344741,10:44:00,10:44:10,stop_point:SP_2266,Ducuing,11
2344741,10:45:00,10:45:10,stop_point:SP_3266,Université Paul Sabatier,12
2344741,10:46:00,10:46:10,stop_point:SP_1424,Ducuing,13
2344741,10:47:00,10:47:10,stop_point:SP_290,Ducuing Ponsan,14
2344741,10:50:00,10:50:10,stop_point:SP_1088,Bourdette,15
2344741,10:51:00,10:51:10,stop_point:SP_3843,Hôpital Larrey,16
2344741,10:52:00,10:52:10,stop_point:SP_3448,Larrey,17
2344741,10:53:00,10:53:10,stop_point:SP_2619,Narrade,18
2344741,10:53:00,10:53:10,stop_point:SP_745,Pastel,19
2344741,10:54:00,10:54:10,stop_point:SP_1438,Eglise Pouvourville,20
2344741,10:55:00,10:55:10,stop_point:SP_1568,Pouvourville,21
2344741,10:56:00,10:56:10,stop_point:SP_1857,Estérel,22
2344741,10:56:00,10:56:10,stop_point:SP_2254,Aéropostale,23
2344741,10:57:00,10:57:10,stop_point:SP_955,Salas,24
2344741,10:57:00,10:57:10,stop_point:SP_132,Ecole Gleyze-Vieille,25
2344741,10:58:00,10:58:10,stop_point:SP_2030,Gleyze-Vieille,26
2344742,11:44:00,11:44:10,stop_point:SP_1336,Empalot,1
2344742,11:45:00,11:45:10,stop_point:SP_728,Lebas,2
2344742,11:46:00,11:46:10,stop_point:SP_1575,Charbonnière,3
2344742,11:47:00,11:47:10,stop_point:SP_3000,Herriot,4
2344742,11:48:00,11:48:10,stop_point:SP_2945,Palmiers,5
2344742,11:49:00,11:49:10,stop_point:SP_1654,Bon Voisin,6
2344742,11:50:00,11:50:10,stop_point:SP_1225,Coteaux,7
2344742,11:51:00,11:51:10,stop_point:SP_2734,Ponsan Bellevue,8
2344742,11:52:00,11:52:10,stop_point:SP_4746,Faculté de Médecine,9
2344742,11:53:00,11:53:10,stop_point:SP_1961,Ducuing Ponsan,10
2344742,11:54:00,11:54:10,stop_point:SP_2266,Ducuing,11
2344742,11:55:00,11:55:10,stop_point:SP_3266,Université Paul Sabatier,12
2344742,11:56:00,11:56:10,stop_point:SP_1424,Ducuing,13
2344742,11:57:00,11:57:10,stop_point:SP_290,Ducuing Ponsan,14
2344742,12:00:00,12:00:10,stop_point:SP_1088,Bourdette,15
2344742,12:01:00,12:01:10,stop_point:SP_3843,Hôpital Larrey,16
2344742,12:02:00,12:02:10,stop_point:SP_3448,Larrey,17
2344742,12:03:00,12:03:10,stop_point:SP_2619,Narrade,18
2344742,12:03:00,12:03:10,stop_point:SP_745,Pastel,19
2344742,12:04:00,12:04:10,stop_point:SP_1438,Eglise Pouvourville,20
2344742,12:05:00,12:05:10,stop_point:SP_1568,Pouvourville,21
2344742,12:06:00,12:06:10,stop_point:SP_1857,Estérel,22
2344742,12:06:00,12:06:10,stop_point:SP_2254,Aéropostale,23
2344742,12:07:00,12:07:10,stop_point:SP_955,Salas,24
2344742,12:07:00,12:07:10,stop_point:SP_132,Ecole Gleyze-Vieille,25
2344742,12:08:00,12:08:10,stop_point:SP_2030,Gleyze-Vieille,26
2344743,12:54:00,12:54:10,stop_point:SP_1336,Empalot,1
2344743,12:55:00,12:55:10,stop_point:SP_728,Lebas,2
2344743,12:56:00,12:56:10,stop_point:SP_1575,Charbonnière,3
2344743,12:57:00,12:57:10,stop_point:SP_3000,Herriot,4
2344743,12:58:00,12:58:10,stop_point:SP_2945,Palmiers,5
2344743,12:59:00,12:59:10,stop_point:SP_1654,Bon Voisin,6
2344743,13:00:00,13:00:10,stop_point:SP_1225,Coteaux,7
2344743,13:01:00,13:01:10,stop_point:SP_2734,Ponsan Bellevue,8
2344743,13:02:00,13:02:10,stop_point:SP_4746,Faculté de Médecine,9
2344743,13:03:00,13:03:10,stop_point:SP_1961,Ducuing Ponsan,10
2344743,13:04:00,13:04:10,stop_point:SP_2266,Ducuing,11
2344743,13:05:00,13:05:10,stop_point:SP_3266,Université Paul Sabatier,12
2344743,13:06:00,13:06:10,stop_point:SP_1424,Ducuing,13
2344743,13:07:00,13:07:10,stop_point:SP_290,Ducuing Ponsan,14
2344743,13:10:00,13:10:10,stop_point:SP_1088,Bourdette,15
2344743,13:11:00,13:11:10,stop_point:SP_3843,Hôpital Larrey,16
2344743,13:12:00,13:12:10,stop_point:SP_3448,Larrey,17
2344743,13:13:00,13:13:10,stop_point:SP_2619,Narrade,18
2344743,13:13:00,13:13:10,stop_point:SP_745,Pastel,19
2344743,13:14:00,13:14:10,stop_point:SP_1438,Eglise Pouvourville,20
2344743,13:15:00,13:15:10,stop_point:SP_1568,Pouvourville,21
2344743,13:16:00,13:16:10,stop_point:SP_1857,Estérel,22
2344743,13:16:00,13:16:10,stop_point:SP_2254,Aéropostale,23
2344743,13:17:00,13:17:10,stop_point:SP_955,Salas,24
2344743,13:17:00,13:17:10,stop_point:SP_132,Ecole Gleyze-Vieille,25
2344743,13:18:00,13:18:10,stop_point:SP_2030,Gleyze-Vieille,26
2344744,14:04:00,14:04:10,stop_point:SP_1336,Empalot,1
2344744,14:05:00,14:05:10,stop_point:SP_728,Lebas,2
2344744,14:06:00,14:06:10,stop_point:SP_1575,Charbonnière,3
2344744,14:07:00,14:07:10,stop_point:SP_3000,Herriot,4
2344744,14:08:00,14:08:10,stop_point:SP_2945,Palmiers,5
2344744,14:09:00,14:09:10,stop_point:SP_1654,Bon Voisin,6
2344744,14:10:00,14:10:10,stop_point:SP_1225,Coteaux,7
2344744,14:11:00,14:11:10,stop_point:SP_2734,Ponsan Bellevue,8
2344744,14:12:00,14:12:10,stop_point:SP_4746,Faculté de Médecine,9
2344744,14:13:00,14:13:10,stop_point:SP_1961,Ducuing Ponsan,10
2344744,14:14:00,14:14:10,stop_point:SP_2266,Ducuing,11
2344744,14:15:00,14:15:10,stop_point:SP_3266,Université Paul Sabatier,12
2344744,14:16:00,14:16:10,stop_point:SP_1424,Ducuing,13
2344744,14:17:00,14:17:10,stop_point:SP_290,Ducuing Ponsan,14
2344744,14:20:00,14:20:10,stop_point:SP_1088,Bourdette,15
2344744,14:21:00,14:21:10,stop_point:SP_3843,Hôpital Larrey,16
2344744,14:22:00,14:22:10,stop_point:SP_3448,Larrey,17
2344744,14:23:00,14:23:10,stop_point:SP_2619,Narrade,18
2344744,14:23:00,14:23:10,stop_point:SP_745,Pastel,19
2344744,14:24:00,14:24:10,stop_point:SP_1438,Eglise Pouvourville,20
2344744,14:25:00,14:25:10,stop_point:SP_1568,Pouvourville,21
2344744,14:26:00,14:26:10,stop_point:SP_1857,Estérel,22
2344744,14:26:00,14:26:10,stop_point:SP_2254,Aéropostale,23
2344744,14:27:00,14:27:10,stop_point:SP_955,Salas,24
2344744,14:27:00,14:27:10,stop_point:SP_132,Ecole Gleyze-Vieille,25
2344744,14:28:00,14:28:10,stop_point:SP_2030,Gleyze-Vieille,26
2344745,14:40:00,14:40:10,stop_point:SP_1336,Empalot,1
2344745,14:41:00,14:41:10,stop_point:SP_728,Lebas,2
2344745,14:42:00,14:42:10,stop_point:SP_1575,Charbonnière,3
2344745,14:43:00,14:43:10,stop_point:SP_3000,Herriot,4
2344745,14:44:00,14:44:10,stop_point:SP_2945,Palmiers,5
2344745,14:45:00,14:45:10,stop_point:SP_1654,Bon Voisin,6
2344745,14:46:00,14:46:10,stop_point:SP_1225,Coteaux,7
2344745,14:47:00,14:47:10,stop_point:SP_2734,Ponsan Bellevue,8
2344745,14:48:00,14:48:10,stop_point:SP_4746,Faculté de Médecine,9
2344745,14:49:00,14:49:10,stop_point:SP_1961,Ducuing Ponsan,10
2344745,14:50:00,14:50:10,stop_point:SP_2266,Ducuing,11
2344745,14:51:00,14:51:10,stop_point:SP_3266,Université Paul Sabatier,12
2344745,14:52:00,14:52:10,stop_point:SP_1424,Ducuing,13
2344745,14:53:00,14:53:10,stop_point:SP_290,Ducuing Ponsan,14
2344745,14:55:00,14:55:10,stop_point:SP_1088,Bourdette,15
2344745,14:56:00,14:56:10,stop_point:SP_3843,Hôpital Larrey,16
2344745,14:57:00,14:57:10,stop_point:SP_3448,Larrey,17
2344745,14:58:00,14:58:10,stop_point:SP_2619,Narrade,18
2344745,14:58:00,14:58:10,stop_point:SP_745,Pastel,19
2344745,14:59:00,14:59:10,stop_point:SP_1438,Eglise Pouvourville,20
2344745,15:00:00,15:00:10,stop_point:SP_1568,Pouvourville,21
2344745,15:01:00,15:01:10,stop_point:SP_1857,Estérel,22
2344745,15:01:00,15:01:10,stop_point:SP_2254,Aéropostale,23
2344745,15:02:00,15:02:10,stop_point:SP_955,Salas,24
2344745,15:02:00,15:02:10,stop_point:SP_132,Ecole Gleyze-Vieille,25
2344745,15:03:00,15:03:10,stop_point:SP_2030,Gleyze-Vieille,26
2344746,15:15:00,15:15:10,stop_point:SP_1336,Empalot,1
2344746,15:16:00,15:16:10,stop_point:SP_728,Lebas,2
2344746,15:17:00,15:17:10,stop_point:SP_1575,Charbonnière,3
2344746,15:18:00,15:18:10,stop_point:SP_3000,Herriot,4
2344746,15:19:00,15:19:10,stop_point:SP_2945,Palmiers,5
2344746,15:20:00,15:20:10,stop_point:SP_1654,Bon Voisin,6
2344746,15:21:00,15:21:10,stop_point:SP_1225,Coteaux,7
2344746,15:22:00,15:22:10,stop_point:SP_2734,Ponsan Bellevue,8
2344746,15:23:00,15:23:10,stop_point:SP_4746,Faculté de Médecine,9
2344746,15:24:00,15:24:10,stop_point:SP_1961,Ducuing Ponsan,10
2344746,15:25:00,15:25:10,stop_point:SP_2266,Ducuing,11
2344746,15:26:00,15:26:10,stop_point:SP_3266,Université Paul Sabatier,12
2344746,15:27:00,15:27:10,stop_point:SP_1424,Ducuing,13
2344746,15:28:00,15:28:10,stop_point:SP_290,Ducuing Ponsan,14
2344746,15:30:00,15:30:10,stop_point:SP_1088,Bourdette,15
2344746,15:31:00,15:31:10,stop_point:SP_3843,Hôpital Larrey,16
2344746,15:32:00,15:32:10,stop_point:SP_3448,Larrey,17
2344746,15:33:00,15:33:10,stop_point:SP_2619,Narrade,18
2344746,15:33:00,15:33:10,stop_point:SP_745,Pastel,19
2344746,15:34:00,15:34:10,stop_point:SP_1438,Eglise Pouvourville,20
2344746,15:35:00,15:35:10,stop_point:SP_1568,Pouvourville,21
2344746,15:36:00,15:36:10,stop_point:SP_1857,Estérel,22
2344746,15:36:00,15:36:10,stop_point:SP_2254,Aéropostale,23
2344746,15:37:00,15:37:10,stop_point:SP_955,Salas,24
2344746,15:37:00,15:37:10,stop_point:SP_132,Ecole Gleyze-Vieille,25
2344746,15:38:00,15:38:10,stop_point:SP_2030,Gleyze-Vieille,26
2344747,15:51:00,15:51:10,stop_point:SP_1336,Empalot,1
2344747,15:52:00,15:52:10,stop_point:SP_728,Lebas,2
2344747,15:53:00,15:53:10,stop_point:SP_1575,Charbonnière,3
2344747,15:54:00,15:54:10,stop_point:SP_3000,Herriot,4
2344747,15:55:00,15:55:10,stop_point:SP_2945,Palmiers,5
2344747,15:56:00,15:56:10,stop_point:SP_1654,Bon Voisin,6
2344747,15:57:00,15:57:10,stop_point:SP_1225,Coteaux,7
2344747,15:58:00,15:58:10,stop_point:SP_2734,Ponsan Bellevue,8
2344747,15:59:00,15:59:10,stop_point:SP_4746,Faculté de Médecine,9
2344747,16:00:00,16:00:10,stop_point:SP_1961,Ducuing Ponsan,10
2344747,16:01:00,16:01:10,stop_point:SP_2266,Ducuing,11
2344747,16:02:00,16:02:10,stop_point:SP_3266,Université Paul Sabatier,12
2344747,16:03:00,16:03:10,stop_point:SP_1424,Ducuing,13
2344747,16:04:00,16:04:10,stop_point:SP_290,Ducuing Ponsan,14
2344747,16:06:00,16:06:10,stop_point:SP_1088,Bourdette,15
2344747,16:07:00,16:07:10,stop_point:SP_3843,Hôpital Larrey,16
2344747,16:08:00,16:08:10,stop_point:SP_3448,Larrey,17
2344747,16:09:00,16:09:10,stop_point:SP_2619,Narrade,18
2344747,16:09:00,16:09:10,stop_point:SP_745,Pastel,19
2344747,16:10:00,16:10:10,stop_point:SP_1438,Eglise Pouvourville,20
2344747,16:11:00,16:11:10,stop_point:SP_1568,Pouvourville,21
2344747,16:12:00,16:12:10,stop_point:SP_1857,Estérel,22
2344747,16:12:00,16:12:10,stop_point:SP_2254,Aéropostale,23
2344747,16:13:00,16:13:10,stop_point:SP_955,Salas,24
2344747,16:13:00,16:13:10,stop_point:SP_132,Ecole Gleyze-Vieille,25
2344747,16:14:00,16:14:10,stop_point:SP_2030,Gleyze-Vieille,26
2344748,16:27:00,16:27:10,stop_point:SP_1336,Empalot,1
2344748,16:28:00,16:28:10,stop_point:SP_728,Lebas,2
2344748,16:29:00,16:29:10,stop_point:SP_1575,Charbonnière,3
2344748,16:30:00,16:30:10,stop_point:SP_3000,Herriot,4
2344748,16:31:00,16:31:10,stop_point:SP_2945,Palmiers,5
2344748,16:32:00,16:32:10,stop_point:SP_1654,Bon Voisin,6
2344748,16:33:00,16:33:10,stop_point:SP_1225,Coteaux,7
2344748,16:34:00,16:34:10,stop_point:SP_2734,Ponsan Bellevue,8
2344748,16:35:00,16:35:10,stop_point:SP_4746,Faculté de Médecine,9
2344748,16:36:00,16:36:10,stop_point:SP_1961,Ducuing Ponsan,10
2344748,16:37:00,16:37:10,stop_point:SP_2266,Ducuing,11
2344748,16:38:00,16:38:10,stop_point:SP_3266,Université Paul Sabatier,12
2344748,16:39:00,16:39:10,stop_point:SP_1424,Ducuing,13
2344748,16:40:00,16:40:10,stop_point:SP_290,Ducuing Ponsan,14
2344748,16:42:00,16:42:10,stop_point:SP_1088,Bourdette,15
2344748,16:43:00,16:43:10,stop_point:SP_3843,Hôpital Larrey,16
2344748,16:44:00,16:44:10,stop_point:SP_3448,Larrey,17
2344748,16:45:00,16:45:10,stop_point:SP_2619,Narrade,18
2344748,16:45:00,16:45:10,stop_point:SP_745,Pastel,19
2344748,16:46:00,16:46:10,stop_point:SP_1438,Eglise Pouvourville,20
2344748,16:47:00,16:47:10,stop_point:SP_1568,Pouvourville,21
2344748,16:48:00,16:48:10,stop_point:SP_1857,Estérel,22
2344748,16:48:00,16:48:10,stop_point:SP_2254,Aéropostale,23
2344748,16:49:00,16:49:10,stop_point:SP_955,Salas,24
2344748,16:49:00,16:49:10,stop_point:SP_132,Ecole Gleyze-Vieille,25
2344748,16:50:00,16:50:10,stop_point:SP_2030,Gleyze-Vieille,26
2344749,17:03:00,17:03:10,stop_point:SP_1336,Empalot,1
2344749,17:04:00,17:04:10,stop_point:SP_728,Lebas,2
2344749,17:05:00,17:05:10,stop_point:SP_1575,Charbonnière,3
2344749,17:06:00,17:06:10,stop_point:SP_3000,Herriot,4
2344749,17:07:00,17:07:10,stop_point:SP_2945,Palmiers,5
2344749,17:08:00,17:08:10,stop_point:SP_1654,Bon Voisin,6
2344749,17:09:00,17:09:10,stop_point:SP_1225,Coteaux,7
2344749,17:10:00,17:10:10,stop_point:SP_2734,Ponsan Bellevue,8
2344749,17:11:00,17:11:10,stop_point:SP_4746,Faculté de Médecine,9
2344749,17:12:00,17:12:10,stop_point:SP_1961,Ducuing Ponsan,10
2344749,17:13:00,17:13:10,stop_point:SP_2266,Ducuing,11
2344749,17:14:00,17:14:10,stop_point:SP_3266,Université Paul Sabatier,12
2344749,17:15:00,17:15:10,stop_point:SP_1424,Ducuing,13
2344749,17:16:00,17:16:10,stop_point:SP_290,Ducuing Ponsan,14
2344749,17:19:00,17:19:10,stop_point:SP_1088,Bourdette,15
2344749,17:20:00,17:20:10,stop_point:SP_3843,Hôpital Larrey,16
2344749,17:21:00,17:21:10,stop_point:SP_3448,Larrey,17
2344749,17:22:00,17:22:10,stop_point:SP_2619,Narrade,18
2344749,17:22:00,17:22:10,stop_point:SP_745,Pastel,19
2344749,17:23:00,17:23:10,stop_point:SP_1438,Eglise Pouvourville,20
2344749,17:24:00,17:24:10,stop_point:SP_1568,Pouvourville,21
2344749,17:25:00,17:25:10,stop_point:SP_1857,Estérel,22
2344749,17:25:00,17:25:10,stop_point:SP_2254,Aéropostale,23
2344749,17:26:00,17:26:10,stop_point:SP_955,Salas,24
2344749,17:26:00,17:26:10,stop_point:SP_132,Ecole Gleyze-Vieille,25
2344749,17:27:00,17:27:10,stop_point:SP_2030,Gleyze-Vieille,26
2344750,17:39:00,17:39:10,stop_point:SP_1336,Empalot,1
2344750,17:40:00,17:40:10,stop_point:SP_728,Lebas,2
2344750,17:41:00,17:41:10,stop_point:SP_1575,Charbonnière,3
2344750,17:42:00,17:42:10,stop_point:SP_3000,Herriot,4
2344750,17:43:00,17:43:10,stop_point:SP_2945,Palmiers,5
2344750,17:44:00,17:44:10,stop_point:SP_1654,Bon Voisin,6
2344750,17:45:00,17:45:10,stop_point:SP_1225,Coteaux,7
2344750,17:46:00,17:46:10,stop_point:SP_2734,Ponsan Bellevue,8
2344750,17:47:00,17:47:10,stop_point:SP_4746,Faculté de Médecine,9
2344750,17:48:00,17:48:10,stop_point:SP_1961,Ducuing Ponsan,10
2344750,17:49:00,17:49:10,stop_point:SP_2266,Ducuing,11
2344750,17:50:00,17:50:10,stop_point:SP_3266,Université Paul Sabatier,12
2344750,17:51:00,17:51:10,stop_point:SP_1424,Ducuing,13
2344750,17:52:00,17:52:10,stop_point:SP_290,Ducuing Ponsan,14
2344750,17:55:00,17:55:10,stop_point:SP_1088,Bourdette,15
2344750,17:56:00,17:56:10,stop_point:SP_3843,Hôpital Larrey,16
2344750,17:57:00,17:57:10,stop_point:SP_3448,Larrey,17
2344750,17:58:00,17:58:10,stop_point:SP_2619,Narrade,18
2344750,17:58:00,17:58:10,stop_point:SP_745,Pastel,19
2344750,17:59:00,17:59:10,stop_point:SP_1438,Eglise Pouvourville,20
2344750,18:00:00,18:00:10,stop_point:SP_1568,Pouvourville,21
2344750,18:01:00,18:01:10,stop_point:SP_1857,Estérel,22
2344750,18:01:00,18:01:10,stop_point:SP_2254,Aéropostale,23
2344750,18:02:00,18:02:10,stop_point:SP_955,Salas,24
2344750,18:02:00,18:02:10,stop_point:SP_132,Ecole Gleyze-Vieille,25
2344750,18:03:00,18:03:10,stop_point:SP_2030,Gleyze-Vieille,26
2344751,18:16:00,18:16:10,stop_point:SP_1336,Empalot,1
2344751,18:17:00,18:17:10,stop_point:SP_728,Lebas,2
2344751,18:18:00,18:18:10,stop_point:SP_1575,Charbonnière,3
2344751,18:19:00,18:19:10,stop_point:SP_3000,Herriot,4
2344751,18:20:00,18:20:10,stop_point:SP_2945,Palmiers,5
2344751,18:21:00,18:21:10,stop_point:SP_1654,Bon Voisin,6
2344751,18:22:00,18:22:10,stop_point:SP_1225,Coteaux,7
2344751,18:23:00,18:23:10,stop_point:SP_2734,Ponsan Bellevue,8
2344751,18:24:00,18:24:10,stop_point:SP_4746,Faculté de Médecine,9
2344751,18:25:00,18:25:10,stop_point:SP_1961,Ducuing Ponsan,10
2344751,18:26:00,18:26:10,stop_point:SP_2266,Ducuing,11
2344751,18:27:00,18:27:10,stop_point:SP_3266,Université Paul Sabatier,12
2344751,18:28:00,18:28:10,stop_point:SP_1424,Ducuing,13
2344751,18:29:00,18:29:10,stop_point:SP_290,Ducuing Ponsan,14
2344751,18:32:00,18:32:10,stop_point:SP_1088,Bourdette,15
2344751,18:33:00,18:33:10,stop_point:SP_3843,Hôpital Larrey,16
2344751,18:34:00,18:34:10,stop_point:SP_3448,Larrey,17
2344751,18:35:00,18:35:10,stop_point:SP_2619,Narrade,18
2344751,18:35:00,18:35:10,stop_point:SP_745,Pastel,19
2344751,18:36:00,18:36:10,stop_point:SP_1438,Eglise Pouvourville,20
2344751,18:37:00,18:37:10,stop_point:SP_1568,Pouvourville,21
2344751,18:38:00,18:38:10,stop_point:SP_1857,Estérel,22
2344751,18:38:00,18:38:10,stop_point:SP_2254,Aéropostale,23
2344751,18:39:00,18:39:10,stop_point:SP_955,Salas,24
2344751,18:39:00,18:39:10,stop_point:SP_132,Ecole Gleyze-Vieille,25
2344751,18:40:00,18:40:10,stop_point:SP_2030,Gleyze-Vieille,26
2344752,18:54:00,18:54:10,stop_point:SP_1336,Empalot,1
2344752,18:55:00,18:55:10,stop_point:SP_728,Lebas,2
2344752,18:56:00,18:56:10,stop_point:SP_1575,Charbonnière,3
2344752,18:57:00,18:57:10,stop_point:SP_3000,Herriot,4
2344752,18:58:00,18:58:10,stop_point:SP_2945,Palmiers,5
2344752,18:59:00,18:59:10,stop_point:SP_1654,Bon Voisin,6
2344752,19:00:00,19:00:10,stop_point:SP_1225,Coteaux,7
2344752,19:01:00,19:01:10,stop_point:SP_2734,Ponsan Bellevue,8
2344752,19:02:00,19:02:10,stop_point:SP_4746,Faculté de Médecine,9
2344752,19:03:00,19:03:10,stop_point:SP_1961,Ducuing Ponsan,10
2344752,19:04:00,19:04:10,stop_point:SP_2266,Ducuing,11
2344752,19:05:00,19:05:10,stop_point:SP_3266,Université Paul Sabatier,12
2344752,19:06:00,19:06:10,stop_point:SP_1424,Ducuing,13
2344752,19:07:00,19:07:10,stop_point:SP_290,Ducuing Ponsan,14
2344752,19:10:00,19:10:10,stop_point:SP_1088,Bourdette,15
2344752,19:11:00,19:11:10,stop_point:SP_3843,Hôpital Larrey,16
2344752,19:12:00,19:12:10,stop_point:SP_3448,Larrey,17
2344752,19:13:00,19:13:10,stop_point:SP_2619,Narrade,18
2344752,19:13:00,19:13:10,stop_point:SP_745,Pastel,19
2344752,19:14:00,19:14:10,stop_point:SP_1438,Eglise Pouvourville,20
2344752,19:15:00,19:15:10,stop_point:SP_1568,Pouvourville,21
2344752,19:16:00,19:16:10,stop_point:SP_1857,Estérel,22
2344752,19:16:00,19:16:10,stop_point:SP_2254,Aéropostale,23
2344752,19:17:00,19:17:10,stop_point:SP_955,Salas,24
2344752,19:17:00,19:17:10,stop_point:SP_132,Ecole Gleyze-Vieille,25
2344752,19:18:00,19:18:10,stop_point:SP_2030,Gleyze-Vieille,26
2344753,19:31:00,19:31:10,stop_point:SP_1336,Empalot,1
2344753,19:32:00,19:32:10,stop_point:SP_728,Lebas,2
2344753,19:33:00,19:33:10,stop_point:SP_1575,Charbonnière,3
2344753,19:34:00,19:34:10,stop_point:SP_3000,Herriot,4
2344753,19:35:00,19:35:10,stop_point:SP_2945,Palmiers,5
2344753,19:36:00,19:36:10,stop_point:SP_1654,Bon Voisin,6
2344753,19:37:00,19:37:10,stop_point:SP_1225,Coteaux,7
2344753,19:38:00,19:38:10,stop_point:SP_2734,Ponsan Bellevue,8
2344753,19:39:00,19:39:10,stop_point:SP_4746,Faculté de Médecine,9
2344753,19:40:00,19:40:10,stop_point:SP_1961,Ducuing Ponsan,10
2344753,19:41:00,19:41:10,stop_point:SP_2266,Ducuing,11
2344753,19:42:00,19:42:10,stop_point:SP_3266,Université Paul Sabatier,12
2344753,19:43:00,19:43:10,stop_point:SP_1424,Ducuing,13
2344753,19:44:00,19:44:10,stop_point:SP_290,Ducuing Ponsan,14
2344753,19:47:00,19:47:10,stop_point:SP_1088,Bourdette,15
2344753,19:48:00,19:48:10,stop_point:SP_3843,Hôpital Larrey,16
2344753,19:49:00,19:49:10,stop_point:SP_3448,Larrey,17
2344753,19:50:00,19:50:10,stop_point:SP_2619,Narrade,18
2344753,19:50:00,19:50:10,stop_point:SP_745,Pastel,19
2344753,19:51:00,19:51:10,stop_point:SP_1438,Eglise Pouvourville,20
2344753,19:52:00,19:52:10,stop_point:SP_1568,Pouvourville,21
2344753,19:53:00,19:53:10,stop_point:SP_1857,Estérel,22
2344753,19:53:00,19:53:10,stop_point:SP_2254,Aéropostale,23
2344753,19:54:00,19:54:10,stop_point:SP_955,Salas,24
2344753,19:54:00,19:54:10,stop_point:SP_132,Ecole Gleyze-Vieille,25
2344753,19:55:00,19:55:10,stop_point:SP_2030,Gleyze-Vieille,26
2344754,20:09:00,20:09:10,stop_point:SP_1336,Empalot,1
2344754,20:10:00,20:10:10,stop_point:SP_728,Lebas,2
2344754,20:11:00,20:11:10,stop_point:SP_1575,Charbonnière,3
2344754,20:12:00,20:12:10,stop_point:SP_3000,Herriot,4
2344754,20:13:00,20:13:10,stop_point:SP_2945,Palmiers,5
2344754,20:14:00,20:14:10,stop_point:SP_1654,Bon Voisin,6
2344754,20:15:00,20:15:10,stop_point:SP_1225,Coteaux,7
2344754,20:16:00,20:16:10,stop_point:SP_2734,Ponsan Bellevue,8
2344754,20:17:00,20:17:10,stop_point:SP_4746,Faculté de Médecine,9
2344754,20:18:00,20:18:10,stop_point:SP_1961,Ducuing Ponsan,10
2344754,20:19:00,20:19:10,stop_point:SP_2266,Ducuing,11
2344754,20:20:00,20:20:10,stop_point:SP_3266,Université Paul Sabatier,12
2344754,20:21:00,20:21:10,stop_point:SP_1424,Ducuing,13
2344754,20:22:00,20:22:10,stop_point:SP_290,Ducuing Ponsan,14
2344754,20:25:00,20:25:10,stop_point:SP_1088,Bourdette,15
2344754,20:26:00,20:26:10,stop_point:SP_3843,Hôpital Larrey,16
2344754,20:27:00,20:27:10,stop_point:SP_3448,Larrey,17
2344754,20:28:00,20:28:10,stop_point:SP_2619,Narrade,18
2344754,20:28:00,20:28:10,stop_point:SP_745,Pastel,19
2344754,20:29:00,20:29:10,stop_point:SP_1438,Eglise Pouvourville,20
2344754,20:30:00,20:30:10,stop_point:SP_1568,Pouvourville,21
2344754,20:31:00,20:31:10,stop_point:SP_1857,Estérel,22
2344754,20:31:00,20:31:10,stop_point:SP_2254,Aéropostale,23
2344754,20:32:00,20:32:10,stop_point:SP_955,Salas,24
2344754,20:32:00,20:32:10,stop_point:SP_132,Ecole Gleyze-Vieille,25
2344754,20:33:00,20:33:10,stop_point:SP_2030,Gleyze-Vieille,26
2344755,20:50:00,20:50:10,stop_point:SP_1336,Empalot,1
2344755,20:51:00,20:51:10,stop_point:SP_728,Lebas,2
2344755,20:52:00,20:52:10,stop_point:SP_1575,Charbonnière,3
2344755,20:53:00,20:53:10,stop_point:SP_3000,Herriot,4
2344755,20:54:00,20:54:10,stop_point:SP_2945,Palmiers,5
2344755,20:55:00,20:55:10,stop_point:SP_1654,Bon Voisin,6
2344755,20:56:00,20:56:10,stop_point:SP_1225,Coteaux,7
2344755,20:57:00,20:57:10,stop_point:SP_2734,Ponsan Bellevue,8
2344755,20:58:00,20:58:10,stop_point:SP_4746,Faculté de Médecine,9
2344755,20:59:00,20:59:10,stop_point:SP_1961,Ducuing Ponsan,10
2344755,21:00:00,21:00:10,stop_point:SP_2266,Ducuing,11
2344755,21:01:00,21:01:10,stop_point:SP_3266,Université Paul Sabatier,12
2344755,21:02:00,21:02:10,stop_point:SP_1424,Ducuing,13
2344755,21:03:00,21:03:10,stop_point:SP_290,Ducuing Ponsan,14
2344755,21:05:00,21:05:10,stop_point:SP_1088,Bourdette,15
2344755,21:06:00,21:06:10,stop_point:SP_3843,Hôpital Larrey,16
2344755,21:07:00,21:07:10,stop_point:SP_3448,Larrey,17
2344755,21:08:00,21:08:10,stop_point:SP_2619,Narrade,18
2344755,21:08:00,21:08:10,stop_point:SP_745,Pastel,19
2344755,21:09:00,21:09:10,stop_point:SP_1438,Eglise Pouvourville,20
2344755,21:10:00,21:10:10,stop_point:SP_1568,Pouvourville,21
2344755,21:11:00,21:11:10,stop_point:SP_1857,Estérel,22
2344755,21:11:00,21:11:10,stop_point:SP_2254,Aéropostale,23
2344755,21:12:00,21:12:10,stop_point:SP_955,Salas,24
2344755,21:12:00,21:12:10,stop_point:SP_132,Ecole Gleyze-Vieille,25
2344755,21:13:00,21:13:10,stop_point:SP_2030,Gleyze-Vieille,26
2344756,07:40:00,07:40:10,stop_point:SP_2030,Gleyze-Vieille,1
2344756,07:41:00,07:41:10,stop_point:SP_2668,Ecole Gleyze-Vieille,2
2344756,07:41:00,07:41:10,stop_point:SP_1235,Salas,3
2344756,07:42:00,07:42:10,stop_point:SP_1459,Aéropostale,4
2344756,07:42:00,07:42:10,stop_point:SP_3888,Estérel,5
2344756,07:43:00,07:43:10,stop_point:SP_3638,Pouvourville,6
2344756,07:44:00,07:44:10,stop_point:SP_1218,Eglise Pouvourville,7
2344756,07:45:00,07:45:10,stop_point:SP_3410,Pastel,8
2344756,07:46:00,07:46:10,stop_point:SP_1203,Narrade,9
2344756,07:48:00,07:48:10,stop_point:SP_3843,Hôpital Larrey,10
2344756,07:49:00,07:49:10,stop_point:SP_1445,Larrey,11
2344756,07:49:00,07:49:10,stop_point:SP_3081,Bourdette,12
2344756,07:51:00,07:51:10,stop_point:SP_1961,Ducuing Ponsan,13
2344756,07:51:00,07:51:10,stop_point:SP_2266,Ducuing,14
2344756,07:52:00,07:52:10,stop_point:SP_3266,Université Paul Sabatier,15
2344756,07:53:00,07:53:10,stop_point:SP_1424,Ducuing,16
2344756,07:53:00,07:53:10,stop_point:SP_290,Ducuing Ponsan,17
2344756,07:54:00,07:54:10,stop_point:SP_4747,Faculté de Médecine,18
2344756,07:54:00,07:54:10,stop_point:SP_1913,Ponsan Bellevue,19
2344756,07:55:00,07:55:10,stop_point:SP_1021,Coteaux,20
2344756,07:56:00,07:56:10,stop_point:SP_709,Bon Voisin,21
2344756,07:57:00,07:57:10,stop_point:SP_2731,Palmiers,22
2344756,07:58:00,07:58:10,stop_point:SP_3327,Herriot,23
2344756,07:59:00,07:59:10,stop_point:SP_1529,Charbonnière,24
2344756,08:00:00,08:00:10,stop_point:SP_1321,Lebas,25
2344756,08:01:00,08:01:10,stop_point:SP_1336,Empalot,26
2344757,08:48:00,08:48:10,stop_point:SP_2030,Gleyze-Vieille,1
2344757,08:49:00,08:49:10,stop_point:SP_2668,Ecole Gleyze-Vieille,2
2344757,08:49:00,08:49:10,stop_point:SP_1235,Salas,3
2344757,08:50:00,08:50:10,stop_point:SP_1459,Aéropostale,4
2344757,08:50:00,08:50:10,stop_point:SP_3888,Estérel,5
2344757,08:51:00,08:51:10,stop_point:SP_3638,Pouvourville,6
2344757,08:52:00,08:52:10,stop_point:SP_1218,Eglise Pouvourville,7
2344757,08:53:00,08:53:10,stop_point:SP_3410,Pastel,8
2344757,08:54:00,08:54:10,stop_point:SP_1203,Narrade,9
2344757,08:56:00,08:56:10,stop_point:SP_3843,Hôpital Larrey,10
2344757,08:57:00,08:57:10,stop_point:SP_1445,Larrey,11
2344757,08:57:00,08:57:10,stop_point:SP_3081,Bourdette,12
2344757,08:59:00,08:59:10,stop_point:SP_1961,Ducuing Ponsan,13
2344757,08:59:00,08:59:10,stop_point:SP_2266,Ducuing,14
2344757,09:00:00,09:00:10,stop_point:SP_3266,Université Paul Sabatier,15
2344757,09:01:00,09:01:10,stop_point:SP_1424,Ducuing,16
2344757,09:02:00,09:02:10,stop_point:SP_290,Ducuing Ponsan,17
2344757,09:02:00,09:02:10,stop_point:SP_4747,Faculté de Médecine,18
2344757,09:03:00,09:03:10,stop_point:SP_1913,Ponsan Bellevue,19
2344757,09:04:00,09:04:10,stop_point:SP_1021,Coteaux,20
2344757,09:05:00,09:05:10,stop_point:SP_709,Bon Voisin,21
2344757,09:06:00,09:06:10,stop_point:SP_2731,Palmiers,22
2344757,09:07:00,09:07:10,stop_point:SP_3327,Herriot,23
2344757,09:08:00,09:08:10,stop_point:SP_1529,Charbonnière,24
2344757,09:09:00,09:09:10,stop_point:SP_1321,Lebas,25
2344757,09:10:00,09:10:10,stop_point:SP_1336,Empalot,26
2344758,09:56:00,09:56:10,stop_point:SP_2030,Gleyze-Vieille,1
2344758,09:57:00,09:57:10,stop_point:SP_2668,Ecole Gleyze-Vieille,2
2344758,09:57:00,09:57:10,stop_point:SP_1235,Salas,3
2344758,09:58:00,09:58:10,stop_point:SP_1459,Aéropostale,4
2344758,09:58:00,09:58:10,stop_point:SP_3888,Estérel,5
2344758,09:59:00,09:59:10,stop_point:SP_3638,Pouvourville,6
2344758,10:00:00,10:00:10,stop_point:SP_1218,Eglise Pouvourville,7
2344758,10:01:00,10:01:10,stop_point:SP_3410,Pastel,8
2344758,10:02:00,10:02:10,stop_point:SP_1203,Narrade,9
2344758,10:04:00,10:04:10,stop_point:SP_3843,Hôpital Larrey,10
2344758,10:05:00,10:05:10,stop_point:SP_1445,Larrey,11
2344758,10:05:00,10:05:10,stop_point:SP_3081,Bourdette,12
2344758,10:07:00,10:07:10,stop_point:SP_1961,Ducuing Ponsan,13
2344758,10:07:00,10:07:10,stop_point:SP_2266,Ducuing,14
2344758,10:08:00,10:08:10,stop_point:SP_3266,Université Paul Sabatier,15
2344758,10:09:00,10:09:10,stop_point:SP_1424,Ducuing,16
2344758,10:10:00,10:10:10,stop_point:SP_290,Ducuing Ponsan,17
2344758,10:10:00,10:10:10,stop_point:SP_4747,Faculté de Médecine,18
2344758,10:11:00,10:11:10,stop_point:SP_1913,Ponsan Bellevue,19
2344758,10:12:00,10:12:10,stop_point:SP_1021,Coteaux,20
2344758,10:13:00,10:13:10,stop_point:SP_709,Bon Voisin,21
2344758,10:15:00,10:15:10,stop_point:SP_2731,Palmiers,22
2344758,10:15:00,10:15:10,stop_point:SP_3327,Herriot,23
2344758,10:17:00,10:17:10,stop_point:SP_1529,Charbonnière,24
2344758,10:18:00,10:18:10,stop_point:SP_1321,Lebas,25
2344758,10:19:00,10:19:10,stop_point:SP_1336,Empalot,26
2344759,11:06:00,11:06:10,stop_point:SP_2030,Gleyze-Vieille,1
2344759,11:07:00,11:07:10,stop_point:SP_2668,Ecole Gleyze-Vieille,2
2344759,11:08:00,11:08:10,stop_point:SP_1235,Salas,3
2344759,11:08:00,11:08:10,stop_point:SP_1459,Aéropostale,4
2344759,11:09:00,11:09:10,stop_point:SP_3888,Estérel,5
2344759,11:10:00,11:10:10,stop_point:SP_3638,Pouvourville,6
2344759,11:11:00,11:11:10,stop_point:SP_1218,Eglise Pouvourville,7
2344759,11:12:00,11:12:10,stop_point:SP_3410,Pastel,8
2344759,11:13:00,11:13:10,stop_point:SP_1203,Narrade,9
2344759,11:15:00,11:15:10,stop_point:SP_3843,Hôpital Larrey,10
2344759,11:16:00,11:16:10,stop_point:SP_1445,Larrey,11
2344759,11:16:00,11:16:10,stop_point:SP_3081,Bourdette,12
2344759,11:18:00,11:18:10,stop_point:SP_1961,Ducuing Ponsan,13
2344759,11:18:00,11:18:10,stop_point:SP_2266,Ducuing,14
2344759,11:19:00,11:19:10,stop_point:SP_3266,Université Paul Sabatier,15
2344759,11:20:00,11:20:10,stop_point:SP_1424,Ducuing,16
2344759,11:21:00,11:21:10,stop_point:SP_290,Ducuing Ponsan,17
2344759,11:21:00,11:21:10,stop_point:SP_4747,Faculté de Médecine,18
2344759,11:22:00,11:22:10,stop_point:SP_1913,Ponsan Bellevue,19
2344759,11:23:00,11:23:10,stop_point:SP_1021,Coteaux,20
2344759,11:24:00,11:24:10,stop_point:SP_709,Bon Voisin,21
2344759,11:26:00,11:26:10,stop_point:SP_2731,Palmiers,22
2344759,11:26:00,11:26:10,stop_point:SP_3327,Herriot,23
2344759,11:28:00,11:28:10,stop_point:SP_1529,Charbonnière,24
2344759,11:29:00,11:29:10,stop_point:SP_1321,Lebas,25
2344759,11:30:00,11:30:10,stop_point:SP_1336,Empalot,26
2344760,12:16:00,12:16:10,stop_point:SP_2030,Gleyze-Vieille,1
2344760,12:17:00,12:17:10,stop_point:SP_2668,Ecole Gleyze-Vieille,2
2344760,12:18:00,12:18:10,stop_point:SP_1235,Salas,3
2344760,12:18:00,12:18:10,stop_point:SP_1459,Aéropostale,4
2344760,12:19:00,12:19:10,stop_point:SP_3888,Estérel,5
2344760,12:20:00,12:20:10,stop_point:SP_3638,Pouvourville,6
2344760,12:21:00,12:21:10,stop_point:SP_1218,Eglise Pouvourville,7
2344760,12:22:00,12:22:10,stop_point:SP_3410,Pastel,8
2344760,12:23:00,12:23:10,stop_point:SP_1203,Narrade,9
2344760,12:25:00,12:25:10,stop_point:SP_3843,Hôpital Larrey,10
2344760,12:26:00,12:26:10,stop_point:SP_1445,Larrey,11
2344760,12:26:00,12:26:10,stop_point:SP_3081,Bourdette,12
2344760,12:28:00,12:28:10,stop_point:SP_1961,Ducuing Ponsan,13
2344760,12:28:00,12:28:10,stop_point:SP_2266,Ducuing,14
2344760,12:29:00,12:29:10,stop_point:SP_3266,Université Paul Sabatier,15
2344760,12:30:00,12:30:10,stop_point:SP_1424,Ducuing,16
2344760,12:31:00,12:31:10,stop_point:SP_290,Ducuing Ponsan,17
2344760,12:31:00,12:31:10,stop_point:SP_4747,Faculté de Médecine,18
2344760,12:32:00,12:32:10,stop_point:SP_1913,Ponsan Bellevue,19
2344760,12:33:00,12:33:10,stop_point:SP_1021,Coteaux,20
2344760,12:34:00,12:34:10,stop_point:SP_709,Bon Voisin,21
2344760,12:36:00,12:36:10,stop_point:SP_2731,Palmiers,22
2344760,12:36:00,12:36:10,stop_point:SP_3327,Herriot,23
2344760,12:38:00,12:38:10,stop_point:SP_1529,Charbonnière,24
2344760,12:39:00,12:39:10,stop_point:SP_1321,Lebas,25
2344760,12:40:00,12:40:10,stop_point:SP_1336,Empalot,26
2344761,13:26:00,13:26:10,stop_point:SP_2030,Gleyze-Vieille,1
2344761,13:27:00,13:27:10,stop_point:SP_2668,Ecole Gleyze-Vieille,2
2344761,13:27:00,13:27:10,stop_point:SP_1235,Salas,3
2344761,13:28:00,13:28:10,stop_point:SP_1459,Aéropostale,4
2344761,13:28:00,13:28:10,stop_point:SP_3888,Estérel,5
2344761,13:29:00,13:29:10,stop_point:SP_3638,Pouvourville,6
2344761,13:30:00,13:30:10,stop_point:SP_1218,Eglise Pouvourville,7
2344761,13:31:00,13:31:10,stop_point:SP_3410,Pastel,8
2344761,13:32:00,13:32:10,stop_point:SP_1203,Narrade,9
2344761,13:34:00,13:34:10,stop_point:SP_3843,Hôpital Larrey,10
2344761,13:35:00,13:35:10,stop_point:SP_1445,Larrey,11
2344761,13:35:00,13:35:10,stop_point:SP_3081,Bourdette,12
2344761,13:37:00,13:37:10,stop_point:SP_1961,Ducuing Ponsan,13
2344761,13:37:00,13:37:10,stop_point:SP_2266,Ducuing,14
2344761,13:38:00,13:38:10,stop_point:SP_3266,Université Paul Sabatier,15
2344761,13:39:00,13:39:10,stop_point:SP_1424,Ducuing,16
2344761,13:40:00,13:40:10,stop_point:SP_290,Ducuing Ponsan,17
2344761,13:40:00,13:40:10,stop_point:SP_4747,Faculté de Médecine,18
2344761,13:41:00,13:41:10,stop_point:SP_1913,Ponsan Bellevue,19
2344761,13:42:00,13:42:10,stop_point:SP_1021,Coteaux,20
2344761,13:43:00,13:43:10,stop_point:SP_709,Bon Voisin,21
2344761,13:45:00,13:45:10,stop_point:SP_2731,Palmiers,22
2344761,13:45:00,13:45:10,stop_point:SP_3327,Herriot,23
2344761,13:47:00,13:47:10,stop_point:SP_1529,Charbonnière,24
2344761,13:48:00,13:48:10,stop_point:SP_1321,Lebas,25
2344761,13:49:00,13:49:10,stop_point:SP_1336,Empalot,26
2344762,14:37:00,14:37:10,stop_point:SP_2030,Gleyze-Vieille,1
2344762,14:38:00,14:38:10,stop_point:SP_2668,Ecole Gleyze-Vieille,2
2344762,14:38:00,14:38:10,stop_point:SP_1235,Salas,3
2344762,14:39:00,14:39:10,stop_point:SP_1459,Aéropostale,4
2344762,14:39:00,14:39:10,stop_point:SP_3888,Estérel,5
2344762,14:40:00,14:40:10,stop_point:SP_3638,Pouvourville,6
2344762,14:41:00,14:41:10,stop_point:SP_1218,Eglise Pouvourville,7
2344762,14:42:00,14:42:10,stop_point:SP_3410,Pastel,8
2344762,14:43:00,14:43:10,stop_point:SP_1203,Narrade,9
2344762,14:45:00,14:45:10,stop_point:SP_3843,Hôpital Larrey,10
2344762,14:46:00,14:46:10,stop_point:SP_1445,Larrey,11
2344762,14:46:00,14:46:10,stop_point:SP_3081,Bourdette,12
2344762,14:48:00,14:48:10,stop_point:SP_1961,Ducuing Ponsan,13
2344762,14:48:00,14:48:10,stop_point:SP_2266,Ducuing,14
2344762,14:49:00,14:49:10,stop_point:SP_3266,Université Paul Sabatier,15
2344762,14:50:00,14:50:10,stop_point:SP_1424,Ducuing,16
2344762,14:51:00,14:51:10,stop_point:SP_290,Ducuing Ponsan,17
2344762,14:51:00,14:51:10,stop_point:SP_4747,Faculté de Médecine,18
2344762,14:52:00,14:52:10,stop_point:SP_1913,Ponsan Bellevue,19
2344762,14:53:00,14:53:10,stop_point:SP_1021,Coteaux,20
2344762,14:54:00,14:54:10,stop_point:SP_709,Bon Voisin,21
2344762,14:56:00,14:56:10,stop_point:SP_2731,Palmiers,22
2344762,14:56:00,14:56:10,stop_point:SP_3327,Herriot,23
2344762,14:58:00,14:58:10,stop_point:SP_1529,Charbonnière,24
2344762,14:59:00,14:59:10,stop_point:SP_1321,Lebas,25
2344762,15:00:00,15:00:10,stop_point:SP_1336,Empalot,26
2344763,15:10:00,15:10:10,stop_point:SP_2030,Gleyze-Vieille,1
2344763,15:11:00,15:11:10,stop_point:SP_2668,Ecole Gleyze-Vieille,2
2344763,15:11:00,15:11:10,stop_point:SP_1235,Salas,3
2344763,15:12:00,15:12:10,stop_point:SP_1459,Aéropostale,4
2344763,15:12:00,15:12:10,stop_point:SP_3888,Estérel,5
2344763,15:13:00,15:13:10,stop_point:SP_3638,Pouvourville,6
2344763,15:14:00,15:14:10,stop_point:SP_1218,Eglise Pouvourville,7
2344763,15:15:00,15:15:10,stop_point:SP_3410,Pastel,8
2344763,15:16:00,15:16:10,stop_point:SP_1203,Narrade,9
2344763,15:18:00,15:18:10,stop_point:SP_3843,Hôpital Larrey,10
2344763,15:19:00,15:19:10,stop_point:SP_1445,Larrey,11
2344763,15:19:00,15:19:10,stop_point:SP_3081,Bourdette,12
2344763,15:21:00,15:21:10,stop_point:SP_1961,Ducuing Ponsan,13
2344763,15:21:00,15:21:10,stop_point:SP_2266,Ducuing,14
2344763,15:22:00,15:22:10,stop_point:SP_3266,Université Paul Sabatier,15
2344763,15:23:00,15:23:10,stop_point:SP_1424,Ducuing,16
2344763,15:24:00,15:24:10,stop_point:SP_290,Ducuing Ponsan,17
2344763,15:24:00,15:24:10,stop_point:SP_4747,Faculté de Médecine,18
2344763,15:25:00,15:25:10,stop_point:SP_1913,Ponsan Bellevue,19
2344763,15:26:00,15:26:10,stop_point:SP_1021,Coteaux,20
2344763,15:27:00,15:27:10,stop_point:SP_709,Bon Voisin,21
2344763,15:28:00,15:28:10,stop_point:SP_2731,Palmiers,22
2344763,15:29:00,15:29:10,stop_point:SP_3327,Herriot,23
2344763,15:30:00,15:30:10,stop_point:SP_1529,Charbonnière,24
2344763,15:31:00,15:31:10,stop_point:SP_1321,Lebas,25
2344763,15:32:00,15:32:10,stop_point:SP_1336,Empalot,26
2344764,15:46:00,15:46:10,stop_point:SP_2030,Gleyze-Vieille,1
2344764,15:47:00,15:47:10,stop_point:SP_2668,Ecole Gleyze-Vieille,2
2344764,15:47:00,15:47:10,stop_point:SP_1235,Salas,3
2344764,15:48:00,15:48:10,stop_point:SP_1459,Aéropostale,4
2344764,15:48:00,15:48:10,stop_point:SP_3888,Estérel,5
2344764,15:49:00,15:49:10,stop_point:SP_3638,Pouvourville,6
2344764,15:50:00,15:50:10,stop_point:SP_1218,Eglise Pouvourville,7
2344764,15:51:00,15:51:10,stop_point:SP_3410,Pastel,8
2344764,15:52:00,15:52:10,stop_point:SP_1203,Narrade,9
2344764,15:54:00,15:54:10,stop_point:SP_3843,Hôpital Larrey,10
2344764,15:55:00,15:55:10,stop_point:SP_1445,Larrey,11
2344764,15:55:00,15:55:10,stop_point:SP_3081,Bourdette,12
2344764,15:57:00,15:57:10,stop_point:SP_1961,Ducuing Ponsan,13
2344764,15:57:00,15:57:10,stop_point:SP_2266,Ducuing,14
2344764,15:58:00,15:58:10,stop_point:SP_3266,Université Paul Sabatier,15
2344764,15:59:00,15:59:10,stop_point:SP_1424,Ducuing,16
2344764,16:00:00,16:00:10,stop_point:SP_290,Ducuing Ponsan,17
2344764,16:00:00,16:00:10,stop_point:SP_4747,Faculté de Médecine,18
2344764,16:01:00,16:01:10,stop_point:SP_1913,Ponsan Bellevue,19
2344764,16:02:00,16:02:10,stop_point:SP_1021,Coteaux,20
2344764,16:03:00,16:03:10,stop_point:SP_709,Bon Voisin,21
2344764,16:04:00,16:04:10,stop_point:SP_2731,Palmiers,22
2344764,16:05:00,16:05:10,stop_point:SP_3327,Herriot,23
2344764,16:06:00,16:06:10,stop_point:SP_1529,Charbonnière,24
2344764,16:07:00,16:07:10,stop_point:SP_1321,Lebas,25
2344764,16:08:00,16:08:10,stop_point:SP_1336,Empalot,26
2344765,16:22:00,16:22:10,stop_point:SP_2030,Gleyze-Vieille,1
2344765,16:23:00,16:23:10,stop_point:SP_2668,Ecole Gleyze-Vieille,2
2344765,16:23:00,16:23:10,stop_point:SP_1235,Salas,3
2344765,16:24:00,16:24:10,stop_point:SP_1459,Aéropostale,4
2344765,16:24:00,16:24:10,stop_point:SP_3888,Estérel,5
2344765,16:25:00,16:25:10,stop_point:SP_3638,Pouvourville,6
2344765,16:26:00,16:26:10,stop_point:SP_1218,Eglise Pouvourville,7
2344765,16:27:00,16:27:10,stop_point:SP_3410,Pastel,8
2344765,16:28:00,16:28:10,stop_point:SP_1203,Narrade,9
2344765,16:30:00,16:30:10,stop_point:SP_3843,Hôpital Larrey,10
2344765,16:31:00,16:31:10,stop_point:SP_1445,Larrey,11
2344765,16:31:00,16:31:10,stop_point:SP_3081,Bourdette,12
2344765,16:33:00,16:33:10,stop_point:SP_1961,Ducuing Ponsan,13
2344765,16:33:00,16:33:10,stop_point:SP_2266,Ducuing,14
2344765,16:34:00,16:34:10,stop_point:SP_3266,Université Paul Sabatier,15
2344765,16:35:00,16:35:10,stop_point:SP_1424,Ducuing,16
2344765,16:36:00,16:36:10,stop_point:SP_290,Ducuing Ponsan,17
2344765,16:36:00,16:36:10,stop_point:SP_4747,Faculté de Médecine,18
2344765,16:37:00,16:37:10,stop_point:SP_1913,Ponsan Bellevue,19
2344765,16:38:00,16:38:10,stop_point:SP_1021,Coteaux,20
2344765,16:39:00,16:39:10,stop_point:SP_709,Bon Voisin,21
2344765,16:40:00,16:40:10,stop_point:SP_2731,Palmiers,22
2344765,16:41:00,16:41:10,stop_point:SP_3327,Herriot,23
2344765,16:42:00,16:42:10,stop_point:SP_1529,Charbonnière,24
2344765,16:43:00,16:43:10,stop_point:SP_1321,Lebas,25
2344765,16:44:00,16:44:10,stop_point:SP_1336,Empalot,26
2344766,16:58:00,16:58:10,stop_point:SP_2030,Gleyze-Vieille,1
2344766,16:59:00,16:59:10,stop_point:SP_2668,Ecole Gleyze-Vieille,2
2344766,16:59:00,16:59:10,stop_point:SP_1235,Salas,3
2344766,17:00:00,17:00:10,stop_point:SP_1459,Aéropostale,4
2344766,17:00:00,17:00:10,stop_point:SP_3888,Estérel,5
2344766,17:01:00,17:01:10,stop_point:SP_3638,Pouvourville,6
2344766,17:02:00,17:02:10,stop_point:SP_1218,Eglise Pouvourville,7
2344766,17:03:00,17:03:10,stop_point:SP_3410,Pastel,8
2344766,17:04:00,17:04:10,stop_point:SP_1203,Narrade,9
2344766,17:06:00,17:06:10,stop_point:SP_3843,Hôpital Larrey,10
2344766,17:07:00,17:07:10,stop_point:SP_1445,Larrey,11
2344766,17:07:00,17:07:10,stop_point:SP_3081,Bourdette,12
2344766,17:09:00,17:09:10,stop_point:SP_1961,Ducuing Ponsan,13
2344766,17:09:00,17:09:10,stop_point:SP_2266,Ducuing,14
2344766,17:10:00,17:10:10,stop_point:SP_3266,Université Paul Sabatier,15
2344766,17:11:00,17:11:10,stop_point:SP_1424,Ducuing,16
2344766,17:12:00,17:12:10,stop_point:SP_290,Ducuing Ponsan,17
2344766,17:12:00,17:12:10,stop_point:SP_4747,Faculté de Médecine,18
2344766,17:13:00,17:13:10,stop_point:SP_1913,Ponsan Bellevue,19
2344766,17:14:00,17:14:10,stop_point:SP_1021,Coteaux,20
2344766,17:15:00,17:15:10,stop_point:SP_709,Bon Voisin,21
2344766,17:16:00,17:16:10,stop_point:SP_2731,Palmiers,22
2344766,17:17:00,17:17:10,stop_point:SP_3327,Herriot,23
2344766,17:18:00,17:18:10,stop_point:SP_1529,Charbonnière,24
2344766,17:19:00,17:19:10,stop_point:SP_1321,Lebas,25
2344766,17:20:00,17:20:10,stop_point:SP_1336,Empalot,26
2344767,17:34:00,17:34:10,stop_point:SP_2030,Gleyze-Vieille,1
2344767,17:35:00,17:35:10,stop_point:SP_2668,Ecole Gleyze-Vieille,2
2344767,17:35:00,17:35:10,stop_point:SP_1235,Salas,3
2344767,17:36:00,17:36:10,stop_point:SP_1459,Aéropostale,4
2344767,17:36:00,17:36:10,stop_point:SP_3888,Estérel,5
2344767,17:37:00,17:37:10,stop_point:SP_3638,Pouvourville,6
2344767,17:38:00,17:38:10,stop_point:SP_1218,Eglise Pouvourville,7
2344767,17:39:00,17:39:10,stop_point:SP_3410,Pastel,8
2344767,17:40:00,17:40:10,stop_point:SP_1203,Narrade,9
2344767,17:42:00,17:42:10,stop_point:SP_3843,Hôpital Larrey,10
2344767,17:43:00,17:43:10,stop_point:SP_1445,Larrey,11
2344767,17:43:00,17:43:10,stop_point:SP_3081,Bourdette,12
2344767,17:45:00,17:45:10,stop_point:SP_1961,Ducuing Ponsan,13
2344767,17:45:00,17:45:10,stop_point:SP_2266,Ducuing,14
2344767,17:46:00,17:46:10,stop_point:SP_3266,Université Paul Sabatier,15
2344767,17:47:00,17:47:10,stop_point:SP_1424,Ducuing,16
2344767,17:48:00,17:48:10,stop_point:SP_290,Ducuing Ponsan,17
2344767,17:49:00,17:49:10,stop_point:SP_4747,Faculté de Médecine,18
2344767,17:50:00,17:50:10,stop_point:SP_1913,Ponsan Bellevue,19
2344767,17:51:00,17:51:10,stop_point:SP_1021,Coteaux,20
2344767,17:52:00,17:52:10,stop_point:SP_709,Bon Voisin,21
2344767,17:53:00,17:53:10,stop_point:SP_2731,Palmiers,22
2344767,17:54:00,17:54:10,stop_point:SP_3327,Herriot,23
2344767,17:55:00,17:55:10,stop_point:SP_1529,Charbonnière,24
2344767,17:56:00,17:56:10,stop_point:SP_1321,Lebas,25
2344767,17:57:00,17:57:10,stop_point:SP_1336,Empalot,26
2344768,18:11:00,18:11:10,stop_point:SP_2030,Gleyze-Vieille,1
2344768,18:12:00,18:12:10,stop_point:SP_2668,Ecole Gleyze-Vieille,2
2344768,18:12:00,18:12:10,stop_point:SP_1235,Salas,3
2344768,18:13:00,18:13:10,stop_point:SP_1459,Aéropostale,4
2344768,18:13:00,18:13:10,stop_point:SP_3888,Estérel,5
2344768,18:14:00,18:14:10,stop_point:SP_3638,Pouvourville,6
2344768,18:15:00,18:15:10,stop_point:SP_1218,Eglise Pouvourville,7
2344768,18:16:00,18:16:10,stop_point:SP_3410,Pastel,8
2344768,18:18:00,18:18:10,stop_point:SP_1203,Narrade,9
2344768,18:20:00,18:20:10,stop_point:SP_3843,Hôpital Larrey,10
2344768,18:21:00,18:21:10,stop_point:SP_1445,Larrey,11
2344768,18:21:00,18:21:10,stop_point:SP_3081,Bourdette,12
2344768,18:23:00,18:23:10,stop_point:SP_1961,Ducuing Ponsan,13
2344768,18:23:00,18:23:10,stop_point:SP_2266,Ducuing,14
2344768,18:24:00,18:24:10,stop_point:SP_3266,Université Paul Sabatier,15
2344768,18:25:00,18:25:10,stop_point:SP_1424,Ducuing,16
2344768,18:26:00,18:26:10,stop_point:SP_290,Ducuing Ponsan,17
2344768,18:27:00,18:27:10,stop_point:SP_4747,Faculté de Médecine,18
2344768,18:28:00,18:28:10,stop_point:SP_1913,Ponsan Bellevue,19
2344768,18:29:00,18:29:10,stop_point:SP_1021,Coteaux,20
2344768,18:30:00,18:30:10,stop_point:SP_709,Bon Voisin,21
2344768,18:32:00,18:32:10,stop_point:SP_2731,Palmiers,22
2344768,18:32:00,18:32:10,stop_point:SP_3327,Herriot,23
2344768,18:34:00,18:34:10,stop_point:SP_1529,Charbonnière,24
2344768,18:35:00,18:35:10,stop_point:SP_1321,Lebas,25
2344768,18:36:00,18:36:10,stop_point:SP_1336,Empalot,26
2344769,18:49:00,18:49:10,stop_point:SP_2030,Gleyze-Vieille,1
2344769,18:50:00,18:50:10,stop_point:SP_2668,Ecole Gleyze-Vieille,2
2344769,18:50:00,18:50:10,stop_point:SP_1235,Salas,3
2344769,18:51:00,18:51:10,stop_point:SP_1459,Aéropostale,4
2344769,18:51:00,18:51:10,stop_point:SP_3888,Estérel,5
2344769,18:52:00,18:52:10,stop_point:SP_3638,Pouvourville,6
2344769,18:53:00,18:53:10,stop_point:SP_1218,Eglise Pouvourville,7
2344769,18:54:00,18:54:10,stop_point:SP_3410,Pastel,8
2344769,18:56:00,18:56:10,stop_point:SP_1203,Narrade,9
2344769,18:58:00,18:58:10,stop_point:SP_3843,Hôpital Larrey,10
2344769,18:59:00,18:59:10,stop_point:SP_1445,Larrey,11
2344769,18:59:00,18:59:10,stop_point:SP_3081,Bourdette,12
2344769,19:01:00,19:01:10,stop_point:SP_1961,Ducuing Ponsan,13
2344769,19:01:00,19:01:10,stop_point:SP_2266,Ducuing,14
2344769,19:02:00,19:02:10,stop_point:SP_3266,Université Paul Sabatier,15
2344769,19:03:00,19:03:10,stop_point:SP_1424,Ducuing,16
2344769,19:04:00,19:04:10,stop_point:SP_290,Ducuing Ponsan,17
2344769,19:04:00,19:04:10,stop_point:SP_4747,Faculté de Médecine,18
2344769,19:05:00,19:05:10,stop_point:SP_1913,Ponsan Bellevue,19
2344769,19:06:00,19:06:10,stop_point:SP_1021,Coteaux,20
2344769,19:07:00,19:07:10,stop_point:SP_709,Bon Voisin,21
2344769,19:09:00,19:09:10,stop_point:SP_2731,Palmiers,22
2344769,19:09:00,19:09:10,stop_point:SP_3327,Herriot,23
2344769,19:11:00,19:11:10,stop_point:SP_1529,Charbonnière,24
2344769,19:12:00,19:12:10,stop_point:SP_1321,Lebas,25
2344769,19:13:00,19:13:10,stop_point:SP_1336,Empalot,26
2344770,19:26:00,19:26:10,stop_point:SP_2030,Gleyze-Vieille,1
2344770,19:27:00,19:27:10,stop_point:SP_2668,Ecole Gleyze-Vieille,2
2344770,19:27:00,19:27:10,stop_point:SP_1235,Salas,3
2344770,19:28:00,19:28:10,stop_point:SP_1459,Aéropostale,4
2344770,19:28:00,19:28:10,stop_point:SP_3888,Estérel,5
2344770,19:29:00,19:29:10,stop_point:SP_3638,Pouvourville,6
2344770,19:30:00,19:30:10,stop_point:SP_1218,Eglise Pouvourville,7
2344770,19:31:00,19:31:10,stop_point:SP_3410,Pastel,8
2344770,19:33:00,19:33:10,stop_point:SP_1203,Narrade,9
2344770,19:35:00,19:35:10,stop_point:SP_3843,Hôpital Larrey,10
2344770,19:36:00,19:36:10,stop_point:SP_1445,Larrey,11
2344770,19:36:00,19:36:10,stop_point:SP_3081,Bourdette,12
2344770,19:38:00,19:38:10,stop_point:SP_1961,Ducuing Ponsan,13
2344770,19:38:00,19:38:10,stop_point:SP_2266,Ducuing,14
2344770,19:39:00,19:39:10,stop_point:SP_3266,Université Paul Sabatier,15
2344770,19:40:00,19:40:10,stop_point:SP_1424,Ducuing,16
2344770,19:41:00,19:41:10,stop_point:SP_290,Ducuing Ponsan,17
2344770,19:41:00,19:41:10,stop_point:SP_4747,Faculté de Médecine,18
2344770,19:42:00,19:42:10,stop_point:SP_1913,Ponsan Bellevue,19
2344770,19:43:00,19:43:10,stop_point:SP_1021,Coteaux,20
2344770,19:44:00,19:44:10,stop_point:SP_709,Bon Voisin,21
2344770,19:46:00,19:46:10,stop_point:SP_2731,Palmiers,22
2344770,19:46:00,19:46:10,stop_point:SP_3327,Herriot,23
2344770,19:48:00,19:48:10,stop_point:SP_1529,Charbonnière,24
2344770,19:49:00,19:49:10,stop_point:SP_1321,Lebas,25
2344770,19:50:00,19:50:10,stop_point:SP_1336,Empalot,26
2344771,20:04:00,20:04:10,stop_point:SP_2030,Gleyze-Vieille,1
2344771,20:05:00,20:05:10,stop_point:SP_2668,Ecole Gleyze-Vieille,2
2344771,20:05:00,20:05:10,stop_point:SP_1235,Salas,3
2344771,20:06:00,20:06:10,stop_point:SP_1459,Aéropostale,4
2344771,20:06:00,20:06:10,stop_point:SP_3888,Estérel,5
2344771,20:07:00,20:07:10,stop_point:SP_3638,Pouvourville,6
2344771,20:08:00,20:08:10,stop_point:SP_1218,Eglise Pouvourville,7
2344771,20:09:00,20:09:10,stop_point:SP_3410,Pastel,8
2344771,20:11:00,20:11:10,stop_point:SP_1203,Narrade,9
2344771,20:13:00,20:13:10,stop_point:SP_3843,Hôpital Larrey,10
2344771,20:14:00,20:14:10,stop_point:SP_1445,Larrey,11
2344771,20:14:00,20:14:10,stop_point:SP_3081,Bourdette,12
2344771,20:16:00,20:16:10,stop_point:SP_1961,Ducuing Ponsan,13
2344771,20:16:00,20:16:10,stop_point:SP_2266,Ducuing,14
2344771,20:17:00,20:17:10,stop_point:SP_3266,Université Paul Sabatier,15
2344771,20:18:00,20:18:10,stop_point:SP_1424,Ducuing,16
2344771,20:19:00,20:19:10,stop_point:SP_290,Ducuing Ponsan,17
2344771,20:19:00,20:19:10,stop_point:SP_4747,Faculté de Médecine,18
2344771,20:20:00,20:20:10,stop_point:SP_1913,Ponsan Bellevue,19
2344771,20:21:00,20:21:10,stop_point:SP_1021,Coteaux,20
2344771,20:22:00,20:22:10,stop_point:SP_709,Bon Voisin,21
2344771,20:24:00,20:24:10,stop_point:SP_2731,Palmiers,22
2344771,20:24:00,20:24:10,stop_point:SP_3327,Herriot,23
2344771,20:26:00,20:26:10,stop_point:SP_1529,Charbonnière,24
2344771,20:27:00,20:27:10,stop_point:SP_1321,Lebas,25
2344771,20:28:00,20:28:10,stop_point:SP_1336,Empalot,26
2344772,20:40:00,20:40:10,stop_point:SP_2030,Gleyze-Vieille,1
2344772,20:41:00,20:41:10,stop_point:SP_2668,Ecole Gleyze-Vieille,2
2344772,20:41:00,20:41:10,stop_point:SP_1235,Salas,3
2344772,20:42:00,20:42:10,stop_point:SP_1459,Aéropostale,4
2344772,20:42:00,20:42:10,stop_point:SP_3888,Estérel,5
2344772,20:43:00,20:43:10,stop_point:SP_3638,Pouvourville,6
2344772,20:44:00,20:44:10,stop_point:SP_1218,Eglise Pouvourville,7
2344772,20:45:00,20:45:10,stop_point:SP_3410,Pastel,8
2344772,20:46:00,20:46:10,stop_point:SP_1203,Narrade,9
2344772,20:48:00,20:48:10,stop_point:SP_3843,Hôpital Larrey,10
2344772,20:49:00,20:49:10,stop_point:SP_1445,Larrey,11
2344772,20:49:00,20:49:10,stop_point:SP_3081,Bourdette,12
2344772,20:51:00,20:51:10,stop_point:SP_1961,Ducuing Ponsan,13
2344772,20:51:00,20:51:10,stop_point:SP_2266,Ducuing,14
2344772,20:52:00,20:52:10,stop_point:SP_3266,Université Paul Sabatier,15
2344772,20:53:00,20:53:10,stop_point:SP_1424,Ducuing,16
2344772,20:54:00,20:54:10,stop_point:SP_290,Ducuing Ponsan,17
2344772,20:54:00,20:54:10,stop_point:SP_4747,Faculté de Médecine,18
2344772,20:55:00,20:55:10,stop_point:SP_1913,Ponsan Bellevue,19
2344772,20:56:00,20:56:10,stop_point:SP_1021,Coteaux,20
2344772,20:57:00,20:57:10,stop_point:SP_709,Bon Voisin,21
2344772,20:59:00,20:59:10,stop_point:SP_2731,Palmiers,22
2344772,20:59:00,20:59:10,stop_point:SP_3327,Herriot,23
2344772,21:01:00,21:01:10,stop_point:SP_1529,Charbonnière,24
2344772,21:02:00,21:02:10,stop_point:SP_1321,Lebas,25
2344772,21:03:00,21:03:10,stop_point:SP_1336,Empalot,26
